Produkt,Marke,Preis,Vorheriger Preis,Preis_kg,RAW_Preis_kg,Hinweis,Nur_online,Gueltig_raw,Gueltig_von,Gueltig_bis,Bildpfad,assigned_labels,Einheit,nutrition_link,reference_row_id,rough_match_observation_ids,exact_match_observation_ids,brand_extracted,brand_normalized
Schweinerückensteak natur,Schweinerückensteak natur,"€ 0,99",,"pro Einheit = 0,99","pro Einheit = 0,99",,Nein,Gültig bis 25.04,2026-04-20,2026-04-25,../images/tegut/tegut_offer_001.jpg,"cat_fleisch_wurst,diet_gluten_free,diet_vegetarian,sub_schwein,tag_high_protein,tag_proteinreich",,,ref_000001,obs_0000028889|obs_0000001347|obs_0000009644,,,
Nutella,Ferrero,"€ 6,00",,"1 kg = 6,67","1 kg = 6,67",,Nein,Gültig bis 25.04,2026-04-20,2026-04-25,../images/tegut/tegut_offer_002.jpg,"cat_knabbern_naschen,diet_vegetarian,tag_ultra_processed",,,ref_000002,obs_0000017649|obs_0000018181|obs_0000022348|obs_0000019310|obs_0000033678|obs_0000000918|obs_0000024686|obs_0000032403|obs_0000023311|obs_0000032100|obs_0000022500|obs_0000018501|obs_0000022091|obs_0000026750|obs_0000026249|obs_0000001187|obs_0000016611|obs_0000017196|obs_0000014128|obs_0000017239|obs_0000017241|obs_0000016258|obs_0000027533|obs_0000016787|obs_0000017850|obs_0000001525|obs_0000001529|obs_0000008340|obs_0000007026|obs_0000016475|obs_0000027761|obs_0000002746|obs_0000014101|obs_0000027589|obs_0000029028,obs_0000024686|obs_0000032403|obs_0000017649|obs_0000018181|obs_0000023311|obs_0000022348|obs_0000032100|obs_0000019310|obs_0000007026|obs_0000033678|obs_0000000918|obs_0000022500,,
Bio-Emmentaler,Herz,"€ 1,49",,"pro Einheit = 1,49","pro Einheit = 1,49",,Nein,Gültig bis 25.04,2026-04-20,2026-04-25,../images/tegut/tegut_offer_003.jpg,"cat_molkerei_kaese,sub_kaese,sub_milchprodukte,tag_whole_food",,,ref_000003,obs_0000009063|obs_0000025531|obs_0000001559|obs_0000010030|obs_0000018426|obs_0000018479|obs_0000002340|obs_0000003417|obs_0000022007|obs_0000022237|obs_0000031831|obs_0000031880|obs_0000032320,,,
Schneidebrett Bambus,Schneidebrett Bambus,"€ 17,99",,"pro Einheit = 44,99","pro Einheit = 44,99",,Nein,Gültig bis 25.04,2026-04-20,2026-04-25,../images/tegut/tegut_offer_004.jpg,cat_getraenke,,,ref_000004,obs_0000016021|obs_0000019618|obs_0000019369|obs_0000033206|obs_0000028914|obs_0000023549,,,
natürliches Mineralwasser,Volvic Naturelle,"€ 3,99",,"1 l = 0,44","1 l = 0,44",,Nein,Gültig bis 25.04,2026-04-20,2026-04-25,../images/tegut/tegut_offer_005.jpg,"cat_getraenke,diet_gluten_free,diet_lactose_free,diet_vegan,diet_vegetarian",,BLS-N120000,ref_000005,obs_0000034726|obs_0000027400|obs_0000026443|obs_0000005642|obs_0000006724|obs_0000006220|obs_0000006227|obs_0000005270|obs_0000006372|obs_0000007468|obs_0000005459|obs_0000007093|obs_0000027653|obs_0000034851|obs_0000015908|obs_0000031797|obs_0000026205|obs_0000008801|obs_0000003689|obs_0000015481|obs_0000031867|obs_0000012414|obs_0000031871|obs_0000028800|obs_0000034437|obs_0000008841|obs_0000009353|obs_0000028841|obs_0000027836|obs_0000011969|obs_0000021185|obs_0000027856|obs_0000008437|obs_0000034043|obs_0000034044|obs_0000009985|obs_0000028931|obs_0000035059|obs_0000010519|obs_0000031006|obs_0000014625|obs_0000028968|obs_0000026948|obs_0000028493|obs_0000008537|obs_0000011123|obs_0000028537|obs_0000028027|obs_0000020366|obs_0000028603,obs_0000027400|obs_0000026443|obs_0000034726,,
Bio-Kleiner Rhöner,Herzberger,"€ 2,22",,"pro Einheit = 2,99","pro Einheit = 2,99",,Nein,Gültig bis 25.04,2026-04-20,2026-04-25,../images/tegut/tegut_offer_006.jpg,"cat_getraenke,diet_vegetarian",,,ref_000006,,,,
Kochmesser,Kochmesser,"€ 11,99",,"pro Einheit = 49,99","pro Einheit = 49,99",,Nein,Gültig bis 25.04,2026-04-20,2026-04-25,../images/tegut/tegut_offer_007.jpg,"cat_non_food,diet_vegetarian,sub_milchprodukte",,,ref_000007,obs_0000028773,obs_0000028773,,
Rotbarschfilet,Rotbarschfilet,"€ 2,79",,"pro Einheit = 2,79","pro Einheit = 2,79",,Nein,Gültig bis 25.04,2026-04-20,2026-04-25,../images/tegut/tegut_offer_008.jpg,"cat_fisch_meeresfruechte,diet_gluten_free,diet_lactose_free,tag_high_protein,tag_proteinreich",,BLS-Y6A3010,ref_000008,obs_0000034704|obs_0000034486|obs_0000015370|obs_0000006676|obs_0000024046|obs_0000028719|obs_0000024467,obs_0000015370|obs_0000034704|obs_0000006676|obs_0000034486,,
Nüsse,Ültje,"€ 1,49",,"1 kg = 8,28","1 kg = 8,28",,Nein,Gültig bis 25.04,2026-04-20,2026-04-25,../images/tegut/tegut_offer_009.jpg,"cat_knabbern_naschen,diet_gluten_free,diet_lactose_free,diet_vegan,diet_vegetarian,sub_huelsenfruechte,tag_high_protein,tag_proteinreich",,BLS-D733100,ref_000009,obs_0000016436|obs_0000032698,,,
Grillpfanne,KitchenAid,"€ 37,99",,"pro Einheit = 129,99","pro Einheit = 129,99",,Nein,Gültig bis 25.04,2026-04-20,2026-04-25,../images/tegut/tegut_offer_010.jpg,cat_non_food,,,ref_000010,obs_0000024741|obs_0000015583,,,
Gemüsemesser,Gemüsemesser,"€ 6,99",,"pro Einheit = 29,99","pro Einheit = 29,99",,Nein,Gültig bis 25.04,2026-04-20,2026-04-25,../images/tegut/tegut_offer_011.jpg,"cat_tiefkuehl,diet_gluten_free,diet_lactose_free,diet_vegan,diet_vegetarian,sub_frisches_gemuese,sub_tk_gemuese",,,ref_000011,,,,
Steakmesser,Steakmesser,"€ 14,99",,"pro Einheit = 39,99","pro Einheit = 39,99",,Nein,Gültig bis 25.04,2026-04-20,2026-04-25,../images/tegut/tegut_offer_012.jpg,cat_getraenke,,,ref_000012,,,,
Fleischmesser,Fleischmesser,"€ 8,99",,"pro Einheit = 34,99","pro Einheit = 34,99",,Nein,Gültig bis 25.04,2026-04-20,2026-04-25,../images/tegut/tegut_offer_013.jpg,"cat_fleisch_wurst,diet_vegetarian,tag_proteinreich,tag_ultra_processed",,,ref_000013,obs_0000031892|obs_0000028984,obs_0000031892|obs_0000028984,,
GWF,GWF,"€ 3,99",,"pro Einheit = 5,49","pro Einheit = 5,49",,Nein,Gültig bis 25.04,2026-04-20,2026-04-25,../images/tegut/tegut_offer_014.jpg,cat_getraenke,,,ref_000014,obs_0000007463|obs_0000005261|obs_0000006562|obs_0000007659|obs_0000006007|obs_0000007260,,,
Bio-Pesto,Georg,"€ 3,49",,"pro Einheit = 4,29","pro Einheit = 4,29",,Nein,Gültig bis 25.04,2026-04-20,2026-04-25,../images/tegut/tegut_offer_015.jpg,"cat_grundnahrung,diet_gluten_free,diet_lactose_free,diet_vegan,diet_vegetarian,tag_ultra_processed,tag_whole_food",,,ref_000015,obs_0000010208|obs_0000015005|obs_0000005369|obs_0000007184|obs_0000000146|obs_0000016639|obs_0000025099|obs_0000001549|obs_0000018607|obs_0000019219|obs_0000011089|obs_0000011527|obs_0000019945|obs_0000020017|obs_0000003675|obs_0000014195|obs_0000023299|obs_0000015289|obs_0000015872,obs_0000010208|obs_0000015005,,
Prosciutto,LandPrimus,"€ 2,49",,"pro Einheit = 2,49","pro Einheit = 2,49",,Nein,Gültig bis 25.04,2026-04-20,2026-04-25,../images/tegut/tegut_offer_016.jpg,"cat_fleisch_wurst,sub_schwein,sub_wurst,tag_high_protein,tag_proteinreich,tag_ultra_processed",,BLS-X912412,ref_000016,obs_0000034569|obs_0000033752|obs_0000027656|obs_0000000528|obs_0000000529|obs_0000015759|obs_0000026521|obs_0000012287|obs_0000018819|obs_0000010384|obs_0000024217|obs_0000023206|obs_0000028839|obs_0000000042|obs_0000007237|obs_0000003783|obs_0000024656|obs_0000003295|obs_0000002915|obs_0000017379|obs_0000002661|obs_0000028274|obs_0000023797|obs_0000002166|obs_0000007052|obs_0000005780|obs_0000030868|obs_0000032532|obs_0000032413|obs_0000029101|obs_0000032565|obs_0000011451|obs_0000022634|obs_0000024565|obs_0000007418|obs_0000032375|obs_0000031527|obs_0000007863,,,
Kräuterpflanzen,Kräuterpflanzen,"€ 2,99",,"pro Einheit = 2,99","pro Einheit = 2,99",,Nein,Gültig bis 25.04,2026-04-20,2026-04-25,../images/tegut/tegut_offer_017.jpg,"cat_non_food,sub_kaese,sub_kraeuter,sub_milchprodukte",,,ref_000017,,,,
Grüne Soße Kräutermischung,Grüne Soße Kräutermischung,"€ 3,99",,"1 kg = 31,92","1 kg = 31,92",,Nein,Gültig bis 25.04,2026-04-20,2026-04-25,../images/tegut/tegut_offer_018.jpg,"cat_molkerei_kaese,sub_milchprodukte,tag_ultra_processed",,,ref_000018,obs_0000034714|obs_0000014562|obs_0000013031|obs_0000010356,obs_0000034714,,
italienische Bio-Teigwaren,tegut Feinstes,"€ 1,99",,"pro Einheit = 2,49","pro Einheit = 2,49",,Nein,Gültig bis 25.04,2026-04-20,2026-04-25,../images/tegut/tegut_offer_019.jpg,"cat_grundnahrung,diet_gluten_free,diet_lactose_free,diet_vegan,diet_vegetarian,sub_nudeln,tag_proteinreich,tag_whole_food",,,ref_000019,obs_0000027601|obs_0000027785|obs_0000031326|obs_0000008738|obs_0000026301|obs_0000015404,,,
Les Sauces,Thomy,"€ 0,99",,"1 l = 3,96","1 l = 3,96",,Nein,Gültig bis 25.04,2026-04-20,2026-04-25,../images/tegut/tegut_offer_020.jpg,"cat_grundnahrung,diet_vegetarian",,BLS-X378243,ref_000020,obs_0000010516|obs_0000008664|obs_0000018928|obs_0000006820|obs_0000005925|obs_0000032004|obs_0000032678|obs_0000031332|obs_0000030715,obs_0000010516|obs_0000006820|obs_0000005925|obs_0000008664,,
Metzgerschinken,tegut LandPrimus,"€ 1,79",,"pro Einheit = 1,79","pro Einheit = 1,79",,Nein,Gültig bis 25.04,2026-04-20,2026-04-25,../images/tegut/tegut_offer_021.jpg,"cat_fleisch_wurst,sub_schwein,sub_wurst,tag_ultra_processed",,,ref_000021,obs_0000007619|obs_0000033994|obs_0000006172|obs_0000034564|obs_0000034775,obs_0000007619|obs_0000034564|obs_0000033994|obs_0000034775|obs_0000006172,,
Bio-Bärlauch,Bioland,"€ 1,99",,"1 kg = 19,90","1 kg = 19,90",,Nein,Gültig bis 25.04,2026-04-20,2026-04-25,../images/tegut/tegut_offer_022.jpg,"cat_grundnahrung,diet_gluten_free,diet_lactose_free,diet_vegan,diet_vegetarian,tag_whole_food",,BLS-G492100,ref_000022,obs_0000033803,,,
Spargel grün,tegut,"€ 4,99",,"1 kg = 12,48","1 kg = 12,48",,Nein,Gültig bis 25.04,2026-04-20,2026-04-25,../images/tegut/tegut_offer_023.jpg,"cat_obst_gemuese,diet_gluten_free,diet_lactose_free,diet_vegan,diet_vegetarian,tag_whole_food",,BLS-G450100,ref_000023,obs_0000034717|obs_0000006079,obs_0000034717|obs_0000006079,,
Sour Cream,Milram,"€ 0,99",,"pro Einheit = 1,49","pro Einheit = 1,49",,Nein,Gültig bis 25.04,2026-04-20,2026-04-25,../images/tegut/tegut_offer_024.jpg,"cat_molkerei_kaese,diet_vegetarian,sub_kaese,sub_milchprodukte,tag_ultra_processed",,BLS-P463000,ref_000024,obs_0000025797|obs_0000017462|obs_0000002310|obs_0000010237,,,
Feinstes Bio-Prosecco oder Bio-Mousseux alkoholfrei,tegut,"€ 5,55",,"pro Einheit = 6,99","pro Einheit = 6,99",,Nein,Gültig bis 25.04,2026-04-20,2026-04-25,../images/tegut/tegut_offer_025.jpg,"cat_getraenke,diet_gluten_free,diet_lactose_free,diet_vegan,diet_vegetarian",,,ref_000025,obs_0000034396|obs_0000011150|obs_0000034225|obs_0000008134,,,
Feine Butter,Meggle,"€ 1,49",,"1 kg = 5,96","1 kg = 5,96",,Nein,Gültig bis 25.04,2026-04-20,2026-04-25,../images/tegut/tegut_offer_026.jpg,"cat_molkerei_kaese,diet_gluten_free,diet_vegetarian,sub_butter_margarine,sub_milchprodukte",,,ref_000026,obs_0000016977|obs_0000023640|obs_0000017501|obs_0000021127|obs_0000025744|obs_0000027848|obs_0000021731|obs_0000004847|obs_0000004420|obs_0000000325|obs_0000020308|obs_0000026493|obs_0000003993|obs_0000008456|obs_0000011042|obs_0000031125|obs_0000012797|obs_0000005532|obs_0000003591|obs_0000019493|obs_0000031786|obs_0000024620|obs_0000003636|obs_0000002620|obs_0000000107|obs_0000002676|obs_0000010409|obs_0000034970|obs_0000003267|obs_0000011467|obs_0000018644|obs_0000026359|obs_0000013125|obs_0000018772|obs_0000008556|obs_0000009075|obs_0000027517|obs_0000001425|obs_0000027049|obs_0000017835|obs_0000018391|obs_0000021984|obs_0000000997|obs_0000022502|obs_0000031974|obs_0000030109|obs_0000032015,obs_0000016977|obs_0000023640|obs_0000017501|obs_0000021127|obs_0000025744|obs_0000027848|obs_0000021731|obs_0000004847|obs_0000004420|obs_0000000325|obs_0000020308|obs_0000026493|obs_0000003993|obs_0000005532,,
Spargel weiß,tegut,"€ 4,99",,"1 kg = 12,48","1 kg = 12,48",,Nein,Gültig bis 25.04,2026-04-20,2026-04-25,../images/tegut/tegut_offer_027.jpg,"cat_grundnahrung,diet_gluten_free,diet_lactose_free,diet_vegan,diet_vegetarian,sub_frisches_gemuese,tag_whole_food",,BLS-G450100,ref_000027,obs_0000007314|obs_0000001516|obs_0000006414,obs_0000007314|obs_0000001516,,
Bio-Kartoffeln,Bioland tegut,"€ 2,99",,"1 kg = 1,99","1 kg = 1,99",,Nein,Gültig bis 25.04,2026-04-20,2026-04-25,../images/tegut/tegut_offer_028.jpg,"cat_obst_gemuese,diet_gluten_free,diet_lactose_free,diet_vegan,diet_vegetarian,sub_frisches_gemuese,sub_kartoffeln,tag_ultra_processed,tag_whole_food",,,ref_000028,obs_0000034698|obs_0000033913,obs_0000033913|obs_0000034698,,
Bio-Eier,tegut,"€ 3,99",,"pro Einheit = 3,99","pro Einheit = 3,99",,Nein,Gültig bis 25.04,2026-04-20,2026-04-25,../images/tegut/tegut_offer_029.jpg,"cat_grundnahrung,diet_gluten_free,diet_lactose_free,diet_vegan,diet_vegetarian,tag_whole_food",,,ref_000029,obs_0000000672|obs_0000001985|obs_0000027566|obs_0000027789|obs_0000003510|obs_0000034712|obs_0000008570,obs_0000000672|obs_0000001985|obs_0000027566|obs_0000027789|obs_0000003510,,
Schweineschnitzel,LandPrimus,"€ 0,99",,"pro Einheit = 0,99","pro Einheit = 0,99",,Nein,Gültig bis 25.04,2026-04-20,2026-04-25,../images/tegut/tegut_offer_030.jpg,"cat_fleisch_wurst,sub_schwein,tag_ultra_processed",,BLS-U543100,ref_000030,obs_0000033938|obs_0000007055|obs_0000007440|obs_0000009488|obs_0000007067|obs_0000006174|obs_0000005418|obs_0000011443|obs_0000009949|obs_0000006886|obs_0000005615|obs_0000008208|obs_0000034711|obs_0000019804|obs_0000017503|obs_0000006880|obs_0000016510|obs_0000024875|obs_0000005612|obs_0000007436|obs_0000007065|obs_0000006190,obs_0000007055|obs_0000007440|obs_0000009488|obs_0000033938|obs_0000034711|obs_0000007067|obs_0000006174|obs_0000005418|obs_0000011443|obs_0000009949|obs_0000006886|obs_0000005615,,
Risotto,Sapori Nostrani,"€ 3,49",,"pro Einheit = 4,29","pro Einheit = 4,29",,Nein,Gültig bis 25.04,2026-04-20,2026-04-25,,"cat_knabbern_naschen,diet_vegetarian,tag_ultra_processed",,BLS-X850353,ref_000031,obs_0000000097|obs_0000000626|obs_0000011929,,,
Bio-Hähnchenbrustfilet,Bio-Hähnchenbrustfilet,"€ 2,79",,"pro Einheit = 2,79","pro Einheit = 2,79",,Nein,Gültig bis 25.04,2026-04-20,2026-04-25,../images/tegut/tegut_offer_032.jpg,"cat_fleisch_wurst,diet_gluten_free,diet_lactose_free,sub_gefluegel,tag_high_protein,tag_proteinreich,tag_whole_food",,NUTR-0002,ref_000032,obs_0000001034|obs_0000034108|obs_0000001543|obs_0000034510|obs_0000028783|obs_0000026273|obs_0000002542|obs_0000010961|obs_0000027673|obs_0000005613,obs_0000033680|obs_0000001034|obs_0000034108|obs_0000001543|obs_0000026273|obs_0000034510|obs_0000010592|obs_0000002542|obs_0000010961|obs_0000027673|obs_0000028783|obs_0000005613,,
Weißburgunder,Weingut Diehl,"€ 5,99",,"pro Einheit = 7,99","pro Einheit = 7,99",,Nein,Gültig bis 25.04,2026-04-20,2026-04-25,../images/tegut/tegut_offer_033.jpg,"cat_getraenke,diet_vegetarian",,,ref_000033,obs_0000028934|obs_0000032946|obs_0000019756|obs_0000016675|obs_0000017225|obs_0000016463|obs_0000017300|obs_0000024924|obs_0000022841,obs_0000028934|obs_0000032946,,
Lachsfilet,Lachsfilet,"€ 2,99",,"pro Einheit = 2,99","pro Einheit = 2,99",,Nein,Gültig bis 25.04,2026-04-20,2026-04-25,../images/tegut/tegut_offer_034.jpg,"cat_fisch_meeresfruechte,diet_gluten_free,diet_lactose_free,tag_high_protein,tag_proteinreich",,,ref_000034,obs_0000034280|obs_0000028347|obs_0000010175|obs_0000031809|obs_0000008391|obs_0000014208|obs_0000033948|obs_0000034718|obs_0000021540|obs_0000015784|obs_0000028079|obs_0000006326|obs_0000018870|obs_0000018885|obs_0000009680|obs_0000010448|obs_0000025684|obs_0000005590|obs_0000014936|obs_0000027994|obs_0000019689|obs_0000009198|obs_0000020721|obs_0000023812|obs_0000023815|obs_0000023816|obs_0000023817|obs_0000023818|obs_0000011020|obs_0000001421|obs_0000024235|obs_0000024237|obs_0000024238|obs_0000024240|obs_0000024241|obs_0000027591|obs_0000030540|obs_0000029555|obs_0000012790|obs_0000018827|obs_0000017429|obs_0000007205|obs_0000010613|obs_0000029559,obs_0000028347|obs_0000010175|obs_0000031809|obs_0000008391|obs_0000034280|obs_0000014208,,
Pasta Rustica,Steinhaus,"€ 1,99",,"pro Einheit = 2,79","pro Einheit = 2,79",,Nein,Gültig bis 25.04,2026-04-20,2026-04-25,../images/tegut/tegut_offer_035.jpg,"cat_grundnahrung,diet_vegetarian,sub_nudeln",,,ref_000035,obs_0000028866|obs_0000028925|obs_0000020003|obs_0000035104|obs_0000028733|obs_0000022097|obs_0000002663|obs_0000034419|obs_0000017082|obs_0000021187|obs_0000034026|obs_0000026899|obs_0000018196|obs_0000018708|obs_0000016662|obs_0000028496|obs_0000011092|obs_0000014165|obs_0000019293|obs_0000019845|obs_0000020368|obs_0000025518|obs_0000028607|obs_0000018893|obs_0000017359|obs_0000016866,obs_0000028866,,
Fleischwurst,tegut LandPrimus,"€ 2,49",,"1 kg = 9,96","1 kg = 9,96",,Nein,Gültig bis 25.04,2026-04-20,2026-04-25,../images/tegut/tegut_offer_036.jpg,"cat_fleisch_wurst,sub_rind,sub_schwein,sub_wurst,tag_ultra_processed",,BLS-W234000,ref_000036,obs_0000034472|obs_0000034703|obs_0000008871|obs_0000014928|obs_0000011863|obs_0000027764|obs_0000001022|obs_0000001812|obs_0000034593|obs_0000011850|obs_0000001753|obs_0000008668|obs_0000001768|obs_0000028660|obs_0000027638|obs_0000033916|obs_0000001790|obs_0000028543|obs_0000001024|obs_0000021765|obs_0000031245|obs_0000030484|obs_0000030485|obs_0000020644|obs_0000007216|obs_0000006329|obs_0000024646|obs_0000007623|obs_0000031486|obs_0000005968|obs_0000019414|obs_0000021463|obs_0000032348|obs_0000025459|obs_0000032374|obs_0000031485|obs_0000011433,obs_0000034703|obs_0000008871|obs_0000034472|obs_0000014928|obs_0000011863|obs_0000027764|obs_0000033916,,
Kartoffelsnack,Pringles,"€ 1,49",,"1 kg = 9,03","1 kg = 9,03",,Nein,Gültig bis 25.04,2026-04-20,2026-04-25,../images/tegut/tegut_offer_037.jpg,"cat_knabbern_naschen,diet_gluten_free,diet_lactose_free,diet_vegan,diet_vegetarian,sub_frisches_gemuese,sub_kartoffeln,tag_ultra_processed,tag_whole_food",,BLS-K230000,ref_000037,obs_0000014062,,,
Obazda,Alpenhain,"€ 1,49",,"pro Einheit = 2,29","pro Einheit = 2,29",,Nein,Gültig bis 25.04,2026-04-20,2026-04-25,../images/tegut/tegut_offer_038.jpg,"cat_molkerei_kaese,sub_kaese,sub_milchprodukte",,NUTR-0011,ref_000038,obs_0000010902|obs_0000012322|obs_0000028766|obs_0000014946|obs_0000034281|obs_0000018695|obs_0000017965|obs_0000017330|obs_0000027915|obs_0000010202|obs_0000031424|obs_0000030451,obs_0000010902|obs_0000012322|obs_0000028766|obs_0000014946|obs_0000034281,,
Avocado,tegut,"€ 1,00",,"pro Einheit = 1,00","pro Einheit = 1,00",,Nein,Gültig bis 25.04,2026-04-20,2026-04-25,../images/tegut/tegut_offer_039.jpg,"cat_grundnahrung,diet_gluten_free,diet_lactose_free,diet_vegan,diet_vegetarian,tag_whole_food",,BLS-F502100,ref_000039,obs_0000034516|obs_0000034105|obs_0000029201|obs_0000008728|obs_0000000058|obs_0000020117|obs_0000000694|obs_0000027854|obs_0000014073|obs_0000017166|obs_0000001305|obs_0000018748|obs_0000030562|obs_0000027541|obs_0000029123|obs_0000020936|obs_0000030212|obs_0000031260|obs_0000030257|obs_0000030826|obs_0000028796|obs_0000007317|obs_0000025778|obs_0000030959|obs_0000030466|obs_0000032517|obs_0000006430|obs_0000024863|obs_0000030124|obs_0000033717|obs_0000034744|obs_0000028218|obs_0000015526|obs_0000006418|obs_0000028463|obs_0000011817|obs_0000014440|obs_0000011409|obs_0000028383|obs_0000013139|obs_0000012744|obs_0000006605|obs_0000012255|obs_0000006785|obs_0000030016|obs_0000007527|obs_0000000895,obs_0000029201|obs_0000008728|obs_0000000058|obs_0000020117|obs_0000000694|obs_0000027854|obs_0000034516|obs_0000014073|obs_0000017166|obs_0000001305|obs_0000034105|obs_0000018748|obs_0000030562|obs_0000027541|obs_0000029123|obs_0000020936,,
Riesling Sekt,Fürst von Metternich,"€ 5,99",,"1 l = 7,99","1 l = 7,99",,Nein,Gültig bis 25.04,2026-04-20,2026-04-25,../images/tegut/tegut_offer_040.jpg,cat_getraenke,,,ref_000040,obs_0000009903|obs_0000034224|obs_0000019561|obs_0000012437|obs_0000010911|obs_0000011590|obs_0000015699|obs_0000008047|obs_0000011802|obs_0000017436|obs_0000018465|obs_0000033828|obs_0000017456|obs_0000003634|obs_0000013889|obs_0000019009|obs_0000010309|obs_0000020555|obs_0000031833|obs_0000018037|obs_0000028281|obs_0000000122|obs_0000026289|obs_0000023255|obs_0000027358|obs_0000018687|obs_0000019740|obs_0000016680|obs_0000015666|obs_0000014644|obs_0000024889|obs_0000026425|obs_0000034633|obs_0000025421|obs_0000008015|obs_0000027487|obs_0000021374|obs_0000012694|obs_0000002457|obs_0000022430|obs_0000025002|obs_0000001461|obs_0000003513|obs_0000026048,obs_0000009903|obs_0000034224,,
Joghurt mild,tegut,"€ 1,29",,"pro Einheit = 1,99","pro Einheit = 1,99",,Nein,Gültig bis 25.04,2026-04-20,2026-04-25,../images/tegut/tegut_offer_041.jpg,"cat_molkerei_kaese,diet_vegetarian,sub_joghurt_skyr_quark,sub_milchprodukte",,BLS-X3A9010,ref_000041,obs_0000002511|obs_0000023026|obs_0000017128|obs_0000027610|obs_0000011458|obs_0000015790|obs_0000033696|obs_0000006440|obs_0000000620|obs_0000023380|obs_0000031735|obs_0000031944|obs_0000026021|obs_0000001980|obs_0000026710|obs_0000030867|obs_0000020687|obs_0000020689|obs_0000030973|obs_0000020739|obs_0000028966|obs_0000023030|obs_0000008703|obs_0000025171|obs_0000017127|obs_0000023284|obs_0000025392|obs_0000000833|obs_0000006980|obs_0000009180|obs_0000021506|obs_0000021508|obs_0000021558|obs_0000033980|obs_0000025811|obs_0000015673|obs_0000019794|obs_0000007538|obs_0000009663|obs_0000034580|obs_0000014336,obs_0000002511|obs_0000023026|obs_0000017128|obs_0000027610|obs_0000011458|obs_0000015790,,
Bio-Süßkartoffeln,Bioland,"€ 4,99",,"pro Einheit = 4,99","pro Einheit = 4,99",,Nein,Gültig bis 25.04,2026-04-20,2026-04-25,../images/tegut/tegut_offer_042.jpg,"cat_obst_gemuese,diet_gluten_free,diet_lactose_free,diet_vegan,diet_vegetarian,sub_frisches_gemuese,sub_kartoffeln,tag_ultra_processed,tag_whole_food",,BLS-K420100,ref_000042,obs_0000010153|obs_0000028913|obs_0000029812|obs_0000014262|obs_0000008188,obs_0000034698,,
Bio-Möhren bunt,demeter,"€ 2,79",,"1 kg = 3,72","1 kg = 3,72",,Nein,Gültig bis 25.04,2026-04-20,2026-04-25,../images/tegut/tegut_offer_043.jpg,"cat_obst_gemuese,diet_gluten_free,diet_lactose_free,diet_vegan,diet_vegetarian,sub_frisches_gemuese,tag_whole_food",,,ref_000043,obs_0000008292|obs_0000034080|obs_0000009629|obs_0000018161|obs_0000026455|obs_0000027368|obs_0000027505|obs_0000019350|obs_0000022493|obs_0000020200|obs_0000021019|obs_0000030143|obs_0000022915|obs_0000023690|obs_0000008450|obs_0000008865|obs_0000025364|obs_0000017480|obs_0000026344|obs_0000026853|obs_0000010486|obs_0000027745|obs_0000028058|obs_0000005706|obs_0000006415,,,
Bio-Champignons braun,Naturland,"€ 1,99",,"1 kg = 7,96","1 kg = 7,96",,Nein,Gültig bis 25.04,2026-04-20,2026-04-25,../images/tegut/tegut_offer_044.jpg,"cat_obst_gemuese,diet_gluten_free,diet_lactose_free,diet_vegan,diet_vegetarian,sub_frisches_gemuese,sub_pilze,tag_whole_food",,BLS-K701100,ref_000044,obs_0000033885|obs_0000034734|obs_0000034307|obs_0000008725|obs_0000034111|obs_0000028903|obs_0000006419|obs_0000011411|obs_0000029589|obs_0000005123|obs_0000007133|obs_0000001277|obs_0000026991|obs_0000027283|obs_0000027747|obs_0000028450|obs_0000014046|obs_0000014978|obs_0000031799|obs_0000008021,obs_0000033885|obs_0000034307|obs_0000034734|obs_0000011411,,
Bio-Zucchini,demeter,"€ 3,99",,"pro Einheit = 3,99","pro Einheit = 3,99",,Nein,Gültig bis 25.04,2026-04-20,2026-04-25,../images/tegut/tegut_offer_045.jpg,"cat_obst_gemuese,diet_gluten_free,diet_lactose_free,diet_vegan,diet_vegetarian,sub_frisches_gemuese,tag_whole_food",,,ref_000045,obs_0000031457|obs_0000005522|obs_0000013900|obs_0000018752|obs_0000021829|obs_0000007131|obs_0000016265,obs_0000031457,,
Deutsche Gurke,Deutsche Gurke,"€ 0,79",,"pro Einheit = 0,79","pro Einheit = 0,79",,Nein,Gültig bis 25.04,2026-04-20,2026-04-25,../images/tegut/tegut_offer_046.jpg,"cat_obst_gemuese,diet_gluten_free,diet_lactose_free,diet_vegan,diet_vegetarian,sub_frisches_gemuese,tag_whole_food",,,ref_000046,obs_0000002563|obs_0000026127|obs_0000027093|obs_0000034521|obs_0000001511|obs_0000003696,,,
Bio-Tomatenpflanze,Bioland,"€ 2,49",,"pro Einheit = 2,49","pro Einheit = 2,49",,Nein,Gültig bis 25.04,2026-04-20,2026-04-25,../images/tegut/tegut_offer_047.jpg,"cat_obst_gemuese,diet_gluten_free,diet_lactose_free,diet_vegan,diet_vegetarian,sub_frisches_gemuese,tag_whole_food",,,ref_000047,,,,
Rispentomaten,tegut,"€ 2,49",,"1 kg = 3,83","1 kg = 3,83",,Nein,Gültig bis 25.04,2026-04-20,2026-04-25,../images/tegut/tegut_offer_048.jpg,"cat_obst_gemuese,diet_gluten_free,diet_lactose_free,diet_vegan,diet_vegetarian,sub_frisches_gemuese,tag_whole_food",,,ref_000048,obs_0000027139|obs_0000008287|obs_0000013997|obs_0000027413|obs_0000027927|obs_0000031578|obs_0000000876|obs_0000029590|obs_0000026075|obs_0000030210|obs_0000029206|obs_0000030260|obs_0000030825|obs_0000006270|obs_0000026758|obs_0000006281|obs_0000011399|obs_0000010451|obs_0000013027|obs_0000008970|obs_0000001302|obs_0000006427|obs_0000006431|obs_0000014134|obs_0000010557|obs_0000012189|obs_0000031628|obs_0000028053|obs_0000029646|obs_0000031226|obs_0000029204|obs_0000006783|obs_0000030918|obs_0000031461|obs_0000030961|obs_0000032515|obs_0000030469|obs_0000030568|obs_0000030614|obs_0000031140|obs_0000030141|obs_0000029129|obs_0000029645|obs_0000015321|obs_0000007136|obs_0000029276|obs_0000029814|obs_0000007312|obs_0000005527|obs_0000007325,obs_0000027139|obs_0000008287|obs_0000013997|obs_0000027413|obs_0000027927|obs_0000031578|obs_0000000876|obs_0000029590|obs_0000026075,,
Bio-Erdbeeren,Bio-Erdbeeren,"€ 2,99",,"1 kg = 9,97","1 kg = 9,97",,Nein,Gültig bis 25.04,2026-04-20,2026-04-25,../images/tegut/tegut_offer_049.jpg,"cat_obst_gemuese,diet_gluten_free,diet_lactose_free,diet_vegan,diet_vegetarian,sub_frisches_obst,tag_whole_food",,,ref_000049,obs_0000013414|obs_0000000875|obs_0000027419|obs_0000029494|obs_0000030564|obs_0000030617|obs_0000006265|obs_0000030915|obs_0000006408|obs_0000022919|obs_0000031261|obs_0000031462|obs_0000031576|obs_0000032512|obs_0000024529,,,
Äpfel,tegut,"€ 1,99",,"pro Einheit = 1,99","pro Einheit = 1,99",,Nein,Gültig bis 25.04,2026-04-20,2026-04-25,../images/tegut/tegut_offer_050.jpg,"cat_obst_gemuese,diet_gluten_free,diet_lactose_free,diet_vegan,diet_vegetarian,sub_frisches_obst,tag_whole_food",,BLS-F110100,ref_000050,obs_0000033931|obs_0000034535|obs_0000002562|obs_0000016900|obs_0000003115|obs_0000001075|obs_0000026677|obs_0000027192|obs_0000027723|obs_0000026234|obs_0000027801|obs_0000022211|obs_0000018124|obs_0000021770|obs_0000027442|obs_0000016710|obs_0000027995|obs_0000002961|obs_0000024988|obs_0000018328|obs_0000021066|obs_0000027213|obs_0000019091|obs_0000000697|obs_0000017162|obs_0000030477|obs_0000001303|obs_0000020247|obs_0000023327|obs_0000026979|obs_0000000881|obs_0000001905|obs_0000033718|obs_0000003523|obs_0000001514|obs_0000034314|obs_0000028717|obs_0000022521|obs_0000028047|obs_0000027059,obs_0000002562|obs_0000016900|obs_0000003115|obs_0000001075|obs_0000026677|obs_0000027192|obs_0000027723|obs_0000026234|obs_0000033931|obs_0000027801|obs_0000022211|obs_0000018124|obs_0000034535|obs_0000021770|obs_0000027442|obs_0000016710|obs_0000027995|obs_0000002961|obs_0000024988,,
Rhabarber,Rhabarber,"€ 0,49",,"pro Einheit = 0,49","pro Einheit = 0,49",,Nein,Gültig bis 25.04,2026-04-20,2026-04-25,../images/tegut/tegut_offer_051.jpg,"cat_non_food,tag_ultra_processed",,BLS-F081100,ref_000051,obs_0000029571,,,
Passionsfrucht,tegut,"€ 0,99",,"pro Einheit = 0,99","pro Einheit = 0,99",,Nein,Gültig bis 25.04,2026-04-20,2026-04-25,../images/tegut/tegut_offer_052.jpg,"cat_grundnahrung,diet_vegan,diet_vegetarian,tag_ultra_processed",,BLS-F508100,ref_000052,obs_0000003114|obs_0000013976|obs_0000008964|obs_0000027420|obs_0000028512|obs_0000030613|obs_0000033714|obs_0000028626|obs_0000013440|obs_0000011388|obs_0000006963|obs_0000006968,obs_0000003114|obs_0000013976|obs_0000008964|obs_0000027420|obs_0000028512|obs_0000030613|obs_0000033714|obs_0000028626,,
Heidelbeeren,Heidelbeeren,"€ 3,33",,"1 kg = 11,10","1 kg = 11,10",,Nein,Gültig bis 25.04,2026-04-20,2026-04-25,../images/tegut/tegut_offer_053.jpg,"cat_obst_gemuese,diet_gluten_free,diet_lactose_free,diet_vegan,diet_vegetarian,sub_frisches_obst,tag_whole_food",,BLS-F304100,ref_000053,obs_0000033682|obs_0000000695|obs_0000034122|obs_0000000880|obs_0000033918|obs_0000002819|obs_0000026376|obs_0000032523|obs_0000027788|obs_0000003088|obs_0000025384|obs_0000025769|obs_0000031149|obs_0000007729|obs_0000000051|obs_0000030262|obs_0000003000|obs_0000016699|obs_0000032326|obs_0000019143|obs_0000026698|obs_0000029138|obs_0000030560|obs_0000028260|obs_0000001513|obs_0000027502|obs_0000034918|obs_0000006409|obs_0000030472|obs_0000034319|obs_0000030138|obs_0000030919|obs_0000022353|obs_0000005509|obs_0000005525|obs_0000005120|obs_0000006958|obs_0000005692|obs_0000007128|obs_0000007143|obs_0000005713|obs_0000005894,obs_0000002819|obs_0000026376|obs_0000032523|obs_0000027788|obs_0000003088|obs_0000033682|obs_0000025384|obs_0000025769|obs_0000031149|obs_0000007729|obs_0000000051|obs_0000030262|obs_0000000695|obs_0000003000|obs_0000016699|obs_0000032326|obs_0000019143|obs_0000026698|obs_0000034122|obs_0000029138|obs_0000030560|obs_0000028260|obs_0000001513|obs_0000027502|obs_0000000880|obs_0000033918|obs_0000034918,,
Saftorangen,Götterfrucht,"€ 1,99",,"pro Einheit = 1,99","pro Einheit = 1,99",,Nein,Gültig bis 25.04,2026-04-20,2026-04-25,../images/tegut/tegut_offer_054.jpg,"cat_obst_gemuese,diet_gluten_free,diet_lactose_free,diet_vegan,diet_vegetarian,sub_frisches_obst,tag_ultra_processed,tag_whole_food",,,ref_000054,obs_0000003139|obs_0000028871|obs_0000029595|obs_0000005869,obs_0000003139|obs_0000028871|obs_0000034743|obs_0000029595,,
Topfgerbera,Topfgerbera,"€ 3,99",,"pro Einheit = 3,99","pro Einheit = 3,99",,Nein,Gültig bis 25.04,2026-04-20,2026-04-25,../images/tegut/tegut_offer_055.jpg,cat_non_food,,,ref_000055,,,,
Spare Ribs,tegut LandPrimus,"€ 0,79",,"pro Einheit = 1,49","pro Einheit = 1,49",,Nein,Gültig bis 25.04,2026-04-20,2026-04-25,,"cat_fleisch_wurst,diet_vegetarian,sub_rind,tag_ultra_processed",,,ref_000056,obs_0000023589|obs_0000006708|obs_0000023242|obs_0000018051|obs_0000016961|obs_0000017346|obs_0000019179|obs_0000022390|obs_0000029859|obs_0000022858,obs_0000023589|obs_0000006708,,
Bio-Rindfleischburger,tegut... Bio,"€ 6,99",,"1 kg = 23,30","1 kg = 23,30",,Nein,Gültig bis 25.04,2026-04-20,2026-04-25,,"cat_fleisch_wurst,diet_gluten_free,diet_lactose_free,diet_vegan,diet_vegetarian,sub_rind,tag_proteinreich,tag_whole_food",,,ref_000057,obs_0000034125,obs_0000034125,,x
Kalbsbraten,Kalbsbraten,"€ 2,49",,"pro Einheit = 2,99","pro Einheit = 2,99",,Nein,Gültig bis 25.04,2026-04-20,2026-04-25,../images/tegut/tegut_offer_058.jpg,"cat_fleisch_wurst,sub_rind",,BLS-X411563,ref_000058,obs_0000034925|obs_0000015751,,,
Bio-Pollo-Fino,Bio-Pollo-Fino,"€ 1,99",,"pro Einheit = 1,99","pro Einheit = 1,99",,Nein,Gültig bis 25.04,2026-04-20,2026-04-25,../images/tegut/tegut_offer_059.jpg,"cat_grundnahrung,diet_gluten_free,diet_lactose_free,diet_vegan,diet_vegetarian,tag_whole_food",,,ref_000059,obs_0000034327|obs_0000006348|obs_0000006700|obs_0000007441,obs_0000034327,,
Bio-Rindsbratwurst,Biokreis tegut,"€ 5,99",,"pro Einheit = 6,99","pro Einheit = 6,99",,Nein,Gültig bis 25.04,2026-04-20,2026-04-25,../images/tegut/tegut_offer_060.jpg,"cat_fleisch_wurst,diet_gluten_free,diet_lactose_free,diet_vegan,diet_vegetarian,sub_rind,sub_wurst,tag_proteinreich,tag_ultra_processed,tag_whole_food",,,ref_000060,,,,
Lammkrone,Lammkrone,"€ 4,49",,"pro Einheit = 5,49","pro Einheit = 5,49",,Nein,Gültig bis 25.04,2026-04-20,2026-04-25,../images/tegut/tegut_offer_061.jpg,"cat_fleisch_wurst,diet_vegetarian,tag_ultra_processed",,,ref_000061,obs_0000034324|obs_0000033940,obs_0000034324|obs_0000033940,,
Roastbeef,Roastbeef,"€ 2,99",,"pro Einheit = 2,99","pro Einheit = 2,99",,Nein,Gültig bis 25.04,2026-04-20,2026-04-25,../images/tegut/tegut_offer_062.jpg,"cat_fleisch_wurst,sub_rind,tag_high_protein,tag_proteinreich",,BLS-U221100,ref_000062,obs_0000017571|obs_0000032493|obs_0000018768|obs_0000033731|obs_0000034953|obs_0000032491|obs_0000034129|obs_0000031768|obs_0000013852|obs_0000015774|obs_0000001637|obs_0000030216|obs_0000015351|obs_0000006535|obs_0000007642,obs_0000017571|obs_0000032493|obs_0000018768,,
Rinderbrust,LandPrimus,"€ 1,79",,"pro Einheit = 2,19","pro Einheit = 2,19",,Nein,Gültig bis 25.04,2026-04-20,2026-04-25,../images/tegut/tegut_offer_063.jpg,"cat_fleisch_wurst,sub_rind,tag_proteinreich,tag_ultra_processed",,BLS-Y144423,ref_000063,obs_0000031115|obs_0000006349|obs_0000029786|obs_0000007826|obs_0000034132|obs_0000008310,obs_0000031115|obs_0000006349|obs_0000029786,,
Iberisches Duroc Tomahawk-Steak,Iberisches Duroc Tomahawk-Steak,"€ 2,49",,"pro Einheit = 2,99","pro Einheit = 2,99",,Nein,Gültig bis 25.04,2026-04-20,2026-04-25,../images/tegut/tegut_offer_064.jpg,cat_fleisch_wurst,,,ref_000064,,obs_0000034929,,
Schweinekotelett,LandPrimus,"€ 1,29",,"pro Einheit = 1,79","pro Einheit = 1,79",,Nein,Gültig bis 25.04,2026-04-20,2026-04-25,../images/tegut/tegut_offer_065.jpg,"cat_fleisch_wurst,sub_schwein,tag_ultra_processed",,BLS-U622100,ref_000065,obs_0000006533|obs_0000005798|obs_0000011837|obs_0000009300|obs_0000009621|obs_0000006702|obs_0000005433,obs_0000006533|obs_0000005798|obs_0000011837|obs_0000009300,,
Bio-Hähnchenspieß,Bio-Hähnchenspieß,"€ 2,99",,"pro Einheit = 2,99","pro Einheit = 2,99",,Nein,Gültig bis 25.04,2026-04-20,2026-04-25,../images/tegut/tegut_offer_066.jpg,"cat_fleisch_wurst,diet_gluten_free,diet_lactose_free,sub_gefluegel,tag_proteinreich,tag_whole_food",,,ref_000066,,,,
Bio-Rindertafelspitz,Bio-Rindertafelspitz,"€ 2,99",,"pro Einheit = 2,99","pro Einheit = 2,99",,Nein,Gültig bis 25.04,2026-04-20,2026-04-25,../images/tegut/tegut_offer_067.jpg,"cat_obst_gemuese,diet_gluten_free,diet_lactose_free,diet_vegan,diet_vegetarian,sub_rind,tag_proteinreich,tag_whole_food",,,ref_000067,obs_0000034328|obs_0000014344,obs_0000034328,,
Bio-Hackfleisch gemischt,Bio-Hackfleisch gemischt,"€ 1,79",,"pro Einheit = 1,79","pro Einheit = 1,79",,Nein,Gültig bis 25.04,2026-04-20,2026-04-25,../images/tegut/tegut_offer_068.jpg,"cat_fleisch_wurst,sub_hackfleisch,sub_rind,sub_schwein,tag_high_protein,tag_proteinreich",,,ref_000068,obs_0000000505|obs_0000001646|obs_0000009524|obs_0000010463|obs_0000028433|obs_0000029566|obs_0000030969|obs_0000030975|obs_0000016944|obs_0000008856|obs_0000017204|obs_0000009222|obs_0000009248|obs_0000025678|obs_0000033883|obs_0000009575|obs_0000009702|obs_0000018085|obs_0000034536|obs_0000026963|obs_0000027617|obs_0000027808|obs_0000011430|obs_0000028033|obs_0000020307|obs_0000012282|obs_0000021126|obs_0000029783|obs_0000029892|obs_0000030174|obs_0000005620|obs_0000030269|obs_0000005797|obs_0000022287|obs_0000014463|obs_0000030894|obs_0000030922|obs_0000006355|obs_0000030962|obs_0000006874|obs_0000031538|obs_0000031582|obs_0000007077|obs_0000017754|obs_0000018612|obs_0000019652|obs_0000019685|obs_0000012768|obs_0000014917|obs_0000000646,obs_0000000505|obs_0000016944|obs_0000008856|obs_0000017204|obs_0000009222|obs_0000009248|obs_0000025678|obs_0000033883|obs_0000009524|obs_0000009575|obs_0000009702|obs_0000001646|obs_0000018085|obs_0000034536|obs_0000010463|obs_0000011430|obs_0000028033|obs_0000028433|obs_0000020307|obs_0000012282|obs_0000012768|obs_0000021126|obs_0000029566|obs_0000029783|obs_0000029892|obs_0000030174|obs_0000005620|obs_0000030269|obs_0000005797|obs_0000022287|obs_0000014463|obs_0000030894|obs_0000030922|obs_0000006355|obs_0000030962|obs_0000030975|obs_0000014917|obs_0000006874|obs_0000031538|obs_0000031582|obs_0000007077,,
Original Kokoswasser,Vita Coco,"€ 1,79",,"1 l = 5,42","1 l = 5,42",,Nein,Gültig bis 25.04,2026-04-20,2026-04-25,../images/tegut/tegut_offer_069.jpg,"cat_getraenke,diet_gluten_free,diet_lactose_free,diet_vegan,diet_vegetarian,tag_ultra_processed",,,ref_000069,obs_0000033740|obs_0000034339|obs_0000028730|obs_0000020611|obs_0000012423|obs_0000006283|obs_0000026772|obs_0000026832|obs_0000028896|obs_0000035052|obs_0000027005|obs_0000027048|obs_0000021000|obs_0000008777|obs_0000021117|obs_0000008906|obs_0000015051|obs_0000021430|obs_0000025547|obs_0000033763|obs_0000017384|obs_0000013325|obs_0000019505|obs_0000031800|obs_0000025705|obs_0000009334|obs_0000015502|obs_0000027791|obs_0000033975|obs_0000021758|obs_0000009525|obs_0000021868|obs_0000017799|obs_0000026035|obs_0000022184|obs_0000020181|obs_0000034561|obs_0000009987|obs_0000028429|obs_0000034575|obs_0000016167|obs_0000020298|obs_0000028516|obs_0000010117|obs_0000014249|obs_0000028630,,,
Brotaufstrich,Popp,"€ 1,11",,"1 kg = 7,40","1 kg = 7,40",,Nein,Gültig bis 25.04,2026-04-20,2026-04-25,../images/tegut/tegut_offer_070.jpg,"cat_sonstiges,diet_vegan,diet_vegetarian,sub_huelsenfruechte",,BLS-S131100,ref_000070,obs_0000034334|obs_0000034763|obs_0000018403|obs_0000010497|obs_0000008458|obs_0000010510|obs_0000015391|obs_0000012207|obs_0000031930|obs_0000013124|obs_0000031182|obs_0000023659|obs_0000014956|obs_0000013042|obs_0000013999|obs_0000010939|obs_0000008542|obs_0000018920|obs_0000013818|obs_0000009622|obs_0000014255|obs_0000008633|obs_0000032207|obs_0000030806|obs_0000019544|obs_0000030811|obs_0000034274|obs_0000011500|obs_0000029804|obs_0000007196|obs_0000019379|obs_0000006143|obs_0000007745|obs_0000014568|obs_0000034818|obs_0000029842|obs_0000005571|obs_0000006122|obs_0000023016|obs_0000031998,obs_0000010497|obs_0000008458|obs_0000010510|obs_0000023318|obs_0000034334|obs_0000015391|obs_0000012207|obs_0000031930|obs_0000013124|obs_0000034763|obs_0000031182|obs_0000018403|obs_0000023659|obs_0000014956|obs_0000013042,,
Forelle,Meine Lieblinge,"€ 1,99",,"1 kg = 26,53","1 kg = 26,53",,Nein,Gültig bis 25.04,2026-04-20,2026-04-25,../images/tegut/tegut_offer_071.jpg,"cat_fisch_meeresfruechte,diet_lactose_free,tag_high_protein,tag_proteinreich",,BLS-T422100,ref_000071,obs_0000034141|obs_0000020898|obs_0000007046|obs_0000020079|obs_0000007610|obs_0000009595|obs_0000025693|obs_0000010047,obs_0000020898|obs_0000007046|obs_0000020079|obs_0000034141|obs_0000007610|obs_0000009595|obs_0000025693|obs_0000010047,,
Daily Salatschale,tegut,"€ 2,99",,"1 kg = 9,97","1 kg = 9,97",,Nein,Gültig bis 25.04,2026-04-20,2026-04-25,../images/tegut/tegut_offer_072.jpg,"cat_obst_gemuese,diet_vegan,diet_vegetarian,sub_frisches_gemuese,sub_salate,tag_whole_food",,,ref_000072,obs_0000034338|obs_0000034551|obs_0000034140,obs_0000034338,,
Bio-Fleischsalat oder Geflügelsalat,Alnatura,"€ 2,22",,"pro Einheit = 2,49","pro Einheit = 2,49",,Nein,Gültig bis 25.04,2026-04-20,2026-04-25,../images/tegut/tegut_offer_073.jpg,"cat_fleisch_wurst,diet_gluten_free,diet_lactose_free,diet_vegan,diet_vegetarian,sub_frisches_gemuese,sub_gefluegel,sub_salate,sub_wurst,tag_ultra_processed,tag_whole_food",,,ref_000073,obs_0000009137|obs_0000033969|obs_0000010665|obs_0000027847|obs_0000012215|obs_0000028813|obs_0000028926|obs_0000030455,,,
Smoky Rauchmatjesfilet,Smoky Rauchmatjesfilet,"€ 1,99",,"pro Einheit = 1,99","pro Einheit = 1,99",,Nein,Gültig bis 25.04,2026-04-20,2026-04-25,,"cat_fisch_meeresfruechte,diet_lactose_free",,,ref_000074,obs_0000034337|obs_0000034761|obs_0000011874|obs_0000015375,obs_0000034337|obs_0000011874|obs_0000034761|obs_0000015375,,
Fleischkäse Brötchen,Fleischkäse Brötchen,"€ 2,00",,"pro Einheit = 2,00","pro Einheit = 2,00",,Nein,Gültig bis 25.04,2026-04-20,2026-04-25,../images/tegut/tegut_offer_075.jpg,"cat_fleisch_wurst,diet_vegetarian,sub_kaese,sub_milchprodukte,sub_schwein,sub_wurst,tag_ultra_processed",,BLS-Y025022,ref_000075,obs_0000034938|obs_0000033949|obs_0000034341|obs_0000007220|obs_0000033734|obs_0000034760|obs_0000034142|obs_0000034554,,,
Dillhappen,Dillhappen,"€ 1,99",,"pro Einheit = 2,49","pro Einheit = 2,49",,Nein,Gültig bis 25.04,2026-04-20,2026-04-25,../images/tegut/tegut_offer_076.jpg,"cat_non_food,diet_lactose_free,diet_vegan,diet_vegetarian",,,ref_000076,obs_0000005402|obs_0000007035,obs_0000005402|obs_0000007035,,
Weizenbrötchen,Weizenbrötchen,"€ 1,50",,"1 kg = 2,31","1 kg = 2,31",,Nein,Gültig bis 25.04,2026-04-20,2026-04-25,../images/tegut/tegut_offer_077.jpg,"cat_grundnahrung,diet_vegetarian,tag_ultra_processed",,BLS-B511000,ref_000077,obs_0000034146|obs_0000033956|obs_0000034350|obs_0000034771|obs_0000033748|obs_0000034558|obs_0000019915|obs_0000006062|obs_0000006063|obs_0000034943|obs_0000027409|obs_0000028000|obs_0000031710|obs_0000014552|obs_0000002587|obs_0000003165|obs_0000032634,obs_0000034146|obs_0000033956|obs_0000019915|obs_0000006062|obs_0000006063|obs_0000034350|obs_0000034771|obs_0000033748|obs_0000034943|obs_0000034558,,
Bio-Dinkelvollkornbrot,Herzberger,"€ 3,49",,"pro Einheit = 3,99","pro Einheit = 3,99",,Nein,Gültig bis 25.04,2026-04-20,2026-04-25,../images/tegut/tegut_offer_078.jpg,"cat_grundnahrung,diet_vegetarian,tag_whole_food",,,ref_000078,obs_0000008270|obs_0000011080,obs_0000008270|obs_0000010692|obs_0000011080,,
Kraft Kerni,Lieken Urkorn,"€ 1,79",,"1 kg = 3,58","1 kg = 3,58",,Nein,Gültig bis 25.04,2026-04-20,2026-04-25,../images/tegut/tegut_offer_079.jpg,cat_grundnahrung,,,ref_000079,,obs_0000034145,,
Simit Sesam,Simit Sesam,"€ 0,77",,"pro Einheit = 0,99","pro Einheit = 0,99",,Nein,Gültig bis 25.04,2026-04-20,2026-04-25,../images/tegut/tegut_offer_080.jpg,"cat_grundnahrung,diet_vegetarian",,,ref_000080,obs_0000034152,obs_0000034152,,
American Sandwich,Golden Toast,"€ 1,79",,"pro Einheit = 2,29","pro Einheit = 2,29",,Nein,Gültig bis 25.04,2026-04-20,2026-04-25,../images/tegut/tegut_offer_081.jpg,"cat_grundnahrung,diet_vegan,diet_vegetarian,tag_whole_food",,,ref_000081,obs_0000001830|obs_0000017155|obs_0000016389|obs_0000031017|obs_0000014517|obs_0000012342,obs_0000001830,,
Milchbrötchen,Ibis,"€ 1,99",,"pro Einheit = 2,49","pro Einheit = 2,49",,Nein,Gültig bis 25.04,2026-04-20,2026-04-25,../images/tegut/tegut_offer_082.jpg,"cat_grundnahrung,diet_vegetarian,sub_milchprodukte,tag_ultra_processed",,BLS-D7A5400,ref_000082,obs_0000033743|obs_0000025849|obs_0000014546,obs_0000033743|obs_0000025849,,
Bio-Mehrkornbrötchen oder -Dinkelbrötchen,Herzberger,"€ 1,99",,"1 kg = 9,48","1 kg = 9,48",,Nein,Gültig bis 25.04,2026-04-20,2026-04-25,../images/tegut/tegut_offer_083.jpg,"cat_grundnahrung,diet_vegetarian,tag_ultra_processed",,,ref_000083,obs_0000034087|obs_0000034153|obs_0000006952,,,
Bio-Rosmarinschinken,Bio-Rosmarinschinken,"€ 2,99",,"pro Einheit = 2,99","pro Einheit = 2,99",,Nein,Gültig bis 25.04,2026-04-20,2026-04-25,../images/tegut/tegut_offer_084.jpg,"cat_fleisch_wurst,diet_lactose_free,diet_vegan,sub_schwein,sub_wurst,tag_proteinreich,tag_ultra_processed,tag_whole_food",,,ref_000084,,obs_0000033966,,
Quiche mit Lachs und Spinat,Quiche mit Lachs und Spinat,"€ 1,99",,"pro Einheit = 1,99","pro Einheit = 1,99",,Nein,Gültig bis 25.04,2026-04-20,2026-04-25,../images/tegut/tegut_offer_085.jpg,"cat_fisch_meeresfruechte,diet_lactose_free,sub_tk_gemuese,tag_high_protein,tag_proteinreich",,,ref_000085,obs_0000034354|obs_0000034955|obs_0000023994|obs_0000024416|obs_0000018515|obs_0000020605|obs_0000034939|obs_0000022918|obs_0000021424|obs_0000033739|obs_0000025711|obs_0000022077|obs_0000026393,obs_0000034955|obs_0000034354,,
Salamiwurst-Aufschnitt,Salamiwurst-Aufschnitt,"€ 1,79",,"pro Einheit = 1,79","pro Einheit = 1,79",,Nein,Gültig bis 25.04,2026-04-20,2026-04-25,../images/tegut/tegut_offer_086.jpg,"cat_fleisch_wurst,sub_wurst,tag_ultra_processed",,,ref_000086,obs_0000034156,obs_0000034156,,
Kaisersülze,Kaisersülze,"€ 1,99",,"pro Einheit = 2,99","pro Einheit = 2,99",,Nein,Gültig bis 25.04,2026-04-20,2026-04-25,../images/tegut/tegut_offer_087.jpg,"cat_grundnahrung,diet_vegetarian,tag_ultra_processed",,,ref_000087,obs_0000032575,,,
Römerbraten mit Pistazien,Römerbraten mit Pistazien,"€ 1,49",,"pro Einheit = 1,99","pro Einheit = 1,99",,Nein,Gültig bis 25.04,2026-04-20,2026-04-25,../images/tegut/tegut_offer_088.jpg,"cat_non_food,tag_ultra_processed",,,ref_000088,obs_0000004160|obs_0000000433|obs_0000004587|obs_0000005014|obs_0000001787,,,
Bio-Mortadella,Bio-Mortadella,"€ 2,79",,"pro Einheit = 2,79","pro Einheit = 2,79",,Nein,Gültig bis 25.04,2026-04-20,2026-04-25,../images/tegut/tegut_offer_089.jpg,"cat_fleisch_wurst,diet_lactose_free,diet_vegan,diet_vegetarian,sub_schwein,sub_wurst,tag_ultra_processed",,,ref_000089,obs_0000033755|obs_0000034352|obs_0000034774,obs_0000033755|obs_0000034352|obs_0000034774,,
Mettwurst im Hukki,Mettwurst im Hukki,"€ 3,99",,"1 kg = 11,40","1 kg = 11,40",,Nein,Gültig bis 25.04,2026-04-20,2026-04-25,../images/tegut/tegut_offer_090.jpg,"cat_fleisch_wurst,sub_wurst,tag_ultra_processed",,,ref_000090,obs_0000034776|obs_0000006180|obs_0000007229|obs_0000010064|obs_0000005971|obs_0000009613|obs_0000012704|obs_0000014808,obs_0000034776,,
Bio-Blaue Kornblume,Bio-Blaue Kornblume,"€ 2,49",,"pro Einheit = 3,29","pro Einheit = 3,29",,Nein,Gültig bis 25.04,2026-04-20,2026-04-25,../images/tegut/tegut_offer_091.jpg,"cat_grundnahrung,diet_gluten_free,diet_lactose_free,diet_vegan,diet_vegetarian,tag_whole_food",,,ref_000091,,,,
D lice d Argental,D lice d Argental,"€ 2,49",,"pro Einheit = 2,99","pro Einheit = 2,99",,Nein,Gültig bis 25.04,2026-04-20,2026-04-25,../images/tegut/tegut_offer_093.jpg,cat_non_food,,,ref_000092,obs_0000001090|obs_0000005091|obs_0000002854|obs_0000002218|obs_0000000492|obs_0000004237|obs_0000004664,,,
Bio-Gouda old,Landana,"€ 1,99",,"pro Einheit = 2,99","pro Einheit = 2,99",,Nein,Gültig bis 25.04,2026-04-20,2026-04-25,../images/tegut/tegut_offer_094.jpg,"cat_molkerei_kaese,diet_gluten_free,diet_lactose_free,diet_vegan,diet_vegetarian,sub_kaese,sub_milchprodukte",,,ref_000093,obs_0000034262|obs_0000028849|obs_0000005551|obs_0000034797|obs_0000030127|obs_0000034978|obs_0000028379,,,
Stilfser oder Pustertaler Käse,Stilfser oder Pustertaler Käse,"€ 1,99",,"pro Einheit = 2,79","pro Einheit = 2,79",,Nein,Gültig bis 25.04,2026-04-20,2026-04-25,../images/tegut/tegut_offer_095.jpg,"cat_molkerei_kaese,sub_kaese,sub_milchprodukte,tag_ultra_processed",,,ref_000094,obs_0000008883|obs_0000034360|obs_0000010631|obs_0000011486|obs_0000030879|obs_0000014500|obs_0000006457|obs_0000031196|obs_0000031431,,,
Queso Manchego,Don Bernardo,"€ 2,99",,"pro Einheit = 2,99","pro Einheit = 2,99",,Nein,Gültig bis 25.04,2026-04-20,2026-04-25,../images/tegut/tegut_offer_096.jpg,"cat_getraenke,diet_lactose_free",,,ref_000095,obs_0000009218|obs_0000009698|obs_0000034362|obs_0000034780|obs_0000013301,obs_0000009218|obs_0000009698|obs_0000034362|obs_0000034780,,
Schrozberger Milchbauern Bio-Schmand,demeter,"€ 1,99",,"pro Einheit = 2,49","pro Einheit = 2,49",,Nein,Gültig bis 25.04,2026-04-20,2026-04-25,../images/tegut/tegut_offer_097.jpg,"cat_molkerei_kaese,diet_gluten_free,diet_lactose_free,diet_vegetarian,sub_milchprodukte",,,ref_000096,obs_0000034100|obs_0000034604|obs_0000001486|obs_0000001902|obs_0000034373|obs_0000001733|obs_0000009974|obs_0000001870|obs_0000034793|obs_0000002418|obs_0000011034|obs_0000003203|obs_0000004056|obs_0000004483|obs_0000004910|obs_0000014489|obs_0000031866,,,
Rahmjoghurt,Weihenstephan,"€ 0,69",,"pro Einheit = 0,99","pro Einheit = 0,99",,Nein,Gültig bis 25.04,2026-04-20,2026-04-25,../images/tegut/tegut_offer_098.jpg,"cat_molkerei_kaese,diet_gluten_free,diet_vegetarian,sub_joghurt_skyr_quark,sub_milchprodukte",,,ref_000097,obs_0000001426|obs_0000010914|obs_0000017291,obs_0000017291|obs_0000001426|obs_0000010914,,
Pfannengericht,Rügenwalder Mühle,"€ 2,49",,"pro Einheit = 3,29","pro Einheit = 3,29",,Nein,Gültig bis 25.04,2026-04-20,2026-04-25,../images/tegut/tegut_offer_099.jpg,"cat_fleisch_wurst,diet_lactose_free,diet_vegan,sub_fleischersatz,sub_wurst",,,ref_000098,obs_0000030161|obs_0000005389|obs_0000007388,,,
Peaceful delicious Bio-Tempeh,Peaceful delicious Bio-Tempeh,"€ 3,29",,"1 kg = 16,45","1 kg = 16,45",,Nein,Gültig bis 25.04,2026-04-20,2026-04-25,../images/tegut/tegut_offer_100.jpg,"cat_grundnahrung,diet_gluten_free,diet_lactose_free,diet_vegan,diet_vegetarian,tag_whole_food",,,ref_000099,obs_0000012343,,,
griechischer Joghurt,FAGE,"€ 1,19",,"pro Einheit = 1,69","pro Einheit = 1,69",,Nein,Gültig bis 25.04,2026-04-20,2026-04-25,,"cat_molkerei_kaese,diet_vegetarian,sub_joghurt_skyr_quark,sub_milchprodukte",,,ref_000100,obs_0000025123|obs_0000006297|obs_0000005354|obs_0000021234|obs_0000020415|obs_0000023033|obs_0000021506|obs_0000021508|obs_0000002086|obs_0000034370|obs_0000025171|obs_0000026710|obs_0000008312|obs_0000020687|obs_0000020689|obs_0000025811|obs_0000017127|obs_0000023284|obs_0000034580|obs_0000031517|obs_0000028966|obs_0000025392|obs_0000015673|obs_0000019794|obs_0000027991|obs_0000017296|obs_0000033696|obs_0000009663|obs_0000009180|obs_0000023030|obs_0000008703|obs_0000017207|obs_0000006103,,,
High Protein Pudding,Ehrmann,"€ 0,99",,"1 kg = 4,95","1 kg = 4,95",,Nein,Gültig bis 25.04,2026-04-20,2026-04-25,../images/tegut/tegut_offer_103.jpg,"cat_molkerei_kaese,diet_vegetarian,sub_milchprodukte,sub_sahne_creme,tag_high_protein,tag_proteinreich,tag_ultra_processed",,NUTR-0004,ref_000101,obs_0000035103|obs_0000008628|obs_0000019929|obs_0000026368|obs_0000016341|obs_0000002507|obs_0000023009|obs_0000021162|obs_0000025263|obs_0000003363|obs_0000003645|obs_0000001774|obs_0000020343|obs_0000018363|obs_0000022482|obs_0000008308|obs_0000026981|obs_0000009165|obs_0000023642|obs_0000023739|obs_0000024162|obs_0000031441|obs_0000024687|obs_0000034967|obs_0000031129|obs_0000033796|obs_0000001633|obs_0000014285|obs_0000026630|obs_0000000087|obs_0000004185|obs_0000014520|obs_0000010528|obs_0000000451|obs_0000004612|obs_0000014941|obs_0000010929|obs_0000031519|obs_0000005039|obs_0000003214|obs_0000013706|obs_0000011877|obs_0000028284|obs_0000011908|obs_0000013245|obs_0000011464|obs_0000022574|obs_0000005163|obs_0000016394|obs_0000020493,obs_0000035103|obs_0000008628|obs_0000002507|obs_0000023009|obs_0000021162|obs_0000025263|obs_0000003363|obs_0000019929|obs_0000003645|obs_0000001774|obs_0000026368|obs_0000020343|obs_0000018363|obs_0000022482|obs_0000016341,,
Kefir oder Frucht Buttermilch,Milram,"€ 1,29",,"pro Einheit = 1,79","pro Einheit = 1,79",,Nein,Gültig bis 25.04,2026-04-20,2026-04-25,../images/tegut/tegut_offer_104.jpg,"cat_molkerei_kaese,diet_vegetarian,sub_butter_margarine,sub_kaese,sub_milchprodukte,tag_ultra_processed",,,ref_000102,obs_0000016632|obs_0000017156|obs_0000009130|obs_0000011780|obs_0000014076|obs_0000011046,,,
Koch-Creme,Weihenstephan,"€ 1,29",,"1 l = 5,16","1 l = 5,16",,Nein,Gültig bis 25.04,2026-04-20,2026-04-25,../images/tegut/tegut_offer_105.jpg,"cat_molkerei_kaese,diet_gluten_free,diet_vegetarian,sub_joghurt_skyr_quark,sub_milchprodukte",,BLS-H845000,ref_000103,obs_0000034582|obs_0000033360|obs_0000013141,obs_0000034582,,
Haferdrink,M lk,"€ 1,49",,"pro Einheit = 1,49","pro Einheit = 1,49",,Nein,Gültig bis 25.04,2026-04-20,2026-04-25,../images/tegut/tegut_offer_106.jpg,"cat_getraenke,diet_lactose_free,diet_vegan,diet_vegetarian,tag_ultra_processed",,,ref_000104,obs_0000010936|obs_0000034586|obs_0000012318|obs_0000024065|obs_0000008073|obs_0000010257|obs_0000024479|obs_0000031524|obs_0000009773|obs_0000028848|obs_0000001842|obs_0000009306|obs_0000011884|obs_0000029553|obs_0000029825|obs_0000031124|obs_0000030111|obs_0000032211|obs_0000030805|obs_0000032347|obs_0000028770|obs_0000017253|obs_0000022247|obs_0000023020|obs_0000031981|obs_0000017007|obs_0000014119|obs_0000031656|obs_0000019920|obs_0000026074|obs_0000023395,obs_0000010936,,
frische Schlagsahne,MinusL,"€ 1,11",,"pro Einheit = 1,59","pro Einheit = 1,59",,Nein,Gültig bis 25.04,2026-04-20,2026-04-25,../images/tegut/tegut_offer_107.jpg,"cat_molkerei_kaese,diet_vegetarian,sub_milchprodukte,sub_sahne_creme",,,ref_000105,obs_0000034369|obs_0000006438|obs_0000001048|obs_0000001651|obs_0000027295|obs_0000034973|obs_0000033987|obs_0000011466|obs_0000002266|obs_0000027873|obs_0000001268|obs_0000025846|obs_0000016126|obs_0000001793|obs_0000019729|obs_0000001826|obs_0000017188|obs_0000001322|obs_0000001840|obs_0000006975|obs_0000001856|obs_0000001899|obs_0000033692|obs_0000034786|obs_0000023025|obs_0000012796,obs_0000034369|obs_0000006438,,
Bio-Reibkäse,Züger,"€ 2,49",,"pro Einheit = 2,79","pro Einheit = 2,79",,Nein,Gültig bis 25.04,2026-04-20,2026-04-25,../images/tegut/tegut_offer_108.jpg,"cat_molkerei_kaese,sub_kaese,sub_milchprodukte",,,ref_000106,,obs_0000001489|obs_0000034289|obs_0000002463|obs_0000002710|obs_0000003530,,
Bio-Wurstaufschnitt,Wiltmann,"€ 1,99",,"1 kg = 24,88","1 kg = 24,88",,Nein,Gültig bis 25.04,2026-04-20,2026-04-25,../images/tegut/tegut_offer_109.jpg,"cat_fleisch_wurst,sub_wurst,tag_ultra_processed",,,ref_000107,obs_0000023229|obs_0000022821,,,
Bio-Käsescheiben,Alnatura,"€ 2,49",,"1 kg = 19,92","1 kg = 19,92",,Nein,Gültig bis 25.04,2026-04-20,2026-04-25,../images/tegut/tegut_offer_110.jpg,"cat_molkerei_kaese,diet_gluten_free,diet_lactose_free,diet_vegan,diet_vegetarian,sub_kaese,sub_milchprodukte,tag_whole_food",,,ref_000108,obs_0000025207|obs_0000019371|obs_0000024639|obs_0000016810|obs_0000025113|obs_0000025206|obs_0000000993|obs_0000001181|obs_0000033991|obs_0000017666|obs_0000026217|obs_0000018205|obs_0000034730|obs_0000002335|obs_0000027170|obs_0000002664|obs_0000002763|obs_0000027787|obs_0000020051|obs_0000020412|obs_0000020870|obs_0000021231|obs_0000022214|obs_0000031123|obs_0000031666|obs_0000007170,obs_0000025207|obs_0000019371,,
Original Nürnberger Bio-Rostbratwürste,Schlütter s Echte,"€ 2,99",,"pro Einheit = 3,99","pro Einheit = 3,99",,Nein,Gültig bis 25.04,2026-04-20,2026-04-25,../images/tegut/tegut_offer_111.jpg,"cat_fleisch_wurst,sub_wurst,tag_ultra_processed",,,ref_000109,obs_0000001695|obs_0000010326|obs_0000027970|obs_0000014918|obs_0000008777|obs_0000008906|obs_0000025547|obs_0000033763|obs_0000017384|obs_0000025705|obs_0000009334|obs_0000033975|obs_0000009525|obs_0000017799|obs_0000026035|obs_0000034561|obs_0000009987|obs_0000034575|obs_0000010117|obs_0000026772|obs_0000026832|obs_0000035052|obs_0000027005|obs_0000027048|obs_0000019505|obs_0000027791|obs_0000020181|obs_0000028429|obs_0000020298|obs_0000028516|obs_0000028630|obs_0000028730|obs_0000020611|obs_0000012423|obs_0000028896|obs_0000021000|obs_0000021117|obs_0000021430|obs_0000013325|obs_0000021758|obs_0000021868|obs_0000022184|obs_0000014249|obs_0000006283|obs_0000015051|obs_0000031800|obs_0000015502|obs_0000016167,,,
Salami,Jeden Tag,"€ 1,79",,"1 kg = 8,95","1 kg = 8,95",,Nein,Gültig bis 25.04,2026-04-20,2026-04-25,,"cat_fleisch_wurst,sub_wurst,tag_ultra_processed",,BLS-W149300,ref_000110,obs_0000034176|obs_0000002611|obs_0000010316|obs_0000014932|obs_0000019030|obs_0000028273|obs_0000005781|obs_0000023205|obs_0000003239|obs_0000019666|obs_0000016602|obs_0000008425|obs_0000021226|obs_0000003307|obs_0000002285|obs_0000011010|obs_0000025355|obs_0000026898|obs_0000017184|obs_0000007987|obs_0000025934|obs_0000008039|obs_0000016755|obs_0000002957|obs_0000020407|obs_0000016328|obs_0000031198|obs_0000017375|obs_0000010234|obs_0000012289|obs_0000013826|obs_0000026626|obs_0000015369|obs_0000002574|obs_0000016914|obs_0000030229|obs_0000006681|obs_0000006181|obs_0000002087|obs_0000019516|obs_0000028742|obs_0000007240|obs_0000024649|obs_0000011856|obs_0000014924|obs_0000011861|obs_0000013910|obs_0000019547|obs_0000033878|obs_0000013924,obs_0000002611|obs_0000010316|obs_0000014932|obs_0000019030|obs_0000028273|obs_0000005781|obs_0000023205|obs_0000003239|obs_0000019666|obs_0000016602|obs_0000008425|obs_0000021226|obs_0000003307|obs_0000002285|obs_0000011010|obs_0000025355|obs_0000026898|obs_0000017184|obs_0000007987|obs_0000025934|obs_0000008039|obs_0000016755|obs_0000034176|obs_0000002957|obs_0000020407|obs_0000016328|obs_0000031198|obs_0000017375|obs_0000010234,,
Kaminwurzerl,Christanell,"€ 2,99",,"1 kg = 19,93","1 kg = 19,93",,Nein,Gültig bis 25.04,2026-04-20,2026-04-25,../images/tegut/tegut_offer_113.jpg,"cat_fleisch_wurst,sub_wurst,tag_ultra_processed",,,ref_000111,obs_0000033995|obs_0000025462|obs_0000034481|obs_0000030559,obs_0000033995|obs_0000025462,,
Wiener Würstchen,Jeden Tag,"€ 2,99",,"1 kg = 7,48","1 kg = 7,48",,Nein,Gültig bis 25.04,2026-04-20,2026-04-25,../images/tegut/tegut_offer_115.jpg,"cat_fleisch_wurst,sub_wurst,tag_ultra_processed",,BLS-W211200,ref_000112,obs_0000034174|obs_0000006186|obs_0000031274|obs_0000027189|obs_0000035106|obs_0000028276|obs_0000031889|obs_0000005789|obs_0000026784|obs_0000028948|obs_0000015758|obs_0000028076|obs_0000031737|obs_0000034811|obs_0000034981|obs_0000032355|obs_0000007858|obs_0000020658|obs_0000031934|obs_0000030926|obs_0000030949|obs_0000025857|obs_0000025858|obs_0000021769|obs_0000030483|obs_0000021477|obs_0000031788|obs_0000029297|obs_0000030838|obs_0000009369|obs_0000007849|obs_0000021268|obs_0000032077|obs_0000009557|obs_0000030549|obs_0000021884|obs_0000020449|obs_0000030125,obs_0000006186|obs_0000031274|obs_0000027189|obs_0000035106|obs_0000028276|obs_0000031889|obs_0000005789|obs_0000026784|obs_0000028948|obs_0000034174|obs_0000015758|obs_0000028076|obs_0000031737|obs_0000034811,,
Speisequark,Jeden Tag,"€ 0,99",,"1 kg = 1,98","1 kg = 1,98",,Nein,Gültig bis 25.04,2026-04-20,2026-04-25,../images/tegut/tegut_offer_116.jpg,"cat_obst_gemuese,diet_gluten_free,diet_lactose_free,diet_vegan,diet_vegetarian,sub_frisches_gemuese,tag_whole_food",,,ref_000113,obs_0000033780|obs_0000020497|obs_0000019874|obs_0000004267|obs_0000033978|obs_0000021316|obs_0000001866|obs_0000001867|obs_0000001868|obs_0000004694|obs_0000000224|obs_0000031203|obs_0000024945|obs_0000003840|obs_0000016381|obs_0000019968|obs_0000005006|obs_0000001061|obs_0000001323|obs_0000034093|obs_0000003377|obs_0000013107|obs_0000004152|obs_0000026319|obs_0000002654|obs_0000004579|obs_0000024041|obs_0000003562|obs_0000007157|obs_0000032579,obs_0000020497|obs_0000019874|obs_0000004267|obs_0000033978|obs_0000021316|obs_0000001866|obs_0000001867|obs_0000001868|obs_0000004694|obs_0000000224|obs_0000031203|obs_0000024945|obs_0000033780|obs_0000003840|obs_0000016381|obs_0000019968,,
Original Allgäuer Limburger,St. Mang,"€ 1,99",,"pro Einheit = 2,99","pro Einheit = 2,99",,Nein,Gültig bis 25.04,2026-04-20,2026-04-25,../images/tegut/tegut_offer_117.jpg,"cat_getraenke,sub_kaese,tag_ultra_processed",,,ref_000114,obs_0000028299|obs_0000006793|obs_0000005161|obs_0000006097|obs_0000028730|obs_0000020611|obs_0000012423|obs_0000006283|obs_0000026772|obs_0000026832|obs_0000028896|obs_0000035052|obs_0000027005|obs_0000027048|obs_0000021000|obs_0000008777|obs_0000021117|obs_0000008906|obs_0000015051|obs_0000021430|obs_0000025547|obs_0000033763|obs_0000017384|obs_0000013325|obs_0000019505|obs_0000031800|obs_0000025705|obs_0000009334|obs_0000015502|obs_0000027791|obs_0000033975|obs_0000021758|obs_0000009525|obs_0000021868|obs_0000017799|obs_0000026035|obs_0000022184|obs_0000020181|obs_0000034561|obs_0000009987|obs_0000028429|obs_0000034575|obs_0000016167|obs_0000020298|obs_0000028516|obs_0000010117|obs_0000014249|obs_0000028630,,,x
Köttbullar,Dafg rds,"€ 4,44",,"pro Einheit = 5,99","pro Einheit = 5,99",,Nein,Gültig bis 25.04,2026-04-20,2026-04-25,../images/tegut/tegut_offer_118.jpg,"cat_non_food,tag_ultra_processed",,,ref_000115,obs_0000008603|obs_0000015257|obs_0000011052,obs_0000008603,,
Calamares la Romana,tegut,"€ 2,99",,"1 kg = 5,98","1 kg = 5,98",,Nein,Gültig bis 25.04,2026-04-20,2026-04-25,../images/tegut/tegut_offer_120.jpg,"cat_obst_gemuese,diet_gluten_free,diet_lactose_free,diet_vegan,diet_vegetarian,sub_frisches_gemuese,sub_salate,tag_whole_food",,,ref_000116,obs_0000034102,obs_0000034102,,
Wildlachs Filets,followfood,"€ 5,49",,"1 kg = 27,45","1 kg = 27,45",,Nein,Gültig bis 25.04,2026-04-20,2026-04-25,../images/tegut/tegut_offer_121.jpg,"cat_fisch_meeresfruechte,tag_high_protein,tag_proteinreich",,,ref_000117,obs_0000035105|obs_0000034983|obs_0000034185|obs_0000034803|obs_0000031505|obs_0000005771|obs_0000006322,obs_0000034185|obs_0000031505|obs_0000035105|obs_0000034983|obs_0000034803,,
Bio-Eis,tegut,"€ 4,44",,"pro Einheit = 4,99","pro Einheit = 4,99",,Nein,Gültig bis 25.04,2026-04-20,2026-04-25,,"cat_grundnahrung,diet_gluten_free,diet_lactose_free,diet_vegan,diet_vegetarian,sub_frisches_gemuese,tag_whole_food",,,ref_000118,obs_0000011056|obs_0000025743|obs_0000025829|obs_0000017710|obs_0000034392|obs_0000018692|obs_0000011490|obs_0000013168|obs_0000034604,,,
Pizza Lorenzo,Pizza Lorenzo,"€ 2,99",,"pro Einheit = 3,99","pro Einheit = 3,99",,Nein,Gültig bis 25.04,2026-04-20,2026-04-25,,"cat_sonstiges,sub_tk_pizza,tag_ultra_processed",,BLS-X915233,ref_000119,obs_0000013341|obs_0000023186|obs_0000025810|obs_0000005867|obs_0000010530,,,
Mühlenfrikadellen,Rügenwalder,"€ 1,99",,"pro Einheit = 2,79","pro Einheit = 2,79",,Nein,Gültig bis 25.04,2026-04-20,2026-04-25,../images/tegut/tegut_offer_126.jpg,"cat_fleisch_wurst,diet_lactose_free,diet_vegan,diet_vegetarian,sub_fleischersatz,sub_wurst,tag_ultra_processed",,,ref_000120,,,,
Schlemmer-Filet,Iglo,"€ 2,79",,"1 kg = 7,34","1 kg = 7,34",,Nein,Gültig bis 25.04,2026-04-20,2026-04-25,../images/tegut/tegut_offer_127.jpg,"cat_fisch_meeresfruechte,sub_tk_fertiggerichte,tag_ultra_processed",,,ref_000121,obs_0000014855|obs_0000018442|obs_0000011903|obs_0000019621|obs_0000022406|obs_0000034700|obs_0000015828|obs_0000014313|obs_0000006151|obs_0000006842|obs_0000005580,obs_0000014855|obs_0000006151|obs_0000018442|obs_0000011903|obs_0000019621|obs_0000006842|obs_0000022406|obs_0000034700|obs_0000000915|obs_0000005580|obs_0000015828|obs_0000014313,,x
eis,Magnum,"€ 2,99",,"1 l = 4,98","1 l = 4,98",,Nein,Gültig bis 25.04,2026-04-20,2026-04-25,../images/tegut/tegut_offer_128.jpg,"cat_tiefkuehl,sub_tk_eis,tag_ultra_processed",,,ref_000122,obs_0000034392|obs_0000018692|obs_0000025743|obs_0000017710|obs_0000011490|obs_0000025829|obs_0000013168|obs_0000013833|obs_0000027306|obs_0000013034|obs_0000014373|obs_0000011899|obs_0000007041|obs_0000025236|obs_0000029345|obs_0000030502|obs_0000022962|obs_0000028855|obs_0000005945|obs_0000009795|obs_0000025807|obs_0000027474|obs_0000001749|obs_0000001750|obs_0000005210|obs_0000007392|obs_0000008928|obs_0000006504|obs_0000009324|obs_0000027503|obs_0000027646|obs_0000005767|obs_0000005768|obs_0000006667|obs_0000006670|obs_0000006159|obs_0000005399|obs_0000005017|obs_0000028456|obs_0000012333|obs_0000003118|obs_0000006319|obs_0000000434|obs_0000007599|obs_0000007600|obs_0000008369|obs_0000011056|obs_0000005948|obs_0000006847|obs_0000018370,obs_0000018692|obs_0000025743|obs_0000017710|obs_0000034392|obs_0000011490|obs_0000025829|obs_0000013168,,
1-2-3 Frites Original,McCain,"€ 1,79",,"pro Einheit = 3,98","pro Einheit = 3,98",,Nein,Gültig bis 25.04,2026-04-20,2026-04-25,../images/tegut/tegut_offer_129.jpg,"cat_tiefkuehl,tag_high_protein,tag_ultra_processed",,,ref_000123,obs_0000008538|obs_0000018979|obs_0000027796|obs_0000031909|obs_0000001636|obs_0000022970|obs_0000020548|obs_0000021367|obs_0000021782|obs_0000029341|obs_0000028730|obs_0000020611|obs_0000012423|obs_0000006283|obs_0000026772|obs_0000026832|obs_0000028896|obs_0000035052|obs_0000027005|obs_0000027048|obs_0000021000|obs_0000008777|obs_0000021117|obs_0000008906|obs_0000015051|obs_0000021430|obs_0000025547|obs_0000033763|obs_0000017384|obs_0000013325|obs_0000019505|obs_0000031800|obs_0000025705|obs_0000009334|obs_0000015502|obs_0000027791|obs_0000033975|obs_0000021758|obs_0000009525|obs_0000021868|obs_0000017799|obs_0000026035|obs_0000022184|obs_0000020181|obs_0000034561|obs_0000009987|obs_0000028429|obs_0000034575|obs_0000016167|obs_0000020298,obs_0000008538|obs_0000022970|obs_0000018979|obs_0000029341|obs_0000027796|obs_0000031909|obs_0000001636,,
Unsere Goldstücke,Coppenrath Wiese,"€ 1,49",,"pro Einheit = 2,76","pro Einheit = 2,76",,Nein,Gültig bis 25.04,2026-04-20,2026-04-25,../images/tegut/tegut_offer_130.jpg,"cat_grundnahrung,diet_vegetarian,sub_milchprodukte,tag_ultra_processed",,,ref_000124,obs_0000014854|obs_0000010926|obs_0000012682|obs_0000002587|obs_0000003165|obs_0000027445|obs_0000008617|obs_0000031710|obs_0000009952|obs_0000009491|obs_0000001315|obs_0000034096|obs_0000026080|obs_0000007395|obs_0000006502|obs_0000030845|obs_0000030850|obs_0000032387|obs_0000032392|obs_0000031501|obs_0000031507|obs_0000032634|obs_0000005769|obs_0000032644|obs_0000030166|obs_0000030168,obs_0000014854|obs_0000010926|obs_0000007395|obs_0000006502|obs_0000012682,,
Taschki Teigtaschen oder Pelmeni,Dovgan,"€ 2,99",,"1 kg = 5,98","1 kg = 5,98",,Nein,Gültig bis 25.04,2026-04-20,2026-04-25,../images/tegut/tegut_offer_131.jpg,"cat_tiefkuehl,sub_tk_fertiggerichte",,,ref_000125,obs_0000026699|obs_0000009148|obs_0000015680|obs_0000011779|obs_0000034385|obs_0000013923|obs_0000018149|obs_0000022329|obs_0000014158|obs_0000002307|obs_0000008386,,,
Eis-Multipackung,Nestl Schöller,"€ 2,22",,"1 l = 4,64","1 l = 4,64",,Nein,Gültig bis 25.04,2026-04-20,2026-04-25,../images/tegut/tegut_offer_132.jpg,"cat_tiefkuehl,sub_tk_eis,tag_ultra_processed",,,ref_000126,obs_0000018692|obs_0000025743|obs_0000017710|obs_0000034392|obs_0000011490|obs_0000025829|obs_0000013168,obs_0000009795|obs_0000009324,,
Kaiserschnitzel oder XXL Schnitzel,tegut,"€ 4,44",,"1 kg = 8,88","1 kg = 8,88",,Nein,Gültig bis 25.04,2026-04-20,2026-04-25,../images/tegut/tegut_offer_133.jpg,"cat_fleisch_wurst,sub_schwein,tag_ultra_processed",,,ref_000127,obs_0000017973|obs_0000027124|obs_0000000700|obs_0000001521|obs_0000012763|obs_0000005251|obs_0000013967,,,
Bio-Blattspinat,Naturland Alnatura,"€ 1,79",,"1 kg = 3,98","1 kg = 3,98",,Nein,Gültig bis 25.04,2026-04-20,2026-04-25,../images/tegut/tegut_offer_134.jpg,"cat_grundnahrung,diet_gluten_free,diet_lactose_free,diet_vegan,diet_vegetarian,sub_milchprodukte,tag_high_protein,tag_whole_food",,BLS-G211100,ref_000128,obs_0000034101|obs_0000029708|obs_0000028482|obs_0000028592|obs_0000005890|obs_0000005895,obs_0000034101,,
Wildlachs-Filets,Costa,"€ 5,99",,"1 kg = 29,95","1 kg = 29,95",,Nein,Gültig bis 25.04,2026-04-20,2026-04-25,../images/tegut/tegut_offer_135.jpg,"cat_fisch_meeresfruechte,sub_nudeln,sub_tk_fertiggerichte,tag_high_protein,tag_proteinreich",,,ref_000129,obs_0000034185|obs_0000034803|obs_0000035105|obs_0000034983|obs_0000031505|obs_0000005771|obs_0000006322,obs_0000034185|obs_0000005771|obs_0000006322|obs_0000035105|obs_0000034983|obs_0000007402|obs_0000034803,,
Prinzenrolle oder Prinzenrolle Cremys,De Beukelaer,"€ 1,79",,"1 kg = 4,48","1 kg = 4,48",,Nein,Gültig bis 25.04,2026-04-20,2026-04-25,../images/tegut/tegut_offer_136.jpg,"cat_knabbern_naschen,tag_ultra_processed",,,ref_000130,,,,x
Ma tre Chocolatier,Lindt,"€ 1,99",,"1 kg = 19,90","1 kg = 19,90",,Nein,Gültig bis 25.04,2026-04-20,2026-04-25,../images/tegut/tegut_offer_137.jpg,"cat_knabbern_naschen,tag_ultra_processed",,,ref_000131,obs_0000034016|obs_0000006913|obs_0000007691,,,
Erdnußlocken oder Saltletts Pausen Cracker,Lorenz,"€ 1,29",,"pro Einheit = 2,29","pro Einheit = 2,29",,Nein,Gültig bis 25.04,2026-04-20,2026-04-25,../images/tegut/tegut_offer_138.jpg,"cat_knabbern_naschen,tag_ultra_processed",,,ref_000132,obs_0000031697|obs_0000000795|obs_0000006385|obs_0000029971|obs_0000032244|obs_0000000911|obs_0000017410|obs_0000033807|obs_0000001531|obs_0000010511|obs_0000019303|obs_0000010537|obs_0000026987|obs_0000011380|obs_0000003528|obs_0000012384|obs_0000013564|obs_0000015892,,,
Classic,Amicelli,"€ 2,99",,"pro Einheit = 4,29","pro Einheit = 4,29",,Nein,Gültig bis 25.04,2026-04-20,2026-04-25,../images/tegut/tegut_offer_140.jpg,"cat_grundnahrung,diet_gluten_free,diet_lactose_free,diet_vegan,diet_vegetarian,tag_ultra_processed",,,ref_000133,obs_0000035101|obs_0000025668|obs_0000028751|obs_0000001628|obs_0000001643|obs_0000020596|obs_0000015018|obs_0000026884|obs_0000011543|obs_0000024877|obs_0000034649|obs_0000021415|obs_0000031658|obs_0000015874|obs_0000034820|obs_0000024078|obs_0000020503|obs_0000014364|obs_0000015388|obs_0000034814|obs_0000008763|obs_0000020559|obs_0000031314|obs_0000031316|obs_0000016988|obs_0000000102|obs_0000031336|obs_0000024692|obs_0000030840|obs_0000018068|obs_0000011935|obs_0000012998|obs_0000017609|obs_0000021710|obs_0000016591|obs_0000028882|obs_0000008404|obs_0000025815|obs_0000035062|obs_0000027412|obs_0000027435|obs_0000014636|obs_0000007469|obs_0000022316|obs_0000014132|obs_0000021322|obs_0000002905|obs_0000028510|obs_0000022881|obs_0000021378,obs_0000028751|obs_0000001628|obs_0000001643|obs_0000015018|obs_0000026884|obs_0000011543|obs_0000024877|obs_0000035101|obs_0000034649|obs_0000031658,,
Bio-Olivenöl,tegut,"€ 6,95",,"1 l = 9,27","1 l = 9,27",,Nein,Gültig bis 25.04,2026-04-20,2026-04-25,../images/tegut/tegut_offer_141.jpg,"cat_grundnahrung,diet_gluten_free,diet_lactose_free,diet_vegan,diet_vegetarian,tag_whole_food",,,ref_000134,obs_0000014541|obs_0000027595|obs_0000009444|obs_0000001438|obs_0000034212|obs_0000034420|obs_0000009909|obs_0000018480|obs_0000034888|obs_0000018950|obs_0000002836|obs_0000011361|obs_0000028952|obs_0000010685|obs_0000005365|obs_0000007186|obs_0000007957,obs_0000033953|obs_0000034942|obs_0000027579|obs_0000014541,,
Bio-Bohnen,No Coffee,"€ 8,99",,"pro Einheit = 9,99","pro Einheit = 9,99",,Nein,Gültig bis 25.04,2026-04-20,2026-04-25,../images/tegut/tegut_offer_142.jpg,"cat_obst_gemuese,diet_gluten_free,diet_lactose_free,diet_vegan,diet_vegetarian,sub_frisches_gemuese,sub_huelsenfruechte,tag_ultra_processed,tag_whole_food",,,ref_000135,,,,
Bio-Apfelmark,tegut,"€ 0,85",,"1 kg = 2,39","1 kg = 2,39",,Nein,Gültig bis 25.04,2026-04-20,2026-04-25,../images/tegut/tegut_offer_144.jpg,"cat_obst_gemuese,diet_gluten_free,diet_lactose_free,diet_vegan,diet_vegetarian,sub_frisches_obst,tag_whole_food",,BLS-F110100,ref_000136,obs_0000029687,,,
Caff,Chicco D oro,"€ 15,99",,"pro Einheit = 15,99","pro Einheit = 15,99",,Nein,Gültig bis 25.04,2026-04-20,2026-04-25,../images/tegut/tegut_offer_145.jpg,"cat_getraenke,diet_gluten_free,diet_lactose_free,diet_vegan,diet_vegetarian,tag_ultra_processed",,,ref_000137,obs_0000027651|obs_0000001675|obs_0000015884|obs_0000028042|obs_0000034937|obs_0000012311|obs_0000031138|obs_0000010292|obs_0000016732|obs_0000014943|obs_0000026207|obs_0000013547|obs_0000017267|obs_0000034907|obs_0000019713|obs_0000014212|obs_0000020742|obs_0000022154|obs_0000001681|obs_0000001682|obs_0000018081|obs_0000006818|obs_0000032162|obs_0000000043|obs_0000009265|obs_0000026673|obs_0000021561|obs_0000031422|obs_0000025671|obs_0000003788|obs_0000008143|obs_0000031315|obs_0000027478|obs_0000030807|obs_0000002910|obs_0000023656|obs_0000026985|obs_0000028793|obs_0000008231|obs_0000031173|obs_0000010210|obs_0000010469|obs_0000032645|obs_0000007175|obs_0000030087|obs_0000004631|obs_0000014103|obs_0000004002|obs_0000031925|obs_0000007355,,,
Em-eukal Bonbons,Dr Soldan s,"€ 1,49",,"pro Einheit = 1,99","pro Einheit = 1,99",,Nein,Gültig bis 25.04,2026-04-20,2026-04-25,../images/tegut/tegut_offer_146.jpg,"cat_knabbern_naschen,tag_ultra_processed",,,ref_000138,obs_0000034201|obs_0000029323|obs_0000002071,,,
süße Mahlzeit,Dr. Oetker,"€ 0,99",,"pro Einheit = 1,49","pro Einheit = 1,49",,Nein,Gültig bis 25.04,2026-04-20,2026-04-25,../images/tegut/tegut_offer_147.jpg,"cat_grundnahrung,tag_ultra_processed",,,ref_000139,obs_0000034418|obs_0000004807|obs_0000003318|obs_0000004380|obs_0000000300|obs_0000003953|obs_0000019873|obs_0000009829|obs_0000009370|obs_0000008101,obs_0000034418|obs_0000004807|obs_0000003318|obs_0000004380|obs_0000000300|obs_0000003953|obs_0000019873,,x
Instant-Nudeln,Yum Yum,"€ 0,49",,"pro Einheit = 0,69","pro Einheit = 0,69",,Nein,Gültig bis 25.04,2026-04-20,2026-04-25,../images/tegut/tegut_offer_148.jpg,"cat_grundnahrung,diet_lactose_free,diet_vegan,diet_vegetarian",,,ref_000140,obs_0000002597|obs_0000010534|obs_0000012850|obs_0000013715|obs_0000017990|obs_0000015433|obs_0000027242|obs_0000034199|obs_0000006465|obs_0000006997|obs_0000008075|obs_0000015006|obs_0000008784|obs_0000013802,obs_0000013715|obs_0000002597|obs_0000010534|obs_0000012850|obs_0000006465|obs_0000017990|obs_0000015433|obs_0000006997|obs_0000027242,,
Semmel Knödel,Pfanni,"€ 1,49",,"pro Einheit = 1,99","pro Einheit = 1,99",,Nein,Gültig bis 25.04,2026-04-20,2026-04-25,../images/tegut/tegut_offer_149.jpg,"cat_grundnahrung,diet_vegetarian,sub_kartoffeln,tag_ultra_processed",,BLS-E606000,ref_000141,obs_0000033816|obs_0000001965|obs_0000006822|obs_0000032490|obs_0000034190|obs_0000027214|obs_0000034892,obs_0000033816|obs_0000006822|obs_0000001965|obs_0000032490,,
Zarte Filets vom Hering,Appel,"€ 0,99",,"pro Einheit = 1,99","pro Einheit = 1,99",,Nein,Gültig bis 25.04,2026-04-20,2026-04-25,../images/tegut/tegut_offer_150.jpg,cat_fisch_meeresfruechte,,,ref_000142,obs_0000021213|obs_0000023287|obs_0000028928|obs_0000017766|obs_0000020394|obs_0000025058|obs_0000032666|obs_0000029676|obs_0000028732,obs_0000021213|obs_0000023287|obs_0000028928|obs_0000017766|obs_0000032666|obs_0000020394|obs_0000025058|obs_0000029676,,
Bio-Kaffee-Sahne,Saliter,"€ 0,79",,"pro Einheit = 0,99","pro Einheit = 0,99",,Nein,Gültig bis 25.04,2026-04-20,2026-04-25,../images/tegut/tegut_offer_151.jpg,"cat_getraenke,diet_gluten_free,diet_lactose_free,diet_vegan,diet_vegetarian,sub_sahne_creme",,,ref_000143,obs_0000025137|obs_0000025139|obs_0000033766|obs_0000001492|obs_0000001805|obs_0000034607|obs_0000001841|obs_0000034812|obs_0000002341|obs_0000002651|obs_0000002822|obs_0000027521|obs_0000003274|obs_0000028739|obs_0000030937|obs_0000024909|obs_0000010719|obs_0000011954|obs_0000012375|obs_0000012856|obs_0000013724|obs_0000022517|obs_0000014593|obs_0000015279,obs_0000035010,,
Bio-Cremesuppe,Nabio,"€ 2,49",,"1 l = 6,64","1 l = 6,64",,Nein,Gültig bis 25.04,2026-04-20,2026-04-25,../images/tegut/tegut_offer_152.jpg,"cat_obst_gemuese,diet_gluten_free,diet_lactose_free,diet_vegan,diet_vegetarian,tag_whole_food",,,ref_000144,,,,
Suppenliebe,Knorr,"€ 0,79",,"pro Einheit = 0,99","pro Einheit = 0,99",,Nein,Gültig bis 25.04,2026-04-20,2026-04-25,../images/tegut/tegut_offer_153.jpg,"cat_grundnahrung,diet_gluten_free,diet_lactose_free,diet_vegan,diet_vegetarian,tag_ultra_processed,tag_whole_food",,,ref_000145,obs_0000031784|obs_0000031308|obs_0000013438|obs_0000012191|obs_0000006303|obs_0000030010|obs_0000030690|obs_0000005559|obs_0000006645,obs_0000031784|obs_0000031308|obs_0000013438|obs_0000030010|obs_0000012191|obs_0000030690,,
Pasta,Barilla,"€ 0,79",,"1 kg = 1,58","1 kg = 1,58",,Nein,Gültig bis 25.04,2026-04-20,2026-04-25,../images/tegut/tegut_offer_154.jpg,"cat_grundnahrung,diet_lactose_free,diet_vegan,diet_vegetarian,sub_hackfleisch,sub_nudeln",,BLS-G640100,ref_000146,obs_0000018196|obs_0000019845|obs_0000025518|obs_0000016866|obs_0000020003|obs_0000035104|obs_0000028733|obs_0000022097|obs_0000002663|obs_0000034419|obs_0000017082|obs_0000021187|obs_0000034026|obs_0000026899|obs_0000018708|obs_0000016662|obs_0000028496|obs_0000011092|obs_0000014165|obs_0000019293|obs_0000020368|obs_0000028607|obs_0000018893|obs_0000017359|obs_0000015874|obs_0000014389|obs_0000018497|obs_0000011935|obs_0000010415|obs_0000014564|obs_0000011526|obs_0000016655|obs_0000034219|obs_0000009660|obs_0000010706|obs_0000008149|obs_0000009176|obs_0000015436|obs_0000028322|obs_0000028323|obs_0000000516|obs_0000000535|obs_0000012353|obs_0000030803|obs_0000031331|obs_0000017525|obs_0000003714|obs_0000019591|obs_0000015003|obs_0000006302,obs_0000020003|obs_0000035104|obs_0000028733|obs_0000022097|obs_0000002663|obs_0000034419|obs_0000017082|obs_0000021187|obs_0000034026|obs_0000026899|obs_0000018196|obs_0000018708|obs_0000016662|obs_0000028496|obs_0000011092|obs_0000014165|obs_0000019293|obs_0000019845|obs_0000020368|obs_0000025518|obs_0000028607|obs_0000018893|obs_0000017359|obs_0000016866,,
Bio-Teigwaren,Zabler,"€ 2,49",,"1 kg = 4,98","1 kg = 4,98",,Nein,Gültig bis 25.04,2026-04-20,2026-04-25,../images/tegut/tegut_offer_156.jpg,"cat_grundnahrung,diet_lactose_free,diet_vegan,diet_vegetarian,sub_nudeln",,,ref_000147,obs_0000027785|obs_0000008738|obs_0000026301|obs_0000015404,,,
Bio-Primitivo,Masso Antico,"€ 6,99",,"pro Einheit = 8,99","pro Einheit = 8,99",,Nein,Gültig bis 25.04,2026-04-20,2026-04-25,../images/tegut/tegut_offer_158.jpg,"cat_getraenke,diet_lactose_free,diet_vegan,diet_vegetarian",,,ref_000148,obs_0000033827|obs_0000034876|obs_0000035019|obs_0000034038|obs_0000026098|obs_0000027208|obs_0000027780|obs_0000005997|obs_0000007867|obs_0000005822,obs_0000033827|obs_0000034876|obs_0000035019,,
Fauno,Murviedro,"€ 4,99",,"pro Einheit = 5,99","pro Einheit = 5,99",,Nein,Gültig bis 25.04,2026-04-20,2026-04-25,,cat_non_food,,,ref_000149,,,,
Untergiesinger Erhellung,Giesinger Bräu,"€ 19,99",,"1 l = 2,00","1 l = 2,00",,Nein,Gültig bis 25.04,2026-04-20,2026-04-25,../images/tegut/tegut_offer_160.jpg,cat_getraenke,,,ref_000150,,,,
Grauer Burgunder Kabinett,Siegbert Bimmerle,"€ 9,99",,"1 l = 13,32","1 l = 13,32",,Nein,Gültig bis 25.04,2026-04-20,2026-04-25,../images/tegut/tegut_offer_161.jpg,cat_getraenke,,,ref_000151,obs_0000034630|obs_0000035031|obs_0000034725|obs_0000014060|obs_0000035029|obs_0000034879|obs_0000026591,obs_0000034630|obs_0000035031,,
Groni Pils,Tyskie,"€ 13,99",,"pro Einheit = 18,49","pro Einheit = 18,49",,Nein,Gültig bis 25.04,2026-04-20,2026-04-25,../images/tegut/tegut_offer_162.jpg,cat_getraenke,,,ref_000152,obs_0000035039|obs_0000028275|obs_0000010755|obs_0000013338|obs_0000033823|obs_0000026170|obs_0000015941|obs_0000012871|obs_0000028759|obs_0000024176|obs_0000034423|obs_0000012448|obs_0000027329|obs_0000016578|obs_0000019656|obs_0000023756|obs_0000028878|obs_0000035035|obs_0000028408|obs_0000028937|obs_0000008467|obs_0000027944|obs_0000004922|obs_0000028500|obs_0000017247|obs_0000000370|obs_0000014202|obs_0000010120|obs_0000004495|obs_0000034708|obs_0000010165|obs_0000028614|obs_0000026062|obs_0000031695|obs_0000003041|obs_0000004068|obs_0000013819|obs_0000031740,obs_0000035039,,
Aperitivo Rosato,Ramazzotti,"€ 10,99",,"1 l = 15,70","1 l = 15,70",,Nein,Gültig bis 25.04,2026-04-20,2026-04-25,../images/tegut/tegut_offer_163.jpg,"cat_getraenke,diet_vegetarian,tag_ultra_processed",,,ref_000153,obs_0000021548|obs_0000021817|obs_0000020729|obs_0000013069|obs_0000008990|obs_0000020899|obs_0000003633|obs_0000009522|obs_0000008244|obs_0000021836|obs_0000024921|obs_0000010091|obs_0000020080|obs_0000003572|obs_0000015485|obs_0000009984,obs_0000021548|obs_0000021817|obs_0000020729,,
Sekt,Rotkäppchen,"€ 1,11",,"pro Einheit = 1,69","pro Einheit = 1,69",,Nein,Gültig bis 25.04,2026-04-20,2026-04-25,../images/tegut/tegut_offer_165.jpg,cat_getraenke,,,ref_000154,obs_0000011802|obs_0000017436|obs_0000031833|obs_0000018037|obs_0000000122|obs_0000026289|obs_0000023255|obs_0000018687|obs_0000026425|obs_0000027487|obs_0000002457|obs_0000025002|obs_0000018465|obs_0000017456|obs_0000003634|obs_0000013889|obs_0000019009|obs_0000019561|obs_0000028281|obs_0000012437|obs_0000010911|obs_0000027358|obs_0000016680|obs_0000015666|obs_0000014644|obs_0000024889|obs_0000011590|obs_0000015699|obs_0000008047|obs_0000012694|obs_0000022430|obs_0000001461|obs_0000026048|obs_0000013336|obs_0000015931|obs_0000008276|obs_0000015498|obs_0000010420|obs_0000025796|obs_0000031724|obs_0000008400|obs_0000032264|obs_0000028182|obs_0000015933|obs_0000023645|obs_0000008803|obs_0000024169|obs_0000013971|obs_0000012436|obs_0000010391,obs_0000011802|obs_0000017436|obs_0000018465|obs_0000017456|obs_0000003634|obs_0000013889|obs_0000019009|obs_0000031833|obs_0000019561|obs_0000018037|obs_0000028281|obs_0000000122|obs_0000012437|obs_0000010911|obs_0000026289|obs_0000023255|obs_0000027358|obs_0000018687|obs_0000016680|obs_0000015666|obs_0000014644|obs_0000024889|obs_0000026425|obs_0000011590|obs_0000015699|obs_0000027487|obs_0000008047|obs_0000012694|obs_0000002457|obs_0000022430|obs_0000025002|obs_0000001461|obs_0000026048,,
Bio-Grüner Veltliner,Bio-Grüner Veltliner,"€ 4,99",,"pro Einheit = 6,49","pro Einheit = 6,49",,Nein,Gültig bis 25.04,2026-04-20,2026-04-25,../images/tegut/tegut_offer_166.jpg,"cat_getraenke,diet_lactose_free,diet_vegan,diet_vegetarian,tag_ultra_processed",,,ref_000155,,,,
Draught Stout,Guinness,"€ 4,99",,"pro Einheit = 5,79","pro Einheit = 5,79",,Nein,Gültig bis 25.04,2026-04-20,2026-04-25,../images/tegut/tegut_offer_167.jpg,"cat_knabbern_naschen,diet_vegetarian,tag_ultra_processed",,,ref_000156,,,,
Bio-Limonade,Wostok,"€ 1,11",,"pro Einheit = 1,49","pro Einheit = 1,49",,Nein,Gültig bis 25.04,2026-04-20,2026-04-25,../images/tegut/tegut_offer_168.jpg,"cat_getraenke,diet_lactose_free,diet_vegan,diet_vegetarian,tag_ultra_processed",,,ref_000157,obs_0000034435|obs_0000028424|obs_0000017032|obs_0000009657|obs_0000026058|obs_0000026204|obs_0000026276|obs_0000026581|obs_0000027047|obs_0000027133|obs_0000027567|obs_0000028310|obs_0000031651|obs_0000016311|obs_0000030940|obs_0000031392,obs_0000034435|obs_0000028424,,
Mineralwasser,RhönSprudel,"€ 4,44",,"pro Einheit = 5,49","pro Einheit = 5,49",,Nein,Gültig bis 25.04,2026-04-20,2026-04-25,../images/tegut/tegut_offer_169.jpg,"cat_getraenke,diet_gluten_free,diet_lactose_free,diet_vegan,diet_vegetarian",,,ref_000158,obs_0000035059|obs_0000034238|obs_0000026570|obs_0000027653|obs_0000034851|obs_0000015908|obs_0000031797|obs_0000026205|obs_0000008801|obs_0000003689|obs_0000015481|obs_0000031867|obs_0000012414|obs_0000031871|obs_0000028800|obs_0000034437|obs_0000008841|obs_0000009353|obs_0000028841|obs_0000027836|obs_0000011969|obs_0000021185|obs_0000027856|obs_0000008437|obs_0000034043|obs_0000034044|obs_0000009985|obs_0000028931|obs_0000010519|obs_0000031006|obs_0000014625|obs_0000028968|obs_0000026948|obs_0000028493|obs_0000008537|obs_0000011123|obs_0000028537|obs_0000028027|obs_0000020366|obs_0000028603|obs_0000034235|obs_0000013773|obs_0000025562|obs_0000028654|obs_0000014332|obs_0000031249|obs_0000002068|obs_0000024088|obs_0000029232|obs_0000031834,obs_0000027653|obs_0000034851|obs_0000015908|obs_0000031797|obs_0000026205|obs_0000008801|obs_0000003689|obs_0000015481|obs_0000031867|obs_0000012414|obs_0000031871|obs_0000028800|obs_0000034437|obs_0000008841|obs_0000009353|obs_0000028841|obs_0000027836|obs_0000011969|obs_0000021185|obs_0000027856|obs_0000029415|obs_0000008437|obs_0000034043|obs_0000034044|obs_0000009985|obs_0000028931|obs_0000035059|obs_0000010519|obs_0000031006|obs_0000014625|obs_0000028968|obs_0000026948|obs_0000028493|obs_0000008537|obs_0000011123|obs_0000028537|obs_0000028027|obs_0000020366|obs_0000028603|obs_0000034235|obs_0000034238|obs_0000032710|obs_0000026570|obs_0000013773|obs_0000025562|obs_0000030684|obs_0000028654|obs_0000014332,,
Bio-Schorle oder -Limonade,Adelholzener,"€ 0,88",,"pro Einheit = 1,09","pro Einheit = 1,09",,Nein,Gültig bis 25.04,2026-04-20,2026-04-25,../images/tegut/tegut_offer_170.jpg,"cat_getraenke,diet_gluten_free,diet_lactose_free,diet_vegan,diet_vegetarian,tag_ultra_processed",,,ref_000159,obs_0000034435|obs_0000028424|obs_0000017032|obs_0000009657|obs_0000026058|obs_0000026204|obs_0000026276|obs_0000026581|obs_0000027047|obs_0000027133|obs_0000027567|obs_0000028310|obs_0000031651|obs_0000016311,,,
Eistee,Rauch,"€ 0,59",,"pro Einheit = 0,79","pro Einheit = 0,79",,Nein,Gültig bis 25.04,2026-04-20,2026-04-25,../images/tegut/tegut_offer_172.jpg,"cat_getraenke,tag_ultra_processed",,BLS-W291200,ref_000160,obs_0000013610|obs_0000024081|obs_0000011155|obs_0000023317|obs_0000008086|obs_0000012452|obs_0000002343|obs_0000024502|obs_0000019389|obs_0000017982|obs_0000027985|obs_0000026836|obs_0000003163|obs_0000014050|obs_0000017891|obs_0000027236|obs_0000009061|obs_0000015096|obs_0000022016|obs_0000008902|obs_0000032713|obs_0000023251|obs_0000000733|obs_0000030317|obs_0000006024|obs_0000007679|obs_0000031392|obs_0000030940|obs_0000007673,obs_0000024081|obs_0000011155|obs_0000023317|obs_0000008086|obs_0000012452|obs_0000002343|obs_0000013610|obs_0000024502|obs_0000019389|obs_0000017982|obs_0000032713|obs_0000027985|obs_0000026836|obs_0000003163|obs_0000014050|obs_0000017891|obs_0000027236|obs_0000009061|obs_0000015096|obs_0000022016,,
Saft,tegut,"€ 0,88",,"1 l = 2,67","1 l = 2,67",,Nein,Gültig bis 25.04,2026-04-20,2026-04-25,../images/tegut/tegut_offer_173.jpg,"cat_getraenke,diet_gluten_free,diet_vegan,diet_vegetarian,tag_whole_food",,BLS-F514600,ref_000161,obs_0000033872|obs_0000027142|obs_0000025618|obs_0000027674|obs_0000026144|obs_0000021042|obs_0000016953|obs_0000034438|obs_0000032918|obs_0000026785|obs_0000019142|obs_0000017106|obs_0000034047|obs_0000020223|obs_0000026383|obs_0000028431|obs_0000027982|obs_0000024985|obs_0000022436|obs_0000010200|obs_0000017915|obs_0000015913|obs_0000015914|obs_0000030300|obs_0000029845|obs_0000008343|obs_0000032472|obs_0000029417|obs_0000032021|obs_0000031005|obs_0000011568|obs_0000011569|obs_0000007474|obs_0000029012|obs_0000034650|obs_0000000868|obs_0000007095|obs_0000031164|obs_0000032190|obs_0000008148|obs_0000030841|obs_0000015054|obs_0000029441|obs_0000026036|obs_0000006726|obs_0000032384|obs_0000005825|obs_0000027407|obs_0000007092|obs_0000030171,obs_0000027142|obs_0000025618|obs_0000027674|obs_0000026144|obs_0000021042|obs_0000016953|obs_0000033872|obs_0000034438|obs_0000032918|obs_0000026785|obs_0000019142|obs_0000017106|obs_0000034047|obs_0000020223|obs_0000026383|obs_0000028431|obs_0000027982|obs_0000024985|obs_0000022436|obs_0000010200|obs_0000017915,,
Gemüsesaft,Grünfink,"€ 1,29",,"pro Einheit = 1,59","pro Einheit = 1,59",,Nein,Gültig bis 25.04,2026-04-20,2026-04-25,../images/tegut/tegut_offer_174.jpg,"cat_getraenke,diet_lactose_free,diet_vegan,diet_vegetarian,sub_tk_gemuese,tag_whole_food",,,ref_000162,obs_0000000415|obs_0000014629|obs_0000034468|obs_0000004554|obs_0000004981|obs_0000001688|obs_0000034041|obs_0000003773|obs_0000004127|obs_0000030941,,,
Energy Drink,Red Bull,"€ 0,99",,"1 l = 3,96","1 l = 3,96",,Nein,Gültig bis 25.04,2026-04-20,2026-04-25,../images/tegut/tegut_offer_175.jpg,"cat_getraenke,tag_ultra_processed",,,ref_000163,obs_0000022027|obs_0000016414|obs_0000021058|obs_0000024154|obs_0000002158|obs_0000026742|obs_0000018063|obs_0000025242|obs_0000002214|obs_0000013993|obs_0000023733|obs_0000000193|obs_0000004816|obs_0000033497|obs_0000026353|obs_0000019186|obs_0000008960|obs_0000023301|obs_0000020239|obs_0000004389|obs_0000000304|obs_0000034110|obs_0000021846|obs_0000018775|obs_0000028526|obs_0000003962|obs_0000027531|obs_0000017338|obs_0000022971|obs_0000026042|obs_0000028643|obs_0000010758|obs_0000028180|obs_0000020512|obs_0000026684|obs_0000011333|obs_0000011355|obs_0000031887|obs_0000017046|obs_0000027310|obs_0000027877|obs_0000025348|obs_0000026886|obs_0000018194|obs_0000028455|obs_0000024876|obs_0000013614|obs_0000010050|obs_0000014658|obs_0000022864,obs_0000010758|obs_0000022027|obs_0000028180|obs_0000016414|obs_0000020512|obs_0000026684|obs_0000021058|obs_0000011333|obs_0000024154|obs_0000011355|obs_0000030304|obs_0000002158|obs_0000029298|obs_0000026742|obs_0000018063|obs_0000031887|obs_0000017046|obs_0000025242|obs_0000002214|obs_0000013993|obs_0000027310|obs_0000023733|obs_0000032439|obs_0000000193|obs_0000004816|obs_0000033497|obs_0000027877|obs_0000026353|obs_0000019186|obs_0000008960|obs_0000025348|obs_0000023301|obs_0000026886|obs_0000020239|obs_0000018194|obs_0000029973|obs_0000032023|obs_0000004389|obs_0000028455|obs_0000024876|obs_0000013614|obs_0000000304|obs_0000034110|obs_0000010050|obs_0000014658|obs_0000022864|obs_0000021331|obs_0000021846|obs_0000018775|obs_0000028526,,
Mineralwasser,Abenstaler Quelle,"€ 3,33",,"1 l = 0,40","1 l = 0,40",,Nein,Gültig bis 25.04,2026-04-20,2026-04-25,../images/tegut/tegut_offer_176.jpg,"cat_getraenke,diet_gluten_free,diet_lactose_free,diet_vegan,diet_vegetarian",,,ref_000164,obs_0000034851|obs_0000027653|obs_0000015908|obs_0000031797|obs_0000026205|obs_0000008801|obs_0000003689|obs_0000015481|obs_0000031867|obs_0000012414|obs_0000031871|obs_0000028800|obs_0000034437|obs_0000008841|obs_0000009353|obs_0000028841|obs_0000027836|obs_0000011969|obs_0000021185|obs_0000027856|obs_0000008437|obs_0000034043|obs_0000034044|obs_0000009985|obs_0000028931|obs_0000035059|obs_0000010519|obs_0000031006|obs_0000014625|obs_0000028968|obs_0000026948|obs_0000028493|obs_0000008537|obs_0000011123|obs_0000028537|obs_0000028027|obs_0000020366|obs_0000028603|obs_0000034235|obs_0000034238|obs_0000026570|obs_0000013773|obs_0000025562|obs_0000028654|obs_0000014332|obs_0000031249|obs_0000002068|obs_0000024088|obs_0000029232|obs_0000031834,obs_0000027653|obs_0000034851|obs_0000015908|obs_0000031797|obs_0000026205|obs_0000008801|obs_0000003689|obs_0000015481|obs_0000031867|obs_0000012414|obs_0000031871|obs_0000028800|obs_0000034437|obs_0000008841|obs_0000009353|obs_0000028841|obs_0000027836|obs_0000011969|obs_0000021185|obs_0000027856|obs_0000008437|obs_0000034043|obs_0000034044|obs_0000009985|obs_0000028931|obs_0000035059|obs_0000010519|obs_0000031006|obs_0000014625|obs_0000028968|obs_0000026948|obs_0000028493|obs_0000008537|obs_0000011123|obs_0000028537|obs_0000028027|obs_0000020366|obs_0000028603|obs_0000034235|obs_0000034238|obs_0000026570|obs_0000013773|obs_0000025562|obs_0000028654|obs_0000014332,,
Zaunhocker,Zaunhocker,"€ 7,99",,"pro Einheit = 7,99","pro Einheit = 7,99",,Nein,Gültig bis 25.04,2026-04-20,2026-04-25,../images/tegut/tegut_offer_177.jpg,"cat_non_food,tag_ultra_processed",,,ref_000165,,,,
Rasierklingen Fusion5 oder Mach3,Gillette,"€ 12,99",,"pro Einheit = 12,99","pro Einheit = 12,99",,Nein,Gültig bis 25.04,2026-04-20,2026-04-25,../images/tegut/tegut_offer_178.jpg,cat_drogerie,,,ref_000166,obs_0000033601|obs_0000015971,,,
Flüssigseife,Sodasan,"€ 3,49",,"pro Einheit = 3,99","pro Einheit = 3,99",,Nein,Gültig bis 25.04,2026-04-20,2026-04-25,../images/tegut/tegut_offer_179.jpg,"cat_drogerie,diet_vegetarian",,,ref_000167,obs_0000009217|obs_0000009697|obs_0000015973|obs_0000011621|obs_0000034059|obs_0000009084|obs_0000032398|obs_0000033295,obs_0000009217|obs_0000009697|obs_0000015973|obs_0000011621|obs_0000034059|obs_0000009084,,
Shampoo oder Spülung,Lavera,"€ 3,99",,"pro Einheit = 4,99","pro Einheit = 4,99",,Nein,Gültig bis 25.04,2026-04-20,2026-04-25,../images/tegut/tegut_offer_180.jpg,cat_drogerie,,,ref_000168,obs_0000011609|obs_0000012017|obs_0000012465|obs_0000012896|obs_0000013405|obs_0000015518|obs_0000016129|obs_0000010773|obs_0000012018|obs_0000012696|obs_0000013613|obs_0000005485|obs_0000005852|obs_0000006589|obs_0000015098|obs_0000007501|obs_0000015963|obs_0000006246|obs_0000035066|obs_0000005671|obs_0000006393|obs_0000005296|obs_0000006051|obs_0000032840|obs_0000032877|obs_0000033059|obs_0000033092|obs_0000033133|obs_0000033168|obs_0000000446|obs_0000033215|obs_0000033227|obs_0000033237|obs_0000033244|obs_0000033372|obs_0000033398|obs_0000033460|obs_0000033529|obs_0000033623|obs_0000033649|obs_0000009325|obs_0000034052|obs_0000009494|obs_0000034239|obs_0000009796|obs_0000009955|obs_0000034662|obs_0000001916|obs_0000010154|obs_0000034854,obs_0000011609|obs_0000012017|obs_0000012465|obs_0000012896|obs_0000013405|obs_0000015518|obs_0000016129,,
Deko-Kissen Froggy,Deko-Kissen Froggy,"€ 14,99",,"pro Einheit = 14,99","pro Einheit = 14,99",,Nein,Gültig bis 25.04,2026-04-20,2026-04-25,../images/tegut/tegut_offer_182.jpg,cat_non_food,,,ref_000169,obs_0000033441|obs_0000003990|obs_0000004417|obs_0000000322|obs_0000034259|obs_0000004844,,,
Total Zahncreme,Colgate,"€ 2,99",,"pro Einheit = 3,49","pro Einheit = 3,49",,Nein,Gültig bis 25.04,2026-04-20,2026-04-25,../images/tegut/tegut_offer_183.jpg,cat_drogerie,,,ref_000170,obs_0000008315|obs_0000027360|obs_0000012899|obs_0000031914|obs_0000012467|obs_0000012024|obs_0000015114|obs_0000022872,,,
Solar Laterne,Kynast,"€ 9,99",,"pro Einheit = 9,99","pro Einheit = 9,99",,Nein,Gültig bis 25.04,2026-04-20,2026-04-25,../images/tegut/tegut_offer_184.jpg,"cat_non_food,diet_lactose_free,diet_vegetarian",,,ref_000171,obs_0000020801|obs_0000021620|obs_0000022144,,,
Zahncreme Vitamin B12,Sante,"€ 3,99",,"1 l = 53,20","1 l = 53,20",,Nein,Gültig bis 25.04,2026-04-20,2026-04-25,../images/tegut/tegut_offer_185.jpg,cat_drogerie,,,ref_000172,obs_0000033844|obs_0000026163|obs_0000012899|obs_0000008315|obs_0000031914|obs_0000012467|obs_0000027360|obs_0000012024|obs_0000015114|obs_0000004949|obs_0000022872|obs_0000000390|obs_0000004522|obs_0000004095,obs_0000033844,,
Deo Roll-On,Weleda,"€ 5,49",,"pro Einheit = 6,99","pro Einheit = 6,99",,Nein,Gültig bis 25.04,2026-04-20,2026-04-25,../images/tegut/tegut_offer_186.jpg,cat_non_food,,,ref_000173,obs_0000034449|obs_0000010004|obs_0000012472|obs_0000009543|obs_0000031854|obs_0000006769|obs_0000029053|obs_0000033194|obs_0000014681|obs_0000031853|obs_0000012028|obs_0000010782|obs_0000007295|obs_0000032770|obs_0000029734,obs_0000034449|obs_0000010004|obs_0000012472|obs_0000009543|obs_0000031854,,
Deospray,Adidas,"€ 2,49",,"pro Einheit = 3,29","pro Einheit = 3,29",,Nein,Gültig bis 25.04,2026-04-20,2026-04-25,../images/tegut/tegut_offer_187.jpg,cat_drogerie,,,ref_000174,obs_0000015110|obs_0000013583|obs_0000035064|obs_0000003229|obs_0000032800|obs_0000026145|obs_0000026277|obs_0000033577|obs_0000002346|obs_0000033454|obs_0000032945|obs_0000026566|obs_0000034658|obs_0000031852|obs_0000033019|obs_0000027389|obs_0000030081|obs_0000032772|obs_0000032140|obs_0000034445|obs_0000032276|obs_0000014231|obs_0000008104|obs_0000005295|obs_0000003531|obs_0000031052|obs_0000029400|obs_0000033258|obs_0000005487|obs_0000029052|obs_0000034053|obs_0000015115|obs_0000013584|obs_0000033196|obs_0000033457|obs_0000034859|obs_0000033848|obs_0000034242|obs_0000007505|obs_0000033366|obs_0000033117|obs_0000033576|obs_0000021251|obs_0000032778|obs_0000025255|obs_0000029739|obs_0000020432|obs_0000007295,obs_0000030081|obs_0000015110|obs_0000013583|obs_0000035064|obs_0000003229|obs_0000032800|obs_0000026145|obs_0000026277|obs_0000033577|obs_0000002346|obs_0000033454|obs_0000032945|obs_0000026566|obs_0000034658|obs_0000031852|obs_0000033019|obs_0000027389,,
Weichspüler,Softlan,"€ 1,29",,"pro Einheit = 1,99","pro Einheit = 1,99",,Nein,Gültig bis 25.04,2026-04-20,2026-04-25,../images/tegut/tegut_offer_188.jpg,cat_drogerie,,,ref_000175,obs_0000019865|obs_0000016852|obs_0000022870|obs_0000026203|obs_0000034675|obs_0000013955|obs_0000010761|obs_0000003597|obs_0000015508|obs_0000032921|obs_0000015261|obs_0000019489|obs_0000020774|obs_0000009383|obs_0000013480|obs_0000031910|obs_0000033198|obs_0000020279|obs_0000021945|obs_0000008124|obs_0000027580|obs_0000028356|obs_0000010952|obs_0000012876|obs_0000011598|obs_0000025167|obs_0000032849|obs_0000031701|obs_0000021593|obs_0000014305|obs_0000023651|obs_0000021098|obs_0000009843|obs_0000006387|obs_0000026740|obs_0000016125|obs_0000033664|obs_0000008789|obs_0000033155|obs_0000032146|obs_0000032282|obs_0000006941|obs_0000005663|obs_0000005297|obs_0000030775|obs_0000029375|obs_0000007113|obs_0000005858|obs_0000012004|obs_0000006762,obs_0000013955|obs_0000010761|obs_0000003597|obs_0000015508|obs_0000019865|obs_0000032921|obs_0000015261|obs_0000006941|obs_0000005663|obs_0000019489|obs_0000020774|obs_0000009383|obs_0000013480|obs_0000031910|obs_0000033198|obs_0000020279|obs_0000021945|obs_0000008124|obs_0000027580|obs_0000028356|obs_0000010952|obs_0000012876|obs_0000011598|obs_0000025167|obs_0000032849|obs_0000016852|obs_0000031701|obs_0000022870|obs_0000021593|obs_0000026203|obs_0000014305|obs_0000023651|obs_0000021098|obs_0000009843|obs_0000006387|obs_0000026740|obs_0000034675|obs_0000016125|obs_0000033664,,
Katzennahrung,Perfect Fit,"€ 3,33",,"pro Einheit = 3,99","pro Einheit = 3,99",,Nein,Gültig bis 25.04,2026-04-20,2026-04-25,../images/tegut/tegut_offer_189.jpg,"cat_tiernahrung,tag_ultra_processed",,,ref_000176,obs_0000033541|obs_0000034456|obs_0000013736|obs_0000015533|obs_0000027821|obs_0000014398|obs_0000008127|obs_0000026441|obs_0000012491|obs_0000015701|obs_0000014307|obs_0000030727|obs_0000032780|obs_0000026771|obs_0000028826|obs_0000013992|obs_0000034869|obs_0000028361|obs_0000028746|obs_0000034257|obs_0000029394|obs_0000007936|obs_0000005493|obs_0000006400|obs_0000028189|obs_0000033860|obs_0000032856|obs_0000032857|obs_0000005863|obs_0000033005|obs_0000028398|obs_0000033390|obs_0000006773|obs_0000031863|obs_0000030369|obs_0000032042|obs_0000005677|obs_0000007118|obs_0000030031|obs_0000007508|obs_0000031378|obs_0000032151|obs_0000032286|obs_0000029741|obs_0000032457|obs_0000034062|obs_0000032288|obs_0000008604,obs_0000033541|obs_0000034456|obs_0000013736|obs_0000015533|obs_0000027821|obs_0000014398|obs_0000008127|obs_0000026441|obs_0000012491|obs_0000015701|obs_0000014307,,
Biscrok,Pedigree,"€ 1,99",,"pro Einheit = 2,49","pro Einheit = 2,49",,Nein,Gültig bis 25.04,2026-04-20,2026-04-25,../images/tegut/tegut_offer_190.jpg,"cat_knabbern_naschen,diet_vegetarian,tag_ultra_processed",,,ref_000177,,,,
Staubmagnet Starter-Set inkl 3 Tücher,Swiffer,"€ 2,99",,"pro Einheit = 3,79","pro Einheit = 3,79",,Nein,Gültig bis 25.04,2026-04-20,2026-04-25,../images/tegut/tegut_offer_191.jpg,cat_drogerie,,,ref_000178,obs_0000015587|obs_0000008428|obs_0000013429|obs_0000012113|obs_0000015588|obs_0000008424|obs_0000008431|obs_0000013428|obs_0000033603,,,
PURE Toilettenpapier,mach mit,"€ 2,79",,"pro Einheit = 3,99","pro Einheit = 3,99",,Nein,Gültig bis 25.04,2026-04-20,2026-04-25,../images/tegut/tegut_offer_192.jpg,cat_drogerie,,,ref_000179,obs_0000034994|obs_0000000527|obs_0000003599|obs_0000001568|obs_0000010282|obs_0000033855|obs_0000002116|obs_0000026693|obs_0000024163|obs_0000013932|obs_0000004745|obs_0000013454|obs_0000027323|obs_0000023741|obs_0000028373|obs_0000025816|obs_0000028891|obs_0000026332|obs_0000004318|obs_0000033514|obs_0000000748|obs_0000033004|obs_0000000261|obs_0000008992|obs_0000000809|obs_0000003891|obs_0000001341|obs_0000014665|obs_0000033636|obs_0000033135|obs_0000028024|obs_0000006587|obs_0000011770,obs_0000034994,,
Katzennahrung,Josi Cat,"€ 0,55",,"1 kg = 5,50","1 kg = 5,50",,Nein,Gültig bis 25.04,2026-04-20,2026-04-25,,cat_tiernahrung,,,ref_000180,obs_0000033541|obs_0000034456|obs_0000013736|obs_0000015533|obs_0000027821|obs_0000014398|obs_0000008127|obs_0000026441|obs_0000012491|obs_0000015701|obs_0000014307|obs_0000030727|obs_0000032780|obs_0000026771|obs_0000028826|obs_0000013992|obs_0000034869|obs_0000028361|obs_0000028746|obs_0000034257|obs_0000029394|obs_0000007936|obs_0000005493|obs_0000006400|obs_0000028189|obs_0000033860|obs_0000032856|obs_0000032857|obs_0000005863|obs_0000033005|obs_0000028398|obs_0000033390|obs_0000006773|obs_0000031863|obs_0000030369|obs_0000032042|obs_0000005677|obs_0000007118|obs_0000030031|obs_0000007508|obs_0000031378|obs_0000032151|obs_0000032286|obs_0000029741|obs_0000032457|obs_0000034062|obs_0000032288|obs_0000008604,obs_0000033541|obs_0000034456|obs_0000013736|obs_0000015533|obs_0000027821|obs_0000014398|obs_0000008127|obs_0000026441|obs_0000012491|obs_0000015701|obs_0000014307,,
Universal-Rindenmulch,Universal-Rindenmulch,"€ 8,88",,"1 l = 0,07","1 l = 0,07",,Nein,Gültig bis 25.04,2026-04-20,2026-04-25,../images/tegut/tegut_offer_194.jpg,cat_non_food,,,ref_000181,obs_0000035079,,,
Voll- oder Feinwaschmittel,Coral,"€ 3,99",,"pro Einheit = 5,29","pro Einheit = 5,29",,Nein,Gültig bis 25.04,2026-04-20,2026-04-25,../images/tegut/tegut_offer_195.jpg,cat_drogerie,,,ref_000182,obs_0000012453|obs_0000014661|obs_0000012649|obs_0000010760|obs_0000014866|obs_0000012874|obs_0000011156|obs_0000015297|obs_0000013475|obs_0000011597|obs_0000015700|obs_0000012002|obs_0000010248|obs_0000014365|obs_0000015946|obs_0000028457,obs_0000012649,,
Qualitäts Blumenerde,Prestoplant,"€ 8,88",,"1 l = 0,07","1 l = 0,07",,Nein,Gültig bis 25.04,2026-04-20,2026-04-25,../images/tegut/tegut_offer_197.jpg,cat_getraenke,,,ref_000183,obs_0000034462|obs_0000024531|obs_0000027996,obs_0000034462,,
Geschirrspülmittel,Frosch,"€ 1,79",,"1 l = 3,58","1 l = 3,58",,Nein,Gültig bis 25.04,2026-04-20,2026-04-25,../images/tegut/tegut_offer_198.jpg,cat_drogerie,,,ref_000184,obs_0000034453|obs_0000015118|obs_0000011161|obs_0000010271|obs_0000013986|obs_0000028221|obs_0000034995|obs_0000008401|obs_0000011604|obs_0000013654|obs_0000015958|obs_0000008305|obs_0000031355|obs_0000013052|obs_0000032274|obs_0000006050|obs_0000005293|obs_0000020019|obs_0000016850|obs_0000029778|obs_0000005857|obs_0000006247|obs_0000006763|obs_0000030063|obs_0000032757|obs_0000007927|obs_0000013224|obs_0000024713|obs_0000025820,obs_0000015118|obs_0000034453|obs_0000011161|obs_0000010271|obs_0000013986|obs_0000006050|obs_0000005293|obs_0000020019|obs_0000028221|obs_0000034995|obs_0000008401|obs_0000016850|obs_0000011604|obs_0000013654|obs_0000015958|obs_0000006247|obs_0000006763|obs_0000008305|obs_0000031355|obs_0000013052,,
Slipeinlagen oder Binden,natracare,"€ 2,49",,"pro Einheit = 2,49","pro Einheit = 2,49",,Nein,Gültig bis 25.04,2026-04-20,2026-04-25,../images/tegut/tegut_offer_199.jpg,cat_drogerie,,,ref_000185,obs_0000008207|obs_0000032995|obs_0000033278|obs_0000012882|obs_0000033444|obs_0000033669|obs_0000011601|obs_0000015952|obs_0000012009,,,
Weißbier hell,Keiler,"€ 12,99",,"pro Einheit = 15,99","pro Einheit = 15,99",,Nein,Gültig bis 25.04,2026-04-20,2026-04-25,../images/tegut/tegut_offer_208.jpg,"cat_getraenke,diet_vegetarian",,,ref_000186,obs_0000035046|obs_0000027553|obs_0000031751|obs_0000034841|obs_0000009785|obs_0000031386|obs_0000031388|obs_0000031911|obs_0000034475|obs_0000034487|obs_0000009915|obs_0000027336|obs_0000028367|obs_0000028886|obs_0000027350|obs_0000011994|obs_0000006377|obs_0000035037|obs_0000035038|obs_0000028962|obs_0000028970|obs_0000010541|obs_0000014654|obs_0000028550|obs_0000034223|obs_0000008658|obs_0000028667|obs_0000029258|obs_0000031617,obs_0000035046|obs_0000027553,,
Pilsener,Veltins,"€ 11,99",,"1 l = 1,20","1 l = 1,20",,Nein,Gültig bis 25.04,2026-04-20,2026-04-25,../images/tegut/tegut_offer_209.jpg,cat_getraenke,,,ref_000187,obs_0000026503|obs_0000015503|obs_0000034836|obs_0000013820|obs_0000028547|obs_0000034842|obs_0000034091|obs_0000035044|obs_0000014011|obs_0000028988|obs_0000014656|obs_0000015939|obs_0000034637|obs_0000008415|obs_0000028405|obs_0000028664|obs_0000035045|obs_0000008838|obs_0000005639|obs_0000009355|obs_0000029199|obs_0000015505|obs_0000026385|obs_0000030754|obs_0000010028|obs_0000020153|obs_0000025018|obs_0000027068|obs_0000029764|obs_0000026593|obs_0000029928|obs_0000009578|obs_0000020972|obs_0000035041|obs_0000032304|obs_0000029887|obs_0000031557|obs_0000030721|obs_0000015507|obs_0000035108|obs_0000015940|obs_0000007889|obs_0000011998|obs_0000031083|obs_0000015085|obs_0000029423|obs_0000011769|obs_0000034429|obs_0000030250|obs_0000031615,obs_0000028547|obs_0000026503|obs_0000015503|obs_0000034836|obs_0000034842|obs_0000030754|obs_0000034091|obs_0000035044|obs_0000014011|obs_0000028988|obs_0000014656|obs_0000015939|obs_0000029764|obs_0000034637|obs_0000008415|obs_0000029928|obs_0000028405|obs_0000028664|obs_0000013820|obs_0000035045,,
Veltins V oder Mixery,Veltins,"€ 0,79",,"1 l = 1,58","1 l = 1,58",,Nein,Gültig bis 25.04,2026-04-20,2026-04-25,../images/tegut/tegut_offer_210.jpg,"cat_getraenke,tag_ultra_processed",,,ref_000188,obs_0000031557|obs_0000029887|obs_0000032304|obs_0000015093|obs_0000006020,,,
Münchner Hell,Spaten,"€ 14,99",,"pro Einheit = 18,99","pro Einheit = 18,99",,Nein,Gültig bis 25.04,2026-04-20,2026-04-25,../images/tegut/tegut_offer_211.jpg,cat_getraenke,,,ref_000189,obs_0000013313|obs_0000028250|obs_0000015504|obs_0000034636|obs_0000010094|obs_0000003504|obs_0000033822|obs_0000035040|obs_0000035050|obs_0000012642|obs_0000005646|obs_0000030393|obs_0000030402|obs_0000029407|obs_0000006908|obs_0000029993|obs_0000029045|obs_0000034841|obs_0000009785|obs_0000031386|obs_0000034475|obs_0000034487|obs_0000009915|obs_0000027350|obs_0000011994|obs_0000006377|obs_0000035038|obs_0000010541|obs_0000014654|obs_0000028550|obs_0000008658|obs_0000028667|obs_0000029258|obs_0000031617,obs_0000013313|obs_0000033822|obs_0000028250|obs_0000015504|obs_0000030393|obs_0000035040|obs_0000035050|obs_0000034636|obs_0000012642|obs_0000010094|obs_0000029045|obs_0000003504,,
Störtebeker,Störtebeker,"€ 15,99",,"pro Einheit = 18,49","pro Einheit = 18,49",,Nein,Gültig bis 25.04,2026-04-20,2026-04-25,../images/tegut/tegut_offer_212.jpg,"cat_knabbern_naschen,tag_ultra_processed",,,ref_000190,obs_0000029250,,,
San Miguel oder Bitburger,San Miguel,"€ 3,99",,"1 l = 2,02","1 l = 2,02",,Nein,Gültig bis 25.04,2026-04-20,2026-04-25,../images/tegut/tegut_offer_214.jpg,"cat_getraenke,tag_ultra_processed",,,ref_000191,,,,
