Produkt,Marke,Preis,Vorheriger Preis,Preis_kg,RAW_Preis_kg,Hinweis,Nur_online,Gueltig_raw,Gueltig_von,Gueltig_bis,Bildpfad,assigned_labels,source_market,Einheit,nutrition_link,reference_row_id,rough_match_observation_ids,exact_match_observation_ids,brand_extracted,brand_normalized
Haselnuss Vanilla Schokolade,Langnese Cremissimo,"€ 1,99",,"pro Einheit = 1,99","pro Einheit = 1,99",je 1000-ml-Becher,Nein,2026-04-27 bis 2026-05-03,2026-04-27,2026-05-03,../images/rewe/bamberg_offer_001.jpg,"cat_knabbern_naschen,diet_vegetarian,sub_fleischersatz,sub_tk_eis,sub_tk_fertiggerichte,tag_high_protein,tag_ultra_processed",bamberg,,,ref_000001,obs_0000030327|obs_0000032266|obs_0000032641|obs_0000029167|obs_0000011783|obs_0000015893|obs_0000027700|obs_0000013879|obs_0000022597|obs_0000028232|obs_0000013394|obs_0000028244|obs_0000028249|obs_0000000091|obs_0000015454|obs_0000004705|obs_0000034408|obs_0000031849|obs_0000034411|obs_0000017539|obs_0000025221|obs_0000000138|obs_0000025739|obs_0000008861|obs_0000015026|obs_0000004278|obs_0000017595|obs_0000021699|obs_0000017605|obs_0000001243|obs_0000034013|obs_0000000230|obs_0000018155|obs_0000003326|obs_0000004873|obs_0000018698|obs_0000003851|obs_0000014104|obs_0000010522|obs_0000002336|obs_0000033056|obs_0000031011|obs_0000021291|obs_0000016691|obs_0000004446|obs_0000011112|obs_0000008595|obs_0000008610|obs_0000004019|obs_0000006579,obs_0000030327|obs_0000032641|obs_0000029167,,
Pistazien,Kluth,"€ 6,99",,"1 kg = 18,64","1 kg = 18,64","geröstet & gesalzen, je 375-g-Btl.",Nein,2026-04-27 bis 2026-05-03,2026-04-27,2026-05-03,../images/rewe/bamberg_offer_152.jpg,"cat_knabbern_naschen,diet_gluten_free,diet_lactose_free,diet_vegan,diet_vegetarian,tag_ultra_processed,tag_whole_food",bamberg,,,ref_000002,obs_0000005014|obs_0000000433|obs_0000004160|obs_0000004587|obs_0000001787,,x,
Loacker,Loacker,"€ 1,49",,"1 kg = 11,04","1 kg = 11,04","versch. Sorten, je 135-g-Pckg.",Nein,2026-04-27 bis 2026-05-03,2026-04-27,2026-05-03,../images/rewe/bamberg_offer_153.jpg,"cat_knabbern_naschen,diet_gluten_free,diet_lactose_free,diet_vegan,diet_vegetarian,sub_exoten,sub_frisches_gemuese,sub_frisches_obst,tag_ultra_processed,tag_whole_food",bamberg,,BLS-D050000,ref_000003,obs_0000029693,,x,
Dessert-Sauce,Schwartau,"€ 1,59",,"1 l = 12,72","1 l = 12,72","versch. Sorten, je 125-ml-Fl.",Nein,2026-04-27 bis 2026-05-03,2026-04-27,2026-05-03,../images/rewe/bamberg_offer_154.jpg,"cat_knabbern_naschen,diet_gluten_free,diet_lactose_free,diet_vegan,diet_vegetarian",bamberg,,,ref_000004,obs_0000015382|obs_0000012336|obs_0000017969|obs_0000013386|obs_0000004175|obs_0000016979|obs_0000034889|obs_0000009845|obs_0000011915|obs_0000014488|obs_0000022199|obs_0000010474|obs_0000013586|obs_0000008982|obs_0000009519|obs_0000017731|obs_0000010617|obs_0000018839|obs_0000005029|obs_0000015792|obs_0000000443|obs_0000018932|obs_0000004602,,x,
Trail Mix oder Studentenfutter,Seeberger,"€ 1,99",,"1 kg = 13,27","1 kg = 13,27",je 150-g-Btl.,Nein,2026-04-27 bis 2026-05-03,2026-04-27,2026-05-03,../images/rewe/bamberg_offer_155.jpg,"cat_knabbern_naschen,diet_gluten_free,diet_vegetarian,tag_ultra_processed",bamberg,,,ref_000005,obs_0000024700|obs_0000012180|obs_0000013434|obs_0000014822,,x,
m m s,Mars,"€ 1,99",,"1 kg = 15,55","1 kg = 15,55","Crispy, je 128-g-Pckg.",Nein,2026-04-27 bis 2026-05-03,2026-04-27,2026-05-03,../images/rewe/bamberg_offer_156.jpg,"cat_knabbern_naschen,diet_gluten_free,diet_lactose_free,diet_vegan,diet_vegetarian,sub_exoten,sub_frisches_gemuese,sub_frisches_obst,tag_ultra_processed,tag_whole_food",bamberg,,,ref_000006,obs_0000029325|obs_0000032014|obs_0000032433|obs_0000030668|obs_0000032013|obs_0000033810|obs_0000000635|obs_0000030088|obs_0000005471|obs_0000032701|obs_0000005283,obs_0000029325|obs_0000032014|obs_0000032433,x,
Duplo,Duplo,"€ 2,22",,"1 kg = 12,20","1 kg = 12,20","je 10 x 18,2-g-Riegel-Pckg.",Nein,2026-04-27 bis 2026-05-03,2026-04-27,2026-05-03,../images/rewe/bamberg_offer_157.jpg,"cat_knabbern_naschen,diet_vegetarian,tag_ultra_processed",bamberg,,,ref_000007,obs_0000024722|obs_0000030994|obs_0000032435|obs_0000029370|obs_0000016459|obs_0000023002|obs_0000028014|obs_0000007682|obs_0000017413|obs_0000018699|obs_0000030987|obs_0000006925|obs_0000018581|obs_0000019862|obs_0000006935|obs_0000029970|obs_0000019495|obs_0000001192|obs_0000022071|obs_0000005840|obs_0000002001|obs_0000023761|obs_0000017628|obs_0000016488|obs_0000028145|obs_0000024180|obs_0000009371|obs_0000014275|obs_0000008282|obs_0000009830|obs_0000006928|obs_0000028142,obs_0000024722|obs_0000030994|obs_0000032435|obs_0000029370|obs_0000016459|obs_0000023002|obs_0000028014,,
Energy Drink,Red Bull,"€ 0,99",,"1 l = 3,96","1 l = 3,96","versch. Sorten, koffeinhaltig, je 0,25-l-Dose, zzgl. 0,25 € Pfand",Nein,2026-04-27 bis 2026-05-03,2026-04-27,2026-05-03,../images/rewe/bamberg_offer_158.jpg,"cat_getraenke,tag_ultra_processed",bamberg,,,ref_000008,obs_0000022027|obs_0000016414|obs_0000021058|obs_0000024154|obs_0000002158|obs_0000026742|obs_0000018063|obs_0000025242|obs_0000002214|obs_0000013993|obs_0000023733|obs_0000000193|obs_0000004816|obs_0000033497|obs_0000026353|obs_0000019186|obs_0000008960|obs_0000023301|obs_0000020239|obs_0000004389|obs_0000000304|obs_0000034110|obs_0000021846|obs_0000018775|obs_0000028526|obs_0000003962|obs_0000027531|obs_0000017338|obs_0000022971|obs_0000026042|obs_0000028643|obs_0000010758|obs_0000028180|obs_0000020512|obs_0000026684|obs_0000011333|obs_0000011355|obs_0000031887|obs_0000017046|obs_0000027310|obs_0000027877|obs_0000025348|obs_0000026886|obs_0000018194|obs_0000028455|obs_0000024876|obs_0000013614|obs_0000010050|obs_0000014658|obs_0000022864,obs_0000010758|obs_0000022027|obs_0000028180|obs_0000016414|obs_0000020512|obs_0000026684|obs_0000021058|obs_0000011333|obs_0000024154|obs_0000011355|obs_0000030304|obs_0000002158|obs_0000029298|obs_0000026742|obs_0000018063|obs_0000031887|obs_0000017046|obs_0000025242|obs_0000002214|obs_0000013993|obs_0000027310|obs_0000023733|obs_0000032439|obs_0000000193|obs_0000004816|obs_0000033497|obs_0000027877|obs_0000026353|obs_0000019186|obs_0000008960|obs_0000025348|obs_0000023301|obs_0000026886|obs_0000020239|obs_0000018194|obs_0000029973|obs_0000032023|obs_0000004389|obs_0000028455|obs_0000024876|obs_0000013614|obs_0000000304|obs_0000034110|obs_0000010050|obs_0000014658|obs_0000022864|obs_0000021331|obs_0000021846|obs_0000018775|obs_0000028526,,
Trinkgenuss,Granini,"€ 1,59",,"pro Einheit = 1,59","pro Einheit = 1,59","versch. Sorten, je 1-l-Fl., zzgl. 0,25 € Pfand",Nein,2026-04-27 bis 2026-05-03,2026-04-27,2026-05-03,../images/rewe/bamberg_offer_160.jpg,cat_getraenke,bamberg,,,ref_000009,obs_0000021656|obs_0000009638|obs_0000022190|obs_0000023008|obs_0000020837|obs_0000017652|obs_0000014838|obs_0000032293|obs_0000029756,obs_0000021656|obs_0000032293|obs_0000009638|obs_0000022190|obs_0000029756|obs_0000023008|obs_0000020837|obs_0000017652|obs_0000014838,,
Mineralwasser,Volvic,"€ 3,99",,"1 l = 0,44","1 l = 0,44","Naturelle, je 6 x 1,5-l-Fl.-Pckg., zzgl. 1,50 € Pfand",Nein,2026-04-27 bis 2026-05-03,2026-04-27,2026-05-03,../images/rewe/bamberg_offer_161.jpg,"cat_getraenke,diet_gluten_free,diet_lactose_free,diet_vegan,diet_vegetarian,tag_whole_food",bamberg,,BLS-N120000,ref_000010,obs_0000032706|obs_0000005270|obs_0000007093|obs_0000027653|obs_0000034851|obs_0000015908|obs_0000031797|obs_0000026205|obs_0000008801|obs_0000003689|obs_0000015481|obs_0000031867|obs_0000012414|obs_0000031871|obs_0000028800|obs_0000034437|obs_0000008841|obs_0000009353|obs_0000028841|obs_0000027836|obs_0000011969|obs_0000021185|obs_0000027856|obs_0000008437|obs_0000034043|obs_0000034044|obs_0000009985|obs_0000028931|obs_0000035059|obs_0000010519|obs_0000031006|obs_0000014625|obs_0000028968|obs_0000001349|obs_0000026948|obs_0000028493|obs_0000008537|obs_0000011123|obs_0000028537|obs_0000028027|obs_0000020366|obs_0000028603|obs_0000034235|obs_0000034238|obs_0000026570|obs_0000013773|obs_0000025562|obs_0000028654|obs_0000014332,obs_0000031871|obs_0000028931|obs_0000010519|obs_0000032706,x,
Powerade,Powerade,"€ 0,99",,"1 l = 1,98","1 l = 1,98","versch. Sorten, je 0,5-l-Fl., zzgl. 0,25 € Pfand",Nein,2026-04-27 bis 2026-05-03,2026-04-27,2026-05-03,../images/rewe/bamberg_offer_162.jpg,"cat_getraenke,diet_gluten_free,diet_lactose_free,diet_vegan,diet_vegetarian,tag_ultra_processed,tag_whole_food",bamberg,,,ref_000011,obs_0000029011|obs_0000032708|obs_0000029975|obs_0000005640,obs_0000029011|obs_0000032708|obs_0000029975,x,
Mineralwasser,Franken Brunnen,"€ 5,49",,"1 l = 0,46","1 l = 0,46","versch. Sorten, je 12 x 1-l-Fl.-Kasten, zzgl. 3,30 € Pfand",Nein,2026-04-27 bis 2026-05-03,2026-04-27,2026-05-03,../images/rewe/bamberg_offer_163.jpg,"cat_getraenke,diet_gluten_free,diet_lactose_free,diet_vegan,diet_vegetarian,tag_whole_food",bamberg,,,ref_000012,obs_0000006205|obs_0000005254|obs_0000029412|obs_0000007475|obs_0000007476|obs_0000029013|obs_0000032715|obs_0000006571|obs_0000005626|obs_0000027653|obs_0000034851|obs_0000015908|obs_0000031797|obs_0000026205|obs_0000008801|obs_0000003689|obs_0000015481|obs_0000031867|obs_0000012414|obs_0000031871|obs_0000028800|obs_0000034437|obs_0000008841|obs_0000009353|obs_0000028841|obs_0000027836|obs_0000011969|obs_0000021185|obs_0000027856|obs_0000008437|obs_0000034043|obs_0000034044|obs_0000009985|obs_0000028931|obs_0000035059|obs_0000010519|obs_0000031006|obs_0000014625|obs_0000028968|obs_0000026948|obs_0000028493|obs_0000008537|obs_0000011123|obs_0000028537|obs_0000028027|obs_0000020366|obs_0000028603|obs_0000034235|obs_0000034238|obs_0000026570,obs_0000031797|obs_0000006205|obs_0000026205|obs_0000005254|obs_0000008841|obs_0000031396|obs_0000029412|obs_0000008437|obs_0000009985|obs_0000014625|obs_0000007475|obs_0000007476|obs_0000029013|obs_0000011123|obs_0000032715,x,
Förstina Sprudel Premium Mineralwasser,Keine Marke,"€ 4,49",,"1 l = 0,50","1 l = 0,50","versch. Sorten, je 12 x 0,75-l-Fl.-Kasten, zzgl. 3,30 € Pfand",Nein,2026-04-27 bis 2026-05-03,2026-04-27,2026-05-03,../images/rewe/bamberg_offer_164.jpg,"cat_getraenke,diet_gluten_free,diet_lactose_free,diet_vegan,diet_vegetarian",bamberg,,,ref_000013,obs_0000030351|obs_0000028303|obs_0000034653|obs_0000034851|obs_0000012414|obs_0000028800|obs_0000028841|obs_0000008437|obs_0000028931|obs_0000035059|obs_0000010519|obs_0000031006|obs_0000014625|obs_0000028968|obs_0000026948|obs_0000008537|obs_0000008801|obs_0000008841|obs_0000021185|obs_0000011123|obs_0000025562|obs_0000027653|obs_0000031797|obs_0000015481|obs_0000031867|obs_0000031871|obs_0000009353|obs_0000027836|obs_0000027856|obs_0000034043|obs_0000034044|obs_0000011595|obs_0000028027|obs_0000034235|obs_0000034238|obs_0000013773|obs_0000013830|obs_0000015908|obs_0000026205|obs_0000003689|obs_0000034437|obs_0000011969|obs_0000009985|obs_0000028493|obs_0000028537|obs_0000020366|obs_0000028603|obs_0000026570|obs_0000028654|obs_0000014332,obs_0000028303,,
Brauspezialitäten,Mönchshof,"€ 13,99",,"1 l = 1,40","1 l = 1,40","versch. Sorten, auch alkoholfrei, je 20 x 0,5-l-Fl.-Kasten, zzgl. 4,50 € Pfand",Nein,2026-04-27 bis 2026-05-03,2026-04-27,2026-05-03,../images/rewe/bamberg_offer_165.jpg,"cat_getraenke,tag_ultra_processed",bamberg,,,ref_000014,obs_0000030403,obs_0000030403,,
Pils,BECK S,"€ 11,99",,"1 l = 1,20","1 l = 1,20","versch. Sorten, je 20 x 0,5-l-Fl.-Kasten, zzgl. 3,10 € Pfand",Nein,2026-04-27 bis 2026-05-03,2026-04-27,2026-05-03,../images/rewe/bamberg_offer_166.jpg,cat_getraenke,bamberg,,BLS-X890662,ref_000015,obs_0000033823|obs_0000028759|obs_0000024176|obs_0000016578|obs_0000019656|obs_0000023756|obs_0000017247|obs_0000014202|obs_0000026062|obs_0000031740|obs_0000010755|obs_0000013338|obs_0000026170|obs_0000015941|obs_0000012871|obs_0000028275|obs_0000034423|obs_0000012448|obs_0000027329|obs_0000028878|obs_0000035035|obs_0000028408|obs_0000028937|obs_0000008467|obs_0000027944|obs_0000004922|obs_0000028500|obs_0000000370|obs_0000010120|obs_0000004495|obs_0000013819|obs_0000034708|obs_0000010165|obs_0000028614|obs_0000031695|obs_0000003041|obs_0000004068|obs_0000013339|obs_0000011995|obs_0000015090|obs_0000010756|obs_0000013836|obs_0000028695|obs_0000030755|obs_0000013350|obs_0000014397|obs_0000028734|obs_0000015938|obs_0000029763|obs_0000033895,obs_0000010755|obs_0000013338|obs_0000033823|obs_0000026170|obs_0000015941|obs_0000012871|obs_0000028759|obs_0000024176|obs_0000028275|obs_0000034423|obs_0000031390|obs_0000012448|obs_0000032443|obs_0000027329|obs_0000016578|obs_0000019656|obs_0000023756|obs_0000028878|obs_0000035035|obs_0000028408|obs_0000028937|obs_0000008467|obs_0000027944|obs_0000004922|obs_0000028500|obs_0000017247|obs_0000000370|obs_0000014202|obs_0000010120|obs_0000004495|obs_0000029071|obs_0000013819|obs_0000034708|obs_0000010165|obs_0000028614|obs_0000026062|obs_0000031695|obs_0000032728|obs_0000003041|obs_0000004068|obs_0000031740,,
Original,Schneider Weisse,"€ 15,99",,"1 l = 1,60","1 l = 1,60","versch. Sorten, je 20 x 0,5-l-Fl.-Kasten, zzgl. 3,10 € Pfand",Nein,2026-04-27 bis 2026-05-03,2026-04-27,2026-05-03,../images/rewe/bamberg_offer_167.jpg,"cat_getraenke,diet_gluten_free,diet_lactose_free,diet_vegan,diet_vegetarian,tag_ultra_processed",bamberg,,,ref_000016,obs_0000029421|obs_0000031077|obs_0000028730|obs_0000020611|obs_0000012423|obs_0000006283|obs_0000026772|obs_0000026832|obs_0000028896|obs_0000035052|obs_0000027005|obs_0000027048|obs_0000021000|obs_0000008777|obs_0000021117|obs_0000008906|obs_0000015051|obs_0000021430|obs_0000025547|obs_0000033763|obs_0000017384|obs_0000013325|obs_0000019505|obs_0000031800|obs_0000025705|obs_0000009334|obs_0000015502|obs_0000027791|obs_0000033975|obs_0000021758|obs_0000009525|obs_0000021868|obs_0000017799|obs_0000026035|obs_0000022184|obs_0000020181|obs_0000034561|obs_0000009987|obs_0000028429|obs_0000034575|obs_0000016167|obs_0000020298|obs_0000028516|obs_0000010117|obs_0000014249|obs_0000028630,obs_0000029421,x,
Radeberger Pilsner,Keine Marke,"€ 11,99",,"1 l = 1,20","1 l = 1,20","je 20 x 0,5-l-Fl.-Kasten, zzgl. 3,10 € Pfand",Nein,2026-04-27 bis 2026-05-03,2026-04-27,2026-05-03,../images/rewe/bamberg_offer_168.jpg,cat_getraenke,bamberg,,,ref_000017,obs_0000029992|obs_0000015943|obs_0000027852|obs_0000026911|obs_0000031680|obs_0000033919|obs_0000026430|obs_0000030239,obs_0000029992|obs_0000033919,,
Kulmbacher Edelherb Steinie,Keine Marke,"€ 8,99",,"1 l = 1,36","1 l = 1,36","je 20 x 0,33-l-Fl.-Kasten, zzgl. 3,10 € Pfand",Nein,2026-04-27 bis 2026-05-03,2026-04-27,2026-05-03,../images/rewe/bamberg_offer_169.jpg,"cat_getraenke,diet_gluten_free,diet_lactose_free,diet_vegan,diet_vegetarian,sub_wurst,tag_whole_food",bamberg,,,ref_000018,obs_0000030401|obs_0000029760|obs_0000014657|obs_0000028328|obs_0000027498|obs_0000011149,,,
Beer,Desperados,"€ 4,99",,"1 l = 3,78","1 l = 3,78","versch. Sorten, je 4 x 0,33-l-Fl.-Pckg., zzgl. 0,32 € Pfand",Nein,2026-04-27 bis 2026-05-03,2026-04-27,2026-05-03,../images/rewe/bamberg_offer_170.jpg,"cat_getraenke,diet_gluten_free,diet_lactose_free,diet_vegan,diet_vegetarian,sub_frisches_obst,tag_whole_food",bamberg,,,ref_000019,obs_0000029200|obs_0000031383|obs_0000032444|obs_0000030398|obs_0000007675,obs_0000029200|obs_0000031383|obs_0000032444|obs_0000030398,x,
Münchner Hell,Spaten,"€ 14,99",,"1 l = 1,50","1 l = 1,50","je 20 x 0,5-l-Fl.-Kasten, zzgl. 3,10 € Pfand",Nein,2026-04-27 bis 2026-05-03,2026-04-27,2026-05-03,../images/rewe/bamberg_offer_171.jpg,"cat_getraenke,diet_gluten_free,diet_lactose_free,diet_vegan,diet_vegetarian,sub_frisches_gemuese,tag_whole_food",bamberg,,,ref_000020,obs_0000030393|obs_0000029045|obs_0000013313|obs_0000033822|obs_0000028250|obs_0000015504|obs_0000035040|obs_0000035050|obs_0000034636|obs_0000012642|obs_0000010094|obs_0000003504|obs_0000005646|obs_0000030402|obs_0000029407|obs_0000006908|obs_0000029993|obs_0000007097|obs_0000034841|obs_0000009785|obs_0000031386|obs_0000034475|obs_0000034487|obs_0000009915|obs_0000027350|obs_0000011994|obs_0000006377|obs_0000035038|obs_0000010541|obs_0000014654|obs_0000028550|obs_0000008658|obs_0000028667,obs_0000013313|obs_0000028250|obs_0000015504|obs_0000030393|obs_0000034636|obs_0000010094|obs_0000029045|obs_0000003504,x,
Sekt,Freixenet,"€ 3,88",,"1 l = 5,17","1 l = 5,17","versch. Sorten, je 0,75-l-Fl.",Nein,2026-04-27 bis 2026-05-03,2026-04-27,2026-05-03,../images/rewe/bamberg_offer_172.jpg,"cat_getraenke,diet_gluten_free,diet_lactose_free,diet_vegan,diet_vegetarian,tag_whole_food",bamberg,,,ref_000021,obs_0000031399|obs_0000032450|obs_0000007894|obs_0000031090|obs_0000011802|obs_0000017436|obs_0000018465|obs_0000017456|obs_0000003634|obs_0000013889|obs_0000019009|obs_0000031833|obs_0000019561|obs_0000018037|obs_0000028281|obs_0000000122|obs_0000012437|obs_0000010911|obs_0000026289|obs_0000023255|obs_0000027358|obs_0000018687|obs_0000016680|obs_0000015666|obs_0000014644|obs_0000024889|obs_0000026425|obs_0000011590|obs_0000015699|obs_0000027487|obs_0000008047|obs_0000012694|obs_0000002457|obs_0000022430|obs_0000025002|obs_0000001461|obs_0000026048,obs_0000017456|obs_0000028281|obs_0000031399|obs_0000032450|obs_0000007894|obs_0000016680|obs_0000031090,x,
Tennessee Whiskey,Jack Daniel's,"€ 14,99",,"1 l = 21,41","1 l = 21,41","40% Vol., je 0,7-l-Fl.",Nein,2026-04-27 bis 2026-05-03,2026-04-27,2026-05-03,../images/rewe/bamberg_offer_173.jpg,"cat_getraenke,diet_gluten_free,diet_lactose_free,diet_vegan,diet_vegetarian,tag_ultra_processed,tag_whole_food",bamberg,,,ref_000022,obs_0000032446|obs_0000029438|obs_0000032027|obs_0000007454|obs_0000007084|obs_0000028134|obs_0000028331|obs_0000001910,obs_0000028331|obs_0000032446|obs_0000017117|obs_0000029438|obs_0000032027|obs_0000007454|obs_0000016869,x,
London Dry Gin,Tanqueray,"€ 15,99",,"1 l = 22,84","1 l = 22,84","43,1% Vol. oder 0,0% Alkoholfrei, je 0,7-l-Fl.",Nein,2026-04-27 bis 2026-05-03,2026-04-27,2026-05-03,../images/rewe/bamberg_offer_174.jpg,"cat_getraenke,diet_gluten_free,diet_lactose_free,diet_vegan,diet_vegetarian,tag_whole_food",bamberg,,,ref_000023,obs_0000030760|obs_0000034843|obs_0000012864|obs_0000008342|obs_0000008385|obs_0000017090|obs_0000016107|obs_0000014631|obs_0000016177|obs_0000011573|obs_0000016267|obs_0000017315|obs_0000014250|obs_0000013765|obs_0000009168|obs_0000010741|obs_0000006210|obs_0000011130|obs_0000035048|obs_0000019615|obs_0000026929|obs_0000015697,obs_0000030760|obs_0000012864|obs_0000008385|obs_0000016107|obs_0000014631|obs_0000011573|obs_0000013765,x,
Vodka,Three Sixty,"€ 9,99",,"1 l = 14,27","1 l = 14,27","37,5% Vol., je 0,7-l-Fl.",Nein,2026-04-27 bis 2026-05-03,2026-04-27,2026-05-03,../images/rewe/bamberg_offer_175.jpg,"cat_getraenke,diet_gluten_free,diet_lactose_free,diet_vegan,diet_vegetarian,tag_whole_food",bamberg,,,ref_000024,obs_0000032135|obs_0000030759|obs_0000007256|obs_0000032746|obs_0000030425|obs_0000034428|obs_0000035049|obs_0000008713|obs_0000020363|obs_0000012175|obs_0000012431|obs_0000009883|obs_0000034845|obs_0000013474|obs_0000019368|obs_0000015665|obs_0000021182|obs_0000009791|obs_0000028354|obs_0000011132|obs_0000008904|obs_0000009420|obs_0000002903|obs_0000024028|obs_0000026846|obs_0000009320|obs_0000022378|obs_0000034034|obs_0000024448,obs_0000035049|obs_0000032135|obs_0000012431|obs_0000013474|obs_0000030759|obs_0000007256|obs_0000032746,x,
Red Label Blended Scotch Whisky,Johnnie Walker,"€ 10,99",,"1 l = 15,70","1 l = 15,70","40% Vol., je 0,7-l-Fl.",Nein,2026-04-27 bis 2026-05-03,2026-04-27,2026-05-03,../images/rewe/bamberg_offer_176.jpg,"cat_getraenke,diet_vegetarian,tag_ultra_processed",bamberg,,,ref_000025,obs_0000032263|obs_0000006715|obs_0000009375|obs_0000015920|obs_0000011578|obs_0000027198|obs_0000009835|obs_0000029774|obs_0000019341|obs_0000025014|obs_0000008414,obs_0000032263|obs_0000019341|obs_0000009375|obs_0000015920|obs_0000025014|obs_0000011578|obs_0000006715|obs_0000027198|obs_0000008414|obs_0000009835,x,
Bourbon Whiskey Cola,Jim Beam,"€ 1,99",,"1 l = 6,03","1 l = 6,03","koffeinhaltig, 10% Vol., je 0,33-l-Dose, zzgl. 0,25 € Pfand",Nein,2026-04-27 bis 2026-05-03,2026-04-27,2026-05-03,../images/rewe/bamberg_offer_177.jpg,"cat_getraenke,tag_ultra_processed",bamberg,,,ref_000026,obs_0000015061|obs_0000028947|obs_0000028901|obs_0000001467|obs_0000010296|obs_0000015065|obs_0000001881|obs_0000002975|obs_0000018412|obs_0000026646|obs_0000034850|obs_0000028226|obs_0000008772|obs_0000004177|obs_0000004604|obs_0000013978|obs_0000031900|obs_0000021663|obs_0000027814|obs_0000026287|obs_0000026323|obs_0000008405|obs_0000017639|obs_0000000810|obs_0000016686|obs_0000009023|obs_0000022338|obs_0000027972|obs_0000026438|obs_0000008921|obs_0000017246|obs_0000020844|obs_0000016754|obs_0000028026|obs_0000027015|obs_0000009119|obs_0000027037|obs_0000019364|obs_0000005031|obs_0000000445|obs_0000018375|obs_0000003042|obs_0000001014,obs_0000015061|obs_0000028947,,
Butterkeks,Leibniz,"€ 1,29",,"1 kg = 6,45","1 kg = 6,45","versch. Sorten, je 200-g-Pckg.",Nein,2026-04-27 bis 2026-05-03,2026-04-27,2026-05-03,../images/rewe/bamberg_offer_151.jpg,"cat_knabbern_naschen,diet_vegetarian,sub_butter_margarine,sub_milchprodukte,tag_ultra_processed",bamberg,,BLS-X820252,ref_000027,obs_0000031298|obs_0000003983|obs_0000025240|obs_0000004410|obs_0000000317|obs_0000004837|obs_0000003308|obs_0000008220|obs_0000005651|obs_0000007104,obs_0000003983|obs_0000025240|obs_0000004410|obs_0000000317|obs_0000031298|obs_0000004837|obs_0000003308,,
Smarties minis,Nestlé,"€ 2,49",,"1 kg = 17,29","1 kg = 17,29",je 144-g-Btl.,Nein,2026-04-27 bis 2026-05-03,2026-04-27,2026-05-03,../images/rewe/bamberg_offer_150.jpg,"cat_knabbern_naschen,diet_vegetarian,tag_ultra_processed",bamberg,,,ref_000028,obs_0000027681|obs_0000033009|obs_0000018319|obs_0000010045|obs_0000009594|obs_0000025627|obs_0000025800|obs_0000024884|obs_0000016191|obs_0000012665|obs_0000019413|obs_0000022527|obs_0000019480|obs_0000015901|obs_0000013891|obs_0000019541|obs_0000012394|obs_0000011381|obs_0000015030|obs_0000016128|obs_0000011085|obs_0000022992|obs_0000013779|obs_0000013309,obs_0000027681|obs_0000033009|obs_0000010045|obs_0000009594|obs_0000018319,,x
Jumpys oder Pom-Bär,FUNNY-FRISCH,"€ 1,19",,"1 kg = 15,87","1 kg = 15,87",je 75-g-Btl.,Nein,2026-04-27 bis 2026-05-03,2026-04-27,2026-05-03,../images/rewe/bamberg_offer_149.jpg,"cat_knabbern_naschen,diet_gluten_free,diet_lactose_free,diet_vegan,diet_vegetarian,tag_ultra_processed",bamberg,,,ref_000029,obs_0000007108|obs_0000005281|obs_0000020748|obs_0000021928|obs_0000021567,,x,
Caff Crema oder Crema e Aroma,Lavazza,"€ 14,99",,"pro Einheit = 14,99","pro Einheit = 14,99","versch. Sorten, je 1000-g-Pckg.",Nein,2026-04-27 bis 2026-05-03,2026-04-27,2026-05-03,../images/rewe/bamberg_offer_122.jpg,"cat_grundnahrung,diet_vegan,diet_vegetarian,tag_ultra_processed",bamberg,,,ref_000030,obs_0000031173|obs_0000000043|obs_0000001681|obs_0000003788|obs_0000016732|obs_0000017267|obs_0000018469|obs_0000035113|obs_0000027999|obs_0000022293|obs_0000026207|obs_0000010292|obs_0000034907|obs_0000027651|obs_0000030087|obs_0000005738|obs_0000006992|obs_0000007175|obs_0000007355|obs_0000015884|obs_0000032645|obs_0000008359,,,
Darboven Eilles Gourmet oder Idee Kaffee,Idee Kaffee,"€ 6,99",,"1 kg = 13,98","1 kg = 13,98","gemahlener Bohnenkaffee, versch. Sorten, je 500-g-Pckg.",Nein,2026-04-27 bis 2026-05-03,2026-04-27,2026-05-03,../images/rewe/bamberg_offer_123.jpg,"cat_grundnahrung,diet_gluten_free,diet_lactose_free,diet_vegan,diet_vegetarian",bamberg,,,ref_000031,obs_0000005554|obs_0000006991|obs_0000006117|obs_0000033702|obs_0000034731|obs_0000013668,,x,
Gold,Jacobs,"€ 6,99",,"1 kg = 34,95","1 kg = 34,95","löslicher Bohnenkaffee, je 200-g-Glas",Nein,2026-04-27 bis 2026-05-03,2026-04-27,2026-05-03,../images/rewe/bamberg_offer_124.jpg,"cat_grundnahrung,diet_gluten_free,diet_lactose_free,diet_vegan,diet_vegetarian,tag_ultra_processed",bamberg,,BLS-G230100,ref_000032,obs_0000031776|obs_0000011104|obs_0000015276|obs_0000034007|obs_0000023259|obs_0000012629|obs_0000012669|obs_0000013227|obs_0000031712|obs_0000010721|obs_0000008553|obs_0000029715|obs_0000020510|obs_0000016424|obs_0000008235|obs_0000013358|obs_0000026672|obs_0000019528|obs_0000005742|obs_0000025215|obs_0000001674|obs_0000027793|obs_0000017043|obs_0000029362|obs_0000014007|obs_0000018645|obs_0000021224|obs_0000025350|obs_0000010019|obs_0000025395|obs_0000022839|obs_0000027964|obs_0000010065|obs_0000021329|obs_0000009562|obs_0000026466|obs_0000014705|obs_0000008059|obs_0000032649|obs_0000009614|obs_0000028046|obs_0000026005|obs_0000008606|obs_0000027055|obs_0000020405|obs_0000008631|obs_0000009158|obs_0000030693|obs_0000006641|obs_0000001035,obs_0000031776|obs_0000029362|obs_0000034007|obs_0000023259|obs_0000012629|obs_0000011104|obs_0000012669|obs_0000032649|obs_0000013227|obs_0000015276|obs_0000031712|obs_0000010721,,
Konfitüre Extra,Schwartau,"€ 2,29",,"1 kg = 6,74","1 kg = 6,74","Erdbeere, je 340-g-Glas",Nein,2026-04-27 bis 2026-05-03,2026-04-27,2026-05-03,../images/rewe/bamberg_offer_125.jpg,"cat_grundnahrung,diet_gluten_free,diet_lactose_free,diet_vegan,diet_vegetarian",bamberg,,,ref_000033,obs_0000032650|obs_0000029360|obs_0000015009|obs_0000026852|obs_0000014194|obs_0000012688|obs_0000010707|obs_0000033806|obs_0000009772|obs_0000028231|obs_0000019590|obs_0000028955|obs_0000034610|obs_0000008019|obs_0000011094|obs_0000008202|obs_0000002069|obs_0000014367|obs_0000026193|obs_0000000136|obs_0000015501|obs_0000012446|obs_0000015088|obs_0000016124|obs_0000013624|obs_0000019269|obs_0000011593|obs_0000007023|obs_0000013180|obs_0000012176|obs_0000013749|obs_0000014805|obs_0000006139,obs_0000015009|obs_0000026852|obs_0000014194|obs_0000032650|obs_0000012688|obs_0000010707,x,
Vollkorn Toast,Harry,"€ 1,49",,"1 kg = 2,98","1 kg = 2,98",je 500-g-Pckg.,Nein,2026-04-27 bis 2026-05-03,2026-04-27,2026-05-03,../images/rewe/bamberg_offer_126.jpg,"cat_grundnahrung,diet_vegetarian,tag_ultra_processed,tag_whole_food",bamberg,,,ref_000034,obs_0000013453|obs_0000015428|obs_0000012646,,,
Echter Deutscher Honig Frühjahrsblüte mit Rapshonig oder Blütenhonig,Keine Marke,"€ 5,49",,"1 kg = 10,98","1 kg = 10,98",je 500-g-Glas,Nein,2026-04-27 bis 2026-05-03,2026-04-27,2026-05-03,../images/rewe/bamberg_offer_127.jpg,"cat_grundnahrung,diet_vegetarian",bamberg,,,ref_000035,obs_0000017615|obs_0000013110|obs_0000015439|obs_0000017371|obs_0000017124|obs_0000024043,,,
Tassimo Kaffeekapseln Caff Crema XL,Jacobs,"€ 4,44",,"1 kg = 33,43","1 kg = 33,43","je 132,8-g-Pckg.",Nein,2026-04-27 bis 2026-05-03,2026-04-27,2026-05-03,../images/rewe/bamberg_offer_128.jpg,"cat_grundnahrung,diet_gluten_free,diet_lactose_free,diet_vegan,diet_vegetarian",bamberg,,,ref_000036,obs_0000031042|obs_0000029331|obs_0000030709|obs_0000027651|obs_0000015884|obs_0000010292|obs_0000026207|obs_0000034907|obs_0000016732|obs_0000017267|obs_0000003109|obs_0000009891|obs_0000004787|obs_0000009427|obs_0000001754|obs_0000001755|obs_0000001778|obs_0000001779|obs_0000004360|obs_0000015659|obs_0000003933|obs_0000011105|obs_0000008119|obs_0000013263,obs_0000029331|obs_0000032498|obs_0000031042|obs_0000030709,,
Vollkorn Roggen,Wasa,"€ 1,79",,"1 kg = 6,88","1 kg = 6,88",je 260-g-Pckg.,Nein,2026-04-27 bis 2026-05-03,2026-04-27,2026-05-03,../images/rewe/bamberg_offer_129.jpg,"cat_grundnahrung,diet_vegan,diet_vegetarian,tag_whole_food",bamberg,,,ref_000037,obs_0000008045|obs_0000032661|obs_0000029696|obs_0000029029,obs_0000032661|obs_0000029696|obs_0000029029|obs_0000008045,,
Sesam Vollkorn,Wasa,"€ 1,79",,"1 kg = 8,95","1 kg = 8,95",je 200-g-Pckg.,Nein,2026-04-27 bis 2026-05-03,2026-04-27,2026-05-03,../images/rewe/bamberg_offer_130.jpg,"cat_grundnahrung,diet_vegan,diet_vegetarian,tag_whole_food",bamberg,,,ref_000038,obs_0000028661|obs_0000028544|obs_0000029709|obs_0000032662|obs_0000029033,obs_0000029709|obs_0000032662|obs_0000029033|obs_0000028661|obs_0000028544,,
Samt Fruchtaufstrich,Schwartau,"€ 2,29",,"1 kg = 8,48","1 kg = 8,48","Himbeere, je 270-g-Glas",Nein,2026-04-27 bis 2026-05-03,2026-04-27,2026-05-03,../images/rewe/bamberg_offer_131.jpg,"cat_grundnahrung,diet_lactose_free,diet_vegan,diet_vegetarian,tag_ultra_processed",bamberg,,,ref_000039,obs_0000032657|obs_0000029311|obs_0000007963|obs_0000031731|obs_0000013209|obs_0000015010|obs_0000010943|obs_0000019785|obs_0000011341|obs_0000008800|obs_0000016747,obs_0000032657|obs_0000007963,x,
Lungo Kaffeekapseln Intenso,Jacobs,"€ 4,44",,"1 kg = 42,69","1 kg = 42,69",je 104-g-Pckg.,Nein,2026-04-27 bis 2026-05-03,2026-04-27,2026-05-03,../images/rewe/bamberg_offer_132.jpg,"cat_grundnahrung,diet_gluten_free,diet_lactose_free,diet_vegan,diet_vegetarian",bamberg,,,ref_000040,obs_0000031175|obs_0000029364|obs_0000030691|obs_0000032507|obs_0000000151|obs_0000031341|obs_0000004360|obs_0000009891|obs_0000003109|obs_0000015659|obs_0000004787|obs_0000008119|obs_0000013263|obs_0000009427|obs_0000001754|obs_0000001755|obs_0000003933|obs_0000011105|obs_0000001778|obs_0000001779,obs_0000029364|obs_0000031175|obs_0000030691|obs_0000032507,,
Polpa,Mutti,"€ 1,11",,"1 kg = 2,78","1 kg = 2,78","feinstes Tomatenfruchtfleisch, je 400-g-Dose",Nein,2026-04-27 bis 2026-05-03,2026-04-27,2026-05-03,../images/rewe/bamberg_offer_133.jpg,"cat_grundnahrung,diet_gluten_free,diet_lactose_free,diet_vegan,diet_vegetarian,sub_exoten,sub_frisches_obst,tag_ultra_processed,tag_whole_food",bamberg,,,ref_000041,obs_0000013827|obs_0000012684|obs_0000010520,obs_0000013827|obs_0000012684|obs_0000010520,x,
Mariacron Weinbrand,Keine Marke,"€ 6,49",,"1 l = 9,27","1 l = 9,27","36% Vol., je 0,7-l-Fl.",Nein,2026-04-27 bis 2026-05-03,2026-04-27,2026-05-03,../images/rewe/bamberg_offer_178.jpg,"cat_getraenke,diet_gluten_free,diet_lactose_free,diet_vegan,diet_vegetarian,sub_frisches_obst,tag_whole_food",bamberg,,,ref_000042,obs_0000029433|obs_0000013956|obs_0000012429|obs_0000022175|obs_0000008751|obs_0000011322|obs_0000009922|obs_0000017877|obs_0000015064|obs_0000014815|obs_0000010743,obs_0000012429|obs_0000009922|obs_0000015064|obs_0000010743|obs_0000029433,,
Choi s Bibimmyeon Nudeln Carbonara,Keine Marke,"€ 1,49",,"1 kg = 11,37","1 kg = 11,37",je 131-g-Btl.,Nein,2026-04-27 bis 2026-05-03,2026-04-27,2026-05-03,../images/rewe/bamberg_offer_134.jpg,"cat_grundnahrung,diet_gluten_free,diet_lactose_free,diet_vegan,diet_vegetarian,tag_ultra_processed,tag_whole_food",bamberg,,,ref_000043,obs_0000008075|obs_0000015006|obs_0000008784|obs_0000013802,,,
Soße 3er-Pack,Knorr,"€ 0,99",,"pro Einheit = 0,99","pro Einheit = 0,99","versch. Sorten, ausreichend für 3 x 250 ml, je 1-Pckg.",Nein,2026-04-27 bis 2026-05-03,2026-04-27,2026-05-03,../images/rewe/bamberg_offer_136.jpg,"cat_grundnahrung,tag_ultra_processed",bamberg,,,ref_000044,obs_0000029679|obs_0000032421|obs_0000013031|obs_0000033042|obs_0000010356|obs_0000014562,obs_0000029679,,
Reines Sonnenblumenöl,Thomy,"€ 2,49",,"1 l = 3,32","1 l = 3,32","reich an Vitamin E, je 750-ml-Fl.",Nein,2026-04-27 bis 2026-05-03,2026-04-27,2026-05-03,../images/rewe/bamberg_offer_137.jpg,"cat_grundnahrung,diet_gluten_free,diet_lactose_free,diet_vegan,diet_vegetarian,tag_whole_food",bamberg,,BLS-Q320000,ref_000045,obs_0000027536|obs_0000026537|obs_0000015706|obs_0000010080|obs_0000028406|obs_0000032671|obs_0000005747|obs_0000017349|obs_0000035016|obs_0000011748|obs_0000013411|obs_0000034029|obs_0000023664|obs_0000034685,obs_0000027536|obs_0000032671|obs_0000026537|obs_0000015706|obs_0000010080|obs_0000005747|obs_0000028406,,
Salat Krönung,Knorr,"€ 0,99",,"pro Einheit = 0,99","pro Einheit = 0,99","versch. Sorten, ausreichend für 5 x 90 ml, je 5er-Pckg.",Nein,2026-04-27 bis 2026-05-03,2026-04-27,2026-05-03,../images/rewe/bamberg_offer_138.jpg,"cat_grundnahrung,diet_gluten_free,diet_lactose_free,diet_vegan,diet_vegetarian,sub_frisches_gemuese,sub_salate,tag_ultra_processed",bamberg,,,ref_000046,obs_0000031024|obs_0000028472|obs_0000031718|obs_0000014311|obs_0000007178|obs_0000032419|obs_0000028995|obs_0000032110|obs_0000030689|obs_0000031318|obs_0000025985|obs_0000022968,obs_0000007178|obs_0000032419|obs_0000031024|obs_0000024881|obs_0000028472|obs_0000028995|obs_0000032110|obs_0000030689|obs_0000031718,,
Geo Bayern Brotzeitgurken oder Gurkensticks,Keine Marke,"€ 1,49",,"1 kg = 4,14","1 kg = 4,14","je 670-g-Glas, 360 g Abtropfgewicht",Nein,2026-04-27 bis 2026-05-03,2026-04-27,2026-05-03,../images/rewe/bamberg_offer_139.jpg,"cat_grundnahrung,diet_gluten_free,diet_lactose_free,diet_vegan,diet_vegetarian,sub_frisches_gemuese,tag_ultra_processed,tag_whole_food",bamberg,,,ref_000047,obs_0000031659,,,
Bayola Rapsöl,Keine Marke,"€ 3,99",,"1 l = 5,32","1 l = 5,32",je 750-ml-Fl.,Nein,2026-04-27 bis 2026-05-03,2026-04-27,2026-05-03,../images/rewe/bamberg_offer_140.jpg,"cat_grundnahrung,diet_gluten_free,diet_lactose_free,diet_vegan,diet_vegetarian,sub_tk_gemuese,tag_ultra_processed,tag_whole_food",bamberg,,,ref_000048,obs_0000030017|obs_0000012837|obs_0000015413|obs_0000027868|obs_0000028391|obs_0000019704,obs_0000030017,,
Aceto Balsamico oder Condimento Bianco,Mazzetti,"€ 2,99",,"1 l = 5,98","1 l = 5,98",je 500-ml-Fl.,Nein,2026-04-27 bis 2026-05-03,2026-04-27,2026-05-03,../images/rewe/bamberg_offer_141.jpg,"cat_grundnahrung,diet_vegetarian,tag_ultra_processed",bamberg,,,ref_000049,obs_0000027687|obs_0000001640|obs_0000016478|obs_0000033580|obs_0000019796,,,
Mandarinen,Del Monte,"€ 1,79",,"1 kg = 10,23","1 kg = 10,23","in Saft, je 300-g-Dose, 175 g Abtropfgewicht",Nein,2026-04-27 bis 2026-05-03,2026-04-27,2026-05-03,../images/rewe/bamberg_offer_142.jpg,"cat_grundnahrung,diet_gluten_free,diet_lactose_free,diet_vegan,diet_vegetarian,sub_frisches_obst,tag_ultra_processed,tag_whole_food",bamberg,,,ref_000050,obs_0000012680|obs_0000029577|obs_0000002444|obs_0000019728|obs_0000028686|obs_0000030862|obs_0000028566|obs_0000011038|obs_0000000157|obs_0000019106|obs_0000001955|obs_0000029478|obs_0000009385|obs_0000025646|obs_0000006967|obs_0000016695|obs_0000009920|obs_0000017600|obs_0000005319|obs_0000029146|obs_0000030566|obs_0000030443|obs_0000019311|obs_0000009457|obs_0000009846|obs_0000010492,,x,
Schokolade,Milka,"€ 1,11",,"1 kg = 12,33","1 kg = 12,33","versch. Sorten, je 90-g-Tafel",Nein,2026-04-27 bis 2026-05-03,2026-04-27,2026-05-03,../images/rewe/bamberg_offer_143.jpg,"cat_knabbern_naschen,diet_vegetarian,tag_ultra_processed",bamberg,,BLS-S500000,ref_000051,obs_0000015893|obs_0000027700|obs_0000028232|obs_0000013394|obs_0000015454|obs_0000034408|obs_0000025739|obs_0000008861|obs_0000015026|obs_0000017605|obs_0000034013|obs_0000018155|obs_0000018698|obs_0000014104|obs_0000031011|obs_0000011112|obs_0000008610|obs_0000006579|obs_0000012219|obs_0000026556|obs_0000022979|obs_0000001524|obs_0000011783|obs_0000013879|obs_0000028244|obs_0000028249|obs_0000000091|obs_0000004705|obs_0000031849|obs_0000034411|obs_0000017539|obs_0000025221|obs_0000000138|obs_0000004278|obs_0000017595|obs_0000021699|obs_0000000230|obs_0000003326|obs_0000004873|obs_0000003851|obs_0000010522|obs_0000002336|obs_0000033056|obs_0000021291|obs_0000016691|obs_0000004446|obs_0000008595|obs_0000004019|obs_0000010166|obs_0000009149,obs_0000011783|obs_0000015893|obs_0000027700|obs_0000013879|obs_0000028232|obs_0000013394|obs_0000028244|obs_0000006229|obs_0000028249|obs_0000000091|obs_0000015454|obs_0000004705|obs_0000034408|obs_0000031849|obs_0000034411|obs_0000017539|obs_0000025221|obs_0000000138|obs_0000025739|obs_0000029328|obs_0000008861|obs_0000005279|obs_0000015026|obs_0000004278|obs_0000017595|obs_0000021699|obs_0000017605|obs_0000034013|obs_0000000230|obs_0000007911|obs_0000018155|obs_0000003326|obs_0000006912|obs_0000004873|obs_0000018698|obs_0000003851|obs_0000014104|obs_0000010522|obs_0000002336|obs_0000033056|obs_0000031011|obs_0000021291|obs_0000016691|obs_0000004446|obs_0000011112|obs_0000032120|obs_0000007100|obs_0000008595|obs_0000008610|obs_0000004019,,
Goldbären oder Color-Rado,Haribo,"€ 0,79",,"1 kg = 4,51","1 kg = 4,51",je 175-g-Btl.,Nein,2026-04-27 bis 2026-05-03,2026-04-27,2026-05-03,../images/rewe/bamberg_offer_144.jpg,"cat_knabbern_naschen,diet_lactose_free,diet_vegetarian,tag_ultra_processed",bamberg,,,ref_000052,obs_0000029002|obs_0000032242|obs_0000032399|obs_0000007918|obs_0000028828,obs_0000029002|obs_0000032242|obs_0000032399,,
Riegel,Kinder,"€ 2,22",,"1 kg = 10,57","1 kg = 10,57",je 10 x 21-g-Riegel-Pckg.,Nein,2026-04-27 bis 2026-05-03,2026-04-27,2026-05-03,../images/rewe/bamberg_offer_145.jpg,"cat_knabbern_naschen,tag_ultra_processed",bamberg,,,ref_000053,obs_0000015457|obs_0000014601|obs_0000030996|obs_0000022867|obs_0000011786|obs_0000013851|obs_0000016928|obs_0000033364|obs_0000010357|obs_0000017107|obs_0000025377|obs_0000012676|obs_0000016822|obs_0000019932|obs_0000024180|obs_0000023761|obs_0000012393|obs_0000001004|obs_0000033810|obs_0000007700|obs_0000028698|obs_0000018459|obs_0000017974|obs_0000002137|obs_0000033369|obs_0000027264|obs_0000029327|obs_0000032428|obs_0000011951|obs_0000020666|obs_0000022204|obs_0000005841|obs_0000028376|obs_0000017628|obs_0000021773|obs_0000006926|obs_0000029970|obs_0000019229|obs_0000001320|obs_0000019295|obs_0000033127|obs_0000032238|obs_0000022422|obs_0000002974|obs_0000028578|obs_0000011177|obs_0000022958|obs_0000019427|obs_0000021485|obs_0000003586,obs_0000011786|obs_0000007700|obs_0000013851|obs_0000016928|obs_0000033364|obs_0000015457|obs_0000010357|obs_0000029327|obs_0000032428|obs_0000005841|obs_0000017107|obs_0000014601|obs_0000006926|obs_0000030996|obs_0000025377|obs_0000022867|obs_0000012676|obs_0000032238|obs_0000016822|obs_0000019932,,
Schokolade,Ritter Sport,"€ 1,69",,"1 kg = 16,90","1 kg = 16,90","versch. Sorten, je 100-g-Tafel",Nein,2026-04-27 bis 2026-05-03,2026-04-27,2026-05-03,../images/rewe/bamberg_offer_146.jpg,"cat_knabbern_naschen,diet_vegetarian,tag_ultra_processed",bamberg,,BLS-S500000,ref_000054,obs_0000031849|obs_0000002336|obs_0000016691|obs_0000017857|obs_0000011765|obs_0000011783|obs_0000015893|obs_0000027700|obs_0000013879|obs_0000028232|obs_0000013394|obs_0000028244|obs_0000028249|obs_0000000091|obs_0000015454|obs_0000004705|obs_0000034408|obs_0000034411|obs_0000017539|obs_0000025221|obs_0000000138|obs_0000025739|obs_0000008861|obs_0000015026|obs_0000004278|obs_0000017595|obs_0000021699|obs_0000017605|obs_0000034013|obs_0000000230|obs_0000018155|obs_0000003326|obs_0000004873|obs_0000018698|obs_0000003851|obs_0000014104|obs_0000010522|obs_0000033056|obs_0000031011|obs_0000021291|obs_0000004446|obs_0000011112|obs_0000008595|obs_0000008610|obs_0000004019|obs_0000006579|obs_0000010166|obs_0000012219|obs_0000026556|obs_0000009149,obs_0000011783|obs_0000015893|obs_0000027700|obs_0000013879|obs_0000028232|obs_0000013394|obs_0000028244|obs_0000028249|obs_0000000091|obs_0000015454|obs_0000004705|obs_0000034408|obs_0000031849|obs_0000034411|obs_0000017539|obs_0000025221|obs_0000000138|obs_0000025739|obs_0000008861|obs_0000015026|obs_0000004278|obs_0000017595|obs_0000021699|obs_0000017605|obs_0000034013|obs_0000000230|obs_0000018155|obs_0000003326|obs_0000032007|obs_0000004873|obs_0000018698|obs_0000003851|obs_0000014104|obs_0000010522|obs_0000002336|obs_0000033056|obs_0000031011|obs_0000021291|obs_0000016691|obs_0000029001|obs_0000004446|obs_0000011112|obs_0000008595|obs_0000008610|obs_0000032690|obs_0000004019|obs_0000006579|obs_0000010166|obs_0000012219|obs_0000026556,,
Toffifee,Storck,"€ 4,79",,"1 kg = 7,66","1 kg = 7,66",je 5 x 125-g-Pckg.,Nein,2026-04-27 bis 2026-05-03,2026-04-27,2026-05-03,../images/rewe/bamberg_offer_147.jpg,"cat_knabbern_naschen,diet_vegetarian,tag_ultra_processed",bamberg,,,ref_000055,obs_0000034826|obs_0000000800|obs_0000027056|obs_0000015039|obs_0000016098|obs_0000013931|obs_0000027374|obs_0000026224|obs_0000001528|obs_0000000139|obs_0000005659|obs_0000032171|obs_0000032691|obs_0000029004|obs_0000006738|obs_0000029689|obs_0000010170,obs_0000034826|obs_0000005659|obs_0000000800|obs_0000032171|obs_0000027056|obs_0000032691|obs_0000015039|obs_0000029004|obs_0000006738|obs_0000016098|obs_0000013931|obs_0000027374|obs_0000026224|obs_0000001528|obs_0000029689,,
3 Glocken Genuss Pur Pasta,Keine Marke,"€ 0,99",,"1 kg = 1,98","1 kg = 1,98","versch. Ausformungen, je 500-g-Btl.",Nein,2026-04-27 bis 2026-05-03,2026-04-27,2026-05-03,../images/rewe/bamberg_offer_135.jpg,"cat_grundnahrung,diet_gluten_free,diet_lactose_free,diet_vegan,diet_vegetarian,sub_nudeln,tag_whole_food",bamberg,,,ref_000056,obs_0000030334|obs_0000029041|obs_0000032668|obs_0000006821|obs_0000017512|obs_0000022172|obs_0000025841|obs_0000018272|obs_0000020003|obs_0000035104|obs_0000028733|obs_0000022097|obs_0000002663|obs_0000034419|obs_0000017082|obs_0000021187|obs_0000034026|obs_0000026899|obs_0000018196|obs_0000018708|obs_0000016662|obs_0000028496|obs_0000011092|obs_0000014165|obs_0000019293|obs_0000019845|obs_0000020368|obs_0000025518|obs_0000028607|obs_0000018893|obs_0000017359|obs_0000016866,obs_0000030334|obs_0000029041|obs_0000032668,,
Bree Wein,Keine Marke,"€ 2,99",,"1 l = 3,99","1 l = 3,99","versch. Sorten, teilw. alkoholfrei, je 0,75-l-Fl.",Nein,2026-04-27 bis 2026-05-03,2026-04-27,2026-05-03,../images/rewe/bamberg_offer_179.jpg,"cat_getraenke,diet_gluten_free,diet_lactose_free,diet_vegan,diet_vegetarian,sub_exoten,sub_frisches_gemuese,sub_frisches_obst,tag_ultra_processed,tag_whole_food",bamberg,,,ref_000057,obs_0000034424|obs_0000006548|obs_0000010394,,,
Suntory -196 Vodka Lemon,Keine Marke,"€ 1,99",,"1 l = 6,03","1 l = 6,03","10% Vol., je 0,33-l-Dose, zzgl. 0,25 € Pfand",Nein,2026-04-27 bis 2026-05-03,2026-04-27,2026-05-03,../images/rewe/bamberg_offer_180.jpg,"cat_getraenke,diet_gluten_free,diet_lactose_free,diet_vegan,diet_vegetarian,tag_ultra_processed,tag_whole_food",bamberg,,,ref_000058,obs_0000035049|obs_0000008713|obs_0000020363|obs_0000012175|obs_0000012431|obs_0000009883|obs_0000034845|obs_0000013474|obs_0000019368|obs_0000015665|obs_0000021182|obs_0000009791|obs_0000028354|obs_0000008904|obs_0000009420|obs_0000002903|obs_0000024028|obs_0000026334|obs_0000026846|obs_0000009320|obs_0000022378|obs_0000034034|obs_0000011132|obs_0000024448,,,
Brillant Sekt oder Frucht-Sparkling,Söhnlein,"€ 2,79",,"1 l = 3,72","1 l = 3,72","versch. Sorten, je 0,75-l-Fl.",Nein,2026-04-27 bis 2026-05-03,2026-04-27,2026-05-03,../images/rewe/bamberg_offer_181.jpg,"cat_getraenke,diet_gluten_free,diet_lactose_free,diet_vegan,diet_vegetarian,tag_ultra_processed",bamberg,,,ref_000059,obs_0000032133|obs_0000031401|obs_0000005440|obs_0000006365|obs_0000012436|obs_0000010391|obs_0000013122,obs_0000032133|obs_0000031401,x,
today sun Sonnenfluid Glow,Keine Marke,"€ 4,99",,"1 l = 99,80","1 l = 99,80","LSF 50, je 50-ml-Spender",Nein,2026-04-27 bis 2026-05-03,2026-04-27,2026-05-03,../images/rewe/bamberg_offer_212.jpg,"cat_drogerie,diet_gluten_free,diet_lactose_free,diet_vegan,diet_vegetarian,tag_whole_food",bamberg,,,ref_000060,,,,
today sun After Sun Aloe Vera Gel,Keine Marke,"€ 2,19",,"1 l = 10,95","1 l = 10,95",je 200-ml-Tube,Nein,2026-04-27 bis 2026-05-03,2026-04-27,2026-05-03,../images/rewe/bamberg_offer_213.jpg,"cat_drogerie,diet_gluten_free,diet_lactose_free,diet_vegan,diet_vegetarian,tag_ultra_processed",bamberg,,,ref_000061,,,,
Taschentücher Box,Tempo,"€ 1,99",,"pro Einheit = 1,99","pro Einheit = 1,99",je 100-St.-Pckg.,Nein,2026-04-27 bis 2026-05-03,2026-04-27,2026-05-03,../images/rewe/bamberg_offer_214.jpg,cat_drogerie,bamberg,,,ref_000062,obs_0000031764|obs_0000031059|obs_0000013922|obs_0000021120|obs_0000012007|obs_0000033002|obs_0000006388|obs_0000031049|obs_0000020301|obs_0000011599|obs_0000024952|obs_0000009761|obs_0000012879|obs_0000009297|obs_0000012458|obs_0000033673|obs_0000032037,obs_0000031764|obs_0000013922|obs_0000006249|obs_0000007296|obs_0000021120|obs_0000005854|obs_0000012007|obs_0000033002|obs_0000006388|obs_0000031049|obs_0000020301|obs_0000011599|obs_0000031059|obs_0000024952,,
Fusion5 oder Venus Rasierklingen,Gillette,"€ 29,98",,"pro Einheit = 29,98","pro Einheit = 29,98","2 + 1, je 3 x 4-St.-Pckg.",Nein,2026-04-27 bis 2026-05-03,2026-04-27,2026-05-03,../images/rewe/bamberg_offer_215.jpg,"cat_drogerie,diet_vegetarian",bamberg,,,ref_000063,obs_0000015971,,,
Discreet Inkontinenz-Einlagen,Always,"€ 2,99",,"pro Einheit = 2,99","pro Einheit = 2,99","Normal, je 12-St.-Pckg.",Nein,2026-04-27 bis 2026-05-03,2026-04-27,2026-05-03,../images/rewe/bamberg_offer_216.jpg,cat_drogerie,bamberg,,,ref_000064,obs_0000030060|obs_0000032767|obs_0000022336|obs_0000020421|obs_0000021240|obs_0000011382|obs_0000030723|obs_0000032145|obs_0000032280|obs_0000007924|obs_0000012705,obs_0000028652|obs_0000030060|obs_0000028535|obs_0000032767,,
today sun Sonnenmilch,Keine Marke,"€ 4,39",,"1 l = 14,63","1 l = 14,63","LSF 30, je 300-ml-Fl.",Nein,2026-04-27 bis 2026-05-03,2026-04-27,2026-05-03,../images/rewe/bamberg_offer_217.jpg,"cat_drogerie,diet_gluten_free,diet_lactose_free,diet_vegan,diet_vegetarian,tag_whole_food",bamberg,,,ref_000065,,,,
today sun Transparentes Sonnenspray,Keine Marke,"€ 4,79",,"1 l = 23,95","1 l = 23,95","LSF 50, je 200-ml-Fl.",Nein,2026-04-27 bis 2026-05-03,2026-04-27,2026-05-03,../images/rewe/bamberg_offer_218.jpg,"cat_drogerie,diet_gluten_free,diet_lactose_free,diet_vegan,diet_vegetarian,tag_whole_food",bamberg,,,ref_000066,,,,
today sun Sonnenmilch,Keine Marke,"€ 5,15",,"1 l = 17,17","1 l = 17,17","LSF 50, je 300-ml-Fl.",Nein,2026-04-27 bis 2026-05-03,2026-04-27,2026-05-03,../images/rewe/bamberg_offer_219.jpg,"cat_drogerie,diet_gluten_free,diet_lactose_free,diet_vegan,diet_vegetarian,tag_whole_food",bamberg,,,ref_000067,,,,
today sun Sonnenbalsam sensitiv,Keine Marke,"€ 5,29",,"1 l = 26,45","1 l = 26,45","LSF 50+, je 200-ml-Fl.",Nein,2026-04-27 bis 2026-05-03,2026-04-27,2026-05-03,../images/rewe/bamberg_offer_220.jpg,"cat_drogerie,diet_gluten_free,diet_lactose_free,diet_vegan,diet_vegetarian,tag_whole_food",bamberg,,,ref_000068,,,,
today sun Kids Sonnencreme sensitiv,Keine Marke,"€ 5,49",,"1 l = 36,60","1 l = 36,60","LSF 50+, je 150-ml-Tube",Nein,2026-04-27 bis 2026-05-03,2026-04-27,2026-05-03,../images/rewe/bamberg_offer_221.jpg,"cat_drogerie,diet_gluten_free,diet_lactose_free,diet_vegan,diet_vegetarian,tag_whole_food",bamberg,,,ref_000069,,,,
today sun Kids Sonnenspray sensitiv,Keine Marke,"€ 5,29",,"1 l = 26,45","1 l = 26,45","LSF 50, je 200-ml-Fl.",Nein,2026-04-27 bis 2026-05-03,2026-04-27,2026-05-03,../images/rewe/bamberg_offer_222.jpg,"cat_drogerie,diet_gluten_free,diet_lactose_free,diet_vegan,diet_vegetarian,tag_whole_food",bamberg,,,ref_000070,,,,
Slipeinlagen Daily Protect,Always,"€ 2,59",,"pro Einheit = 2,59","pro Einheit = 2,59","XL mit Duft, je 40-St.-Pckg.",Nein,2026-04-27 bis 2026-05-03,2026-04-27,2026-05-03,../images/rewe/bamberg_offer_223.jpg,"cat_drogerie,tag_high_protein,tag_proteinreich",bamberg,,,ref_000071,obs_0000010149|obs_0000026351|obs_0000028712|obs_0000028589|obs_0000035075|obs_0000030084|obs_0000032779|obs_0000001971|obs_0000002897|obs_0000033278|obs_0000033669|obs_0000008207|obs_0000033444|obs_0000015952|obs_0000011601|obs_0000012882|obs_0000032995|obs_0000012009,obs_0000030084|obs_0000032779|obs_0000010149|obs_0000028712|obs_0000028589|obs_0000026351,,
today sun After Sun Lotion,Keine Marke,"€ 1,99",,"1 l = 6,63","1 l = 6,63",je 300-ml-Fl.,Nein,2026-04-27 bis 2026-05-03,2026-04-27,2026-05-03,../images/rewe/bamberg_offer_211.jpg,"cat_drogerie,diet_gluten_free,diet_lactose_free,diet_vegan,diet_vegetarian,tag_ultra_processed,tag_whole_food",bamberg,,,ref_000072,,,,
Premium Protection Sparpack,Pampers,"€ 12,99",,"pro Einheit = 12,99","pro Einheit = 12,99","Größe 3, Midi, je 48-St.-Pckg.",Nein,2026-04-27 bis 2026-05-03,2026-04-27,2026-05-03,../images/rewe/bamberg_offer_224.jpg,"cat_drogerie,tag_high_protein,tag_proteinreich",bamberg,,,ref_000073,obs_0000013830|obs_0000011595,,,
Bonas Kaustangen mit Huhn,Vitakraft,"€ 1,89",,"1 kg = 23,63","1 kg = 23,63",je 80-g-Btl.,Nein,2026-04-27 bis 2026-05-03,2026-04-27,2026-05-03,../images/rewe/bamberg_offer_226.jpg,"cat_tiernahrung,diet_gluten_free,diet_lactose_free,diet_vegan,diet_vegetarian,sub_frisches_obst,sub_gefluegel,tag_ultra_processed,tag_whole_food",bamberg,,,ref_000074,obs_0000029395,,x,
Fresh Fine,Sheba,"€ 2,19",,"1 kg = 7,30","1 kg = 7,30","versch. Sorten, je 6 x 50-g-Multipckg.",Nein,2026-04-27 bis 2026-05-03,2026-04-27,2026-05-03,../images/rewe/bamberg_offer_227.jpg,"cat_tiernahrung,diet_gluten_free,diet_lactose_free,diet_vegan,diet_vegetarian,tag_whole_food",bamberg,,,ref_000075,obs_0000030725|obs_0000032460|obs_0000030032|obs_0000017667|obs_0000032856|obs_0000028398|obs_0000033390,obs_0000017667|obs_0000030725|obs_0000032460|obs_0000030032,x,
Po sie Katzennahrung,Vitakraft,"€ 0,49",,"1 kg = 5,76","1 kg = 5,76","versch. Sorten, je 85-g-Btl.",Nein,2026-04-27 bis 2026-05-03,2026-04-27,2026-05-03,../images/rewe/bamberg_offer_228.jpg,cat_tiernahrung,bamberg,,,ref_000076,obs_0000030031|obs_0000007118|obs_0000014398|obs_0000034456|obs_0000015533|obs_0000027821|obs_0000012491|obs_0000033541|obs_0000026441|obs_0000015701|obs_0000013736|obs_0000008127|obs_0000014307,obs_0000028189|obs_0000028746|obs_0000030031|obs_0000007118,x,
Planties Plüsch,Keine Marke,"€ 8,99",,"pro Einheit = 8,99","pro Einheit = 8,99","ca. 20 cm, je 1-St.",Nein,2026-04-27 bis 2026-05-03,2026-04-27,2026-05-03,../images/rewe/bamberg_offer_229.jpg,"cat_obst_gemuese,diet_gluten_free,diet_lactose_free,diet_vegan,diet_vegetarian,tag_ultra_processed,tag_whole_food",bamberg,,,ref_000077,,,,
Hedura Akku-Wandleuchte,Keine Marke,"€ 9,99",,"pro Einheit = 9,99","pro Einheit = 9,99","für Innen und Außen geeignet wiederaufladbar 3 Leuchtmodi: dauerhaft, Timer, Bewegungssensor Lichtfarbe: ca. 3000 K 5 Dimmstufen inkl. Zubehör, je 1-St.",Nein,2026-04-27 bis 2026-05-03,2026-04-27,2026-05-03,../images/rewe/bamberg_offer_230.jpg,"cat_obst_gemuese,diet_gluten_free,diet_lactose_free,diet_vegan,diet_vegetarian,tag_whole_food",bamberg,,,ref_000078,,,,
Romane und Rätsel,Keine Marke,"€ 3,99",,"pro Einheit = 3,99","pro Einheit = 3,99","versch. Ausführungen, je 1-St.",Nein,2026-04-27 bis 2026-05-03,2026-04-27,2026-05-03,../images/rewe/bamberg_offer_231.jpg,"cat_obst_gemuese,diet_gluten_free,diet_lactose_free,diet_vegan,diet_vegetarian,sub_frisches_gemuese,sub_frisches_obst,tag_whole_food",bamberg,,,ref_000079,obs_0000032794,,,
BestSellers LED-Standleuchte,Keine Marke,"€ 17,99",,"pro Einheit = 17,99","pro Einheit = 17,99","Ø ca. 18 x 120 cm mit Touch-Dimmung 3 Lichtfarben kabellos, je 1-St.",Nein,2026-04-27 bis 2026-05-03,2026-04-27,2026-05-03,../images/rewe/bamberg_offer_232.jpg,"cat_obst_gemuese,diet_gluten_free,diet_lactose_free,diet_vegan,diet_vegetarian,sub_frisches_gemuese,tag_ultra_processed,tag_whole_food",bamberg,,,ref_000080,,,,
BestSellers Glasvase mit integriertem LED-Sockel,Keine Marke,"€ 9,99",,"pro Einheit = 9,99","pro Einheit = 9,99","Ø ca. 10 x 27 cm, je 1-St.",Nein,2026-04-27 bis 2026-05-03,2026-04-27,2026-05-03,../images/rewe/bamberg_offer_233.jpg,"cat_obst_gemuese,diet_gluten_free,diet_lactose_free,diet_vegan,diet_vegetarian,tag_ultra_processed,tag_whole_food",bamberg,,,ref_000081,,,,
Bio Blumenerde oder Bio Tomaten- Gemüseerde,Keine Marke,"€ 3,79",,"1 l = 0,19","1 l = 0,19","torffreies Kultur­substrat mit natürlichen Dünge­bestandteile, je 20-l-Btl.",Nein,2026-04-27 bis 2026-05-03,2026-04-27,2026-05-03,../images/rewe/bamberg_offer_234.jpg,"cat_obst_gemuese,diet_gluten_free,diet_lactose_free,diet_vegan,diet_vegetarian,sub_frisches_gemuese,tag_whole_food",bamberg,,,ref_000082,obs_0000034023|obs_0000026278|obs_0000026407|obs_0000027996|obs_0000019909|obs_0000024531,,,
Bornholmer Margerite oder Tomatenpflanze Historische Sorte,Keine Marke,"€ 1,59",,"pro Einheit = 1,59","pro Einheit = 1,59",je 1-Topf,Nein,2026-04-27 bis 2026-05-03,2026-04-27,2026-05-03,../images/rewe/bamberg_offer_235.jpg,"cat_obst_gemuese,diet_gluten_free,diet_lactose_free,diet_vegan,diet_vegetarian,sub_frisches_gemuese,tag_whole_food",bamberg,,,ref_000083,,,,
Margeriten Busch,Keine Marke,"€ 6,99",,"pro Einheit = 6,99","pro Einheit = 6,99","kompakter Wuchs, perfekt für die Kübelbepflanzung, je 1-Topf",Nein,2026-04-27 bis 2026-05-03,2026-04-27,2026-05-03,../images/rewe/bamberg_offer_236.jpg,"cat_obst_gemuese,diet_gluten_free,diet_lactose_free,diet_vegan,diet_vegetarian,sub_frisches_gemuese,tag_whole_food",bamberg,,,ref_000084,,,,
Sommerstaude Deluxe XL,Deluxe,"€ 5,49",,"pro Einheit = 5,49","pro Einheit = 5,49","versch. Sorten, je 1-Topf",Nein,2026-04-27 bis 2026-05-03,2026-04-27,2026-05-03,../images/rewe/bamberg_offer_237.jpg,"cat_fisch_meeresfruechte,diet_gluten_free,diet_lactose_free,diet_vegan,diet_vegetarian,tag_ultra_processed,tag_whole_food",bamberg,,,ref_000085,,,x,
Feuchte Tücher,Pampers,"€ 7,29",,"pro Einheit = 7,29","pro Einheit = 7,29","Aqua Soft, je 4 x 48-St.-Pckg.",Nein,2026-04-27 bis 2026-05-03,2026-04-27,2026-05-03,../images/rewe/bamberg_offer_225.jpg,cat_drogerie,bamberg,,,ref_000086,obs_0000017340,obs_0000013188|obs_0000017340|obs_0000008309,,
Erdbeeren,Rewe Beste Wahl,"€ 2,79",,"1 kg = 5,58","1 kg = 5,58","ganze Früchte, tiefgefroren, je 500-g-Btl.",Nein,2026-04-27 bis 2026-05-03,2026-04-27,2026-05-03,../images/rewe/bamberg_offer_121.jpg,"cat_tiefkuehl,diet_gluten_free,diet_lactose_free,diet_vegan,diet_vegetarian,sub_frisches_gemuese,sub_frisches_obst,tag_whole_food",bamberg,,BLS-F301100,ref_000087,obs_0000031261|obs_0000006265|obs_0000030915|obs_0000031462|obs_0000032512|obs_0000006408|obs_0000027419|obs_0000029494|obs_0000031576|obs_0000030564|obs_0000000875|obs_0000022919|obs_0000030617|obs_0000024529|obs_0000033793|obs_0000013901|obs_0000034400|obs_0000012233|obs_0000005687|obs_0000013414|obs_0000013418|obs_0000011389|obs_0000030989|obs_0000015717|obs_0000006083|obs_0000006092|obs_0000030428,obs_0000031261|obs_0000006265|obs_0000030915|obs_0000031462|obs_0000032512|obs_0000006408|obs_0000027419|obs_0000029494|obs_0000031576|obs_0000030564|obs_0000000875|obs_0000022919|obs_0000030617|obs_0000024529,,x
Shampoo Classic Clean,head & shoulders,"€ 3,49",,"1 l = 15,51","1 l = 15,51","2 in 1, je 225-ml-Fl.",Nein,2026-04-27 bis 2026-05-03,2026-04-27,2026-05-03,../images/rewe/bamberg_offer_210.jpg,"cat_drogerie,diet_gluten_free,diet_lactose_free,diet_vegan,diet_vegetarian,tag_ultra_processed",bamberg,,,ref_000088,obs_0000008350|obs_0000030029|obs_0000028680|obs_0000034854|obs_0000009796|obs_0000032840|obs_0000004179|obs_0000033372|obs_0000009325|obs_0000019053|obs_0000032877|obs_0000024178|obs_0000033398|obs_0000021647|obs_0000010913|obs_0000033460|obs_0000023755|obs_0000009955|obs_0000033529|obs_0000021764|obs_0000034052|obs_0000035066|obs_0000009494|obs_0000033059|obs_0000033092|obs_0000033623|obs_0000011610|obs_0000020828|obs_0000034662|obs_0000033133|obs_0000033649|obs_0000001916|obs_0000008067|obs_0000028560|obs_0000033168|obs_0000005033|obs_0000010154|obs_0000000446|obs_0000033215|obs_0000034239|obs_0000033227|obs_0000033237|obs_0000033244|obs_0000004606,obs_0000008350,x,
Waschmittel flüssig,Lenor,"€ 4,99",,"pro Einheit = 0,25","pro Einheit = 0,25","Aprilfrisch, je 20-WL-Fl.",Nein,2026-04-27 bis 2026-05-03,2026-04-27,2026-05-03,../images/rewe/bamberg_offer_208.jpg,cat_drogerie,bamberg,,,ref_000089,obs_0000033070|obs_0000033255|obs_0000033361|obs_0000033426|obs_0000033446|obs_0000032992|obs_0000021736|obs_0000033001|obs_0000021230|obs_0000020411|obs_0000018152|obs_0000022331|obs_0000003486|obs_0000022520|obs_0000030776|obs_0000018563|obs_0000017788|obs_0000018843|obs_0000018449|obs_0000034866|obs_0000027703|obs_0000012875|obs_0000016462|obs_0000023646|obs_0000018542|obs_0000019568|obs_0000024174|obs_0000013946|obs_0000025217|obs_0000026760|obs_0000021665|obs_0000033445|obs_0000002728|obs_0000012454|obs_0000023748|obs_0000023244|obs_0000025812|obs_0000017654|obs_0000015109|obs_0000033069|obs_0000022340|obs_0000018794|obs_0000020846|obs_0000019827|obs_0000022410|obs_0000012181|obs_0000019384|obs_0000017352|obs_0000026568|obs_0000025598,obs_0000030776|obs_0000018563|obs_0000033426|obs_0000032992|obs_0000021736|obs_0000021230|obs_0000033070|obs_0000033659|obs_0000017788|obs_0000018843|obs_0000020411|obs_0000033255,,
Solare Aperitivo,Freixenet,"€ 9,99",,"1 l = 14,27","1 l = 14,27","11% Vol., je 0,7-l-Fl.",Nein,2026-04-27 bis 2026-05-03,2026-04-27,2026-05-03,../images/rewe/bamberg_offer_182.jpg,"cat_getraenke,diet_lactose_free",bamberg,,,ref_000090,obs_0000013069|obs_0000008990|obs_0000020899|obs_0000003633|obs_0000009522|obs_0000008244|obs_0000021836|obs_0000010091|obs_0000020080|obs_0000003572|obs_0000015485|obs_0000009984,,x,
Minis Partybecher,Berentzen,"€ 8,99",,"1 l = 18,73","1 l = 18,73","je 24 x 0,02-l-Fl.-Becher",Nein,2026-04-27 bis 2026-05-03,2026-04-27,2026-05-03,../images/rewe/bamberg_offer_183.jpg,"cat_getraenke,diet_gluten_free,diet_lactose_free,diet_vegan,diet_vegetarian,tag_ultra_processed,tag_whole_food",bamberg,,,ref_000091,obs_0000026916|obs_0000019480|obs_0000015901|obs_0000025627|obs_0000019541|obs_0000012394|obs_0000025800|obs_0000024884|obs_0000016191|obs_0000011085|obs_0000022992|obs_0000013779|obs_0000013309|obs_0000022527,obs_0000026916,x,
Sauberlaufmatte Turin ca 60 x 80 cm oder ca 80 x 120 cm,Keine Marke,"€ 5,99",,"pro Einheit = 5,99","pro Einheit = 5,99",je 1-St.,Nein,2026-04-27 bis 2026-05-03,2026-04-27,2026-05-03,../images/rewe/bamberg_offer_184.jpg,"cat_getraenke,diet_gluten_free,diet_lactose_free,diet_vegan,diet_vegetarian,tag_ultra_processed",bamberg,,,ref_000092,,,,
GÖZZE Sitzkissen,Keine Marke,"€ 9,99",,"pro Einheit = 9,99","pro Einheit = 9,99","100% Polyester ca. 40 x 40 x 3 cm mit Anti-Rutsch Unterseite, je 1-St.",Nein,2026-04-27 bis 2026-05-03,2026-04-27,2026-05-03,../images/rewe/bamberg_offer_185.jpg,"cat_obst_gemuese,diet_gluten_free,diet_lactose_free,diet_vegan,diet_vegetarian,sub_frisches_obst,tag_ultra_processed,tag_whole_food",bamberg,,,ref_000093,obs_0000022669|obs_0000000019|obs_0000003736,,,
GÖZZE Cocktailkissen,Keine Marke,"€ 9,99",,"pro Einheit = 9,99","pro Einheit = 9,99","100% Polyester ca. 40 x 40 cm uni ca. 50 x 50 cm gestreift mit Reißverschluss, je 1-St.",Nein,2026-04-27 bis 2026-05-03,2026-04-27,2026-05-03,../images/rewe/bamberg_offer_186.jpg,"cat_getraenke,diet_gluten_free,diet_lactose_free,diet_vegan,diet_vegetarian,tag_ultra_processed,tag_whole_food",bamberg,,,ref_000094,,,,
Pflanzen-Übertopf-Set,Keine Marke,"€ 9,99",,"pro Einheit = 9,99","pro Einheit = 9,99","1x ca. 13 x 13 x 20,5 cm und 1x ca. 18 x 18 x 28,5 cm, je 1-Set",Nein,2026-04-27 bis 2026-05-03,2026-04-27,2026-05-03,../images/rewe/bamberg_offer_187.jpg,"cat_non_food,diet_gluten_free,diet_lactose_free,diet_vegan,diet_vegetarian,tag_whole_food",bamberg,,,ref_000095,,,,
GÖZZE Dekokissen,Keine Marke,"€ 9,99",,"pro Einheit = 9,99","pro Einheit = 9,99","100% Polyester ca. 30 x 50 cm mit Reißverschluss, je 1-St.",Nein,2026-04-27 bis 2026-05-03,2026-04-27,2026-05-03,../images/rewe/bamberg_offer_188.jpg,"cat_obst_gemuese,diet_gluten_free,diet_lactose_free,diet_vegan,diet_vegetarian,sub_frisches_obst,tag_ultra_processed,tag_whole_food",bamberg,,,ref_000096,obs_0000030771|obs_0000026823|obs_0000019719|obs_0000026123,obs_0000030771,,
Rund um Balkon und Garten,Keine Marke,"€ 2,00",,"pro Einheit = 2,00","pro Einheit = 2,00","versch. Artikel, je 1-St.",Nein,2026-04-27 bis 2026-05-03,2026-04-27,2026-05-03,../images/rewe/bamberg_offer_189.jpg,"cat_non_food,diet_gluten_free,diet_lactose_free,diet_vegan,diet_vegetarian,tag_whole_food",bamberg,,,ref_000097,,,,
Total Aktiv Gel,WC Ente,"€ 1,89",,"1 l = 2,52","1 l = 2,52","versch. Sorten, je 750-ml-Fl.",Nein,2026-04-27 bis 2026-05-03,2026-04-27,2026-05-03,../images/rewe/bamberg_offer_190.jpg,"cat_drogerie,diet_gluten_free,diet_lactose_free,diet_vegan,diet_vegetarian,tag_ultra_processed,tag_whole_food",bamberg,,,ref_000098,obs_0000005665|obs_0000007292|obs_0000010074|obs_0000032852,obs_0000005665|obs_0000007292,x,
Geschirrspülmittel,Fairy,"€ 1,39",,"1 l = 3,09","1 l = 3,09","versch. Sorten, je 450-ml-Fl.",Nein,2026-04-27 bis 2026-05-03,2026-04-27,2026-05-03,../images/rewe/bamberg_offer_191.jpg,cat_drogerie,bamberg,,,ref_000099,obs_0000011161|obs_0000013986|obs_0000028221|obs_0000013654|obs_0000013052|obs_0000015118|obs_0000034453|obs_0000010271|obs_0000034995|obs_0000008401|obs_0000011604|obs_0000015958|obs_0000008305|obs_0000031355|obs_0000032274|obs_0000006050|obs_0000005293|obs_0000020019|obs_0000016850|obs_0000029778|obs_0000005857|obs_0000006247|obs_0000006763|obs_0000030063|obs_0000032757|obs_0000007927|obs_0000013224|obs_0000024713|obs_0000025820,obs_0000015118|obs_0000034453|obs_0000011161|obs_0000010271|obs_0000013986|obs_0000006050|obs_0000005293|obs_0000020019|obs_0000034872|obs_0000028221|obs_0000034995|obs_0000008401|obs_0000016850|obs_0000029778|obs_0000011604|obs_0000013654|obs_0000015958|obs_0000006763|obs_0000008305|obs_0000032757|obs_0000031355|obs_0000013052,,
Reiniger,Meister Proper,"€ 1,59",,"pro Einheit = 1,59","pro Einheit = 1,59","Citrusfrische, je 1-l-Fl.",Nein,2026-04-27 bis 2026-05-03,2026-04-27,2026-05-03,../images/rewe/bamberg_offer_192.jpg,"cat_getraenke,diet_gluten_free",bamberg,,,ref_000100,obs_0000029086|obs_0000031762|obs_0000013848|obs_0000025004|obs_0000013362|obs_0000019901|obs_0000017601|obs_0000026432|obs_0000027202|obs_0000023750|obs_0000010953|obs_0000028357|obs_0000003536|obs_0000015954|obs_0000024166|obs_0000012011|obs_0000018411|obs_0000014189|obs_0000033271|obs_0000027513,obs_0000029086|obs_0000013362|obs_0000028357,x,
Nachfüllpackung,Swiffer,"€ 2,99",,"pro Einheit = 2,99","pro Einheit = 2,99","versch. Ausführungen, je 1-Pckg.",Nein,2026-04-27 bis 2026-05-03,2026-04-27,2026-05-03,../images/rewe/bamberg_offer_193.jpg,"cat_getraenke,diet_gluten_free,diet_lactose_free,diet_vegan,diet_vegetarian,tag_ultra_processed,tag_whole_food",bamberg,,,ref_000101,obs_0000030072,,x,
Wäscheparfüm,Lenor,"€ 3,49",,"1 kg = 22,52","1 kg = 22,52","Aprilfrisch, je 155-g-Pckg.",Nein,2026-04-27 bis 2026-05-03,2026-04-27,2026-05-03,../images/rewe/bamberg_offer_209.jpg,cat_drogerie,bamberg,,,ref_000102,obs_0000011157|obs_0000014872|obs_0000011803|obs_0000009628|obs_0000013488|obs_0000003535|obs_0000033365|obs_0000025441|obs_0000032879|obs_0000010098|obs_0000022906|obs_0000017659|obs_0000033496|obs_0000018186|obs_0000012455|obs_0000026032|obs_0000014663|obs_0000015947|obs_0000033615|obs_0000028651|obs_0000028534|obs_0000024886|obs_0000030076,obs_0000018186|obs_0000011157|obs_0000014872|obs_0000011803|obs_0000009628|obs_0000013488|obs_0000026032|obs_0000003535|obs_0000033615|obs_0000033365|obs_0000033496|obs_0000025441|obs_0000032879|obs_0000010098|obs_0000022906|obs_0000017659|obs_0000030076,,
Taschentücher,Tempo,"€ 1,99",,"pro Einheit = 1,99","pro Einheit = 1,99",je 15 x 10-St.-Pckg.,Nein,2026-04-27 bis 2026-05-03,2026-04-27,2026-05-03,../images/rewe/bamberg_offer_194.jpg,cat_drogerie,bamberg,,,ref_000103,obs_0000031049|obs_0000020301|obs_0000011599|obs_0000013922|obs_0000012007|obs_0000033002|obs_0000006388|obs_0000024952|obs_0000021120|obs_0000033673|obs_0000009761|obs_0000012458|obs_0000012879|obs_0000009297|obs_0000031764|obs_0000010159|obs_0000031059|obs_0000035077|obs_0000006057|obs_0000034871|obs_0000006592|obs_0000034990|obs_0000007115|obs_0000005854|obs_0000033631|obs_0000007296|obs_0000006249|obs_0000005484|obs_0000008063|obs_0000014666|obs_0000032037,obs_0000033673|obs_0000031764|obs_0000009761|obs_0000012458|obs_0000031049|obs_0000020301|obs_0000011599|obs_0000012879|obs_0000009297|obs_0000031059|obs_0000005854|obs_0000007296|obs_0000013922|obs_0000012007|obs_0000006249|obs_0000033002|obs_0000006388|obs_0000024952|obs_0000021120,,
Aufsteckbürsten,Oral-B,"€ 12,99",,"pro Einheit = 12,99","pro Einheit = 12,99","Pro Precision Clean, je 5-St.-Pckg.",Nein,2026-04-27 bis 2026-05-03,2026-04-27,2026-05-03,../images/rewe/bamberg_offer_196.jpg,"cat_drogerie,diet_gluten_free,diet_lactose_free,diet_vegan,diet_vegetarian,tag_whole_food",bamberg,,,ref_000104,obs_0000032038,obs_0000032038|obs_0000017596,x,
Sparpack Baby Dry Junior,Pampers,"€ 12,99",,"pro Einheit = 12,99","pro Einheit = 12,99","Gr. 5, je 39-St.-Pckg.",Nein,2026-04-27 bis 2026-05-03,2026-04-27,2026-05-03,../images/rewe/bamberg_offer_197.jpg,cat_drogerie,bamberg,,,ref_000105,obs_0000002091|obs_0000032835,,,
Deospray,Fa,"€ 1,29",,"1 l = 8,60","1 l = 8,60","versch. Sorten, je 150-ml-Dose",Nein,2026-04-27 bis 2026-05-03,2026-04-27,2026-05-03,../images/rewe/bamberg_offer_198.jpg,cat_drogerie,bamberg,,,ref_000106,obs_0000034658|obs_0000015110|obs_0000013583|obs_0000035064|obs_0000003229|obs_0000032800|obs_0000026145|obs_0000026277|obs_0000033577|obs_0000002346|obs_0000033454|obs_0000032945|obs_0000026566|obs_0000031852|obs_0000033019|obs_0000027389|obs_0000033258|obs_0000030081|obs_0000032772|obs_0000032140|obs_0000034445|obs_0000032276|obs_0000014231|obs_0000008104|obs_0000005295|obs_0000003531|obs_0000031052|obs_0000029400|obs_0000005487|obs_0000029052|obs_0000034053|obs_0000015115|obs_0000013584|obs_0000033196|obs_0000033576|obs_0000033457|obs_0000034859|obs_0000033848|obs_0000034242|obs_0000007505|obs_0000033366|obs_0000033117|obs_0000021251|obs_0000032778|obs_0000025255|obs_0000029739|obs_0000020432|obs_0000007295,obs_0000032772|obs_0000015110|obs_0000032140|obs_0000013583|obs_0000035064|obs_0000003229|obs_0000032800|obs_0000026145|obs_0000032801|obs_0000026277|obs_0000033577|obs_0000002346|obs_0000033454|obs_0000032945|obs_0000031921|obs_0000026566|obs_0000029400|obs_0000034658|obs_0000031852|obs_0000005487|obs_0000033019|obs_0000027389,,
Total Care Mundspülung,Listerine,"€ 3,99",,"1 l = 7,98","1 l = 7,98","versch. Sorten, je 500-ml-Fl.",Nein,2026-04-27 bis 2026-05-03,2026-04-27,2026-05-03,../images/rewe/bamberg_offer_200.jpg,"cat_drogerie,diet_gluten_free,diet_lactose_free,diet_vegan,diet_vegetarian",bamberg,,,ref_000107,obs_0000031051|obs_0000033318|obs_0000034861|obs_0000033842|obs_0000032142|obs_0000006946|obs_0000006245|obs_0000019462|obs_0000003471|obs_0000004878|obs_0000021262|obs_0000028825|obs_0000015520|obs_0000011170|obs_0000000811|obs_0000004024|obs_0000025658|obs_0000002627|obs_0000033606|obs_0000022997|obs_0000008535|obs_0000020443|obs_0000004451|obs_0000033399,obs_0000033318|obs_0000034861|obs_0000033842|obs_0000031051,x,
Zahncreme Sensation White,Colgate,"€ 1,99",,"1 l = 26,53","1 l = 26,53","versch. Sorten, je 75-ml-Tuben-Pckg.",Nein,2026-04-27 bis 2026-05-03,2026-04-27,2026-05-03,../images/rewe/bamberg_offer_202.jpg,cat_drogerie,bamberg,,,ref_000108,obs_0000033389|obs_0000028333|obs_0000030751|obs_0000018802|obs_0000017840|obs_0000008315|obs_0000027360|obs_0000007713|obs_0000012899|obs_0000031914|obs_0000012467|obs_0000012024|obs_0000015114|obs_0000022872,obs_0000030751|obs_0000033389|obs_0000028333,,
Slipeinlagen Daily Fresh,Always,"€ 2,59",,"pro Einheit = 2,59","pro Einheit = 2,59","Normal, je 56-St.-Pckg.",Nein,2026-04-27 bis 2026-05-03,2026-04-27,2026-05-03,../images/rewe/bamberg_offer_203.jpg,cat_drogerie,bamberg,,,ref_000109,obs_0000032771|obs_0000030085|obs_0000026351|obs_0000010149|obs_0000033278|obs_0000008207|obs_0000015952|obs_0000012882|obs_0000033444|obs_0000032995|obs_0000012009|obs_0000011601|obs_0000033669,obs_0000032771|obs_0000030085,,
Magic Wash Flüssigwaschmittel,Coral,"€ 4,99",,"pro Einheit = 0,24","pro Einheit = 0,24","Universal Clean, je 21-WL-Fl.",Nein,2026-04-27 bis 2026-05-03,2026-04-27,2026-05-03,../images/rewe/bamberg_offer_204.jpg,"cat_drogerie,diet_gluten_free",bamberg,,,ref_000110,obs_0000024898|obs_0000028394|obs_0000002581|obs_0000001316|obs_0000034485|obs_0000002125|obs_0000002941,obs_0000028394,x,
Pflegedusche,Kneipp,"€ 2,49",,"1 l = 12,45","1 l = 12,45","Lebensfreude, je 200-ml-Tube",Nein,2026-04-27 bis 2026-05-03,2026-04-27,2026-05-03,../images/rewe/bamberg_offer_206.jpg,"cat_drogerie,diet_gluten_free,diet_lactose_free,diet_vegan,diet_vegetarian,tag_whole_food",bamberg,,,ref_000111,obs_0000029378|obs_0000006058|obs_0000010213|obs_0000003590|obs_0000016421|obs_0000019782|obs_0000012474|obs_0000010781,,x,
Weichspüler,Lenor,"€ 2,19",,"1 l = 2,74","1 l = 2,74","Aprilfrisch, je 798-ml-Fl.",Nein,2026-04-27 bis 2026-05-03,2026-04-27,2026-05-03,../images/rewe/bamberg_offer_207.jpg,cat_drogerie,bamberg,,,ref_000112,obs_0000003597|obs_0000019489|obs_0000025167|obs_0000032849|obs_0000021593|obs_0000009843|obs_0000009383|obs_0000028356|obs_0000010952|obs_0000020774|obs_0000033198|obs_0000008124|obs_0000027580|obs_0000031701|obs_0000010761|obs_0000012876|obs_0000026203|obs_0000023651|obs_0000021098|obs_0000026740|obs_0000013955|obs_0000015508|obs_0000032921|obs_0000031910|obs_0000013480|obs_0000006387|obs_0000016125|obs_0000020279|obs_0000011598|obs_0000022870|obs_0000034675|obs_0000033664|obs_0000019865|obs_0000015261|obs_0000021945|obs_0000016852|obs_0000014305|obs_0000012004|obs_0000000802|obs_0000032282|obs_0000005663|obs_0000030775|obs_0000008789|obs_0000006762|obs_0000005297|obs_0000029375|obs_0000005858|obs_0000006941|obs_0000030075|obs_0000033155,obs_0000010761|obs_0000003597|obs_0000032282|obs_0000019489|obs_0000030775|obs_0000012876|obs_0000025167|obs_0000032849|obs_0000021593|obs_0000026203|obs_0000023651|obs_0000021098|obs_0000009843|obs_0000026740|obs_0000013955|obs_0000015508|obs_0000032921|obs_0000031910|obs_0000009383|obs_0000013480|obs_0000028356|obs_0000010952|obs_0000006387|obs_0000016125|obs_0000020774|obs_0000020279|obs_0000011598|obs_0000022870|obs_0000034675|obs_0000030075|obs_0000033664|obs_0000032146|obs_0000019865|obs_0000015261|obs_0000033198|obs_0000021945|obs_0000008124|obs_0000027580|obs_0000016852|obs_0000031701|obs_0000014305|obs_0000032761,,
bewährt oder Danke Toilettenpapier,Zewa,"€ 2,79",,"pro Einheit = 2,79","pro Einheit = 2,79","3-lagig, je 8 x 150-Blatt-Pckg.",Nein,2026-04-27 bis 2026-05-03,2026-04-27,2026-05-03,../images/rewe/bamberg_offer_195.jpg,cat_drogerie,bamberg,,,ref_000113,obs_0000031352|obs_0000032143|obs_0000005861|obs_0000029750|obs_0000034065|obs_0000000527|obs_0000003599|obs_0000001568|obs_0000010282|obs_0000033855|obs_0000002116|obs_0000026693|obs_0000024163|obs_0000013932|obs_0000004745|obs_0000013454|obs_0000027323|obs_0000023741|obs_0000034994|obs_0000028373|obs_0000025816|obs_0000028891|obs_0000026332|obs_0000004318|obs_0000033514|obs_0000000748|obs_0000033004|obs_0000000261|obs_0000008992|obs_0000000809|obs_0000003891|obs_0000001341|obs_0000014665|obs_0000033636|obs_0000033135|obs_0000028024|obs_0000006587|obs_0000011770,obs_0000032143,x,
Choviva Salted Caramel,Rewe Beste Wahl,"€ 1,99",,"1 l = 7,37","1 l = 7,37",je 3 x 90-ml-Pckg.,Nein,2026-04-27 bis 2026-05-03,2026-04-27,2026-05-03,../images/rewe/bamberg_offer_120.jpg,"cat_tiefkuehl,diet_gluten_free,diet_lactose_free,diet_vegan,diet_vegetarian,tag_ultra_processed,tag_whole_food",bamberg,,,ref_000114,obs_0000020012|obs_0000025940|obs_0000029095|obs_0000001091,obs_0000029095,,x
Coca-Cola,Coca-Cola,"€ 1,59",,"1 l = 0,80","1 l = 0,80","versch. Sorten, teilw. koffeinhaltig, je 2-l-Fl., zzgl. 0,25 € Pfand",Nein,2026-04-27 bis 2026-05-03,2026-04-27,2026-05-03,../images/rewe/bamberg_offer_159.jpg,"cat_getraenke,sub_tk_fertiggerichte,tag_high_protein,tag_proteinreich,tag_ultra_processed",bamberg,,,ref_000115,obs_0000023586|obs_0000001110|obs_0000024676|obs_0000024165|obs_0000001642|obs_0000023740|obs_0000034042|obs_0000034648|obs_0000033681|obs_0000034234|obs_0000034810|obs_0000005638|obs_0000030302|obs_0000032440|obs_0000005827|obs_0000029418|obs_0000006901|obs_0000006909|obs_0000029979|obs_0000006021|obs_0000032705|obs_0000030680|obs_0000007669|obs_0000032254|obs_0000026646|obs_0000028226|obs_0000004177|obs_0000031900|obs_0000021663|obs_0000026287|obs_0000026323|obs_0000008921|obs_0000017639|obs_0000000810|obs_0000016686|obs_0000009023|obs_0000022338|obs_0000017246|obs_0000020844|obs_0000016754|obs_0000028026|obs_0000027015|obs_0000027037|obs_0000009119|obs_0000019364|obs_0000005031|obs_0000000445|obs_0000018375|obs_0000003042|obs_0000004604,obs_0000005638|obs_0000023586|obs_0000001110|obs_0000030302|obs_0000024676|obs_0000024165|obs_0000001642|obs_0000032440|obs_0000023740|obs_0000005827|obs_0000029418|obs_0000006901|obs_0000034042|obs_0000006909|obs_0000029979|obs_0000034648|obs_0000006021|obs_0000033681|obs_0000034234|obs_0000032705|obs_0000030680|obs_0000007669|obs_0000034810|obs_0000032254,,
Schöller Multipackung Pirulo Kaktus,Keine Marke,"€ 2,22",,"1 l = 5,48","1 l = 5,48",je 9 x 45-ml-Pckg.,Nein,2026-04-27 bis 2026-05-03,2026-04-27,2026-05-03,../images/rewe/bamberg_offer_118.jpg,"cat_tiefkuehl,sub_tk_eis,tag_ultra_processed",bamberg,,,ref_000116,obs_0000029706|obs_0000032394|obs_0000032220|obs_0000032391|obs_0000029780|obs_0000028918|obs_0000032221,obs_0000029706|obs_0000032394|obs_0000032220,,
Orangen,Keine Marke,"€ 2,49",,"pro Einheit = 2,49","pro Einheit = 2,49","Sorte: siehe Etikett, Kl. I, je 1-kg-",Nein,2026-04-27 bis 2026-05-03,2026-04-27,2026-05-03,../images/rewe/bamberg_offer_032.jpg,"cat_obst_gemuese,diet_gluten_free,diet_lactose_free,diet_vegan,diet_vegetarian,sub_exoten,sub_frisches_obst,tag_ultra_processed,tag_whole_food",bamberg,,BLS-F603100,ref_000117,obs_0000031118|obs_0000024463|obs_0000028048|obs_0000008977|obs_0000021906|obs_0000028056|obs_0000014361|obs_0000029592|obs_0000024992|obs_0000025768|obs_0000019119|obs_0000008755|obs_0000010164|obs_0000034743|obs_0000026554|obs_0000009787|obs_0000032059|obs_0000032323|obs_0000016457|obs_0000029131|obs_0000027858|obs_0000027355|obs_0000029277|obs_0000009316|obs_0000030565|obs_0000030827|obs_0000017005|obs_0000031473|obs_0000029823|obs_0000034315|obs_0000033934|obs_0000001301|obs_0000029591|obs_0000014877|obs_0000030120|obs_0000031152|obs_0000033716|obs_0000026166|obs_0000033854|obs_0000012742|obs_0000010184|obs_0000015310|obs_0000025425|obs_0000006483|obs_0000016210|obs_0000015711|obs_0000010976|obs_0000013417|obs_0000034020|obs_0000027756,obs_0000031118|obs_0000024463|obs_0000028048|obs_0000008977|obs_0000021906|obs_0000028056|obs_0000014361|obs_0000029592|obs_0000024992|obs_0000025768|obs_0000019119|obs_0000008755|obs_0000010164|obs_0000034743|obs_0000026554|obs_0000009787|obs_0000032059|obs_0000032323|obs_0000016457|obs_0000029131|obs_0000027858|obs_0000027355|obs_0000029277|obs_0000009316|obs_0000030565|obs_0000030827|obs_0000017005|obs_0000031473|obs_0000029823,,
Lauchzwiebeln,Keine Marke,"€ 0,66",,"pro Einheit = 0,66","pro Einheit = 0,66",je 1-Bund,Nein,2026-04-27 bis 2026-05-03,2026-04-27,2026-05-03,../images/rewe/bamberg_offer_033.jpg,"cat_obst_gemuese,diet_gluten_free,diet_lactose_free,diet_vegan,diet_vegetarian,sub_frisches_gemuese,tag_whole_food",bamberg,,,ref_000118,obs_0000014337|obs_0000030823|obs_0000029496|obs_0000006078|obs_0000011753|obs_0000013256,obs_0000014337|obs_0000030823|obs_0000029496|obs_0000006078,,
Chicor e,Keine Marke,"€ 1,49",,"1 kg = 2,98","1 kg = 2,98","Kl. I, je 500-g-Pckg.",Nein,2026-04-27 bis 2026-05-03,2026-04-27,2026-05-03,../images/rewe/bamberg_offer_034.jpg,"cat_obst_gemuese,diet_gluten_free,diet_lactose_free,diet_vegan,diet_vegetarian,sub_exoten,sub_frisches_gemuese,sub_frisches_obst,sub_salate,tag_ultra_processed,tag_whole_food",bamberg,,BLS-G101100,ref_000119,obs_0000034113|obs_0000031471|obs_0000010977|obs_0000012240,obs_0000034113|obs_0000031471,,
Schiller GQB Strohschwein Lyoner,Keine Marke,"€ 1,11",,"pro Einheit = 1,11","pro Einheit = 1,11","halbe oder ganze Ringe, je 100-g-",Nein,2026-04-27 bis 2026-05-03,2026-04-27,2026-05-03,../images/rewe/bamberg_offer_035.jpg,"cat_fleisch_wurst,sub_schwein,sub_wurst,tag_ultra_processed",bamberg,,,ref_000120,obs_0000031192|obs_0000029556|obs_0000029187|obs_0000031107|obs_0000031108|obs_0000030093|obs_0000028317|obs_0000029870|obs_0000031547|obs_0000030543|obs_0000032597|obs_0000029792|obs_0000031468|obs_0000029808|obs_0000030833|obs_0000029558|obs_0000031912|obs_0000032571|obs_0000029119|obs_0000028991|obs_0000030199|obs_0000021277|obs_0000019136|obs_0000021693|obs_0000024651|obs_0000033750|obs_0000020458,obs_0000031912|obs_0000028991|obs_0000031192|obs_0000029556,,
Böhnlein Weißwurst,Keine Marke,"€ 1,19",,"pro Einheit = 1,19","pro Einheit = 1,19",je 100-g-,Nein,2026-04-27 bis 2026-05-03,2026-04-27,2026-05-03,../images/rewe/bamberg_offer_036.jpg,"cat_obst_gemuese,diet_gluten_free,diet_lactose_free,diet_vegan,diet_vegetarian,sub_frisches_gemuese,sub_wurst,tag_ultra_processed,tag_whole_food",bamberg,,,ref_000121,obs_0000032584|obs_0000031432|obs_0000030454|obs_0000013960|obs_0000007980|obs_0000009040|obs_0000028239|obs_0000010595|obs_0000012286,obs_0000032584|obs_0000031432|obs_0000030454,,
Rinder-Rouladen -Braten oder -Gulasch,Keine Marke,"€ 1,99",,"pro Einheit = 1,99","pro Einheit = 1,99","aus der Keule, je 100-g-",Nein,2026-04-27 bis 2026-05-03,2026-04-27,2026-05-03,../images/rewe/bamberg_offer_037.jpg,"cat_fleisch_wurst,sub_rind,tag_ultra_processed,tag_whole_food",bamberg,,,ref_000122,obs_0000029455|obs_0000032527|obs_0000029614|obs_0000029643|obs_0000030516|obs_0000028993|obs_0000030633|obs_0000028608|obs_0000031691|obs_0000029663|obs_0000002531|obs_0000000631|obs_0000000644|obs_0000000645|obs_0000001197|obs_0000000702|obs_0000000888|obs_0000001518,obs_0000005244|obs_0000029455|obs_0000032527|obs_0000029614,,
Bille Geflügelsalami,Keine Marke,"€ 1,49",,"pro Einheit = 1,49","pro Einheit = 1,49","versch. Sorten, je 100-g-",Nein,2026-04-27 bis 2026-05-03,2026-04-27,2026-05-03,../images/rewe/bamberg_offer_038.jpg,"cat_fleisch_wurst,diet_gluten_free,diet_lactose_free,diet_vegan,diet_vegetarian,sub_gefluegel,sub_wurst,tag_ultra_processed,tag_whole_food",bamberg,,,ref_000123,obs_0000032526|obs_0000005412,obs_0000031429|obs_0000030795|obs_0000032526,,
Italienische Fenchel-Salami g g A,Keine Marke,"€ 1,99",,"pro Einheit = 1,99","pro Einheit = 1,99",je 100-g-,Nein,2026-04-27 bis 2026-05-03,2026-04-27,2026-05-03,../images/rewe/bamberg_offer_039.jpg,"cat_fleisch_wurst,diet_gluten_free,diet_lactose_free,diet_vegan,diet_vegetarian,sub_frisches_gemuese,sub_tk_gemuese,sub_wurst,tag_ultra_processed,tag_whole_food",bamberg,,,ref_000124,obs_0000002611|obs_0000010316|obs_0000017495|obs_0000014932|obs_0000019030|obs_0000028273|obs_0000005781|obs_0000023205|obs_0000003239|obs_0000019666|obs_0000016602|obs_0000008425|obs_0000021226|obs_0000003307|obs_0000002285|obs_0000011010|obs_0000025355|obs_0000026898|obs_0000017184|obs_0000007987|obs_0000025934|obs_0000008039|obs_0000016755|obs_0000034176|obs_0000002957|obs_0000020407|obs_0000016328|obs_0000017375|obs_0000031198|obs_0000010234,,,
Kugler Eiersalat,Keine Marke,"€ 1,49",,"pro Einheit = 1,49","pro Einheit = 1,49",je 100-g-,Nein,2026-04-27 bis 2026-05-03,2026-04-27,2026-05-03,../images/rewe/bamberg_offer_040.jpg,"cat_obst_gemuese,diet_gluten_free,diet_lactose_free,diet_vegan,diet_vegetarian,sub_frisches_gemuese,sub_salate,tag_ultra_processed,tag_whole_food",bamberg,,,ref_000125,obs_0000031428,,,
Höhenrainer Putenpaprikabrust,Keine Marke,"€ 1,59",,"pro Einheit = 1,59","pro Einheit = 1,59","gegart, je 100-g-",Nein,2026-04-27 bis 2026-05-03,2026-04-27,2026-05-03,../images/rewe/bamberg_offer_041.jpg,"cat_obst_gemuese,diet_gluten_free,diet_lactose_free,diet_vegan,diet_vegetarian,sub_frisches_gemuese,sub_gefluegel,tag_ultra_processed,tag_whole_food",bamberg,,,ref_000126,,,,
Premium Bergkäse,Keine Marke,"€ 1,29",,"pro Einheit = 1,29","pro Einheit = 1,29","österr. Hartkäse, 50% Fett i.Tr., je 100-g-",Nein,2026-04-27 bis 2026-05-03,2026-04-27,2026-05-03,../images/rewe/bamberg_offer_042.jpg,"cat_getraenke,sub_kaese",bamberg,,,ref_000127,obs_0000030457|obs_0000008512|obs_0000029506|obs_0000013830|obs_0000008766|obs_0000033971|obs_0000016093|obs_0000022817|obs_0000022831|obs_0000011595,obs_0000030457,,
Strohschwein Kantsalami oder Puszta Kantsalami,Ostermeier,"€ 1,89",,"pro Einheit = 1,89","pro Einheit = 1,89",je 100-g-,Nein,2026-04-27 bis 2026-05-03,2026-04-27,2026-05-03,../images/rewe/bamberg_offer_043.jpg,"cat_fleisch_wurst,sub_schwein,sub_wurst,tag_ultra_processed",bamberg,,,ref_000128,obs_0000028613,,x,
Bio Bananen,Keine Marke,"€ 1,79",,"pro Einheit = 1,79","pro Einheit = 1,79","Ursprung: siehe Etikett, je 1-kg-",Nein,2026-04-27 bis 2026-05-03,2026-04-27,2026-05-03,../images/rewe/bamberg_offer_031.jpg,"cat_obst_gemuese,diet_gluten_free,diet_lactose_free,diet_vegan,diet_vegetarian,sub_exoten,sub_frisches_gemuese,sub_frisches_obst,tag_whole_food",bamberg,,BLS-F503100,ref_000129,obs_0000027397|obs_0000030831|obs_0000031804|obs_0000009078|obs_0000026329|obs_0000026492|obs_0000027051|obs_0000027736|obs_0000011386|obs_0000028769|obs_0000012654|obs_0000029136|obs_0000013167|obs_0000005115|obs_0000005504|obs_0000005528|obs_0000006073|obs_0000031472|obs_0000007135|obs_0000031729|obs_0000031875|obs_0000032060|obs_0000032185,obs_0000027397|obs_0000030831|obs_0000031804,,
Grillkäse,Keine Marke,"€ 0,99",,"pro Einheit = 0,99","pro Einheit = 0,99","mariniert, versch. Sorten, je 100-g-",Nein,2026-04-27 bis 2026-05-03,2026-04-27,2026-05-03,../images/rewe/bamberg_offer_044.jpg,"cat_obst_gemuese,diet_gluten_free,diet_lactose_free,diet_vegan,diet_vegetarian,sub_exoten,sub_frisches_obst,sub_kaese,sub_milchprodukte,tag_ultra_processed,tag_whole_food",bamberg,,,ref_000130,obs_0000008323|obs_0000014261|obs_0000025177,obs_0000008323|obs_0000014261,,
Lammhüfte,Keine Marke,"€ 2,49",,"pro Einheit = 2,49","pro Einheit = 2,49","natur oder mariniert, je 100-g-",Nein,2026-04-27 bis 2026-05-03,2026-04-27,2026-05-03,../images/rewe/bamberg_offer_046.jpg,"cat_obst_gemuese,diet_gluten_free,diet_lactose_free,diet_vegan,diet_vegetarian,tag_ultra_processed,tag_whole_food",bamberg,,,ref_000131,obs_0000029194|obs_0000034124|obs_0000030906|obs_0000034751,obs_0000029194|obs_0000034124|obs_0000030906|obs_0000034751,,
Frisches Schweinefilet,Keine Marke,"€ 0,99",,"pro Einheit = 0,99","pro Einheit = 0,99",je 100-g-,Nein,2026-04-27 bis 2026-05-03,2026-04-27,2026-05-03,../images/rewe/bamberg_offer_047.jpg,"cat_fisch_meeresfruechte,diet_gluten_free,diet_lactose_free,sub_schwein,tag_high_protein,tag_proteinreich,tag_whole_food",bamberg,,,ref_000132,obs_0000031106|obs_0000024474|obs_0000024049|obs_0000022952|obs_0000000002|obs_0000028675|obs_0000027670|obs_0000020515|obs_0000014905|obs_0000013883|obs_0000019043|obs_0000025707|obs_0000002156|obs_0000034902|obs_0000008821|obs_0000021627|obs_0000003708|obs_0000016537|obs_0000001195|obs_0000009417|obs_0000009937|obs_0000010461|obs_0000034542|obs_0000028417|obs_0000004898|obs_0000034085|obs_0000020808|obs_0000002901|obs_0000021334|obs_0000017752|obs_0000009573|obs_0000008054|obs_0000004471|obs_0000015741|obs_0000028555|obs_0000026057|obs_0000004044|obs_0000007631|obs_0000021967|obs_0000016340|obs_0000003040|obs_0000001519|obs_0000000507,obs_0000031106|obs_0000024474|obs_0000024049,,
Kalbshüfte,Keine Marke,"€ 2,99",,"pro Einheit = 2,99","pro Einheit = 2,99",je 100-g-,Nein,2026-04-27 bis 2026-05-03,2026-04-27,2026-05-03,../images/rewe/bamberg_offer_048.jpg,"cat_obst_gemuese,diet_gluten_free,diet_lactose_free,diet_vegan,diet_vegetarian,sub_frisches_obst,sub_rind,tag_whole_food",bamberg,,,ref_000133,obs_0000030098,obs_0000030098,,
Rinderhackfleisch,Keine Marke,"€ 1,77",,"pro Einheit = 1,77","pro Einheit = 1,77",je 100-g-,Nein,2026-04-27 bis 2026-05-03,2026-04-27,2026-05-03,../images/rewe/bamberg_offer_049.jpg,"cat_fleisch_wurst,sub_hackfleisch,sub_rind,tag_proteinreich,tag_ultra_processed,tag_whole_food",bamberg,,BLS-U020100,ref_000134,obs_0000015745|obs_0000007438|obs_0000013853|obs_0000007982|obs_0000029512|obs_0000014160|obs_0000008675|obs_0000005990|obs_0000008682|obs_0000009203|obs_0000015350|obs_0000010999|obs_0000005246|obs_0000009367|obs_0000011425|obs_0000034728|obs_0000020145|obs_0000021683|obs_0000006202|obs_0000020964|obs_0000033894|obs_0000012294|obs_0000014474,obs_0000015745|obs_0000007438|obs_0000013853|obs_0000007982|obs_0000029512|obs_0000014160|obs_0000008675|obs_0000005990|obs_0000008682|obs_0000009203|obs_0000015350|obs_0000010999|obs_0000005246,,
Rindersteakhüfte,Keine Marke,"€ 2,99",,"pro Einheit = 2,99","pro Einheit = 2,99","am Stück oder in Scheiben, je 100-g-",Nein,2026-04-27 bis 2026-05-03,2026-04-27,2026-05-03,../images/rewe/bamberg_offer_050.jpg,"cat_fleisch_wurst,diet_gluten_free,diet_lactose_free,diet_vegan,diet_vegetarian,sub_rind,tag_ultra_processed,tag_whole_food",bamberg,,,ref_000135,obs_0000028676|obs_0000028556|obs_0000029116,obs_0000028676|obs_0000028556|obs_0000029116,,
Strohschweinnacken,Keine Marke,"€ 0,99",,"pro Einheit = 0,99","pro Einheit = 0,99","ohne Knochen, am Stück oder in Scheiben, je 100-g-",Nein,2026-04-27 bis 2026-05-03,2026-04-27,2026-05-03,../images/rewe/bamberg_offer_051.jpg,"cat_fleisch_wurst,diet_gluten_free,diet_lactose_free,diet_vegan,diet_vegetarian,sub_schwein,tag_ultra_processed,tag_whole_food",bamberg,,,ref_000136,obs_0000029514,obs_0000029514,,
Käsescheiben,Leerdammer,"€ 1,49",,"1 kg = 10,64","1 kg = 10,64","versch. Sorten, je 140-g-Pckg.",Nein,2026-04-27 bis 2026-05-03,2026-04-27,2026-05-03,../images/rewe/bamberg_offer_052.jpg,"cat_molkerei_kaese,sub_kaese,sub_milchprodukte",bamberg,,,ref_000137,obs_0000031123|obs_0000025206|obs_0000017666|obs_0000020870|obs_0000027787|obs_0000025113|obs_0000018205|obs_0000001181|obs_0000002335|obs_0000027170|obs_0000016810|obs_0000034730|obs_0000031666|obs_0000020412|obs_0000024639|obs_0000022214|obs_0000033991|obs_0000002763|obs_0000020051|obs_0000000993|obs_0000002664|obs_0000026217|obs_0000021231|obs_0000016774|obs_0000017161|obs_0000004115|obs_0000000405|obs_0000014493|obs_0000019487|obs_0000020768|obs_0000007977|obs_0000019371|obs_0000017591|obs_0000004542|obs_0000021823|obs_0000032080|obs_0000021587|obs_0000032339|obs_0000018774|obs_0000029794|obs_0000004969|obs_0000002160|obs_0000026864|obs_0000025207|obs_0000007162|obs_0000006286|obs_0000026787|obs_0000026584|obs_0000007170|obs_0000007782,obs_0000017666|obs_0000020870|obs_0000027787|obs_0000031123|obs_0000025113|obs_0000018205|obs_0000001181|obs_0000002335|obs_0000027170|obs_0000016810|obs_0000034730|obs_0000031666|obs_0000020412|obs_0000024639|obs_0000022214|obs_0000033991|obs_0000002763|obs_0000032080|obs_0000020051|obs_0000032339|obs_0000000993|obs_0000029794|obs_0000002664|obs_0000026217|obs_0000021231|obs_0000025206,,
Maxi King,Kinder,"€ 1,49",,"1 kg = 14,19","1 kg = 14,19",je 3 x 35-g-Pckg.,Nein,2026-04-27 bis 2026-05-03,2026-04-27,2026-05-03,../images/rewe/bamberg_offer_053.jpg,"cat_molkerei_kaese,tag_ultra_processed",bamberg,,,ref_000138,obs_0000024167|obs_0000023743|obs_0000031434|obs_0000025227|obs_0000010506|obs_0000032535|obs_0000027488|obs_0000008052|obs_0000031664,obs_0000024167|obs_0000023743|obs_0000031434|obs_0000032535,,
Obazda klassisch oder Camembert Creme,Alpenhain,"€ 1,49",,"1 kg = 11,92","1 kg = 11,92",je 125-g-Pckg.,Nein,2026-04-27 bis 2026-05-03,2026-04-27,2026-05-03,../images/rewe/bamberg_offer_054.jpg,"cat_molkerei_kaese,sub_kaese,sub_milchprodukte",bamberg,,,ref_000139,obs_0000030451|obs_0000004735|obs_0000004308|obs_0000000253|obs_0000003881|obs_0000031424|obs_0000012322|obs_0000016955|obs_0000028766|obs_0000014946|obs_0000010902|obs_0000017627|obs_0000034281|obs_0000024571|obs_0000033360|obs_0000034979|obs_0000013141|obs_0000026982|obs_0000010626|obs_0000031154,,,
Saint Albray,Saint Albray,"€ 2,29",,"1 kg = 12,72","1 kg = 12,72","frz. Weichkäse, je 180-g-Pckg.",Nein,2026-04-27 bis 2026-05-03,2026-04-27,2026-05-03,../images/rewe/bamberg_offer_055.jpg,"cat_molkerei_kaese,sub_kaese,sub_milchprodukte",bamberg,,,ref_000140,obs_0000033917|obs_0000034801|obs_0000029458|obs_0000030801|obs_0000005537|obs_0000007556|obs_0000032064|obs_0000030146,obs_0000029458|obs_0000033917|obs_0000030801|obs_0000034801,,
Gewürzquark,Milram,"€ 0,99",,"1 kg = 5,35","1 kg = 5,35","versch. Sorten, je 185-g-Becher",Nein,2026-04-27 bis 2026-05-03,2026-04-27,2026-05-03,../images/rewe/bamberg_offer_056.jpg,"cat_molkerei_kaese,diet_vegetarian,sub_kaese,sub_milchprodukte",bamberg,,NUTR-0010,ref_000141,obs_0000008211|obs_0000004906|obs_0000004052|obs_0000003290|obs_0000002416|obs_0000004479,obs_0000008211|obs_0000004906|obs_0000004052|obs_0000003290|obs_0000002416|obs_0000004479,,
Kräuter der Provence,Bresso,"€ 1,49",,"1 kg = 9,93","1 kg = 9,93","60% Fett i.Tr., je 150-g-Pckg.",Nein,2026-04-27 bis 2026-05-03,2026-04-27,2026-05-03,../images/rewe/bamberg_offer_057.jpg,"cat_molkerei_kaese,diet_lactose_free,diet_vegan,diet_vegetarian,sub_kaese,sub_kraeuter,sub_milchprodukte,sub_sahne_creme",bamberg,,,ref_000142,obs_0000031436|obs_0000031975|obs_0000030481|obs_0000032545|obs_0000027289|obs_0000012814|obs_0000000636|obs_0000002274|obs_0000009967|obs_0000002843|obs_0000009506|obs_0000011054|obs_0000034623|obs_0000001352|obs_0000013754,obs_0000031436|obs_0000031975|obs_0000030481|obs_0000032545,x,
Schiller GQB Strohschwein Bierkugel,Keine Marke,"€ 1,29",,"pro Einheit = 1,29","pro Einheit = 1,29",je 100-g-,Nein,2026-04-27 bis 2026-05-03,2026-04-27,2026-05-03,../images/rewe/bamberg_offer_045.jpg,"cat_fleisch_wurst,sub_schwein,sub_wurst,tag_ultra_processed",bamberg,,,ref_000143,obs_0000031107|obs_0000028710|obs_0000028587|obs_0000029187|obs_0000031108|obs_0000030093|obs_0000028317|obs_0000029870|obs_0000031547|obs_0000030543|obs_0000032597|obs_0000031192|obs_0000029792|obs_0000031468|obs_0000029808|obs_0000030833|obs_0000029556|obs_0000029558|obs_0000032571|obs_0000029119|obs_0000030199|obs_0000029209|obs_0000030578,obs_0000031107|obs_0000028710|obs_0000028587,,
Cremefine zum Kochen,Rama,"€ 0,99",,"1 l = 3,96","1 l = 3,96",je 250-ml-Fl.,Nein,2026-04-27 bis 2026-05-03,2026-04-27,2026-05-03,../images/rewe/bamberg_offer_058.jpg,"cat_molkerei_kaese,diet_vegetarian,sub_butter_margarine,tag_ultra_processed",bamberg,,,ref_000144,obs_0000007774|obs_0000031980|obs_0000029447|obs_0000032544|obs_0000025616|obs_0000016932|obs_0000010343|obs_0000008854|obs_0000028895|obs_0000023003|obs_0000017373|obs_0000021008|obs_0000020029|obs_0000028247|obs_0000020189|obs_0000010622|obs_0000025593,obs_0000007774|obs_0000031980|obs_0000029447|obs_0000032544,,
Bio Speisekartoffeln,Keine Marke,"€ 1,49",,"1 kg = 0,99","1 kg = 0,99","Sorte und Kocheigenschaft: siehe Etikett, Qualität I, je 1,5-kg-Btl.",Nein,2026-04-27 bis 2026-05-03,2026-04-27,2026-05-03,../images/rewe/bamberg_offer_030.jpg,"cat_obst_gemuese,diet_gluten_free,diet_lactose_free,diet_vegan,diet_vegetarian,sub_frisches_gemuese,sub_kartoffeln,tag_ultra_processed,tag_whole_food",bamberg,,,ref_000145,obs_0000000233|obs_0000018806|obs_0000019772|obs_0000003856|obs_0000028486|obs_0000028596|obs_0000004283|obs_0000004710|obs_0000029486|obs_0000000006|obs_0000008539|obs_0000017026|obs_0000009188|obs_0000033875|obs_0000034088|obs_0000009672|obs_0000034312|obs_0000026668|obs_0000034910|obs_0000027510|obs_0000027986|obs_0000003716|obs_0000028399|obs_0000030140|obs_0000030615|obs_0000006069|obs_0000030837|obs_0000031321|obs_0000016324,obs_0000000233|obs_0000018806|obs_0000019772|obs_0000003856|obs_0000028486|obs_0000028596|obs_0000004283|obs_0000004710|obs_0000029486,,
Bio Feldsalat,Keine Marke,"€ 1,29",,"1 kg = 12,90","1 kg = 12,90","Kl. II, je 100-g-Pckg.",Nein,2026-04-27 bis 2026-05-03,2026-04-27,2026-05-03,../images/rewe/bamberg_offer_028.jpg,"cat_obst_gemuese,diet_gluten_free,diet_lactose_free,diet_vegan,diet_vegetarian,sub_frisches_gemuese,sub_frisches_obst,sub_salate,tag_whole_food",bamberg,,,ref_000146,obs_0000034310|obs_0000027524|obs_0000020109|obs_0000028339|obs_0000020928|obs_0000029125|obs_0000017466|obs_0000009394|obs_0000009855|obs_0000030830|obs_0000006273|obs_0000007525|obs_0000007533|obs_0000007739|obs_0000032334|obs_0000005712|obs_0000005708|obs_0000005890|obs_0000005895,obs_0000034310|obs_0000027524|obs_0000020109|obs_0000028339|obs_0000020928|obs_0000029125,,
Schöller Multipackung Pirulo Watermelon,Keine Marke,"€ 2,22",,"1 l = 6,08","1 l = 6,08",je 5 x 73-ml-Pckg.,Nein,2026-04-27 bis 2026-05-03,2026-04-27,2026-05-03,../images/rewe/bamberg_offer_002.jpg,"cat_tiefkuehl,diet_gluten_free,diet_lactose_free,diet_vegan,diet_vegetarian,sub_tk_eis,tag_ultra_processed",bamberg,,,ref_000147,obs_0000032391|obs_0000029780|obs_0000028918|obs_0000032221|obs_0000029706|obs_0000032394|obs_0000032220,obs_0000032391|obs_0000029780|obs_0000028918|obs_0000032221,,
Mini Mix Classic Almond White,Magnum,"€ 2,99",,"1 l = 9,06","1 l = 9,06",je 330-ml-Pckg.,Nein,2026-04-27 bis 2026-05-03,2026-04-27,2026-05-03,../images/rewe/bamberg_offer_003.jpg,"cat_tiefkuehl,diet_gluten_free,diet_lactose_free,diet_vegan,diet_vegetarian,sub_tk_eis,tag_ultra_processed,tag_whole_food",bamberg,,,ref_000148,obs_0000029342|obs_0000031991|obs_0000031169|obs_0000030846|obs_0000024683|obs_0000024079|obs_0000025668|obs_0000028751|obs_0000001628|obs_0000001643|obs_0000021619|obs_0000020596|obs_0000015018|obs_0000011489|obs_0000026884|obs_0000011543|obs_0000024877|obs_0000035101|obs_0000020800|obs_0000034649|obs_0000010096|obs_0000021415|obs_0000015273|obs_0000031658|obs_0000024496|obs_0000022474,obs_0000029342|obs_0000031991|obs_0000031169,x,
Plombir Eiscreme Vanille,Dovgan,"€ 2,79",,"1 l = 3,58","1 l = 3,58",je 6 x 130-ml-Pckg.,Nein,2026-04-27 bis 2026-05-03,2026-04-27,2026-05-03,../images/rewe/bamberg_offer_005.jpg,"cat_drogerie,sub_tk_fertiggerichte",bamberg,,,ref_000149,obs_0000029166|obs_0000008734|obs_0000008291|obs_0000010899|obs_0000014505|obs_0000013609|obs_0000012668|obs_0000014210,obs_0000029166,,
Bio Limette,Keine Marke,"€ 0,39",,"pro Einheit = 0,39","pro Einheit = 0,39","Sorte: siehe Etikett, Kl. II, je 1-St.",Nein,2026-04-27 bis 2026-05-03,2026-04-27,2026-05-03,../images/rewe/bamberg_offer_010.jpg,"cat_obst_gemuese,diet_gluten_free,diet_lactose_free,diet_vegan,diet_vegetarian,sub_exoten,sub_frisches_gemuese,sub_frisches_obst,tag_whole_food",bamberg,,BLS-F602100,ref_000150,obs_0000030571|obs_0000032325|obs_0000011971,obs_0000034316|obs_0000030571|obs_0000032325,,
Bourbon Vanille,Langnese Cremissimo,"€ 1,99",,"1 l = 1,53","1 l = 1,53",je 1300-ml-Becher,Nein,2026-04-27 bis 2026-05-03,2026-04-27,2026-05-03,../images/rewe/bamberg_offer_011.jpg,"cat_knabbern_naschen,sub_fleischersatz,sub_tk_eis,sub_tk_fertiggerichte,tag_high_protein",bamberg,,,ref_000151,obs_0000017450|obs_0000003118|obs_0000024627|obs_0000031291|obs_0000004163|obs_0000028864|obs_0000010465|obs_0000028456|obs_0000026448|obs_0000016238|obs_0000019321|obs_0000019834|obs_0000005017|obs_0000000434|obs_0000018370|obs_0000004590|obs_0000017586|obs_0000030507|obs_0000034092|obs_0000032629|obs_0000016827|obs_0000029160|obs_0000017966|obs_0000022196|obs_0000031947|obs_0000007013|obs_0000007014|obs_0000007015|obs_0000013970|obs_0000014575,obs_0000028864|obs_0000030507|obs_0000034092|obs_0000026448|obs_0000032629|obs_0000029160,,
La Pistache,Magnum,"€ 2,99",,"1 l = 11,07","1 l = 11,07",je 270-ml-Pckg.,Nein,2026-04-27 bis 2026-05-03,2026-04-27,2026-05-03,../images/rewe/bamberg_offer_013.jpg,"cat_tiefkuehl,diet_gluten_free,diet_lactose_free,diet_vegan,diet_vegetarian,sub_tk_eis,tag_ultra_processed,tag_whole_food",bamberg,,,ref_000152,obs_0000024079|obs_0000015273|obs_0000024496|obs_0000020800|obs_0000022474|obs_0000011489|obs_0000010096|obs_0000021619,,x,
Porree,Keine Marke,"€ 0,49",,"pro Einheit = 0,49","pro Einheit = 0,49","Kl. I, je 1-St.",Nein,2026-04-27 bis 2026-05-03,2026-04-27,2026-05-03,../images/rewe/bamberg_offer_029.jpg,"cat_obst_gemuese,diet_gluten_free,diet_lactose_free,diet_vegan,diet_vegetarian,sub_exoten,sub_frisches_gemuese,sub_frisches_obst,tag_ultra_processed,tag_whole_food",bamberg,,,ref_000153,obs_0000009507|obs_0000021283|obs_0000018921|obs_0000029487|obs_0000020464|obs_0000009968|obs_0000000696|obs_0000029884|obs_0000030131|obs_0000010515,obs_0000009507|obs_0000021283|obs_0000018921|obs_0000029487|obs_0000020464|obs_0000009968|obs_0000000696|obs_0000029884,,
Himbeeren,Keine Marke,"€ 2,99",,"1 kg = 11,96","1 kg = 11,96","Kl. I, je 250-g-Schale",Nein,2026-04-27 bis 2026-05-03,2026-04-27,2026-05-03,../images/rewe/bamberg_offer_016.jpg,"cat_obst_gemuese,diet_gluten_free,diet_lactose_free,diet_vegan,diet_vegetarian,sub_exoten,sub_frisches_obst,tag_whole_food",bamberg,,BLS-F302100,ref_000154,obs_0000032513|obs_0000030214|obs_0000006412|obs_0000000524|obs_0000029585|obs_0000027154|obs_0000029205|obs_0000013981|obs_0000030130|obs_0000030258|obs_0000026169|obs_0000032322|obs_0000029127|obs_0000026967|obs_0000016741|obs_0000010473|obs_0000000498|obs_0000001270|obs_0000028022|obs_0000029817|obs_0000005511|obs_0000002727|obs_0000005696|obs_0000005315|obs_0000005328|obs_0000002907|obs_0000007521|obs_0000007532|obs_0000010894|obs_0000011789|obs_0000030995|obs_0000010921|obs_0000006959|obs_0000030324|obs_0000007799|obs_0000030428|obs_0000007801|obs_0000005894,obs_0000032513|obs_0000030214|obs_0000006412|obs_0000000524|obs_0000029585|obs_0000027154|obs_0000029205|obs_0000013981|obs_0000030130|obs_0000030258|obs_0000026169|obs_0000032322|obs_0000029127|obs_0000026967|obs_0000016741|obs_0000010473|obs_0000000498|obs_0000001270|obs_0000028022|obs_0000029817,,
Weißer Bio Spargel,Keine Marke,"€ 5,90",,"1 kg = 14,75","1 kg = 14,75","Kl. II, je 400-g-Pckg.",Nein,2026-04-27 bis 2026-05-03,2026-04-27,2026-05-03,../images/rewe/bamberg_offer_017.jpg,"cat_obst_gemuese,diet_gluten_free,diet_lactose_free,diet_vegan,diet_vegetarian,sub_frisches_gemuese,sub_frisches_obst,tag_whole_food",bamberg,,,ref_000155,,,,
GQB Salatmischung Crispy Mix,Keine Marke,"€ 0,99",,"1 kg = 7,92","1 kg = 7,92","Kl. I, je 125-g-Schale",Nein,2026-04-27 bis 2026-05-03,2026-04-27,2026-05-03,../images/rewe/bamberg_offer_018.jpg,"cat_obst_gemuese,diet_gluten_free,diet_lactose_free,diet_vegan,diet_vegetarian,sub_frisches_gemuese,sub_salate,tag_ultra_processed,tag_whole_food",bamberg,,,ref_000156,obs_0000024700,,,
Braune Champignons,Keine Marke,"€ 1,49",,"1 kg = 5,96","1 kg = 5,96","Kl. I, je 250-g-Schale",Nein,2026-04-27 bis 2026-05-03,2026-04-27,2026-05-03,../images/rewe/bamberg_offer_019.jpg,"cat_obst_gemuese,diet_gluten_free,diet_lactose_free,diet_vegan,diet_vegetarian,sub_frisches_gemuese,sub_pilze,tag_ultra_processed,tag_whole_food",bamberg,,,ref_000157,obs_0000031133|obs_0000032183|obs_0000029144|obs_0000029589|obs_0000014978|obs_0000027283|obs_0000028450|obs_0000031799|obs_0000008021|obs_0000014046|obs_0000027747|obs_0000026991|obs_0000001277,obs_0000029589|obs_0000031133|obs_0000032183|obs_0000029144,,
Radieschen,Radieschen,"€ 0,59",,"pro Einheit = 0,59","pro Einheit = 0,59","Kl. I, je 1-Bund",Nein,2026-04-27 bis 2026-05-03,2026-04-27,2026-05-03,../images/rewe/bamberg_offer_021.jpg,"cat_obst_gemuese,tag_ultra_processed",bamberg,,BLS-G691100,ref_000158,obs_0000029140|obs_0000014149|obs_0000030438|obs_0000013256,obs_0000029140|obs_0000014149|obs_0000030438,,
Mini Gurken,Keine Marke,"€ 2,99",,"pro Einheit = 2,99","pro Einheit = 2,99","Kl. I, je 1-kg-",Nein,2026-04-27 bis 2026-05-03,2026-04-27,2026-05-03,../images/rewe/bamberg_offer_022.jpg,"cat_obst_gemuese,diet_gluten_free,diet_lactose_free,diet_vegan,diet_vegetarian,sub_frisches_gemuese,tag_ultra_processed,tag_whole_food",bamberg,,BLS-G520100,ref_000159,obs_0000034112|obs_0000005701|obs_0000005710|obs_0000028423|obs_0000034736|obs_0000005122|obs_0000012328|obs_0000026810|obs_0000006379|obs_0000006420|obs_0000010932|obs_0000017251|obs_0000017530|obs_0000028052|obs_0000026024|obs_0000018128|obs_0000016216|obs_0000005323,obs_0000034913|obs_0000031588|obs_0000027526|obs_0000034112|obs_0000005701|obs_0000005710|obs_0000028423|obs_0000034736,,
Essreife Mango,Keine Marke,"€ 1,49",,"pro Einheit = 1,49","pro Einheit = 1,49","Sorte: siehe Etikett, Kl. I, je 1-St.",Nein,2026-04-27 bis 2026-05-03,2026-04-27,2026-05-03,../images/rewe/bamberg_offer_024.jpg,"cat_obst_gemuese,diet_gluten_free,diet_lactose_free,diet_vegan,diet_vegetarian,sub_exoten,sub_frisches_obst,tag_whole_food",bamberg,,,ref_000160,obs_0000030475|obs_0000031148|obs_0000028628|obs_0000028514|obs_0000009349|obs_0000029722|obs_0000028316|obs_0000021278|obs_0000004393|obs_0000024112|obs_0000033713|obs_0000000306|obs_0000034740|obs_0000027322|obs_0000029883|obs_0000004820|obs_0000026453|obs_0000009816|obs_0000031322|obs_0000016865|obs_0000020459|obs_0000025584|obs_0000026739|obs_0000003966,obs_0000030475|obs_0000031148,,
Passionsfrucht XL,Keine Marke,"€ 1,19",,"pro Einheit = 1,19","pro Einheit = 1,19",je 1-St.,Nein,2026-04-27 bis 2026-05-03,2026-04-27,2026-05-03,../images/rewe/bamberg_offer_025.jpg,"cat_obst_gemuese,diet_gluten_free,diet_lactose_free,diet_vegan,diet_vegetarian,tag_ultra_processed,tag_whole_food",bamberg,,,ref_000161,obs_0000008964|obs_0000030613|obs_0000013976|obs_0000027420|obs_0000003114|obs_0000033714|obs_0000028626|obs_0000028512,obs_0000008964|obs_0000030613|obs_0000013976|obs_0000027420|obs_0000003114|obs_0000033714|obs_0000028626|obs_0000028512,,
Avocado,Keine Marke,"€ 0,99",,"pro Einheit = 0,99","pro Einheit = 0,99","»Hass«, Kl. I, je 1-St.",Nein,2026-04-27 bis 2026-05-03,2026-04-27,2026-05-03,../images/rewe/bamberg_offer_026.jpg,"cat_obst_gemuese,diet_gluten_free,diet_lactose_free,diet_vegan,diet_vegetarian,sub_exoten,sub_frisches_gemuese,sub_frisches_obst,tag_ultra_processed,tag_whole_food",bamberg,,BLS-F502100,ref_000162,obs_0000017166|obs_0000029201|obs_0000020117|obs_0000027541|obs_0000008728|obs_0000001305|obs_0000000694|obs_0000034105|obs_0000000058|obs_0000018748|obs_0000029123|obs_0000020936|obs_0000027854|obs_0000034516|obs_0000030562|obs_0000014073|obs_0000030466|obs_0000030212|obs_0000032517|obs_0000007317|obs_0000031260|obs_0000006430|obs_0000024863|obs_0000030124|obs_0000030257|obs_0000025778|obs_0000033717|obs_0000034744|obs_0000030826|obs_0000030959|obs_0000028796|obs_0000006418|obs_0000015526|obs_0000028463|obs_0000028218|obs_0000011409|obs_0000011817|obs_0000012744|obs_0000006605|obs_0000013139|obs_0000012255|obs_0000028383|obs_0000014440|obs_0000006785|obs_0000030016|obs_0000007527|obs_0000000895,obs_0000017166|obs_0000029201|obs_0000020117|obs_0000027541|obs_0000008728|obs_0000001305|obs_0000000694|obs_0000034105|obs_0000000058|obs_0000018748|obs_0000029123|obs_0000020936|obs_0000027854|obs_0000034516|obs_0000030562|obs_0000014073,,
Bio Zitrone,Keine Marke,"€ 0,69",,"pro Einheit = 0,69","pro Einheit = 0,69","Sorte: siehe Etikett, Kl. I, je 1-St.",Nein,2026-04-27 bis 2026-05-03,2026-04-27,2026-05-03,../images/rewe/bamberg_offer_027.jpg,"cat_obst_gemuese,diet_gluten_free,diet_lactose_free,diet_vegan,diet_vegetarian,sub_exoten,sub_frisches_obst,tag_whole_food",bamberg,,BLS-F601100,ref_000163,obs_0000029941|obs_0000030917|obs_0000033932|obs_0000034741|obs_0000029580|obs_0000031579|obs_0000032505|obs_0000011971,obs_0000008643|obs_0000033715|obs_0000018940|obs_0000028790|obs_0000029124|obs_0000029581|obs_0000029941|obs_0000030824|obs_0000030917,,
Sahnepudding,Landliebe,"€ 0,49",,"1 kg = 3,27","1 kg = 3,27","Schokolade, je 150-g-Becher",Nein,2026-04-27 bis 2026-05-03,2026-04-27,2026-05-03,../images/rewe/bamberg_offer_059.jpg,"cat_molkerei_kaese,diet_vegetarian,sub_milchprodukte,sub_sahne_creme,tag_ultra_processed",bamberg,,BLS-Y869143,ref_000164,obs_0000031130|obs_0000020772|obs_0000021591|obs_0000021849|obs_0000031713|obs_0000010129|obs_0000011462|obs_0000013995|obs_0000023381|obs_0000029475|obs_0000029659|obs_0000032349,obs_0000010129|obs_0000031130|obs_0000020772|obs_0000029475|obs_0000011462|obs_0000021591|obs_0000021849|obs_0000032349|obs_0000031713,,
Mini Rispentomaten,Keine Marke,"€ 1,79",,"1 kg = 5,11","1 kg = 5,11","Kl. I, je 350-g-Schale",Nein,2026-04-27 bis 2026-05-03,2026-04-27,2026-05-03,../images/rewe/bamberg_offer_020.jpg,"cat_obst_gemuese,diet_gluten_free,diet_lactose_free,diet_vegan,diet_vegetarian,sub_frisches_gemuese,tag_whole_food",bamberg,,,ref_000165,obs_0000006427|obs_0000006431|obs_0000029206|obs_0000031628|obs_0000030260|obs_0000030918|obs_0000030961|obs_0000031140|obs_0000029129|obs_0000029204|obs_0000031461|obs_0000029645|obs_0000030141|obs_0000032515|obs_0000030469|obs_0000030568|obs_0000030614|obs_0000012328|obs_0000008287|obs_0000006379|obs_0000030960|obs_0000006608|obs_0000027139|obs_0000029276|obs_0000010932|obs_0000027413|obs_0000031578|obs_0000000876|obs_0000029588|obs_0000029590|obs_0000007140|obs_0000029814|obs_0000017530|obs_0000007312|obs_0000007325|obs_0000027927|obs_0000005503|obs_0000005527|obs_0000026024|obs_0000026075|obs_0000013997|obs_0000018128|obs_0000005882|obs_0000016216,obs_0000006427|obs_0000006431|obs_0000031140|obs_0000029206|obs_0000031628|obs_0000030260|obs_0000032515|obs_0000030469,,
Backfisch,Nordsee,"€ 2,49",,"1 kg = 11,86","1 kg = 11,86","mit Remoulade, je 210-g-Pckg.",Nein,2026-04-27 bis 2026-05-03,2026-04-27,2026-05-03,../images/rewe/bamberg_offer_061.jpg,"cat_molkerei_kaese,diet_gluten_free,diet_lactose_free,diet_vegan,diet_vegetarian,tag_ultra_processed,tag_whole_food",bamberg,,,ref_000166,obs_0000006661|obs_0000005203,,x,
Butcher s Barbecue Schweine-Nackensteaks,Keine Marke,"€ 3,49",,"1 kg = 9,18","1 kg = 9,18","in versch. Marinaden, je 380-g-Pckg.",Nein,2026-04-27 bis 2026-05-03,2026-04-27,2026-05-03,../images/rewe/bamberg_offer_092.jpg,"cat_molkerei_kaese,diet_gluten_free,diet_lactose_free,diet_vegetarian,sub_schwein,tag_whole_food",bamberg,,,ref_000167,obs_0000031319|obs_0000024672|obs_0000007445|obs_0000000649,,,
Geflügel-Aufschnitt,Gutfried,"€ 1,29",,"1 kg = 16,13","1 kg = 16,13","versch. Sorten, je 80-g-Pckg.",Nein,2026-04-27 bis 2026-05-03,2026-04-27,2026-05-03,../images/rewe/bamberg_offer_093.jpg,"cat_molkerei_kaese,sub_gefluegel,sub_wurst,tag_ultra_processed",bamberg,,,ref_000168,obs_0000030265|obs_0000030888|obs_0000031962|obs_0000031187|obs_0000028930|obs_0000003644|obs_0000032348|obs_0000006329|obs_0000031486|obs_0000030485|obs_0000030548|obs_0000029548|obs_0000006531|obs_0000005611,obs_0000030265|obs_0000030888|obs_0000031962|obs_0000031187,x,
Butcher s Barbecue Schweine-Rückensteaks,Keine Marke,"€ 4,49",,"1 kg = 9,98","1 kg = 9,98","in versch. Marinaden, je 450-g-Pckg.",Nein,2026-04-27 bis 2026-05-03,2026-04-27,2026-05-03,../images/rewe/bamberg_offer_094.jpg,"cat_molkerei_kaese,diet_gluten_free,diet_lactose_free,diet_vegetarian,sub_schwein,tag_high_protein,tag_proteinreich,tag_whole_food",bamberg,,,ref_000169,,,,
Saft,Innocent,"€ 3,49",,"1 l = 2,59","1 l = 2,59","versch. Sorten, je 1350-ml-Fl., zzgl. 0,25 € Pfand",Nein,2026-04-27 bis 2026-05-03,2026-04-27,2026-05-03,../images/rewe/bamberg_offer_095.jpg,cat_getraenke,bamberg,,BLS-F514600,ref_000170,obs_0000027142|obs_0000025618|obs_0000027674|obs_0000026144|obs_0000021042|obs_0000016953|obs_0000033872|obs_0000034438|obs_0000032918|obs_0000026785|obs_0000019142|obs_0000017106|obs_0000034047|obs_0000020223|obs_0000026383|obs_0000028431|obs_0000027982|obs_0000024985|obs_0000022436|obs_0000010200|obs_0000017915|obs_0000031164|obs_0000015913|obs_0000015914|obs_0000030300|obs_0000029845|obs_0000008343|obs_0000032472|obs_0000029417|obs_0000032021|obs_0000031005|obs_0000011568|obs_0000011569|obs_0000007474|obs_0000029012|obs_0000034650|obs_0000000868|obs_0000007095|obs_0000032190|obs_0000008148|obs_0000006373|obs_0000030841|obs_0000015054|obs_0000029441|obs_0000026036|obs_0000006726|obs_0000032384|obs_0000005825|obs_0000027407|obs_0000007092,obs_0000027142|obs_0000025618|obs_0000027674|obs_0000026144|obs_0000021042|obs_0000016953|obs_0000033872|obs_0000034438|obs_0000032918|obs_0000026785|obs_0000019142|obs_0000017106|obs_0000034047|obs_0000020223|obs_0000026383|obs_0000028431|obs_0000007474|obs_0000027982|obs_0000024985|obs_0000022436|obs_0000032190|obs_0000010200|obs_0000017915,,
Kartoffel- oder Coleslaw-Salat,Popp,"€ 1,99",,"1 kg = 4,98","1 kg = 4,98",je 400-g-Pckg.,Nein,2026-04-27 bis 2026-05-03,2026-04-27,2026-05-03,../images/rewe/bamberg_offer_096.jpg,"cat_obst_gemuese,diet_gluten_free,diet_lactose_free,diet_vegan,diet_vegetarian,sub_frisches_gemuese,sub_kartoffeln,sub_salate,tag_ultra_processed,tag_whole_food",bamberg,,,ref_000171,obs_0000032483|obs_0000030515|obs_0000029155|obs_0000025985,obs_0000032483|obs_0000030515|obs_0000029155,x,
Bubble Pop,Keine Marke,"€ 2,99",,"1 l = 5,98","1 l = 5,98","versch. Sorten, je 500-ml-Becher, zzgl. 0,25 € Pfand",Nein,2026-04-27 bis 2026-05-03,2026-04-27,2026-05-03,../images/rewe/bamberg_offer_097.jpg,"cat_obst_gemuese,diet_gluten_free,diet_lactose_free,diet_vegan,diet_vegetarian,sub_exoten,sub_frisches_gemuese,sub_frisches_obst,tag_ultra_processed,tag_whole_food",bamberg,,,ref_000172,,,,
Honest Coco Kokosnusswasser,Keine Marke,"€ 1,79",,"1 l = 7,16","1 l = 7,16","je 250-ml-Fl., zzgl. 0,25 € Pfand",Nein,2026-04-27 bis 2026-05-03,2026-04-27,2026-05-03,../images/rewe/bamberg_offer_098.jpg,"cat_getraenke,diet_gluten_free,diet_lactose_free,diet_vegan,diet_vegetarian,tag_ultra_processed",bamberg,,,ref_000173,obs_0000030839|obs_0000010739|obs_0000013279,,,
Fruchtmix Sunrise Mix,Keine Marke,"€ 1,79",,"1 kg = 10,23","1 kg = 10,23",je 175-g-Becher,Nein,2026-04-27 bis 2026-05-03,2026-04-27,2026-05-03,../images/rewe/bamberg_offer_099.jpg,"cat_obst_gemuese,diet_gluten_free,diet_lactose_free,diet_vegan,diet_vegetarian,sub_frisches_gemuese,tag_ultra_processed,tag_whole_food",bamberg,,,ref_000174,obs_0000024700|obs_0000031498|obs_0000029573|obs_0000031730,,,
Ben Jerry s Ice Cream,Keine Marke,"€ 3,99",,"1 l = 8,58","1 l = 8,58","versch. Sorten, je 465-ml-Becher",Nein,2026-04-27 bis 2026-05-03,2026-04-27,2026-05-03,../images/rewe/bamberg_offer_100.jpg,"cat_tiefkuehl,diet_gluten_free,diet_lactose_free,diet_vegan,diet_vegetarian,sub_tk_eis,tag_ultra_processed,tag_whole_food",bamberg,,,ref_000175,obs_0000007204|obs_0000005584|obs_0000032219|obs_0000007800|obs_0000031928|obs_0000021183|obs_0000014030|obs_0000021787|obs_0000020364|obs_0000017462|obs_0000026737,obs_0000007204|obs_0000031928|obs_0000005584|obs_0000032219,,
Die Backfrische Mozzarella,Wagner,"€ 2,22",,"1 kg = 6,34","1 kg = 6,34","tiefgefroren, je 350-g-Pckg.",Nein,2026-04-27 bis 2026-05-03,2026-04-27,2026-05-03,../images/rewe/bamberg_offer_101.jpg,"cat_tiefkuehl,sub_kaese,sub_milchprodukte,sub_tk_pizza,tag_ultra_processed",bamberg,,,ref_000176,obs_0000022064|obs_0000028360|obs_0000021249|obs_0000031688|obs_0000020430|obs_0000032096|obs_0000032215|obs_0000009643|obs_0000018430|obs_0000022609|obs_0000033882|obs_0000001647|obs_0000018031|obs_0000023202|obs_0000024234|obs_0000022241|obs_0000023806|obs_0000011043|obs_0000000816|obs_0000024894|obs_0000009077|obs_0000022394|obs_0000027551|obs_0000018366|obs_0000016326|obs_0000022485|obs_0000027613,obs_0000022064|obs_0000028360|obs_0000021249|obs_0000032096|obs_0000031688|obs_0000020430|obs_0000032215,,
Ziegenfrischkäse,Chavroux,"€ 2,29",,"1 kg = 15,27","1 kg = 15,27",je 150-g-Pckg.,Nein,2026-04-27 bis 2026-05-03,2026-04-27,2026-05-03,../images/rewe/bamberg_offer_091.jpg,"cat_molkerei_kaese,diet_lactose_free,diet_vegetarian,sub_kaese,sub_milchprodukte,tag_ultra_processed,tag_whole_food",bamberg,,,ref_000177,obs_0000030893|obs_0000029502,obs_0000030893|obs_0000029502,x,
15 Fischstäbchen,Iglo,"€ 2,99",,"1 kg = 6,64","1 kg = 6,64","tiefgefroren, je 450-g-Pckg.",Nein,2026-04-27 bis 2026-05-03,2026-04-27,2026-05-03,../images/rewe/bamberg_offer_104.jpg,"cat_tiefkuehl,sub_tk_fertiggerichte,tag_ultra_processed",bamberg,,,ref_000178,obs_0000017420|obs_0000012340|obs_0000025168|obs_0000021599|obs_0000026262|obs_0000009919|obs_0000034006|obs_0000009455|obs_0000019723|obs_0000010512|obs_0000020780|obs_0000027473|obs_0000019848|obs_0000022963|obs_0000029781|obs_0000032630|obs_0000012822|obs_0000033884|obs_0000028371|obs_0000023263|obs_0000022895|obs_0000008173,obs_0000017420|obs_0000012340|obs_0000025168|obs_0000029781|obs_0000021599|obs_0000026262|obs_0000009919|obs_0000034006|obs_0000009455|obs_0000019723|obs_0000010512|obs_0000020780|obs_0000027473|obs_0000032630|obs_0000019848|obs_0000022963,,
Rahm-Spinat,Iglo,"€ 1,99",,"1 kg = 2,65","1 kg = 2,65","tiefgefroren, je 750-g-Pckg.",Nein,2026-04-27 bis 2026-05-03,2026-04-27,2026-05-03,../images/rewe/bamberg_offer_107.jpg,"cat_tiefkuehl,diet_vegetarian,sub_hackfleisch,sub_sahne_creme,sub_tk_fertiggerichte,sub_tk_gemuese,tag_high_protein",bamberg,,,ref_000179,obs_0000014341|obs_0000031858|obs_0000010920|obs_0000010490|obs_0000016840|obs_0000023004|obs_0000014848|obs_0000025711|obs_0000020605|obs_0000026393|obs_0000021424|obs_0000030504|obs_0000032098|obs_0000029163|obs_0000033881|obs_0000031908|obs_0000022077|obs_0000018515|obs_0000022918,obs_0000014341|obs_0000004704|obs_0000031858|obs_0000010920|obs_0000004277|obs_0000000707|obs_0000000229|obs_0000010490|obs_0000003850|obs_0000030504|obs_0000032098|obs_0000016840|obs_0000023004|obs_0000029163|obs_0000014848,,
American Burger,Block House,"€ 7,99",,"1 kg = 15,98","1 kg = 15,98","tiefgefroren, je 4 x 125-g-Pckg.",Nein,2026-04-27 bis 2026-05-03,2026-04-27,2026-05-03,../images/rewe/bamberg_offer_109.jpg,"cat_tiefkuehl,diet_lactose_free,diet_vegan,diet_vegetarian,sub_frisches_gemuese,tag_whole_food",bamberg,,,ref_000180,obs_0000032633|obs_0000032638|obs_0000014514|obs_0000034806|obs_0000023609,obs_0000014514|obs_0000032633|obs_0000034806,x,
Sahne Rolle,Coppenrath Wiese,"€ 2,59",,"1 kg = 7,40","1 kg = 7,40","versch. Sorten, tiefgefroren, je 350-g-Pckg.",Nein,2026-04-27 bis 2026-05-03,2026-04-27,2026-05-03,../images/rewe/bamberg_offer_111.jpg,"cat_tiefkuehl,diet_vegetarian,sub_milchprodukte,sub_sahne_creme,tag_ultra_processed",bamberg,,,ref_000181,obs_0000013863|obs_0000015288|obs_0000005773|obs_0000029162,obs_0000027269|obs_0000005773|obs_0000029162,,
Big City Salami,Wagner,"€ 2,22",,"1 kg = 5,35","1 kg = 5,35","tiefgefroren, je 415-g-Pckg.",Nein,2026-04-27 bis 2026-05-03,2026-04-27,2026-05-03,../images/rewe/bamberg_offer_112.jpg,"cat_tiefkuehl,sub_tk_fertiggerichte,sub_tk_pizza,sub_wurst,tag_ultra_processed",bamberg,,,ref_000182,obs_0000000806|obs_0000002611|obs_0000010316|obs_0000014932|obs_0000019030|obs_0000028273|obs_0000005781|obs_0000023205|obs_0000003239|obs_0000019666|obs_0000016602|obs_0000008425|obs_0000021226|obs_0000003307|obs_0000002285|obs_0000011010|obs_0000025355|obs_0000026898|obs_0000017184|obs_0000007987|obs_0000025934|obs_0000008039|obs_0000016755|obs_0000034176|obs_0000002957|obs_0000020407|obs_0000016328|obs_0000017375|obs_0000031198|obs_0000010234,,,
13 Backfisch stäbchen,Iglo,"€ 2,99",,"1 kg = 8,21","1 kg = 8,21","tiefgefroren, je 364-g-Pckg.",Nein,2026-04-27 bis 2026-05-03,2026-04-27,2026-05-03,../images/rewe/bamberg_offer_113.jpg,"cat_tiefkuehl,sub_tk_fertiggerichte,tag_ultra_processed",bamberg,,,ref_000183,obs_0000000713|obs_0000008968,obs_0000029703|obs_0000004176|obs_0000031890|obs_0000000713|obs_0000032642|obs_0000005030|obs_0000000444|obs_0000004603,,
Würz-Spinat,Iglo,"€ 1,99",,"1 kg = 3,98","1 kg = 3,98","tiefgefroren, je 500-g-Pckg.",Nein,2026-04-27 bis 2026-05-03,2026-04-27,2026-05-03,../images/rewe/bamberg_offer_114.jpg,"cat_tiefkuehl,diet_vegan,diet_vegetarian,sub_hackfleisch,sub_tk_fertiggerichte,sub_tk_gemuese,tag_high_protein,tag_ultra_processed",bamberg,,BLS-G211100,ref_000184,obs_0000026870|obs_0000000615|obs_0000025711|obs_0000020605|obs_0000026393|obs_0000021424|obs_0000030322|obs_0000032099|obs_0000029043|obs_0000022077|obs_0000018515|obs_0000022918,obs_0000030322|obs_0000026870|obs_0000032099|obs_0000029043,,
Chicken Stripes,Iglo,"€ 2,99",,"1 kg = 13,59","1 kg = 13,59","tiefgefroren, je 220-g-Pckg.",Nein,2026-04-27 bis 2026-05-03,2026-04-27,2026-05-03,../images/rewe/bamberg_offer_115.jpg,"cat_tiefkuehl,diet_lactose_free,sub_gefluegel,sub_tk_fertiggerichte,tag_high_protein,tag_ultra_processed",bamberg,,,ref_000185,obs_0000029137|obs_0000023578,obs_0000029137,,
Block Burger,Block House,"€ 7,99",,"1 kg = 19,98","1 kg = 19,98","tiefgefroren, je 2 x 200-g-Pckg.",Nein,2026-04-27 bis 2026-05-03,2026-04-27,2026-05-03,../images/rewe/bamberg_offer_116.jpg,"cat_tiefkuehl,diet_vegetarian,tag_whole_food",bamberg,,,ref_000186,obs_0000032638|obs_0000032633|obs_0000023609,obs_0000032638,x,
Almighurt,Ehrmann,"€ 0,39",,"1 kg = 2,60","1 kg = 2,60","versch. Sorten, je 150-g-Becher",Nein,2026-04-27 bis 2026-05-03,2026-04-27,2026-05-03,../images/rewe/bamberg_offer_060.jpg,"cat_molkerei_kaese,diet_vegetarian,sub_joghurt_skyr_quark,sub_milchprodukte",bamberg,,,ref_000187,obs_0000003093|obs_0000013502|obs_0000031451|obs_0000004902|obs_0000001348|obs_0000000360|obs_0000028525|obs_0000022905|obs_0000004475|obs_0000014217|obs_0000012194|obs_0000033699|obs_0000015270|obs_0000004048|obs_0000028641|obs_0000000497|obs_0000000513|obs_0000027740|obs_0000033915|obs_0000034514|obs_0000007335|obs_0000005336|obs_0000005901|obs_0000032555|obs_0000032081|obs_0000030116,obs_0000003093|obs_0000007335|obs_0000013502|obs_0000005336|obs_0000031451|obs_0000005901|obs_0000004902|obs_0000032555|obs_0000001348|obs_0000032081|obs_0000000360|obs_0000028525|obs_0000022905|obs_0000004475|obs_0000014217|obs_0000012194|obs_0000033699|obs_0000030116|obs_0000015270|obs_0000004048|obs_0000028641|obs_0000000497,,
Bistro Baguette,Dr. Oetker,"€ 1,39",,"1 kg = 5,56","1 kg = 5,56","versch. Sorten, tiefgefroren, je 250-g-Pckg.",Nein,2026-04-27 bis 2026-05-03,2026-04-27,2026-05-03,../images/rewe/bamberg_offer_105.jpg,"cat_tiefkuehl,sub_tk_fertiggerichte,tag_ultra_processed",bamberg,,,ref_000188,obs_0000031511|obs_0000006503|obs_0000022956|obs_0000034985|obs_0000010481|obs_0000010651|obs_0000006153|obs_0000029716|obs_0000012827|obs_0000007723|obs_0000006255|obs_0000007793|obs_0000007301|obs_0000032390|obs_0000008956|obs_0000011018|obs_0000013087|obs_0000014164|obs_0000028665|obs_0000012656|obs_0000028548|obs_0000030163,obs_0000006153|obs_0000025109|obs_0000021038|obs_0000027218|obs_0000016481|obs_0000017002|obs_0000007793|obs_0000032390|obs_0000020219|obs_0000031511|obs_0000006503|obs_0000022956|obs_0000030163,,x
Salami,Wiltmann,"€ 1,49",,"1 kg = 18,63","1 kg = 18,63","versch. Sorten, je 80-g-Pckg.",Nein,2026-04-27 bis 2026-05-03,2026-04-27,2026-05-03,../images/rewe/bamberg_offer_090.jpg,"cat_molkerei_kaese,diet_gluten_free,diet_lactose_free,diet_vegan,diet_vegetarian,sub_wurst,tag_ultra_processed,tag_whole_food",bamberg,,,ref_000189,obs_0000007240|obs_0000032369|obs_0000005239|obs_0000030892|obs_0000007432|obs_0000029476|obs_0000029549|obs_0000006872|obs_0000005975|obs_0000002611|obs_0000010316|obs_0000014932|obs_0000019030|obs_0000028273|obs_0000005781|obs_0000023205|obs_0000003239|obs_0000019666|obs_0000016602|obs_0000008425|obs_0000021226|obs_0000003307|obs_0000002285|obs_0000011010|obs_0000025355|obs_0000026898|obs_0000017184|obs_0000007987|obs_0000025934|obs_0000008039|obs_0000016755|obs_0000034176|obs_0000002957|obs_0000020407|obs_0000016328|obs_0000017375|obs_0000031198|obs_0000010234,obs_0000007240|obs_0000032369|obs_0000005239|obs_0000030892|obs_0000011010|obs_0000007432|obs_0000029476|obs_0000029549,x,
Chicken Nuggets,Iglo,"€ 2,99",,"1 kg = 11,96","1 kg = 11,96","versch. Sorten, tiefgefroren, je 250-g-Pckg.",Nein,2026-04-27 bis 2026-05-03,2026-04-27,2026-05-03,../images/rewe/bamberg_offer_108.jpg,"cat_tiefkuehl,diet_lactose_free,sub_gefluegel,sub_tk_fertiggerichte,sub_tk_gemuese,tag_high_protein,tag_ultra_processed",bamberg,,,ref_000190,obs_0000022059|obs_0000011493|obs_0000021236|obs_0000034184|obs_0000020417|obs_0000025151|obs_0000021057|obs_0000027865|obs_0000013038|obs_0000020238|obs_0000026980|obs_0000021927|obs_0000029176|obs_0000000509|obs_0000008364|obs_0000009626|obs_0000016942|obs_0000014916|obs_0000014459|obs_0000009912|obs_0000002753|obs_0000009447|obs_0000019764|obs_0000032589|obs_0000013137|obs_0000028498|obs_0000026469|obs_0000015749|obs_0000007602|obs_0000028611|obs_0000017874|obs_0000003555|obs_0000029165|obs_0000034807|obs_0000023578|obs_0000023581|obs_0000018122|obs_0000012280|obs_0000022399|obs_0000018297|obs_0000022443|obs_0000018617|obs_0000017782,obs_0000022059|obs_0000025151|obs_0000021057|obs_0000027865|obs_0000011493|obs_0000013038|obs_0000021236|obs_0000020238|obs_0000026980|obs_0000034184|obs_0000021927|obs_0000007602|obs_0000020417|obs_0000029165|obs_0000029176|obs_0000000509,,
mild nussig,Grünländer,"€ 1,19",,"pro Einheit = 1,19","pro Einheit = 1,19","Schnittkäse, 48% Fett i.Tr., je 100-g-",Nein,2026-04-27 bis 2026-05-03,2026-04-27,2026-05-03,../images/rewe/bamberg_offer_088.jpg,"cat_molkerei_kaese,diet_gluten_free,diet_lactose_free,diet_vegan,diet_vegetarian,sub_kaese,sub_milchprodukte,tag_ultra_processed,tag_whole_food",bamberg,,,ref_000191,obs_0000030491|obs_0000032061|obs_0000031201|obs_0000028722|obs_0000009655|obs_0000009173|obs_0000027519|obs_0000010254|obs_0000019869|obs_0000026685|obs_0000030108,obs_0000030491|obs_0000019869|obs_0000028722|obs_0000009655|obs_0000026685|obs_0000032061|obs_0000009173|obs_0000031201|obs_0000027519,x,
Frucht Buttermilch,Müller,"€ 0,89",,"1 kg = 1,78","1 kg = 1,78","versch. Sorten, je 500-g-Fl., zzgl. 0,25 € Pfand",Nein,2026-04-27 bis 2026-05-03,2026-04-27,2026-05-03,../images/rewe/bamberg_offer_062.jpg,"cat_molkerei_kaese,diet_vegetarian,sub_butter_margarine,sub_milchprodukte,tag_ultra_processed",bamberg,,,ref_000192,obs_0000011780|obs_0000016632|obs_0000014076|obs_0000017156|obs_0000009130|obs_0000034579,obs_0000011780|obs_0000016632|obs_0000014076|obs_0000017156|obs_0000009130,,
Feine Kräuter,Bresso,"€ 1,49",,"1 kg = 12,42","1 kg = 12,42","60% Fett i.Tr., je 8 x 15-g-Pckg.",Nein,2026-04-27 bis 2026-05-03,2026-04-27,2026-05-03,../images/rewe/bamberg_offer_089.jpg,"cat_molkerei_kaese,diet_gluten_free,diet_lactose_free,diet_vegan,diet_vegetarian,sub_kaese,sub_kraeuter,sub_milchprodukte,sub_sahne_creme,tag_whole_food",bamberg,,,ref_000193,obs_0000031976|obs_0000030493|obs_0000031523|obs_0000032604|obs_0000028822|obs_0000012814|obs_0000000636|obs_0000002274|obs_0000009967|obs_0000002843|obs_0000009506|obs_0000011054|obs_0000034623|obs_0000001352|obs_0000013754,obs_0000028822|obs_0000031976|obs_0000030493|obs_0000031523|obs_0000032604,x,
Grill- und Pfannenkäse Kräuter,Gazi,"€ 1,99",,"1 kg = 9,95","1 kg = 9,95","45% Fett i.Tr., je 200-g-Pckg.",Nein,2026-04-27 bis 2026-05-03,2026-04-27,2026-05-03,../images/rewe/bamberg_offer_063.jpg,"cat_molkerei_kaese,diet_lactose_free,diet_vegan,sub_kaese,sub_kraeuter,sub_milchprodukte",bamberg,,,ref_000194,obs_0000006444|obs_0000014494|obs_0000014191|obs_0000012814|obs_0000000636|obs_0000002274|obs_0000009967|obs_0000002843|obs_0000009506|obs_0000011054|obs_0000034623|obs_0000001352|obs_0000013754,,x,
Pflanzlich,Bresso,"€ 1,99",,"1 kg = 14,21","1 kg = 14,21","Kräuter aus der Provence, je 140-g-Becher",Nein,2026-04-27 bis 2026-05-03,2026-04-27,2026-05-03,../images/rewe/bamberg_offer_064.jpg,"cat_molkerei_kaese,diet_gluten_free,diet_lactose_free,diet_vegan,diet_vegetarian,sub_kaese,tag_whole_food",bamberg,,,ref_000195,obs_0000032563|obs_0000005183,obs_0000032563,x,
laktosefreie Frischmilch,Arla,"€ 1,29",,"pro Einheit = 1,29","pro Einheit = 1,29","1,5/3,5% Fett, je 1-l-Pckg.",Nein,2026-04-27 bis 2026-05-03,2026-04-27,2026-05-03,../images/rewe/bamberg_offer_065.jpg,"cat_molkerei_kaese,diet_gluten_free,diet_lactose_free,diet_vegetarian,sub_milchprodukte",bamberg,,,ref_000196,,,,
Vioblock zum Streichen Kochen Backen,Violife,"€ 1,79",,"1 kg = 7,16","1 kg = 7,16","100% Vegan, je 250-g-Pckg.",Nein,2026-04-27 bis 2026-05-03,2026-04-27,2026-05-03,../images/rewe/bamberg_offer_066.jpg,"cat_molkerei_kaese,diet_gluten_free,diet_lactose_free,diet_vegetarian,tag_ultra_processed,tag_whole_food",bamberg,,,ref_000197,obs_0000029828|obs_0000028898|obs_0000029803|obs_0000032083,obs_0000029828,x,
Krakauer oder Krakauer mit Käse,Steinhaus,"€ 4,44",,"1 kg = 8,88","1 kg = 8,88","über Buchenholz geräuchert, je 500-g-Pckg.",Nein,2026-04-27 bis 2026-05-03,2026-04-27,2026-05-03,../images/rewe/bamberg_offer_067.jpg,"cat_molkerei_kaese,diet_vegetarian,sub_kaese,sub_milchprodukte,tag_ultra_processed",bamberg,,,ref_000198,obs_0000012296|obs_0000006457|obs_0000006526|obs_0000010631|obs_0000008883|obs_0000011015|obs_0000005236|obs_0000009582|obs_0000013753|obs_0000010032|obs_0000014155|obs_0000008147,,x,
Butcher s Barbecue Puten-Minutenschnitzel,Keine Marke,"€ 15,90",,"pro Einheit = 15,90","pro Einheit = 15,90","versch. mariniert, SB-verpackt, je 1-kg-",Nein,2026-04-27 bis 2026-05-03,2026-04-27,2026-05-03,../images/rewe/bamberg_offer_069.jpg,"cat_molkerei_kaese,sub_gefluegel",bamberg,,,ref_000199,obs_0000018402,,,
Vollmilchpudding,Landliebe,"€ 0,49",,"1 kg = 2,18","1 kg = 2,18","Schoko, je 225-g-Becher",Nein,2026-04-27 bis 2026-05-03,2026-04-27,2026-05-03,../images/rewe/bamberg_offer_070.jpg,"cat_molkerei_kaese,diet_vegetarian,sub_milchprodukte,sub_sahne_creme,tag_ultra_processed",bamberg,,,ref_000200,obs_0000031194|obs_0000029519|obs_0000007764|obs_0000032368,obs_0000029519|obs_0000007764|obs_0000031194|obs_0000032368,,
Gekochtes Mett in Gelee,Tannenhof,"€ 1,29",,"pro Einheit = 1,29","pro Einheit = 1,29",je 100-g-,Nein,2026-04-27 bis 2026-05-03,2026-04-27,2026-05-03,../images/rewe/bamberg_offer_071.jpg,"cat_molkerei_kaese,diet_gluten_free,diet_lactose_free,diet_vegan,diet_vegetarian,tag_whole_food",bamberg,,,ref_000201,obs_0000029868|obs_0000028363,obs_0000029868,x,
Cremefine 100 Pflanzlich,Rama,"€ 0,99",,"1 l = 4,95","1 l = 4,95",je 200-ml-Becher,Nein,2026-04-27 bis 2026-05-03,2026-04-27,2026-05-03,../images/rewe/bamberg_offer_072.jpg,"cat_molkerei_kaese,diet_lactose_free,diet_vegan,diet_vegetarian,sub_kaese",bamberg,,,ref_000202,obs_0000031979|obs_0000025616|obs_0000016932|obs_0000010343|obs_0000008854|obs_0000028895|obs_0000023003|obs_0000017373|obs_0000005183,obs_0000031979,,
Matjesfilets,Nordsee,"€ 2,49",,"1 kg = 12,45","1 kg = 12,45","mit milder Rauchnote, je 200-g-Pckg.",Nein,2026-04-27 bis 2026-05-03,2026-04-27,2026-05-03,../images/rewe/bamberg_offer_073.jpg,"cat_molkerei_kaese,diet_gluten_free,diet_lactose_free,diet_vegan,diet_vegetarian,tag_ultra_processed,tag_whole_food",bamberg,,,ref_000203,obs_0000015836,obs_0000002277|obs_0000025292|obs_0000017582|obs_0000003474,x,
Bettine Ziegenkäse,Keine Marke,"€ 1,79",,"pro Einheit = 1,79","pro Einheit = 1,79","holl. Frisch- oder Weichkäse, versch. Sorten, je 100-g-",Nein,2026-04-27 bis 2026-05-03,2026-04-27,2026-05-03,../images/rewe/bamberg_offer_074.jpg,"cat_molkerei_kaese,diet_gluten_free,diet_lactose_free,diet_vegan,diet_vegetarian,sub_frisches_gemuese,sub_kaese,sub_milchprodukte,tag_ultra_processed,tag_whole_food",bamberg,,,ref_000204,obs_0000031660|obs_0000002734|obs_0000024014|obs_0000011888|obs_0000024434|obs_0000034779,obs_0000031660,,
Schiller GQB Strohschwein Frischwurst-Aufschnitt,Keine Marke,"€ 1,11",,"pro Einheit = 1,11","pro Einheit = 1,11","versch. Sorten, je 100-g-",Nein,2026-04-27 bis 2026-05-03,2026-04-27,2026-05-03,../images/rewe/bamberg_offer_068.jpg,"cat_molkerei_kaese,sub_schwein,sub_wurst,tag_ultra_processed",bamberg,,,ref_000205,obs_0000032571|obs_0000030199|obs_0000028409|obs_0000029187|obs_0000031107|obs_0000031108|obs_0000030093|obs_0000028317|obs_0000029870|obs_0000031547|obs_0000030543|obs_0000032597|obs_0000031192|obs_0000029792|obs_0000031468|obs_0000029808|obs_0000030833|obs_0000029556|obs_0000029558|obs_0000015363|obs_0000028037|obs_0000009229|obs_0000000916|obs_0000026919|obs_0000001726|obs_0000011865|obs_0000009055,obs_0000032571|obs_0000030199|obs_0000028409,,
Schiller GQB Strohschwein Schinkenspeck,Keine Marke,"€ 1,69",,"pro Einheit = 1,69","pro Einheit = 1,69",je 100-g-,Nein,2026-04-27 bis 2026-05-03,2026-04-27,2026-05-03,../images/rewe/bamberg_offer_076.jpg,"cat_molkerei_kaese,sub_schwein,sub_wurst,tag_ultra_processed",bamberg,,,ref_000206,obs_0000030543|obs_0000030833|obs_0000029187|obs_0000031107|obs_0000031108|obs_0000030093|obs_0000028317|obs_0000029870|obs_0000031547|obs_0000032597|obs_0000031192|obs_0000029792|obs_0000031468|obs_0000029808|obs_0000029556|obs_0000029558|obs_0000031766|obs_0000032571|obs_0000029119|obs_0000030199|obs_0000031719,obs_0000031766|obs_0000030543|obs_0000030833,,
Schulte Trapez Salami,Keine Marke,"€ 1,99",,"pro Einheit = 1,99","pro Einheit = 1,99","Chili oder Pfeffer, je 100-g-",Nein,2026-04-27 bis 2026-05-03,2026-04-27,2026-05-03,../images/rewe/bamberg_offer_075.jpg,"cat_molkerei_kaese,diet_gluten_free,diet_lactose_free,diet_vegan,diet_vegetarian,sub_wurst,tag_ultra_processed,tag_whole_food",bamberg,,,ref_000207,obs_0000031202|obs_0000028863|obs_0000002611|obs_0000010316|obs_0000014932|obs_0000019030|obs_0000028273|obs_0000005781|obs_0000023205|obs_0000003239|obs_0000019666|obs_0000016602|obs_0000008425|obs_0000021226|obs_0000003307|obs_0000002285|obs_0000011010|obs_0000025355|obs_0000026898|obs_0000017184|obs_0000007987|obs_0000025934|obs_0000008039|obs_0000016755|obs_0000034176|obs_0000002957|obs_0000020407|obs_0000016328|obs_0000017375|obs_0000031198|obs_0000010234,obs_0000031202,,
Milchschnitte,Kinder,"€ 1,49",,"1 kg = 10,64","1 kg = 10,64",je 5 x 28-g-Pckg.,Nein,2026-04-27 bis 2026-05-03,2026-04-27,2026-05-03,../images/rewe/bamberg_offer_087.jpg,"cat_molkerei_kaese,tag_ultra_processed",bamberg,,,ref_000208,obs_0000031540|obs_0000023382|obs_0000019989|obs_0000020053|obs_0000018526|obs_0000025249|obs_0000018114|obs_0000022276|obs_0000032603|obs_0000018277|obs_0000020872|obs_0000028086|obs_0000019147|obs_0000017694,obs_0000025845|obs_0000031540|obs_0000023382|obs_0000032603,,
Nature Respect Hähnchenschenkel,Keine Marke,"€ 9,90",,"pro Einheit = 9,90","pro Einheit = 9,90","mit Paprika-Chili Marinade, SB-verpackt, je 1-kg-",Nein,2026-04-27 bis 2026-05-03,2026-04-27,2026-05-03,../images/rewe/bamberg_offer_085.jpg,"cat_molkerei_kaese,diet_gluten_free,diet_lactose_free,diet_vegetarian,sub_gefluegel,tag_proteinreich,tag_whole_food",bamberg,,,ref_000209,obs_0000006537|obs_0000004368|obs_0000000293|obs_0000004795|obs_0000034752|obs_0000027468|obs_0000007635|obs_0000031837|obs_0000003941|obs_0000026472,,,
Grillspieß Dönerstyle,Keine Marke,"€ 3,99",,"1 kg = 12,47","1 kg = 12,47",je 320-g-Pckg.,Nein,2026-04-27 bis 2026-05-03,2026-04-27,2026-05-03,../images/rewe/bamberg_offer_084.jpg,"cat_molkerei_kaese,diet_gluten_free,diet_lactose_free,diet_vegan,diet_vegetarian,tag_ultra_processed,tag_whole_food",bamberg,,,ref_000210,,,,
Butcher s Barbecue Schweine-Bauchscheiben,Keine Marke,"€ 3,99",,"1 kg = 9,98","1 kg = 9,98","ohne Knochen, in Smoked Paprika Marinade, je 400-g-Pckg.",Nein,2026-04-27 bis 2026-05-03,2026-04-27,2026-05-03,../images/rewe/bamberg_offer_083.jpg,"cat_molkerei_kaese,diet_gluten_free,diet_vegetarian,sub_schwein,tag_whole_food",bamberg,,,ref_000211,obs_0000027303,,,
Pingui,Kinder,"€ 1,49",,"1 kg = 12,42","1 kg = 12,42",je 4 x 30-g-Pckg.,Nein,2026-04-27 bis 2026-05-03,2026-04-27,2026-05-03,../images/rewe/bamberg_offer_086.jpg,"cat_molkerei_kaese,tag_ultra_processed",bamberg,,,ref_000212,obs_0000011463|obs_0000031551|obs_0000012794|obs_0000003592|obs_0000017471|obs_0000001113|obs_0000018099|obs_0000010014|obs_0000009553|obs_0000032602|obs_0000018854|obs_0000019214|obs_0000019409|obs_0000019935|obs_0000016887,obs_0000011463|obs_0000031551|obs_0000032602|obs_0000012794,,
Frische Puten-Schnitzel,Rewe Regional,"€ 6,99",,"1 kg = 13,98","1 kg = 13,98",je 500-g-Pckg.,Nein,2026-04-27 bis 2026-05-03,2026-04-27,2026-05-03,../images/rewe/bamberg_offer_081.jpg,"cat_molkerei_kaese,sub_gefluegel,sub_schwein,tag_whole_food",bamberg,,,ref_000213,obs_0000031535|obs_0000030904|obs_0000031586|obs_0000028973|obs_0000031913|obs_0000000159|obs_0000027620|obs_0000030221|obs_0000026235|obs_0000029641|obs_0000030275|obs_0000000700|obs_0000005251|obs_0000001521,obs_0000030904|obs_0000029177|obs_0000031535|obs_0000031586|obs_0000029784,,x
Chicken Nuggets,Keine Marke,"€ 5,99",,"pro Einheit = 5,99","pro Einheit = 5,99",je 1000-g-Pckg.,Nein,2026-04-27 bis 2026-05-03,2026-04-27,2026-05-03,../images/rewe/bamberg_offer_082.jpg,"cat_molkerei_kaese,diet_gluten_free,diet_lactose_free,diet_vegan,diet_vegetarian,sub_gefluegel,sub_tk_fertiggerichte,tag_ultra_processed,tag_whole_food",bamberg,,,ref_000214,obs_0000022059|obs_0000025151|obs_0000021057|obs_0000027865|obs_0000011493|obs_0000013038|obs_0000021236|obs_0000020238|obs_0000026980|obs_0000029176|obs_0000034184|obs_0000021927|obs_0000020417|obs_0000000509|obs_0000016942|obs_0000014916|obs_0000014459|obs_0000008364|obs_0000009912|obs_0000002753|obs_0000009447|obs_0000019764|obs_0000032589|obs_0000013137|obs_0000028498|obs_0000026469|obs_0000015749|obs_0000009626|obs_0000007602|obs_0000028611|obs_0000017874|obs_0000003555|obs_0000029165|obs_0000034807|obs_0000023578|obs_0000023581|obs_0000018122|obs_0000022399|obs_0000012280|obs_0000018297|obs_0000022443|obs_0000018617|obs_0000017782,obs_0000022059|obs_0000025151|obs_0000021057|obs_0000027865|obs_0000011493|obs_0000013038|obs_0000021236|obs_0000020238|obs_0000026980|obs_0000029176|obs_0000034184|obs_0000021927|obs_0000020417|obs_0000000509,,
Bibi Tina Mini-Griller,Keine Marke,"€ 4,99",,"1 kg = 16,63","1 kg = 16,63",je 300-g-Pckg.,Nein,2026-04-27 bis 2026-05-03,2026-04-27,2026-05-03,../images/rewe/bamberg_offer_080.jpg,"cat_molkerei_kaese,diet_gluten_free,diet_lactose_free,diet_vegan,diet_vegetarian,sub_frisches_gemuese,tag_ultra_processed,tag_whole_food",bamberg,,,ref_000215,obs_0000012328|obs_0000006379|obs_0000010932|obs_0000017530|obs_0000026024|obs_0000018128|obs_0000016216,,,
Axel Schulz Cowboy Spare Ribs,Keine Marke,"€ 12,90",,"pro Einheit = 12,90","pro Einheit = 12,90","SB-verpackt, je 1-kg-",Nein,2026-04-27 bis 2026-05-03,2026-04-27,2026-05-03,../images/rewe/bamberg_offer_079.jpg,"cat_molkerei_kaese,diet_gluten_free,diet_lactose_free,diet_vegan,diet_vegetarian,tag_ultra_processed,tag_whole_food",bamberg,,,ref_000216,obs_0000023589|obs_0000006708,,,
Edamer,Milram,"€ 0,79",,"pro Einheit = 0,79","pro Einheit = 0,79","Schnittkäse, 40% Fett i.Tr., je 100-g-",Nein,2026-04-27 bis 2026-05-03,2026-04-27,2026-05-03,../images/rewe/bamberg_offer_078.jpg,"cat_molkerei_kaese,diet_vegetarian,sub_kaese,sub_milchprodukte,sub_sahne_creme",bamberg,,,ref_000217,obs_0000022626|obs_0000006292|obs_0000005721|obs_0000007158,,,
Plant n Beef Burger,BÜRGER,"€ 2,99",,"1 kg = 13,00","1 kg = 13,00","saftiger Rindfleischburger mit 30 % Ackerbohne, je 230-g-Pckg.",Nein,2026-04-27 bis 2026-05-03,2026-04-27,2026-05-03,../images/rewe/bamberg_offer_077.jpg,"cat_molkerei_kaese,diet_gluten_free,diet_lactose_free,diet_vegan,diet_vegetarian,tag_whole_food",bamberg,,,ref_000218,obs_0000012821|obs_0000023609|obs_0000033864,,x,
Westfälischer Pumpernickel,Mestemacher,"€ 1,39",,"1 kg = 2,78","1 kg = 2,78",je 500-g-Pckg.,Nein,2026-04-27 bis 2026-05-03,2026-04-27,2026-05-03,../images/rewe/immenstaad_offer_101.jpg,cat_grundnahrung,immenstaad,,,ref_000219,obs_0000029619,obs_0000029619,,
Getrocknete Aprikosen,Keine Marke,"€ 2,49",,"1 kg = 12,45","1 kg = 12,45",je 200-g-Schale,Nein,2026-04-27 bis 2026-05-03,2026-04-27,2026-05-03,../images/rewe/immenstaad_offer_124.jpg,"cat_knabbern_naschen,diet_gluten_free,diet_lactose_free,diet_vegan,diet_vegetarian,sub_frisches_gemuese,tag_ultra_processed,tag_whole_food",immenstaad,,,ref_000220,,,,
Weißbier oder alkoholfrei,Erdinger,"€ 4,29",,"1 l = 2,17","1 l = 2,17","versch. Sorten, je 6 x 0,33-l-Fl.-Sixpack, zzgl. 0,48 € Pfand",Nein,2026-04-27 bis 2026-05-03,2026-04-27,2026-05-03,../images/rewe/immenstaad_offer_129.jpg,cat_getraenke,immenstaad,,BLS-P1A1120,ref_000221,obs_0000011368|obs_0000015092|obs_0000000862|obs_0000007888|obs_0000034223|obs_0000011150|obs_0000034431|obs_0000011999|obs_0000012210|obs_0000029988|obs_0000014653|obs_0000031617|obs_0000015275|obs_0000015936|obs_0000034225|obs_0000035037|obs_0000027336|obs_0000028367|obs_0000028886|obs_0000028962|obs_0000028970|obs_0000031388|obs_0000031751|obs_0000031911,obs_0000011368|obs_0000015092,,
Natur Radler,Gösser,"€ 0,99",,"1 l = 1,98","1 l = 1,98","je 0,5-l-Dose, zzgl. 0,25 € Pfand",Nein,2026-04-27 bis 2026-05-03,2026-04-27,2026-05-03,../images/rewe/immenstaad_offer_130.jpg,"cat_getraenke,diet_vegetarian,sub_joghurt_skyr_quark,sub_milchprodukte",immenstaad,,BLS-F603100,ref_000222,obs_0000001442|obs_0000032261|obs_0000030555|obs_0000013844|obs_0000028889|obs_0000001347|obs_0000009644,obs_0000032261|obs_0000033832|obs_0000030555|obs_0000001442|obs_0000034296,,
Fusion5 Rasierklingen,Gillette,"€ 14,99",,"pro Einheit = 14,99","pro Einheit = 14,99",je 4-St.-Pckg.,Nein,2026-04-27 bis 2026-05-03,2026-04-27,2026-05-03,../images/rewe/immenstaad_offer_139.jpg,cat_drogerie,immenstaad,,,ref_000223,obs_0000015971|obs_0000033124,obs_0000008984|obs_0000033479,,
Heidelbeeren,San Lucar,"€ 2,29",,"1 kg = 17,62","1 kg = 17,62","»Jumbo«, Kl. I, je 130-g-Schale",Nein,2026-04-27 bis 2026-05-03,2026-04-27,2026-05-03,../images/rewe/immenstaad_offer_022.jpg,"cat_obst_gemuese,diet_gluten_free,diet_lactose_free,diet_vegan,diet_vegetarian,sub_frisches_obst,tag_whole_food",immenstaad,,BLS-F304100,ref_000224,obs_0000002819|obs_0000026376|obs_0000032523|obs_0000027788|obs_0000003088|obs_0000033682|obs_0000025384|obs_0000025769|obs_0000031149|obs_0000007729|obs_0000000051|obs_0000030262|obs_0000000695|obs_0000003000|obs_0000016699|obs_0000032326|obs_0000019143|obs_0000026698|obs_0000034122|obs_0000029138|obs_0000030560|obs_0000028260|obs_0000001513|obs_0000027502|obs_0000000880|obs_0000033918|obs_0000034918|obs_0000006409|obs_0000030472|obs_0000034319|obs_0000030138|obs_0000030919|obs_0000022353|obs_0000005509|obs_0000005525|obs_0000005120|obs_0000006958|obs_0000005692|obs_0000007128|obs_0000007143|obs_0000005713|obs_0000005894,obs_0000002819|obs_0000026376|obs_0000032523|obs_0000027788|obs_0000003088|obs_0000033682|obs_0000025384|obs_0000025769|obs_0000031149|obs_0000007729|obs_0000000051|obs_0000030262|obs_0000000695|obs_0000003000|obs_0000016699|obs_0000032326|obs_0000019143|obs_0000026698|obs_0000034122|obs_0000029138|obs_0000030560|obs_0000028260|obs_0000001513|obs_0000027502|obs_0000000880|obs_0000033918|obs_0000034918,,
Erdbeeren,San Lucar,"€ 3,99",,"1 kg = 9,98","1 kg = 9,98","Kl. I, je 300-g-Schale",Nein,2026-04-27 bis 2026-05-03,2026-04-27,2026-05-03,../images/rewe/immenstaad_offer_023.jpg,"cat_obst_gemuese,diet_gluten_free,diet_lactose_free,diet_vegan,diet_vegetarian,sub_frisches_obst,tag_whole_food",immenstaad,,BLS-F301100,ref_000225,obs_0000022919|obs_0000006408|obs_0000030617|obs_0000027419|obs_0000031261|obs_0000029494|obs_0000030915|obs_0000024529|obs_0000031576|obs_0000030564|obs_0000031462|obs_0000000875|obs_0000006265|obs_0000032512|obs_0000033793|obs_0000012233|obs_0000013901|obs_0000034400|obs_0000030989|obs_0000005687|obs_0000006083|obs_0000006092|obs_0000015717|obs_0000013414|obs_0000013418|obs_0000011389|obs_0000030428,obs_0000022919|obs_0000006408|obs_0000030617|obs_0000027419|obs_0000031261|obs_0000029494|obs_0000030915|obs_0000024529|obs_0000031576|obs_0000030564|obs_0000031462|obs_0000000875|obs_0000006265|obs_0000032512,,
Orangen,San Lucar,"€ 2,29",,"pro Einheit = 2,29","pro Einheit = 2,29","Sorte: siehe Etikett, Kl. I, je 1-kg-Netz",Nein,2026-04-27 bis 2026-05-03,2026-04-27,2026-05-03,../images/rewe/immenstaad_offer_024.jpg,"cat_obst_gemuese,diet_gluten_free,diet_lactose_free,diet_vegan,diet_vegetarian,sub_frisches_obst,tag_ultra_processed,tag_whole_food",immenstaad,,BLS-F603100,ref_000226,obs_0000031118|obs_0000024463|obs_0000028048|obs_0000008977|obs_0000021906|obs_0000028056|obs_0000014361|obs_0000029592|obs_0000024992|obs_0000025768|obs_0000019119|obs_0000008755|obs_0000010164|obs_0000034743|obs_0000026554|obs_0000009787|obs_0000032059|obs_0000032323|obs_0000016457|obs_0000029131|obs_0000027858|obs_0000027355|obs_0000029277|obs_0000009316|obs_0000030565|obs_0000030827|obs_0000017005|obs_0000031473|obs_0000029823|obs_0000034315|obs_0000033934|obs_0000001301|obs_0000029591|obs_0000014877|obs_0000030120|obs_0000031152|obs_0000033716|obs_0000026166|obs_0000033854|obs_0000012742|obs_0000010184|obs_0000015310|obs_0000025425|obs_0000006483|obs_0000016210|obs_0000015711|obs_0000010976|obs_0000013417|obs_0000034020|obs_0000027756,obs_0000031118|obs_0000024463|obs_0000028048|obs_0000008977|obs_0000021906|obs_0000028056|obs_0000014361|obs_0000029592|obs_0000024992|obs_0000025768|obs_0000019119|obs_0000008755|obs_0000010164|obs_0000034743|obs_0000026554|obs_0000009787|obs_0000032059|obs_0000032323|obs_0000016457|obs_0000029131|obs_0000027858|obs_0000027355|obs_0000029277|obs_0000009316|obs_0000030565|obs_0000030827|obs_0000017005|obs_0000031473|obs_0000029823,,
Wassermelone,Keine Marke,"€ 1,59",,"pro Einheit = 1,59","pro Einheit = 1,59","Kl. I, je 1-kg-",Nein,2026-04-27 bis 2026-05-03,2026-04-27,2026-05-03,../images/rewe/immenstaad_offer_025.jpg,"cat_obst_gemuese,diet_gluten_free,diet_lactose_free,diet_vegan,diet_vegetarian,sub_exoten,sub_frisches_obst,tag_whole_food",immenstaad,,BLS-F535100,ref_000227,obs_0000031381|obs_0000006962|obs_0000006426|obs_0000013140,obs_0000031381,,
Bio Avocado,Keine Marke,"€ 1,39",,"pro Einheit = 1,39","pro Einheit = 1,39","»Hass«, Kl. II, je 1-St.",Nein,2026-04-27 bis 2026-05-03,2026-04-27,2026-05-03,../images/rewe/immenstaad_offer_026.jpg,"cat_obst_gemuese,diet_gluten_free,diet_lactose_free,diet_vegan,diet_vegetarian,sub_exoten,sub_frisches_gemuese,sub_frisches_obst,tag_ultra_processed,tag_whole_food",immenstaad,,,ref_000228,obs_0000033717|obs_0000034744|obs_0000028796|obs_0000030124|obs_0000030212|obs_0000030257|obs_0000030466|obs_0000030959|obs_0000032517|obs_0000000058|obs_0000008728|obs_0000000694|obs_0000017166|obs_0000001305|obs_0000034105|obs_0000034516|obs_0000018748|obs_0000027541|obs_0000027854|obs_0000020117|obs_0000029123|obs_0000020936|obs_0000029201|obs_0000014073|obs_0000030562|obs_0000000895,obs_0000033717|obs_0000034744|obs_0000028796|obs_0000030124|obs_0000030212|obs_0000030257|obs_0000030466|obs_0000030959|obs_0000032517,,
Passionsfrucht,Keine Marke,"€ 0,59",,"pro Einheit = 0,59","pro Einheit = 0,59",je 1-St.,Nein,2026-04-27 bis 2026-05-03,2026-04-27,2026-05-03,../images/rewe/immenstaad_offer_028.jpg,"cat_obst_gemuese,diet_gluten_free,diet_lactose_free,diet_vegan,diet_vegetarian,tag_ultra_processed,tag_whole_food",immenstaad,,BLS-F508100,ref_000229,obs_0000008964|obs_0000003114|obs_0000028626|obs_0000033714|obs_0000030613|obs_0000013976|obs_0000027420|obs_0000028512|obs_0000013440|obs_0000011388|obs_0000006968|obs_0000006963,obs_0000008964|obs_0000003114|obs_0000028626|obs_0000033714|obs_0000030613|obs_0000013976|obs_0000027420|obs_0000028512,,
Mini Bananen,Keine Marke,"€ 0,99",,"1 kg = 3,96","1 kg = 3,96","Ursprung: siehe Etikett, je 250-g-Bund",Nein,2026-04-27 bis 2026-05-03,2026-04-27,2026-05-03,../images/rewe/immenstaad_offer_029.jpg,"cat_obst_gemuese,diet_gluten_free,diet_lactose_free,diet_vegan,diet_vegetarian,sub_exoten,sub_frisches_gemuese,sub_frisches_obst,tag_ultra_processed,tag_whole_food",immenstaad,,BLS-F503100,ref_000230,obs_0000012328|obs_0000028769|obs_0000006379|obs_0000027051|obs_0000029136|obs_0000010932|obs_0000031472|obs_0000009078|obs_0000031729|obs_0000027736|obs_0000017530|obs_0000031875|obs_0000032060|obs_0000026024|obs_0000032185|obs_0000018128|obs_0000026329|obs_0000016216|obs_0000026492,,,
Braune Bio Champignons,Keine Marke,"€ 1,79",,"1 kg = 7,16","1 kg = 7,16","Kl. I, je 250-g-Schale",Nein,2026-04-27 bis 2026-05-03,2026-04-27,2026-05-03,../images/rewe/immenstaad_offer_030.jpg,"cat_obst_gemuese,diet_gluten_free,diet_lactose_free,diet_vegan,diet_vegetarian,sub_frisches_gemuese,sub_frisches_obst,sub_pilze,tag_whole_food",immenstaad,,BLS-K701100,ref_000231,obs_0000029589|obs_0000008725|obs_0000028903|obs_0000029144|obs_0000031133|obs_0000032183|obs_0000033885|obs_0000034307|obs_0000034734|obs_0000001277|obs_0000026991|obs_0000027283|obs_0000027747|obs_0000028450|obs_0000014046|obs_0000014978|obs_0000031799|obs_0000008021,obs_0000029144|obs_0000029589|obs_0000031133|obs_0000032183,,
Bio Aubergine,Keine Marke,"€ 0,99",,"pro Einheit = 0,99","pro Einheit = 0,99","Kl. II, je 1-St.",Nein,2026-04-27 bis 2026-05-03,2026-04-27,2026-05-03,../images/rewe/immenstaad_offer_032.jpg,"cat_obst_gemuese,diet_gluten_free,diet_lactose_free,diet_vegan,diet_vegetarian,sub_exoten,sub_frisches_obst,tag_whole_food",immenstaad,,,ref_000232,obs_0000034737|obs_0000031217|obs_0000002820|obs_0000031629,obs_0000034737|obs_0000031217,,
Landbauern Rind Rouladen Braten oder Gulasch,Keine Marke,"€ 1,79",,"pro Einheit = 1,79","pro Einheit = 1,79","aus der Keule, Haltungsform 3, je 100-g-",Nein,2026-04-27 bis 2026-05-03,2026-04-27,2026-05-03,../images/rewe/immenstaad_offer_038.jpg,"cat_fleisch_wurst,diet_gluten_free,diet_lactose_free,diet_vegetarian,sub_rind,tag_whole_food",immenstaad,,,ref_000233,obs_0000029455|obs_0000032527|obs_0000029614|obs_0000030215|obs_0000029643,,,
Spargel grün,San Lucar,"€ 3,79",,"1 kg = 10,83","1 kg = 10,83","Kl. I, je 350-g-Bund",Nein,2026-04-27 bis 2026-05-03,2026-04-27,2026-05-03,../images/rewe/immenstaad_offer_021.jpg,"cat_obst_gemuese,diet_lactose_free,diet_vegan,diet_vegetarian,tag_whole_food",immenstaad,,BLS-G450100,ref_000234,obs_0000034717|obs_0000006079,obs_0000034717|obs_0000006079,,
Allgäuer Emmentaler g U 1827,Keine Marke,"€ 1,99",,"pro Einheit = 1,99","pro Einheit = 1,99","Hartkäse, mind. 45% Fett i.Tr., je 100-g-",Nein,2026-04-27 bis 2026-05-03,2026-04-27,2026-05-03,../images/rewe/immenstaad_offer_039.jpg,"cat_molkerei_kaese,sub_kaese,sub_milchprodukte,tag_whole_food",immenstaad,,,ref_000235,obs_0000005907|obs_0000006807|obs_0000034090|obs_0000006459|obs_0000031880|obs_0000001559|obs_0000002340|obs_0000010030|obs_0000018479|obs_0000025531|obs_0000031831|obs_0000003417|obs_0000022237|obs_0000009063|obs_0000022007|obs_0000018426,,,
Mini Roma Rispentomaten,San Lucar,"€ 2,22",,"1 kg = 5,55","1 kg = 5,55","»Rubin«, Kl. I, je 400-g-Schale",Nein,2026-04-27 bis 2026-05-03,2026-04-27,2026-05-03,../images/rewe/immenstaad_offer_020.jpg,"cat_obst_gemuese,diet_gluten_free,diet_lactose_free,diet_vegan,diet_vegetarian,sub_frisches_gemuese,tag_whole_food",immenstaad,,,ref_000236,obs_0000030961|obs_0000029645|obs_0000030568|obs_0000006427|obs_0000006431|obs_0000029206|obs_0000031628|obs_0000030260|obs_0000030918|obs_0000031140|obs_0000029129|obs_0000029204|obs_0000031461|obs_0000030141|obs_0000032515|obs_0000030469|obs_0000030614|obs_0000012328|obs_0000008287|obs_0000006379|obs_0000027139|obs_0000010932|obs_0000027413|obs_0000031578|obs_0000000876|obs_0000029590|obs_0000017530|obs_0000027927|obs_0000026024|obs_0000026075|obs_0000013997|obs_0000018128|obs_0000016216,obs_0000030961|obs_0000029645|obs_0000030568,,
Avocado,San Lucar,"€ 2,29",,"pro Einheit = 2,29","pro Einheit = 2,29","Herkunft: siehe Etikett, Kl. I, je 1-St.",Nein,2026-04-27 bis 2026-05-03,2026-04-27,2026-05-03,../images/rewe/immenstaad_offer_018.jpg,"cat_obst_gemuese,tag_ultra_processed",immenstaad,,BLS-F502100,ref_000237,obs_0000017166|obs_0000029201|obs_0000020117|obs_0000027541|obs_0000008728|obs_0000001305|obs_0000000694|obs_0000034105|obs_0000000058|obs_0000018748|obs_0000029123|obs_0000020936|obs_0000027854|obs_0000034516|obs_0000030562|obs_0000014073|obs_0000030466|obs_0000030212|obs_0000032517|obs_0000007317|obs_0000031260|obs_0000006430|obs_0000024863|obs_0000030124|obs_0000030257|obs_0000025778|obs_0000033717|obs_0000034744|obs_0000030826|obs_0000030959|obs_0000028796|obs_0000006418|obs_0000015526|obs_0000028463|obs_0000028218|obs_0000011409|obs_0000011817|obs_0000012744|obs_0000006605|obs_0000013139|obs_0000012255|obs_0000028383|obs_0000014440|obs_0000006785|obs_0000030016|obs_0000007527|obs_0000000895,obs_0000017166|obs_0000029201|obs_0000020117|obs_0000027541|obs_0000008728|obs_0000001305|obs_0000000694|obs_0000034105|obs_0000000058|obs_0000018748|obs_0000029123|obs_0000020936|obs_0000027854|obs_0000034516|obs_0000030562|obs_0000014073,,
Eisbergsalat,Rewe Beste Wahl,"€ 0,79",,"1 kg = 3,95","1 kg = 3,95",je 200-g-Btl.,Nein,2026-04-27 bis 2026-05-03,2026-04-27,2026-05-03,../images/rewe/immenstaad_offer_082.jpg,"cat_obst_gemuese,diet_gluten_free,diet_lactose_free,diet_vegan,diet_vegetarian,sub_frisches_gemuese,sub_salate,tag_whole_food",immenstaad,,BLS-G103100,ref_000238,obs_0000029710|obs_0000003639|obs_0000000692|obs_0000032519|obs_0000027417|obs_0000024865|obs_0000008541|obs_0000026602|obs_0000015244|obs_0000006781|obs_0000007310|obs_0000007323|obs_0000030512,obs_0000029710|obs_0000003639|obs_0000000692|obs_0000032519|obs_0000027417|obs_0000024865|obs_0000008541|obs_0000026602,,x
Mix Tafeltrauben,Keine Marke,"€ 2,69",,"1 kg = 5,38","1 kg = 5,38","Sorte: siehe Etikett, Kl. I, je 500-g-Schale",Nein,2026-04-27 bis 2026-05-03,2026-04-27,2026-05-03,../images/rewe/immenstaad_offer_016.jpg,"cat_obst_gemuese,diet_gluten_free,diet_lactose_free,diet_vegan,diet_vegetarian,sub_frisches_obst,tag_whole_food",immenstaad,,,ref_000239,obs_0000029819|obs_0000028483|obs_0000028593|obs_0000008710|obs_0000028721|obs_0000008765|obs_0000010312|obs_0000008792|obs_0000024700|obs_0000031873|obs_0000028835|obs_0000028335|obs_0000014088|obs_0000008527|obs_0000009624|obs_0000010211|obs_0000006275,obs_0000029819,,
Mango,San Lucar,"€ 2,99",,"pro Einheit = 2,99","pro Einheit = 2,99","Sorte: siehe Etikett, Kl. I, je 1-St.",Nein,2026-04-27 bis 2026-05-03,2026-04-27,2026-05-03,../images/rewe/immenstaad_offer_017.jpg,"cat_obst_gemuese,diet_gluten_free,diet_lactose_free,diet_vegan,diet_vegetarian,sub_exoten,sub_frisches_obst,tag_whole_food",immenstaad,,BLS-F516100,ref_000240,obs_0000009349|obs_0000029722|obs_0000028316|obs_0000021278|obs_0000004393|obs_0000024112|obs_0000033713|obs_0000000306|obs_0000034740|obs_0000027322|obs_0000029883|obs_0000004820|obs_0000026453|obs_0000009816|obs_0000031322|obs_0000016865|obs_0000020459|obs_0000025584|obs_0000026739|obs_0000003966|obs_0000030475|obs_0000028050|obs_0000006424|obs_0000031148|obs_0000034121|obs_0000034389|obs_0000034531|obs_0000028656|obs_0000028539|obs_0000006276|obs_0000006280|obs_0000010640|obs_0000031632|obs_0000034579|obs_0000034046|obs_0000031158|obs_0000027838|obs_0000028870|obs_0000028628|obs_0000010971|obs_0000015714|obs_0000028514|obs_0000005129|obs_0000011787|obs_0000013333|obs_0000024470|obs_0000030870|obs_0000015282|obs_0000014421|obs_0000029526,obs_0000009349|obs_0000029722|obs_0000028316|obs_0000021278|obs_0000004393|obs_0000024112|obs_0000033713|obs_0000000306|obs_0000034740|obs_0000027322|obs_0000029883|obs_0000004820|obs_0000026453|obs_0000009816|obs_0000031322|obs_0000016865|obs_0000020459|obs_0000025584|obs_0000026739|obs_0000003966,,
Schneider Rostbratwurst,Keine Marke,"€ 1,19",,"pro Einheit = 1,19","pro Einheit = 1,19","im Naturdarm, je 100-g-",Nein,2026-04-27 bis 2026-05-03,2026-04-27,2026-05-03,../images/rewe/immenstaad_offer_040.jpg,"cat_fleisch_wurst,sub_wurst,tag_ultra_processed",immenstaad,,,ref_000241,obs_0000013376|obs_0000014464,,,
Schweine-Filet,Keine Marke,"€ 0,88",,"pro Einheit = 0,88","pro Einheit = 0,88",je 100-g-,Nein,2026-04-27 bis 2026-05-03,2026-04-27,2026-05-03,../images/rewe/immenstaad_offer_042.jpg,"cat_fisch_meeresfruechte,diet_gluten_free,diet_lactose_free,sub_schwein,tag_high_protein,tag_proteinreich,tag_whole_food",immenstaad,,BLS-U611100,ref_000242,obs_0000031236|obs_0000027815|obs_0000029865|obs_0000029910|obs_0000028386|obs_0000030434|obs_0000029960|obs_0000030622|obs_0000031221|obs_0000031227,obs_0000031236|obs_0000027815|obs_0000029865|obs_0000029910|obs_0000028386|obs_0000030434|obs_0000029960|obs_0000030622|obs_0000031221,,
Lammlachse,Keine Marke,"€ 3,79",,"pro Einheit = 3,79","pro Einheit = 3,79","natur oder mariniert, oder Lammfilet, je 100-g-",Nein,2026-04-27 bis 2026-05-03,2026-04-27,2026-05-03,../images/rewe/immenstaad_offer_041.jpg,"cat_fisch_meeresfruechte,diet_gluten_free,diet_lactose_free,diet_vegan,diet_vegetarian,sub_exoten,sub_frisches_obst,tag_ultra_processed,tag_whole_food",immenstaad,,,ref_000243,obs_0000025794|obs_0000029207|obs_0000010044|obs_0000019530|obs_0000007834,obs_0000025794|obs_0000029207|obs_0000010044,,
Schweine-Nacken,Keine Marke,"€ 0,66",,"pro Einheit = 0,66","pro Einheit = 0,66","mit Knochen, am Stück oder in Scheiben, Haltungsform 2, je 100-g-",Nein,2026-04-27 bis 2026-05-03,2026-04-27,2026-05-03,../images/rewe/immenstaad_offer_043.jpg,"cat_fleisch_wurst,diet_gluten_free,diet_lactose_free,diet_vegan,diet_vegetarian,sub_schwein,tag_ultra_processed,tag_whole_food",immenstaad,,,ref_000244,obs_0000032338|obs_0000029889|obs_0000026349|obs_0000027909|obs_0000027469|obs_0000030577,obs_0000032338|obs_0000029889|obs_0000026349|obs_0000027909|obs_0000027469|obs_0000030577,,
Butcher s Barbecue Spare Ribs,Keine Marke,"€ 8,80",,"pro Einheit = 8,80","pro Einheit = 8,80","mit BBQ Marinade, SB-verpackt, je 1-kg-",Nein,2026-04-27 bis 2026-05-03,2026-04-27,2026-05-03,../images/rewe/immenstaad_offer_061.jpg,"cat_molkerei_kaese,diet_gluten_free,diet_lactose_free,diet_vegan,diet_vegetarian,tag_whole_food",immenstaad,,,ref_000245,obs_0000023589|obs_0000006708,,,
Kalbs-Steak,Keine Marke,"€ 3,99",,"pro Einheit = 3,99","pro Einheit = 3,99","aus dem Rücken, je 100-g-",Nein,2026-04-27 bis 2026-05-03,2026-04-27,2026-05-03,../images/rewe/immenstaad_offer_044.jpg,"cat_obst_gemuese,diet_gluten_free,diet_lactose_free,diet_vegan,diet_vegetarian,sub_rind,tag_whole_food",immenstaad,,BLS-U331100,ref_000246,,obs_0000031224|obs_0000029893,,
Landbauern Rind Steakhüfte,Keine Marke,"€ 2,49",,"pro Einheit = 2,49","pro Einheit = 2,49","am Stück oder in Scheiben, Haltungsform 3, je 100-g-",Nein,2026-04-27 bis 2026-05-03,2026-04-27,2026-05-03,../images/rewe/immenstaad_offer_045.jpg,"cat_fleisch_wurst,diet_gluten_free,diet_lactose_free,diet_vegan,diet_vegetarian,tag_whole_food",immenstaad,,,ref_000247,obs_0000029216|obs_0000030215|obs_0000030216|obs_0000029603|obs_0000031562,obs_0000029216,,
Landbauern Rind Rinder-Hackfleisch,Keine Marke,"€ 1,55",,"pro Einheit = 1,55","pro Einheit = 1,55","Haltungsform 3, je 100-g-",Nein,2026-04-27 bis 2026-05-03,2026-04-27,2026-05-03,../images/rewe/immenstaad_offer_046.jpg,"cat_fleisch_wurst,diet_gluten_free,diet_lactose_free,sub_hackfleisch,sub_rind,tag_high_protein,tag_proteinreich,tag_whole_food",immenstaad,,,ref_000248,obs_0000029603|obs_0000030900|obs_0000029891|obs_0000031563|obs_0000002149|obs_0000026223|obs_0000027280|obs_0000029904|obs_0000029964|obs_0000026901|obs_0000031541|obs_0000032583|obs_0000026471|obs_0000031208|obs_0000001083|obs_0000000646|obs_0000030444|obs_0000000826,,,
Rostbratwürstchen,Werz,"€ 1,29",,"pro Einheit = 1,29","pro Einheit = 1,29",je 100-g-,Nein,2026-04-27 bis 2026-05-03,2026-04-27,2026-05-03,../images/rewe/immenstaad_offer_048.jpg,"cat_fleisch_wurst,sub_wurst,tag_ultra_processed",immenstaad,,BLS-W222600,ref_000249,,,,
Pfefferbeißer,Meister,"€ 1,59",,"pro Einheit = 1,59","pro Einheit = 1,59","im Saitling, je 100-g-",Nein,2026-04-27 bis 2026-05-03,2026-04-27,2026-05-03,../images/rewe/immenstaad_offer_049.jpg,"cat_getraenke,diet_gluten_free,diet_lactose_free,diet_vegan,diet_vegetarian,tag_ultra_processed,tag_whole_food",immenstaad,,,ref_000250,obs_0000008709|obs_0000034476|obs_0000027121|obs_0000031573,,x,
Grüne Oliven,Keine Marke,"€ 1,59",,"pro Einheit = 1,59","pro Einheit = 1,59","ohne Stein, je 100-g-",Nein,2026-04-27 bis 2026-05-03,2026-04-27,2026-05-03,../images/rewe/immenstaad_offer_050.jpg,"cat_obst_gemuese,diet_gluten_free,diet_lactose_free,diet_vegan,diet_vegetarian,sub_exoten,sub_frisches_obst,tag_whole_food",immenstaad,,,ref_000251,obs_0000012839|obs_0000005200|obs_0000008283|obs_0000025210|obs_0000011917|obs_0000025238|obs_0000010941|obs_0000014034|obs_0000013234|obs_0000008194|obs_0000028687|obs_0000026683|obs_0000022160|obs_0000034552|obs_0000021256|obs_0000025865|obs_0000018215|obs_0000022380|obs_0000009082|obs_0000028567|obs_0000020437|obs_0000008681|obs_0000000624|obs_0000023169,obs_0000012839|obs_0000005200|obs_0000008283|obs_0000025210|obs_0000011917|obs_0000025238|obs_0000010941|obs_0000014034|obs_0000013234,,
Dorfkäserei Geifertshofen Bio Bühlertaler Dorfkäse,Keine Marke,"€ 2,59",,"pro Einheit = 2,59","pro Einheit = 2,59","Schnittkäse, mind. 45% Fett i.Tr., je 100-g-",Nein,2026-04-27 bis 2026-05-03,2026-04-27,2026-05-03,../images/rewe/immenstaad_offer_051.jpg,"cat_molkerei_kaese,diet_lactose_free,diet_vegan,diet_vegetarian,sub_kaese,sub_milchprodukte,tag_ultra_processed,tag_whole_food",immenstaad,,,ref_000252,,,,
Pizzawürstchen,Keine Marke,"€ 1,11",,"pro Einheit = 1,11","pro Einheit = 1,11",je 100-g-,Nein,2026-04-27 bis 2026-05-03,2026-04-27,2026-05-03,../images/rewe/immenstaad_offer_047.jpg,"cat_tiefkuehl,diet_lactose_free,diet_vegetarian,sub_tk_pizza,sub_wurst,tag_ultra_processed,tag_whole_food",immenstaad,,,ref_000253,,,,
Frischwurst-Aufschnitt,Meister,"€ 0,99",,"pro Einheit = 0,99","pro Einheit = 0,99","versch. Sorten, je 100-g-",Nein,2026-04-27 bis 2026-05-03,2026-04-27,2026-05-03,../images/rewe/immenstaad_offer_053.jpg,"cat_molkerei_kaese,sub_wurst,tag_ultra_processed",immenstaad,,,ref_000254,obs_0000030217|obs_0000015363|obs_0000028037|obs_0000009229|obs_0000000916|obs_0000026919|obs_0000001726|obs_0000011865|obs_0000009055|obs_0000031631|obs_0000030635|obs_0000003644|obs_0000029650|obs_0000028409,obs_0000030217,x,
Frische Puten-Schnitzel,Keine Marke,"€ 14,90",,"pro Einheit = 14,90","pro Einheit = 14,90","aus dem Putenbrustfilet, SB-verpackt, je 1-kg-",Nein,2026-04-27 bis 2026-05-03,2026-04-27,2026-05-03,../images/rewe/immenstaad_offer_059.jpg,"cat_molkerei_kaese,sub_gefluegel,tag_whole_food",immenstaad,,,ref_000255,obs_0000030904|obs_0000031535|obs_0000031586|obs_0000000159|obs_0000028973|obs_0000027620|obs_0000031913|obs_0000030221|obs_0000026235|obs_0000029641|obs_0000030275|obs_0000000700|obs_0000005251|obs_0000001521,obs_0000030904|obs_0000031535|obs_0000031586|obs_0000029784,,
Wilhelm Brandenburg Schinkenspeck,Keine Marke,"€ 1,39",,"pro Einheit = 1,39","pro Einheit = 1,39","geräuchert, je 100-g-",Nein,2026-04-27 bis 2026-05-03,2026-04-27,2026-05-03,../images/rewe/immenstaad_offer_055.jpg,"cat_molkerei_kaese,sub_schwein,sub_wurst,tag_ultra_processed",immenstaad,,,ref_000256,obs_0000030576|obs_0000029831|obs_0000031245|obs_0000029613|obs_0000032192|obs_0000030542|obs_0000032612|obs_0000031719,obs_0000030576,,
Dorfkäserei Geifertshofen Bio Butterkäschtle,Keine Marke,"€ 2,39",,"pro Einheit = 2,39","pro Einheit = 2,39","Schnittkäse, mind. 45% Fett i.Tr., je 100-g-",Nein,2026-04-27 bis 2026-05-03,2026-04-27,2026-05-03,../images/rewe/immenstaad_offer_052.jpg,"cat_molkerei_kaese,diet_gluten_free,diet_lactose_free,diet_vegan,diet_vegetarian,sub_kaese,sub_milchprodukte,tag_ultra_processed,tag_whole_food",immenstaad,,,ref_000257,,,,
Ileburger Brause,Keine Marke,"€ 0,39",,"1 l = 0,78","1 l = 0,78","versch. Sorten, je 0,5-l-Fl., zzgl. 0,25 € Pfand",Nein,2026-04-27 bis 2026-05-03,2026-04-27,2026-05-03,../images/rewe/neubrandenburg_offer_156.jpg,"cat_getraenke,diet_gluten_free,diet_lactose_free,diet_vegan,diet_vegetarian,tag_whole_food",neubrandenburg,,,ref_000258,,,,
Harzer Kräuterhexe,Keine Marke,"€ 0,59",,"1 l = 0,79","1 l = 0,79","je 0,75-l-Fl., zzgl. 0,25 € Pfand",Nein,2026-04-27 bis 2026-05-03,2026-04-27,2026-05-03,../images/rewe/neubrandenburg_offer_155.jpg,"cat_getraenke,diet_gluten_free,diet_lactose_free,diet_vegan,diet_vegetarian,sub_kraeuter,tag_whole_food",neubrandenburg,,,ref_000259,obs_0000030238,obs_0000030238,,
Ileburger Fruit Water,Keine Marke,"€ 0,79",,"1 l = 0,53","1 l = 0,53","versch. Sorten, je 1,5-l-Fl., zzgl. 0,25 € Pfand",Nein,2026-04-27 bis 2026-05-03,2026-04-27,2026-05-03,../images/rewe/neubrandenburg_offer_153.jpg,"cat_getraenke,diet_gluten_free,diet_lactose_free,diet_vegan,diet_vegetarian,tag_ultra_processed",neubrandenburg,,,ref_000260,obs_0000030236,obs_0000030236,,
Güstrower Schlossquell,Keine Marke,"€ 5,49",,"1 l = 0,46","1 l = 0,46","versch. Sorten, je 12 x 1-l-Fl.-Kasten, zzgl. 4,50 € Pfand",Nein,2026-04-27 bis 2026-05-03,2026-04-27,2026-05-03,../images/rewe/neubrandenburg_offer_151.jpg,"cat_getraenke,diet_gluten_free,diet_lactose_free,diet_vegan,diet_vegetarian,tag_ultra_processed,tag_whole_food",neubrandenburg,,,ref_000261,obs_0000030233,obs_0000030233,,
Hasseröder Premium Pils,Keine Marke,"€ 8,99",,"1 l = 0,90","1 l = 0,90","je 20 x 0,5-l-Fl.-Kasten, zzgl. 3,10 € Pfand",Nein,2026-04-27 bis 2026-05-03,2026-04-27,2026-05-03,../images/rewe/neubrandenburg_offer_158.jpg,"cat_getraenke,diet_gluten_free,diet_lactose_free,diet_vegetarian",neubrandenburg,,,ref_000262,obs_0000031079|obs_0000031248|obs_0000029243|obs_0000029927|obs_0000030395|obs_0000030607|obs_0000028695|obs_0000014397|obs_0000028734|obs_0000012445|obs_0000016561|obs_0000010479|obs_0000026883|obs_0000012662|obs_0000008613|obs_0000010756|obs_0000011146|obs_0000011148|obs_0000027560|obs_0000013350|obs_0000033895|obs_0000027845|obs_0000011594|obs_0000009703|obs_0000013836|obs_0000015938|obs_0000034432|obs_0000028520|obs_0000028575|obs_0000028635|obs_0000008187|obs_0000029198|obs_0000031389|obs_0000026008|obs_0000008006|obs_0000028759|obs_0000012448|obs_0000016578|obs_0000028878|obs_0000035035|obs_0000028937|obs_0000008467|obs_0000000370|obs_0000004495|obs_0000010755|obs_0000012871|obs_0000027329|obs_0000004922|obs_0000017247|obs_0000031695,obs_0000028695|obs_0000010479|obs_0000026883|obs_0000031079|obs_0000012662|obs_0000010756|obs_0000031248|obs_0000029243|obs_0000033895|obs_0000027845|obs_0000029927|obs_0000030395|obs_0000030607|obs_0000028575|obs_0000008187,,
Mate,Mio Mio,"€ 0,69",,"1 l = 1,38","1 l = 1,38","versch. Sorten, je 0,5-l-Fl., zzgl. 0,15 € Pfand",Nein,2026-04-27 bis 2026-05-03,2026-04-27,2026-05-03,../images/rewe/neubrandenburg_offer_154.jpg,"cat_getraenke,diet_gluten_free,diet_lactose_free,diet_vegan,diet_vegetarian,sub_exoten,sub_frisches_gemuese,sub_frisches_obst,tag_ultra_processed,tag_whole_food",neubrandenburg,,,ref_000263,obs_0000007479,,x,
Radeberger Pilsner oder alkoholfrei,Keine Marke,"€ 11,99",,"1 l = 1,20","1 l = 1,20","je 20 x 0,5-l-Fl.-Kasten, zzgl. 3,10 € Pfand",Nein,2026-04-27 bis 2026-05-03,2026-04-27,2026-05-03,../images/rewe/neubrandenburg_offer_159.jpg,cat_getraenke,neubrandenburg,,,ref_000264,obs_0000030239|obs_0000014653|obs_0000015936|obs_0000029992|obs_0000026911|obs_0000011150|obs_0000031680|obs_0000033919|obs_0000027852|obs_0000034225|obs_0000015943|obs_0000026430,obs_0000014653|obs_0000030239|obs_0000015936,,
Brauspezialitäten,Mönchshof,"€ 14,79",,"1 l = 1,48","1 l = 1,48","versch. Sorten, auch alkoholfrei, je 20 x 0,5-l-Fl.-Kasten, zzgl. 4,50 € Pfand",Nein,2026-04-27 bis 2026-05-03,2026-04-27,2026-05-03,../images/rewe/neubrandenburg_offer_161.jpg,"cat_getraenke,tag_ultra_processed",neubrandenburg,,,ref_000265,obs_0000030403,obs_0000030403,,
Gessner Premium Pils oder Original Festbier,Keine Marke,"€ 13,99",,"1 l = 1,40","1 l = 1,40","je 20 x 0,5-l-Fl.-Kasten, zzgl. 4,50 € Pfand",Nein,2026-04-27 bis 2026-05-03,2026-04-27,2026-05-03,../images/rewe/neubrandenburg_offer_162.jpg,"cat_getraenke,tag_high_protein,tag_ultra_processed",neubrandenburg,,,ref_000266,obs_0000016561|obs_0000008613|obs_0000033895|obs_0000009703|obs_0000034432|obs_0000026752|obs_0000010479|obs_0000026883|obs_0000010756|obs_0000011146|obs_0000011148|obs_0000027560|obs_0000027845|obs_0000011594|obs_0000028520|obs_0000028575|obs_0000028635|obs_0000028695|obs_0000028734|obs_0000012445|obs_0000012662|obs_0000013350|obs_0000013836|obs_0000014397|obs_0000015938|obs_0000008187|obs_0000016578|obs_0000008467|obs_0000000370|obs_0000008777|obs_0000008906|obs_0000017247|obs_0000025547|obs_0000033763|obs_0000017384|obs_0000033823|obs_0000025705|obs_0000009334|obs_0000033975|obs_0000009525|obs_0000017799|obs_0000026035|obs_0000026062|obs_0000026170|obs_0000034423|obs_0000034561|obs_0000009987|obs_0000034575|obs_0000010117|obs_0000010120,,,
Kloster Scheyern Klostergold,Keine Marke,"€ 13,99",,"1 l = 1,40","1 l = 1,40","je 20 x 0,5-l-Fl.-Kasten, zzgl. 3,10 € Pfand",Nein,2026-04-27 bis 2026-05-03,2026-04-27,2026-05-03,../images/rewe/neubrandenburg_offer_164.jpg,"cat_getraenke,diet_gluten_free,diet_lactose_free,diet_vegan,diet_vegetarian,tag_ultra_processed",neubrandenburg,,,ref_000267,obs_0000029408|obs_0000028949,obs_0000028949|obs_0000035036,,
Goldkrone,Wilthener,"€ 4,29",,"1 l = 6,13","1 l = 6,13","28% Vol., je 0,7-l-Fl.",Nein,2026-04-27 bis 2026-05-03,2026-04-27,2026-05-03,../images/rewe/neubrandenburg_offer_166.jpg,"cat_getraenke,diet_gluten_free,diet_lactose_free,diet_vegan,diet_vegetarian,tag_ultra_processed,tag_whole_food",neubrandenburg,,,ref_000268,obs_0000030251,obs_0000030251,x,
Graf von Wackerbarth Sekt,Keine Marke,"€ 4,99",,"1 l = 6,65","1 l = 6,65","trocken oder halbtrocken, je 0,75-l-Fl.",Nein,2026-04-27 bis 2026-05-03,2026-04-27,2026-05-03,../images/rewe/neubrandenburg_offer_167.jpg,"cat_getraenke,diet_gluten_free,diet_lactose_free,diet_vegan,diet_vegetarian,tag_ultra_processed,tag_whole_food",neubrandenburg,,,ref_000269,obs_0000030252|obs_0000011802|obs_0000017436|obs_0000018465|obs_0000017456|obs_0000003634|obs_0000013889|obs_0000019009|obs_0000031833|obs_0000019561|obs_0000018037|obs_0000028281|obs_0000000122|obs_0000012437|obs_0000010911|obs_0000026289|obs_0000023255|obs_0000027358|obs_0000018687|obs_0000016680|obs_0000015666|obs_0000014644|obs_0000024889|obs_0000026425|obs_0000011590|obs_0000015699|obs_0000027487|obs_0000008047|obs_0000012694|obs_0000002457|obs_0000022430|obs_0000025002|obs_0000001461|obs_0000026048,obs_0000030252,,
Berliner Pilsner oder Natur Radler,Keine Marke,"€ 10,49",,"1 l = 1,05","1 l = 1,05","je 20 x 0,5-l-Fl.-Kasten, zzgl. 3,10 € Pfand",Nein,2026-04-27 bis 2026-05-03,2026-04-27,2026-05-03,../images/rewe/neubrandenburg_offer_160.jpg,"cat_getraenke,diet_vegetarian,tag_ultra_processed",neubrandenburg,,,ref_000270,obs_0000001442|obs_0000013844|obs_0000015943|obs_0000033919|obs_0000030343|obs_0000027852|obs_0000028889|obs_0000026911|obs_0000001332|obs_0000026430|obs_0000001347|obs_0000030604|obs_0000009644|obs_0000031680,,,
Kunella Rapsöl,Keine Marke,"€ 1,99",,"1 l = 3,98","1 l = 3,98",je 500-ml-Fl.,Nein,2026-04-27 bis 2026-05-03,2026-04-27,2026-05-03,../images/rewe/neubrandenburg_offer_122.jpg,"cat_grundnahrung,diet_gluten_free,diet_lactose_free,diet_vegan,diet_vegetarian,tag_ultra_processed,tag_whole_food",neubrandenburg,,,ref_000271,obs_0000030245|obs_0000012837|obs_0000015413|obs_0000027868|obs_0000028391|obs_0000019704,obs_0000030245,,
Original Schulküche Nudeln mit Tomatensoße Jagdwurst,Keine Marke,"€ 2,49",,"1 kg = 4,98","1 kg = 4,98",je 500-g-Dose,Nein,2026-04-27 bis 2026-05-03,2026-04-27,2026-05-03,../images/rewe/neubrandenburg_offer_125.jpg,"cat_grundnahrung,diet_gluten_free,diet_lactose_free,diet_vegan,diet_vegetarian,sub_frisches_gemuese,tag_ultra_processed,tag_whole_food",neubrandenburg,,,ref_000272,obs_0000028730|obs_0000020611|obs_0000012423|obs_0000006283|obs_0000026772|obs_0000026832|obs_0000028896|obs_0000035052|obs_0000027005|obs_0000027048|obs_0000021000|obs_0000008777|obs_0000008784|obs_0000021117|obs_0000015006|obs_0000008906|obs_0000015051|obs_0000021430|obs_0000025547|obs_0000033763|obs_0000017384|obs_0000013325|obs_0000019505|obs_0000031800|obs_0000025705|obs_0000009334|obs_0000015502|obs_0000027791|obs_0000033975|obs_0000021758|obs_0000009525|obs_0000021868|obs_0000017799|obs_0000026035|obs_0000013802|obs_0000034380|obs_0000022184|obs_0000020181|obs_0000034561|obs_0000009987|obs_0000028429|obs_0000034575|obs_0000016167|obs_0000020298|obs_0000028516|obs_0000010117|obs_0000008075|obs_0000014249|obs_0000028630,,,
Meine Liebsten Teigwaren,Möwe,"€ 0,99",,"1 kg = 1,98","1 kg = 1,98","versch. Ausformungen, je 500-g-Btl.",Nein,2026-04-27 bis 2026-05-03,2026-04-27,2026-05-03,../images/rewe/neubrandenburg_offer_126.jpg,"cat_grundnahrung,diet_gluten_free,diet_lactose_free,diet_vegan,diet_vegetarian,sub_frisches_gemuese,sub_nudeln,tag_whole_food",neubrandenburg,,,ref_000273,obs_0000008738|obs_0000015404|obs_0000026301,,x,
Weizenmehl Type 405,Kathi,"€ 0,99",,"pro Einheit = 0,99","pro Einheit = 0,99",je 1000-g-Pckg.,Nein,2026-04-27 bis 2026-05-03,2026-04-27,2026-05-03,../images/rewe/neubrandenburg_offer_127.jpg,"cat_grundnahrung,diet_gluten_free,diet_lactose_free,diet_vegan,diet_vegetarian,tag_whole_food",neubrandenburg,,BLS-C214100,ref_000274,obs_0000013958|obs_0000011943|obs_0000024617|obs_0000026989|obs_0000001659|obs_0000034834|obs_0000030292|obs_0000027275|obs_0000003343|obs_0000034218|obs_0000028845|obs_0000002617|obs_0000034621|obs_0000001854|obs_0000026310|obs_0000010442,,x,
Edel Bitter Schokolade,Zetti,"€ 1,99",,"1 kg = 19,90","1 kg = 19,90","versch. Sorten, je 100-g-Tafel",Nein,2026-04-27 bis 2026-05-03,2026-04-27,2026-05-03,../images/rewe/neubrandenburg_offer_137.jpg,"cat_knabbern_naschen,diet_vegetarian,tag_ultra_processed",neubrandenburg,,,ref_000275,obs_0000011783|obs_0000015893|obs_0000027700|obs_0000013879|obs_0000028232|obs_0000013394|obs_0000020472|obs_0000028244|obs_0000028249|obs_0000000091|obs_0000015454|obs_0000004705|obs_0000031849|obs_0000034408|obs_0000034411|obs_0000017539|obs_0000025221|obs_0000000138|obs_0000025739|obs_0000008861|obs_0000015026|obs_0000004278|obs_0000017595|obs_0000021699|obs_0000017605|obs_0000034013|obs_0000000230|obs_0000018155|obs_0000013043|obs_0000003326|obs_0000004873|obs_0000018698|obs_0000003851|obs_0000014104|obs_0000010522|obs_0000002336|obs_0000033056|obs_0000031011|obs_0000021291|obs_0000016691|obs_0000004446|obs_0000011112|obs_0000008595|obs_0000008610|obs_0000004019|obs_0000006579|obs_0000010166|obs_0000012219|obs_0000009149|obs_0000026556,,x,
Born Tomaten Ketchup,Keine Marke,"€ 1,49",,"1 l = 3,31","1 l = 3,31",je 450-ml-Fl.,Nein,2026-04-27 bis 2026-05-03,2026-04-27,2026-05-03,../images/rewe/neubrandenburg_offer_118.jpg,"cat_grundnahrung,diet_gluten_free,diet_lactose_free,diet_vegan,diet_vegetarian,sub_frisches_gemuese,tag_ultra_processed,tag_whole_food",neubrandenburg,,BLS-R141100,ref_000276,obs_0000003594|obs_0000019587|obs_0000009900|obs_0000014533|obs_0000009435|obs_0000027936|obs_0000030241|obs_0000029621|obs_0000002118|obs_0000026278|obs_0000034023|obs_0000026407|obs_0000019909,obs_0000027936,,
Vintage Teppich ca 100 x 150 cm,Vivess,"€ 17,99",,"pro Einheit = 17,99","pro Einheit = 17,99",je 1-St.,Nein,2026-04-27 bis 2026-05-03,2026-04-27,2026-05-03,../images/rewe/neubrandenburg_offer_186.jpg,"cat_getraenke,diet_gluten_free,diet_lactose_free,diet_vegan,diet_vegetarian,tag_whole_food",neubrandenburg,,,ref_000277,obs_0000030767|obs_0000022666|obs_0000020811|obs_0000025040|obs_0000023892|obs_0000024316|obs_0000021630,,x,
Finocchiona Fenchelsalami g g A,Casa Modena,"€ 1,99",,"pro Einheit = 1,99","pro Einheit = 1,99",je 100-g-,Nein,2026-04-27 bis 2026-05-03,2026-04-27,2026-05-03,../images/rewe/neubrandenburg_offer_032.jpg,"cat_obst_gemuese,diet_gluten_free,diet_lactose_free,diet_vegan,diet_vegetarian,sub_frisches_gemuese,sub_wurst,tag_ultra_processed,tag_whole_food",neubrandenburg,,,ref_000278,obs_0000021074|obs_0000025625|obs_0000020255,,x,
Schulte Salamitaler,Keine Marke,"€ 1,99",,"pro Einheit = 1,99","pro Einheit = 1,99","mit Kräutern oder Pfeffer, je 100-g-",Nein,2026-04-27 bis 2026-05-03,2026-04-27,2026-05-03,../images/rewe/neubrandenburg_offer_034.jpg,"cat_obst_gemuese,diet_gluten_free,diet_lactose_free,diet_vegan,diet_vegetarian,sub_frisches_gemuese,sub_wurst,tag_ultra_processed,tag_whole_food",neubrandenburg,,,ref_000279,obs_0000031257,obs_0000031257,,
Frische Bio Weidemilch,Arla,"€ 1,29",,"pro Einheit = 1,29","pro Einheit = 1,29","1,5/3,8% Fett, je 1-l-Pckg.",Nein,2026-04-27 bis 2026-05-03,2026-04-27,2026-05-03,../images/rewe/neubrandenburg_offer_044.jpg,"cat_molkerei_kaese,diet_lactose_free,diet_vegetarian,sub_milchprodukte,tag_high_protein",neubrandenburg,,,ref_000280,obs_0000034794|obs_0000008438|obs_0000034372|obs_0000014938,obs_0000008438|obs_0000034794,,
Geflügel Fleischwurst,Gutfried,"€ 1,59",,"pro Einheit = 1,59","pro Einheit = 1,59",je 100-g-,Nein,2026-04-27 bis 2026-05-03,2026-04-27,2026-05-03,../images/rewe/neubrandenburg_offer_051.jpg,"cat_molkerei_kaese,sub_gefluegel,sub_wurst,tag_ultra_processed",neubrandenburg,,,ref_000281,obs_0000032348|obs_0000006329|obs_0000031486|obs_0000030485|obs_0000001753|obs_0000001768|obs_0000001790|obs_0000001812|obs_0000027638|obs_0000030265|obs_0000024646|obs_0000032374|obs_0000030888|obs_0000031962|obs_0000031485|obs_0000030484|obs_0000025459|obs_0000031187|obs_0000019414|obs_0000014928|obs_0000011863|obs_0000027764|obs_0000008871|obs_0000034472|obs_0000034703,obs_0000032348|obs_0000006329|obs_0000031486|obs_0000030485|obs_0000027638,x,
Butcher s Barbecue Hähnchen-Minuten-Schnitzel,Keine Marke,"€ 12,90",,"pro Einheit = 12,90","pro Einheit = 12,90","in versch. Marinaden, SB-verpackt, je 1-kg-",Nein,2026-04-27 bis 2026-05-03,2026-04-27,2026-05-03,../images/rewe/neubrandenburg_offer_052.jpg,"cat_molkerei_kaese,sub_gefluegel",neubrandenburg,,,ref_000282,obs_0000000700|obs_0000005251|obs_0000001521,,,
Burlander,Milram,"€ 1,11",,"pro Einheit = 1,11","pro Einheit = 1,11","Schnittkäse, 45% Fett i.Tr., je 100-g-",Nein,2026-04-27 bis 2026-05-03,2026-04-27,2026-05-03,../images/rewe/neubrandenburg_offer_054.jpg,"cat_molkerei_kaese,sub_kaese,sub_milchprodukte",neubrandenburg,,,ref_000283,obs_0000014225|obs_0000032572,obs_0000014225|obs_0000032572,,
Himbeeren,Keine Marke,"€ 1,49",,"1 kg = 11,92","1 kg = 11,92","Kl. I, je 125-g-Schale",Nein,2026-04-27 bis 2026-05-03,2026-04-27,2026-05-03,../images/rewe/neubrandenburg_offer_016.jpg,"cat_obst_gemuese,diet_gluten_free,diet_lactose_free,diet_vegan,diet_vegetarian,sub_exoten,sub_frisches_obst,tag_whole_food",neubrandenburg,,BLS-F302100,ref_000284,obs_0000032513|obs_0000030214|obs_0000006412|obs_0000000524|obs_0000029585|obs_0000027154|obs_0000029205|obs_0000013981|obs_0000030130|obs_0000030258|obs_0000026169|obs_0000032322|obs_0000029127|obs_0000026967|obs_0000016741|obs_0000010473|obs_0000000498|obs_0000001270|obs_0000028022|obs_0000029817|obs_0000005511|obs_0000002727|obs_0000005696|obs_0000005315|obs_0000005328|obs_0000002907|obs_0000007521|obs_0000007532|obs_0000010894|obs_0000011789|obs_0000030995|obs_0000010921|obs_0000006959|obs_0000030324|obs_0000007799|obs_0000030428|obs_0000007801|obs_0000005894,obs_0000032513|obs_0000030214|obs_0000006412|obs_0000000524|obs_0000029585|obs_0000027154|obs_0000029205|obs_0000013981|obs_0000030130|obs_0000030258|obs_0000026169|obs_0000032322|obs_0000029127|obs_0000026967|obs_0000016741|obs_0000010473|obs_0000000498|obs_0000001270|obs_0000028022|obs_0000029817,,
Mango,Mango,"€ 0,79",,"pro Einheit = 0,79","pro Einheit = 0,79","Sorte: siehe Etikett, Kl. I, je 1-St.",Nein,2026-04-27 bis 2026-05-03,2026-04-27,2026-05-03,../images/rewe/neubrandenburg_offer_017.jpg,"cat_obst_gemuese,diet_gluten_free,diet_lactose_free,diet_vegan,diet_vegetarian,sub_exoten,sub_frisches_obst,tag_whole_food",neubrandenburg,,BLS-F516100,ref_000285,obs_0000024112|obs_0000033713|obs_0000034740|obs_0000031322|obs_0000009349|obs_0000029722|obs_0000028316|obs_0000021278|obs_0000004393|obs_0000000306|obs_0000027322|obs_0000029883|obs_0000004820|obs_0000026453|obs_0000009816|obs_0000016865|obs_0000020459|obs_0000025584|obs_0000026739|obs_0000003966|obs_0000030475|obs_0000028050|obs_0000006424|obs_0000031148|obs_0000034121|obs_0000034389|obs_0000034531|obs_0000028656|obs_0000028539|obs_0000006276|obs_0000006280|obs_0000010640|obs_0000031632|obs_0000034579|obs_0000034046|obs_0000031158|obs_0000027838|obs_0000028870|obs_0000028628|obs_0000010971|obs_0000015714|obs_0000028514|obs_0000005129|obs_0000011787|obs_0000013333|obs_0000024470|obs_0000030870|obs_0000015282|obs_0000014421|obs_0000029526,obs_0000009349|obs_0000029722|obs_0000028316|obs_0000021278|obs_0000004393|obs_0000024112|obs_0000033713|obs_0000000306|obs_0000034740|obs_0000027322|obs_0000029883|obs_0000004820|obs_0000026453|obs_0000009816|obs_0000031322|obs_0000016865|obs_0000020459|obs_0000025584|obs_0000026739|obs_0000003966,,
Essreife Papaya,Keine Marke,"€ 4,44",,"pro Einheit = 4,44","pro Einheit = 4,44",je 1-St.,Nein,2026-04-27 bis 2026-05-03,2026-04-27,2026-05-03,../images/rewe/neubrandenburg_offer_019.jpg,"cat_obst_gemuese,diet_gluten_free,diet_lactose_free,diet_vegan,diet_vegetarian,sub_exoten,sub_frisches_obst,tag_whole_food",neubrandenburg,,,ref_000286,obs_0000030573|obs_0000009554|obs_0000010035|obs_0000008632,obs_0000030573,,
Bio Rispentomaten,Keine Marke,"€ 1,49",,"1 kg = 2,98","1 kg = 2,98","Kl. II, je 500-g-Schale",Nein,2026-04-27 bis 2026-05-03,2026-04-27,2026-05-03,../images/rewe/neubrandenburg_offer_022.jpg,"cat_obst_gemuese,diet_gluten_free,diet_lactose_free,diet_vegan,diet_vegetarian,sub_frisches_gemuese,sub_frisches_obst,tag_whole_food",neubrandenburg,,,ref_000287,obs_0000029646|obs_0000030210|obs_0000030825|obs_0000031226|obs_0000030469|obs_0000031140|obs_0000015321|obs_0000007136|obs_0000032515|obs_0000008287|obs_0000000876|obs_0000026075|obs_0000027139|obs_0000027413|obs_0000027927|obs_0000029276|obs_0000029588|obs_0000029590|obs_0000029814|obs_0000013997|obs_0000030960|obs_0000031578,obs_0000029646|obs_0000030210|obs_0000030825|obs_0000031226,,
Feldsalat,Keine Marke,"€ 1,19",,"1 kg = 7,93","1 kg = 7,93","Kl. I, je 150-g-Pckg.",Nein,2026-04-27 bis 2026-05-03,2026-04-27,2026-05-03,../images/rewe/neubrandenburg_offer_023.jpg,"cat_obst_gemuese,diet_gluten_free,diet_lactose_free,diet_vegan,diet_vegetarian,sub_frisches_gemuese,sub_salate,tag_ultra_processed,tag_whole_food",neubrandenburg,,,ref_000288,obs_0000006273|obs_0000009394|obs_0000017466|obs_0000007739|obs_0000032334|obs_0000007525|obs_0000007533|obs_0000030830|obs_0000009855|obs_0000027524|obs_0000034310|obs_0000020109|obs_0000029843|obs_0000028339|obs_0000020928|obs_0000029125|obs_0000011398|obs_0000015683|obs_0000013640|obs_0000005712|obs_0000005890|obs_0000005895|obs_0000005708,obs_0000006273|obs_0000009394|obs_0000017466|obs_0000007739|obs_0000032334|obs_0000007525|obs_0000007533|obs_0000030830|obs_0000009855,,
Bio Crispy Salatmix,Keine Marke,"€ 1,19",,"1 kg = 11,90","1 kg = 11,90",je 100-g-Pckg.,Nein,2026-04-27 bis 2026-05-03,2026-04-27,2026-05-03,../images/rewe/neubrandenburg_offer_024.jpg,"cat_obst_gemuese,diet_gluten_free,diet_lactose_free,diet_vegan,diet_vegetarian,sub_fleischersatz,sub_frisches_gemuese,sub_frisches_obst,sub_salate,tag_ultra_processed,tag_whole_food",neubrandenburg,,,ref_000289,obs_0000030211|obs_0000030956|obs_0000019134,obs_0000030211|obs_0000030956,,
Rote Bio Paprika,Keine Marke,"€ 2,49",,"1 kg = 6,23","1 kg = 6,23","Kl. II, je 400-g-Pckg.",Nein,2026-04-27 bis 2026-05-03,2026-04-27,2026-05-03,../images/rewe/neubrandenburg_offer_025.jpg,"cat_obst_gemuese,diet_gluten_free,diet_lactose_free,diet_vegan,diet_vegetarian,sub_exoten,sub_frisches_gemuese,sub_frisches_obst,tag_ultra_processed,tag_whole_food",neubrandenburg,,,ref_000290,obs_0000031630|obs_0000017917|obs_0000019787|obs_0000008120|obs_0000033709|obs_0000034308|obs_0000031134|obs_0000031456,obs_0000031630,,
Unser Gurkentopf,Spreewaldhof,"€ 2,79",,"1 kg = 3,36","1 kg = 3,36","je 1550-g-Glas, 830 g Abtropfgewicht",Nein,2026-04-27 bis 2026-05-03,2026-04-27,2026-05-03,../images/rewe/neubrandenburg_offer_116.jpg,"cat_grundnahrung,diet_gluten_free,diet_lactose_free,diet_vegan,diet_vegetarian,sub_frisches_gemuese,tag_whole_food",neubrandenburg,,,ref_000291,,,x,
Zörbiger Überrübe,Keine Marke,"€ 1,49",,"1 kg = 4,26","1 kg = 4,26","süßer Brotaufstrich, je 350-g-Glas",Nein,2026-04-27 bis 2026-05-03,2026-04-27,2026-05-03,../images/rewe/neubrandenburg_offer_110.jpg,"cat_grundnahrung,diet_gluten_free,diet_lactose_free,diet_vegan,diet_vegetarian,tag_ultra_processed,tag_whole_food",neubrandenburg,,,ref_000292,,,,
XTra-Korn Weizenmischbrot,Keine Marke,"€ 2,19",,"1 kg = 4,38","1 kg = 4,38","mit Reisflocken und Sesam, je 500-g-St.",Nein,2026-04-27 bis 2026-05-03,2026-04-27,2026-05-03,../images/rewe/neubrandenburg_offer_111.jpg,"cat_grundnahrung,diet_gluten_free,diet_lactose_free,diet_vegan,diet_vegetarian,tag_whole_food",neubrandenburg,,BLS-B251000,ref_000293,obs_0000030255|obs_0000010691|obs_0000013959|obs_0000028107|obs_0000012848|obs_0000014993|obs_0000027951,obs_0000030255,,
Pick Original ungarische Salami oder Paprika-Kolbasz,Keine Marke,"€ 2,49",,"pro Einheit = 2,49","pro Einheit = 2,49",je 100-g-,Nein,2026-04-27 bis 2026-05-03,2026-04-27,2026-05-03,../images/rewe/neubrandenburg_offer_060.jpg,"cat_molkerei_kaese,diet_gluten_free,diet_lactose_free,diet_vegan,diet_vegetarian,sub_frisches_gemuese,sub_tk_fertiggerichte,sub_wurst,tag_ultra_processed,tag_whole_food",neubrandenburg,,,ref_000294,obs_0000031190|obs_0000007628|obs_0000034178|obs_0000026053|obs_0000026305|obs_0000010316|obs_0000016602|obs_0000008425|obs_0000002285|obs_0000026898|obs_0000016755|obs_0000031198|obs_0000002611|obs_0000014932|obs_0000019030|obs_0000023205|obs_0000021226|obs_0000011010|obs_0000025355|obs_0000017184|obs_0000002957|obs_0000017375|obs_0000003239|obs_0000019666|obs_0000003307|obs_0000025934|obs_0000034176|obs_0000028273|obs_0000005781|obs_0000007987|obs_0000008039|obs_0000020407|obs_0000016328|obs_0000010234,,,
Wolf Orig Thüringer Rostbratwurst,Keine Marke,"€ 3,99",,"1 kg = 8,87","1 kg = 8,87","roh, je 450-g-Pckg.",Nein,2026-04-27 bis 2026-05-03,2026-04-27,2026-05-03,../images/rewe/neubrandenburg_offer_063.jpg,"cat_molkerei_kaese,sub_wurst,tag_ultra_processed",neubrandenburg,,,ref_000295,obs_0000031271|obs_0000029932|obs_0000013376|obs_0000014464,obs_0000031271|obs_0000027860|obs_0000029932,,
Rinder-Rouladen,Keine Marke,"€ 16,60",,"pro Einheit = 16,60","pro Einheit = 16,60","Jungbullenfleisch aus der Keule, SB-verpackt, je 1-kg-",Nein,2026-04-27 bis 2026-05-03,2026-04-27,2026-05-03,../images/rewe/neubrandenburg_offer_064.jpg,"cat_molkerei_kaese,diet_gluten_free,diet_lactose_free,diet_vegan,diet_vegetarian,sub_rind,tag_ultra_processed,tag_whole_food",neubrandenburg,,BLS-U163100,ref_000296,obs_0000031691|obs_0000029663|obs_0000025795|obs_0000002407|obs_0000029455|obs_0000032527|obs_0000029614|obs_0000029643|obs_0000007861,obs_0000031691|obs_0000029663,,
Frische Puten-Schnitzel,Keine Marke,"€ 8,88",,"1 kg = 11,10","1 kg = 11,10",je 800-g-Pckg.,Nein,2026-04-27 bis 2026-05-03,2026-04-27,2026-05-03,../images/rewe/neubrandenburg_offer_065.jpg,"cat_molkerei_kaese,sub_gefluegel,tag_whole_food",neubrandenburg,,,ref_000297,obs_0000030904|obs_0000031535|obs_0000031586|obs_0000000159|obs_0000028973|obs_0000027620|obs_0000031913|obs_0000030221|obs_0000026235|obs_0000029641|obs_0000030275|obs_0000000700|obs_0000005251|obs_0000001521,obs_0000030904|obs_0000031535|obs_0000031586|obs_0000029784,,
Pulpo-Arme,deutsche see,"€ 8,99",,"1 kg = 44,95","1 kg = 44,95","gekocht, mit Haut, je 200-g-Pckg.",Nein,2026-04-27 bis 2026-05-03,2026-04-27,2026-05-03,../images/rewe/neubrandenburg_offer_067.jpg,"cat_molkerei_kaese,diet_gluten_free,diet_lactose_free,diet_vegan,diet_vegetarian,tag_whole_food",neubrandenburg,,,ref_000298,obs_0000029570|obs_0000031546|obs_0000029662,obs_0000029570|obs_0000031546|obs_0000029662,x,
