Produkt,Marke,Preis,Vorheriger Preis,Preis_kg,Hinweis,Nur_online,Gueltig_raw,Gueltig_von,Gueltig_bis,Bildpfad,assigned_labels,source_market,Einheit,nutrition_link,reference_row_id,rough_match_observation_ids,exact_match_observation_ids
Rügenwalder Vegane Mühlen Cordon bleu,Keine Marke,"€ 2,49",,"1 kg = 12,45",je 2 x 100-g-Pckg.,Nein,2026-04-06 bis 2026-04-12,2026-04-06,2026-04-12,../images/rewe/bamberg_offer_001.jpg,"cat_fleisch_wurst,diet_lactose_free,diet_vegan,diet_vegetarian,sub_fleischersatz,tag_ultra_processed",bamberg,,,ref_000001,obs_0000030453|obs_0000031126|obs_0000029132|obs_0000032213|obs_0000018384|obs_0000030497|obs_0000032212|obs_0000029148|obs_0000031199|obs_0000011833|obs_0000001307|obs_0000034131|obs_0000003416|obs_0000029182|obs_0000002447,obs_0000030453|obs_0000031126|obs_0000029132|obs_0000018384|obs_0000032213
Saupiquet Thunfischfilets,Keine Marke,"€ 2,49",,"1 kg = 23,94","in Olivenöl, je 160 / 2 x 80-g-Dosen-Pckg., 104 g Abtropfgewicht",Nein,2026-04-06 bis 2026-04-12,2026-04-06,2026-04-12,../images/rewe/bamberg_offer_136.jpg,"cat_grundnahrung,diet_gluten_free,diet_lactose_free,tag_ultra_processed",bamberg,,,ref_000002,obs_0000026850|obs_0000001796|obs_0000001797|obs_0000026667|obs_0000017324|obs_0000012685|obs_0000015248|obs_0000025622|obs_0000001274,
Feinschmecker Suppe,Knorr,"€ 0,79",,"pro Einheit = 0,79","versch. Sorten, ausreichend für 500 ml, je 1-Btl.",Nein,2026-04-06 bis 2026-04-12,2026-04-06,2026-04-12,../images/rewe/bamberg_offer_137.jpg,"cat_grundnahrung,tag_ultra_processed",bamberg,,,ref_000003,obs_0000015000|obs_0000031022|obs_0000006482|obs_0000012659|obs_0000010698|obs_0000008457|obs_0000027099|obs_0000034626|obs_0000007182|obs_0000005744|obs_0000007371|obs_0000027223|obs_0000034285|obs_0000015871,obs_0000007182|obs_0000005744|obs_0000029302|obs_0000015000|obs_0000015002|obs_0000007371|obs_0000031022|obs_0000031025|obs_0000006482|obs_0000012659|obs_0000032117|obs_0000010698|obs_0000010700
Salat Krönung,Knorr,"€ 0,79",,"pro Einheit = 0,79","versch. Sorten, ausreichend für 5 x 90 ml, je 5er-Pckg.",Nein,2026-04-06 bis 2026-04-12,2026-04-06,2026-04-12,../images/rewe/bamberg_offer_138.jpg,"cat_grundnahrung,diet_gluten_free,diet_lactose_free,diet_vegan,diet_vegetarian,sub_frisches_gemuese,sub_salate,tag_ultra_processed",bamberg,,,ref_000004,obs_0000031024|obs_0000028472|obs_0000031718|obs_0000014311|obs_0000007178|obs_0000032419|obs_0000028995|obs_0000032110|obs_0000030689|obs_0000031318|obs_0000025985|obs_0000022968,obs_0000007178|obs_0000032419|obs_0000031024|obs_0000024881|obs_0000028472|obs_0000028995|obs_0000032110|obs_0000030689|obs_0000031718
Lukull Sauce Hollandaise,Keine Marke,"€ 1,79",,"1 l = 7,16",je 250-ml-Pckg.,Nein,2026-04-06 bis 2026-04-12,2026-04-06,2026-04-12,../images/rewe/bamberg_offer_139.jpg,"cat_grundnahrung,diet_gluten_free,diet_lactose_free,diet_vegan,diet_vegetarian,tag_whole_food",bamberg,,,ref_000005,obs_0000031029|obs_0000032237|obs_0000006127|obs_0000015434|obs_0000034898|obs_0000013386|obs_0000034889|obs_0000011915|obs_0000010474|obs_0000008982,obs_0000034898|obs_0000031029|obs_0000032237|obs_0000006127
Magic Asia Noodle Cup Chicken,Maggi,"€ 0,99",,"1 kg = 15,71",je 63-g-Becher,Nein,2026-04-06 bis 2026-04-12,2026-04-06,2026-04-12,../images/rewe/bamberg_offer_140.jpg,"cat_grundnahrung,diet_gluten_free,diet_lactose_free,sub_gefluegel,tag_proteinreich,tag_ultra_processed",bamberg,,,ref_000006,obs_0000031040|obs_0000017439|obs_0000018736|obs_0000030290|obs_0000032686|obs_0000032234|obs_0000029686|obs_0000008217|obs_0000026607,obs_0000030290|obs_0000031040|obs_0000032686|obs_0000032234|obs_0000029686
Fix Tomaten Bolognese,Knorr,"€ 0,49",,"1 kg = 10,65",je 46-g-Btl.,Nein,2026-04-06 bis 2026-04-12,2026-04-06,2026-04-12,../images/rewe/bamberg_offer_141.jpg,"cat_grundnahrung,diet_gluten_free,diet_lactose_free,diet_vegan,diet_vegetarian,sub_frisches_gemuese,tag_ultra_processed,tag_whole_food",bamberg,,,ref_000007,obs_0000027095|obs_0000026187|obs_0000012367|obs_0000015001|obs_0000016596|obs_0000009999|obs_0000006464|obs_0000009537|obs_0000017240|obs_0000013189|obs_0000010701|obs_0000021014|obs_0000009872|obs_0000026278|obs_0000009412|obs_0000020195|obs_0000034023|obs_0000026407|obs_0000026433|obs_0000019909|obs_0000025048|obs_0000018941|obs_0000010238,
Kidney Bohnen,Bonduelle,"€ 1,19",,"1 kg = 4,76","je 400-g-Dose, 250 g Abtropfgewicht",Nein,2026-04-06 bis 2026-04-12,2026-04-06,2026-04-12,../images/rewe/bamberg_offer_142.jpg,"cat_grundnahrung,diet_gluten_free,diet_lactose_free,diet_vegan,diet_vegetarian,sub_huelsenfruechte,tag_whole_food",bamberg,,BLS-H742100,ref_000008,obs_0000028278|obs_0000028471|obs_0000028216|obs_0000031037|obs_0000008897|obs_0000032313|obs_0000030020|obs_0000016102,obs_0000028471|obs_0000028216|obs_0000032313|obs_0000031037|obs_0000008897|obs_0000030020|obs_0000028278
Leinöl,REWE Bio,"€ 1,99",,"1 l = 7,96","nativ, je 250-ml-Fl.",Nein,2026-04-06 bis 2026-04-12,2026-04-06,2026-04-12,../images/rewe/bamberg_offer_143.jpg,"cat_grundnahrung,diet_gluten_free,diet_lactose_free,diet_vegan,diet_vegetarian,tag_whole_food",bamberg,,BLS-Q160000,ref_000009,obs_0000009244|obs_0000021168|obs_0000021841|obs_0000020349,
Naturreis,REWE Bio,"€ 2,09",,"pro Einheit = 2,09","Spitzen-Langkorn, je 1-kg-Btl.",Nein,2026-04-06 bis 2026-04-12,2026-04-06,2026-04-12,../images/rewe/bamberg_offer_145.jpg,"cat_grundnahrung,diet_gluten_free,diet_lactose_free,diet_vegan,diet_vegetarian,sub_milchprodukte,sub_reis,tag_whole_food",bamberg,,,ref_000010,obs_0000027568,
Rote Bete,REWE Bio,"€ 0,89",,"1 kg = 4,05","in Scheiben, je 330-g-Glas, 220 g Abtropfgewicht",Nein,2026-04-06 bis 2026-04-12,2026-04-06,2026-04-12,../images/rewe/bamberg_offer_146.jpg,"cat_grundnahrung,diet_gluten_free,diet_lactose_free,diet_vegan,diet_vegetarian,sub_frisches_gemuese,tag_whole_food",bamberg,,,ref_000011,obs_0000001276|obs_0000022850|obs_0000027790|obs_0000027407|obs_0000010561|obs_0000015720|obs_0000010671|obs_0000030205|obs_0000023016,obs_0000001276
3 Glocken Genuss Pur,Keine Marke,"€ 0,99",,"1 kg = 1,98","versch. Ausformungen, je 500-g-Btl.",Nein,2026-04-06 bis 2026-04-12,2026-04-06,2026-04-12,../images/rewe/bamberg_offer_135.jpg,"cat_grundnahrung,diet_gluten_free,diet_lactose_free,diet_vegan,diet_vegetarian,sub_nudeln,tag_ultra_processed,tag_whole_food",bamberg,,,ref_000012,obs_0000032668|obs_0000006821|obs_0000029041|obs_0000030334|obs_0000022172|obs_0000018272|obs_0000017512|obs_0000025841|obs_0000023260,obs_0000022172|obs_0000018272|obs_0000017512|obs_0000025841
Rote Linsen,REWE Bio,"€ 1,49",,"1 kg = 2,98",je 500-g-Pckg.,Nein,2026-04-06 bis 2026-04-12,2026-04-06,2026-04-12,../images/rewe/bamberg_offer_147.jpg,"cat_grundnahrung,diet_gluten_free,diet_lactose_free,diet_vegan,diet_vegetarian,sub_frisches_gemuese,sub_huelsenfruechte,tag_whole_food",bamberg,,,ref_000013,obs_0000031592|obs_0000008900|obs_0000011529,obs_0000031592
Schokolade Nussklasse,Ritter Sport,"€ 1,69",,"1 kg = 16,90","versch. Sorten, je 100-g-Tafel",Nein,2026-04-06 bis 2026-04-12,2026-04-06,2026-04-12,../images/rewe/bamberg_offer_149.jpg,"cat_knabbern_naschen,diet_vegetarian,tag_ultra_processed",bamberg,,,ref_000014,obs_0000031849|obs_0000002336|obs_0000016691|obs_0000017857|obs_0000011765|obs_0000011783|obs_0000015893|obs_0000027700|obs_0000013879|obs_0000031301|obs_0000028232|obs_0000030285|obs_0000013394|obs_0000028244|obs_0000028249|obs_0000000091|obs_0000015454|obs_0000004705|obs_0000034408|obs_0000034411|obs_0000017539|obs_0000025221|obs_0000000138|obs_0000025739|obs_0000008861|obs_0000015026|obs_0000004278|obs_0000017595|obs_0000021699|obs_0000017605|obs_0000034013|obs_0000000230|obs_0000018155|obs_0000003326|obs_0000004873|obs_0000018698|obs_0000003851|obs_0000014104|obs_0000010522|obs_0000033056|obs_0000031011|obs_0000021291|obs_0000004446|obs_0000011112|obs_0000008595|obs_0000008610|obs_0000004019|obs_0000006579|obs_0000010166|obs_0000009149,obs_0000031301|obs_0000030285
Naturals,Lorenz,"€ 1,49",,"1 kg = 15,68","Rosmarin, je 95-g-Btl.",Nein,2026-04-06 bis 2026-04-12,2026-04-06,2026-04-12,../images/rewe/bamberg_offer_150.jpg,"cat_knabbern_naschen,diet_gluten_free,diet_vegan,diet_vegetarian,tag_ultra_processed",bamberg,,BLS-F110100,ref_000015,obs_0000033679|obs_0000034402|obs_0000030024|obs_0000032245,obs_0000030024|obs_0000032245
Chio Tortillas,Keine Marke,"€ 1,11",,"1 kg = 10,09","Nacho Cheese Style, je 110-g-Btl.",Nein,2026-04-06 bis 2026-04-12,2026-04-06,2026-04-12,../images/rewe/bamberg_offer_151.jpg,"cat_knabbern_naschen,diet_gluten_free,diet_lactose_free,diet_vegan,diet_vegetarian,sub_frisches_obst,tag_ultra_processed,tag_whole_food",bamberg,,,ref_000016,obs_0000030985|obs_0000032011|obs_0000006577|obs_0000016645|obs_0000019768,obs_0000016645|obs_0000030985|obs_0000032011|obs_0000006577|obs_0000019768
Tender,Milka,"€ 1,99",,"1 kg = 10,76","Milch, je 5 x 37-g-Pckg.",Nein,2026-04-06 bis 2026-04-12,2026-04-06,2026-04-12,../images/rewe/bamberg_offer_152.jpg,"cat_knabbern_naschen,tag_ultra_processed",bamberg,,,ref_000017,obs_0000015430|obs_0000004759|obs_0000004332|obs_0000000268|obs_0000028434|obs_0000003905|obs_0000003394|obs_0000010183|obs_0000010696|obs_0000032297|obs_0000032123,obs_0000032297|obs_0000015430|obs_0000004759|obs_0000004332|obs_0000000268|obs_0000028434|obs_0000003905|obs_0000003394|obs_0000032123|obs_0000010183|obs_0000010696
Alpia Alpen-Vollmilch Schokolade,Keine Marke,"€ 0,99",,"1 kg = 9,90",je 100-g-Tafel,Nein,2026-04-06 bis 2026-04-12,2026-04-06,2026-04-12,../images/rewe/bamberg_offer_153.jpg,"cat_knabbern_naschen,diet_lactose_free,diet_vegetarian,tag_ultra_processed,tag_whole_food",bamberg,,,ref_000018,obs_0000029692|obs_0000010067|obs_0000011783|obs_0000015893|obs_0000001050|obs_0000027700|obs_0000013879|obs_0000028232|obs_0000013394|obs_0000020472|obs_0000028244|obs_0000028249|obs_0000000091|obs_0000015454|obs_0000004705|obs_0000034408|obs_0000031849|obs_0000034411|obs_0000017539|obs_0000025221|obs_0000000138|obs_0000025739|obs_0000008861|obs_0000031903|obs_0000015026|obs_0000004278|obs_0000017595|obs_0000021699|obs_0000017605|obs_0000034013|obs_0000000230|obs_0000018155|obs_0000003326|obs_0000004873|obs_0000018698|obs_0000003851|obs_0000010522|obs_0000014104|obs_0000002336|obs_0000033056|obs_0000031011|obs_0000021291|obs_0000016691|obs_0000004446|obs_0000011112|obs_0000008595|obs_0000008610|obs_0000004019|obs_0000006579|obs_0000010166,obs_0000029692
Seeberger Cashewkerne,Keine Marke,"€ 3,79",,"1 kg = 18,95",je 200-g-Btl.,Nein,2026-04-06 bis 2026-04-12,2026-04-06,2026-04-12,../images/rewe/bamberg_offer_154.jpg,"cat_knabbern_naschen,diet_gluten_free,diet_lactose_free,diet_vegan,diet_vegetarian,tag_whole_food",bamberg,,,ref_000019,obs_0000024203|obs_0000000269|obs_0000004760|obs_0000019120|obs_0000003123|obs_0000001471|obs_0000003906|obs_0000008514|obs_0000010715|obs_0000019047|obs_0000023783|obs_0000014187|obs_0000004333|obs_0000008174,obs_0000008174
Laugencracker,Lorenz,"€ 1,49",,"1 kg = 9,93",je 150-g-Pckg.,Nein,2026-04-06 bis 2026-04-12,2026-04-06,2026-04-12,../images/rewe/bamberg_offer_155.jpg,"cat_knabbern_naschen,tag_ultra_processed",bamberg,,,ref_000020,,
Seeberger Cashew-Cranberry-Mix,Keine Marke,"€ 3,79",,"1 kg = 25,27",je 150-g-Btl.,Nein,2026-04-06 bis 2026-04-12,2026-04-06,2026-04-12,../images/rewe/bamberg_offer_156.jpg,"cat_knabbern_naschen,diet_gluten_free,diet_lactose_free,diet_vegan,diet_vegetarian,tag_whole_food",bamberg,,,ref_000021,obs_0000001231|obs_0000001936|obs_0000001477|obs_0000024700,
Chio Ready Made Popcorn,Keine Marke,"€ 1,11",,"1 kg = 9,25","süß, je 120-g-Btl.",Nein,2026-04-06 bis 2026-04-12,2026-04-06,2026-04-12,../images/rewe/bamberg_offer_157.jpg,"cat_knabbern_naschen,diet_gluten_free,diet_lactose_free,diet_vegan,diet_vegetarian,tag_ultra_processed,tag_whole_food",bamberg,,,ref_000022,obs_0000032010|obs_0000030992|obs_0000013828|obs_0000014596|obs_0000025994|obs_0000014356|obs_0000015891|obs_0000013084|obs_0000012196|obs_0000008412|obs_0000022882|obs_0000027246|obs_0000015477,obs_0000032010|obs_0000030992
Fanta Sprite oder Mezzo Mix,Coca-Cola,"€ 11,99",,"1 l = 1,00","versch. Sorten, teilw. koffeinhaltig, je 12 x 1-l-Fl.-Kasten, zzgl. 3,30 € Pfand",Nein,2026-04-06 bis 2026-04-12,2026-04-06,2026-04-12,../images/rewe/bamberg_offer_158.jpg,"cat_getraenke,diet_gluten_free,diet_lactose_free,diet_vegan,diet_vegetarian,tag_ultra_processed",bamberg,,,ref_000023,obs_0000031043|obs_0000028043|obs_0000034906|obs_0000031294|obs_0000023307|obs_0000022976|obs_0000032258|obs_0000032019|obs_0000029984|obs_0000029010|obs_0000032704|obs_0000030679|obs_0000015905|obs_0000011120|obs_0000007251|obs_0000007451|obs_0000005442|obs_0000006553|obs_0000000515|obs_0000025798|obs_0000013322|obs_0000015049|obs_0000024700,obs_0000032258|obs_0000032019|obs_0000029984|obs_0000031043|obs_0000029010|obs_0000028043|obs_0000032704|obs_0000030679
Grüne Oliven,REWE Bio,"€ 2,69",,"1 kg = 14,94","ohne Stein, je 350-g-Glas, 180 g Abtropfgewicht",Nein,2026-04-06 bis 2026-04-12,2026-04-06,2026-04-12,../images/rewe/bamberg_offer_148.jpg,"cat_grundnahrung,diet_gluten_free,diet_lactose_free,diet_vegan,diet_vegetarian,tag_whole_food",bamberg,,,ref_000024,obs_0000012839|obs_0000005200|obs_0000008283|obs_0000025210|obs_0000011917|obs_0000025238|obs_0000010941|obs_0000014034|obs_0000013234|obs_0000008194|obs_0000028687|obs_0000026683|obs_0000022160|obs_0000034552|obs_0000021256|obs_0000025865|obs_0000018215|obs_0000022380|obs_0000009082|obs_0000028567|obs_0000020437|obs_0000008681|obs_0000000624|obs_0000023169,obs_0000012839|obs_0000005200|obs_0000008283|obs_0000025210|obs_0000011917|obs_0000025238|obs_0000010941|obs_0000014034|obs_0000013234
Goldmais,Bonduelle,"€ 1,19",,"1 kg = 4,18","je 300-g-Dose, 285 g Abtropfgewicht",Nein,2026-04-06 bis 2026-04-12,2026-04-06,2026-04-12,../images/rewe/bamberg_offer_134.jpg,"cat_grundnahrung,diet_gluten_free,diet_lactose_free,diet_vegan,diet_vegetarian,tag_ultra_processed",bamberg,,,ref_000025,obs_0000028389|obs_0000034194|obs_0000032291|obs_0000030009|obs_0000007948|obs_0000006648|obs_0000007006|obs_0000005750,obs_0000032291|obs_0000028389|obs_0000034194|obs_0000030009
Natives Olivenöl Extra Classico,De Cecco,"€ 5,99",,"1 l = 11,98",je 500-ml-Fl.,Nein,2026-04-06 bis 2026-04-12,2026-04-06,2026-04-12,../images/rewe/bamberg_offer_133.jpg,"cat_grundnahrung,diet_gluten_free,diet_lactose_free,diet_vegan,diet_vegetarian",bamberg,,,ref_000026,obs_0000008793|obs_0000000536|obs_0000025631|obs_0000012351|obs_0000000095|obs_0000014985|obs_0000021137|obs_0000020167|obs_0000028880|obs_0000022319|obs_0000011075|obs_0000020318|obs_0000021940|obs_0000025043|obs_0000014304|obs_0000013794|obs_0000015852|obs_0000020986|obs_0000032669|obs_0000018950|obs_0000018480|obs_0000005177|obs_0000001216|obs_0000028869|obs_0000003325|obs_0000028952|obs_0000018248|obs_0000033698|obs_0000002495|obs_0000007186|obs_0000005365|obs_0000002069|obs_0000014367|obs_0000011361|obs_0000015501|obs_0000012446|obs_0000009909|obs_0000014020|obs_0000009444|obs_0000015088|obs_0000002836|obs_0000011544|obs_0000013624|obs_0000019269|obs_0000011593|obs_0000013180|obs_0000012176|obs_0000001438,obs_0000008793|obs_0000032669
Ben s Original Express-Reis,Keine Marke,"€ 1,49",,"1 kg = 5,96","versch. Sorten, je 250-g-Btl.",Nein,2026-04-06 bis 2026-04-12,2026-04-06,2026-04-12,../images/rewe/bamberg_offer_132.jpg,"cat_grundnahrung,diet_gluten_free,diet_lactose_free,diet_vegan,diet_vegetarian,sub_reis,tag_ultra_processed,tag_whole_food",bamberg,,,ref_000027,obs_0000029675|obs_0000005368|obs_0000032106|obs_0000005927|obs_0000019005|obs_0000002754|obs_0000023286|obs_0000021252|obs_0000009076|obs_0000031848|obs_0000021686|obs_0000030013|obs_0000024057|obs_0000011930|obs_0000024475|obs_0000020433|obs_0000028730|obs_0000020611|obs_0000012423|obs_0000006283|obs_0000026772|obs_0000026832|obs_0000028896|obs_0000035052|obs_0000027005|obs_0000027048|obs_0000021000|obs_0000008777|obs_0000021117|obs_0000008906|obs_0000015051|obs_0000019357|obs_0000021430|obs_0000025547|obs_0000033763|obs_0000017384|obs_0000013325|obs_0000019505|obs_0000031800|obs_0000025705|obs_0000009334|obs_0000015502|obs_0000027791|obs_0000033975|obs_0000021758|obs_0000009525|obs_0000021868|obs_0000017799|obs_0000026035|obs_0000022184,obs_0000019005|obs_0000002754|obs_0000023286|obs_0000021252|obs_0000009076|obs_0000029675|obs_0000031848|obs_0000021686|obs_0000005368|obs_0000032106|obs_0000020433
Gemüsepfanne alla Toscana,Frosta,"€ 2,22",,"1 kg = 4,63","tiefgefroren, je 480-g-Btl.",Nein,2026-04-06 bis 2026-04-12,2026-04-06,2026-04-12,../images/rewe/bamberg_offer_109.jpg,"cat_tiefkuehl,diet_vegan,diet_vegetarian,sub_nudeln,sub_tk_fertiggerichte,sub_tk_gemuese,tag_ultra_processed",bamberg,,,ref_000028,obs_0000034986|obs_0000029093|obs_0000028919|obs_0000010366,obs_0000029093|obs_0000034986
Magnum Mini Mix Classic Almond White Chocolate,Keine Marke,"€ 2,99",,"1 l = 9,06",je 330-ml-Pckg.,Nein,2026-04-06 bis 2026-04-12,2026-04-06,2026-04-12,../images/rewe/bamberg_offer_110.jpg,"cat_tiefkuehl,diet_gluten_free,diet_lactose_free,diet_vegan,diet_vegetarian,sub_tk_eis,tag_ultra_processed,tag_whole_food",bamberg,,,ref_000029,obs_0000030846|obs_0000029342|obs_0000031991|obs_0000031169|obs_0000024683|obs_0000024079|obs_0000021619|obs_0000011964|obs_0000011489|obs_0000020800|obs_0000010096|obs_0000015273|obs_0000024496|obs_0000022474,obs_0000030846
Knusper Wellen,Iglo,"€ 1,99",,"1 kg = 3,32","tiefgefroren, je 600-g-Pckg.",Nein,2026-04-06 bis 2026-04-12,2026-04-06,2026-04-12,../images/rewe/bamberg_offer_111.jpg,"cat_tiefkuehl,diet_vegetarian,sub_tk_fertiggerichte,tag_ultra_processed",bamberg,,,ref_000030,,
Gustavo Gusto Pizza Salame,Keine Marke,"€ 3,69",,"1 kg = 8,02","tiefgefroren, je 460-g-Pckg.",Nein,2026-04-06 bis 2026-04-12,2026-04-06,2026-04-12,../images/rewe/bamberg_offer_112.jpg,"cat_tiefkuehl,diet_lactose_free,diet_vegetarian,sub_tk_pizza,tag_ultra_processed",bamberg,,,ref_000031,obs_0000030325|obs_0000031510|obs_0000029161|obs_0000030508|obs_0000007794|obs_0000013341|obs_0000023186|obs_0000025810|obs_0000005867|obs_0000010530,obs_0000030325
Magnum La Pistache,Keine Marke,"€ 2,99",,"1 l = 11,07",je 270-ml-Pckg.,Nein,2026-04-06 bis 2026-04-12,2026-04-06,2026-04-12,../images/rewe/bamberg_offer_113.jpg,"cat_tiefkuehl,diet_gluten_free,diet_lactose_free,diet_vegan,diet_vegetarian,sub_tk_eis,tag_ultra_processed,tag_whole_food",bamberg,,,ref_000032,obs_0000024079|obs_0000015273|obs_0000024496|obs_0000020800|obs_0000022474|obs_0000011489|obs_0000010096|obs_0000021619,
Pizza Tradizionale Salame Romano,Dr Oetker,"€ 2,22",,"1 kg = 5,77","tiefgefroren, je 385-g-Pckg.",Nein,2026-04-06 bis 2026-04-12,2026-04-06,2026-04-12,../images/rewe/bamberg_offer_114.jpg,"cat_tiefkuehl,sub_tk_pizza,sub_wurst,tag_ultra_processed",bamberg,,,ref_000033,obs_0000031171|obs_0000033888|obs_0000025445|obs_0000029337|obs_0000030326|obs_0000010530|obs_0000023186|obs_0000013341|obs_0000025810|obs_0000005867,obs_0000031171|obs_0000029337|obs_0000033888|obs_0000030326
Pfannengericht Kleine Mahlzeit,Frosta,"€ 2,22",,"1 kg = 5,92","Thai Style Hähnchen, tiefgefroren, je 375-g-Btl.",Nein,2026-04-06 bis 2026-04-12,2026-04-06,2026-04-12,../images/rewe/bamberg_offer_115.jpg,"cat_tiefkuehl,sub_tk_fertiggerichte,tag_ultra_processed",bamberg,,,ref_000034,,
Anzünder,ja,"€ 1,79",,"pro Einheit = 1,79","Anzündwürfel 64er-Pack aus Naturholz und Wachs 1.79 Anzündwürfel Kerosin 64er-Pack 1.79 Flüssiganzünder ca. 1 l 2.79, je 1-Pckg.",Nein,2026-04-06 bis 2026-04-12,2026-04-06,2026-04-12,../images/rewe/bamberg_offer_116.jpg,"cat_non_food,tag_ultra_processed",bamberg,,,ref_000035,,
Auslese oder Meisterröstung,Jacobs,"€ 6,49",,"1 kg = 12,98","versch. Sorten, gemahlener Bohnenkaffee, je 500-g-Pckg.",Nein,2026-04-06 bis 2026-04-12,2026-04-06,2026-04-12,../images/rewe/bamberg_offer_117.jpg,"cat_grundnahrung,diet_gluten_free,diet_lactose_free,diet_vegan,diet_vegetarian,tag_ultra_processed",bamberg,,,ref_000036,obs_0000031174|obs_0000030139|obs_0000034106|obs_0000035115,obs_0000030139|obs_0000031174
Barista Editions,Jacobs,"€ 14,99",,"pro Einheit = 14,99","ganze Bohnen, versch. Sorten, je 1000-g-Pckg.",Nein,2026-04-06 bis 2026-04-12,2026-04-06,2026-04-12,../images/rewe/bamberg_offer_118.jpg,"cat_grundnahrung,diet_gluten_free,diet_lactose_free,diet_vegan,diet_vegetarian,tag_ultra_processed",bamberg,,,ref_000037,obs_0000029714|obs_0000006463,obs_0000029714
Corny Müsliriegel Schoko,Keine Marke,"€ 1,79",,"1 kg = 11,93",je 6 x 25-g-Riegel-Pckg.,Nein,2026-04-06 bis 2026-04-12,2026-04-06,2026-04-12,../images/rewe/bamberg_offer_119.jpg,"cat_grundnahrung,diet_vegetarian,tag_ultra_processed,tag_whole_food",bamberg,,,ref_000038,obs_0000029035|obs_0000031176|obs_0000030692|obs_0000026939|obs_0000005187|obs_0000028764|obs_0000016990|obs_0000017003|obs_0000007378|obs_0000007022|obs_0000034817|obs_0000034410,obs_0000029035|obs_0000031176|obs_0000030692
Auslese Kaffeepads,Melitta,"€ 1,99",,"1 kg = 17,77",je 112-g-Btl.,Nein,2026-04-06 bis 2026-04-12,2026-04-06,2026-04-12,../images/rewe/bamberg_offer_120.jpg,"cat_grundnahrung,diet_gluten_free,diet_lactose_free,diet_vegan,diet_vegetarian",bamberg,,,ref_000039,obs_0000014215|obs_0000035115|obs_0000034106|obs_0000009253|obs_0000000609|obs_0000033393|obs_0000001776|obs_0000009724,obs_0000029713|obs_0000030782|obs_0000032103|obs_0000032646|obs_0000014215
Konfitüre,Landliebe,"€ 1,69",,"1 kg = 8,45","versch. Sorten, je 200-g-Glas",Nein,2026-04-06 bis 2026-04-12,2026-04-06,2026-04-12,../images/rewe/bamberg_offer_121.jpg,"cat_grundnahrung,diet_vegetarian,sub_milchprodukte,sub_sahne_creme,tag_ultra_processed",bamberg,,BLS-S132000,ref_000040,obs_0000026193|obs_0000008202|obs_0000000136|obs_0000016124|obs_0000013749|obs_0000014805|obs_0000010128|obs_0000012211|obs_0000029697|obs_0000034825|obs_0000027734|obs_0000015009|obs_0000025804|obs_0000026852|obs_0000026854|obs_0000028974|obs_0000014194|obs_0000012688|obs_0000034208|obs_0000010707|obs_0000026082|obs_0000033806|obs_0000009772|obs_0000028231|obs_0000005754|obs_0000019590|obs_0000006313|obs_0000006832|obs_0000028955|obs_0000034610|obs_0000008019|obs_0000011094|obs_0000029031|obs_0000028522|obs_0000032650|obs_0000005567|obs_0000028637|obs_0000030695|obs_0000030345|obs_0000032400|obs_0000029360|obs_0000031949|obs_0000000792|obs_0000007582|obs_0000006652|obs_0000007191|obs_0000031016|obs_0000032104|obs_0000032105|obs_0000031180,obs_0000029697|obs_0000008202|obs_0000026193|obs_0000000136|obs_0000016124|obs_0000013749|obs_0000014805
Muffin,Keine Marke,"€ 1,39",,"pro Einheit = 1,39","versch. Sorten, je 1-St.",Nein,2026-04-06 bis 2026-04-12,2026-04-06,2026-04-12,../images/rewe/bamberg_offer_122.jpg,"cat_grundnahrung,diet_gluten_free,diet_lactose_free,diet_vegan,diet_vegetarian,sub_exoten,sub_frisches_gemuese,sub_frisches_obst,tag_ultra_processed,tag_whole_food",bamberg,,,ref_000041,obs_0000029721|obs_0000011522|obs_0000016611|obs_0000031746|obs_0000017241|obs_0000001557|obs_0000008917|obs_0000031646|obs_0000030553,obs_0000029721
Italienische Bio Wraps,Mestemacher,"€ 1,99",,"1 kg = 6,63","versch. Sorten, je 300-g-Pckg.",Nein,2026-04-06 bis 2026-04-12,2026-04-06,2026-04-12,../images/rewe/bamberg_offer_123.jpg,"cat_grundnahrung,diet_vegan,diet_vegetarian,sub_tk_gemuese",bamberg,,,ref_000042,obs_0000031326,obs_0000031326
Bella Crema Kaffeepads,Melitta,"€ 1,99",,"1 kg = 18,60",je 107-g-Btl.,Nein,2026-04-06 bis 2026-04-12,2026-04-06,2026-04-12,../images/rewe/bamberg_offer_124.jpg,"cat_grundnahrung,diet_gluten_free,diet_lactose_free,diet_vegan,diet_vegetarian",bamberg,,,ref_000043,obs_0000006300|obs_0000025809|obs_0000000201|obs_0000013565|obs_0000011106|obs_0000003527|obs_0000031760|obs_0000032405|obs_0000006811|obs_0000029365|obs_0000031996|obs_0000005919|obs_0000005555|obs_0000030659|obs_0000008143|obs_0000009253|obs_0000000609|obs_0000033393|obs_0000008359|obs_0000001776|obs_0000009724,obs_0000007962
Leicht Cross Knusperbrot,Keine Marke,"€ 0,99",,"1 kg = 7,92","versch. Sorten, je 125-g-Pckg.",Nein,2026-04-06 bis 2026-04-12,2026-04-06,2026-04-12,../images/rewe/bamberg_offer_125.jpg,"cat_grundnahrung,diet_gluten_free,diet_lactose_free,diet_vegan,diet_vegetarian,tag_ultra_processed,tag_whole_food",bamberg,,,ref_000044,obs_0000030338|obs_0000029359|obs_0000031337|obs_0000006658|obs_0000013744|obs_0000028344|obs_0000012365|obs_0000028629|obs_0000028515|obs_0000015867,obs_0000030338|obs_0000006658|obs_0000029359|obs_0000013744|obs_0000028344|obs_0000012365|obs_0000031337|obs_0000015867
Corny Müsliriegel Milch Classic,Keine Marke,"€ 1,79",,"1 kg = 14,92",je 4 x 30-g-Riegel-Pckg.,Nein,2026-04-06 bis 2026-04-12,2026-04-06,2026-04-12,../images/rewe/bamberg_offer_126.jpg,"cat_grundnahrung,diet_gluten_free,diet_lactose_free,diet_vegan,diet_vegetarian,sub_milchprodukte,tag_ultra_processed,tag_whole_food",bamberg,,,ref_000045,obs_0000028802|obs_0000031015|obs_0000029026|obs_0000030708|obs_0000028764|obs_0000016990|obs_0000017003|obs_0000007022|obs_0000005187|obs_0000007378|obs_0000034817|obs_0000028751|obs_0000020596|obs_0000026884|obs_0000024877|obs_0000035101|obs_0000015018|obs_0000000796|obs_0000021415|obs_0000031658|obs_0000025668|obs_0000011543|obs_0000003614|obs_0000026178|obs_0000001628|obs_0000034410|obs_0000001643|obs_0000034649,obs_0000028802|obs_0000031015|obs_0000029026|obs_0000030708
Pumpernickel,REWE Bio,"€ 0,89",,"1 kg = 3,56",je 250-g-Pckg.,Nein,2026-04-06 bis 2026-04-12,2026-04-06,2026-04-12,../images/rewe/bamberg_offer_127.jpg,"cat_grundnahrung,diet_gluten_free,diet_lactose_free,diet_vegan,diet_vegetarian,tag_whole_food",bamberg,,BLS-B780500,ref_000046,obs_0000029619|obs_0000030939|obs_0000032408,obs_0000030939
Haferriegel Schoko,REWE Bio,"€ 1,59",,"1 kg = 15,14",je 3 x 35-g-Riegel-Pckg.,Nein,2026-04-06 bis 2026-04-12,2026-04-06,2026-04-12,../images/rewe/bamberg_offer_128.jpg,"cat_grundnahrung,diet_lactose_free,diet_vegan,diet_vegetarian,tag_ultra_processed,tag_whole_food",bamberg,,,ref_000047,obs_0000029353,obs_0000029353
5 Minuten Terrine Nudeln in Rahmsauce,Maggi,"€ 0,99",,"1 kg = 16,23",je 61-g-Becher,Nein,2026-04-06 bis 2026-04-12,2026-04-06,2026-04-12,../images/rewe/bamberg_offer_129.jpg,"cat_grundnahrung,diet_lactose_free,diet_vegan,diet_vegetarian,tag_ultra_processed",bamberg,,,ref_000048,obs_0000031019|obs_0000030336|obs_0000032112|obs_0000032663|obs_0000029673|obs_0000032235|obs_0000022281|obs_0000018283|obs_0000019422|obs_0000027128|obs_0000008784|obs_0000015006|obs_0000008075|obs_0000013802,obs_0000030336|obs_0000031019|obs_0000032112|obs_0000032663|obs_0000029673|obs_0000032235
Fix Nudel-Schinken Gratin,Knorr,"€ 0,49",,"1 kg = 15,31",je 32-g-Btl.,Nein,2026-04-06 bis 2026-04-12,2026-04-06,2026-04-12,../images/rewe/bamberg_offer_130.jpg,"cat_grundnahrung,sub_schwein,sub_wurst,tag_ultra_processed",bamberg,,,ref_000049,obs_0000029684|obs_0000026187|obs_0000012367|obs_0000015001|obs_0000016596|obs_0000009999|obs_0000006464|obs_0000009537|obs_0000017240|obs_0000013189|obs_0000010701|obs_0000021014|obs_0000020195|obs_0000028387|obs_0000016624|obs_0000017657|obs_0000026433|obs_0000034378|obs_0000025048|obs_0000018941|obs_0000010238,obs_0000029684
Eintopf,Erasco,"€ 1,99",,"1 kg = 2,49","versch. Sorten, je 800-g-Dose",Nein,2026-04-06 bis 2026-04-12,2026-04-06,2026-04-12,../images/rewe/bamberg_offer_131.jpg,"cat_grundnahrung,diet_vegetarian",bamberg,,BLS-H861100,ref_000050,obs_0000008449|obs_0000034827|obs_0000013608|obs_0000001972|obs_0000028413|obs_0000014982|obs_0000009646|obs_0000027989|obs_0000008055|obs_0000000614|obs_0000034197|obs_0000033814|obs_0000032417|obs_0000031018|obs_0000005169|obs_0000031329|obs_0000006123|obs_0000030714|obs_0000007571|obs_0000007000|obs_0000034687|obs_0000005196|obs_0000007029,obs_0000008449|obs_0000014982|obs_0000034827|obs_0000032417|obs_0000013608|obs_0000031018|obs_0000009646|obs_0000005169|obs_0000001972|obs_0000027989|obs_0000031329|obs_0000006123|obs_0000008055|obs_0000030714|obs_0000028413
Volvic Mineralwasser,Keine Marke,"€ 3,99",,"1 l = 0,44","Naturelle, je 6 x 1,5-l-Fl.-Pckg., zzgl. 1,50 € Pfand",Nein,2026-04-06 bis 2026-04-12,2026-04-06,2026-04-12,../images/rewe/bamberg_offer_159.jpg,"cat_getraenke,diet_gluten_free,diet_lactose_free,diet_vegan,diet_vegetarian,tag_whole_food",bamberg,,BLS-N120000,ref_000051,obs_0000032706|obs_0000005270|obs_0000007093|obs_0000027653|obs_0000034851|obs_0000015908|obs_0000031797|obs_0000026205|obs_0000008801|obs_0000003689|obs_0000015481|obs_0000031867|obs_0000012414|obs_0000031871|obs_0000028800|obs_0000034437|obs_0000008841|obs_0000009353|obs_0000028841|obs_0000027836|obs_0000011969|obs_0000021185|obs_0000027856|obs_0000008437|obs_0000034043|obs_0000034044|obs_0000009985|obs_0000028931|obs_0000035059|obs_0000010519|obs_0000031006|obs_0000014625|obs_0000028968|obs_0000001349|obs_0000026948|obs_0000028493|obs_0000008537|obs_0000011123|obs_0000028537|obs_0000028027|obs_0000020366|obs_0000028603|obs_0000034235|obs_0000034238|obs_0000026570|obs_0000013773|obs_0000025562|obs_0000028654|obs_0000014332,obs_0000031871|obs_0000028931|obs_0000010519|obs_0000032706
Die Ofenfrische Vier Käse,Dr Oetker,"€ 2,22",,"1 kg = 5,41","tiefgefroren, je 410-g-Pckg.",Nein,2026-04-06 bis 2026-04-12,2026-04-06,2026-04-12,../images/rewe/bamberg_offer_108.jpg,"cat_tiefkuehl,sub_kaese,sub_milchprodukte,sub_tk_pizza,tag_ultra_processed",bamberg,,,ref_000052,obs_0000031168|obs_0000029346|obs_0000030510|obs_0000006457|obs_0000010631|obs_0000008883,obs_0000031168|obs_0000029346|obs_0000030510
Pepsi,Keine Marke,"€ 0,88",,"1 l = 0,70","versch. Sorten, koffeinhaltig, je 1,25-l-Fl., zzgl. 0,25 € Pfand",Nein,2026-04-06 bis 2026-04-12,2026-04-06,2026-04-12,../images/rewe/bamberg_offer_160.jpg,"cat_getraenke,diet_gluten_free,diet_lactose_free,diet_vegan,diet_vegetarian,sub_exoten,sub_frisches_obst,tag_ultra_processed,tag_whole_food",bamberg,,,ref_000053,obs_0000028178|obs_0000032020|obs_0000029724|obs_0000032298|obs_0000022509|obs_0000024974|obs_0000008080|obs_0000019876|obs_0000018984|obs_0000020523|obs_0000008515|obs_0000030298|obs_0000030682|obs_0000021342|obs_0000010471|obs_0000027376|obs_0000032126|obs_0000003505|obs_0000007991|obs_0000006725|obs_0000006215|obs_0000007091,obs_0000028178|obs_0000032020|obs_0000029724|obs_0000032298|obs_0000022509
Ice Tea,Lipton,"€ 1,29",,"1 l = 1,03","versch. Sorten, je 1,25-l-Fl., zzgl. 0,25 € Pfand",Nein,2026-04-06 bis 2026-04-12,2026-04-06,2026-04-12,../images/rewe/bamberg_offer_162.jpg,"cat_getraenke,tag_ultra_processed",bamberg,,,ref_000054,obs_0000020995|obs_0000020024|obs_0000019013|obs_0000016458|obs_0000031818|obs_0000020176|obs_0000013051|obs_0000025367|obs_0000013713|obs_0000006551|obs_0000031815|obs_0000009902|obs_0000009437|obs_0000027466|obs_0000011369|obs_0000016097|obs_0000015245|obs_0000029978|obs_0000030683|obs_0000026737|obs_0000017671|obs_0000018798|obs_0000006018|obs_0000005643|obs_0000007470|obs_0000032067,obs_0000020995|obs_0000022051|obs_0000020024|obs_0000019013|obs_0000031815|obs_0000016458|obs_0000031818|obs_0000021610|obs_0000020176|obs_0000013051|obs_0000025367|obs_0000029978|obs_0000020791|obs_0000013713|obs_0000006551|obs_0000030683
Toilettenpapier,Hakle,"€ 2,99",,"pro Einheit = 2,99","versch. Sorten, 4-lagig, je 8 x 130-Blatt-Pckg.",Nein,2026-04-06 bis 2026-04-12,2026-04-06,2026-04-12,../images/rewe/bamberg_offer_190.jpg,cat_drogerie,bamberg,,,ref_000055,obs_0000033855|obs_0000013454|obs_0000027323|obs_0000014665|obs_0000011770|obs_0000000527|obs_0000003599|obs_0000001568|obs_0000010282|obs_0000002116|obs_0000026693|obs_0000024163|obs_0000013932|obs_0000004745|obs_0000023741|obs_0000034994|obs_0000028373|obs_0000025816|obs_0000028891|obs_0000026332|obs_0000004318|obs_0000033514|obs_0000000748|obs_0000033004|obs_0000000261|obs_0000008992|obs_0000000809|obs_0000003891|obs_0000001341|obs_0000033636|obs_0000033135|obs_0000028024|obs_0000006587|obs_0000015949|obs_0000013633|obs_0000034260|obs_0000005667|obs_0000029750|obs_0000012878|obs_0000015950|obs_0000008297|obs_0000006764|obs_0000007297|obs_0000031364|obs_0000009866|obs_0000028827|obs_0000002720|obs_0000005291|obs_0000033456|obs_0000009406,obs_0000000527|obs_0000003599|obs_0000001568|obs_0000010282|obs_0000033855|obs_0000002116|obs_0000026693|obs_0000024163|obs_0000013932|obs_0000007297|obs_0000004745|obs_0000013454|obs_0000005291|obs_0000027323|obs_0000023741|obs_0000034994|obs_0000028373|obs_0000025816|obs_0000028891|obs_0000026332|obs_0000004318|obs_0000033514|obs_0000000748|obs_0000033004|obs_0000000261|obs_0000008992|obs_0000000809|obs_0000003891|obs_0000001341|obs_0000014665|obs_0000007502|obs_0000033636|obs_0000033135|obs_0000028024|obs_0000006053|obs_0000006587|obs_0000007117|obs_0000011770
Softlan Weichspüler Ultra,Keine Marke,"€ 1,29",,"pro Einheit = 1,29","versch. Sorten, je 1-l-Fl.",Nein,2026-04-06 bis 2026-04-12,2026-04-06,2026-04-12,../images/rewe/bamberg_offer_191.jpg,"cat_drogerie,diet_gluten_free,diet_lactose_free,diet_vegan,diet_vegetarian,tag_whole_food",bamberg,,,ref_000056,obs_0000029732|obs_0000005663|obs_0000008789|obs_0000006941|obs_0000010761|obs_0000003597|obs_0000019489|obs_0000012876|obs_0000025167|obs_0000032849|obs_0000021593|obs_0000026203|obs_0000023651|obs_0000021098|obs_0000009843|obs_0000026740|obs_0000013955|obs_0000015508|obs_0000032921|obs_0000031910|obs_0000009383|obs_0000013480|obs_0000028356|obs_0000010952|obs_0000006387|obs_0000016125|obs_0000020774|obs_0000020279|obs_0000011598|obs_0000022870|obs_0000034675|obs_0000033664|obs_0000019865|obs_0000015261|obs_0000033198|obs_0000021945|obs_0000008124|obs_0000027580|obs_0000016852|obs_0000031701|obs_0000014305,obs_0000029732
Odol-med 3 Zahncreme White Shine,Keine Marke,"€ 3,99",,"1 l = 17,73","2+1 Gratis, je 3 x 75-ml-Tuben-Pckg.",Nein,2026-04-06 bis 2026-04-12,2026-04-06,2026-04-12,../images/rewe/bamberg_offer_192.jpg,"cat_drogerie,diet_gluten_free,diet_lactose_free,diet_vegan,diet_vegetarian,tag_whole_food",bamberg,,,ref_000057,obs_0000032773|obs_0000007111|obs_0000031055|obs_0000005488|obs_0000006397,
Old Spice Duschgel,Keine Marke,"€ 1,99",,"1 l = 7,96","Captain, je 250-ml-Fl.",Nein,2026-04-06 bis 2026-04-12,2026-04-06,2026-04-12,../images/rewe/bamberg_offer_193.jpg,"cat_drogerie,diet_gluten_free,diet_lactose_free,diet_vegan,diet_vegetarian,tag_ultra_processed,tag_whole_food",bamberg,,,ref_000058,obs_0000030358|obs_0000011788|obs_0000017459|obs_0000015972|obs_0000031850|obs_0000008329|obs_0000015523|obs_0000026290|obs_0000031924|obs_0000026347|obs_0000028939|obs_0000035065|obs_0000013602|obs_0000028963|obs_0000014682|obs_0000009054|obs_0000011624|obs_0000013165|obs_0000026494|obs_0000011174,obs_0000013602
Bübchen Shampoo Duschgel,Keine Marke,"€ 1,49",,"1 l = 6,48","versch. Sorten, je 230-ml-Fl.",Nein,2026-04-06 bis 2026-04-12,2026-04-06,2026-04-12,../images/rewe/bamberg_offer_194.jpg,"cat_drogerie,tag_ultra_processed,tag_whole_food",bamberg,,,ref_000059,obs_0000028459|obs_0000028680|obs_0000011788|obs_0000034854|obs_0000017459|obs_0000009796|obs_0000032840|obs_0000004179|obs_0000033372|obs_0000015972|obs_0000031850|obs_0000009325|obs_0000019053|obs_0000032877|obs_0000024178|obs_0000033398|obs_0000008329|obs_0000021647|obs_0000010913|obs_0000015523|obs_0000026290|obs_0000031924|obs_0000033460|obs_0000023755|obs_0000009955|obs_0000026347|obs_0000033529|obs_0000021764|obs_0000034052|obs_0000028939|obs_0000035065|obs_0000035066|obs_0000009494|obs_0000013602|obs_0000028963|obs_0000033059|obs_0000033092|obs_0000033623|obs_0000014682|obs_0000011610|obs_0000020828|obs_0000009054|obs_0000034662|obs_0000011624|obs_0000013165|obs_0000033133|obs_0000033649|obs_0000001916|obs_0000026494|obs_0000008067,obs_0000028459
L Or al Elvital Shampoo,Keine Marke,"€ 2,99",,"1 l = 9,97","Color-Glanz, je 300-ml-Fl.",Nein,2026-04-06 bis 2026-04-12,2026-04-06,2026-04-12,../images/rewe/bamberg_offer_195.jpg,"cat_drogerie,diet_gluten_free,diet_lactose_free,diet_vegan,diet_vegetarian,tag_whole_food",bamberg,,,ref_000060,obs_0000030356|obs_0000030367|obs_0000005296|obs_0000006051|obs_0000033849|obs_0000019771|obs_0000033191|obs_0000008625|obs_0000016820|obs_0000028680|obs_0000034854|obs_0000009796|obs_0000032840|obs_0000004179|obs_0000033372|obs_0000009325|obs_0000019053|obs_0000032877|obs_0000024178|obs_0000033398|obs_0000021647|obs_0000010913|obs_0000033460|obs_0000023755|obs_0000009955|obs_0000033529|obs_0000021764|obs_0000034052|obs_0000035066|obs_0000009494|obs_0000033059|obs_0000033092|obs_0000033623|obs_0000011610|obs_0000020828|obs_0000034662|obs_0000033133|obs_0000033649|obs_0000001916|obs_0000008067|obs_0000028560|obs_0000033168|obs_0000005033|obs_0000010154|obs_0000000446|obs_0000033215|obs_0000034239|obs_0000033227|obs_0000033237|obs_0000033244,obs_0000033849|obs_0000030356
Hipp Hippis Fruchtquetschen,Keine Marke,"€ 0,89",,"1 kg = 8,90","versch. Sorten, je 100-g-Btl.",Nein,2026-04-06 bis 2026-04-12,2026-04-06,2026-04-12,../images/rewe/bamberg_offer_196.jpg,"cat_drogerie,diet_lactose_free,diet_vegan,diet_vegetarian,tag_ultra_processed,tag_whole_food",bamberg,,,ref_000061,obs_0000029387|obs_0000031922,obs_0000029387
All in 1 Pods,Lenor,"€ 4,99",,"pro Einheit = 0,33","Amethyst & Blütentraum, je 15-WL-Pckg.",Nein,2026-04-06 bis 2026-04-12,2026-04-06,2026-04-12,../images/rewe/bamberg_offer_197.jpg,cat_drogerie,bamberg,,,ref_000062,obs_0000028287|obs_0000030722|obs_0000029740|obs_0000031669,obs_0000030722|obs_0000029740|obs_0000028287
L Or al Elvital Spülung,Keine Marke,"€ 2,99",,"1 l = 11,96","Color-Glanz, je 250-ml-Fl.",Nein,2026-04-06 bis 2026-04-12,2026-04-06,2026-04-12,../images/rewe/bamberg_offer_198.jpg,"cat_drogerie,diet_gluten_free,diet_lactose_free,diet_vegan,diet_vegetarian,tag_whole_food",bamberg,,,ref_000063,obs_0000030367|obs_0000030356|obs_0000006051|obs_0000005296|obs_0000002339,obs_0000030367
Taschentücher Box,Tempo,"€ 1,99",,"pro Einheit = 1,99",je 100-St.-Pckg.,Nein,2026-04-06 bis 2026-04-12,2026-04-06,2026-04-12,../images/rewe/bamberg_offer_199.jpg,cat_drogerie,bamberg,,,ref_000064,obs_0000031764|obs_0000031059|obs_0000013922|obs_0000021120|obs_0000012007|obs_0000033002|obs_0000006388|obs_0000031049|obs_0000020301|obs_0000011599|obs_0000024952|obs_0000009761|obs_0000012879|obs_0000009297|obs_0000012458|obs_0000033673|obs_0000032037,obs_0000031764|obs_0000013922|obs_0000006249|obs_0000007296|obs_0000021120|obs_0000005854|obs_0000012007|obs_0000033002|obs_0000006388|obs_0000031049|obs_0000020301|obs_0000011599|obs_0000031059|obs_0000024952
Taschentücher,Tempo,"€ 1,99",,"pro Einheit = 1,99",je 15 x 10-St.-Pckg.,Nein,2026-04-06 bis 2026-04-12,2026-04-06,2026-04-12,../images/rewe/bamberg_offer_189.jpg,cat_drogerie,bamberg,,,ref_000065,obs_0000031049|obs_0000020301|obs_0000011599|obs_0000013922|obs_0000012007|obs_0000033002|obs_0000006388|obs_0000024952|obs_0000021120|obs_0000033673|obs_0000009761|obs_0000012458|obs_0000012879|obs_0000009297|obs_0000031764|obs_0000010159|obs_0000031059|obs_0000035077|obs_0000006057|obs_0000034871|obs_0000006592|obs_0000034990|obs_0000007115|obs_0000005854|obs_0000033631|obs_0000007296|obs_0000006249|obs_0000005484|obs_0000008063|obs_0000014666|obs_0000032037,obs_0000033673|obs_0000031764|obs_0000009761|obs_0000012458|obs_0000031049|obs_0000020301|obs_0000011599|obs_0000012879|obs_0000009297|obs_0000031059|obs_0000005854|obs_0000007296|obs_0000013922|obs_0000012007|obs_0000006249|obs_0000033002|obs_0000006388|obs_0000024952|obs_0000021120
Grillkohle oder Grillbriketts,REWE Beste Wahl,"€ 5,99",,"1 kg = 2,40",je 1-Pckg.,Nein,2026-04-06 bis 2026-04-12,2026-04-06,2026-04-12,../images/rewe/bamberg_offer_200.jpg,"cat_knabbern_naschen,diet_gluten_free,diet_lactose_free,diet_vegan,diet_vegetarian,tag_whole_food",bamberg,,,ref_000066,,
Butcher s Anzündkamin,Keine Marke,"€ 8,99",,"pro Einheit = 8,99","Griff mit Hitzeschutzschild Höhe ca. 27,5 cm Boden Ø ca. 16 cm, Öffnung Ø ca. 18 cm, je 1-St.",Nein,2026-04-06 bis 2026-04-12,2026-04-06,2026-04-12,../images/rewe/bamberg_offer_202.jpg,"cat_getraenke,diet_gluten_free,diet_lactose_free,diet_vegan,diet_vegetarian,tag_ultra_processed,tag_whole_food",bamberg,,,ref_000067,,
Butcher s Grillpfännchen 6-teilig,Keine Marke,"€ 5,99",,"pro Einheit = 5,99","2 Edelstahlpfännchen und 4 Buche-Schaber, je 1-Pckg.",Nein,2026-04-06 bis 2026-04-12,2026-04-06,2026-04-12,../images/rewe/bamberg_offer_203.jpg,"cat_tiefkuehl,diet_gluten_free,diet_lactose_free,diet_vegan,diet_vegetarian,tag_whole_food",bamberg,,,ref_000068,,
Butcher s 3-in-1 Grillbürste,Keine Marke,"€ 2,99",,"pro Einheit = 2,99","mit kräftigem Putzschwamm und Edelstahlborsten, je 1-St.",Nein,2026-04-06 bis 2026-04-12,2026-04-06,2026-04-12,../images/rewe/bamberg_offer_204.jpg,"cat_obst_gemuese,diet_gluten_free,diet_lactose_free,diet_vegan,diet_vegetarian,tag_whole_food",bamberg,,,ref_000069,,
Tomatengewächshaus ca 100 x 150 x 50 cm,Keine Marke,"€ 12,99",,"pro Einheit = 12,99",je 1-St.,Nein,2026-04-06 bis 2026-04-12,2026-04-06,2026-04-12,../images/rewe/bamberg_offer_205.jpg,"cat_obst_gemuese,diet_gluten_free,diet_lactose_free,diet_vegan,diet_vegetarian,sub_frisches_gemuese,tag_whole_food",bamberg,,,ref_000070,,
Tulpen,Keine Marke,"€ 1,99",,"pro Einheit = 1,99","versch. Farben, je 1-Bund",Nein,2026-04-06 bis 2026-04-12,2026-04-06,2026-04-12,../images/rewe/bamberg_offer_206.jpg,"cat_obst_gemuese,diet_gluten_free,diet_lactose_free,diet_vegan,diet_vegetarian,sub_exoten,sub_frisches_gemuese,sub_frisches_obst,tag_ultra_processed,tag_whole_food",bamberg,,,ref_000071,obs_0000034533|obs_0000029749|obs_0000001596|obs_0000034401|obs_0000031365|obs_0000030045,obs_0000034533|obs_0000029749
Rosenzauber,Keine Marke,"€ 4,79",,"pro Einheit = 4,79","mit Floralife Schnittblumen- nahrung, je 1-Bund",Nein,2026-04-06 bis 2026-04-12,2026-04-06,2026-04-12,../images/rewe/bamberg_offer_207.jpg,"cat_obst_gemuese,diet_gluten_free,diet_lactose_free,diet_vegan,diet_vegetarian,sub_frisches_obst,tag_ultra_processed,tag_whole_food",bamberg,,,ref_000072,,
Hortensie,Keine Marke,"€ 4,79",,"pro Einheit = 4,79","versch. Farben, je 1-Topf",Nein,2026-04-06 bis 2026-04-12,2026-04-06,2026-04-12,../images/rewe/bamberg_offer_208.jpg,"cat_getraenke,diet_gluten_free,diet_lactose_free,diet_vegan,diet_vegetarian,tag_whole_food",bamberg,,,ref_000073,obs_0000013248,obs_0000013248
Blühpflanzen-Mix,Keine Marke,"€ 2,79",,"pro Einheit = 2,79","versch. Sorten und Farben, je 1-Topf",Nein,2026-04-06 bis 2026-04-12,2026-04-06,2026-04-12,../images/rewe/bamberg_offer_209.jpg,"cat_obst_gemuese,diet_gluten_free,diet_lactose_free,diet_vegan,diet_vegetarian,tag_ultra_processed,tag_whole_food",bamberg,,,ref_000074,obs_0000024700|obs_0000010966|obs_0000014078|obs_0000010567|obs_0000014169|obs_0000014267,
Husarenknopf,Keine Marke,"€ 1,99",,"pro Einheit = 1,99",je 1-Topf,Nein,2026-04-06 bis 2026-04-12,2026-04-06,2026-04-12,../images/rewe/bamberg_offer_210.jpg,"cat_obst_gemuese,diet_gluten_free,diet_lactose_free,diet_vegan,diet_vegetarian,sub_exoten,sub_frisches_gemuese,sub_frisches_obst,tag_whole_food",bamberg,,BLS-D734700,ref_000075,,
Nelkenschön,Keine Marke,"€ 3,99",,"pro Einheit = 3,99","versch. Farben, im dekorativen Korb, je 1-Topf",Nein,2026-04-06 bis 2026-04-12,2026-04-06,2026-04-12,../images/rewe/bamberg_offer_211.jpg,"cat_getraenke,diet_gluten_free,diet_lactose_free,diet_vegan,diet_vegetarian,tag_whole_food",bamberg,,,ref_000076,,
Butcher s Grillzange Grillwender oder Grillbürste,Keine Marke,"€ 6,99",,"pro Einheit = 6,99",je 1-St.,Nein,2026-04-06 bis 2026-04-12,2026-04-06,2026-04-12,../images/rewe/bamberg_offer_201.jpg,"cat_getraenke,diet_vegan,diet_vegetarian",bamberg,,,ref_000077,,
Waschmittel flüssig,Lenor,"€ 4,99",,"pro Einheit = 0,25","Aprilfrisch, je 20-WL-Fl.",Nein,2026-04-06 bis 2026-04-12,2026-04-06,2026-04-12,../images/rewe/bamberg_offer_188.jpg,cat_drogerie,bamberg,,,ref_000078,obs_0000033070|obs_0000033255|obs_0000033361|obs_0000033426|obs_0000033446|obs_0000032992|obs_0000021736|obs_0000033001|obs_0000021230|obs_0000020411|obs_0000018152|obs_0000022331|obs_0000003486|obs_0000022520|obs_0000030776|obs_0000018563|obs_0000017788|obs_0000018843|obs_0000018449|obs_0000034866|obs_0000027703|obs_0000012875|obs_0000016462|obs_0000023646|obs_0000018542|obs_0000019568|obs_0000024174|obs_0000013946|obs_0000025217|obs_0000026760|obs_0000021665|obs_0000033445|obs_0000002728|obs_0000012454|obs_0000023748|obs_0000023244|obs_0000025812|obs_0000017654|obs_0000015109|obs_0000033069|obs_0000022340|obs_0000018794|obs_0000020846|obs_0000019827|obs_0000022410|obs_0000012181|obs_0000019384|obs_0000017352|obs_0000026568|obs_0000025598,obs_0000030776|obs_0000018563|obs_0000033426|obs_0000032992|obs_0000021736|obs_0000021230|obs_0000033070|obs_0000033659|obs_0000017788|obs_0000018843|obs_0000020411|obs_0000033255
Kesper Küchenregale,Keine Marke,"€ 7,99",,"pro Einheit = 7,99","Küchenregal ca. 55 x 13,5 x 15 cm 7.99 UVP 19.99 Küchen-Eckregal ca. 52 x 29,5/39 cm 12.99 UVP 29.99 Obst-/Gemüseregal ca. 39,5 x 26/34,5 cm 17.99 UVP 49.99, je 1-St.",Nein,2026-04-06 bis 2026-04-12,2026-04-06,2026-04-12,../images/rewe/bamberg_offer_187.jpg,"cat_getraenke,diet_gluten_free,diet_lactose_free,diet_vegan,diet_vegetarian,tag_whole_food",bamberg,,,ref_000079,,
Outdoor Teppich,Keine Marke,"€ 7,99",,"pro Einheit = 7,99","100% Polypropylen ca. 90 x 150 cm 7.99 ca. 118 x 180 cm 9.99, je 1-St.",Nein,2026-04-06 bis 2026-04-12,2026-04-06,2026-04-12,../images/rewe/bamberg_offer_186.jpg,"cat_getraenke,diet_gluten_free,diet_lactose_free,diet_vegan,diet_vegetarian,tag_whole_food",bamberg,,,ref_000080,obs_0000022666|obs_0000020811|obs_0000025040|obs_0000023892|obs_0000024316|obs_0000021630,
Gatorade,Keine Marke,"€ 0,99",,"1 l = 1,98","versch. Sorten, je 0,5-l-Fl., zzgl. 0,25 € Pfand",Nein,2026-04-06 bis 2026-04-12,2026-04-06,2026-04-12,../images/rewe/bamberg_offer_163.jpg,"cat_getraenke,diet_gluten_free,diet_lactose_free,diet_vegan,diet_vegetarian,sub_exoten,sub_frisches_obst,tag_ultra_processed,tag_whole_food",bamberg,,,ref_000081,obs_0000005273,
Rhönsprudel Mineralwasser,Keine Marke,"€ 5,49",,"1 l = 0,61","versch. Sorten, je 12 x 0,75-l-Fl.-Kasten, zzgl. 3,30 € Pfand",Nein,2026-04-06 bis 2026-04-12,2026-04-06,2026-04-12,../images/rewe/bamberg_offer_164.jpg,"cat_getraenke,diet_gluten_free,diet_lactose_free,diet_vegan,diet_vegetarian",bamberg,,,ref_000082,obs_0000029415|obs_0000032710|obs_0000030684|obs_0000027653|obs_0000034851|obs_0000015908|obs_0000031797|obs_0000026205|obs_0000008801|obs_0000003689|obs_0000015481|obs_0000031867|obs_0000012414|obs_0000031871|obs_0000028800|obs_0000034437|obs_0000008841|obs_0000009353|obs_0000028841|obs_0000027836|obs_0000011969|obs_0000021185|obs_0000027856|obs_0000008437|obs_0000034043|obs_0000034044|obs_0000009985|obs_0000028931|obs_0000035059|obs_0000010519|obs_0000031006|obs_0000014625|obs_0000028968|obs_0000026948|obs_0000028493|obs_0000008537|obs_0000011123|obs_0000028537|obs_0000028027|obs_0000020366|obs_0000028603|obs_0000034235|obs_0000034238|obs_0000026570|obs_0000013773|obs_0000025562|obs_0000028654|obs_0000014332,obs_0000029415|obs_0000035059|obs_0000034653|obs_0000034238|obs_0000032710|obs_0000026570|obs_0000030684
Pils,BECK S,"€ 11,49",,"1 l = 1,15","versch. Sorten, je 20 x 0,5-l-Fl.-Kasten, zzgl. 3,10 € Pfand",Nein,2026-04-06 bis 2026-04-12,2026-04-06,2026-04-12,../images/rewe/bamberg_offer_165.jpg,cat_getraenke,bamberg,,BLS-X890662,ref_000083,obs_0000033823|obs_0000028759|obs_0000024176|obs_0000016578|obs_0000019656|obs_0000023756|obs_0000017247|obs_0000014202|obs_0000026062|obs_0000031740|obs_0000010755|obs_0000013338|obs_0000026170|obs_0000015941|obs_0000012871|obs_0000028275|obs_0000034423|obs_0000012448|obs_0000027329|obs_0000028878|obs_0000035035|obs_0000028408|obs_0000028937|obs_0000008467|obs_0000027944|obs_0000004922|obs_0000028500|obs_0000000370|obs_0000010120|obs_0000004495|obs_0000013819|obs_0000034708|obs_0000010165|obs_0000028614|obs_0000031695|obs_0000003041|obs_0000004068|obs_0000013339|obs_0000011995|obs_0000015090|obs_0000010756|obs_0000013836|obs_0000028695|obs_0000030755|obs_0000013350|obs_0000014397|obs_0000028734|obs_0000015938|obs_0000029763|obs_0000033895,obs_0000010755|obs_0000013338|obs_0000033823|obs_0000026170|obs_0000015941|obs_0000012871|obs_0000028759|obs_0000024176|obs_0000028275|obs_0000034423|obs_0000031390|obs_0000012448|obs_0000032443|obs_0000027329|obs_0000016578|obs_0000019656|obs_0000023756|obs_0000028878|obs_0000035035|obs_0000028408|obs_0000028937|obs_0000008467|obs_0000027944|obs_0000004922|obs_0000028500|obs_0000017247|obs_0000000370|obs_0000014202|obs_0000010120|obs_0000004495|obs_0000029071|obs_0000013819|obs_0000034708|obs_0000010165|obs_0000028614|obs_0000026062|obs_0000031695|obs_0000032728|obs_0000003041|obs_0000004068|obs_0000031740
Pils,Tyskie,"€ 13,99",,"1 l = 1,40","je 20 x 0,5-l-Fl.-Kasten, zzgl. 3,10 € Pfand",Nein,2026-04-06 bis 2026-04-12,2026-04-06,2026-04-12,../images/rewe/bamberg_offer_166.jpg,cat_getraenke,bamberg,,BLS-X890662,ref_000084,obs_0000028275|obs_0000010755|obs_0000013338|obs_0000033823|obs_0000026170|obs_0000015941|obs_0000012871|obs_0000028759|obs_0000024176|obs_0000034423|obs_0000012448|obs_0000027329|obs_0000016578|obs_0000019656|obs_0000023756|obs_0000028878|obs_0000035035|obs_0000028408|obs_0000028937|obs_0000008467|obs_0000027944|obs_0000004922|obs_0000028500|obs_0000017247|obs_0000000370|obs_0000014202|obs_0000010120|obs_0000004495|obs_0000013819|obs_0000034708|obs_0000010165|obs_0000028614|obs_0000026062|obs_0000031695|obs_0000003041|obs_0000004068|obs_0000031740|obs_0000013836|obs_0000014397|obs_0000015938|obs_0000035039|obs_0000011594|obs_0000008613|obs_0000010756|obs_0000028695|obs_0000030755|obs_0000013350|obs_0000028734|obs_0000029763|obs_0000033895,obs_0000010755|obs_0000013338|obs_0000033823|obs_0000026170|obs_0000029763|obs_0000015941|obs_0000012871|obs_0000028759|obs_0000024176|obs_0000028275|obs_0000034423|obs_0000012448|obs_0000027329|obs_0000016578|obs_0000019656|obs_0000023756|obs_0000028878|obs_0000035035|obs_0000028408|obs_0000028937|obs_0000008467|obs_0000027944|obs_0000004922|obs_0000028500|obs_0000017247|obs_0000000370|obs_0000014202|obs_0000010120|obs_0000004495|obs_0000013819|obs_0000034708|obs_0000030609|obs_0000010165|obs_0000028614|obs_0000026062|obs_0000031695|obs_0000032729|obs_0000003041|obs_0000004068|obs_0000031740
Allgäuer Büble Edelbräu,Keine Marke,"€ 14,99",,"1 l = 1,50","je 20 x 0,5-l-Fl.-Kasten, zzgl. 4,50 € Pfand",Nein,2026-04-06 bis 2026-04-12,2026-04-06,2026-04-12,../images/rewe/bamberg_offer_167.jpg,"cat_getraenke,diet_gluten_free,diet_lactose_free,diet_vegan,diet_vegetarian,tag_whole_food",bamberg,,,ref_000085,obs_0000030753|obs_0000029761|obs_0000007890|obs_0000028725|obs_0000031823|obs_0000013604,obs_0000030753|obs_0000013604|obs_0000029761|obs_0000007890
Hell,Benediktiner,"€ 14,99",,"1 l = 1,50","je 20 x 0,5-l-Fl.-Kasten, zzgl. 3,10 € Pfand",Nein,2026-04-06 bis 2026-04-12,2026-04-06,2026-04-12,../images/rewe/bamberg_offer_168.jpg,cat_getraenke,bamberg,,,ref_000086,obs_0000031386|obs_0000034487|obs_0000011994|obs_0000006377|obs_0000035038|obs_0000014654|obs_0000034841|obs_0000009785|obs_0000034475|obs_0000009915|obs_0000027350|obs_0000010541|obs_0000028550|obs_0000008658|obs_0000028667|obs_0000013313|obs_0000028174|obs_0000033822|obs_0000030242|obs_0000008776|obs_0000028250|obs_0000015504|obs_0000027850|obs_0000026315|obs_0000034031|obs_0000035040|obs_0000035046|obs_0000035050|obs_0000028445|obs_0000029985|obs_0000034636|obs_0000012642|obs_0000031075|obs_0000010094|obs_0000006027|obs_0000028049|obs_0000027553|obs_0000003504|obs_0000034226|obs_0000027578|obs_0000029639|obs_0000029640|obs_0000032722|obs_0000032723|obs_0000005646|obs_0000034320|obs_0000001071|obs_0000027711|obs_0000034431|obs_0000033929,obs_0000034841|obs_0000009785|obs_0000031386|obs_0000034475|obs_0000034487|obs_0000009915|obs_0000027350|obs_0000011994|obs_0000006377|obs_0000035038|obs_0000010541|obs_0000014654|obs_0000028550|obs_0000008658|obs_0000032723|obs_0000028667
Hasseröder Premium Pils,Keine Marke,"€ 9,99",,"1 l = 1,00","je 20 x 0,5-l-Fl.-Kasten, zzgl. 3,10 € Pfand",Nein,2026-04-06 bis 2026-04-12,2026-04-06,2026-04-12,../images/rewe/bamberg_offer_169.jpg,"cat_getraenke,diet_gluten_free,diet_lactose_free,diet_vegetarian",bamberg,,,ref_000087,obs_0000031079|obs_0000031248|obs_0000029243|obs_0000029927|obs_0000030395|obs_0000030607|obs_0000028695|obs_0000014397|obs_0000028734|obs_0000012445|obs_0000016561|obs_0000010479|obs_0000026883|obs_0000012662|obs_0000008613|obs_0000010756|obs_0000011146|obs_0000011148|obs_0000027560|obs_0000013350|obs_0000033895|obs_0000027845|obs_0000011594|obs_0000009703|obs_0000013836|obs_0000015938|obs_0000034432|obs_0000028520|obs_0000028575|obs_0000028635|obs_0000008187|obs_0000029198|obs_0000031389|obs_0000026008|obs_0000008006|obs_0000028759|obs_0000012448|obs_0000016578|obs_0000028878|obs_0000035035|obs_0000028937|obs_0000008467|obs_0000000370|obs_0000004495|obs_0000010755|obs_0000012871|obs_0000027329|obs_0000004922|obs_0000017247|obs_0000031695,obs_0000028695|obs_0000010479|obs_0000026883|obs_0000031079|obs_0000012662|obs_0000010756|obs_0000031248|obs_0000029243|obs_0000033895|obs_0000027845|obs_0000029927|obs_0000030395|obs_0000030607|obs_0000028575|obs_0000008187
Corona Mexican Beer oder Cero alkoholfrei,Keine Marke,"€ 6,49",,"1 l = 3,05","versch. Sorten, je 6 x 355-ml-Fl.-Sixpack, zzgl. 0,48 € Pfand",Nein,2026-04-06 bis 2026-04-12,2026-04-06,2026-04-12,../images/rewe/bamberg_offer_170.jpg,"cat_getraenke,diet_vegan,diet_vegetarian",bamberg,,,ref_000088,obs_0000032737|obs_0000031080|obs_0000031678|obs_0000008087,obs_0000032737|obs_0000031080
Karlsberg Mixery Vod Flav Iced Blue,Keine Marke,"€ 0,99",,"1 l = 1,98","teilw. koffeinhaltig, je 0,5-l-Dose, zzgl. 0,25 € Pfand",Nein,2026-04-06 bis 2026-04-12,2026-04-06,2026-04-12,../images/rewe/bamberg_offer_171.jpg,"cat_getraenke,diet_gluten_free,diet_lactose_free,diet_vegan,diet_vegetarian,tag_ultra_processed,tag_whole_food",bamberg,,,ref_000089,obs_0000032259|obs_0000031082|obs_0000029424|obs_0000032445|obs_0000029073|obs_0000028179|obs_0000007674|obs_0000032734|obs_0000015093,obs_0000032259|obs_0000031082|obs_0000029424|obs_0000032445
Ouzo 12,Keine Marke,"€ 9,99",,"1 l = 14,27","38% Vol., je 0,7-l-Fl.",Nein,2026-04-06 bis 2026-04-12,2026-04-06,2026-04-12,../images/rewe/bamberg_offer_172.jpg,"cat_getraenke,diet_gluten_free,diet_lactose_free,diet_vegan,diet_vegetarian,sub_exoten,sub_frisches_obst,tag_ultra_processed,tag_whole_food",bamberg,,,ref_000090,obs_0000029436|obs_0000010189|obs_0000034840|obs_0000002885|obs_0000023413|obs_0000025543,obs_0000029436|obs_0000010189
Averna Amaro,Keine Marke,"€ 10,99",,"1 l = 15,70","Kräuterlikör, 29% Vol., je 0,7-l-Fl.",Nein,2026-04-06 bis 2026-04-12,2026-04-06,2026-04-12,../images/rewe/bamberg_offer_173.jpg,"cat_getraenke,diet_gluten_free,diet_lactose_free,diet_vegan,diet_vegetarian,sub_frisches_gemuese,tag_ultra_processed,tag_whole_food",bamberg,,,ref_000091,obs_0000028837|obs_0000008714|obs_0000018507|obs_0000024205|obs_0000002870|obs_0000023775,
Aperol Spritz,Keine Marke,"€ 6,99",,"1 l = 11,65","10,5% Vol., je 3 x 0,2-l-Fl.-Pckg.",Nein,2026-04-06 bis 2026-04-12,2026-04-06,2026-04-12,../images/rewe/bamberg_offer_174.jpg,"cat_getraenke,diet_gluten_free,diet_lactose_free,diet_vegan,diet_vegetarian,sub_tk_fertiggerichte,tag_high_protein,tag_ultra_processed,tag_whole_food",bamberg,,,ref_000092,obs_0000007085|obs_0000016150|obs_0000019758|obs_0000011575|obs_0000001111,obs_0000007085|obs_0000011575
Bacardi Carta Blanca Superior,Keine Marke,"€ 10,99",,"1 l = 15,70","37,5% Vol. oder Razz 27% Vol., je 0,7-l-Fl.",Nein,2026-04-06 bis 2026-04-12,2026-04-06,2026-04-12,../images/rewe/bamberg_offer_175.jpg,"cat_getraenke,diet_gluten_free,diet_lactose_free,diet_vegan,diet_vegetarian",bamberg,,,ref_000093,obs_0000032448|obs_0000007905|obs_0000008578|obs_0000022427|obs_0000018468|obs_0000028978|obs_0000027709|obs_0000034037,obs_0000032448
Kilbeggan Irish Whiskey,Keine Marke,"€ 10,99",,"1 l = 15,70","40% Vol., je 0,7-l-Fl.",Nein,2026-04-06 bis 2026-04-12,2026-04-06,2026-04-12,../images/rewe/bamberg_offer_176.jpg,"cat_getraenke,diet_gluten_free,diet_lactose_free,diet_vegan,diet_vegetarian,tag_whole_food",bamberg,,,ref_000094,obs_0000005266|obs_0000006554|obs_0000011310|obs_0000008756|obs_0000010336|obs_0000020586|obs_0000034422|obs_0000028811|obs_0000008371|obs_0000015066|obs_0000018216|obs_0000022838|obs_0000027465|obs_0000012631|obs_0000019325|obs_0000021896|obs_0000021405|obs_0000013253|obs_0000026577|obs_0000019442|obs_0000010744|obs_0000000036|obs_0000007262|obs_0000031414|obs_0000018103|obs_0000003769|obs_0000006359|obs_0000006898|obs_0000031086|obs_0000006558|obs_0000005631,obs_0000022838|obs_0000027465
Faber Secco,Keine Marke,"€ 2,49",,"1 l = 3,32","je 0,75-l-Fl.",Nein,2026-04-06 bis 2026-04-12,2026-04-06,2026-04-12,../images/rewe/bamberg_offer_177.jpg,"cat_getraenke,diet_gluten_free,diet_lactose_free,diet_vegan,diet_vegetarian,tag_ultra_processed,tag_whole_food",bamberg,,,ref_000095,,
Wilthener Gebirgskräuter,Keine Marke,"€ 5,99",,"1 l = 8,56","30% Vol., je 0,7-l-Fl.",Nein,2026-04-06 bis 2026-04-12,2026-04-06,2026-04-12,../images/rewe/bamberg_offer_178.jpg,"cat_getraenke,diet_gluten_free,diet_lactose_free,diet_vegan,diet_vegetarian,tag_ultra_processed",bamberg,,,ref_000096,,
Zonin Prosecco Spumante DOC,Keine Marke,"€ 6,99",,"1 l = 9,32","je 0,75-l-Fl.",Nein,2026-04-06 bis 2026-04-12,2026-04-06,2026-04-12,../images/rewe/bamberg_offer_179.jpg,"cat_getraenke,diet_gluten_free,diet_lactose_free,diet_vegan,diet_vegetarian,tag_ultra_processed,tag_whole_food",bamberg,,,ref_000097,obs_0000026010|obs_0000031415|obs_0000030011|obs_0000005260|obs_0000028834|obs_0000015930|obs_0000008134|obs_0000034396,
Martin Schongauer Grauer Burgunder Qualitätswein,Keine Marke,"€ 3,99",,"1 l = 5,32","trocken, je 0,75-l-Fl.",Nein,2026-04-06 bis 2026-04-12,2026-04-06,2026-04-12,../images/rewe/bamberg_offer_180.jpg,"cat_getraenke,diet_vegetarian",bamberg,,,ref_000098,obs_0000034725|obs_0000034879|obs_0000014060|obs_0000035029|obs_0000011138|obs_0000008721|obs_0000013843|obs_0000013356|obs_0000014641|obs_0000015923|obs_0000012225|obs_0000011986,
Weinfreunde Island Bay Sauvignon Blanc,Keine Marke,"€ 5,49",,"1 l = 7,32","trocken, je 0,75-l-Fl.",Nein,2026-04-06 bis 2026-04-12,2026-04-06,2026-04-12,../images/rewe/bamberg_offer_181.jpg,"cat_getraenke,diet_lactose_free,diet_vegetarian",bamberg,,,ref_000099,obs_0000019116|obs_0000022458|obs_0000033086|obs_0000017873|obs_0000023421|obs_0000017927|obs_0000027290|obs_0000026271|obs_0000034222,
Tower Heißluftfritteuse T17174RW,Keine Marke,"€ 39,99",,"pro Einheit = 39,99","digitales Bedienfeld Fassungsvermögen ca. 4 l Temperaturregelung ca. 80-200°C Timer bis zu 60 Min. ca. 1300 W, je 1-St.",Nein,2026-04-06 bis 2026-04-12,2026-04-06,2026-04-12,../images/rewe/bamberg_offer_182.jpg,"cat_getraenke,diet_gluten_free,diet_lactose_free,diet_vegan,diet_vegetarian,tag_ultra_processed,tag_whole_food",bamberg,,,ref_000100,obs_0000030065|obs_0000000770|obs_0000016517|obs_0000008842|obs_0000025870|obs_0000023705|obs_0000005018|obs_0000001565|obs_0000022702|obs_0000022718|obs_0000024128|obs_0000002370|obs_0000004164|obs_0000018130|obs_0000026718|obs_0000018919|obs_0000003182|obs_0000004591|obs_0000023536,obs_0000030065
Universalwanne Flexi ca 30 l,Keine Marke,"€ 4,44",,"pro Einheit = 4,44",je 1-St.,Nein,2026-04-06 bis 2026-04-12,2026-04-06,2026-04-12,../images/rewe/bamberg_offer_183.jpg,"cat_obst_gemuese,diet_gluten_free,diet_lactose_free,diet_vegan,diet_vegetarian,tag_whole_food",bamberg,,,ref_000101,,
BIC Feuerzeuge,Keine Marke,"€ 1,49",,"pro Einheit = 1,49","Stabfeuerzeug »Mini« 1.49 Reibrad 3er »Maxi« 1.99 Megalighter 2.49, je 1-Pckg.",Nein,2026-04-06 bis 2026-04-12,2026-04-06,2026-04-12,../images/rewe/bamberg_offer_184.jpg,"cat_obst_gemuese,diet_gluten_free,diet_lactose_free,diet_vegan,diet_vegetarian,tag_whole_food",bamberg,,,ref_000102,,
JESCOLLECTION Rund um Garten und Grillen,Keine Marke,"€ 1,00",,"pro Einheit = 1,00","versch. Artikel, je 1-St. / 1-Pckg.",Nein,2026-04-06 bis 2026-04-12,2026-04-06,2026-04-12,../images/rewe/bamberg_offer_185.jpg,"cat_non_food,diet_lactose_free,diet_vegan,diet_vegetarian,tag_whole_food",bamberg,,,ref_000103,,
Active O2,Adelholzener,"€ 0,99",,"1 l = 1,32","versch. Sorten, je 0,75-l-Fl., zzgl. 0,25 € Pfand",Nein,2026-04-06 bis 2026-04-12,2026-04-06,2026-04-12,../images/rewe/bamberg_offer_161.jpg,"cat_getraenke,diet_gluten_free,diet_lactose_free,diet_vegan,diet_vegetarian",bamberg,,,ref_000104,obs_0000031345|obs_0000026061|obs_0000034654|obs_0000014298|obs_0000030681|obs_0000032024|obs_0000005826,obs_0000005826|obs_0000031345|obs_0000030681|obs_0000032024
Gustavo Gusto Pizza Margherita,Keine Marke,"€ 3,69",,"1 kg = 9,00","tiefgefroren, je 410-g-Pckg.",Nein,2026-04-06 bis 2026-04-12,2026-04-06,2026-04-12,../images/rewe/bamberg_offer_107.jpg,"cat_tiefkuehl,diet_gluten_free,diet_lactose_free,diet_vegan,diet_vegetarian,sub_tk_pizza,tag_ultra_processed,tag_whole_food",bamberg,,,ref_000105,obs_0000030508|obs_0000030325|obs_0000007794|obs_0000027771|obs_0000010444|obs_0000028924|obs_0000011520|obs_0000034187|obs_0000013341|obs_0000023186|obs_0000025810|obs_0000005867|obs_0000010530,obs_0000028924|obs_0000030508|obs_0000034187
Wachs-Brechbohnen,REWE Bio,"€ 0,89",,"1 kg = 4,81","je 330-g-Glas, 185 g Abtropfgewicht",Nein,2026-04-06 bis 2026-04-12,2026-04-06,2026-04-12,../images/rewe/bamberg_offer_144.jpg,"cat_grundnahrung,diet_gluten_free,diet_lactose_free,diet_vegan,diet_vegetarian,sub_frisches_gemuese,sub_huelsenfruechte,tag_whole_food",bamberg,,,ref_000106,obs_0000001284|obs_0000027988,
Melonen-Mix,Keine Marke,"€ 2,39",,"1 kg = 7,97",je 300-g-Schale,Nein,2026-04-06 bis 2026-04-12,2026-04-06,2026-04-12,../images/rewe/bamberg_offer_105.jpg,"cat_obst_gemuese,diet_gluten_free,diet_lactose_free,diet_vegan,diet_vegetarian,sub_exoten,sub_frisches_obst,tag_ultra_processed,tag_whole_food",bamberg,,,ref_000107,obs_0000024700|obs_0000012257,
Mix Tafeltrauben,Keine Marke,"€ 1,99",,"1 kg = 3,98","Sorte: siehe Etikett, Kl. I, je 500-g-Schale",Nein,2026-04-06 bis 2026-04-12,2026-04-06,2026-04-12,../images/rewe/bamberg_offer_029.jpg,"cat_obst_gemuese,diet_gluten_free,diet_lactose_free,diet_vegan,diet_vegetarian,sub_frisches_obst,tag_whole_food",bamberg,,,ref_000108,obs_0000029819|obs_0000028483|obs_0000028593|obs_0000008710|obs_0000028721|obs_0000008765|obs_0000010312|obs_0000008792|obs_0000024700|obs_0000031873|obs_0000028835|obs_0000028335|obs_0000014088|obs_0000008527|obs_0000009624|obs_0000010211|obs_0000006275,obs_0000029819
Speisemöhren,Keine Marke,"€ 0,88",,"pro Einheit = 0,88","Kl. I, je 1-kg-Btl.",Nein,2026-04-06 bis 2026-04-12,2026-04-06,2026-04-12,../images/rewe/bamberg_offer_030.jpg,"cat_obst_gemuese,diet_gluten_free,diet_lactose_free,diet_vegan,diet_vegetarian,sub_frisches_gemuese,tag_whole_food",bamberg,,,ref_000109,obs_0000030440|obs_0000030860|obs_0000032333|obs_0000029593|obs_0000028833|obs_0000029498,obs_0000030440|obs_0000030860|obs_0000032333|obs_0000029593
Cosmic Crisp Rote Tafeläpfel,Keine Marke,"€ 1,99",,"1 kg = 2,49","Sorte: siehe Etikett, Kl. I, je 800-g-Schale",Nein,2026-04-06 bis 2026-04-12,2026-04-06,2026-04-12,../images/rewe/bamberg_offer_031.jpg,"cat_obst_gemuese,diet_gluten_free,diet_lactose_free,diet_vegan,diet_vegetarian,sub_frisches_gemuese,sub_frisches_obst,tag_whole_food",bamberg,,,ref_000110,obs_0000029712|obs_0000031770|obs_0000030963|obs_0000031476|obs_0000029944|obs_0000029483|obs_0000030090|obs_0000029594|obs_0000031139|obs_0000031229|obs_0000029133|obs_0000028684|obs_0000005704|obs_0000028564,
Bio Suppengrün,Keine Marke,"€ 1,49",,"1 kg = 3,73",je 400-g-Pckg.,Nein,2026-04-06 bis 2026-04-12,2026-04-06,2026-04-12,../images/rewe/bamberg_offer_032.jpg,"cat_obst_gemuese,diet_gluten_free,diet_lactose_free,diet_vegan,diet_vegetarian,sub_exoten,sub_frisches_gemuese,sub_frisches_obst,tag_whole_food",bamberg,,,ref_000111,obs_0000019158|obs_0000030126|obs_0000008448|obs_0000018522|obs_0000029822|obs_0000031722|obs_0000007318|obs_0000015687|obs_0000032184,obs_0000019158|obs_0000030126
Schiller GQB Strohschwein Schinkenspeck,Keine Marke,"€ 1,59",,"pro Einheit = 1,59",je 100-g-,Nein,2026-04-06 bis 2026-04-12,2026-04-06,2026-04-12,../images/rewe/bamberg_offer_033.jpg,"cat_fleisch_wurst,sub_schwein,sub_wurst,tag_ultra_processed",bamberg,,,ref_000112,obs_0000030543|obs_0000030833|obs_0000029187|obs_0000031107|obs_0000031108|obs_0000030093|obs_0000028317|obs_0000029870|obs_0000031547|obs_0000032597|obs_0000031192|obs_0000029792|obs_0000031468|obs_0000029808|obs_0000029556|obs_0000029558|obs_0000031766|obs_0000032571|obs_0000029119|obs_0000030199|obs_0000031719,obs_0000031766|obs_0000030543|obs_0000030833
Ostermeier GQB Strohschwein Bauernsalami,Keine Marke,"€ 1,89",,"pro Einheit = 1,89",je 100-g-,Nein,2026-04-06 bis 2026-04-12,2026-04-06,2026-04-12,../images/rewe/bamberg_offer_034.jpg,"cat_fleisch_wurst,sub_schwein,sub_wurst,tag_ultra_processed",bamberg,,,ref_000113,obs_0000029544|obs_0000030095|obs_0000031121|obs_0000031549|obs_0000029117|obs_0000030432|obs_0000006335,obs_0000029544
Bille Geflügelsalami,Keine Marke,"€ 1,49",,"pro Einheit = 1,49","versch. Sorten, je 100-g-",Nein,2026-04-06 bis 2026-04-12,2026-04-06,2026-04-12,../images/rewe/bamberg_offer_035.jpg,"cat_fleisch_wurst,diet_gluten_free,diet_lactose_free,diet_vegan,diet_vegetarian,sub_gefluegel,sub_wurst,tag_ultra_processed,tag_whole_food",bamberg,,,ref_000114,obs_0000032526|obs_0000005412,obs_0000031429|obs_0000030795|obs_0000032526
Houdek Kabanos oder Knabber Kabanos,Keine Marke,"€ 1,49",,"pro Einheit = 1,49",je 100-g-,Nein,2026-04-06 bis 2026-04-12,2026-04-06,2026-04-12,../images/rewe/bamberg_offer_036.jpg,"cat_getraenke,sub_wurst,tag_ultra_processed",bamberg,,,ref_000115,obs_0000006189|obs_0000030911|obs_0000000616|obs_0000006873|obs_0000031478|obs_0000029807|obs_0000032560|obs_0000030519|obs_0000012778|obs_0000011011|obs_0000016109,
Hähnchensteaks Pollo Fino,Keine Marke,"€ 1,11",,"pro Einheit = 1,11","vom Oberschenkel, ohne Knochen, natur oder mariniert, je 100-g-",Nein,2026-04-06 bis 2026-04-12,2026-04-06,2026-04-12,../images/rewe/bamberg_offer_037.jpg,"cat_fleisch_wurst,diet_gluten_free,diet_lactose_free,sub_gefluegel,tag_proteinreich,tag_whole_food",bamberg,,,ref_000116,obs_0000031113|obs_0000030097|obs_0000006348|obs_0000006700|obs_0000007441|obs_0000034327,
Spießbraten,Keine Marke,"€ 0,88",,"pro Einheit = 0,88","vom Schwein, gefüllt, je 100-g-",Nein,2026-04-06 bis 2026-04-12,2026-04-06,2026-04-12,../images/rewe/bamberg_offer_038.jpg,"cat_obst_gemuese,diet_gluten_free,diet_lactose_free,diet_vegan,diet_vegetarian,sub_frisches_gemuese,tag_whole_food",bamberg,,BLS-Y710142,ref_000117,obs_0000008706|obs_0000006883|obs_0000030588|obs_0000011839|obs_0000029824|obs_0000003298|obs_0000004424|obs_0000004851|obs_0000003997|obs_0000002271,obs_0000008706|obs_0000006883|obs_0000030588|obs_0000011839|obs_0000029824
Entrec te,Keine Marke,"€ 2,99",,"pro Einheit = 2,99","vom Rind, je 100-g-",Nein,2026-04-06 bis 2026-04-12,2026-04-06,2026-04-12,../images/rewe/bamberg_offer_039.jpg,"cat_obst_gemuese,diet_gluten_free,diet_lactose_free,diet_vegan,diet_vegetarian,sub_exoten,sub_frisches_gemuese,sub_frisches_obst,tag_ultra_processed,tag_whole_food",bamberg,,,ref_000118,obs_0000015746|obs_0000031116|obs_0000015347|obs_0000030463|obs_0000012292|obs_0000014472|obs_0000009255|obs_0000028464|obs_0000010604|obs_0000011426|obs_0000029602|obs_0000013615|obs_0000030580|obs_0000034547|obs_0000031232|obs_0000009986|obs_0000009523|obs_0000009027|obs_0000015079|obs_0000013176|obs_0000019242,obs_0000015746|obs_0000031116|obs_0000015347|obs_0000030463
Grillrippe,Keine Marke,"€ 0,77",,"pro Einheit = 0,77","vom Schwein, am Stück, natur, je 100-g-",Nein,2026-04-06 bis 2026-04-12,2026-04-06,2026-04-12,../images/rewe/bamberg_offer_040.jpg,"cat_obst_gemuese,diet_gluten_free,diet_lactose_free,diet_vegan,diet_vegetarian,sub_exoten,sub_frisches_obst,tag_whole_food",bamberg,,,ref_000119,,
Gyrosspieß,Keine Marke,"€ 0,99",,"pro Einheit = 0,99","marinierter Schweinefleischspieß nach Gyros Art, je 100-g-",Nein,2026-04-06 bis 2026-04-12,2026-04-06,2026-04-12,../images/rewe/bamberg_offer_041.jpg,"cat_obst_gemuese,diet_gluten_free,diet_lactose_free,diet_vegan,diet_vegetarian,tag_ultra_processed,tag_whole_food",bamberg,,,ref_000120,,
Kalbsleber,Keine Marke,"€ 2,22",,"pro Einheit = 2,22",je 100-g-,Nein,2026-04-06 bis 2026-04-12,2026-04-06,2026-04-12,../images/rewe/bamberg_offer_043.jpg,"cat_fleisch_wurst,diet_gluten_free,diet_lactose_free,diet_vegan,diet_vegetarian,sub_rind,tag_ultra_processed,tag_whole_food",bamberg,,BLS-V532100,ref_000121,obs_0000029511|obs_0000030447|obs_0000005983|obs_0000028640|obs_0000033867,obs_0000029511|obs_0000030447|obs_0000005983|obs_0000028640
Höhenrainer Puten Paprikabrust,Keine Marke,"€ 1,59",,"pro Einheit = 1,59","gegart, je 100-g-",Nein,2026-04-06 bis 2026-04-12,2026-04-06,2026-04-12,../images/rewe/bamberg_offer_044.jpg,"cat_obst_gemuese,diet_gluten_free,diet_lactose_free,diet_vegan,diet_vegetarian,sub_frisches_gemuese,sub_gefluegel,tag_ultra_processed,tag_whole_food",bamberg,,,ref_000122,obs_0000030105,
Scamorza Affumicata,Keine Marke,"€ 1,59",,"pro Einheit = 1,59","ital. Pasta Filata Käse, mind. 40% Fett i.Tr., je 100-g-",Nein,2026-04-06 bis 2026-04-12,2026-04-06,2026-04-12,../images/rewe/bamberg_offer_045.jpg,"cat_getraenke,diet_gluten_free,diet_lactose_free,diet_vegan,diet_vegetarian,sub_exoten,sub_frisches_obst,tag_ultra_processed,tag_whole_food",bamberg,,,ref_000123,obs_0000028309|obs_0000031120|obs_0000023200|obs_0000023204,obs_0000028309|obs_0000031120
Obatzter,Keine Marke,"€ 1,49",,"pro Einheit = 1,49",je 100-g-,Nein,2026-04-06 bis 2026-04-12,2026-04-06,2026-04-12,../images/rewe/bamberg_offer_046.jpg,"cat_obst_gemuese,diet_gluten_free,diet_lactose_free,diet_vegan,diet_vegetarian,sub_kaese,sub_milchprodukte,tag_whole_food",bamberg,,NUTR-0011,ref_000124,obs_0000031842|obs_0000029504,obs_0000031842|obs_0000029504
Parmigiano Reggiano D O P,Keine Marke,"€ 2,49",,"pro Einheit = 2,49","ital. Hartkäse, mind. 32% Fett i.Tr., je 100-g-",Nein,2026-04-06 bis 2026-04-12,2026-04-06,2026-04-12,../images/rewe/bamberg_offer_047.jpg,"cat_molkerei_kaese,diet_gluten_free,diet_lactose_free,diet_vegan,diet_vegetarian,sub_kaese,sub_milchprodukte,tag_whole_food",bamberg,,,ref_000125,obs_0000007778|obs_0000034722|obs_0000009732|obs_0000019268|obs_0000016169|obs_0000003570|obs_0000009266|obs_0000019638|obs_0000008957|obs_0000015397|obs_0000023172|obs_0000012329|obs_0000033972|obs_0000013813|obs_0000032609|obs_0000005911|obs_0000006456,obs_0000015397|obs_0000023172|obs_0000012329|obs_0000013813
Palmberger Chili Käsebruzzler,Keine Marke,"€ 1,11",,"pro Einheit = 1,11",je 100-g-,Nein,2026-04-06 bis 2026-04-12,2026-04-06,2026-04-12,../images/rewe/bamberg_offer_048.jpg,"cat_getraenke,sub_kaese",bamberg,,,ref_000126,,
Wasner GQB Leberwurst oder Hausmacher Leberwurst,Keine Marke,"€ 1,49",,"pro Einheit = 1,49","im Ring, je 100-g-",Nein,2026-04-06 bis 2026-04-12,2026-04-06,2026-04-12,../images/rewe/bamberg_offer_049.jpg,"cat_fleisch_wurst,sub_wurst,tag_ultra_processed",bamberg,,,ref_000127,obs_0000029505|obs_0000003643|obs_0000014468|obs_0000024223|obs_0000011436|obs_0000023801|obs_0000013053|obs_0000026900|obs_0000028438|obs_0000026452|obs_0000028508|obs_0000010597|obs_0000012655|obs_0000013762|obs_0000028622|obs_0000026066|obs_0000031720|obs_0000019440,obs_0000029505
Müritzer Scheiben,Milram,"€ 1,39",,"1 kg = 9,27","Schnittkäse, 55% Fett i.Tr., je 150-g-Pckg.",Nein,2026-04-06 bis 2026-04-12,2026-04-06,2026-04-12,../images/rewe/bamberg_offer_050.jpg,"cat_molkerei_kaese,sub_kaese,sub_milchprodukte",bamberg,,,ref_000128,obs_0000011485|obs_0000009636|obs_0000032341|obs_0000021569|obs_0000020750|obs_0000025059|obs_0000031970,obs_0000032341
Feine Butter oder Streichzart,Meggle,"€ 1,49",,"1 kg = 5,96","versch. Sorten, je 250-g-Pckg. / 250-g-Becher",Nein,2026-04-06 bis 2026-04-12,2026-04-06,2026-04-12,../images/rewe/bamberg_offer_051.jpg,"cat_molkerei_kaese,diet_gluten_free,diet_vegetarian,sub_butter_margarine,sub_milchprodukte",bamberg,,,ref_000129,obs_0000031125|obs_0000030109|obs_0000031974|obs_0000000325|obs_0000016977|obs_0000017501|obs_0000025744|obs_0000026493|obs_0000027848|obs_0000020308|obs_0000003993|obs_0000004420|obs_0000021127|obs_0000004847|obs_0000021731|obs_0000023640|obs_0000006970|obs_0000008456|obs_0000024999|obs_0000000442|obs_0000017986|obs_0000018910|obs_0000011042|obs_0000003386|obs_0000004174|obs_0000004601|obs_0000012797|obs_0000005028|obs_0000022866|obs_0000024620|obs_0000000107|obs_0000008556|obs_0000009075|obs_0000000997|obs_0000001425|obs_0000017835|obs_0000026359|obs_0000018391|obs_0000010409|obs_0000034970|obs_0000018644|obs_0000018772|obs_0000027049|obs_0000002620|obs_0000002676|obs_0000027517|obs_0000019493|obs_0000003267|obs_0000011467|obs_0000003591,obs_0000030109|obs_0000031125|obs_0000006970|obs_0000031974
Süßkartoffeln,Keine Marke,"€ 2,49",,"pro Einheit = 2,49","Kl. I, je 1-kg-",Nein,2026-04-06 bis 2026-04-12,2026-04-06,2026-04-12,../images/rewe/bamberg_offer_028.jpg,"cat_obst_gemuese,diet_gluten_free,diet_lactose_free,diet_vegan,diet_vegetarian,sub_frisches_gemuese,sub_kartoffeln,tag_ultra_processed,tag_whole_food",bamberg,,BLS-X6A2000,ref_000130,obs_0000010153|obs_0000028913|obs_0000029812|obs_0000014262|obs_0000008188|obs_0000015281|obs_0000010574|obs_0000012242,obs_0000010153|obs_0000028913|obs_0000029812|obs_0000014262|obs_0000008188
Bio Baby Spinat,Keine Marke,"€ 1,19",,"1 kg = 11,90","Kl. II, je 100-g-Pckg.",Nein,2026-04-06 bis 2026-04-12,2026-04-06,2026-04-12,../images/rewe/bamberg_offer_027.jpg,"cat_obst_gemuese,diet_gluten_free,diet_lactose_free,diet_vegan,diet_vegetarian,sub_frisches_gemuese,sub_frisches_obst,sub_tk_gemuese,tag_whole_food",bamberg,,BLS-G211100,ref_000131,obs_0000034522|obs_0000030134|obs_0000033927|obs_0000034914|obs_0000031624|obs_0000015962|obs_0000025711|obs_0000026393|obs_0000018515|obs_0000020605|obs_0000021424|obs_0000022077|obs_0000022918,obs_0000034522|obs_0000030134
Grüner Bio Spargel,Keine Marke,"€ 4,99",,"1 kg = 12,48","Kl. II, je 400-g-Bund",Nein,2026-04-06 bis 2026-04-12,2026-04-06,2026-04-12,../images/rewe/bamberg_offer_025.jpg,"cat_obst_gemuese,diet_gluten_free,diet_lactose_free,diet_vegan,diet_vegetarian,sub_exoten,sub_frisches_obst,tag_ultra_processed,tag_whole_food",bamberg,,,ref_000132,obs_0000014528,
Soya Alternative,Alpro,"€ 1,89",,"1 kg = 4,73","versch. Sorten, je 400-g-Becher",Nein,2026-04-06 bis 2026-04-12,2026-04-06,2026-04-12,../images/rewe/bamberg_offer_003.jpg,"cat_non_food,diet_lactose_free,diet_vegan,diet_vegetarian",bamberg,,,ref_000133,obs_0000006304|obs_0000005374,
Vly Erbsenproteindrink,Keine Marke,"€ 1,99",,"pro Einheit = 1,99","versch. Sorten, je 1-l-Pckg.",Nein,2026-04-06 bis 2026-04-12,2026-04-06,2026-04-12,../images/rewe/bamberg_offer_007.jpg,"cat_getraenke,diet_gluten_free,diet_lactose_free,diet_vegan,diet_vegetarian,tag_high_protein,tag_proteinreich,tag_ultra_processed,tag_whole_food",bamberg,,,ref_000134,obs_0000029464,obs_0000029464
ArcticFish Pures Grün Räucherlachs,Keine Marke,"€ 3,39",,"1 kg = 33,90",je 100-g-Pckg.,Nein,2026-04-06 bis 2026-04-12,2026-04-06,2026-04-12,../images/rewe/bamberg_offer_008.jpg,"cat_fisch_meeresfruechte,diet_gluten_free,diet_lactose_free,diet_vegan,diet_vegetarian,tag_whole_food",bamberg,,,ref_000135,obs_0000032552|obs_0000002571|obs_0000001935|obs_0000025231|obs_0000020251|obs_0000005956|obs_0000031816|obs_0000001994|obs_0000021070|obs_0000017750|obs_0000016608|obs_0000003427|obs_0000028795|obs_0000008702,
Frische Hähnchen-Brustfilets,REWE Bio,"€ 25,29",,"pro Einheit = 25,29","Hkl. A, SB-verpackt, je 1-kg-",Nein,2026-04-06 bis 2026-04-12,2026-04-06,2026-04-12,../images/rewe/bamberg_offer_009.jpg,"cat_fleisch_wurst,diet_gluten_free,diet_lactose_free,sub_gefluegel,tag_high_protein,tag_proteinreich,tag_whole_food",bamberg,,,ref_000136,obs_0000025784|obs_0000024674|obs_0000031635|obs_0000002399|obs_0000002678|obs_0000000633|obs_0000002744|obs_0000003144|obs_0000001424|obs_0000030541|obs_0000030629|obs_0000002168|obs_0000030896|obs_0000022949|obs_0000029218|obs_0000031267|obs_0000029224|obs_0000029274|obs_0000029291|obs_0000031542|obs_0000031584|obs_0000031623|obs_0000029596|obs_0000003026|obs_0000029666|obs_0000029905,obs_0000030925|obs_0000030952|obs_0000031200|obs_0000031243|obs_0000029218|obs_0000029274|obs_0000029597|obs_0000025784|obs_0000030219|obs_0000030256|obs_0000030541|obs_0000030629
Bio Pakchoi,Keine Marke,"€ 1,99",,"1 kg = 6,63","Kl. II, je 300-g-Pckg.",Nein,2026-04-06 bis 2026-04-12,2026-04-06,2026-04-12,../images/rewe/bamberg_offer_010.jpg,"cat_obst_gemuese,diet_gluten_free,diet_lactose_free,diet_vegan,diet_vegetarian,sub_exoten,sub_frisches_gemuese,sub_frisches_obst,tag_ultra_processed,tag_whole_food",bamberg,,,ref_000137,obs_0000029497|obs_0000029582,obs_0000034494|obs_0000029497
Bio Porree,Keine Marke,"€ 1,79",,"1 kg = 4,48","Kl. II, je 400-g-Bund",Nein,2026-04-06 bis 2026-04-12,2026-04-06,2026-04-12,../images/rewe/bamberg_offer_011.jpg,"cat_obst_gemuese,diet_gluten_free,diet_lactose_free,diet_vegan,diet_vegetarian,sub_exoten,sub_frisches_gemuese,sub_frisches_obst,tag_ultra_processed,tag_whole_food",bamberg,,,ref_000138,obs_0000030131|obs_0000000696|obs_0000009507|obs_0000009968|obs_0000018921|obs_0000020464|obs_0000021283|obs_0000029487|obs_0000029884,obs_0000030131
Rügenwalder Vegane Mühlen Schnitzel,Keine Marke,"€ 2,49",,"1 kg = 13,83",je 2 x 90-g-Pckg.,Nein,2026-04-06 bis 2026-04-12,2026-04-06,2026-04-12,../images/rewe/bamberg_offer_014.jpg,"cat_fleisch_wurst,diet_lactose_free,diet_vegan,diet_vegetarian,sub_fleischersatz,sub_schwein,tag_ultra_processed",bamberg,,,ref_000139,obs_0000030497|obs_0000029148|obs_0000031199|obs_0000031663|obs_0000032212|obs_0000002786|obs_0000030453|obs_0000001906|obs_0000031126|obs_0000029132|obs_0000032213|obs_0000005251|obs_0000000700|obs_0000001521,obs_0000030497|obs_0000031663|obs_0000029148|obs_0000031199
Ben Jerry s Ice Cream,Keine Marke,"€ 4,44",,"1 l = 9,55","versch. Sorten, je 465-ml-Becher",Nein,2026-04-06 bis 2026-04-12,2026-04-06,2026-04-12,../images/rewe/bamberg_offer_106.jpg,"cat_tiefkuehl,diet_gluten_free,diet_lactose_free,diet_vegan,diet_vegetarian,sub_tk_eis,tag_ultra_processed,tag_whole_food",bamberg,,,ref_000140,obs_0000007204|obs_0000005584|obs_0000032219|obs_0000007800|obs_0000031928|obs_0000021183|obs_0000014030|obs_0000021787|obs_0000020364|obs_0000017462|obs_0000026737,obs_0000007204|obs_0000031928|obs_0000005584|obs_0000032219
Braune Bio Champignons,Keine Marke,"€ 1,79",,"1 kg = 7,16","Kl. I, je 250-g-Schale",Nein,2026-04-06 bis 2026-04-12,2026-04-06,2026-04-12,../images/rewe/bamberg_offer_017.jpg,"cat_obst_gemuese,diet_gluten_free,diet_lactose_free,diet_vegan,diet_vegetarian,sub_frisches_gemuese,sub_frisches_obst,sub_pilze,tag_whole_food",bamberg,,BLS-K701100,ref_000141,obs_0000029589|obs_0000008725|obs_0000028903|obs_0000029144|obs_0000031133|obs_0000032183|obs_0000033885|obs_0000034307|obs_0000034734|obs_0000001277|obs_0000026991|obs_0000027283|obs_0000027747|obs_0000028450|obs_0000014046|obs_0000014978|obs_0000031799|obs_0000008021,obs_0000029144|obs_0000029589|obs_0000031133|obs_0000032183
Grüne Kiwi,Keine Marke,"€ 0,29",,"pro Einheit = 0,29","Kl. I, je 1-St.",Nein,2026-04-06 bis 2026-04-12,2026-04-06,2026-04-12,../images/rewe/bamberg_offer_020.jpg,"cat_obst_gemuese,diet_gluten_free,diet_lactose_free,diet_vegan,diet_vegetarian,sub_exoten,sub_frisches_obst,tag_whole_food",bamberg,,,ref_000142,obs_0000031324|obs_0000029818|obs_0000029923|obs_0000010274,obs_0000031324|obs_0000029818|obs_0000029923|obs_0000030464
Zitrone,Keine Marke,"€ 1,11",,"pro Einheit = 1,11","»Amalfi«, Kl. II, je 1-St.",Nein,2026-04-06 bis 2026-04-12,2026-04-06,2026-04-12,../images/rewe/bamberg_offer_021.jpg,"cat_obst_gemuese,diet_gluten_free,diet_lactose_free,diet_vegan,diet_vegetarian,sub_exoten,sub_frisches_obst,tag_whole_food",bamberg,,BLS-F601100,ref_000143,obs_0000029580|obs_0000031579|obs_0000032505|obs_0000000906|obs_0000031647|obs_0000008382|obs_0000030917|obs_0000008284|obs_0000010724|obs_0000029941|obs_0000033932|obs_0000034578|obs_0000001572|obs_0000026036|obs_0000034741|obs_0000007127|obs_0000011999|obs_0000013557|obs_0000034557|obs_0000015910|obs_0000021160|obs_0000001350|obs_0000021724|obs_0000020341|obs_0000011971|obs_0000032716|obs_0000034429|obs_0000030250|obs_0000031615,obs_0000029580|obs_0000031579|obs_0000032505
Cantaloupemelone,Keine Marke,"€ 1,99",,"pro Einheit = 1,99","Kl. I, je 1-kg-",Nein,2026-04-06 bis 2026-04-12,2026-04-06,2026-04-12,../images/rewe/bamberg_offer_022.jpg,"cat_obst_gemuese,diet_gluten_free,diet_lactose_free,diet_vegan,diet_vegetarian,sub_exoten,sub_frisches_obst,tag_ultra_processed,tag_whole_food",bamberg,,,ref_000144,obs_0000013562,
Grüne Tafelbirnen,Keine Marke,"€ 3,49",,"pro Einheit = 3,49","»Abate Fetel«, Kl. I, je 1-kg-",Nein,2026-04-06 bis 2026-04-12,2026-04-06,2026-04-12,../images/rewe/bamberg_offer_023.jpg,"cat_obst_gemuese,diet_gluten_free,diet_lactose_free,diet_vegan,diet_vegetarian,sub_frisches_obst,tag_whole_food",bamberg,,,ref_000145,obs_0000030854|obs_0000029711|obs_0000030480|obs_0000031151|obs_0000030137|obs_0000028994|obs_0000008712|obs_0000008373|obs_0000028627|obs_0000028513|obs_0000010484,obs_0000030854|obs_0000029711|obs_0000030480|obs_0000031151|obs_0000030137|obs_0000028994
Heidelbeeren,Keine Marke,"€ 3,33",,"1 kg = 16,65","Kl. I, je 200-g-Schale",Nein,2026-04-06 bis 2026-04-12,2026-04-06,2026-04-12,../images/rewe/bamberg_offer_024.jpg,"cat_obst_gemuese,diet_gluten_free,diet_lactose_free,diet_vegan,diet_vegetarian,sub_exoten,sub_frisches_obst,tag_whole_food",bamberg,,BLS-F304100,ref_000146,obs_0000002819|obs_0000026376|obs_0000032523|obs_0000027788|obs_0000003088|obs_0000033682|obs_0000025384|obs_0000025769|obs_0000031149|obs_0000007729|obs_0000000051|obs_0000030262|obs_0000000695|obs_0000003000|obs_0000016699|obs_0000032326|obs_0000019143|obs_0000026698|obs_0000034122|obs_0000029138|obs_0000030560|obs_0000028260|obs_0000001513|obs_0000027502|obs_0000000880|obs_0000033918|obs_0000034918|obs_0000006409|obs_0000030472|obs_0000034319|obs_0000030138|obs_0000030919|obs_0000022353|obs_0000005509|obs_0000005525|obs_0000005120|obs_0000006958|obs_0000005692|obs_0000007128|obs_0000007143|obs_0000005713|obs_0000005894,obs_0000002819|obs_0000026376|obs_0000032523|obs_0000027788|obs_0000003088|obs_0000033682|obs_0000025384|obs_0000025769|obs_0000031149|obs_0000007729|obs_0000000051|obs_0000030262|obs_0000000695|obs_0000003000|obs_0000016699|obs_0000032326|obs_0000019143|obs_0000026698|obs_0000034122|obs_0000029138|obs_0000030560|obs_0000028260|obs_0000001513|obs_0000027502|obs_0000000880|obs_0000033918|obs_0000034918
Bio Rucola,Keine Marke,"€ 0,88",,"1 kg = 11,00","Kl. II, je 80-g-Schale",Nein,2026-04-06 bis 2026-04-12,2026-04-06,2026-04-12,../images/rewe/bamberg_offer_026.jpg,"cat_obst_gemuese,diet_gluten_free,diet_lactose_free,diet_vegan,diet_vegetarian,sub_exoten,sub_frisches_obst,tag_ultra_processed,tag_whole_food",bamberg,,BLS-G130100,ref_000147,obs_0000033923|obs_0000028749|obs_0000029203|obs_0000029500|obs_0000001300|obs_0000001874|obs_0000034818|obs_0000030142|obs_0000031672|obs_0000005712|obs_0000005708|obs_0000005890|obs_0000005895,obs_0000033923|obs_0000028749|obs_0000029203|obs_0000029500
Emmi Caff Latte Macchiato oder Matcha Latte,Keine Marke,"€ 1,39",,"1 l = 6,04","teilw. koffeinhaltig, je 230-ml-Becher",Nein,2026-04-06 bis 2026-04-12,2026-04-06,2026-04-12,../images/rewe/bamberg_offer_053.jpg,"cat_molkerei_kaese,diet_gluten_free,diet_lactose_free,diet_vegan,diet_vegetarian,sub_kaese,tag_ultra_processed",bamberg,,,ref_000148,obs_0000014212|obs_0000031422|obs_0000021777|obs_0000034937|obs_0000012311|obs_0000031138|obs_0000020675|obs_0000027081|obs_0000014943|obs_0000013547|obs_0000021494,
Erdbeeren,Keine Marke,"€ 1,99",,"1 kg = 3,98","Kl. I, je 500-g-Schale",Nein,2026-04-06 bis 2026-04-12,2026-04-06,2026-04-12,../images/rewe/bamberg_offer_016.jpg,"cat_obst_gemuese,diet_gluten_free,diet_lactose_free,diet_vegan,diet_vegetarian,sub_exoten,sub_frisches_gemuese,sub_frisches_obst,tag_whole_food",bamberg,,BLS-F301100,ref_000149,obs_0000022919|obs_0000006408|obs_0000030617|obs_0000027419|obs_0000031261|obs_0000029494|obs_0000030915|obs_0000024529|obs_0000031576|obs_0000030564|obs_0000031462|obs_0000000875|obs_0000006265|obs_0000032512|obs_0000033793|obs_0000012233|obs_0000013901|obs_0000034400|obs_0000030989|obs_0000005687|obs_0000006083|obs_0000006092|obs_0000015717|obs_0000013414|obs_0000013418|obs_0000011389|obs_0000030428,obs_0000022919|obs_0000006408|obs_0000030617|obs_0000027419|obs_0000031261|obs_0000029494|obs_0000030915|obs_0000024529|obs_0000031576|obs_0000030564|obs_0000031462|obs_0000000875|obs_0000006265|obs_0000032512
Sahnepudding Vanille,Dr Oetker,"€ 1,99",,"1 kg = 3,98",je 500-g-Becher,Nein,2026-04-06 bis 2026-04-12,2026-04-06,2026-04-12,../images/rewe/bamberg_offer_055.jpg,"cat_molkerei_kaese,sub_milchprodukte,sub_sahne_creme,tag_ultra_processed",bamberg,,,ref_000150,obs_0000013995|obs_0000021591|obs_0000011462|obs_0000020772|obs_0000021849|obs_0000010129|obs_0000031130|obs_0000031713,obs_0000013995
RibWorld Bourbon BBQ Spare Ribs,Keine Marke,"€ 7,77",,"1 kg = 12,95","schonend gegarte Schweinerippchen in Whiskey Marinade, je 600-g-Pckg.",Nein,2026-04-06 bis 2026-04-12,2026-04-06,2026-04-12,../images/rewe/bamberg_offer_082.jpg,"cat_molkerei_kaese,diet_gluten_free,diet_lactose_free,diet_vegan,diet_vegetarian,tag_ultra_processed,tag_whole_food",bamberg,,,ref_000151,obs_0000029859|obs_0000018051|obs_0000022390|obs_0000023589|obs_0000006708,obs_0000029859
Frische Chicken Wings,REWE Regional,"€ 2,49",,"1 kg = 6,23","Hähnchen-Flügel, natur, Hkl. A, oder gewürzt, je 400-g-Pckg.",Nein,2026-04-06 bis 2026-04-12,2026-04-06,2026-04-12,../images/rewe/bamberg_offer_083.jpg,"cat_molkerei_kaese,diet_lactose_free,diet_vegan,sub_gefluegel,tag_high_protein,tag_proteinreich,tag_whole_food",bamberg,,,ref_000152,obs_0000028927|obs_0000008214|obs_0000018520|obs_0000000983|obs_0000023576|obs_0000023577|obs_0000023635|obs_0000022397|obs_0000024871|obs_0000027512|obs_0000025608|obs_0000020015|obs_0000018026|obs_0000023578,
Schweine-Gulasch XXL,Keine Marke,"€ 7,77",,"pro Einheit = 7,77","aus dem Schinken, je 1000-g-Pckg.",Nein,2026-04-06 bis 2026-04-12,2026-04-06,2026-04-12,../images/rewe/bamberg_offer_084.jpg,"cat_molkerei_kaese,diet_gluten_free,diet_lactose_free,diet_vegetarian,sub_schwein,tag_ultra_processed,tag_whole_food",bamberg,,BLS-U554100,ref_000153,obs_0000018761|obs_0000017438|obs_0000030192|obs_0000030276|obs_0000016516|obs_0000004232|obs_0000020673|obs_0000008511|obs_0000016736|obs_0000016766|obs_0000020864|obs_0000002514|obs_0000012757|obs_0000004659|obs_0000010992|obs_0000025475|obs_0000017299|obs_0000029611|obs_0000003029|obs_0000005086|obs_0000019441|obs_0000021492|obs_0000025644|obs_0000003221|obs_0000019678|obs_0000021861|obs_0000019817|obs_0000017899|obs_0000020045|obs_0000022156|obs_0000014192|obs_0000018303|obs_0000022446|obs_0000012763|obs_0000000631|obs_0000000644|obs_0000000645|obs_0000000702|obs_0000000888|obs_0000001197|obs_0000001518|obs_0000013967,obs_0000018761|obs_0000017438|obs_0000030192|obs_0000030276
Butcher s Barbecue Schinken-Bratwurst,Keine Marke,"€ 2,22",,"1 kg = 8,88","vom Schwein, mit grobem Pfeffer, je 250-g-Pckg.",Nein,2026-04-06 bis 2026-04-12,2026-04-06,2026-04-12,../images/rewe/bamberg_offer_085.jpg,"cat_molkerei_kaese,sub_schwein,sub_wurst,tag_ultra_processed",bamberg,,,ref_000154,obs_0000006701|obs_0000034378|obs_0000026247|obs_0000028387|obs_0000016624|obs_0000017657|obs_0000006539|obs_0000007634,
Rinder-Hackfleisch,Keine Marke,"€ 3,99",,"1 kg = 15,96",je 250-g-Pckg.,Nein,2026-04-06 bis 2026-04-12,2026-04-06,2026-04-12,../images/rewe/bamberg_offer_086.jpg,"cat_molkerei_kaese,sub_hackfleisch,sub_rind,tag_proteinreich,tag_ultra_processed,tag_whole_food",bamberg,,BLS-U010100,ref_000155,obs_0000002149|obs_0000026223|obs_0000027280|obs_0000029904|obs_0000029964|obs_0000026901|obs_0000031541|obs_0000032583|obs_0000026471|obs_0000031208|obs_0000019685|obs_0000022571|obs_0000001083|obs_0000029295|obs_0000000646|obs_0000029879|obs_0000030444|obs_0000000826|obs_0000030536|obs_0000030574|obs_0000030626|obs_0000030194|obs_0000034323|obs_0000011423|obs_0000033726,obs_0000002149|obs_0000026223|obs_0000027280|obs_0000029904|obs_0000019685|obs_0000029964|obs_0000026901|obs_0000031541|obs_0000032583|obs_0000026471|obs_0000031208
Heidjer Landleberwurst,Keine Marke,"€ 1,49",,"pro Einheit = 1,49","im Ring, je 100-g-",Nein,2026-04-06 bis 2026-04-12,2026-04-06,2026-04-12,../images/rewe/bamberg_offer_087.jpg,"cat_molkerei_kaese,diet_gluten_free,diet_lactose_free,diet_vegan,diet_vegetarian,sub_wurst,tag_ultra_processed,tag_whole_food",bamberg,,,ref_000156,obs_0000007049|obs_0000005972|obs_0000003330|obs_0000002582|obs_0000001337,obs_0000007049|obs_0000005972
Snack Frikadellen,REWE Beste Wahl,"€ 1,79",,"1 kg = 10,85","versch. Sorten, je 165-g-Becher",Nein,2026-04-06 bis 2026-04-12,2026-04-06,2026-04-12,../images/rewe/bamberg_offer_088.jpg,"cat_molkerei_kaese,diet_gluten_free,diet_lactose_free,diet_vegan,diet_vegetarian,sub_frisches_gemuese,tag_ultra_processed,tag_whole_food",bamberg,,BLS-U013100,ref_000157,obs_0000012295|obs_0000010281|obs_0000027292|obs_0000025802|obs_0000017698|obs_0000015693|obs_0000018804|obs_0000009115|obs_0000014824,
High Protein Milchreis Zimt,Dr Oetker,"€ 1,99",,"1 kg = 4,98",je 400-g-Becher,Nein,2026-04-06 bis 2026-04-12,2026-04-06,2026-04-12,../images/rewe/bamberg_offer_089.jpg,"cat_molkerei_kaese,diet_vegetarian,sub_milchprodukte,sub_reis,tag_high_protein,tag_proteinreich,tag_ultra_processed",bamberg,,,ref_000158,obs_0000011946|obs_0000013245|obs_0000011464|obs_0000031441|obs_0000032343|obs_0000004243|obs_0000024897|obs_0000002532|obs_0000004670|obs_0000021102|obs_0000025419|obs_0000002984|obs_0000025832|obs_0000003371|obs_0000034374|obs_0000003816|obs_0000001828|obs_0000020283,obs_0000032343
Matthews Hähnchenbrust Filetstücke,Keine Marke,"€ 2,59",,"1 kg = 17,27","Paprika, je 150-g-Pckg.",Nein,2026-04-06 bis 2026-04-12,2026-04-06,2026-04-12,../images/rewe/bamberg_offer_090.jpg,"cat_molkerei_kaese,diet_gluten_free,diet_lactose_free,sub_gefluegel,tag_high_protein,tag_proteinreich,tag_whole_food",bamberg,,,ref_000159,obs_0000029554|obs_0000034599|obs_0000023615|obs_0000007426|obs_0000019628,obs_0000029554
Leichter Genuss Rohschinken,Abraham,"€ 1,79",,"pro Einheit = 1,79","3% Fett, je 100-g-",Nein,2026-04-06 bis 2026-04-12,2026-04-06,2026-04-12,../images/rewe/bamberg_offer_091.jpg,"cat_molkerei_kaese,sub_schwein,sub_wurst,tag_ultra_processed",bamberg,,,ref_000160,obs_0000030172|obs_0000031618|obs_0000017419|obs_0000018745,obs_0000030172
Finesse Aufschnitt,Herta,"€ 1,59",,"1 kg = 15,90","versch. Sorten, je 100-g-Pckg.",Nein,2026-04-06 bis 2026-04-12,2026-04-06,2026-04-12,../images/rewe/bamberg_offer_092.jpg,"cat_molkerei_kaese,sub_wurst,tag_ultra_processed",bamberg,,,ref_000161,obs_0000014378|obs_0000010437|obs_0000012666|obs_0000015760|obs_0000024171|obs_0000020077|obs_0000002709|obs_0000023749|obs_0000023266|obs_0000021835|obs_0000020896|obs_0000032367|obs_0000030157|obs_0000031285|obs_0000001982,obs_0000014378|obs_0000032367|obs_0000010437|obs_0000012666|obs_0000015760|obs_0000030157
Citterio Italienische Mortadella,Keine Marke,"€ 1,29",,"pro Einheit = 1,29","mit Pistazien, je 100-g-",Nein,2026-04-06 bis 2026-04-12,2026-04-06,2026-04-12,../images/rewe/bamberg_offer_093.jpg,"cat_molkerei_kaese,diet_lactose_free,diet_vegan,diet_vegetarian,sub_schwein,sub_tk_gemuese,sub_wurst,tag_ultra_processed",bamberg,,,ref_000162,obs_0000030871|obs_0000031520|obs_0000006685|obs_0000006337,obs_0000030871|obs_0000031520
Nordsee Matjesfilets,Keine Marke,"€ 2,49",,"1 kg = 12,45","mit milder Rauchnote, je 200-g-Pckg.",Nein,2026-04-06 bis 2026-04-12,2026-04-06,2026-04-12,../images/rewe/bamberg_offer_094.jpg,"cat_molkerei_kaese,diet_gluten_free,diet_lactose_free,diet_vegan,diet_vegetarian,tag_ultra_processed,tag_whole_food",bamberg,,,ref_000163,obs_0000015836,obs_0000002277|obs_0000025292|obs_0000017582|obs_0000003474
Oberland Räucherkäse Natur oder Schinken,Keine Marke,"€ 0,99",,"pro Einheit = 0,99","Schmelzkäse­zubereitung, versch. Sorten, je 100-g-",Nein,2026-04-06 bis 2026-04-12,2026-04-06,2026-04-12,../images/rewe/bamberg_offer_095.jpg,"cat_molkerei_kaese,sub_kaese,sub_milchprodukte,sub_schwein,sub_wurst,tag_ultra_processed",bamberg,,,ref_000164,obs_0000016624|obs_0000017657|obs_0000001347|obs_0000009644|obs_0000034378|obs_0000028387|obs_0000028889,
Mango Lassi,REWE Bio,"€ 0,79",,"1 kg = 3,16",je 250-g-Becher,Nein,2026-04-06 bis 2026-04-12,2026-04-06,2026-04-12,../images/rewe/bamberg_offer_098.jpg,"cat_molkerei_kaese,diet_gluten_free,diet_lactose_free,diet_vegan,diet_vegetarian,sub_exoten,sub_frisches_obst,tag_whole_food",bamberg,,,ref_000165,obs_0000029722|obs_0000024112|obs_0000009816|obs_0000031322|obs_0000026739|obs_0000009349|obs_0000028316|obs_0000027322|obs_0000029883|obs_0000004820|obs_0000030966|obs_0000021278|obs_0000004393|obs_0000000306|obs_0000026453|obs_0000003966|obs_0000033713|obs_0000034740|obs_0000016865|obs_0000020459|obs_0000025584,obs_0000030966
Zimmermann Farmlandschinken,Keine Marke,"€ 1,89",,"pro Einheit = 1,89","über Buchenholz geräuchert, je 100-g-",Nein,2026-04-06 bis 2026-04-12,2026-04-06,2026-04-12,../images/rewe/bamberg_offer_099.jpg,"cat_molkerei_kaese,diet_gluten_free,diet_lactose_free,diet_vegan,diet_vegetarian,sub_schwein,sub_wurst,tag_ultra_processed,tag_whole_food",bamberg,,,ref_000166,,
Butcher s Angus Irish Beef oder Beef Rindfleisch Burger Patties,Keine Marke,"€ 4,44",,"1 kg = 19,30",je 230-g-Pckg.,Nein,2026-04-06 bis 2026-04-12,2026-04-06,2026-04-12,../images/rewe/bamberg_offer_100.jpg,"cat_molkerei_kaese,sub_rind,tag_proteinreich",bamberg,,,ref_000167,obs_0000030498|obs_0000029864|obs_0000032362|obs_0000029174|obs_0000029185|obs_0000030883|obs_0000029227|obs_0000031545|obs_0000029289|obs_0000030955|obs_0000028606|obs_0000029222,obs_0000030498|obs_0000029864|obs_0000032362|obs_0000029174
Bonbel Butterkäse,Keine Marke,"€ 1,79",,"pro Einheit = 1,79","frz. halbf. Schnittkäse, 48% Fett i.Tr., je 100-g-",Nein,2026-04-06 bis 2026-04-12,2026-04-06,2026-04-12,../images/rewe/bamberg_offer_101.jpg,"cat_molkerei_kaese,diet_gluten_free,diet_vegetarian,sub_butter_margarine,sub_kaese,sub_milchprodukte,tag_ultra_processed,tag_whole_food",bamberg,,,ref_000168,obs_0000030482|obs_0000010146|obs_0000022440|obs_0000009899|obs_0000028601|obs_0000024636|obs_0000035114|obs_0000028491|obs_0000009434|obs_0000019165|obs_0000033775|obs_0000034800|obs_0000028402|obs_0000012660|obs_0000018295,obs_0000030482|obs_0000009899|obs_0000009434|obs_0000006109
True Fruits Smoothie,Keine Marke,"€ 2,29",,"1 l = 9,16","versch. Sorten, je 250-ml-Fl.",Nein,2026-04-06 bis 2026-04-12,2026-04-06,2026-04-12,../images/rewe/bamberg_offer_102.jpg,"cat_getraenke,diet_gluten_free,diet_lactose_free,diet_vegan,diet_vegetarian,tag_ultra_processed,tag_whole_food",bamberg,,,ref_000169,obs_0000029851|obs_0000007096|obs_0000007874|obs_0000032617|obs_0000003462|obs_0000024721|obs_0000002067|obs_0000005025|obs_0000000440|obs_0000014395|obs_0000009020|obs_0000010948|obs_0000013892|obs_0000004171|obs_0000017881|obs_0000001630|obs_0000034549|obs_0000004598|obs_0000022009|obs_0000012410,obs_0000029851|obs_0000007096|obs_0000014395|obs_0000007874|obs_0000010948|obs_0000013892|obs_0000001630|obs_0000032617|obs_0000034549|obs_0000012410
Vita Coco Kokosnusswasser,Keine Marke,"€ 2,99",,"pro Einheit = 2,99","versch. Sorten, je 1-l-Pckg.",Nein,2026-04-06 bis 2026-04-12,2026-04-06,2026-04-12,../images/rewe/bamberg_offer_103.jpg,"cat_getraenke,diet_gluten_free,diet_lactose_free,diet_vegan,diet_vegetarian,tag_ultra_processed,tag_whole_food",bamberg,,,ref_000170,obs_0000030839|obs_0000013279|obs_0000010739,obs_0000030839
Family-Mix,REWE Beste Wahl,"€ 1,59",,"1 kg = 5,30",je 300-g-Btl.,Nein,2026-04-06 bis 2026-04-12,2026-04-06,2026-04-12,../images/rewe/bamberg_offer_104.jpg,"cat_knabbern_naschen,diet_gluten_free,diet_lactose_free,diet_vegan,diet_vegetarian,sub_frisches_gemuese,tag_ultra_processed,tag_whole_food",bamberg,,,ref_000171,obs_0000028511|obs_0000028625|obs_0000024700|obs_0000029347|obs_0000032382,obs_0000029347|obs_0000032382|obs_0000028511|obs_0000028625
Hüttenkäse,Gervais,"€ 1,29",,"1 kg = 6,45","versch. Sorten, je 200-g-Becher",Nein,2026-04-06 bis 2026-04-12,2026-04-06,2026-04-12,../images/rewe/bamberg_offer_054.jpg,"cat_molkerei_kaese,sub_kaese,sub_milchprodukte",bamberg,,,ref_000172,obs_0000015686|obs_0000010478|obs_0000024689|obs_0000018182|obs_0000032345,obs_0000015686|obs_0000010478|obs_0000024689|obs_0000032345
Butcher s Puten-Oberkeulenspiess,Keine Marke,"€ 13,33",,"pro Einheit = 13,33","in Joghurt Paprika Marinade, SB-verpackt, je 1-kg-",Nein,2026-04-06 bis 2026-04-12,2026-04-06,2026-04-12,../images/rewe/bamberg_offer_081.jpg,"cat_molkerei_kaese,diet_gluten_free,diet_vegetarian,sub_gefluegel,tag_whole_food",bamberg,,,ref_000173,,
Kalnik Original Pfälzer Leberwurst,Keine Marke,"€ 1,69",,"1 kg = 8,45",je 200-g-Pckg.,Nein,2026-04-06 bis 2026-04-12,2026-04-06,2026-04-12,../images/rewe/bamberg_offer_097.jpg,"cat_molkerei_kaese,diet_gluten_free,diet_lactose_free,diet_vegan,sub_wurst,tag_ultra_processed",bamberg,,,ref_000174,obs_0000006686|obs_0000029615|obs_0000013335|obs_0000005226|obs_0000027924|obs_0000026179|obs_0000014176|obs_0000010228|obs_0000028730|obs_0000020611|obs_0000014468|obs_0000012423|obs_0000006283|obs_0000026772|obs_0000026832|obs_0000028896|obs_0000035052|obs_0000026900|obs_0000010597|obs_0000012655|obs_0000027005|obs_0000027048|obs_0000021000|obs_0000008777|obs_0000021117|obs_0000008906|obs_0000015051|obs_0000013053|obs_0000021430|obs_0000025547|obs_0000033763|obs_0000031720|obs_0000017384|obs_0000019440|obs_0000013325|obs_0000019505|obs_0000031800|obs_0000025705|obs_0000009334|obs_0000015502|obs_0000027791|obs_0000011436|obs_0000033975|obs_0000023801|obs_0000021758|obs_0000009525|obs_0000021868|obs_0000017799|obs_0000026035|obs_0000013762,
Butcher s Barbecue Hähnchen-Minuten-Schnitzel,Keine Marke,"€ 13,33",,"pro Einheit = 13,33","in versch. Marinaden, SB-verpackt, je 1-kg-",Nein,2026-04-06 bis 2026-04-12,2026-04-06,2026-04-12,../images/rewe/bamberg_offer_078.jpg,"cat_molkerei_kaese,sub_gefluegel",bamberg,,,ref_000175,obs_0000000700|obs_0000005251|obs_0000001521,
Frische oder Haltbare Alpenmilch,Bärenmarke,"€ 0,95",,"pro Einheit = 0,95","3,8/3,5% Fett, je 1-l-Pckg.",Nein,2026-04-06 bis 2026-04-12,2026-04-06,2026-04-12,../images/rewe/bamberg_offer_056.jpg,"cat_molkerei_kaese,diet_vegetarian,sub_fleischersatz,sub_milchprodukte,sub_tk_gemuese,tag_high_protein",bamberg,,,ref_000176,obs_0000030112|obs_0000030476|obs_0000017303|obs_0000030532|obs_0000008635|obs_0000027727|obs_0000031782,
Hybrid Burger,Keine Marke,"€ 2,99",,"1 kg = 13,00","Green Burger mit 70% Rindfleischanteil und 30% Ackerbohne, je 230-g-Pckg.",Nein,2026-04-06 bis 2026-04-12,2026-04-06,2026-04-12,../images/rewe/bamberg_offer_079.jpg,"cat_molkerei_kaese,diet_gluten_free,diet_lactose_free,diet_vegan,diet_vegetarian,tag_whole_food",bamberg,,,ref_000177,obs_0000023609,
Mini Babybel 9er,Keine Marke,"€ 2,99",,"1 kg = 16,61","45% Fett i.Tr., je 180-g-Netz",Nein,2026-04-06 bis 2026-04-12,2026-04-06,2026-04-12,../images/rewe/bamberg_offer_057.jpg,"cat_molkerei_kaese,diet_gluten_free,diet_lactose_free,diet_vegan,diet_vegetarian,sub_frisches_gemuese,sub_frisches_obst,tag_ultra_processed,tag_whole_food",bamberg,,,ref_000178,obs_0000006792|obs_0000034182|obs_0000001648|obs_0000023295|obs_0000000803|obs_0000012328|obs_0000006379|obs_0000010932|obs_0000017530|obs_0000026024|obs_0000018128|obs_0000016216,
Barista Kokosdrink oder Mandeldrink ohne Zucker,Alpro,"€ 1,99",,"pro Einheit = 1,99",je 1-l-Pckg.,Nein,2026-04-06 bis 2026-04-12,2026-04-06,2026-04-12,../images/rewe/bamberg_offer_059.jpg,"cat_molkerei_kaese,diet_lactose_free,diet_vegan,diet_vegetarian,tag_ultra_processed",bamberg,,,ref_000179,obs_0000029474|obs_0000032553|obs_0000031931|obs_0000027979|obs_0000000190|obs_0000034619,
Almighurt,Ehrmann,"€ 0,39",,"1 kg = 2,60","versch. Sorten, je 150-g-Becher",Nein,2026-04-06 bis 2026-04-12,2026-04-06,2026-04-12,../images/rewe/bamberg_offer_061.jpg,"cat_molkerei_kaese,diet_vegetarian,sub_joghurt_skyr_quark,sub_milchprodukte",bamberg,,,ref_000180,obs_0000003093|obs_0000013502|obs_0000031451|obs_0000004902|obs_0000001348|obs_0000000360|obs_0000028525|obs_0000022905|obs_0000004475|obs_0000014217|obs_0000012194|obs_0000033699|obs_0000015270|obs_0000004048|obs_0000028641|obs_0000000497|obs_0000000513|obs_0000027740|obs_0000033915|obs_0000034514|obs_0000007335|obs_0000005336|obs_0000005901|obs_0000032555|obs_0000032081|obs_0000030116,obs_0000003093|obs_0000007335|obs_0000013502|obs_0000005336|obs_0000031451|obs_0000005901|obs_0000004902|obs_0000032555|obs_0000001348|obs_0000032081|obs_0000000360|obs_0000028525|obs_0000022905|obs_0000004475|obs_0000014217|obs_0000012194|obs_0000033699|obs_0000030116|obs_0000015270|obs_0000004048|obs_0000028641|obs_0000000497
Activia Joghurt,Danone,"€ 1,49",,"1 kg = 3,24","versch. Sorten, je 4 x 115-g-Becher-Pckg.",Nein,2026-04-06 bis 2026-04-12,2026-04-06,2026-04-12,../images/rewe/bamberg_offer_062.jpg,"cat_molkerei_kaese,diet_vegetarian,sub_joghurt_skyr_quark,sub_milchprodukte",bamberg,,,ref_000181,obs_0000006436|obs_0000004804|obs_0000004377|obs_0000016673|obs_0000000298|obs_0000003950|obs_0000019836|obs_0000003479|obs_0000015376|obs_0000028785|obs_0000010916|obs_0000026077|obs_0000005151|obs_0000005904|obs_0000007163|obs_0000021506|obs_0000021508|obs_0000025171|obs_0000026710|obs_0000020687|obs_0000020689|obs_0000025811|obs_0000017127|obs_0000023284|obs_0000034580|obs_0000028966|obs_0000025392|obs_0000015673|obs_0000019794|obs_0000033696|obs_0000009663|obs_0000009180|obs_0000023030|obs_0000008703,obs_0000005151|obs_0000005904|obs_0000016673|obs_0000006436|obs_0000019836|obs_0000007163
Matthews Hähnchen Filetstreifen,Keine Marke,"€ 2,59",,"1 kg = 20,72","Klassik, je 125-g-Pckg.",Nein,2026-04-06 bis 2026-04-12,2026-04-06,2026-04-12,../images/rewe/bamberg_offer_063.jpg,"cat_molkerei_kaese,diet_gluten_free,diet_lactose_free,sub_gefluegel,tag_proteinreich,tag_ultra_processed,tag_whole_food",bamberg,,,ref_000182,obs_0000029469|obs_0000006697,obs_0000029469
Nordsee Backfisch,Keine Marke,"€ 2,49",,"1 kg = 11,86","mit Remoulade, je 210-g-Pckg.",Nein,2026-04-06 bis 2026-04-12,2026-04-06,2026-04-12,../images/rewe/bamberg_offer_064.jpg,"cat_molkerei_kaese,diet_gluten_free,diet_lactose_free,diet_vegan,diet_vegetarian,tag_ultra_processed,tag_whole_food",bamberg,,,ref_000183,obs_0000006661|obs_0000005203,
Sahnepudding,Landliebe,"€ 0,49",,"1 kg = 3,27","Schokolade, je 150-g-Becher",Nein,2026-04-06 bis 2026-04-12,2026-04-06,2026-04-12,../images/rewe/bamberg_offer_060.jpg,"cat_molkerei_kaese,diet_vegetarian,sub_milchprodukte,sub_sahne_creme,tag_ultra_processed",bamberg,,BLS-Y869143,ref_000184,obs_0000031130|obs_0000020772|obs_0000021591|obs_0000021849|obs_0000031713|obs_0000010129|obs_0000011462|obs_0000013995|obs_0000023381|obs_0000029475|obs_0000029659|obs_0000032349,obs_0000010129|obs_0000031130|obs_0000020772|obs_0000029475|obs_0000011462|obs_0000021591|obs_0000021849|obs_0000032349|obs_0000031713
Fruchtzwerge,Danone,"€ 1,89",,"1 kg = 4,73","Erdbeere, Banane, Pfirsich-Birne, je 8 x 50-g-Becher",Nein,2026-04-06 bis 2026-04-12,2026-04-06,2026-04-12,../images/rewe/bamberg_offer_068.jpg,"cat_molkerei_kaese,diet_vegetarian,sub_joghurt_skyr_quark,sub_milchprodukte,tag_ultra_processed",bamberg,,BLS-S118000,ref_000185,obs_0000034583|obs_0000011040|obs_0000006450|obs_0000023647|obs_0000022892|obs_0000019507|obs_0000008117|obs_0000029107|obs_0000030808|obs_0000005729,obs_0000029107|obs_0000034583|obs_0000011040|obs_0000016416|obs_0000018471|obs_0000006450|obs_0000022460|obs_0000028351|obs_0000010306|obs_0000030808|obs_0000023647|obs_0000005729|obs_0000022892|obs_0000017527
Rama,Rama,"€ 1,29",,"1 kg = 5,73","pflanzlich basierter Brotaufstrich, versch. Sorten, je 225-g-Becher",Nein,2026-04-06 bis 2026-04-12,2026-04-06,2026-04-12,../images/rewe/bamberg_offer_067.jpg,"cat_molkerei_kaese,diet_vegetarian,sub_butter_margarine,tag_ultra_processed",bamberg,,BLS-F559100,ref_000186,obs_0000005541|obs_0000030811|obs_0000032353|obs_0000006100|obs_0000029529|obs_0000030181|obs_0000032613|obs_0000029447|obs_0000032544|obs_0000007774|obs_0000005351|obs_0000031979|obs_0000031980|obs_0000032083|obs_0000029803|obs_0000007770,
Meica Bratmaxe,Keine Marke,"€ 3,49",,"1 kg = 11,15",je 313-g-Pckg.,Nein,2026-04-06 bis 2026-04-12,2026-04-06,2026-04-12,../images/rewe/bamberg_offer_075.jpg,"cat_molkerei_kaese,diet_gluten_free,diet_lactose_free,diet_vegan,diet_vegetarian,tag_ultra_processed,tag_whole_food",bamberg,,,ref_000187,,
Metten Hähnchen in Aspik,Keine Marke,"€ 1,69",,"pro Einheit = 1,69","mit Frucht, je 100-g-",Nein,2026-04-06 bis 2026-04-12,2026-04-06,2026-04-12,../images/rewe/bamberg_offer_074.jpg,"cat_molkerei_kaese,diet_gluten_free,diet_lactose_free,diet_vegan,diet_vegetarian,sub_frisches_gemuese,sub_gefluegel,tag_proteinreich,tag_ultra_processed,tag_whole_food",bamberg,,,ref_000188,obs_0000029192|obs_0000030201,obs_0000029192|obs_0000030201
Portionen,Kiri,"€ 1,99",,"1 kg = 18,43",je 108-g-Pckg.,Nein,2026-04-06 bis 2026-04-12,2026-04-06,2026-04-12,../images/rewe/bamberg_offer_077.jpg,"cat_molkerei_kaese,diet_gluten_free,diet_lactose_free,diet_vegan,diet_vegetarian,tag_ultra_processed,tag_whole_food",bamberg,,,ref_000189,obs_0000021540|obs_0000029499|obs_0000018885|obs_0000010448|obs_0000025684|obs_0000019689|obs_0000020721|obs_0000023812|obs_0000023817|obs_0000001421|obs_0000024238|obs_0000024241|obs_0000011869|obs_0000012790|obs_0000018827|obs_0000017429,obs_0000029499
Frisches Hähnchen-Brustfilet,REWE Regional,"€ 6,99",,"1 kg = 12,71","Teilstück, je 550-g-Pckg.",Nein,2026-04-06 bis 2026-04-12,2026-04-06,2026-04-12,../images/rewe/bamberg_offer_072.jpg,"cat_molkerei_kaese,diet_lactose_free,sub_gefluegel,tag_high_protein,tag_proteinreich,tag_whole_food",bamberg,,,ref_000190,obs_0000031200|obs_0000030925|obs_0000030952|obs_0000031243|obs_0000029597|obs_0000030219|obs_0000030256|obs_0000028699|obs_0000028436|obs_0000028847|obs_0000025273|obs_0000021299|obs_0000027499|obs_0000009094|obs_0000020480|obs_0000030884|obs_0000029518|obs_0000030184|obs_0000022853|obs_0000010592|obs_0000031206|obs_0000029186|obs_0000027320|obs_0000026229,obs_0000030884|obs_0000030925|obs_0000030952|obs_0000029115|obs_0000031200|obs_0000029186|obs_0000031243|obs_0000029518|obs_0000029597|obs_0000025784|obs_0000030184|obs_0000030190|obs_0000030219|obs_0000030256|obs_0000032588
Vollmilchpudding,Landliebe,"€ 0,49",,"1 kg = 2,18","Schoko, je 225-g-Becher",Nein,2026-04-06 bis 2026-04-12,2026-04-06,2026-04-12,../images/rewe/bamberg_offer_073.jpg,"cat_molkerei_kaese,diet_vegetarian,sub_milchprodukte,sub_sahne_creme,tag_ultra_processed",bamberg,,,ref_000191,obs_0000031194|obs_0000029519|obs_0000007764|obs_0000032368,obs_0000029519|obs_0000007764|obs_0000031194|obs_0000032368
Steinhaus Pasta Rustica Tortelli,Keine Marke,"€ 1,69",,"1 kg = 8,45","versch. Sorten, je 200-g-Btl.",Nein,2026-04-06 bis 2026-04-12,2026-04-06,2026-04-12,../images/rewe/bamberg_offer_070.jpg,"cat_molkerei_kaese,diet_gluten_free,diet_lactose_free,diet_vegan,diet_vegetarian,sub_nudeln,tag_ultra_processed",bamberg,,,ref_000192,obs_0000028866|obs_0000020003|obs_0000035104|obs_0000028733|obs_0000022097|obs_0000002663|obs_0000034419|obs_0000017082|obs_0000021187|obs_0000034026|obs_0000026899|obs_0000018196|obs_0000018708|obs_0000016662|obs_0000028496|obs_0000011092|obs_0000014165|obs_0000019293|obs_0000019845|obs_0000020368|obs_0000025518|obs_0000028607|obs_0000018893|obs_0000017359|obs_0000016866,
Dippi,Kiri,"€ 1,99",,"1 kg = 18,95",je 105-g-Pckg.,Nein,2026-04-06 bis 2026-04-12,2026-04-06,2026-04-12,../images/rewe/bamberg_offer_069.jpg,cat_molkerei_kaese,bamberg,,,ref_000193,obs_0000008065|obs_0000012803|obs_0000018916|obs_0000021607|obs_0000011473|obs_0000011026|obs_0000020788|obs_0000013592|obs_0000022330|obs_0000029535,obs_0000008065|obs_0000012803|obs_0000018916|obs_0000021607|obs_0000011473|obs_0000011026|obs_0000020788|obs_0000013592|obs_0000022330|obs_0000029535
Schiller GQB Strohschwein Lyoner,Keine Marke,"€ 1,11",,"pro Einheit = 1,11","halbe oder ganze Ringe, je 100-g-",Nein,2026-04-06 bis 2026-04-12,2026-04-06,2026-04-12,../images/rewe/bamberg_offer_071.jpg,"cat_molkerei_kaese,sub_schwein,sub_wurst,tag_ultra_processed",bamberg,,,ref_000194,obs_0000031192|obs_0000029556|obs_0000029187|obs_0000031107|obs_0000031108|obs_0000030093|obs_0000028317|obs_0000029870|obs_0000031547|obs_0000030543|obs_0000032597|obs_0000029792|obs_0000031468|obs_0000029808|obs_0000030833|obs_0000029558|obs_0000031912|obs_0000032571|obs_0000029119|obs_0000028991|obs_0000030199|obs_0000021277|obs_0000019136|obs_0000021693|obs_0000024651|obs_0000033750|obs_0000020458,obs_0000031912|obs_0000028991|obs_0000031192|obs_0000029556
Saint Agur oder Etorki,Keine Marke,"€ 1,99",,"pro Einheit = 1,99","frz. Weich- oder Schnittkäse, versch. Sorten, je 100-g-",Nein,2026-04-06 bis 2026-04-12,2026-04-06,2026-04-12,../images/rewe/bamberg_offer_076.jpg,"cat_molkerei_kaese,diet_gluten_free,diet_lactose_free,diet_vegan,diet_vegetarian,tag_ultra_processed,tag_whole_food",bamberg,,,ref_000195,obs_0000032372,obs_0000032372
Double Choc Cookie,REWE Beste Wahl,"€ 1,99",,"1 kg = 8,84",je 225-g-Pckg.,Nein,2026-04-06 bis 2026-04-12,2026-04-06,2026-04-12,../images/rewe/immenstaad_offer_098.jpg,"cat_grundnahrung,diet_gluten_free,diet_lactose_free,diet_vegan,diet_vegetarian,tag_ultra_processed,tag_whole_food",immenstaad,,,ref_000196,obs_0000031553|obs_0000030897|obs_0000029880|obs_0000029032|obs_0000014547,obs_0000030897|obs_0000029880|obs_0000031553|obs_0000029032
Möhrenstifte,Keine Marke,"€ 0,79",,"1 kg = 3,95",je 200-g-Btl.,Nein,2026-04-06 bis 2026-04-12,2026-04-06,2026-04-12,../images/rewe/immenstaad_offer_087.jpg,"cat_obst_gemuese,diet_gluten_free,diet_lactose_free,diet_vegan,diet_vegetarian,sub_frisches_gemuese,tag_whole_food",immenstaad,,,ref_000197,obs_0000031964|obs_0000031165|obs_0000031743,obs_0000031964|obs_0000031165|obs_0000031743
Odol-med 3 Zahncreme,Keine Marke,"€ 3,99",,"1 l = 17,73","2+1 Gratis, je 3 x 75-ml-Tuben-Pckg.",Nein,2026-04-06 bis 2026-04-12,2026-04-06,2026-04-12,../images/rewe/immenstaad_offer_142.jpg,"cat_drogerie,diet_gluten_free,diet_lactose_free,diet_vegan,diet_vegetarian,tag_whole_food",immenstaad,,,ref_000198,obs_0000032773|obs_0000007111|obs_0000031055|obs_0000005488|obs_0000006397|obs_0000031348|obs_0000029055|obs_0000015114|obs_0000031914|obs_0000012467|obs_0000022872|obs_0000027360|obs_0000012899|obs_0000012024|obs_0000008315,obs_0000032773|obs_0000010272|obs_0000031914|obs_0000012467|obs_0000007111|obs_0000031055|obs_0000022872|obs_0000005488|obs_0000006397
Artikel-Bezeichnung,Keine Marke,"€ 10,99",,"1 l = 15,70","je 0,7-l-Fl.",Nein,2026-04-06 bis 2026-04-12,2026-04-06,2026-04-12,../images/rewe/immenstaad_offer_136.jpg,"cat_getraenke,diet_gluten_free,diet_lactose_free,diet_vegan,diet_vegetarian,tag_ultra_processed,tag_whole_food",immenstaad,,,ref_000199,obs_0000029866|obs_0000029906|obs_0000029853,obs_0000029866|obs_0000029906|obs_0000029853
Karamalz,Keine Marke,"€ 1,11",,"1 l = 1,48","alkoholfreies Malzgetränk, je 0,75-l-Fl., zzgl. 0,25 € Pfand",Nein,2026-04-06 bis 2026-04-12,2026-04-06,2026-04-12,../images/rewe/immenstaad_offer_129.jpg,"cat_getraenke,diet_gluten_free,diet_lactose_free,diet_vegan,diet_vegetarian,tag_ultra_processed,tag_whole_food",immenstaad,,,ref_000200,obs_0000030554|obs_0000030204|obs_0000032442,obs_0000030554|obs_0000030204|obs_0000032442
Veltins Pilsener oder V,Keine Marke,"€ 3,99",,"1 l = 2,02","versch. Sorten, teilw. koffeinhaltig, je 6 x 0,33-l-Fl.-Sixpack, zzgl. 0,48 € Pfand",Nein,2026-04-06 bis 2026-04-12,2026-04-06,2026-04-12,../images/rewe/immenstaad_offer_130.jpg,"cat_getraenke,diet_gluten_free,diet_lactose_free,diet_vegan,diet_vegetarian,tag_ultra_processed",immenstaad,,,ref_000201,obs_0000031557|obs_0000029887|obs_0000032304|obs_0000030754|obs_0000029764|obs_0000029928|obs_0000034836|obs_0000034842|obs_0000008415|obs_0000035044|obs_0000035045|obs_0000028988|obs_0000014656|obs_0000015503|obs_0000034091|obs_0000013820|obs_0000015939|obs_0000014011|obs_0000028405|obs_0000034637|obs_0000028547|obs_0000006020|obs_0000026503|obs_0000028664,obs_0000031557|obs_0000029887|obs_0000032304
Wassermelone,Keine Marke,"€ 1,59",,"pro Einheit = 1,59","Kl. I, je 1-kg-",Nein,2026-04-06 bis 2026-04-12,2026-04-06,2026-04-12,../images/rewe/immenstaad_offer_022.jpg,"cat_obst_gemuese,diet_gluten_free,diet_lactose_free,diet_vegan,diet_vegetarian,sub_exoten,sub_frisches_obst,tag_whole_food",immenstaad,,BLS-F535100,ref_000202,obs_0000031381|obs_0000006962|obs_0000006426|obs_0000013140,obs_0000031381
Bio Orangen,Keine Marke,"€ 1,99",,"pro Einheit = 1,99","Sorte: siehe Etikett, Kl. I, je 1-kg-Netz",Nein,2026-04-06 bis 2026-04-12,2026-04-06,2026-04-12,../images/rewe/immenstaad_offer_025.jpg,"cat_obst_gemuese,diet_gluten_free,diet_lactose_free,diet_vegan,diet_vegetarian,sub_exoten,sub_frisches_obst,tag_ultra_processed,tag_whole_food",immenstaad,,BLS-F603100,ref_000203,obs_0000033716|obs_0000034534|obs_0000034915|obs_0000029591|obs_0000029943|obs_0000030120|obs_0000031152|obs_0000034119|obs_0000001687|obs_0000005873|obs_0000031952|obs_0000007526|obs_0000016457|obs_0000024992|obs_0000008755|obs_0000017005|obs_0000008977|obs_0000009316|obs_0000025768|obs_0000009787|obs_0000010164|obs_0000034743|obs_0000026554|obs_0000019119|obs_0000027355|obs_0000027858|obs_0000028048|obs_0000028056|obs_0000011816|obs_0000012745|obs_0000029131|obs_0000029277|obs_0000029592|obs_0000029823|obs_0000021906|obs_0000013904|obs_0000030565|obs_0000014361|obs_0000030827|obs_0000031118|obs_0000014880|obs_0000031473|obs_0000032059|obs_0000032323|obs_0000024463,obs_0000033716|obs_0000034534|obs_0000034915|obs_0000029591|obs_0000029943|obs_0000030120|obs_0000031152
Bio Feldsalat,Keine Marke,"€ 1,19",,"1 kg = 11,90","Kl. II, je 100-g-Pckg.",Nein,2026-04-06 bis 2026-04-12,2026-04-06,2026-04-12,../images/rewe/immenstaad_offer_026.jpg,"cat_obst_gemuese,diet_gluten_free,diet_lactose_free,diet_vegan,diet_vegetarian,sub_frisches_gemuese,sub_frisches_obst,sub_salate,tag_whole_food",immenstaad,,,ref_000204,obs_0000034310|obs_0000027524|obs_0000020109|obs_0000028339|obs_0000020928|obs_0000029125|obs_0000017466|obs_0000009394|obs_0000009855|obs_0000030830|obs_0000006273|obs_0000007525|obs_0000007533|obs_0000007739|obs_0000032334|obs_0000005712|obs_0000005708|obs_0000005890|obs_0000005895,obs_0000034310|obs_0000027524|obs_0000020109|obs_0000028339|obs_0000020928|obs_0000029125
Bio Süßkartoffeln,Keine Marke,"€ 3,33",,"pro Einheit = 3,33","Kl. I, je 1-kg-",Nein,2026-04-06 bis 2026-04-12,2026-04-06,2026-04-12,../images/rewe/immenstaad_offer_027.jpg,"cat_obst_gemuese,diet_gluten_free,diet_lactose_free,diet_vegan,diet_vegetarian,sub_frisches_gemuese,sub_frisches_obst,sub_kartoffeln,tag_ultra_processed,tag_whole_food",immenstaad,,BLS-K420100,ref_000205,obs_0000010153|obs_0000028913|obs_0000029812|obs_0000014262|obs_0000008188,obs_0000034698
Landbauern Schwein Grillrippe,Keine Marke,"€ 0,99",,"pro Einheit = 0,99","gegart und mariniert, Haltungsform 3, je 100-g-",Nein,2026-04-06 bis 2026-04-12,2026-04-06,2026-04-12,../images/rewe/immenstaad_offer_033.jpg,"cat_fleisch_wurst,diet_gluten_free,diet_lactose_free,diet_vegetarian,sub_schwein,tag_whole_food",immenstaad,,,ref_000206,obs_0000031241|obs_0000030230|obs_0000029899,
Landbauern Rind Entrec te,Keine Marke,"€ 2,99",,"pro Einheit = 2,99","am Stück oder in Scheiben, Haltungsform 3, je 100-g-",Nein,2026-04-06 bis 2026-04-12,2026-04-06,2026-04-12,../images/rewe/immenstaad_offer_034.jpg,"cat_fleisch_wurst,diet_gluten_free,diet_lactose_free,diet_vegan,diet_vegetarian,sub_rind,tag_high_protein,tag_proteinreich,tag_whole_food",immenstaad,,,ref_000207,obs_0000030580|obs_0000029602|obs_0000031232|obs_0000028464|obs_0000030463|obs_0000015746|obs_0000031116|obs_0000015347,obs_0000030580|obs_0000029602|obs_0000031232
Schneider Rostbratwurst,Keine Marke,"€ 1,19",,"pro Einheit = 1,19","im Naturdarm, je 100-g-",Nein,2026-04-06 bis 2026-04-12,2026-04-06,2026-04-12,../images/rewe/immenstaad_offer_035.jpg,"cat_fleisch_wurst,sub_wurst,tag_ultra_processed",immenstaad,,,ref_000208,obs_0000013376|obs_0000014464,
Mango,Mango,"€ 1,19",,"pro Einheit = 1,19","Sorte: siehe Etikett, Kl. I, je 1-St.",Nein,2026-04-06 bis 2026-04-12,2026-04-06,2026-04-12,../images/rewe/immenstaad_offer_020.jpg,"cat_obst_gemuese,diet_gluten_free,diet_lactose_free,diet_vegan,diet_vegetarian,sub_exoten,sub_frisches_obst,tag_whole_food",immenstaad,,BLS-F516100,ref_000209,obs_0000024112|obs_0000033713|obs_0000034740|obs_0000031322|obs_0000009349|obs_0000029722|obs_0000028316|obs_0000021278|obs_0000004393|obs_0000000306|obs_0000027322|obs_0000029883|obs_0000004820|obs_0000026453|obs_0000009816|obs_0000016865|obs_0000020459|obs_0000025584|obs_0000026739|obs_0000003966|obs_0000030475|obs_0000028050|obs_0000006424|obs_0000031148|obs_0000034121|obs_0000034389|obs_0000034531|obs_0000028656|obs_0000028539|obs_0000006276|obs_0000006280|obs_0000010640|obs_0000031632|obs_0000034579|obs_0000034046|obs_0000031158|obs_0000027838|obs_0000028870|obs_0000028628|obs_0000010971|obs_0000015714|obs_0000028514|obs_0000005129|obs_0000011787|obs_0000013333|obs_0000024470|obs_0000030870|obs_0000015282|obs_0000014421|obs_0000029526,obs_0000009349|obs_0000029722|obs_0000028316|obs_0000021278|obs_0000004393|obs_0000024112|obs_0000033713|obs_0000000306|obs_0000034740|obs_0000027322|obs_0000029883|obs_0000004820|obs_0000026453|obs_0000009816|obs_0000031322|obs_0000016865|obs_0000020459|obs_0000025584|obs_0000026739|obs_0000003966
Riesenorangen,Keine Marke,"€ 3,99",,"1 kg = 1,60","Sorte: siehe Etikett, Kl. I, je 2,5-kg-Netz",Nein,2026-04-06 bis 2026-04-12,2026-04-06,2026-04-12,../images/rewe/immenstaad_offer_018.jpg,"cat_obst_gemuese,diet_gluten_free,diet_lactose_free,diet_vegan,diet_vegetarian,sub_frisches_obst,tag_ultra_processed,tag_whole_food",immenstaad,,,ref_000210,obs_0000032520|obs_0000030121|obs_0000029484|obs_0000007138|obs_0000007309|obs_0000005870|obs_0000006607|obs_0000007322|obs_0000005693|obs_0000005312,obs_0000032520|obs_0000030121|obs_0000029484
Avocado,Keine Marke,"€ 1,11",,"pro Einheit = 1,11","»Hass«, Ursprung: siehe Etikett, Kl. I, je 1-St.",Nein,2026-04-06 bis 2026-04-12,2026-04-06,2026-04-12,../images/rewe/immenstaad_offer_017.jpg,"cat_obst_gemuese,diet_gluten_free,diet_lactose_free,diet_vegan,diet_vegetarian,sub_exoten,sub_frisches_gemuese,sub_frisches_obst,tag_ultra_processed,tag_whole_food",immenstaad,,BLS-F502100,ref_000211,obs_0000017166|obs_0000029201|obs_0000020117|obs_0000027541|obs_0000008728|obs_0000001305|obs_0000000694|obs_0000034105|obs_0000000058|obs_0000018748|obs_0000029123|obs_0000020936|obs_0000027854|obs_0000034516|obs_0000030562|obs_0000014073|obs_0000030466|obs_0000030212|obs_0000032517|obs_0000007317|obs_0000031260|obs_0000006430|obs_0000024863|obs_0000030124|obs_0000030257|obs_0000025778|obs_0000033717|obs_0000034744|obs_0000030826|obs_0000030959|obs_0000028796|obs_0000006418|obs_0000015526|obs_0000028463|obs_0000028218|obs_0000011409|obs_0000011817|obs_0000012744|obs_0000006605|obs_0000013139|obs_0000012255|obs_0000028383|obs_0000014440|obs_0000006785|obs_0000030016|obs_0000007527|obs_0000000895,obs_0000017166|obs_0000029201|obs_0000020117|obs_0000027541|obs_0000008728|obs_0000001305|obs_0000000694|obs_0000034105|obs_0000000058|obs_0000018748|obs_0000029123|obs_0000020936|obs_0000027854|obs_0000034516|obs_0000030562|obs_0000014073
Soya Alternativen,Alpro,"€ 1,89",,"1 kg = 4,73","versch. Sorten, je 400-g-Becher",Nein,2026-04-06 bis 2026-04-12,2026-04-06,2026-04-12,../images/rewe/immenstaad_offer_005.jpg,"cat_non_food,diet_gluten_free,diet_lactose_free,diet_vegan,diet_vegetarian",immenstaad,,,ref_000212,,
Schweine-Bauch,Keine Marke,"€ 0,88",,"pro Einheit = 0,88","ohne Knochen, am Stück, Haltungsform 2, je 100-g-",Nein,2026-04-06 bis 2026-04-12,2026-04-06,2026-04-12,../images/rewe/immenstaad_offer_037.jpg,"cat_fleisch_wurst,diet_gluten_free,diet_lactose_free,diet_vegan,diet_vegetarian,sub_schwein,tag_whole_food",immenstaad,,BLS-U642100,ref_000213,obs_0000027688|obs_0000029284|obs_0000030627,obs_0000027688|obs_0000029284|obs_0000030627
Schweine-Nacken,Keine Marke,"€ 0,77",,"pro Einheit = 0,77","ohne Knochen, am Stück oder in Scheiben, Haltungsform 2, je 100-g-",Nein,2026-04-06 bis 2026-04-12,2026-04-06,2026-04-12,../images/rewe/immenstaad_offer_038.jpg,"cat_fleisch_wurst,diet_gluten_free,diet_lactose_free,diet_vegan,diet_vegetarian,sub_schwein,tag_ultra_processed,tag_whole_food",immenstaad,,,ref_000214,obs_0000032338|obs_0000029889|obs_0000026349|obs_0000027909|obs_0000027469|obs_0000030577,obs_0000032338|obs_0000029889|obs_0000026349|obs_0000027909|obs_0000027469|obs_0000030577
Wilhelm Brandenburg Fleischwurst,Keine Marke,"€ 0,99",,"pro Einheit = 0,99","versch. Sorten, je 100-g-",Nein,2026-04-06 bis 2026-04-12,2026-04-06,2026-04-12,../images/rewe/immenstaad_offer_062.jpg,"cat_molkerei_kaese,diet_lactose_free,sub_wurst,tag_ultra_processed",immenstaad,,,ref_000215,obs_0000031245|obs_0000029831|obs_0000029613|obs_0000032192|obs_0000030542|obs_0000032612|obs_0000030576|obs_0000034703|obs_0000008871|obs_0000034472|obs_0000014928|obs_0000011863|obs_0000027764,obs_0000031245
Metten Salami-Aufschnitt Spezial,Keine Marke,"€ 1,59",,"pro Einheit = 1,59","versch. Sorten, je 100-g-",Nein,2026-04-06 bis 2026-04-12,2026-04-06,2026-04-12,../images/rewe/immenstaad_offer_063.jpg,"cat_molkerei_kaese,diet_gluten_free,diet_lactose_free,diet_vegan,diet_vegetarian,sub_wurst,tag_ultra_processed,tag_whole_food",immenstaad,,,ref_000216,obs_0000030872|obs_0000029173|obs_0000026626|obs_0000000819|obs_0000023205|obs_0000002611|obs_0000010316|obs_0000014932|obs_0000019030|obs_0000028273|obs_0000005781|obs_0000003239|obs_0000019666|obs_0000016602|obs_0000008425|obs_0000021226|obs_0000003307|obs_0000002285|obs_0000011010|obs_0000025355|obs_0000026898|obs_0000017184|obs_0000007987|obs_0000025934|obs_0000008039|obs_0000016755|obs_0000034176|obs_0000002957|obs_0000020407|obs_0000016328|obs_0000017375|obs_0000031198|obs_0000010234,obs_0000030872|obs_0000029173
Kalbs-Schnitzel,Keine Marke,"€ 2,22",,"pro Einheit = 2,22","aus der Keule, je 100-g-",Nein,2026-04-06 bis 2026-04-12,2026-04-06,2026-04-12,../images/rewe/immenstaad_offer_039.jpg,"cat_fleisch_wurst,diet_gluten_free,diet_lactose_free,diet_vegetarian,tag_ultra_processed,tag_whole_food",immenstaad,,BLS-U342100,ref_000217,obs_0000030209|obs_0000029604|obs_0000005251|obs_0000000700|obs_0000001521|obs_0000029183,obs_0000030209|obs_0000029604
Frisches Hähnchen-Brustfilet,Keine Marke,"€ 11,10",,"pro Einheit = 11,10","Teilstück, SB-verpackt, je 1-kg-",Nein,2026-04-06 bis 2026-04-12,2026-04-06,2026-04-12,../images/rewe/immenstaad_offer_065.jpg,"cat_molkerei_kaese,diet_gluten_free,diet_lactose_free,sub_gefluegel,tag_high_protein,tag_proteinreich,tag_whole_food",immenstaad,,,ref_000218,obs_0000030925|obs_0000030952|obs_0000031200|obs_0000031243|obs_0000029597|obs_0000030219|obs_0000030256|obs_0000028699|obs_0000028847|obs_0000025273|obs_0000021299|obs_0000027499|obs_0000009094|obs_0000028436|obs_0000020480|obs_0000030884|obs_0000029518|obs_0000030184|obs_0000022853|obs_0000010592|obs_0000031206|obs_0000029186|obs_0000027320|obs_0000026229,obs_0000030925|obs_0000030952|obs_0000031200|obs_0000029186|obs_0000031243|obs_0000029597|obs_0000025784|obs_0000030219|obs_0000030256
Schweinebauch-Scheiben,Keine Marke,"€ 13,90",,"pro Einheit = 13,90","in feuriger Chili-Marinade, SB-verpackt, je 1-kg-",Nein,2026-04-06 bis 2026-04-12,2026-04-06,2026-04-12,../images/rewe/immenstaad_offer_068.jpg,"cat_molkerei_kaese,diet_gluten_free,diet_lactose_free,diet_vegan,diet_vegetarian,sub_schwein,tag_whole_food",immenstaad,,,ref_000219,obs_0000009754|obs_0000008228|obs_0000026151|obs_0000002625|obs_0000021569|obs_0000002131|obs_0000018092|obs_0000003294|obs_0000004849|obs_0000010483|obs_0000020750|obs_0000022294|obs_0000004422|obs_0000005986|obs_0000002942|obs_0000006538|obs_0000003995|obs_0000034750|obs_0000019928|obs_0000025059,
Meister Salami,Keine Marke,"€ 1,49",,"pro Einheit = 1,49",je 100-g-,Nein,2026-04-06 bis 2026-04-12,2026-04-06,2026-04-12,../images/rewe/immenstaad_offer_041.jpg,"cat_obst_gemuese,diet_gluten_free,diet_lactose_free,diet_vegan,diet_vegetarian,sub_frisches_gemuese,sub_salate,sub_wurst,tag_ultra_processed",immenstaad,,,ref_000220,obs_0000002611|obs_0000010316|obs_0000014932|obs_0000019030|obs_0000028273|obs_0000005781|obs_0000023205|obs_0000003239|obs_0000019666|obs_0000016602|obs_0000008425|obs_0000021226|obs_0000003307|obs_0000002285|obs_0000011010|obs_0000025355|obs_0000026898|obs_0000017184|obs_0000007987|obs_0000025934|obs_0000008039|obs_0000016755|obs_0000034176|obs_0000002957|obs_0000020407|obs_0000016328|obs_0000017375|obs_0000031198|obs_0000010234,
Bio Geifertshofener Schwarzkümmelkäse,Keine Marke,"€ 2,59",,"pro Einheit = 2,59","halbf. Schnittkäse, mind. 45% Fett i.Tr., je 100-g-",Nein,2026-04-06 bis 2026-04-12,2026-04-06,2026-04-12,../images/rewe/immenstaad_offer_043.jpg,"cat_getraenke,diet_gluten_free,diet_lactose_free,diet_vegan,diet_vegetarian,sub_kaese,sub_milchprodukte,tag_ultra_processed,tag_whole_food",immenstaad,,,ref_000221,obs_0000029221,obs_0000029221
Rubachtaler Bergkäse Vorarlberg g U,Keine Marke,"€ 2,19",,"pro Einheit = 2,19","öster. Hartkäse, mind. 45% Fett i.Tr., je 100-g-",Nein,2026-04-06 bis 2026-04-12,2026-04-06,2026-04-12,../images/rewe/immenstaad_offer_044.jpg,"cat_molkerei_kaese,diet_vegan,diet_vegetarian,sub_kaese,sub_milchprodukte,tag_whole_food",immenstaad,,,ref_000222,obs_0000029606|obs_0000022817|obs_0000022831|obs_0000033971|obs_0000008766|obs_0000016093,obs_0000029606
Landbauern Schwein Krakauer,Keine Marke,"€ 1,29",,"pro Einheit = 1,29","mit oder ohne Kümmel, je 100-g-",Nein,2026-04-06 bis 2026-04-12,2026-04-06,2026-04-12,../images/rewe/immenstaad_offer_045.jpg,"cat_fleisch_wurst,diet_gluten_free,diet_lactose_free,diet_vegetarian,sub_schwein,tag_high_protein",immenstaad,,,ref_000223,obs_0000031241|obs_0000030230|obs_0000029899|obs_0000011015|obs_0000012296|obs_0000010032|obs_0000013753|obs_0000014155|obs_0000008147|obs_0000009582|obs_0000005236|obs_0000006526,
Der Metzger Schneider Puten Fleischkäse,Keine Marke,"€ 1,29",,"pro Einheit = 1,29",je 100-g-,Nein,2026-04-06 bis 2026-04-12,2026-04-06,2026-04-12,../images/rewe/immenstaad_offer_046.jpg,"cat_fleisch_wurst,sub_gefluegel,sub_kaese,sub_schwein,tag_ultra_processed",immenstaad,,,ref_000224,obs_0000007220,
Bonaparte Classic,Keine Marke,"€ 1,89",,"pro Einheit = 1,89","Schweizer Weichkäse, mind. 50% Fett i.Tr., je 100-g-",Nein,2026-04-06 bis 2026-04-12,2026-04-06,2026-04-12,../images/rewe/immenstaad_offer_042.jpg,"cat_obst_gemuese,diet_gluten_free,diet_lactose_free,diet_vegan,diet_vegetarian,sub_frisches_obst,tag_ultra_processed,tag_whole_food",immenstaad,,,ref_000225,obs_0000025668|obs_0000028751|obs_0000001628|obs_0000001643|obs_0000020596|obs_0000015018|obs_0000026884|obs_0000011543|obs_0000024877|obs_0000035101|obs_0000034649|obs_0000021415|obs_0000031658,
Dinkel-Karotten-Brot,Keine Marke,"€ 1,69",,"1 kg = 3,38","Dinkelbrot mit Karottenstreifen, je 500-g-St.",Nein,2026-04-06 bis 2026-04-12,2026-04-06,2026-04-12,../images/rewe/neubrandenburg_offer_109.jpg,"cat_grundnahrung,diet_gluten_free,diet_lactose_free,diet_vegan,diet_vegetarian,sub_frisches_gemuese,tag_whole_food",neubrandenburg,,,ref_000226,obs_0000003113|obs_0000026282|obs_0000001875|obs_0000000116|obs_0000000500,
Bebivita Fruchtquetschen,Keine Marke,"€ 2,39",,"1 kg = 6,64","versch Sorten, je 4 x 90-g-Pckg.",Nein,2026-04-06 bis 2026-04-12,2026-04-06,2026-04-12,../images/rewe/neubrandenburg_offer_181.jpg,"cat_drogerie,diet_gluten_free,diet_lactose_free,diet_vegan,diet_vegetarian,tag_ultra_processed,tag_whole_food",neubrandenburg,,,ref_000227,obs_0000029635|obs_0000031922,obs_0000029635|obs_0000031922
Hasseröder Premium Pils,Keine Marke,"€ 8,99",,"1 l = 0,90","je 20 x 0,5-l-Fl.-Kasten, zzgl. 3,10 € Pfand",Nein,2026-04-06 bis 2026-04-12,2026-04-06,2026-04-12,../images/rewe/neubrandenburg_offer_150.jpg,"cat_getraenke,diet_gluten_free,diet_lactose_free,diet_vegetarian",neubrandenburg,,,ref_000228,obs_0000031079|obs_0000031248|obs_0000029243|obs_0000029927|obs_0000030395|obs_0000030607|obs_0000028695|obs_0000014397|obs_0000028734|obs_0000012445|obs_0000016561|obs_0000010479|obs_0000026883|obs_0000012662|obs_0000008613|obs_0000010756|obs_0000011146|obs_0000011148|obs_0000027560|obs_0000013350|obs_0000033895|obs_0000027845|obs_0000011594|obs_0000009703|obs_0000013836|obs_0000015938|obs_0000034432|obs_0000028520|obs_0000028575|obs_0000028635|obs_0000008187|obs_0000029198|obs_0000031389|obs_0000026008|obs_0000008006|obs_0000028759|obs_0000012448|obs_0000016578|obs_0000028878|obs_0000035035|obs_0000028937|obs_0000008467|obs_0000000370|obs_0000004495|obs_0000010755|obs_0000012871|obs_0000027329|obs_0000004922|obs_0000017247|obs_0000031695,obs_0000028695|obs_0000010479|obs_0000026883|obs_0000031079|obs_0000012662|obs_0000010756|obs_0000031248|obs_0000029243|obs_0000033895|obs_0000027845|obs_0000029927|obs_0000030395|obs_0000030607|obs_0000028575|obs_0000008187
Sommerhell oder Premium,Altenburger,"€ 11,49",,"1 l = 1,15","versch. Sorten, je 20 x 0,5-l-Fl.-Kasten, zzgl. 4,50 € Pfand",Nein,2026-04-06 bis 2026-04-12,2026-04-06,2026-04-12,../images/rewe/neubrandenburg_offer_153.jpg,"cat_getraenke,sub_kaese",neubrandenburg,,,ref_000229,obs_0000011595|obs_0000013830,
Köstritzer Schwarzbier,Keine Marke,"€ 13,99",,"1 l = 1,40","je 20 x 0,5-l-Fl.-Kasten, zzgl. 3,10 € Pfand",Nein,2026-04-06 bis 2026-04-12,2026-04-06,2026-04-12,../images/rewe/neubrandenburg_offer_156.jpg,"cat_getraenke,diet_gluten_free,diet_lactose_free,diet_vegan,diet_vegetarian,tag_ultra_processed,tag_whole_food",neubrandenburg,,,ref_000230,obs_0000029030|obs_0000029259|obs_0000031255|obs_0000032727|obs_0000006906|obs_0000009456|obs_0000013399,obs_0000029030|obs_0000029259|obs_0000009456|obs_0000031255|obs_0000032727|obs_0000013399|obs_0000006906
Mini Roma Rispentomaten,Keine Marke,"€ 2,69",,"1 kg = 10,76","»Aromatica«, Kl. I, je 250-g-Schale",Nein,2026-04-06 bis 2026-04-12,2026-04-06,2026-04-12,../images/rewe/neubrandenburg_offer_027.jpg,"cat_obst_gemuese,diet_gluten_free,diet_lactose_free,diet_vegan,diet_vegetarian,sub_frisches_gemuese,tag_whole_food",neubrandenburg,,,ref_000231,obs_0000030961|obs_0000029645|obs_0000030568|obs_0000006427|obs_0000006431|obs_0000029206|obs_0000031628|obs_0000030260|obs_0000030918|obs_0000031140|obs_0000029129|obs_0000029204|obs_0000031461|obs_0000030141|obs_0000032515|obs_0000030469|obs_0000030614|obs_0000012328|obs_0000008287|obs_0000006379|obs_0000027139|obs_0000010932|obs_0000027413|obs_0000031578|obs_0000000876|obs_0000029590|obs_0000017530|obs_0000027927|obs_0000026024|obs_0000026075|obs_0000013997|obs_0000018128|obs_0000016216,obs_0000030961|obs_0000029645|obs_0000030568
Weißer Spargel,Keine Marke,"€ 3,99",,"1 kg = 7,98","Kl. I, je 500-g-Bund",Nein,2026-04-06 bis 2026-04-12,2026-04-06,2026-04-12,../images/rewe/neubrandenburg_offer_029.jpg,"cat_obst_gemuese,diet_gluten_free,diet_lactose_free,diet_vegan,diet_vegetarian,sub_frisches_gemuese,tag_whole_food",neubrandenburg,,,ref_000232,,
Bio Limette,Keine Marke,"€ 0,39",,"pro Einheit = 0,39","Sorte: siehe Etikett, Kl. II, je 1-St.",Nein,2026-04-06 bis 2026-04-12,2026-04-06,2026-04-12,../images/rewe/neubrandenburg_offer_024.jpg,"cat_obst_gemuese,diet_gluten_free,diet_lactose_free,diet_vegan,diet_vegetarian,sub_exoten,sub_frisches_gemuese,sub_frisches_obst,tag_whole_food",neubrandenburg,,BLS-F602100,ref_000233,obs_0000030571|obs_0000032325|obs_0000011971,obs_0000034316|obs_0000030571|obs_0000032325
Grüne Kiwi,Keine Marke,"€ 0,33",,"pro Einheit = 0,33","Kl. I, je 1-St.",Nein,2026-04-06 bis 2026-04-12,2026-04-06,2026-04-12,../images/rewe/neubrandenburg_offer_021.jpg,"cat_obst_gemuese,diet_gluten_free,diet_lactose_free,diet_vegan,diet_vegetarian,sub_exoten,sub_frisches_obst,tag_whole_food",neubrandenburg,,,ref_000234,obs_0000031324|obs_0000029818|obs_0000029923|obs_0000010274,obs_0000031324|obs_0000029818|obs_0000029923|obs_0000030464
Frische Hähnchen-Brustfilets,REWE Bio,"€ 34,90",,"pro Einheit = 34,90","Hkl. A, SB-verpackt, je 1-kg-",Nein,2026-04-06 bis 2026-04-12,2026-04-06,2026-04-12,../images/rewe/neubrandenburg_offer_009.jpg,"cat_fleisch_wurst,diet_gluten_free,diet_lactose_free,sub_gefluegel,tag_high_protein,tag_proteinreich,tag_whole_food",neubrandenburg,,,ref_000235,obs_0000025784|obs_0000024674|obs_0000031635|obs_0000002399|obs_0000002678|obs_0000000633|obs_0000002744|obs_0000003144|obs_0000001424|obs_0000030541|obs_0000030629|obs_0000002168|obs_0000030896|obs_0000022949|obs_0000029218|obs_0000031267|obs_0000029224|obs_0000029274|obs_0000029291|obs_0000031542|obs_0000031584|obs_0000031623|obs_0000029596|obs_0000003026|obs_0000029666|obs_0000029905,obs_0000030925|obs_0000030952|obs_0000031200|obs_0000031243|obs_0000029218|obs_0000029274|obs_0000029597|obs_0000025784|obs_0000030219|obs_0000030256|obs_0000030541|obs_0000030629
Pakchoi,Keine Marke,"€ 1,49",,"1 kg = 4,97","Kl. I, je 300-g-Pckg.",Nein,2026-04-06 bis 2026-04-12,2026-04-06,2026-04-12,../images/rewe/neubrandenburg_offer_010.jpg,"cat_obst_gemuese,diet_gluten_free,diet_lactose_free,diet_vegan,diet_vegetarian,sub_exoten,sub_frisches_gemuese,sub_frisches_obst,tag_ultra_processed,tag_whole_food",neubrandenburg,,BLS-G324100,ref_000236,obs_0000029582|obs_0000029497,obs_0000029582
Staudensellerie,Keine Marke,"€ 0,99",,"pro Einheit = 0,99","Kl. I, je 1-St.",Nein,2026-04-06 bis 2026-04-12,2026-04-06,2026-04-12,../images/rewe/neubrandenburg_offer_011.jpg,"cat_obst_gemuese,diet_gluten_free,diet_lactose_free,diet_vegan,diet_vegetarian,sub_frisches_gemuese,tag_whole_food",neubrandenburg,,,ref_000237,obs_0000019554|obs_0000028655|obs_0000032336|obs_0000030261|obs_0000028538|obs_0000010563|obs_0000015651|obs_0000030437|obs_0000012239|obs_0000005694,obs_0000019554|obs_0000028655|obs_0000032336|obs_0000030261|obs_0000028538
Erdbeeren,Keine Marke,"€ 3,33",,"1 kg = 8,33","»Calinda«, Kl. I, je 400-g-Schale",Nein,2026-04-06 bis 2026-04-12,2026-04-06,2026-04-12,../images/rewe/neubrandenburg_offer_019.jpg,"cat_obst_gemuese,diet_gluten_free,diet_lactose_free,diet_vegan,diet_vegetarian,sub_exoten,sub_frisches_gemuese,sub_frisches_obst,tag_whole_food",neubrandenburg,,BLS-F301100,ref_000238,obs_0000022919|obs_0000006408|obs_0000030617|obs_0000027419|obs_0000031261|obs_0000029494|obs_0000030915|obs_0000024529|obs_0000031576|obs_0000030564|obs_0000031462|obs_0000000875|obs_0000006265|obs_0000032512|obs_0000033793|obs_0000012233|obs_0000013901|obs_0000034400|obs_0000030989|obs_0000005687|obs_0000006083|obs_0000006092|obs_0000015717|obs_0000013414|obs_0000013418|obs_0000011389|obs_0000030428,obs_0000022919|obs_0000006408|obs_0000030617|obs_0000027419|obs_0000031261|obs_0000029494|obs_0000030915|obs_0000024529|obs_0000031576|obs_0000030564|obs_0000031462|obs_0000000875|obs_0000006265|obs_0000032512
Migo Grüne Tafelbirnen,Keine Marke,"€ 1,99",,"pro Einheit = 1,99","Sorte: siehe Etikett, Kl. I, je 1-kg-",Nein,2026-04-06 bis 2026-04-12,2026-04-06,2026-04-12,../images/rewe/neubrandenburg_offer_020.jpg,"cat_obst_gemuese,diet_gluten_free,diet_lactose_free,diet_vegan,diet_vegetarian,sub_frisches_obst,tag_whole_food",neubrandenburg,,,ref_000239,obs_0000030854|obs_0000029711|obs_0000030480|obs_0000031151|obs_0000030137|obs_0000028994|obs_0000008712|obs_0000008373|obs_0000028627|obs_0000028513|obs_0000010484,
Deutsche See ASC Garnelen-Pfännchen Knoblauch-Kräuter,Keine Marke,"€ 3,99",,"1 kg = 26,60","aufgetaut, je 150-g-Schale",Nein,2026-04-06 bis 2026-04-12,2026-04-06,2026-04-12,../images/rewe/neubrandenburg_offer_072.jpg,cat_molkerei_kaese,neubrandenburg,,,ref_000240,obs_0000003631|obs_0000030436|obs_0000032494|obs_0000001313|obs_0000004921|obs_0000000369|obs_0000031626|obs_0000004494|obs_0000003502|obs_0000004067|obs_0000001520,
Rinder-Hackfleisch,Keine Marke,"€ 3,79",,"1 kg = 15,16",je 250-g-Pckg.,Nein,2026-04-06 bis 2026-04-12,2026-04-06,2026-04-12,../images/rewe/neubrandenburg_offer_057.jpg,"cat_molkerei_kaese,sub_hackfleisch,sub_rind,tag_proteinreich,tag_ultra_processed,tag_whole_food",neubrandenburg,,BLS-U010100,ref_000241,obs_0000002149|obs_0000026223|obs_0000027280|obs_0000029904|obs_0000029964|obs_0000026901|obs_0000031541|obs_0000032583|obs_0000026471|obs_0000031208|obs_0000019685|obs_0000022571|obs_0000001083|obs_0000029295|obs_0000000646|obs_0000029879|obs_0000030444|obs_0000000826|obs_0000030536|obs_0000030574|obs_0000030626|obs_0000030194|obs_0000034323|obs_0000011423|obs_0000033726,obs_0000002149|obs_0000026223|obs_0000027280|obs_0000029904|obs_0000019685|obs_0000029964|obs_0000026901|obs_0000031541|obs_0000032583|obs_0000026471|obs_0000031208
Kalnik Original Pfälzer Leberwurst,Keine Marke,"€ 0,99",,"pro Einheit = 0,99",je 100-g-,Nein,2026-04-06 bis 2026-04-12,2026-04-06,2026-04-12,../images/rewe/neubrandenburg_offer_059.jpg,"cat_molkerei_kaese,diet_gluten_free,diet_lactose_free,diet_vegan,sub_wurst,tag_ultra_processed",neubrandenburg,,,ref_000242,obs_0000006686|obs_0000029615|obs_0000013335|obs_0000005226|obs_0000027924|obs_0000026179|obs_0000014176|obs_0000010228|obs_0000028730|obs_0000020611|obs_0000014468|obs_0000012423|obs_0000006283|obs_0000026772|obs_0000026832|obs_0000028896|obs_0000035052|obs_0000026900|obs_0000010597|obs_0000012655|obs_0000027005|obs_0000027048|obs_0000021000|obs_0000008777|obs_0000021117|obs_0000008906|obs_0000015051|obs_0000013053|obs_0000021430|obs_0000025547|obs_0000033763|obs_0000031720|obs_0000017384|obs_0000019440|obs_0000013325|obs_0000019505|obs_0000031800|obs_0000025705|obs_0000009334|obs_0000015502|obs_0000027791|obs_0000011436|obs_0000033975|obs_0000023801|obs_0000021758|obs_0000009525|obs_0000021868|obs_0000017799|obs_0000026035|obs_0000013762,
Butcher s Barbecue Hähnchen-Spieße,Keine Marke,"€ 9,99",,"pro Einheit = 9,99","aus der Oberkeule, mit Mango-Skyr-Marinade, SB-verpackt, je 1-kg-",Nein,2026-04-06 bis 2026-04-12,2026-04-06,2026-04-12,../images/rewe/neubrandenburg_offer_060.jpg,"cat_molkerei_kaese,diet_gluten_free,diet_lactose_free,diet_vegetarian,sub_gefluegel,tag_proteinreich,tag_whole_food",neubrandenburg,,,ref_000243,,
Schweine-Schälrippchen,Keine Marke,"€ 6,99",,"pro Einheit = 6,99","SB-verpackt, je 1-kg-",Nein,2026-04-06 bis 2026-04-12,2026-04-06,2026-04-12,../images/rewe/neubrandenburg_offer_061.jpg,"cat_molkerei_kaese,diet_gluten_free,diet_lactose_free,diet_vegetarian,sub_schwein,tag_ultra_processed,tag_whole_food",neubrandenburg,,,ref_000244,obs_0000031265|obs_0000016766|obs_0000017299|obs_0000013886|obs_0000023633|obs_0000004909|obs_0000000362|obs_0000004482|obs_0000004055,obs_0000031265|obs_0000026897|obs_0000001819|obs_0000016766|obs_0000017299|obs_0000028081|obs_0000007643
Metten Hähnchen in Aspik,Keine Marke,"€ 1,39",,"pro Einheit = 1,39","mit Frucht, je 100-g-",Nein,2026-04-06 bis 2026-04-12,2026-04-06,2026-04-12,../images/rewe/neubrandenburg_offer_062.jpg,"cat_molkerei_kaese,diet_gluten_free,diet_lactose_free,diet_vegan,diet_vegetarian,sub_frisches_gemuese,sub_gefluegel,tag_proteinreich,tag_ultra_processed,tag_whole_food",neubrandenburg,,,ref_000245,obs_0000029192|obs_0000030201,obs_0000029192|obs_0000030201
Landstolz Thüringer Rostbratwurst,Keine Marke,"€ 5,99",,"1 kg = 9,98","roh, grob oder fein, je 600-g-Pckg.",Nein,2026-04-06 bis 2026-04-12,2026-04-06,2026-04-12,../images/rewe/neubrandenburg_offer_065.jpg,"cat_molkerei_kaese,sub_wurst,tag_ultra_processed",neubrandenburg,,,ref_000246,obs_0000030624|obs_0000029275|obs_0000034076|obs_0000014109|obs_0000030621|obs_0000008488|obs_0000009263|obs_0000030268|obs_0000027860|obs_0000029278|obs_0000008189|obs_0000013376|obs_0000014464,obs_0000030624|obs_0000029275
Butcher s Barbecue Hähnchen-Minuten-Schnitzel,Keine Marke,"€ 12,90",,"pro Einheit = 12,90","in versch. Marinaden, SB-verpackt, je 1-kg-",Nein,2026-04-06 bis 2026-04-12,2026-04-06,2026-04-12,../images/rewe/neubrandenburg_offer_068.jpg,"cat_molkerei_kaese,sub_gefluegel",neubrandenburg,,,ref_000247,obs_0000000700|obs_0000005251|obs_0000001521,
Landstolz Filetpastete mit Paprika,Keine Marke,"€ 1,69",,"pro Einheit = 1,69",je 100-g-,Nein,2026-04-06 bis 2026-04-12,2026-04-06,2026-04-12,../images/rewe/neubrandenburg_offer_073.jpg,"cat_molkerei_kaese,diet_gluten_free,diet_lactose_free,diet_vegan,diet_vegetarian,sub_frisches_gemuese,tag_ultra_processed,tag_whole_food",neubrandenburg,,,ref_000248,,
