Produkt,Marke,Preis,Vorheriger Preis,Preis_kg,Hinweis,Nur_online,Gueltig_raw,Gueltig_von,Gueltig_bis,Bildpfad,assigned_labels,Einheit,nutrition_link,reference_row_id,rough_match_observation_ids,exact_match_observation_ids
Salatgurke,Gut Günstig,"€ 0,55",,"pro Einheit = 0,55","aus den Niederlanden, Kl. I, Stück",Nein,Gültig vom 06.04.2026 bis zum 11.04.2026.,2026-04-06,2026-04-11,../images/edeka/gut-g-nstig-salatgurke.jpg,"cat_obst_gemuese,diet_gluten_free,diet_lactose_free,diet_vegan,diet_vegetarian,sub_frisches_gemuese,sub_salate,tag_whole_food",,,ref_000001,obs_0000006407|obs_0000006429|obs_0000031142|obs_0000031262|obs_0000006268|obs_0000005891|obs_0000005502|obs_0000006068|obs_0000007126|obs_0000007144|obs_0000005876,obs_0000005891|obs_0000006407|obs_0000006429|obs_0000005502|obs_0000031142|obs_0000007126|obs_0000007144|obs_0000005876
Heidelbeeren,Keine Marke,"€ 3,99",,"1 kg = 13,30","Herkunft siehe Etikett, Kl. I Abbildung ähnlich., 300 g Packung, (1 kg = 13,30 €)",Nein,Gültig vom 06.04.2026 bis zum 11.04.2026.,2026-04-06,2026-04-11,../images/edeka/heidelbeeren.jpg,"cat_obst_gemuese,diet_gluten_free,diet_lactose_free,diet_vegan,diet_vegetarian,sub_exoten,sub_frisches_obst,tag_whole_food",,BLS-F304100,ref_000002,obs_0000002819|obs_0000026376|obs_0000032523|obs_0000027788|obs_0000003088|obs_0000033682|obs_0000025384|obs_0000025769|obs_0000031149|obs_0000007729|obs_0000000051|obs_0000030262|obs_0000000695|obs_0000003000|obs_0000016699|obs_0000032326|obs_0000019143|obs_0000026698|obs_0000034122|obs_0000029138|obs_0000030560|obs_0000028260|obs_0000001513|obs_0000027502|obs_0000000880|obs_0000033918|obs_0000034918|obs_0000006409|obs_0000030472|obs_0000034319|obs_0000030138|obs_0000030919|obs_0000022353|obs_0000005509|obs_0000005525|obs_0000005120|obs_0000006958|obs_0000005692|obs_0000007128|obs_0000007143|obs_0000005713|obs_0000005894,obs_0000002819|obs_0000026376|obs_0000032523|obs_0000027788|obs_0000003088|obs_0000033682|obs_0000025384|obs_0000025769|obs_0000031149|obs_0000007729|obs_0000000051|obs_0000030262|obs_0000000695|obs_0000003000|obs_0000016699|obs_0000032326|obs_0000019143|obs_0000026698|obs_0000034122|obs_0000029138|obs_0000030560|obs_0000028260|obs_0000001513|obs_0000027502|obs_0000000880|obs_0000033918|obs_0000034918
Salatmix Classic oder Traditionell,EDEKA Herzstücke,"€ 1,11",,"1 kg = 5,55","200 g Packung, (1 kg = 5,55 €)",Nein,Gültig vom 06.04.2026 bis zum 11.04.2026.,2026-04-06,2026-04-11,../images/edeka/edeka-herzst-cke-salatmix-classic-oder-traditionell.jpg,"cat_obst_gemuese,diet_gluten_free,diet_lactose_free,diet_vegetarian,tag_ultra_processed",,,ref_000003,obs_0000024877|obs_0000025668|obs_0000001628|obs_0000001643|obs_0000034649|obs_0000026884|obs_0000035101|obs_0000019134|obs_0000011543|obs_0000028751|obs_0000020596|obs_0000021415|obs_0000015018|obs_0000031658,
Erdbeeren,EDEKA Bio,"€ 1,99",,"1 kg = 8,30","aus Spanien, Kl. II, 300 g Packung, (1 kg = 8,30 €)",Nein,Gültig vom 06.04.2026 bis zum 11.04.2026.,2026-04-06,2026-04-11,../images/edeka/edeka-bio-erdbeeren.jpg,"cat_obst_gemuese,diet_gluten_free,diet_lactose_free,diet_vegan,diet_vegetarian,sub_frisches_obst,tag_whole_food",,BLS-F301100,ref_000004,obs_0000022919|obs_0000006408|obs_0000030617|obs_0000027419|obs_0000031261|obs_0000029494|obs_0000030915|obs_0000024529|obs_0000031576|obs_0000030564|obs_0000031462|obs_0000000875|obs_0000006265|obs_0000032512|obs_0000033793|obs_0000012233|obs_0000013901|obs_0000034400|obs_0000030989|obs_0000005687|obs_0000006083|obs_0000006092|obs_0000015717|obs_0000013414|obs_0000013418|obs_0000011389|obs_0000030428,obs_0000022919|obs_0000006408|obs_0000030617|obs_0000027419|obs_0000031261|obs_0000029494|obs_0000030915|obs_0000024529|obs_0000031576|obs_0000030564|obs_0000031462|obs_0000000875|obs_0000006265|obs_0000032512
Bio Gemüsezwiebeln,Keine Marke,"€ 0,79",,"1 kg = 2,00","aus Deutschland, Kl. II Abbildung ähnlich., 500 g Netz, (1 kg = 2,00 €)",Nein,Gültig vom 06.04.2026 bis zum 11.04.2026.,2026-04-06,2026-04-11,../images/edeka/bio-gem-sezwiebeln.jpg,"cat_obst_gemuese,diet_gluten_free,diet_lactose_free,diet_vegan,diet_vegetarian,sub_frisches_gemuese,sub_frisches_obst,sub_tk_gemuese,tag_whole_food",,,ref_000005,obs_0000009164|obs_0000028838,
Spargel weiß violett,Keine Marke,"€ 5,99",,"1 kg = 6,99","aus Griechenland, Kl. II Abbildung ähnlich., 1 kg Packung, (1 kg = 6,99 €)",Nein,Gültig vom 06.04.2026 bis zum 11.04.2026.,2026-04-06,2026-04-11,../images/edeka/spargel-wei-violett.jpg,"cat_obst_gemuese,diet_gluten_free,diet_lactose_free,diet_vegan,diet_vegetarian,sub_frisches_gemuese,tag_whole_food",,,ref_000006,obs_0000006414|obs_0000007314|obs_0000001516,obs_0000006414
Salatgurke unfoliert,EDEKA Bio,"€ 1,00",,"pro Einheit = 1,00","aus Spanien, Kl. II, Stück",Nein,Gültig vom 06.04.2026 bis zum 11.04.2026.,2026-04-06,2026-04-11,../images/edeka/edeka-bio-salatgurke-unfoliert.jpg,"cat_obst_gemuese,diet_gluten_free,diet_lactose_free,diet_vegan,diet_vegetarian,sub_frisches_gemuese,sub_salate,tag_whole_food",,,ref_000007,obs_0000006268|obs_0000031142|obs_0000006407|obs_0000006429,obs_0000005697|obs_0000006268
Bio Avocado Hass,Keine Marke,"€ 1,19",,"pro Einheit = 1,19","aus Spanien, Kl. II, Stück",Nein,Gültig vom 06.04.2026 bis zum 11.04.2026.,2026-04-06,2026-04-11,../images/edeka/bio-avocado-hass.jpg,"cat_obst_gemuese,diet_gluten_free,diet_lactose_free,diet_vegan,diet_vegetarian,sub_exoten,sub_frisches_gemuese,sub_frisches_obst,tag_ultra_processed,tag_whole_food",,,ref_000008,obs_0000033717|obs_0000034744|obs_0000028796|obs_0000030124|obs_0000030212|obs_0000030257|obs_0000030466|obs_0000030959|obs_0000006430|obs_0000007317|obs_0000032517|obs_0000028218|obs_0000006418|obs_0000000058|obs_0000008728|obs_0000000694|obs_0000017166|obs_0000001305|obs_0000034105|obs_0000034516|obs_0000018748|obs_0000027541|obs_0000027854|obs_0000020117|obs_0000029123|obs_0000020936|obs_0000029201|obs_0000014073|obs_0000030562,
Cosmic Crisp Bio Tafeläpfel,Keine Marke,"€ 2,39",,"1 kg = 3,74","Sorte siehe Etikett, aus Italien, Kl. II, 800 g Packung, (1 kg = 3,74 €)",Nein,Gültig vom 06.04.2026 bis zum 11.04.2026.,2026-04-06,2026-04-11,../images/edeka/cosmic-crisp-bio-tafel-pfel.jpg,"cat_obst_gemuese,diet_gluten_free,diet_lactose_free,diet_vegan,diet_vegetarian,sub_frisches_obst,tag_whole_food",,,ref_000009,obs_0000009386|obs_0000009847|obs_0000028564|obs_0000028684|obs_0000005704,
Orangen,EDEKA Bio,"€ 1,99",,"1 kg = 2,49","Sorte siehe Etikett, aus Italien, Kl. II, 1 kg Netz, (1 kg = 2,49 €)",Nein,Gültig vom 06.04.2026 bis zum 11.04.2026.,2026-04-06,2026-04-11,../images/edeka/edeka-bio-orangen.jpg,"cat_obst_gemuese,diet_gluten_free,diet_lactose_free,diet_vegan,diet_vegetarian,sub_frisches_obst,tag_whole_food",,BLS-F603100,ref_000010,obs_0000014361|obs_0000008755|obs_0000009787|obs_0000032323|obs_0000016457|obs_0000029277|obs_0000009316|obs_0000030827|obs_0000017005|obs_0000029823|obs_0000025768|obs_0000019119|obs_0000027858|obs_0000027355|obs_0000031473|obs_0000008977|obs_0000032059|obs_0000030565|obs_0000031118|obs_0000024463|obs_0000028048|obs_0000021906|obs_0000028056|obs_0000029592|obs_0000024992|obs_0000010164|obs_0000034743|obs_0000026554|obs_0000029131|obs_0000034315|obs_0000014877|obs_0000026166|obs_0000033854|obs_0000013417|obs_0000027756|obs_0000034915|obs_0000033934|obs_0000010976|obs_0000034020|obs_0000034534|obs_0000029943|obs_0000001301|obs_0000025425|obs_0000016210|obs_0000006483|obs_0000015711|obs_0000029591|obs_0000030120|obs_0000031152|obs_0000033716,obs_0000014361|obs_0000008755|obs_0000009787|obs_0000032323|obs_0000016457|obs_0000029277|obs_0000009316|obs_0000030827|obs_0000017005|obs_0000029823|obs_0000025768|obs_0000019119|obs_0000027858|obs_0000027355|obs_0000031473|obs_0000005873|obs_0000008977|obs_0000032059|obs_0000030565|obs_0000007526|obs_0000031118|obs_0000024463|obs_0000028048|obs_0000021906|obs_0000028056|obs_0000029592|obs_0000024992|obs_0000010164|obs_0000034743|obs_0000026554|obs_0000029131
Bio Bärlauch,Keine Marke,"€ 1,49",,"1 kg = 14,90","aus Spanien, Kl. II Abbildung ähnlich., 100 g Packung, (1 kg = 14,90 €)",Nein,Gültig vom 06.04.2026 bis zum 11.04.2026.,2026-04-06,2026-04-11,../images/edeka/bio-b-rlauch.jpg,"cat_obst_gemuese,diet_gluten_free,diet_lactose_free,diet_vegan,diet_vegetarian,sub_exoten,sub_frisches_gemuese,sub_frisches_obst,tag_whole_food",,BLS-G492100,ref_000011,obs_0000033803,
Möhren,Keine Marke,"€ 0,99",,"1 kg = 0,99","aus Deutschland, Kl. I Abbildung ähnlich., 1 kg Packung, (1 kg = 0,99 €)",Nein,Gültig vom 06.04.2026 bis zum 11.04.2026.,2026-04-06,2026-04-11,../images/edeka/m-hren.jpg,"cat_obst_gemuese,diet_gluten_free,diet_lactose_free,diet_vegan,diet_vegetarian,sub_exoten,sub_frisches_gemuese,sub_frisches_obst,tag_whole_food",,BLS-H450100,ref_000012,obs_0000008450|obs_0000006415|obs_0000025364|obs_0000028058|obs_0000008865|obs_0000017480|obs_0000005706|obs_0000027745|obs_0000026853|obs_0000026344|obs_0000010486|obs_0000019350|obs_0000009629|obs_0000013598|obs_0000034080|obs_0000012710|obs_0000030259|obs_0000010556|obs_0000026455|obs_0000022493|obs_0000014048|obs_0000010979|obs_0000008292|obs_0000015718|obs_0000012647|obs_0000027368|obs_0000018161|obs_0000027505|obs_0000031230|obs_0000022915|obs_0000011396|obs_0000023690|obs_0000005515|obs_0000021019|obs_0000030143|obs_0000012362|obs_0000014427|obs_0000020200|obs_0000013162|obs_0000007534|obs_0000006072|obs_0000007733|obs_0000005314,obs_0000008450|obs_0000006415|obs_0000025364|obs_0000028058|obs_0000008865|obs_0000017480|obs_0000005706|obs_0000027745|obs_0000026853|obs_0000026344|obs_0000010486
Wassermelonen rotfleischig kernarm,Keine Marke,"€ 1,49",,"1 kg = 1,49","aus Brasilien, Kl. I, ganze Früchte Ausgenommen geschnittene Ware., 1 kg",Nein,Gültig vom 06.04.2026 bis zum 11.04.2026.,2026-04-06,2026-04-11,../images/edeka/wassermelonen-rotfleischig-kernarm.jpg,"cat_obst_gemuese,diet_gluten_free,diet_lactose_free,diet_vegan,diet_vegetarian,sub_frisches_obst,tag_whole_food",,,ref_000013,,
Erdbeeren,Keine Marke,"€ 3,99",,"1 kg = 4,99","aus Spanien, Kl. I Abbildung ähnlich., 800 g Kiste, (1 kg = 4,99 €)",Nein,Gültig vom 06.04.2026 bis zum 11.04.2026.,2026-04-06,2026-04-11,../images/edeka/erdbeeren.jpg,"cat_obst_gemuese,diet_gluten_free,diet_lactose_free,diet_vegan,diet_vegetarian,sub_exoten,sub_frisches_gemuese,sub_frisches_obst,tag_whole_food",,BLS-F301100,ref_000014,obs_0000022919|obs_0000006408|obs_0000030617|obs_0000027419|obs_0000031261|obs_0000029494|obs_0000030915|obs_0000024529|obs_0000031576|obs_0000030564|obs_0000031462|obs_0000000875|obs_0000006265|obs_0000032512|obs_0000033793|obs_0000012233|obs_0000013901|obs_0000034400|obs_0000030989|obs_0000005687|obs_0000006083|obs_0000006092|obs_0000015717|obs_0000013414|obs_0000013418|obs_0000011389|obs_0000030428,obs_0000022919|obs_0000006408|obs_0000030617|obs_0000027419|obs_0000031261|obs_0000029494|obs_0000030915|obs_0000024529|obs_0000031576|obs_0000030564|obs_0000031462|obs_0000000875|obs_0000006265|obs_0000032512
Tafeläpfel Magic Star,Keine Marke,"€ 1,00",,"1 kg = 1,92","Sorte siehe Etikett, aus Deutschland, Kl. I Abbildung ähnlich., 520 g Packung, (1 kg = 1,92 €)",Nein,Gültig vom 06.04.2026 bis zum 11.04.2026.,2026-04-06,2026-04-11,../images/edeka/tafel-pfel-magic-star.jpg,"cat_obst_gemuese,diet_gluten_free,diet_lactose_free,diet_vegan,diet_vegetarian,sub_frisches_obst,tag_ultra_processed,tag_whole_food",,,ref_000015,obs_0000006417|obs_0000006084|obs_0000007132|obs_0000005889|obs_0000005893|obs_0000005523|obs_0000028684|obs_0000005704|obs_0000028564,
Driscoll s Himbeeren,Keine Marke,"€ 2,99",,"1 kg = 23,92","Herkunft siehe Etikett, Kl. I Abbildung ähnlich., 125 g Packung, (1 kg = 23,92 €)",Nein,Gültig vom 06.04.2026 bis zum 11.04.2026.,2026-04-06,2026-04-11,../images/edeka/driscoll-s-himbeeren.jpg,"cat_obst_gemuese,diet_gluten_free,diet_lactose_free,diet_vegan,diet_vegetarian,sub_frisches_obst,tag_whole_food",,,ref_000016,obs_0000005511|obs_0000005696|obs_0000005315|obs_0000005328|obs_0000007521|obs_0000007532|obs_0000032513|obs_0000030214|obs_0000000524|obs_0000006412|obs_0000029585|obs_0000027154|obs_0000029205|obs_0000013981|obs_0000030130|obs_0000030258|obs_0000026169|obs_0000032322|obs_0000029127|obs_0000026967|obs_0000016741|obs_0000010473|obs_0000000498|obs_0000001270|obs_0000028022|obs_0000029817|obs_0000005894,obs_0000005511|obs_0000027154|obs_0000013981|obs_0000005696|obs_0000005315|obs_0000005328|obs_0000007521|obs_0000007532|obs_0000028022
Spargel grün,Keine Marke,"€ 3,99",,"1 kg = 9,98","aus Spanien/Italien, Kl. I Abbildung ähnlich., 400 g Packung, (1 kg = 9,98 €)",Nein,Gültig vom 06.04.2026 bis zum 11.04.2026.,2026-04-06,2026-04-11,../images/edeka/spargel-gr-n.jpg,"cat_obst_gemuese,diet_gluten_free,diet_lactose_free,diet_vegan,diet_vegetarian,sub_exoten,sub_frisches_obst,tag_ultra_processed,tag_whole_food",,BLS-G450100,ref_000017,obs_0000034717|obs_0000006079,obs_0000034717|obs_0000006079
Speisekartoffeln,EDEKA Herzstücke,"€ 2,49",,"1 kg = 1,00","verschiedene Kocheigenschaften, Sorte und Herkunft siehe Etikett, 2,5 kg Netz, (1 kg = 1,00 €)",Nein,Gültig vom 06.04.2026 bis zum 11.04.2026.,2026-04-06,2026-04-11,../images/edeka/edeka-herzst-cke-speisekartoffeln.jpg,"cat_obst_gemuese,diet_gluten_free,diet_lactose_free,diet_vegan,diet_vegetarian,sub_frisches_gemuese,sub_kartoffeln,tag_ultra_processed,tag_whole_food",,BLS-X612152,ref_000018,obs_0000000006|obs_0000034312|obs_0000026668|obs_0000033875|obs_0000031321|obs_0000030837|obs_0000034910|obs_0000017026|obs_0000003716|obs_0000028399|obs_0000034088|obs_0000027986|obs_0000008539|obs_0000027510|obs_0000030615|obs_0000030140|obs_0000016324|obs_0000009672|obs_0000009188|obs_0000011822|obs_0000032330|obs_0000008275|obs_0000014425|obs_0000004710|obs_0000025777|obs_0000004283|obs_0000010963|obs_0000000233|obs_0000005884|obs_0000003856|obs_0000006957|obs_0000029486|obs_0000019772|obs_0000028486|obs_0000018806|obs_0000022916|obs_0000024465|obs_0000028596|obs_0000012236|obs_0000015314|obs_0000015337|obs_0000010226|obs_0000014326|obs_0000005136|obs_0000027190|obs_0000005691|obs_0000006784|obs_0000011394|obs_0000005313|obs_0000005330,obs_0000000006|obs_0000034312|obs_0000026668|obs_0000033875|obs_0000031321|obs_0000030837|obs_0000034910|obs_0000017026|obs_0000003716|obs_0000028399|obs_0000034088|obs_0000027986|obs_0000008539|obs_0000027510|obs_0000030615|obs_0000030140|obs_0000016324|obs_0000006085|obs_0000009672|obs_0000006601|obs_0000009188
Fränkische Mini-Gurken,Keine Marke,"€ 2,99",,"1 kg = 5,98","Kl. I Abbildung ähnlich., 500 g Netz, (1 kg = 5,98 €)",Nein,Gültig vom 06.04.2026 bis zum 11.04.2026.,2026-04-06,2026-04-11,../images/edeka/fr-nkische-mini-gurken.jpg,"cat_obst_gemuese,diet_gluten_free,diet_lactose_free,diet_vegan,diet_vegetarian,sub_frisches_gemuese,tag_ultra_processed,tag_whole_food",,,ref_000019,obs_0000005122|obs_0000006420|obs_0000034112|obs_0000005701|obs_0000005710|obs_0000028423|obs_0000034736|obs_0000005323|obs_0000012328|obs_0000026810|obs_0000006379|obs_0000010932|obs_0000017251|obs_0000017530|obs_0000028052|obs_0000026024|obs_0000018128|obs_0000016216,obs_0000005122
Regional Fränkisches Salatrio mit Wurzelballen,EDEKA,"€ 1,49",,"pro Einheit = 1,49","Kl. I, länger frisch dank Wurzelballen Abbildung ähnlich., Stück",Nein,Gültig vom 06.04.2026 bis zum 11.04.2026.,2026-04-06,2026-04-11,../images/edeka/edeka-regional-fr-nkisches-salatrio-mit-wurzelballen.jpg,"cat_obst_gemuese,diet_vegan,sub_wurst,tag_ultra_processed,tag_whole_food",,,ref_000020,obs_0000005121,
Erdbeeren,Gut Günstig,"€ 1,99",,"1 kg = 3,98","aus Spanien/Griechenland, Kl. I, 500 g Packung, (1 kg = 3,98 €)",Nein,Gültig vom 06.04.2026 bis zum 11.04.2026.,2026-04-06,2026-04-11,../images/edeka/gut-g-nstig-erdbeeren.jpg,"cat_obst_gemuese,diet_gluten_free,diet_lactose_free,diet_vegan,diet_vegetarian,sub_frisches_obst,tag_whole_food",,BLS-F301100,ref_000021,obs_0000006408|obs_0000006265|obs_0000022919|obs_0000030617|obs_0000027419|obs_0000031261|obs_0000029494|obs_0000030915|obs_0000024529|obs_0000031576|obs_0000030564|obs_0000031462|obs_0000000875|obs_0000032512|obs_0000033793|obs_0000012233|obs_0000013901|obs_0000034400|obs_0000030989|obs_0000005687|obs_0000006083|obs_0000006092|obs_0000015717|obs_0000013414|obs_0000013418|obs_0000011389|obs_0000030428,obs_0000022919|obs_0000006408|obs_0000030617|obs_0000027419|obs_0000031261|obs_0000029494|obs_0000005687|obs_0000030915|obs_0000024529|obs_0000031576|obs_0000030564|obs_0000031462|obs_0000000875|obs_0000006265|obs_0000032512
WWF Bananen,Gut Günstig,"€ 1,29",,"1 kg = 1,29","Herkunft siehe Auszeichnung, 1 kg",Nein,Gültig vom 06.04.2026 bis zum 11.04.2026.,2026-04-06,2026-04-11,../images/edeka/gut-g-nstig-wwf-bananen.jpg,"cat_obst_gemuese,diet_gluten_free,diet_lactose_free,diet_vegan,diet_vegetarian,sub_frisches_obst,tag_whole_food",,,ref_000022,obs_0000006264|obs_0000006428|obs_0000006432|obs_0000005689|obs_0000005711|obs_0000027736|obs_0000028769|obs_0000031875|obs_0000007321|obs_0000005310|obs_0000026329|obs_0000031472|obs_0000006961|obs_0000032060|obs_0000009078|obs_0000026492|obs_0000005504|obs_0000005528|obs_0000027051|obs_0000006073|obs_0000032185|obs_0000029136|obs_0000007135|obs_0000031729|obs_0000005115,obs_0000005689|obs_0000005711|obs_0000006264|obs_0000007321|obs_0000005310|obs_0000006428|obs_0000006432|obs_0000006961
Salatgurke,Gut Günstig,"€ 0,55",,"pro Einheit = 0,55","aus den Niederlanden, Kl. I, Stück",Nein,Gültig vom 06.04.2026 bis zum 11.04.2026.,2026-04-06,2026-04-11,../images/edeka/gut-g-nstig-salatgurke.jpg,"cat_obst_gemuese,diet_gluten_free,diet_lactose_free,diet_vegan,diet_vegetarian,sub_frisches_gemuese,sub_salate,tag_whole_food",,,ref_000023,obs_0000006407|obs_0000006429|obs_0000031142|obs_0000031262|obs_0000006268|obs_0000005891|obs_0000005502|obs_0000006068|obs_0000007126|obs_0000007144|obs_0000005876,obs_0000005891|obs_0000006407|obs_0000006429|obs_0000005502|obs_0000031142|obs_0000007126|obs_0000007144|obs_0000005876
Tafeläpfel Magic Star,Keine Marke,"€ 1,00",,"1 kg = 1,92","Sorte siehe Etikett, aus Deutschland, Kl. I, 520 g Packung, (1 kg = 1,92)",Nein,Gültig vom 06.04.2026 bis zum 11.04.2026.,2026-04-06,2026-04-11,../images/edeka/tafel-pfel-magic-star.jpg,"cat_obst_gemuese,diet_gluten_free,diet_lactose_free,diet_vegan,diet_vegetarian,sub_frisches_obst,tag_ultra_processed,tag_whole_food",,,ref_000024,obs_0000006417|obs_0000006084|obs_0000007132|obs_0000005889|obs_0000005893|obs_0000005523|obs_0000028684|obs_0000005704|obs_0000028564,
Erdbeeren,Gut Günstig,"€ 1,99",,"1 kg = 3,98","aus Spanien/Griechenland, Kl. I, 500 g Packung, (1 kg = 3,98)",Nein,Gültig vom 06.04.2026 bis zum 11.04.2026.,2026-04-06,2026-04-11,../images/edeka/gut-g-nstig-erdbeeren.jpg,"cat_obst_gemuese,diet_gluten_free,diet_lactose_free,diet_vegan,diet_vegetarian,sub_frisches_obst,tag_whole_food",,BLS-F301100,ref_000025,obs_0000006408|obs_0000006265|obs_0000022919|obs_0000030617|obs_0000027419|obs_0000031261|obs_0000029494|obs_0000030915|obs_0000024529|obs_0000031576|obs_0000030564|obs_0000031462|obs_0000000875|obs_0000032512|obs_0000033793|obs_0000012233|obs_0000013901|obs_0000034400|obs_0000030989|obs_0000005687|obs_0000006083|obs_0000006092|obs_0000015717|obs_0000013414|obs_0000013418|obs_0000011389|obs_0000030428,obs_0000022919|obs_0000006408|obs_0000030617|obs_0000027419|obs_0000031261|obs_0000029494|obs_0000005687|obs_0000030915|obs_0000024529|obs_0000031576|obs_0000030564|obs_0000031462|obs_0000000875|obs_0000006265|obs_0000032512
Heidelbeeren,Keine Marke,"€ 3,99",,"1 kg = 13,30","Herkunft siehe Etikett, Kl. I, 300 g Packung, (1 kg = 13,30)",Nein,Gültig vom 06.04.2026 bis zum 11.04.2026.,2026-04-06,2026-04-11,../images/edeka/heidelbeeren.jpg,"cat_obst_gemuese,diet_gluten_free,diet_lactose_free,diet_vegan,diet_vegetarian,sub_exoten,sub_frisches_obst,tag_whole_food",,BLS-F304100,ref_000026,obs_0000002819|obs_0000026376|obs_0000032523|obs_0000027788|obs_0000003088|obs_0000033682|obs_0000025384|obs_0000025769|obs_0000031149|obs_0000007729|obs_0000000051|obs_0000030262|obs_0000000695|obs_0000003000|obs_0000016699|obs_0000032326|obs_0000019143|obs_0000026698|obs_0000034122|obs_0000029138|obs_0000030560|obs_0000028260|obs_0000001513|obs_0000027502|obs_0000000880|obs_0000033918|obs_0000034918|obs_0000006409|obs_0000030472|obs_0000034319|obs_0000030138|obs_0000030919|obs_0000022353|obs_0000005509|obs_0000005525|obs_0000005120|obs_0000006958|obs_0000005692|obs_0000007128|obs_0000007143|obs_0000005713|obs_0000005894,obs_0000002819|obs_0000026376|obs_0000032523|obs_0000027788|obs_0000003088|obs_0000033682|obs_0000025384|obs_0000025769|obs_0000031149|obs_0000007729|obs_0000000051|obs_0000030262|obs_0000000695|obs_0000003000|obs_0000016699|obs_0000032326|obs_0000019143|obs_0000026698|obs_0000034122|obs_0000029138|obs_0000030560|obs_0000028260|obs_0000001513|obs_0000027502|obs_0000000880|obs_0000033918|obs_0000034918
WWF Bananen,Gut Günstig,"€ 1,29",,"1 kg = 1,29","Herkunft siehe Auszeichnung, 1 kg",Nein,Gültig vom 06.04.2026 bis zum 11.04.2026.,2026-04-06,2026-04-11,../images/edeka/gut-g-nstig-wwf-bananen.jpg,"cat_obst_gemuese,diet_gluten_free,diet_lactose_free,diet_vegan,diet_vegetarian,sub_frisches_obst,tag_whole_food",,,ref_000027,obs_0000006264|obs_0000006428|obs_0000006432|obs_0000005689|obs_0000005711|obs_0000027736|obs_0000028769|obs_0000031875|obs_0000007321|obs_0000005310|obs_0000026329|obs_0000031472|obs_0000006961|obs_0000032060|obs_0000009078|obs_0000026492|obs_0000005504|obs_0000005528|obs_0000027051|obs_0000006073|obs_0000032185|obs_0000029136|obs_0000007135|obs_0000031729|obs_0000005115,obs_0000005689|obs_0000005711|obs_0000006264|obs_0000007321|obs_0000005310|obs_0000006428|obs_0000006432|obs_0000006961
Patros,Keine Marke,"€ 1,99",,"pro Einheit = 1,99",verschiedene Sorten und Fettstufen,Nein,Gültig vom 06.04.2026 bis zum 11.04.2026.,2026-04-06,2026-04-11,../images/edeka/patros.jpg,"cat_molkerei_kaese,diet_gluten_free,diet_lactose_free,diet_vegan,diet_vegetarian,sub_exoten,sub_frisches_obst,tag_ultra_processed,tag_whole_food",,,ref_000028,obs_0000006282|obs_0000007155|obs_0000029806|obs_0000029835,obs_0000006282|obs_0000007155
Gewürz Quark,Milram,"€ 1,00",,"1 kg = 5,41","verschiedene Sorten und Fettstufen, Sour Cream, Zaziki oder Aioli, 185 g Becher, (1 kg = 5,41 €)",Nein,Gültig vom 06.04.2026 bis zum 11.04.2026.,2026-04-06,2026-04-11,../images/edeka/milram-gew-rz-quark.jpg,"cat_molkerei_kaese,diet_vegetarian,sub_kaese,sub_milchprodukte",,,ref_000029,obs_0000005916|obs_0000027712|obs_0000010624|obs_0000001925|obs_0000008669|obs_0000012798|obs_0000006801|obs_0000007344|obs_0000007541,obs_0000008211|obs_0000005916
miree Frischkäsezubereitung,Keine Marke,"€ 0,99",,"pro Einheit = 0,99",verschiedene Sorten und Fettstufen,Nein,Gültig vom 06.04.2026 bis zum 11.04.2026.,2026-04-06,2026-04-11,../images/edeka/miree-frischk-sezubereitung.jpg,"cat_molkerei_kaese,diet_lactose_free,diet_vegetarian,sub_kaese,sub_milchprodukte,tag_ultra_processed",,,ref_000030,obs_0000007343|obs_0000005903|obs_0000007156|obs_0000015674|obs_0000013644|obs_0000027022|obs_0000012209|obs_0000034707|obs_0000011892|obs_0000011478|obs_0000008279|obs_0000008600,obs_0000027022|obs_0000007343|obs_0000005903|obs_0000012209|obs_0000007156
Exquisa Quark,Keine Marke,"€ 1,29",,"pro Einheit = 1,29",verschiedene Sorten und Fettstufen,Nein,Gültig vom 06.04.2026 bis zum 11.04.2026.,2026-04-06,2026-04-11,../images/edeka/exquisa-quark.jpg,"cat_molkerei_kaese,diet_gluten_free,diet_lactose_free,diet_vegan,diet_vegetarian,sub_joghurt_skyr_quark,sub_milchprodukte,tag_whole_food",,,ref_000031,obs_0000031131|obs_0000032206|obs_0000030185|obs_0000001925|obs_0000027712|obs_0000006098|obs_0000008669|obs_0000012798|obs_0000010624,
Mini Babybel,Keine Marke,"€ 1,59",,"1 kg = 15,90","verschiedene Sorten und Fettstufen, 5er Je nach Verfügbarkeit des Marktes., 100 g Packung, (1 kg = 15,90 €)",Nein,Gültig vom 06.04.2026 bis zum 11.04.2026.,2026-04-06,2026-04-11,../images/edeka/mini-babybel.jpg,"cat_molkerei_kaese,diet_gluten_free,diet_lactose_free,diet_vegan,diet_vegetarian,sub_frisches_gemuese,sub_frisches_obst,tag_ultra_processed,tag_whole_food",,,ref_000032,obs_0000006792|obs_0000034182|obs_0000001648|obs_0000023295|obs_0000000803|obs_0000012328|obs_0000006379|obs_0000010932|obs_0000017530|obs_0000026024|obs_0000018128|obs_0000016216,obs_0000006792|obs_0000034182|obs_0000001648
Paula Pudding oder minis,Dr Oetker,"€ 1,49",,"pro Einheit = 1,49","verschiedene Sorten, 4/8er",Nein,Gültig vom 06.04.2026 bis zum 11.04.2026.,2026-04-06,2026-04-11,../images/edeka/dr-oetker-paula-pudding-oder-minis.jpg,"cat_molkerei_kaese,sub_milchprodukte,sub_sahne_creme,tag_ultra_processed",,,ref_000033,obs_0000006298|obs_0000031881|obs_0000000399|obs_0000000995|obs_0000018361|obs_0000027563|obs_0000003744|obs_0000004106|obs_0000004533|obs_0000004960|obs_0000005546|obs_0000006983|obs_0000011809|obs_0000013814|obs_0000014940|obs_0000024884|obs_0000017159|obs_0000025627|obs_0000025800|obs_0000001428|obs_0000034305|obs_0000017931|obs_0000026409|obs_0000010509|obs_0000011085|obs_0000019480|obs_0000019541|obs_0000012304|obs_0000012394|obs_0000013309|obs_0000013779|obs_0000013838|obs_0000022527|obs_0000022992|obs_0000015378|obs_0000015901|obs_0000016191|obs_0000016218,obs_0000005546|obs_0000006298|obs_0000006983
mit Butter,Rama,"€ 1,29",,"pro Einheit = 1,29",verschiedene Sorten und Fettstufen oder Sooo Buttrig!,Nein,Gültig vom 06.04.2026 bis zum 11.04.2026.,2026-04-06,2026-04-11,../images/edeka/rama-mit-butter.jpg,"cat_molkerei_kaese,diet_vegetarian,sub_butter_margarine,sub_milchprodukte,tag_ultra_processed",,,ref_000034,obs_0000020564|obs_0000021383|obs_0000025539|obs_0000019826|obs_0000008556|obs_0000006100|obs_0000024620|obs_0000000107|obs_0000010409|obs_0000034970|obs_0000018644|obs_0000008456|obs_0000018772|obs_0000027049|obs_0000012797|obs_0000002620|obs_0000002676|obs_0000011042|obs_0000013125|obs_0000009075|obs_0000027517|obs_0000000997|obs_0000019493|obs_0000031786|obs_0000003267|obs_0000011467|obs_0000001425|obs_0000017835|obs_0000021984|obs_0000003591|obs_0000003636|obs_0000026359|obs_0000018391|obs_0000022502|obs_0000007770,obs_0000006100
WWF Mozzarella,EDEKA Bio,"€ 0,99",,"1 kg = 7,92","45 % Fett i. Tr., 200 g Packung (Abtropfgewicht 125 g), (1 kg = 7,92 €)",Nein,Gültig vom 06.04.2026 bis zum 11.04.2026.,2026-04-06,2026-04-11,../images/edeka/edeka-bio-wwf-mozzarella.jpg,"cat_molkerei_kaese,diet_lactose_free,diet_vegan,diet_vegetarian,sub_kaese,sub_milchprodukte",,,ref_000035,obs_0000018430|obs_0000022609|obs_0000033882|obs_0000001647|obs_0000018031|obs_0000023202|obs_0000024234|obs_0000022241|obs_0000023806|obs_0000011043|obs_0000000816|obs_0000024894|obs_0000009077|obs_0000022394|obs_0000027551|obs_0000018366|obs_0000016326|obs_0000022485|obs_0000027613|obs_0000007154,obs_0000007154
Käseaufschnitt,Gut Günstig,"€ 1,49",,"1 kg = 5,96","250 g Packung, (1 kg = 5,96 €)",Nein,Gültig vom 06.04.2026 bis zum 11.04.2026.,2026-04-06,2026-04-11,../images/edeka/gut-g-nstig-k-seaufschnitt.jpg,"cat_molkerei_kaese,sub_kaese,sub_milchprodukte,sub_wurst,tag_ultra_processed",,BLS-H930000,ref_000036,obs_0000028254|obs_0000016742|obs_0000029642,obs_0000029642|obs_0000028254|obs_0000016742
WWF Speisequark,EDEKA Bio,"€ 0,88",,"1 kg = 3,52","40 % i. Tr., 250 g Becher, (1 kg = 3,52 €)",Nein,Gültig vom 06.04.2026 bis zum 11.04.2026.,2026-04-06,2026-04-11,../images/edeka/edeka-bio-wwf-speisequark.jpg,"cat_molkerei_kaese,diet_gluten_free,diet_lactose_free,diet_vegan,diet_vegetarian,sub_frisches_gemuese,tag_whole_food",,,ref_000037,obs_0000020497|obs_0000019874|obs_0000004267|obs_0000033978|obs_0000021316|obs_0000001866|obs_0000001867|obs_0000001868|obs_0000004694|obs_0000000224|obs_0000031203|obs_0000019968|obs_0000024945|obs_0000033780|obs_0000007157|obs_0000016381|obs_0000003840,obs_0000007157
Original,Leerdammer,"€ 1,11",,"1 kg = 11,10","holländischer Schnittkäse, 45 % Fett i. Tr., nussig-mild oder Delacrème halbfester Schnittkäse, 50 % Fett i. Tr., mild-würzig, 100 g",Nein,Gültig vom 06.04.2026 bis zum 11.04.2026.,2026-04-06,2026-04-11,../images/edeka/leerdammer-original.jpg,"cat_molkerei_kaese,sub_kaese,sub_milchprodukte,tag_ultra_processed",,,ref_000038,obs_0000006283|obs_0000008777|obs_0000033975|obs_0000034575|obs_0000028516|obs_0000028630|obs_0000028730|obs_0000020611|obs_0000012423|obs_0000026772|obs_0000026832|obs_0000028896|obs_0000035052|obs_0000027005|obs_0000027048|obs_0000021000|obs_0000021117|obs_0000008906|obs_0000015051|obs_0000021430|obs_0000025547|obs_0000033763|obs_0000017384|obs_0000013325|obs_0000019505|obs_0000031800|obs_0000025705|obs_0000009334|obs_0000015502|obs_0000027791|obs_0000021758|obs_0000009525|obs_0000021868|obs_0000017799|obs_0000026035|obs_0000022184|obs_0000020181|obs_0000034561|obs_0000009987|obs_0000028429|obs_0000016167|obs_0000020298|obs_0000010117|obs_0000014249|obs_0000018547|obs_0000002394|obs_0000016774|obs_0000017161|obs_0000003478|obs_0000022055,obs_0000028730|obs_0000018547|obs_0000020611|obs_0000012423|obs_0000006283|obs_0000026772|obs_0000026832|obs_0000028896|obs_0000035052|obs_0000002394|obs_0000027005|obs_0000027048|obs_0000021000|obs_0000008777|obs_0000021117|obs_0000008906|obs_0000015051|obs_0000006984|obs_0000029543|obs_0000021430|obs_0000025547|obs_0000033763|obs_0000017384|obs_0000013325|obs_0000019505|obs_0000031800|obs_0000025705|obs_0000009334|obs_0000015502|obs_0000027791|obs_0000033975|obs_0000021758|obs_0000021868|obs_0000017799|obs_0000003478|obs_0000026035|obs_0000022055|obs_0000007750|obs_0000022184|obs_0000020181|obs_0000034561|obs_0000028429|obs_0000034575|obs_0000016167|obs_0000032573|obs_0000020298|obs_0000028516|obs_0000010117|obs_0000014249|obs_0000028630
Joghurt Griechischer Art,EDEKA Bio,"€ 1,19",,"1 kg = 2,98","7,5 % Fett, aus Weidemilch, 400 g Becher, (1 kg = 2,98 €)",Nein,Gültig vom 06.04.2026 bis zum 11.04.2026.,2026-04-06,2026-04-11,../images/edeka/edeka-bio-joghurt-griechischer-art.jpg,"cat_molkerei_kaese,diet_vegetarian,sub_joghurt_skyr_quark,sub_milchprodukte",,,ref_000039,obs_0000023033|obs_0000002086|obs_0000034370|obs_0000008312|obs_0000031517|obs_0000027991|obs_0000017296|obs_0000017207|obs_0000006103|obs_0000025123|obs_0000006297|obs_0000005354|obs_0000021234|obs_0000020415|obs_0000021506|obs_0000021508|obs_0000025171|obs_0000026710|obs_0000020687|obs_0000020689|obs_0000025811|obs_0000017127|obs_0000023284|obs_0000034580|obs_0000028966|obs_0000025392|obs_0000015673|obs_0000019794|obs_0000033696|obs_0000009663|obs_0000009180|obs_0000023030|obs_0000008703,obs_0000002086|obs_0000034370|obs_0000008312|obs_0000031517|obs_0000027991|obs_0000017296|obs_0000006103|obs_0000023033
Speisequark,EDEKA Bio,"€ 0,88",,"1 kg = 3,52","Magerstufe, 250 g Becher, (1 kg = 3,52 €)",Nein,Gültig vom 06.04.2026 bis zum 11.04.2026.,2026-04-06,2026-04-11,../images/edeka/edeka-bio-speisequark.jpg,"cat_molkerei_kaese,diet_gluten_free,diet_lactose_free,diet_vegan,diet_vegetarian,sub_frisches_gemuese,tag_whole_food",,,ref_000040,obs_0000020497|obs_0000019874|obs_0000004267|obs_0000033978|obs_0000021316|obs_0000001866|obs_0000001867|obs_0000001868|obs_0000004694|obs_0000000224|obs_0000031203|obs_0000024945|obs_0000033780|obs_0000003840|obs_0000016381|obs_0000019968|obs_0000005006|obs_0000001061|obs_0000001323|obs_0000034093|obs_0000003377|obs_0000013107|obs_0000004152|obs_0000026319|obs_0000002654|obs_0000004579|obs_0000024041|obs_0000003562|obs_0000007157|obs_0000032579,obs_0000020497|obs_0000019874|obs_0000004267|obs_0000033978|obs_0000021316|obs_0000001866|obs_0000001867|obs_0000001868|obs_0000004694|obs_0000000224|obs_0000031203|obs_0000024945|obs_0000033780|obs_0000003840|obs_0000007157|obs_0000016381|obs_0000019968
Froop,müller,"€ 0,44",,"1 kg = 2,93","verschiedene Sorten, 150 g Becher, (1 kg = 2,93 €)",Nein,Gültig vom 06.04.2026 bis zum 11.04.2026.,2026-04-06,2026-04-11,../images/edeka/m-ller-froop.jpg,"cat_molkerei_kaese,sub_milchprodukte,tag_ultra_processed",,,ref_000041,obs_0000015377|obs_0000006288|obs_0000017585|obs_0000016670|obs_0000028477|obs_0000022499|obs_0000005720|obs_0000030814|obs_0000006795,obs_0000015377|obs_0000005720|obs_0000030814|obs_0000006795|obs_0000006288|obs_0000017585|obs_0000016670
Original Irischer Käse,kerrygold,"€ 1,79",,"pro Einheit = 1,79",verschiedene Sorten und Fettstufen,Nein,Gültig vom 06.04.2026 bis zum 11.04.2026.,2026-04-06,2026-04-11,../images/edeka/kerrygold-original-irischer-k-se.jpg,"cat_molkerei_kaese,sub_fleischersatz,sub_gefluegel,sub_kaese,sub_milchprodukte,sub_tk_gemuese,tag_high_protein,tag_ultra_processed",,,ref_000042,obs_0000002855|obs_0000023310|obs_0000000815|obs_0000007151|obs_0000010422|obs_0000002220|obs_0000020016|obs_0000028730|obs_0000020611|obs_0000012423|obs_0000006283|obs_0000026772|obs_0000026832|obs_0000028896|obs_0000035052|obs_0000006457|obs_0000027005|obs_0000010631|obs_0000027048|obs_0000021000|obs_0000008777|obs_0000021117|obs_0000008883|obs_0000008906|obs_0000015051|obs_0000021430|obs_0000025547|obs_0000033763|obs_0000017384|obs_0000013325|obs_0000019505|obs_0000031800|obs_0000025705|obs_0000009334|obs_0000015502|obs_0000027791|obs_0000033975|obs_0000021758|obs_0000009525|obs_0000021868|obs_0000017799|obs_0000026035|obs_0000022184|obs_0000020181|obs_0000034561|obs_0000009987|obs_0000028429|obs_0000034575|obs_0000016167|obs_0000020298,obs_0000023310|obs_0000002855|obs_0000007151
Butter,Berchtesgadener Land,"€ 1,79",,"1 kg = 7,16","aus frischem Berg- und Alpenrahm, 250 g Stück, (1 kg = 7,16 €)",Nein,Gültig vom 06.04.2026 bis zum 11.04.2026.,2026-04-06,2026-04-11,../images/edeka/berchtesgadener-land-butter.jpg,"cat_molkerei_kaese,diet_vegetarian,sub_butter_margarine,sub_milchprodukte,tag_ultra_processed",,NUTR-0011,ref_000043,obs_0000003591|obs_0000019493|obs_0000031786|obs_0000024620|obs_0000003636|obs_0000002620|obs_0000000107|obs_0000002676|obs_0000010409|obs_0000034970|obs_0000003267|obs_0000011467|obs_0000018644|obs_0000026359|obs_0000008456|obs_0000011042|obs_0000013125|obs_0000018772|obs_0000008556|obs_0000009075|obs_0000027517|obs_0000001425|obs_0000027049|obs_0000017835|obs_0000018391|obs_0000021984|obs_0000000997|obs_0000022502|obs_0000012797|obs_0000003593|obs_0000001554|obs_0000023593|obs_0000027188|obs_0000018490|obs_0000018502|obs_0000016977|obs_0000023640|obs_0000007771|obs_0000017501|obs_0000025201|obs_0000018556|obs_0000021127|obs_0000000141|obs_0000020622|obs_0000025744|obs_0000000669|obs_0000007329|obs_0000009892|obs_0000000170|obs_0000000689,obs_0000003591|obs_0000019493|obs_0000031786|obs_0000024620|obs_0000003636|obs_0000002620|obs_0000000107|obs_0000002676|obs_0000010409|obs_0000034970|obs_0000003267|obs_0000011467|obs_0000018644|obs_0000026359|obs_0000008456|obs_0000011042|obs_0000013125|obs_0000018772|obs_0000008556|obs_0000009075|obs_0000027517|obs_0000001425|obs_0000027049|obs_0000017835|obs_0000018391|obs_0000021984|obs_0000000997|obs_0000022502|obs_0000012797
Bären Marke Frische Schlag-Sahne,Keine Marke,"€ 2,49",,"1 kg = 4,98","32 % Fett, 500 g Packung, (1 kg = 4,98 €)",Nein,Gültig vom 06.04.2026 bis zum 11.04.2026.,2026-04-06,2026-04-11,../images/edeka/b-ren-marke-frische-schlag-sahne.jpg,"cat_molkerei_kaese,diet_gluten_free,diet_lactose_free,diet_vegan,diet_vegetarian,sub_sahne_creme,tag_ultra_processed,tag_whole_food",,,ref_000044,obs_0000005730,
Schokoladen Milch,Milka,"€ 0,99",,"1 l = 3,96","verschiedene Sorten, 250 ml Flasche + 0,25 Pfand, (1 l = 3,96 €)",Nein,Gültig vom 06.04.2026 bis zum 11.04.2026.,2026-04-06,2026-04-11,../images/edeka/milka-schokoladen-milch.jpg,"cat_molkerei_kaese,diet_vegetarian,sub_milchprodukte,tag_ultra_processed",,BLS-D400400,ref_000045,obs_0000005154|obs_0000006988|obs_0000006104|obs_0000006622|obs_0000003614|obs_0000026178|obs_0000000796,obs_0000005154|obs_0000028750|obs_0000026703|obs_0000006988|obs_0000006104|obs_0000006622
Butaris Feines Butterschmalz,Keine Marke,"€ 3,49",,"1 kg = 13,96","250 g Becher, (1 kg = 13,96 €)",Nein,Gültig vom 06.04.2026 bis zum 11.04.2026.,2026-04-06,2026-04-11,../images/edeka/butaris-feines-butterschmalz.jpg,"cat_molkerei_kaese,diet_gluten_free,diet_lactose_free,diet_vegan,diet_vegetarian,sub_butter_margarine,sub_milchprodukte",,,ref_000046,obs_0000007334|obs_0000006096|obs_0000002883|obs_0000014499|obs_0000013544|obs_0000021011|obs_0000025398|obs_0000001914|obs_0000020192,obs_0000007334|obs_0000006096
Almighurt oder Joghurt,Ehrmann,"€ 0,99",,"1 kg = 1,98","verschiedene Sorten und Fettstufen *Je nach Verfügbarkeit des Marktes., 470*/500 g Glas + 0,15 Pfand, (1 kg = 1,98 €)",Nein,Gültig vom 06.04.2026 bis zum 11.04.2026.,2026-04-06,2026-04-11,../images/edeka/ehrmann-almighurt-oder-joghurt.jpg,"cat_molkerei_kaese,diet_vegetarian,sub_joghurt_skyr_quark,sub_milchprodukte",,,ref_000047,obs_0000027740|obs_0000000360|obs_0000000497|obs_0000033699|obs_0000001348|obs_0000003093|obs_0000028525|obs_0000012194|obs_0000004048|obs_0000028641|obs_0000004475|obs_0000004902|obs_0000013502|obs_0000014217|obs_0000022905|obs_0000031451|obs_0000015270|obs_0000006440|obs_0000008703|obs_0000025171|obs_0000017127|obs_0000025392|obs_0000033696|obs_0000009180|obs_0000025811|obs_0000009663|obs_0000034580|obs_0000026710|obs_0000019794|obs_0000020687|obs_0000020689|obs_0000028966|obs_0000021506|obs_0000021508|obs_0000023030|obs_0000023284|obs_0000015673,obs_0000027740
Tortenbrie,Keine Marke,"€ 0,99",,"1 kg = 9,90","französischer Weichkäse, 50 % Fett i. Tr., mild, 100 g",Nein,Gültig vom 06.04.2026 bis zum 11.04.2026.,2026-04-06,2026-04-11,../images/edeka/tortenbrie.jpg,"cat_molkerei_kaese,diet_gluten_free,diet_lactose_free,diet_vegan,diet_vegetarian,tag_ultra_processed,tag_whole_food",,,ref_000048,obs_0000033757|obs_0000031466,obs_0000033757
Bregenzerwald Bergkäse,Keine Marke,"€ 1,99",,"1 kg = 19,90","österreichischer Hartkäse mit Heumilch, 48 % Fett i. Tr., extra würzig Nur solange der Vorrat reicht., 100 g",Nein,Gültig vom 06.04.2026 bis zum 11.04.2026.,2026-04-06,2026-04-11,../images/edeka/bregenzerwald-bergk-se.jpg,"cat_molkerei_kaese,diet_gluten_free,diet_lactose_free,diet_vegan,diet_vegetarian,sub_kaese,sub_milchprodukte,tag_ultra_processed,tag_whole_food",,,ref_000049,obs_0000030586|obs_0000022817|obs_0000022831|obs_0000033971|obs_0000008766|obs_0000016093,obs_0000030586
Odenwälder Bärlauchkäse,Keine Marke,"€ 2,29",,"1 kg = 22,90","deutscher Schnittkäse 50 % Fett i. Tr., Rinde mit Bärlauch bedeckt, 4 Monate unter ständiger Pflege mit Bärlauch gereift, strohgelber Teig mit aromatischer Knoblauchnote, 100 g",Nein,Gültig vom 06.04.2026 bis zum 11.04.2026.,2026-04-06,2026-04-11,../images/edeka/odenw-lder-b-rlauchk-se.jpg,"cat_molkerei_kaese,diet_gluten_free,diet_lactose_free,diet_vegan,diet_vegetarian,sub_kaese,sub_milchprodukte,tag_ultra_processed",,,ref_000050,,
mila Alta Badia,Keine Marke,"€ 1,99",,"1 kg = 19,90","italienischer Hartkäse aus Südtirol, 50 % Fett i. Tr., 6 Monate Reifezeit, aromatisch würzig, auch als SB* erhältlich *Je nach Verfügbarkeit des Marktes., 100 g",Nein,Gültig vom 06.04.2026 bis zum 11.04.2026.,2026-04-06,2026-04-11,../images/edeka/mila-alta-badia.jpg,"cat_molkerei_kaese,diet_gluten_free,diet_lactose_free,diet_vegan,diet_vegetarian,sub_frisches_obst,tag_ultra_processed,tag_whole_food",,,ref_000051,obs_0000005149|obs_0000031430|obs_0000030794|obs_0000029557,obs_0000005149
Kaffeekapseln,Lavazza,"€ 54,36",,"pro Einheit = 54,36","verschiedene Sorten, 10er Für die Verwendung in Nespresso?* Kaffeemaschinen geeignet. *Markenzeichen eines Dritt-Unternehmens. Je nach Verfügbarkeit des Marktes., 55-57 g Packung, (1 kg = 52,46-54,36 €)",Nein,Gültig vom 06.04.2026 bis zum 11.04.2026.,2026-04-06,2026-04-11,../images/edeka/lavazza-kaffeekapseln.jpg,"cat_grundnahrung,diet_gluten_free,diet_lactose_free,diet_vegan,diet_vegetarian",,,ref_000052,obs_0000004360|obs_0000009891|obs_0000003109|obs_0000015659|obs_0000004787|obs_0000008119|obs_0000013263|obs_0000009427|obs_0000001754|obs_0000001755|obs_0000003933|obs_0000011105|obs_0000001778|obs_0000001779|obs_0000031328|obs_0000031341|obs_0000002712|obs_0000013725|obs_0000033193|obs_0000015020|obs_0000012857|obs_0000008762|obs_0000005741|obs_0000000151|obs_0000030001|obs_0000022967|obs_0000031175|obs_0000000203|obs_0000005922|obs_0000029364|obs_0000030691|obs_0000006640|obs_0000032507|obs_0000031042|obs_0000029331|obs_0000022056|obs_0000020805|obs_0000030709|obs_0000021624,obs_0000004360|obs_0000009891|obs_0000003109|obs_0000015659|obs_0000004787|obs_0000008119|obs_0000013263|obs_0000009427|obs_0000001754|obs_0000001755|obs_0000003933|obs_0000011105|obs_0000005741|obs_0000001778|obs_0000001779
Home Barista,Dallmayr,"€ 12,99",,"1 kg = 13,99","verschiedene Sorten, ganze Bohnen, 1 kg Packung, (1 kg = 13,99 €)",Nein,Gültig vom 06.04.2026 bis zum 11.04.2026.,2026-04-06,2026-04-11,../images/edeka/dallmayr-home-barista.jpg,"cat_grundnahrung,diet_gluten_free,diet_lactose_free,diet_vegan,diet_vegetarian",,,ref_000053,obs_0000027318|obs_0000005167|obs_0000030333|obs_0000015446|obs_0000031925|obs_0000004856|obs_0000014103|obs_0000003392|obs_0000000331|obs_0000004429|obs_0000004002|obs_0000006463,obs_0000005167|obs_0000030333|obs_0000027318
J J Darboven Idee Kaffee Eilles Gourmet,Keine Marke,"€ 5,99",,"1 kg = 12,98","verschiedene Sorten oder Mövenpick Edle Komposition *Je nach Verfügbarkeit des Marktes., 500 g Packung, (1 kg = 12,98 €)",Nein,Gültig vom 06.04.2026 bis zum 11.04.2026.,2026-04-06,2026-04-11,../images/edeka/j-j-darboven-idee-kaffee-eilles-gourmet.jpg,"cat_grundnahrung,diet_gluten_free,diet_lactose_free,diet_vegan,diet_vegetarian,tag_whole_food",,,ref_000054,obs_0000005554|obs_0000006991|obs_0000006117|obs_0000033702|obs_0000034731|obs_0000013668,obs_0000005554|obs_0000006991|obs_0000006117
Barista Instant Kaffee,Melitta,"€ 7,99",,"1 kg = 39,95","200 g Packung, (1 kg = 39,95 €)",Nein,Gültig vom 06.04.2026 bis zum 11.04.2026.,2026-04-06,2026-04-11,../images/edeka/melitta-barista-instant-kaffee.jpg,"cat_grundnahrung,diet_gluten_free,diet_lactose_free,diet_vegan,diet_vegetarian",,,ref_000055,obs_0000012375|obs_0000006463|obs_0000015279|obs_0000010719|obs_0000022517|obs_0000021523|obs_0000025157|obs_0000013521|obs_0000020704|obs_0000012856|obs_0000011954|obs_0000014593|obs_0000024909|obs_0000013724,
Hartweizen- oder Vollkornpasta,EDEKA Bio,"€ 0,75",,"1 kg = 1,50","verschiedene Ausformungen, 500 g Packung, (1 kg = 1,50 €)",Nein,Gültig vom 06.04.2026 bis zum 11.04.2026.,2026-04-06,2026-04-11,../images/edeka/edeka-bio-hartweizen-oder-vollkornpasta.jpg,"cat_grundnahrung,diet_vegan,diet_vegetarian,sub_nudeln,tag_whole_food",,,ref_000056,obs_0000007177|obs_0000005175,obs_0000007177|obs_0000005175
5 Minuten Terrine Magic Asia Noodle Cup oder Saucy Noodles,Maggi,"€ 0,79",,"pro Einheit = 0,79",verschiedene Sorten,Nein,Gültig vom 06.04.2026 bis zum 11.04.2026.,2026-04-06,2026-04-11,../images/edeka/maggi-5-minuten-terrine-magic-asia-noodle-cup-oder-saucy-noodles.jpg,"cat_grundnahrung,diet_vegetarian,tag_ultra_processed",,,ref_000057,obs_0000005924|obs_0000006644|obs_0000017439|obs_0000018736|obs_0000022281|obs_0000018283|obs_0000019422|obs_0000027128|obs_0000014999,
Delikatess Sauce,Knorr,"€ 0,99",,"pro Einheit = 0,99","verschiedene Sorten, 2/3er",Nein,Gültig vom 06.04.2026 bis zum 11.04.2026.,2026-04-06,2026-04-11,../images/edeka/knorr-delikatess-sauce.jpg,"cat_grundnahrung,diet_vegetarian,tag_ultra_processed",,,ref_000058,obs_0000031675|obs_0000007185|obs_0000007367|obs_0000032000|obs_0000005558|obs_0000013386|obs_0000034889|obs_0000011915|obs_0000010474|obs_0000008982,obs_0000007185|obs_0000017954|obs_0000031874|obs_0000007367|obs_0000022221|obs_0000005558|obs_0000031675
Feinkostsauce,Kühne,"€ 1,11",,"1 l = 4,44","verschiedene Sorten, 250 ml Flasche, (1 l = 4,44 €)",Nein,Gültig vom 06.04.2026 bis zum 11.04.2026.,2026-04-06,2026-04-11,../images/edeka/k-hne-feinkostsauce.jpg,"cat_grundnahrung,diet_gluten_free,diet_lactose_free,diet_vegan,diet_vegetarian",,,ref_000059,obs_0000034270|obs_0000007569|obs_0000005179|obs_0000006467,obs_0000007569|obs_0000034270
WWF Apfelmark,EDEKA Bio,"€ 1,29",,"1 kg = 1,84","700 g Glas, (1 kg = 1,84 €)",Nein,Gültig vom 06.04.2026 bis zum 11.04.2026.,2026-04-06,2026-04-11,../images/edeka/edeka-bio-wwf-apfelmark.jpg,"cat_grundnahrung,diet_gluten_free,diet_lactose_free,diet_vegan,diet_vegetarian,sub_frisches_obst,tag_whole_food",,,ref_000060,,
DEKA Bio Hülsenfrüchte,Keine Marke,"€ 0,79",,"1 kg = 2,98","400 g Dose (Abtropfgewicht 240/265 g), (1 kg = 2,98 €)",Nein,Gültig vom 06.04.2026 bis zum 11.04.2026.,2026-04-06,2026-04-11,../images/edeka/deka-bio-h-lsenfr-chte.jpg,"cat_grundnahrung,diet_gluten_free,diet_lactose_free,diet_vegan,diet_vegetarian,sub_exoten,sub_frisches_obst,sub_huelsenfruechte,tag_whole_food",,,ref_000061,obs_0000026415|obs_0000018947|obs_0000000617|obs_0000009600|obs_0000010051|obs_0000002604|obs_0000003418|obs_0000008133,
Passata,EDEKA Bio,"€ 0,99",,"1 kg = 1,43","Tomaten aus Italien, 690 g Flasche, (1 kg = 1,43 €)",Nein,Gültig vom 06.04.2026 bis zum 11.04.2026.,2026-04-06,2026-04-11,../images/edeka/edeka-bio-passata.jpg,"cat_grundnahrung,diet_gluten_free,diet_lactose_free,diet_vegan,diet_vegetarian,tag_whole_food",,,ref_000062,obs_0000002152|obs_0000002775|obs_0000001853,
Schwartau Konfitüre Extra Samt Weniger Zucker Zero oder Gelee,Keine Marke,"€ 1,99",,"pro Einheit = 1,99",verschiedene Sorten,Nein,Gültig vom 06.04.2026 bis zum 11.04.2026.,2026-04-06,2026-04-11,../images/edeka/schwartau-konfit-re-extra-samt-weniger-zucker-zero-oder-gelee.jpg,"cat_grundnahrung,diet_vegetarian,tag_ultra_processed",,,ref_000063,obs_0000007023|obs_0000006139|obs_0000032650|obs_0000028637|obs_0000028522|obs_0000025804|obs_0000027734|obs_0000026854|obs_0000015010|obs_0000010943|obs_0000019785,obs_0000007023|obs_0000006139
Kölln Blütenzarte flocken oder Kernige,Keine Marke,"€ 1,19",,"1 kg = 2,38","500 g Packung, (1 kg = 2,38 €)",Nein,Gültig vom 06.04.2026 bis zum 11.04.2026.,2026-04-06,2026-04-11,../images/edeka/k-lln-bl-tenzarte-flocken-oder-kernige.jpg,"cat_grundnahrung,diet_gluten_free,diet_lactose_free,diet_vegan,diet_vegetarian,tag_ultra_processed,tag_whole_food",,,ref_000064,obs_0000007021|obs_0000005563,obs_0000007021|obs_0000005563
Mondamin Soßenbinder oder Mehlschwitze,Keine Marke,"€ 1,29",,"1 kg = 5,16","verschiedene Sorten, 250 g Packung, (1 kg = 5,16 €)",Nein,Gültig vom 06.04.2026 bis zum 11.04.2026.,2026-04-06,2026-04-11,../images/edeka/mondamin-so-enbinder-oder-mehlschwitze.jpg,"cat_grundnahrung,tag_ultra_processed",,,ref_000065,obs_0000005560|obs_0000015013|obs_0000015696|obs_0000013897|obs_0000029301|obs_0000028735|obs_0000034893,obs_0000015013|obs_0000015696|obs_0000005560|obs_0000013897
Collezione Al Bronzo oder Protein Pasta,Barilla,"€ 1,79",,"pro Einheit = 1,79",verschiedene Ausformungen,Nein,Gültig vom 06.04.2026 bis zum 11.04.2026.,2026-04-06,2026-04-11,../images/edeka/barilla-collezione-al-bronzo-oder-protein-pasta.jpg,"cat_grundnahrung,diet_lactose_free,diet_vegan,diet_vegetarian,sub_nudeln,tag_high_protein,tag_proteinreich,tag_ultra_processed",,,ref_000066,obs_0000013138|obs_0000015436|obs_0000029308|obs_0000032415|obs_0000032236|obs_0000030713|obs_0000005176|obs_0000014389|obs_0000034219|obs_0000002845|obs_0000002962|obs_0000010325|obs_0000018196|obs_0000019845|obs_0000025518|obs_0000016866|obs_0000020003|obs_0000028733|obs_0000035104|obs_0000022097|obs_0000002663|obs_0000034419|obs_0000017082|obs_0000021187|obs_0000034026|obs_0000026899|obs_0000016662|obs_0000018708|obs_0000011092|obs_0000014165|obs_0000028496|obs_0000019293|obs_0000020368|obs_0000028607|obs_0000018893|obs_0000017359,
Ketchup oder Mayonnaise,Heinz,"€ 1,79",,"pro Einheit = 1,79",verschiedene Sorten,Nein,Gültig vom 06.04.2026 bis zum 11.04.2026.,2026-04-06,2026-04-11,../images/edeka/heinz-ketchup-oder-mayonnaise.jpg,"cat_grundnahrung,diet_vegan,diet_vegetarian,tag_ultra_processed",,,ref_000067,obs_0000029039|obs_0000032050|obs_0000032296|obs_0000011067|obs_0000013772|obs_0000001763|obs_0000002118|obs_0000010674|obs_0000015657|obs_0000015844,
Hengstenberg Gurken,Keine Marke,"€ 1,99",,"1 kg = 5,53","verschiedene Sorten, 670 g Glas (Abtropfgewicht 360 g), (1 kg = 5,53 €)",Nein,Gültig vom 06.04.2026 bis zum 11.04.2026.,2026-04-06,2026-04-11,../images/edeka/hengstenberg-gurken.jpg,"cat_grundnahrung,diet_gluten_free,diet_lactose_free,diet_vegan,diet_vegetarian,sub_frisches_gemuese,tag_whole_food",,,ref_000068,obs_0000007373|obs_0000028052|obs_0000026810|obs_0000017251,obs_0000007373
Mehlig Heller Familien-Wurstkonserve,Keine Marke,"€ 2,49",,"1 kg = 8,30","verschiedene Sorten Nur solange der Vorrat reicht., 300 g XXL Glas, (1 kg = 8,30 €)",Nein,Gültig vom 06.04.2026 bis zum 11.04.2026.,2026-04-06,2026-04-11,../images/edeka/mehlig-heller-familien-wurstkonserve.jpg,"cat_grundnahrung,diet_vegetarian,tag_ultra_processed",,,ref_000069,,
Premium Backmischung,Dr Oetker,"€ 2,79",,"pro Einheit = 2,79",verschiedene Sorten,Nein,Gültig vom 06.04.2026 bis zum 11.04.2026.,2026-04-06,2026-04-11,../images/edeka/dr-oetker-premium-backmischung.jpg,"cat_grundnahrung,tag_ultra_processed",,,ref_000070,obs_0000014392|obs_0000016698|obs_0000017486|obs_0000013511|obs_0000011595|obs_0000019833|obs_0000013830,
Bio Erdnussmus 100 Erdnüsse oder Crunchy,KoRo,"€ 4,99",,"1 kg = 9,98","500 g Glas, (1 kg = 9,98 €)",Nein,Gültig vom 06.04.2026 bis zum 11.04.2026.,2026-04-06,2026-04-11,../images/edeka/koro-bio-erdnussmus-100-erdn-sse-oder-crunchy.jpg,"cat_grundnahrung,diet_gluten_free,diet_lactose_free,diet_vegan,diet_vegetarian,sub_huelsenfruechte,tag_high_protein,tag_proteinreich,tag_ultra_processed",,,ref_000071,obs_0000026588|obs_0000027115|obs_0000000013|obs_0000019492|obs_0000015445|obs_0000003728|obs_0000026796|obs_0000026308|obs_0000027867|obs_0000011550|obs_0000008481|obs_0000001319|obs_0000013618|obs_0000027959|obs_0000032179|obs_0000031681|obs_0000019397|obs_0000010727,
Coppenrath Wiener Torteletts,Keine Marke,"€ 1,29",,"1 kg = 12,90","6er, 100 g Packung, (1 kg = 12,90 €)",Nein,Gültig vom 06.04.2026 bis zum 11.04.2026.,2026-04-06,2026-04-11,../images/edeka/coppenrath-wiener-torteletts.jpg,"cat_grundnahrung,diet_gluten_free,diet_lactose_free,diet_vegetarian,tag_ultra_processed",,,ref_000072,obs_0000031788,
Fritz Felix Schüttelbrot,Keine Marke,"€ 1,49",,"pro Einheit = 1,49",verschiedene Sorten,Nein,Gültig vom 06.04.2026 bis zum 11.04.2026.,2026-04-06,2026-04-11,../images/edeka/fritz-felix-sch-ttelbrot.jpg,"cat_grundnahrung,diet_gluten_free,diet_lactose_free,diet_vegan,diet_vegetarian,tag_ultra_processed,tag_whole_food",,,ref_000073,obs_0000006839,obs_0000006839
Frischer Pizzateig,Henglein,"€ 1,79",,"1 kg = 4,48","auf Backpapier, 400 g Packung, (1 kg = 4,48 €)",Nein,Gültig vom 06.04.2026 bis zum 11.04.2026.,2026-04-06,2026-04-11,../images/edeka/henglein-frischer-pizzateig.jpg,"cat_grundnahrung,sub_kartoffeln,sub_nudeln",,BLS-G211100,ref_000074,obs_0000011907|obs_0000008115|obs_0000034002|obs_0000006659|obs_0000010657|obs_0000014521|obs_0000002690|obs_0000003249|obs_0000030277|obs_0000033876|obs_0000007584|obs_0000005195,obs_0000011907|obs_0000006659|obs_0000008115|obs_0000030277
Gemischte Oliven,Keine Marke,"€ 1,89",,"pro Einheit = 1,89",100 g,Nein,Gültig vom 06.04.2026 bis zum 11.04.2026.,2026-04-06,2026-04-11,../images/edeka/gemischte-oliven.jpg,"cat_grundnahrung,diet_gluten_free,diet_lactose_free,diet_vegan,diet_vegetarian,tag_whole_food",,,ref_000075,obs_0000008194|obs_0000025865|obs_0000028687|obs_0000028567|obs_0000018215|obs_0000026683|obs_0000008681|obs_0000022380|obs_0000034552,
Fertiggericht,Frosta,"€ 2,49",,"pro Einheit = 2,49","verschiedene Sorten, tiefgefroren",Nein,Gültig vom 06.04.2026 bis zum 11.04.2026.,2026-04-06,2026-04-11,../images/edeka/frosta-fertiggericht.jpg,"cat_tiefkuehl,sub_tk_fertiggerichte,tag_ultra_processed",,,ref_000076,obs_0000001537|obs_0000013186|obs_0000010919|obs_0000015278|obs_0000013632|obs_0000012670|obs_0000010900|obs_0000006306|obs_0000012214|obs_0000023763|obs_0000011360|obs_0000023662|obs_0000014071|obs_0000024188|obs_0000019329|obs_0000009803|obs_0000018132|obs_0000009331|obs_0000022985|obs_0000027145|obs_0000005393|obs_0000007209|obs_0000013099|obs_0000005947|obs_0000005568|obs_0000005585|obs_0000023011|obs_0000019308|obs_0000006655|obs_0000015097|obs_0000006831|obs_0000006323|obs_0000005214|obs_0000029810|obs_0000026782|obs_0000034004|obs_0000034413,obs_0000001537|obs_0000013186|obs_0000019329|obs_0000026768|obs_0000010900|obs_0000005393|obs_0000006306|obs_0000010919|obs_0000015278|obs_0000012214|obs_0000008118|obs_0000013632|obs_0000008649|obs_0000009803|obs_0000005585|obs_0000023763|obs_0000018132|obs_0000011360|obs_0000023662|obs_0000009331|obs_0000014071|obs_0000016377|obs_0000017403|obs_0000024188|obs_0000012670
Die Backfrische Big City Pizza oder Piccolinis,Original Wagner,"€ 1,79",,"pro Einheit = 1,79","verschiedene Sorten, tiefgefroren",Nein,Gültig vom 06.04.2026 bis zum 11.04.2026.,2026-04-06,2026-04-11,../images/edeka/original-wagner-die-backfrische-big-city-pizza-oder-piccolinis.jpg,"cat_tiefkuehl,sub_tk_fertiggerichte,sub_tk_pizza,tag_ultra_processed",,,ref_000077,obs_0000006317|obs_0000011776|obs_0000006846|obs_0000005394|obs_0000005944|obs_0000000806|obs_0000009643|obs_0000023643|obs_0000001203|obs_0000023322|obs_0000000919,obs_0000006317|obs_0000006846|obs_0000005394|obs_0000005944
MSC Schlemmerfilet oder Fischstäbchen,Frosta,"€ 2,79",,"pro Einheit = 2,79","verschiedene Sorten, tiefgefroren",Nein,Gültig vom 06.04.2026 bis zum 11.04.2026.,2026-04-06,2026-04-11,../images/edeka/frosta-msc-schlemmerfilet-oder-fischst-bchen.jpg,"cat_tiefkuehl,sub_tk_fertiggerichte,tag_ultra_processed",,,ref_000078,obs_0000005208|obs_0000007207|obs_0000033884|obs_0000010408|obs_0000012822|obs_0000008173|obs_0000024900|obs_0000025168|obs_0000016996|obs_0000000915|obs_0000017420|obs_0000034006|obs_0000009455|obs_0000026262|obs_0000009919|obs_0000010512|obs_0000027256|obs_0000027473|obs_0000019723|obs_0000019848|obs_0000028098|obs_0000028371|obs_0000012340|obs_0000020780|obs_0000021599|obs_0000022963|obs_0000023771|obs_0000024190|obs_0000016380,obs_0000005208|obs_0000007207
Snickers,Keine Marke,"€ 1,99",,"pro Einheit = 1,99","verschiedene Sorten, Mars, Bounty oder Twix Ice Cream, 5er Je nach Verfügbarkeit des Marktes.",Nein,Gültig vom 06.04.2026 bis zum 11.04.2026.,2026-04-06,2026-04-11,../images/edeka/snickers.jpg,"cat_tiefkuehl,diet_gluten_free,diet_lactose_free,diet_vegan,diet_vegetarian,tag_ultra_processed,tag_whole_food",,,ref_000079,obs_0000026017|obs_0000030088|obs_0000005471|obs_0000030164|obs_0000032701|obs_0000005283,obs_0000026017
Langnese Magnum Eis,Keine Marke,"€ 2,79",,"pro Einheit = 2,79","verschiedene Sorten, 6/8er",Nein,Gültig vom 06.04.2026 bis zum 11.04.2026.,2026-04-06,2026-04-11,../images/edeka/langnese-magnum-eis.jpg,"cat_tiefkuehl,diet_gluten_free,diet_lactose_free,diet_vegetarian,sub_tk_eis,sub_tk_fertiggerichte,tag_ultra_processed,tag_whole_food",,,ref_000080,obs_0000006667|obs_0000006159|obs_0000005768|obs_0000006847|obs_0000007600|obs_0000005767|obs_0000008369|obs_0000005948|obs_0000024079|obs_0000034392|obs_0000021619|obs_0000025743|obs_0000011489|obs_0000011490|obs_0000025829|obs_0000018692|obs_0000017710|obs_0000020800|obs_0000010096|obs_0000013168|obs_0000015273|obs_0000024496|obs_0000022474,obs_0000006667|obs_0000006159|obs_0000005768|obs_0000006847|obs_0000007600
Kuchen Vielfalt,Coppenrath Wiese,"€ 6,49",,"pro Einheit = 6,49","verschiedene Sorten, tiefgefroren",Nein,Gültig vom 06.04.2026 bis zum 11.04.2026.,2026-04-06,2026-04-11,../images/edeka/coppenrath-wiese-kuchen-vielfalt.jpg,"cat_tiefkuehl,diet_vegetarian,tag_ultra_processed",,,ref_000081,obs_0000027341|obs_0000011352,obs_0000027341
Elvis Eis,Keine Marke,"€ 3,99",,"1 l = 9,98","verschiedene Sorten, 400 ml Glas, (1 l = 9,98 €)",Nein,Gültig vom 06.04.2026 bis zum 11.04.2026.,2026-04-06,2026-04-11,../images/edeka/elvis-eis.jpg,"cat_tiefkuehl,diet_gluten_free,diet_lactose_free,diet_vegan,diet_vegetarian,sub_exoten,sub_frisches_gemuese,sub_frisches_obst,sub_tk_eis,tag_ultra_processed,tag_whole_food",,,ref_000082,obs_0000018692|obs_0000025743|obs_0000017710|obs_0000034392|obs_0000011490|obs_0000025829|obs_0000013168,
Rustipani,Original Wagner,"€ 1,79",,"pro Einheit = 1,79","verschiedene Sorten, tiefgefroren",Nein,Gültig vom 06.04.2026 bis zum 11.04.2026.,2026-04-06,2026-04-11,../images/edeka/original-wagner-rustipani.jpg,"cat_tiefkuehl,sub_kaese,sub_tk_fertiggerichte,sub_tk_pizza,tag_ultra_processed",,,ref_000083,obs_0000008715|obs_0000028395|obs_0000012816|obs_0000015401|obs_0000011326|obs_0000006669|obs_0000005398|obs_0000029339,obs_0000006669|obs_0000005398
followfood MSC Kabeljau Filets,Keine Marke,"€ 4,49",,"1 kg = 22,45","2-3 Stück, ohne Haut, praktisch grätenfrei, tiefgefroren, 200 g Packung, (1 kg = 22,45 €)",Nein,Gültig vom 06.04.2026 bis zum 11.04.2026.,2026-04-06,2026-04-11,../images/edeka/followfood-msc-kabeljau-filets.jpg,"cat_tiefkuehl,diet_gluten_free,diet_lactose_free,tag_ultra_processed,tag_whole_food",,,ref_000084,obs_0000005951|obs_0000006130,obs_0000005951
Hähnchen Schenkel,Gut Günstig,"€ 6,99",,"1 kg = 2,80","mit Rückenstück, Hkl. A, ungewürzt, tiefgefroren, 2500 g XXL Packung, (1 kg = 2,80 €)",Nein,Gültig vom 06.04.2026 bis zum 11.04.2026.,2026-04-06,2026-04-11,../images/edeka/gut-g-nstig-h-hnchen-schenkel.jpg,"cat_tiefkuehl,sub_gefluegel,tag_proteinreich,tag_ultra_processed",,BLS-V4A5100,ref_000085,obs_0000014454|obs_0000016559|obs_0000027259|obs_0000027277|obs_0000000705|obs_0000027367|obs_0000000882|obs_0000017341|obs_0000019465|obs_0000027696|obs_0000009401|obs_0000028083|obs_0000001523|obs_0000009863|obs_0000028345|obs_0000022267|obs_0000018267|obs_0000014263|obs_0000030896|obs_0000010525|obs_0000014915|obs_0000008788|obs_0000031635|obs_0000015748|obs_0000011849|obs_0000012213|obs_0000031534|obs_0000029875|obs_0000029909|obs_0000029965|obs_0000032530|obs_0000031272,obs_0000014454|obs_0000016559|obs_0000027259|obs_0000027277|obs_0000000705|obs_0000027367|obs_0000000882|obs_0000017341|obs_0000019465|obs_0000027696|obs_0000009401|obs_0000028083|obs_0000001523|obs_0000009863|obs_0000028345|obs_0000022267|obs_0000018267|obs_0000014263
Feinster roter Heringssalat,Keine Marke,"€ 0,99",,"1 kg = 9,90","mit Roter Bete, Äpfeln, Gewürzgurken und Zwiebeln, in pikanter Salatmayonnaise, 100 g",Nein,Gültig vom 06.04.2026 bis zum 11.04.2026.,2026-04-06,2026-04-11,../images/edeka/feinster-roter-heringssalat.jpg,"cat_fisch_meeresfruechte,diet_gluten_free,diet_lactose_free,diet_vegan,diet_vegetarian,sub_frisches_gemuese,sub_salate,tag_whole_food",,,ref_000086,obs_0000006163,obs_0000006163
Schellfischfilet,Keine Marke,"€ 2,49",,"1 kg = 24,90","fein aromatisch, ideal zum Braten oder Dünsten, 100 g",Nein,Gültig vom 06.04.2026 bis zum 11.04.2026.,2026-04-06,2026-04-11,../images/edeka/schellfischfilet.jpg,"cat_fisch_meeresfruechte,diet_gluten_free,diet_lactose_free,tag_high_protein,tag_proteinreich,tag_ultra_processed,tag_whole_food",,BLS-Y625112,ref_000087,obs_0000007409|obs_0000008116,obs_0000007409|obs_0000008116
Heilbutt Endstücke,Keine Marke,"€ 1,99",,"1 kg = 19,90","geräuchert, 100 g",Nein,Gültig vom 06.04.2026 bis zum 11.04.2026.,2026-04-06,2026-04-11,../images/edeka/heilbutt-endst-cke.jpg,"cat_fisch_meeresfruechte,diet_gluten_free,diet_lactose_free,diet_vegan,diet_vegetarian,tag_ultra_processed,tag_whole_food",,,ref_000088,obs_0000028359|obs_0000006677|obs_0000005404,
Forelle,Keine Marke,"€ 1,39",,"1 kg = 13,90","natur, bestens zum Braten und Grillen geeignet, 100 g",Nein,Gültig vom 06.04.2026 bis zum 11.04.2026.,2026-04-06,2026-04-11,../images/edeka/forelle.jpg,"cat_fisch_meeresfruechte,diet_gluten_free,diet_lactose_free,diet_vegan,diet_vegetarian,tag_whole_food",,BLS-T422100,ref_000089,obs_0000020898|obs_0000007046|obs_0000020079|obs_0000034141|obs_0000007610|obs_0000009595|obs_0000025693|obs_0000010047,obs_0000020898|obs_0000007046|obs_0000020079|obs_0000034141|obs_0000007610|obs_0000009595|obs_0000025693|obs_0000010047
WWF Original Nürnberger Rostbratwürste,EDEKA Bio,"€ 3,49",,"1 kg = 13,96","gebrüht, 250 g Packung, (1 kg = 13,96 €)",Nein,Gültig vom 06.04.2026 bis zum 11.04.2026.,2026-04-06,2026-04-11,../images/edeka/edeka-bio-wwf-original-n-rnberger-rostbratw-rste.jpg,"cat_fleisch_wurst,sub_wurst,tag_ultra_processed",,,ref_000090,obs_0000010326|obs_0000014918|obs_0000027970|obs_0000028730|obs_0000020611|obs_0000012423|obs_0000006283|obs_0000026772|obs_0000026832|obs_0000028896|obs_0000035052|obs_0000027005|obs_0000027048|obs_0000021000|obs_0000008777|obs_0000021117|obs_0000008906|obs_0000015051|obs_0000021430|obs_0000025547|obs_0000033763|obs_0000017384|obs_0000013325|obs_0000019505|obs_0000031800|obs_0000025705|obs_0000009334|obs_0000015502|obs_0000027791|obs_0000033975|obs_0000021758|obs_0000009525|obs_0000021868|obs_0000017799|obs_0000026035|obs_0000022184|obs_0000020181|obs_0000034561|obs_0000009987|obs_0000028429|obs_0000034575|obs_0000016167|obs_0000020298|obs_0000028516|obs_0000010117|obs_0000014249|obs_0000028630,
Knackwurst,Keine Marke,"€ 0,89",,"1 kg = 8,90","zart geräuchert, deftig gewürzt, 100 g",Nein,Gültig vom 06.04.2026 bis zum 11.04.2026.,2026-04-06,2026-04-11,../images/edeka/knackwurst.jpg,"cat_fleisch_wurst,diet_gluten_free,diet_lactose_free,diet_vegan,diet_vegetarian,sub_wurst,tag_ultra_processed,tag_whole_food",,BLS-W171100,ref_000091,obs_0000005419|obs_0000026055,obs_0000005419
Landsalami,Keine Marke,"€ 1,99",,"1 kg = 19,90","grob, herzhaft deftig, 100 g",Nein,Gültig vom 06.04.2026 bis zum 11.04.2026.,2026-04-06,2026-04-11,../images/edeka/landsalami.jpg,"cat_fleisch_wurst,diet_gluten_free,diet_lactose_free,diet_vegan,diet_vegetarian,sub_frisches_gemuese,sub_wurst,tag_ultra_processed,tag_whole_food",,BLS-W149300,ref_000092,obs_0000005413|obs_0000006176,obs_0000005413|obs_0000006176
Salami Spianata Romana,Keine Marke,"€ 1,99",,"1 kg = 19,90","langzeitgereifte italienische Salamispezialität, ein Genuss, 100 g",Nein,Gültig vom 06.04.2026 bis zum 11.04.2026.,2026-04-06,2026-04-11,../images/edeka/salami-spianata-romana.jpg,"cat_fleisch_wurst,diet_gluten_free,diet_lactose_free,diet_vegan,diet_vegetarian,sub_exoten,sub_frisches_gemuese,sub_frisches_obst,sub_salate,sub_wurst,tag_ultra_processed,tag_whole_food",,,ref_000093,obs_0000007221|obs_0000002611|obs_0000010316|obs_0000014932|obs_0000019030|obs_0000028273|obs_0000005781|obs_0000023205|obs_0000003239|obs_0000019666|obs_0000016602|obs_0000008425|obs_0000003307|obs_0000021226|obs_0000002285|obs_0000011010|obs_0000025355|obs_0000026898|obs_0000017184|obs_0000007987|obs_0000025934|obs_0000008039|obs_0000016755|obs_0000034176|obs_0000002957|obs_0000020407|obs_0000016328|obs_0000017375|obs_0000031198|obs_0000010234,obs_0000007221
Paprikaschinken- oder Schinkenwurst,Keine Marke,"€ 0,99",,"1 kg = 9,90","fein, 100 g",Nein,Gültig vom 06.04.2026 bis zum 11.04.2026.,2026-04-06,2026-04-11,../images/edeka/paprikaschinken-oder-schinkenwurst.jpg,"cat_fleisch_wurst,diet_gluten_free,diet_lactose_free,diet_vegan,diet_vegetarian,sub_frisches_gemuese,sub_schwein,sub_wurst,tag_ultra_processed,tag_whole_food",,,ref_000094,obs_0000006179|obs_0000014465,obs_0000006179
Delikatess Leberwurst,Keine Marke,"€ 1,00",,"1 kg = 10,00","mit Kalbfleisch, im Golddarm, zart und cremig, 100 g",Nein,Gültig vom 06.04.2026 bis zum 11.04.2026.,2026-04-06,2026-04-11,../images/edeka/delikatess-leberwurst.jpg,"cat_fleisch_wurst,diet_gluten_free,diet_lactose_free,diet_vegan,diet_vegetarian,sub_wurst,tag_ultra_processed,tag_whole_food",,BLS-W214000,ref_000095,obs_0000007228|obs_0000005791|obs_0000034952|obs_0000033967|obs_0000006341|obs_0000005420|obs_0000008560|obs_0000010608|obs_0000029607|obs_0000032360|obs_0000006868|obs_0000029961|obs_0000030218|obs_0000031246|obs_0000003643|obs_0000014468|obs_0000024223|obs_0000011436|obs_0000023801|obs_0000013053|obs_0000026900|obs_0000028438|obs_0000026452|obs_0000028508|obs_0000010597|obs_0000012655|obs_0000013762|obs_0000028622|obs_0000026066|obs_0000031720|obs_0000019440,obs_0000007228|obs_0000005791|obs_0000034952|obs_0000033967|obs_0000006341|obs_0000005420|obs_0000008560|obs_0000010608|obs_0000029607
Mettwurst,Keine Marke,"€ 1,19",,"1 kg = 11,90","mittelgrob, herzhaft deftig, 100 g",Nein,Gültig vom 06.04.2026 bis zum 11.04.2026.,2026-04-06,2026-04-11,../images/edeka/mettwurst.jpg,"cat_fleisch_wurst,diet_gluten_free,diet_lactose_free,diet_vegan,diet_vegetarian,sub_exoten,sub_frisches_obst,sub_wurst,tag_ultra_processed,tag_whole_food",,BLS-W151000,ref_000096,obs_0000006180|obs_0000009613|obs_0000010064|obs_0000005971|obs_0000014808|obs_0000007229|obs_0000012704|obs_0000014148|obs_0000029789|obs_0000034776|obs_0000030644|obs_0000006331,obs_0000006180|obs_0000009613|obs_0000010064|obs_0000005971|obs_0000014808|obs_0000007229|obs_0000012704
Stadtwurst,Keine Marke,"€ 0,99",,"1 kg = 9,90","rot oder weiß, pikant gewürzt im Ring, 100 g",Nein,Gültig vom 06.04.2026 bis zum 11.04.2026.,2026-04-06,2026-04-11,../images/edeka/stadtwurst.jpg,"cat_fleisch_wurst,diet_gluten_free,diet_lactose_free,diet_vegan,diet_vegetarian,sub_exoten,sub_frisches_obst,sub_wurst,tag_ultra_processed,tag_whole_food",,BLS-W222600,ref_000097,obs_0000006867|obs_0000006183|obs_0000005608,obs_0000006867|obs_0000006183|obs_0000005608
Bauernschätze Truthahnaufschnitt,Keine Marke,"€ 1,49",,"1 kg = 14,90","bestehend aus: Bierschinken, Lyoner, Paprika-Lyoner, Lyoner mit Ei und Kaiserjagdwurst, 100 g",Nein,Gültig vom 06.04.2026 bis zum 11.04.2026.,2026-04-06,2026-04-11,../images/edeka/bauernsch-tze-truthahnaufschnitt.jpg,"cat_fleisch_wurst,diet_gluten_free,diet_lactose_free,diet_vegetarian,tag_ultra_processed",,,ref_000098,obs_0000006692,
Bauernschätze Wacholderschinken,Keine Marke,"€ 2,19",,"1 kg = 21,90","gegart, saftig, 100 g",Nein,Gültig vom 06.04.2026 bis zum 11.04.2026.,2026-04-06,2026-04-11,../images/edeka/bauernsch-tze-wacholderschinken.jpg,"cat_fleisch_wurst,diet_gluten_free,diet_lactose_free,diet_vegetarian,sub_schwein,sub_wurst,tag_ultra_processed",,,ref_000099,obs_0000006855|obs_0000027297|obs_0000010607,obs_0000006855
Berger Bärlauch-Schinken,Keine Marke,"€ 1,99",,"1 kg = 19,90","gegart, saftig, 100 g",Nein,Gültig vom 06.04.2026 bis zum 11.04.2026.,2026-04-06,2026-04-11,../images/edeka/berger-b-rlauch-schinken.jpg,"cat_fleisch_wurst,diet_lactose_free,diet_vegan,diet_vegetarian,sub_schwein,sub_wurst,tag_ultra_processed,tag_whole_food",,,ref_000100,obs_0000005783|obs_0000029551|obs_0000034378|obs_0000028387|obs_0000016624|obs_0000017657,
Truthahnspargelbrust,Keine Marke,"€ 1,99",,"pro Einheit = 1,99",100 g,Nein,Gültig vom 06.04.2026 bis zum 11.04.2026.,2026-04-06,2026-04-11,../images/edeka/truthahnspargelbrust.jpg,"cat_fleisch_wurst,diet_gluten_free,diet_lactose_free,diet_vegan,diet_vegetarian,tag_whole_food",,,ref_000101,,
Aspikaufschnitt,Keine Marke,"€ 1,19",,"1 kg = 11,90","verschiedene Sorten, 100 g",Nein,Gültig vom 06.04.2026 bis zum 11.04.2026.,2026-04-06,2026-04-11,../images/edeka/aspikaufschnitt.jpg,"cat_fleisch_wurst,diet_gluten_free,diet_lactose_free,diet_vegan,diet_vegetarian,sub_wurst,tag_ultra_processed,tag_whole_food",,,ref_000102,obs_0000005227|obs_0000007219|obs_0000006175,obs_0000005227|obs_0000007219|obs_0000006175
Schweineschnitzel,Keine Marke,"€ 1,49",,"1 kg = 14,90","paniert, gebraten, 100 g",Nein,Gültig vom 06.04.2026 bis zum 11.04.2026.,2026-04-06,2026-04-11,../images/edeka/schweineschnitzel.jpg,"cat_fleisch_wurst,diet_gluten_free,diet_lactose_free,sub_schwein,tag_ultra_processed,tag_whole_food",,BLS-U543100,ref_000103,obs_0000007055|obs_0000007440|obs_0000009488|obs_0000033938|obs_0000007067|obs_0000006174|obs_0000005418|obs_0000011443|obs_0000009949|obs_0000006886|obs_0000005615|obs_0000008208|obs_0000034711|obs_0000019804|obs_0000017503|obs_0000006880|obs_0000016510|obs_0000024875|obs_0000005612|obs_0000007436|obs_0000007065|obs_0000006190,obs_0000007055|obs_0000007440|obs_0000009488|obs_0000033938|obs_0000007067|obs_0000006174|obs_0000005418|obs_0000011443|obs_0000009949|obs_0000006886|obs_0000005615
Hähnchenbrust in Joghurt-Dressing,Keine Marke,"€ 1,89",,"pro Einheit = 1,89",100 g,Nein,Gültig vom 06.04.2026 bis zum 11.04.2026.,2026-04-06,2026-04-11,../images/edeka/h-hnchenbrust-in-joghurt-dressing.jpg,"cat_fleisch_wurst,diet_gluten_free,diet_lactose_free,diet_vegetarian,sub_gefluegel,sub_joghurt_skyr_quark,tag_high_protein,tag_proteinreich,tag_whole_food",,,ref_000104,obs_0000012348|obs_0000026710|obs_0000020687|obs_0000020689|obs_0000028966|obs_0000023030|obs_0000008703|obs_0000025171|obs_0000014983|obs_0000017127|obs_0000023284|obs_0000025392|obs_0000033696|obs_0000009180|obs_0000021506|obs_0000021508|obs_0000019628|obs_0000025811|obs_0000007426|obs_0000015673|obs_0000019794|obs_0000009663|obs_0000034580,
Italienischer Landschinken Villa Bianca,Keine Marke,"€ 1,99",,"1 kg = 19,90","luftgetrocknet, typisch im Geschmack, 100 g",Nein,Gültig vom 06.04.2026 bis zum 11.04.2026.,2026-04-06,2026-04-11,../images/edeka/italienischer-landschinken-villa-bianca.jpg,"cat_fleisch_wurst,diet_vegan,diet_vegetarian,sub_schwein,sub_wurst,tag_ultra_processed",,,ref_000105,obs_0000005794|obs_0000012773,obs_0000005794
Bifi The Original,Keine Marke,"€ 1,99",,"pro Einheit = 1,99",verschiedene Sorten,Nein,Gültig vom 06.04.2026 bis zum 11.04.2026.,2026-04-06,2026-04-11,../images/edeka/bifi-the-original.jpg,"cat_fleisch_wurst,diet_gluten_free,diet_lactose_free,diet_vegan,diet_vegetarian,sub_tk_fertiggerichte,tag_high_protein,tag_ultra_processed,tag_whole_food",,,ref_000106,obs_0000006696|obs_0000007062|obs_0000024880|obs_0000022506|obs_0000008510|obs_0000032188|obs_0000030489|obs_0000028730|obs_0000020611|obs_0000012423|obs_0000006283|obs_0000026772|obs_0000026832|obs_0000028896|obs_0000035052|obs_0000027005|obs_0000027048|obs_0000021000|obs_0000008777|obs_0000021117|obs_0000008906|obs_0000015051|obs_0000021430|obs_0000025547|obs_0000033763|obs_0000017384|obs_0000013325|obs_0000019505|obs_0000031800|obs_0000025705|obs_0000009334|obs_0000015502|obs_0000027791|obs_0000033975|obs_0000021758|obs_0000009525|obs_0000021868|obs_0000017799|obs_0000028072|obs_0000026035|obs_0000022184|obs_0000020181|obs_0000034561|obs_0000009987|obs_0000028429|obs_0000034575|obs_0000016167|obs_0000020298|obs_0000028516|obs_0000010117,obs_0000024880|obs_0000006696|obs_0000007062|obs_0000022506
Bernard Matthews Filetstreifen,Keine Marke,"€ 1,99",,"1 kg = 15,92","verschiedene Sorten, 125 g Packung, (1 kg = 15,92 €)",Nein,Gültig vom 06.04.2026 bis zum 11.04.2026.,2026-04-06,2026-04-11,../images/edeka/bernard-matthews-filetstreifen.jpg,"cat_fleisch_wurst,diet_gluten_free,diet_lactose_free,diet_vegan,diet_vegetarian,tag_ultra_processed,tag_whole_food",,,ref_000107,obs_0000006697|obs_0000006545|obs_0000029469|obs_0000005438,obs_0000006697
Stockmeyer Salami Auslese,Keine Marke,"€ 1,99",,"1 kg = 13,27","verschiedene Sorten, 150 g Packung, (1 kg = 13,27 €)",Nein,Gültig vom 06.04.2026 bis zum 11.04.2026.,2026-04-06,2026-04-11,../images/edeka/stockmeyer-salami-auslese.jpg,"cat_fleisch_wurst,diet_gluten_free,diet_lactose_free,diet_vegan,diet_vegetarian,sub_wurst,tag_ultra_processed,tag_whole_food",,,ref_000108,obs_0000005795|obs_0000029869|obs_0000002611|obs_0000035115|obs_0000010316|obs_0000014932|obs_0000019030|obs_0000028273|obs_0000005781|obs_0000023205|obs_0000003239|obs_0000019666|obs_0000016602|obs_0000008425|obs_0000021226|obs_0000003307|obs_0000002285|obs_0000011010|obs_0000025355|obs_0000026898|obs_0000017184|obs_0000007987|obs_0000034106|obs_0000025934|obs_0000008039|obs_0000016755|obs_0000034176|obs_0000002957|obs_0000020407|obs_0000016328|obs_0000017375|obs_0000031198|obs_0000010234,obs_0000005795
Schweinekammbraten,Keine Marke,"€ 5,90",,"1 kg = 59,00","ohne Knochen, 100 g",Nein,Gültig vom 06.04.2026 bis zum 11.04.2026.,2026-04-06,2026-04-11,../images/edeka/schweinekammbraten.jpg,"cat_fleisch_wurst,diet_gluten_free,diet_lactose_free,diet_vegan,diet_vegetarian,sub_frisches_gemuese,sub_schwein,tag_whole_food",,BLS-U577100,ref_000109,obs_0000005242|obs_0000005979|obs_0000006346|obs_0000006875,obs_0000005242|obs_0000005979|obs_0000006346|obs_0000006875
Putenschnitzel -brustbraten -steaks oder -gulasch,Keine Marke,"€ 1,19",,"1 kg = 12,90","auch in gewürzt erhältlich, 100 g = 1,29 €, 100 g",Nein,Gültig vom 06.04.2026 bis zum 11.04.2026.,2026-04-06,2026-04-11,../images/edeka/putenschnitzel-brustbraten-steaks-oder-gulasch.jpg,"cat_fleisch_wurst,sub_gefluegel,sub_schwein,tag_whole_food",,,ref_000110,obs_0000006878|obs_0000005429|obs_0000005982|obs_0000028706|obs_0000030789|obs_0000000631|obs_0000000644|obs_0000000645|obs_0000001197|obs_0000028342|obs_0000000702|obs_0000032524|obs_0000002861|obs_0000000888|obs_0000028583|obs_0000001518|obs_0000003581,obs_0000006878|obs_0000005429|obs_0000005982
Schweinekammsteaks,Keine Marke,"€ 0,89",,"1 kg = 7,90","pfannenfertig gewürzt auch in natur erhältlich, 100 g = 0,79 €, 100 g",Nein,Gültig vom 06.04.2026 bis zum 11.04.2026.,2026-04-06,2026-04-11,../images/edeka/schweinekammsteaks.jpg,"cat_fleisch_wurst,diet_gluten_free,diet_lactose_free,diet_vegan,diet_vegetarian,sub_schwein,tag_whole_food",,BLS-U532100,ref_000111,obs_0000005243|obs_0000005981|obs_0000006350,obs_0000005243|obs_0000005981|obs_0000006350
Bratwurst,Keine Marke,"€ 0,99",,"1 kg = 9,90","grob im Bändel, mit oder ohne Majoran, 100 g",Nein,Gültig vom 06.04.2026 bis zum 11.04.2026.,2026-04-06,2026-04-11,../images/edeka/bratwurst.jpg,"cat_fleisch_wurst,diet_gluten_free,diet_lactose_free,diet_vegan,diet_vegetarian,sub_wurst,tag_ultra_processed,tag_whole_food",,,ref_000112,obs_0000026247|obs_0000006539|obs_0000006701|obs_0000007634|obs_0000000643|obs_0000002948|obs_0000031237|obs_0000034927|obs_0000034931|obs_0000007439|obs_0000034326|obs_0000002715|obs_0000007068|obs_0000014245|obs_0000009254|obs_0000021161|obs_0000008620|obs_0000006195|obs_0000009659|obs_0000034127|obs_0000029908|obs_0000031320|obs_0000013672|obs_0000015339|obs_0000005614|obs_0000030575|obs_0000034548|obs_0000020342|obs_0000021756|obs_0000016533|obs_0000015773|obs_0000033720|obs_0000028609|obs_0000023367|obs_0000019662|obs_0000019942|obs_0000010602|obs_0000024944|obs_0000030880|obs_0000022569|obs_0000030970,obs_0000026247|obs_0000006539|obs_0000006701|obs_0000007634
Deutscher Schmorbraten,Keine Marke,"€ 1,59",,"1 kg = 15,90","aus dem Rinderbug, vom Jungbullen, 100 g",Nein,Gültig vom 06.04.2026 bis zum 11.04.2026.,2026-04-06,2026-04-11,../images/edeka/deutscher-schmorbraten.jpg,"cat_fleisch_wurst,diet_gluten_free,diet_lactose_free,diet_vegan,diet_vegetarian,tag_whole_food",,,ref_000113,obs_0000006704|obs_0000005980|obs_0000009333,obs_0000006704|obs_0000005980
Spießbraten,Keine Marke,"€ 0,89",,"pro Einheit = 0,89",100 g,Nein,Gültig vom 06.04.2026 bis zum 11.04.2026.,2026-04-06,2026-04-11,../images/edeka/spie-braten.jpg,"cat_fleisch_wurst,diet_gluten_free,diet_lactose_free,diet_vegan,diet_vegetarian,sub_frisches_gemuese,tag_whole_food",,BLS-Y710142,ref_000114,obs_0000008706|obs_0000006883|obs_0000030588|obs_0000011839|obs_0000029824|obs_0000003298|obs_0000004424|obs_0000004851|obs_0000003997|obs_0000002271,obs_0000008706|obs_0000006883|obs_0000030588|obs_0000011839|obs_0000029824
Deutsche Rinderhüftsteaks,Keine Marke,"€ 2,22",,"1 kg = 22,20","vom Jungbullen, natur, 100 g",Nein,Gültig vom 06.04.2026 bis zum 11.04.2026.,2026-04-06,2026-04-11,../images/edeka/deutsche-rinderh-ftsteaks.jpg,"cat_fleisch_wurst,sub_rind,tag_whole_food",,,ref_000115,,
Kalbsleber,Keine Marke,"€ 1,79",,"1 kg = 17,90","in Scheiben, 100 g",Nein,Gültig vom 06.04.2026 bis zum 11.04.2026.,2026-04-06,2026-04-11,../images/edeka/kalbsleber.jpg,"cat_fleisch_wurst,diet_gluten_free,diet_lactose_free,diet_vegan,diet_vegetarian,sub_rind,tag_ultra_processed,tag_whole_food",,BLS-V532100,ref_000116,obs_0000029511|obs_0000030447|obs_0000005983|obs_0000028640|obs_0000033867,obs_0000029511|obs_0000030447|obs_0000005983|obs_0000028640
Bratwurstgehäck,Keine Marke,"€ 0,59",,"1 kg = 5,90","deftig gewürzt, 100 g",Nein,Gültig vom 06.04.2026 bis zum 11.04.2026.,2026-04-06,2026-04-11,../images/edeka/bratwurstgeh-ck.jpg,"cat_fleisch_wurst,diet_gluten_free,diet_lactose_free,diet_vegan,diet_vegetarian,sub_wurst,tag_ultra_processed,tag_whole_food",,,ref_000117,obs_0000007072|obs_0000006540|obs_0000005618|obs_0000006543,
Bauernschätze Schweinebauch,Keine Marke,"€ 0,99",,"1 kg = 10,90","ohne Knochen, natur auch in Scheiben erhältlich, 100g = 1,09 € // auch in gewürzt erhältlich 100g, 1,19€, 100 g",Nein,Gültig vom 06.04.2026 bis zum 11.04.2026.,2026-04-06,2026-04-11,../images/edeka/bauernsch-tze-schweinebauch.jpg,"cat_fleisch_wurst,diet_gluten_free,diet_lactose_free,diet_vegetarian,sub_schwein,tag_whole_food",,,ref_000118,obs_0000009754|obs_0000008228|obs_0000026151|obs_0000002625|obs_0000002131|obs_0000018092|obs_0000003294|obs_0000004849|obs_0000010483|obs_0000022294|obs_0000004422|obs_0000005986|obs_0000002942|obs_0000006538|obs_0000003995|obs_0000034750|obs_0000019928,
Bauernschätze Schweinekotelett,Keine Marke,"€ 0,99",,"1 kg = 9,90","natur, 100 g",Nein,Gültig vom 06.04.2026 bis zum 11.04.2026.,2026-04-06,2026-04-11,../images/edeka/bauernsch-tze-schweinekotelett.jpg,"cat_fleisch_wurst,diet_gluten_free,diet_lactose_free,diet_vegetarian,sub_schwein,tag_whole_food",,,ref_000119,obs_0000006702|obs_0000005433|obs_0000006533|obs_0000005798|obs_0000011837|obs_0000009300,obs_0000006702|obs_0000005433
Bauernschätze Gefüllte Paprika,Keine Marke,"€ 0,99",,"1 kg = 9,90","mit Bratwurstgehäck, ofenfertig, 100 g",Nein,Gültig vom 06.04.2026 bis zum 11.04.2026.,2026-04-06,2026-04-11,../images/edeka/bauernsch-tze-gef-llte-paprika.jpg,"cat_fleisch_wurst,diet_gluten_free,diet_lactose_free,diet_vegan,diet_vegetarian,sub_frisches_gemuese,tag_whole_food",,,ref_000120,obs_0000005804,obs_0000005804
Bauernschätze Putenspieße,Keine Marke,"€ 1,89",,"1 kg = 18,90","verschieden gewürzt, 100 g",Nein,Gültig vom 06.04.2026 bis zum 11.04.2026.,2026-04-06,2026-04-11,../images/edeka/bauernsch-tze-putenspie-e.jpg,"cat_fleisch_wurst,diet_gluten_free,diet_lactose_free,diet_vegan,diet_vegetarian,sub_gefluegel,tag_whole_food",,,ref_000121,obs_0000005249|obs_0000006703|obs_0000005992,obs_0000005249|obs_0000006703|obs_0000005992
Rinder Hamburger XL,Keine Marke,"€ 6,99",,"1 kg = 15,89","gewürzt, 440 g SB-Packung, (1 kg = 15,89 €)",Nein,Gültig vom 06.04.2026 bis zum 11.04.2026.,2026-04-06,2026-04-11,../images/edeka/rinder-hamburger-xl.jpg,"cat_fleisch_wurst,diet_vegetarian,sub_rind,tag_ultra_processed,tag_whole_food",,,ref_000122,obs_0000006707|obs_0000007644|obs_0000027447|obs_0000014449|obs_0000022158|obs_0000016557|obs_0000022859|obs_0000017294|obs_0000009656|obs_0000034261|obs_0000009174|obs_0000017903|obs_0000000512,obs_0000006707|obs_0000007644
Hähnchen-Filetspieße Paprika,Keine Marke,"€ 4,79",,"1 kg = 15,97","verschiedene Gewichte, z. B. 300 g SB-Packung, (1 kg = 15,97 €)",Nein,Gültig vom 06.04.2026 bis zum 11.04.2026.,2026-04-06,2026-04-11,../images/edeka/h-hnchen-filetspie-e-paprika.jpg,"cat_fleisch_wurst,diet_gluten_free,diet_lactose_free,diet_vegan,diet_vegetarian,sub_frisches_gemuese,sub_gefluegel,sub_tk_fertiggerichte,tag_proteinreich,tag_whole_food",,,ref_000123,obs_0000034094,
Gourmet-Spieße,Keine Marke,"€ 5,39",,"1 kg = 17,97","Schweinefleischwürfel mit Grillkäse in Bauchspeck gewickelt, grillfertig mariniert, verschiedene Gewichte, auch in Bedienung erhältlich, z. B. 300 g SB-Packung, (1 kg = 17,97 €)",Nein,Gültig vom 06.04.2026 bis zum 11.04.2026.,2026-04-06,2026-04-11,../images/edeka/gourmet-spie-e.jpg,"cat_fleisch_wurst,diet_gluten_free,diet_lactose_free,diet_vegan,diet_vegetarian,tag_whole_food",,,ref_000124,obs_0000013668,
Giolano Prosecco Vino Frizzante D O C,Keine Marke,"€ 3,99",,"pro Einheit = 3,99","aus Italien, 0,75 Liter Flasche",Nein,Gültig vom 06.04.2026 bis zum 11.04.2026.,2026-04-06,2026-04-11,../images/edeka/giolano-prosecco-vino-frizzante-d-o-c.jpg,"cat_getraenke,diet_gluten_free,diet_lactose_free,diet_vegan,diet_vegetarian,tag_ultra_processed",,,ref_000125,obs_0000031654|obs_0000008134|obs_0000034396,
albi Saft Nektar oder Fruchtsaftgetränk,Keine Marke,"€ 1,29",,"1 l = 1,49","verschiedene Sorten, 1 Liter Packung, (1 l = 1,49 €)",Nein,Gültig vom 06.04.2026 bis zum 11.04.2026.,2026-04-06,2026-04-11,../images/edeka/albi-saft-nektar-oder-fruchtsaftgetr-nk.jpg,"cat_getraenke,diet_lactose_free,diet_vegan,diet_vegetarian,tag_ultra_processed",,,ref_000126,obs_0000006360|obs_0000005441|obs_0000005999|obs_0000006549|obs_0000006726|obs_0000005825|obs_0000007092|obs_0000015054|obs_0000006204|obs_0000006889|obs_0000007668|obs_0000027142|obs_0000025618|obs_0000027674|obs_0000026144|obs_0000033833|obs_0000021042|obs_0000008761|obs_0000016953|obs_0000033872|obs_0000028293|obs_0000034438|obs_0000032918|obs_0000026785|obs_0000019142|obs_0000009933|obs_0000017106|obs_0000034047|obs_0000020223|obs_0000026383|obs_0000028431|obs_0000011567|obs_0000027982|obs_0000024985|obs_0000022436|obs_0000010200|obs_0000010737|obs_0000017915,obs_0000006360|obs_0000005441|obs_0000005999|obs_0000006549
Booster Energy Drink,Keine Marke,"€ 0,49",,"1 l = 1,48","verschiedene Sorten, 0,33 Liter Dose + 0,25 Pfand, (1 l = 1,48 €)",Nein,Gültig vom 06.04.2026 bis zum 11.04.2026.,2026-04-06,2026-04-11,../images/edeka/booster-energy-drink.jpg,"cat_getraenke,diet_gluten_free,diet_lactose_free,tag_ultra_processed",,,ref_000127,obs_0000007885|obs_0000007466|obs_0000005457|obs_0000006550|obs_0000007094|obs_0000005463|obs_0000010758|obs_0000022027|obs_0000028180|obs_0000016414|obs_0000020512|obs_0000026684|obs_0000021058|obs_0000011333|obs_0000024154|obs_0000011355|obs_0000002158|obs_0000026742|obs_0000018063|obs_0000031887|obs_0000017046|obs_0000025242|obs_0000002214|obs_0000013993|obs_0000027310|obs_0000023733|obs_0000000193|obs_0000004816|obs_0000033497|obs_0000027877|obs_0000026353|obs_0000019186|obs_0000008960|obs_0000025348|obs_0000023301|obs_0000026886|obs_0000020239|obs_0000018194|obs_0000004389|obs_0000028455|obs_0000024876|obs_0000013614|obs_0000000304|obs_0000034110|obs_0000010050|obs_0000014658|obs_0000022864|obs_0000021331|obs_0000021846|obs_0000018775,obs_0000010758|obs_0000005645|obs_0000007266|obs_0000027310|obs_0000032438|obs_0000007877|obs_0000007885|obs_0000029420|obs_0000031002|obs_0000007466|obs_0000014658|obs_0000005457|obs_0000013175|obs_0000032127|obs_0000006017|obs_0000006550|obs_0000007094|obs_0000030678|obs_0000007672|obs_0000032255
Volvic natürliches Mineralwasser,Keine Marke,"€ 0,79",,"1 l = 0,53","1,5 Liter Flasche + 0,25 Pfand, (1 l = 0,53 €)",Nein,Gültig vom 06.04.2026 bis zum 11.04.2026.,2026-04-06,2026-04-11,../images/edeka/volvic-nat-rliches-mineralwasser.jpg,"cat_getraenke,diet_gluten_free,diet_lactose_free,diet_vegan,diet_vegetarian,tag_whole_food",,BLS-N120000,ref_000128,obs_0000005270|obs_0000007093|obs_0000027400|obs_0000026443|obs_0000034726|obs_0000032706|obs_0000005642|obs_0000006724|obs_0000006220|obs_0000006227|obs_0000006372|obs_0000007468|obs_0000005459|obs_0000027653|obs_0000034851|obs_0000015908|obs_0000031797|obs_0000026205|obs_0000008801|obs_0000003689|obs_0000015481|obs_0000031867|obs_0000012414|obs_0000031871|obs_0000028800|obs_0000034437|obs_0000008841|obs_0000009353|obs_0000028841|obs_0000027836|obs_0000011969|obs_0000021185|obs_0000027856|obs_0000008437|obs_0000034043|obs_0000034044|obs_0000009985|obs_0000028931|obs_0000035059|obs_0000010519|obs_0000031006|obs_0000014625|obs_0000028968|obs_0000001349|obs_0000026948|obs_0000028493|obs_0000008537|obs_0000011123|obs_0000028537|obs_0000028027,obs_0000005270|obs_0000007093
Spezi oder Limonade,Paulaner,"€ 10,99",,"1 l = 1,10","verschiedene Sorten Je nach Verfügbarkeit des Marktes. *koffeinhaltige Limonade, 20 x 0,5 Liter Kasten + 3,10 Pfand, (1 l = 1,10 €)",Nein,Gültig vom 06.04.2026 bis zum 11.04.2026.,2026-04-06,2026-04-11,../images/edeka/paulaner-spezi-oder-limonade.jpg,"cat_getraenke,tag_ultra_processed",,,ref_000129,obs_0000006363|obs_0000031347|obs_0000005257|obs_0000005812|obs_0000007080|obs_0000034439|obs_0000012187|obs_0000015662|obs_0000000637|obs_0000033836|obs_0000026321|obs_0000027152|obs_0000010907|obs_0000027903|obs_0000012863|obs_0000013907|obs_0000022812|obs_0000017032|obs_0000009657|obs_0000026058|obs_0000026204|obs_0000026276|obs_0000026581|obs_0000027047|obs_0000027133|obs_0000027567|obs_0000028310|obs_0000031651|obs_0000016311,obs_0000012187|obs_0000005257|obs_0000005812|obs_0000006363|obs_0000031347|obs_0000007080|obs_0000015662
Bitburger Bier,Keine Marke,"€ 10,99",,"1 l = 1,20","verschiedene Sorten Je nach Verfügbarkeit des Marktes., 24 x 0,33/20 x 0,5 Liter Kasten + 3,42/3,10 Pfand, (1 l = 1,20 €)",Nein,Gültig vom 06.04.2026 bis zum 11.04.2026.,2026-04-06,2026-04-11,../images/edeka/bitburger-bier.jpg,"cat_getraenke,diet_gluten_free,diet_lactose_free,diet_vegan,diet_vegetarian,tag_whole_food",,,ref_000130,obs_0000007652|obs_0000006378|obs_0000028805|obs_0000009359|obs_0000023315|obs_0000009768|obs_0000026797|obs_0000009403|obs_0000027326|obs_0000028602|obs_0000028492|obs_0000031827|obs_0000031616|obs_0000009190|obs_0000014056|obs_0000028288,obs_0000007652|obs_0000006378
Bombay Sapphire Gin,Keine Marke,"€ 16,99",,"1 l = 24,27","verschiedene Sorten, 40/42 % Vol. Je nach Verfügbarkeit des Marktes., 0,7 Liter Flasche, (1 l = 24,27 €)",Nein,Gültig vom 06.04.2026 bis zum 11.04.2026.,2026-04-06,2026-04-11,../images/edeka/bombay-sapphire-gin.jpg,"cat_getraenke,diet_gluten_free,diet_lactose_free,diet_vegan,diet_vegetarian,tag_whole_food",,,ref_000131,obs_0000006717|obs_0000019615|obs_0000026929|obs_0000015697,obs_0000026929|obs_0000006717
Ouzo 12,Keine Marke,"€ 8,99",,"1 l = 14,27","verschiedene Sorten, 36/38 % Vol., 0,7 Liter Flasche, (1 l = 14,27 €)",Nein,Gültig vom 06.04.2026 bis zum 11.04.2026.,2026-04-06,2026-04-11,../images/edeka/ouzo-12.jpg,"cat_getraenke,diet_gluten_free,diet_lactose_free,diet_vegan,diet_vegetarian,sub_exoten,sub_frisches_obst,tag_ultra_processed,tag_whole_food",,,ref_000132,obs_0000029436|obs_0000010189|obs_0000034840|obs_0000002885|obs_0000023413|obs_0000025543,obs_0000029436|obs_0000010189
Underberg Kräuter-Bitter,Keine Marke,"€ 6,99",,"1 l = 29,13","verschiedene Sorten, 27/44 % Vol., 12 x 20 ml Packung, (1 l = 29,13 €)",Nein,Gültig vom 06.04.2026 bis zum 11.04.2026.,2026-04-06,2026-04-11,../images/edeka/underberg-kr-uter-bitter.jpg,"cat_getraenke,diet_vegetarian,sub_kraeuter,tag_ultra_processed",,,ref_000133,obs_0000007662|obs_0000012814|obs_0000000636|obs_0000002274|obs_0000007907|obs_0000009967|obs_0000013043|obs_0000002843|obs_0000009506|obs_0000011054|obs_0000034623|obs_0000001352|obs_0000031087|obs_0000013754|obs_0000032749,obs_0000007662
Chantr Weinbrand,Keine Marke,"€ 5,99",,"1 l = 8,56","verschiedene Sorten oder Crème Sahnelikör, 15-36 % Vol., 0,7 Liter Flasche, (1 l = 8,56 €)",Nein,Gültig vom 06.04.2026 bis zum 11.04.2026.,2026-04-06,2026-04-11,../images/edeka/chantr-weinbrand.jpg,"cat_getraenke,diet_gluten_free,diet_lactose_free,diet_vegan,diet_vegetarian,tag_whole_food",,,ref_000134,obs_0000032474|obs_0000013956|obs_0000012429|obs_0000022175|obs_0000008751|obs_0000011322|obs_0000009922|obs_0000017877|obs_0000015064|obs_0000014815|obs_0000010743,obs_0000013956|obs_0000022175|obs_0000008751|obs_0000011322|obs_0000017877|obs_0000032474|obs_0000014815
Novantaceppi Primitivo Puglia Rosato Bio Rosso Puglia Appassimento oder Pinot Grigio,Keine Marke,"€ 4,99",,"1 l = 6,65","aus Italien, 0,75 Liter Flasche, (1 l = 6,65 €)",Nein,Gültig vom 06.04.2026 bis zum 11.04.2026.,2026-04-06,2026-04-11,../images/edeka/novantaceppi-primitivo-puglia-rosato-bio-rosso-puglia-appassimento-oder-pinot-grigio.jpg,"cat_getraenke,diet_lactose_free,diet_vegan,diet_vegetarian",,,ref_000135,obs_0000005822|obs_0000009106|obs_0000014096|obs_0000027422|obs_0000003628|obs_0000034716|obs_0000022311|obs_0000017866|obs_0000002694|obs_0000024921,
Bellafonte Wein,Keine Marke,"€ 2,99",,"1 l = 3,99","aus Italien, verschiedene Sorten, 0,75 Liter Flasche, (1 l = 3,99 €)",Nein,Gültig vom 06.04.2026 bis zum 11.04.2026.,2026-04-06,2026-04-11,../images/edeka/bellafonte-wein.jpg,"cat_getraenke,diet_gluten_free,diet_lactose_free,diet_vegan,diet_vegetarian,sub_frisches_gemuese,tag_ultra_processed,tag_whole_food",,,ref_000136,obs_0000034424|obs_0000006548|obs_0000010394,
Schladerer Matcha Sahne-Liqueur,Keine Marke,"€ 14,99",,"1 l = 29,98","17,5% Vol., 0,5 Liter Flasche, (1 l = 29,98 €)",Nein,Gültig vom 06.04.2026 bis zum 11.04.2026.,2026-04-06,2026-04-11,../images/edeka/schladerer-matcha-sahne-liqueur.jpg,"cat_getraenke,diet_gluten_free,diet_lactose_free,diet_vegan,diet_vegetarian,sub_sahne_creme,tag_ultra_processed,tag_whole_food",,,ref_000137,obs_0000014635,
Johnnie Walker Red Label Blended Scotch Whisky,Keine Marke,"€ 8,88",,"1 l = 12,69","40 % Vol., 0,7 Liter Flasche, (1 l = 12,69 €)",Nein,Gültig vom 06.04.2026 bis zum 11.04.2026.,2026-04-06,2026-04-11,../images/edeka/johnnie-walker-red-label-blended-scotch-whisky.jpg,"cat_getraenke,diet_vegetarian,tag_ultra_processed",,,ref_000138,obs_0000032263|obs_0000006715|obs_0000009375|obs_0000015920|obs_0000011578|obs_0000027198|obs_0000009835|obs_0000029774|obs_0000019341|obs_0000025014|obs_0000008414,obs_0000032263|obs_0000019341|obs_0000009375|obs_0000015920|obs_0000025014|obs_0000011578|obs_0000006715|obs_0000027198|obs_0000008414|obs_0000009835
Fränkischer Hausschoppen Qualitätswein,Keine Marke,"€ 2,99",,"1 l = 2,99","verschiedene Sorten, 1 Liter Flasche, (1 l = 2,99 €)",Nein,Gültig vom 06.04.2026 bis zum 11.04.2026.,2026-04-06,2026-04-11,../images/edeka/fr-nkischer-hausschoppen-qualit-tswein.jpg,"cat_getraenke,diet_vegetarian",,,ref_000139,obs_0000011138|obs_0000008721|obs_0000013843|obs_0000013356|obs_0000014641|obs_0000015923|obs_0000012225|obs_0000011986,
Vodka,Absolut,"€ 9,99",,"1 l = 14,27","verschiedene Sorten, 20-40 % Vol. Je nach Verfügbarkeit des Marktes., 0,7 Liter Flasche, (1 l = 14,27 €)",Nein,Gültig vom 06.04.2026 bis zum 11.04.2026.,2026-04-06,2026-04-11,../images/edeka/absolut-vodka.jpg,cat_getraenke,,BLS-P712000,ref_000140,obs_0000020363|obs_0000012175|obs_0000009883|obs_0000034845|obs_0000019368|obs_0000015665|obs_0000021182|obs_0000028354|obs_0000009420|obs_0000022378|obs_0000034034|obs_0000035049|obs_0000008713|obs_0000012431|obs_0000013474|obs_0000009791|obs_0000008904|obs_0000002903|obs_0000024028|obs_0000026846|obs_0000009320|obs_0000011132|obs_0000024448|obs_0000003389|obs_0000002273|obs_0000005634|obs_0000019334|obs_0000028940|obs_0000026134|obs_0000013345|obs_0000020001|obs_0000010156|obs_0000014636|obs_0000007087|obs_0000008370|obs_0000005814|obs_0000006212|obs_0000030027|obs_0000006369|obs_0000018913|obs_0000007909|obs_0000006897|obs_0000027000|obs_0000006009|obs_0000029435|obs_0000032135|obs_0000018832|obs_0000026002|obs_0000029083|obs_0000007459,obs_0000035049|obs_0000008713|obs_0000020363|obs_0000012175|obs_0000012431|obs_0000009883|obs_0000034845|obs_0000013474|obs_0000019368|obs_0000015665|obs_0000021182|obs_0000009791|obs_0000028354|obs_0000006212|obs_0000008904|obs_0000030027|obs_0000009420|obs_0000002903|obs_0000024028|obs_0000026846|obs_0000007909|obs_0000009320|obs_0000022378|obs_0000034034|obs_0000011132|obs_0000024448
Arizona Ice Tea,Keine Marke,"€ 1,39",,"1 l = 0,93","verschiedene Sorten, 1,5 Liter Flasche + 0,25 Pfand, (1 l = 0,93 €)",Nein,Gültig vom 06.04.2026 bis zum 11.04.2026.,2026-04-06,2026-04-11,../images/edeka/arizona-ice-tea.jpg,"cat_getraenke,diet_gluten_free,diet_lactose_free,diet_vegan,diet_vegetarian,tag_ultra_processed,tag_whole_food",,,ref_000141,obs_0000020995|obs_0000020024|obs_0000019013|obs_0000031815|obs_0000016458|obs_0000031818|obs_0000020176|obs_0000013051|obs_0000025367|obs_0000013713|obs_0000006551|obs_0000009902|obs_0000009437|obs_0000029978|obs_0000027466|obs_0000030683|obs_0000026737|obs_0000017671|obs_0000018798,obs_0000022051|obs_0000021610|obs_0000020791
Somersby Cider,Keine Marke,"€ 1,11",,"1 l = 3,36","verschiedene Sorten, 0,33 Liter Dose + 0,25 Pfand, (1 l = 3,36 €)",Nein,Gültig vom 06.04.2026 bis zum 11.04.2026.,2026-04-06,2026-04-11,../images/edeka/somersby-cider.jpg,"cat_getraenke,diet_gluten_free,diet_lactose_free,diet_vegan,diet_vegetarian,tag_whole_food",,,ref_000142,obs_0000011152,obs_0000011152
,Coca-Cola,"€ 3,69",,"1 l = 1,86","verschiedene Sorten, Mezzo Mix*, Fanta oder Sprite *koffeinhaltige Limonade. Je nach Verfügbarkeit des Marktes., 6 x 0,33 Liter Packung + 1,50 Pfand, (1 l = 1,86 €)",Nein,Gültig vom 06.04.2026 bis zum 11.04.2026.,2026-04-06,2026-04-11,../images/edeka/coca-cola.jpg,"cat_getraenke,sub_tk_fertiggerichte,tag_high_protein,tag_proteinreich,tag_ultra_processed",,,ref_000143,,
Kraftling Shot,Keine Marke,"€ 1,99",,"1 l = 33,17","verschiedene Sorten, 60 ml Flasche, (1 l = 33,17 €)",Nein,Gültig vom 06.04.2026 bis zum 11.04.2026.,2026-04-06,2026-04-11,../images/edeka/kraftling-shot.jpg,"cat_getraenke,diet_gluten_free,diet_lactose_free,diet_vegan,diet_vegetarian,tag_whole_food",,,ref_000144,obs_0000030159|obs_0000029159,
Bad Brückenauer Kondrauer oder Rhön Sprudel Mineralwasser,Keine Marke,"€ 5,99",,"1 l = 0,50","verschiedene Sorten Je nach Verfügbarkeit des Marktes., 12 x 1 Liter Kasten + 3,30 Pfand, (1 l = 0,50 €)",Nein,Gültig vom 06.04.2026 bis zum 11.04.2026.,2026-04-06,2026-04-11,../images/edeka/bad-br-ckenauer-kondrauer-oder-rh-n-sprudel-mineralwasser.jpg,"cat_getraenke,diet_gluten_free,diet_lactose_free,diet_vegan,diet_vegetarian",,,ref_000145,obs_0000005444|obs_0000005445|obs_0000006375|obs_0000006376|obs_0000006001|obs_0000006002|obs_0000007252|obs_0000007253|obs_0000006571|obs_0000005626|obs_0000029755|obs_0000034653,obs_0000005444|obs_0000005445|obs_0000006375|obs_0000006376|obs_0000006001|obs_0000006002
Bad Brückenauer Kondrauer oder Rhön Sprudel Mineralwasser,Keine Marke,"€ 5,99",,"1 l = 0,50","verschiedene Sorten Je nach Verfügbarkeit des Marktes., 12 x 1 Liter Kasten + 3,30 Pfand, (1 l = 0,50 €)",Nein,Gültig vom 06.04.2026 bis zum 11.04.2026.,2026-04-06,2026-04-11,../images/edeka/bad-br-ckenauer-kondrauer-oder-rh-n-sprudel-mineralwasser.jpg,"cat_getraenke,diet_gluten_free,diet_lactose_free,diet_vegan,diet_vegetarian",,,ref_000146,obs_0000005444|obs_0000005445|obs_0000006375|obs_0000006376|obs_0000006001|obs_0000006002|obs_0000007252|obs_0000007253|obs_0000006571|obs_0000005626|obs_0000029755|obs_0000034653,obs_0000005444|obs_0000005445|obs_0000006375|obs_0000006376|obs_0000006001|obs_0000006002
Weissbräu,Erdinger,"€ 12,99",,"1 l = 1,40","verschiedene Sorten Je nach Verfügbarkeit des Marktes., 20 x 0,5 Liter Kasten + 3,10 Pfand, (1 l = 1,40 €)",Nein,Gültig vom 06.04.2026 bis zum 11.04.2026.,2026-04-06,2026-04-11,../images/edeka/erdinger-weissbr-u.jpg,"cat_getraenke,diet_vegetarian",,,ref_000147,obs_0000005255|obs_0000006728,obs_0000005255|obs_0000006728
Brauhaus Bier,Erdinger,"€ 12,99",,"1 l = 1,40","verschiedene Sorten Je nach Verfügbarkeit des Marktes., 20 x 0,5 Liter Kasten + 3,10 Pfand, (1 l = 1,40 €)",Nein,Gültig vom 06.04.2026 bis zum 11.04.2026.,2026-04-06,2026-04-11,../images/edeka/erdinger-brauhaus-bier.jpg,"cat_getraenke,diet_vegetarian",,,ref_000148,obs_0000005256|obs_0000028805|obs_0000009359|obs_0000023315|obs_0000009768|obs_0000026797|obs_0000009403|obs_0000027326|obs_0000028602|obs_0000028492|obs_0000031827|obs_0000031616|obs_0000009190|obs_0000014056|obs_0000028288,obs_0000005256
Heineken Bier,Keine Marke,"€ 4,99",,"1 l = 2,52","verschiedene Sorten Je nach Verfügbarkeit des Marktes., 6 x 0,33 Liter Packung + 0,48 Pfand, (1 l = 2,52 €)",Nein,Gültig vom 06.04.2026 bis zum 11.04.2026.,2026-04-06,2026-04-11,../images/edeka/heineken-bier.jpg,"cat_getraenke,diet_gluten_free,diet_lactose_free,diet_vegan,diet_vegetarian,sub_frisches_obst,tag_ultra_processed,tag_whole_food",,,ref_000149,obs_0000007884|obs_0000028805|obs_0000009359|obs_0000023315|obs_0000009768|obs_0000026797|obs_0000009403|obs_0000027326|obs_0000028602|obs_0000028492|obs_0000031827|obs_0000031616|obs_0000009190|obs_0000014056|obs_0000028288,obs_0000023315
Scherdel Bier,Keine Marke,"€ 11,99",,"1 l = 1,20","verschiedene Sorten Je nach Verfügbarkeit des Marktes., 24 x 0,33/20 x 0,5 Liter Kasten + 3,42/3,10 Pfand, (1 l = 1,20 €)",Nein,Gültig vom 06.04.2026 bis zum 11.04.2026.,2026-04-06,2026-04-11,../images/edeka/scherdel-bier.jpg,"cat_getraenke,diet_gluten_free,diet_lactose_free,diet_vegan,diet_vegetarian,sub_exoten,tag_ultra_processed,tag_whole_food",,,ref_000150,obs_0000006225|obs_0000028805|obs_0000009359|obs_0000023315|obs_0000009768|obs_0000026797|obs_0000009403|obs_0000027326|obs_0000028602|obs_0000028492|obs_0000031827|obs_0000031616|obs_0000009190|obs_0000014056|obs_0000028288,obs_0000006225
Natur Radler,Gösser,"€ 14,99",,"1 l = 1,50","20 x 0,5 Liter Kasten + 3,10 Pfand, (1 l = 1,50 €)",Nein,Gültig vom 06.04.2026 bis zum 11.04.2026.,2026-04-06,2026-04-11,../images/edeka/g-sser-natur-radler.jpg,"cat_getraenke,diet_vegetarian,sub_joghurt_skyr_quark,sub_milchprodukte",,BLS-F603100,ref_000151,obs_0000001442|obs_0000032261|obs_0000030555|obs_0000013844|obs_0000028889|obs_0000001347|obs_0000009644,obs_0000032261|obs_0000033832|obs_0000030555|obs_0000001442|obs_0000034296
Thomas Henry Tonic,Keine Marke,"€ 1,99",,"1 l = 2,65","verschiedene Sorten, Spicy Ginger, Wild Berry oder Pink Grapefruit Je nach Verfügbarkeit des Marktes., 0,75 Liter Flasche + 0,15 Pfand, (1 l = 2,65 €)",Nein,Gültig vom 06.04.2026 bis zum 11.04.2026.,2026-04-06,2026-04-11,../images/edeka/thomas-henry-tonic.jpg,"cat_getraenke,diet_gluten_free,diet_lactose_free,diet_vegan,diet_vegetarian,tag_ultra_processed,tag_whole_food",,,ref_000152,,
Warsteiner Bier,Keine Marke,"€ 10,99",,"1 l = 1,10","verschiedene Sorten Je nach Verfügbarkeit des Marktes., 24 x 0,33/20 x 0,5 Liter Kasten + 3,42/3,10 Pfand, (1 l = 1,10 €)",Nein,Gültig vom 06.04.2026 bis zum 11.04.2026.,2026-04-06,2026-04-11,../images/edeka/warsteiner-bier.jpg,"cat_getraenke,diet_gluten_free,diet_lactose_free,diet_vegan,diet_vegetarian,tag_ultra_processed,tag_whole_food",,,ref_000153,obs_0000006552|obs_0000007274|obs_0000028805|obs_0000009359|obs_0000023315|obs_0000009768|obs_0000026797|obs_0000009403|obs_0000027326|obs_0000028602|obs_0000028492|obs_0000031827|obs_0000031616|obs_0000009190|obs_0000014056|obs_0000028288,obs_0000006552|obs_0000007274
Höllen Sprudel natürliches Mineralwasser,Keine Marke,"€ 4,99",,"1 l = 0,55","verschiedene Sorten, 12 x 0,75 Liter Kasten + 3,30 Pfand, (1 l = 0,55 €)",Nein,Gültig vom 06.04.2026 bis zum 11.04.2026.,2026-04-06,2026-04-11,../images/edeka/h-llen-sprudel-nat-rliches-mineralwasser.jpg,"cat_getraenke,diet_gluten_free,diet_lactose_free,diet_vegan,diet_vegetarian,tag_whole_food",,BLS-N120000,ref_000154,obs_0000027400|obs_0000026443|obs_0000034653|obs_0000034726|obs_0000027653|obs_0000034851|obs_0000015908|obs_0000031797|obs_0000026205|obs_0000008801|obs_0000003689|obs_0000015481|obs_0000031867|obs_0000012414|obs_0000031871|obs_0000028800|obs_0000034437|obs_0000008841|obs_0000009353|obs_0000028841|obs_0000027836|obs_0000011969|obs_0000021185|obs_0000027856|obs_0000008437|obs_0000034043|obs_0000034044|obs_0000009985|obs_0000028931|obs_0000035059|obs_0000010519|obs_0000031006|obs_0000014625|obs_0000028968|obs_0000026948|obs_0000028493|obs_0000008537|obs_0000011123|obs_0000028537|obs_0000028027|obs_0000020366|obs_0000028603|obs_0000034235|obs_0000034238|obs_0000026570|obs_0000013773|obs_0000025562|obs_0000028654|obs_0000014332,
Ma tre Chocolatier Schokolade,Lindt,"€ 1,69",,"1 kg = 16,90","verschiedene Sorten, 100 g Tafel, (1 kg = 16,90 €)",Nein,Gültig vom 06.04.2026 bis zum 11.04.2026.,2026-04-06,2026-04-11,../images/edeka/lindt-ma-tre-chocolatier-schokolade.jpg,"cat_knabbern_naschen,diet_vegetarian,tag_ultra_processed",,,ref_000155,obs_0000007691|obs_0000034016|obs_0000006913|obs_0000011783|obs_0000015893|obs_0000027700|obs_0000013879|obs_0000028232|obs_0000013394|obs_0000020472|obs_0000028244|obs_0000028249|obs_0000000091|obs_0000015454|obs_0000004705|obs_0000031849|obs_0000034408|obs_0000034411|obs_0000017539|obs_0000025221|obs_0000000138|obs_0000025739|obs_0000008861|obs_0000015026|obs_0000004278|obs_0000017595|obs_0000021699|obs_0000017605|obs_0000034013|obs_0000000230|obs_0000018155|obs_0000003326|obs_0000004873|obs_0000018698|obs_0000003851|obs_0000014104|obs_0000010522|obs_0000002336|obs_0000033056|obs_0000031011|obs_0000021291|obs_0000016691|obs_0000004446|obs_0000011112|obs_0000008595|obs_0000008610|obs_0000004019|obs_0000006579|obs_0000010166|obs_0000012219,obs_0000007691|obs_0000006913
DeBeukelaer Prinzen Rolle,Keine Marke,"€ 1,69",,"pro Einheit = 1,69",verschiedene Sorten,Nein,Gültig vom 06.04.2026 bis zum 11.04.2026.,2026-04-06,2026-04-11,../images/edeka/debeukelaer-prinzen-rolle.jpg,"cat_knabbern_naschen,diet_gluten_free,diet_lactose_free,diet_vegan,diet_vegetarian,tag_ultra_processed,tag_whole_food",,,ref_000156,obs_0000005280|obs_0000006232|obs_0000007285|obs_0000030670|obs_0000030672|obs_0000025729|obs_0000005023|obs_0000000439|obs_0000004169|obs_0000031709|obs_0000027884|obs_0000033650|obs_0000004596|obs_0000003067|obs_0000026331,obs_0000025729|obs_0000005023|obs_0000005280|obs_0000000439|obs_0000004169|obs_0000006232|obs_0000031709|obs_0000027884|obs_0000033650|obs_0000004596|obs_0000007285|obs_0000003067
Trumpf Edle Tropfen in Nuss,Keine Marke,"€ 2,69",,"1 kg = 14,95","verschiedene Sorten, 200 g Packung, (1 kg = 14,95 €)",Nein,Gültig vom 06.04.2026 bis zum 11.04.2026.,2026-04-06,2026-04-11,../images/edeka/trumpf-edle-tropfen-in-nuss.jpg,"cat_knabbern_naschen,diet_gluten_free,diet_lactose_free,diet_vegan,diet_vegetarian,sub_frisches_obst,tag_ultra_processed,tag_whole_food",,,ref_000157,obs_0000014600|obs_0000015895|obs_0000008747|obs_0000000591,obs_0000014600|obs_0000015895
Treets,Keine Marke,"€ 1,99",,"pro Einheit = 1,99","verschiedene Sorten, vegan Je nach Verfügbarkeit des Marktes.",Nein,Gültig vom 06.04.2026 bis zum 11.04.2026.,2026-04-06,2026-04-11,../images/edeka/treets.jpg,"cat_knabbern_naschen,diet_gluten_free,diet_lactose_free,diet_vegan,diet_vegetarian,sub_exoten,sub_frisches_gemuese,sub_frisches_obst,tag_ultra_processed,tag_whole_food",,,ref_000158,obs_0000007693|obs_0000029996,obs_0000007693
funny-frisch Chipsfrisch,Keine Marke,"€ 1,11",,"1 kg = 7,40","verschiedene Sorten, 150 g Packung, (1 kg = 7,40 €)",Nein,Gültig vom 06.04.2026 bis zum 11.04.2026.,2026-04-06,2026-04-11,../images/edeka/funny-frisch-chipsfrisch.jpg,"cat_knabbern_naschen,diet_lactose_free,diet_vegetarian,sub_huelsenfruechte,tag_ultra_processed",,,ref_000159,obs_0000007696|obs_0000006032|obs_0000032692|obs_0000006736|obs_0000005473|obs_0000030305|obs_0000007283|obs_0000029688|obs_0000007704|obs_0000006046|obs_0000007108|obs_0000032121|obs_0000030674|obs_0000007289|obs_0000022428|obs_0000001321|obs_0000033323|obs_0000016455|obs_0000008650|obs_0000027600|obs_0000017493|obs_0000018264|obs_0000003560|obs_0000002686,obs_0000007696|obs_0000006032|obs_0000022428|obs_0000001321|obs_0000033323|obs_0000032692|obs_0000016455|obs_0000008650|obs_0000006736|obs_0000027600|obs_0000017493|obs_0000018264|obs_0000031707|obs_0000005473|obs_0000030305|obs_0000003560|obs_0000007913|obs_0000007283|obs_0000029688|obs_0000002686
Trolli Fruchtgummi,Keine Marke,"€ 0,79",,"1 kg = 5,27","verschiedene Sorten, 150 g Packung, (1 kg = 5,27 €)",Nein,Gültig vom 06.04.2026 bis zum 11.04.2026.,2026-04-06,2026-04-11,../images/edeka/trolli-fruchtgummi.jpg,"cat_knabbern_naschen,diet_gluten_free,diet_lactose_free,diet_vegan,diet_vegetarian,tag_ultra_processed,tag_whole_food",,BLS-S361000,ref_000160,obs_0000017027|obs_0000001930|obs_0000002314|obs_0000019082|obs_0000019722|obs_0000002318|obs_0000020367|obs_0000002320|obs_0000021394|obs_0000024204|obs_0000016918|obs_0000025361|obs_0000016298|obs_0000020778|obs_0000025134|obs_0000020787|obs_0000021688|obs_0000025528|obs_0000011323|obs_0000021186|obs_0000013647|obs_0000016719|obs_0000014289|obs_0000017102|obs_0000017103|obs_0000027215|obs_0000027602|obs_0000021597|obs_0000020575|obs_0000023776|obs_0000021606|obs_0000023399|obs_0000010105|obs_0000002943,obs_0000024204|obs_0000008121|obs_0000023776
Raffaello,Ferrero,"€ 2,49",,"1 kg = 16,60","150 g Packung, (1 kg = 16,60 €)",Nein,Gültig vom 06.04.2026 bis zum 11.04.2026.,2026-04-06,2026-04-11,../images/edeka/ferrero-raffaello.jpg,"cat_knabbern_naschen,diet_vegetarian,tag_ultra_processed",,,ref_000161,obs_0000020639|obs_0000021458|obs_0000025051|obs_0000032693|obs_0000018983|obs_0000026462|obs_0000033213|obs_0000006737|obs_0000012387|obs_0000015291,obs_0000006737|obs_0000020639|obs_0000032693|obs_0000021458|obs_0000025051
mini Mix,Ritter Sport,"€ 2,99",,"1 kg = 19,93","verschiedene Sorten, 9er, 150 g Packung, (1 kg = 19,93 €)",Nein,Gültig vom 06.04.2026 bis zum 11.04.2026.,2026-04-06,2026-04-11,../images/edeka/ritter-sport-mini-mix.jpg,"cat_knabbern_naschen,diet_vegetarian,tag_ultra_processed",,,ref_000162,obs_0000026764|obs_0000024779|obs_0000027431|obs_0000028439|obs_0000012328|obs_0000024700|obs_0000006379|obs_0000006745|obs_0000010932|obs_0000017530|obs_0000026024|obs_0000018128|obs_0000016216|obs_0000026612|obs_0000007518|obs_0000007530|obs_0000031169|obs_0000029342|obs_0000031991|obs_0000030846,obs_0000006745
Kekse oder Kleinkuchen,Milka,"€ 1,99",,"pro Einheit = 1,99",verschiedene Sorten,Nein,Gültig vom 06.04.2026 bis zum 11.04.2026.,2026-04-06,2026-04-11,../images/edeka/milka-kekse-oder-kleinkuchen.jpg,"cat_knabbern_naschen,diet_vegetarian,tag_ultra_processed",,,ref_000163,obs_0000005844|obs_0000018652|obs_0000019080|obs_0000014512|obs_0000016477|obs_0000024684|obs_0000000426|obs_0000017163|obs_0000018069|obs_0000010735|obs_0000019439|obs_0000003219|obs_0000011559|obs_0000004147|obs_0000028975|obs_0000004574|obs_0000005001|obs_0000022146|obs_0000022518|obs_0000014620|obs_0000023735|obs_0000024159,obs_0000005844
funny-frisch Linsen Chips,Keine Marke,"€ 1,29",,"pro Einheit = 1,29",vegetarisch oder Popchips verschiedene Sorten,Nein,Gültig vom 06.04.2026 bis zum 11.04.2026.,2026-04-06,2026-04-11,../images/edeka/funny-frisch-linsen-chips.jpg,"cat_knabbern_naschen,diet_lactose_free,diet_vegan,diet_vegetarian,sub_huelsenfruechte,tag_ultra_processed,tag_whole_food",,,ref_000164,obs_0000007688|obs_0000005847|obs_0000006381|obs_0000007288|obs_0000007494|obs_0000032122|obs_0000032703|obs_0000007107|obs_0000030675|obs_0000029695|obs_0000000033|obs_0000003763|obs_0000034206|obs_0000014349|obs_0000002584|obs_0000035109|obs_0000003161|obs_0000008900|obs_0000023296|obs_0000014595|obs_0000011529|obs_0000011110|obs_0000033655|obs_0000034193|obs_0000031705,obs_0000007688|obs_0000015889|obs_0000000033|obs_0000003763|obs_0000005847|obs_0000006381|obs_0000034206
Chips Cracker,EDEKA Herzstücke,"€ 1,29",,"1 kg = 10,32","verschiedene Sorten, 125 g Packung, (1 kg = 10,32 €)",Nein,Gültig vom 06.04.2026 bis zum 11.04.2026.,2026-04-06,2026-04-11,../images/edeka/edeka-herzst-cke-chips-cracker.jpg,"cat_knabbern_naschen,tag_ultra_processed",,,ref_000165,obs_0000014349|obs_0000015892|obs_0000002584|obs_0000035109|obs_0000003161|obs_0000012384|obs_0000011380|obs_0000013564|obs_0000023296|obs_0000014595|obs_0000010537|obs_0000011110|obs_0000026987|obs_0000033655|obs_0000034193|obs_0000003528|obs_0000031705,
KitKat Lion,Nestl,"€ 1,79",,"pro Einheit = 1,79","verschiedene Sorten, Smarties oder Nuts",Nein,Gültig vom 06.04.2026 bis zum 11.04.2026.,2026-04-06,2026-04-11,../images/edeka/nestl-kitkat-lion.jpg,"cat_knabbern_naschen,tag_ultra_processed",,,ref_000166,obs_0000028765|obs_0000017118|obs_0000016824|obs_0000005656|obs_0000006927|obs_0000012395,obs_0000005656|obs_0000006927
Vollwaschmittel,Persil,"€ 18,99",,"pro Einheit = 18,99",verschiedene Sorten,Nein,Gültig vom 06.04.2026 bis zum 11.04.2026.,2026-04-06,2026-04-11,../images/edeka/persil-vollwaschmittel.jpg,cat_drogerie,,,ref_000167,obs_0000009612|obs_0000033183|obs_0000020903|obs_0000009907|obs_0000010174|obs_0000021837|obs_0000010063|obs_0000008150|obs_0000009441|obs_0000014310|obs_0000020084|obs_0000008571|obs_0000007709|obs_0000005289|obs_0000028748|obs_0000006244|obs_0000014182|obs_0000006761|obs_0000029401|obs_0000032775|obs_0000029402|obs_0000006940|obs_0000006395|obs_0000005853,obs_0000009612|obs_0000007709|obs_0000033183|obs_0000012454|obs_0000020903|obs_0000005289|obs_0000009907|obs_0000010174|obs_0000021837|obs_0000010063|obs_0000008150|obs_0000009441|obs_0000006244|obs_0000014310|obs_0000006761|obs_0000018542|obs_0000019568|obs_0000020084|obs_0000008571|obs_0000025598
Toilettenpapier,Hakle,"€ 2,99",,"pro Einheit = 2,99","verschiedene Sorten, 4-lagig, 8 x 130 Blatt Packung",Nein,Gültig vom 06.04.2026 bis zum 11.04.2026.,2026-04-06,2026-04-11,../images/edeka/hakle-toilettenpapier.jpg,cat_drogerie,,,ref_000168,obs_0000033855|obs_0000013454|obs_0000027323|obs_0000014665|obs_0000011770|obs_0000000527|obs_0000003599|obs_0000001568|obs_0000010282|obs_0000002116|obs_0000026693|obs_0000024163|obs_0000013932|obs_0000004745|obs_0000023741|obs_0000034994|obs_0000028373|obs_0000025816|obs_0000028891|obs_0000026332|obs_0000004318|obs_0000033514|obs_0000000748|obs_0000033004|obs_0000000261|obs_0000008992|obs_0000000809|obs_0000003891|obs_0000001341|obs_0000033636|obs_0000033135|obs_0000028024|obs_0000006587|obs_0000015949|obs_0000013633|obs_0000034260|obs_0000005667|obs_0000029750|obs_0000012878|obs_0000015950|obs_0000008297|obs_0000006764|obs_0000007297|obs_0000031364|obs_0000009866|obs_0000028827|obs_0000002720|obs_0000005291|obs_0000033456|obs_0000009406,obs_0000000527|obs_0000003599|obs_0000001568|obs_0000010282|obs_0000033855|obs_0000002116|obs_0000026693|obs_0000024163|obs_0000013932|obs_0000007297|obs_0000004745|obs_0000013454|obs_0000005291|obs_0000027323|obs_0000023741|obs_0000034994|obs_0000028373|obs_0000025816|obs_0000028891|obs_0000026332|obs_0000004318|obs_0000033514|obs_0000000748|obs_0000033004|obs_0000000261|obs_0000008992|obs_0000000809|obs_0000003891|obs_0000001341|obs_0000014665|obs_0000007502|obs_0000033636|obs_0000033135|obs_0000028024|obs_0000006053|obs_0000006587|obs_0000007117|obs_0000011770
wellaflex Haarspray oder Schaumfestiger,Keine Marke,"€ 2,49",,"pro Einheit = 2,49",verschiedene Sorten,Nein,Gültig vom 06.04.2026 bis zum 11.04.2026.,2026-04-06,2026-04-11,../images/edeka/wellaflex-haarspray-oder-schaumfestiger.jpg,cat_drogerie,,,ref_000169,obs_0000010550|obs_0000013238|obs_0000013677|obs_0000005298|obs_0000005860|obs_0000008210|obs_0000006590|obs_0000033247|obs_0000032915|obs_0000032987|obs_0000033144|obs_0000033159|obs_0000033415|obs_0000015099|obs_0000011611|obs_0000016136,obs_0000010550|obs_0000013677
dusch das Duschgel,Keine Marke,"€ 0,99",,"1 l = 4,40","verschiedene Sorten, 225 ml Flasche, (1 l = 4,40 €)",Nein,Gültig vom 06.04.2026 bis zum 11.04.2026.,2026-04-06,2026-04-11,../images/edeka/dusch-das-duschgel.jpg,"cat_drogerie,diet_gluten_free,diet_lactose_free,diet_vegan,diet_vegetarian,tag_whole_food",,,ref_000170,obs_0000005670|obs_0000011788|obs_0000017459|obs_0000015972|obs_0000031850|obs_0000008329|obs_0000015523|obs_0000026290|obs_0000031924|obs_0000026347|obs_0000028939|obs_0000035065|obs_0000013602|obs_0000028963|obs_0000014682|obs_0000009054|obs_0000011624|obs_0000013165|obs_0000026494|obs_0000011174,obs_0000011788|obs_0000005670|obs_0000015972|obs_0000031924|obs_0000007920|obs_0000032036|obs_0000026494
Dove Advanced Care Duschcreme,Keine Marke,"€ 2,99",,"1 l = 13,29","verschiedene Sorten, 225 ml Flasche, (1 l = 13,29 €)",Nein,Gültig vom 06.04.2026 bis zum 11.04.2026.,2026-04-06,2026-04-11,../images/edeka/dove-advanced-care-duschcreme.jpg,"cat_drogerie,diet_gluten_free,diet_lactose_free,diet_vegan,diet_vegetarian",,,ref_000171,obs_0000014086|obs_0000015974,obs_0000014086
Drano Rohrfrei Gel,Keine Marke,"€ 2,99",,"pro Einheit = 2,99",verschiedene Sorten,Nein,Gültig vom 06.04.2026 bis zum 11.04.2026.,2026-04-06,2026-04-11,../images/edeka/drano-rohrfrei-gel.jpg,"cat_drogerie,diet_gluten_free,diet_lactose_free,diet_vegan,diet_vegetarian,tag_ultra_processed,tag_whole_food",,,ref_000172,obs_0000005859|obs_0000008899|obs_0000016369|obs_0000015105|obs_0000013367|obs_0000012010,obs_0000005859
Haushaltstücher mit Herzen,Regina,"€ 2,49",,"pro Einheit = 2,49","3-lagig, 4 x 43 Blatt Packung",Nein,Gültig vom 06.04.2026 bis zum 11.04.2026.,2026-04-06,2026-04-11,../images/edeka/regina-haushaltst-cher-mit-herzen.jpg,cat_drogerie,,,ref_000173,obs_0000006942|obs_0000005668,obs_0000006942|obs_0000005668
Deospray,bruno banani,"€ 2,79",,"1 l = 18,60","verschiedene Sorten, 150 ml Dose, (1 l = 18,60 €)",Nein,Gültig vom 06.04.2026 bis zum 11.04.2026.,2026-04-06,2026-04-11,../images/edeka/bruno-banani-deospray.jpg,"cat_drogerie,diet_vegan",,,ref_000174,obs_0000033454|obs_0000015110|obs_0000032800|obs_0000026145|obs_0000031852|obs_0000003229|obs_0000026277|obs_0000032945|obs_0000033019|obs_0000027389|obs_0000013583|obs_0000035064|obs_0000033577|obs_0000002346|obs_0000034658|obs_0000026566|obs_0000034053|obs_0000032772|obs_0000032276|obs_0000034445|obs_0000005295|obs_0000029400|obs_0000031052|obs_0000005487|obs_0000029052|obs_0000030081|obs_0000032140|obs_0000014231|obs_0000008104|obs_0000003531|obs_0000033258|obs_0000034859|obs_0000033848|obs_0000033366|obs_0000015115|obs_0000013584|obs_0000033576|obs_0000007505|obs_0000033117|obs_0000033457|obs_0000033196|obs_0000034242|obs_0000032778|obs_0000029739|obs_0000025255|obs_0000021251|obs_0000020432|obs_0000007295,obs_0000032800|obs_0000026145|obs_0000031852|obs_0000003229|obs_0000026277|obs_0000033454|obs_0000032945|obs_0000033019|obs_0000027389|obs_0000015110|obs_0000013583|obs_0000035064|obs_0000033577|obs_0000002346|obs_0000007505|obs_0000034658|obs_0000026566
Signal Zahncreme,Keine Marke,"€ 0,99",,"1 l = 7,92","verschiedene Sorten, 125 ml XXL Tube, (1 l = 7,92 €)",Nein,Gültig vom 06.04.2026 bis zum 11.04.2026.,2026-04-06,2026-04-11,../images/edeka/signal-zahncreme.jpg,"cat_drogerie,diet_gluten_free,diet_lactose_free,diet_vegan,diet_vegetarian,tag_whole_food",,,ref_000175,obs_0000015114|obs_0000031914|obs_0000012467|obs_0000022872|obs_0000027360|obs_0000012899|obs_0000008315|obs_0000012024,
felix Katzennahrung,Purina,"€ 3,79",,"pro Einheit = 3,79","verschiedene Sorten, 10/12er",Nein,Gültig vom 06.04.2026 bis zum 11.04.2026.,2026-04-06,2026-04-11,../images/edeka/purina-felix-katzennahrung.jpg,cat_tiernahrung,,,ref_000176,obs_0000026771|obs_0000028361|obs_0000032780|obs_0000005863|obs_0000006773|obs_0000033541|obs_0000034456|obs_0000032042|obs_0000013736|obs_0000005677|obs_0000015533|obs_0000027821|obs_0000014398|obs_0000008127|obs_0000026441|obs_0000012491|obs_0000015701|obs_0000014307|obs_0000008604,obs_0000032780|obs_0000026771|obs_0000005677|obs_0000028361|obs_0000005863|obs_0000006773
Schleck oder Pudding Snack,EDEKA Herzstücke,"€ 1,19",,"1 kg = 9,92","8er, 120 g Packung, (1 kg = 9,92 €)",Nein,Gültig vom 06.04.2026 bis zum 11.04.2026.,2026-04-06,2026-04-11,../images/edeka/edeka-herzst-cke-schleck-oder-pudding-snack.jpg,"cat_tiernahrung,diet_vegetarian,sub_milchprodukte,sub_sahne_creme,tag_ultra_processed",,,ref_000177,obs_0000017159|obs_0000025802|obs_0000017698|obs_0000001428|obs_0000034305|obs_0000017931|obs_0000026409|obs_0000010509|obs_0000018804|obs_0000012304|obs_0000013838|obs_0000014824|obs_0000015378|obs_0000015693|obs_0000016218,
4Paws Katzen-Trockenfutter,Keine Marke,"€ 1,99",,"1 kg = 4,98","verschiedene Sorten, 400 g Packung, (1 kg = 4,98 €)",Nein,Gültig vom 06.04.2026 bis zum 11.04.2026.,2026-04-06,2026-04-11,../images/edeka/4paws-katzen-trockenfutter.jpg,"cat_tiernahrung,diet_vegetarian,tag_ultra_processed",,,ref_000178,obs_0000008326|obs_0000011181|obs_0000010188|obs_0000017733|obs_0000016499|obs_0000009685|obs_0000009206,
Roggenkruste,Keine Marke,"€ 1,39",,"pro Einheit = 1,39","Abbildung ähnlich., 1000 g Laib",Nein,Gültig vom 06.04.2026 bis zum 11.04.2026.,2026-04-06,2026-04-11,../images/edeka/roggenkruste.jpg,"cat_obst_gemuese,diet_gluten_free,diet_lactose_free,diet_vegan,diet_vegetarian,tag_ultra_processed,tag_whole_food",,,ref_000179,obs_0000006951,obs_0000006951
Mehrkornbrötchen,Keine Marke,"€ 0,29",,"pro Einheit = 0,29","Abbildung ähnlich., Stück",Nein,Gültig vom 06.04.2026 bis zum 11.04.2026.,2026-04-06,2026-04-11,../images/edeka/mehrkornbr-tchen.jpg,"cat_grundnahrung,diet_lactose_free,diet_vegetarian,tag_ultra_processed,tag_whole_food",,BLS-B591000,ref_000180,obs_0000006952|obs_0000034153|obs_0000029036,obs_0000006952
Laugenstange,Keine Marke,"€ 0,39",,"pro Einheit = 0,39","mit Käse Abbildung ähnlich., Stück",Nein,Gültig vom 06.04.2026 bis zum 11.04.2026.,2026-04-06,2026-04-11,../images/edeka/laugenstange.jpg,"cat_grundnahrung,diet_gluten_free,diet_lactose_free,diet_vegan,diet_vegetarian,tag_ultra_processed,tag_whole_food",,,ref_000181,obs_0000026561|obs_0000027394|obs_0000009828|obs_0000005866|obs_0000013295|obs_0000014548|obs_0000005497|obs_0000011519|obs_0000034151|obs_0000034948|obs_0000027990,obs_0000026561|obs_0000027394|obs_0000009828|obs_0000005866|obs_0000013295|obs_0000014548|obs_0000005497|obs_0000011519
Donut,Keine Marke,"€ 0,39",,"pro Einheit = 0,39","Pinky Abbildung ähnlich., Stück",Nein,Gültig vom 06.04.2026 bis zum 11.04.2026.,2026-04-06,2026-04-11,../images/edeka/donut.jpg,"cat_obst_gemuese,diet_gluten_free,diet_lactose_free,diet_vegan,diet_vegetarian,sub_exoten,sub_frisches_obst,tag_ultra_processed,tag_whole_food",,,ref_000182,obs_0000005308|obs_0000006257|obs_0000004236|obs_0000014228|obs_0000020891|obs_0000034951|obs_0000021677|obs_0000003247|obs_0000026799|obs_0000034482|obs_0000004663|obs_0000001086|obs_0000010049|obs_0000018243|obs_0000005090|obs_0000027234|obs_0000020072|obs_0000006775|obs_0000009597|obs_0000014991|obs_0000008083|obs_0000013342|obs_0000027178|obs_0000031340|obs_0000030706|obs_0000011921|obs_0000022561|obs_0000026424|obs_0000018005|obs_0000022230,obs_0000005308|obs_0000006257
Pizza,Keine Marke,"€ 0,69",,"pro Einheit = 0,69","verschiedene Sorten Abbildung ähnlich., Stück",Nein,Gültig vom 06.04.2026 bis zum 11.04.2026.,2026-04-06,2026-04-11,../images/edeka/pizza.jpg,"cat_tiefkuehl,diet_gluten_free,diet_lactose_free,diet_vegan,diet_vegetarian,sub_exoten,sub_frisches_obst,sub_tk_pizza,tag_ultra_processed,tag_whole_food",,,ref_000183,obs_0000013341|obs_0000023186|obs_0000025810|obs_0000005867|obs_0000010530|obs_0000013826|obs_0000012815|obs_0000027151|obs_0000027155|obs_0000027666|obs_0000011305|obs_0000027726|obs_0000027728|obs_0000034384|obs_0000033886|obs_0000027771|obs_0000027783|obs_0000004744|obs_0000014988|obs_0000011919|obs_0000023189|obs_0000003232|obs_0000023201|obs_0000002723|obs_0000033957|obs_0000001727|obs_0000001728|obs_0000001729|obs_0000001730|obs_0000001731|obs_0000001732|obs_0000027844|obs_0000010444|obs_0000034001|obs_0000004317|obs_0000011499|obs_0000008442|obs_0000028924|obs_0000027902|obs_0000011520|obs_0000026375|obs_0000017705|obs_0000003890|obs_0000009035|obs_0000022877|obs_0000025445|obs_0000008069|obs_0000034187|obs_0000008618|obs_0000029108,obs_0000013341|obs_0000023186|obs_0000025810|obs_0000005867|obs_0000010530
