Marke,Produkt,Preis,Vorheriger_Preis,Preis_kg,RAW_Preis_kg,Hinweis,Nur_online,Gueltig_raw,Gueltig_von,Gueltig_bis,Bildpfad,assigned_labels,Einheit,nutrition_link,reference_row_id,rough_match_observation_ids,exact_match_observation_ids,brand_extracted,brand_normalized
MAGGI,5-Minuten-Terrine,"€ 3,00","€ 3,87","1 kg = 7,82 - 13,16","1 kg = 7,82 - 13,16",versch. Sorten,Nein,Dieses Angebot findest du vom 16.04. bis 22.04. in deiner Kaufland-Filiale.,2026-04-16,2026-04-22,../images/kaufland/kaufland_offer_187.jpg,"cat_grundnahrung,tag_ultra_processed",,,ref_000001,obs_0000022281|obs_0000018283|obs_0000019422|obs_0000027128|obs_0000022865|obs_0000031019|obs_0000028475|obs_0000031696|obs_0000030336|obs_0000032112|obs_0000032663|obs_0000029673|obs_0000032235|obs_0000032111|obs_0000005924|obs_0000006644,obs_0000022281|obs_0000018283|obs_0000019422|obs_0000027128,,
METAXA,7 Sterne,"€ 12,99",,"1 l = 18,56","1 l = 18,56","griech. Branntweinspezialität, 40 Vol. %",Nein,Dieses Angebot findest du vom 16.04. bis 22.04. in deiner Kaufland-Filiale.,2026-04-16,2026-04-22,../images/kaufland/kaufland_offer_249.jpg,cat_getraenke,,,ref_000002,obs_0000028420|obs_0000025381|obs_0000012867|obs_0000011351|obs_0000010295|obs_0000009152|obs_0000009682|obs_0000009200|obs_0000002839|obs_0000002278|obs_0000027887|obs_0000003441|obs_0000000167|obs_0000028133|obs_0000019050|obs_0000017926|obs_0000016280|obs_0000000162|obs_0000016683|obs_0000030643|obs_0000001973|obs_0000035116|obs_0000022261|obs_0000017275|obs_0000017279|obs_0000017781,obs_0000028420|obs_0000025381|obs_0000012867|obs_0000011351|obs_0000028133,,
Parkside,Akku-Maßband 4 V PDMB A1,"€ 14,99",,"pro Einheit = 14,99","pro Einheit = 14,99","Präziser Entfernungsmesser Mit analoger und digitaler Anzeige Berechnung von Mittelpunkten und Teilabschnitten Markierung der Geräte-Vorderkante durch Laser Referenzkante umschaltbar vorne/hinten Mit übersichtlichem LED-Display Messgenauigkeit ± 0,5 mm Speicherung der letzten 1.000 Messwerte Integrierter 4-V-Lithium-Ionen-Akku (2 Ah) Bandmaß mit Rollautomatik und Verriegelungsknopf Robustes Gehäuse mit Gürtelclip Bandmaßlänge 7,5 m Inkl. USB-C-Ladekabel Netzteil nicht im Lieferumfang 3 Jahre Garantie",Nein,Dieses Angebot findest du vom 16.04. bis 22.04. in deiner Kaufland-Filiale.,2026-04-16,2026-04-22,../images/kaufland/kaufland_offer_332.jpg,cat_non_food,,,ref_000003,,,,x
Parkside,Akku-Multifunktionswerkzeug 12 V PAMFWS 12 A1 mit Akku,"€ 24,99",,"pro Einheit = 24,99","pro Einheit = 24,99","Zum Sägen, Trennen, Schaben und Schleifen Für Holz, Metall, Gips, Kunststoff oder Silikon Vielseitig einsetzbare Oszillationstechnik Einstellbare Schwingzahl mit Softstart Oszillationsgeschwindigkeit 5.000 - 20.000 min-1 Oszillationswinkel 3,2° Universalaufnahme passend für gängiges Zubehör Werkzeug in variabler Arbeitsrichtung aufsetzbar Werkzeugloser Zubehörwechsel Integrierte LED-Arbeitsleuchte Kompatibel mit Akkus der Serie »X 12 V Team« Inkl. Akku (2 Ah), Ladegerät, 3 Schleifblätter Inkl. Tauchsägeblatt, Schaber und Schleifplatte 3 Jahre Garantie",Nein,Dieses Angebot findest du vom 16.04. bis 22.04. in deiner Kaufland-Filiale.,2026-04-16,2026-04-22,../images/kaufland/kaufland_offer_336.jpg,cat_non_food,,,ref_000004,obs_0000022764|obs_0000034840,,,x
HAVANA CLUB,Alkoholisches Mixgetränk,"€ 1,99",,"1 l = 6,03","1 l = 6,03","mit kubanischem Rum, versch. Sorten, z. T. koffeinhaltig, 10 Vol. % (+ 0.25 Pfand)",Nein,Dieses Angebot findest du vom 16.04. bis 22.04. in deiner Kaufland-Filiale.,2026-04-16,2026-04-22,../images/kaufland/kaufland_offer_245.jpg,cat_getraenke,,,ref_000005,obs_0000012426|obs_0000015062|obs_0000013501|obs_0000026012|obs_0000012425|obs_0000013228|obs_0000015063,obs_0000012426|obs_0000015062|obs_0000013501,,
Bergader,Almzeit Bavaria Blu oder Weichkäse,"€ 1,89",,"1 kg = 9,95 - 10,80","1 kg = 9,95 - 10,80","Weichkäse, Doppelrahm- bis Vollfettstufe, versch. Sorten",Nein,Dieses Angebot findest du vom 16.04. bis 22.04. in deiner Kaufland-Filiale.,2026-04-16,2026-04-22,../images/kaufland/kaufland_offer_130.jpg,"cat_molkerei_kaese,sub_kaese,sub_milchprodukte,tag_ultra_processed",,,ref_000006,obs_0000006285|obs_0000007352|obs_0000005715|obs_0000012812|obs_0000014503|obs_0000015676|obs_0000006971|obs_0000030449|obs_0000014218|obs_0000028306|obs_0000008044|obs_0000010262|obs_0000018456|obs_0000022418|obs_0000028718|obs_0000023373|obs_0000009810|obs_0000023007|obs_0000017509|obs_0000028005|obs_0000009341|obs_0000012800,,,x
A'LUNA,Aloe Vera Erfrischungsgetränk,"€ 0,99","€ 1,29","1 l = 1,98","1 l = 1,98","Original, Green Tea oder Zero (+ 0.25 Pfand)",Nein,Dieses Angebot findest du vom 16.04. bis 22.04. in deiner Kaufland-Filiale.,2026-04-16,2026-04-22,../images/kaufland/kaufland_offer_279.jpg,"cat_getraenke,tag_ultra_processed",,,ref_000007,obs_0000010759|obs_0000030240|obs_0000029234|obs_0000011154|obs_0000018552|obs_0000017948|obs_0000010013|obs_0000014624|obs_0000015906|obs_0000009895|obs_0000009513|obs_0000022058|obs_0000022185|obs_0000023728|obs_0000013619|obs_0000008378|obs_0000011968|obs_0000023744|obs_0000015052|obs_0000023247|obs_0000009431|obs_0000024155|obs_0000024168|obs_0000010736|obs_0000012664|obs_0000013177|obs_0000015479|obs_0000012413,obs_0000010759,,x
Crivit,Alu-Teleskoprutenhalter,"€ 14,99",,"pro Einheit = 14,99","pro Einheit = 14,99","Stufenlos höhenverstellbares Dreibein-Stativ Schnellverschlussklemmen zur einfachen Fixierung 2 klappbare Arme 4 abnehmbare Rutenauflagen mit Schraubfixierung Platzsparend zusammenklappbar Größe (aufgeklappt) ca. B 76 x H 52 - 126 cm Transportlänge ca. 66 cm Gewicht ca. 860 g Belastbar bis max. 2 kg Inkl. Tarierbeutel, Haken und Tragetasche 3 Jahre Garantie",Nein,Dieses Angebot findest du vom 16.04. bis 22.04. in deiner Kaufland-Filiale.,2026-04-16,2026-04-22,../images/kaufland/kaufland_offer_551.jpg,cat_non_food,,,ref_000008,,,,x
SILVERCREST,Aluminium-Minikasserolle,"€ 3,49",,"pro Einheit = 3,49","pro Einheit = 3,49",Ofenfest bis 150 °C Für alle Herdarten (außer Induktion) geeignet Größe ca. Ø 14 cm Bodenstärke ca. 2 mm,Nein,Dieses Angebot findest du vom 16.04. bis 22.04. in deiner Kaufland-Filiale.,2026-04-16,2026-04-22,../images/kaufland/kaufland_offer_390.jpg,cat_non_food,,,ref_000009,,obs_0000025174,,
SILVERCREST,Aluminium-Minipfanne,"€ 3,49",,"pro Einheit = 3,49","pro Einheit = 3,49",Ofenfest bis 150 °C Für alle Herdarten (außer Induktion) geeignet Größe ca. Ø 20 cm Bodenstärke ca. 2 mm,Nein,Dieses Angebot findest du vom 16.04. bis 22.04. in deiner Kaufland-Filiale.,2026-04-16,2026-04-22,../images/kaufland/kaufland_offer_391.jpg,cat_non_food,,,ref_000010,obs_0000012981,,,
SILVERCREST,Aluminium-Miniwokpfanne,"€ 3,49",,"pro Einheit = 3,49","pro Einheit = 3,49",Ofenfest bis 150 °C Für alle Herdarten (außer Induktion) geeignet Größe ca. Ø 18 cm Bodenstärke ca. 2 mm,Nein,Dieses Angebot findest du vom 16.04. bis 22.04. in deiner Kaufland-Filiale.,2026-04-16,2026-04-22,../images/kaufland/kaufland_offer_392.jpg,cat_non_food,,,ref_000011,,,,
MY PROJECT,Aluminium-Zinkspray,"€ 2,99",,"1 l = 7,48","1 l = 7,48",Sehr guter Korrosionsschutz Zum Ausbessern und zur Farbangleichung Für alle Eisenmetalle Schnelltrocknend Hitzebeständig bis 150 °C,Nein,Dieses Angebot findest du vom 16.04. bis 22.04. in deiner Kaufland-Filiale.,2026-04-16,2026-04-22,../images/kaufland/kaufland_offer_576.jpg,cat_drogerie,,,ref_000012,obs_0000015221,obs_0000015221,,
KENTUCKY HIGHWAY,American Blended Whiskey,"€ 7,49","€ 8,99","1 l = 10,70","1 l = 10,70","destilliert in Kentucky, mild im Geschmack, die perfekte Grundlage für Mixgetränke, 40 Vol. %",Nein,Dieses Angebot findest du vom 16.04. bis 22.04. in deiner Kaufland-Filiale.,2026-04-16,2026-04-22,../images/kaufland/kaufland_offer_250.jpg,cat_getraenke,,,ref_000013,,,,
Crivit,Angelfreilaufrolle 3000-S,"€ 17,99",,"pro Einheit = 17,99","pro Einheit = 17,99","Speziell abgestimmt zum Grundangeln Ideal zum Angeln auf Karpfen, Aal, Zander etc. Mit 4 Kugellagern Präzisionsfreilaufsystem Unendliche Rücklaufsperre „One Way Clutch“ Klappkurbel mit Soft-Touch-Knauf Rostfreier Schnurfangbügel Übersetzung 5,2 : 1 Schnurfassung bis 220 m (Schnur Ø 0,25 mm) Gewicht ca. 360 g 3 Jahre Garantie",Nein,Dieses Angebot findest du vom 16.04. bis 22.04. in deiner Kaufland-Filiale.,2026-04-16,2026-04-22,../images/kaufland/kaufland_offer_546.jpg,cat_non_food,,,ref_000014,,,,x
Crivit,Angelfreilaufrolle 5000-S,"€ 17,99",,"pro Einheit = 17,99","pro Einheit = 17,99","Speziell abgestimmt zum Grundangeln Ideal zum Angeln auf Karpfen, Aal, Zander etc. Mit 4 Kugellagern Präzisionsfreilaufsystem Unendliche Rücklaufsperre „One Way Clutch“ Klappkurbel mit Soft-Touch-Knauf Rostfreier Schnurfangbügel Übersetzung 5,2 : 1 Schnurfassung bis 205 m (Schnur Ø 0,35 mm) Gewicht ca. 490 g 3 Jahre Garantie",Nein,Dieses Angebot findest du vom 16.04. bis 22.04. in deiner Kaufland-Filiale.,2026-04-16,2026-04-22,../images/kaufland/kaufland_offer_540.jpg,cat_non_food,,,ref_000015,,,,x
Crivit,Angelzubehörtasche,"€ 19,99",,"pro Einheit = 19,99","pro Einheit = 19,99",Aus wasserabweisendem Material Mit schützenden Aufnähern an der Unterseite Gepolstertes Hauptfach mit 2-Wege-Reißverschluss 2 gepolsterte Seitentaschen mit Reißverschlüssen Verstellbarer Schultergurt mit Polster Größe ca. B 34 x H 20 x T 23 cm (ca. 15 l) Belastbar bis 10 kg Inkl. 4 Boxen für Angelzubehör 3 Jahre Garantie,Nein,Dieses Angebot findest du vom 16.04. bis 22.04. in deiner Kaufland-Filiale.,2026-04-16,2026-04-22,../images/kaufland/kaufland_offer_544.jpg,cat_non_food,,,ref_000016,,,,x
KATHI,Apfelkuchen,"€ 5,99","€ 7,99","1 kg = 5,45","1 kg = 5,45",gedeckter Kuchen mit Rosinen,Nein,Dieses Angebot findest du vom 16.04. bis 22.04. in deiner Kaufland-Filiale.,2026-04-16,2026-04-22,../images/kaufland/kaufland_offer_153.jpg,"cat_tiefkuehl,diet_gluten_free,diet_lactose_free,diet_vegan,diet_vegetarian,sub_frisches_obst,tag_ultra_processed,tag_whole_food",,BLS-D130100,ref_000017,,,,
CINZANO,Asti,"€ 12,00","€ 12,98","1 l = 8,00","1 l = 8,00",milder ital. Schaumwein,Nein,Dieses Angebot findest du vom 20.04. bis 22.04. in deiner Kaufland-Filiale.,2026-04-20,2026-04-22,../images/kaufland/kaufland_offer_680.jpg,cat_grundnahrung,,BLS-T402100,ref_000018,obs_0000017862|obs_0000022166,,,
ARGETA,Aufstrich,"€ 3,00",,"1 kg = 10,53","1 kg = 10,53",versch. Sorten,Nein,Dieses Angebot findest du vom 16.04. bis 22.04. in deiner Kaufland-Filiale.,2026-04-16,2026-04-22,../images/kaufland/kaufland_offer_169.jpg,"cat_grundnahrung,diet_vegan,diet_vegetarian",,BLS-S131100,ref_000019,obs_0000013508|obs_0000015253|obs_0000010681|obs_0000027338|obs_0000023318|obs_0000017946|obs_0000032676|obs_0000033803|obs_0000006828|obs_0000002738|obs_0000006131|obs_0000023392|obs_0000033815|obs_0000007344|obs_0000006801|obs_0000007541|obs_0000035012,obs_0000013508|obs_0000015253|obs_0000010681,,
SILVERCREST,Ausbeinmesser,"€ 3,99",,"pro Einheit = 3,99","pro Einheit = 3,99",Aus Edelstahl Klinge ca. 15 cm Langanhaltende Klingenschärfe Ergonomisch geformter Griff Spülmaschinengeeignet,Nein,Dieses Angebot findest du vom 16.04. bis 22.04. in deiner Kaufland-Filiale.,2026-04-16,2026-04-22,../images/kaufland/kaufland_offer_382.jpg,cat_non_food,,,ref_000020,,,,
MY PROJECT,Auto-Vollgarage L,"€ 12,99",,"pro Einheit = 12,99","pro Einheit = 12,99",Aus wasserabweisendem Polyester Witterungs- und temperaturbeständig Optimale Passform durch Gummizug-Saum Fixierung mit 2 Gurten für Front und Heck Befestigung durch Klicksystem mit Zurrfunktion Größe ca. B 480 x H 126 x T 175 cm Inkl. Aufbewahrungstasche und Anleitung 3 Jahre Garantie,Nein,Dieses Angebot findest du vom 16.04. bis 22.04. in deiner Kaufland-Filiale.,2026-04-16,2026-04-22,../images/kaufland/kaufland_offer_564.jpg,cat_non_food,,,ref_000021,obs_0000010152|obs_0000002252|obs_0000003301|obs_0000011303|obs_0000015209,obs_0000002252|obs_0000003301|obs_0000010152,,
MY PROJECT,Auto-Vollgarage M,"€ 12,99",,"pro Einheit = 12,99","pro Einheit = 12,99",Aus wasserabweisendem Polyester Witterungs- und temperaturbeständig Optimale Passform durch Gummizug-Saum Fixierung mit 2 Gurten für Front und Heck Befestigung durch Klicksystem mit Zurrfunktion Größe ca. B 432 x H 120 x T 165 cm Inkl. Aufbewahrungstasche und Anleitung 3 Jahre Garantie,Nein,Dieses Angebot findest du vom 16.04. bis 22.04. in deiner Kaufland-Filiale.,2026-04-16,2026-04-22,../images/kaufland/kaufland_offer_563.jpg,cat_non_food,,,ref_000022,obs_0000010152|obs_0000002252|obs_0000003301|obs_0000011303|obs_0000015209,obs_0000002252|obs_0000003301|obs_0000010152,,
MY PROJECT,Auto-Vollgarage SUV,"€ 12,99",,"pro Einheit = 12,99","pro Einheit = 12,99",Aus wasserabweisendem Polyester Witterungs- und temperaturbeständig Optimale Passform durch Gummizug-Saum Fixierung mit 2 Gurten für Front und Heck Befestigung durch Klicksystem mit Zurrfunktion Größe ca. B 465 x H 144 x T 177 cm Inkl. Aufbewahrungstasche und Anleitung 3 Jahre Garantie,Nein,Dieses Angebot findest du vom 16.04. bis 22.04. in deiner Kaufland-Filiale.,2026-04-16,2026-04-22,../images/kaufland/kaufland_offer_562.jpg,cat_non_food,,,ref_000023,obs_0000010152|obs_0000002252|obs_0000003301|obs_0000011303|obs_0000015209,obs_0000010152,,
MY PROJECT,Auto-Vollgarage XL,"€ 12,99",,"pro Einheit = 12,99","pro Einheit = 12,99",Aus wasserabweisendem Polyester Witterungs- und temperaturbeständig Optimale Passform durch Gummizug-Saum Fixierung mit 2 Gurten für Front und Heck Befestigung durch Klicksystem mit Zurrfunktion Größe ca. B 534 x H 132 x T 178 cm Inkl. Aufbewahrungstasche und Anleitung 3 Jahre Garantie,Nein,Dieses Angebot findest du vom 16.04. bis 22.04. in deiner Kaufland-Filiale.,2026-04-16,2026-04-22,../images/kaufland/kaufland_offer_561.jpg,cat_non_food,,,ref_000024,obs_0000010152|obs_0000002252|obs_0000003301|obs_0000011303|obs_0000015209,obs_0000002252|obs_0000003301|obs_0000010152,,
SMASHED,Bagels,"€ 1,59",,"1 kg = 5,30","1 kg = 5,30","Mehrkorn oder Brioche, vorgeschnitten",Nein,Dieses Angebot findest du vom 16.04. bis 22.04. in deiner Kaufland-Filiale.,2026-04-16,2026-04-22,../images/kaufland/kaufland_offer_185.jpg,cat_grundnahrung,,,ref_000025,obs_0000015865|obs_0000013519|obs_0000014553|obs_0000021957|obs_0000023597|obs_0000018160|obs_0000025984|obs_0000033961,obs_0000021957|obs_0000015865|obs_0000023597|obs_0000013519|obs_0000018160|obs_0000014553|obs_0000025984,,
TUC,Bake Rolls oder Mini,"€ 1,49",,"1 kg = 9,94 - 12,42","1 kg = 9,94 - 12,42",versch. Sorten,Nein,Dieses Angebot findest du vom 20.04. bis 22.04. in deiner Kaufland-Filiale.,2026-04-20,2026-04-22,../images/kaufland/kaufland_offer_042.jpg,"cat_knabbern_naschen,tag_ultra_processed",,,ref_000026,obs_0000012658|obs_0000015705|obs_0000023731|obs_0000024157|obs_0000008972|obs_0000025542|obs_0000019152|obs_0000020562|obs_0000021381|obs_0000005658|obs_0000017530|obs_0000026024|obs_0000018128|obs_0000016216|obs_0000010932|obs_0000012328|obs_0000006379,obs_0000012658|obs_0000005658|obs_0000015705,,
JACOBS,Barista Kaffee Crema,"€ 11,99","€ 19,99","pro Einheit = 1,00","pro Einheit = 1,00","harmonische Röstung, ganze Bohnen",Nein,Dieses Angebot findest du vom 20.04. bis 22.04. in deiner Kaufland-Filiale.,2026-04-20,2026-04-22,../images/kaufland/kaufland_offer_013.jpg,"cat_getraenke,diet_gluten_free,diet_lactose_free,diet_vegan,diet_vegetarian",,,ref_000027,obs_0000013521|obs_0000001683|obs_0000008868|obs_0000031315|obs_0000012856|obs_0000012375|obs_0000008359|obs_0000011954|obs_0000014593|obs_0000006463|obs_0000024909|obs_0000013724|obs_0000015279|obs_0000010719|obs_0000022517,obs_0000013521,,
Don Papa,Baroko,"€ 29,99",,"1 l = 42,85","1 l = 42,85","philipp. Rum, in amerik. Bourbonfässern gereift, typisch süßes Geschmacksprofil mit Untertönen von Honig, 40 Vol. %",Nein,Dieses Angebot findest du vom 16.04. bis 22.04. in deiner Kaufland-Filiale.,2026-04-16,2026-04-22,../images/kaufland/kaufland_offer_248.jpg,"cat_getraenke,diet_gluten_free,diet_lactose_free,diet_vegan,diet_vegetarian,tag_ultra_processed",,,ref_000028,obs_0000015915|obs_0000009487|obs_0000009947|obs_0000017870|obs_0000027534|obs_0000022042,obs_0000015915|obs_0000009487|obs_0000009947,,x
K-PURLAND,Bayerischer Leberkäse fein,"€ 2,99","€ 3,99","1 kg = 5,98","1 kg = 5,98","vom Schwein, fein, roh, zum Backen",Nein,Dieses Angebot findest du vom 16.04. bis 22.04. in deiner Kaufland-Filiale.,2026-04-16,2026-04-22,../images/kaufland/kaufland_offer_085.jpg,"cat_fleisch_wurst,sub_kaese,sub_milchprodukte,sub_rind,sub_schwein,sub_wurst",,,ref_000029,obs_0000011415|obs_0000009121|obs_0000009298|obs_0000014106|obs_0000026756|obs_0000020887|obs_0000018993|obs_0000025260|obs_0000000704|obs_0000031883|obs_0000023788|obs_0000021830|obs_0000020068|obs_0000024209|obs_0000001946|obs_0000022804|obs_0000027097|obs_0000008701|obs_0000027967|obs_0000026147,obs_0000009121|obs_0000009298|obs_0000011415|obs_0000014106,,
BULL S-EYE,BBQ-Sauce,"€ 1,99","€ 3,99","1 l = 6,64","1 l = 6,64","Grill-Sauce, versch. Sorten",Nein,Dieses Angebot findest du vom 16.04. bis 22.04. in deiner Kaufland-Filiale.,2026-04-16,2026-04-22,../images/kaufland/kaufland_offer_168.jpg,"cat_grundnahrung,tag_ultra_processed",,,ref_000030,obs_0000014535|obs_0000024885|obs_0000025967|obs_0000023582|obs_0000010400|obs_0000014984|obs_0000013386|obs_0000034889|obs_0000011915|obs_0000010474|obs_0000008982,obs_0000023582|obs_0000014535|obs_0000024885|obs_0000025967,,
JACK LINK S,Beef Jerky,"€ 3,49",,"1 kg = 58,17","1 kg = 58,17",Original oder Teriyaki,Nein,Dieses Angebot findest du vom 16.04. bis 22.04. in deiner Kaufland-Filiale.,2026-04-16,2026-04-22,../images/kaufland/kaufland_offer_104.jpg,"cat_fleisch_wurst,tag_ultra_processed",,,ref_000031,obs_0000013525|obs_0000017956|obs_0000004645|obs_0000023591|obs_0000022191|obs_0000005072|obs_0000000479|obs_0000004218|obs_0000003323|obs_0000010337|obs_0000033864,obs_0000017956|obs_0000004645|obs_0000023591|obs_0000022191|obs_0000005072|obs_0000013525|obs_0000000479|obs_0000004218|obs_0000003323,,
Keine Marke,Beetpflanzen,"€ 2,22",,"pro Einheit = 2,22","pro Einheit = 2,22","versch. Sorten und Farben, als 10er-Pack",Nein,Dieses Angebot findest du vom 16.04. bis 22.04. in deiner Kaufland-Filiale.,2026-04-16,2026-04-22,../images/kaufland/kaufland_offer_058.jpg,"cat_obst_gemuese,diet_gluten_free,diet_lactose_free,diet_vegan,diet_vegetarian,sub_frisches_obst,tag_whole_food",,,ref_000032,,,,
SALZBURGMILCH,Bergkäse,"€ 1,99","€ 2,99","1 kg = 13,27","1 kg = 13,27","österr. Premium-Hartkäse in Scheiben, 50 % Fett. i. Tr.",Nein,Dieses Angebot findest du vom 16.04. bis 22.04. in deiner Kaufland-Filiale.,2026-04-16,2026-04-22,../images/kaufland/kaufland_offer_134.jpg,"cat_molkerei_kaese,diet_vegetarian,sub_kaese,sub_milchprodukte",,BLS-W256100,ref_000033,obs_0000016093|obs_0000022817|obs_0000022831|obs_0000033971|obs_0000008766|obs_0000012326|obs_0000013094|obs_0000011332|obs_0000014951|obs_0000012805|obs_0000028689|obs_0000028569|obs_0000030106|obs_0000034960|obs_0000008505|obs_0000030909|obs_0000033758|obs_0000027749|obs_0000034282|obs_0000014836|obs_0000011896|obs_0000030457|obs_0000030586|obs_0000029211|obs_0000029606|obs_0000027451|obs_0000008512|obs_0000006976|obs_0000029506|obs_0000029890|obs_0000030149|obs_0000023766|obs_0000005725|obs_0000029279|obs_0000034782|obs_0000024191|obs_0000031489|obs_0000022803|obs_0000005159|obs_0000007752,obs_0000022817|obs_0000022831|obs_0000033971|obs_0000008766|obs_0000016093,,
Keine Marke,Berliner Pfannkuchen,"€ 0,29","€ 0,45","pro Einheit = 0,29","pro Einheit = 0,29","mit Mehrfruchtfüllung, gepudert",Nein,Dieses Angebot findest du vom 20.04. bis 22.04. in deiner Kaufland-Filiale.,2026-04-20,2026-04-22,../images/kaufland/kaufland_offer_020.jpg,"cat_tiefkuehl,diet_gluten_free,diet_lactose_free,diet_vegan,diet_vegetarian,tag_ultra_processed,tag_whole_food",,,ref_000034,obs_0000012843|obs_0000008177|obs_0000008180|obs_0000030343|obs_0000030604|obs_0000001332,obs_0000012843|obs_0000008177|obs_0000008180,,
K-CLASSIC,Bierschinken oder Kräuter-Schinkenwurst,"€ 0,99",,"1 kg = 6,60","1 kg = 6,60",Spitzenqualität,Nein,Dieses Angebot findest du vom 16.04. bis 22.04. in deiner Kaufland-Filiale.,2026-04-16,2026-04-22,../images/kaufland/kaufland_offer_094.jpg,"cat_fleisch_wurst,sub_schwein,sub_wurst,tag_ultra_processed",,,ref_000035,obs_0000012770|obs_0000013528|obs_0000009601|obs_0000010052|obs_0000000636|obs_0000025254|obs_0000033774|obs_0000001020|obs_0000001030|obs_0000009506|obs_0000001352|obs_0000009560|obs_0000009967|obs_0000034623|obs_0000002274|obs_0000002843|obs_0000011054|obs_0000020560|obs_0000012814|obs_0000021379|obs_0000013754|obs_0000022636|obs_0000031266|obs_0000023794|obs_0000024214,obs_0000012770|obs_0000013528,,
K-BIO,Bio-Amaranth,"€ 1,49","€ 1,99","1 kg = 2,98","1 kg = 2,98",ganzes Korn,Nein,Dieses Angebot findest du vom 16.04. bis 22.04. in deiner Kaufland-Filiale.,2026-04-16,2026-04-22,../images/kaufland/kaufland_offer_197.jpg,"cat_grundnahrung,diet_gluten_free,diet_lactose_free,diet_vegan,diet_vegetarian,tag_whole_food",,,ref_000036,,,,
K-BIO,Bio-Apfelessig,"€ 1,29","€ 1,55","1 l = 1,72","1 l = 1,72","naturtrüb oder klar, aus 100 % Direktsaft",Nein,Dieses Angebot findest du vom 16.04. bis 22.04. in deiner Kaufland-Filiale.,2026-04-16,2026-04-22,../images/kaufland/kaufland_offer_173.jpg,"cat_grundnahrung,diet_gluten_free,diet_lactose_free,diet_vegan,diet_vegetarian,sub_frisches_obst,tag_whole_food",,BLS-F110100,ref_000037,obs_0000017612|obs_0000001694,obs_0000017612,,
K-BIO,Bio-Bacon,"€ 1,59","€ 1,99","1 kg = 15,90","1 kg = 15,90","mild geräucherter Frühstücksspeck, gepökelt, zum Erhitzen",Nein,Dieses Angebot findest du vom 16.04. bis 22.04. in deiner Kaufland-Filiale.,2026-04-16,2026-04-22,../images/kaufland/kaufland_offer_098.jpg,"cat_fleisch_wurst,diet_gluten_free,diet_lactose_free,diet_vegan,diet_vegetarian,sub_schwein,tag_whole_food",,BLS-F503100,ref_000038,obs_0000001491|obs_0000002453|obs_0000003186|obs_0000001018|obs_0000001019|obs_0000026814|obs_0000011008|obs_0000012775|obs_0000014146|obs_0000030978|obs_0000007234,obs_0000001491|obs_0000002453|obs_0000003186,,
HIPP,Bio-Combiotik 2 oder 3,"€ 10,99","€ 15,75","1 kg = 18,32","1 kg = 18,32","Bio-Folgemilch, nach dem 6. oder ab dem 10. Monat",Nein,Dieses Angebot findest du vom 16.04. bis 22.04. in deiner Kaufland-Filiale.,2026-04-16,2026-04-22,../images/kaufland/kaufland_offer_291.jpg,"cat_drogerie,diet_lactose_free,diet_vegan,diet_vegetarian,tag_ultra_processed",,,ref_000039,obs_0000013098,obs_0000013098,,
K-BIO,Bio-Dinkelmehl,"€ 1,11","€ 1,25","pro Einheit = 1,00","pro Einheit = 1,00","Type 630, 1050 oder Vollkorn",Nein,Dieses Angebot findest du vom 16.04. bis 22.04. in deiner Kaufland-Filiale.,2026-04-16,2026-04-22,../images/kaufland/kaufland_offer_202.jpg,"cat_grundnahrung,diet_gluten_free,diet_lactose_free,diet_vegan,diet_vegetarian,tag_whole_food",,,ref_000040,obs_0000011538|obs_0000001693|obs_0000000840|obs_0000001825|obs_0000026549,obs_0000001693|obs_0000011538,,
Keine Marke,Bio-Dinkelvollkornbrot,"€ 1,39","€ 1,89","1 kg = 2,78","1 kg = 2,78","mild nussig im Geschmack, mit Saaten verfeinert",Nein,Dieses Angebot findest du vom 16.04. bis 22.04. in deiner Kaufland-Filiale.,2026-04-16,2026-04-22,../images/kaufland/kaufland_offer_181.jpg,"cat_grundnahrung,diet_gluten_free,diet_lactose_free,diet_vegan,diet_vegetarian,tag_whole_food",,,ref_000041,obs_0000008270|obs_0000011080,obs_0000008270|obs_0000010692|obs_0000011080,,
WILTMANN,Bio-Fleischkäse oder Bio-Geflügel-Lyoner,"€ 1,29","€ 2,69","1 kg = 16,13","1 kg = 16,13","in Scheiben, versch. Sorten",Nein,Dieses Angebot findest du vom 16.04. bis 22.04. in deiner Kaufland-Filiale.,2026-04-16,2026-04-22,../images/kaufland/kaufland_offer_095.jpg,"cat_fleisch_wurst,sub_gefluegel,sub_kaese,sub_milchprodukte,sub_wurst,tag_ultra_processed",,,ref_000042,obs_0000013100|obs_0000015267|obs_0000016100|obs_0000034104|obs_0000024651|obs_0000033750|obs_0000019136|obs_0000020458|obs_0000021277|obs_0000021693|obs_0000007220,obs_0000013100|obs_0000015267|obs_0000016100,,
HIPP,Bio-Fruchtbrei,"€ 1,19","€ 1,45","1 kg = 6,27","1 kg = 6,27","versch. Sorten, z. T. mit Getreide, ab dem 5., 6. oder 8. Monat",Nein,Dieses Angebot findest du vom 16.04. bis 22.04. in deiner Kaufland-Filiale.,2026-04-16,2026-04-22,../images/kaufland/kaufland_offer_292.jpg,"cat_drogerie,diet_vegan,diet_vegetarian",,,ref_000043,obs_0000008983|obs_0000010772|obs_0000012463|obs_0000012016,obs_0000008983|obs_0000010772|obs_0000012463,,
K-BIO,Bio-Gewürze,"€ 0,99","€ 1,29","1 kg = 18,00 - 66,00","1 kg = 18,00 - 66,00",versch. Sorten,Nein,Dieses Angebot findest du vom 16.04. bis 22.04. in deiner Kaufland-Filiale.,2026-04-16,2026-04-22,../images/kaufland/kaufland_offer_171.jpg,"cat_grundnahrung,diet_gluten_free,diet_lactose_free,diet_vegan,diet_vegetarian,tag_whole_food",,BLS-G520100,ref_000044,obs_0000014539,,,
K-BIO,Bio-Linsen,"€ 1,11","€ 1,45","1 kg = 2,22","1 kg = 2,22","Rote, Grüne oder Berglinsen",Nein,Dieses Angebot findest du vom 16.04. bis 22.04. in deiner Kaufland-Filiale.,2026-04-16,2026-04-22,../images/kaufland/kaufland_offer_196.jpg,"cat_grundnahrung,diet_gluten_free,diet_lactose_free,diet_vegan,diet_vegetarian,sub_huelsenfruechte,tag_whole_food",,,ref_000045,obs_0000010705|obs_0000028815|obs_0000008900|obs_0000011529|obs_0000035012,obs_0000010705|obs_0000011933,,
BIOREBE,Bio-Pinot-Grigio,"€ 3,99",,"1 l = 5,32","1 l = 5,32","Venetien, fruchtbetont, angenehme Frische, passt zu Fisch, Salaten und ital. Speisen",Nein,Dieses Angebot findest du vom 16.04. bis 22.04. in deiner Kaufland-Filiale.,2026-04-16,2026-04-22,../images/kaufland/kaufland_offer_265.jpg,"cat_getraenke,diet_gluten_free,diet_lactose_free,diet_vegan,diet_vegetarian,tag_whole_food",,,ref_000046,obs_0000034040|obs_0000034286|obs_0000014113|obs_0000023227|obs_0000033284|obs_0000000907|obs_0000028480|obs_0000029430|obs_0000031409|obs_0000031805|obs_0000005822,,,
K-BIO,Bio-Saft,"€ 1,39",,"pro Einheit = 1,00","pro Einheit = 1,00","Tomaten-, Tomaten-Gemüse- oder Frühstückssaft",Nein,Dieses Angebot findest du vom 16.04. bis 22.04. in deiner Kaufland-Filiale.,2026-04-16,2026-04-22,../images/kaufland/kaufland_offer_240.jpg,"cat_getraenke,diet_gluten_free,diet_lactose_free,diet_vegan,diet_vegetarian,tag_whole_food",,BLS-G211100,ref_000047,obs_0000008343|obs_0000011569|obs_0000015914|obs_0000008148|obs_0000032918|obs_0000024985|obs_0000016953|obs_0000017106|obs_0000025618|obs_0000033872|obs_0000034047|obs_0000017915|obs_0000026144|obs_0000034438|obs_0000026383|obs_0000010200|obs_0000026785|obs_0000027142|obs_0000019142|obs_0000027407|obs_0000027674|obs_0000027982|obs_0000020223|obs_0000028431|obs_0000021042|obs_0000022436|obs_0000030205|obs_0000006217,obs_0000008343|obs_0000011569|obs_0000015914|obs_0000008148,,
LITTLE LUNCH,Bio-Suppe,"€ 2,99","€ 3,79","1 l = 8,55","1 l = 8,55","vegetarisch, versch. Sorten",Nein,Dieses Angebot findest du vom 16.04. bis 22.04. in deiner Kaufland-Filiale.,2026-04-16,2026-04-22,../images/kaufland/kaufland_offer_167.jpg,"cat_grundnahrung,diet_gluten_free,diet_lactose_free,diet_vegan,diet_vegetarian,tag_ultra_processed,tag_whole_food",,,ref_000048,obs_0000011512|obs_0000034391|obs_0000034285|obs_0000027223|obs_0000015871|obs_0000031163|obs_0000005196|obs_0000007029,obs_0000034391|obs_0000011512,,
K-BIO,Bio-Tomatenmark,"€ 0,79","€ 0,95","1 kg = 3,95","1 kg = 3,95",2-fach konzentriert,Nein,Dieses Angebot findest du vom 16.04. bis 22.04. in deiner Kaufland-Filiale.,2026-04-16,2026-04-22,../images/kaufland/kaufland_offer_164.jpg,"cat_grundnahrung,diet_gluten_free,diet_lactose_free,diet_vegan,diet_vegetarian,sub_frisches_gemuese,tag_whole_food",,BLS-G561100,ref_000049,obs_0000011509|obs_0000000539|obs_0000011066|obs_0000013455|obs_0000031033|obs_0000008099,obs_0000011509,,
K-BIO oder K-TAKE IT VEGGIE,Bio-Tomatensauce,"€ 1,19","€ 1,35","1 l = 3,40 - 3,67","1 l = 3,40 - 3,67",versch. Sorten,Nein,Dieses Angebot findest du vom 16.04. bis 22.04. in deiner Kaufland-Filiale.,2026-04-16,2026-04-22,../images/kaufland/kaufland_offer_192.jpg,"cat_grundnahrung,diet_gluten_free,diet_lactose_free,diet_vegan,diet_vegetarian,sub_frisches_gemuese,tag_whole_food",,BLS-G561100,ref_000050,obs_0000001692|obs_0000005366|obs_0000029000|obs_0000029913,obs_0000001692,,
K-BIO,Bio-Würzmittel Zitrone oder Limette,"€ 0,59",,"1 l = 2,95","1 l = 2,95",mit 20 % Zitronen- bzw. Limettensaft,Nein,Dieses Angebot findest du vom 16.04. bis 22.04. in deiner Kaufland-Filiale.,2026-04-16,2026-04-22,../images/kaufland/kaufland_offer_238.jpg,"cat_getraenke,diet_gluten_free,diet_lactose_free,diet_vegan,diet_vegetarian,sub_frisches_obst,tag_whole_food",,,ref_000051,obs_0000011971|obs_0000008239|obs_0000015910|obs_0000029941|obs_0000030571|obs_0000030917|obs_0000032325|obs_0000029580|obs_0000031579|obs_0000032505,obs_0000011971,,
K-BIO,Bioland Apfel-Mehrfrucht- Mark,"€ 0,99",,"1 kg = 2,75","1 kg = 2,75","versch. Sorten, z. B. mit Mango, fein püriert",Nein,Dieses Angebot findest du vom 16.04. bis 22.04. in deiner Kaufland-Filiale.,2026-04-16,2026-04-22,../images/kaufland/kaufland_offer_163.jpg,"cat_grundnahrung,diet_gluten_free,diet_lactose_free,diet_vegan,diet_vegetarian,sub_frisches_obst,tag_ultra_processed,tag_whole_food",,,ref_000052,,,,
LABEL 5,Blended Scotch Whisky,"€ 12,99","€ 15,99","pro Einheit = 1,00","pro Einheit = 1,00","gut ausbalanciert mit rauchigen, fruchtigen und floralen Noten, 40 Vol. %",Nein,Dieses Angebot findest du vom 16.04. bis 22.04. in deiner Kaufland-Filiale.,2026-04-16,2026-04-22,../images/kaufland/kaufland_offer_253.jpg,cat_getraenke,,,ref_000053,obs_0000015070|obs_0000010241|obs_0000015917|obs_0000013536|obs_0000022836|obs_0000012693|obs_0000019878|obs_0000001464|obs_0000021660|obs_0000019683|obs_0000022321|obs_0000025396|obs_0000020841|obs_0000017864|obs_0000018945|obs_0000019464|obs_0000030762|obs_0000015920|obs_0000027198|obs_0000019522|obs_0000016972|obs_0000008271|obs_0000009835|obs_0000021142|obs_0000009375|obs_0000005821|obs_0000008414|obs_0000021755|obs_0000007458|obs_0000011578|obs_0000019777|obs_0000020323|obs_0000019341|obs_0000007081|obs_0000025014|obs_0000010745|obs_0000016700|obs_0000019797|obs_0000018908|obs_0000032263|obs_0000006715|obs_0000025090|obs_0000024595|obs_0000022043|obs_0000021029|obs_0000018988|obs_0000021135|obs_0000020210|obs_0000022834|obs_0000020316,obs_0000010241|obs_0000015917|obs_0000015070|obs_0000013536|obs_0000022836|obs_0000012693|obs_0000019878|obs_0000001464,,
Keine Marke,Blühpflanzen,"€ 2,49",,"pro Einheit = 2,49","pro Einheit = 2,49","z. B. Margerite, Chrysantheme, Nelke oder Petunie, versch. Farben, Topf Ø 10,5 - 12 cm, ab 1,69€",Nein,Dieses Angebot findest du vom 16.04. bis 22.04. in deiner Kaufland-Filiale.,2026-04-16,2026-04-22,../images/kaufland/kaufland_offer_059.jpg,"cat_obst_gemuese,diet_gluten_free,diet_lactose_free,diet_vegan,diet_vegetarian,sub_frisches_obst,tag_ultra_processed,tag_whole_food",,,ref_000054,obs_0000010567|obs_0000010966|obs_0000014169|obs_0000014267|obs_0000014078,obs_0000010567|obs_0000010966|obs_0000014169|obs_0000014267|obs_0000014078,,
Keine Marke,Brasil peruan Mango lose,"€ 1,99","€ 2,49","pro Einheit = 1,99","pro Einheit = 1,99","»Kent« oder »Keitt«, Kl. I",Nein,Dieses Angebot findest du vom 16.04. bis 22.04. in deiner Kaufland-Filiale.,2026-04-16,2026-04-22,../images/kaufland/kaufland_offer_046.jpg,"cat_obst_gemuese,diet_gluten_free,diet_lactose_free,diet_vegan,diet_vegetarian,sub_exoten,sub_frisches_gemuese,sub_frisches_obst,tag_whole_food",,,ref_000055,obs_0000011787|obs_0000013333|obs_0000013816|obs_0000010971|obs_0000015714|obs_0000014421|obs_0000015282|obs_0000029722|obs_0000024112|obs_0000009816|obs_0000031322|obs_0000026739|obs_0000009349|obs_0000028316|obs_0000027322|obs_0000029883|obs_0000004820|obs_0000021278|obs_0000004393|obs_0000000306|obs_0000026453|obs_0000003966|obs_0000033713|obs_0000034740|obs_0000016865|obs_0000020459|obs_0000025584,,,
SILVERCREST,Brat- und Auflaufform,"€ 7,99",,"pro Einheit = 7,99","pro Einheit = 7,99",Aus emailliertem Stahlblech Optimale Wärmeleitung für gleichmäßige Bräunung Mit extrahohem Rand Arretierungspunkte im Griffbereich Backofengeeignet bis 400 °C Spülmaschinengeeignet Größe ca. B 39 x H 7 x T 32 cm 3 Jahre Garantie,Nein,Dieses Angebot findest du vom 16.04. bis 22.04. in deiner Kaufland-Filiale.,2026-04-16,2026-04-22,../images/kaufland/kaufland_offer_383.jpg,cat_non_food,,,ref_000056,obs_0000019390|obs_0000012983|obs_0000016018,,,
WERZ,Bratwurst-Mix,"€ 6,49",,"1 kg = 7,38","1 kg = 7,38","vom Schwein, 3 grobe Bratwürste, 4 Puszta-Griller und 4 Fränkische Bratwürste",Nein,Dieses Angebot findest du vom 16.04. bis 22.04. in deiner Kaufland-Filiale.,2026-04-16,2026-04-22,../images/kaufland/kaufland_offer_077.jpg,"cat_fleisch_wurst,sub_wurst,tag_ultra_processed",,BLS-Y942032,ref_000057,obs_0000006701|obs_0000024700|obs_0000026247|obs_0000006539|obs_0000007634,,,
MY PROJECT,Bremsen-Reiniger,"€ 2,99",,"1 l = 7,48","1 l = 7,48","Für Trommel- und Scheibenbremsen Für Bremsbeläge, Bremssättel und Bremsbacken Große Lösekraft Hinterlässt keine Rückstände",Nein,Dieses Angebot findest du vom 16.04. bis 22.04. in deiner Kaufland-Filiale.,2026-04-16,2026-04-22,../images/kaufland/kaufland_offer_575.jpg,cat_drogerie,,,ref_000058,obs_0000015234|obs_0000031762|obs_0000013848|obs_0000013362|obs_0000027202|obs_0000015954|obs_0000024166|obs_0000017601|obs_0000028357|obs_0000023750|obs_0000010953|obs_0000012011|obs_0000026432|obs_0000014189|obs_0000027513|obs_0000025004|obs_0000019901|obs_0000003536|obs_0000018411|obs_0000033271,obs_0000015234,,
Keine Marke,Bromelie,"€ 7,99",,"pro Einheit = 7,99","pro Einheit = 7,99","versch. Sorten, Topf Ø 12 cm",Nein,Dieses Angebot findest du vom 16.04. bis 22.04. in deiner Kaufland-Filiale.,2026-04-16,2026-04-22,../images/kaufland/kaufland_offer_068.jpg,"cat_obst_gemuese,diet_gluten_free,diet_lactose_free,diet_vegan,diet_vegetarian,sub_exoten,sub_frisches_gemuese,sub_frisches_obst,tag_ultra_processed,tag_whole_food",,,ref_000059,obs_0000008778|obs_0000013123|obs_0000010968|obs_0000012719,obs_0000008778,,
LÄTTA,Brotaufstrich,"€ 1,19","€ 2,29","1 kg = 2,65","1 kg = 2,65","Original, Mit Joghurt oder Extra fit, 28 - 39 % Fett",Nein,Dieses Angebot findest du vom 16.04. bis 22.04. in deiner Kaufland-Filiale.,2026-04-16,2026-04-22,../images/kaufland/kaufland_offer_139.jpg,"cat_molkerei_kaese,diet_lactose_free,diet_vegan,diet_vegetarian,sub_huelsenfruechte",,BLS-S131100,ref_000060,obs_0000010510|obs_0000012207|obs_0000014956|obs_0000010497|obs_0000008458|obs_0000034334|obs_0000015391|obs_0000031930|obs_0000013124|obs_0000034763|obs_0000031182|obs_0000018403|obs_0000023659|obs_0000013042|obs_0000009622|obs_0000013999|obs_0000014255|obs_0000008633|obs_0000010939|obs_0000032207|obs_0000030806|obs_0000019544|obs_0000030811|obs_0000008542|obs_0000034274|obs_0000018920|obs_0000011500|obs_0000029804|obs_0000013818|obs_0000007196|obs_0000019379|obs_0000007745|obs_0000014568|obs_0000006143|obs_0000034818|obs_0000029842|obs_0000005571|obs_0000006122|obs_0000023016|obs_0000031998,obs_0000010497|obs_0000008458|obs_0000010510|obs_0000034334|obs_0000015391|obs_0000012207|obs_0000031930|obs_0000013124|obs_0000034763|obs_0000031182|obs_0000018403|obs_0000023659|obs_0000014956|obs_0000013042,,
SILVERCREST,Brotmesser,"€ 3,99",,"pro Einheit = 3,99","pro Einheit = 3,99",Aus Edelstahl Klinge ca. 20 cm Langanhaltende Klingenschärfe Ergonomisch geformter Griff Spülmaschinengeeignet,Nein,Dieses Angebot findest du vom 16.04. bis 22.04. in deiner Kaufland-Filiale.,2026-04-16,2026-04-22,../images/kaufland/kaufland_offer_380.jpg,cat_non_food,,BLS-F303100,ref_000061,obs_0000028856|obs_0000033306|obs_0000031677,obs_0000028856|obs_0000033306|obs_0000031677,,
LEIFHEIT,Bügeltisch Air Board Compact M Plus,"€ 39,99","€ 84,99","pro Einheit = 39,99","pro Einheit = 39,99",Bügelfläche ca. 120 x 38 cm Bügeltischhöhe verstellbar bis ca. 98 cm Spezialbezug mit Thermo-Reflect-Technologie Mit Elektro-Anschluss und Kabelhalterung,Nein,Dieses Angebot findest du vom 16.04. bis 22.04. in deiner Kaufland-Filiale.,2026-04-16,2026-04-22,../images/kaufland/kaufland_offer_402.jpg,"cat_non_food,tag_ultra_processed",,,ref_000062,obs_0000015172|obs_0000011224,obs_0000015172,,
LEIFHEIT,Bügeltischbezug Air Board Thermo Reflect S M,"€ 9,99","€ 18,99","pro Einheit = 9,99","pro Einheit = 9,99","4 mm starke Molton-Auflage Schneller Bügeln dank Dampf- und Hitzereflexion Mit Schnurzug, Spannclip und Klettfixierung Für Bügeltische bis ca. 125 x 40 cm",Nein,Dieses Angebot findest du vom 16.04. bis 22.04. in deiner Kaufland-Filiale.,2026-04-16,2026-04-22,../images/kaufland/kaufland_offer_404.jpg,"cat_non_food,tag_ultra_processed",,,ref_000063,,,,
CELLUCOR,C4 Sport Pre-Workout,"€ 14,99","€ 19,99","1 kg = 55,52","1 kg = 55,52","mit Koffein und Kreatin, Icys Blue Raspberry oder Fruit Punch",Nein,Dieses Angebot findest du vom 16.04. bis 22.04. in deiner Kaufland-Filiale.,2026-04-16,2026-04-22,../images/kaufland/kaufland_offer_308.jpg,"cat_drogerie,diet_vegetarian,tag_ultra_processed",,,ref_000064,,,,
GALLO FAMILY,Cabernet Sauvignon Ros Zinfandel oder Chardonnay,"€ 4,44",,"1 l = 5,92","1 l = 5,92","Kalifornien, z. B. Cabernet Sauvignon: beerig, Noten von Pflaumen und Gewürzen, passt zu Fleisch- und Pastagerichten",Nein,Dieses Angebot findest du vom 16.04. bis 22.04. in deiner Kaufland-Filiale.,2026-04-16,2026-04-22,../images/kaufland/kaufland_offer_262.jpg,"cat_getraenke,tag_ultra_processed",,,ref_000065,obs_0000016137|obs_0000014639|obs_0000011135|obs_0000029266|obs_0000021890|obs_0000018693|obs_0000020741|obs_0000026501|obs_0000017557|obs_0000021560|obs_0000035022|obs_0000002164,obs_0000016137|obs_0000014639|obs_0000011135,,
K-CLASSIC,Cashewkerne,"€ 5,00",,"1 kg = 10,00","1 kg = 10,00",geröstet und gesalzen,Nein,Dieses Angebot findest du vom 16.04. bis 22.04. in deiner Kaufland-Filiale.,2026-04-16,2026-04-22,../images/kaufland/kaufland_offer_216.jpg,"cat_knabbern_naschen,diet_gluten_free,diet_lactose_free,diet_vegan,diet_vegetarian,tag_ultra_processed,tag_whole_food",,BLS-H170100,ref_000066,obs_0000008514|obs_0000010715|obs_0000014187|obs_0000004333|obs_0000000269|obs_0000019047|obs_0000004760|obs_0000019120|obs_0000003123|obs_0000023783|obs_0000001471|obs_0000024203|obs_0000003906|obs_0000008174|obs_0000009587|obs_0000011800|obs_0000010037|obs_0000015254|obs_0000013549|obs_0000016108|obs_0000020770|obs_0000000364|obs_0000004485|obs_0000013097|obs_0000004912|obs_0000019430|obs_0000025645|obs_0000021589|obs_0000023680|obs_0000023729|obs_0000017937|obs_0000024160|obs_0000004058|obs_0000022497|obs_0000030929|obs_0000029229|obs_0000029318|obs_0000029371|obs_0000032167|obs_0000003559|obs_0000017933|obs_0000007697,obs_0000004333|obs_0000000269|obs_0000008514|obs_0000010715|obs_0000019047|obs_0000004760|obs_0000019120|obs_0000003123|obs_0000023783|obs_0000009587|obs_0000001471|obs_0000011800|obs_0000024203|obs_0000010037|obs_0000003906|obs_0000014187|obs_0000008174,,
Nestlé,Cerealien,"€ 2,49","€ 3,79","1 kg = 6,23 - 7,55","1 kg = 6,23 - 7,55",versch. Sorten,Nein,Dieses Angebot findest du vom 20.04. bis 22.04. in deiner Kaufland-Filiale.,2026-04-20,2026-04-22,../images/kaufland/kaufland_offer_043.jpg,"cat_grundnahrung,diet_vegetarian,tag_ultra_processed",,,ref_000067,obs_0000010904|obs_0000019645|obs_0000013550|obs_0000028013|obs_0000026092|obs_0000002573|obs_0000010261|obs_0000021080|obs_0000014569|obs_0000019709|obs_0000020261|obs_0000021907|obs_0000011799|obs_0000019006|obs_0000028844|obs_0000011951|obs_0000019427|obs_0000015441|obs_0000007193|obs_0000011537|obs_0000005564|obs_0000009964|obs_0000009503,obs_0000002573|obs_0000010261|obs_0000007193|obs_0000021080|obs_0000010904|obs_0000019645|obs_0000014569|obs_0000013550|obs_0000019709|obs_0000020261|obs_0000028013|obs_0000021907|obs_0000005564|obs_0000026092,,x
FERDI FUCHS,Cheese-Sticks Gouda-Scheiben,"€ 1,29","€ 1,79","1 kg = 16,13","1 kg = 16,13","Mozzarella-Stangen zum Snacken oder Schnittkäse-Scheiben in Tierform, 40 - 48 % Fett i. Tr.",Nein,Dieses Angebot findest du vom 20.04. bis 22.04. in deiner Kaufland-Filiale.,2026-04-20,2026-04-22,../images/kaufland/kaufland_offer_667.jpg,"cat_fleisch_wurst,sub_kaese,sub_milchprodukte,tag_ultra_processed",,,ref_000068,obs_0000014952|obs_0000010633|obs_0000008601|obs_0000015885|obs_0000021569|obs_0000034978|obs_0000028379|obs_0000020750|obs_0000014804|obs_0000025059,obs_0000014952|obs_0000010633,,
K-CLASSIC,Chicken Nuggets XXL,"€ 1,99",,"1 kg = 5,86","1 kg = 5,86",paniertes Hähnchenfleisch mit Sweet-Chili-Dip und Curry-Dip,Nein,Dieses Angebot findest du vom 16.04. bis 22.04. in deiner Kaufland-Filiale.,2026-04-16,2026-04-22,../images/kaufland/kaufland_offer_150.jpg,"cat_tiefkuehl,diet_gluten_free,diet_lactose_free,sub_gefluegel,sub_tk_fertiggerichte,tag_high_protein,tag_ultra_processed",,,ref_000069,obs_0000016942|obs_0000009447|obs_0000017874|obs_0000009912|obs_0000026469|obs_0000002753|obs_0000019764|obs_0000003555|obs_0000028498|obs_0000028611|obs_0000013137|obs_0000014459|obs_0000014916|obs_0000015749|obs_0000032589|obs_0000013038|obs_0000012280|obs_0000000509|obs_0000025151|obs_0000034184|obs_0000026980|obs_0000027865|obs_0000011493|obs_0000020238|obs_0000020417|obs_0000029176|obs_0000021057|obs_0000021236|obs_0000021927|obs_0000022059|obs_0000008364|obs_0000000219|obs_0000008511|obs_0000025608|obs_0000009626|obs_0000018026|obs_0000034807|obs_0000010992|obs_0000020015|obs_0000003832|obs_0000004259|obs_0000012757|obs_0000029165|obs_0000004686|obs_0000007602|obs_0000012763|obs_0000013967|obs_0000023578,obs_0000016942|obs_0000009447|obs_0000017874|obs_0000009912|obs_0000026469|obs_0000002753|obs_0000019764|obs_0000003555|obs_0000028498|obs_0000028611|obs_0000013038|obs_0000013137|obs_0000014459|obs_0000014916|obs_0000015749|obs_0000032589,,
Keine Marke,Chili-Cheese-Stick,"€ 0,99",,"pro Einheit = 0,99","pro Einheit = 0,99","Snack aus lockerem Plunderteig mit cremiger Frischkäse-Peperoni-Füllung, knusprig mit Käse überbacken",Nein,Dieses Angebot findest du vom 16.04. bis 22.04. in deiner Kaufland-Filiale.,2026-04-16,2026-04-22,../images/kaufland/kaufland_offer_177.jpg,"cat_grundnahrung,diet_gluten_free,diet_lactose_free,diet_vegan,diet_vegetarian,sub_frisches_gemuese,tag_ultra_processed,tag_whole_food",,,ref_000070,obs_0000027319|obs_0000002886,,,
FUNNY-FRISCH,Chipsfrisch,"€ 0,99",,"1 kg = 6,60","1 kg = 6,60",versch. Sorten,Nein,Dieses Angebot findest du vom 16.04. bis 22.04. in deiner Kaufland-Filiale.,2026-04-16,2026-04-22,../images/kaufland/kaufland_offer_212.jpg,"cat_knabbern_naschen,sub_huelsenfruechte,tag_ultra_processed",,,ref_000071,obs_0000022428|obs_0000001321|obs_0000033323|obs_0000016455|obs_0000008650|obs_0000027600|obs_0000017493|obs_0000018264|obs_0000003560|obs_0000002686|obs_0000034706|obs_0000019383|obs_0000018387|obs_0000031707|obs_0000033890|obs_0000001639|obs_0000011547|obs_0000012858|obs_0000007913|obs_0000006032|obs_0000007696|obs_0000032692|obs_0000006736|obs_0000005473|obs_0000030305|obs_0000007283|obs_0000029688|obs_0000007108,obs_0000006032|obs_0000007696|obs_0000022428|obs_0000001321|obs_0000033323|obs_0000032692|obs_0000016455|obs_0000008650|obs_0000027600|obs_0000006736|obs_0000017493|obs_0000018264|obs_0000031707|obs_0000005473|obs_0000030305|obs_0000003560|obs_0000007913|obs_0000007283|obs_0000029688|obs_0000002686,,
LEIBNIZ,Choco,"€ 3,00",,"1 kg = 12,00","1 kg = 12,00","Butterkeks mit Schokolade, versch. Sorten",Nein,Dieses Angebot findest du vom 16.04. bis 22.04. in deiner Kaufland-Filiale.,2026-04-16,2026-04-22,../images/kaufland/kaufland_offer_231.jpg,"cat_knabbern_naschen,tag_ultra_processed",,,ref_000072,obs_0000012408|obs_0000013552|obs_0000011118|obs_0000003097|obs_0000004122|obs_0000004131|obs_0000004663|obs_0000002687|obs_0000004236|obs_0000002191|obs_0000004755|obs_0000001699|obs_0000003244|obs_0000003247|obs_0000003798|obs_0000033498|obs_0000004328|obs_0000000265|obs_0000002862|obs_0000003901|obs_0000002377|obs_0000008018|obs_0000010066|obs_0000025427|obs_0000004976|obs_0000004985|obs_0000027538|obs_0000000411|obs_0000000417|obs_0000008626|obs_0000022974|obs_0000004549|obs_0000022982|obs_0000003019|obs_0000004558|obs_0000014291|obs_0000003031|obs_0000005090|obs_0000004632|obs_0000032315|obs_0000001099|obs_0000004205|obs_0000000630|obs_0000026766|obs_0000001251|obs_0000017152|obs_0000016174|obs_0000012636|obs_0000032124|obs_0000032157,obs_0000012408|obs_0000013552|obs_0000011118,,
SOMERSBY,Cider,"€ 1,11","€ 1,49","1 l = 3,37","1 l = 3,37","apfelweinhaltiges Getränk, versch. Sorten (+ 0.25 Pfand)",Nein,Dieses Angebot findest du vom 16.04. bis 22.04. in deiner Kaufland-Filiale.,2026-04-16,2026-04-22,../images/kaufland/kaufland_offer_276.jpg,cat_getraenke,,,ref_000073,obs_0000011152|obs_0000019467|obs_0000008199,obs_0000011152,,
DALLMAYR,Classic,"€ 6,99","€ 8,99","1 kg = 13,98","1 kg = 13,98",gemahlener Kaffee,Nein,Dieses Angebot findest du vom 16.04. bis 22.04. in deiner Kaufland-Filiale.,2026-04-16,2026-04-22,../images/kaufland/kaufland_offer_205.jpg,"cat_knabbern_naschen,diet_gluten_free,diet_lactose_free,diet_vegan,diet_vegetarian,tag_ultra_processed",,,ref_000074,obs_0000001628|obs_0000015018|obs_0000011543|obs_0000025668|obs_0000028751|obs_0000001643|obs_0000020596|obs_0000026884|obs_0000024877|obs_0000035101|obs_0000034649|obs_0000021415|obs_0000031658|obs_0000027412|obs_0000015874|obs_0000034820|obs_0000024078|obs_0000020503|obs_0000014364|obs_0000015388|obs_0000034814|obs_0000008763|obs_0000020559|obs_0000031314|obs_0000031316|obs_0000016988|obs_0000000102|obs_0000031336|obs_0000024692|obs_0000030840|obs_0000018068|obs_0000011935|obs_0000012998|obs_0000017609|obs_0000021710|obs_0000016591|obs_0000028882|obs_0000008404|obs_0000025815|obs_0000035062|obs_0000027435|obs_0000014636|obs_0000007469|obs_0000022316|obs_0000014132|obs_0000021322|obs_0000002905|obs_0000028510|obs_0000022881|obs_0000021378,obs_0000028751|obs_0000001628|obs_0000001643|obs_0000015018|obs_0000026884|obs_0000011543|obs_0000024877|obs_0000035101|obs_0000034649|obs_0000031658,,
IRONMAXX,Collagen-Bar,"€ 0,99","€ 1,49","1 kg = 24,75","1 kg = 24,75",Raspberry oder Coconut Flavour,Nein,Dieses Angebot findest du vom 16.04. bis 22.04. in deiner Kaufland-Filiale.,2026-04-16,2026-04-22,../images/kaufland/kaufland_offer_309.jpg,"cat_drogerie,tag_high_protein,tag_proteinreich,tag_ultra_processed",,,ref_000075,obs_0000005381,obs_0000005381,,
LENOR,Color-Waschmittel,"€ 9,99",,"pro Einheit = 0,27","pro Einheit = 0,27","Amethyst-Blütentraum, Pods, = 38 Anwendungen",Nein,Dieses Angebot findest du vom 16.04. bis 22.04. in deiner Kaufland-Filiale.,2026-04-16,2026-04-22,../images/kaufland/kaufland_offer_281.jpg,cat_drogerie,,,ref_000076,obs_0000033858|obs_0000020059|obs_0000018152|obs_0000022331|obs_0000020878|obs_0000003486|obs_0000025534|obs_0000022520|obs_0000018449|obs_0000034866|obs_0000027703|obs_0000012875|obs_0000016462|obs_0000023646|obs_0000018542|obs_0000019568|obs_0000024174|obs_0000013946|obs_0000025217|obs_0000026760|obs_0000021665|obs_0000033445|obs_0000012454|obs_0000002728|obs_0000023748|obs_0000023244|obs_0000025812|obs_0000017654|obs_0000015109|obs_0000033069|obs_0000022340|obs_0000018794|obs_0000020846|obs_0000019827|obs_0000022410|obs_0000012181|obs_0000019384|obs_0000017352|obs_0000026568|obs_0000025598|obs_0000033859|obs_0000034993,,,
Costa,rican Ananas lose,"€ 1,99","€ 2,29","pro Einheit = 1,99","pro Einheit = 1,99","»Extra Sweet«, Kl. I",Nein,Dieses Angebot findest du vom 16.04. bis 22.04. in deiner Kaufland-Filiale.,2026-04-16,2026-04-22,../images/kaufland/kaufland_offer_048.jpg,"cat_obst_gemuese,diet_gluten_free,diet_lactose_free,diet_vegan,diet_vegetarian,sub_exoten,sub_frisches_gemuese,sub_frisches_obst,tag_whole_food",,,ref_000077,obs_0000013139|obs_0000013562|obs_0000001306|obs_0000013140|obs_0000028967|obs_0000014138|obs_0000005512|obs_0000027077|obs_0000007137,,x,
Costa,rican Cantaloupe lose,"€ 2,49","€ 2,99","pro Einheit = 2,49","pro Einheit = 2,49",Kl. I,Nein,Dieses Angebot findest du vom 16.04. bis 22.04. in deiner Kaufland-Filiale.,2026-04-16,2026-04-22,../images/kaufland/kaufland_offer_053.jpg,"cat_obst_gemuese,diet_gluten_free,diet_lactose_free,diet_vegan,diet_vegetarian,sub_frisches_gemuese,sub_frisches_obst,tag_whole_food",,,ref_000078,obs_0000013139|obs_0000013562|obs_0000013140,,x,
KINDER,Country,"€ 1,99",,"1 kg = 9,41","1 kg = 9,41",Schokoriegel mit Cerealien und Milchcreme-Füllung,Nein,Dieses Angebot findest du vom 20.04. bis 22.04. in deiner Kaufland-Filiale.,2026-04-20,2026-04-22,../images/kaufland/kaufland_offer_038.jpg,"cat_knabbern_naschen,tag_ultra_processed",,,ref_000079,obs_0000022594|obs_0000010905|obs_0000013563|obs_0000014828|obs_0000025126|obs_0000018477|obs_0000006235|obs_0000007286|obs_0000014513|obs_0000030427|obs_0000026341|obs_0000032005|obs_0000009627|obs_0000022435|obs_0000029094|obs_0000029046,obs_0000022594|obs_0000006235|obs_0000007286|obs_0000010905|obs_0000030427|obs_0000013563|obs_0000032005|obs_0000029094|obs_0000014828,,
BODYLAB,Creatine Monohydrate,"€ 9,99","€ 12,99","1 kg = 33,30","1 kg = 33,30","Nahrungsergänzungsmittel in Pulverform, ideal fürs Krafttraining",Nein,Dieses Angebot findest du vom 16.04. bis 22.04. in deiner Kaufland-Filiale.,2026-04-16,2026-04-22,../images/kaufland/kaufland_offer_306.jpg,cat_drogerie,,,ref_000080,,,,
JACOBS,Crema Kaffeepads,"€ 2,29",,"1 kg = 19,41","1 kg = 19,41",klassik oder kräftig,Nein,Dieses Angebot findest du vom 16.04. bis 22.04. in deiner Kaufland-Filiale.,2026-04-16,2026-04-22,../images/kaufland/kaufland_offer_208.jpg,"cat_knabbern_naschen,diet_gluten_free,diet_lactose_free,diet_vegan,diet_vegetarian",,,ref_000081,obs_0000013565|obs_0000011106|obs_0000000201|obs_0000003527|obs_0000031760|obs_0000008143|obs_0000009253|obs_0000000609|obs_0000033393|obs_0000008359|obs_0000001776|obs_0000009724,obs_0000013565|obs_0000011106,,
NIVEA,Creme- oder Pflegedusche,"€ 1,95",,"1 l = 7,80","1 l = 7,80",versch. Sorten,Nein,Dieses Angebot findest du vom 16.04. bis 22.04. in deiner Kaufland-Filiale.,2026-04-16,2026-04-22,../images/kaufland/kaufland_offer_302.jpg,cat_drogerie,,,ref_000082,obs_0000011619|obs_0000012902|obs_0000013566|obs_0000015525|obs_0000016421|obs_0000033360|obs_0000019782|obs_0000003590|obs_0000013141|obs_0000010213|obs_0000010781|obs_0000012474,obs_0000011619|obs_0000012902|obs_0000013566|obs_0000015525,,
RAMA,Cremefine oder vegane Creme,"€ 0,89",,"1 l = 3,56 - 4,45","1 l = 3,56 - 4,45","zum Aufschlagen oder Kochen, 7 - 31 % Fett, versch. Sorten",Nein,Dieses Angebot findest du vom 16.04. bis 22.04. in deiner Kaufland-Filiale.,2026-04-16,2026-04-22,../images/kaufland/kaufland_offer_126.jpg,"cat_molkerei_kaese,diet_lactose_free,diet_vegan,diet_vegetarian,sub_fleischersatz,tag_ultra_processed",,,ref_000083,obs_0000013567|obs_0000013470|obs_0000016932|obs_0000008854|obs_0000017373|obs_0000025616|obs_0000010343|obs_0000028895|obs_0000023003|obs_0000033360|obs_0000013141,obs_0000013567,,
THE VEGETARIAN BUTCHER,Crispy Chickimicki Burger,"€ 2,49","€ 3,49","1 kg = 13,84","1 kg = 13,84","vegane Patties Typ Hähnchen, auf Sojabasis",Nein,Dieses Angebot findest du vom 16.04. bis 22.04. in deiner Kaufland-Filiale.,2026-04-16,2026-04-22,../images/kaufland/kaufland_offer_159.jpg,"cat_grundnahrung,diet_vegetarian,sub_fleischersatz,tag_ultra_processed",,,ref_000084,obs_0000010397|obs_0000010081|obs_0000018653|obs_0000022112|obs_0000023609,obs_0000010397|obs_0000010081,,
Parkside,Damen-Arbeitsbundshorts Stretch,"€ 9,99",,"pro Einheit = 9,99","pro Einheit = 9,99","Aus recyceltem, GRS-zertifiziertem Polyester und Elastan (LYCRA®) Wasserabweisend dank BIONIC-FINISH® ECO Reflektierende Deko-Elemente Mit Taschen für Werkzeug, Handy etc. Größen 36 - 42",Nein,Dieses Angebot findest du vom 16.04. bis 22.04. in deiner Kaufland-Filiale.,2026-04-16,2026-04-22,../images/kaufland/kaufland_offer_457.jpg,cat_non_food,,,ref_000085,,,,x
SMILODOX,Damen-Leggings,"€ 14,99","€ 59,99","pro Einheit = 14,99","pro Einheit = 14,99",Aus Polyamid und Elastan Größen S - XL,Nein,Dieses Angebot findest du vom 16.04. bis 22.04. in deiner Kaufland-Filiale.,2026-04-16,2026-04-22,../images/kaufland/kaufland_offer_460.jpg,cat_non_food,,,ref_000086,obs_0000012617|obs_0000002484|obs_0000014787|obs_0000025230|obs_0000013014|obs_0000017194|obs_0000003439|obs_0000016070|obs_0000016253|obs_0000026497|obs_0000010232|obs_0000026633|obs_0000032955|obs_0000032956|obs_0000014780|obs_0000018936|obs_0000016941|obs_0000017165|obs_0000011250|obs_0000019559|obs_0000023039|obs_0000023488|obs_0000023879|obs_0000019908|obs_0000011721|obs_0000024299,obs_0000012617|obs_0000016763|obs_0000002484|obs_0000014787|obs_0000025230|obs_0000013014|obs_0000017194|obs_0000017528|obs_0000003439|obs_0000016070|obs_0000016253|obs_0000026497|obs_0000010232,,
SMILODOX,Damen-Leggings Scrunch,"€ 17,99","€ 59,99","pro Einheit = 17,99","pro Einheit = 17,99",Aus Polyamid und Elastan Größen S - XL,Nein,Dieses Angebot findest du vom 16.04. bis 22.04. in deiner Kaufland-Filiale.,2026-04-16,2026-04-22,../images/kaufland/kaufland_offer_459.jpg,cat_non_food,,,ref_000087,obs_0000012617|obs_0000002484|obs_0000014787|obs_0000025230|obs_0000013014|obs_0000017194|obs_0000003439|obs_0000016070|obs_0000016253|obs_0000026497|obs_0000010232|obs_0000026633|obs_0000032955|obs_0000032956|obs_0000014780|obs_0000018936|obs_0000016941|obs_0000017165|obs_0000011250|obs_0000019559|obs_0000023039|obs_0000023488|obs_0000023879|obs_0000024299,,,
SMILODOX,Damen-Sport-BH,"€ 14,99","€ 39,99","pro Einheit = 14,99","pro Einheit = 14,99",Aus Polyester und Elastan Größen S - XL,Nein,Dieses Angebot findest du vom 16.04. bis 22.04. in deiner Kaufland-Filiale.,2026-04-16,2026-04-22,../images/kaufland/kaufland_offer_456.jpg,cat_non_food,,,ref_000088,obs_0000016857|obs_0000002737|obs_0000002914|obs_0000019380,,,
SMILODOX,Damen-Sweathose,"€ 19,99","€ 59,99","pro Einheit = 19,99","pro Einheit = 19,99",Aus Baumwolle und Polyester Größen S - XL,Nein,Dieses Angebot findest du vom 16.04. bis 22.04. in deiner Kaufland-Filiale.,2026-04-16,2026-04-22,../images/kaufland/kaufland_offer_458.jpg,cat_non_food,,,ref_000089,obs_0000011266|obs_0000014798|obs_0000010853|obs_0000013018|obs_0000015213|obs_0000025504|obs_0000015613|obs_0000019762|obs_0000011720|obs_0000016071|obs_0000022660|obs_0000023037|obs_0000023484|obs_0000023494,obs_0000014798|obs_0000010853|obs_0000013018|obs_0000015213|obs_0000025504|obs_0000011266|obs_0000015613|obs_0000019762|obs_0000011720|obs_0000016071,,
Tefal,Dampfbügelstation Express Easy SV6111,"€ 69,99",,"pro Einheit = 69,99","pro Einheit = 69,99","Keramik-Bügelsohle mit Präzisionsspitze Pumpendruck 5,2 bar Kontinuierliche Dampfabgabe 110 g/min Dampfstoß 250 g Vertikale Dampfbügelfunktion Schnelles Aufheizen in nur 2 min Wassertank ca. 1,4 l Calc-Clear-Technologie für effiziente Wartung ECO-Funktion 2.200 W",Nein,Dieses Angebot findest du vom 16.04. bis 22.04. in deiner Kaufland-Filiale.,2026-04-16,2026-04-22,../images/kaufland/kaufland_offer_325.jpg,"cat_non_food,tag_ultra_processed",,,ref_000090,obs_0000022543|obs_0000023544,,,x
LANGEWIESCHE,Delikatess Spargelschinken,"€ 1,99","€ 2,49","1 kg = 19,90","1 kg = 19,90","mild gepökelt, schonend gegart, mit grünen Spargelspitzen umhüllt, in Scheiben",Nein,Dieses Angebot findest du vom 16.04. bis 22.04. in deiner Kaufland-Filiale.,2026-04-16,2026-04-22,../images/kaufland/kaufland_offer_096.jpg,"cat_fleisch_wurst,sub_schwein,sub_wurst,tag_ultra_processed",,,ref_000091,,,,
NIVEA,Deo-Spray,"€ 2,22",,"1 l = 14,80","1 l = 14,80",versch. Sorten,Nein,Dieses Angebot findest du vom 16.04. bis 22.04. in deiner Kaufland-Filiale.,2026-04-16,2026-04-22,../images/kaufland/kaufland_offer_304.jpg,cat_drogerie,,,ref_000092,obs_0000012900|obs_0000013582|obs_0000011176|obs_0000032801|obs_0000033847|obs_0000031921|obs_0000012471|obs_0000013151|obs_0000014190|obs_0000012028|obs_0000014681|obs_0000010782,obs_0000032801|obs_0000026145|obs_0000033847|obs_0000012900|obs_0000031852|obs_0000031921|obs_0000012471|obs_0000033019|obs_0000013582|obs_0000013151|obs_0000014190|obs_0000011176,,
HIDROFUGAL,Deospray,"€ 3,29",,"1 l = 21,94","1 l = 21,94",versch. Sorten,Nein,Dieses Angebot findest du vom 16.04. bis 22.04. in deiner Kaufland-Filiale.,2026-04-16,2026-04-22,../images/kaufland/kaufland_offer_303.jpg,cat_drogerie,,,ref_000093,obs_0000013583|obs_0000032800|obs_0000015110|obs_0000035064|obs_0000003229|obs_0000026145|obs_0000026277|obs_0000033577|obs_0000002346|obs_0000033454|obs_0000032945|obs_0000026566|obs_0000034658|obs_0000031852|obs_0000033019|obs_0000027389|obs_0000030081|obs_0000032772|obs_0000032140|obs_0000034445|obs_0000032276|obs_0000014231|obs_0000008104|obs_0000005295|obs_0000003531|obs_0000031052|obs_0000029400|obs_0000033258|obs_0000005487|obs_0000029052|obs_0000034053|obs_0000015115|obs_0000013584|obs_0000033196|obs_0000033576|obs_0000034859|obs_0000033457|obs_0000033848|obs_0000034242|obs_0000007505|obs_0000033366|obs_0000033117|obs_0000021251|obs_0000032778|obs_0000025255|obs_0000029739|obs_0000020432|obs_0000007295,obs_0000015110|obs_0000013583|obs_0000035064|obs_0000003229|obs_0000032800|obs_0000026145|obs_0000026277|obs_0000033577|obs_0000002346|obs_0000033454|obs_0000032945|obs_0000026566|obs_0000034658|obs_0000031852|obs_0000033019|obs_0000027389,,
DR OETKER,Die Ofenfrische oder Pizza Tradizionale,"€ 1,88",,"1 kg = 4,53 - 4,89","1 kg = 4,53 - 4,89",versch. Sorten,Nein,Dieses Angebot findest du vom 16.04. bis 22.04. in deiner Kaufland-Filiale.,2026-04-16,2026-04-22,../images/kaufland/kaufland_offer_151.jpg,"cat_tiefkuehl,sub_tk_pizza,tag_ultra_processed",,,ref_000094,obs_0000015400|obs_0000013589|obs_0000018915|obs_0000008848|obs_0000025467|obs_0000027576|obs_0000026395|obs_0000034602|obs_0000007037|obs_0000005764|obs_0000025445|obs_0000010530|obs_0000023186|obs_0000013341|obs_0000025810|obs_0000005867,obs_0000007037|obs_0000015400|obs_0000013589|obs_0000005764,,
MY PROJECT,Digitaler Drehmomentadapter,"€ 29,99",,"pro Einheit = 29,99","pro Einheit = 29,99","Mit LC-Display zur Anzeige des Drehmoments Drehmomentanzeige in Peak- und Trace-Modus Gewünschter Drehmoment einstellbar (20 - 200 Nm) Akustisches und optisches Bestätigungssignal Maßeinheiten Nm, lb-ft, lb-in, kg Für alle gängigen Ratschen mit Vierkantaufnahme Anzeigegenauigkeit 0,1 Nm An-/Abtriebsprofil Vierkant 1/2 Zoll Inkl. Adapter 1/2 auf 3/8 und 1/2 auf 1/4 Zoll Inkl. Box, Innensechskantschlüssel, Batterien 3 Jahre Garantie",Nein,Dieses Angebot findest du vom 16.04. bis 22.04. in deiner Kaufland-Filiale.,2026-04-16,2026-04-22,../images/kaufland/kaufland_offer_567.jpg,cat_non_food,,,ref_000095,obs_0000024834,obs_0000024834,,
Parkside,Digitales Kalibrier- Messwerkzeug PDKM A1,"€ 14,99",,"pro Einheit = 14,99","pro Einheit = 14,99","Für maßgenaues Schneiden ohne Ausmessen Geeignet für gängige Zug- und Kappsägen Gefederter Messarm mit Rolle Mit kräftigen Klemmen LED-Display für Schneidmaß und Batteriezustand Messgenauigkeit ± 0,5 mm Min. Höhe Anschlag 95 mm Inkl. Batterien 3 Jahre Garantie",Nein,Dieses Angebot findest du vom 16.04. bis 22.04. in deiner Kaufland-Filiale.,2026-04-16,2026-04-22,../images/kaufland/kaufland_offer_333.jpg,cat_non_food,,,ref_000096,obs_0000022765,obs_0000022765,,x
Keine Marke,Donut Schoko,"€ 0,44","€ 0,55","pro Einheit = 0,44","pro Einheit = 0,44",Hefeteiggebäck mit Kakaoglasur und Schokoladenstreuseln,Nein,Dieses Angebot findest du vom 16.04. bis 22.04. in deiner Kaufland-Filiale.,2026-04-16,2026-04-22,../images/kaufland/kaufland_offer_180.jpg,"cat_grundnahrung,diet_gluten_free,diet_lactose_free,diet_vegan,diet_vegetarian,tag_ultra_processed,tag_whole_food",,,ref_000097,obs_0000020072|obs_0000021677|obs_0000010049|obs_0000009597|obs_0000020891|obs_0000022561|obs_0000006257|obs_0000005308,,,
SWITCH ON,Doppel-Heißluftfritteuse SOHLFD 2600,"€ 69,99",,"pro Einheit = 69,99","pro Einheit = 69,99","Für die Zubereitung von 2 Gerichten gleichzeitig 2 Behälter für je ca. 4,35 l (ca. 640 g Pommes) Frittieren ohne zusätzliches Öl oder Fett Einfache Bedienung durch Easy-Touch-Display 11 Programme für Pommes, Pizza, Fleisch etc. Temperaturbereich 60 - 200 °C 60-min-Timer Garzonen separat steuerbar Sync-Finish: Zeitgleiche Fertigstellung Sync-Cook: Synchronisierung beider Garzonen Frittierbehälter/Trivets antihaftbeschichtet Frittierbehälter/Trivets spülmaschinengeeignet Größe ca. B 40 x H 30 x T 38 cm Leistung 2.600 W Inkl. 10 Rezeptvorschläge 3 Jahre Garantie",Nein,Dieses Angebot findest du vom 16.04. bis 22.04. in deiner Kaufland-Filiale.,2026-04-16,2026-04-22,../images/kaufland/kaufland_offer_322.jpg,cat_non_food,,,ref_000098,obs_0000001565|obs_0000024128|obs_0000004164|obs_0000026718|obs_0000003182|obs_0000016517|obs_0000008842|obs_0000023705|obs_0000022702|obs_0000022718|obs_0000018130|obs_0000000770|obs_0000025870|obs_0000002370|obs_0000005018|obs_0000018919|obs_0000004591|obs_0000023536,,,
FELIX,Doppelt lecker,"€ 1,99",,"1 kg = 2,49","1 kg = 2,49","Katzentrockenfutter, versch. Sorten",Nein,Dieses Angebot findest du vom 16.04. bis 22.04. in deiner Kaufland-Filiale.,2026-04-16,2026-04-22,../images/kaufland/kaufland_offer_316.jpg,"cat_drogerie,tag_ultra_processed",,,ref_000099,obs_0000013595|obs_0000032042,obs_0000013595,,
Parkside,Drahtbürsten- Polier-Set,"€ 3,99",,"pro Einheit = 32,00","pro Einheit = 32,00",Zum Bearbeiten von Metall und Stein 20 Polierscheiben 9 Drahtbürsten (3 Typen) 2 Aufnahmestifte 1 Tube Polierpaste (19 g) Für Geradschleifer mit Rundschaftaufnahme Drehzahl max. 15.000 min-1,Nein,Dieses Angebot findest du vom 16.04. bis 22.04. in deiner Kaufland-Filiale.,2026-04-16,2026-04-22,../images/kaufland/kaufland_offer_364.jpg,cat_non_food,,,ref_000100,,,,x
Keine Marke,Dtsch Multicolor-Salat,"€ 1,29","€ 1,49","pro Einheit = 1,29","pro Einheit = 1,29",Kl. I,Nein,Dieses Angebot findest du vom 16.04. bis 22.04. in deiner Kaufland-Filiale.,2026-04-16,2026-04-22,../images/kaufland/kaufland_offer_054.jpg,"cat_obst_gemuese,diet_gluten_free,diet_lactose_free,diet_vegan,diet_vegetarian,sub_frisches_gemuese,sub_salate,tag_whole_food",,,ref_000101,obs_0000011820|obs_0000011328|obs_0000012728|obs_0000016461|obs_0000021694|obs_0000014426|obs_0000013161|obs_0000015313|obs_0000025985,obs_0000011820|obs_0000011328,,
Keine Marke,Dtsch Rhabarber,"€ 2,99","€ 4,99","pro Einheit = 1,00","pro Einheit = 1,00",Kl. I,Nein,Dieses Angebot findest du vom 16.04. bis 22.04. in deiner Kaufland-Filiale.,2026-04-16,2026-04-22,../images/kaufland/kaufland_offer_073.jpg,"cat_obst_gemuese,diet_gluten_free,diet_lactose_free,diet_vegan,diet_vegetarian,sub_frisches_gemuese,tag_whole_food",,BLS-F081100,ref_000102,,,,
GRÜNLÄNDER,Dtsch Schnittkäse,"€ 1,11",,"pro Einheit = 100,00","pro Einheit = 100,00","mild-nussig, 48 % Fett i. Tr.",Nein,Dieses Angebot findest du vom 16.04. bis 22.04. in deiner Kaufland-Filiale.,2026-04-16,2026-04-22,../images/kaufland/kaufland_offer_144.jpg,"cat_molkerei_kaese,sub_kaese,sub_milchprodukte,tag_ultra_processed",,,ref_000103,obs_0000012331|obs_0000011357|obs_0000014959|obs_0000015689|obs_0000010264|obs_0000021017|obs_0000028709|obs_0000025651|obs_0000013876|obs_0000008758|obs_0000020198|obs_0000008439|obs_0000028921|obs_0000014122|obs_0000028586|obs_0000008137|obs_0000008191,obs_0000012331|obs_0000011357|obs_0000014959|obs_0000015689,,
Keine Marke,Dtsch ital Tafeläpfel rot,"€ 1,29","€ 1,99","pro Einheit = 1,00","pro Einheit = 1,00","Sorte laut Auszeichnung, Kl. I",Nein,Dieses Angebot findest du vom 16.04. bis 22.04. in deiner Kaufland-Filiale.,2026-04-16,2026-04-22,../images/kaufland/kaufland_offer_052.jpg,"cat_obst_gemuese,diet_gluten_free,diet_lactose_free,diet_vegan,diet_vegetarian,sub_exoten,sub_frisches_gemuese,sub_frisches_obst,tag_whole_food",,,ref_000104,obs_0000010985|obs_0000016116|obs_0000010507|obs_0000015237|obs_0000011338|obs_0000013601|obs_0000015650|obs_0000010975|obs_0000015715|obs_0000012188|obs_0000011827|obs_0000014420|obs_0000006960|obs_0000028684|obs_0000005704|obs_0000028564,obs_0000011338|obs_0000010985|obs_0000016116|obs_0000010507|obs_0000013601|obs_0000015237,,
Keine Marke,Dtsch niederl Zwiebeln rot,"€ 1,11","€ 1,29","pro Einheit = 1,00","pro Einheit = 1,00",Kl. I,Nein,Dieses Angebot findest du vom 20.04. bis 22.04. in deiner Kaufland-Filiale.,2026-04-20,2026-04-22,../images/kaufland/kaufland_offer_668.jpg,"cat_obst_gemuese,diet_gluten_free,diet_lactose_free,diet_vegan,diet_vegetarian,sub_frisches_gemuese,tag_whole_food",,,ref_000105,obs_0000014889|obs_0000012182|obs_0000012727|obs_0000015721|obs_0000013600|obs_0000010555|obs_0000015277|obs_0000010332|obs_0000033910|obs_0000027284|obs_0000019110|obs_0000009977|obs_0000008443|obs_0000009515|obs_0000025391|obs_0000027439|obs_0000008014|obs_0000026474|obs_0000028015|obs_0000028061|obs_0000027041,obs_0000014889|obs_0000012182|obs_0000012727,,
K-FAVOURITES,Dunkle Schokolade,"€ 1,39","€ 1,75","1 kg = 13,90","1 kg = 13,90","Edelbitter oder Edel-Zartbitter, versch. Sorten",Nein,Dieses Angebot findest du vom 16.04. bis 22.04. in deiner Kaufland-Filiale.,2026-04-16,2026-04-22,../images/kaufland/kaufland_offer_220.jpg,"cat_knabbern_naschen,diet_vegetarian,tag_ultra_processed",,BLS-S550000,ref_000106,obs_0000011783|obs_0000015893|obs_0000027700|obs_0000013879|obs_0000028232|obs_0000013394|obs_0000028244|obs_0000028249|obs_0000000091|obs_0000015454|obs_0000004705|obs_0000034408|obs_0000031849|obs_0000034411|obs_0000017539|obs_0000025221|obs_0000000138|obs_0000025739|obs_0000008861|obs_0000015026|obs_0000004278|obs_0000017595|obs_0000021699|obs_0000017605|obs_0000034013|obs_0000000230|obs_0000018155|obs_0000003326|obs_0000004873|obs_0000003851|obs_0000018698|obs_0000014104|obs_0000010522|obs_0000002336|obs_0000033056|obs_0000031011|obs_0000021291|obs_0000016691|obs_0000004446|obs_0000011112|obs_0000008595|obs_0000008610|obs_0000004019|obs_0000006579|obs_0000010166|obs_0000009149|obs_0000012219|obs_0000017857|obs_0000026556|obs_0000022979,,,
OLD SPICE,Duschgel,"€ 6,99",,"pro Einheit = 1,00","pro Einheit = 1,00",versch. Sorten,Nein,Dieses Angebot findest du vom 16.04. bis 22.04. in deiner Kaufland-Filiale.,2026-04-16,2026-04-22,../images/kaufland/kaufland_offer_305.jpg,"cat_drogerie,diet_gluten_free,diet_lactose_free,diet_vegan,diet_vegetarian",,,ref_000107,obs_0000013602|obs_0000011788|obs_0000017459|obs_0000015972|obs_0000031850|obs_0000008329|obs_0000015523|obs_0000026290|obs_0000031924|obs_0000026347|obs_0000028939|obs_0000035065|obs_0000028963|obs_0000014682|obs_0000009054|obs_0000011624|obs_0000013165|obs_0000026494|obs_0000011174|obs_0000032769|obs_0000009734|obs_0000032774|obs_0000032275|obs_0000032279|obs_0000009268|obs_0000033843|obs_0000033845|obs_0000033348|obs_0000006243|obs_0000012904|obs_0000005290|obs_0000012473|obs_0000029373|obs_0000005856|obs_0000007920|obs_0000015116|obs_0000006943|obs_0000032036|obs_0000028459|obs_0000007503|obs_0000014679|obs_0000030078|obs_0000032141|obs_0000034246|obs_0000007114|obs_0000010779|obs_0000005670|obs_0000010285|obs_0000034863|obs_0000032819,obs_0000011788|obs_0000017459|obs_0000015972|obs_0000031850|obs_0000008329|obs_0000015523|obs_0000026290|obs_0000031924|obs_0000026347|obs_0000033522|obs_0000028939|obs_0000035065|obs_0000013602|obs_0000028963|obs_0000014682|obs_0000009054|obs_0000011624|obs_0000013165|obs_0000026494|obs_0000011174,,
PICK,Echt ungar Salami,"€ 1,99","€ 3,49","pro Einheit = 100,00","pro Einheit = 100,00",würzig-aromatisch,Nein,Dieses Angebot findest du vom 16.04. bis 22.04. in deiner Kaufland-Filiale.,2026-04-16,2026-04-22,../images/kaufland/kaufland_offer_114.jpg,"cat_fleisch_wurst,sub_wurst,tag_ultra_processed",,,ref_000108,obs_0000012300|obs_0000013166|obs_0000013465|obs_0000011441|obs_0000002611|obs_0000010316|obs_0000014932|obs_0000019030|obs_0000028273|obs_0000005781|obs_0000023205|obs_0000003239|obs_0000019666|obs_0000016602|obs_0000008425|obs_0000003307|obs_0000021226|obs_0000002285|obs_0000011010|obs_0000025355|obs_0000026898|obs_0000017184|obs_0000007987|obs_0000025934|obs_0000008039|obs_0000016755|obs_0000034176|obs_0000002957|obs_0000020407|obs_0000016328|obs_0000017375|obs_0000031198|obs_0000010234,obs_0000012300|obs_0000013166,,
SPICE SOUL,Edelstahl-Schüsselset,"€ 7,99",,"pro Einheit = 3,00","pro Einheit = 3,00","Zum Zubereiten, Servieren und Aufbewahren Aus Edelstahl Mit Kunststoffdeckeln Temperaturbeständig von -20 bis 70 °C Ohne Deckel spülmaschinengeeignet Klein ca. Ø 14 x 7,8 cm (ca. 550 ml) Mittel ca. Ø 16 x 9 cm (ca. 850 ml) Groß ca. Ø 18 x 10 cm (ca. 1.300 ml)",Nein,Dieses Angebot findest du vom 16.04. bis 22.04. in deiner Kaufland-Filiale.,2026-04-16,2026-04-22,../images/kaufland/kaufland_offer_378.jpg,cat_non_food,,,ref_000109,obs_0000016017,obs_0000010830|obs_0000016017|obs_0000024394|obs_0000023967,,
BERCHTESGADENER LAND,Ein ganzer Karton Haltbare Berg- und Alpen-Vollmilch,"€ 5,55",,"1 l = 0,93","1 l = 0,93","3,5 % Fett",Nein,Dieses Angebot findest du vom 16.04. bis 22.04. in deiner Kaufland-Filiale.,2026-04-16,2026-04-22,../images/kaufland/kaufland_offer_128.jpg,"cat_molkerei_kaese,diet_vegetarian,sub_milchprodukte",,,ref_000110,obs_0000017035|obs_0000021774|obs_0000009242|obs_0000017308|obs_0000020674|obs_0000019041|obs_0000021493|obs_0000023288|obs_0000031903|obs_0000001050,,,
K-CLASSIC,Eintopf,"€ 1,59","€ 1,89","1 kg = 1,99","1 kg = 1,99","Hühnernudel-, Linsen-, Nudeleintopf ital. Art oder Bohnentopf mit weißen oder grünen Bohnen oder mexikan. Art",Nein,Dieses Angebot findest du vom 16.04. bis 22.04. in deiner Kaufland-Filiale.,2026-04-16,2026-04-22,../images/kaufland/kaufland_offer_166.jpg,"cat_grundnahrung,diet_gluten_free,diet_lactose_free,diet_vegan,diet_vegetarian,tag_ultra_processed,tag_whole_food",,BLS-H861100,ref_000111,obs_0000014982|obs_0000009646|obs_0000008055|obs_0000034827|obs_0000008449|obs_0000013608|obs_0000027989|obs_0000028413|obs_0000001972|obs_0000031018|obs_0000031329|obs_0000033814|obs_0000005169|obs_0000034197|obs_0000032417|obs_0000006123|obs_0000030714|obs_0000000614|obs_0000007000|obs_0000007571|obs_0000034687|obs_0000007029|obs_0000005196,obs_0000034827|obs_0000008449|obs_0000014982|obs_0000013608|obs_0000027989|obs_0000009646|obs_0000028413|obs_0000008055|obs_0000001972,,
K-PURLAND,Eisbein XXL,"€ 2,99",,"pro Einheit = 6,58","pro Einheit = 6,58",vom Schwein,Nein,Dieses Angebot findest du vom 16.04. bis 22.04. in deiner Kaufland-Filiale.,2026-04-16,2026-04-22,../images/kaufland/kaufland_offer_083.jpg,"cat_fleisch_wurst,diet_gluten_free,diet_lactose_free,sub_rind,sub_schwein,tag_high_protein,tag_proteinreich,tag_whole_food",,,ref_000112,obs_0000009483|obs_0000014447|obs_0000009250|obs_0000012763|obs_0000013967,obs_0000014447,,
L'Oréal Paris,Elvital Shampoo oder Spülung,"€ 2,99",,"1 l = 9,97 - 11,96","1 l = 9,97 - 11,96",versch. Sorten,Nein,Dieses Angebot findest du vom 16.04. bis 22.04. in deiner Kaufland-Filiale.,2026-04-16,2026-04-22,../images/kaufland/kaufland_offer_294.jpg,cat_drogerie,,,ref_000113,obs_0000010773|obs_0000012696|obs_0000013613|obs_0000015098|obs_0000011609|obs_0000012017|obs_0000012465|obs_0000012896|obs_0000013405|obs_0000015518|obs_0000016129|obs_0000033191|obs_0000008625|obs_0000016820|obs_0000019771|obs_0000012018|obs_0000005485|obs_0000005852|obs_0000006589|obs_0000007501|obs_0000015963|obs_0000005296|obs_0000006051|obs_0000033849|obs_0000006246|obs_0000032840|obs_0000032877|obs_0000033059|obs_0000033092|obs_0000033133|obs_0000033168|obs_0000000446|obs_0000033215|obs_0000033227|obs_0000033237|obs_0000033244|obs_0000033372|obs_0000033398|obs_0000033460|obs_0000033529|obs_0000033623|obs_0000033649|obs_0000009325|obs_0000034052|obs_0000009494|obs_0000034239|obs_0000009796|obs_0000009955|obs_0000034662|obs_0000001916,obs_0000010773|obs_0000012696|obs_0000005296|obs_0000013613|obs_0000006051|obs_0000015098,,x
K-CLASSIC,Emmentaler XXL,"€ 2,99",,"1 kg = 5,98","1 kg = 5,98","gerieben, 45 % Fett i. Tr.",Nein,Dieses Angebot findest du vom 16.04. bis 22.04. in deiner Kaufland-Filiale.,2026-04-16,2026-04-22,../images/kaufland/kaufland_offer_136.jpg,"cat_molkerei_kaese,sub_kaese,sub_milchprodukte,tag_ultra_processed,tag_whole_food",,,ref_000114,obs_0000011890|obs_0000009063|obs_0000025531|obs_0000001559|obs_0000010030|obs_0000018426|obs_0000018479|obs_0000002340|obs_0000003417|obs_0000012763|obs_0000022007|obs_0000013967|obs_0000022237|obs_0000031831|obs_0000031880,obs_0000009063|obs_0000011890,,
EFFECT,Energy Drink,"€ 0,65",,"1 l = 1,97","1 l = 1,97","taurin- und koffeinhaltig, versch. Sorten (+ 0.25 Pfand)",Nein,Dieses Angebot findest du vom 16.04. bis 22.04. in deiner Kaufland-Filiale.,2026-04-16,2026-04-22,../images/kaufland/kaufland_offer_278.jpg,"cat_getraenke,tag_ultra_processed",,,ref_000115,obs_0000011355|obs_0000031887|obs_0000026886|obs_0000010758|obs_0000022027|obs_0000028180|obs_0000016414|obs_0000020512|obs_0000026684|obs_0000021058|obs_0000011333|obs_0000024154|obs_0000002158|obs_0000026742|obs_0000018063|obs_0000017046|obs_0000025242|obs_0000002214|obs_0000013993|obs_0000027310|obs_0000023733|obs_0000000193|obs_0000004816|obs_0000033497|obs_0000027877|obs_0000026353|obs_0000019186|obs_0000008960|obs_0000025348|obs_0000023301|obs_0000020239|obs_0000018194|obs_0000004389|obs_0000028455|obs_0000024876|obs_0000013614|obs_0000000304|obs_0000034110|obs_0000010050|obs_0000014658|obs_0000022864|obs_0000021331|obs_0000021846|obs_0000018775|obs_0000028526|obs_0000013175|obs_0000003962|obs_0000001917|obs_0000027531|obs_0000009616,obs_0000010758|obs_0000022027|obs_0000028180|obs_0000016414|obs_0000020512|obs_0000026684|obs_0000021058|obs_0000011333|obs_0000006727|obs_0000024154|obs_0000011355|obs_0000002158|obs_0000026742|obs_0000018063|obs_0000031887|obs_0000017046|obs_0000025242|obs_0000002214|obs_0000013993|obs_0000027310|obs_0000023733|obs_0000000193|obs_0000005828|obs_0000004816|obs_0000033497|obs_0000027877|obs_0000026353|obs_0000019186|obs_0000008960|obs_0000025348|obs_0000023301|obs_0000026886|obs_0000020239|obs_0000018194|obs_0000029976|obs_0000004389|obs_0000028455|obs_0000024876|obs_0000013614|obs_0000000304|obs_0000034110|obs_0000010050|obs_0000014658|obs_0000022864|obs_0000021331|obs_0000021846|obs_0000018775|obs_0000028526|obs_0000013175|obs_0000003962,,
GÖNRGY,Energy Drink by MontanaBlack,"€ 1,29","€ 1,49","1 l = 2,58","1 l = 2,58","versch. Sorten, mit und ohne Zucker, taurin- und koffeinhaltig (+ 0.25 Pfand)",Nein,Dieses Angebot findest du vom 16.04. bis 22.04. in deiner Kaufland-Filiale.,2026-04-16,2026-04-22,../images/kaufland/kaufland_offer_277.jpg,"cat_getraenke,tag_ultra_processed",,,ref_000116,obs_0000015094|obs_0000026684|obs_0000008686|obs_0000010758|obs_0000022027|obs_0000028180|obs_0000016414|obs_0000020512|obs_0000021058|obs_0000011333|obs_0000024154|obs_0000011355|obs_0000002158|obs_0000026742|obs_0000018063|obs_0000031887|obs_0000017046|obs_0000025242|obs_0000002214|obs_0000013993|obs_0000027310|obs_0000023733|obs_0000000193|obs_0000004816|obs_0000033497|obs_0000027877|obs_0000026353|obs_0000019186|obs_0000008960|obs_0000025348|obs_0000023301|obs_0000026886|obs_0000020239|obs_0000018194|obs_0000004389|obs_0000028455|obs_0000024876|obs_0000013614|obs_0000000304|obs_0000034110|obs_0000010050|obs_0000014658|obs_0000022864|obs_0000021331|obs_0000021846|obs_0000018775|obs_0000028526|obs_0000013175|obs_0000003962|obs_0000001917,obs_0000015094|obs_0000008686,,
K-WERTSCHÄTZE,Entrec te vom Jungbullen,"€ 26,90","€ 32,90","pro Einheit = 26,90","pro Einheit = 26,90","vom Jungbullen, mariniert",Nein,Dieses Angebot findest du vom 16.04. bis 22.04. in deiner Kaufland-Filiale.,2026-04-16,2026-04-22,../images/kaufland/kaufland_offer_108.jpg,"cat_fleisch_wurst,sub_rind",,,ref_000117,obs_0000011426|obs_0000013615|obs_0000030463|obs_0000015746|obs_0000031116|obs_0000015347,obs_0000011426|obs_0000013615,,
Keine Marke,Erdbeer- oder Gemüsepflanzen,"€ 2,69",,"pro Einheit = 2,69","pro Einheit = 2,69","versch. Varianten und Sorten, als 6er-, 12er-Pack odedr Einzeltopf Ø 9 cm, ab 1,19€",Nein,Dieses Angebot findest du vom 16.04. bis 22.04. in deiner Kaufland-Filiale.,2026-04-16,2026-04-22,../images/kaufland/kaufland_offer_057.jpg,"cat_obst_gemuese,diet_gluten_free,diet_lactose_free,diet_vegan,diet_vegetarian,sub_tk_gemuese,tag_ultra_processed,tag_whole_food",,,ref_000118,,,,
ÜLTJE,Erdnüsse,"€ 1,49",,"1 kg = 7,45","1 kg = 7,45",geröstet und gesalzen,Nein,Dieses Angebot findest du vom 16.04. bis 22.04. in deiner Kaufland-Filiale.,2026-04-16,2026-04-22,../images/kaufland/kaufland_offer_215.jpg,"cat_knabbern_naschen,diet_gluten_free,diet_lactose_free,diet_vegan,diet_vegetarian,sub_huelsenfruechte,tag_high_protein,tag_proteinreich",,BLS-Q210000,ref_000119,obs_0000000013|obs_0000003728|obs_0000011550|obs_0000008481|obs_0000001319|obs_0000013618|obs_0000027959|obs_0000019397|obs_0000019492|obs_0000026796|obs_0000032179|obs_0000031681|obs_0000026308|obs_0000027867|obs_0000010727|obs_0000018211|obs_0000028549|obs_0000028666|obs_0000018565|obs_0000003465|obs_0000009228|obs_0000022799|obs_0000008092|obs_0000004647|obs_0000022065|obs_0000007489|obs_0000010439|obs_0000006602|obs_0000030669|obs_0000005074|obs_0000012244|obs_0000018136|obs_0000006234|obs_0000026588|obs_0000015325|obs_0000008186|obs_0000000481|obs_0000027115|obs_0000030315|obs_0000009709|obs_0000004220|obs_0000007188|obs_0000001449|obs_0000008876|obs_0000001722|obs_0000031609,obs_0000000013|obs_0000003728|obs_0000011550|obs_0000008481|obs_0000019492|obs_0000001319|obs_0000026796|obs_0000013618|obs_0000032179|obs_0000027959|obs_0000031681|obs_0000007489|obs_0000026308|obs_0000019397|obs_0000030669|obs_0000006234|obs_0000027867|obs_0000010727,,
K-CLASSIC,Erdnüsse im Paprika-Knuspermantel,"€ 0,89","€ 1,19","1 kg = 4,45","1 kg = 4,45",im Paprika-Knuspermantel,Nein,Dieses Angebot findest du vom 20.04. bis 22.04. in deiner Kaufland-Filiale.,2026-04-20,2026-04-22,../images/kaufland/kaufland_offer_683.jpg,"cat_knabbern_naschen,diet_gluten_free,diet_lactose_free,diet_vegan,diet_vegetarian,sub_huelsenfruechte,tag_high_protein,tag_ultra_processed,tag_whole_food",,,ref_000120,obs_0000010727|obs_0000000013|obs_0000026796|obs_0000008481|obs_0000031681|obs_0000019397|obs_0000019492|obs_0000027867|obs_0000011550|obs_0000001319|obs_0000013618|obs_0000027959|obs_0000032179|obs_0000003728|obs_0000026308,,,
COCA-COLA oder FANTA,Erfrischungsgetränk,"€ 3,60","€ 4,49","1 l = 1,82","1 l = 1,82","z. T. koffeinhaltig, Cola auch als Zero (+ 1.50 Pfand)",Nein,Dieses Angebot findest du vom 16.04. bis 22.04. in deiner Kaufland-Filiale.,2026-04-16,2026-04-22,../images/kaufland/kaufland_offer_232.jpg,"cat_getraenke,tag_ultra_processed",,,ref_000121,obs_0000013619|obs_0000011968|obs_0000011154|obs_0000017948|obs_0000010013|obs_0000014624|obs_0000015906|obs_0000009895|obs_0000009513|obs_0000022058|obs_0000022185|obs_0000023728|obs_0000008378|obs_0000023744|obs_0000015052|obs_0000023247|obs_0000009431|obs_0000024155|obs_0000012664|obs_0000024168|obs_0000010736|obs_0000015479|obs_0000018552|obs_0000013177|obs_0000012413|obs_0000012451|obs_0000011560|obs_0000013620|obs_0000014659|obs_0000010759|obs_0000026061|obs_0000014298|obs_0000006024|obs_0000005272|obs_0000015296|obs_0000016089|obs_0000012000|obs_0000007679|obs_0000006900,obs_0000011154|obs_0000017948|obs_0000010013|obs_0000014624|obs_0000015906|obs_0000009895|obs_0000011560|obs_0000009513|obs_0000022058|obs_0000022185|obs_0000023728|obs_0000013619|obs_0000008378|obs_0000011968|obs_0000023744|obs_0000015052|obs_0000023247|obs_0000009431|obs_0000024155|obs_0000012664|obs_0000024168|obs_0000010736|obs_0000015479|obs_0000018552|obs_0000013177|obs_0000012413,,
PEPSI oder SCHWIP SCHWAP,Erfrischungsgetränk XXL,"€ 0,99",,"1 l = 0,57","1 l = 0,57",Schwip Schwap Zero oder versch. Sorten Pepsi (+ 0.25 Pfand),Nein,Dieses Angebot findest du vom 16.04. bis 22.04. in deiner Kaufland-Filiale.,2026-04-16,2026-04-22,../images/kaufland/kaufland_offer_233.jpg,"cat_getraenke,tag_ultra_processed",,,ref_000122,obs_0000012664|obs_0000010736|obs_0000015906|obs_0000018552|obs_0000012413|obs_0000008378|obs_0000014624|obs_0000012763|obs_0000015052|obs_0000023247|obs_0000013177|obs_0000011154|obs_0000015479|obs_0000023728|obs_0000023744|obs_0000009431|obs_0000009513|obs_0000013619|obs_0000017948|obs_0000022058|obs_0000024155|obs_0000024168|obs_0000013967|obs_0000009895|obs_0000022185|obs_0000011968|obs_0000010013,obs_0000018552|obs_0000012413|obs_0000008378|obs_0000014624|obs_0000012664|obs_0000010736|obs_0000015052|obs_0000023247|obs_0000013177|obs_0000011154|obs_0000015479|obs_0000023728|obs_0000023744|obs_0000009431|obs_0000009513|obs_0000013619|obs_0000017948|obs_0000015906|obs_0000022058|obs_0000024155|obs_0000024168|obs_0000009895|obs_0000022185|obs_0000011968|obs_0000010013,,
SAN MIGUEL,Especial,"€ 11,99",,"1 l = 1,52","1 l = 1,52",span. Pils (+ 3.42 Pfand),Nein,Dieses Angebot findest du vom 16.04. bis 22.04. in deiner Kaufland-Filiale.,2026-04-16,2026-04-22,../images/kaufland/kaufland_offer_271.jpg,cat_getraenke,,,ref_000123,obs_0000015937|obs_0000014346|obs_0000015087|obs_0000035032|obs_0000011993|obs_0000014655|obs_0000027593|obs_0000032478,obs_0000015937|obs_0000014346|obs_0000015087|obs_0000035032|obs_0000011993|obs_0000014655,,
KERRYGOLD,Extra,"€ 1,99",,"1 kg = 7,96","1 kg = 7,96","aus irischer Butter und wertvollem Rapsöl, gesalzen oder ungesalzen",Nein,Dieses Angebot findest du vom 16.04. bis 22.04. in deiner Kaufland-Filiale.,2026-04-16,2026-04-22,../images/kaufland/kaufland_offer_127.jpg,"cat_molkerei_kaese,diet_gluten_free,diet_lactose_free,diet_vegan,diet_vegetarian,sub_fleischersatz,sub_tk_gemuese,tag_high_protein",,,ref_000124,obs_0000014367|obs_0000013624|obs_0000012176|obs_0000002069|obs_0000015501|obs_0000012446|obs_0000015088|obs_0000019269|obs_0000011593|obs_0000013180|obs_0000018461|obs_0000009892|obs_0000000170|obs_0000009428|obs_0000019705|obs_0000027421|obs_0000021993|obs_0000021023|obs_0000028744|obs_0000020612|obs_0000015009|obs_0000030908|obs_0000026852|obs_0000009965|obs_0000020204|obs_0000009504|obs_0000008483|obs_0000035092|obs_0000028478|obs_0000032079|obs_0000022357|obs_0000026966|obs_0000019801|obs_0000022375|obs_0000014194|obs_0000012688|obs_0000030610|obs_0000029096|obs_0000021431|obs_0000010707|obs_0000031242|obs_0000033806|obs_0000000536|obs_0000025631|obs_0000015395|obs_0000009772|obs_0000012351|obs_0000019007|obs_0000028231|obs_0000000095,obs_0000002069|obs_0000014367|obs_0000015501|obs_0000012446|obs_0000015088|obs_0000013624|obs_0000019269|obs_0000011593|obs_0000032079|obs_0000013180|obs_0000012176|obs_0000029096,,
Nescaf,Farmers Origins Kaffeekapseln,"€ 2,49","€ 2,99","1 kg = 56,60","1 kg = 56,60","versch. Sorten, ideal für Nespresso-Maschinen",Nein,Dieses Angebot findest du vom 16.04. bis 22.04. in deiner Kaufland-Filiale.,2026-04-16,2026-04-22,../images/kaufland/kaufland_offer_209.jpg,"cat_knabbern_naschen,diet_gluten_free,diet_lactose_free,diet_vegan,diet_vegetarian,tag_ultra_processed",,,ref_000125,obs_0000004360|obs_0000003109|obs_0000009891|obs_0000015659|obs_0000004787|obs_0000008119|obs_0000013263|obs_0000009427|obs_0000001754|obs_0000001755|obs_0000003933|obs_0000011105|obs_0000001778|obs_0000001779,,,x
HOMANN,Feinkostsalat,"€ 1,99","€ 2,59","1 kg = 4,98","1 kg = 4,98",Pellkartoffelsalat mit Ei & Gurke oder Nudelsalat mit Schinkenwurst & Ei,Nein,Dieses Angebot findest du vom 16.04. bis 22.04. in deiner Kaufland-Filiale.,2026-04-16,2026-04-22,../images/kaufland/kaufland_offer_161.jpg,"cat_grundnahrung,diet_gluten_free,diet_lactose_free,diet_vegan,diet_vegetarian,sub_frisches_gemuese,sub_salate,tag_whole_food",,,ref_000126,obs_0000016105|obs_0000000908|obs_0000034765|obs_0000014526|obs_0000013183|obs_0000034340|obs_0000034940|obs_0000033951,obs_0000016105|obs_0000000908|obs_0000034765|obs_0000014526|obs_0000013183,,
Keine Marke,Fensterbrett Frischluft,"€ 24,99","€ 49,99","pro Einheit = 24,99","pro Einheit = 24,99",Die erste mobile Fensterbank Ohne Kleben/Bohren am Fensterrahmen montierbar Variable Breite (65 - 107 cm),Nein,Dieses Angebot findest du vom 16.04. bis 22.04. in deiner Kaufland-Filiale.,2026-04-16,2026-04-22,../images/kaufland/kaufland_offer_534.jpg,"cat_obst_gemuese,diet_gluten_free,diet_lactose_free,diet_vegan,diet_vegetarian,tag_whole_food",,,ref_000127,,,,
FROSTA,Fertiggericht XXL,"€ 3,99",,"1 kg = 4,99","1 kg = 4,99",versch. Sorten,Nein,Dieses Angebot findest du vom 16.04. bis 22.04. in deiner Kaufland-Filiale.,2026-04-16,2026-04-22,../images/kaufland/kaufland_offer_149.jpg,"cat_tiefkuehl,sub_tk_fertiggerichte,tag_ultra_processed",,,ref_000128,obs_0000019329|obs_0000009331|obs_0000009803|obs_0000018132|obs_0000019308|obs_0000012670|obs_0000010919|obs_0000013186|obs_0000015278|obs_0000013632|obs_0000001537|obs_0000006306|obs_0000012763|obs_0000010900|obs_0000011360|obs_0000023662|obs_0000023763|obs_0000024188|obs_0000013967|obs_0000014071|obs_0000012214,obs_0000012670|obs_0000010919|obs_0000019308|obs_0000019329|obs_0000013186|obs_0000015278|obs_0000009331|obs_0000005393|obs_0000013632|obs_0000005585|obs_0000001537|obs_0000009803|obs_0000018132,,
PAMPERS,Feuchttücher,"€ 11,99","€ 13,45","pro Einheit = 0,03","pro Einheit = 0,03",Fresh Clean oder Sensitive,Nein,Dieses Angebot findest du vom 16.04. bis 22.04. in deiner Kaufland-Filiale.,2026-04-16,2026-04-22,../images/kaufland/kaufland_offer_293.jpg,cat_drogerie,,BLS-S118000,ref_000129,obs_0000013188|obs_0000008309|obs_0000012889|obs_0000010499|obs_0000009745|obs_0000011164|obs_0000009282|obs_0000030080|obs_0000033475|obs_0000019197,obs_0000013188|obs_0000017340|obs_0000012889|obs_0000008309|obs_0000030080,,
ANAF,Feuerlöscher PS1-X ABC,"€ 9,99",,"pro Einheit = 1,00","pro Einheit = 1,00","ABC-Pulver Funktionsbereich von -30 bis +60 °C Auch an elektrischen Anlagen einsetzbar (bis 1.000 V, Mindestabstand 1 m) Prüf- und nachfüllbar Entspricht DIN EN3 und PED 2014/68/EU Ideal für Haushalt, Auto, Boot und Camping Inkl. Kfz-Halterung mit Spannband",Nein,Dieses Angebot findest du vom 16.04. bis 22.04. in deiner Kaufland-Filiale.,2026-04-16,2026-04-22,../images/kaufland/kaufland_offer_321.jpg,"cat_non_food,diet_vegetarian",,,ref_000130,obs_0000012497|obs_0000014869|obs_0000010102|obs_0000000563,obs_0000012497|obs_0000014869|obs_0000010102,,
HERTA,Finesse Aufschnitt,"€ 1,29",,"1 kg = 12,90","1 kg = 12,90","Puten- oder Hähnchenbrust oder Schinken, versch. Sorten",Nein,Dieses Angebot findest du vom 16.04. bis 22.04. in deiner Kaufland-Filiale.,2026-04-16,2026-04-22,../images/kaufland/kaufland_offer_097.jpg,"cat_fleisch_wurst,sub_wurst,tag_ultra_processed",,,ref_000131,obs_0000014378|obs_0000010437|obs_0000012666|obs_0000015760|obs_0000024171|obs_0000020077|obs_0000002709|obs_0000023749|obs_0000023266|obs_0000021835|obs_0000020896|obs_0000032367|obs_0000030157|obs_0000031285|obs_0000001982,obs_0000014378|obs_0000032367|obs_0000010437|obs_0000012666|obs_0000015760|obs_0000030157,,
K-CLASSIC,Fischstäbchen XXL,"€ 3,99",,"1 kg = 4,44","1 kg = 4,44","aus 100 % Alaska-Seelachsfilet, knusprig paniert, praktisch grätenfrei",Nein,Dieses Angebot findest du vom 16.04. bis 22.04. in deiner Kaufland-Filiale.,2026-04-16,2026-04-22,../images/kaufland/kaufland_offer_156.jpg,"cat_tiefkuehl,sub_tk_fertiggerichte,tag_ultra_processed",,,ref_000132,obs_0000011904|obs_0000016574|obs_0000017244|obs_0000018467|obs_0000028007|obs_0000022596|obs_0000025168|obs_0000017420|obs_0000033884|obs_0000034006|obs_0000009455|obs_0000026262|obs_0000009919|obs_0000010512|obs_0000027473|obs_0000019723|obs_0000019848|obs_0000028371|obs_0000012340|obs_0000020780|obs_0000012763|obs_0000012822|obs_0000021599|obs_0000013967|obs_0000022963|obs_0000008173,obs_0000016574|obs_0000017244|obs_0000018467|obs_0000028007|obs_0000011904|obs_0000022596,,
MY PROJECT,Flachbalkenwischer 530 450,"€ 4,99","€ 9,99","pro Einheit = 2,00","pro Einheit = 2,00",Qualitätsprodukt von deutschem Erstausrüster Leises Wischen durch flexiblen Gummirücken Minimale Windgeräusche dank integriertem Spoiler Leichtlaufbeschichtung für perfekte Reinigung Verschleißfeste Wischkante Gleichmäßiger Anpressdruck Einfache Montage Zum Nachrüsten älterer Fahrzeugtypen geeignet Größen 530 und 450 mm Exakte Typenzuordnung auf der Verpackung,Nein,Dieses Angebot findest du vom 16.04. bis 22.04. in deiner Kaufland-Filiale.,2026-04-16,2026-04-22,../images/kaufland/kaufland_offer_557.jpg,cat_non_food,,,ref_000133,obs_0000024861|obs_0000018541,,,
MY PROJECT,Flachbalkenwischer 530 475,"€ 4,99","€ 9,99","pro Einheit = 2,00","pro Einheit = 2,00",Qualitätsprodukt von deutschem Erstausrüster Leises Wischen durch flexiblen Gummirücken Minimale Windgeräusche dank integriertem Spoiler Leichtlaufbeschichtung für perfekte Reinigung Verschleißfeste Wischkante Gleichmäßiger Anpressdruck Einfache Montage Zum Nachrüsten älterer Fahrzeugtypen geeignet Größen 530 und 475 mm Exakte Typenzuordnung auf der Verpackung,Nein,Dieses Angebot findest du vom 16.04. bis 22.04. in deiner Kaufland-Filiale.,2026-04-16,2026-04-22,../images/kaufland/kaufland_offer_558.jpg,cat_non_food,,,ref_000134,obs_0000024861|obs_0000018541,,,
MY PROJECT,Flachbalkenwischer 600 400,"€ 4,99","€ 9,99","pro Einheit = 2,00","pro Einheit = 2,00",Qualitätsprodukt von deutschem Erstausrüster Leises Wischen durch flexiblen Gummirücken Minimale Windgeräusche dank integriertem Spoiler Leichtlaufbeschichtung für perfekte Reinigung Verschleißfeste Wischkante Gleichmäßiger Anpressdruck Einfache Montage Zum Nachrüsten älterer Fahrzeugtypen geeignet Größen 600 und 400 mm Exakte Typenzuordnung auf der Verpackung,Nein,Dieses Angebot findest du vom 16.04. bis 22.04. in deiner Kaufland-Filiale.,2026-04-16,2026-04-22,../images/kaufland/kaufland_offer_554.jpg,cat_non_food,,,ref_000135,obs_0000018541|obs_0000024861,,,
MY PROJECT,Flachbalkenwischer 600 450,"€ 4,99","€ 9,99","pro Einheit = 2,00","pro Einheit = 2,00",Qualitätsprodukt von deutschem Erstausrüster Leises Wischen durch flexiblen Gummirücken Minimale Windgeräusche dank integriertem Spoiler Leichtlaufbeschichtung für perfekte Reinigung Verschleißfeste Wischkante Gleichmäßiger Anpressdruck Einfache Montage Zum Nachrüsten älterer Fahrzeugtypen geeignet Größen 600 und 450 mm Exakte Typenzuordnung auf der Verpackung,Nein,Dieses Angebot findest du vom 16.04. bis 22.04. in deiner Kaufland-Filiale.,2026-04-16,2026-04-22,../images/kaufland/kaufland_offer_556.jpg,cat_non_food,,,ref_000136,obs_0000018541|obs_0000024861,,,
MY PROJECT,Flachbalkenwischer 600 475,"€ 4,99","€ 9,99","pro Einheit = 2,00","pro Einheit = 2,00",Qualitätsprodukt von deutschem Erstausrüster Leises Wischen durch flexiblen Gummirücken Minimale Windgeräusche dank integriertem Spoiler Leichtlaufbeschichtung für perfekte Reinigung Verschleißfeste Wischkante Gleichmäßiger Anpressdruck Einfache Montage Zum Nachrüsten älterer Fahrzeugtypen geeignet Größen 600 und 475 mm Exakte Typenzuordnung auf der Verpackung,Nein,Dieses Angebot findest du vom 16.04. bis 22.04. in deiner Kaufland-Filiale.,2026-04-16,2026-04-22,../images/kaufland/kaufland_offer_555.jpg,cat_non_food,,,ref_000137,obs_0000018541|obs_0000024861,,,
Parkside,Flachverbinder ca 70 x 50 x 16 cm,"€ 1,99",,"pro Einheit = 8,00","pro Einheit = 8,00","Aus Stahl, verzinkt Größe je ca. 70 x 50 x 16 mm Inkl. 48 Schrauben",Nein,Dieses Angebot findest du vom 16.04. bis 22.04. in deiner Kaufland-Filiale.,2026-04-16,2026-04-22,../images/kaufland/kaufland_offer_352.jpg,cat_non_food,,,ref_000138,,,,x
Parkside,Flachverbinder ca 80 x 15 mm,"€ 1,99",,"pro Einheit = 12,00","pro Einheit = 12,00","Aus Stahl, verzinkt Größe je ca. 80 x 15 mm Inkl. 48 Schrauben",Nein,Dieses Angebot findest du vom 16.04. bis 22.04. in deiner Kaufland-Filiale.,2026-04-16,2026-04-22,../images/kaufland/kaufland_offer_353.jpg,cat_non_food,,,ref_000139,obs_0000022895|obs_0000023263,,,x
Parkside,Flachverbinder ca 98 x 15 mm,"€ 1,99",,"pro Einheit = 8,00","pro Einheit = 8,00","Aus Stahl, verzinkt Größe je ca. 98 x 15 mm Inkl. 32 Schrauben",Nein,Dieses Angebot findest du vom 16.04. bis 22.04. in deiner Kaufland-Filiale.,2026-04-16,2026-04-22,../images/kaufland/kaufland_offer_351.jpg,cat_non_food,,,ref_000140,obs_0000022895|obs_0000023263,,,x
Parkside,Flachwinkel ca 60 x 60 x 10 mm,"€ 1,99",,"pro Einheit = 8,00","pro Einheit = 8,00","Aus Stahl, verzinkt Größe je ca. 60 x 60 x 10 mm Inkl. 32 Schrauben",Nein,Dieses Angebot findest du vom 16.04. bis 22.04. in deiner Kaufland-Filiale.,2026-04-16,2026-04-22,../images/kaufland/kaufland_offer_354.jpg,cat_non_food,,,ref_000141,,,,x
ACE,Fleckenentferner,"€ 3,99",,"1 l = 2,00","1 l = 2,00",für Farben und Feines,Nein,Dieses Angebot findest du vom 16.04. bis 22.04. in deiner Kaufland-Filiale.,2026-04-16,2026-04-22,../images/kaufland/kaufland_offer_284.jpg,"cat_drogerie,diet_lactose_free,diet_vegan,diet_vegetarian,tag_ultra_processed",,,ref_000142,obs_0000013635|obs_0000012005,obs_0000013635|obs_0000012005,,
HEIDEGRUND,Fleischwurst,"€ 1,99","€ 2,65","1 kg = 3,98","1 kg = 3,98",auch mit Knoblauch verfeinert,Nein,Dieses Angebot findest du vom 16.04. bis 22.04. in deiner Kaufland-Filiale.,2026-04-16,2026-04-22,../images/kaufland/kaufland_offer_093.jpg,"cat_fleisch_wurst,sub_schwein,sub_wurst,tag_ultra_processed",,BLS-W234000,ref_000143,obs_0000008871|obs_0000034703|obs_0000034472|obs_0000014928|obs_0000011863|obs_0000027764|obs_0000011850|obs_0000001022|obs_0000001812|obs_0000034593|obs_0000001753|obs_0000008668|obs_0000001768|obs_0000028660|obs_0000027638|obs_0000033916|obs_0000001790|obs_0000028543|obs_0000001024|obs_0000021765|obs_0000031245|obs_0000030484|obs_0000030485|obs_0000020644|obs_0000007216|obs_0000006329|obs_0000024646|obs_0000007623|obs_0000031486|obs_0000005968|obs_0000019414|obs_0000021463|obs_0000032348|obs_0000025459|obs_0000032374|obs_0000031485|obs_0000011433,obs_0000034703|obs_0000008871|obs_0000034472|obs_0000011850|obs_0000014928|obs_0000011863|obs_0000027764,,
Parkside,Flächenspachtel,"€ 1,99",,"pro Einheit = 1,99","pro Einheit = 1,99",Zum Auftragen von Putz auf versch. Untergründe Ergonomisch geformter 2-Komponenten-Griff Mit Aufhänge-Loch Klingenbreite ca. 30 cm 3 Jahre Garantie,Nein,Dieses Angebot findest du vom 16.04. bis 22.04. in deiner Kaufland-Filiale.,2026-04-16,2026-04-22,../images/kaufland/kaufland_offer_356.jpg,cat_non_food,,,ref_000144,,,,x
LEIFHEIT,Flügelwäschetrockner Pegasus 180 solid,"€ 27,99","€ 49,99","pro Einheit = 27,99","pro Einheit = 27,99","Aus pulverbeschichtetem Metall und Kunststoff Flügelhöhe ca. 105 cm Trockenlänge ca. 18 m Mit 2 Kleinteilehaltern für Socken, Slips etc. Platzsparend zusammenklappbar Größe ca. B 157 x H 87 x T 66 cm",Nein,Dieses Angebot findest du vom 16.04. bis 22.04. in deiner Kaufland-Filiale.,2026-04-16,2026-04-22,../images/kaufland/kaufland_offer_407.jpg,"cat_non_food,sub_wurst,tag_ultra_processed",,,ref_000145,obs_0000015175|obs_0000028208,,,
SWITCH ON,Folienrollen für Vakuumierer breit,"€ 2,99","€ 7,99","pro Einheit = 1,78","pro Einheit = 1,78","Strukturierte Folie für optimales Vakuum Zum aroma-, luft- und wasserdichten Konservieren Für schonendes Sous-vide-Garen geeignet Hitze- und kältebeständig (-20 bis +110 °C) Bedingt mikrowellengeeignet (max. 900 W/70 °C) Breite ca. 28 cm Länge je 3 m",Nein,Dieses Angebot findest du vom 16.04. bis 22.04. in deiner Kaufland-Filiale.,2026-04-16,2026-04-22,../images/kaufland/kaufland_offer_327.jpg,cat_non_food,,,ref_000146,obs_0000011206|obs_0000008324|obs_0000011222|obs_0000023107|obs_0000023109|obs_0000027267|obs_0000025755|obs_0000027897|obs_0000018909,obs_0000023107|obs_0000008324|obs_0000011206,,
SWITCH ON,Folienrollen für Vakuumierer schmal,"€ 2,99","€ 7,99","pro Einheit = 1,67","pro Einheit = 1,67","Strukturierte Folie für optimales Vakuum Zum aroma-, luft- und wasserdichten Konservieren Für schonendes Sous-vide-Garen geeignet Hitze- und kältebeständig (-20 bis +110 °C) Bedingt mikrowellengeeignet (max. 900 W/70 °C) Breite ca. 20 cm Länge je 3 m",Nein,Dieses Angebot findest du vom 16.04. bis 22.04. in deiner Kaufland-Filiale.,2026-04-16,2026-04-22,../images/kaufland/kaufland_offer_328.jpg,cat_non_food,,,ref_000147,obs_0000011222|obs_0000008324|obs_0000011206|obs_0000023107|obs_0000023109|obs_0000027267|obs_0000025755|obs_0000027897|obs_0000018909,obs_0000008324|obs_0000011222,,
Keine Marke,Franz Gourmet-Kartoffeln,"€ 1,99","€ 2,99","1 kg = 1,33","1 kg = 1,33",",ausgewählte Sorten und Kocheigenschaften laut Auszeichnung, Qualität I",Nein,Dieses Angebot findest du vom 16.04. bis 22.04. in deiner Kaufland-Filiale.,2026-04-16,2026-04-22,../images/kaufland/kaufland_offer_072.jpg,"cat_obst_gemuese,diet_gluten_free,diet_lactose_free,diet_vegan,diet_vegetarian,sub_frisches_gemuese,sub_kartoffeln,tag_ultra_processed,tag_whole_food",,,ref_000148,obs_0000014897|obs_0000015724|obs_0000013200|obs_0000013668,obs_0000014897|obs_0000015724|obs_0000013200,,
SAINT ANDR oder LE RUSTIQUE,Franz Weichkäse,"€ 1,29","€ 2,69","pro Einheit = 100,00","pro Einheit = 100,00","fein-cremig, zartschmelzend, 45 - 75 % Fett i. Tr.",Nein,Dieses Angebot findest du vom 20.04. bis 22.04. in deiner Kaufland-Filiale.,2026-04-20,2026-04-22,../images/kaufland/kaufland_offer_002.jpg,"cat_molkerei_kaese,sub_kaese,sub_milchprodukte",,,ref_000149,obs_0000013202|obs_0000011898|obs_0000012324|obs_0000011050|obs_0000015800|obs_0000013638|obs_0000014416|obs_0000022418|obs_0000010262|obs_0000018456|obs_0000028718|obs_0000023373|obs_0000009810|obs_0000023007|obs_0000017509|obs_0000028005|obs_0000009341|obs_0000012800,obs_0000013202|obs_0000012324|obs_0000011050|obs_0000015800|obs_0000013638|obs_0000014416|obs_0000011898,,
AIR WICK,Freshmatic Max Lufterfrischer Nachfüller,"€ 3,99","€ 4,95","1 l = 15,96","1 l = 15,96","Nachfüller, versch. Sorten",Nein,Dieses Angebot findest du vom 16.04. bis 22.04. in deiner Kaufland-Filiale.,2026-04-16,2026-04-22,../images/kaufland/kaufland_offer_287.jpg,cat_drogerie,,,ref_000150,obs_0000010765|obs_0000013204|obs_0000012883|obs_0000016682|obs_0000017475|obs_0000003554,,,
K-CLASSIC,Frikadellen XXL,"€ 3,29",,"1 kg = 5,49","1 kg = 5,49","verzehrfertig, aus Schweinefleisch",Nein,Dieses Angebot findest du vom 16.04. bis 22.04. in deiner Kaufland-Filiale.,2026-04-16,2026-04-22,../images/kaufland/kaufland_offer_160.jpg,"cat_grundnahrung,diet_gluten_free,diet_lactose_free,diet_vegan,diet_vegetarian,tag_ultra_processed,tag_whole_food",,,ref_000151,obs_0000017971|obs_0000009115|obs_0000010281|obs_0000027292|obs_0000012295|obs_0000012763|obs_0000013967,obs_0000009115|obs_0000017971,,
BIRKEL No 1,Frischei-Nudeln,"€ 0,89",,"1 kg = 1,78","1 kg = 1,78",versch. Ausformungen,Nein,Dieses Angebot findest du vom 16.04. bis 22.04. in deiner Kaufland-Filiale.,2026-04-16,2026-04-22,../images/kaufland/kaufland_offer_199.jpg,"cat_grundnahrung,diet_vegetarian,sub_nudeln,tag_whole_food",,,ref_000152,obs_0000010508|obs_0000013642|obs_0000008075|obs_0000015006|obs_0000008784|obs_0000013802,obs_0000010508|obs_0000008987|obs_0000009763|obs_0000026495|obs_0000013642|obs_0000015437|obs_0000011093|obs_0000008178|obs_0000010359,,
SILVERCREST,Frischhaltedosen-Set Edelstahl,"€ 9,99",,"pro Einheit = 2,00","pro Einheit = 2,00","Aus Edelstahl Deckel aus Kunststoff, mit Silikondichtung Ideal zum Frischhalten, Einfrieren, Aufwärmen Ohne Deckel ofen- und mikrowellengeeignet Spülmaschinengeeignet Platzsparend ineinander verstaubar Größe (S) ca. B 17 x H 6,3 x T 12 cm (ca. 0,5 l) Größe (M) ca. B 21 x H 7,1 x T 15 cm (ca. 1 l)",Nein,Dieses Angebot findest du vom 16.04. bis 22.04. in deiner Kaufland-Filiale.,2026-04-16,2026-04-22,../images/kaufland/kaufland_offer_454.jpg,cat_non_food,,,ref_000153,obs_0000019207|obs_0000023553|obs_0000020718|obs_0000021537|obs_0000023963|obs_0000023967|obs_0000022070|obs_0000024389|obs_0000024394|obs_0000000775|obs_0000016023|obs_0000016027|obs_0000016029|obs_0000012139|obs_0000010830|obs_0000012984|obs_0000013009|obs_0000026533|obs_0000012527|obs_0000012531|obs_0000012547|obs_0000012549,,,
MIREE,Frischkäsezubereitung,"€ 0,99","€ 1,89","1 kg = 6,60 - 7,34","1 kg = 6,60 - 7,34","versch. Sorten, Doppelrahmstufe",Nein,Dieses Angebot findest du vom 20.04. bis 22.04. in deiner Kaufland-Filiale.,2026-04-20,2026-04-22,../images/kaufland/kaufland_offer_009.jpg,"cat_molkerei_kaese,diet_vegetarian,sub_kaese,sub_milchprodukte,tag_ultra_processed",,,ref_000154,obs_0000027022|obs_0000012209|obs_0000034707|obs_0000008600|obs_0000015674|obs_0000013644|obs_0000011478|obs_0000008279|obs_0000011892|obs_0000026379|obs_0000005903|obs_0000007343|obs_0000007156|obs_0000014497|obs_0000005726|obs_0000014954|obs_0000011893|obs_0000012663,obs_0000027022|obs_0000005903|obs_0000034707|obs_0000008600|obs_0000007343|obs_0000012209|obs_0000015674|obs_0000013644|obs_0000011478|obs_0000008279|obs_0000011892|obs_0000007156,,
Müller,Frucht-Buttermilch,"€ 0,89","€ 1,39","1 kg = 1,78","1 kg = 1,78",versch. Sorten (+ 0.25 Pfand),Nein,Dieses Angebot findest du vom 20.04. bis 22.04. in deiner Kaufland-Filiale.,2026-04-20,2026-04-22,../images/kaufland/kaufland_offer_019.jpg,"cat_molkerei_kaese,diet_vegetarian,sub_butter_margarine,sub_milchprodukte,tag_ultra_processed",,,ref_000155,obs_0000011780|obs_0000016632|obs_0000014076|obs_0000017156|obs_0000009130|obs_0000034579,obs_0000011780|obs_0000016632|obs_0000014076|obs_0000017156|obs_0000009130,,x
HARIBO,Fruchtgummis oder Lakritze,"€ 0,79",,"1 kg = 4,52 - 5,27","1 kg = 4,52 - 5,27",versch. Sorten,Nein,Dieses Angebot findest du vom 16.04. bis 22.04. in deiner Kaufland-Filiale.,2026-04-16,2026-04-22,../images/kaufland/kaufland_offer_229.jpg,"cat_knabbern_naschen,tag_ultra_processed",,,ref_000156,obs_0000011963|obs_0000014618|obs_0000015898|obs_0000010731|obs_0000012671|obs_0000001818,obs_0000010731|obs_0000011963|obs_0000012671|obs_0000030287|obs_0000014618|obs_0000032125|obs_0000015898,,
BERENTZEN,Fruchtiger Likör,"€ 4,99",,"1 l = 7,13","1 l = 7,13","15 - 18 Vol. %, versch. Sorten",Nein,Dieses Angebot findest du vom 16.04. bis 22.04. in deiner Kaufland-Filiale.,2026-04-16,2026-04-22,../images/kaufland/kaufland_offer_242.jpg,cat_getraenke,,BLS-P530000,ref_000157,obs_0000013648|obs_0000003467|obs_0000003872|obs_0000004299|obs_0000004726|obs_0000000247|obs_0000012418|obs_0000020866|obs_0000022448|obs_0000020047,obs_0000028422|obs_0000013648,,
ANDECHSER NATUR Demeter,Fruchtjoghurt 3 8 Fett,"€ 1,99","€ 2,79","1 kg = 3,98","1 kg = 3,98","versch. Sorten 3,8 % Fett (+ 0.15 Pfand)",Nein,Dieses Angebot findest du vom 16.04. bis 22.04. in deiner Kaufland-Filiale.,2026-04-16,2026-04-22,../images/kaufland/kaufland_offer_121.jpg,"cat_molkerei_kaese,diet_vegetarian,sub_joghurt_skyr_quark,sub_milchprodukte",,,ref_000158,obs_0000011461|obs_0000034180|obs_0000002565|obs_0000021134|obs_0000014486|obs_0000000675|obs_0000011045|obs_0000010169|obs_0000023234|obs_0000023627|obs_0000020315|obs_0000009565|obs_0000002802|obs_0000010615|obs_0000012792,obs_0000011461,,
Rotkäppchen,Fruchtsecco,"€ 2,89",,"1 l = 3,86","1 l = 3,86","versch. Sorten, auch alkoholfrei",Nein,Dieses Angebot findest du vom 20.04. bis 22.04. in deiner Kaufland-Filiale.,2026-04-20,2026-04-22,../images/kaufland/kaufland_offer_692.jpg,"cat_getraenke,diet_vegetarian,tag_ultra_processed",,,ref_000159,obs_0000011144|obs_0000020626|obs_0000012441|obs_0000015935|obs_0000021445|obs_0000012870|obs_0000023384|obs_0000015084|obs_0000025209|obs_0000008252|obs_0000009450|obs_0000029437|obs_0000030392|obs_0000029767|obs_0000005625|obs_0000007450|obs_0000007078|obs_0000007657|obs_0000005998,obs_0000011144|obs_0000020626|obs_0000012441|obs_0000015935|obs_0000021445|obs_0000012870|obs_0000023384|obs_0000015084|obs_0000025209,,x
Parkside,Fräser-Set,"€ 3,99",,"pro Einheit = 7,00","pro Einheit = 7,00","Zur vielseitigen Holzbearbeitung Kugel-, Kegel-, Flachzylinder-Form je 2 x Rundzylinder- und Konus-Form Für Geradschleifer mit Rundschaftaufnahme Drehzahl max. 30.000 min-1",Nein,Dieses Angebot findest du vom 16.04. bis 22.04. in deiner Kaufland-Filiale.,2026-04-16,2026-04-22,../images/kaufland/kaufland_offer_367.jpg,cat_non_food,,,ref_000160,,obs_0000011647,,x
Parkside,Fäustel,"€ 3,99",,"pro Einheit = 3,99","pro Einheit = 3,99",Geschmiedeter Hammerkopf ca. 750 g Gesamtlänge 26 cm 3 Jahre Garantie,Nein,Dieses Angebot findest du vom 16.04. bis 22.04. in deiner Kaufland-Filiale.,2026-04-16,2026-04-22,../images/kaufland/kaufland_offer_373.jpg,cat_non_food,,,ref_000161,obs_0000023083,,,x
Parkside,Geradschleifer PGS 500 B2,"€ 19,99",,"pro Einheit = 19,99","pro Einheit = 19,99","Für präzisen Feinschliff bis kraftvollen Abtrag Stufenlos einstellbare Drehzahl Bemessungsdrehzahl 4.500 - 30.000 min-1 Robustes Getriebegehäuse aus Metall Mit rutschhemmender Softgrip-Ausstattung Einfacher Aufsatzwechsel mit Spindelarretierung Passend für handelsübliche Aufsätze Spannzangen-Ø 3,2 und 6 mm (vormontiert) Netzkabel ca. 3 m Bemessungsaufnahme 500 W Inkl. Koffer, Schleifstift und Montageschlüssel 3 Jahre Garantie",Nein,Dieses Angebot findest du vom 16.04. bis 22.04. in deiner Kaufland-Filiale.,2026-04-16,2026-04-22,../images/kaufland/kaufland_offer_331.jpg,cat_non_food,,,ref_000162,,,,x
Keine Marke,Geranien,"€ 5,55",,"pro Einheit = 5,55","pro Einheit = 5,55","versch. Varianten und Sorten, als 6er-Pack oder Einzeltopf Ø 12 cm, ab 2,79€",Nein,Dieses Angebot findest du vom 16.04. bis 22.04. in deiner Kaufland-Filiale.,2026-04-16,2026-04-22,../images/kaufland/kaufland_offer_062.jpg,"cat_obst_gemuese,diet_gluten_free,diet_lactose_free,diet_vegan,diet_vegetarian,sub_exoten,sub_frisches_gemuese,sub_frisches_obst,tag_ultra_processed,tag_whole_food",,,ref_000163,,,,
FAIRY,Geschirrspülmittel,"€ 1,29","€ 1,75","1 l = 2,87","1 l = 2,87",versch. Sorten,Nein,Dieses Angebot findest du vom 20.04. bis 22.04. in deiner Kaufland-Filiale.,2026-04-20,2026-04-22,../images/kaufland/kaufland_offer_662.jpg,cat_drogerie,,,ref_000164,obs_0000011161|obs_0000013986|obs_0000028221|obs_0000013654|obs_0000013052|obs_0000015118|obs_0000034453|obs_0000010271|obs_0000034995|obs_0000008401|obs_0000011604|obs_0000015958|obs_0000008305|obs_0000031355|obs_0000032274|obs_0000006050|obs_0000005293|obs_0000020019|obs_0000016850|obs_0000029778|obs_0000005857|obs_0000006247|obs_0000006763|obs_0000030063|obs_0000032757|obs_0000007927|obs_0000013224|obs_0000024713|obs_0000025820,obs_0000015118|obs_0000034453|obs_0000011161|obs_0000010271|obs_0000013986|obs_0000006050|obs_0000005293|obs_0000020019|obs_0000034872|obs_0000028221|obs_0000034995|obs_0000008401|obs_0000016850|obs_0000029778|obs_0000011604|obs_0000013654|obs_0000015958|obs_0000006763|obs_0000008305|obs_0000032757|obs_0000031355|obs_0000013052,,
NESQUIK,Getränkepulver,"€ 1,99",,"1 kg = 5,69","1 kg = 5,69",Original Kakao oder Erdbeer-Geschmack,Nein,Dieses Angebot findest du vom 16.04. bis 22.04. in deiner Kaufland-Filiale.,2026-04-16,2026-04-22,../images/kaufland/kaufland_offer_211.jpg,"cat_knabbern_naschen,diet_vegetarian,tag_ultra_processed",,,ref_000165,obs_0000014858|obs_0000013655|obs_0000009996|obs_0000009102|obs_0000015447|obs_0000009534|obs_0000015887|obs_0000013266|obs_0000011546|obs_0000001400,obs_0000014858|obs_0000009996|obs_0000009102|obs_0000013655|obs_0000015447|obs_0000009534,,
SILVERCREST,Glasfrischhaltedosen-Set quadratisch,"€ 9,99",,"pro Einheit = 3,00","pro Einheit = 3,00","Aus temperaturbeständigem Glas (-20 bis 330 °C) Deckel aus Kunststoff mit Silikondichtung Ohne Deckel ofen- und mikrowellengeeignet Spülmaschinengeeignet Platzsparend ineinander verstaubar Größe (S) ca. B 14 x H 6,9 x T 14 cm (ca. 0,5 l) Größe (M) ca. B 17 x H 8,3 x T 17 cm (ca. 1 l) Größe (L) ca. B 20 x H 9,7 x T 20 cm (ca. 2 l) 3 Jahre Garantie",Nein,Dieses Angebot findest du vom 16.04. bis 22.04. in deiner Kaufland-Filiale.,2026-04-16,2026-04-22,../images/kaufland/kaufland_offer_389.jpg,cat_non_food,,,ref_000166,obs_0000014761,,,
SILVERCREST,Glasfrischhaltedosen-Set rechteckig,"€ 9,99",,"pro Einheit = 3,00","pro Einheit = 3,00","Aus temperaturbeständigem Glas (-20 bis 330 °C) Deckel aus Kunststoff, mit Silikondichtung Ohne Deckel ofen- und mikrowellengeeignet Spülmaschinengeeignet Platzsparend ineinander verstaubar Größe (S) ca. B 17 x H 6,6 x T 12 cm (ca. 0,5 l) Größe (M) ca. B 21 x H 8 x T 15 cm (ca. 1 l) Größe (L) ca. B 24 x H 9 x T 18 cm (ca. 2 l) 3 Jahre Garantie",Nein,Dieses Angebot findest du vom 16.04. bis 22.04. in deiner Kaufland-Filiale.,2026-04-16,2026-04-22,../images/kaufland/kaufland_offer_387.jpg,cat_non_food,,,ref_000167,obs_0000014759,,,
SILVERCREST,Glasfrischhaltedosen-Set rund,"€ 9,99",,"pro Einheit = 3,00","pro Einheit = 3,00","Aus temperaturbeständigem Glas (-20 bis 330 °C) Deckel aus Kunststoff, mit Silikondichtung Ohne Deckel ofen- und mikrowellengeeignet Spülmaschinengeeignet Platzsparend ineinander verstaubar Größe (S) ca. Ø 14 x 8,6 cm (ca. 0,5) Größe (M) ca. Ø 17 x 10 cm (ca. 1 l) Größe (L) ca. Ø 20 x 12 (ca. 2 l) 3 Jahre Garantie",Nein,Dieses Angebot findest du vom 16.04. bis 22.04. in deiner Kaufland-Filiale.,2026-04-16,2026-04-22,../images/kaufland/kaufland_offer_388.jpg,cat_non_food,,,ref_000168,obs_0000013009|obs_0000013682,obs_0000013009,,
K-CLASSIC,Gouda XXL,"€ 2,99",,"1 kg = 5,98","1 kg = 5,98","gerieben, 48 % Fett i. Tr.",Nein,Dieses Angebot findest du vom 16.04. bis 22.04. in deiner Kaufland-Filiale.,2026-04-16,2026-04-22,../images/kaufland/kaufland_offer_137.jpg,"cat_molkerei_kaese,diet_gluten_free,diet_lactose_free,diet_vegetarian,sub_kaese,sub_milchprodukte,tag_ultra_processed",,,ref_000169,obs_0000011889|obs_0000028008|obs_0000003561|obs_0000018601|obs_0000034978|obs_0000028379|obs_0000012763|obs_0000013967,obs_0000028008|obs_0000003561|obs_0000011889,,
OUZO OF PLOMARI,Griech Anisspirituose,"€ 8,79",,"1 l = 12,56","1 l = 12,56",40 Vol. %,Nein,Dieses Angebot findest du vom 20.04. bis 22.04. in deiner Kaufland-Filiale.,2026-04-20,2026-04-22,../images/kaufland/kaufland_offer_691.jpg,"cat_getraenke,diet_vegetarian",,,ref_000170,obs_0000014863|obs_0000011974|obs_0000016118|obs_0000009911|obs_0000009446,obs_0000014863|obs_0000011974|obs_0000016118,,
K-WERTSCHÄTZE,Grillbauch mariniert,"€ 8,90","€ 9,99","pro Einheit = 8,90","pro Einheit = 8,90",vom Schwein,Nein,Dieses Angebot findest du vom 16.04. bis 22.04. in deiner Kaufland-Filiale.,2026-04-16,2026-04-22,../images/kaufland/kaufland_offer_106.jpg,cat_fleisch_wurst,,,ref_000171,,,,
Crivit,Grundangel- Feederangel-Set 300-5,"€ 24,99",,"pro Einheit = 24,99","pro Einheit = 24,99","Komplett-Set zum Grund- und Feederangeln Ideal für Karpfen und andere Friedfische Angelfertig montierte HMGF-Teleskoprute Handteil aus portugiesischem Plate-Kork Stationärrolle mit 4 Kugellagern Perfekte Schnurverlegung dank S-Stroke-System Feinjustierbare Heckbremse Anti-Slip-Drehknopf und Mehrfach-Bremsscheibe Übersetzung 5,2 : 1 Angelrolle Größe 50 (fachgerecht bespult) Länge ca. 300 cm (Transportlänge ca. 100 cm) Wurfgewicht bis 100 g Inkl. Tragetasche und Zierfisch-Zubehör 3 Jahre Garantie",Nein,Dieses Angebot findest du vom 16.04. bis 22.04. in deiner Kaufland-Filiale.,2026-04-16,2026-04-22,../images/kaufland/kaufland_offer_549.jpg,cat_non_food,,,ref_000172,,,,x
Keine Marke,Grüne Peperoni,"€ 0,99",,"pro Einheit = 100,00","pro Einheit = 100,00",gefüllt mit Thymianfrischkäse-Zubereitung,Nein,Dieses Angebot findest du vom 16.04. bis 22.04. in deiner Kaufland-Filiale.,2026-04-16,2026-04-22,../images/kaufland/kaufland_offer_176.jpg,"cat_grundnahrung,diet_gluten_free,diet_lactose_free,diet_vegan,diet_vegetarian,sub_exoten,sub_frisches_obst,tag_ultra_processed,tag_whole_food",,,ref_000173,obs_0000025867|obs_0000005941|obs_0000015415|obs_0000010686|obs_0000012355|obs_0000011076|obs_0000007387|obs_0000013673|obs_0000009086,obs_0000025867|obs_0000005941|obs_0000015415|obs_0000010686|obs_0000012355|obs_0000011076|obs_0000007387|obs_0000013673,,
K-WERTSCHÄTZE,Gulasch gemischt von Schwein und Rind,"€ 14,90","€ 16,90","pro Einheit = 14,90","pro Einheit = 14,90",vom Schwein und Rind,Nein,Dieses Angebot findest du vom 16.04. bis 22.04. in deiner Kaufland-Filiale.,2026-04-16,2026-04-22,../images/kaufland/kaufland_offer_115.jpg,"cat_fleisch_wurst,sub_rind,sub_schwein,tag_proteinreich",,,ref_000174,obs_0000011454|obs_0000013239|obs_0000014163|obs_0000015754|obs_0000015755|obs_0000031234|obs_0000007241|obs_0000009293|obs_0000029290|obs_0000008317|obs_0000006347|obs_0000030923|obs_0000030950|obs_0000005978|obs_0000013674|obs_0000031193|obs_0000000631|obs_0000000644|obs_0000000645|obs_0000001197|obs_0000000702|obs_0000000888|obs_0000001518,obs_0000011454|obs_0000013239,,
Parkside,Gummihammer,"€ 3,99",,"pro Einheit = 3,99","pro Einheit = 3,99",Beidseitiger Kopf ca. 340 g Gesamtlänge 30 cm 3 Jahre Garantie,Nein,Dieses Angebot findest du vom 16.04. bis 22.04. in deiner Kaufland-Filiale.,2026-04-16,2026-04-22,../images/kaufland/kaufland_offer_371.jpg,cat_non_food,,,ref_000175,,,,x
KÖLLN,Haferflocken,"€ 0,99",,"1 kg = 1,98","1 kg = 1,98","100 % Vollkorn, Blütenzarte oder Echte Kernige",Nein,Dieses Angebot findest du vom 20.04. bis 22.04. in deiner Kaufland-Filiale.,2026-04-20,2026-04-22,../images/kaufland/kaufland_offer_686.jpg,"cat_grundnahrung,diet_lactose_free,diet_vegan,diet_vegetarian,tag_whole_food",,NUTR-0005,ref_000176,obs_0000015879|obs_0000002858|obs_0000026414|obs_0000002998|obs_0000008132|obs_0000011097|obs_0000013032|obs_0000015658|obs_0000010710|obs_0000034489|obs_0000004225|obs_0000027529|obs_0000029717|obs_0000004652|obs_0000029627|obs_0000003776|obs_0000000837|obs_0000005079|obs_0000000485|obs_0000024040|obs_0000001273|obs_0000024706|obs_0000029967|obs_0000025515|obs_0000029245|obs_0000028738|obs_0000022989|obs_0000030935|obs_0000003476|obs_0000002471|obs_0000005102,obs_0000015879|obs_0000029967|obs_0000029717|obs_0000002858|obs_0000015658|obs_0000026414|obs_0000002998|obs_0000008132|obs_0000010710|obs_0000011097|obs_0000013032,,
K-CLASSIC,Haltbare Schlagsahne,"€ 1,99",,"1 kg = 3,32","1 kg = 3,32",mind. 30 % Fett,Nein,Dieses Angebot findest du vom 16.04. bis 22.04. in deiner Kaufland-Filiale.,2026-04-16,2026-04-22,../images/kaufland/kaufland_offer_129.jpg,"cat_molkerei_kaese,diet_vegetarian,sub_milchprodukte,sub_sahne_creme,tag_high_protein,tag_ultra_processed",,,ref_000177,obs_0000013680|obs_0000011795|obs_0000009377|obs_0000009836|obs_0000016126|obs_0000024616|obs_0000020624|obs_0000018785|obs_0000025045|obs_0000021443|obs_0000017358|obs_0000019830|obs_0000034973|obs_0000002266|obs_0000023025|obs_0000012796|obs_0000027295|obs_0000017188|obs_0000033692|obs_0000001048|obs_0000033987|obs_0000011466|obs_0000027873|obs_0000001268|obs_0000025846|obs_0000019729|obs_0000001322|obs_0000001651|obs_0000001793|obs_0000001826|obs_0000001840|obs_0000001856|obs_0000001899|obs_0000034786,obs_0000024616|obs_0000020624|obs_0000018785|obs_0000025045|obs_0000021443|obs_0000017358|obs_0000009377|obs_0000013680|obs_0000019830|obs_0000011795|obs_0000009836,,
TRIGGIN,Handgelenksbandage,"€ 5,99","€ 14,99","pro Einheit = 5,99","pro Einheit = 5,99",Links und rechts tragbar Mit Klettverschluss Einheitsgröße,Nein,Dieses Angebot findest du vom 16.04. bis 22.04. in deiner Kaufland-Filiale.,2026-04-16,2026-04-22,../images/kaufland/kaufland_offer_533.jpg,cat_non_food,,,ref_000178,,,,
Parkside,Handsägen-Set,"€ 4,99",,"pro Einheit = 7,00","pro Einheit = 7,00",Ideal zum Basteln und kreativen Gestalten 4 Klingen für Weichholz und Kunststoff 2 Klingen für Weichmetall Mit Handgriff,Nein,Dieses Angebot findest du vom 16.04. bis 22.04. in deiner Kaufland-Filiale.,2026-04-16,2026-04-22,../images/kaufland/kaufland_offer_340.jpg,cat_non_food,,,ref_000179,obs_0000025378|obs_0000012954,obs_0000025378|obs_0000012954|obs_0000023079,,x
HARDEGGER,Happy Swizz Cheese,"€ 1,69",,"pro Einheit = 100,00","pro Einheit = 100,00","schweiz. Halbhartkäse, mild-aromatisch, mit feiner Würze, 53 % Fett i. Tr.",Nein,Dieses Angebot findest du vom 16.04. bis 22.04. in deiner Kaufland-Filiale.,2026-04-16,2026-04-22,../images/kaufland/kaufland_offer_141.jpg,"cat_molkerei_kaese,diet_vegetarian,tag_ultra_processed",,,ref_000180,,,,
AFTER EIGHT,Hauchdünne Täfelchen,"€ 3,99","€ 7,49","1 kg = 9,98","1 kg = 9,98",aus Zartbitterschokolade mit Mintfüllung,Nein,Dieses Angebot findest du vom 16.04. bis 22.04. in deiner Kaufland-Filiale.,2026-04-16,2026-04-22,../images/kaufland/kaufland_offer_223.jpg,"cat_knabbern_naschen,tag_ultra_processed",,,ref_000181,obs_0000015027|obs_0000008691,obs_0000015027|obs_0000008691,,
LOOSE oder HARZBUBE,Hausmacher Sauermilchkäse 0 5 Fett,"€ 2,29","€ 2,99","1 kg = 11,45","1 kg = 11,45","Sauermilchkäse mit Kümmel, 0,5 % Fett",Nein,Dieses Angebot findest du vom 16.04. bis 22.04. in deiner Kaufland-Filiale.,2026-04-16,2026-04-22,../images/kaufland/kaufland_offer_132.jpg,"cat_molkerei_kaese,diet_vegetarian,sub_kaese,sub_milchprodukte,tag_ultra_processed",,,ref_000182,,,,
Crivit,Herren-Allwetterjacke,"€ 19,99",,"pro Einheit = 19,99","pro Einheit = 19,99","Aus zu 89 % recyceltem, GRS-zertifiziertem Polyester Mit BIONIC-FINISH® ECO-Ausstattung Atmungsaktiv, wind- und wasserdicht Versiegelte Hauptnähte Mit vielen Taschen und Befestigungsmöglichkeiten Hoher Stehkragen und weitenverstellbare Kapuze Wasserfester Reißverschluss mit Kinnschutz Verlängerter Rücken Größen 48/50 - 56/58 (M - XL)",Nein,Dieses Angebot findest du vom 16.04. bis 22.04. in deiner Kaufland-Filiale.,2026-04-16,2026-04-22,../images/kaufland/kaufland_offer_464.jpg,cat_non_food,,,ref_000183,obs_0000024259,,,x
Crivit,Herren-Anglerweste,"€ 12,99",,"pro Einheit = 12,99","pro Einheit = 12,99","Aus recyceltem, GRS-zertifiziertem Polyester Wasserabweisende BIONIC-FINISH® ECO-Ausrüstung Zusätzliche Schlaufe für Angelzubehör Hoher Stehkragen Durchgehender Reißverschluss mit Kinnschutz 2 Brusttaschen mit Klettverschluss 2 große Seitentaschen mit Klettverschluss Größen 44/46 - 56/58 (S - XL)",Nein,Dieses Angebot findest du vom 16.04. bis 22.04. in deiner Kaufland-Filiale.,2026-04-16,2026-04-22,../images/kaufland/kaufland_offer_465.jpg,cat_non_food,,,ref_000184,,,,x
SMILODOX,Herren-Boxershorts,"€ 14,99","€ 39,99","pro Einheit = 3,00","pro Einheit = 3,00",Aus Baumwolle und Elastan Größen M - XXL,Nein,Dieses Angebot findest du vom 16.04. bis 22.04. in deiner Kaufland-Filiale.,2026-04-16,2026-04-22,../images/kaufland/kaufland_offer_462.jpg,cat_non_food,,,ref_000185,obs_0000012566|obs_0000015180|obs_0000016053|obs_0000030036|obs_0000013691|obs_0000008204|obs_0000018583|obs_0000023495|obs_0000017641|obs_0000022045,obs_0000012566|obs_0000015180|obs_0000016053,,
Parkside,Herren-Canvas-Weste,"€ 12,99",,"pro Einheit = 12,99","pro Einheit = 12,99",Obermaterial aus Baumwolle Futter aus Polyester und Baumwolle Mit seitlichen Eingrifftaschen Größen 48/50 - 60/62 (M - XXL),Nein,Dieses Angebot findest du vom 16.04. bis 22.04. in deiner Kaufland-Filiale.,2026-04-16,2026-04-22,../images/kaufland/kaufland_offer_468.jpg,cat_non_food,,,ref_000186,obs_0000016483|obs_0000020011|obs_0000012596|obs_0000013705|obs_0000014035,,,x
Crivit,Herren-Funktionshose,"€ 14,99",,"pro Einheit = 14,99","pro Einheit = 14,99","Aus recyceltem, GRS-zertifiziertem Polyester Wasserabweisende BIONIC-FINISH® ECO-Ausrüstung Besonders strapazierfähig Elastischer Bund mit Gürtelschlaufen Mit seitlichen Eingrifftaschen Praktische Klettverschlusstaschen am Bein Schlaufen zur Befestigung von Angel-Zubehör Weitenverstellbarer Beinabschluss Größen 48 - 54",Nein,Dieses Angebot findest du vom 16.04. bis 22.04. in deiner Kaufland-Filiale.,2026-04-16,2026-04-22,../images/kaufland/kaufland_offer_463.jpg,cat_non_food,,,ref_000187,obs_0000018053|obs_0000024543,obs_0000016860|obs_0000013693,,x
SMILODOX,Herren-Funktionsshirt,"€ 12,99","€ 34,99","pro Einheit = 12,99","pro Einheit = 12,99",Aus Baumwolle und Polyester Größen M - XXL,Nein,Dieses Angebot findest du vom 16.04. bis 22.04. in deiner Kaufland-Filiale.,2026-04-16,2026-04-22,../images/kaufland/kaufland_offer_467.jpg,cat_non_food,,,ref_000188,obs_0000016663|obs_0000025550|obs_0000013692|obs_0000024542|obs_0000018555|obs_0000023152|obs_0000023154|obs_0000023846|obs_0000024270,obs_0000016663|obs_0000025550|obs_0000013692|obs_0000013693|obs_0000024542,,
SMILODOX,Herren-Funktionsshorts,"€ 14,99","€ 39,99","pro Einheit = 14,99","pro Einheit = 14,99",Aus Polyester und Elastan Größen M - XXL,Nein,Dieses Angebot findest du vom 16.04. bis 22.04. in deiner Kaufland-Filiale.,2026-04-16,2026-04-22,../images/kaufland/kaufland_offer_466.jpg,cat_non_food,,,ref_000189,obs_0000013693|obs_0000023151|obs_0000023261,obs_0000016663|obs_0000025550|obs_0000013693|obs_0000013692|obs_0000024542,,
Parkside,Herren-Sneaker,"€ 12,99",,"pro Einheit = 12,99","pro Einheit = 12,99",PU-Obermaterial Textile Innenausstattung Mit Zungen- und Schaftrandpolster Leichte TPR-Sohle Mit Schnürsenkeln zum Wechseln Größen 41 - 46,Nein,Dieses Angebot findest du vom 16.04. bis 22.04. in deiner Kaufland-Filiale.,2026-04-16,2026-04-22,../images/kaufland/kaufland_offer_474.jpg,cat_non_food,,,ref_000190,obs_0000012571|obs_0000013987|obs_0000001144|obs_0000030037,obs_0000012571|obs_0000013987,,x
SMILODOX,Herren-Sweathoodie,"€ 19,99","€ 64,99","pro Einheit = 19,99","pro Einheit = 19,99",Aus Baumwolle und Polyester Größen M - XXL,Nein,Dieses Angebot findest du vom 16.04. bis 22.04. in deiner Kaufland-Filiale.,2026-04-16,2026-04-22,../images/kaufland/kaufland_offer_471.jpg,cat_non_food,,,ref_000191,obs_0000014414|obs_0000013021|obs_0000015186|obs_0000009069|obs_0000025455|obs_0000015620|obs_0000016046|obs_0000014168|obs_0000019226|obs_0000023574|obs_0000011807|obs_0000008864|obs_0000011737,obs_0000014414|obs_0000016973|obs_0000013021|obs_0000015186|obs_0000009069|obs_0000025455|obs_0000015620|obs_0000016046|obs_0000014168,,
SMILODOX,Herren-Sweathose,"€ 19,99","€ 59,99","pro Einheit = 19,99","pro Einheit = 19,99",Aus Baumwolle und Polyester Größen M - XXL,Nein,Dieses Angebot findest du vom 16.04. bis 22.04. in deiner Kaufland-Filiale.,2026-04-16,2026-04-22,../images/kaufland/kaufland_offer_469.jpg,cat_non_food,,,ref_000192,obs_0000016566|obs_0000012609|obs_0000016714|obs_0000010856|obs_0000021119|obs_0000013025|obs_0000008971|obs_0000015193|obs_0000017453|obs_0000025647|obs_0000015619|obs_0000021859|obs_0000019813|obs_0000019916|obs_0000017972|obs_0000018021|obs_0000016047|obs_0000022246|obs_0000014079|obs_0000022289|obs_0000020300|obs_0000012149|obs_0000022660|obs_0000023037|obs_0000023484|obs_0000023494|obs_0000011736,obs_0000016566|obs_0000012609|obs_0000016714|obs_0000010856|obs_0000021119|obs_0000013025|obs_0000008971|obs_0000015193|obs_0000017453|obs_0000025647|obs_0000015619|obs_0000021859|obs_0000019813|obs_0000019916|obs_0000017972|obs_0000018021|obs_0000016047|obs_0000022246|obs_0000014079|obs_0000022289|obs_0000020300,,
SMILODOX,Herren-T-Shirt,"€ 9,99","€ 39,99","pro Einheit = 9,99","pro Einheit = 9,99",Aus Baumwolle Größen M - XXL,Nein,Dieses Angebot findest du vom 16.04. bis 22.04. in deiner Kaufland-Filiale.,2026-04-16,2026-04-22,../images/kaufland/kaufland_offer_470.jpg,cat_non_food,,,ref_000193,obs_0000011260|obs_0000012620|obs_0000012700|obs_0000014797|obs_0000009161|obs_0000017457|obs_0000031856|obs_0000013704|obs_0000031708|obs_0000030035|obs_0000012150|obs_0000000755|obs_0000023324|obs_0000023466|obs_0000000968|obs_0000023573|obs_0000001225|obs_0000011740|obs_0000011807|obs_0000009163|obs_0000011737,obs_0000012598|obs_0000012620|obs_0000012700|obs_0000014797|obs_0000009161|obs_0000011260|obs_0000017457|obs_0000031856|obs_0000013704|obs_0000016055,,
Parkside,Herren-Unterziehshirts,"€ 8,99",,"pro Einheit = 2,00","pro Einheit = 2,00","Aus Baumwolle, recyceltem, RCS-zertifiziertem Polyester und Elastan (LYCRA®) Mit Funktionsfaser COOLMAX EcoMade™ Für aktiven Feuchtigkeitstransport Mit Rundhalsausschnitt Größen 5 - 8 (M - XXL)",Nein,Dieses Angebot findest du vom 16.04. bis 22.04. in deiner Kaufland-Filiale.,2026-04-16,2026-04-22,../images/kaufland/kaufland_offer_461.jpg,cat_non_food,,,ref_000194,,,,x
LAYENBERGER,High Protein Chips,"€ 2,29","€ 2,99","1 kg = 30,54","1 kg = 30,54",Paprika,Nein,Dieses Angebot findest du vom 16.04. bis 22.04. in deiner Kaufland-Filiale.,2026-04-16,2026-04-22,../images/kaufland/kaufland_offer_213.jpg,"cat_knabbern_naschen,diet_vegetarian,sub_milchprodukte,tag_high_protein,tag_proteinreich,tag_ultra_processed",,,ref_000195,obs_0000011109|obs_0000011464|obs_0000031441|obs_0000001941|obs_0000013245|obs_0000004612|obs_0000026630|obs_0000016394|obs_0000020493|obs_0000025613|obs_0000001056|obs_0000004141|obs_0000022585|obs_0000035103|obs_0000022588|obs_0000003645|obs_0000002635|obs_0000000087|obs_0000004185|obs_0000011877|obs_0000028284|obs_0000011908|obs_0000003214|obs_0000011938|obs_0000021162|obs_0000023034|obs_0000025263|obs_0000010929|obs_0000014520|obs_0000001758|obs_0000001774|obs_0000026368|obs_0000011525|obs_0000011548|obs_0000031519|obs_0000003363|obs_0000001325|obs_0000006453|obs_0000021312|obs_0000011077|obs_0000010616|obs_0000020343|obs_0000004995|obs_0000017800|obs_0000005039|obs_0000008628|obs_0000018363|obs_0000013246|obs_0000000451|obs_0000002507,obs_0000004141|obs_0000011109|obs_0000004995|obs_0000004568|obs_0000003057,,
MY PROJECT,Hochtemperaturlack Schwarz matt,"€ 2,99",,"1 l = 7,48","1 l = 7,48","Für Kfz und Zweiräder Gute Hafteigenschaften Hohe Temperaturbeständigkeit Beständig gegen Benzin, Chemikalien, Witterung",Nein,Dieses Angebot findest du vom 16.04. bis 22.04. in deiner Kaufland-Filiale.,2026-04-16,2026-04-22,../images/kaufland/kaufland_offer_574.jpg,cat_non_food,,,ref_000196,obs_0000015189,obs_0000015189,,
K-PURLAND,Holzfällerscheiben,"€ 4,49","€ 6,37","1 kg = 5,99","1 kg = 5,99","aus dem Schweinerücken, mit Schwarte, mariniert, 4 Stück",Nein,Dieses Angebot findest du vom 16.04. bis 22.04. in deiner Kaufland-Filiale.,2026-04-16,2026-04-22,../images/kaufland/kaufland_offer_080.jpg,"cat_fleisch_wurst,sub_kaese,sub_milchprodukte,sub_rind,sub_schwein,tag_proteinreich",,,ref_000197,,,,
NOTHWANG,Honigschinken,"€ 1,99",,"pro Einheit = 100,00","pro Einheit = 100,00","mildes Aroma, saftig, weniger als 3 % Fett",Nein,Dieses Angebot findest du vom 16.04. bis 22.04. in deiner Kaufland-Filiale.,2026-04-16,2026-04-22,../images/kaufland/kaufland_offer_112.jpg,"cat_fleisch_wurst,sub_schwein,sub_wurst,tag_ultra_processed",,BLS-D401400,ref_000198,obs_0000008227|obs_0000012298|obs_0000013709|obs_0000014105|obs_0000015776|obs_0000007428,obs_0000008227|obs_0000007428|obs_0000012298|obs_0000013709|obs_0000014105|obs_0000015776,,
CESAR,Hundenahrung,"€ 0,75","€ 0,99","1 kg = 5,00","1 kg = 5,00",versch. Sorten,Nein,Dieses Angebot findest du vom 16.04. bis 22.04. in deiner Kaufland-Filiale.,2026-04-16,2026-04-22,../images/kaufland/kaufland_offer_312.jpg,cat_drogerie,,,ref_000199,obs_0000031754|obs_0000011178|obs_0000009004|obs_0000026642|obs_0000035081|obs_0000031674|obs_0000015976|obs_0000027763|obs_0000029061|obs_0000034061|obs_0000034459|obs_0000010788|obs_0000034868|obs_0000032458|obs_0000030030|obs_0000007509|obs_0000012905|obs_0000027629|obs_0000034671|obs_0000005678|obs_0000026578|obs_0000015100|obs_0000007937,obs_0000031754|obs_0000026642|obs_0000035081|obs_0000011178|obs_0000009004|obs_0000031674|obs_0000032458|obs_0000030030|obs_0000015976|obs_0000027763,,
VITAKRAFT,Hundesnack XXL,"€ 4,49","€ 5,95","1 kg = 17,96 - 22,45","1 kg = 17,96 - 22,45","Filets, Bonas oder Strips, versch. Sorten",Nein,Dieses Angebot findest du vom 16.04. bis 22.04. in deiner Kaufland-Filiale.,2026-04-16,2026-04-22,../images/kaufland/kaufland_offer_313.jpg,"cat_drogerie,tag_ultra_processed",,,ref_000200,obs_0000012035|obs_0000008212|obs_0000012763|obs_0000012906|obs_0000033863|obs_0000011629|obs_0000013967,obs_0000008212|obs_0000028190|obs_0000012035,,
MY PROJECT,Hydraulik-Stempelwagenheber,"€ 14,99","€ 14,99","pro Einheit = 14,99","pro Einheit = 14,99","Profilierter Stempel für sicheren Halt Mit Ablassventil für sanftes Absenken Hubkraft bis 5.000 kg Hubhöhe ca. 12 cm Höhe ca. 19 - 36 cm Bodenfreiheit mindestens 19 cm Sicherheitsventil gegen Überlastung Gusseiserner Sockel für sicheren Stand Mit platzsparender, 3-teiliger Hubstange 3 Jahre Garantie",Nein,Dieses Angebot findest du vom 16.04. bis 22.04. in deiner Kaufland-Filiale.,2026-04-16,2026-04-22,../images/kaufland/kaufland_offer_559.jpg,cat_drogerie,,,ref_000201,,,,
Keine Marke,Hähnchen-Grillschnitte XXL,"€ 4,79",,"1 kg = 8,56","1 kg = 8,56","mariniert, mit Paprika",Nein,Dieses Angebot findest du vom 16.04. bis 22.04. in deiner Kaufland-Filiale.,2026-04-16,2026-04-22,../images/kaufland/kaufland_offer_091.jpg,"cat_fleisch_wurst,diet_gluten_free,diet_lactose_free,sub_gefluegel,tag_proteinreich,tag_ultra_processed,tag_whole_food",,,ref_000202,obs_0000000055|obs_0000000217|obs_0000016724|obs_0000000432|obs_0000008788|obs_0000008852|obs_0000026229|obs_0000002168|obs_0000010591|obs_0000019055|obs_0000019114|obs_0000027320|obs_0000003026|obs_0000003039|obs_0000011427|obs_0000019665|obs_0000011849|obs_0000003825|obs_0000020217|obs_0000012278|obs_0000004158|obs_0000020633|obs_0000004252|obs_0000004585|obs_0000021036|obs_0000004679|obs_0000005012|obs_0000013251|obs_0000021452|obs_0000021794|obs_0000013710|obs_0000021971|obs_0000014460|obs_0000014914|obs_0000014915|obs_0000015352|obs_0000015748|obs_0000012763|obs_0000013967,,,
FOOD FOX,Hähnchen-Innenfilets XXL,"€ 7,99",,"1 kg = 9,99","1 kg = 9,99","gegart, flüssig gewürzt, mariniert, Kräuter oder Grillsteak",Nein,Dieses Angebot findest du vom 16.04. bis 22.04. in deiner Kaufland-Filiale.,2026-04-16,2026-04-22,../images/kaufland/kaufland_offer_092.jpg,"cat_fleisch_wurst,sub_gefluegel,tag_proteinreich",,,ref_000203,obs_0000000055|obs_0000000424|obs_0000000506|obs_0000001309|obs_0000026398|obs_0000027339|obs_0000027678|obs_0000003117|obs_0000004143|obs_0000004570|obs_0000004997|obs_0000000217|obs_0000016724|obs_0000000432|obs_0000008788|obs_0000008852|obs_0000000701|obs_0000026229|obs_0000001849|obs_0000002168|obs_0000010591|obs_0000019055|obs_0000019114|obs_0000027320|obs_0000003026|obs_0000003039|obs_0000011427|obs_0000019665|obs_0000003524|obs_0000011849|obs_0000003825|obs_0000020217|obs_0000012278|obs_0000004158|obs_0000020633|obs_0000004252|obs_0000004585|obs_0000021036|obs_0000004679|obs_0000005012|obs_0000013251|obs_0000021452|obs_0000021794|obs_0000013710|obs_0000013712|obs_0000021971|obs_0000014460|obs_0000014914|obs_0000014915|obs_0000015352,obs_0000000055|obs_0000000424|obs_0000000506|obs_0000001309|obs_0000026398|obs_0000027339|obs_0000027678|obs_0000003117|obs_0000004143|obs_0000004570|obs_0000004997|obs_0000013712,,
DAILY KITCHEN,Hähnchen-Mini-Schnitzel XXL,"€ 4,99",,"1 kg = 9,25","1 kg = 9,25",mit Cornflakes-Panade,Nein,Dieses Angebot findest du vom 16.04. bis 22.04. in deiner Kaufland-Filiale.,2026-04-16,2026-04-22,../images/kaufland/kaufland_offer_090.jpg,"cat_fleisch_wurst,sub_gefluegel,tag_proteinreich,tag_ultra_processed",,,ref_000204,obs_0000000724|obs_0000017973|obs_0000027124|obs_0000000700|obs_0000017530|obs_0000026024|obs_0000001521|obs_0000018128|obs_0000010932|obs_0000012328|obs_0000012763|obs_0000005251|obs_0000013967|obs_0000006379|obs_0000016216,obs_0000000724,,
K-PURLAND,Hähnchen-Schenkel XXL,"€ 6,79",,"1 kg = 3,40","1 kg = 3,40","mit Rückenstück, natur, HKL A",Nein,Dieses Angebot findest du vom 16.04. bis 22.04. in deiner Kaufland-Filiale.,2026-04-16,2026-04-22,../images/kaufland/kaufland_offer_089.jpg,"cat_fleisch_wurst,sub_gefluegel,sub_rind,tag_high_protein,tag_proteinreich",,BLS-V4A5100,ref_000205,obs_0000008788|obs_0000011849|obs_0000014915|obs_0000015748|obs_0000009401|obs_0000009863|obs_0000014454|obs_0000008852|obs_0000010591|obs_0000011427|obs_0000012278|obs_0000013251|obs_0000013710|obs_0000014914|obs_0000015352|obs_0000016559|obs_0000000705|obs_0000000882|obs_0000017341|obs_0000001523|obs_0000018267|obs_0000027259|obs_0000027277|obs_0000027367|obs_0000019465|obs_0000027696|obs_0000028083|obs_0000028345|obs_0000022267|obs_0000014263|obs_0000000055|obs_0000000217|obs_0000016724|obs_0000000432|obs_0000026229|obs_0000002168|obs_0000010525|obs_0000019055|obs_0000019114|obs_0000027320|obs_0000003026|obs_0000003039|obs_0000019665|obs_0000003825|obs_0000020217|obs_0000012213|obs_0000004158|obs_0000020633|obs_0000004252|obs_0000004585,obs_0000008788|obs_0000009401|obs_0000009863|obs_0000018432|obs_0000010591|obs_0000002568|obs_0000003414|obs_0000011849|obs_0000012278|obs_0000013710|obs_0000014454|obs_0000014915|obs_0000015352|obs_0000015748,,
K-PURLAND,Hähnchenflügel XXL,"€ 4,49","€ 5,45","pro Einheit = 1,00","pro Einheit = 1,00","HKL A, ohne Spitze",Nein,Dieses Angebot findest du vom 16.04. bis 22.04. in deiner Kaufland-Filiale.,2026-04-16,2026-04-22,../images/kaufland/kaufland_offer_088.jpg,"cat_fleisch_wurst,sub_gefluegel,sub_rind,tag_high_protein,tag_proteinreich,tag_ultra_processed",,BLS-V417100,ref_000206,obs_0000011000|obs_0000012762|obs_0000013996|obs_0000015246|obs_0000025047|obs_0000019539|obs_0000010896|obs_0000018666|obs_0000012763|obs_0000022133|obs_0000013967,obs_0000025047|obs_0000010896|obs_0000011000|obs_0000019539|obs_0000012762|obs_0000015246,,
LEIFHEIT,Hängetrockner Classic 25,"€ 4,99","€ 7,99","pro Einheit = 4,99","pro Einheit = 4,99","Zur platzsparenden Aufhängung am Balkon UV-beständige Trockenstäbe Trockenlänge ca. 2,5 m Befestigungstiefe stufenlos bis zu 7 cm Zusammenklappbar Größe ca. B 55 x H 18 x T 30 cm",Nein,Dieses Angebot findest du vom 16.04. bis 22.04. in deiner Kaufland-Filiale.,2026-04-16,2026-04-22,../images/kaufland/kaufland_offer_406.jpg,"cat_getraenke,tag_ultra_processed",,,ref_000207,obs_0000025668|obs_0000028751|obs_0000001628|obs_0000001643|obs_0000020596|obs_0000015018|obs_0000026884|obs_0000011543|obs_0000024877|obs_0000035101|obs_0000034649|obs_0000021415|obs_0000031658,,,
WALTER GOTT,Ice Cubes oder Crushed Ice,"€ 0,99","€ 1,99","1 kg = 0,50","1 kg = 0,50",Eiswürfel oder zerstoßenes Eis,Nein,Dieses Angebot findest du vom 16.04. bis 22.04. in deiner Kaufland-Filiale.,2026-04-16,2026-04-22,../images/kaufland/kaufland_offer_147.jpg,"cat_tiefkuehl,diet_gluten_free,diet_lactose_free,diet_vegan,diet_vegetarian,tag_ultra_processed",,,ref_000208,obs_0000014963|obs_0000007603|obs_0000008563|obs_0000026737,obs_0000014963,,
Nescaf,Iced,"€ 4,99","€ 6,49","1 kg = 52,53","1 kg = 52,53",löslicher Kaffee zur Zubereitung mit kaltem Wasser,Nein,Dieses Angebot findest du vom 16.04. bis 22.04. in deiner Kaufland-Filiale.,2026-04-16,2026-04-22,../images/kaufland/kaufland_offer_207.jpg,"cat_knabbern_naschen,diet_gluten_free,diet_lactose_free,diet_vegan,diet_vegetarian,tag_ultra_processed",,,ref_000209,obs_0000022051|obs_0000020791|obs_0000031929|obs_0000028873|obs_0000021610|obs_0000028271|obs_0000022578|obs_0000008786|obs_0000028807|obs_0000028465|obs_0000029398|obs_0000026079|obs_0000029251|obs_0000009089|obs_0000009475|obs_0000032259|obs_0000032445|obs_0000033100|obs_0000009938|obs_0000031082|obs_0000029424,,,x
MELITTA,Instant-Kaffee Crema Gold,"€ 6,99","€ 10,99","1 kg = 34,95","1 kg = 34,95","aromatisch, vollmundiger Geschmack",Nein,Dieses Angebot findest du vom 16.04. bis 22.04. in deiner Kaufland-Filiale.,2026-04-16,2026-04-22,../images/kaufland/kaufland_offer_206.jpg,"cat_knabbern_naschen,diet_gluten_free,diet_lactose_free,diet_vegan,diet_vegetarian",,,ref_000210,obs_0000020704|obs_0000025157|obs_0000021523|obs_0000027964|obs_0000001674|obs_0000012375|obs_0000010719|obs_0000015279|obs_0000022517|obs_0000008359|obs_0000014593|obs_0000024909|obs_0000012629|obs_0000012669|obs_0000010721|obs_0000012856|obs_0000023259|obs_0000011104|obs_0000013227|obs_0000015276|obs_0000031712|obs_0000031776|obs_0000034007|obs_0000013724|obs_0000011954,,,
Keine Marke,Ital Kiwi lose,"€ 0,39","€ 0,49","pro Einheit = 0,39","pro Einheit = 0,39",Kl. I,Nein,Dieses Angebot findest du vom 16.04. bis 22.04. in deiner Kaufland-Filiale.,2026-04-16,2026-04-22,../images/kaufland/kaufland_offer_050.jpg,"cat_obst_gemuese,diet_gluten_free,diet_lactose_free,diet_vegan,diet_vegetarian,sub_exoten,sub_frisches_gemuese,sub_frisches_obst,tag_whole_food",,,ref_000211,obs_0000014882|obs_0000012677|obs_0000011814|obs_0000011340|obs_0000010517|obs_0000024104|obs_0000024527|obs_0000014885|obs_0000010895|obs_0000010981|obs_0000013716|obs_0000013717|obs_0000012243|obs_0000015323|obs_0000010274,obs_0000014882|obs_0000012677,,
MÜNNICH,Jambon de Paris,"€ 1,59",,"pro Einheit = 100,00","pro Einheit = 100,00","franz. Kochschinken, ohne Schwarte, nach traditioneller Rezeptur hergestellt",Nein,Dieses Angebot findest du vom 16.04. bis 22.04. in deiner Kaufland-Filiale.,2026-04-16,2026-04-22,../images/kaufland/kaufland_offer_111.jpg,cat_fleisch_wurst,,,ref_000212,obs_0000014476|obs_0000011449|obs_0000009777,obs_0000009777|obs_0000014476|obs_0000011449,,
Müller,Joghurt mit der Ecke,"€ 0,29","€ 0,89","1 kg = 1,94 - 2,57","1 kg = 1,94 - 2,57","3,8 % Fett im Milchanteil, versch. Sorten",Nein,Dieses Angebot findest du vom 16.04. bis 22.04. in deiner Kaufland-Filiale.,2026-04-16,2026-04-22,../images/kaufland/kaufland_offer_119.jpg,"cat_molkerei_kaese,diet_vegetarian,sub_joghurt_skyr_quark,sub_milchprodukte,tag_ultra_processed",,,ref_000213,obs_0000008461|obs_0000014831|obs_0000023257|obs_0000023683|obs_0000023724|obs_0000031933|obs_0000015791|obs_0000011758|obs_0000026097|obs_0000024096|obs_0000024148|obs_0000000372|obs_0000004499|obs_0000004926|obs_0000004072|obs_0000005142|obs_0000028035|obs_0000032204|obs_0000030520|obs_0000001115|obs_0000027149|obs_0000026710|obs_0000020687|obs_0000020689|obs_0000028966|obs_0000023030|obs_0000008703|obs_0000025171|obs_0000017127|obs_0000023284|obs_0000025392|obs_0000033696|obs_0000009180|obs_0000021506|obs_0000021508|obs_0000025811|obs_0000015673|obs_0000019794|obs_0000009663|obs_0000034580,obs_0000008461|obs_0000014831|obs_0000023257|obs_0000005142|obs_0000023683|obs_0000023724|obs_0000031933|obs_0000028035|obs_0000015791|obs_0000032204|obs_0000011758|obs_0000026097|obs_0000024096|obs_0000024148|obs_0000030520,,x
KINDER,Joy,"€ 1,11",,"1 kg = 55,50","1 kg = 55,50",gefüllt mit Milch- und Kakaocreme und 2 Knusperkugeln + Überraschung,Nein,Dieses Angebot findest du vom 16.04. bis 22.04. in deiner Kaufland-Filiale.,2026-04-16,2026-04-22,../images/kaufland/kaufland_offer_227.jpg,"cat_knabbern_naschen,tag_ultra_processed",,,ref_000214,obs_0000014859|obs_0000011329|obs_0000018981|obs_0000033619|obs_0000027006|obs_0000016277|obs_0000025096|obs_0000006746|obs_0000021215|obs_0000020396|obs_0000013381|obs_0000011459,obs_0000014859|obs_0000011329,,
K-CLASSIC,Junge Erbsen mit Möhrchen,"€ 1,29","€ 1,69","1 kg = 2,44","1 kg = 2,44",sehr fein,Nein,Dieses Angebot findest du vom 20.04. bis 22.04. in deiner Kaufland-Filiale.,2026-04-20,2026-04-22,../images/kaufland/kaufland_offer_682.jpg,"cat_grundnahrung,diet_gluten_free,diet_lactose_free,diet_vegan,diet_vegetarian,tag_ultra_processed,tag_whole_food",,,ref_000215,obs_0000011312|obs_0000028213,obs_0000011312,,
HOUDEK,Kabanos Klassik,"€ 1,19",,"pro Einheit = 100,00","pro Einheit = 100,00",feinwürzige Salami-Spezialität,Nein,Dieses Angebot findest du vom 16.04. bis 22.04. in deiner Kaufland-Filiale.,2026-04-16,2026-04-22,../images/kaufland/kaufland_offer_110.jpg,"cat_fleisch_wurst,sub_wurst,tag_ultra_processed",,,ref_000216,obs_0000011014|obs_0000028679|obs_0000028559|obs_0000008470|obs_0000016099|obs_0000014835|obs_0000012661|obs_0000034356|obs_0000011011|obs_0000012778|obs_0000016109|obs_0000030820,obs_0000011014|obs_0000028679|obs_0000028559|obs_0000008470|obs_0000016099|obs_0000030820|obs_0000014835|obs_0000012661,,
TASSIMO,Kaffee-Kapseln,"€ 3,99",,"1 kg = 14,89 - 33,82","1 kg = 14,89 - 33,82","versch. Sorten, je 8 - 21 Tassen",Nein,Dieses Angebot findest du vom 16.04. bis 22.04. in deiner Kaufland-Filiale.,2026-04-16,2026-04-22,../images/kaufland/kaufland_offer_210.jpg,"cat_knabbern_naschen,diet_gluten_free,diet_lactose_free,diet_vegan,diet_vegetarian",,,ref_000217,obs_0000011792|obs_0000027159|obs_0000012856|obs_0000012375|obs_0000011954|obs_0000007360|obs_0000014593|obs_0000024909|obs_0000013724|obs_0000015279|obs_0000010719|obs_0000022517,obs_0000011792,,
K-BIO,Kanad Bio-Ahornsirup,"€ 3,33",,"1 l = 13,32","1 l = 13,32",mild-süßlich im Geschmack,Nein,Dieses Angebot findest du vom 16.04. bis 22.04. in deiner Kaufland-Filiale.,2026-04-16,2026-04-22,../images/kaufland/kaufland_offer_201.jpg,"cat_grundnahrung,diet_gluten_free,diet_lactose_free,diet_vegan,diet_vegetarian,tag_ultra_processed,tag_whole_food",,,ref_000218,obs_0000013728|obs_0000017960|obs_0000022395|obs_0000023596,obs_0000013728,,
Keine Marke,Kastenweißbrot,"€ 1,69",,"1 kg = 2,26","1 kg = 2,26","aus Weizenmehl, mit Natursauerteig",Nein,Dieses Angebot findest du vom 16.04. bis 22.04. in deiner Kaufland-Filiale.,2026-04-16,2026-04-22,../images/kaufland/kaufland_offer_182.jpg,"cat_grundnahrung,diet_gluten_free,diet_lactose_free,diet_vegan,diet_vegetarian,sub_frisches_gemuese,tag_whole_food",,,ref_000219,obs_0000015862|obs_0000013734,obs_0000015862|obs_0000013734,,
WHISKAS oder KITEKAT,Katzenfutter,"€ 11,99",,"1 kg = 2,94 - 3,53","1 kg = 2,94 - 3,53","versch. Sorten, in Gelee oder Sauce",Nein,Dieses Angebot findest du vom 16.04. bis 22.04. in deiner Kaufland-Filiale.,2026-04-16,2026-04-22,../images/kaufland/kaufland_offer_315.jpg,"cat_drogerie,tag_ultra_processed",,,ref_000220,obs_0000033313|obs_0000003748|obs_0000004007|obs_0000013735|obs_0000015532|obs_0000000334|obs_0000004434|obs_0000004861|obs_0000033217|obs_0000009159|obs_0000033000|obs_0000013629|obs_0000033018,obs_0000033313|obs_0000003748|obs_0000004007|obs_0000013735|obs_0000015532|obs_0000000334|obs_0000004434|obs_0000004861,,
K-CLASSIC,Katzensticks XXL,"€ 2,99",,"1 kg = 14,95","1 kg = 14,95","Adult, mit Lachs oder Geflügel & Leber, leicht portionierbar",Nein,Dieses Angebot findest du vom 16.04. bis 22.04. in deiner Kaufland-Filiale.,2026-04-16,2026-04-22,../images/kaufland/kaufland_offer_317.jpg,"cat_drogerie,diet_vegetarian,tag_ultra_processed",,,ref_000221,obs_0000010790|obs_0000015977|obs_0000012763|obs_0000013967,obs_0000010790|obs_0000015977,,
CAT S BEST,Katzenstreu Original,"€ 6,66","€ 8,95","1 l = 0,67","1 l = 0,67","Klumpstreu aus Aktiv-Holzfasern, 100 % pflanzlich",Nein,Dieses Angebot findest du vom 16.04. bis 22.04. in deiner Kaufland-Filiale.,2026-04-16,2026-04-22,../images/kaufland/kaufland_offer_318.jpg,"cat_drogerie,tag_ultra_processed",,,ref_000222,obs_0000034254|obs_0000028730|obs_0000020611|obs_0000012423|obs_0000006283|obs_0000026772|obs_0000026832|obs_0000028896|obs_0000035052|obs_0000027005|obs_0000027048|obs_0000021000|obs_0000008777|obs_0000021117|obs_0000008906|obs_0000015051|obs_0000021430|obs_0000025547|obs_0000033763|obs_0000017384|obs_0000013325|obs_0000019505|obs_0000031800|obs_0000025705|obs_0000009334|obs_0000015502|obs_0000027791|obs_0000033975|obs_0000021758|obs_0000009525|obs_0000021868|obs_0000017799|obs_0000026035|obs_0000022184|obs_0000020181|obs_0000034561|obs_0000009987|obs_0000028429|obs_0000034575|obs_0000016167|obs_0000020298|obs_0000028516|obs_0000010117|obs_0000014249|obs_0000028630,,,
MÖNCHSHOF,Kellerbier oder Naturradler,"€ 13,99",,"1 l = 1,40","1 l = 1,40",Naturradler auch alkoholfrei (+ 4.50 Pfand),Nein,Dieses Angebot findest du vom 16.04. bis 22.04. in deiner Kaufland-Filiale.,2026-04-16,2026-04-22,../images/kaufland/kaufland_offer_274.jpg,cat_getraenke,,,ref_000223,obs_0000015500|obs_0000012183|obs_0000008727|obs_0000009135|obs_0000033832|obs_0000034296,obs_0000015500|obs_0000012183,,
Keine Marke,Kenian peruan Bio-Avocados,"€ 2,49","€ 3,49","pro Einheit = 2,00","pro Einheit = 2,00",Kl. I,Nein,Dieses Angebot findest du vom 16.04. bis 22.04. in deiner Kaufland-Filiale.,2026-04-16,2026-04-22,../images/kaufland/kaufland_offer_049.jpg,"cat_obst_gemuese,diet_gluten_free,diet_lactose_free,diet_vegan,diet_vegetarian,sub_exoten,sub_frisches_obst,tag_whole_food",,,ref_000224,obs_0000034904,,,
MAKER S MARK,Kentucky Straight Bourbon Whisky,"€ 19,99","€ 27,99","1 l = 28,56","1 l = 28,56","Weizen verleiht diesem Bourbon ein weiches und mildes Aroma, traditionell und in Handarbeit hergestellt, 45 Vol. %",Nein,Dieses Angebot findest du vom 16.04. bis 22.04. in deiner Kaufland-Filiale.,2026-04-16,2026-04-22,../images/kaufland/kaufland_offer_254.jpg,cat_getraenke,,,ref_000225,obs_0000012430|obs_0000018163|obs_0000021965|obs_0000000988|obs_0000023602|obs_0000009760|obs_0000009295|obs_0000016989|obs_0000031872|obs_0000008891|obs_0000026006|obs_0000002752,obs_0000009760|obs_0000031781|obs_0000009295|obs_0000027737|obs_0000016989|obs_0000031872|obs_0000004739|obs_0000012430|obs_0000008891|obs_0000004312|obs_0000028901|obs_0000018163|obs_0000000256|obs_0000003885|obs_0000026006|obs_0000021965|obs_0000000988,,
TECHNAXX,KFZ-Ladegerät TX-306,"€ 7,99","€ 14,99","pro Einheit = 7,99","pro Einheit = 7,99",Ausgangsleistung ingesamt max. 60 W 1 x USB-C (PD30W) und 1 x USB-A (QC3.0) Geeignet für 12-V- und 24-V-Bordnetz,Nein,Dieses Angebot findest du vom 16.04. bis 22.04. in deiner Kaufland-Filiale.,2026-04-16,2026-04-22,../images/kaufland/kaufland_offer_319.jpg,cat_non_food,,,ref_000226,,,,
TECHNAXX,KFZ-Smartphonehalterung TX-304,"€ 7,99","€ 14,99","pro Einheit = 7,99","pro Einheit = 7,99",Zur Befestigung an der Lüftdüse 360°-Ausrichtung Geeignet für iPhone 12 (und höher) Inkl. Metallring für andere Modelle,Nein,Dieses Angebot findest du vom 16.04. bis 22.04. in deiner Kaufland-Filiale.,2026-04-16,2026-04-22,../images/kaufland/kaufland_offer_320.jpg,cat_non_food,,,ref_000227,,,,
WALSER,Kfz-Verbandtasche,"€ 4,99","€ 12,99","pro Einheit = 4,99","pro Einheit = 4,99",Inhalt nach DIN13164:2022 Inkl. Mund-Nasen-Schutz,Nein,Dieses Angebot findest du vom 16.04. bis 22.04. in deiner Kaufland-Filiale.,2026-04-16,2026-04-22,../images/kaufland/kaufland_offer_566.jpg,cat_non_food,,,ref_000228,obs_0000001067|obs_0000012229|obs_0000015194|obs_0000014308|obs_0000001151|obs_0000027030|obs_0000024855,obs_0000027030|obs_0000024855|obs_0000001067|obs_0000012229|obs_0000015194|obs_0000017886|obs_0000014308|obs_0000001151,,
osann,Kindersitz Musca,"€ 49,99","€ 79,95","pro Einheit = 49,99","pro Einheit = 49,99",Für Kinder von 100 bis 150 cm Körpergröße Kopfstütze 14-fach höhenverstellbar Optimierter Seitenaufprallschutz Gurtführung an Kopfstütze und Sitzbereich Bequeme Armlehnen Große ergonomisch geformte Sitzfläche Abnehmbarer und waschbarer Bezug Robuster Kunststoffkern Einbau in allen gängigen Autos mit 3-Punkt-Gurt Entspricht der neuesten Kinderautositz-Norm R129,Nein,Dieses Angebot findest du vom 16.04. bis 22.04. in deiner Kaufland-Filiale.,2026-04-16,2026-04-22,../images/kaufland/kaufland_offer_560.jpg,"cat_non_food,tag_ultra_processed",,,ref_000229,,,,x
CARCOMFORT,Kindersitzerhöhung Raffi,"€ 24,99","€ 34,95","pro Einheit = 24,99","pro Einheit = 24,99",Mit ausfahrbaren ISOFIX-Schienen Installation auch ohne ISOFIX möglich Für Körpergröße 125 bis 150 cm Nach aktueller Norm ECE R 129 geprüft Größe ca. B 35 x H 21 x T 41 cm,Nein,Dieses Angebot findest du vom 16.04. bis 22.04. in deiner Kaufland-Filiale.,2026-04-16,2026-04-22,../images/kaufland/kaufland_offer_568.jpg,"cat_knabbern_naschen,tag_ultra_processed",,,ref_000230,obs_0000012619|obs_0000001149,obs_0000012619,,
ESCAL,King Prawns Proven al oder Natur,"€ 3,49",,"1 kg = 13,96 - 15,52","1 kg = 13,96 - 15,52","rohe, geschälte Garnelen, Provençal mit Kräuter-Knoblauch-Würzung oder pur in Salzlake mariniert",Nein,Dieses Angebot findest du vom 20.04. bis 22.04. in deiner Kaufland-Filiale.,2026-04-20,2026-04-22,../images/kaufland/kaufland_offer_669.jpg,"cat_molkerei_kaese,diet_vegetarian,sub_milchprodukte,tag_ultra_processed",,,ref_000231,obs_0000013739|obs_0000011324,obs_0000013739|obs_0000011324,,
W5,Klappbox,"€ 2,99",,"pro Einheit = 2,99","pro Einheit = 2,99",Aus Kunststoff Platzsparend zusammenklapp- und stapelbar Größe ca. B 51 x H 22 x T 34 cm (ca. 32 l) Belastbar bis 15 kg,Nein,Dieses Angebot findest du vom 16.04. bis 22.04. in deiner Kaufland-Filiale.,2026-04-16,2026-04-22,../images/kaufland/kaufland_offer_397.jpg,cat_non_food,,,ref_000232,obs_0000003609|obs_0000013273|obs_0000012552|obs_0000010841,obs_0000003609|obs_0000013273,,
CASA SI,Klapphocker,"€ 4,99",,"pro Einheit = 4,99","pro Einheit = 4,99",Aus Kunststoff Trittfläche ca. 22 x 31 cm Mit Anti-Rutsch-Noppen Größe ca. B 35 x H 27 x T 22 cm Belastbar bis max. 150 kg,Nein,Dieses Angebot findest du vom 16.04. bis 22.04. in deiner Kaufland-Filiale.,2026-04-16,2026-04-22,../images/kaufland/kaufland_offer_399.jpg,"cat_non_food,tag_ultra_processed",,,ref_000233,,,,
Parkside,Klauenhammer,"€ 3,99",,"pro Einheit = 3,99","pro Einheit = 3,99",Geschmiedeter Hammerkopf ca. 340 g Gesamtlänge 30 cm 3 Jahre Garantie,Nein,Dieses Angebot findest du vom 16.04. bis 22.04. in deiner Kaufland-Filiale.,2026-04-16,2026-04-22,../images/kaufland/kaufland_offer_372.jpg,cat_non_food,,,ref_000234,,,,x
HENGSTENBERG,Knax Die Riesen,"€ 2,59",,"1 kg = 3,05","1 kg = 3,05",Gewürzgurken,Nein,Dieses Angebot findest du vom 16.04. bis 22.04. in deiner Kaufland-Filiale.,2026-04-16,2026-04-22,../images/kaufland/kaufland_offer_165.jpg,"cat_grundnahrung,diet_vegan,diet_vegetarian",,,ref_000235,obs_0000008301,,,
SILVERCREST,Kochmesser,"€ 3,99",,"pro Einheit = 3,99","pro Einheit = 3,99","Aus Edelstahl Lange, gebogene Klinge ca. 20 cm Ideal zum Tranchieren, Schneiden und Hacken Langanhaltende Klingenschärfe Ergonomisch geformter Griff Spülmaschinengeeignet",Nein,Dieses Angebot findest du vom 16.04. bis 22.04. in deiner Kaufland-Filiale.,2026-04-16,2026-04-22,../images/kaufland/kaufland_offer_379.jpg,cat_non_food,,,ref_000236,obs_0000028773,obs_0000028773|obs_0000018630,,
MY PROJECT,Kofferraummatte,"€ 4,99",,"pro Einheit = 4,99","pro Einheit = 4,99",Aus PVC und Nitrilkautschuk Strapazierfähig und pflegeleicht Schmutz- und wasserabweisend Rutschhemmende Oberseite Mit profiliertem Bereich zur Rückhaltung von Näs Unterseite mit Anti-Rutsch-Spikes Universalgröße ca. 120 x 80 cm Zuschneidbar (mit vorgefertigten Konturen) 3 Jahre Garantie,Nein,Dieses Angebot findest du vom 16.04. bis 22.04. in deiner Kaufland-Filiale.,2026-04-16,2026-04-22,../images/kaufland/kaufland_offer_583.jpg,cat_non_food,,,ref_000237,obs_0000010106,obs_0000010106,,
OTHÜNA,Kokosfett,"€ 1,29","€ 1,59","1 kg = 5,16","1 kg = 5,16","reines Pflanzenfett, ungehärtet",Nein,Dieses Angebot findest du vom 16.04. bis 22.04. in deiner Kaufland-Filiale.,2026-04-16,2026-04-22,../images/kaufland/kaufland_offer_140.jpg,"cat_molkerei_kaese,diet_vegetarian",,,ref_000238,obs_0000031948|obs_0000006989,,,
DOMESTOS,Kraft Frische WC-Gel XXL,"€ 1,99",,"pro Einheit = 1,00","pro Einheit = 1,00","Ocean oder Lime, gegen Bakterien und Kalkablagerungen",Nein,Dieses Angebot findest du vom 16.04. bis 22.04. in deiner Kaufland-Filiale.,2026-04-16,2026-04-22,../images/kaufland/kaufland_offer_290.jpg,cat_drogerie,,,ref_000239,obs_0000009673|obs_0000009189|obs_0000011606|obs_0000014821,,,
WC-FRISCH,Kraft Aktiv,"€ 6,00","€ 7,58","1 kg = 20,00","1 kg = 20,00","Duftspüler, versch. Sorten",Nein,Dieses Angebot findest du vom 20.04. bis 22.04. in deiner Kaufland-Filiale.,2026-04-20,2026-04-22,../images/kaufland/kaufland_offer_694.jpg,cat_drogerie,,,ref_000240,obs_0000015106|obs_0000004613|obs_0000010769|obs_0000032802|obs_0000000812|obs_0000005040|obs_0000000452|obs_0000015308|obs_0000014287|obs_0000011605|obs_0000015959|obs_0000004186|obs_0000008795|obs_0000034873|obs_0000023308|obs_0000024718|obs_0000002724|obs_0000026031|obs_0000017598|obs_0000033437|obs_0000006056|obs_0000007928,obs_0000015106|obs_0000004613|obs_0000010769|obs_0000032802|obs_0000000812|obs_0000005040|obs_0000000452|obs_0000015308|obs_0000014287|obs_0000011605|obs_0000015959|obs_0000004186|obs_0000008795,,
Parkside,Kraftschaber,"€ 1,99",,"pro Einheit = 1,99","pro Einheit = 1,99","Zum Entfernen von Farbe, Lack, Rost etc. Ergonomisch geformter 2-Komponenten-Griff 2-Hand-Griff für höhere Kraftübertragung Mit Aufhänge-Loch 3 Jahre Garantie",Nein,Dieses Angebot findest du vom 16.04. bis 22.04. in deiner Kaufland-Filiale.,2026-04-16,2026-04-22,../images/kaufland/kaufland_offer_355.jpg,cat_non_food,,,ref_000241,,,,x
K-PURLAND,Krustenbraten gewürzt aus der Schweinehüfte,"€ 4,49",,"pro Einheit = 4,49","pro Einheit = 4,49","mit Speck und Schwarte, gewürzt",Nein,Dieses Angebot findest du vom 16.04. bis 22.04. in deiner Kaufland-Filiale.,2026-04-16,2026-04-22,../images/kaufland/kaufland_offer_078.jpg,"cat_fleisch_wurst,sub_rind,sub_schwein",,,ref_000242,obs_0000013284|obs_0000015780,,,
ALMDUDLER,Kräuterlimonade,"€ 1,11","€ 1,79","pro Einheit = 1,00","pro Einheit = 1,00","mit natürlichen Alpenkräutern, ohne künstliches Aroma (+ 0.25 Pfand)",Nein,Dieses Angebot findest du vom 16.04. bis 22.04. in deiner Kaufland-Filiale.,2026-04-16,2026-04-22,../images/kaufland/kaufland_offer_234.jpg,"cat_getraenke,sub_kaese,sub_milchprodukte,tag_ultra_processed",,,ref_000243,obs_0000015907|obs_0000013288|obs_0000011122|obs_0000014847|obs_0000010304|obs_0000027315|obs_0000005644,obs_0000015907|obs_0000013288|obs_0000005644|obs_0000011122|obs_0000027315|obs_0000014847|obs_0000010304,,
Parkside Performance,Kunststoffpflege,"€ 3,99",,"1 l = 7,98","1 l = 7,98","Pflegt Kunststoffoberflächen innen und außen Verleiht einen neuen, seidigen Glanz Mit Tiefenwirkung Wirkt wasserabweisend und antistatisch",Nein,Dieses Angebot findest du vom 16.04. bis 22.04. in deiner Kaufland-Filiale.,2026-04-16,2026-04-22,../images/kaufland/kaufland_offer_580.jpg,cat_non_food,,,ref_000244,,,,x
MILRAM,Körniger Frischkäse,"€ 1,29","€ 1,69","1 kg = 6,45","1 kg = 6,45",10 % Fett i. Tr.,Nein,Dieses Angebot findest du vom 16.04. bis 22.04. in deiner Kaufland-Filiale.,2026-04-16,2026-04-22,../images/kaufland/kaufland_offer_138.jpg,"cat_molkerei_kaese,sub_kaese,sub_milchprodukte",,,ref_000245,obs_0000009739|obs_0000009275|obs_0000008311|obs_0000018437|obs_0000022111|obs_0000003254|obs_0000002331|obs_0000002443|obs_0000026562|obs_0000010634|obs_0000022581|obs_0000024194|obs_0000000666|obs_0000033993|obs_0000011477|obs_0000023770|obs_0000031499|obs_0000030175|obs_0000019964|obs_0000000519|obs_0000005160|obs_0000016946|obs_0000026675|obs_0000017482|obs_0000022604|obs_0000017513|obs_0000018043|obs_0000022149|obs_0000028302|obs_0000025259|obs_0000020143|obs_0000018636|obs_0000022250|obs_0000018668|obs_0000027893|obs_0000019721|obs_0000029471|obs_0000022312|obs_0000024882|obs_0000010048|obs_0000024407|obs_0000009596|obs_0000002951|obs_0000003481|obs_0000019362|obs_0000023986|obs_0000020962|obs_0000017894|obs_0000006451|obs_0000030188,obs_0000018437|obs_0000009739|obs_0000022581|obs_0000009275|obs_0000022111|obs_0000008311|obs_0000024194|obs_0000000666|obs_0000003254|obs_0000033993|obs_0000023770|obs_0000031499|obs_0000002331|obs_0000010634|obs_0000002443|obs_0000026562|obs_0000030175|obs_0000019964,,
DAFGARDS,Köttbullar oder Falafel,"€ 6,99","€ 9,99","pro Einheit = 1,00","pro Einheit = 1,00",fertig gebraten,Nein,Dieses Angebot findest du vom 16.04. bis 22.04. in deiner Kaufland-Filiale.,2026-04-16,2026-04-22,../images/kaufland/kaufland_offer_155.jpg,"cat_tiefkuehl,diet_vegetarian,tag_ultra_processed",,,ref_000246,obs_0000011052|obs_0000015257|obs_0000008603,obs_0000011052|obs_0000015257,,
SILVERCREST,Küchenmesser-Set,"€ 3,99",,"pro Einheit = 2,00","pro Einheit = 2,00","Vorbereitungs- und Gemüsemesser Aus Edelstahl Kurze Klingen ca. 13 und 9 cm Ideal zum zum Schneiden, Schälen, Vorbereiten Langanhaltende Klingenschärfe Ergonomisch geformte Griffe Spülmaschinengeeignet",Nein,Dieses Angebot findest du vom 16.04. bis 22.04. in deiner Kaufland-Filiale.,2026-04-16,2026-04-22,../images/kaufland/kaufland_offer_381.jpg,cat_non_food,,,ref_000247,obs_0000018630,obs_0000018630,,
SILVERCREST,Kühl-Lunchboxen,"€ 7,99",,"pro Einheit = 2,00","pro Einheit = 2,00","Aus Kunststoff Fest schließende Klappdeckel Mit Kühlkissen im Boden Spülmaschinengeeignet (ohne Kühlkissen) Nutzvolumen je ca. 0,8 l Fassungsvermögen je max. 0,9 l Größe je ca. B 19 x H 6,8 x T 14 cm 3 Jahre Garantie",Nein,Dieses Angebot findest du vom 16.04. bis 22.04. in deiner Kaufland-Filiale.,2026-04-16,2026-04-22,../images/kaufland/kaufland_offer_385.jpg,cat_non_food,,,ref_000248,,,,
SILVERCREST,Kühl-Partycontainer,"€ 7,99",,"pro Einheit = 7,99","pro Einheit = 7,99",Aus Kunststoff Sicherer Transportverschluss Mit 2 Kühlkissen im Boden Spülmaschinengeeignet (ohne Kühlkissen) Größe ca. B 44 x H 12 x T 30 cm 3 Jahre Garantie,Nein,Dieses Angebot findest du vom 16.04. bis 22.04. in deiner Kaufland-Filiale.,2026-04-16,2026-04-22,../images/kaufland/kaufland_offer_386.jpg,cat_non_food,,,ref_000249,,,,
SILVERCREST,Kühl-Tortenglocke,"€ 7,99",,"pro Einheit = 7,99","pro Einheit = 7,99",Aus Kunststoff Sicherer Transportverschluss Mit Kühlkissen im Boden Spülmaschinengeeignet (ohne Kühlkissen) Größe ca. Ø 34/38 x H 16 cm 3 Jahre Garantie,Nein,Dieses Angebot findest du vom 16.04. bis 22.04. in deiner Kaufland-Filiale.,2026-04-16,2026-04-22,../images/kaufland/kaufland_offer_384.jpg,cat_non_food,,,ref_000250,,,,
SPICE SOUL,Kühlschrank-Organizer,"€ 2,69",,"pro Einheit = 2,00","pro Einheit = 2,00",Aus Kunststoff Temperaturbeständig von 0 bis 40 °C Fassungsvermögen je ca. 3 l Größe je ca. B 31 x H 9 x T 14 cm 3 Jahre Garantie,Nein,Dieses Angebot findest du vom 16.04. bis 22.04. in deiner Kaufland-Filiale.,2026-04-16,2026-04-22,../images/kaufland/kaufland_offer_452.jpg,cat_non_food,,,ref_000251,obs_0000023116|obs_0000033296|obs_0000023351|obs_0000001361|obs_0000016282,obs_0000023116,,
Parkside Performance,Lackpolitur,"€ 3,99",,"1 l = 7,98","1 l = 7,98",Wirkt glanz- und farbauffrischend Schützt und konserviert Für Lack und Chrom Auch für matte und leicht verwitterte Lacke Auf nassem und trockenem Lack anwendbar Mit Carnaubawachs,Nein,Dieses Angebot findest du vom 16.04. bis 22.04. in deiner Kaufland-Filiale.,2026-04-16,2026-04-22,../images/kaufland/kaufland_offer_582.jpg,cat_non_food,,,ref_000252,,,,x
Parkside,Lamellenschleifer-Set,"€ 3,99",,"pro Einheit = 10,00","pro Einheit = 10,00","Zum Schleifen von Metall, Holz oder Kunststoff 5 Lamellenschleifer (Ø 31,5 x 10 mm) 5 Lamellenschleifer (Ø 15 x 15 mm) Körnung 80 Für Geradschleifer mit Rundschaftaufnahme Drehzahl max. 25.000 min-1",Nein,Dieses Angebot findest du vom 16.04. bis 22.04. in deiner Kaufland-Filiale.,2026-04-16,2026-04-22,../images/kaufland/kaufland_offer_368.jpg,cat_non_food,,,ref_000253,,,,x
Parkside,LED-Akku-Klappleuchte PSDD 2000 A3,"€ 7,99",,"pro Einheit = 7,99","pro Einheit = 7,99",Leistungsstarke COB-LEDs Helligkeit stufenlos einstellbar Lichtstrom max. 600 lm Farbtemperatur 6.500 K Robustes Gehäuse mit Softgrip-Ausstattung Leuchtkopf klappbar Magnetfuß mit Kugelgelenk und Aufhängebügel Leuchtdauer ca. 1 h Akku-Ladestatusanzeige Inkl. USB-C-Ladekabel 3 Jahre Garantie,Nein,Dieses Angebot findest du vom 16.04. bis 22.04. in deiner Kaufland-Filiale.,2026-04-16,2026-04-22,../images/kaufland/kaufland_offer_369.jpg,cat_non_food,,,ref_000254,obs_0000024856,,,x
Parkside Performance,Lederpflege,"€ 3,99",,"1 l = 7,98","1 l = 7,98",Schützt Leder vor Verspröden und Ausbleichen Hält Leder und Kunstleder geschmeidig Für Kunst- und alle Glattleder im Auto geeignet Reduziert Schmutzanhaftung,Nein,Dieses Angebot findest du vom 16.04. bis 22.04. in deiner Kaufland-Filiale.,2026-04-16,2026-04-22,../images/kaufland/kaufland_offer_581.jpg,cat_non_food,,,ref_000255,,,,x
LINDT,Lindor,"€ 4,99",,"1 kg = 24,95","1 kg = 24,95",versch. Sorten,Nein,Dieses Angebot findest du vom 16.04. bis 22.04. in deiner Kaufland-Filiale.,2026-04-16,2026-04-22,../images/kaufland/kaufland_offer_221.jpg,"cat_knabbern_naschen,tag_ultra_processed",,,ref_000256,obs_0000011960|obs_0000009929|obs_0000012391|obs_0000008176|obs_0000009465|obs_0000014599|obs_0000027012|obs_0000009633|obs_0000014281|obs_0000012409|obs_0000013297|obs_0000010311|obs_0000032174|obs_0000032697|obs_0000006034|obs_0000007280,obs_0000032174|obs_0000011960|obs_0000032697|obs_0000009929|obs_0000012391|obs_0000008176|obs_0000009465,,
TANQUERAY,London Dry Gin,"€ 15,99",,"1 l = 22,85","1 l = 22,85","vierfach destilliert, besonders trocken und rein, 43,1 Vol. %",Nein,Dieses Angebot findest du vom 16.04. bis 22.04. in deiner Kaufland-Filiale.,2026-04-16,2026-04-22,../images/kaufland/kaufland_offer_244.jpg,cat_getraenke,,,ref_000257,obs_0000012864|obs_0000008385|obs_0000016107|obs_0000014631|obs_0000011573|obs_0000013765|obs_0000034843|obs_0000008342|obs_0000017090|obs_0000016177|obs_0000016267|obs_0000017315|obs_0000014250|obs_0000009168|obs_0000010741|obs_0000030760|obs_0000006210|obs_0000011130|obs_0000035048|obs_0000021131|obs_0000021753|obs_0000032028|obs_0000020312|obs_0000023420|obs_0000013385|obs_0000012420|obs_0000015059|obs_0000007656|obs_0000019615|obs_0000026929|obs_0000015697,obs_0000034843|obs_0000030760|obs_0000012864|obs_0000008342|obs_0000008385|obs_0000017090|obs_0000016107|obs_0000014631|obs_0000016177|obs_0000011573|obs_0000016267|obs_0000017315|obs_0000014250|obs_0000013765|obs_0000009168|obs_0000010741,,
AHEAD,Low Sugar Gummies,"€ 1,39","€ 1,75","1 kg = 27,80","1 kg = 27,80","Fruchtgummi, versch. Sorten",Nein,Dieses Angebot findest du vom 16.04. bis 22.04. in deiner Kaufland-Filiale.,2026-04-16,2026-04-22,../images/kaufland/kaufland_offer_230.jpg,"cat_knabbern_naschen,tag_ultra_processed",,,ref_000258,obs_0000011554|obs_0000017623,obs_0000011554,,
DR OETKER,Löffelglück Fruchtgrütze,"€ 1,99","€ 2,99","1 kg = 4,98","1 kg = 4,98",versch. Sorten,Nein,Dieses Angebot findest du vom 16.04. bis 22.04. in deiner Kaufland-Filiale.,2026-04-16,2026-04-22,../images/kaufland/kaufland_offer_125.jpg,"cat_molkerei_kaese,tag_ultra_processed",,,ref_000259,obs_0000013766|obs_0000012793,obs_0000007347|obs_0000005343,,
Parkside,Magnethaken,"€ 4,99",,"pro Einheit = 16,00","pro Einheit = 16,00","Zum Halten von Dokumenten, Memos, Fotos etc. Magnetische Haftkraft horizontal je ca. 4,6 kg Magnetische Haftkraft vertikal je ca. 1,6 kg Hitzebeständig bis 80 °C Korrosionsbeständig Inkl. Aufbewahrungsbox",Nein,Dieses Angebot findest du vom 16.04. bis 22.04. in deiner Kaufland-Filiale.,2026-04-16,2026-04-22,../images/kaufland/kaufland_offer_361.jpg,cat_non_food,,,ref_000260,,,,x
Parkside,Magnethalter mit Clip,"€ 4,99",,"pro Einheit = 4,00","pro Einheit = 4,00","Zum Halten von Dokumenten, Memos, Fotos etc. Magnetische Haftkraft je ca. 1,3 kg Hitzebeständig bis 80 °C Korrosionsbeständig",Nein,Dieses Angebot findest du vom 16.04. bis 22.04. in deiner Kaufland-Filiale.,2026-04-16,2026-04-22,../images/kaufland/kaufland_offer_360.jpg,cat_non_food,,,ref_000261,,,,x
Keine Marke,Marokk Stangenbohnen oder Buschbohnen,"€ 1,99","€ 3,49","1 kg = 3,98","1 kg = 3,98",Kl. I,Nein,Dieses Angebot findest du vom 16.04. bis 22.04. in deiner Kaufland-Filiale.,2026-04-16,2026-04-22,../images/kaufland/kaufland_offer_071.jpg,"cat_obst_gemuese,diet_gluten_free,diet_lactose_free,diet_vegan,diet_vegetarian,sub_frisches_gemuese,sub_frisches_obst,sub_huelsenfruechte,tag_ultra_processed,tag_whole_food",,,ref_000262,obs_0000010964|obs_0000010967|obs_0000015315|obs_0000029821|obs_0000014143,,,
Keine Marke,Marokk span Kulturheidelbeeren,"€ 1,49","€ 2,49","1 kg = 11,92","1 kg = 11,92",Kl. I,Nein,Dieses Angebot findest du vom 20.04. bis 22.04. in deiner Kaufland-Filiale.,2026-04-20,2026-04-22,../images/kaufland/kaufland_offer_014.jpg,"cat_obst_gemuese,diet_gluten_free,diet_lactose_free,diet_vegan,diet_vegetarian,sub_exoten,sub_frisches_gemuese,sub_frisches_obst,tag_whole_food",,,ref_000263,obs_0000011395|obs_0000008743|obs_0000009782|obs_0000009312|obs_0000008857|obs_0000014161,,,
Keine Marke,Marokk span Spitzpaprika rot,"€ 1,79","€ 2,79","1 kg = 3,58","1 kg = 3,58",Kl. I,Nein,Dieses Angebot findest du vom 20.04. bis 22.04. in deiner Kaufland-Filiale.,2026-04-20,2026-04-22,../images/kaufland/kaufland_offer_018.jpg,"cat_obst_gemuese,diet_gluten_free,diet_lactose_free,diet_vegan,diet_vegetarian,sub_frisches_gemuese,sub_frisches_obst,tag_whole_food",,,ref_000264,obs_0000013303|obs_0000012231|obs_0000005124|obs_0000000878|obs_0000008759,obs_0000013303,,
NORDSEE,Matjesfilets,"€ 2,99","€ 3,69","1 kg = 12,11 - 14,95","1 kg = 12,11 - 14,95","nach nordischer Art, mit milder Rauchnote oder mit Sauce Sylter Art",Nein,Dieses Angebot findest du vom 20.04. bis 22.04. in deiner Kaufland-Filiale.,2026-04-20,2026-04-22,../images/kaufland/kaufland_offer_676.jpg,"cat_fisch_meeresfruechte,diet_lactose_free,tag_ultra_processed",,,ref_000265,obs_0000015836|obs_0000003474|obs_0000017582|obs_0000025292|obs_0000002277|obs_0000033952|obs_0000034764|obs_0000031758,obs_0000003474|obs_0000017582|obs_0000025292|obs_0000015836|obs_0000002277,,
KIDS WORLD,Maxi-Snack,"€ 3,99",,"1 kg = 24,94","1 kg = 24,94","Quarkdessert + Stofftier »PAW Patrol« oder »Peppa Pig«, versch. Ausführungen",Nein,Dieses Angebot findest du vom 16.04. bis 22.04. in deiner Kaufland-Filiale.,2026-04-16,2026-04-22,../images/kaufland/kaufland_offer_124.jpg,"cat_molkerei_kaese,tag_ultra_processed",,,ref_000266,obs_0000025802|obs_0000017698|obs_0000015693|obs_0000018804|obs_0000014824,,,
DRABEST,Mehrzweckleiter 3x7,"€ 79,99","€ 79,99","pro Einheit = 79,99","pro Einheit = 79,99","Anstell-, Steh- und Schiebeleiter Aus stanggepresstem Aluminium Besonders leicht und stabil Mit 3 Teilen je 7 Stufen Rutschfeste Klemmfüße Mit Klapp- und Einfahrsicherung Robuste Haken und automatische Schlösser Arbeitshöhe max. 4,23 m Belastbarkeit max. 150 kg Gewicht ca. 9 kg Größe eingefahren ca. B 46 x H 190 x T 13 cm",Nein,Dieses Angebot findest du vom 16.04. bis 22.04. in deiner Kaufland-Filiale.,2026-04-16,2026-04-22,../images/kaufland/kaufland_offer_337.jpg,cat_non_food,,,ref_000267,,,,
SPICE SOUL,Mikrowellendosen-Set,"€ 4,99",,"pro Einheit = 3,00","pro Einheit = 3,00","Aus Kunststoff Ideal zum Frischhalten, Einfrieren und Aufwärmen Deckel mit Klickverschlüssen, Mikrowellenventil In 3 Größen, platzsparend ineinander stapelbar Größe (L) ca. Ø 20 x 11 cm (ca. 2 l) Größe (M) ca. Ø 17 x 9 cm (ca. 1 l) Größe (S) ca. Ø 14 x 8 cm (ca. 0,6 l) Temperaturbeständig von -20 bis 100 °C Mikrowellengeeignet (mit geöffnetem Ventil) Spülmaschinengeeignet 3 Jahre Garantie",Nein,Dieses Angebot findest du vom 16.04. bis 22.04. in deiner Kaufland-Filiale.,2026-04-16,2026-04-22,../images/kaufland/kaufland_offer_453.jpg,cat_non_food,,,ref_000268,,,,
EXQUISA,Milder Skyr Natur,"€ 1,49",,"1 kg = 3,73 - 3,98","1 kg = 3,73 - 3,98","nach isländischer Tradition, auch laktosefrei",Nein,Dieses Angebot findest du vom 16.04. bis 22.04. in deiner Kaufland-Filiale.,2026-04-16,2026-04-22,../images/kaufland/kaufland_offer_118.jpg,"cat_molkerei_kaese,diet_vegetarian,sub_joghurt_skyr_quark,sub_milchprodukte,tag_high_protein,tag_proteinreich",,,ref_000269,obs_0000033797|obs_0000021512|obs_0000034383|obs_0000014939|obs_0000000634|obs_0000020693|obs_0000027871|obs_0000025357|obs_0000011028|obs_0000001871|obs_0000019791|obs_0000030179|obs_0000028831|obs_0000017572|obs_0000028889|obs_0000004900|obs_0000001347|obs_0000001901|obs_0000004473|obs_0000003453|obs_0000009644|obs_0000004046|obs_0000002541,,,
KNOPPERS,Minis,"€ 1,99",,"1 kg = 9,95","1 kg = 9,95",Original,Nein,Dieses Angebot findest du vom 16.04. bis 22.04. in deiner Kaufland-Filiale.,2026-04-16,2026-04-22,../images/kaufland/kaufland_offer_225.jpg,"cat_knabbern_naschen,diet_vegetarian,tag_ultra_processed",,,ref_000270,obs_0000012394|obs_0000013779|obs_0000019480|obs_0000025627|obs_0000015901|obs_0000019541|obs_0000025800|obs_0000024884|obs_0000016191|obs_0000011085|obs_0000022992|obs_0000013309|obs_0000022527|obs_0000017921|obs_0000012802|obs_0000027652|obs_0000014861|obs_0000001550|obs_0000004111|obs_0000004633|obs_0000008732|obs_0000027681|obs_0000022061|obs_0000010298|obs_0000034379|obs_0000020557|obs_0000004206|obs_0000025211|obs_0000001186|obs_0000001189|obs_0000011962|obs_0000003779|obs_0000003791|obs_0000014554|obs_0000001759|obs_0000033009|obs_0000004850|obs_0000006386|obs_0000021245|obs_0000006923|obs_0000033553|obs_0000026916|obs_0000035089|obs_0000017711|obs_0000034613|obs_0000014139|obs_0000000326|obs_0000004423|obs_0000022862|obs_0000004965,obs_0000019480|obs_0000025627|obs_0000015901|obs_0000019541|obs_0000012394|obs_0000025800|obs_0000024884|obs_0000016191|obs_0000011085|obs_0000022992|obs_0000013779|obs_0000013309|obs_0000022527,,
Nestlé,Mix-in Joghurt XXL,"€ 3,79",,"1 kg = 5,27 - 5,50","1 kg = 5,27 - 5,50","mit Smarties, Lion Cereals oder KitKat",Nein,Dieses Angebot findest du vom 16.04. bis 22.04. in deiner Kaufland-Filiale.,2026-04-16,2026-04-22,../images/kaufland/kaufland_offer_122.jpg,"cat_molkerei_kaese,diet_vegetarian,sub_joghurt_skyr_quark,sub_milchprodukte,tag_ultra_processed",,,ref_000271,obs_0000009169|obs_0000009651|obs_0000011879|obs_0000020355|obs_0000021174|obs_0000021915|obs_0000024700|obs_0000008703|obs_0000025171|obs_0000017127|obs_0000025392|obs_0000033696|obs_0000009180|obs_0000025811|obs_0000009663|obs_0000034580|obs_0000026710|obs_0000019794|obs_0000020687|obs_0000020689|obs_0000028966|obs_0000012763|obs_0000021506|obs_0000021508|obs_0000013967|obs_0000023030|obs_0000023284|obs_0000015673,obs_0000009169|obs_0000009651|obs_0000011879,,x
GARNIER,Mizellen-Reinigungswasser,"€ 2,99","€ 3,95","1 l = 7,48","1 l = 7,48","entfernt Make-up, versch. Sorten",Nein,Dieses Angebot findest du vom 16.04. bis 22.04. in deiner Kaufland-Filiale.,2026-04-16,2026-04-22,../images/kaufland/kaufland_offer_298.jpg,cat_drogerie,,,ref_000272,,,,
Parkside,Montage-Rollbrett und Werkstatthocker 2 in 1,"€ 24,99",,"pro Einheit = 24,99","pro Einheit = 24,99","Für Montagearbeiten unter Fahrzeugen In wenigen Schritten zum Hocker verstellbar Mit gepolsterten Kopf-, Sitz- und Liegeflächen 6 schwenkbare Rollen Belastbarkeit max. 150 bzw. 120 kg Inkl. 2 Gabelschlüsseln und Sechskantschlüssel 3 Jahre Garantie",Nein,Dieses Angebot findest du vom 16.04. bis 22.04. in deiner Kaufland-Filiale.,2026-04-16,2026-04-22,../images/kaufland/kaufland_offer_338.jpg,cat_non_food,,,ref_000273,obs_0000016895|obs_0000017216,obs_0000017941,,x
ZOTT,Monte Snack,"€ 1,99","€ 2,99","1 kg = 8,58","1 kg = 8,58",Milchcreme & Schoko-Nuss,Nein,Dieses Angebot findest du vom 16.04. bis 22.04. in deiner Kaufland-Filiale.,2026-04-16,2026-04-22,../images/kaufland/kaufland_offer_123.jpg,"cat_molkerei_kaese,diet_vegetarian,sub_milchprodukte,sub_sahne_creme,tag_ultra_processed",,,ref_000274,obs_0000019979|obs_0000016980|obs_0000021646|obs_0000010937|obs_0000025328|obs_0000020827|obs_0000009846|obs_0000009385|obs_0000011038|obs_0000019311|obs_0000012680|obs_0000001955|obs_0000005913|obs_0000025802|obs_0000017698|obs_0000015693|obs_0000018804|obs_0000014824,obs_0000019979|obs_0000016980|obs_0000021646|obs_0000010937|obs_0000025328|obs_0000005913|obs_0000020827,,
CASTROL,Motorenöl 5W-30 LL EDGE,"€ 54,99","€ 124,99","1 l = 9,17","1 l = 9,17","Vollsynthetisches Höchstleistungs-Motorenöl Für Benzin-, Diesel- und Hybridfahrzeuge Bundle mit 5 + 1 l",Nein,Dieses Angebot findest du vom 16.04. bis 22.04. in deiner Kaufland-Filiale.,2026-04-16,2026-04-22,../images/kaufland/kaufland_offer_553.jpg,"cat_grundnahrung,diet_gluten_free,diet_lactose_free,diet_vegan,diet_vegetarian",,,ref_000275,obs_0000012173|obs_0000010034|obs_0000014799|obs_0000009584,,,
K-CLASSIC,Mozzarella XXL,"€ 2,99",,"1 kg = 5,98","1 kg = 5,98","gerieben, 45 % Fett i. Tr.",Nein,Dieses Angebot findest du vom 16.04. bis 22.04. in deiner Kaufland-Filiale.,2026-04-16,2026-04-22,../images/kaufland/kaufland_offer_135.jpg,"cat_molkerei_kaese,diet_lactose_free,diet_vegetarian,sub_kaese,sub_milchprodukte,tag_ultra_processed",,,ref_000276,obs_0000009408|obs_0000009868|obs_0000011891|obs_0000025413|obs_0000018512|obs_0000018599|obs_0000009077|obs_0000011043|obs_0000017736|obs_0000018709|obs_0000028023|obs_0000003678|obs_0000024894|obs_0000000816|obs_0000033882|obs_0000001647|obs_0000018031|obs_0000018366|obs_0000018430|obs_0000027551|obs_0000027613|obs_0000003623|obs_0000012763|obs_0000013967|obs_0000022241|obs_0000022394|obs_0000022485|obs_0000022609|obs_0000023202|obs_0000023806|obs_0000024234|obs_0000016326,obs_0000025413|obs_0000009077|obs_0000009408|obs_0000009868|obs_0000018512|obs_0000018599|obs_0000011043|obs_0000011891,,
HOSTA,Mr Tom,"€ 1,11",,"1 kg = 9,25","1 kg = 9,25","Erdnuss-Karamell-Riegel, Original oder Salted Caramel",Nein,Dieses Angebot findest du vom 16.04. bis 22.04. in deiner Kaufland-Filiale.,2026-04-16,2026-04-22,../images/kaufland/kaufland_offer_224.jpg,"cat_knabbern_naschen,diet_vegan,diet_vegetarian,sub_nudeln",,,ref_000277,obs_0000013788|obs_0000016772|obs_0000019816|obs_0000009012|obs_0000019806,obs_0000013788,,
Keine Marke,Muffin Yuzu,"€ 1,29",,"pro Einheit = 1,29","pro Einheit = 1,29",mit Mascarpone- und Limetten-Füllung sowie Yuzu-Zubereitung und -Topping verfeinert,Nein,Dieses Angebot findest du vom 16.04. bis 22.04. in deiner Kaufland-Filiale.,2026-04-16,2026-04-22,../images/kaufland/kaufland_offer_179.jpg,"cat_grundnahrung,diet_gluten_free,diet_lactose_free,diet_vegan,diet_vegetarian,sub_exoten,sub_frisches_gemuese,sub_frisches_obst,tag_ultra_processed,tag_whole_food",,,ref_000278,obs_0000029721,,,
SILVERCREST,Multizerkleinerer SMZE 500 EDS,"€ 9,99",,"pro Einheit = 9,99","pro Einheit = 9,99","Mit hochwertigem Mixbehälter aus Glas Ideal für Gemüse, Obst, Kräuter, Nüsse etc. Auch zum Zerkleinern von Eis geeignet Edelstahl-Design Herausnehmbarer Edelstahl-Messereinsatz Mit Emulgieraufsatz zum Schlagen von Sahne Einhandbedienung über Easy-Push-Knöpfe 2 Geschwindigkeitsstufen (5.000/6.300 U/min)t Mit Antirutschring für sicheren Stand Behälter, Messer, Zubehör spülmaschinengeeignet Fassungsvermögen ca. 1,2 l Nutzvolumen ca. 0,5 l 500 W",Nein,Dieses Angebot findest du vom 16.04. bis 22.04. in deiner Kaufland-Filiale.,2026-04-16,2026-04-22,../images/kaufland/kaufland_offer_326.jpg,cat_non_food,,,ref_000279,obs_0000018144,obs_0000020538|obs_0000021357|obs_0000021942,,
LISTERINE,Mundspülung Duo-Pack,"€ 5,99",,"1 l = 5,45","1 l = 5,45","versch. Sorten, 500 ml + 600 ml",Nein,Dieses Angebot findest du vom 16.04. bis 22.04. in deiner Kaufland-Filiale.,2026-04-16,2026-04-22,../images/kaufland/kaufland_offer_300.jpg,"cat_drogerie,tag_ultra_processed",,,ref_000280,obs_0000019462|obs_0000025658|obs_0000002627|obs_0000028825|obs_0000015520|obs_0000004878|obs_0000021262|obs_0000000811|obs_0000008535|obs_0000004451|obs_0000003471|obs_0000011170|obs_0000004024|obs_0000022997|obs_0000020443|obs_0000033399|obs_0000011965|obs_0000023297|obs_0000033606,,,
SPATEN,Münchner Hell,"€ 14,99",,"1 l = 1,50","1 l = 1,50","feinwürzig, vollmundig und mild (+ 3.10 Pfand)",Nein,Dieses Angebot findest du vom 16.04. bis 22.04. in deiner Kaufland-Filiale.,2026-04-16,2026-04-22,../images/kaufland/kaufland_offer_272.jpg,cat_getraenke,,,ref_000281,obs_0000013313|obs_0000028250|obs_0000015504|obs_0000034636|obs_0000010094|obs_0000003504|obs_0000033822|obs_0000035040|obs_0000035050|obs_0000012642|obs_0000005646|obs_0000030393|obs_0000030402|obs_0000029407|obs_0000006908|obs_0000029993|obs_0000029045|obs_0000034841|obs_0000009785|obs_0000031386|obs_0000034475|obs_0000034487|obs_0000009915|obs_0000027350|obs_0000011994|obs_0000006377|obs_0000035038|obs_0000010541|obs_0000014654|obs_0000028550|obs_0000008658|obs_0000028667|obs_0000029258|obs_0000031617,obs_0000013313|obs_0000033822|obs_0000028250|obs_0000015504|obs_0000030393|obs_0000035040|obs_0000035050|obs_0000034636|obs_0000012642|obs_0000010094|obs_0000029045|obs_0000003504,,
Parkside,Nadelfeilen-Set,"€ 4,99",,"pro Einheit = 7,00","pro Einheit = 7,00",Ideal zum Basteln und kreativen Gestalten Je 1 flache Spitzfeile und Vierkantfeile Je 2 Dreikantfeilen und flache Feilen Mit Handgriff,Nein,Dieses Angebot findest du vom 16.04. bis 22.04. in deiner Kaufland-Filiale.,2026-04-16,2026-04-22,../images/kaufland/kaufland_offer_342.jpg,cat_non_food,,,ref_000282,,,,x
FILIPPO BERIO,Natives Olivenöl extra,"€ 4,99","€ 7,49","1 l = 9,98","1 l = 9,98",Classico oder Fruttato,Nein,Dieses Angebot findest du vom 16.04. bis 22.04. in deiner Kaufland-Filiale.,2026-04-16,2026-04-22,../images/kaufland/kaufland_offer_174.jpg,"cat_grundnahrung,diet_gluten_free,diet_lactose_free,diet_vegan,diet_vegetarian",,,ref_000283,obs_0000012351|obs_0000013794|obs_0000015852|obs_0000000536|obs_0000025631|obs_0000000095|obs_0000014985|obs_0000021137|obs_0000020167|obs_0000028880|obs_0000022319|obs_0000011075|obs_0000020318|obs_0000021940|obs_0000025043|obs_0000014304|obs_0000020986|obs_0000008793|obs_0000018950|obs_0000018480|obs_0000005177|obs_0000001216|obs_0000028869|obs_0000003325|obs_0000028952|obs_0000018248|obs_0000033698|obs_0000002495|obs_0000007186|obs_0000005365|obs_0000017481|obs_0000032416|obs_0000008430|obs_0000007957|obs_0000025937|obs_0000008020|obs_0000029019|obs_0000018783|obs_0000032669|obs_0000027595|obs_0000019253|obs_0000032684|obs_0000002069|obs_0000014367|obs_0000011361|obs_0000015501|obs_0000012446|obs_0000009909|obs_0000009444|obs_0000015088,obs_0000018950|obs_0000000536|obs_0000025631|obs_0000018480|obs_0000012351|obs_0000000095|obs_0000014985|obs_0000021137|obs_0000020167|obs_0000028880|obs_0000028952|obs_0000022319|obs_0000011075|obs_0000018248|obs_0000020318|obs_0000021940|obs_0000025043|obs_0000014304|obs_0000013794|obs_0000015852|obs_0000020986,,
D ARBO,Naturrein Konfitüre Extra,"€ 2,99","€ 4,09","1 kg = 6,65","1 kg = 6,65",versch. Sorten,Nein,Dieses Angebot findest du vom 16.04. bis 22.04. in deiner Kaufland-Filiale.,2026-04-16,2026-04-22,../images/kaufland/kaufland_offer_200.jpg,"cat_grundnahrung,diet_vegetarian",,BLS-S132000,ref_000284,obs_0000028231|obs_0000031949|obs_0000007582|obs_0000006652|obs_0000015009|obs_0000026852|obs_0000014194|obs_0000012688|obs_0000010707|obs_0000014805|obs_0000033806|obs_0000009772|obs_0000019590|obs_0000028955|obs_0000034610|obs_0000008019|obs_0000011094|obs_0000032650|obs_0000008202|obs_0000002069|obs_0000014367|obs_0000026193|obs_0000000136|obs_0000015501|obs_0000012446|obs_0000015088|obs_0000016124|obs_0000013624|obs_0000019269|obs_0000011593|obs_0000013180|obs_0000012176|obs_0000013749,obs_0000028231|obs_0000031949|obs_0000007582|obs_0000006652,,
Parkside,Neodym-Magnete,"€ 4,99",,"pro Einheit = 50,00","pro Einheit = 50,00","Zum Halten von Dokumenten, Memos, Fotos etc. Magnetische Haftkraft je ca. 0,6 kg Hitzebeständig bis 80 °C Korrosionsbeständig",Nein,Dieses Angebot findest du vom 16.04. bis 22.04. in deiner Kaufland-Filiale.,2026-04-16,2026-04-22,../images/kaufland/kaufland_offer_359.jpg,cat_non_food,,,ref_000285,obs_0000023064,,,x
K-BLUE BAY,Norweg Lachsfilet-Portionen,"€ 7,99",,"1 kg = 15,98","1 kg = 15,98",mit Haut,Nein,Dieses Angebot findest du vom 16.04. bis 22.04. in deiner Kaufland-Filiale.,2026-04-16,2026-04-22,../images/kaufland/kaufland_offer_116.jpg,"cat_fisch_meeresfruechte,diet_gluten_free,diet_lactose_free,tag_high_protein,tag_proteinreich,tag_whole_food",,,ref_000286,obs_0000012790|obs_0000010448|obs_0000021540|obs_0000018885|obs_0000025684|obs_0000014936|obs_0000019689|obs_0000020721|obs_0000023812|obs_0000023817|obs_0000001421|obs_0000024238|obs_0000024241|obs_0000028347|obs_0000010175|obs_0000031809|obs_0000008391|obs_0000034280|obs_0000014208,obs_0000023812|obs_0000001421|obs_0000024241|obs_0000012790,,
K-CLASSIC,Nudeln,"€ 0,69",,"1 kg = 1,15","1 kg = 1,15","Spaghetti oder Fusilli, aus Hartweizengrieß, ohne Ei",Nein,Dieses Angebot findest du vom 16.04. bis 22.04. in deiner Kaufland-Filiale.,2026-04-16,2026-04-22,../images/kaufland/kaufland_offer_198.jpg,"cat_grundnahrung,diet_gluten_free,diet_lactose_free,diet_vegan,diet_vegetarian,tag_ultra_processed,tag_whole_food",,BLS-C559000,ref_000287,obs_0000015006|obs_0000013802|obs_0000008075|obs_0000008784|obs_0000034832|obs_0000016435|obs_0000022587|obs_0000010359|obs_0000010508|obs_0000010534|obs_0000020863|obs_0000014845|obs_0000002597|obs_0000012850|obs_0000027242|obs_0000019174|obs_0000008987|obs_0000013103|obs_0000011093|obs_0000013247|obs_0000015433|obs_0000015437|obs_0000011531|obs_0000013642|obs_0000013715|obs_0000001448|obs_0000009763|obs_0000017990|obs_0000020044|obs_0000026495|obs_0000008178|obs_0000014390|obs_0000020614|obs_0000006465|obs_0000027166|obs_0000015007|obs_0000006997|obs_0000025498|obs_0000021433|obs_0000011532|obs_0000034077|obs_0000007784|obs_0000034412|obs_0000011938|obs_0000034199|obs_0000031019|obs_0000029673|obs_0000032112|obs_0000032235|obs_0000030336,obs_0000014583|obs_0000008784|obs_0000015006|obs_0000013802|obs_0000010075|obs_0000008075,,
K-CLASSIC,Nuts Royal XXL,"€ 5,99",,"1 kg = 11,98","1 kg = 11,98","Edelnuss-Mischung mit Mandeln, Haselnuss-, Cashew- und Walnusskernen",Nein,Dieses Angebot findest du vom 16.04. bis 22.04. in deiner Kaufland-Filiale.,2026-04-16,2026-04-22,../images/kaufland/kaufland_offer_204.jpg,"cat_grundnahrung,diet_gluten_free,diet_lactose_free,diet_vegan,diet_vegetarian,tag_ultra_processed,tag_whole_food",,,ref_000288,obs_0000010135|obs_0000010716|obs_0000013805|obs_0000015249|obs_0000025016|obs_0000017514|obs_0000018332|obs_0000018841|obs_0000016419|obs_0000017044|obs_0000022957|obs_0000012763|obs_0000013967,obs_0000010716|obs_0000013805|obs_0000015249,,
KINDER Schokolade,oder YOGURETTE Schokoriegel,"€ 1,11",,"1 kg = 11,10","1 kg = 11,10",mit Milchcreme- oder Erdbeer-Joghurt-Füllung,Nein,Dieses Angebot findest du vom 16.04. bis 22.04. in deiner Kaufland-Filiale.,2026-04-16,2026-04-22,../images/kaufland/kaufland_offer_219.jpg,"cat_knabbern_naschen,diet_vegetarian,tag_ultra_processed",,,ref_000289,obs_0000011306|obs_0000024707|obs_0000002189|obs_0000018732|obs_0000008659|obs_0000020991|obs_0000021053|obs_0000025162|obs_0000009124|obs_0000025649|obs_0000001108|obs_0000017554|obs_0000023779|obs_0000001258|obs_0000015897|obs_0000024199|obs_0000011961|obs_0000020172|obs_0000028364|obs_0000018133|obs_0000020234,obs_0000011306,,
ROUGETTE,Ofenkäse,"€ 3,99","€ 5,99","1 kg = 12,47","1 kg = 12,47","versch. Sorten, für 2 - 3 Personen, 60 % Fett i. Tr.",Nein,Dieses Angebot findest du vom 16.04. bis 22.04. in deiner Kaufland-Filiale.,2026-04-16,2026-04-22,../images/kaufland/kaufland_offer_133.jpg,"cat_molkerei_kaese,sub_kaese,sub_milchprodukte",,,ref_000290,obs_0000014853|obs_0000034181|obs_0000028959|obs_0000010167|obs_0000003012|obs_0000011472|obs_0000018904|obs_0000027738|obs_0000015708|obs_0000023649|obs_0000019767|obs_0000016206|obs_0000028781|obs_0000006974|obs_0000005717|obs_0000032538|obs_0000029098|obs_0000030802|obs_0000032086|obs_0000029795,obs_0000014853|obs_0000034181|obs_0000028959|obs_0000010167|obs_0000006974|obs_0000003012|obs_0000011472|obs_0000005717|obs_0000018904|obs_0000027738|obs_0000015708|obs_0000023649,,
GARNIER,Olia dauerhafte Haarfarbe,"€ 5,55",,"pro Einheit = 5,55","pro Einheit = 5,55","mit 60 % Öl, bis zu 100 % Grauabdeckung, versch. Farben",Nein,Dieses Angebot findest du vom 16.04. bis 22.04. in deiner Kaufland-Filiale.,2026-04-16,2026-04-22,../images/kaufland/kaufland_offer_296.jpg,cat_drogerie,,,ref_000291,,,,
DR OETKER,Original Pudding,"€ 0,79","€ 0,99","1 kg = 5,34","1 kg = 5,34",Puddingpulver mit Vanille-Geschmack,Nein,Dieses Angebot findest du vom 16.04. bis 22.04. in deiner Kaufland-Filiale.,2026-04-16,2026-04-22,../images/kaufland/kaufland_offer_203.jpg,"cat_grundnahrung,sub_milchprodukte,sub_sahne_creme,sub_tk_pizza,tag_high_protein,tag_ultra_processed",,,ref_000292,obs_0000025114|obs_0000012304|obs_0000028730|obs_0000020611|obs_0000012423|obs_0000006283|obs_0000026772|obs_0000026832|obs_0000028896|obs_0000035052|obs_0000010509|obs_0000027005|obs_0000027048|obs_0000021000|obs_0000008777|obs_0000021117|obs_0000008906|obs_0000015051|obs_0000017159|obs_0000021430|obs_0000025547|obs_0000033763|obs_0000017384|obs_0000013325|obs_0000015378|obs_0000019505|obs_0000031800|obs_0000025705|obs_0000009334|obs_0000015502|obs_0000027791|obs_0000033975|obs_0000021758|obs_0000005380|obs_0000009525|obs_0000021868|obs_0000017799|obs_0000001428|obs_0000026035|obs_0000034305|obs_0000017931|obs_0000013838|obs_0000022184|obs_0000020181|obs_0000034561|obs_0000009987|obs_0000028429|obs_0000034575|obs_0000007967|obs_0000016167,obs_0000005380|obs_0000007967,,
CAPTAIN MORGAN,Original Spiced Gold Rum-Getränk,"€ 19,99",,"1 l = 13,33","1 l = 13,33","Rum-Getränk aus Jamaica, mit einer aromatischen Vanillenote, 35 Vol. %",Nein,Dieses Angebot findest du vom 16.04. bis 22.04. in deiner Kaufland-Filiale.,2026-04-16,2026-04-22,../images/kaufland/kaufland_offer_247.jpg,"cat_getraenke,diet_lactose_free,diet_vegetarian,tag_ultra_processed",,,ref_000293,obs_0000019783|obs_0000010040|obs_0000009590|obs_0000008235|obs_0000014007|obs_0000026005|obs_0000026672|obs_0000020034|obs_0000018645|obs_0000025395|obs_0000025409|obs_0000010065|obs_0000025440|obs_0000020853|obs_0000009614|obs_0000006555|obs_0000009158|obs_0000031776|obs_0000034007|obs_0000023259|obs_0000017633|obs_0000012629|obs_0000011104|obs_0000026988|obs_0000012669|obs_0000025003|obs_0000013227|obs_0000015276|obs_0000027570|obs_0000010721|obs_0000031712,obs_0000019783,,
Parkside,Packband braun 3 Rollen,"€ 2,49",,"pro Einheit = 0,02","pro Einheit = 0,02",Länge je ca. 66 m Breite je ca. 50 mm,Nein,Dieses Angebot findest du vom 16.04. bis 22.04. in deiner Kaufland-Filiale.,2026-04-16,2026-04-22,../images/kaufland/kaufland_offer_374.jpg,cat_non_food,,,ref_000294,obs_0000002206|obs_0000002757|obs_0000026191,,,x
Parkside,Packband transparent 3 Rollen,"€ 2,49",,"pro Einheit = 0,02","pro Einheit = 0,02",Länge je ca. 66 m Breite je ca. 50 mm,Nein,Dieses Angebot findest du vom 16.04. bis 22.04. in deiner Kaufland-Filiale.,2026-04-16,2026-04-22,../images/kaufland/kaufland_offer_375.jpg,cat_non_food,,,ref_000295,obs_0000002206|obs_0000002757|obs_0000026191,,,x
CONNEMARA,Peated Single Malt Irish Whiskey,"€ 19,99","€ 27,99","1 l = 28,56","1 l = 28,56","aus über Torffeuer gedarrtem, irischem Gerstenmalz hergestellt, mild-rauchig, mit Noten von Honig und süßen Früchten, 40 Vol. %",Nein,Dieses Angebot findest du vom 16.04. bis 22.04. in deiner Kaufland-Filiale.,2026-04-16,2026-04-22,../images/kaufland/kaufland_offer_255.jpg,cat_getraenke,,,ref_000296,obs_0000011979|obs_0000013407|obs_0000016479|obs_0000017011|obs_0000009994|obs_0000009532|obs_0000001959|obs_0000011310|obs_0000008756|obs_0000010336|obs_0000020586|obs_0000034422|obs_0000028811|obs_0000008371|obs_0000015066|obs_0000018216|obs_0000022838|obs_0000027465|obs_0000012631|obs_0000019325|obs_0000021896|obs_0000021405|obs_0000013253|obs_0000026577|obs_0000019442|obs_0000010744,obs_0000011979,,
Keine Marke,Peruan Granatapfel lose,"€ 1,49","€ 1,99","pro Einheit = 1,49","pro Einheit = 1,49",,Nein,Dieses Angebot findest du vom 16.04. bis 22.04. in deiner Kaufland-Filiale.,2026-04-16,2026-04-22,../images/kaufland/kaufland_offer_051.jpg,"cat_obst_gemuese,diet_gluten_free,diet_lactose_free,diet_vegan,diet_vegetarian,sub_exoten,sub_frisches_gemuese,sub_frisches_obst,tag_whole_food",,,ref_000297,obs_0000010971|obs_0000015725|obs_0000017923|obs_0000032324|obs_0000028248|obs_0000021832|obs_0000014306,,,
GIOVANNI RANA,Pfannen-Gnocchi,"€ 1,89","€ 2,99","1 kg = 6,30 - 6,75","1 kg = 6,30 - 6,75",versch. Sorten,Nein,Dieses Angebot findest du vom 20.04. bis 22.04. in deiner Kaufland-Filiale.,2026-04-20,2026-04-22,../images/kaufland/kaufland_offer_017.jpg,"cat_grundnahrung,diet_vegetarian,sub_kartoffeln,sub_nudeln",,,ref_000298,obs_0000026656|obs_0000019691|obs_0000028311|obs_0000028253|obs_0000013663|obs_0000014820|obs_0000011501|obs_0000004877|obs_0000012829|obs_0000027805|obs_0000004023|obs_0000034976|obs_0000010940|obs_0000034386|obs_0000000344|obs_0000003072|obs_0000004450|obs_0000008809,obs_0000026656|obs_0000019691,,
Aus eigener Herstellung,Pfälzer Leberwurst,"€ 0,69","€ 1,39","pro Einheit = 100,00","pro Einheit = 100,00",feinwürzige Kochwurst-Spezialität,Nein,Dieses Angebot findest du vom 20.04. bis 22.04. in deiner Kaufland-Filiale.,2026-04-20,2026-04-22,../images/kaufland/kaufland_offer_006.jpg,"cat_fleisch_wurst,sub_wurst,tag_ultra_processed",,,ref_000299,obs_0000013335|obs_0000006686|obs_0000026179|obs_0000005226|obs_0000027924|obs_0000014176|obs_0000029615|obs_0000010228|obs_0000031233|obs_0000003643|obs_0000014468|obs_0000024223|obs_0000011436|obs_0000023801|obs_0000013053|obs_0000026900|obs_0000028438|obs_0000026452|obs_0000028508|obs_0000010597|obs_0000012655|obs_0000013762|obs_0000028622|obs_0000026066|obs_0000031720|obs_0000019440,obs_0000013335|obs_0000006686|obs_0000026179|obs_0000005226|obs_0000027924|obs_0000014176|obs_0000029615|obs_0000010228,,
Original Wagner,Piccolinis,"€ 4,49",,"1 kg = 6,24","1 kg = 6,24","versch. Sorten, z. B. Salami",Nein,Dieses Angebot findest du vom 16.04. bis 22.04. in deiner Kaufland-Filiale.,2026-04-16,2026-04-22,../images/kaufland/kaufland_offer_152.jpg,"cat_tiefkuehl,sub_tk_fertiggerichte,sub_tk_pizza,tag_ultra_processed",,,ref_000300,obs_0000000919|obs_0000023322|obs_0000001203|obs_0000023643|obs_0000009235|obs_0000021157|obs_0000025676|obs_0000009713|obs_0000020338|obs_0000027978|obs_0000034003|obs_0000022512|obs_0000004646|obs_0000005073|obs_0000003805|obs_0000000480|obs_0000018167|obs_0000004219|obs_0000006317|obs_0000005394|obs_0000005944|obs_0000006846,obs_0000009235|obs_0000000919|obs_0000023322|obs_0000001203|obs_0000023643|obs_0000009713,,x
Popp,Pikanter Brotaufstrich,"€ 0,99","€ 1,89","1 kg = 6,60","1 kg = 6,60",versch. Sorten,Nein,Dieses Angebot findest du vom 20.04. bis 22.04. in deiner Kaufland-Filiale.,2026-04-20,2026-04-22,../images/kaufland/kaufland_offer_008.jpg,"cat_sonstiges,diet_vegan,diet_vegetarian,sub_huelsenfruechte",,BLS-V880100,ref_000301,obs_0000013999|obs_0000010939|obs_0000008542|obs_0000013818|obs_0000034334|obs_0000034763|obs_0000018403|obs_0000010497|obs_0000008458|obs_0000010510|obs_0000015391|obs_0000012207|obs_0000031930|obs_0000013124|obs_0000031182|obs_0000014956|obs_0000023659|obs_0000013042,obs_0000013999|obs_0000010939|obs_0000008542|obs_0000013818,,x
Crivit,Pilk- und Brandungsbox Dorsch Makrele,"€ 9,99",,"pro Einheit = 60,00","pro Einheit = 60,00",Zubehör zum Boots- und Küstenangeln Ideal für Dorsch/Makrele und andere Meeresfische,Nein,Dieses Angebot findest du vom 16.04. bis 22.04. in deiner Kaufland-Filiale.,2026-04-16,2026-04-22,../images/kaufland/kaufland_offer_541.jpg,cat_non_food,,,ref_000302,obs_0000011024,,,x
Jever,Pilsener oder Fun Alkoholfrei,"€ 10,99",,"1 l = 1,10","1 l = 1,10",friesisch-herb (+ 3.10 Pfand),Nein,Dieses Angebot findest du vom 16.04. bis 22.04. in deiner Kaufland-Filiale.,2026-04-16,2026-04-22,../images/kaufland/kaufland_offer_268.jpg,cat_getraenke,,BLS-P163100,ref_000303,obs_0000011769|obs_0000015085|obs_0000015940|obs_0000026579|obs_0000028370|obs_0000029423|obs_0000030721|obs_0000031083|obs_0000007889|obs_0000035045|obs_0000028405|obs_0000028547|obs_0000028664|obs_0000014011|obs_0000015939|obs_0000008415|obs_0000034091|obs_0000034225|obs_0000034637|obs_0000026503|obs_0000034836|obs_0000034842|obs_0000035044|obs_0000011150|obs_0000028988|obs_0000013820|obs_0000014656|obs_0000015503,obs_0000011769|obs_0000014653|obs_0000015085|obs_0000015936|obs_0000015940,,x
RADEBERGER,Pilsner oder Alkoholfrei,"€ 10,49",,"1 l = 1,05","1 l = 1,05",(+ 3.10 Pfand),Nein,Dieses Angebot findest du vom 16.04. bis 22.04. in deiner Kaufland-Filiale.,2026-04-16,2026-04-22,../images/kaufland/kaufland_offer_270.jpg,cat_getraenke,,BLS-P163100,ref_000304,obs_0000014653|obs_0000015936|obs_0000030239|obs_0000033919|obs_0000015092|obs_0000015275|obs_0000011368|obs_0000029988|obs_0000034431|obs_0000012210|obs_0000026911|obs_0000011150|obs_0000031680|obs_0000027852|obs_0000034225|obs_0000015943|obs_0000026430,obs_0000014653|obs_0000015085|obs_0000011769|obs_0000030239|obs_0000015936|obs_0000015940,,
MEZZACORONA,Pinot Grigio Merlot Moscato oder Chardonnay,"€ 3,99",,"1 l = 5,32","1 l = 5,32","Italien, z. B. Pinot Grigio Weiß: angenehm, fein, fruchtig, passt zu hellem Fleisch, Fisch und Vorspeisen; Pinot Grigio auch alkoholreduziert als Rosé mit 9 Vol. %",Nein,Dieses Angebot findest du vom 16.04. bis 22.04. in deiner Kaufland-Filiale.,2026-04-16,2026-04-22,../images/kaufland/kaufland_offer_264.jpg,"cat_getraenke,tag_ultra_processed",,,ref_000305,obs_0000011137|obs_0000012435|obs_0000013822|obs_0000015925|obs_0000013340|obs_0000010750|obs_0000014113|obs_0000034286|obs_0000034040|obs_0000015080|obs_0000023227|obs_0000021890|obs_0000018693|obs_0000020741|obs_0000026501|obs_0000017557|obs_0000008375|obs_0000021560|obs_0000026185|obs_0000035022|obs_0000002164,obs_0000011137|obs_0000012435|obs_0000013822|obs_0000015925,,
Parkside,Polieraufsatz- Schwamm-Set,"€ 3,99",,"pro Einheit = 3,99","pro Einheit = 3,99","Zum Wachsen, Polieren, Versiegeln und Reinigen Mit herkömmlichen Akku-Bohrschraubern verwendbar 5 Polierpads (je ca. Ø 18 cm) in 4 versch. Härtegraden (sehr fein, fein, mittel, grob) 2 Wollpads (je ca. Ø 8 cm) 2 Schleifteller (je ca. Ø 7,5 cm) 2 Adapter (M10)",Nein,Dieses Angebot findest du vom 16.04. bis 22.04. in deiner Kaufland-Filiale.,2026-04-16,2026-04-22,../images/kaufland/kaufland_offer_570.jpg,cat_non_food,,,ref_000306,,,,x
Parkside,Polieraufsätze,"€ 3,99",,"pro Einheit = 5,00","pro Einheit = 5,00","Ideal zum mühelosen Polieren des Autos Kompatibel zu PARKSIDE Poliermaschine »PPM 1200« 5 Polierpads (je ca. Ø 18 cm) in 5 versch. Härtegraden (extra/sehr fein, fein, mittel, grob) Drehzahl max. 1.200 min-1",Nein,Dieses Angebot findest du vom 16.04. bis 22.04. in deiner Kaufland-Filiale.,2026-04-16,2026-04-22,../images/kaufland/kaufland_offer_571.jpg,cat_non_food,,,ref_000307,,,,x
Keine Marke,Poln dtsch Kulturchampignons weiß,"€ 1,79","€ 2,19","1 kg = 4,48","1 kg = 4,48",Kl. I,Nein,Dieses Angebot findest du vom 16.04. bis 22.04. in deiner Kaufland-Filiale.,2026-04-16,2026-04-22,../images/kaufland/kaufland_offer_055.jpg,"cat_obst_gemuese,diet_gluten_free,diet_lactose_free,diet_vegan,diet_vegetarian,sub_frisches_gemuese,sub_pilze,tag_whole_food",,,ref_000308,obs_0000013346|obs_0000011325|obs_0000011406|obs_0000014167|obs_0000009162,,,
Parkside,Polsterbürsten,"€ 3,99",,"pro Einheit = 4,00","pro Einheit = 4,00","Ideal zur gründlichen Reinigung von Autositzen Mit herkömmlichen Akku-Bohrschraubern verwendbar Mit Sechskant-Aufnahme 6,3 mm (1/4 Zoll) Drehzahl max. 1.200 min-1 2 kleine/große Flachbürsten (je ca. 4,8/10 cm)",Nein,Dieses Angebot findest du vom 16.04. bis 22.04. in deiner Kaufland-Filiale.,2026-04-16,2026-04-22,../images/kaufland/kaufland_offer_569.jpg,cat_non_food,,,ref_000309,,,,x
RÜGENWALDER MÜHLE,Pommersche Gutsleberwurst,"€ 1,49","€ 2,39","pro Einheit = 100,00","pro Einheit = 100,00","geräuchert über Pommernbuche, versch. Sorten",Nein,Dieses Angebot findest du vom 16.04. bis 22.04. in deiner Kaufland-Filiale.,2026-04-16,2026-04-22,../images/kaufland/kaufland_offer_113.jpg,"cat_fleisch_wurst,sub_fleischersatz,sub_schwein,sub_wurst,tag_ultra_processed",,,ref_000310,obs_0000008338|obs_0000014236|obs_0000006519|obs_0000029457|obs_0000005596|obs_0000030815,obs_0000028816|obs_0000029457|obs_0000008338|obs_0000014236|obs_0000016161|obs_0000006345|obs_0000006871|obs_0000005596|obs_0000030815|obs_0000006519,,
Crivit,Posen-Grundangelbox Karpfen Aal,"€ 9,99",,"pro Einheit = 78,00","pro Einheit = 78,00","Sorgfältig abgestimmtes Zubehör Ideal für Karpfen, Aal und andere Fischarten Inkl. LED-Leuchtpose (mit Batterie)",Nein,Dieses Angebot findest du vom 16.04. bis 22.04. in deiner Kaufland-Filiale.,2026-04-16,2026-04-22,../images/kaufland/kaufland_offer_545.jpg,"cat_non_food,diet_vegetarian",,,ref_000311,obs_0000006169|obs_0000007808|obs_0000015786,,,x
VITAKRAFT,Po sie,"€ 0,44","€ 0,65","1 kg = 5,18","1 kg = 5,18","Katzen-Nassfutter, versch. Sorten",Nein,Dieses Angebot findest du vom 16.04. bis 22.04. in deiner Kaufland-Filiale.,2026-04-16,2026-04-22,../images/kaufland/kaufland_offer_314.jpg,cat_drogerie,,,ref_000312,obs_0000033000|obs_0000033217|obs_0000030031|obs_0000007118,,,
CARLSBERG,Premium Lager Beer,"€ 14,99","€ 19,99","1 l = 1,50","1 l = 1,50",(+ 3.10 Pfand),Nein,Dieses Angebot findest du vom 16.04. bis 22.04. in deiner Kaufland-Filiale.,2026-04-16,2026-04-22,../images/kaufland/kaufland_offer_269.jpg,cat_getraenke,,,ref_000313,obs_0000013349|obs_0000015667|obs_0000031791|obs_0000031749|obs_0000023590|obs_0000028724|obs_0000031711|obs_0000010230|obs_0000028696|obs_0000031398|obs_0000030397|obs_0000028576|obs_0000032725|obs_0000013830|obs_0000008991|obs_0000011595|obs_0000026617,obs_0000009236|obs_0000013349|obs_0000015667,,
Crivit,Premium-Angel-Set Spin 198,"€ 29,99",,"pro Einheit = 29,99","pro Einheit = 29,99","Ideal zum Forellen- und Barschangeln Angelfertig montierte Carbon-Steckrute Griff aus EVA-Material Edelstahlringe mit hochwertiger Wicklung Stationärrolle mit 3+1 Kugellagern Rücklaufsperre und fein justierbare Frontbremse Klappkurbel mit Soft-Touch-Knauf Übersetzung 5,2 : 1 Angelrolle Größe 2.000 Bespult mit monofiler Angelschnur (0,25 mm) Länge ca. 198 cm (Transportlänge ca. 102 cm) Wurfgewicht 3 bis 15 g 3 Jahre Garantie",Nein,Dieses Angebot findest du vom 16.04. bis 22.04. in deiner Kaufland-Filiale.,2026-04-16,2026-04-22,../images/kaufland/kaufland_offer_543.jpg,cat_non_food,,,ref_000314,obs_0000011595|obs_0000013830,,,x
Crivit,Premium-Angel-Set Spin 240,"€ 29,99",,"pro Einheit = 29,99","pro Einheit = 29,99","Ideal zum Hecht- und Zanderangeln Angelfertig montierte Carbon-Steckrute Griff aus EVA-Material Edelstahlringe mit hochwertiger Wicklung Stationärrolle mit 3+1 Kugellagern Rücklaufsperre und fein justierbare Frontbremse Klappkurbel mit Soft-Touch-Knauf Übersetzung 5,2 : 1 Angelrolle Größe 4.000 Bespult mit monofiler Angelschnur (0,3 mm) Länge ca. 240 cm (Transportlänge ca. 125 cm) Wurfgewicht 15 bis 45 g 3 Jahre Garantie",Nein,Dieses Angebot findest du vom 16.04. bis 22.04. in deiner Kaufland-Filiale.,2026-04-16,2026-04-22,../images/kaufland/kaufland_offer_542.jpg,cat_non_food,,,ref_000315,obs_0000011595|obs_0000013830,,,x
SILVERCREST,Premium-Edelstahlpfanne,"€ 12,99",,"pro Einheit = 12,99","pro Einheit = 12,99","Ideal zum gesundheitsbewussten, fettarmen Braten Hochwertiges Edelstahldesign Ofenfest bis 250 °C Energiesparend durch Kapsel-Sandwichboden Für alle Herdarten geeignet Spülmaschinengeeignet Größe ca. Ø 24 cm Bodenstärke ca. 6 mm",Nein,Dieses Angebot findest du vom 16.04. bis 22.04. in deiner Kaufland-Filiale.,2026-04-16,2026-04-22,../images/kaufland/kaufland_offer_394.jpg,cat_non_food,,,ref_000316,obs_0000011595|obs_0000013830,,,
SILVERCREST,Premium-Edelstahlpfanne beschichtet,"€ 12,99",,"pro Einheit = 12,99","pro Einheit = 12,99","Ideal zum gesundheitsbewussten, fettarmen Braten Langlebige ILAG®-Antihaftbeschichtung Hochwertiges Edelstahldesign Ofenfest bis 250 °C Energiesparend durch Kapsel-Sandwichboden Für alle Herdarten geeignet Spülmaschinengeeignet Größe ca. Ø 24 cm Bodenstärke ca. 6 mm",Nein,Dieses Angebot findest du vom 16.04. bis 22.04. in deiner Kaufland-Filiale.,2026-04-16,2026-04-22,../images/kaufland/kaufland_offer_393.jpg,cat_non_food,,,ref_000317,obs_0000011595|obs_0000013830,,,
KORO,Proteinriegel,"€ 1,79","€ 2,25","1 kg = 32,55","1 kg = 32,55",versch. Sorten,Nein,Dieses Angebot findest du vom 16.04. bis 22.04. in deiner Kaufland-Filiale.,2026-04-16,2026-04-22,../images/kaufland/kaufland_offer_307.jpg,"cat_drogerie,diet_vegetarian,tag_high_protein,tag_proteinreich,tag_ultra_processed",,,ref_000318,obs_0000031780|obs_0000008076|obs_0000014095|obs_0000012030|obs_0000029389|obs_0000005108|obs_0000005103|obs_0000005095|obs_0000005101,obs_0000031780|obs_0000008076|obs_0000014095|obs_0000012030,,
GOLDSTEIG,Protinella,"€ 0,99","€ 1,79","1 kg = 7,92","1 kg = 7,92",Pasta-Filata-Käse in Salzlake,Nein,Dieses Angebot findest du vom 16.04. bis 22.04. in deiner Kaufland-Filiale.,2026-04-16,2026-04-22,../images/kaufland/kaufland_offer_131.jpg,"cat_molkerei_kaese,diet_vegetarian,sub_kaese,sub_milchprodukte,tag_high_protein,tag_proteinreich,tag_ultra_processed",,,ref_000319,obs_0000011041|obs_0000008058|obs_0000005736,obs_0000011041|obs_0000008058,,
Parkside,Präzisions-Bit-Set,"€ 4,99",,"pro Einheit = 32,00","pro Einheit = 32,00","Ideal zum Basteln und kreativen Gestalten 22 Präzisions-Bits 7 Steckschlüssel (2,5/3/3,5/4/4,5/5/5,5 mm) Mit Handgriff, Pinzette und (Ent-)Magnetisierer",Nein,Dieses Angebot findest du vom 16.04. bis 22.04. in deiner Kaufland-Filiale.,2026-04-16,2026-04-22,../images/kaufland/kaufland_offer_339.jpg,cat_non_food,,,ref_000320,obs_0000008476|obs_0000011670|obs_0000019898|obs_0000023434|obs_0000016284,,,x
Parkside,Präzisions-Handbohrer-Set,"€ 4,99",,"pro Einheit = 41,00","pro Einheit = 41,00","Ideal zum Basteln und kreativen Gestalten Für weiche Materialien wie Balsaholz, Kork etc. 40 Bohrer (0,6 - 2,5 mm) für den Handbetrieb Je Größe je 1 x links- und rechtszylindrisch Mit Handgriff",Nein,Dieses Angebot findest du vom 16.04. bis 22.04. in deiner Kaufland-Filiale.,2026-04-16,2026-04-22,../images/kaufland/kaufland_offer_341.jpg,cat_non_food,,,ref_000321,,,,x
WINE VIBES,Qualitätswein,"€ 2,99",,"1 l = 3,99","1 l = 3,99","Cuvée weiß, rosé oder rot, Baden, halbtrocken, z. B. weiß: fruchtig-saftig, passt zu leichten Gerichten und hellem Fleisch",Nein,Dieses Angebot findest du vom 16.04. bis 22.04. in deiner Kaufland-Filiale.,2026-04-16,2026-04-22,../images/kaufland/kaufland_offer_263.jpg,cat_getraenke,,,ref_000322,obs_0000012225|obs_0000011138|obs_0000008721|obs_0000013843|obs_0000013356|obs_0000014641|obs_0000015923|obs_0000011986|obs_0000029082|obs_0000005817|obs_0000006892|obs_0000010752|obs_0000027285|obs_0000015275|obs_0000012210|obs_0000031416|obs_0000029777|obs_0000028130|obs_0000011141|obs_0000015496|obs_0000014642|obs_0000030407|obs_0000007650|obs_0000013033|obs_0000029428|obs_0000031092|obs_0000010751|obs_0000028131|obs_0000029429,obs_0000011138|obs_0000008721|obs_0000013843|obs_0000013356|obs_0000014641|obs_0000015923|obs_0000012225|obs_0000011986,,
FERRERO,Raffaelo- oder Rocher-Eis,"€ 2,99","€ 3,89","1 l = 11,08","1 l = 11,08",die beliebten Klassiker als cremiges Stieleis,Nein,Dieses Angebot findest du vom 16.04. bis 22.04. in deiner Kaufland-Filiale.,2026-04-16,2026-04-22,../images/kaufland/kaufland_offer_146.jpg,"cat_tiefkuehl,diet_vegetarian,tag_ultra_processed",,,ref_000323,obs_0000017086|obs_0000019200|obs_0000011354|obs_0000006581|obs_0000015284|obs_0000031841|obs_0000016364|obs_0000025743|obs_0000025829|obs_0000017710|obs_0000034392|obs_0000018692|obs_0000011490|obs_0000013168,,,
IGLO,Rahm- Buttergemüse oder Grüne Bohnen mit Speck,"€ 2,39","€ 3,29","1 kg = 4,43 - 5,32","1 kg = 4,43 - 5,32","Rahmgemüse, versch. Sorten, auch Rahm-Blattspinat, oder Buttergemüse",Nein,Dieses Angebot findest du vom 16.04. bis 22.04. in deiner Kaufland-Filiale.,2026-04-16,2026-04-22,../images/kaufland/kaufland_offer_148.jpg,"cat_tiefkuehl,diet_gluten_free,diet_vegan,diet_vegetarian,sub_huelsenfruechte,sub_tk_gemuese,tag_ultra_processed",,,ref_000324,,,,
IGLO,Rahm-Spinat,"€ 3,00","€ 3,98","1 kg = 3,00","1 kg = 3,00","mild gewürzt, portionierbar",Nein,Dieses Angebot findest du vom 20.04. bis 22.04. in deiner Kaufland-Filiale.,2026-04-20,2026-04-22,../images/kaufland/kaufland_offer_670.jpg,"cat_tiefkuehl,diet_vegetarian,sub_hackfleisch,sub_sahne_creme,sub_tk_fertiggerichte,sub_tk_gemuese,tag_high_protein",,,ref_000325,obs_0000014341|obs_0000031858|obs_0000010920|obs_0000010490|obs_0000016840|obs_0000023004|obs_0000014848|obs_0000025711|obs_0000020605|obs_0000026393|obs_0000021424|obs_0000030504|obs_0000032098|obs_0000029163|obs_0000033881|obs_0000031908|obs_0000022077|obs_0000018515|obs_0000022918,obs_0000014341|obs_0000004704|obs_0000031858|obs_0000010920|obs_0000004277|obs_0000000707|obs_0000000229|obs_0000010490|obs_0000003850|obs_0000030504|obs_0000032098|obs_0000016840|obs_0000023004|obs_0000029163|obs_0000014848,,
WEIHENSTEPHAN,Rahmjoghurt,"€ 0,49","€ 0,99","1 kg = 3,27","1 kg = 3,27","versch. Sorten, 10 % Fett",Nein,Dieses Angebot findest du vom 16.04. bis 22.04. in deiner Kaufland-Filiale.,2026-04-16,2026-04-22,../images/kaufland/kaufland_offer_120.jpg,"cat_molkerei_kaese,diet_gluten_free,diet_vegetarian,sub_joghurt_skyr_quark,sub_milchprodukte",,,ref_000326,obs_0000001426|obs_0000010914|obs_0000017291,obs_0000017291|obs_0000001426|obs_0000010914,,
TEKIRDAG,Rakisi Gold,"€ 19,99","€ 29,99","1 l = 28,56","1 l = 28,56","türk. Anisspirituose, 45 Vol. %",Nein,Dieses Angebot findest du vom 16.04. bis 22.04. in deiner Kaufland-Filiale.,2026-04-16,2026-04-22,../images/kaufland/kaufland_offer_243.jpg,"cat_getraenke,diet_gluten_free,diet_lactose_free,diet_vegan,diet_vegetarian,tag_ultra_processed",,,ref_000327,obs_0000013358|obs_0000008606|obs_0000031776|obs_0000034007|obs_0000023259|obs_0000012629|obs_0000011104|obs_0000012669|obs_0000013227|obs_0000015276|obs_0000031712|obs_0000010721,obs_0000016424|obs_0000013358|obs_0000025215|obs_0000017043,,
Crivit,Raubfischbox Forelle Barsch,"€ 9,99",,"pro Einheit = 90,00","pro Einheit = 90,00","Zubehör für Angelei mit Natur- und Kunstködern Ideal für Forelle, Barsch und andere Fischarten",Nein,Dieses Angebot findest du vom 16.04. bis 22.04. in deiner Kaufland-Filiale.,2026-04-16,2026-04-22,../images/kaufland/kaufland_offer_538.jpg,cat_fisch_meeresfruechte,,,ref_000328,obs_0000025693|obs_0000020079|obs_0000010047|obs_0000034141|obs_0000009595|obs_0000007046|obs_0000020898|obs_0000007610,,,x
Crivit,Raubfischbox Hecht Zander,"€ 9,99",,"pro Einheit = 59,00","pro Einheit = 59,00","Zubehör für Angelei mit Natur- und Kunstködern Ideal für Hecht, Zander und andere Fischarten",Nein,Dieses Angebot findest du vom 16.04. bis 22.04. in deiner Kaufland-Filiale.,2026-04-16,2026-04-22,../images/kaufland/kaufland_offer_537.jpg,"cat_non_food,tag_ultra_processed",,,ref_000329,,,,x
MY PROJECT,Reifen-Pannenspray,"€ 2,99",,"1 l = 5,98","1 l = 5,98",Sofortige Pannenhilfe für alle Reifenarten Ohne Demontage des Reifens zu verwenden Spray auf Gummibasis Für Notreparaturen an schlauchlosen Reifen,Nein,Dieses Angebot findest du vom 16.04. bis 22.04. in deiner Kaufland-Filiale.,2026-04-16,2026-04-22,../images/kaufland/kaufland_offer_577.jpg,cat_drogerie,,,ref_000330,obs_0000015224,obs_0000015224,,
Parkside Performance,Reifenpflege,"€ 3,99",,"1 l = 7,98","1 l = 7,98",Mit langanhaltendem Pflege-Effekt Erzeugt einen schönen Glanz Schützt vor Umwelteinflüssen Einfache Anwendung durch Aufsprühen,Nein,Dieses Angebot findest du vom 16.04. bis 22.04. in deiner Kaufland-Filiale.,2026-04-16,2026-04-22,../images/kaufland/kaufland_offer_579.jpg,cat_non_food,,,ref_000331,,,,x
SIDOLIN,Reiniger,"€ 1,49","€ 1,95","1 l = 2,98","1 l = 2,98",Glasreiniger Zitrus oder Cristal oder Multiflächen-Reiniger,Nein,Dieses Angebot findest du vom 16.04. bis 22.04. in deiner Kaufland-Filiale.,2026-04-16,2026-04-22,../images/kaufland/kaufland_offer_288.jpg,cat_drogerie,,,ref_000332,obs_0000012011|obs_0000031762|obs_0000013848|obs_0000025004|obs_0000013362|obs_0000019901|obs_0000026432|obs_0000017601|obs_0000027202|obs_0000028357|obs_0000023750|obs_0000010953|obs_0000003536|obs_0000015954|obs_0000024166|obs_0000018411|obs_0000014189|obs_0000033271|obs_0000027513|obs_0000015234|obs_0000015113|obs_0000032033|obs_0000033185|obs_0000013477|obs_0000033073|obs_0000034865|obs_0000016583|obs_0000015960|obs_0000027111|obs_0000008302|obs_0000027756|obs_0000001943|obs_0000002840|obs_0000029085|obs_0000029086|obs_0000032031|obs_0000006948|obs_0000005292|obs_0000033074|obs_0000033203|obs_0000006593|obs_0000002247|obs_0000007499|obs_0000033351|obs_0000034992|obs_0000007504|obs_0000032996|obs_0000030064|obs_0000031094|obs_0000009778,obs_0000031762|obs_0000013848|obs_0000025004|obs_0000013362|obs_0000019901|obs_0000026432|obs_0000017601|obs_0000027202|obs_0000028357|obs_0000023750|obs_0000010953|obs_0000003536|obs_0000015954|obs_0000024166|obs_0000012011|obs_0000018411|obs_0000014189|obs_0000033271|obs_0000027513,,
K-PURLAND,Rinderhackfleisch XXL,"€ 10,39",,"pro Einheit = 1,00","pro Einheit = 1,00",zum Braten,Nein,Dieses Angebot findest du vom 16.04. bis 22.04. in deiner Kaufland-Filiale.,2026-04-16,2026-04-22,../images/kaufland/kaufland_offer_086.jpg,"cat_fleisch_wurst,sub_hackfleisch,sub_rind,sub_schwein,tag_high_protein,tag_proteinreich",,BLS-U020100,ref_000333,obs_0000020145|obs_0000020964|obs_0000021683|obs_0000008682|obs_0000009203|obs_0000010999|obs_0000013853|obs_0000014160|obs_0000015350|obs_0000015745|obs_0000007982|obs_0000008675|obs_0000012763|obs_0000029512|obs_0000005246|obs_0000013967|obs_0000005990|obs_0000007438,obs_0000008682|obs_0000009203|obs_0000010999|obs_0000013853|obs_0000014160|obs_0000015350|obs_0000015745|obs_0000007982,,
K-PURLAND,Rinderschmorbraten aus der Keule vom Jungbullen,"€ 15,99",,"pro Einheit = 15,99","pro Einheit = 15,99","vom Jungbullen, aus der Keule",Nein,Dieses Angebot findest du vom 16.04. bis 22.04. in deiner Kaufland-Filiale.,2026-04-16,2026-04-22,../images/kaufland/kaufland_offer_087.jpg,"cat_fleisch_wurst,sub_rind,sub_schwein,tag_proteinreich",,,ref_000334,obs_0000010997|obs_0000015349|obs_0000015744|obs_0000012301|obs_0000014935|obs_0000015782|obs_0000008629|obs_0000009376|obs_0000014021|obs_0000008237|obs_0000009948,obs_0000010997|obs_0000015349|obs_0000015744,,
FERRERO,Rocher- Raffaello-Schokolade,"€ 1,79","€ 2,29","1 kg = 19,89","1 kg = 19,89","mit cremiger Füllung, versch. Sorten Rocher",Nein,Dieses Angebot findest du vom 16.04. bis 22.04. in deiner Kaufland-Filiale.,2026-04-16,2026-04-22,../images/kaufland/kaufland_offer_218.jpg,"cat_knabbern_naschen,diet_vegetarian,tag_ultra_processed",,,ref_000335,obs_0000020639|obs_0000006581|obs_0000025051|obs_0000017086|obs_0000019200|obs_0000015284|obs_0000021458|obs_0000011354|obs_0000031841|obs_0000016364|obs_0000000091|obs_0000000138|obs_0000004278|obs_0000000230|obs_0000018698|obs_0000010522|obs_0000002336|obs_0000033056|obs_0000031011|obs_0000016691|obs_0000004446|obs_0000008595|obs_0000008610|obs_0000006579|obs_0000022979|obs_0000004705|obs_0000025221|obs_0000008861|obs_0000015026|obs_0000004873|obs_0000021291|obs_0000011112|obs_0000009149|obs_0000019429|obs_0000027700|obs_0000013394|obs_0000015454|obs_0000031849|obs_0000017539|obs_0000025739|obs_0000017595|obs_0000021699|obs_0000017605|obs_0000034013|obs_0000003326|obs_0000017857|obs_0000001524|obs_0000011765|obs_0000011783|obs_0000015893,,,
Keine Marke,Rosen Mixstrauß,"€ 14,99",,"pro Einheit = 14,99","pro Einheit = 14,99",versch. Variationen,Nein,Dieses Angebot findest du vom 16.04. bis 22.04. in deiner Kaufland-Filiale.,2026-04-16,2026-04-22,../images/kaufland/kaufland_offer_066.jpg,"cat_obst_gemuese,diet_gluten_free,diet_lactose_free,diet_vegan,diet_vegetarian,sub_frisches_gemuese,sub_frisches_obst,tag_ultra_processed,tag_whole_food",,,ref_000336,obs_0000009766|obs_0000009302|obs_0000008406,,,
Keine Marke,Rosenbrötchen,"€ 0,29",,"pro Einheit = 0,29","pro Einheit = 0,29",dunkel,Nein,Dieses Angebot findest du vom 16.04. bis 22.04. in deiner Kaufland-Filiale.,2026-04-16,2026-04-22,../images/kaufland/kaufland_offer_184.jpg,"cat_grundnahrung,diet_gluten_free,diet_lactose_free,diet_vegan,diet_vegetarian,tag_ultra_processed,tag_whole_food",,BLS-D7A5500,ref_000337,obs_0000012849|obs_0000011082|obs_0000014157|obs_0000015424,obs_0000012849|obs_0000011082|obs_0000014157|obs_0000015424,,
K-WERTSCHÄTZE,Rostbratwurst,"€ 9,90","€ 12,90","pro Einheit = 9,90","pro Einheit = 9,90","vom Schwein, roh, aus eigener Herstellung",Nein,Dieses Angebot findest du vom 16.04. bis 22.04. in deiner Kaufland-Filiale.,2026-04-16,2026-04-22,../images/kaufland/kaufland_offer_107.jpg,"cat_fleisch_wurst,sub_wurst,tag_ultra_processed",,BLS-W222600,ref_000338,obs_0000013376|obs_0000014464|obs_0000008488|obs_0000023630|obs_0000022632|obs_0000024213|obs_0000005807|obs_0000023789|obs_0000009263|obs_0000029275|obs_0000020645|obs_0000027860|obs_0000034076|obs_0000014109|obs_0000021808|obs_0000030624|obs_0000021464|obs_0000008189|obs_0000018455|obs_0000031271|obs_0000022121|obs_0000029932|obs_0000032056|obs_0000013807,obs_0000013376|obs_0000014464,,
K-CLASSIC,Räucherlachs XXL,"€ 4,29",,"1 kg = 19,50","1 kg = 19,50","traditionell kaltgeräuchert, in Scheiben",Nein,Dieses Angebot findest du vom 16.04. bis 22.04. in deiner Kaufland-Filiale.,2026-04-16,2026-04-22,../images/kaufland/kaufland_offer_162.jpg,"cat_grundnahrung,tag_ultra_processed",,,ref_000339,obs_0000009423|obs_0000009886|obs_0000011910|obs_0000016139|obs_0000003507|obs_0000025269|obs_0000018333|obs_0000016608|obs_0000008702|obs_0000025231|obs_0000017750|obs_0000001935|obs_0000001994|obs_0000002571|obs_0000003427|obs_0000020251|obs_0000028795|obs_0000012763|obs_0000021070|obs_0000013967|obs_0000005956|obs_0000031816,obs_0000009423|obs_0000009886|obs_0000003507|obs_0000011910|obs_0000016139,,
K-PURLAND,Rückensteak Paprika Style,"€ 5,79",,"1 kg = 6,44","1 kg = 6,44","vom Schwein, mariniert",Nein,Dieses Angebot findest du vom 16.04. bis 22.04. in deiner Kaufland-Filiale.,2026-04-16,2026-04-22,../images/kaufland/kaufland_offer_075.jpg,"cat_fleisch_wurst,diet_gluten_free,diet_lactose_free,diet_vegetarian,sub_frisches_gemuese,sub_rind,sub_schwein,tag_high_protein,tag_whole_food",,,ref_000340,,,,
TRIGGIN,Rückenstützgürtel,"€ 9,99","€ 19,99","pro Einheit = 9,99","pro Einheit = 9,99",Bequeme Passform Mit Klettverschluss Kann unter der Kleidung getragen werden Einheitsgröße,Nein,Dieses Angebot findest du vom 16.04. bis 22.04. in deiner Kaufland-Filiale.,2026-04-16,2026-04-22,../images/kaufland/kaufland_offer_532.jpg,cat_non_food,,,ref_000341,,,,
K-CLASSIC,Salami XXL,"€ 1,69",,"1 kg = 7,05","1 kg = 7,05","geräuchert, klassisch oder aus Puten- und Schweinefleisch",Nein,Dieses Angebot findest du vom 16.04. bis 22.04. in deiner Kaufland-Filiale.,2026-04-16,2026-04-22,../images/kaufland/kaufland_offer_100.jpg,"cat_fleisch_wurst,diet_lactose_free,diet_vegetarian,sub_tk_fertiggerichte,sub_wurst,tag_ultra_processed",,BLS-W149300,ref_000342,obs_0000011856|obs_0000009567|obs_0000010021|obs_0000016415|obs_0000025726|obs_0000027978|obs_0000016602|obs_0000008425|obs_0000016755|obs_0000025355|obs_0000017184|obs_0000017375|obs_0000025934|obs_0000034176|obs_0000010234|obs_0000010316|obs_0000002285|obs_0000026898|obs_0000002611|obs_0000019030|obs_0000011010|obs_0000002957|obs_0000003239|obs_0000019666|obs_0000003307|obs_0000028273|obs_0000020407|obs_0000012763|obs_0000021226|obs_0000013967|obs_0000005781|obs_0000031198|obs_0000014932|obs_0000023205|obs_0000023764|obs_0000024186|obs_0000007987|obs_0000008039|obs_0000016328,obs_0000011856,,
K-CLASSIC,Salami-Sticks,"€ 1,49","€ 1,89","1 kg = 14,90","1 kg = 14,90","luftgetrocknete Mini-Salamis mit Edelschimmel, versch. Sorten",Nein,Dieses Angebot findest du vom 20.04. bis 22.04. in deiner Kaufland-Filiale.,2026-04-20,2026-04-22,../images/kaufland/kaufland_offer_671.jpg,"cat_fleisch_wurst,diet_gluten_free,diet_lactose_free,diet_vegetarian,sub_wurst,tag_ultra_processed",,,ref_000343,obs_0000014924|obs_0000011861|obs_0000024649|obs_0000009650|obs_0000016415|obs_0000007056|obs_0000025726|obs_0000022583|obs_0000010316|obs_0000016602|obs_0000008425|obs_0000002285|obs_0000026898|obs_0000016755|obs_0000014804|obs_0000031198|obs_0000002611|obs_0000014932|obs_0000019030|obs_0000023205|obs_0000021226|obs_0000011010|obs_0000025355|obs_0000017184|obs_0000002957|obs_0000017375|obs_0000003239|obs_0000019666|obs_0000003307|obs_0000025934|obs_0000034176|obs_0000015885|obs_0000028273|obs_0000005781|obs_0000007987|obs_0000008039|obs_0000020407|obs_0000016328|obs_0000010234|obs_0000027301,obs_0000024649|obs_0000014924|obs_0000011861,,
KNORR,Salat-Krönung,"€ 0,79",,"1 kg = 14,63 - 16,46","1 kg = 14,63 - 16,46","zum Anrühren, versch. Sorten",Nein,Dieses Angebot findest du vom 16.04. bis 22.04. in deiner Kaufland-Filiale.,2026-04-16,2026-04-22,../images/kaufland/kaufland_offer_190.jpg,"cat_grundnahrung,diet_gluten_free,diet_lactose_free,diet_vegan,diet_vegetarian,sub_salate,tag_ultra_processed",,,ref_000344,obs_0000031024|obs_0000028472|obs_0000031718|obs_0000014311|obs_0000007178|obs_0000032419|obs_0000028995|obs_0000032110|obs_0000030689|obs_0000031318|obs_0000025985|obs_0000022968,obs_0000007178|obs_0000032419|obs_0000031024|obs_0000024881|obs_0000028472|obs_0000028995|obs_0000032110|obs_0000030689|obs_0000031718,,
IBIS,Sandwich-Baguettes XXL,"€ 1,89",,"1 kg = 5,56","1 kg = 5,56",vorgeschnitten,Nein,Dieses Angebot findest du vom 16.04. bis 22.04. in deiner Kaufland-Filiale.,2026-04-16,2026-04-22,../images/kaufland/kaufland_offer_186.jpg,"cat_grundnahrung,diet_vegetarian,sub_tk_fertiggerichte,tag_ultra_processed",,,ref_000345,obs_0000031824|obs_0000015864|obs_0000006315|obs_0000005199|obs_0000018729|obs_0000029355|obs_0000017831|obs_0000016389|obs_0000012342|obs_0000014517|obs_0000031017|obs_0000012763|obs_0000017155|obs_0000027846|obs_0000013967,obs_0000006315|obs_0000029355|obs_0000005199|obs_0000015864,,
K-CLASSIC,Sandwichtoast,"€ 0,89","€ 1,09","1 kg = 1,19","1 kg = 1,19",Weizen oder Vollkorn,Nein,Dieses Angebot findest du vom 20.04. bis 22.04. in deiner Kaufland-Filiale.,2026-04-20,2026-04-22,../images/kaufland/kaufland_offer_684.jpg,"cat_grundnahrung,diet_vegetarian,tag_ultra_processed,tag_whole_food",,,ref_000346,obs_0000009619,obs_0000009619,,
San Lucar,SanLucar Wassermelone oder Ananas,"€ 1,99","€ 2,99","pro Einheit = 1,99","pro Einheit = 1,99",verzehrfertig,Nein,Dieses Angebot findest du vom 16.04. bis 22.04. in deiner Kaufland-Filiale.,2026-04-16,2026-04-22,../images/kaufland/kaufland_offer_069.jpg,"cat_obst_gemuese,diet_gluten_free,diet_lactose_free,diet_vegan,diet_vegetarian,sub_exoten,sub_frisches_obst,tag_whole_food",,,ref_000347,obs_0000007731|obs_0000028967|obs_0000027077|obs_0000031381|obs_0000007137|obs_0000005512|obs_0000014138,,x,
K-PURLAND,Sat -Spieße vom Schweinerücken,"€ 11,97",,"pro Einheit = 4,79","pro Einheit = 4,79","vom Schweinerücken, mit feinwürziger Kräuternote",Nein,Dieses Angebot findest du vom 16.04. bis 22.04. in deiner Kaufland-Filiale.,2026-04-16,2026-04-22,../images/kaufland/kaufland_offer_081.jpg,"cat_fleisch_wurst,diet_gluten_free,diet_lactose_free,sub_rind,sub_schwein,tag_high_protein,tag_proteinreich,tag_whole_food",,,ref_000348,obs_0000008724|obs_0000010991|obs_0000015341|obs_0000015740|obs_0000034926|obs_0000009044|obs_0000013404|obs_0000034128|obs_0000034325,,,
K-CLASSIC,Sauce Hollandaise,"€ 0,79",,"1 l = 2,64","1 l = 2,64","ideal zu Spargel, auch als light",Nein,Dieses Angebot findest du vom 16.04. bis 22.04. in deiner Kaufland-Filiale.,2026-04-16,2026-04-22,../images/kaufland/kaufland_offer_191.jpg,"cat_grundnahrung,diet_lactose_free,diet_vegan,diet_vegetarian,tag_ultra_processed",,BLS-U990400,ref_000349,obs_0000034898|obs_0000015434|obs_0000031029|obs_0000032237|obs_0000006127|obs_0000028755|obs_0000034889|obs_0000034901|obs_0000010474|obs_0000008982|obs_0000013386|obs_0000011915|obs_0000032425,obs_0000034898|obs_0000015434,,
Parkside,Schaber-Set,"€ 1,99",,"pro Einheit = 7,00","pro Einheit = 7,00","Zum Entfernen von Farb-, Tapeten-, Teppichresten Ergonomisch geformte 2-Komponenten-Griffe Mit Aufhänge-Loch Abgeschrägte Schneidekante Farb-/Tapetenschaber ca. 10 cm Inkl. 6 Ersatzklingen 3 Jahre Garantie",Nein,Dieses Angebot findest du vom 16.04. bis 22.04. in deiner Kaufland-Filiale.,2026-04-16,2026-04-22,../images/kaufland/kaufland_offer_358.jpg,cat_non_food,,BLS-U852100,ref_000350,,,,x
MY PROJECT,Scheibenklar,"€ 1,99",,"1 l = 0,40","1 l = 0,40",Für die Scheibenwaschanlage Versch. Duftnoten,Nein,Dieses Angebot findest du vom 16.04. bis 22.04. in deiner Kaufland-Filiale.,2026-04-16,2026-04-22,../images/kaufland/kaufland_offer_584.jpg,"cat_non_food,sub_kaese,sub_milchprodukte",,,ref_000351,obs_0000015226|obs_0000015195|obs_0000015216,,,
Parkside,Schleifstifte-Set,"€ 3,99",,"pro Einheit = 30,00","pro Einheit = 30,00","Zum Schleifen von Metall 10 Zylinderstifte (Ø 10 x 13 mm) 10 Zylinderstifte (Ø 16 x 10 mm) 10 Kegelstifte (Ø 10 x 19,4 mm) Für Geradschleifer mit Rundschaftaufnahme Drehzahl max. 25.000 min-1",Nein,Dieses Angebot findest du vom 16.04. bis 22.04. in deiner Kaufland-Filiale.,2026-04-16,2026-04-22,../images/kaufland/kaufland_offer_366.jpg,cat_non_food,,,ref_000352,,,,x
Parkside,Schlosserhammer,"€ 3,99",,"pro Einheit = 3,99","pro Einheit = 3,99",Geschmiedeter Hammerkopf ca. 300 g Gesamtlänge 30 cm 3 Jahre Garantie,Nein,Dieses Angebot findest du vom 16.04. bis 22.04. in deiner Kaufland-Filiale.,2026-04-16,2026-04-22,../images/kaufland/kaufland_offer_370.jpg,cat_non_food,,,ref_000353,,,,x
K-CLASSIC,Schmelzkäsescheiben,"€ 1,29","€ 1,49","1 kg = 5,16","1 kg = 5,16","8 - 10 Scheiben, einzeln verpackt, versch. Sorten, 28 - 35 % Fett i. Tr.",Nein,Dieses Angebot findest du vom 20.04. bis 22.04. in deiner Kaufland-Filiale.,2026-04-20,2026-04-22,../images/kaufland/kaufland_offer_039.jpg,"cat_molkerei_kaese,sub_kaese,sub_milchprodukte,tag_ultra_processed",,,ref_000354,obs_0000010267|obs_0000014949|obs_0000015807|obs_0000021962|obs_0000018020,obs_0000010267|obs_0000014949|obs_0000015807|obs_0000021962|obs_0000018020,,
WILLMS,Schnelle Küche Schweinemedaillons,"€ 4,99",,"1 kg = 9,98","1 kg = 9,98","in Rahmsauce, mild gewürzt, gegart",Nein,Dieses Angebot findest du vom 16.04. bis 22.04. in deiner Kaufland-Filiale.,2026-04-16,2026-04-22,../images/kaufland/kaufland_offer_079.jpg,"cat_fleisch_wurst,sub_schwein,tag_proteinreich",,,ref_000355,obs_0000010584|obs_0000027644|obs_0000011414|obs_0000007986|obs_0000012265,obs_0000010584,,
KINDER,Schoko-Bons,"€ 2,99",,"1 kg = 14,95","1 kg = 14,95",Schokoladeneier mit Milchcreme und Haselnüssen,Nein,Dieses Angebot findest du vom 16.04. bis 22.04. in deiner Kaufland-Filiale.,2026-04-16,2026-04-22,../images/kaufland/kaufland_offer_226.jpg,"cat_knabbern_naschen,tag_ultra_processed",,,ref_000356,obs_0000024077|obs_0000024708|obs_0000024491|obs_0000022964|obs_0000028227|obs_0000006740|obs_0000021701|obs_0000021208|obs_0000018145|obs_0000014120|obs_0000017732|obs_0000020389|obs_0000019198,obs_0000024077|obs_0000006740|obs_0000024708|obs_0000024491|obs_0000022964,,
PIASTEN,Schoko-Linsen,"€ 1,39","€ 1,79","1 kg = 6,18","1 kg = 6,18",rosa und weiße Schokoladen-Dragees mit Zuckerhülle und Pfefferminzgeschmack,Nein,Dieses Angebot findest du vom 16.04. bis 22.04. in deiner Kaufland-Filiale.,2026-04-16,2026-04-22,../images/kaufland/kaufland_offer_228.jpg,"cat_knabbern_naschen,diet_vegetarian,sub_huelsenfruechte,tag_ultra_processed",,,ref_000357,obs_0000008900|obs_0000011529,obs_0000028817,,
TOBLERONE,Schokolade,"€ 4,00","€ 5,37","1 kg = 13,30","1 kg = 13,30","mit Honig-Mandel-Nougat, versch. Sorten",Nein,Dieses Angebot findest du vom 16.04. bis 22.04. in deiner Kaufland-Filiale.,2026-04-16,2026-04-22,../images/kaufland/kaufland_offer_217.jpg,"cat_knabbern_naschen,diet_vegetarian,tag_ultra_processed",,BLS-S500000,ref_000358,obs_0000011783|obs_0000013879|obs_0000000091|obs_0000025221|obs_0000017595|obs_0000009149|obs_0000015893|obs_0000027700|obs_0000028232|obs_0000013394|obs_0000028244|obs_0000028249|obs_0000015454|obs_0000004705|obs_0000034408|obs_0000031849|obs_0000034411|obs_0000017539|obs_0000000138|obs_0000025739|obs_0000008861|obs_0000015026|obs_0000004278|obs_0000021699|obs_0000017605|obs_0000034013|obs_0000000230|obs_0000018155|obs_0000003326|obs_0000004873|obs_0000018698|obs_0000003851|obs_0000014104|obs_0000010522|obs_0000002336|obs_0000033056|obs_0000031011|obs_0000021291|obs_0000016691|obs_0000004446|obs_0000011112|obs_0000008595|obs_0000008610|obs_0000004019|obs_0000006579|obs_0000010166|obs_0000012219|obs_0000026556|obs_0000017857|obs_0000022979,obs_0000011783|obs_0000015893|obs_0000027700|obs_0000013879|obs_0000028232|obs_0000013394|obs_0000028244|obs_0000028249|obs_0000000091|obs_0000015454|obs_0000004705|obs_0000034408|obs_0000031849|obs_0000034411|obs_0000017539|obs_0000025221|obs_0000000138|obs_0000025739|obs_0000008861|obs_0000015026|obs_0000004278|obs_0000017595|obs_0000021699|obs_0000017605|obs_0000034013|obs_0000000230|obs_0000018155|obs_0000003326|obs_0000004873|obs_0000018698|obs_0000003851|obs_0000014104|obs_0000010522|obs_0000002336|obs_0000033056|obs_0000031011|obs_0000021291|obs_0000016691|obs_0000004446|obs_0000011112|obs_0000008595|obs_0000008610|obs_0000004019|obs_0000006579|obs_0000010166|obs_0000012219|obs_0000026556|obs_0000009149|obs_0000017857|obs_0000022979,,
K-CLASSIC,Schupfnudeln oder Spätzle XXL,"€ 2,99",,"pro Einheit = 1,00","pro Einheit = 1,00",pfannenfertig,Nein,Dieses Angebot findest du vom 16.04. bis 22.04. in deiner Kaufland-Filiale.,2026-04-16,2026-04-22,../images/kaufland/kaufland_offer_158.jpg,"cat_grundnahrung,diet_lactose_free,diet_vegetarian,sub_kartoffeln,tag_ultra_processed",,,ref_000359,obs_0000011906|obs_0000012828|obs_0000009230|obs_0000009710|obs_0000002437|obs_0000012763|obs_0000013967,obs_0000011906|obs_0000012828,,
K-CLASSIC,Schwarzwälder Schinken XXL,"€ 2,49",,"1 kg = 9,96","1 kg = 9,96","von Hand gesalzen, über Tannenholz geräuchert, mehrere Wochen gereift",Nein,Dieses Angebot findest du vom 16.04. bis 22.04. in deiner Kaufland-Filiale.,2026-04-16,2026-04-22,../images/kaufland/kaufland_offer_099.jpg,"cat_fleisch_wurst,sub_schwein,sub_wurst,tag_ultra_processed",,BLS-W442000,ref_000360,obs_0000011855|obs_0000002630|obs_0000003311|obs_0000003899|obs_0000004326|obs_0000004753|obs_0000025276|obs_0000033965|obs_0000001644|obs_0000026362|obs_0000010447|obs_0000011450|obs_0000027841|obs_0000019707|obs_0000028343|obs_0000005410|obs_0000014479|obs_0000031183|obs_0000007217|obs_0000007844|obs_0000025522|obs_0000002548|obs_0000003457|obs_0000019960|obs_0000016624|obs_0000017657|obs_0000034378|obs_0000028387|obs_0000012763|obs_0000013967,obs_0000033965|obs_0000001644|obs_0000026362|obs_0000010447|obs_0000002630|obs_0000011450|obs_0000027841|obs_0000003311|obs_0000011855|obs_0000028343|obs_0000003899|obs_0000004326|obs_0000004753|obs_0000005410|obs_0000014479|obs_0000007217|obs_0000007844,,
K-WERTSCHÄTZE,Schweinefilet,"€ 13,50",,"pro Einheit = 13,50","pro Einheit = 13,50","am Stück oder für Medaillons, aus eigener Herstellung",Nein,Dieses Angebot findest du vom 16.04. bis 22.04. in deiner Kaufland-Filiale.,2026-04-16,2026-04-22,../images/kaufland/kaufland_offer_105.jpg,"cat_fleisch_wurst,sub_schwein",,BLS-U622100,ref_000361,obs_0000013883|obs_0000009573|obs_0000008054|obs_0000000002|obs_0000028675|obs_0000027670|obs_0000020515|obs_0000014905|obs_0000019043|obs_0000025707|obs_0000002156|obs_0000034902|obs_0000008821|obs_0000021627|obs_0000003708|obs_0000016537|obs_0000001195|obs_0000009417|obs_0000009937|obs_0000010461|obs_0000034542|obs_0000028417|obs_0000004898|obs_0000034085|obs_0000020808|obs_0000002901|obs_0000021334|obs_0000017752|obs_0000004471|obs_0000015741|obs_0000028555|obs_0000026057|obs_0000004044|obs_0000007631|obs_0000021967|obs_0000016340|obs_0000003040|obs_0000001519|obs_0000000507|obs_0000034932|obs_0000031106|obs_0000024474|obs_0000019356|obs_0000033722|obs_0000024049|obs_0000014904|obs_0000011840|obs_0000013402|obs_0000010579|obs_0000022952,obs_0000000002|obs_0000028675|obs_0000027670|obs_0000020515|obs_0000014905|obs_0000013883|obs_0000019043|obs_0000025707|obs_0000002156|obs_0000034902|obs_0000008821|obs_0000021627|obs_0000003708|obs_0000016537|obs_0000001195|obs_0000009417|obs_0000009937|obs_0000010461|obs_0000034542|obs_0000028417|obs_0000004898|obs_0000034085|obs_0000020808|obs_0000002901|obs_0000021334|obs_0000017752|obs_0000009573|obs_0000008054|obs_0000004471|obs_0000015741|obs_0000028555|obs_0000026057|obs_0000004044|obs_0000007631|obs_0000021967|obs_0000016340|obs_0000003040|obs_0000001519|obs_0000000507,,
K-PURLAND,Schweinenacken -kamm XXL ohne Knochen,"€ 5,49",,"pro Einheit = 10,98","pro Einheit = 10,98","ohne Knochen, am Stück",Nein,Dieses Angebot findest du vom 16.04. bis 22.04. in deiner Kaufland-Filiale.,2026-04-16,2026-04-22,../images/kaufland/kaufland_offer_084.jpg,"cat_fleisch_wurst,sub_rind,sub_schwein,tag_proteinreich,tag_whole_food",,,ref_000362,obs_0000015344|obs_0000015738|obs_0000011422|obs_0000015771|obs_0000014362|obs_0000009474|obs_0000009617|obs_0000008472|obs_0000020705|obs_0000025537|obs_0000021524|obs_0000030431|obs_0000034537,obs_0000015344|obs_0000011422|obs_0000015738|obs_0000015771,,
K-PURLAND,Schweinerücken,"€ 5,49",,"pro Einheit = 5,49","pro Einheit = 5,49","am Stück, besonders zart",Nein,Dieses Angebot findest du vom 16.04. bis 22.04. in deiner Kaufland-Filiale.,2026-04-16,2026-04-22,../images/kaufland/kaufland_offer_082.jpg,"cat_fleisch_wurst,diet_gluten_free,diet_lactose_free,sub_rind,sub_schwein,tag_high_protein,tag_proteinreich,tag_whole_food",,BLS-U605000,ref_000363,obs_0000008724|obs_0000010991|obs_0000015341|obs_0000015740|obs_0000034926|obs_0000009044|obs_0000013404|obs_0000034128|obs_0000034325|obs_0000009640|obs_0000009366|obs_0000013669,obs_0000034926|obs_0000008472|obs_0000008724|obs_0000010991|obs_0000009044|obs_0000015341|obs_0000013404|obs_0000034128|obs_0000015740|obs_0000009640|obs_0000034325,,
DER SCHARFE MAXX,Schweiz Schnittkäse,"€ 1,99","€ 3,99","pro Einheit = 100,00","pro Einheit = 100,00","aus Rohmilch, extra würzig, 58 % Fett i. Tr.",Nein,Dieses Angebot findest du vom 20.04. bis 22.04. in deiner Kaufland-Filiale.,2026-04-20,2026-04-22,../images/kaufland/kaufland_offer_005.jpg,"cat_fleisch_wurst,sub_kaese,sub_milchprodukte,sub_schwein,tag_ultra_processed",,,ref_000364,obs_0000013885|obs_0000015813|obs_0000010264|obs_0000021017|obs_0000028709|obs_0000014122|obs_0000028586|obs_0000025651|obs_0000013876|obs_0000008758|obs_0000008137|obs_0000020198|obs_0000008439|obs_0000028921|obs_0000008191,obs_0000013885|obs_0000015813,,
Keine Marke,Schweizer Emmentaler AOP,"€ 1,99",,"pro Einheit = 100,00","pro Einheit = 100,00","aus Rohmilch, schnittfähig und geschmeidig, leicht nussig und mild, 45 % Fett i. Tr.",Nein,Dieses Angebot findest du vom 16.04. bis 22.04. in deiner Kaufland-Filiale.,2026-04-16,2026-04-22,../images/kaufland/kaufland_offer_142.jpg,"cat_molkerei_kaese,sub_kaese,sub_milchprodukte,tag_whole_food",,,ref_000365,obs_0000015396|obs_0000012330|obs_0000030876|obs_0000010637|obs_0000032193|obs_0000001559|obs_0000018479|obs_0000031831|obs_0000031880|obs_0000022237|obs_0000002340|obs_0000010030|obs_0000003417|obs_0000009063|obs_0000025531|obs_0000022007|obs_0000018426,obs_0000015396|obs_0000012330|obs_0000030876|obs_0000010637|obs_0000032193,,
FÜRST VON METTERNICH,Sekt,"€ 1,99",,"1 l = 9,95","1 l = 9,95","Riesling oder Chardonnay, trocken",Nein,Dieses Angebot findest du vom 16.04. bis 22.04. in deiner Kaufland-Filiale.,2026-04-16,2026-04-22,../images/kaufland/kaufland_offer_267.jpg,cat_getraenke,,,ref_000366,obs_0000019561|obs_0000012437|obs_0000010911|obs_0000011590|obs_0000015699|obs_0000008047|obs_0000011802|obs_0000017436|obs_0000018465|obs_0000017456|obs_0000003634|obs_0000013889|obs_0000019009|obs_0000031833|obs_0000018037|obs_0000028281|obs_0000000122|obs_0000026289|obs_0000023255|obs_0000027358|obs_0000018687|obs_0000016680|obs_0000015666|obs_0000014644|obs_0000024889|obs_0000026425|obs_0000027487|obs_0000012694|obs_0000002457|obs_0000022430|obs_0000025002|obs_0000001461|obs_0000026048|obs_0000024169|obs_0000009903|obs_0000023745|obs_0000034224|obs_0000032264|obs_0000028182|obs_0000013336|obs_0000015931|obs_0000015933|obs_0000008276|obs_0000023645|obs_0000008803|obs_0000015498|obs_0000013971|obs_0000012436|obs_0000010391|obs_0000031399,obs_0000011802|obs_0000017436|obs_0000018465|obs_0000030763|obs_0000017456|obs_0000003634|obs_0000013889|obs_0000019009|obs_0000029768|obs_0000031833|obs_0000019561|obs_0000024169|obs_0000018037|obs_0000028281|obs_0000000122|obs_0000012437|obs_0000010911|obs_0000026289|obs_0000023745|obs_0000023255|obs_0000027358|obs_0000006891|obs_0000018687|obs_0000032025|obs_0000007461|obs_0000016680|obs_0000015666|obs_0000014644|obs_0000024889|obs_0000026425|obs_0000011590|obs_0000015699|obs_0000027487|obs_0000008047|obs_0000012694|obs_0000002457|obs_0000022430|obs_0000025002|obs_0000001461|obs_0000026048,,
Parkside,Senkkopf-Topfmagnete-Set,"€ 4,99",,"pro Einheit = 36,00","pro Einheit = 36,00","Zum Halten von Dokumenten, Memos, Fotos etc. Je 12 Magnete und Unterlegscheiben 24 Schrauben (M4) Magnetische Haftkraft horizontal je ca. 5,3 kg Magnetische Haftkraft vertikal je ca. 2 kg Hitzebeständig bis 80 °C Korrosionsbeständig Inkl. Aufbewahrungsbox",Nein,Dieses Angebot findest du vom 16.04. bis 22.04. in deiner Kaufland-Filiale.,2026-04-16,2026-04-22,../images/kaufland/kaufland_offer_363.jpg,cat_non_food,,,ref_000367,,,,x
ABRAHAM,Serrano-Schinken,"€ 1,79","€ 2,49","1 kg = 22,38","1 kg = 22,38","luftgetrocknet, mit nussiger Note",Nein,Dieses Angebot findest du vom 20.04. bis 22.04. in deiner Kaufland-Filiale.,2026-04-20,2026-04-22,../images/kaufland/kaufland_offer_666.jpg,"cat_fleisch_wurst,sub_schwein,sub_wurst,tag_ultra_processed",,,ref_000368,obs_0000008893|obs_0000011009|obs_0000031819|obs_0000034378|obs_0000028387|obs_0000032312|obs_0000029838|obs_0000030885|obs_0000029114|obs_0000032186|obs_0000016624|obs_0000007416|obs_0000017657,obs_0000031819|obs_0000008893|obs_0000011009,,
PANTENE PRO-V,Shampoo,"€ 7,99","€ 9,95","pro Einheit = 1,00","pro Einheit = 1,00",versch. Sorten,Nein,Dieses Angebot findest du vom 16.04. bis 22.04. in deiner Kaufland-Filiale.,2026-04-16,2026-04-22,../images/kaufland/kaufland_offer_295.jpg,cat_drogerie,,,ref_000369,obs_0000034854|obs_0000032840|obs_0000019053|obs_0000024178|obs_0000021647|obs_0000010913|obs_0000033460|obs_0000023755|obs_0000021764|obs_0000020828|obs_0000010154|obs_0000028680|obs_0000009796|obs_0000004179|obs_0000033372|obs_0000009325|obs_0000032877|obs_0000033398|obs_0000009955|obs_0000033529|obs_0000034052|obs_0000035066|obs_0000009494|obs_0000033059|obs_0000033092|obs_0000033623|obs_0000011610|obs_0000034662|obs_0000033133|obs_0000033649|obs_0000001916|obs_0000008067|obs_0000028560|obs_0000033168|obs_0000005033|obs_0000000446|obs_0000033215|obs_0000034239|obs_0000033227|obs_0000033237|obs_0000033244|obs_0000004606|obs_0000000808|obs_0000017934|obs_0000032284|obs_0000034858|obs_0000033849|obs_0000032841|obs_0000028256|obs_0000031350,obs_0000028680|obs_0000034854|obs_0000009796|obs_0000032840|obs_0000004179|obs_0000033372|obs_0000009325|obs_0000019053|obs_0000032877|obs_0000024178|obs_0000033398|obs_0000021647|obs_0000010913|obs_0000033460|obs_0000023755|obs_0000009955|obs_0000033529|obs_0000021764|obs_0000034052|obs_0000035066|obs_0000009494|obs_0000033059|obs_0000033092|obs_0000033623|obs_0000011610|obs_0000020828|obs_0000034662|obs_0000033133|obs_0000033649|obs_0000001916|obs_0000030082|obs_0000008067|obs_0000028560|obs_0000033168|obs_0000032148|obs_0000005033|obs_0000010154|obs_0000000446|obs_0000033215|obs_0000034239|obs_0000033227|obs_0000033237|obs_0000033244|obs_0000004606,,
JACK DANIEL S,Single Barrel Select Tennessee-Whiskey,"€ 29,99","€ 35,99","1 l = 42,85","1 l = 42,85","Tennessee-Whiskey, intensiv-würzig, leicht unterschiedliche Geschmacksnuancen, bedingt durch die einzelnen Fassabfüllungen, 45 Vol. %",Nein,Dieses Angebot findest du vom 16.04. bis 22.04. in deiner Kaufland-Filiale.,2026-04-16,2026-04-22,../images/kaufland/kaufland_offer_258.jpg,"cat_getraenke,tag_ultra_processed",,,ref_000370,obs_0000028331|obs_0000001910,,,
ARDBEG TEN ISLAY,Single Malt Scotch Whisky,"€ 39,99","€ 54,99","1 l = 57,13","1 l = 57,13","10 Jahre gereift, extrem trocken, rauchig und sehr torfig, 46 Vol. %",Nein,Dieses Angebot findest du vom 16.04. bis 22.04. in deiner Kaufland-Filiale.,2026-04-16,2026-04-22,../images/kaufland/kaufland_offer_259.jpg,"cat_getraenke,diet_vegetarian",,,ref_000371,obs_0000024920|obs_0000017414|obs_0000021544|obs_0000007258|obs_0000020725|obs_0000007456|obs_0000021815|obs_0000025948|obs_0000007090|obs_0000016836|obs_0000015919|obs_0000006718|obs_0000020036|obs_0000017533|obs_0000019629|obs_0000015074|obs_0000015075|obs_0000007908|obs_0000019243|obs_0000009008|obs_0000027476|obs_0000016229|obs_0000020855|obs_0000006010|obs_0000019846|obs_0000018845|obs_0000025037|obs_0000032741|obs_0000022321|obs_0000022835|obs_0000017864|obs_0000020037|obs_0000020040|obs_0000015490|obs_0000017072|obs_0000015072|obs_0000015073|obs_0000018230|obs_0000016202|obs_0000020856|obs_0000020859|obs_0000008607|obs_0000025011|obs_0000018872|obs_0000025019|obs_0000018878|obs_0000027605|obs_0000019418|obs_0000024593|obs_0000024596,obs_0000009008|obs_0000024920|obs_0000016836,,
GLENFIDDICH,Single Malt Scotch Whisky 12 Jahre,"€ 29,99","€ 37,99","1 l = 42,85","1 l = 42,85","weich, fruchtig und ausgewogen, mit einer charakteristischen Süße und einer feinen Birnen-Note, 40 Vol. %",Nein,Dieses Angebot findest du vom 16.04. bis 22.04. in deiner Kaufland-Filiale.,2026-04-16,2026-04-22,../images/kaufland/kaufland_offer_257.jpg,cat_getraenke,,,ref_000372,obs_0000020036|obs_0000019629|obs_0000020855|obs_0000025037|obs_0000015919|obs_0000020037|obs_0000020856|obs_0000008607|obs_0000018872|obs_0000025019|obs_0000024596|obs_0000017533|obs_0000015074|obs_0000018845|obs_0000015075|obs_0000018689|obs_0000024920|obs_0000017811|obs_0000020040|obs_0000015490|obs_0000017072|obs_0000018230|obs_0000016202|obs_0000024915|obs_0000020859|obs_0000018810|obs_0000025011|obs_0000018878|obs_0000019418|obs_0000017398|obs_0000017414|obs_0000019464|obs_0000021544|obs_0000017449|obs_0000008271|obs_0000007258|obs_0000020725|obs_0000007456|obs_0000021815|obs_0000025948|obs_0000018807|obs_0000007090|obs_0000016836|obs_0000024593|obs_0000014252|obs_0000006718|obs_0000007908|obs_0000019243|obs_0000009008|obs_0000027476,obs_0000020036|obs_0000017533|obs_0000019629|obs_0000015074|obs_0000020855|obs_0000018845|obs_0000025037|obs_0000032741,,
TRI TOP,Sirup,"€ 2,99",,"1 l = 4,99 - 5,98","1 l = 4,99 - 5,98","ergibt ca. 4 - 4,8 l Getränk, versch. Sorten",Nein,Dieses Angebot findest du vom 16.04. bis 22.04. in deiner Kaufland-Filiale.,2026-04-16,2026-04-22,../images/kaufland/kaufland_offer_241.jpg,"cat_getraenke,tag_ultra_processed",,,ref_000373,obs_0000009104|obs_0000014266|obs_0000010950|obs_0000016135|obs_0000027922|obs_0000013408|obs_0000024054|obs_0000024478|obs_0000034849|obs_0000006019|obs_0000010151|obs_0000032719|obs_0000010740|obs_0000006902|obs_0000022582|obs_0000014016,obs_0000006019|obs_0000010950|obs_0000016135|obs_0000009104|obs_0000027922|obs_0000014266|obs_0000013408,,
ALWAYS,Slipeinlagen Big-Pack,"€ 2,49","€ 2,95","pro Einheit = 74,00","pro Einheit = 74,00",versch. Sorten,Nein,Dieses Angebot findest du vom 16.04. bis 22.04. in deiner Kaufland-Filiale.,2026-04-16,2026-04-22,../images/kaufland/kaufland_offer_286.jpg,cat_drogerie,,,ref_000374,obs_0000013409|obs_0000015509|obs_0000010543|obs_0000012638|obs_0000033278|obs_0000001664|obs_0000008207|obs_0000015952|obs_0000012882|obs_0000033444|obs_0000032995|obs_0000012009|obs_0000011601|obs_0000033669,obs_0000013409|obs_0000015509|obs_0000010543|obs_0000012638,,
SILVERCREST,Smoothie-Maker SSME 300,"€ 19,99",,"pro Einheit = 19,99","pro Einheit = 19,99","Für Mixgetränke aus Früchten und Blattgemüse Zubereitung direkt im Trinkbecher Kreuzmesser aus Edelstahl Mit großem und kleinen Trinkbecher inkl. Deckeln Becher, Deckel und Messer spülmaschinengeeignet Einfache Bedienung über Drehregler Sicherheitsabschaltung Antirutschfüße Fassungsvermögen (groß/klein) ca. 800/500 ml Nutzvolumen (groß/klein) ca. 500/300 ml Kabellänge ca. 100 cm 300 W Inkl. Rezeptheft und Kabelclip",Nein,Dieses Angebot findest du vom 16.04. bis 22.04. in deiner Kaufland-Filiale.,2026-04-16,2026-04-22,../images/kaufland/kaufland_offer_324.jpg,cat_non_food,,,ref_000375,obs_0000024751|obs_0000012945|obs_0000002067|obs_0000014395|obs_0000004171|obs_0000012410|obs_0000024721|obs_0000000440|obs_0000004598|obs_0000010948|obs_0000009020|obs_0000005025|obs_0000003462|obs_0000017881|obs_0000022009|obs_0000013892|obs_0000001630|obs_0000034549,obs_0000012945,,
GUSTO,Snacks XXL,"€ 2,99",,"1 kg = 9,97","1 kg = 9,97","versch. Sorten, z. B. Cheese Balls",Nein,Dieses Angebot findest du vom 16.04. bis 22.04. in deiner Kaufland-Filiale.,2026-04-16,2026-04-22,../images/kaufland/kaufland_offer_214.jpg,"cat_knabbern_naschen,diet_vegetarian,tag_ultra_processed",,,ref_000376,obs_0000015452|obs_0000012763|obs_0000013967,obs_0000015452,,
SMILODOX,Sneaker-Socken,"€ 5,99","€ 12,99","pro Einheit = 3,00","pro Einheit = 3,00","Aus Baumwolle, Polyamid und Elastan Größen 35/38 - 43/46",Nein,Dieses Angebot findest du vom 16.04. bis 22.04. in deiner Kaufland-Filiale.,2026-04-16,2026-04-22,../images/kaufland/kaufland_offer_473.jpg,cat_non_food,,,ref_000377,obs_0000012599|obs_0000011300|obs_0000001624|obs_0000023153|obs_0000001144|obs_0000001173|obs_0000024304|obs_0000000756|obs_0000000758|obs_0000000765|obs_0000023885|obs_0000001375|obs_0000001405|obs_0000000967|obs_0000030037,obs_0000012599,,
MY PROJECT,Sommerscheibenklar,"€ 1,99",,"1 l = 0,40","1 l = 0,40",Für die Scheibenwaschanlage Versch. Duftsorten,Nein,Dieses Angebot findest du vom 16.04. bis 22.04. in deiner Kaufland-Filiale.,2026-04-16,2026-04-22,../images/kaufland/kaufland_offer_585.jpg,"cat_non_food,sub_milchprodukte",,,ref_000378,,,,
SUNTAT,Sonnenblumenkerne,"€ 1,99","€ 3,29","1 kg = 4,98","1 kg = 4,98","geröstet und gesalzen, mit Schale",Nein,Dieses Angebot findest du vom 16.04. bis 22.04. in deiner Kaufland-Filiale.,2026-04-16,2026-04-22,../images/kaufland/kaufland_offer_170.jpg,"cat_grundnahrung,diet_gluten_free,diet_lactose_free,diet_vegan,diet_vegetarian,tag_whole_food",,BLS-H430100,ref_000379,obs_0000009797|obs_0000009326|obs_0000008674|obs_0000011947|obs_0000015536|obs_0000026225|obs_0000026130|obs_0000027826|obs_0000019838|obs_0000024997|obs_0000027895,obs_0000008674|obs_0000009797|obs_0000011947|obs_0000009326|obs_0000015536|obs_0000026225|obs_0000026130|obs_0000027826|obs_0000019838,,
MAGGI,Soße,"€ 0,89","€ 1,49","1 l = 1,78","1 l = 1,78","ergibt 2 x 250 ml, versch. Sorten",Nein,Dieses Angebot findest du vom 16.04. bis 22.04. in deiner Kaufland-Filiale.,2026-04-16,2026-04-22,../images/kaufland/kaufland_offer_189.jpg,"cat_grundnahrung,tag_ultra_processed",,,ref_000380,obs_0000010356|obs_0000014562|obs_0000013031|obs_0000028884|obs_0000000518|obs_0000034714|obs_0000014338|obs_0000026551|obs_0000008167|obs_0000029679|obs_0000032421|obs_0000028877,obs_0000010356|obs_0000014562|obs_0000013031,,
Parkside,Spachtel-Set,"€ 1,99",,"pro Einheit = 2,00","pro Einheit = 2,00",Zum Auftragen von Putz auf versch. Untergründe Ergonomisch geformte 2-Komponenten-Griffe Mit Aufhänge-Loch Klingenbreite ca. 10 und 15 cm 3 Jahre Garantie,Nein,Dieses Angebot findest du vom 16.04. bis 22.04. in deiner Kaufland-Filiale.,2026-04-16,2026-04-22,../images/kaufland/kaufland_offer_357.jpg,cat_non_food,,,ref_000381,,,,x
Keine Marke,Span Erdbeeren,"€ 1,29",,"1 kg = 2,58","1 kg = 2,58",Kl. I,Nein,Dieses Angebot findest du vom 16.04. bis 22.04. in deiner Kaufland-Filiale.,2026-04-16,2026-04-22,../images/kaufland/kaufland_offer_047.jpg,"cat_obst_gemuese,diet_gluten_free,diet_lactose_free,diet_vegan,diet_vegetarian,sub_exoten,sub_frisches_gemuese,sub_frisches_obst,tag_whole_food",,,ref_000382,obs_0000013901|obs_0000012233|obs_0000013414|obs_0000013418|obs_0000011389|obs_0000031261|obs_0000006265|obs_0000030915|obs_0000031462|obs_0000032512|obs_0000006408|obs_0000027419|obs_0000029494|obs_0000031576|obs_0000030564|obs_0000000875|obs_0000022919|obs_0000030617|obs_0000024529,obs_0000013901|obs_0000012233,,
Keine Marke,Span Mandarinen,"€ 2,49","€ 2,99","pro Einheit = 1,00","pro Einheit = 1,00",Sorte: »Nadorcott« Kl. I,Nein,Dieses Angebot findest du vom 16.04. bis 22.04. in deiner Kaufland-Filiale.,2026-04-16,2026-04-22,../images/kaufland/kaufland_offer_070.jpg,"cat_obst_gemuese,diet_gluten_free,diet_lactose_free,diet_vegan,diet_vegetarian,sub_frisches_gemuese,sub_frisches_obst,tag_whole_food",,BLS-F606100,ref_000383,obs_0000012673|obs_0000028686|obs_0000025646|obs_0000030862|obs_0000000157|obs_0000019106|obs_0000017600|obs_0000009920|obs_0000005319|obs_0000030443|obs_0000009457|obs_0000010492|obs_0000019728|obs_0000029478|obs_0000006967|obs_0000016695|obs_0000030566|obs_0000029577|obs_0000002444|obs_0000028566|obs_0000029146,,,
Keine Marke,Span Orangen,"€ 2,49","€ 3,49","1 kg = 1,25","1 kg = 1,25","Sorte laut Auszeichnung, Kl. I",Nein,Dieses Angebot findest du vom 20.04. bis 22.04. in deiner Kaufland-Filiale.,2026-04-20,2026-04-22,../images/kaufland/kaufland_offer_664.jpg,"cat_obst_gemuese,diet_gluten_free,diet_lactose_free,diet_vegan,diet_vegetarian,sub_frisches_gemuese,sub_frisches_obst,tag_ultra_processed,tag_whole_food",,,ref_000384,obs_0000014877|obs_0000013417|obs_0000010976|obs_0000015711|obs_0000012742|obs_0000015310|obs_0000010521|obs_0000012208|obs_0000014361|obs_0000014880|obs_0000011816|obs_0000008755|obs_0000009787|obs_0000032323|obs_0000016457|obs_0000013904|obs_0000014419|obs_0000029277|obs_0000009316|obs_0000030827|obs_0000017005|obs_0000011383|obs_0000029823|obs_0000025768|obs_0000019119|obs_0000027858|obs_0000027355|obs_0000031473|obs_0000013048|obs_0000008977|obs_0000032059|obs_0000030565|obs_0000031118|obs_0000024463|obs_0000028048|obs_0000021906|obs_0000028056|obs_0000029592|obs_0000024992|obs_0000010164|obs_0000034743|obs_0000026554|obs_0000012745|obs_0000029131,obs_0000014877|obs_0000013417|obs_0000010976|obs_0000015711|obs_0000012742|obs_0000015310,,
FREIXENET,Span Schaumwein,"€ 3,88",,"1 l = 5,18","1 l = 5,18","versch. Sorten, auch alkoholfrei 0,0 Vol. %",Nein,Dieses Angebot findest du vom 16.04. bis 22.04. in deiner Kaufland-Filiale.,2026-04-16,2026-04-22,../images/kaufland/kaufland_offer_266.jpg,cat_getraenke,,,ref_000385,obs_0000015929|obs_0000015497|obs_0000012675|obs_0000008009,obs_0000015929|obs_0000015497|obs_0000012675,,
Keine Marke,Span ital Spargel,"€ 2,99","€ 4,99","1 kg = 5,98","1 kg = 5,98","grün, Kl. I",Nein,Dieses Angebot findest du vom 16.04. bis 22.04. in deiner Kaufland-Filiale.,2026-04-16,2026-04-22,../images/kaufland/kaufland_offer_044.jpg,"cat_obst_gemuese,diet_gluten_free,diet_lactose_free,diet_vegan,diet_vegetarian,sub_exoten,sub_frisches_gemuese,sub_frisches_obst,tag_whole_food",,,ref_000386,obs_0000013902|obs_0000010562|obs_0000015736|obs_0000011752,,,
Keine Marke,Span niederl Aubergine lose,"€ 2,49","€ 3,49","pro Einheit = 2,49","pro Einheit = 2,49",Kl. I,Nein,Dieses Angebot findest du vom 16.04. bis 22.04. in deiner Kaufland-Filiale.,2026-04-16,2026-04-22,../images/kaufland/kaufland_offer_056.jpg,"cat_obst_gemuese,diet_gluten_free,diet_lactose_free,diet_vegan,diet_vegetarian,sub_frisches_gemuese,sub_frisches_obst,tag_whole_food",,,ref_000387,obs_0000013899|obs_0000014439|obs_0000013419|obs_0000012212|obs_0000012235|obs_0000002820|obs_0000031629,,,
Keine Marke,Span niederl Cocktailrispentomaten,"€ 1,49","€ 2,99","1 kg = 2,98","1 kg = 2,98","Sorte laut Auszeichnung, Kl. I",Nein,Dieses Angebot findest du vom 16.04. bis 22.04. in deiner Kaufland-Filiale.,2026-04-16,2026-04-22,../images/kaufland/kaufland_offer_045.jpg,"cat_obst_gemuese,diet_gluten_free,diet_lactose_free,diet_vegan,diet_vegetarian,sub_frisches_gemuese,tag_whole_food",,,ref_000388,obs_0000011384|obs_0000013796|obs_0000014886|obs_0000000693,obs_0000011384|obs_0000013796,,
Keine Marke,Span niederl Gurke lose,"€ 0,39",,"pro Einheit = 0,39","pro Einheit = 0,39",Kl. I,Nein,Dieses Angebot findest du vom 20.04. bis 22.04. in deiner Kaufland-Filiale.,2026-04-20,2026-04-22,../images/kaufland/kaufland_offer_665.jpg,"cat_obst_gemuese,diet_gluten_free,diet_lactose_free,diet_vegan,diet_vegetarian,sub_frisches_gemuese,sub_frisches_obst,tag_whole_food",,,ref_000389,obs_0000014439|obs_0000013419|obs_0000012212|obs_0000012235|obs_0000002563|obs_0000026127|obs_0000003696|obs_0000034521|obs_0000027093|obs_0000001511,obs_0000014439|obs_0000013419|obs_0000012212,,
Beck's,Spanferkel-Grillplatte,"€ 11,99",,"pro Einheit = 11,99","pro Einheit = 11,99","z. T. mariniert, bestehend aus: Nackensteak mit Schwarte, Rostbratwurst gebrüht und Scheiben aus der Schulter",Nein,Dieses Angebot findest du vom 16.04. bis 22.04. in deiner Kaufland-Filiale.,2026-04-16,2026-04-22,../images/kaufland/kaufland_offer_076.jpg,"cat_fleisch_wurst,diet_vegan,diet_vegetarian,sub_schwein,tag_proteinreich,tag_whole_food",,,ref_000390,,,,x
Parkside,Spannzwingen groß,"€ 4,99",,"pro Einheit = 4,00","pro Einheit = 4,00",Zum Einspannen und Fixieren von Werkstücken Flexible und materialschonende Spannbacken Spannweite und -tiefe ca. 70 x 69 mm Spannkraft max. 13 kg 3 Jahre Garantie,Nein,Dieses Angebot findest du vom 16.04. bis 22.04. in deiner Kaufland-Filiale.,2026-04-16,2026-04-22,../images/kaufland/kaufland_offer_344.jpg,cat_non_food,,,ref_000391,,,,x
Parkside,Spannzwingen klein,"€ 4,99",,"pro Einheit = 12,00","pro Einheit = 12,00",Zum Einspannen und Fixieren von Werkstücken Flexible und materialschonende Spannbacken Spannweite und -tiefe ca. 35 x 33 mm Spannkraft max. 5 kg 3 Jahre Garantie,Nein,Dieses Angebot findest du vom 16.04. bis 22.04. in deiner Kaufland-Filiale.,2026-04-16,2026-04-22,../images/kaufland/kaufland_offer_345.jpg,cat_non_food,,,ref_000392,,,,x
Parkside,Spannzwingen mittel,"€ 4,99",,"pro Einheit = 8,00","pro Einheit = 8,00","Zum Einspannen und Fixieren von Werkstücken Flexible und materialschonende Spannbacken Spannweite und -tiefe ca. 42 x 47 mm Spannkraft max. 7,4kg 3 Jahre Garantie",Nein,Dieses Angebot findest du vom 16.04. bis 22.04. in deiner Kaufland-Filiale.,2026-04-16,2026-04-22,../images/kaufland/kaufland_offer_343.jpg,cat_non_food,,,ref_000393,,,,x
Paulaner,Spezi,"€ 0,99",,"1 l = 1,98","1 l = 1,98","Orangenlimonade mit Cola, Original oder Zero, koffeinhaltig (+ 0.25 Pfand)",Nein,Dieses Angebot findest du vom 20.04. bis 22.04. in deiner Kaufland-Filiale.,2026-04-20,2026-04-22,../images/kaufland/kaufland_offer_695.jpg,"cat_getraenke,tag_ultra_processed",,,ref_000394,obs_0000027152|obs_0000010907|obs_0000022812|obs_0000033836|obs_0000012863|obs_0000026321|obs_0000013907|obs_0000000637|obs_0000027903|obs_0000010207|obs_0000034439|obs_0000012187|obs_0000015662|obs_0000006363|obs_0000031347|obs_0000005456|obs_0000030685|obs_0000014342|obs_0000005257|obs_0000007080|obs_0000005812|obs_0000032720,obs_0000027152|obs_0000010907|obs_0000022812|obs_0000033836|obs_0000012863|obs_0000005456|obs_0000026321|obs_0000013907|obs_0000000637|obs_0000027903,,x
Crivit,Spinnangel-Set 210-5,"€ 24,99",,"pro Einheit = 24,99","pro Einheit = 24,99","Komplett-Set zum Forellen- und Barschangeln Angelfertig montierte HMGF-Teleskoprute Handteil aus portugiesischem Plate-Kork Stationärrolle mit 4 Kugellagern Perfekte Schnurverlegung dank S-Stroke-System Feinjustierbarer Heckbremse Anti-Slip-Drehknopf und Mehrfach-Bremsscheibe Übersetzung 5,5 : 1 Angelrolle Größe 30 (fachgerecht bespult) Länge ca. 210 cm (Transportlänge ca. 55 cm) Wurfgewicht bis 40 g Inkl. Tragetasche und Zielfisch-Zubehör 3 Jahre Garantie",Nein,Dieses Angebot findest du vom 16.04. bis 22.04. in deiner Kaufland-Filiale.,2026-04-16,2026-04-22,../images/kaufland/kaufland_offer_547.jpg,cat_non_food,,,ref_000395,,,,x
Crivit,Spinnangel-Set 270-5,"€ 24,99",,"pro Einheit = 24,99","pro Einheit = 24,99","Komplett-Set zum Hecht- und Zanderangeln Angelfertig montierte HMGF-Teleskoprute Handteil aus portugiesischem Plate-Kork Stationärrolle mit 4 Kugellagern Perfekte Schnurverlegung dank S-Stroke-System Feinjustierbarer Heckbremse Anti-Slip-Drehknopf und Mehrfach-Bremsscheibe Übersetzung 5,2 : 1 Angelrolle Größe 40 (fachgerecht bespult) Länge ca. 270 cm (Transportlänge ca. 82 cm) Wurfgewicht bis 70 g Inkl. Tragetasche und Zielfisch-Zubehör 3 Jahre Garantie",Nein,Dieses Angebot findest du vom 16.04. bis 22.04. in deiner Kaufland-Filiale.,2026-04-16,2026-04-22,../images/kaufland/kaufland_offer_548.jpg,cat_non_food,,,ref_000396,,,,x
Crivit,Spinnrolle 2000,"€ 17,99",,"pro Einheit = 17,99","pro Einheit = 17,99","Speziell abgestimmt zum Grundangeln Ideal zum Angeln auf Karpfen, Aal, Zander etc. Mit 5 Kugellagern Unendliche Rücklaufsperre „One Way Clutch“ Klappkurbel mit Kurbelknauf aus EVA-Material Rostfreier Schnurfangbügel Aluminiumspule Fein justierbare Mehrscheiben-Frontbremse Übersetzung 5,5 : 1 Schnurfassung bis 280 m (Schnur Ø 0,18 mm) Gewicht ca. 320 g Inkl. Aluminium-Ersatzspule 3 Jahre Garantie",Nein,Dieses Angebot findest du vom 16.04. bis 22.04. in deiner Kaufland-Filiale.,2026-04-16,2026-04-22,../images/kaufland/kaufland_offer_539.jpg,cat_non_food,,,ref_000397,,,,x
REIS-FIT,Spitzen-Langkorn-Reis,"€ 1,39","€ 1,99","1 kg = 2,23","1 kg = 2,23",in 5 Kochbeuteln 1 Beutel gratis*,Nein,Dieses Angebot findest du vom 16.04. bis 22.04. in deiner Kaufland-Filiale.,2026-04-16,2026-04-22,../images/kaufland/kaufland_offer_195.jpg,"cat_grundnahrung,diet_gluten_free,diet_lactose_free,diet_vegan,diet_vegetarian,sub_reis,tag_ultra_processed,tag_whole_food",,,ref_000398,obs_0000019357,obs_0000027872,,
SMILODOX,Sporttasche,"€ 24,99","€ 39,99","pro Einheit = 24,99","pro Einheit = 24,99","Aus Polyester Gepolsterter, längenverstellbarer Schultergurt Separates Schuhfach mit Reißverschluss Größe ca. B 53 × H 28 × T 28 cm",Nein,Dieses Angebot findest du vom 16.04. bis 22.04. in deiner Kaufland-Filiale.,2026-04-16,2026-04-22,../images/kaufland/kaufland_offer_475.jpg,"cat_non_food,diet_vegetarian",,BLS-R421300,ref_000399,obs_0000015217|obs_0000010099|obs_0000013013|obs_0000011291,obs_0000015217|obs_0000010099|obs_0000013013|obs_0000011291,,
FINISH,Spülmaschinen-Tabs oder -Caps,"€ 11,99","€ 14,99","pro Einheit = 0,15","pro Einheit = 0,15","Powerball All in 1, versch. Sorten, = 74 - 93 Anwendungen",Nein,Dieses Angebot findest du vom 16.04. bis 22.04. in deiner Kaufland-Filiale.,2026-04-16,2026-04-22,../images/kaufland/kaufland_offer_289.jpg,cat_drogerie,,,ref_000400,obs_0000012012|obs_0000015515|obs_0000010767|obs_0000013425|obs_0000010954|obs_0000012884|obs_0000024056|obs_0000024477|obs_0000016629,obs_0000012012|obs_0000015515,,
MY PROJECT,Starthilfe-Spray,"€ 2,99",,"1 l = 7,48","1 l = 7,48",Für Verbrennungsmotoren aller Art Ermöglicht einen schnellen Start Extrem zündfähig Schnelle Wirkung auch bei extremer Kälte,Nein,Dieses Angebot findest du vom 16.04. bis 22.04. in deiner Kaufland-Filiale.,2026-04-16,2026-04-22,../images/kaufland/kaufland_offer_573.jpg,cat_drogerie,,,ref_000401,obs_0000015214,obs_0000015214,,
Nescaf,Sticks,"€ 1,89","€ 2,49","1 kg = 12,20 - 23,63","1 kg = 12,20 - 23,63","Instant-Kaffee, 3 in 1, versch. Sorten, oder 2 in 1, für je 10 Tassen",Nein,Dieses Angebot findest du vom 20.04. bis 22.04. in deiner Kaufland-Filiale.,2026-04-20,2026-04-22,../images/kaufland/kaufland_offer_689.jpg,"cat_getraenke,diet_gluten_free,diet_lactose_free,diet_vegan,diet_vegetarian,tag_ultra_processed",,,ref_000402,obs_0000015885|obs_0000014804|obs_0000010219|obs_0000022995|obs_0000008459|obs_0000026387|obs_0000008601|obs_0000026531|obs_0000032935|obs_0000028470|obs_0000033480|obs_0000024649|obs_0000014924|obs_0000014159|obs_0000011861|obs_0000014807|obs_0000032875|obs_0000002286|obs_0000003314|obs_0000007056|obs_0000007701|obs_0000006043|obs_0000016415|obs_0000033362|obs_0000000049|obs_0000009650|obs_0000026038|obs_0000033473|obs_0000032580|obs_0000009669|obs_0000016466|obs_0000003804|obs_0000013916|obs_0000003678|obs_0000009186|obs_0000017249|obs_0000025726|obs_0000029957|obs_0000029446|obs_0000010633|obs_0000032933|obs_0000022583|obs_0000031437|obs_0000014952|obs_0000027301|obs_0000013412|obs_0000027876|obs_0000005534|obs_0000006102|obs_0000006615,obs_0000015885|obs_0000014804,,x
Parkside,Stift-Multimeter PSM 2 B4,"€ 12,99",,"pro Einheit = 12,99","pro Einheit = 12,99","Präzise Messung von Strom, Spannung, Widerstand Für Gleich- und Wechselstrom bzw. -spannung Kompakte Form für schwer erreichbare Stellen Durchgangsprüfung mit akustischem Signal Dioden- und Durchgangsprüfung LC-Display mit Hintergrundbeleuchtung Abnehmbare Messsonde (Kabel ca. 94 cm) Auto-Off-Funktion Überladungsschutz und Batteriewechselanzeige Spannung: 0 bis 600 V Strom: 0 bis 200 mA Widerstand: 0 bis 20 MΩ Inkl. Batterien 3 Jahre Garantie",Nein,Dieses Angebot findest du vom 16.04. bis 22.04. in deiner Kaufland-Filiale.,2026-04-16,2026-04-22,../images/kaufland/kaufland_offer_335.jpg,cat_non_food,,,ref_000403,,,,x
YAYLA,Sucuk,"€ 2,49","€ 3,19","1 kg = 9,96 - 12,45","1 kg = 9,96 - 12,45","pikante Knoblauchwurst, in Scheiben oder am Stück",Nein,Dieses Angebot findest du vom 16.04. bis 22.04. in deiner Kaufland-Filiale.,2026-04-16,2026-04-22,../images/kaufland/kaufland_offer_101.jpg,"cat_fleisch_wurst,sub_wurst",,,ref_000404,obs_0000009361|obs_0000011859|obs_0000013435|obs_0000009822|obs_0000031621|obs_0000031445,obs_0000009361|obs_0000011859|obs_0000013435|obs_0000009822,,
KNORR,Suppenliebe,"€ 0,69",,"1 l = 0,69 - 1,38","1 l = 0,69 - 1,38","für 2 - 4 Teller (0,5 - 1 l), versch. Sorten",Nein,Dieses Angebot findest du vom 16.04. bis 22.04. in deiner Kaufland-Filiale.,2026-04-16,2026-04-22,../images/kaufland/kaufland_offer_188.jpg,"cat_grundnahrung,diet_gluten_free,diet_lactose_free,diet_vegan,diet_vegetarian,tag_ultra_processed,tag_whole_food",,,ref_000405,obs_0000031784|obs_0000031308|obs_0000013438|obs_0000012191|obs_0000006303|obs_0000030010|obs_0000030690|obs_0000005559|obs_0000006645,obs_0000031784|obs_0000031308|obs_0000013438|obs_0000030010|obs_0000012191|obs_0000030690,,
LE FILOU,Sweet,"€ 2,99","€ 3,99","1 l = 3,99","1 l = 3,99","Frankreich, versch. Sorten, z. B. rot: spritzig, fruchtig, temperamentvoll, passt zu Pizza, Pasta, moderner Küche",Nein,Dieses Angebot findest du vom 16.04. bis 22.04. in deiner Kaufland-Filiale.,2026-04-16,2026-04-22,../images/kaufland/kaufland_offer_261.jpg,"cat_getraenke,diet_gluten_free,diet_lactose_free,tag_ultra_processed",,,ref_000406,obs_0000011982|obs_0000014814|obs_0000014986|obs_0000011918|obs_0000008593|obs_0000009749|obs_0000001950|obs_0000034745|obs_0000029882|obs_0000015855|obs_0000030465|obs_0000005388|obs_0000033061|obs_0000002866|obs_0000030415|obs_0000032903|obs_0000000267|obs_0000004758|obs_0000010410|obs_0000025010|obs_0000024891|obs_0000020161|obs_0000003904|obs_0000004331|obs_0000020980|obs_0000033666|obs_0000019643|obs_0000019648|obs_0000022729,obs_0000011982|obs_0000014814,,
Keine Marke,Sweet Peppacaps,"€ 1,59",,"pro Einheit = 100,00","pro Einheit = 100,00",Kirschpaprika mit Frischkäsefüllung,Nein,Dieses Angebot findest du vom 16.04. bis 22.04. in deiner Kaufland-Filiale.,2026-04-16,2026-04-22,../images/kaufland/kaufland_offer_175.jpg,"cat_grundnahrung,diet_gluten_free,diet_lactose_free,diet_vegan,diet_vegetarian,sub_exoten,sub_frisches_obst,tag_ultra_processed,tag_whole_food",,,ref_000407,obs_0000014986|obs_0000011918|obs_0000008593|obs_0000015855|obs_0000005388|obs_0000011982|obs_0000014814,obs_0000014986|obs_0000011918|obs_0000008593|obs_0000015855,,
Keine Marke,Südafrik chilen Tafeltrauben rot lose,"€ 3,99","€ 5,99","pro Einheit = 3,99","pro Einheit = 3,99","Sorte laut Auszeichnung, Kl. I",Nein,Dieses Angebot findest du vom 16.04. bis 22.04. in deiner Kaufland-Filiale.,2026-04-16,2026-04-22,../images/kaufland/kaufland_offer_067.jpg,"cat_obst_gemuese,diet_gluten_free,diet_lactose_free,diet_vegan,diet_vegetarian,sub_frisches_gemuese,sub_frisches_obst,tag_whole_food",,,ref_000408,obs_0000013442|obs_0000011782|obs_0000006278|obs_0000008710|obs_0000028721|obs_0000008765|obs_0000010312|obs_0000008792|obs_0000031873|obs_0000028835|obs_0000028335|obs_0000014088|obs_0000008527|obs_0000009624|obs_0000010211,,,
Keine Marke,Südafrik peruan Avocado lose,"€ 2,50","€ 4,47","pro Einheit = 2,50","pro Einheit = 2,50",Kl. I,Nein,Dieses Angebot findest du vom 16.04. bis 22.04. in deiner Kaufland-Filiale.,2026-04-16,2026-04-22,../images/kaufland/kaufland_offer_074.jpg,"cat_obst_gemuese,diet_gluten_free,diet_lactose_free,diet_vegan,diet_vegetarian,sub_exoten,sub_frisches_gemuese,sub_frisches_obst,tag_whole_food",,,ref_000409,obs_0000025778|obs_0000024863|obs_0000029201|obs_0000008728|obs_0000000058|obs_0000020117|obs_0000000694|obs_0000027854|obs_0000034516|obs_0000014073|obs_0000017166|obs_0000001305|obs_0000034105|obs_0000018748|obs_0000030562|obs_0000027541|obs_0000029123|obs_0000020936,,,
SMILODOX,Tennis-Socken,"€ 6,99","€ 14,99","pro Einheit = 3,00","pro Einheit = 3,00","Aus Baumwolle, Polyamid und Elastan Größen 35/38 - 43/46",Nein,Dieses Angebot findest du vom 16.04. bis 22.04. in deiner Kaufland-Filiale.,2026-04-16,2026-04-22,../images/kaufland/kaufland_offer_472.jpg,cat_non_food,,,ref_000410,obs_0000011300|obs_0000001624|obs_0000023153|obs_0000001173|obs_0000024304|obs_0000000756|obs_0000000758|obs_0000000765|obs_0000023885|obs_0000001375|obs_0000001405|obs_0000000967,,,
Keine Marke,Tintenfischringe,"€ 3,99",,"1 kg = 9,98","1 kg = 9,98","Calamares Style, ideal für Ofen, Pfanne oder Airfryer",Nein,Dieses Angebot findest du vom 16.04. bis 22.04. in deiner Kaufland-Filiale.,2026-04-16,2026-04-22,../images/kaufland/kaufland_offer_117.jpg,"cat_fisch_meeresfruechte,diet_gluten_free,diet_lactose_free,diet_vegan,diet_vegetarian,tag_ultra_processed,tag_whole_food",,BLS-T020100,ref_000411,obs_0000025038|obs_0000021466|obs_0000020647|obs_0000022206,obs_0000025038,,
TOFFIFEE,TOFFIFEE,"€ 4,79",,"1 kg = 7,67","1 kg = 7,67",Haselnuss in Caramel mit Nougatcreme und Schokolade,Nein,Dieses Angebot findest du vom 16.04. bis 22.04. in deiner Kaufland-Filiale.,2026-04-16,2026-04-22,../images/kaufland/kaufland_offer_222.jpg,"cat_knabbern_naschen,diet_gluten_free,diet_lactose_free,diet_vegan,diet_vegetarian,tag_ultra_processed,tag_whole_food",,,ref_000412,obs_0000016098|obs_0000034826|obs_0000013931|obs_0000027374|obs_0000026224|obs_0000027056|obs_0000001528|obs_0000015039|obs_0000000800|obs_0000000139|obs_0000029004|obs_0000032171|obs_0000006738|obs_0000032691|obs_0000029689|obs_0000005659|obs_0000010170,obs_0000016098|obs_0000034826|obs_0000013931|obs_0000027374|obs_0000026224|obs_0000027056|obs_0000001528|obs_0000015039|obs_0000000800,x,
THE PAPERMAKERS,Toilettenpapier Pinky World,"€ 5,99",,"pro Einheit = 0,38","pro Einheit = 0,38",4-lagig,Nein,Dieses Angebot findest du vom 16.04. bis 22.04. in deiner Kaufland-Filiale.,2026-04-16,2026-04-22,../images/kaufland/kaufland_offer_285.jpg,cat_drogerie,,,ref_000413,obs_0000024163|obs_0000013932|obs_0000023741|obs_0000025816|obs_0000000527|obs_0000003599|obs_0000001568|obs_0000010282|obs_0000033855|obs_0000002116|obs_0000026693|obs_0000004745|obs_0000013454|obs_0000027323|obs_0000034994|obs_0000028373|obs_0000028891|obs_0000026332|obs_0000004318|obs_0000033514|obs_0000000748|obs_0000033004|obs_0000000261|obs_0000008992|obs_0000000809|obs_0000003891|obs_0000001341|obs_0000014665|obs_0000033636|obs_0000033135|obs_0000028024|obs_0000006587|obs_0000011770,,,
HILCONA,Tortelloni oder Gnocchi XXL,"€ 2,99",,"1 kg = 3,99","1 kg = 3,99",versch. Sorten Tortelloni oder klassische Gnocchi,Nein,Dieses Angebot findest du vom 16.04. bis 22.04. in deiner Kaufland-Filiale.,2026-04-16,2026-04-22,../images/kaufland/kaufland_offer_157.jpg,"cat_grundnahrung,diet_vegetarian,sub_kartoffeln,sub_nudeln,tag_ultra_processed",,,ref_000414,obs_0000014972|obs_0000009327|obs_0000009798|obs_0000019904|obs_0000011905|obs_0000016236|obs_0000008809|obs_0000012829|obs_0000008226|obs_0000000276|obs_0000000344|obs_0000008812|obs_0000034386|obs_0000034976|obs_0000010656|obs_0000010940|obs_0000011060|obs_0000003071|obs_0000003072|obs_0000027805|obs_0000011501|obs_0000003916|obs_0000004023|obs_0000004343|obs_0000004450|obs_0000012763|obs_0000012826|obs_0000004770|obs_0000004877|obs_0000013663|obs_0000013967|obs_0000014820,obs_0000014972,,
KILBEGGAN,Traditional Irish Whiskey,"€ 10,99","€ 16,99","1 l = 15,70","1 l = 15,70","2-fach destilliert, aus der ältesten Destillerie Irlands, 40 Vol. %",Nein,Dieses Angebot findest du vom 16.04. bis 22.04. in deiner Kaufland-Filiale.,2026-04-16,2026-04-22,../images/kaufland/kaufland_offer_252.jpg,cat_getraenke,,,ref_000415,obs_0000000036|obs_0000003769|obs_0000022838|obs_0000027465|obs_0000005266|obs_0000006554|obs_0000011310|obs_0000008756|obs_0000010336|obs_0000020586|obs_0000034422|obs_0000028811|obs_0000008371|obs_0000015066|obs_0000018216|obs_0000012631|obs_0000019325|obs_0000021896|obs_0000021405|obs_0000013253|obs_0000026577|obs_0000019442|obs_0000010744|obs_0000007262|obs_0000031414|obs_0000018103|obs_0000006359|obs_0000006898|obs_0000031086|obs_0000006558|obs_0000005631,obs_0000000036|obs_0000005266|obs_0000003769|obs_0000006554,,
SILVERCREST,Tranchiermesser,"€ 3,99",,"pro Einheit = 3,99","pro Einheit = 3,99",Aus Edelstahl Klinge ca. 20 cm Langanhaltende Klingenschärfe Ergonomisch geformter Griff Spülmaschinengeeignet,Nein,Dieses Angebot findest du vom 16.04. bis 22.04. in deiner Kaufland-Filiale.,2026-04-16,2026-04-22,../images/kaufland/kaufland_offer_377.jpg,cat_non_food,,,ref_000416,,,,
Parkside,Trennscheiben-Set,"€ 3,99",,"pro Einheit = 24,00","pro Einheit = 24,00","Zum Schneiden von Metall, Holz oder Kunststoff 9 Präzisions-Trennscheiben 6 Metall-Trennscheiben 6 Kunststoff-Trennscheiben 3 Aufnahmestifte Für Geradschleifer mit Rundschaftaufnahme Drehzahl max. 30.000 min-1",Nein,Dieses Angebot findest du vom 16.04. bis 22.04. in deiner Kaufland-Filiale.,2026-04-16,2026-04-22,../images/kaufland/kaufland_offer_365.jpg,cat_non_food,,,ref_000417,obs_0000001366,obs_0000018225|obs_0000022347,,x
GRANINI,Trinkgenuss,"€ 1,39",,"pro Einheit = 1,00","pro Einheit = 1,00","Fruchtsaft oder -nektar, versch. Sorten (+ 0.25 Pfand)",Nein,Dieses Angebot findest du vom 16.04. bis 22.04. in deiner Kaufland-Filiale.,2026-04-16,2026-04-22,../images/kaufland/kaufland_offer_239.jpg,cat_getraenke,,,ref_000418,obs_0000021656|obs_0000009638|obs_0000022190|obs_0000023008|obs_0000020837|obs_0000017652|obs_0000014838|obs_0000032293|obs_0000029756,obs_0000021656|obs_0000032293|obs_0000009638|obs_0000022190|obs_0000029756|obs_0000023008|obs_0000020837|obs_0000017652|obs_0000014838,,
BATISTE,Trockenshampoo mit Farbe,"€ 3,29","€ 3,95","1 l = 16,45","1 l = 16,45","zur Auffrischung des Haares, kaschiert den Ansatz, versch. Sorten",Nein,Dieses Angebot findest du vom 16.04. bis 22.04. in deiner Kaufland-Filiale.,2026-04-16,2026-04-22,../images/kaufland/kaufland_offer_297.jpg,cat_drogerie,,,ref_000419,obs_0000032912|obs_0000009330|obs_0000009801|obs_0000012021,,,
JULISKA,Ungar Salami,"€ 3,99","€ 4,99","1 kg = 10,64","1 kg = 10,64",mit charakteristischem Edelschimmel,Nein,Dieses Angebot findest du vom 16.04. bis 22.04. in deiner Kaufland-Filiale.,2026-04-16,2026-04-22,../images/kaufland/kaufland_offer_103.jpg,"cat_fleisch_wurst,sub_wurst,tag_ultra_processed",,,ref_000420,obs_0000013465|obs_0000011441|obs_0000012300|obs_0000013166|obs_0000002611|obs_0000010316|obs_0000014932|obs_0000019030|obs_0000028273|obs_0000005781|obs_0000023205|obs_0000003239|obs_0000019666|obs_0000016602|obs_0000008425|obs_0000003307|obs_0000021226|obs_0000002285|obs_0000011010|obs_0000025355|obs_0000026898|obs_0000017184|obs_0000007987|obs_0000025934|obs_0000008039|obs_0000016755|obs_0000034176|obs_0000002957|obs_0000020407|obs_0000016328|obs_0000017375|obs_0000031198|obs_0000010234,obs_0000013465|obs_0000011441,,
MY PROJECT,Universal-Automatten-Set,"€ 6,69",,"pro Einheit = 4,00","pro Einheit = 4,00",Aus Polyester Strapazierfähig und pflegeleicht Rutschsicher und geräuschdämmend Fahrermatte mit verstärktem Trittschutz Für fast alle Pkw-Typen geeignet 3 Jahre Garantie,Nein,Dieses Angebot findest du vom 16.04. bis 22.04. in deiner Kaufland-Filiale.,2026-04-16,2026-04-22,../images/kaufland/kaufland_offer_565.jpg,cat_non_food,,,ref_000421,obs_0000010385|obs_0000011240|obs_0000035079,,,
Coppenrath & Wiese,Unsere Goldstücke XXL,"€ 2,99",,"1 kg = 2,99 - 4,28","1 kg = 2,99 - 4,28","Weizen- oder Dinkel-Brötchen, fertig gebacken, zum Aufwärmen",Nein,Dieses Angebot findest du vom 16.04. bis 22.04. in deiner Kaufland-Filiale.,2026-04-16,2026-04-22,../images/kaufland/kaufland_offer_154.jpg,"cat_tiefkuehl,diet_vegetarian,sub_milchprodukte,tag_ultra_processed",,,ref_000422,obs_0000012682|obs_0000014854|obs_0000010926|obs_0000026080|obs_0000008617|obs_0000002587|obs_0000027445|obs_0000031710|obs_0000003165|obs_0000012763|obs_0000013967,obs_0000006502|obs_0000012682|obs_0000014854|obs_0000010926|obs_0000007395,,x
Crivit,Unterfangkescher,"€ 14,99",,"pro Einheit = 14,99","pro Einheit = 14,99","Stufenlos ausziehbar dank Teleskopfunktion Fischschonendes, gummiertes Netz ohne Knoten Stabiler Aluminiumstiel mit rutschfestem Griff Praktische Feststellmechanik Länge ca. 135 bis 185 cm Transportlänge ca. 90 cm Keschergröße ca. B/H/T 50 cm Maschenweite ca. 6 mm Belastbar bis max. 7 kg 3 Jahre Garantie",Nein,Dieses Angebot findest du vom 16.04. bis 22.04. in deiner Kaufland-Filiale.,2026-04-16,2026-04-22,../images/kaufland/kaufland_offer_552.jpg,cat_non_food,,,ref_000423,,,,x
SWITCH ON,Vakuumierer SOV 125 C6,"€ 17,99","€ 29,99","pro Einheit = 17,99","pro Einheit = 17,99","Aroma-, luft- und wasserdichte Konservierung Vakuumieren und Verschweißen in einem Schritt Ideal für Sous-vide-Garen »Wet«-Funktion für besonders feuchte Lebensmitte »Soft«-Funktion für empfindliche Lebensmittel Für Folienschläuche bis 30 cm Breite Anschluss für externes Vakuumieren Mit Anti-Rutsch-Füßen Max. 130 W Inkl. 3-m-Folienrolle und Ersatzdichtung Inkl. 2 Vakuumschläuche und 3 Ventil-Adapter 3 Jahre Garantie",Nein,Dieses Angebot findest du vom 16.04. bis 22.04. in deiner Kaufland-Filiale.,2026-04-16,2026-04-22,../images/kaufland/kaufland_offer_323.jpg,cat_non_food,,,ref_000424,obs_0000007975|obs_0000011207|obs_0000027267|obs_0000025755|obs_0000023109|obs_0000027897,obs_0000025496|obs_0000007975|obs_0000011207,,
ABSOLUT,Vodka,"€ 9,99",,"1 l = 14,28","1 l = 14,28","aus Schweden, klassisch nach unverändertem Rezept, 40 Vol. %",Nein,Dieses Angebot findest du vom 20.04. bis 22.04. in deiner Kaufland-Filiale.,2026-04-20,2026-04-22,../images/kaufland/kaufland_offer_679.jpg,cat_getraenke,,BLS-P712000,ref_000425,obs_0000020363|obs_0000012175|obs_0000009883|obs_0000034845|obs_0000019368|obs_0000015665|obs_0000021182|obs_0000028354|obs_0000009420|obs_0000022378|obs_0000034034|obs_0000035049|obs_0000008713|obs_0000012431|obs_0000013474|obs_0000009791|obs_0000008904|obs_0000002903|obs_0000024028|obs_0000026846|obs_0000009320|obs_0000011132|obs_0000024448|obs_0000003389|obs_0000002273|obs_0000005634|obs_0000019334|obs_0000028940|obs_0000026134|obs_0000013345|obs_0000020001|obs_0000010156|obs_0000014636|obs_0000007087|obs_0000008370|obs_0000005814|obs_0000006212|obs_0000030027|obs_0000006369|obs_0000018913|obs_0000007909|obs_0000006897|obs_0000027000|obs_0000006009|obs_0000029435|obs_0000032135|obs_0000018832|obs_0000026002|obs_0000029083|obs_0000007459,obs_0000035049|obs_0000008713|obs_0000020363|obs_0000012175|obs_0000012431|obs_0000009883|obs_0000034845|obs_0000013474|obs_0000019368|obs_0000015665|obs_0000021182|obs_0000009791|obs_0000028354|obs_0000006212|obs_0000008904|obs_0000030027|obs_0000009420|obs_0000002903|obs_0000024028|obs_0000026846|obs_0000007909|obs_0000009320|obs_0000022378|obs_0000034034|obs_0000011132|obs_0000024448,,
ALMA,Vorarlberger Bergkäse,"€ 1,49","€ 2,89","pro Einheit = 100,00","pro Einheit = 100,00","Rohmilchkäse aus Heumilch, mind. 10 Monate gereift, kräftig-würzig, 45 % Fett i. Tr.",Nein,Dieses Angebot findest du vom 16.04. bis 22.04. in deiner Kaufland-Filiale.,2026-04-16,2026-04-22,../images/kaufland/kaufland_offer_143.jpg,"cat_molkerei_kaese,sub_kaese,sub_milchprodukte",,,ref_000426,obs_0000008505|obs_0000014836|obs_0000011896|obs_0000029211|obs_0000022817|obs_0000022831|obs_0000033971|obs_0000008766|obs_0000016093,obs_0000029211|obs_0000008505|obs_0000014836|obs_0000011896,,
Parkside Performance,Wachsversiegelung,"€ 3,99",,"1 l = 7,98","1 l = 7,98",Lösemittelfreie Versiegelung mit Abperleffekt Erzeugt Hochglanz Schützt vor Umwelteinflüssen Schutzwirkung bis zu 12 Monate Auf nassem und trockenem Lack anwendbar,Nein,Dieses Angebot findest du vom 16.04. bis 22.04. in deiner Kaufland-Filiale.,2026-04-16,2026-04-22,../images/kaufland/kaufland_offer_578.jpg,cat_non_food,,,ref_000427,,,,x
K-CLASSIC,Waffelhörnchen,"€ 2,49",,"1 l = 2,60","1 l = 2,60","Eis in knuspriger Waffel, versch. Sorten",Nein,Dieses Angebot findest du vom 16.04. bis 22.04. in deiner Kaufland-Filiale.,2026-04-16,2026-04-22,../images/kaufland/kaufland_offer_145.jpg,"cat_tiefkuehl,diet_gluten_free,diet_lactose_free,diet_vegetarian,tag_ultra_processed,tag_whole_food",,BLS-D740400,ref_000428,,,,
K-CLASSIC,Walnusskerne,"€ 2,22","€ 2,99","1 kg = 11,10","1 kg = 11,10",naturbelassen,Nein,Dieses Angebot findest du vom 20.04. bis 22.04. in deiner Kaufland-Filiale.,2026-04-20,2026-04-22,../images/kaufland/kaufland_offer_685.jpg,"cat_knabbern_naschen,diet_gluten_free,diet_lactose_free,diet_vegan,diet_vegetarian,tag_ultra_processed,tag_whole_food",,,ref_000429,obs_0000014358|obs_0000010176|obs_0000014590|obs_0000006488|obs_0000027281|obs_0000000904|obs_0000009666|obs_0000026065|obs_0000026184|obs_0000001756|obs_0000026546|obs_0000011948|obs_0000024682|obs_0000018582|obs_0000018856|obs_0000022960|obs_0000017333|obs_0000029624|obs_0000023734|obs_0000025839|obs_0000022073|obs_0000024161|obs_0000020482|obs_0000021301|obs_0000021702|obs_0000032166|obs_0000003620|obs_0000018330|obs_0000018578|obs_0000030671,obs_0000014358|obs_0000014581|obs_0000014590|obs_0000006488|obs_0000027281|obs_0000000904|obs_0000013684|obs_0000009666|obs_0000026065|obs_0000026184|obs_0000011948|obs_0000001756|obs_0000026546|obs_0000010176|obs_0000010186,,
WALSER,Warndreieck,"€ 4,99","€ 9,99","pro Einheit = 4,99","pro Einheit = 4,99",Faltbares Auto-Warndreieck Mit E-Prüfzeichen Entspricht der Regelung ECE R27 Größe ca. 43 cm Inkl. Köcher,Nein,Dieses Angebot findest du vom 16.04. bis 22.04. in deiner Kaufland-Filiale.,2026-04-16,2026-04-22,../images/kaufland/kaufland_offer_572.jpg,"cat_grundnahrung,diet_vegetarian",,,ref_000430,,,,
PERSIL,Waschmittel,"€ 15,99",,"pro Einheit = 0,32","pro Einheit = 0,32","flüssig 4,5 l, Pulver 4,95 kg oder Discs 1,2 - 1,292 kg, = 50 - 100 Anwendungen",Nein,Dieses Angebot findest du vom 16.04. bis 22.04. in deiner Kaufland-Filiale.,2026-04-16,2026-04-22,../images/kaufland/kaufland_offer_280.jpg,cat_drogerie,,,ref_000431,obs_0000018542|obs_0000019568|obs_0000012454|obs_0000025598|obs_0000018449|obs_0000034866|obs_0000027703|obs_0000012875|obs_0000016462|obs_0000023646|obs_0000024174|obs_0000013946|obs_0000025217|obs_0000026760|obs_0000021665|obs_0000033445|obs_0000002728|obs_0000023748|obs_0000023244|obs_0000025812|obs_0000018152|obs_0000017654|obs_0000015109|obs_0000033069|obs_0000022331|obs_0000022340|obs_0000018794|obs_0000020846|obs_0000019827|obs_0000022410|obs_0000012181|obs_0000003486|obs_0000019384|obs_0000017352|obs_0000026568|obs_0000022520|obs_0000032848|obs_0000034457|obs_0000033599|obs_0000033136|obs_0000034253|obs_0000005662|obs_0000029731|obs_0000033858|obs_0000033361|obs_0000033370|obs_0000001139|obs_0000024698|obs_0000007291|obs_0000033426,obs_0000018449|obs_0000034866|obs_0000027703|obs_0000012875|obs_0000016462|obs_0000023646|obs_0000018542|obs_0000024174|obs_0000019568|obs_0000013946|obs_0000025217|obs_0000026760|obs_0000021665|obs_0000033445|obs_0000012454|obs_0000002728|obs_0000023748|obs_0000023244|obs_0000025812|obs_0000018152|obs_0000017654|obs_0000015109|obs_0000033069|obs_0000022331|obs_0000033599|obs_0000022340|obs_0000018794|obs_0000020846|obs_0000019827|obs_0000022410|obs_0000012181|obs_0000003486|obs_0000019384|obs_0000017352|obs_0000026568|obs_0000022520|obs_0000025598,,
CALGON,Wasserenthärter 4 in 1,"€ 7,99","€ 9,49","pro Einheit = 0,19","pro Einheit = 0,19","für die Waschmaschine, Tabs 47 St., Pulver 1,3 kg oder Gel 2,15 l, = 43 - 52 Anwendungen",Nein,Dieses Angebot findest du vom 16.04. bis 22.04. in deiner Kaufland-Filiale.,2026-04-16,2026-04-22,../images/kaufland/kaufland_offer_283.jpg,"cat_drogerie,diet_gluten_free,diet_vegan,diet_vegetarian",,,ref_000432,obs_0000011812|obs_0000027390|obs_0000034071,obs_0000011812,,
Crivit,Wathose mit Gummistiefeln,"€ 39,99",,"pro Einheit = 39,99","pro Einheit = 39,99",Hose mit integrierten Gummistiefeln Wind- und wasserdicht Mit versiegelten Hauptnähten Hoher elastischer Hosenbund gegen Wassereintritt Mit verstellbarem elastischem Träger Praktische Innentasche mit Klettverschluss Verstärkter Kniebereich Versch. Größen 3 Jahre Garantie,Nein,Dieses Angebot findest du vom 16.04. bis 22.04. in deiner Kaufland-Filiale.,2026-04-16,2026-04-22,../images/kaufland/kaufland_offer_550.jpg,"cat_non_food,diet_vegetarian,tag_ultra_processed",,,ref_000433,,,,x
Keine Marke,Wave-Box ca 18 l,"€ 2,99",,"pro Einheit = 2,99","pro Einheit = 2,99",Aus Kunststoff Deckel mit Wellenstruktur Geschlossen stapelbar Größe ca. B 40 x H 23 x T 30 cm (ca. 18 l),Nein,Dieses Angebot findest du vom 16.04. bis 22.04. in deiner Kaufland-Filiale.,2026-04-16,2026-04-22,../images/kaufland/kaufland_offer_405.jpg,"cat_obst_gemuese,diet_gluten_free,diet_lactose_free,diet_vegan,diet_vegetarian,sub_exoten,sub_frisches_obst,tag_ultra_processed,tag_whole_food",,,ref_000434,obs_0000016039|obs_0000016015,obs_0000016015|obs_0000016039,,
Keine Marke,Wave-Box ca 5 5 l,"€ 1,79",,"pro Einheit = 1,79","pro Einheit = 1,79","Aus Kunststoff Deckel mit Wellenstruktur Geschlossen stapelbar Größe ca. B 30 x H 16 x T 20 cm (ca. 5,5 l)",Nein,Dieses Angebot findest du vom 16.04. bis 22.04. in deiner Kaufland-Filiale.,2026-04-16,2026-04-22,../images/kaufland/kaufland_offer_403.jpg,"cat_obst_gemuese,diet_gluten_free,diet_lactose_free,diet_vegan,diet_vegetarian,sub_exoten,sub_frisches_obst,tag_ultra_processed,tag_whole_food",,,ref_000435,obs_0000016015|obs_0000016039,obs_0000016015,,
Keine Marke,Wave-Box ca 58 l,"€ 5,99",,"pro Einheit = 5,99","pro Einheit = 5,99",Aus Kunststoff Deckel mit Wellenstruktur Geschlossen stapelbar Größe ca. B 60 x H 35 x T 40 cm (ca. 58 l),Nein,Dieses Angebot findest du vom 16.04. bis 22.04. in deiner Kaufland-Filiale.,2026-04-16,2026-04-22,../images/kaufland/kaufland_offer_400.jpg,"cat_obst_gemuese,diet_gluten_free,diet_lactose_free,diet_vegan,diet_vegetarian,sub_exoten,sub_frisches_gemuese,sub_frisches_obst,tag_ultra_processed,tag_whole_food",,,ref_000436,obs_0000016015|obs_0000016039,obs_0000016015|obs_0000016039,,
SOFTLAN ULTRA,Weichspüler,"€ 1,29","€ 1,95","pro Einheit = 0,05","pro Einheit = 0,05","versch. Sorten, = 31 - 45 Anwendungen",Nein,Dieses Angebot findest du vom 16.04. bis 22.04. in deiner Kaufland-Filiale.,2026-04-16,2026-04-22,../images/kaufland/kaufland_offer_282.jpg,cat_drogerie,,,ref_000437,obs_0000013480|obs_0000011598|obs_0000013955|obs_0000010761|obs_0000003597|obs_0000015508|obs_0000019865|obs_0000032921|obs_0000015261|obs_0000019489|obs_0000020774|obs_0000009383|obs_0000031910|obs_0000033198|obs_0000020279|obs_0000021945|obs_0000008124|obs_0000027580|obs_0000028356|obs_0000010952|obs_0000012876|obs_0000025167|obs_0000032849|obs_0000016852|obs_0000031701|obs_0000022870|obs_0000021593|obs_0000026203|obs_0000014305|obs_0000023651|obs_0000021098|obs_0000009843|obs_0000006387|obs_0000026740|obs_0000034675|obs_0000016125|obs_0000033664|obs_0000033155|obs_0000032146|obs_0000032282|obs_0000006941|obs_0000005663|obs_0000005297|obs_0000030775|obs_0000029375|obs_0000007113|obs_0000008789|obs_0000005858|obs_0000012004|obs_0000006762,obs_0000013955|obs_0000010761|obs_0000003597|obs_0000015508|obs_0000019865|obs_0000032921|obs_0000015261|obs_0000019489|obs_0000020774|obs_0000009383|obs_0000013480|obs_0000031910|obs_0000033198|obs_0000020279|obs_0000021945|obs_0000008124|obs_0000027580|obs_0000028356|obs_0000010952|obs_0000012876|obs_0000011598|obs_0000025167|obs_0000032849|obs_0000016852|obs_0000031701|obs_0000022870|obs_0000008789|obs_0000021593|obs_0000026203|obs_0000014305|obs_0000023651|obs_0000021098|obs_0000009843|obs_0000006387|obs_0000026740|obs_0000034675|obs_0000016125|obs_0000033664,,
LILLET,Weinaperitif,"€ 10,99",,"1 l = 14,66","1 l = 14,66","Blanc oder Rosé, ideal für fruchtige Mischgetränke, 17 Vol. %",Nein,Dieses Angebot findest du vom 20.04. bis 22.04. in deiner Kaufland-Filiale.,2026-04-20,2026-04-22,../images/kaufland/kaufland_offer_041.jpg,cat_getraenke,,,ref_000438,obs_0000011990|obs_0000014873,obs_0000011990|obs_0000014873,,
ERDINGER,Weißbier oder Alkoholfrei,"€ 13,99",,"1 l = 1,40","1 l = 1,40",(+ 3.10 Pfand),Nein,Dieses Angebot findest du vom 16.04. bis 22.04. in deiner Kaufland-Filiale.,2026-04-16,2026-04-22,../images/kaufland/kaufland_offer_273.jpg,cat_getraenke,,BLS-P1A1120,ref_000439,obs_0000011368|obs_0000015092|obs_0000000862|obs_0000007888|obs_0000034223|obs_0000011150|obs_0000034431|obs_0000011999|obs_0000012210|obs_0000029988|obs_0000014653|obs_0000031617|obs_0000015275|obs_0000015936|obs_0000034225|obs_0000035037|obs_0000027336|obs_0000028367|obs_0000028886|obs_0000028962|obs_0000028970|obs_0000031388|obs_0000031751|obs_0000031911,obs_0000011368|obs_0000015092,,
Paulaner,Weißbier-Zitrone alkoholfrei,"€ 3,99","€ 5,39","1 l = 2,02","1 l = 2,02","0,0 Vol. % (+ 0.48 Pfand)",Nein,Dieses Angebot findest du vom 16.04. bis 22.04. in deiner Kaufland-Filiale.,2026-04-16,2026-04-22,../images/kaufland/kaufland_offer_275.jpg,"cat_getraenke,diet_vegetarian",,,ref_000440,obs_0000011999|obs_0000000862|obs_0000031388|obs_0000028962|obs_0000028970|obs_0000011368|obs_0000015092|obs_0000031751|obs_0000031911|obs_0000027336|obs_0000028367|obs_0000028886|obs_0000035037|obs_0000032505|obs_0000031579|obs_0000029580|obs_0000011150|obs_0000034223|obs_0000034225,obs_0000011999,,x
Keine Marke,Weltmeister-Chia-Krüstchen,"€ 1,00",,"pro Einheit = 1,00","pro Einheit = 1,00","mit Hafer und Roggen für eine saftige Krume, Sonnenblumenkernen und Chiasamen",Nein,Dieses Angebot findest du vom 16.04. bis 22.04. in deiner Kaufland-Filiale.,2026-04-16,2026-04-22,../images/kaufland/kaufland_offer_183.jpg,"cat_grundnahrung,diet_gluten_free,diet_lactose_free,diet_vegan,diet_vegetarian,tag_ultra_processed,tag_whole_food",,,ref_000441,obs_0000013961,obs_0000013961,,
Parkside,Werkzeugkoffer mit Akkuschrauber PWBM A1,"€ 69,99","€ 69,99","pro Einheit = 92,00","pro Einheit = 92,00","Akkuschrauber 4 V/1,5 Ah, max. 202 Nm 40 Bits und Bit-Adapter Schraubendreher-Bithalter 8 Innensechskantschlüssel 1 Kreuz- und 2 Schlitzschraubendreher Schraubenschlüssel, Steckschlüsseladapter Metallsäge mit 3 Ersatzblättern Schneidemesser mit 5 Ersatzklingen Wasserwaage, 5-m-Maßband, 200-g-Hammer Schneidezange, Spitzzange, Spannungsprüfer 17 Spline-Steckschlüssel (6,3 und 10 mm) Umschaltknarre mit 72 Zähnen Wobble-Verlängerung 3 Jahre Garantie",Nein,Dieses Angebot findest du vom 16.04. bis 22.04. in deiner Kaufland-Filiale.,2026-04-16,2026-04-22,../images/kaufland/kaufland_offer_330.jpg,cat_non_food,,,ref_000442,obs_0000016242|obs_0000000871|obs_0000000928|obs_0000026174|obs_0000022746,,,x
STORCK,Werther s Original,"€ 1,49",,"1 kg = 6,09 - 8,28","1 kg = 6,09 - 8,28",versch. Sorten,Nein,Dieses Angebot findest du vom 20.04. bis 22.04. in deiner Kaufland-Filiale.,2026-04-20,2026-04-22,../images/kaufland/kaufland_offer_693.jpg,"cat_getraenke,tag_ultra_processed",,,ref_000443,obs_0000008479|obs_0000013029|obs_0000016138|obs_0000008804|obs_0000028730|obs_0000020611|obs_0000012423|obs_0000006283|obs_0000026772|obs_0000026832|obs_0000028896|obs_0000035052|obs_0000027005|obs_0000027048|obs_0000021000|obs_0000008777|obs_0000021117|obs_0000008906|obs_0000015051|obs_0000021430|obs_0000025547|obs_0000033763|obs_0000017384|obs_0000013325|obs_0000019505|obs_0000031800|obs_0000025705|obs_0000009334|obs_0000015502|obs_0000027791|obs_0000033975|obs_0000021758|obs_0000009525|obs_0000021868|obs_0000017799|obs_0000026035|obs_0000022184|obs_0000020181|obs_0000034561|obs_0000009987|obs_0000028429|obs_0000034575|obs_0000016167|obs_0000020298|obs_0000028516|obs_0000010117|obs_0000014249|obs_0000028630,obs_0000008479|obs_0000013029|obs_0000016138,,
C4,Whey Protein Reese s oder Hershey s,"€ 15,99","€ 19,99","1 kg = 33,25 - 35,15","1 kg = 33,25 - 35,15",mit Erdnussbutter-Schokoladen- oder Milchschokoladengeschmack,Nein,Dieses Angebot findest du vom 16.04. bis 22.04. in deiner Kaufland-Filiale.,2026-04-16,2026-04-22,../images/kaufland/kaufland_offer_311.jpg,"cat_drogerie,diet_vegetarian,tag_high_protein,tag_proteinreich,tag_ultra_processed",,,ref_000444,,,,
JIM BEAM,Whiskey oder Whiskey-Likör,"€ 10,99",,"1 l = 15,70","1 l = 15,70","Kentucky Straight Bourbon, Honey oder Black Cherry, 32,5 - 40 Vol. %",Nein,Dieses Angebot findest du vom 16.04. bis 22.04. in deiner Kaufland-Filiale.,2026-04-16,2026-04-22,../images/kaufland/kaufland_offer_251.jpg,cat_getraenke,,,ref_000445,obs_0000011980|obs_0000013035|obs_0000015488|obs_0000011579|obs_0000011131|obs_0000012635|obs_0000013067|obs_0000000247|obs_0000003467|obs_0000020047|obs_0000003872|obs_0000012418|obs_0000004299|obs_0000020866|obs_0000004726|obs_0000022448,obs_0000011980|obs_0000013035|obs_0000015488,,
Aus eigener Herstellung,Wiener oder Käsewürstchen,"€ 0,88",,"pro Einheit = 100,00","pro Einheit = 100,00",knackig im Biss,Nein,Dieses Angebot findest du vom 16.04. bis 22.04. in deiner Kaufland-Filiale.,2026-04-16,2026-04-22,../images/kaufland/kaufland_offer_109.jpg,"cat_fleisch_wurst,sub_wurst,tag_ultra_processed",,BLS-W211200,ref_000446,obs_0000011447|obs_0000012784|obs_0000014929|obs_0000016119|obs_0000005417|obs_0000031788,obs_0000011447|obs_0000012784|obs_0000014929|obs_0000016119,,
Keine Marke,Wienerle-Croissant,"€ 0,79","€ 0,99","pro Einheit = 0,79","pro Einheit = 0,79","Plunderteighörnchen mit geräucherter Brühwurst gefüllt, mit Sesam bestreut",Nein,Dieses Angebot findest du vom 16.04. bis 22.04. in deiner Kaufland-Filiale.,2026-04-16,2026-04-22,../images/kaufland/kaufland_offer_178.jpg,"cat_grundnahrung,diet_gluten_free,diet_lactose_free,diet_vegan,diet_vegetarian,tag_ultra_processed,tag_whole_food",,,ref_000447,obs_0000015418|obs_0000023360|obs_0000008670|obs_0000013049|obs_0000023195|obs_0000025842,obs_0000015418|obs_0000023360|obs_0000008670|obs_0000013049,,
Parkside,Winkel ca 25 x 25 x 14 mm,"€ 1,99",,"pro Einheit = 16,00","pro Einheit = 16,00","Aus Stahl, verzinkt Größe je ca. 25 x 25 x 14 mm Inkl. 64 Schrauben",Nein,Dieses Angebot findest du vom 16.04. bis 22.04. in deiner Kaufland-Filiale.,2026-04-16,2026-04-22,../images/kaufland/kaufland_offer_346.jpg,cat_non_food,,,ref_000448,,,,x
Parkside,Winkel ca 30 x 30 x 30 mm,"€ 1,99",,"pro Einheit = 8,00","pro Einheit = 8,00","Aus Stahl, verzinkt Größe je ca. 30 x 30 x 30 mm Inkl. 32 Schrauben",Nein,Dieses Angebot findest du vom 16.04. bis 22.04. in deiner Kaufland-Filiale.,2026-04-16,2026-04-22,../images/kaufland/kaufland_offer_350.jpg,cat_non_food,,,ref_000449,,,,x
Parkside,Winkel ca 40 x 40 x 15 mm,"€ 1,99",,"pro Einheit = 12,00","pro Einheit = 12,00","Aus Stahl, verzinkt Größe je ca. 40 x 40 x 15 mm Inkl. 48 Schrauben",Nein,Dieses Angebot findest du vom 16.04. bis 22.04. in deiner Kaufland-Filiale.,2026-04-16,2026-04-22,../images/kaufland/kaufland_offer_347.jpg,cat_non_food,,,ref_000450,obs_0000022895|obs_0000023263,,,x
Parkside,Winkel ca 50 x 50 x 15 mm,"€ 1,99",,"pro Einheit = 10,00","pro Einheit = 10,00","Aus Stahl, verzinkt Größe je ca. 50 x 50 x 15 mm Inkl. 40 Schrauben",Nein,Dieses Angebot findest du vom 16.04. bis 22.04. in deiner Kaufland-Filiale.,2026-04-16,2026-04-22,../images/kaufland/kaufland_offer_348.jpg,cat_non_food,,,ref_000451,obs_0000022895|obs_0000023263,,,x
Parkside,Winkel ca 60 x 60 x 16 mm,"€ 1,99",,"pro Einheit = 8,00","pro Einheit = 8,00","Aus Stahl, verzinkt Größe je ca. 60 x 60 x 16 mm Inkl. 32 Schrauben",Nein,Dieses Angebot findest du vom 16.04. bis 22.04. in deiner Kaufland-Filiale.,2026-04-16,2026-04-22,../images/kaufland/kaufland_offer_349.jpg,cat_non_food,,,ref_000452,,,,x
ZEWA,Wisch Weg,"€ 2,39",,"pro Einheit = 45,00","pro Einheit = 45,00","Küchenpapier, Original",Nein,Dieses Angebot findest du vom 20.04. bis 22.04. in deiner Kaufland-Filiale.,2026-04-20,2026-04-22,../images/kaufland/kaufland_offer_696.jpg,cat_non_food,,,ref_000453,obs_0000011159|obs_0000032862|obs_0000028745|obs_0000026280|obs_0000033889|obs_0000028798|obs_0000029729|obs_0000007116|obs_0000007500|obs_0000007925,obs_0000011159|obs_0000032862,,
Keine Marke,Wäschekorb mit Beinen,"€ 6,99",,"pro Einheit = 6,99","pro Einheit = 6,99",Aus Kunststoff Beine über seitliche Schieber klappbar Größe ca. B 60 x H 58 x T 40 cm (ca. 38 l),Nein,Dieses Angebot findest du vom 16.04. bis 22.04. in deiner Kaufland-Filiale.,2026-04-16,2026-04-22,../images/kaufland/kaufland_offer_401.jpg,"cat_obst_gemuese,diet_gluten_free,diet_lactose_free,diet_vegan,diet_vegetarian,sub_frisches_obst,tag_ultra_processed,tag_whole_food",,,ref_000454,obs_0000016034|obs_0000013487|obs_0000009530|obs_0000009992|obs_0000012088,,,
LEIFHEIT,Wäschespinne Linomatic 400 Easy,"€ 89,99","€ 134,99","pro Einheit = 89,99","pro Einheit = 89,99",Easy-Lift-System für einfaches Öffnen Leichtes Schließen: Entriegelung im Standrohr Automatischer Leineneinzug Trockenlänge ca. 40 m Größe ca. B/T 186 x H 168 cm Inkl. Bodenhülse,Nein,Dieses Angebot findest du vom 16.04. bis 22.04. in deiner Kaufland-Filiale.,2026-04-16,2026-04-22,../images/kaufland/kaufland_offer_398.jpg,cat_non_food,,,ref_000455,,,,
BERLINKI,Würstchen XXL,"€ 8,99",,"1 kg = 6,00","1 kg = 6,00","Classic, 30 Stück",Nein,Dieses Angebot findest du vom 16.04. bis 22.04. in deiner Kaufland-Filiale.,2026-04-16,2026-04-22,../images/kaufland/kaufland_offer_102.jpg,"cat_fleisch_wurst,sub_wurst,tag_ultra_processed",,,ref_000456,obs_0000023289|obs_0000031934|obs_0000025844|obs_0000012763|obs_0000017328|obs_0000025702|obs_0000009369|obs_0000009557|obs_0000013967|obs_0000018100,,,
WZG MÖGLINGEN,Württemberger Rebsortenwein,"€ 3,49",,"1 l = 4,66","1 l = 4,66","Qualitätsweine, Württemberg, z. B. Trollinger halbtrocken: weich, nussig, angenehm fruchtig, passt zu kalten Platten und Salaten",Nein,Dieses Angebot findest du vom 16.04. bis 22.04. in deiner Kaufland-Filiale.,2026-04-16,2026-04-22,../images/kaufland/kaufland_offer_260.jpg,cat_getraenke,,,ref_000457,obs_0000015077|obs_0000015698|obs_0000011581|obs_0000014154,obs_0000015077|obs_0000014154|obs_0000015698|obs_0000011581,,
MAGGI,Würze,"€ 3,89","€ 6,29","pro Einheit = 1,00","pro Einheit = 1,00","flüssiges Würzmittel, vielseitig verwendbar",Nein,Dieses Angebot findest du vom 16.04. bis 22.04. in deiner Kaufland-Filiale.,2026-04-16,2026-04-22,../images/kaufland/kaufland_offer_172.jpg,"cat_grundnahrung,tag_ultra_processed",,,ref_000458,obs_0000009630|obs_0000031290|obs_0000033905|obs_0000010482,obs_0000009630|obs_0000031290|obs_0000033905|obs_0000010482,,
DR BEST,Zahnbürste Hoch-Tief,"€ 1,59","€ 1,95","pro Einheit = 1,00","pro Einheit = 1,00",versch. Härtegrade,Nein,Dieses Angebot findest du vom 16.04. bis 22.04. in deiner Kaufland-Filiale.,2026-04-16,2026-04-22,../images/kaufland/kaufland_offer_299.jpg,cat_drogerie,,,ref_000459,obs_0000015112|obs_0000033307|obs_0000009391|obs_0000012468|obs_0000009852|obs_0000016356,obs_0000015112|obs_0000012468,,
SENSODYNE,Zahncreme,"€ 5,49",,"1 l = 24,40","1 l = 24,40",2 x Sensitiv + 1 x Multicare Original oder Sanftweiß,Nein,Dieses Angebot findest du vom 16.04. bis 22.04. in deiner Kaufland-Filiale.,2026-04-16,2026-04-22,../images/kaufland/kaufland_offer_301.jpg,cat_drogerie,,BLS-V880300,ref_000460,obs_0000012024|obs_0000015114|obs_0000012899|obs_0000008315|obs_0000031914|obs_0000012467|obs_0000027360|obs_0000022872|obs_0000032872|obs_0000012470|obs_0000027515|obs_0000013850|obs_0000032867|obs_0000033016|obs_0000033033|obs_0000033220|obs_0000010272|obs_0000032817|obs_0000017476|obs_0000013968|obs_0000030353|obs_0000033482|obs_0000033487|obs_0000033540|obs_0000035062|obs_0000031053|obs_0000014678|obs_0000028510|obs_0000034656|obs_0000033139|obs_0000030077|obs_0000016784|obs_0000011171|obs_0000034251|obs_0000028624|obs_0000013280|obs_0000011771|obs_0000017737|obs_0000016382|obs_0000032773|obs_0000034857|obs_0000033844|obs_0000028222|obs_0000019008|obs_0000033389|obs_0000031855|obs_0000031348|obs_0000007299|obs_0000028333|obs_0000006397,obs_0000012899|obs_0000008315|obs_0000030353|obs_0000031914|obs_0000012467|obs_0000027360|obs_0000012024|obs_0000015114|obs_0000022872,,
Parkside,Zangen-Amperemeter PZM 2 B4,"€ 12,99",,"pro Einheit = 12,99","pro Einheit = 12,99","Misst Wechselstrom, Spannung, Widerstand etc. Für Gleich- und Wechselspannung Indirekte Messung (ohne Stromkreisunterbrechung) Prüfung mit akustischem und optischen Signal Inkl. Dioden- und Durchgangsprüfung LC-Display mit Hintergrundbeleuchtung Auto-Off-Funktion Überladungsschutz und Batteriewechselanzeige Spannung: 0 bis 600 V Wechselstrom: 0 bis 600 A Widerstand: 0 bis 60 MΩ Kapazität: 0 bis 6000 uF Frequenz: 0 bis 1 MHz Inkl. 2 zusätzliche Messspitzen, Batterien 3 Jahre Garantie",Nein,Dieses Angebot findest du vom 16.04. bis 22.04. in deiner Kaufland-Filiale.,2026-04-16,2026-04-22,../images/kaufland/kaufland_offer_334.jpg,cat_non_food,,,ref_000461,,,,x
Parkside,Ösenmagnete,"€ 4,99",,"pro Einheit = 6,00","pro Einheit = 6,00","Zum Halten von Dokumenten, Memos, Fotos etc. Magnetische Haftkraft horizontal je ca. 23,3 kg Magnetische Haftkraft vertikal je ca. 5,3 kg Hitzebeständig bis 80 °C Korrosionsbeständig Inkl. Aufbewahrungsbox",Nein,Dieses Angebot findest du vom 16.04. bis 22.04. in deiner Kaufland-Filiale.,2026-04-16,2026-04-22,../images/kaufland/kaufland_offer_362.jpg,cat_non_food,,,ref_000462,,,,x
