Marke,Produkt,Preis,Vorheriger_Preis,Preis_kg,Hinweis,Nur_online,Gueltig_raw,Gueltig_von,Gueltig_bis,Bildpfad,assigned_labels,nutrition_link,reference_row_id,rough_match_observation_ids,exact_match_observation_ids
HARRY,1688 Unser Mildes,"€ 1,29",,"1 kg = 2,58","Weizenmischbrot, in Scheiben",Nein,Dieses Angebot findest du vom 19.03. bis 25.03. in deiner Kaufland-Filiale.,2026-03-19,2026-03-25,images_kaufland/kaufland_offer_198.jpg,"cat_grundnahrung,diet_vegetarian,tag_ultra_processed",,ref_000001,obs_0000031327|obs_0000011362|obs_0000009387|obs_0000009848,obs_0000009387|obs_0000031327|obs_0000011362|obs_0000009848
Keine Marke,2in1 Shampoo und Duschgel,"€ 3,99","€ 4,99","1 l = 9,98","»PAW Patrol«, »Spider Man«, »Iron Man«, »Eau My Unicorn« oder »Frozen«",Nein,Dieses Angebot findest du vom 19.03. bis 25.03. in deiner Kaufland-Filiale.,2026-03-19,2026-03-25,images_kaufland/kaufland_offer_353.jpg,"cat_drogerie,diet_lactose_free,tag_whole_food",,ref_000002,obs_0000015529|obs_0000028459|obs_0000032840|obs_0000032877|obs_0000033059|obs_0000033092|obs_0000033133|obs_0000033168|obs_0000000446|obs_0000033215|obs_0000033227|obs_0000033237|obs_0000033244|obs_0000033372|obs_0000033398|obs_0000033460|obs_0000033529|obs_0000033623|obs_0000033649|obs_0000034052|obs_0000034239|obs_0000034662|obs_0000001916|obs_0000034854|obs_0000035065|obs_0000035066|obs_0000004179|obs_0000004606|obs_0000005033|obs_0000008067|obs_0000008329|obs_0000009054|obs_0000009325|obs_0000009494|obs_0000009796|obs_0000009955|obs_0000010154|obs_0000010913|obs_0000011174|obs_0000011610|obs_0000011624|obs_0000011788|obs_0000013165|obs_0000013602|obs_0000014682|obs_0000015523|obs_0000015972|obs_0000017459|obs_0000019053|obs_0000020828,obs_0000015529
MAGGI,5-Minuten-Terrine oder Magic Asia Noodles,"€ 4,00","€ 4,95","1 kg = 10,67 - 19,52",versch. Sorten,Nein,Dieses Angebot findest du vom 23.03. bis 25.03. in deiner Kaufland-Filiale.,2026-03-23,2026-03-25,images_kaufland/kaufland_offer_659.jpg,"cat_grundnahrung,tag_ultra_processed",,ref_000003,obs_0000005924|obs_0000006644|obs_0000022281|obs_0000018283|obs_0000019422|obs_0000027128,obs_0000005924
METAXA,7 Sterne,"€ 12,99","€ 22,99","1 l = 18,56","griech. Branntweinspezialität, 40 Vol. %",Nein,Dieses Angebot findest du vom 23.03. bis 25.03. in deiner Kaufland-Filiale.,2026-03-23,2026-03-25,images_kaufland/kaufland_offer_014.jpg,cat_getraenke,,ref_000004,obs_0000028420|obs_0000025381|obs_0000012867|obs_0000011351|obs_0000010295|obs_0000009152|obs_0000009682|obs_0000009200|obs_0000002839|obs_0000002278|obs_0000027887|obs_0000003441|obs_0000000167|obs_0000028133|obs_0000019050|obs_0000017926|obs_0000016280|obs_0000000162|obs_0000016683|obs_0000030643|obs_0000001973|obs_0000035116|obs_0000022261|obs_0000017275|obs_0000017279|obs_0000017781,obs_0000028420|obs_0000025381|obs_0000012867|obs_0000011351
ABTSHOF,Absinth 66,"€ 19,99","€ 23,99","1 l = 39,98","Spirituosenspezialität mit Anis, Fenchel, Wermut und weiteren Kräutern, 66 Vol. %",Nein,Dieses Angebot findest du vom 19.03. bis 25.03. in deiner Kaufland-Filiale.,2026-03-19,2026-03-25,images_kaufland/kaufland_offer_294.jpg,"cat_getraenke,diet_vegetarian",,ref_000005,,
TALENTUS,Acrylfarbe,"€ 3,99",,"1 l = 7,98","Leuchtende Farbe mit guter Deckkraft Zum Malen auf Papier, Leinwand, Glas und Textil Lichtbeständig Versch. Farben",Nein,Dieses Angebot findest du vom 19.03. bis 25.03. in deiner Kaufland-Filiale.,2026-03-19,2026-03-25,images_kaufland/kaufland_offer_378.jpg,cat_non_food,,ref_000006,,
PARKSIDE,Akku-Kfz-Drehschlagschrauber 20 V PASSK 20-Li mit Akku,"€ 69,99","€ 69,99","pro Einheit = 69,99","Drehmoment-Vorwahl: 100/150/200/300/400 Nm Stufenlose Dreh- und Schlagzahlsteuerung Leerlaufdrehzahl 0 - 2.300 min-1 Schlagzahl 0 - 3.000 min-1 Außenvierkant-Werkzeugaufnahme (1/2 Zoll) Integrierte LED-Arbeitsleuchte Gürtelclip mit Flaschenöffnerfunktion Inkl. Akku (4 Ah) und Ladegerät (4,5 A) Akku kompatibel mit allen »X 20 V Team«-Geräten 3-stufige LED-Akkuzustandsanzeige am Akku Ladegerät mit automatischer Ladeabschaltung Inkl. Koffer und 4 Steckschlüssel (17/19/21/23) 3 Jahre Garantie",Nein,Dieses Angebot findest du vom 19.03. bis 25.03. in deiner Kaufland-Filiale.,2026-03-19,2026-03-25,images_kaufland/kaufland_offer_371.jpg,cat_non_food,,ref_000007,obs_0000013989|obs_0000024831|obs_0000024842|obs_0000016525|obs_0000023058,
PARKSIDE,Akku-Poliermaschine 20 V PPMAS 20-Li A2 mit Akku,"€ 49,99",,"pro Einheit = 49,99","Geeignet zum Polieren mit Polierpasten Ideal auch zum Ausbessern kleiner Kratzer Gehäuse mit rutschhemmender Softgrip-Ausstattung Polierteller mit Kletthaftung Für Klettplatten mit Ø 125 und 150 mm Leerlaufdrehzahl 6-stufig 500 - 3.000 min-1 Mit integrierter Wandhalterung Kompatibel mit Akkus der Serie »X 20 V Team« Inkl. Akku (4 Ah) und Ladegerät (4,5 A) Inkl. Koffer und 2 Polierschwämme (weich/hart) 3 Jahre Garantie",Nein,Dieses Angebot findest du vom 19.03. bis 25.03. in deiner Kaufland-Filiale.,2026-03-19,2026-03-25,images_kaufland/kaufland_offer_373.jpg,cat_non_food,,ref_000008,obs_0000000184,
LINDT,Alkoholische Ostereier,"€ 4,44","€ 5,49","1 kg = 41,12","Schokoladeneier mit alkoholischer Füllung, versch. Sorten",Nein,Dieses Angebot findest du vom 19.03. bis 25.03. in deiner Kaufland-Filiale.,2026-03-19,2026-03-25,images_kaufland/kaufland_offer_259.jpg,cat_knabbern_naschen,,ref_000009,,
HAVANA CLUB,Alkoholisches Mixgetränk,"€ 1,99","€ 3,29","1 l = 6,03","mit kubanischem Rum, versch. Sorten, z. T. koffeinhaltig, 10 Vol. % (+ 0.25 Pfand)",Nein,Dieses Angebot findest du vom 19.03. bis 25.03. in deiner Kaufland-Filiale.,2026-03-19,2026-03-25,images_kaufland/kaufland_offer_295.jpg,cat_getraenke,,ref_000010,obs_0000012426|obs_0000015062|obs_0000013501|obs_0000026012|obs_0000012425|obs_0000013228|obs_0000015063,obs_0000012426|obs_0000015062|obs_0000013501
UHU,Alleskleber Flinke Flasche,"€ 2,99","€ 4,91","1 kg = 33,23","Für Glas, Holz, Kunststoffe, Leder, Metall etc. Klebekopf für Punkt-, Strich- und Flächenkleben Transparent Leicht auswaschbar bei 60 °C",Nein,Dieses Angebot findest du vom 19.03. bis 25.03. in deiner Kaufland-Filiale.,2026-03-19,2026-03-25,images_kaufland/kaufland_offer_380.jpg,"cat_fleisch_wurst,sub_wurst,tag_ultra_processed",,ref_000011,obs_0000019734|obs_0000021958|obs_0000018416,
ALMETTE,Alpenfrischkäse,"€ 0,99",,"1 kg = 6,60","Halbfettstufe - Doppelrahmstufe, versch. Sorten",Nein,Dieses Angebot findest du vom 19.03. bis 25.03. in deiner Kaufland-Filiale.,2026-03-19,2026-03-25,images_kaufland/kaufland_offer_159.jpg,"cat_molkerei_kaese,sub_kaese,sub_milchprodukte",,ref_000012,obs_0000003172|obs_0000010635|obs_0000002384|obs_0000001432|obs_0000006287|obs_0000006973,obs_0000003172|obs_0000010635|obs_0000002384|obs_0000001432
LAMBERTI,Amarone della Valpolicella,"€ 12,99","€ 17,99","1 l = 17,32","Veneto, Aromen von Rosinen, Veilchen, würzig, passt zu gebratenem Fleisch, Wild und herzhaftem Käse",Nein,Dieses Angebot findest du vom 19.03. bis 25.03. in deiner Kaufland-Filiale.,2026-03-19,2026-03-25,images_kaufland/kaufland_offer_301.jpg,"cat_getraenke,diet_vegetarian,tag_ultra_processed",,ref_000013,obs_0000019509|obs_0000021678|obs_0000020272|obs_0000016442|obs_0000021091|obs_0000017143|obs_0000023423|obs_0000007264,obs_0000019509
GUSTAVO GUSTO,Amore Napoli Pizza,"€ 2,99","€ 3,79","1 kg = 8,93 - 9,50",versch. Sorten,Nein,Dieses Angebot findest du vom 19.03. bis 25.03. in deiner Kaufland-Filiale.,2026-03-19,2026-03-25,images_kaufland/kaufland_offer_174.jpg,"cat_tiefkuehl,sub_tk_pizza,tag_ultra_processed",,ref_000014,obs_0000014967|obs_0000028255|obs_0000013341|obs_0000025810|obs_0000010530|obs_0000031503|obs_0000031510|obs_0000029021|obs_0000029161|obs_0000023186|obs_0000005867,obs_0000014967
APEROL,Aperitivo,"€ 8,88",,"1 l = 12,69","Aperitif aus bitteren und süßen Orangen sowie ausgewählten Kräutern und Wurzeln, 11 Vol. %",Nein,Dieses Angebot findest du vom 19.03. bis 25.03. in deiner Kaufland-Filiale.,2026-03-19,2026-03-25,images_kaufland/kaufland_offer_293.jpg,"cat_getraenke,sub_tk_fertiggerichte,tag_high_protein",,ref_000015,obs_0000013069|obs_0000008990|obs_0000020899|obs_0000003633|obs_0000009522|obs_0000021836|obs_0000020080|obs_0000015485|obs_0000009984|obs_0000008244|obs_0000010091|obs_0000003572|obs_0000001345|obs_0000002969|obs_0000001820|obs_0000021548|obs_0000031404|obs_0000021817|obs_0000006214|obs_0000018389|obs_0000000860|obs_0000007649|obs_0000006003|obs_0000032755|obs_0000011128|obs_0000020729|obs_0000029262|obs_0000000857|obs_0000001269|obs_0000005262,obs_0000013069|obs_0000008990|obs_0000020899|obs_0000003633|obs_0000009522|obs_0000008244|obs_0000021836|obs_0000010091|obs_0000020080|obs_0000006003|obs_0000003572|obs_0000015485|obs_0000009984
Kalbsbraten,aus der Keule,"€ 19,90","€ 23,90","pro Einheit = 19,90","aus der Keule, besonders zart und aromatisch",Nein,Dieses Angebot findest du vom 19.03. bis 25.03. in deiner Kaufland-Filiale.,2026-03-19,2026-03-25,images_kaufland/kaufland_offer_124.jpg,"cat_fleisch_wurst,sub_rind,sub_schwein",,ref_000016,obs_0000012301|obs_0000014935|obs_0000015782|obs_0000034546|obs_0000010997|obs_0000015744|obs_0000015349,obs_0000012301|obs_0000014935|obs_0000015782
HAVANA CLUB,A ejo 7 A os Rum,"€ 19,99","€ 27,99","1 l = 28,56","echter kubanischer Rum, 7 Jahre in Weißeichenfässern gereift, 40 Vol. %",Nein,Dieses Angebot findest du vom 19.03. bis 25.03. in deiner Kaufland-Filiale.,2026-03-19,2026-03-25,images_kaufland/kaufland_offer_297.jpg,"cat_getraenke,diet_vegetarian",,ref_000017,obs_0000026969|obs_0000034638|obs_0000017633|obs_0000006555|obs_0000025003|obs_0000027570,
ZURU,Babycorns klein,"€ 14,99","€ 19,99","pro Einheit = 14,99",Ei mit Baby-Puppe und Zubehör Mit über 15 Überraschungen wie z. B. Schnuller Inkl. Geschichtenbuch Versch. Ausführungen Für Kinder ab 3 Jahren,Nein,Dieses Angebot findest du vom 19.03. bis 25.03. in deiner Kaufland-Filiale.,2026-03-19,2026-03-25,images_kaufland/kaufland_offer_410.jpg,"cat_non_food,diet_vegetarian",,ref_000018,,
TUC,Bake Rolls oder Mini,"€ 1,49","€ 2,19","1 kg = 9,94 - 12,42",versch. Sorten,Nein,Dieses Angebot findest du vom 23.03. bis 25.03. in deiner Kaufland-Filiale.,2026-03-23,2026-03-25,images_kaufland/kaufland_offer_645.jpg,"cat_knabbern_naschen,tag_ultra_processed",,ref_000019,obs_0000012658|obs_0000015705|obs_0000023731|obs_0000024157|obs_0000008972|obs_0000025542|obs_0000019152|obs_0000020562|obs_0000021381|obs_0000005658|obs_0000017530|obs_0000026024|obs_0000018128|obs_0000016216|obs_0000010932|obs_0000012328|obs_0000006379,obs_0000012658|obs_0000005658|obs_0000015705
NATRUE,Barista Oat Matcha,"€ 1,99","€ 2,99","pro Einheit = 1,99","Haferdrink, glutenfrei, vegan, trinkfertig",Nein,Dieses Angebot findest du vom 19.03. bis 25.03. in deiner Kaufland-Filiale.,2026-03-19,2026-03-25,images_kaufland/kaufland_offer_145.jpg,"cat_molkerei_kaese,diet_gluten_free,diet_lactose_free,diet_vegan,diet_vegetarian",,ref_000020,obs_0000012316|obs_0000028770|obs_0000006463,obs_0000012316
DON PAPA,Baroko,"€ 29,99","€ 37,99","1 l = 42,85","philipp. Rum, in amerik. Bourbonfässern gereift, typisch süßes Geschmacksprofil mit Untertönen von Honig, 40 Vol. %",Nein,Dieses Angebot findest du vom 19.03. bis 25.03. in deiner Kaufland-Filiale.,2026-03-19,2026-03-25,images_kaufland/kaufland_offer_298.jpg,"cat_getraenke,diet_gluten_free,diet_lactose_free,diet_vegan,diet_vegetarian,tag_ultra_processed",,ref_000021,obs_0000015915|obs_0000009487|obs_0000009947|obs_0000017870|obs_0000027534|obs_0000022042,obs_0000015915|obs_0000009487|obs_0000009947
TERRE DA VINO,Barolo DOCG,"€ 13,99","€ 19,99","1 l = 18,66","Piemont, Italien, aus der Nebbiolo-Traube, kraftvoll, Noten von Pflaume, Veilchen und Lakritz, passt zu Wild, Schmorbraten und reifem Käse",Nein,Dieses Angebot findest du vom 19.03. bis 25.03. in deiner Kaufland-Filiale.,2026-03-19,2026-03-25,images_kaufland/kaufland_offer_304.jpg,"cat_getraenke,diet_vegetarian,tag_ultra_processed",,ref_000022,obs_0000019814|obs_0000023224|obs_0000007264,
UHU,Bastelkleber,"€ 2,99","€ 4,81","1 kg = 33,23",Klebt alle gängigen Bastelmaterialien Schnell und transparent trocknend Lösungsmittelfrei In der handlichen Standtube,Nein,Dieses Angebot findest du vom 19.03. bis 25.03. in deiner Kaufland-Filiale.,2026-03-19,2026-03-25,images_kaufland/kaufland_offer_388.jpg,"cat_non_food,sub_wurst,tag_ultra_processed",,ref_000023,,
LENA,Bastelkoffer Jumbo,"€ 12,99",,"pro Einheit = 12,99","Mit zahlreichen Bastelmaterialien wie Federn, Kreppbändern, Perlen, Pompons, Knöpfen etc.",Nein,Dieses Angebot findest du vom 19.03. bis 25.03. in deiner Kaufland-Filiale.,2026-03-19,2026-03-25,images_kaufland/kaufland_offer_384.jpg,cat_non_food,,ref_000024,,
Keine Marke,Bauernbrötchen mit Saaten,"€ 0,33","€ 0,55","pro Einheit = 0,33","mit Sonnenblumen- und Kürbiskernen, Haferflocken und Mohn",Nein,Dieses Angebot findest du vom 19.03. bis 25.03. in deiner Kaufland-Filiale.,2026-03-19,2026-03-25,images_kaufland/kaufland_offer_197.jpg,"cat_grundnahrung,diet_gluten_free,diet_lactose_free,diet_vegan,diet_vegetarian,tag_ultra_processed,tag_whole_food",,ref_000025,obs_0000010693|obs_0000012652|obs_0000008399|obs_0000014549|obs_0000011524|obs_0000022562|obs_0000014151,obs_0000008399|obs_0000010693|obs_0000012652|obs_0000014549
K-PURLAND,Bauernrollbraten,"€ 5,99","€ 6,99","pro Einheit = 5,99","vom Schweinebauch, herzhaft",Nein,Dieses Angebot findest du vom 19.03. bis 25.03. in deiner Kaufland-Filiale.,2026-03-19,2026-03-25,images_kaufland/kaufland_offer_087.jpg,"cat_fleisch_wurst,diet_gluten_free,diet_lactose_free,sub_rind,sub_schwein,tag_high_protein,tag_whole_food",,ref_000026,obs_0000010995,obs_0000010995
K-PURLAND,Bayerischer Leberkäse fein,"€ 5,49","€ 7,98","pro Einheit = 5,49","vom Schwein, fein, roh, zum Selberbacken",Nein,Dieses Angebot findest du vom 19.03. bis 25.03. in deiner Kaufland-Filiale.,2026-03-19,2026-03-25,images_kaufland/kaufland_offer_084.jpg,"cat_fleisch_wurst,sub_kaese,sub_milchprodukte,sub_rind,sub_schwein,sub_wurst",,ref_000027,obs_0000011415|obs_0000009121|obs_0000009298|obs_0000014106|obs_0000026756|obs_0000020887|obs_0000018993|obs_0000025260|obs_0000000704|obs_0000031883|obs_0000023788|obs_0000021830|obs_0000020068|obs_0000024209|obs_0000001946|obs_0000022804|obs_0000027097|obs_0000008701|obs_0000027967|obs_0000026147,obs_0000009121|obs_0000009298|obs_0000011415|obs_0000014106
BITBURGER,Bier oder Biermischgetränk,"€ 3,99","€ 4,69","1 l = 2,02","versch. Sorten, z. T. auch alkoholfrei (+ 0.48 Pfand)",Nein,Dieses Angebot findest du vom 19.03. bis 25.03. in deiner Kaufland-Filiale.,2026-03-19,2026-03-25,images_kaufland/kaufland_offer_324.jpg,"cat_getraenke,tag_ultra_processed",,ref_000028,obs_0000010753|obs_0000011145|obs_0000012444|obs_0000013527|obs_0000015091|obs_0000009190|obs_0000009359|obs_0000009403|obs_0000009768|obs_0000026797|obs_0000027326|obs_0000028288|obs_0000028492|obs_0000028602|obs_0000028805|obs_0000014056|obs_0000023315|obs_0000031616|obs_0000031827,obs_0000010753|obs_0000011145|obs_0000012444|obs_0000013527|obs_0000015091
VOELKEL,Bio-Cranberry-Muttersaft,"€ 3,33","€ 5,49","1 l = 10,10",schonend verarbeitet,Nein,Dieses Angebot findest du vom 19.03. bis 25.03. in deiner Kaufland-Filiale.,2026-03-19,2026-03-25,images_kaufland/kaufland_offer_277.jpg,"cat_getraenke,diet_gluten_free,diet_vegan,diet_vegetarian",,ref_000029,obs_0000022575,
BIOREBE,Bio-Dornfelder o -Riesling,"€ 3,99","€ 4,99","1 l = 5,32","Qualitätswein, Pfalz, frische, duftig-fruchtige Aromen, fein mineralisch, passt zu leichter Küche",Nein,Dieses Angebot findest du vom 19.03. bis 25.03. in deiner Kaufland-Filiale.,2026-03-19,2026-03-25,images_kaufland/kaufland_offer_313.jpg,"cat_getraenke,diet_lactose_free,diet_vegan,diet_vegetarian,tag_whole_food",,ref_000030,obs_0000034220|obs_0000034683|obs_0000035028|obs_0000017683|obs_0000035030|obs_0000018852|obs_0000011811|obs_0000008303|obs_0000025421|obs_0000033828|obs_0000026142|obs_0000034629|obs_0000034633|obs_0000010309|obs_0000010349|obs_0000035051|obs_0000010748|obs_0000019740|obs_0000003513|obs_0000020555|obs_0000021374|obs_0000015078|obs_0000008015,
BIONADE,Bio-Erfrischungsgetränk,"€ 7,99","€ 11,79","1 l = 2,02",versch. Sorten (+ 2.46 Pfand),Nein,Dieses Angebot findest du vom 19.03. bis 25.03. in deiner Kaufland-Filiale.,2026-03-19,2026-03-25,images_kaufland/kaufland_offer_267.jpg,"cat_getraenke,diet_vegetarian,tag_ultra_processed",,ref_000031,obs_0000011560|obs_0000008378|obs_0000009431|obs_0000009513|obs_0000017948|obs_0000009895|obs_0000010013|obs_0000018552|obs_0000010736|obs_0000011154|obs_0000011968|obs_0000012413|obs_0000012664|obs_0000013177|obs_0000005272|obs_0000013619|obs_0000022058|obs_0000022185|obs_0000014624|obs_0000015052|obs_0000023247|obs_0000015479|obs_0000023728|obs_0000023744|obs_0000015906|obs_0000024155|obs_0000024168|obs_0000006900,obs_0000008378|obs_0000009431|obs_0000009513|obs_0000017948|obs_0000009895|obs_0000010013|obs_0000018552|obs_0000010736|obs_0000011154|obs_0000011560|obs_0000011968|obs_0000012413|obs_0000012664|obs_0000013177|obs_0000013619|obs_0000022058|obs_0000022185|obs_0000014624|obs_0000015052|obs_0000023247|obs_0000015479|obs_0000023728|obs_0000023744|obs_0000015906|obs_0000024155|obs_0000024168
FRECHE FREUNDE,Bio-Frucht-Snack,"€ 0,75","€ 0,95","1 kg = 7,50","Quetschmus, ohne Zuckerzusatz, ab 6 Monaten, versch. Sorten",Nein,Dieses Angebot findest du vom 19.03. bis 25.03. in deiner Kaufland-Filiale.,2026-03-19,2026-03-25,images_kaufland/kaufland_offer_345.jpg,"cat_drogerie,diet_vegan,diet_vegetarian,tag_ultra_processed",,ref_000032,obs_0000010771|obs_0000012462|obs_0000015516|obs_0000030143|obs_0000025802|obs_0000017698|obs_0000018804|obs_0000014824|obs_0000015693,obs_0000010771|obs_0000012462|obs_0000015516
SHARE,Bio-Koffein-Drink,"€ 1,29","€ 1,65","1 l = 5,16","Beere & Açai oder Kaktus & Limette, koffeinhaltig",Nein,Dieses Angebot findest du vom 19.03. bis 25.03. in deiner Kaufland-Filiale.,2026-03-19,2026-03-25,images_kaufland/kaufland_offer_332.jpg,"cat_getraenke,diet_lactose_free,diet_vegan,diet_vegetarian,tag_ultra_processed",,ref_000033,obs_0000018089|obs_0000020747|obs_0000021566|obs_0000021776|obs_0000026421,
K-TAKE IT VEGGIE,Bio-Kokos-Reis-Drink,"€ 1,11","€ 1,45","pro Einheit = 1,11",natur,Nein,Dieses Angebot findest du vom 19.03. bis 25.03. in deiner Kaufland-Filiale.,2026-03-19,2026-03-25,images_kaufland/kaufland_offer_144.jpg,"cat_molkerei_kaese,diet_gluten_free,diet_lactose_free,diet_vegan,diet_vegetarian,tag_ultra_processed",,ref_000034,obs_0000026421|obs_0000001857|obs_0000002623|obs_0000019357|obs_0000002993|obs_0000003183,
K-BIO,Bio-Kokoswasser,"€ 1,11",,"1 l = 3,37",natur,Nein,Dieses Angebot findest du vom 19.03. bis 25.03. in deiner Kaufland-Filiale.,2026-03-19,2026-03-25,images_kaufland/kaufland_offer_280.jpg,"cat_getraenke,diet_gluten_free,diet_lactose_free,diet_vegan,diet_vegetarian",,ref_000035,obs_0000008144|obs_0000034339,obs_0000008144
VIO,Bio-Limo,"€ 1,29","€ 1,69","pro Einheit = 1,29",Zitrone & Limette (+ 0.25 Pfand),Nein,Dieses Angebot findest du vom 19.03. bis 25.03. in deiner Kaufland-Filiale.,2026-03-19,2026-03-25,images_kaufland/kaufland_offer_270.jpg,"cat_getraenke,diet_gluten_free,diet_lactose_free,diet_vegan,diet_vegetarian,tag_ultra_processed,tag_whole_food",BLS-F602100,ref_000036,obs_0000015050,obs_0000015050
K-BIO,Bio-Mehrfruchtsaft oder -Birnensaft,"€ 1,89","€ 2,29","pro Einheit = 1,89","Mehrfruchtsaft mit 15 % Karottensaft oder direkt gepresster, naturtrüber Birnensaft",Nein,Dieses Angebot findest du vom 19.03. bis 25.03. in deiner Kaufland-Filiale.,2026-03-19,2026-03-25,images_kaufland/kaufland_offer_275.jpg,"cat_getraenke,diet_gluten_free,diet_lactose_free,diet_vegan,diet_vegetarian,tag_whole_food",,ref_000037,,
K-BIO,Bio-Orangensaft,"€ 2,19","€ 2,45","pro Einheit = 2,19","aus Orangensaftkonzentrat, 100 % Fruchtgehalt",Nein,Dieses Angebot findest du vom 19.03. bis 25.03. in deiner Kaufland-Filiale.,2026-03-19,2026-03-25,images_kaufland/kaufland_offer_274.jpg,"cat_getraenke,diet_gluten_free,diet_lactose_free,diet_vegan,diet_vegetarian,sub_frisches_obst,tag_whole_food",BLS-F603100,ref_000038,obs_0000008339|obs_0000000864|obs_0000027954|obs_0000000171|obs_0000000867|obs_0000018763|obs_0000002577|obs_0000019395|obs_0000027910|obs_0000028729|obs_0000015904|obs_0000008046,obs_0000008339|obs_0000000864|obs_0000027954
BIOREBE,Bio-Pinot-Grigio,"€ 3,99","€ 4,99","1 l = 5,32","Venetien, fruchtbetont, angenehme Frische, passt zu Fisch, Salaten und ital. Speisen",Nein,Dieses Angebot findest du vom 19.03. bis 25.03. in deiner Kaufland-Filiale.,2026-03-19,2026-03-25,images_kaufland/kaufland_offer_312.jpg,"cat_getraenke,diet_gluten_free,diet_lactose_free,diet_vegan,diet_vegetarian,tag_whole_food",,ref_000039,obs_0000034040|obs_0000034286|obs_0000014113|obs_0000023227|obs_0000033284|obs_0000000907|obs_0000028480|obs_0000029430|obs_0000031409|obs_0000031805|obs_0000005822,
LANDLUST,Bio-Qualitätswein,"€ 3,99",,"1 l = 5,32","versch. Sorten, z. B. Weißer Burgunder & Rivaner: Rheinhessen, Aromen von Birnen und Quitten, spritzig, harmonisch, passt zu Geflügel, Spargel und Pasta",Nein,Dieses Angebot findest du vom 19.03. bis 25.03. in deiner Kaufland-Filiale.,2026-03-19,2026-03-25,images_kaufland/kaufland_offer_314.jpg,cat_getraenke,,ref_000040,obs_0000010752|obs_0000008721|obs_0000011138|obs_0000011986|obs_0000012225|obs_0000013356|obs_0000013843|obs_0000014641|obs_0000015923,obs_0000010752
VOELKEL,Bio-Rhabarber-Nektar,"€ 2,99","€ 3,99","1 l = 5,98",mit 64 % Direktsaft,Nein,Dieses Angebot findest du vom 19.03. bis 25.03. in deiner Kaufland-Filiale.,2026-03-19,2026-03-25,images_kaufland/kaufland_offer_278.jpg,"cat_getraenke,diet_lactose_free,diet_vegan,diet_vegetarian",,ref_000041,,
K-BIO,Bio-Saft,"€ 1,29","€ 1,79","pro Einheit = 1,29","Tomaten-, Tomaten-Gemüse- oder Frühstückssaft",Nein,Dieses Angebot findest du vom 19.03. bis 25.03. in deiner Kaufland-Filiale.,2026-03-19,2026-03-25,images_kaufland/kaufland_offer_283.jpg,"cat_getraenke,diet_gluten_free,diet_lactose_free,diet_vegan,diet_vegetarian,tag_whole_food",BLS-G211100,ref_000042,obs_0000008343|obs_0000011569|obs_0000015914|obs_0000008148|obs_0000032918|obs_0000024985|obs_0000016953|obs_0000017106|obs_0000025618|obs_0000033872|obs_0000034047|obs_0000017915|obs_0000026144|obs_0000034438|obs_0000026383|obs_0000010200|obs_0000026785|obs_0000027142|obs_0000019142|obs_0000027407|obs_0000027674|obs_0000027982|obs_0000020223|obs_0000028431|obs_0000021042|obs_0000022436|obs_0000030205|obs_0000006217,obs_0000008343|obs_0000011569|obs_0000015914|obs_0000008148
K-BIO,Bio-Würzmittel Zitrone oder Limette,"€ 0,49","€ 0,79","1 l = 2,45",mit 20 % Zitronen- bzw. Limettensaft,Nein,Dieses Angebot findest du vom 19.03. bis 25.03. in deiner Kaufland-Filiale.,2026-03-19,2026-03-25,images_kaufland/kaufland_offer_273.jpg,"cat_getraenke,diet_gluten_free,diet_lactose_free,diet_vegan,diet_vegetarian,sub_frisches_obst,tag_whole_food",,ref_000043,obs_0000011971|obs_0000008239|obs_0000015910|obs_0000029941|obs_0000030571|obs_0000030917|obs_0000032325|obs_0000029580|obs_0000031579|obs_0000032505,obs_0000011971
Keine Marke,Bioland dtsch Speisekartoffeln,"€ 1,79","€ 2,49","1 kg = 1,20","festkochend, Sorte laut Auszeichnung, Qualität I",Nein,Dieses Angebot findest du vom 19.03. bis 25.03. in deiner Kaufland-Filiale.,2026-03-19,2026-03-25,images_kaufland/kaufland_offer_082.jpg,"cat_obst_gemuese,diet_gluten_free,diet_lactose_free,diet_vegan,diet_vegetarian,sub_frisches_gemuese,sub_kartoffeln,tag_whole_food",,ref_000044,obs_0000010571|obs_0000012259|obs_0000010963|obs_0000011822|obs_0000012236|obs_0000015337|obs_0000010564|obs_0000011335|obs_0000011394|obs_0000011832|obs_0000012260|obs_0000013599|obs_0000015239|obs_0000015727|obs_0000014425|obs_0000000006|obs_0000003716|obs_0000008539|obs_0000009188|obs_0000009672|obs_0000016324|obs_0000017026|obs_0000028399|obs_0000030140|obs_0000030615|obs_0000030837|obs_0000031321|obs_0000014809|obs_0000033875|obs_0000034088|obs_0000034312|obs_0000034910|obs_0000026668|obs_0000027510|obs_0000027986,obs_0000010571|obs_0000012259
Keine Marke,Bioland dtsch Tafeläpfel,"€ 2,49","€ 3,79","pro Einheit = 2,49","Sorte laut Auszeichnung, Kl. I",Nein,Dieses Angebot findest du vom 19.03. bis 25.03. in deiner Kaufland-Filiale.,2026-03-19,2026-03-25,images_kaufland/kaufland_offer_080.jpg,"cat_obst_gemuese,diet_gluten_free,diet_lactose_free,diet_vegan,diet_vegetarian,sub_frisches_obst,tag_whole_food",,ref_000045,obs_0000011335|obs_0000010571|obs_0000010925|obs_0000010974|obs_0000010980|obs_0000011338|obs_0000011832|obs_0000012201|obs_0000012234|obs_0000012259|obs_0000012260|obs_0000012743|obs_0000013601|obs_0000014420|obs_0000005704|obs_0000028564|obs_0000028684,obs_0000011335
K-BIO,Bioland Sauerkrautsaft,"€ 0,77","€ 0,95","1 l = 1,54","100 % Direktsaft, mit Meersalz verfeinert",Nein,Dieses Angebot findest du vom 19.03. bis 25.03. in deiner Kaufland-Filiale.,2026-03-19,2026-03-25,images_kaufland/kaufland_offer_284.jpg,"cat_getraenke,diet_gluten_free,diet_lactose_free,diet_vegan,diet_vegetarian",,ref_000046,,obs_0000008332
ANDECHSER NATUR,Bioland Schnittkäse,"€ 2,49","€ 3,29","1 kg = 16,60 - 19,92","Bioländer, Bergkäse, Butterkäse oder Gouda, 48 - 50 % Fett i. Tr.",Nein,Dieses Angebot findest du vom 19.03. bis 25.03. in deiner Kaufland-Filiale.,2026-03-19,2026-03-25,images_kaufland/kaufland_offer_154.jpg,"cat_molkerei_kaese,diet_vegetarian,sub_joghurt_skyr_quark,sub_kaese,sub_milchprodukte,tag_proteinreich",,ref_000047,obs_0000011474|obs_0000010264|obs_0000021017|obs_0000028709|obs_0000014122|obs_0000028586|obs_0000013876|obs_0000025651|obs_0000008758|obs_0000008137|obs_0000020198|obs_0000008439|obs_0000028921|obs_0000008191,obs_0000011474
MÖVENPICK,Biskuit-Tortenboden,"€ 2,49",,"1 kg = 9,96","mit 36 % Ei-Anteil, ohne Palmöl",Nein,Dieses Angebot findest du vom 19.03. bis 25.03. in deiner Kaufland-Filiale.,2026-03-19,2026-03-25,images_kaufland/kaufland_offer_204.jpg,"cat_grundnahrung,diet_gluten_free,diet_lactose_free,diet_vegan,diet_vegetarian,tag_ultra_processed",,ref_000048,,
BRUT DARGENT,Blanc de Blancs Chardonnay Sekt,"€ 11,99","€ 16,99","1 l = 8,00","franz. Jahrgangs-Sekt, trocken, in Flaschengärung hergestellt",Nein,Dieses Angebot findest du vom 19.03. bis 25.03. in deiner Kaufland-Filiale.,2026-03-19,2026-03-25,images_kaufland/kaufland_offer_317.jpg,cat_getraenke,,ref_000049,obs_0000020509|obs_0000032866|obs_0000021328|obs_0000024932|obs_0000024954|obs_0000003684|obs_0000031085|obs_0000017927|obs_0000021560|obs_0000002164|obs_0000017557|obs_0000027290|obs_0000026271|obs_0000035022|obs_0000018693|obs_0000020741|obs_0000021890|obs_0000026501|obs_0000034222,
BLANCHET,Blanc de Blancs Ros oder Rouge de France,"€ 2,99","€ 3,99","1 l = 3,99","Frankreich, z. B. Blanc de Blancs: zartfruchtig, spritzig, frisch, passt zu Krustentieren, Fisch und Geflügel",Nein,Dieses Angebot findest du vom 19.03. bis 25.03. in deiner Kaufland-Filiale.,2026-03-19,2026-03-25,images_kaufland/kaufland_offer_311.jpg,cat_getraenke,,ref_000050,obs_0000011586|obs_0000015082|obs_0000016115|obs_0000031085|obs_0000020509|obs_0000021328|obs_0000032866|obs_0000024932|obs_0000024954|obs_0000017927|obs_0000027290|obs_0000026271|obs_0000034222|obs_0000031806|obs_0000028286,obs_0000011586|obs_0000015082|obs_0000016115
ELO,Blini-Pfanne,"€ 14,99",,"pro Einheit = 14,99",Aus Aluminium Mit ELODUR® Select-Antihaftversiegelung Für alle Herdarten geeignet Spülmaschinengeeignet Größe ca. Ø 26 cm,Nein,Dieses Angebot findest du vom 19.03. bis 25.03. in deiner Kaufland-Filiale.,2026-03-19,2026-03-25,images_kaufland/kaufland_offer_438.jpg,"cat_non_food,diet_vegan,tag_ultra_processed",,ref_000051,obs_0000022712|obs_0000022713,
Keine Marke,Blumenstrauß zum Häkeln,"€ 5,99",,"pro Einheit = 5,99","Polyestergarn in 5 Farben 8 PVC-Stiele und Nylon-Draht Inkl. Häkelnadel, Stopfnadel und Anleitung",Nein,Dieses Angebot findest du vom 19.03. bis 25.03. in deiner Kaufland-Filiale.,2026-03-19,2026-03-25,images_kaufland/kaufland_offer_483.jpg,"cat_obst_gemuese,diet_gluten_free,diet_lactose_free,diet_vegan,diet_vegetarian,sub_frisches_gemuese,tag_whole_food",,ref_000052,,
Keine Marke,Blühpflanzen,"€ 1,99",,"pro Einheit = 1,99","z. B. Gerbera, Nelke oder Glockenblume, versch. Farben, Topf Ø 9 - 10,5 cm, ab 1,99€",Nein,Dieses Angebot findest du vom 19.03. bis 25.03. in deiner Kaufland-Filiale.,2026-03-19,2026-03-25,images_kaufland/kaufland_offer_071.jpg,"cat_obst_gemuese,diet_gluten_free,diet_lactose_free,diet_vegan,diet_vegetarian,sub_frisches_obst,tag_ultra_processed,tag_whole_food",,ref_000053,obs_0000010567|obs_0000010966|obs_0000014078|obs_0000014169|obs_0000014267,obs_0000010567|obs_0000010966|obs_0000014078|obs_0000014169|obs_0000014267
Keine Marke,Blütenzweig,"€ 1,00",,"pro Einheit = 1,00",Kirsch- oder Apfelblüte Größe ca. 67 cm,Nein,Dieses Angebot findest du vom 19.03. bis 25.03. in deiner Kaufland-Filiale.,2026-03-19,2026-03-25,images_kaufland/kaufland_offer_502.jpg,"cat_getraenke,diet_gluten_free,diet_lactose_free,diet_vegan,diet_vegetarian,tag_ultra_processed,tag_whole_food",,ref_000054,,
Keine Marke,Brasil chin Ingwer lose,"€ 3,99","€ 5,99","pro Einheit = 3,99",,Nein,Dieses Angebot findest du vom 19.03. bis 25.03. in deiner Kaufland-Filiale.,2026-03-19,2026-03-25,images_kaufland/kaufland_offer_060.jpg,"cat_obst_gemuese,diet_gluten_free,diet_lactose_free,diet_vegan,diet_vegetarian,sub_exoten,sub_frisches_gemuese,sub_frisches_obst,tag_ultra_processed,tag_whole_food",,ref_000055,obs_0000010575|obs_0000014888|obs_0000007992|obs_0000028059,
BUDWEISER,Budvar,"€ 13,49",,"1 l = 1,35",orig. tschech. Lagerbier (+ 3.10 Pfand),Nein,Dieses Angebot findest du vom 19.03. bis 25.03. in deiner Kaufland-Filiale.,2026-03-19,2026-03-25,images_kaufland/kaufland_offer_325.jpg,"cat_getraenke,diet_vegetarian",,ref_000056,obs_0000010912|obs_0000034684|obs_0000005466|obs_0000031559|obs_0000006570|obs_0000005834|obs_0000007099,obs_0000010912
ZIMMERMANN,Bunter Pfeffer-Schinken,"€ 1,79",,"pro Einheit = 1,79","handgelegt, zart-saftig und würzig",Nein,Dieses Angebot findest du vom 19.03. bis 25.03. in deiner Kaufland-Filiale.,2026-03-19,2026-03-25,images_kaufland/kaufland_offer_118.jpg,"cat_fleisch_wurst,diet_vegetarian,sub_schwein,sub_wurst,tag_ultra_processed",,ref_000057,obs_0000011318|obs_0000008049|obs_0000003329|obs_0000002478|obs_0000034378|obs_0000028387|obs_0000016624|obs_0000017657,obs_0000011318|obs_0000008049
WOERLE,Burger XXL,"€ 1,79","€ 2,29","1 kg = 8,95","Schmelzkäse-Scheiben, 35 % Fett i. Tr.",Nein,Dieses Angebot findest du vom 19.03. bis 25.03. in deiner Kaufland-Filiale.,2026-03-19,2026-03-25,images_kaufland/kaufland_offer_150.jpg,cat_molkerei_kaese,,ref_000058,obs_0000004259|obs_0000000219|obs_0000004686|obs_0000003832|obs_0000012763|obs_0000023609|obs_0000013967|obs_0000030883|obs_0000030955|obs_0000029185|obs_0000029227|obs_0000029289|obs_0000031545,
MEGGLE,Butter,"€ 1,29","€ 2,59","1 kg = 5,16",Joghurt- oder Feine Butter,Nein,Dieses Angebot findest du vom 19.03. bis 25.03. in deiner Kaufland-Filiale.,2026-03-19,2026-03-25,images_kaufland/kaufland_offer_137.jpg,"cat_molkerei_kaese,diet_vegetarian,sub_butter_margarine,sub_milchprodukte",NUTR-0011,ref_000059,obs_0000008456|obs_0000011042|obs_0000012797|obs_0000003591|obs_0000019493|obs_0000031786|obs_0000024620|obs_0000003636|obs_0000002620|obs_0000000107|obs_0000002676|obs_0000010409|obs_0000034970|obs_0000003267|obs_0000011467|obs_0000018644|obs_0000026359|obs_0000013125|obs_0000018772|obs_0000008556|obs_0000009075|obs_0000027517|obs_0000001425|obs_0000027049|obs_0000017835|obs_0000018391|obs_0000021984|obs_0000000997|obs_0000022502|obs_0000016977|obs_0000023640|obs_0000017501|obs_0000021127|obs_0000025744|obs_0000027848|obs_0000021731|obs_0000009961|obs_0000004847|obs_0000009500|obs_0000004420|obs_0000000325|obs_0000020308|obs_0000026493|obs_0000003993|obs_0000002325|obs_0000015797|obs_0000009684|obs_0000009205|obs_0000003593|obs_0000001554,obs_0000003591|obs_0000019493|obs_0000031786|obs_0000024620|obs_0000003636|obs_0000002620|obs_0000000107|obs_0000002676|obs_0000010409|obs_0000034970|obs_0000003267|obs_0000011467|obs_0000018644|obs_0000026359|obs_0000008456|obs_0000011042|obs_0000013125|obs_0000018772|obs_0000008556|obs_0000009075|obs_0000027517|obs_0000001425|obs_0000027049|obs_0000017835|obs_0000018391|obs_0000021984|obs_0000000997|obs_0000022502|obs_0000012797
REINERT,Bärchen-Wurstspezialität,"€ 1,39","€ 2,39","1 kg = 7,73 - 15,45",versch. Sorten,Nein,Dieses Angebot findest du vom 19.03. bis 25.03. in deiner Kaufland-Filiale.,2026-03-19,2026-03-25,images_kaufland/kaufland_offer_109.jpg,"cat_fleisch_wurst,sub_wurst,tag_ultra_processed",,ref_000060,obs_0000015681|obs_0000011860,obs_0000015681|obs_0000011860|obs_0000010453
Lammvorderviertel,ca 3 - 6-kg-Stück,"€ 12,90","€ 14,90","pro Einheit = 12,90","ideal zum Braten, besonders zart, ca. 3 - 6-kg-Stück",Nein,Dieses Angebot findest du vom 19.03. bis 25.03. in deiner Kaufland-Filiale.,2026-03-19,2026-03-25,images_kaufland/kaufland_offer_122.jpg,"cat_fleisch_wurst,tag_ultra_processed",,ref_000061,,
GALLO FAMILY,Cabernet Sauvignon Ros Zinfandel oder Chardonnay,"€ 3,99",,"1 l = 5,32","Kalifornien, z. B. Cabernet Sauvignon: beerig, Noten von Pflaumen und Gewürzen, passt zu Fleisch- und Pastagerichten",Nein,Dieses Angebot findest du vom 23.03. bis 25.03. in deiner Kaufland-Filiale.,2026-03-23,2026-03-25,images_kaufland/kaufland_offer_647.jpg,"cat_getraenke,tag_ultra_processed",,ref_000062,obs_0000016137|obs_0000014639|obs_0000011135|obs_0000029266|obs_0000021890|obs_0000018693|obs_0000020741|obs_0000026501|obs_0000017557|obs_0000021560|obs_0000035022|obs_0000002164,obs_0000016137|obs_0000014639|obs_0000011135
Keine Marke,Caff -Latte-Gläser Stripes,"€ 4,99",,"pro Einheit = 4,99",Aus doppelwandigem Borosilikatglas Fassungsvermögen je ca. 450 ml Größe je ca. Ø 9 x 15 cm,Nein,Dieses Angebot findest du vom 19.03. bis 25.03. in deiner Kaufland-Filiale.,2026-03-19,2026-03-25,images_kaufland/kaufland_offer_430.jpg,"cat_getraenke,diet_gluten_free,diet_lactose_free,diet_vegan,diet_vegetarian,tag_ultra_processed,tag_whole_food",,ref_000063,obs_0000034937|obs_0000012311|obs_0000013547|obs_0000014943|obs_0000031138|obs_0000019565,
BENCH,Cap,"€ 9,99","€ 24,90","pro Einheit = 9,99",Aus Baumwolle Einheitsgröße,Nein,Dieses Angebot findest du vom 19.03. bis 25.03. in deiner Kaufland-Filiale.,2026-03-19,2026-03-25,images_kaufland/kaufland_offer_360.jpg,"cat_non_food,diet_gluten_free,diet_lactose_free,diet_vegan,diet_vegetarian",,ref_000064,obs_0000009071|obs_0000011284,obs_0000009071
Keine Marke,Cappuccino-Gläser Stripes,"€ 4,99",,"pro Einheit = 4,99",Aus doppelwandigem Borosilikatglas Fassungsvermögen je ca. 335 ml Größe je ca. Ø 9 x 11 cm,Nein,Dieses Angebot findest du vom 19.03. bis 25.03. in deiner Kaufland-Filiale.,2026-03-19,2026-03-25,images_kaufland/kaufland_offer_433.jpg,"cat_getraenke,diet_gluten_free,diet_lactose_free,diet_vegan,diet_vegetarian,tag_ultra_processed,tag_whole_food",,ref_000065,obs_0000012538|obs_0000019565|obs_0000027211|obs_0000027508,
POMMERY,Champagner Brut Royal,"€ 34,99","€ 47,99","1 l = 46,66",elegant und lebhaft im Geschmack eignet sich der Klassiker perfekt für festliche Anlässe oder als Aperitif,Nein,Dieses Angebot findest du vom 19.03. bis 25.03. in deiner Kaufland-Filiale.,2026-03-19,2026-03-25,images_kaufland/kaufland_offer_320.jpg,"cat_getraenke,tag_ultra_processed",,ref_000066,obs_0000024602|obs_0000020095|obs_0000008041|obs_0000021882|obs_0000020914|obs_0000019077|obs_0000023422|obs_0000015932|obs_0000017995|obs_0000019757,obs_0000019077
Keine Marke,Chilen kolumb Avocado lose,"€ 1,49","€ 1,99","pro Einheit = 1,49","Sorte: »Hass«, Kl. I",Nein,Dieses Angebot findest du vom 19.03. bis 25.03. in deiner Kaufland-Filiale.,2026-03-19,2026-03-25,images_kaufland/kaufland_offer_059.jpg,"cat_obst_gemuese,diet_gluten_free,diet_lactose_free,diet_vegan,diet_vegetarian,sub_exoten,sub_frisches_gemuese,sub_frisches_obst,tag_ultra_processed,tag_whole_food",,ref_000067,obs_0000012744|obs_0000011409|obs_0000012255|obs_0000014440|obs_0000024863|obs_0000025778|obs_0000000058|obs_0000008728|obs_0000017166|obs_0000018748|obs_0000020117|obs_0000020936|obs_0000029123|obs_0000029201|obs_0000030562|obs_0000000694|obs_0000001305|obs_0000034105|obs_0000034516|obs_0000014073|obs_0000027541|obs_0000027854,obs_0000012744
FUNNY-FRISCH,Chipsfrisch,"€ 3,87",,"1 kg = 6,47",versch. Sorten,Nein,Dieses Angebot findest du vom 19.03. bis 25.03. in deiner Kaufland-Filiale.,2026-03-19,2026-03-25,images_kaufland/kaufland_offer_225.jpg,"cat_knabbern_naschen,sub_huelsenfruechte,tag_ultra_processed",,ref_000068,obs_0000022428|obs_0000001321|obs_0000033323|obs_0000016455|obs_0000008650|obs_0000027600|obs_0000017493|obs_0000018264|obs_0000003560|obs_0000002686|obs_0000034706|obs_0000019383|obs_0000018387|obs_0000031707|obs_0000033890|obs_0000001639|obs_0000011547|obs_0000012858|obs_0000007913|obs_0000006032|obs_0000007696|obs_0000032692|obs_0000006736|obs_0000005473|obs_0000030305|obs_0000007283|obs_0000029688|obs_0000007108,obs_0000006032|obs_0000022428|obs_0000001321|obs_0000033323|obs_0000016455|obs_0000008650|obs_0000027600|obs_0000017493|obs_0000018264|obs_0000031707|obs_0000005473|obs_0000003560|obs_0000002686
NESTL,Choco Crossies oder Choclait Chips,"€ 1,69",,"1 kg = 11,27 - 14,70",versch. Sorten,Nein,Dieses Angebot findest du vom 23.03. bis 25.03. in deiner Kaufland-Filiale.,2026-03-23,2026-03-25,images_kaufland/kaufland_offer_648.jpg,"cat_knabbern_naschen,tag_ultra_processed",,ref_000069,obs_0000010930|obs_0000005655|obs_0000006231|obs_0000007105|obs_0000028149|obs_0000033498|obs_0000008018|obs_0000010066|obs_0000025427|obs_0000014349|obs_0000002584|obs_0000035109|obs_0000003161|obs_0000012408|obs_0000013552|obs_0000023296|obs_0000014595|obs_0000011110|obs_0000011118|obs_0000033655|obs_0000034193|obs_0000031705,obs_0000005655|obs_0000006231|obs_0000010930|obs_0000007105|obs_0000028149
Keine Marke,Ciabatta natur,"€ 0,59",,"1 kg = 1,97",Weizenbrot nach ital. Art,Nein,Dieses Angebot findest du vom 19.03. bis 25.03. in deiner Kaufland-Filiale.,2026-03-19,2026-03-25,images_kaufland/kaufland_offer_195.jpg,"cat_grundnahrung,diet_gluten_free,diet_lactose_free,diet_vegan,diet_vegetarian,tag_whole_food",,ref_000070,obs_0000011523|obs_0000007985|obs_0000014230|obs_0000001347|obs_0000002639|obs_0000005306|obs_0000009644|obs_0000016493|obs_0000017017|obs_0000019138|obs_0000027950|obs_0000028889,obs_0000007985|obs_0000011523|obs_0000014230
BARILLA,Classic Pasta,"€ 0,79","€ 1,99","1 kg = 1,58","aus Hartweizengrieß, ohne Ei, versch. Sorten",Nein,Dieses Angebot findest du vom 19.03. bis 25.03. in deiner Kaufland-Filiale.,2026-03-19,2026-03-25,images_kaufland/kaufland_offer_210.jpg,"cat_grundnahrung,diet_lactose_free,diet_vegan,diet_vegetarian,sub_nudeln,tag_ultra_processed",,ref_000071,obs_0000015874|obs_0000011935|obs_0000009660|obs_0000010706|obs_0000008149|obs_0000009176|obs_0000018196|obs_0000019845|obs_0000025518|obs_0000016866|obs_0000032414|obs_0000029671|obs_0000020003|obs_0000035104|obs_0000028733|obs_0000025668|obs_0000022097|obs_0000028751|obs_0000001628|obs_0000002663|obs_0000001643|obs_0000034419|obs_0000020596|obs_0000015018|obs_0000017082|obs_0000021187|obs_0000034026|obs_0000034649|obs_0000026884|obs_0000026899|obs_0000018708|obs_0000016662|obs_0000011543|obs_0000024877|obs_0000035101|obs_0000011092|obs_0000014165|obs_0000028496|obs_0000019293|obs_0000020368|obs_0000021415|obs_0000031658|obs_0000028607|obs_0000018893|obs_0000017359,obs_0000015874|obs_0000011935|obs_0000010706
MEUKOW,Cognac VSOP Superior,"€ 27,99","€ 36,99","1 l = 39,99","Blend aus Frankreich, Noten von reifen Früchten und Nüssen, Vanille und aromatische Gewürze im Geschmack, mit einem Nachklang von Orangenschalen, 40 Vol. %",Nein,Dieses Angebot findest du vom 19.03. bis 25.03. in deiner Kaufland-Filiale.,2026-03-19,2026-03-25,images_kaufland/kaufland_offer_299.jpg,cat_getraenke,,ref_000072,obs_0000008507|obs_0000024459|obs_0000024038,obs_0000008507
GRAN DUCALE,Colomba Classica,"€ 5,99","€ 6,99","1 kg = 8,56","ital. Osterkuchen, mit Mandeln",Nein,Dieses Angebot findest du vom 19.03. bis 25.03. in deiner Kaufland-Filiale.,2026-03-19,2026-03-25,images_kaufland/kaufland_offer_205.jpg,"cat_grundnahrung,tag_ultra_processed",,ref_000073,,
GRAN DUCALE,Colomba Doppia Delizia Cioccolato,"€ 5,99","€ 7,69","1 kg = 7,99",ital. Osterkuchen mit Schokolade,Nein,Dieses Angebot findest du vom 19.03. bis 25.03. in deiner Kaufland-Filiale.,2026-03-19,2026-03-25,images_kaufland/kaufland_offer_206.jpg,"cat_grundnahrung,tag_ultra_processed",,ref_000074,,
LENOR,Color-Waschmittel,"€ 9,99","€ 12,95","pro Einheit = 0,27","Amethyst-Blütentraum, Pods, = 38 Anwendungen",Nein,Dieses Angebot findest du vom 19.03. bis 25.03. in deiner Kaufland-Filiale.,2026-03-19,2026-03-25,images_kaufland/kaufland_offer_336.jpg,cat_drogerie,,ref_000075,obs_0000033858|obs_0000020059|obs_0000018152|obs_0000022331|obs_0000020878|obs_0000003486|obs_0000025534|obs_0000022520|obs_0000018449|obs_0000034866|obs_0000027703|obs_0000012875|obs_0000016462|obs_0000023646|obs_0000018542|obs_0000019568|obs_0000024174|obs_0000013946|obs_0000025217|obs_0000026760|obs_0000021665|obs_0000033445|obs_0000012454|obs_0000002728|obs_0000023748|obs_0000023244|obs_0000025812|obs_0000017654|obs_0000015109|obs_0000033069|obs_0000022340|obs_0000018794|obs_0000020846|obs_0000019827|obs_0000022410|obs_0000012181|obs_0000019384|obs_0000017352|obs_0000026568|obs_0000025598|obs_0000033859|obs_0000034993,
GUTFRIED,Corned Turkey,"€ 1,39","€ 1,79","1 kg = 13,90","Putenfleisch mit Rindergelatine, nach Art von deutschem Corned Beef",Nein,Dieses Angebot findest du vom 19.03. bis 25.03. in deiner Kaufland-Filiale.,2026-03-19,2026-03-25,images_kaufland/kaufland_offer_101.jpg,"cat_fleisch_wurst,diet_vegetarian,tag_ultra_processed",,ref_000076,obs_0000010313|obs_0000024216|obs_0000024653|obs_0000022637|obs_0000023791,obs_0000024216|obs_0000010313|obs_0000024653|obs_0000022637|obs_0000023791
Keine Marke,Costa-rican panam Wassermelone lose,"€ 1,79","€ 2,49","pro Einheit = 1,79",Kl. I,Nein,Dieses Angebot findest du vom 19.03. bis 25.03. in deiner Kaufland-Filiale.,2026-03-19,2026-03-25,images_kaufland/kaufland_offer_057.jpg,"cat_obst_gemuese,diet_gluten_free,diet_lactose_free,diet_vegan,diet_vegetarian,sub_frisches_gemuese,sub_frisches_obst,tag_whole_food",,ref_000077,obs_0000013140|obs_0000013139|obs_0000031381,obs_0000013140
RITZ,Crackers,"€ 1,49","€ 1,89","1 kg = 7,45","Original, ofengebacken",Nein,Dieses Angebot findest du vom 19.03. bis 25.03. in deiner Kaufland-Filiale.,2026-03-19,2026-03-25,images_kaufland/kaufland_offer_227.jpg,"cat_knabbern_naschen,tag_ultra_processed",BLS-D050000,ref_000078,obs_0000020636|obs_0000014598|obs_0000021455|obs_0000025456,obs_0000020636|obs_0000014598|obs_0000021455|obs_0000025456
RAMAZZOTTI,Crema Cappuccino,"€ 10,99","€ 13,99","1 l = 15,70","ital. Cremelikör, 17 Vol. %",Nein,Dieses Angebot findest du vom 19.03. bis 25.03. in deiner Kaufland-Filiale.,2026-03-19,2026-03-25,images_kaufland/kaufland_offer_289.jpg,"cat_getraenke,diet_vegetarian,tag_ultra_processed",,ref_000079,obs_0000016127|obs_0000027211|obs_0000008359|obs_0000027508,obs_0000016127
LANGNESE,Cremissimo,"€ 1,59",,"1 l = 1,77 - 1,93","Premium-Eis, versch. Sorten",Nein,Dieses Angebot findest du vom 19.03. bis 25.03. in deiner Kaufland-Filiale.,2026-03-19,2026-03-25,images_kaufland/kaufland_offer_169.jpg,"cat_tiefkuehl,sub_fleischersatz,sub_tk_eis,sub_tk_fertiggerichte,tag_high_protein,tag_ultra_processed",,ref_000080,obs_0000015671|obs_0000011775|obs_0000025236|obs_0000022962|obs_0000028864|obs_0000026448|obs_0000034092|obs_0000005767|obs_0000030507|obs_0000029160|obs_0000032629|obs_0000030327|obs_0000032641|obs_0000029167,obs_0000005767|obs_0000025236|obs_0000022962|obs_0000015671|obs_0000011775
7 DAYS,Croissants,"€ 1,69",,"1 kg = 7,05","mit Cremefüllung, versch. Sorten",Nein,Dieses Angebot findest du vom 19.03. bis 25.03. in deiner Kaufland-Filiale.,2026-03-19,2026-03-25,images_kaufland/kaufland_offer_203.jpg,"cat_grundnahrung,diet_vegetarian,tag_ultra_processed",BLS-D771600,ref_000081,obs_0000014850|obs_0000014026|obs_0000026592|obs_0000016615|obs_0000011761|obs_0000012818|obs_0000015824|obs_0000031652|obs_0000009631|obs_0000008867|obs_0000011086|obs_0000013652|obs_0000008340|obs_0000005949|obs_0000006849|obs_0000032371|obs_0000007195|obs_0000007588|obs_0000006476,obs_0000014850|obs_0000012818|obs_0000014026|obs_0000015824|obs_0000026592|obs_0000016615|obs_0000011761
ELO,Cr pe-Pfanne,"€ 14,99",,"pro Einheit = 14,99",Aus Aluminium Mit ELODUR® Select-Antihaftversiegelung Für alle Herdarten geeignet Spülmaschinengeeignet Größe ca. Ø 28 cm,Nein,Dieses Angebot findest du vom 19.03. bis 25.03. in deiner Kaufland-Filiale.,2026-03-19,2026-03-25,images_kaufland/kaufland_offer_439.jpg,"cat_non_food,diet_vegan",,ref_000082,obs_0000033434|obs_0000017434|obs_0000018777|obs_0000022712|obs_0000022713,
BENCH,Damen-Fleecejacke,"€ 24,99","€ 89,90","pro Einheit = 24,99",Aus Polyester Größen S - XL,Nein,Dieses Angebot findest du vom 19.03. bis 25.03. in deiner Kaufland-Filiale.,2026-03-19,2026-03-25,images_kaufland/kaufland_offer_457.jpg,cat_non_food,,ref_000083,obs_0000032808|obs_0000014794|obs_0000023101,obs_0000032808
GIN TONIC,Damen-Slipper,"€ 9,99",,"pro Einheit = 9,99",Obermaterial aus Mesh und Textil Textil-Futter Memory-Foam-Decksohle Sohle aus Phylon Größen 37 - 41,Nein,Dieses Angebot findest du vom 19.03. bis 25.03. in deiner Kaufland-Filiale.,2026-03-19,2026-03-25,images_kaufland/kaufland_offer_460.jpg,cat_non_food,,ref_000084,,
GIN TONIC,Damen-Sneaker Casual,"€ 17,99",,"pro Einheit = 17,99",Obermaterial aus wasserbasiertem PU und Textil Bequeme Memory-Foam-Decksohle Robuste TPR-Sohle Größen 37 - 41,Nein,Dieses Angebot findest du vom 19.03. bis 25.03. in deiner Kaufland-Filiale.,2026-03-19,2026-03-25,images_kaufland/kaufland_offer_459.jpg,cat_non_food,,ref_000085,obs_0000002479|obs_0000003187|obs_0000001144,
BENCH,Damen-Sweatpullover oder -hoodie,"€ 19,99","€ 69,90","pro Einheit = 19,99",Aus Baumwolle und Polyester Größen S - XL,Nein,Dieses Angebot findest du vom 19.03. bis 25.03. in deiner Kaufland-Filiale.,2026-03-19,2026-03-25,images_kaufland/kaufland_offer_458.jpg,cat_non_food,,ref_000086,obs_0000003672|obs_0000000869|obs_0000000966|obs_0000022661|obs_0000023040|obs_0000023099,
K-CLASSIC,Debreziner,"€ 3,49","€ 4,25","1 kg = 8,73","pikant, im Schafsaitling",Nein,Dieses Angebot findest du vom 19.03. bis 25.03. in deiner Kaufland-Filiale.,2026-03-19,2026-03-25,images_kaufland/kaufland_offer_102.jpg,"cat_fleisch_wurst,diet_gluten_free,diet_lactose_free,diet_vegan,diet_vegetarian,tag_ultra_processed",BLS-W185000,ref_000087,obs_0000030535,
Keine Marke,Deko-Eier,"€ 1,00",,"pro Einheit = 1,00",Aus Kunststoff Mit Aufhänger Größe je ca. 3 cm,Nein,Dieses Angebot findest du vom 19.03. bis 25.03. in deiner Kaufland-Filiale.,2026-03-19,2026-03-25,images_kaufland/kaufland_offer_497.jpg,"cat_getraenke,diet_gluten_free,diet_lactose_free,diet_vegan,diet_vegetarian,tag_ultra_processed,tag_whole_food",,ref_000088,obs_0000008570,
Keine Marke,Deko-Figur Hase,"€ 1,00",,"pro Einheit = 1,00",Aus Keramik Größe ca. 11 cm,Nein,Dieses Angebot findest du vom 19.03. bis 25.03. in deiner Kaufland-Filiale.,2026-03-19,2026-03-25,images_kaufland/kaufland_offer_505.jpg,"cat_obst_gemuese,diet_gluten_free,diet_lactose_free,diet_vegan,diet_vegetarian,sub_frisches_gemuese,tag_ultra_processed,tag_whole_food",,ref_000089,,
LIV BO,Deko-Hase,"€ 7,99",,"pro Einheit = 7,99",Für eine stimmungsvolle Frühlingsdekoration Ideal als niedliches Ostergeschenk Mit ausziehbaren Beinen Gesamthöhe max. 72 cm,Nein,Dieses Angebot findest du vom 19.03. bis 25.03. in deiner Kaufland-Filiale.,2026-03-19,2026-03-25,images_kaufland/kaufland_offer_451.jpg,"cat_non_food,tag_ultra_processed",,ref_000090,,
Keine Marke,Deko-Hase mit Herz,"€ 2,00",,"pro Einheit = 2,00",Aus Polyresin Größe ca. 11 cm,Nein,Dieses Angebot findest du vom 19.03. bis 25.03. in deiner Kaufland-Filiale.,2026-03-19,2026-03-25,images_kaufland/kaufland_offer_500.jpg,"cat_obst_gemuese,diet_gluten_free,diet_lactose_free,diet_vegan,diet_vegetarian,tag_ultra_processed,tag_whole_food",,ref_000091,obs_0000012386,
Keine Marke,Deko-Schaf mit Fell,"€ 2,00",,"pro Einheit = 2,00",Aus Terrakotta Größe ca. 12 cm,Nein,Dieses Angebot findest du vom 19.03. bis 25.03. in deiner Kaufland-Filiale.,2026-03-19,2026-03-25,images_kaufland/kaufland_offer_504.jpg,"cat_obst_gemuese,diet_gluten_free,diet_lactose_free,diet_vegan,diet_vegetarian,tag_ultra_processed,tag_whole_food",,ref_000092,,
CAMPO VERDE,Demeter Haferdrink,"€ 1,99","€ 2,49","pro Einheit = 1,99","aus Österreich, ungesüßt",Nein,Dieses Angebot findest du vom 19.03. bis 25.03. in deiner Kaufland-Filiale.,2026-03-19,2026-03-25,images_kaufland/kaufland_offer_141.jpg,"cat_molkerei_kaese,diet_lactose_free,diet_vegan,diet_vegetarian,tag_whole_food",,ref_000093,obs_0000010936,
VOELKEL,Demeter Möhren-Direktsaft,"€ 2,59","€ 2,95","1 l = 3,70","aus feldfrischen, samenfesten Möhren gepresst",Nein,Dieses Angebot findest du vom 19.03. bis 25.03. in deiner Kaufland-Filiale.,2026-03-19,2026-03-25,images_kaufland/kaufland_offer_285.jpg,"cat_getraenke,diet_gluten_free,diet_lactose_free,diet_vegan,diet_vegetarian,sub_frisches_gemuese,tag_whole_food",,ref_000094,obs_0000017480|obs_0000005706|obs_0000027745|obs_0000008865|obs_0000026853|obs_0000026344|obs_0000010486|obs_0000008450|obs_0000006415|obs_0000025364|obs_0000018760|obs_0000028058,
FA,Deo-Roll-on oder -Spray,"€ 1,29",,"1 l = 8,60 - 25,80",versch. Sorten,Nein,Dieses Angebot findest du vom 19.03. bis 25.03. in deiner Kaufland-Filiale.,2026-03-19,2026-03-25,images_kaufland/kaufland_offer_352.jpg,cat_drogerie,,ref_000095,obs_0000012028|obs_0000014681|obs_0000010782|obs_0000032801|obs_0000031921|obs_0000031854|obs_0000034449|obs_0000012472|obs_0000010004|obs_0000009543|obs_0000007295|obs_0000006769|obs_0000029053|obs_0000033847|obs_0000012900|obs_0000012471|obs_0000013582|obs_0000013151|obs_0000014190|obs_0000011176,obs_0000012028
OVOMALTINE,Der Klassiker,"€ 5,49","€ 6,49","1 kg = 10,98","schweiz. Getränkepulver, kakao- und malzhaltig",Nein,Dieses Angebot findest du vom 19.03. bis 25.03. in deiner Kaufland-Filiale.,2026-03-19,2026-03-25,images_kaufland/kaufland_offer_223.jpg,"cat_knabbern_naschen,diet_vegetarian,tag_ultra_processed",,ref_000096,obs_0000012217|obs_0000017966|obs_0000022196,obs_0000012217
MATTEL,Die-Cast-Fahrzeug Cars,"€ 6,99","€ 8,99","pro Einheit = 6,99",Maßstab 1:55 Versch. Modelle Größe ca. 8 cm Für Kinder ab 3 Jahren,Nein,Dieses Angebot findest du vom 19.03. bis 25.03. in deiner Kaufland-Filiale.,2026-03-19,2026-03-25,images_kaufland/kaufland_offer_415.jpg,cat_non_food,,ref_000097,obs_0000017507|obs_0000024780|obs_0000016803,
BAUER,Diplomat Kümmel oder Jalape o-Chili,"€ 1,49",,"pro Einheit = 1,49","Schnittkäse, herzhaft, vollmundig, 55 % Fett i. Tr.",Nein,Dieses Angebot findest du vom 19.03. bis 25.03. in deiner Kaufland-Filiale.,2026-03-19,2026-03-25,images_kaufland/kaufland_offer_164.jpg,"cat_molkerei_kaese,diet_vegetarian,sub_kaese",,ref_000098,obs_0000010917|obs_0000008835,obs_0000010917
OREO,Doppelkekse,"€ 1,49","€ 1,99","1 kg = 8,47 - 8,77","Kekse mit Vanillecremefüllung, versch. Sorten",Nein,Dieses Angebot findest du vom 23.03. bis 25.03. in deiner Kaufland-Filiale.,2026-03-23,2026-03-25,images_kaufland/kaufland_offer_047.jpg,"cat_knabbern_naschen,tag_ultra_processed",,ref_000099,obs_0000014621|obs_0000013154|obs_0000015475|obs_0000012407|obs_0000022999,obs_0000008327|obs_0000014621|obs_0000013154|obs_0000015475|obs_0000012407
ROTWILD,Dornfelder oder Riesling,"€ 2,99",,"1 l = 3,99","Qualitätsweine, Rheinhessen, z. B. Dornfelder trocken: fruchtig, frisch, herzhaft, kernig, passt zu Vorspeisen, Wild, Lamm, kräftigem Käse",Nein,Dieses Angebot findest du vom 19.03. bis 25.03. in deiner Kaufland-Filiale.,2026-03-19,2026-03-25,images_kaufland/kaufland_offer_307.jpg,"cat_getraenke,tag_ultra_processed",,ref_000100,obs_0000011811|obs_0000008303|obs_0000010349|obs_0000035051|obs_0000025421|obs_0000033828|obs_0000026142|obs_0000034629|obs_0000034633|obs_0000010309|obs_0000010748|obs_0000019740|obs_0000003513|obs_0000020555|obs_0000021374|obs_0000015078|obs_0000008015,obs_0000011811
KÜHNE,Dressing,"€ 1,99",,"1 l = 3,98",versch. Sorten,Nein,Dieses Angebot findest du vom 19.03. bis 25.03. in deiner Kaufland-Filiale.,2026-03-19,2026-03-25,images_kaufland/kaufland_offer_186.jpg,"cat_grundnahrung,diet_vegan,diet_vegetarian,tag_ultra_processed",BLS-X359640,ref_000101,obs_0000014983|obs_0000012348|obs_0000030160|obs_0000032625|obs_0000031969,obs_0000014983|obs_0000012348
PARKSIDE,Druckluft-Zubehörset PDSS 13,"€ 6,99",,"pro Einheit = 6,99","Einsetzbar für Reifen, Luftmatratzen, Bälle etc. Luftpistole mit 3 Düsen und 2 Verlängerungsdüsen Füllpistole mit Entlüftungsventil und Manometer Schlauch mit Ventilstecker und diversen Adaptern Passend für handelsübliche Kompressoren Arbeitsdruck max. 8 bar 3 Jahre Garantie",Nein,Dieses Angebot findest du vom 19.03. bis 25.03. in deiner Kaufland-Filiale.,2026-03-19,2026-03-25,images_kaufland/kaufland_offer_369.jpg,cat_non_food,,ref_000102,,
Keine Marke,Dtsch Chicor e,"€ 1,49","€ 1,99","1 kg = 2,98",Kl. I,Nein,Dieses Angebot findest du vom 19.03. bis 25.03. in deiner Kaufland-Filiale.,2026-03-19,2026-03-25,images_kaufland/kaufland_offer_065.jpg,"cat_obst_gemuese,diet_gluten_free,diet_lactose_free,diet_vegan,diet_vegetarian,sub_frisches_gemuese,sub_salate,tag_ultra_processed,tag_whole_food",,ref_000103,obs_0000010977|obs_0000012240|obs_0000031471|obs_0000034113,obs_0000010977|obs_0000012240
Keine Marke,Dtsch Kopfsalat,"€ 1,29","€ 1,79","pro Einheit = 1,29",Kl. I,Nein,Dieses Angebot findest du vom 19.03. bis 25.03. in deiner Kaufland-Filiale.,2026-03-19,2026-03-25,images_kaufland/kaufland_offer_063.jpg,"cat_obst_gemuese,diet_gluten_free,diet_lactose_free,diet_vegan,diet_vegetarian,sub_frisches_gemuese,sub_salate,tag_whole_food",BLS-G105100,ref_000104,obs_0000013161|obs_0000015313|obs_0000027225|obs_0000014426,
Keine Marke,Dtsch Multicolor-Salat,"€ 1,29","€ 1,79","pro Einheit = 1,29",Kl. I,Nein,Dieses Angebot findest du vom 19.03. bis 25.03. in deiner Kaufland-Filiale.,2026-03-19,2026-03-25,images_kaufland/kaufland_offer_064.jpg,"cat_obst_gemuese,diet_gluten_free,diet_lactose_free,diet_vegan,diet_vegetarian,sub_frisches_gemuese,sub_salate,tag_whole_food",,ref_000105,obs_0000011328|obs_0000011820|obs_0000012728|obs_0000016461|obs_0000021694|obs_0000013161|obs_0000015313|obs_0000014426|obs_0000025985,obs_0000011328|obs_0000011820|obs_0000012728
GRÜNLÄNDER,Dtsch Schnittkäse,"€ 1,19","€ 2,09","pro Einheit = 1,19","mild-nussig, 48 % Fett i. Tr.",Nein,Dieses Angebot findest du vom 19.03. bis 25.03. in deiner Kaufland-Filiale.,2026-03-19,2026-03-25,images_kaufland/kaufland_offer_162.jpg,"cat_molkerei_kaese,sub_kaese,sub_milchprodukte,tag_ultra_processed",,ref_000106,obs_0000012331|obs_0000011357|obs_0000014959|obs_0000015689|obs_0000010264|obs_0000021017|obs_0000028709|obs_0000025651|obs_0000013876|obs_0000008758|obs_0000020198|obs_0000008439|obs_0000028921|obs_0000014122|obs_0000028586|obs_0000008137|obs_0000008191,obs_0000012331|obs_0000011357|obs_0000014959|obs_0000015689
Keine Marke,Dtsch niederl Porree lose,"€ 1,49","€ 2,49","pro Einheit = 1,49",Kl. I,Nein,Dieses Angebot findest du vom 19.03. bis 25.03. in deiner Kaufland-Filiale.,2026-03-19,2026-03-25,images_kaufland/kaufland_offer_066.jpg,"cat_obst_gemuese,diet_gluten_free,diet_lactose_free,diet_vegan,diet_vegetarian,sub_exoten,sub_frisches_gemuese,sub_frisches_obst,tag_whole_food",,ref_000107,obs_0000010515|obs_0000009507|obs_0000009968|obs_0000018921|obs_0000020464|obs_0000021283|obs_0000029487|obs_0000029884|obs_0000000696,obs_0000010515
WC-FRISCH,Duft- oder Blauspüler,"€ 4,79",,"1 kg = 23,95",versch. Sorten,Nein,Dieses Angebot findest du vom 19.03. bis 25.03. in deiner Kaufland-Filiale.,2026-03-19,2026-03-25,images_kaufland/kaufland_offer_344.jpg,cat_drogerie,,ref_000108,obs_0000012885,obs_0000012885
KINDER,Duo,"€ 4,00","€ 4,98","1 kg = 13,34",knusprige Kekse mit einem Überzug aus Vollmilch- und weißer Schokolade,Nein,Dieses Angebot findest du vom 19.03. bis 25.03. in deiner Kaufland-Filiale.,2026-03-19,2026-03-25,images_kaufland/kaufland_offer_264.jpg,"cat_knabbern_naschen,tag_ultra_processed",,ref_000109,obs_0000011965|obs_0000023297|obs_0000006384|obs_0000021084|obs_0000008288|obs_0000031371|obs_0000020265|obs_0000031070|obs_0000024431|obs_0000028530|obs_0000002932|obs_0000022926|obs_0000021908|obs_0000009652|obs_0000024011|obs_0000009170|obs_0000018401|obs_0000014309|obs_0000028647|obs_0000031838|obs_0000016605|obs_0000017145|obs_0000008027|obs_0000030619|obs_0000027080|obs_0000019436|obs_0000005282|obs_0000015589|obs_0000016221|obs_0000022993|obs_0000013495|obs_0000015590|obs_0000017130|obs_0000016715|obs_0000027293|obs_0000002897|obs_0000001971,obs_0000011965|obs_0000023297|obs_0000023002
SEBAMED,Dusche,"€ 3,99","€ 4,95","1 l = 9,98",versch. Sorten,Nein,Dieses Angebot findest du vom 19.03. bis 25.03. in deiner Kaufland-Filiale.,2026-03-19,2026-03-25,images_kaufland/kaufland_offer_355.jpg,cat_drogerie,,ref_000110,obs_0000033172|obs_0000032797|obs_0000033579|obs_0000033199|obs_0000032947|obs_0000027449|obs_0000026063|obs_0000026834|obs_0000033371|obs_0000033374|obs_0000033378|obs_0000034665|obs_0000033522|obs_0000035068|obs_0000027287|obs_0000028192|obs_0000034999|obs_0000032878|obs_0000024200|obs_0000023784|obs_0000032874|obs_0000031094|obs_0000008328|obs_0000005294,obs_0000033172|obs_0000032797|obs_0000033579|obs_0000033199|obs_0000032947|obs_0000027449|obs_0000026063|obs_0000026834|obs_0000033371|obs_0000033374|obs_0000033378|obs_0000034665|obs_0000033522
PLAYBOY,Duschgel,"€ 1,99","€ 2,45","1 l = 7,96",VIP Men oder Play it Sexy Women,Nein,Dieses Angebot findest du vom 19.03. bis 25.03. in deiner Kaufland-Filiale.,2026-03-19,2026-03-25,images_kaufland/kaufland_offer_354.jpg,cat_drogerie,,ref_000111,obs_0000011788|obs_0000017459|obs_0000015972|obs_0000031850|obs_0000008329|obs_0000015523|obs_0000026290|obs_0000031924|obs_0000026347|obs_0000028939|obs_0000035065|obs_0000013602|obs_0000028963|obs_0000014682|obs_0000009054|obs_0000011624|obs_0000013165|obs_0000026494|obs_0000011174|obs_0000032769|obs_0000009734|obs_0000032774|obs_0000032275|obs_0000032279|obs_0000009268|obs_0000033843|obs_0000033845|obs_0000033348|obs_0000006243|obs_0000012904|obs_0000005290|obs_0000012473|obs_0000029373|obs_0000005856|obs_0000007920|obs_0000015116|obs_0000006943|obs_0000032036|obs_0000028459|obs_0000007503|obs_0000014679|obs_0000030078|obs_0000032141|obs_0000034246|obs_0000007114|obs_0000010779|obs_0000005670|obs_0000010285|obs_0000034863|obs_0000032819,obs_0000011788|obs_0000017459|obs_0000015972|obs_0000031850|obs_0000008329|obs_0000015523|obs_0000026290|obs_0000031924|obs_0000026347|obs_0000028939|obs_0000035065|obs_0000013602|obs_0000028963|obs_0000014682|obs_0000009054|obs_0000011624|obs_0000013165|obs_0000026494|obs_0000033172|obs_0000011174
Keine Marke,Ecuador kolumb Bananen lose,"€ 0,88","€ 1,29","pro Einheit = 0,88",,Nein,Dieses Angebot findest du vom 19.03. bis 25.03. in deiner Kaufland-Filiale.,2026-03-19,2026-03-25,images_kaufland/kaufland_offer_828.jpg,"cat_obst_gemuese,diet_gluten_free,diet_lactose_free,diet_vegan,diet_vegetarian,sub_exoten,sub_frisches_gemuese,sub_frisches_obst,tag_whole_food",,ref_000112,obs_0000010969|obs_0000011386|obs_0000011819|obs_0000014883|obs_0000022914|obs_0000023689|obs_0000029136|obs_0000031472|obs_0000031729|obs_0000032060|obs_0000032185|obs_0000009078|obs_0000026329|obs_0000026492|obs_0000027051|obs_0000027736|obs_0000028769|obs_0000031875,obs_0000010969
PIRCHER,Edelbrand,"€ 14,99","€ 18,99","1 l = 21,42","Südtiroler Williams-Christbirnen oder Mirabellen, 40 Vol. %",Nein,Dieses Angebot findest du vom 19.03. bis 25.03. in deiner Kaufland-Filiale.,2026-03-19,2026-03-25,images_kaufland/kaufland_offer_296.jpg,cat_getraenke,BLS-P730000,ref_000113,obs_0000005632,obs_0000017663|obs_0000005632
ADLER,Edelcreme,"€ 1,49","€ 2,29","1 kg = 14,90","Schmelzkäsezubereitung, 2 Ecken, 60 % Fett i. Tr., versch. Sorten",Nein,Dieses Angebot findest du vom 23.03. bis 25.03. in deiner Kaufland-Filiale.,2026-03-23,2026-03-25,images_kaufland/kaufland_offer_666.jpg,cat_drogerie,BLS-Y860963,ref_000114,obs_0000012804|obs_0000015694|obs_0000011760|obs_0000031528|obs_0000007760,obs_0000012804|obs_0000015694|obs_0000011760
TRUMPF,Edle Tropfen in Nuss,"€ 2,99","€ 3,59","100 g = 1,50","raffiniert komponierte Alkoholpralinen, versch. Sorten",Nein,Dieses Angebot findest du vom 19.03. bis 25.03. in deiner Kaufland-Filiale.,2026-03-19,2026-03-25,images_kaufland/kaufland_offer_235.jpg,"cat_knabbern_naschen,diet_vegetarian,tag_ultra_processed",,ref_000115,obs_0000014600|obs_0000015895|obs_0000008747|obs_0000000591,obs_0000014600|obs_0000015895
VERPOORTEN,Eierlikör,"€ 10,99","€ 13,99","1 l = 15,70",20 Vol. %,Nein,Dieses Angebot findest du vom 19.03. bis 25.03. in deiner Kaufland-Filiale.,2026-03-19,2026-03-25,images_kaufland/kaufland_offer_290.jpg,"cat_getraenke,tag_ultra_processed",BLS-P546000,ref_000116,obs_0000017254|obs_0000016404|obs_0000014136|obs_0000001697|obs_0000019494|obs_0000007082|obs_0000031000|obs_0000031382|obs_0000007453|obs_0000031010|obs_0000027076|obs_0000024625|obs_0000006370|obs_0000005636|obs_0000013605|obs_0000006896|obs_0000030390,obs_0000017254|obs_0000016404
NUII,Eis am Stiel,"€ 2,22","€ 3,99","1 l = 8,23","mit knackiger Schokolade und besonderen Zutaten, versch. Sorten",Nein,Dieses Angebot findest du vom 23.03. bis 25.03. in deiner Kaufland-Filiale.,2026-03-23,2026-03-25,images_kaufland/kaufland_offer_013.jpg,"cat_tiefkuehl,sub_tk_eis,tag_ultra_processed",,ref_000117,obs_0000012333|obs_0000019529|obs_0000034392|obs_0000025743|obs_0000011490|obs_0000025829|obs_0000018692|obs_0000017710|obs_0000013168,obs_0000012333
K-CLASSIC,Eisdessert,"€ 2,49",,"1 l = 8,30",versch. Sorten,Nein,Dieses Angebot findest du vom 19.03. bis 25.03. in deiner Kaufland-Filiale.,2026-03-19,2026-03-25,images_kaufland/kaufland_offer_168.jpg,"cat_tiefkuehl,diet_gluten_free,diet_lactose_free,diet_vegan,diet_vegetarian,sub_milchprodukte,tag_ultra_processed",,ref_000118,,
ARIZONA,Eistee,"€ 0,79","€ 0,99","1 l = 1,58","Erfrischungsgetränk auf Tee-Basis, versch. Sorten (+ 0.25 Pfand)",Nein,Dieses Angebot findest du vom 19.03. bis 25.03. in deiner Kaufland-Filiale.,2026-03-19,2026-03-25,images_kaufland/kaufland_offer_333.jpg,"cat_getraenke,tag_ultra_processed",BLS-W291200,ref_000119,obs_0000011155|obs_0000012452|obs_0000015096|obs_0000024081|obs_0000023317|obs_0000008086|obs_0000002343|obs_0000013610|obs_0000024502|obs_0000019389|obs_0000017982|obs_0000027985|obs_0000026836|obs_0000003163|obs_0000014050|obs_0000017891|obs_0000027236|obs_0000009061|obs_0000022016|obs_0000008902|obs_0000032713|obs_0000023251|obs_0000000733|obs_0000030317|obs_0000006024|obs_0000007679|obs_0000031392|obs_0000030940|obs_0000007673,obs_0000024081|obs_0000011155|obs_0000023317|obs_0000008086|obs_0000012452|obs_0000002343|obs_0000013610|obs_0000024502|obs_0000019389|obs_0000017982|obs_0000027985|obs_0000026836|obs_0000003163|obs_0000014050|obs_0000017891|obs_0000027236|obs_0000009061|obs_0000015096|obs_0000022016
GLADE,Elektrischer Lufterfrischer,"€ 3,49","€ 4,25","1 l = 174,50","Nachfüllpackung, versch. Sorten",Nein,Dieses Angebot findest du vom 19.03. bis 25.03. in deiner Kaufland-Filiale.,2026-03-19,2026-03-25,images_kaufland/kaufland_offer_342.jpg,cat_drogerie,,ref_000120,obs_0000016682|obs_0000017475|obs_0000003554,
EFFECT,Energy Drink,"€ 2,00",,"1 l = 2,03","taurin- und koffeinhaltig, versch. Sorten (+ 0.25 Pfand)",Nein,Dieses Angebot findest du vom 23.03. bis 25.03. in deiner Kaufland-Filiale.,2026-03-23,2026-03-25,images_kaufland/kaufland_offer_670.jpg,"cat_getraenke,tag_ultra_processed",,ref_000121,obs_0000011355|obs_0000031887|obs_0000026886|obs_0000010758|obs_0000022027|obs_0000028180|obs_0000016414|obs_0000020512|obs_0000026684|obs_0000021058|obs_0000011333|obs_0000024154|obs_0000002158|obs_0000026742|obs_0000018063|obs_0000017046|obs_0000025242|obs_0000002214|obs_0000013993|obs_0000027310|obs_0000023733|obs_0000000193|obs_0000004816|obs_0000033497|obs_0000027877|obs_0000026353|obs_0000019186|obs_0000008960|obs_0000025348|obs_0000023301|obs_0000020239|obs_0000018194|obs_0000004389|obs_0000028455|obs_0000024876|obs_0000013614|obs_0000000304|obs_0000034110|obs_0000010050|obs_0000014658|obs_0000022864|obs_0000021331|obs_0000021846|obs_0000018775|obs_0000028526|obs_0000013175|obs_0000003962|obs_0000001917|obs_0000027531|obs_0000009616,obs_0000010758|obs_0000022027|obs_0000028180|obs_0000016414|obs_0000020512|obs_0000026684|obs_0000021058|obs_0000011333|obs_0000024154|obs_0000011355|obs_0000002158|obs_0000026742|obs_0000018063|obs_0000031887|obs_0000017046|obs_0000025242|obs_0000002214|obs_0000013993|obs_0000027310|obs_0000023733|obs_0000000193|obs_0000005828|obs_0000004816|obs_0000033497|obs_0000027877|obs_0000026353|obs_0000019186|obs_0000008960|obs_0000025348|obs_0000023301|obs_0000026886|obs_0000020239|obs_0000018194|obs_0000004389|obs_0000028455|obs_0000024876|obs_0000013614|obs_0000000304|obs_0000034110|obs_0000010050|obs_0000014658|obs_0000022864|obs_0000021331|obs_0000021846|obs_0000018775|obs_0000028526|obs_0000013175|obs_0000003962|obs_0000001917|obs_0000027531
K-PURLAND,Entrec te,"€ 19,99",,"pro Einheit = 19,99","zart und gereift, mit feiner Fettmarmorierung",Nein,Dieses Angebot findest du vom 19.03. bis 25.03. in deiner Kaufland-Filiale.,2026-03-19,2026-03-25,images_kaufland/kaufland_offer_094.jpg,"cat_fleisch_wurst,diet_gluten_free,diet_lactose_free,sub_rind,sub_schwein,tag_high_protein,tag_proteinreich,tag_whole_food",,ref_000122,obs_0000015347|obs_0000015746|obs_0000031116|obs_0000030463|obs_0000011426|obs_0000013615|obs_0000012292|obs_0000014472|obs_0000010604|obs_0000009255|obs_0000028464|obs_0000031232|obs_0000029602|obs_0000034547|obs_0000030580|obs_0000015079|obs_0000009027|obs_0000013176|obs_0000009523|obs_0000009986|obs_0000019242,obs_0000031116|obs_0000015347|obs_0000015746|obs_0000030463
FUNNY-FRISCH,Erdnuss-Flippies,"€ 1,49","€ 2,29","1 kg = 8,52 - 9,94",Original oder Big,Nein,Dieses Angebot findest du vom 19.03. bis 25.03. in deiner Kaufland-Filiale.,2026-03-19,2026-03-25,images_kaufland/kaufland_offer_226.jpg,"cat_knabbern_naschen,sub_huelsenfruechte,tag_ultra_processed",,ref_000123,obs_0000015025|obs_0000007290,obs_0000015025
K-CLASSIC,Erdnüsse,"€ 0,69","€ 0,89","1 kg = 4,60","geröstet, versch. Sorten",Nein,Dieses Angebot findest du vom 23.03. bis 25.03. in deiner Kaufland-Filiale.,2026-03-23,2026-03-25,images_kaufland/kaufland_offer_662.jpg,"cat_knabbern_naschen,diet_gluten_free,diet_lactose_free,diet_vegan,diet_vegetarian,sub_huelsenfruechte,tag_high_protein,tag_proteinreich,tag_ultra_processed",BLS-Q210000,ref_000124,obs_0000010727|obs_0000000013|obs_0000026796|obs_0000008481|obs_0000031681|obs_0000019397|obs_0000019492|obs_0000027867|obs_0000011550|obs_0000001319|obs_0000013618|obs_0000027959|obs_0000032179|obs_0000003728|obs_0000026308|obs_0000010439|obs_0000006234|obs_0000004220|obs_0000018565|obs_0000022799|obs_0000006602|obs_0000000481|obs_0000027115|obs_0000004647|obs_0000005074|obs_0000015325|obs_0000009228|obs_0000007489|obs_0000003465|obs_0000009709|obs_0000022065|obs_0000030315|obs_0000018136|obs_0000018211|obs_0000008092|obs_0000030669|obs_0000012244|obs_0000026588|obs_0000008186|obs_0000008876|obs_0000028666|obs_0000007188|obs_0000001449|obs_0000028549|obs_0000031609|obs_0000001722,obs_0000000013|obs_0000026796|obs_0000010439|obs_0000008481|obs_0000010727|obs_0000031681|obs_0000019397|obs_0000019492|obs_0000027867|obs_0000011550|obs_0000001319|obs_0000013618|obs_0000027959|obs_0000032179|obs_0000003728|obs_0000026308
PEPSI oder SCHWIP SCHWAP,Erfrischungsgetränk,"€ 0,59",,"1 l = 0,48","versch. Sorten, z. T. koffeinhaltig (+ 0.25 Pfand)",Nein,Dieses Angebot findest du vom 19.03. bis 25.03. in deiner Kaufland-Filiale.,2026-03-19,2026-03-25,images_kaufland/kaufland_offer_268.jpg,"cat_getraenke,tag_ultra_processed",,ref_000125,obs_0000015906|obs_0000012664|obs_0000010736|obs_0000011154|obs_0000017948|obs_0000010013|obs_0000014624|obs_0000009895|obs_0000009513|obs_0000022058|obs_0000022185|obs_0000023728|obs_0000013619|obs_0000008378|obs_0000011968|obs_0000023744|obs_0000015052|obs_0000023247|obs_0000009431|obs_0000024155|obs_0000024168|obs_0000015479|obs_0000018552|obs_0000013177|obs_0000012413|obs_0000012451|obs_0000011560|obs_0000013620|obs_0000014659|obs_0000010759|obs_0000026061|obs_0000014298|obs_0000006024|obs_0000005272|obs_0000015296|obs_0000016089|obs_0000012000|obs_0000007679|obs_0000006900,obs_0000011154|obs_0000017948|obs_0000010013|obs_0000014624|obs_0000015906|obs_0000009895|obs_0000011560|obs_0000009513|obs_0000022058|obs_0000022185|obs_0000023728|obs_0000013619|obs_0000008378|obs_0000011968|obs_0000023744|obs_0000015052|obs_0000023247|obs_0000009431|obs_0000024155|obs_0000012664|obs_0000024168|obs_0000010736|obs_0000015479|obs_0000018552|obs_0000013177|obs_0000012413
SAN MIGUEL,Especial,"€ 11,99","€ 21,29","1 l = 1,52",span. Pils (+ 3.42 Pfand),Nein,Dieses Angebot findest du vom 19.03. bis 25.03. in deiner Kaufland-Filiale.,2026-03-19,2026-03-25,images_kaufland/kaufland_offer_326.jpg,cat_getraenke,,ref_000126,obs_0000015937|obs_0000014346|obs_0000015087|obs_0000035032|obs_0000011993|obs_0000014655|obs_0000027593|obs_0000032478,obs_0000015937|obs_0000014346|obs_0000015087|obs_0000035032|obs_0000011993|obs_0000014655
KRÜGER,Family Cappuccino,"€ 2,49",,"1 kg = 4,98",versch. Sorten,Nein,Dieses Angebot findest du vom 19.03. bis 25.03. in deiner Kaufland-Filiale.,2026-03-19,2026-03-25,images_kaufland/kaufland_offer_222.jpg,"cat_knabbern_naschen,tag_ultra_processed",,ref_000127,obs_0000013182|obs_0000011107|obs_0000000149|obs_0000001780|obs_0000010263|obs_0000027508|obs_0000005172|obs_0000007361|obs_0000027211,obs_0000013182|obs_0000000149|obs_0000005172|obs_0000011107|obs_0000001780
MILKA,Favourites oder Party-Mix,"€ 2,99","€ 4,39","1 kg = 20,91 - 21,21",Mischung kleiner Stückchen,Nein,Dieses Angebot findest du vom 19.03. bis 25.03. in deiner Kaufland-Filiale.,2026-03-19,2026-03-25,images_kaufland/kaufland_offer_236.jpg,"cat_knabbern_naschen,diet_vegetarian,tag_ultra_processed",,ref_000128,obs_0000005469|obs_0000032876|obs_0000000191|obs_0000027019|obs_0000024700,
MILKA,Feine Eier oder Bonbons,"€ 2,22","€ 3,29","1 kg = 22,20 - 25,82","aus Schokolade, gefüllt, versch. Sorten",Nein,Dieses Angebot findest du vom 19.03. bis 25.03. in deiner Kaufland-Filiale.,2026-03-19,2026-03-25,images_kaufland/kaufland_offer_244.jpg,"cat_knabbern_naschen,diet_vegetarian,sub_milchprodukte,tag_ultra_processed",,ref_000129,obs_0000034719|obs_0000006918|obs_0000008570,
PERWOLL,Feinwaschmittel,"€ 4,79",,"pro Einheit = 0,18","flüssig, versch. Sorten, = 27 Anwendungen",Nein,Dieses Angebot findest du vom 19.03. bis 25.03. in deiner Kaufland-Filiale.,2026-03-19,2026-03-25,images_kaufland/kaufland_offer_335.jpg,cat_drogerie,,ref_000130,obs_0000010248|obs_0000014365|obs_0000028457|obs_0000015946|obs_0000012649|obs_0000007112|obs_0000023262|obs_0000005479|obs_0000033659|obs_0000032137,obs_0000010248|obs_0000026760|obs_0000014365|obs_0000033445|obs_0000028457|obs_0000017352|obs_0000015946|obs_0000016462|obs_0000005479
MY PROJECT,Felgenreiniger,"€ 1,99","€ 2,49","1 l = 3,98",Gründlich und schonend Kurze Einwirkungsdauer,Nein,Dieses Angebot findest du vom 19.03. bis 25.03. in deiner Kaufland-Filiale.,2026-03-19,2026-03-25,images_kaufland/kaufland_offer_556.jpg,cat_drogerie,,ref_000131,obs_0000023829|obs_0000024249,
YOUCOOK,Fertiggericht,"€ 3,79",,"1 kg = 9,03","zur Zubereitung in der Mikrowelle, versch. Sorten",Nein,Dieses Angebot findest du vom 23.03. bis 25.03. in deiner Kaufland-Filiale.,2026-03-23,2026-03-25,images_kaufland/kaufland_offer_049.jpg,"cat_tiefkuehl,sub_tk_fertiggerichte,tag_ultra_processed",,ref_000132,obs_0000006306|obs_0000023763|obs_0000014071|obs_0000024188|obs_0000001537|obs_0000013186|obs_0000010900|obs_0000010919|obs_0000015278|obs_0000012214|obs_0000013632|obs_0000011360|obs_0000023662|obs_0000012670|obs_0000019329|obs_0000027145|obs_0000005393|obs_0000007209|obs_0000013099|obs_0000005947|obs_0000005568|obs_0000009803|obs_0000005585|obs_0000018132|obs_0000023011|obs_0000019308|obs_0000009331|obs_0000015097|obs_0000006655|obs_0000026782|obs_0000006831|obs_0000006323|obs_0000022985|obs_0000005214|obs_0000029810|obs_0000034004|obs_0000034413,obs_0000001537|obs_0000013186|obs_0000010900|obs_0000006306|obs_0000010919|obs_0000018986|obs_0000015278|obs_0000012214|obs_0000013632|obs_0000005568|obs_0000002759|obs_0000023763|obs_0000002906|obs_0000011360|obs_0000023662|obs_0000014071|obs_0000024188|obs_0000012670
IGLO,Filegro,"€ 2,49","€ 4,49","1 kg = 9,96 - 10,38","Fisch-Portionsfilets, versch. Sorten",Nein,Dieses Angebot findest du vom 23.03. bis 25.03. in deiner Kaufland-Filiale.,2026-03-23,2026-03-25,images_kaufland/kaufland_offer_012.jpg,"cat_fisch_meeresfruechte,sub_tk_fertiggerichte,sub_tk_gemuese,tag_ultra_processed",,ref_000133,obs_0000012825|obs_0000026657|obs_0000014388|obs_0000011343|obs_0000021644|obs_0000021821|obs_0000020825|obs_0000028673|obs_0000031419|obs_0000008387|obs_0000028553|obs_0000022503|obs_0000010938|obs_0000029702|obs_0000030852|obs_0000032643|obs_0000006152|obs_0000006843|obs_0000005581,obs_0000012825|obs_0000026657|obs_0000014388|obs_0000011343|obs_0000021644|obs_0000021821|obs_0000020825
DELAFORCE,Fine Ruby oder White Port,"€ 8,99","€ 11,99","1 l = 11,99","roter oder weißer Portwein, ideal als Aperitif oder zum Dessert, 20 Vol. %",Nein,Dieses Angebot findest du vom 19.03. bis 25.03. in deiner Kaufland-Filiale.,2026-03-19,2026-03-25,images_kaufland/kaufland_offer_323.jpg,"cat_getraenke,tag_ultra_processed",,ref_000134,,
HERTA,Finesse Aufschnitt,"€ 1,39",,"1 kg = 13,90","Puten- oder Hähnchenbrust oder Schinken, versch. Sorten",Nein,Dieses Angebot findest du vom 19.03. bis 25.03. in deiner Kaufland-Filiale.,2026-03-19,2026-03-25,images_kaufland/kaufland_offer_105.jpg,"cat_fleisch_wurst,sub_wurst,tag_ultra_processed",,ref_000135,obs_0000014378|obs_0000010437|obs_0000012666|obs_0000015760|obs_0000024171|obs_0000020077|obs_0000002709|obs_0000023749|obs_0000023266|obs_0000021835|obs_0000020896|obs_0000032367|obs_0000030157|obs_0000031285|obs_0000001982,obs_0000014378|obs_0000010437|obs_0000012666|obs_0000015760
LINDT,Fioretto Minis,"€ 4,44","€ 5,69","1 kg = 38,61","Schokoladen-Knusper-Pralinés mit feiner Füllung, versch. Sorten",Nein,Dieses Angebot findest du vom 19.03. bis 25.03. in deiner Kaufland-Filiale.,2026-03-19,2026-03-25,images_kaufland/kaufland_offer_233.jpg,"cat_knabbern_naschen,diet_vegetarian,tag_ultra_processed",,ref_000136,obs_0000015901|obs_0000019480|obs_0000025627|obs_0000019541|obs_0000012394|obs_0000025800|obs_0000024884|obs_0000016191|obs_0000011085|obs_0000022992|obs_0000013779|obs_0000013309|obs_0000022527,
FROSTA,Fischstäbchen,"€ 2,79",,"1 kg = 6,20 - 7,16","aus Alaska-Seelachs, versch. Sorten",Nein,Dieses Angebot findest du vom 19.03. bis 25.03. in deiner Kaufland-Filiale.,2026-03-19,2026-03-25,images_kaufland/kaufland_offer_176.jpg,"cat_tiefkuehl,sub_nudeln,sub_tk_fertiggerichte,tag_ultra_processed",,ref_000137,obs_0000012822|obs_0000033884|obs_0000008173|obs_0000017420|obs_0000012340|obs_0000025168|obs_0000021599|obs_0000026262|obs_0000009919|obs_0000028371|obs_0000034006|obs_0000009455|obs_0000019723|obs_0000010512|obs_0000020780|obs_0000027473|obs_0000019848|obs_0000022963|obs_0000018467|obs_0000022596|obs_0000011904|obs_0000032385|obs_0000029344|obs_0000016574|obs_0000017244|obs_0000028007|obs_0000006665|obs_0000029781|obs_0000005766|obs_0000032630|obs_0000007597|obs_0000032212|obs_0000007207|obs_0000005208,obs_0000017420|obs_0000012822|obs_0000012340|obs_0000025168|obs_0000033884|obs_0000021599|obs_0000026262|obs_0000009919|obs_0000028371|obs_0000034006|obs_0000009455|obs_0000019723|obs_0000010512|obs_0000020780|obs_0000027473|obs_0000019848|obs_0000022963|obs_0000008173
FUCHS,Fond,"€ 1,99","€ 3,49","1 l = 4,98",versch. Sorten,Nein,Dieses Angebot findest du vom 19.03. bis 25.03. in deiner Kaufland-Filiale.,2026-03-19,2026-03-25,images_kaufland/kaufland_offer_185.jpg,"cat_grundnahrung,tag_ultra_processed",BLS-S351000,ref_000138,obs_0000007969|obs_0000031330|obs_0000013636|obs_0000002959|obs_0000016626|obs_0000016761|obs_0000019387|obs_0000017023|obs_0000010145|obs_0000008243|obs_0000006824|obs_0000034692|obs_0000006646|obs_0000032688|obs_0000006480,obs_0000007969|obs_0000031330|obs_0000013636|obs_0000002959|obs_0000016626|obs_0000016761|obs_0000019387|obs_0000017023
COINTREAU,Franz Orangen-Likör,"€ 14,99",,"1 l = 21,42","weicher, frischer Geschmack, 40 Vol. %",Nein,Dieses Angebot findest du vom 19.03. bis 25.03. in deiner Kaufland-Filiale.,2026-03-19,2026-03-25,images_kaufland/kaufland_offer_287.jpg,"cat_getraenke,tag_ultra_processed",,ref_000139,obs_0000014361|obs_0000008755|obs_0000009787|obs_0000032323|obs_0000016457|obs_0000020047|obs_0000029277|obs_0000009316|obs_0000030827|obs_0000017005|obs_0000004726|obs_0000029823|obs_0000012418|obs_0000025768|obs_0000019119|obs_0000004299|obs_0000027858|obs_0000027355|obs_0000031473|obs_0000000247|obs_0000008977|obs_0000003872|obs_0000032059|obs_0000030565|obs_0000020866|obs_0000003467|obs_0000031118|obs_0000021906|obs_0000024463|obs_0000028048|obs_0000028056|obs_0000029592|obs_0000024992|obs_0000022448|obs_0000010164|obs_0000034743|obs_0000026554|obs_0000029131,
FOL EPI,Franz Schnittkäse,"€ 1,39","€ 2,69","1 kg = 9,27 - 13,90","48 - 50 % Fett i. Tr., versch. Sorten",Nein,Dieses Angebot findest du vom 19.03. bis 25.03. in deiner Kaufland-Filiale.,2026-03-19,2026-03-25,images_kaufland/kaufland_offer_151.jpg,"cat_molkerei_kaese,sub_kaese,sub_milchprodukte,tag_ultra_processed",,ref_000140,obs_0000021017|obs_0000025651|obs_0000020198|obs_0000010264|obs_0000028709|obs_0000014122|obs_0000028586|obs_0000013876|obs_0000008758|obs_0000008137|obs_0000028921|obs_0000008439|obs_0000008191,
LANDLIEBE,Frische Weidemilch 3 8 Fett,"€ 1,79","€ 2,59","1 l = 1,20","3,8 % Fett",Nein,Dieses Angebot findest du vom 23.03. bis 25.03. in deiner Kaufland-Filiale.,2026-03-23,2026-03-25,images_kaufland/kaufland_offer_672.jpg,"cat_molkerei_kaese,diet_vegetarian,sub_kaese,sub_milchprodukte,sub_sahne_creme,tag_high_protein",,ref_000141,obs_0000014938|obs_0000008438|obs_0000011457|obs_0000013104|obs_0000001632|obs_0000034794,obs_0000014938
SPICE SOUL,Frischhaltedosen-Set quadratisch,"€ 9,99",,"pro Einheit = 9,99","Aus Glas Deckel aus Kunststoff Mit Silikondichtung und Klickverschlüssen Platzsparend ineinander verstaubar Temperaturbeständig von -20 bis 100 °C Spülmaschinengeeignet Klein ca. B/T 13 x H 6,7 cm (ca. 500 ml) Mittel ca. B/T 17 x H 8,2 cm (ca. 1.400 ml) Groß ca. B/T 20 x H 9,7 cm (ca. 1.900 ml) 3 Jahre Garantie",Nein,Dieses Angebot findest du vom 19.03. bis 25.03. in deiner Kaufland-Filiale.,2026-03-19,2026-03-25,images_kaufland/kaufland_offer_436.jpg,cat_non_food,,ref_000142,obs_0000016023|obs_0000016027|obs_0000016029|obs_0000014761|obs_0000012984|obs_0000013009|obs_0000000775|obs_0000023553|obs_0000012139|obs_0000012527|obs_0000012531|obs_0000012547|obs_0000012549|obs_0000019207|obs_0000026533,
SPICE SOUL,Frischhaltedosen-Set rechteckig,"€ 9,99",,"pro Einheit = 9,99","Aus Glas Deckel aus Kunststoff Mit Silikondichtung und Klickverschlüssen Platzsparend ineinander verstaubar Temperaturbeständig von -20 bis 100 °C Spülmaschinengeeignet Klein ca. B 16 x H 6,9 x T 11 cm (ca. 500 ml) Mittel ca. B 20 x H 8,5 x T 14 cm (ca. 1.000 ml) Groß ca. B 23 x H 9,8 x T 18 cm (ca. 1.950 ml) 3 Jahre Garantie",Nein,Dieses Angebot findest du vom 19.03. bis 25.03. in deiner Kaufland-Filiale.,2026-03-19,2026-03-25,images_kaufland/kaufland_offer_435.jpg,cat_non_food,,ref_000143,obs_0000016023|obs_0000016027|obs_0000016029|obs_0000014759|obs_0000012984|obs_0000013009|obs_0000000775|obs_0000023553|obs_0000012139|obs_0000012527|obs_0000012531|obs_0000012547|obs_0000012549|obs_0000019207|obs_0000026533,obs_0000012984
SPICE SOUL,Frischhaltedosen-Set rund,"€ 9,99",,"pro Einheit = 9,99","Aus Glas Deckel aus Kunststoff Mit Silikondichtung und Klickverschlüssen Platzsparend ineinander verstaubar Temperaturbeständig von -20 bis +100 °C Spülmaschinengeeignet Klein ca. Ø 14 x 8,6 cm (ca. 500 ml) Mittel ca. Ø 17 x 10 cm (ca. 1.000 ml) Groß ca. Ø 20 x 11 cm (ca. 2.000 ml)",Nein,Dieses Angebot findest du vom 19.03. bis 25.03. in deiner Kaufland-Filiale.,2026-03-19,2026-03-25,images_kaufland/kaufland_offer_431.jpg,cat_non_food,,ref_000144,obs_0000013009|obs_0000016023|obs_0000016027|obs_0000016029|obs_0000012984|obs_0000000775|obs_0000023553|obs_0000012139|obs_0000012527|obs_0000012531|obs_0000012547|obs_0000012549|obs_0000019207|obs_0000013682|obs_0000026533,obs_0000013009|obs_0000016023|obs_0000016027|obs_0000016029
KNACK BACK,Frischteig-Produkt,"€ 2,29",,"1 kg = 3,82 - 8,81",versch. Sorten,Nein,Dieses Angebot findest du vom 19.03. bis 25.03. in deiner Kaufland-Filiale.,2026-03-19,2026-03-25,images_kaufland/kaufland_offer_181.jpg,"cat_grundnahrung,tag_ultra_processed",,ref_000145,obs_0000010659|obs_0000014856|obs_0000012683,obs_0000010659|obs_0000014856|obs_0000012683
MÜLLER,Froop,"€ 0,39","€ 0,79","1 kg = 2,60","Fruchtmark auf Joghurterzeugnis, versch. Sorten",Nein,Dieses Angebot findest du vom 23.03. bis 25.03. in deiner Kaufland-Filiale.,2026-03-23,2026-03-25,images_kaufland/kaufland_offer_009.jpg,"cat_molkerei_kaese,sub_milchprodukte,tag_ultra_processed",,ref_000146,obs_0000015377|obs_0000006288|obs_0000017585|obs_0000016670|obs_0000028477|obs_0000022499|obs_0000005720|obs_0000030814|obs_0000006795,obs_0000015377|obs_0000005720|obs_0000006288|obs_0000017585|obs_0000016670
KATJES,Fruchtgummis oder Lakritze,"€ 0,79","€ 1,39","1 kg = 3,77","ohne tierische Gelatine, versch. Sorten",Nein,Dieses Angebot findest du vom 23.03. bis 25.03. in deiner Kaufland-Filiale.,2026-03-23,2026-03-25,images_kaufland/kaufland_offer_015.jpg,"cat_knabbern_naschen,tag_ultra_processed",,ref_000147,obs_0000012671|obs_0000010731|obs_0000014618|obs_0000015898|obs_0000011963|obs_0000001818,obs_0000014618|obs_0000012671|obs_0000010731|obs_0000015898|obs_0000011963
HOHES C,Fruchtsaft,"€ 1,39",,"pro Einheit = 1,39","versch. Sorten Klassik, Mild, Plus, ausgenommen »100 %«-Orangensaft (+ 0.25 Pfand)",Nein,Dieses Angebot findest du vom 19.03. bis 25.03. in deiner Kaufland-Filiale.,2026-03-19,2026-03-25,images_kaufland/kaufland_offer_276.jpg,"cat_getraenke,tag_ultra_processed",BLS-F010600,ref_000148,obs_0000012691|obs_0000010538|obs_0000015911|obs_0000011566|obs_0000015294|obs_0000007893|obs_0000007670,obs_0000012691|obs_0000015911|obs_0000010538|obs_0000011566|obs_0000015294
CAPRI-SUN,Fruchtsaftgetränk,"€ 2,99",,"1 l = 1,50",versch. Sorten,Nein,Dieses Angebot findest du vom 19.03. bis 25.03. in deiner Kaufland-Filiale.,2026-03-19,2026-03-25,images_kaufland/kaufland_offer_282.jpg,"cat_getraenke,diet_vegetarian,tag_ultra_processed",BLS-N210000,ref_000149,obs_0000028293|obs_0000033833|obs_0000011567|obs_0000008761|obs_0000009933|obs_0000010737|obs_0000006549|obs_0000005441|obs_0000006360|obs_0000005999|obs_0000006204|obs_0000006889|obs_0000007668,obs_0000028293|obs_0000033833|obs_0000011567|obs_0000008761|obs_0000009933|obs_0000010737
ROTKÄPPCHEN,Fruchtsecco,"€ 2,59","€ 4,99","1 l = 3,46","versch. Sorten, auch alkoholfrei",Nein,Dieses Angebot findest du vom 19.03. bis 25.03. in deiner Kaufland-Filiale.,2026-03-19,2026-03-25,images_kaufland/kaufland_offer_321.jpg,"cat_getraenke,diet_vegetarian,tag_ultra_processed",,ref_000150,obs_0000011144|obs_0000020626|obs_0000012441|obs_0000015935|obs_0000021445|obs_0000012870|obs_0000023384|obs_0000015084|obs_0000025209|obs_0000008252|obs_0000009450|obs_0000029437|obs_0000030392|obs_0000029767|obs_0000005625|obs_0000007450|obs_0000007078|obs_0000007657|obs_0000005998,obs_0000011144|obs_0000020626|obs_0000012441|obs_0000015935|obs_0000021445|obs_0000012870|obs_0000023384|obs_0000015084|obs_0000025209
Keine Marke,Frühjahrsblüher,"€ 2,49",,"pro Einheit = 2,49","z. B. Narzissen oder Primeln, als 10er-Tray oder Topf Ø 10,5 - 12 cm, ab 1,19€",Nein,Dieses Angebot findest du vom 19.03. bis 25.03. in deiner Kaufland-Filiale.,2026-03-19,2026-03-25,images_kaufland/kaufland_offer_074.jpg,"cat_obst_gemuese,diet_gluten_free,diet_lactose_free,diet_vegan,diet_vegetarian,tag_whole_food",,ref_000151,obs_0000013212,
Keine Marke,Frühjahrszweige Handbunde,"€ 4,44",,"pro Einheit = 4,44",80 - 110 cm,Nein,Dieses Angebot findest du vom 19.03. bis 25.03. in deiner Kaufland-Filiale.,2026-03-19,2026-03-25,images_kaufland/kaufland_offer_070.jpg,"cat_obst_gemuese,diet_gluten_free,diet_lactose_free,diet_vegan,diet_vegetarian,tag_whole_food",,ref_000152,,
K-FAVOURITES,Fuet-Salami span Hartwurstspezialität,"€ 2,49","€ 3,69","1 kg = 14,65","original spanisch, luftgetrocknet",Nein,Dieses Angebot findest du vom 19.03. bis 25.03. in deiner Kaufland-Filiale.,2026-03-19,2026-03-25,images_kaufland/kaufland_offer_111.jpg,"cat_fleisch_wurst,sub_wurst,tag_ultra_processed",,ref_000153,obs_0000007987|obs_0000010316|obs_0000016602|obs_0000008425|obs_0000002285|obs_0000026898|obs_0000016755|obs_0000031198|obs_0000002611|obs_0000014932|obs_0000019030|obs_0000023205|obs_0000021226|obs_0000011010|obs_0000025355|obs_0000017184|obs_0000002957|obs_0000017375|obs_0000003239|obs_0000019666|obs_0000003307|obs_0000025934|obs_0000034176|obs_0000028273|obs_0000005781|obs_0000008039|obs_0000020407|obs_0000016328|obs_0000010234,
JOHN,Fußball,"€ 4,99","€ 9,99","pro Einheit = 4,99",Versch. Ausführungen Größe 5 (ca. Ø 22 cm),Nein,Dieses Angebot findest du vom 19.03. bis 25.03. in deiner Kaufland-Filiale.,2026-03-19,2026-03-25,images_kaufland/kaufland_offer_553.jpg,"cat_non_food,diet_vegetarian",,ref_000154,obs_0000018228|obs_0000022389|obs_0000015554,
PARKSIDE,Gabel- und Ratschen- Ringschlüsselsatz 5-teilig,"€ 9,99",,"pro Einheit = 9,99",Gelenk-Ratsche mit 90 Zähnen Ratsche bis 180° schwenkbar Schlüsselweiten 8/10/13/14/17 mm Mit Kunststoffhalter - Wandmontage möglich 3 Jahre Garantie,Nein,Dieses Angebot findest du vom 19.03. bis 25.03. in deiner Kaufland-Filiale.,2026-03-19,2026-03-25,images_kaufland/kaufland_offer_375.jpg,cat_non_food,,ref_000155,obs_0000023084,
PARKSIDE,Gabel- und Ratschen- Ringschlüsselsatz 6-teilig,"€ 9,99",,"pro Einheit = 9,99",Ratsche mit 90 Zähnen Schlüsselweiten 8/9/10/13/14/17 mm Mit Kunststoffhalter - Wandmontage möglich 3 Jahre Garantie,Nein,Dieses Angebot findest du vom 19.03. bis 25.03. in deiner Kaufland-Filiale.,2026-03-19,2026-03-25,images_kaufland/kaufland_offer_368.jpg,cat_non_food,,ref_000156,obs_0000023084,
Keine Marke,Gel-Fenstersticker Ostern,"€ 1,00",,"pro Einheit = 1,00",Größe ca. 19 x 19 cm,Nein,Dieses Angebot findest du vom 19.03. bis 25.03. in deiner Kaufland-Filiale.,2026-03-19,2026-03-25,images_kaufland/kaufland_offer_507.jpg,"cat_obst_gemuese,diet_gluten_free,diet_lactose_free,diet_vegan,diet_vegetarian,tag_ultra_processed",,ref_000157,,
FROSTA,Gemüse-Beilage,"€ 1,99","€ 2,59","1 kg = 6,64",versch. Sorten,Nein,Dieses Angebot findest du vom 19.03. bis 25.03. in deiner Kaufland-Filiale.,2026-03-19,2026-03-25,images_kaufland/kaufland_offer_170.jpg,"cat_tiefkuehl,diet_vegan,diet_vegetarian,sub_nudeln,sub_tk_fertiggerichte,sub_tk_gemuese,tag_ultra_processed",,ref_000158,obs_0000011491|obs_0000008614|obs_0000012813|obs_0000011055|obs_0000010642|obs_0000015818|obs_0000014837|obs_0000017491|obs_0000033909|obs_0000011900|obs_0000014506|obs_0000018735|obs_0000016753|obs_0000025597|obs_0000018942,obs_0000011491|obs_0000008614
K-CLASSIC,Gemüsemais,"€ 0,79","€ 0,89","pro Einheit = 2,78",zart & natursüß,Nein,Dieses Angebot findest du vom 23.03. bis 25.03. in deiner Kaufland-Filiale.,2026-03-23,2026-03-25,images_kaufland/kaufland_offer_644.jpg,"cat_tiefkuehl,diet_gluten_free,diet_lactose_free,diet_vegan,diet_vegetarian,sub_tk_gemuese,tag_ultra_processed,tag_whole_food",,ref_000159,obs_0000010668|obs_0000012834|obs_0000014979|obs_0000008790|obs_0000007187,obs_0000010668|obs_0000012834|obs_0000014979
IGLO,Gemüsestäbchen,"€ 2,22","€ 2,99","1 kg = 5,22","vegan, mit Mais, Karotten und Erbsen",Nein,Dieses Angebot findest du vom 19.03. bis 25.03. in deiner Kaufland-Filiale.,2026-03-19,2026-03-25,images_kaufland/kaufland_offer_165.jpg,"cat_tiefkuehl,diet_vegan,diet_vegetarian,sub_fleischersatz,sub_tk_fertiggerichte,sub_tk_gemuese,tag_ultra_processed",,ref_000160,obs_0000014961,obs_0000014961
Keine Marke,Geschenkstrauß,"€ 9,99",,"pro Einheit = 9,99",versch. Variationen,Nein,Dieses Angebot findest du vom 19.03. bis 25.03. in deiner Kaufland-Filiale.,2026-03-19,2026-03-25,images_kaufland/kaufland_offer_069.jpg,"cat_obst_gemuese,diet_gluten_free,diet_lactose_free,diet_vegan,diet_vegetarian,tag_ultra_processed,tag_whole_food",,ref_000161,obs_0000010566|obs_0000012711|obs_0000013223|obs_0000015326|obs_0000015728|obs_0000015734,obs_0000010192|obs_0000010566|obs_0000012711|obs_0000013223
K-PURLAND Schnelle Küche,Geschnetzeltes Ungar Art,"€ 3,33",,"1 kg = 6,66",vom Schwein,Nein,Dieses Angebot findest du vom 19.03. bis 25.03. in deiner Kaufland-Filiale.,2026-03-19,2026-03-25,images_kaufland/kaufland_offer_088.jpg,"cat_fleisch_wurst,sub_rind,sub_schwein,tag_high_protein,tag_proteinreich",,ref_000162,obs_0000014902|obs_0000010986|obs_0000012750|obs_0000011419|obs_0000005250|obs_0000006354|obs_0000027966,obs_0000008205|obs_0000014902|obs_0000011419|obs_0000008915|obs_0000010986|obs_0000010103|obs_0000012750|obs_0000014300
Keine Marke,Getrocknete Tomaten,"€ 0,99",,"pro Einheit = 0,99",in Kräuteröl eingelegt,Nein,Dieses Angebot findest du vom 19.03. bis 25.03. in deiner Kaufland-Filiale.,2026-03-19,2026-03-25,images_kaufland/kaufland_offer_191.jpg,"cat_grundnahrung,diet_gluten_free,diet_lactose_free,diet_vegan,diet_vegetarian,sub_frisches_gemuese,tag_whole_food",,ref_000163,obs_0000008105|obs_0000011517|obs_0000000891|obs_0000011069|obs_0000026278|obs_0000026407|obs_0000034023|obs_0000002173|obs_0000019909,obs_0000000891|obs_0000008105|obs_0000011069|obs_0000011517|obs_0000031606
KLÜMPER,Gewürz- oder Knoblauchschinken,"€ 1,99",,"pro Einheit = 1,99","luftgetrocknet, traditionell veredelt",Nein,Dieses Angebot findest du vom 19.03. bis 25.03. in deiner Kaufland-Filiale.,2026-03-19,2026-03-25,images_kaufland/kaufland_offer_120.jpg,"cat_fleisch_wurst,sub_schwein,sub_wurst,tag_ultra_processed",,ref_000164,obs_0000012786|obs_0000015368,obs_0000012786|obs_0000015368
Keine Marke,Glas-Container mit Deckel,"€ 9,99",,"pro Einheit = 9,99","Aus Borosilikatglas Kunststoffdeckel mit Tragegriff Ohne Deckel mikrowellen- und backofengeeignet Gefrier- und spülmaschinengeeignet Größe ca. Ø 29 x 16 cm (ca. 3,5 l)",Nein,Dieses Angebot findest du vom 19.03. bis 25.03. in deiner Kaufland-Filiale.,2026-03-19,2026-03-25,images_kaufland/kaufland_offer_429.jpg,"cat_getraenke,diet_gluten_free,diet_lactose_free,diet_vegan,diet_vegetarian,tag_ultra_processed",,ref_000165,obs_0000011228,
UHU,Glitter Glue-Klebstoffe Glow in the Dark,"€ 2,99","€ 4,46","1 l = 59,80",Klebstoffe mit Glitzerpartikeln und Leuchteffekt 5 versch. Farben Zum kreativen Basteln und Dekorieren Tuben mit Feindosierspitze Tropft nicht und zieht keine Fäden Lösungsmittelfrei und auswaschbar Für verschiedene Materialien geeignet,Nein,Dieses Angebot findest du vom 19.03. bis 25.03. in deiner Kaufland-Filiale.,2026-03-19,2026-03-25,images_kaufland/kaufland_offer_391.jpg,"cat_non_food,diet_vegetarian,tag_ultra_processed",,ref_000166,obs_0000004738|obs_0000003864|obs_0000004635|obs_0000003103|obs_0000003884|obs_0000004291|obs_0000005062|obs_0000003280|obs_0000002646|obs_0000004311|obs_0000002529|obs_0000004718|obs_0000000239|obs_0000003440|obs_0000004208|obs_0000001140|obs_0000002988,
PRIMO,Glitzer-Modelliermasse,"€ 2,99",,"1 kg = 11,96",Gebrauchsfertig Trocknet an der Luft Versch. Glitzerfarben Dermatologisch getestet,Nein,Dieses Angebot findest du vom 19.03. bis 25.03. in deiner Kaufland-Filiale.,2026-03-19,2026-03-25,images_kaufland/kaufland_offer_383.jpg,cat_getraenke,,ref_000167,obs_0000002015,
JACOBS,Gold,"€ 6,49","€ 10,99","1 kg = 32,45",löslicher Bohnenkaffee,Nein,Dieses Angebot findest du vom 19.03. bis 25.03. in deiner Kaufland-Filiale.,2026-03-19,2026-03-25,images_kaufland/kaufland_offer_221.jpg,"cat_knabbern_naschen,diet_gluten_free,diet_lactose_free,diet_vegan,diet_vegetarian,tag_ultra_processed",BLS-G230100,ref_000168,obs_0000031776|obs_0000011104|obs_0000015276|obs_0000034007|obs_0000023259|obs_0000012629|obs_0000012669|obs_0000013227|obs_0000031712|obs_0000010721|obs_0000008553|obs_0000029715|obs_0000020510|obs_0000016424|obs_0000008235|obs_0000013358|obs_0000026672|obs_0000019528|obs_0000005742|obs_0000025215|obs_0000001674|obs_0000027793|obs_0000017043|obs_0000029362|obs_0000014007|obs_0000018645|obs_0000021224|obs_0000025350|obs_0000010019|obs_0000025395|obs_0000022839|obs_0000027964|obs_0000010065|obs_0000021329|obs_0000009562|obs_0000026466|obs_0000014705|obs_0000008059|obs_0000032649|obs_0000009614|obs_0000028046|obs_0000026005|obs_0000008606|obs_0000027055|obs_0000020405|obs_0000008631|obs_0000009158|obs_0000030693|obs_0000006641|obs_0000001035,obs_0000031776|obs_0000034007|obs_0000023259|obs_0000012629|obs_0000011104|obs_0000012669|obs_0000013227|obs_0000015276|obs_0000031712|obs_0000010721
LINDT,Goldhase,"€ 4,69","€ 8,99","1 kg = 23,45",aus zartschmelzender Alpenmilch-Schokolade,Nein,Dieses Angebot findest du vom 19.03. bis 25.03. in deiner Kaufland-Filiale.,2026-03-19,2026-03-25,images_kaufland/kaufland_offer_242.jpg,"cat_knabbern_naschen,diet_gluten_free,diet_lactose_free,diet_vegan,diet_vegetarian,tag_ultra_processed",,ref_000169,obs_0000013665|obs_0000013666,obs_0000013665
K-FAVOURITES,Grana Padano DOP am Stück,"€ 3,33",,"1 kg = 16,65","mind. 16 Monate naturgereift, 32 % Fett i. Tr.",Nein,Dieses Angebot findest du vom 19.03. bis 25.03. in deiner Kaufland-Filiale.,2026-03-19,2026-03-25,images_kaufland/kaufland_offer_156.jpg,"cat_molkerei_kaese,sub_milchprodukte",,ref_000170,obs_0000011475|obs_0000011032|obs_0000010424|obs_0000008584|obs_0000022624|obs_0000013230|obs_0000015809|obs_0000024568|obs_0000023167|obs_0000028820|obs_0000019702|obs_0000013063|obs_0000018289|obs_0000022437,obs_0000011475
EHRMANN,Grand Dessert,"€ 0,44",,"1 kg = 2,32","Dessertcreme, versch. Sorten",Nein,Dieses Angebot findest du vom 19.03. bis 25.03. in deiner Kaufland-Filiale.,2026-03-19,2026-03-25,images_kaufland/kaufland_offer_132.jpg,"cat_molkerei_kaese,sub_milchprodukte",,ref_000171,obs_0000014366|obs_0000002161|obs_0000017587|obs_0000027914|obs_0000034107|obs_0000031128|obs_0000013231|obs_0000025025|obs_0000011773|obs_0000026346|obs_0000010055|obs_0000009604|obs_0000002449|obs_0000015382|obs_0000013586|obs_0000007762|obs_0000005900|obs_0000032203|obs_0000007148|obs_0000012336|obs_0000017969|obs_0000004175|obs_0000016979|obs_0000009845|obs_0000014488|obs_0000006809|obs_0000022199|obs_0000009519|obs_0000017731|obs_0000010617|obs_0000018839|obs_0000005029|obs_0000015792|obs_0000000443|obs_0000006112|obs_0000018932|obs_0000004602,obs_0000014366|obs_0000002161|obs_0000017587|obs_0000027914|obs_0000005900|obs_0000034107|obs_0000031128|obs_0000013231|obs_0000025025|obs_0000011773
FERRERO,Grand Rocher,"€ 4,29","€ 4,89","1 kg = 34,32","große Schoko-Nuss-Spezialität, auch als Zartbitter",Nein,Dieses Angebot findest du vom 19.03. bis 25.03. in deiner Kaufland-Filiale.,2026-03-19,2026-03-25,images_kaufland/kaufland_offer_257.jpg,"cat_knabbern_naschen,diet_vegetarian,tag_ultra_processed",,ref_000172,obs_0000011354|obs_0000031841|obs_0000017086|obs_0000019200|obs_0000006581|obs_0000015284|obs_0000016364,
MARTIN SCHONGAUER,Grau- Weiß- oder Spätburgunder,"€ 3,99","€ 5,49","1 l = 5,32","Qualitätsweine, Baden, z. B. Grauburgunder: feinfruchtig, frisch, nussig, passt zu Vorspeisen, kalten Platten, Fisch, hellem Fleisch",Nein,Dieses Angebot findest du vom 19.03. bis 25.03. in deiner Kaufland-Filiale.,2026-03-19,2026-03-25,images_kaufland/kaufland_offer_310.jpg,"cat_getraenke,diet_vegetarian,tag_ultra_processed",,ref_000173,obs_0000011140|obs_0000015924,obs_0000011140
OUZO OF PLOMARI,Griech Anisspirituose,"€ 8,99","€ 11,99","1 l = 12,85",40 Vol. %,Nein,Dieses Angebot findest du vom 19.03. bis 25.03. in deiner Kaufland-Filiale.,2026-03-19,2026-03-25,images_kaufland/kaufland_offer_292.jpg,"cat_getraenke,diet_vegetarian",,ref_000174,obs_0000014863|obs_0000011974|obs_0000016118|obs_0000009911|obs_0000009446,obs_0000014863|obs_0000011974|obs_0000016118
Keine Marke,Griech Spargel,"€ 4,99","€ 6,99","1 kg = 9,98","weiß/violett, Kl. I",Nein,Dieses Angebot findest du vom 23.03. bis 25.03. in deiner Kaufland-Filiale.,2026-03-23,2026-03-25,images_kaufland/kaufland_offer_657.jpg,"cat_obst_gemuese,diet_gluten_free,diet_lactose_free,diet_vegan,diet_vegetarian,sub_frisches_obst,tag_whole_food",,ref_000175,obs_0000013671,
K-PURLAND,Hackfleisch gemischt,"€ 3,79",,"1 kg = 7,58",vom Schwein und Rind,Nein,Dieses Angebot findest du vom 19.03. bis 25.03. in deiner Kaufland-Filiale.,2026-03-19,2026-03-25,images_kaufland/kaufland_offer_100.jpg,"cat_fleisch_wurst,sub_hackfleisch,sub_rind,sub_schwein,tag_high_protein,tag_proteinreich",BLS-U020100,ref_000176,obs_0000014463|obs_0000009222|obs_0000011430|obs_0000009702|obs_0000012282|obs_0000030894|obs_0000030922|obs_0000006355|obs_0000030962|obs_0000026963|obs_0000016944|obs_0000021126|obs_0000008856|obs_0000006874|obs_0000031538|obs_0000017204|obs_0000031582|obs_0000007077|obs_0000027617|obs_0000009248|obs_0000025678|obs_0000029783|obs_0000033883|obs_0000027808|obs_0000029892|obs_0000009575|obs_0000028033|obs_0000030174|obs_0000005620|obs_0000030269|obs_0000005797|obs_0000018085|obs_0000034536|obs_0000022287|obs_0000020307|obs_0000018612|obs_0000010463|obs_0000012768|obs_0000000505|obs_0000014917|obs_0000019652|obs_0000009524|obs_0000017754|obs_0000001646|obs_0000028433|obs_0000030969|obs_0000030975|obs_0000022954|obs_0000000646|obs_0000000826,obs_0000014463|obs_0000030894|obs_0000018612|obs_0000030922|obs_0000006355|obs_0000010463|obs_0000030962|obs_0000000505|obs_0000016944|obs_0000021126|obs_0000008856|obs_0000006874|obs_0000031538|obs_0000017204|obs_0000031582|obs_0000007077|obs_0000009222|obs_0000009248|obs_0000025678|obs_0000029783|obs_0000033883|obs_0000011430|obs_0000029892|obs_0000019652|obs_0000009524|obs_0000017754|obs_0000009575|obs_0000028033|obs_0000030174|obs_0000009702|obs_0000005620|obs_0000030269|obs_0000001646|obs_0000005797|obs_0000018085|obs_0000034536|obs_0000022287|obs_0000028433|obs_0000020307|obs_0000012282
M LK,Haferdrink Barista,"€ 1,69","€ 1,99","pro Einheit = 1,69",vegan,Nein,Dieses Angebot findest du vom 19.03. bis 25.03. in deiner Kaufland-Filiale.,2026-03-19,2026-03-25,images_kaufland/kaufland_offer_140.jpg,"cat_molkerei_kaese,diet_lactose_free,diet_vegan,diet_vegetarian,tag_ultra_processed",,ref_000177,obs_0000012318|obs_0000024065|obs_0000008073|obs_0000010257|obs_0000024479|obs_0000028848|obs_0000011884|obs_0000031124|obs_0000030111|obs_0000030805|obs_0000032347|obs_0000028770|obs_0000031981|obs_0000014119|obs_0000031656|obs_0000010936|obs_0000006463|obs_0000019920|obs_0000026074,obs_0000008073|obs_0000010257|obs_0000012318|obs_0000028848
KÖLLN,Haferflocken,"€ 1,29",,"1 kg = 2,58","100 % Vollkorn, Blütenzarte oder Echte Kernige",Nein,Dieses Angebot findest du vom 19.03. bis 25.03. in deiner Kaufland-Filiale.,2026-03-19,2026-03-25,images_kaufland/kaufland_offer_215.jpg,"cat_grundnahrung,diet_lactose_free,diet_vegan,diet_vegetarian,tag_whole_food",NUTR-0005,ref_000178,obs_0000015879|obs_0000002858|obs_0000026414|obs_0000002998|obs_0000008132|obs_0000011097|obs_0000013032|obs_0000015658|obs_0000010710|obs_0000034489|obs_0000004225|obs_0000027529|obs_0000029717|obs_0000004652|obs_0000029627|obs_0000003776|obs_0000000837|obs_0000005079|obs_0000000485|obs_0000024040|obs_0000001273|obs_0000024706|obs_0000029967|obs_0000025515|obs_0000029245|obs_0000028738|obs_0000022989|obs_0000030935|obs_0000003476|obs_0000002471|obs_0000005102,obs_0000015879|obs_0000002858|obs_0000015658|obs_0000026414|obs_0000002998|obs_0000008132|obs_0000010710|obs_0000011097|obs_0000013032
K-PURLAND,Halbes Schwein grob zerlegt,"€ 3,99",,"pro Einheit = 3,99","grob zerlegt, 39 - 47 kg Bitte vorbestellen und einen Bestellvorlauf von 3 Tagen beachten!",Nein,Dieses Angebot findest du vom 19.03. bis 25.03. in deiner Kaufland-Filiale.,2026-03-19,2026-03-25,images_kaufland/kaufland_offer_083.jpg,"cat_fleisch_wurst,sub_rind,sub_schwein,tag_high_protein,tag_proteinreich",,ref_000179,obs_0000014442|obs_0000012264,obs_0000014442|obs_0000012264
HARIBO,Happy Easter,"€ 1,79","€ 2,69","1 kg = 7,16",buntes Fruchtgummi in ca. 20 kleinen Portionsbeuteln,Nein,Dieses Angebot findest du vom 19.03. bis 25.03. in deiner Kaufland-Filiale.,2026-03-19,2026-03-25,images_kaufland/kaufland_offer_262.jpg,"cat_knabbern_naschen,diet_vegetarian,tag_ultra_processed",,ref_000180,,
Keine Marke,Haselnuss-Cube,"€ 0,99","€ 1,29","pro Einheit = 0,99","Hefeteiggebäck, mit Haselnusszubereitung, -creme und Keksstückchen verfeinert",Nein,Dieses Angebot findest du vom 23.03. bis 25.03. in deiner Kaufland-Filiale.,2026-03-23,2026-03-25,images_kaufland/kaufland_offer_656.jpg,"cat_knabbern_naschen,diet_gluten_free,diet_lactose_free,diet_vegan,diet_vegetarian,tag_ultra_processed,tag_whole_food",BLS-H130100,ref_000181,obs_0000014545|obs_0000001243|obs_0000022597,obs_0000014545
HANUTA,Haselnuss-Schnitten,"€ 2,22",,"1 kg = 10,10",Waffeln mit Kakaocreme,Nein,Dieses Angebot findest du vom 19.03. bis 25.03. in deiner Kaufland-Filiale.,2026-03-19,2026-03-25,images_kaufland/kaufland_offer_238.jpg,"cat_knabbern_naschen,diet_vegetarian,tag_ultra_processed",,ref_000182,obs_0000016134|obs_0000011553|obs_0000015029|obs_0000022597|obs_0000001243|obs_0000033920,obs_0000016134|obs_0000011553|obs_0000015029|obs_0000025805
K-OSTER EDITION,Hasen,"€ 1,49","€ 1,79","1 kg = 14,90","aus feiner Vollmilchschokolade, hohl",Nein,Dieses Angebot findest du vom 19.03. bis 25.03. in deiner Kaufland-Filiale.,2026-03-19,2026-03-25,images_kaufland/kaufland_offer_250.jpg,"cat_knabbern_naschen,tag_ultra_processed",BLS-H130100,ref_000183,obs_0000001619,
UHU,Heißklebepistole Starter Kit,"€ 9,99","€ 18,30","pro Einheit = 9,99","Hohe Festigkeit, kurze Abbindezeit Mit hitzeisolierender Düse Inkl. 6 Klebepatronen (transparent)",Nein,Dieses Angebot findest du vom 19.03. bis 25.03. in deiner Kaufland-Filiale.,2026-03-19,2026-03-25,images_kaufland/kaufland_offer_377.jpg,"cat_non_food,tag_ultra_processed",,ref_000184,obs_0000016685|obs_0000011642,
GRUNDIG,Heißluftfritteuse FRY 6321 L,"€ 44,99",,"pro Einheit = 44,99","Fassungsvermögen ca. 4,7 l (ca. 500 g Pommes) Temperatur einstellbar von 80 bis 200 °C Timer-Funktion bis 60 min Antihaftbeschichteter Korb spülmaschinengeeignet Größe ca. B 31 x H 36 x T 41 cm 1.500 W",Nein,Dieses Angebot findest du vom 19.03. bis 25.03. in deiner Kaufland-Filiale.,2026-03-19,2026-03-25,images_kaufland/kaufland_offer_365.jpg,cat_non_food,,ref_000185,obs_0000001565|obs_0000024128|obs_0000004164|obs_0000026718|obs_0000003182|obs_0000016517|obs_0000008842|obs_0000023705|obs_0000022702|obs_0000022718|obs_0000018130|obs_0000000770|obs_0000025870|obs_0000002370|obs_0000005018|obs_0000018919|obs_0000004591|obs_0000023536,
CHIEMSEER,Hell,"€ 13,99","€ 19,99","1 l = 1,40",(+ 3.10 Pfand),Nein,Dieses Angebot findest du vom 19.03. bis 25.03. in deiner Kaufland-Filiale.,2026-03-19,2026-03-25,images_kaufland/kaufland_offer_329.jpg,cat_getraenke,,ref_000186,obs_0000034841|obs_0000009785|obs_0000031386|obs_0000034475|obs_0000034487|obs_0000009915|obs_0000027350|obs_0000011994|obs_0000006377|obs_0000035038|obs_0000010541|obs_0000014654|obs_0000028550|obs_0000008658|obs_0000028667|obs_0000013313|obs_0000028174|obs_0000033822|obs_0000030242|obs_0000008776|obs_0000028250|obs_0000015504|obs_0000027850|obs_0000026315|obs_0000034031|obs_0000035040|obs_0000035046|obs_0000035050|obs_0000028445|obs_0000029985|obs_0000034636|obs_0000012642|obs_0000031075|obs_0000010094|obs_0000006027|obs_0000028049|obs_0000027553|obs_0000003504|obs_0000034226|obs_0000027578|obs_0000029639|obs_0000029640|obs_0000032722|obs_0000032723|obs_0000005646|obs_0000034320|obs_0000001071|obs_0000027711|obs_0000034431|obs_0000033929,obs_0000034841|obs_0000009785|obs_0000031386|obs_0000034475|obs_0000034487|obs_0000009915|obs_0000027350|obs_0000011994|obs_0000006377|obs_0000035038|obs_0000010541|obs_0000014654|obs_0000028550|obs_0000008658|obs_0000028667
BENCH,Herren-Poloshirt,"€ 14,99","€ 49,90","pro Einheit = 14,99",Aus Baumwolle Größen M - XXL,Nein,Dieses Angebot findest du vom 19.03. bis 25.03. in deiner Kaufland-Filiale.,2026-03-19,2026-03-25,images_kaufland/kaufland_offer_463.jpg,cat_non_food,,ref_000187,obs_0000012579|obs_0000025052|obs_0000017576|obs_0000013699|obs_0000003674|obs_0000001296|obs_0000001380,obs_0000012579|obs_0000025052|obs_0000017576|obs_0000013699|obs_0000003674
BENCH,Herren-Retroboxer,"€ 12,99","€ 44,90","pro Einheit = 12,99",Aus Baumwolle und Elastan Größen M - XXL,Nein,Dieses Angebot findest du vom 19.03. bis 25.03. in deiner Kaufland-Filiale.,2026-03-19,2026-03-25,images_kaufland/kaufland_offer_461.jpg,cat_non_food,,ref_000188,obs_0000012613|obs_0000008630|obs_0000014781|obs_0000013010|obs_0000013701|obs_0000016063|obs_0000013982|obs_0000012147|obs_0000011730,obs_0000012613|obs_0000008630|obs_0000014781|obs_0000013010|obs_0000013701|obs_0000016063
GIN TONIC,Herren-Slipper,"€ 9,99",,"pro Einheit = 9,99",Obermaterial aus Mesh und Textil Textil-Futter Memory-Foam-Decksohle Sohle aus Phylon Größen 41 - 45,Nein,Dieses Angebot findest du vom 19.03. bis 25.03. in deiner Kaufland-Filiale.,2026-03-19,2026-03-25,images_kaufland/kaufland_offer_468.jpg,cat_non_food,,ref_000189,obs_0000026808,
GIN TONIC,Herren-Sneaker Casual,"€ 17,99",,"pro Einheit = 17,99",Obermaterial aus wasserbasiertem PU und Textil Bequeme Memory-Foam-Decksohle Robuste TPR-Sohle Größen 41 - 45,Nein,Dieses Angebot findest du vom 19.03. bis 25.03. in deiner Kaufland-Filiale.,2026-03-19,2026-03-25,images_kaufland/kaufland_offer_469.jpg,cat_non_food,,ref_000190,obs_0000012571|obs_0000013987|obs_0000001144,
BENCH,Herren-Sweat- oder Cargohose,"€ 19,99","€ 59,90","pro Einheit = 19,99",Aus Baumwolle und Polyester Größen M - XXL,Nein,Dieses Angebot findest du vom 19.03. bis 25.03. in deiner Kaufland-Filiale.,2026-03-19,2026-03-25,images_kaufland/kaufland_offer_465.jpg,cat_non_food,,ref_000191,obs_0000020322|obs_0000021141|obs_0000021999,
BENCH,Herren-Sweatpullover oder -hoodie,"€ 19,99","€ 69,90","pro Einheit = 19,99",Aus Baumwolle und Polyester Größen M - XXL,Nein,Dieses Angebot findest du vom 19.03. bis 25.03. in deiner Kaufland-Filiale.,2026-03-19,2026-03-25,images_kaufland/kaufland_offer_462.jpg,cat_non_food,,ref_000192,obs_0000010445|obs_0000023844|obs_0000024268|obs_0000000869|obs_0000000966|obs_0000022661|obs_0000023040|obs_0000023099,
BENCH,Herren-T-Shirt,"€ 9,99","€ 29,90","pro Einheit = 9,99",Aus Baumwolle Größen M - XXL,Nein,Dieses Angebot findest du vom 19.03. bis 25.03. in deiner Kaufland-Filiale.,2026-03-19,2026-03-25,images_kaufland/kaufland_offer_464.jpg,cat_non_food,,ref_000193,obs_0000012620|obs_0000012700|obs_0000014797|obs_0000009161|obs_0000011260|obs_0000017457|obs_0000031856|obs_0000013704|obs_0000031708|obs_0000030035|obs_0000012150|obs_0000000755|obs_0000023324|obs_0000023466|obs_0000000968|obs_0000023573|obs_0000001225|obs_0000011740|obs_0000011807|obs_0000009163|obs_0000011737,obs_0000012598|obs_0000012620|obs_0000012700|obs_0000014797|obs_0000009161|obs_0000011260|obs_0000017457|obs_0000031856|obs_0000013704|obs_0000016055
EHRMANN,High Protein Mousse,"€ 1,29","€ 1,99","1 kg = 6,45","laktosefrei, versch. Sorten",Nein,Dieses Angebot findest du vom 19.03. bis 25.03. in deiner Kaufland-Filiale.,2026-03-19,2026-03-25,images_kaufland/kaufland_offer_129.jpg,"cat_molkerei_kaese,diet_vegetarian,sub_milchprodukte,tag_high_protein,tag_proteinreich",,ref_000194,obs_0000000087|obs_0000028284|obs_0000010929|obs_0000016394|obs_0000001758|obs_0000006453|obs_0000017800|obs_0000031441|obs_0000001539|obs_0000005912|obs_0000032084|obs_0000004612|obs_0000026630|obs_0000035103|obs_0000004185|obs_0000011877|obs_0000011908|obs_0000003214|obs_0000014520|obs_0000026368|obs_0000031519|obs_0000005039|obs_0000008628|obs_0000000451|obs_0000016341|obs_0000019929|obs_0000011464|obs_0000013245|obs_0000020493|obs_0000025613|obs_0000001056|obs_0000004141|obs_0000022585|obs_0000022588|obs_0000003645|obs_0000002635|obs_0000011938|obs_0000021162|obs_0000023034|obs_0000025263|obs_0000001774|obs_0000011525|obs_0000003363|obs_0000001325|obs_0000021312|obs_0000011077|obs_0000011109|obs_0000020343|obs_0000010616|obs_0000004995,obs_0000016394|obs_0000000087|obs_0000028284|obs_0000010929|obs_0000001758|obs_0000006453|obs_0000017800
JOLLY OATS,High-Protein-Müsli,"€ 1,79","€ 1,99","1 kg = 7,16",Bircher oder Früchte,Nein,Dieses Angebot findest du vom 19.03. bis 25.03. in deiner Kaufland-Filiale.,2026-03-19,2026-03-25,images_kaufland/kaufland_offer_128.jpg,"cat_molkerei_kaese,diet_vegetarian,sub_milchprodukte,tag_high_protein,tag_proteinreich,tag_ultra_processed",,ref_000195,obs_0000010616|obs_0000011464|obs_0000031441|obs_0000013245|obs_0000004612|obs_0000026630|obs_0000016394|obs_0000020493|obs_0000025613|obs_0000001056|obs_0000004141|obs_0000022585|obs_0000035103|obs_0000003645|obs_0000022588|obs_0000002635|obs_0000000087|obs_0000004185|obs_0000011877|obs_0000028284|obs_0000011908|obs_0000003214|obs_0000011938|obs_0000021162|obs_0000023034|obs_0000025263|obs_0000010929|obs_0000014520|obs_0000001758|obs_0000001774|obs_0000026368|obs_0000011525|obs_0000031519|obs_0000003363|obs_0000001325|obs_0000006453|obs_0000021312|obs_0000011077|obs_0000011109|obs_0000020343|obs_0000004995|obs_0000017800|obs_0000005039|obs_0000008628|obs_0000018363|obs_0000013246|obs_0000000451|obs_0000002507|obs_0000022482|obs_0000016341,obs_0000010616
K-CLASSIC,Hirtenkäse,"€ 1,49","€ 1,79","1 kg = 5,96","aus Kuhmilch, 45 % Fett i. Tr.",Nein,Dieses Angebot findest du vom 23.03. bis 25.03. in deiner Kaufland-Filiale.,2026-03-23,2026-03-25,images_kaufland/kaufland_offer_048.jpg,"cat_molkerei_kaese,sub_kaese,sub_milchprodukte,tag_ultra_processed",,ref_000196,obs_0000010627|obs_0000008866|obs_0000013037|obs_0000016541|obs_0000006443|obs_0000023290|obs_0000021261|obs_0000001180|obs_0000021676|obs_0000019634|obs_0000023807|obs_0000024228|obs_0000018107|obs_0000020442|obs_0000018784|obs_0000021227|obs_0000017351|obs_0000025577|obs_0000017720|obs_0000024039|obs_0000018074|obs_0000022277|obs_0000022335|obs_0000020408|obs_0000000520|obs_0000029473|obs_0000025401|obs_0000006979|obs_0000029527|obs_0000032094|obs_0000013707|obs_0000001447|obs_0000006115,obs_0000016541|obs_0000006443|obs_0000010627|obs_0000008866|obs_0000013037|obs_0000023290|obs_0000021261|obs_0000001180|obs_0000021676|obs_0000019634|obs_0000023807|obs_0000024228|obs_0000018107|obs_0000020442
LEERDAMMER,Holl Schnittkäse,"€ 1,44",,"1 kg = 10,29 - 14,40","versch. Sorten, in Scheiben, 30 - 50 % Fett i. Tr.",Nein,Dieses Angebot findest du vom 19.03. bis 25.03. in deiner Kaufland-Filiale.,2026-03-19,2026-03-25,images_kaufland/kaufland_offer_152.jpg,"cat_molkerei_kaese,sub_kaese,sub_milchprodukte,tag_ultra_processed",,ref_000197,obs_0000011781|obs_0000010264|obs_0000021017|obs_0000028709|obs_0000014122|obs_0000028586|obs_0000025651|obs_0000013876|obs_0000008758|obs_0000008137|obs_0000020198|obs_0000008439|obs_0000028921|obs_0000008191,obs_0000011781
Keine Marke,Hot Dog,"€ 0,99","€ 1,19","pro Einheit = 0,99","Weizenbaguettebrötchen mit Würstchen, Käse, Gurken, Senf und Röstzwiebeln",Nein,Dieses Angebot findest du vom 19.03. bis 25.03. in deiner Kaufland-Filiale.,2026-03-19,2026-03-25,images_kaufland/kaufland_offer_192.jpg,"cat_grundnahrung,diet_gluten_free,diet_lactose_free,diet_vegan,diet_vegetarian,sub_exoten,sub_frisches_obst,tag_ultra_processed,tag_whole_food",BLS-Y021512,ref_000198,obs_0000011308|obs_0000012356|obs_0000030342|obs_0000001235|obs_0000001479|obs_0000003321|obs_0000004004|obs_0000004431|obs_0000004858|obs_0000023584|obs_0000000477|obs_0000000977|obs_0000003319|obs_0000003808|obs_0000004216|obs_0000004643|obs_0000005070|obs_0000008106,obs_0000011308|obs_0000012356
MATTEL,Hot-Wheels-Geschenk-Set,"€ 4,99","€ 7,99","pro Einheit = 4,99",Die-Cast-Fahrzeuge Maßstab 1:64,Nein,Dieses Angebot findest du vom 19.03. bis 25.03. in deiner Kaufland-Filiale.,2026-03-19,2026-03-25,images_kaufland/kaufland_offer_404.jpg,cat_non_food,,ref_000199,,
VITAKRAFT,Hundesnack,"€ 1,79",,"1 kg = 22,38",versch. Sorten,Nein,Dieses Angebot findest du vom 19.03. bis 25.03. in deiner Kaufland-Filiale.,2026-03-19,2026-03-25,images_kaufland/kaufland_offer_357.jpg,"cat_drogerie,tag_ultra_processed",,ref_000200,obs_0000008212|obs_0000033863|obs_0000012906|obs_0000011629|obs_0000012035|obs_0000009469|obs_0000009934|obs_0000013835|obs_0000028190|obs_0000031825,obs_0000012035|obs_0000008212|obs_0000033863|obs_0000012906|obs_0000011629
MY PROJECT,Hydraulik-Rangierwagenheber,"€ 24,99",,"pro Einheit = 24,99",Zum bequemen Anheben und Absenken von Fahrzeugen Leichtes Rangieren dank 2 Bock- und 2 Lenkrollen Magnetische Ablage für Radmuttern etc. Regulierbare Absenk-Geschwindigkeit Mit Tragegriff und abnehmbarer Hubstange Hubhöhe ca. 14 - 34 cm Tragkraft max. 2.000 kg 3 Jahre Garantie,Nein,Dieses Angebot findest du vom 19.03. bis 25.03. in deiner Kaufland-Filiale.,2026-03-19,2026-03-25,images_kaufland/kaufland_offer_566.jpg,cat_drogerie,,ref_000201,obs_0000014025|obs_0000024847,obs_0000024847|obs_0000014025
K-PURLAND,Hähnchen-Grillplatte,"€ 3,59","€ 3,99","1 kg = 4,49","Ober-, Unterschenkel und Flügel, gewürzt",Nein,Dieses Angebot findest du vom 19.03. bis 25.03. in deiner Kaufland-Filiale.,2026-03-19,2026-03-25,images_kaufland/kaufland_offer_098.jpg,"cat_fleisch_wurst,diet_lactose_free,sub_gefluegel,sub_rind,tag_high_protein,tag_proteinreich,tag_whole_food",,ref_000202,obs_0000011428,obs_0000011428
K-PURLAND,Hähnchen-Schenkel XXL,"€ 6,66",,"1 kg = 3,33","mit Rückenstück, natur, HKL A",Nein,Dieses Angebot findest du vom 19.03. bis 25.03. in deiner Kaufland-Filiale.,2026-03-19,2026-03-25,images_kaufland/kaufland_offer_099.jpg,"cat_fleisch_wurst,sub_gefluegel,sub_rind,tag_high_protein,tag_proteinreich",BLS-V4A5100,ref_000203,obs_0000008788|obs_0000011849|obs_0000014915|obs_0000015748|obs_0000009401|obs_0000009863|obs_0000014454|obs_0000008852|obs_0000010591|obs_0000011427|obs_0000012278|obs_0000013251|obs_0000013710|obs_0000014914|obs_0000015352|obs_0000016559|obs_0000000705|obs_0000000882|obs_0000017341|obs_0000001523|obs_0000018267|obs_0000027259|obs_0000027277|obs_0000027367|obs_0000019465|obs_0000027696|obs_0000028083|obs_0000028345|obs_0000022267|obs_0000014263|obs_0000000055|obs_0000000217|obs_0000016724|obs_0000000432|obs_0000026229|obs_0000002168|obs_0000010525|obs_0000019055|obs_0000019114|obs_0000027320|obs_0000003026|obs_0000003039|obs_0000019665|obs_0000003825|obs_0000020217|obs_0000012213|obs_0000004158|obs_0000020633|obs_0000004252|obs_0000004585,obs_0000008788|obs_0000009401|obs_0000009863|obs_0000018432|obs_0000010591|obs_0000002568|obs_0000003414|obs_0000011849|obs_0000012278|obs_0000013710|obs_0000014454|obs_0000014915|obs_0000015352|obs_0000015748
Keine Marke,Hähnchen-Taschen XXL,"€ 6,49",,"1 kg = 9,02",Cheeseburger oder Big Burger Style,Nein,Dieses Angebot findest du vom 19.03. bis 25.03. in deiner Kaufland-Filiale.,2026-03-19,2026-03-25,images_kaufland/kaufland_offer_095.jpg,"cat_fleisch_wurst,diet_gluten_free,diet_lactose_free,sub_gefluegel,sub_tk_fertiggerichte,tag_proteinreich,tag_ultra_processed,tag_whole_food",BLS-V4B5100,ref_000204,obs_0000014460|obs_0000000055|obs_0000000217|obs_0000000432|obs_0000002168|obs_0000003026|obs_0000003039|obs_0000003825|obs_0000004158|obs_0000004252|obs_0000004585|obs_0000004679|obs_0000005012|obs_0000008788|obs_0000008852|obs_0000010591|obs_0000011427|obs_0000011849|obs_0000012278|obs_0000013251|obs_0000013710|obs_0000014914|obs_0000014915|obs_0000015352|obs_0000015748|obs_0000016724|obs_0000019055|obs_0000019114|obs_0000019665|obs_0000020217|obs_0000020633|obs_0000021036|obs_0000021452|obs_0000021794|obs_0000021971|obs_0000026229|obs_0000027320|obs_0000012763|obs_0000013967,obs_0000014460
GUTFRIED,Hähnchenbraten,"€ 1,79","€ 2,29","1 kg = 17,90","gepökelt und gegart, mit Geflügelbouillon verfeinert",Nein,Dieses Angebot findest du vom 19.03. bis 25.03. in deiner Kaufland-Filiale.,2026-03-19,2026-03-25,images_kaufland/kaufland_offer_106.jpg,"cat_fleisch_wurst,diet_lactose_free,sub_gefluegel,tag_proteinreich,tag_whole_food",BLS-V654100,ref_000205,obs_0000011853|obs_0000009730|obs_0000008875|obs_0000009261,obs_0000011853
K-PURLAND,Hähnchengeschnetzeltes XXL,"€ 6,99",,"1 kg = 8,74",aus dem Brustfilet geschnitten,Nein,Dieses Angebot findest du vom 19.03. bis 25.03. in deiner Kaufland-Filiale.,2026-03-19,2026-03-25,images_kaufland/kaufland_offer_096.jpg,"cat_fleisch_wurst,diet_lactose_free,sub_gefluegel,sub_rind,sub_schwein,tag_high_protein,tag_proteinreich,tag_whole_food",,ref_000206,obs_0000010077|obs_0000012764|obs_0000008159|obs_0000012763|obs_0000013967,obs_0000010077|obs_0000011847|obs_0000012764|obs_0000008159
MARS oder SNICKERS,Ice Cream,"€ 2,69","€ 3,49","1 l = 10,70 - 10,87",bekannte Schokoriegel als Eis,Nein,Dieses Angebot findest du vom 19.03. bis 25.03. in deiner Kaufland-Filiale.,2026-03-19,2026-03-25,images_kaufland/kaufland_offer_167.jpg,"cat_tiefkuehl,tag_ultra_processed",,ref_000207,obs_0000031928|obs_0000021183|obs_0000014030|obs_0000021787|obs_0000020364|obs_0000024158|obs_0000023738|obs_0000023254|obs_0000010641|obs_0000007204|obs_0000017462|obs_0000026737|obs_0000005584|obs_0000030164|obs_0000032219|obs_0000031835|obs_0000028329|obs_0000032636|obs_0000029816,obs_0000031928|obs_0000021183|obs_0000014030|obs_0000021787|obs_0000020364
POLY PALETTE,Intensiv-Creme-Coloration,"€ 2,99","€ 3,95","pro Einheit = 2,99","lang anhaltende Farbe, perfekte Grauabdeckung, versch. Sorten",Nein,Dieses Angebot findest du vom 19.03. bis 25.03. in deiner Kaufland-Filiale.,2026-03-19,2026-03-25,images_kaufland/kaufland_offer_348.jpg,cat_drogerie,,ref_000208,obs_0000011311|obs_0000032842|obs_0000033353|obs_0000033180|obs_0000033360|obs_0000033582|obs_0000013141,obs_0000011311
TEEKANNE,Internationaler Teegenuss,"€ 1,79",,"1 kg = 32,55 - 49,73","versch. Sorten, im 1,8 - 2,75-g-Aufgussbeutel",Nein,Dieses Angebot findest du vom 19.03. bis 25.03. in deiner Kaufland-Filiale.,2026-03-19,2026-03-25,images_kaufland/kaufland_offer_224.jpg,"cat_knabbern_naschen,diet_vegan,diet_vegetarian",,ref_000209,obs_0000010944|obs_0000013046,obs_0000010944|obs_0000013046
EMSA,Isolierkanne Samba,"€ 7,99","€ 22,49","pro Einheit = 7,99",Aus Kunststoff Mit Druckknopf-Deckel Fassungsvermögen ca. 1 l,Nein,Dieses Angebot findest du vom 19.03. bis 25.03. in deiner Kaufland-Filiale.,2026-03-19,2026-03-25,images_kaufland/kaufland_offer_428.jpg,cat_non_food,,ref_000210,obs_0000012076|obs_0000010322|obs_0000028206|obs_0000035125|obs_0000033383,obs_0000012076|obs_0000010322
Keine Marke,Ital Kräuter in Terrakotta,"€ 3,29",,"pro Einheit = 3,29","versch. Sorten, Topf Ø 14 cm",Nein,Dieses Angebot findest du vom 19.03. bis 25.03. in deiner Kaufland-Filiale.,2026-03-19,2026-03-25,images_kaufland/kaufland_offer_072.jpg,"cat_obst_gemuese,diet_gluten_free,diet_lactose_free,diet_vegan,diet_vegetarian,sub_kraeuter,tag_whole_food",,ref_000211,obs_0000010569|obs_0000011334|obs_0000011410|obs_0000012737|obs_0000013255|obs_0000008460|obs_0000000636|obs_0000001352|obs_0000034623|obs_0000002274|obs_0000002843|obs_0000009506|obs_0000009967|obs_0000011054|obs_0000012814|obs_0000013754,obs_0000008460|obs_0000010569|obs_0000011334|obs_0000011410|obs_0000012737|obs_0000013255
Keine Marke,Ital franz Tafeläpfel Pink Lady,"€ 3,99",,"1 kg = 2,00","Sorte: »Cripps Pink«, Geschmack: süß-säuerlich, Kl. I",Nein,Dieses Angebot findest du vom 19.03. bis 25.03. in deiner Kaufland-Filiale.,2026-03-19,2026-03-25,images_kaufland/kaufland_offer_056.jpg,"cat_obst_gemuese,diet_gluten_free,diet_lactose_free,diet_vegan,diet_vegetarian,sub_frisches_obst,tag_whole_food",,ref_000212,obs_0000012706|obs_0000010572|obs_0000013639|obs_0000011390|obs_0000014423|obs_0000006266|obs_0000006279|obs_0000011827|obs_0000009442|obs_0000009908|obs_0000005704|obs_0000028564|obs_0000028684,obs_0000011390|obs_0000012706
Keine Marke,Ital span Bio-Möhren,"€ 1,49","€ 1,99","pro Einheit = 1,49",Kl. I,Nein,Dieses Angebot findest du vom 19.03. bis 25.03. in deiner Kaufland-Filiale.,2026-03-19,2026-03-25,images_kaufland/kaufland_offer_062.jpg,"cat_obst_gemuese,diet_gluten_free,diet_lactose_free,diet_vegan,diet_vegetarian,sub_exoten,sub_frisches_gemuese,sub_frisches_obst,tag_whole_food",,ref_000213,obs_0000010973|obs_0000011816|obs_0000011823|obs_0000012745|obs_0000013904|obs_0000013905|obs_0000014879|obs_0000014880|obs_0000015319|obs_0000015320|obs_0000008292|obs_0000018161|obs_0000019350|obs_0000022493|obs_0000014382|obs_0000034080|obs_0000009629|obs_0000026455|obs_0000027368|obs_0000027505|obs_0000008450|obs_0000008865|obs_0000010486|obs_0000017480|obs_0000025364|obs_0000027745|obs_0000028058|obs_0000005706|obs_0000006415|obs_0000026344|obs_0000026853,
Keine Marke,Ital span Broccoli,"€ 0,99","€ 1,49","1 kg = 1,98",Kl. I,Nein,Dieses Angebot findest du vom 23.03. bis 25.03. in deiner Kaufland-Filiale.,2026-03-23,2026-03-25,images_kaufland/kaufland_offer_654.jpg,"cat_obst_gemuese,diet_gluten_free,diet_lactose_free,diet_vegan,diet_vegetarian,sub_exoten,sub_frisches_gemuese,sub_frisches_obst,tag_whole_food",,ref_000214,obs_0000010562|obs_0000011752|obs_0000011823|obs_0000015320|obs_0000012708|obs_0000014841|obs_0000013903|obs_0000015736|obs_0000010340|obs_0000014172|obs_0000030213|obs_0000031219,obs_0000010562|obs_0000011752|obs_0000012708|obs_0000014841
Keine Marke,Ital span Cherryrispentomaten,"€ 1,99","€ 3,99","1 kg = 3,98",Kl. I,Nein,Dieses Angebot findest du vom 19.03. bis 25.03. in deiner Kaufland-Filiale.,2026-03-19,2026-03-25,images_kaufland/kaufland_offer_051.jpg,"cat_obst_gemuese,diet_gluten_free,diet_lactose_free,diet_vegan,diet_vegetarian,sub_frisches_gemuese,tag_whole_food",,ref_000215,obs_0000015736|obs_0000010562|obs_0000011752|obs_0000008462|obs_0000009425|obs_0000009888|obs_0000014384,obs_0000015736
K-FAVOURITES,Jam n Serrano Gran Reserva,"€ 1,49","€ 1,89","1 kg = 18,63","luftgetrockneter Rohschinken, mind. 16 Monate in der span. Sierra gereift",Nein,Dieses Angebot findest du vom 19.03. bis 25.03. in deiner Kaufland-Filiale.,2026-03-19,2026-03-25,images_kaufland/kaufland_offer_108.jpg,"cat_fleisch_wurst,sub_schwein,sub_wurst",,ref_000216,obs_0000019020|obs_0000004695|obs_0000004268|obs_0000000225|obs_0000003841|obs_0000016779|obs_0000003516|obs_0000019244|obs_0000017765|obs_0000002312|obs_0000015367|obs_0000034353|obs_0000007236|obs_0000034954|obs_0000021216|obs_0000033095|obs_0000020397|obs_0000021946|obs_0000013260|obs_0000034778|obs_0000026600|obs_0000017541|obs_0000021163|obs_0000018713|obs_0000019735|obs_0000022369|obs_0000020344,obs_0000019020|obs_0000004695|obs_0000004268|obs_0000000225|obs_0000003841|obs_0000016779|obs_0000003516
K-FAVOURITES,Jam n Serrano Minis,"€ 1,49","€ 1,99","1 kg = 18,63","luftgetrockneter Rohschinken, 11 Monate traditionell in Spanien gereift",Nein,Dieses Angebot findest du vom 19.03. bis 25.03. in deiner Kaufland-Filiale.,2026-03-19,2026-03-25,images_kaufland/kaufland_offer_107.jpg,"cat_fleisch_wurst,sub_schwein,sub_wurst,tag_ultra_processed",,ref_000217,obs_0000015367|obs_0000034353|obs_0000034954|obs_0000021216|obs_0000020397|obs_0000021946|obs_0000013260|obs_0000034778|obs_0000007235|obs_0000026751|obs_0000020656|obs_0000019244|obs_0000028001|obs_0000017765|obs_0000025031|obs_0000021475|obs_0000019480|obs_0000015901|obs_0000025627|obs_0000019541|obs_0000012394|obs_0000025800|obs_0000024884|obs_0000016191|obs_0000011085|obs_0000022992|obs_0000013779|obs_0000013309|obs_0000022527,
K-GOLD EDITION,Jam n Serrano Reserva,"€ 19,99",,"pro Einheit = 19,99","orig. spanischer, luftgetrockneter Rohschinken am Stück, mind. 12 Monate gereift",Nein,Dieses Angebot findest du vom 19.03. bis 25.03. in deiner Kaufland-Filiale.,2026-03-19,2026-03-25,images_kaufland/kaufland_offer_110.jpg,"cat_fleisch_wurst,sub_schwein,sub_wurst",,ref_000218,obs_0000019244|obs_0000017765|obs_0000019020|obs_0000004695|obs_0000004268|obs_0000000225|obs_0000003841|obs_0000016779|obs_0000003516|obs_0000015367|obs_0000034353|obs_0000034954|obs_0000021216|obs_0000020397|obs_0000021946|obs_0000013260|obs_0000034778|obs_0000026600|obs_0000007236|obs_0000007235|obs_0000026751|obs_0000020656|obs_0000032599|obs_0000028001|obs_0000025031|obs_0000021475|obs_0000017541|obs_0000021163|obs_0000019735|obs_0000018713|obs_0000022369|obs_0000020344,obs_0000019244|obs_0000017765
HOUDEK,Kabanos,"€ 1,99",,"1 kg = 13,27","heißgeräucherte Salamispezialität, versch. Sorten",Nein,Dieses Angebot findest du vom 19.03. bis 25.03. in deiner Kaufland-Filiale.,2026-03-19,2026-03-25,images_kaufland/kaufland_offer_112.jpg,"cat_fleisch_wurst,sub_schwein,sub_wurst,tag_ultra_processed",BLS-W218100,ref_000219,obs_0000011011|obs_0000012778|obs_0000016109|obs_0000011014|obs_0000028679|obs_0000028559|obs_0000008470|obs_0000016099|obs_0000000616|obs_0000014835|obs_0000012661|obs_0000006189|obs_0000032560|obs_0000034356|obs_0000030911|obs_0000006873|obs_0000029807|obs_0000031491|obs_0000007223|obs_0000001103|obs_0000030820|obs_0000005225|obs_0000030551|obs_0000030519|obs_0000031478,obs_0000011011|obs_0000006189|obs_0000012778|obs_0000016109
HOUDEK,Kabanos Klassik,"€ 1,99",,"pro Einheit = 1,99",feinwürzige Salami-Spezialität,Nein,Dieses Angebot findest du vom 19.03. bis 25.03. in deiner Kaufland-Filiale.,2026-03-19,2026-03-25,images_kaufland/kaufland_offer_117.jpg,"cat_fleisch_wurst,sub_wurst,tag_ultra_processed",,ref_000220,obs_0000011014|obs_0000028679|obs_0000028559|obs_0000008470|obs_0000016099|obs_0000014835|obs_0000012661|obs_0000034356|obs_0000011011|obs_0000012778|obs_0000016109|obs_0000030820,obs_0000011014|obs_0000028679|obs_0000028559|obs_0000008470|obs_0000016099|obs_0000014835|obs_0000012661
JACOBS Krönung oder CAF HAG,Kaffee,"€ 5,49",,"1 kg = 10,98 - 12,20",versch. Sorten Krönung oder Café Hag klassisch-mild entkoffeiniert,Nein,Dieses Angebot findest du vom 19.03. bis 25.03. in deiner Kaufland-Filiale.,2026-03-19,2026-03-25,images_kaufland/kaufland_offer_220.jpg,"cat_knabbern_naschen,diet_gluten_free,diet_lactose_free,diet_vegan,diet_vegetarian,tag_ultra_processed",BLS-N410100,ref_000221,obs_0000014593|obs_0000012856|obs_0000012375|obs_0000011954|obs_0000024909|obs_0000013724|obs_0000015279|obs_0000010719|obs_0000022517|obs_0000007172|obs_0000001036|obs_0000011792|obs_0000015886|obs_0000014364|obs_0000031774|obs_0000008737|obs_0000005168|obs_0000012378|obs_0000001674|obs_0000018585|obs_0000011952|obs_0000007356|obs_0000027842|obs_0000005362|obs_0000027412|obs_0000034615|obs_0000027964|obs_0000024390|obs_0000010059|obs_0000000848|obs_0000009608|obs_0000023971|obs_0000033702|obs_0000034731|obs_0000013262|obs_0000011764|obs_0000026632|obs_0000001035|obs_0000001037|obs_0000001038|obs_0000001039|obs_0000029713|obs_0000021523|obs_0000025137|obs_0000025139|obs_0000030782|obs_0000025157|obs_0000011344|obs_0000002651|obs_0000010346,obs_0000012856|obs_0000012375|obs_0000011954|obs_0000014593|obs_0000024909|obs_0000013724|obs_0000015279|obs_0000010719|obs_0000022517
TASSIMO,Kaffee-Kapseln,"€ 3,79",,"1 kg = 14,15 - 32,12","versch. Sorten, je 8 - 21 Tassen",Nein,Dieses Angebot findest du vom 23.03. bis 25.03. in deiner Kaufland-Filiale.,2026-03-23,2026-03-25,images_kaufland/kaufland_offer_637.jpg,"cat_getraenke,diet_gluten_free,diet_lactose_free,diet_vegan,diet_vegetarian",,ref_000222,obs_0000011792|obs_0000027159|obs_0000012856|obs_0000012375|obs_0000011954|obs_0000007360|obs_0000014593|obs_0000024909|obs_0000013724|obs_0000015279|obs_0000010719|obs_0000022517,obs_0000011792
Keine Marke,Kalbs-Semerrolle,"€ 19,90","€ 26,90","pro Einheit = 19,90","besonders zart, ausgezeichnet zum Braten, Schmoren oder Füllen",Nein,Dieses Angebot findest du vom 19.03. bis 25.03. in deiner Kaufland-Filiale.,2026-03-19,2026-03-25,images_kaufland/kaufland_offer_123.jpg,"cat_fleisch_wurst,diet_gluten_free,diet_lactose_free,diet_vegan,diet_vegetarian,tag_ultra_processed,tag_whole_food",,ref_000223,,
Aus eigener Herstellung,Kalbsleberwurst,"€ 0,99",,"pro Einheit = 0,99","fein, mit Sahne",Nein,Dieses Angebot findest du vom 19.03. bis 25.03. in deiner Kaufland-Filiale.,2026-03-19,2026-03-25,images_kaufland/kaufland_offer_119.jpg,"cat_fleisch_wurst,sub_rind,sub_wurst,tag_ultra_processed",BLS-W314000,ref_000224,obs_0000011016|obs_0000014478|obs_0000009489|obs_0000009950|obs_0000034565|obs_0000033754,obs_0000011016|obs_0000014478|obs_0000009489|obs_0000009950
BREFOOD,Kaninchenteile oder -keulen,"€ 9,99","€ 12,99","1 kg = 8,00 - 9,99",küchenfertig,Nein,Dieses Angebot findest du vom 19.03. bis 25.03. in deiner Kaufland-Filiale.,2026-03-19,2026-03-25,images_kaufland/kaufland_offer_178.jpg,cat_tiefkuehl,,ref_000225,,
MATTEL,Kartenspiel Phase 10,"€ 6,99","€ 15,99","pro Einheit = 6,99","Spannendes, Rommé-ähnliches Kartenspiel Gewonnen hat, wer 10 versch. Phasen abschließt Für Kinder ab 7 Jahren",Nein,Dieses Angebot findest du vom 19.03. bis 25.03. in deiner Kaufland-Filiale.,2026-03-19,2026-03-25,images_kaufland/kaufland_offer_551.jpg,cat_non_food,,ref_000226,obs_0000014774|obs_0000002114,obs_0000014774
MATTEL,Kartenspiel Skip-Bo,"€ 9,99","€ 20,99","pro Einheit = 9,99",Mit 162 Karten und Spielregeln Spieldauer ca. 20 min Für 2 bis 6 Spieler ab 7 Jahren,Nein,Dieses Angebot findest du vom 19.03. bis 25.03. in deiner Kaufland-Filiale.,2026-03-19,2026-03-25,images_kaufland/kaufland_offer_416.jpg,cat_non_food,,ref_000227,obs_0000002114,
MATTEL,Kartenspiel UNO Flip,"€ 6,99","€ 12,99","pro Einheit = 6,99",Beidseitig bedrucktes Deck Mit spezieller FLIP-Karte Mit 112 Karten und Anleitung Für Kinder ab 7 Jahren,Nein,Dieses Angebot findest du vom 19.03. bis 25.03. in deiner Kaufland-Filiale.,2026-03-19,2026-03-25,images_kaufland/kaufland_offer_552.jpg,cat_non_food,,ref_000228,obs_0000002114,
MATTEL,Kartenspiel UNO Zero,"€ 9,99","€ 14,99","pro Einheit = 9,99","Niedrig punkten, um hoch zu gewinnen Mit Aktionskarten wie Retour und Aussetzen Für 2 bis 8 Spieler ab 7 Jahren Inkl. Punkteblock",Nein,Dieses Angebot findest du vom 19.03. bis 25.03. in deiner Kaufland-Filiale.,2026-03-19,2026-03-25,images_kaufland/kaufland_offer_402.jpg,cat_non_food,,ref_000229,obs_0000009118|obs_0000028990|obs_0000002114,
K-PURLAND,Kasseler Frühstücksbauch,"€ 5,99","€ 7,99","pro Einheit = 5,99","vom Schwein, geräuchert",Nein,Dieses Angebot findest du vom 19.03. bis 25.03. in deiner Kaufland-Filiale.,2026-03-19,2026-03-25,images_kaufland/kaufland_offer_085.jpg,"cat_fleisch_wurst,sub_rind,sub_schwein",,ref_000230,obs_0000014446|obs_0000012269,obs_0000014446|obs_0000012269
PURINA ONE,Katzennahrung,"€ 2,79",,"1 kg = 3,72",versch. Sorten,Nein,Dieses Angebot findest du vom 19.03. bis 25.03. in deiner Kaufland-Filiale.,2026-03-19,2026-03-25,images_kaufland/kaufland_offer_359.jpg,cat_drogerie,,ref_000231,obs_0000015533|obs_0000033541|obs_0000034456|obs_0000013736|obs_0000027821|obs_0000014398|obs_0000008127|obs_0000026441|obs_0000012491|obs_0000015701|obs_0000014307|obs_0000033860|obs_0000030727|obs_0000032780|obs_0000026771|obs_0000028826|obs_0000013992|obs_0000034869|obs_0000028361|obs_0000028746|obs_0000034257|obs_0000029394|obs_0000007936|obs_0000005493|obs_0000006400|obs_0000028189|obs_0000032856|obs_0000032857|obs_0000005863|obs_0000033005|obs_0000028398|obs_0000033390|obs_0000006773|obs_0000031863|obs_0000030369|obs_0000032042|obs_0000005677|obs_0000007118|obs_0000030031|obs_0000007508|obs_0000031378|obs_0000032151|obs_0000032286|obs_0000029741|obs_0000032457|obs_0000034062|obs_0000032288|obs_0000008604,obs_0000033541|obs_0000034456|obs_0000028826|obs_0000013736|obs_0000013992|obs_0000015533|obs_0000027821|obs_0000014398|obs_0000008127|obs_0000026441|obs_0000012491|obs_0000015701|obs_0000014307
HEINZ,Ketchup,"€ 1,79","€ 3,79","1 l = 3,58 - 4,48","Curry-, Hot-Chilli-Ketchup, Gewürzgurken-Geschmack, Mayomix oder mit weniger Zucker & Salz",Nein,Dieses Angebot findest du vom 19.03. bis 25.03. in deiner Kaufland-Filiale.,2026-03-19,2026-03-25,images_kaufland/kaufland_offer_187.jpg,"cat_grundnahrung,diet_vegan,diet_vegetarian,tag_ultra_processed",,ref_000232,obs_0000002118|obs_0000019587|obs_0000010249|obs_0000003594|obs_0000018347|obs_0000009900|obs_0000034616|obs_0000014533|obs_0000022471|obs_0000011348|obs_0000014295|obs_0000009435|obs_0000015843|obs_0000008294|obs_0000014833|obs_0000027936|obs_0000027908|obs_0000030241|obs_0000026532|obs_0000032677|obs_0000029621|obs_0000028944|obs_0000006826|obs_0000006998|obs_0000032296|obs_0000032050|obs_0000029039|obs_0000007954,obs_0000002118
PARKSIDE,Kfz-Stromkreistester PSKT 30 A1,"€ 29,99",,"pro Einheit = 29,99","Für elektrische Systeme in Fahrzeugen (6 - 30 V) Misst Wechselspannung (AC) und Gleichstrom (DC) Widerstands-, Durchgangs-Messung (mit Signalton) Anzeigegenauigkeit 0,1 V/Ω Automatische Polaritätserkennung Mit Überlastschutz LC-Display mit Sprachauswahl (5 Sprachen) Betrieb über das elektrische System im Fahrzeug Keine separate Stromversorgung notwendig Flexible Anwendung durch 10-m-Verlängerungskabel Integrierte LEDs zur Arbeitsplatz-Beleuchtung Inkl. Messspitze, Batterie-Klemmen, Erdungskabel Inkl. Kfz-Zigarettenanzünder-Adapter und Tasche",Nein,Dieses Angebot findest du vom 19.03. bis 25.03. in deiner Kaufland-Filiale.,2026-03-19,2026-03-25,images_kaufland/kaufland_offer_372.jpg,cat_non_food,,ref_000233,obs_0000018374,
WALSER,Kfz-Verbandkasten,"€ 4,99","€ 9,99","pro Einheit = 4,99",Inhalt nach DIN 13164:2022 Inkl. 2 medizinischer Masken,Nein,Dieses Angebot findest du vom 19.03. bis 25.03. in deiner Kaufland-Filiale.,2026-03-19,2026-03-25,images_kaufland/kaufland_offer_555.jpg,cat_non_food,,ref_000234,obs_0000010330|obs_0000011247,obs_0000010330|obs_0000011247
KUNIBOO,Kinder-Reisekoffer,"€ 19,99",,"pro Einheit = 19,99","Robuster Hartschalenkoffer im Handgepäckformat Mit bequemer Sitzfläche für max. 50 kg Ideal zum Daraufsitzen, Spielen, Fahren etc. Mit verstellbarem Gurt zum Ziehen oder Umhängen Verriegelbarer Verschluss Innenausstattung mit Extratasche und Kreuzgurt Leergewicht ca. 1,8 kg Fassungsvermögen ca. 18 l Größe ca. B 48 x H 35 x T 21 cm Für Kinder ab 3 Jahren",Nein,Dieses Angebot findest du vom 19.03. bis 25.03. in deiner Kaufland-Filiale.,2026-03-19,2026-03-25,images_kaufland/kaufland_offer_477.jpg,"cat_non_food,tag_ultra_processed",,ref_000235,obs_0000024770,obs_0000024770
UHU,Klebepads patafix,"€ 2,99","€ 4,12","pro Einheit = 2,99","Doppelseitig klebend Für fast alle Oberflächen Extrem stark, hoch belastbar Spurlos ablös- und wiederverwendbar",Nein,Dieses Angebot findest du vom 19.03. bis 25.03. in deiner Kaufland-Filiale.,2026-03-19,2026-03-25,images_kaufland/kaufland_offer_387.jpg,cat_non_food,,ref_000236,,
UHU,Klebestifte Monster,"€ 2,99","€ 4,30","1 kg = 71,19","Zum Kleben von Papier, Karton, Fotos etc. Klebt schnell, stark und dauerhaft Sehr ergiebig und kalt auswaschbar Transparent Lösungsmittelfrei",Nein,Dieses Angebot findest du vom 19.03. bis 25.03. in deiner Kaufland-Filiale.,2026-03-19,2026-03-25,images_kaufland/kaufland_offer_389.jpg,cat_non_food,,ref_000237,,
LINDT,Kleine Ostergeschenke,"€ 3,99","€ 4,99","1 kg = 107,84","gefüllt mit leckeren Schoko-Eiern und Mini-Hasen, versch. Designs",Nein,Dieses Angebot findest du vom 19.03. bis 25.03. in deiner Kaufland-Filiale.,2026-03-19,2026-03-25,images_kaufland/kaufland_offer_256.jpg,cat_knabbern_naschen,,ref_000238,,
SCHLUCKWERDER,Kleine Pralinen-Geschenke,"€ 1,19","€ 1,49","1 kg = 23,80","Trüffel-, Nougat- oder Marzipan-Herzen",Nein,Dieses Angebot findest du vom 19.03. bis 25.03. in deiner Kaufland-Filiale.,2026-03-19,2026-03-25,images_kaufland/kaufland_offer_258.jpg,"cat_knabbern_naschen,tag_ultra_processed",,ref_000239,obs_0000026095,
ZURU,Klemmbausteine Max Garden Collection,"€ 7,99","€ 9,99","pro Einheit = 7,99","Jede Kapsel enthält Bausteine für eine Pflanze Bestehend aus Pflanze, Topf und Pflanzenständer Zum Sammeln und Zusammenstellen Versch. Ausführungen Für Kinder ab 8 Jahren",Nein,Dieses Angebot findest du vom 19.03. bis 25.03. in deiner Kaufland-Filiale.,2026-03-19,2026-03-25,images_kaufland/kaufland_offer_405.jpg,"cat_non_food,tag_ultra_processed",,ref_000240,,
Keine Marke,Knusperkissen Kirsch-Kakao,"€ 0,99",,"pro Einheit = 0,99",Blätterteig gefüllt mit Kakaomuffin und Sauerkirschen,Nein,Dieses Angebot findest du vom 19.03. bis 25.03. in deiner Kaufland-Filiale.,2026-03-19,2026-03-25,images_kaufland/kaufland_offer_194.jpg,"cat_grundnahrung,diet_gluten_free,diet_lactose_free,diet_vegan,diet_vegetarian,tag_ultra_processed,tag_whole_food",,ref_000241,,
Aus eigener Herstellung,Kochhinterschinken,"€ 0,99","€ 1,99","pro Einheit = 0,99",aromatisch-saftig,Nein,Dieses Angebot findest du vom 23.03. bis 25.03. in deiner Kaufland-Filiale.,2026-03-23,2026-03-25,images_kaufland/kaufland_offer_007.jpg,"cat_fleisch_wurst,sub_schwein,sub_wurst,tag_ultra_processed",,ref_000242,obs_0000026780|obs_0000008869|obs_0000026817|obs_0000011852|obs_0000009479|obs_0000021905|obs_0000020252|obs_0000003880|obs_0000002097|obs_0000021071|obs_0000004307|obs_0000002904|obs_0000003046|obs_0000000252|obs_0000004734|obs_0000018611,obs_0000009479|obs_0000026780|obs_0000008869|obs_0000026817|obs_0000011852
RAFFAELLO,Kokos-Mandel-Konfekt,"€ 3,49",,"1 kg = 15,18","mit Milchcreme und einer ganzen weißen Mandel, mind. 22 Stück",Nein,Dieses Angebot findest du vom 19.03. bis 25.03. in deiner Kaufland-Filiale.,2026-03-19,2026-03-25,images_kaufland/kaufland_offer_231.jpg,"cat_knabbern_naschen,diet_gluten_free,diet_lactose_free,diet_vegan,diet_vegetarian",,ref_000243,obs_0000012689|obs_0000001662|obs_0000002993|obs_0000002623|obs_0000001857|obs_0000003183|obs_0000000113,obs_0000012689
MALIBU,Kokoslikör,"€ 9,99","€ 14,49","1 l = 14,28","mit weißem Rum, 18 Vol. %",Nein,Dieses Angebot findest du vom 19.03. bis 25.03. in deiner Kaufland-Filiale.,2026-03-19,2026-03-25,images_kaufland/kaufland_offer_288.jpg,"cat_getraenke,diet_vegetarian,tag_ultra_processed",,ref_000244,,
VITA COCO,Kokosnusswasser,"€ 1,59","€ 1,99","1 l = 4,82",Original oder Extra Coconut,Nein,Dieses Angebot findest du vom 19.03. bis 25.03. in deiner Kaufland-Filiale.,2026-03-19,2026-03-25,images_kaufland/kaufland_offer_266.jpg,"cat_getraenke,diet_gluten_free,diet_lactose_free,diet_vegan,diet_vegetarian,tag_ultra_processed",BLS-H151000,ref_000245,obs_0000010739|obs_0000013279|obs_0000009080|obs_0000030839,obs_0000034339|obs_0000010739|obs_0000013279
K-CLASSIC,Kompositions-Öllicht Höhe ca 14 cm,"€ 0,99","€ 1,29","pro Einheit = 0,99",Brenndauer ca. 120 h Höhe ca. 14 cm,Nein,Dieses Angebot findest du vom 19.03. bis 25.03. in deiner Kaufland-Filiale.,2026-03-19,2026-03-25,images_kaufland/kaufland_offer_422.jpg,"cat_knabbern_naschen,diet_lactose_free,diet_vegetarian,tag_ultra_processed",,ref_000246,,
K-CLASSIC,Kompositions-Öllicht Höhe ca 9 cm,"€ 0,69","€ 0,99","pro Einheit = 0,69",Brenndauer ca. 60 h Höhe ca. 9 cm,Nein,Dieses Angebot findest du vom 19.03. bis 25.03. in deiner Kaufland-Filiale.,2026-03-19,2026-03-25,images_kaufland/kaufland_offer_421.jpg,"cat_knabbern_naschen,diet_lactose_free,diet_vegetarian,tag_ultra_processed",,ref_000247,,
PASSENGER,Kosmetik-Reiseset,"€ 1,49",,"pro Einheit = 1,49","Zur Aufbewahrung von Shampoo, Lotion etc. 1 Flasche mit Pumpspender 100 ml 2 Flaschen mit Drehverschluss je 100 ml 3 Cremedöschen à 10 ml 3 Cremespatel Wiederverwendbar ML-Angaben entsprechen Flughafenbestimmungen Inkl. transparente Tasche mit Gleitverschluss",Nein,Dieses Angebot findest du vom 19.03. bis 25.03. in deiner Kaufland-Filiale.,2026-03-19,2026-03-25,images_kaufland/kaufland_offer_475.jpg,"cat_non_food,diet_gluten_free,diet_lactose_free,diet_vegan,diet_vegetarian",,ref_000248,,
Keine Marke,Krustenbrot,"€ 1,29",,"pro Einheit = 1,29","Roggenmischbrot, mit Natursauerteig gebacken",Nein,Dieses Angebot findest du vom 19.03. bis 25.03. in deiner Kaufland-Filiale.,2026-03-19,2026-03-25,images_kaufland/kaufland_offer_196.jpg,"cat_grundnahrung,diet_gluten_free,diet_lactose_free,diet_vegan,diet_vegetarian,tag_whole_food",,ref_000249,obs_0000011923|obs_0000015422|obs_0000008829,obs_0000008829|obs_0000011923|obs_0000015422
EATLEAN,Käse,"€ 2,49","€ 3,19","1 kg = 12,45 - 13,84","Kuhmilchkäse aus Großbritannien, mild-würziger Geschmack, 3 % Fett i. Tr., am Stück oder gerieben",Nein,Dieses Angebot findest du vom 19.03. bis 25.03. in deiner Kaufland-Filiale.,2026-03-19,2026-03-25,images_kaufland/kaufland_offer_157.jpg,"cat_molkerei_kaese,sub_kaese,sub_milchprodukte",BLS-W510000,ref_000250,obs_0000010631|obs_0000008883|obs_0000006457|obs_0000022580|obs_0000030225|obs_0000019500|obs_0000001085|obs_0000026199|obs_0000023653|obs_0000022147|obs_0000006788|obs_0000002181|obs_0000010376|obs_0000007330|obs_0000024226|obs_0000016585|obs_0000005349|obs_0000001770|obs_0000023803|obs_0000019213|obs_0000002881|obs_0000024408|obs_0000024417|obs_0000007537|obs_0000034165|obs_0000000890|obs_0000025987|obs_0000012681|obs_0000026022|obs_0000023984|obs_0000023991|obs_0000015806|obs_0000006612|obs_0000017890|obs_0000017382|obs_0000006631|obs_0000001009|obs_0000018451|obs_0000027169|obs_0000001059|obs_0000007724|obs_0000013871|obs_0000020016|obs_0000022079|obs_0000012357|obs_0000022605|obs_0000023629|obs_0000022626|obs_0000008813|obs_0000014975,obs_0000008883|obs_0000006457|obs_0000010631
K-CLASSIC,Käse-Bockwurst,"€ 2,39","€ 2,79","1 kg = 5,98","geräuchert, im Naturdarm",Nein,Dieses Angebot findest du vom 23.03. bis 25.03. in deiner Kaufland-Filiale.,2026-03-23,2026-03-25,images_kaufland/kaufland_offer_642.jpg,"cat_molkerei_kaese,sub_kaese,sub_milchprodukte,sub_wurst,tag_ultra_processed",,ref_000251,obs_0000013111|obs_0000011754|obs_0000014323|obs_0000026650|obs_0000006457|obs_0000010631|obs_0000008883|obs_0000027507|obs_0000008163,
TALENTUS,Leinwand,"€ 3,49","€ 9,99","pro Einheit = 3,49","100 % Baumwolle (380 g/m²) Gebrauchsfertig auf Holz-Keilrahmen gespannt 3-fach weiß vorgrundiert und malfertig Geeignet für Öl-, Acryl- und Plakatfarbe Größe ca. 50 x 70 cm Inkl. 8 Spannkeilen",Nein,Dieses Angebot findest du vom 19.03. bis 25.03. in deiner Kaufland-Filiale.,2026-03-19,2026-03-25,images_kaufland/kaufland_offer_381.jpg,cat_non_food,,ref_000252,obs_0000022285|obs_0000016528|obs_0000018290|obs_0000023276,obs_0000022285|obs_0000016528|obs_0000018290
TALENTUS,Leinwand-Set,"€ 3,49","€ 7,99","pro Einheit = 3,49","100 % Baumwolle (380 g/m²) Gebrauchsfertig auf Holz-Keilrahmen gespannt 3-fach weiß vorgrundiert und malfertig Geeignet für Öl-, Acryl- und Plakatfarbe Größe je ca. 40 x 40 cm Inkl. 8 Spannkeilen pro Rahmen",Nein,Dieses Angebot findest du vom 19.03. bis 25.03. in deiner Kaufland-Filiale.,2026-03-19,2026-03-25,images_kaufland/kaufland_offer_382.jpg,cat_non_food,,ref_000253,obs_0000016528|obs_0000022285|obs_0000018290,
ST MANG,Limburger oder Rubius,"€ 1,89",,"1 kg = 9,45 - 10,50","würzig bis herzhaft-pikant, 40 - 60 % Fett i. Tr.",Nein,Dieses Angebot findest du vom 19.03. bis 25.03. in deiner Kaufland-Filiale.,2026-03-19,2026-03-25,images_kaufland/kaufland_offer_146.jpg,"cat_molkerei_kaese,tag_ultra_processed",,ref_000254,obs_0000014945|obs_0000006793|obs_0000005161|obs_0000006097,obs_0000014945
LINDT,Lindor,"€ 2,69",,"1 kg = 26,90 - 27,18",versch. Sorten,Nein,Dieses Angebot findest du vom 19.03. bis 25.03. in deiner Kaufland-Filiale.,2026-03-19,2026-03-25,images_kaufland/kaufland_offer_230.jpg,"cat_knabbern_naschen,tag_ultra_processed",,ref_000255,obs_0000011960|obs_0000009929|obs_0000012391|obs_0000008176|obs_0000009465|obs_0000014599|obs_0000027012|obs_0000009633|obs_0000014281|obs_0000012409|obs_0000013297|obs_0000010311|obs_0000032174|obs_0000032697|obs_0000006034|obs_0000007280,obs_0000011960|obs_0000009929|obs_0000012391|obs_0000008176|obs_0000009465
MILKA,Löffel-Eier,"€ 3,49","€ 3,79","1 kg = 25,67 - 27,27","zarte Alpenmilchschokolade mit feiner Cremefüllung, versch. Sorten",Nein,Dieses Angebot findest du vom 19.03. bis 25.03. in deiner Kaufland-Filiale.,2026-03-19,2026-03-25,images_kaufland/kaufland_offer_249.jpg,"cat_knabbern_naschen,diet_vegetarian,tag_ultra_processed",,ref_000256,obs_0000008570,
K-CLASSIC,Mandeln,"€ 1,99","€ 2,49","1 kg = 9,95","naturbelassen, ganz",Nein,Dieses Angebot findest du vom 19.03. bis 25.03. in deiner Kaufland-Filiale.,2026-03-19,2026-03-25,images_kaufland/kaufland_offer_216.jpg,"cat_grundnahrung,diet_gluten_free,diet_lactose_free,diet_vegan,diet_vegetarian,sub_frisches_obst,tag_ultra_processed,tag_whole_food",BLS-Q190000,ref_000257,obs_0000014583|obs_0000010075|obs_0000027112|obs_0000021040|obs_0000031300|obs_0000027212|obs_0000025245|obs_0000002977|obs_0000017648|obs_0000003526|obs_0000020006|obs_0000026220|obs_0000026330|obs_0000020221|obs_0000001855|obs_0000001886|obs_0000022429|obs_0000018338|obs_0000022603|obs_0000030863|obs_0000006474|obs_0000002499|obs_0000002618|obs_0000002652|obs_0000003262|obs_0000003346|obs_0000001926|obs_0000013535|obs_0000024621|obs_0000018937|obs_0000021239|obs_0000025444|obs_0000020420|obs_0000018682|obs_0000007011|obs_0000017392|obs_0000024591|obs_0000001275,obs_0000014583|obs_0000027112|obs_0000021040|obs_0000031300|obs_0000027212|obs_0000025245|obs_0000015006|obs_0000002977|obs_0000017648|obs_0000003526|obs_0000013802|obs_0000020006|obs_0000026220|obs_0000026330|obs_0000020221|obs_0000001855|obs_0000010075|obs_0000001886|obs_0000008075|obs_0000022429|obs_0000018338
MATTEL HOT WHEELS,Mario Kart Replica,"€ 6,99","€ 10,99","pro Einheit = 6,99",Maßstab 1:64 Versch. Ausführungen Für Kinder ab 3 Jahren,Nein,Dieses Angebot findest du vom 19.03. bis 25.03. in deiner Kaufland-Filiale.,2026-03-19,2026-03-25,images_kaufland/kaufland_offer_550.jpg,cat_non_food,,ref_000258,,
KINDER,Maxi King oder Pingui,"€ 1,49",,"1 kg = 12,42 - 14,19",Schokoriegel mit Milchcreme,Nein,Dieses Angebot findest du vom 19.03. bis 25.03. in deiner Kaufland-Filiale.,2026-03-19,2026-03-25,images_kaufland/kaufland_offer_133.jpg,"cat_molkerei_kaese,tag_ultra_processed",,ref_000259,obs_0000031434|obs_0000023743|obs_0000024167|obs_0000011463|obs_0000012794|obs_0000031551,
KINDER,Maxi Mix mit Plüschtier,"€ 7,99","€ 9,99","1 kg = 60,08","enthält Kinder Country, Bueno, Riegel und Schoko-Bons",Nein,Dieses Angebot findest du vom 19.03. bis 25.03. in deiner Kaufland-Filiale.,2026-03-19,2026-03-25,images_kaufland/kaufland_offer_255.jpg,"cat_knabbern_naschen,tag_ultra_processed",,ref_000260,obs_0000017115|obs_0000016348|obs_0000024700|obs_0000024635|obs_0000008642|obs_0000008945,
COPPENRATH WIESE,Meistertorte,"€ 5,99","€ 8,99","1 kg = 5,45 - 11,98",versch. Sorten,Nein,Dieses Angebot findest du vom 19.03. bis 25.03. in deiner Kaufland-Filiale.,2026-03-19,2026-03-25,images_kaufland/kaufland_offer_175.jpg,"cat_tiefkuehl,diet_vegetarian,tag_ultra_processed",,ref_000261,obs_0000025225|obs_0000010652|obs_0000027180|obs_0000012335|obs_0000014968|obs_0000025847|obs_0000019154|obs_0000031734|obs_0000008444|obs_0000030467,obs_0000025225|obs_0000026124|obs_0000010652|obs_0000027180|obs_0000012335|obs_0000016963|obs_0000025847|obs_0000014968
HEIDEGRUND,Mettwurst,"€ 1,49","€ 1,99","1 kg = 7,45",versch. Sorten,Nein,Dieses Angebot findest du vom 23.03. bis 25.03. in deiner Kaufland-Filiale.,2026-03-23,2026-03-25,images_kaufland/kaufland_offer_671.jpg,"cat_fleisch_wurst,sub_wurst",BLS-W151000,ref_000262,obs_0000009613|obs_0000010064|obs_0000014808|obs_0000012704|obs_0000006180|obs_0000005971|obs_0000007229|obs_0000014148|obs_0000029789|obs_0000034776|obs_0000030644|obs_0000006331,obs_0000006180|obs_0000009613|obs_0000010064|obs_0000005971|obs_0000014808|obs_0000007229|obs_0000012704
MÜLLER,Milchreis Kokosmilch-Reis oder Grießpudding,"€ 0,35",,"1 kg = 1,75 - 2,19",versch. Sorten,Nein,Dieses Angebot findest du vom 19.03. bis 25.03. in deiner Kaufland-Filiale.,2026-03-19,2026-03-25,images_kaufland/kaufland_offer_130.jpg,"cat_molkerei_kaese,diet_lactose_free,diet_vegetarian,sub_milchprodukte,sub_reis,sub_sahne_creme,tag_ultra_processed",,ref_000263,obs_0000012195|obs_0000013306|obs_0000034374|obs_0000025832|obs_0000024897|obs_0000004670|obs_0000021102|obs_0000004243|obs_0000019140|obs_0000003816|obs_0000003371|obs_0000020283|obs_0000025419|obs_0000019357|obs_0000010676|obs_0000002532,obs_0000012195|obs_0000013306
HENGSTENBERG,Mildessa,"€ 1,59",,"pro Einheit = 2,07","mildes Weinsauerkraut, für ca. 6 Portionen",Nein,Dieses Angebot findest du vom 19.03. bis 25.03. in deiner Kaufland-Filiale.,2026-03-19,2026-03-25,images_kaufland/kaufland_offer_184.jpg,"cat_grundnahrung,diet_vegan,diet_vegetarian",,ref_000264,obs_0000014981|obs_0000012836|obs_0000009973|obs_0000026550|obs_0000027874|obs_0000020382|obs_0000008390|obs_0000021201|obs_0000025691|obs_0000005561|obs_0000007372|obs_0000006133|obs_0000005371|obs_0000007950|obs_0000032674|obs_0000029678|obs_0000029683|obs_0000007578|obs_0000032681,obs_0000014981|obs_0000012836|obs_0000009973
MATTEL,Minecraft Mini Mode Spawn Egg,"€ 4,99","€ 5,99","pro Einheit = 4,99",Im Inneren verbirgt sich eine Mini-Mode-Figur Versch. Inhalte nach dem Zufallsprinzip Perfekt zum Sammeln und Spielen Für Kinder ab 6 Jahren,Nein,Dieses Angebot findest du vom 19.03. bis 25.03. in deiner Kaufland-Filiale.,2026-03-19,2026-03-25,images_kaufland/kaufland_offer_407.jpg,"cat_non_food,diet_gluten_free,diet_lactose_free,diet_vegan,diet_vegetarian",,ref_000265,obs_0000012328|obs_0000006379|obs_0000010932|obs_0000017530|obs_0000026024|obs_0000018128|obs_0000016216,
ADELHOLZENER,Mineralwasser,"€ 0,49",,"pro Einheit = 0,49",versch. Sorten (+ 0.25 Pfand),Nein,Dieses Angebot findest du vom 19.03. bis 25.03. in deiner Kaufland-Filiale.,2026-03-19,2026-03-25,images_kaufland/kaufland_offer_271.jpg,"cat_getraenke,diet_gluten_free,diet_lactose_free,diet_vegan,diet_vegetarian",,ref_000266,obs_0000028841|obs_0000031006|obs_0000027653|obs_0000034851|obs_0000015908|obs_0000031797|obs_0000026205|obs_0000008801|obs_0000003689|obs_0000015481|obs_0000031867|obs_0000012414|obs_0000031871|obs_0000028800|obs_0000034437|obs_0000008841|obs_0000009353|obs_0000027836|obs_0000011969|obs_0000021185|obs_0000027856|obs_0000008437|obs_0000034043|obs_0000034044|obs_0000009985|obs_0000028931|obs_0000035059|obs_0000010519|obs_0000014625|obs_0000028968|obs_0000026948|obs_0000028493|obs_0000008537|obs_0000011123|obs_0000028537|obs_0000028027|obs_0000020366|obs_0000028603|obs_0000034235|obs_0000034238|obs_0000026570|obs_0000013773|obs_0000025562|obs_0000028654|obs_0000014332|obs_0000031249|obs_0000002068|obs_0000024088|obs_0000029232|obs_0000031834,obs_0000027653|obs_0000034851|obs_0000015908|obs_0000031797|obs_0000026205|obs_0000008801|obs_0000003689|obs_0000015481|obs_0000031867|obs_0000012414|obs_0000031871|obs_0000028800|obs_0000034437|obs_0000008841|obs_0000009353|obs_0000028841|obs_0000027836|obs_0000011969|obs_0000021185|obs_0000027856|obs_0000008437|obs_0000034043|obs_0000034044|obs_0000009985|obs_0000028931|obs_0000035059|obs_0000010519|obs_0000031006|obs_0000014625|obs_0000028968|obs_0000026948|obs_0000028493|obs_0000008537|obs_0000011123|obs_0000028537|obs_0000028027|obs_0000020366|obs_0000028603|obs_0000034235|obs_0000034238|obs_0000026570|obs_0000013773|obs_0000025562|obs_0000028654|obs_0000014332
BABYBEL,Mini,"€ 3,00","€ 3,58","1 kg = 15,00","halbfester Schnittkäse, Original, 45 % Fett i. Tr.",Nein,Dieses Angebot findest du vom 19.03. bis 25.03. in deiner Kaufland-Filiale.,2026-03-19,2026-03-25,images_kaufland/kaufland_offer_158.jpg,"cat_molkerei_kaese,diet_gluten_free,diet_lactose_free,diet_vegan,diet_vegetarian,tag_ultra_processed,tag_whole_food",,ref_000267,obs_0000012328|obs_0000010932|obs_0000006379|obs_0000017530|obs_0000026024|obs_0000018128|obs_0000016216|obs_0000020562|obs_0000019152|obs_0000008972|obs_0000021381|obs_0000025542|obs_0000034182|obs_0000001648|obs_0000002220|obs_0000023295|obs_0000000803|obs_0000020016|obs_0000018433|obs_0000000007|obs_0000002063|obs_0000004119|obs_0000010268|obs_0000024611|obs_0000000041|obs_0000012338|obs_0000020532|obs_0000014403|obs_0000004170|obs_0000024665|obs_0000012389|obs_0000022631|obs_0000022632|obs_0000008299|obs_0000010350|obs_0000000119|obs_0000034913|obs_0000004234|obs_0000026794|obs_0000028842|obs_0000004281|obs_0000022732|obs_0000016594|obs_0000002275|obs_0000026857|obs_0000018679|obs_0000026872|obs_0000028936|obs_0000006422|obs_0000033044,obs_0000012328|obs_0000006379|obs_0000010932|obs_0000017530|obs_0000026024|obs_0000018128|obs_0000016216
KIDLAND,Mini-Air-Hockey,"€ 9,99",,"pro Einheit = 9,99",Aus MDF-Material Mit 2 Schiebern und 2 Hockey-Pucks Spielspaß für kleine Räume und unterwegs Größe ca. B 56 x H 11 x T 31 cm Inkl. Batterien Für 2 Spieler ab 5 Jahren 3 Jahre Garantie,Nein,Dieses Angebot findest du vom 19.03. bis 25.03. in deiner Kaufland-Filiale.,2026-03-19,2026-03-25,images_kaufland/kaufland_offer_403.jpg,"cat_knabbern_naschen,tag_ultra_processed",,ref_000268,obs_0000016009|obs_0000012328|obs_0000006379|obs_0000010932|obs_0000017530|obs_0000026024|obs_0000018128|obs_0000016216,obs_0000016009
MILKA oder OREO,Mini-Cookies oder Crunchies,"€ 1,69","€ 2,09","1 kg = 15,37",kleine Variante der beliebten Keks-Klassiker,Nein,Dieses Angebot findest du vom 19.03. bis 25.03. in deiner Kaufland-Filiale.,2026-03-19,2026-03-25,images_kaufland/kaufland_offer_263.jpg,"cat_knabbern_naschen,tag_ultra_processed",,ref_000269,obs_0000014152|obs_0000025068|obs_0000017530|obs_0000026024|obs_0000018128|obs_0000002400|obs_0000010932|obs_0000019995|obs_0000012328|obs_0000020539|obs_0000021358|obs_0000006379|obs_0000016216|obs_0000016362,
GIOTTO,Mini-Gebäckkugeln,"€ 2,69",,"1 kg = 17,47","gefüllt mit Haselnusscreme, 4 Stangen à 9 Stück",Nein,Dieses Angebot findest du vom 19.03. bis 25.03. in deiner Kaufland-Filiale.,2026-03-19,2026-03-25,images_kaufland/kaufland_offer_232.jpg,"cat_knabbern_naschen,diet_gluten_free,diet_lactose_free,diet_vegan,diet_vegetarian,tag_ultra_processed,tag_whole_food",,ref_000270,obs_0000011552|obs_0000012328|obs_0000006379|obs_0000010932|obs_0000017530|obs_0000026024|obs_0000018128|obs_0000016216,obs_0000011552
MY PROJECT,Mini-Kompressor MPMK 10 E4,"€ 14,99",,"pro Einheit = 14,99","Betrieb über 12-V-Anschluss (Zigarettenanzünder) Luftdruck max. 10,3 bar (150 psi) Luftkapazität max. 22 l/min Integriertes Manometer Druckluftschlauch mit Ventil-Schnellanschluss Mit Anti-Vibrationsfüßen Austauschbare Überlastsicherung Kabel ca. 3 m Betriebsdauer max. 60 min Inkl. 3 Adaptern 3 Jahre Garantie",Nein,Dieses Angebot findest du vom 19.03. bis 25.03. in deiner Kaufland-Filiale.,2026-03-19,2026-03-25,images_kaufland/kaufland_offer_559.jpg,"cat_non_food,tag_ultra_processed",,ref_000271,obs_0000014019|obs_0000022738,obs_0000014019
KIDLAND,Mini-Pool-Billard,"€ 9,99",,"pro Einheit = 9,99","Aus MDF-Material Ballrücklauf an beiden Tischseiten Mit 1 Set Kugeln, Triangel und 2 Queues Spielspaß für kleine Räume und unterwegs Kein Aufbau notwendig (sofort einsatzbereit) Größe ca. B 51 x H 9,2 x T 31 cm Inkl. Kreide und Tuchbürste Für 2 Spieler ab 5 Jahren 3 Jahre Garantie",Nein,Dieses Angebot findest du vom 19.03. bis 25.03. in deiner Kaufland-Filiale.,2026-03-19,2026-03-25,images_kaufland/kaufland_offer_393.jpg,"cat_knabbern_naschen,diet_vegetarian,tag_ultra_processed",,ref_000272,obs_0000015992|obs_0000012328|obs_0000006379|obs_0000010932|obs_0000017530|obs_0000026024|obs_0000018128|obs_0000016216,obs_0000015992
KIDLAND,Mini-Tischfußball,"€ 9,99",,"pro Einheit = 9,99","Aus MDF-Material 4 Reihen mit je 3 Spielern Ballrücklauf an beiden Toren Spielspaß für kleine Räume und unterwegs Größe ca. B 50 x H 9,5 x T 51 cm Inkl. 2 Tischfußbälle Für 2 Spieler ab 5 Jahren 3 Jahre Garantie",Nein,Dieses Angebot findest du vom 19.03. bis 25.03. in deiner Kaufland-Filiale.,2026-03-19,2026-03-25,images_kaufland/kaufland_offer_392.jpg,"cat_knabbern_naschen,tag_ultra_processed",,ref_000273,obs_0000015991|obs_0000012328|obs_0000006379|obs_0000010932|obs_0000017530|obs_0000026024|obs_0000018128|obs_0000016216,obs_0000015991
KIRI,Mit Sahne,"€ 2,79",,"1 kg = 15,50","Schmelzkäse-Zubereitung, Doppelrahmstufe",Nein,Dieses Angebot findest du vom 19.03. bis 25.03. in deiner Kaufland-Filiale.,2026-03-19,2026-03-25,images_kaufland/kaufland_offer_149.jpg,"cat_molkerei_kaese,diet_vegetarian,sub_milchprodukte,sub_sahne_creme,tag_ultra_processed",,ref_000274,obs_0000014948|obs_0000011887|obs_0000014351|obs_0000023024,obs_0000014948|obs_0000011887
KINDER,Mix Oster-Minis,"€ 3,33","€ 4,29","1 kg = 21,77",mit versch. Schokoladenspezialitäten im Mini-Format,Nein,Dieses Angebot findest du vom 19.03. bis 25.03. in deiner Kaufland-Filiale.,2026-03-19,2026-03-25,images_kaufland/kaufland_offer_253.jpg,"cat_knabbern_naschen,tag_ultra_processed",,ref_000275,obs_0000015466|obs_0000013808|obs_0000024700|obs_0000018637|obs_0000026835|obs_0000025122|obs_0000019062|obs_0000021191|obs_0000027408|obs_0000017178|obs_0000022288|obs_0000020372|obs_0000016303|obs_0000012394|obs_0000024884|obs_0000022992|obs_0000011085|obs_0000013309|obs_0000019480|obs_0000025627|obs_0000019541|obs_0000025800|obs_0000013779|obs_0000015901|obs_0000016191|obs_0000022527,
NESTL,Mix-in Smarties mit Joghurt oder Vanillejoghurt,"€ 0,69","€ 0,99","1 kg = 5,75",mit Joghurt oder Vanillejoghurt,Nein,Dieses Angebot findest du vom 19.03. bis 25.03. in deiner Kaufland-Filiale.,2026-03-19,2026-03-25,images_kaufland/kaufland_offer_127.jpg,"cat_molkerei_kaese,diet_vegetarian,sub_joghurt_skyr_quark,sub_milchprodukte,tag_ultra_processed",,ref_000276,obs_0000012665|obs_0000019413|obs_0000026710|obs_0000024700|obs_0000020687|obs_0000020689|obs_0000028966|obs_0000023030|obs_0000008703|obs_0000025171|obs_0000015030|obs_0000017127|obs_0000023284|obs_0000025392|obs_0000033696|obs_0000009180|obs_0000021506|obs_0000021508|obs_0000011381|obs_0000025811|obs_0000015673|obs_0000019794|obs_0000009663|obs_0000013891|obs_0000016128|obs_0000034580,
PRIMO,Modelliermasse,"€ 2,99",,"1 kg = 5,98",Gebrauchsfertig Trocknet an der Luft Dermatologisch getestet Versch. Pastellfarben,Nein,Dieses Angebot findest du vom 19.03. bis 25.03. in deiner Kaufland-Filiale.,2026-03-19,2026-03-25,images_kaufland/kaufland_offer_390.jpg,cat_getraenke,,ref_000277,obs_0000002015,obs_0000002015
DR OETKER,Momente Mousse,"€ 0,69","€ 0,89","1 kg = 6,90","au Chocolat, Zitrone oder mit Rotwein (enthält Alkohol)",Nein,Dieses Angebot findest du vom 19.03. bis 25.03. in deiner Kaufland-Filiale.,2026-03-19,2026-03-25,images_kaufland/kaufland_offer_134.jpg,"cat_molkerei_kaese,sub_sahne_creme,tag_ultra_processed",,ref_000278,obs_0000034905|obs_0000019981|obs_0000015380|obs_0000017492|obs_0000016658|obs_0000018773|obs_0000024444|obs_0000024017|obs_0000024558,
MATTEL HOW WHEELS,Monster Trucks Big Ricks,"€ 6,99","€ 9,99","pro Einheit = 6,99","Im Stil einer beliebten Monster-Truck-Figur Mit 6 Rädern, Abschlepphaken oder Tieflader Maßstab 1:64 Für Kinder ab 3 Jahren",Nein,Dieses Angebot findest du vom 19.03. bis 25.03. in deiner Kaufland-Filiale.,2026-03-19,2026-03-25,images_kaufland/kaufland_offer_394.jpg,cat_non_food,,ref_000279,,
PARKSIDE,Montage-Rollbrett,"€ 19,99",,"pro Einheit = 19,99","2 in 1: zum Werkstatthocker verstellbar Für Montagearbeiten unter Fahrzeugen Mit gepolsterten Kopf-, Sitz- und Liegeflächen 6 schwenkbare Rollen Belastbarkeit als Brett/Hocker max. 150/120 kg Inkl. 2 Gabelschlüssel und 1 Sechskantschlüssel 3 Jahre Garantie",Nein,Dieses Angebot findest du vom 19.03. bis 25.03. in deiner Kaufland-Filiale.,2026-03-19,2026-03-25,images_kaufland/kaufland_offer_367.jpg,cat_non_food,,ref_000280,obs_0000016895|obs_0000017216,obs_0000014286
MOBIL,Motorenöl 10W-40 2000X1,"€ 24,99","€ 59,95","1 l = 4,17",Leichtlauf-Motorenöl Für Benzin- und Dieselmotoren Bundle aus 5-l-Kanister und 1-l-Flasche,Nein,Dieses Angebot findest du vom 19.03. bis 25.03. in deiner Kaufland-Filiale.,2026-03-19,2026-03-25,images_kaufland/kaufland_offer_565.jpg,"cat_grundnahrung,diet_gluten_free,diet_lactose_free,diet_vegan,diet_vegetarian",,ref_000281,obs_0000014786|obs_0000012172|obs_0000014299|obs_0000012581|obs_0000015184|obs_0000011264,obs_0000014786
MOBIL,Motorenöl 5W-30 3000XE,"€ 34,99","€ 92,95","1 l = 5,84",Leichtlauf-Motorenöl Für Benzin- und Dieselmotoren Bundle aus 5-l-Kanister und 1-l-Flasche,Nein,Dieses Angebot findest du vom 19.03. bis 25.03. in deiner Kaufland-Filiale.,2026-03-19,2026-03-25,images_kaufland/kaufland_offer_564.jpg,"cat_grundnahrung,diet_gluten_free,diet_lactose_free,diet_vegan,diet_vegetarian,tag_ultra_processed",,ref_000282,obs_0000010034|obs_0000014799|obs_0000009584|obs_0000012173,obs_0000010034|obs_0000014799|obs_0000009584
BARON PHILIPPE DE ROTHSCHILD,Mouton Cadet Bordeaux AOC,"€ 8,99","€ 11,99","1 l = 11,99","Bordeaux, rubinrot, rund, Duft nach reifen Beeren, passt zu Kurzgebratenem, Grill- und mediterranen Gerichten",Nein,Dieses Angebot findest du vom 19.03. bis 25.03. in deiner Kaufland-Filiale.,2026-03-19,2026-03-25,images_kaufland/kaufland_offer_302.jpg,"cat_getraenke,tag_ultra_processed",,ref_000283,obs_0000012432|obs_0000007866,
SENSODYNE,MultiCare Zahncreme,"€ 6,49",,"1 l = 43,27",Sanftweiß oder Original,Nein,Dieses Angebot findest du vom 19.03. bis 25.03. in deiner Kaufland-Filiale.,2026-03-19,2026-03-25,images_kaufland/kaufland_offer_351.jpg,cat_drogerie,,ref_000284,obs_0000032872|obs_0000012024|obs_0000015114|obs_0000012899|obs_0000008315|obs_0000031914|obs_0000012467|obs_0000027360|obs_0000022872|obs_0000032456,obs_0000032872
WD-40,Multifunktionsspray,"€ 3,49","€ 6,29","1 l = 23,27",Reinigt und schützt Beseitigt Quietschen Lockert verrostete Teile Schützt vor Korrosion Verdrängt Feuchtigkeit,Nein,Dieses Angebot findest du vom 19.03. bis 25.03. in deiner Kaufland-Filiale.,2026-03-19,2026-03-25,images_kaufland/kaufland_offer_560.jpg,cat_non_food,,ref_000285,obs_0000011254|obs_0000015231,obs_0000011254|obs_0000015231
LISTERINE,Mundspülung,"€ 2,99","€ 3,45","1 l = 5,98","Fresh Mint, Cool Mint oder Cool Mint Mild ohne Alkohol",Nein,Dieses Angebot findest du vom 19.03. bis 25.03. in deiner Kaufland-Filiale.,2026-03-19,2026-03-25,images_kaufland/kaufland_offer_350.jpg,cat_drogerie,,ref_000286,obs_0000019462|obs_0000004878|obs_0000003471|obs_0000021262|obs_0000028825|obs_0000015520|obs_0000011170|obs_0000000811|obs_0000004024|obs_0000025658|obs_0000002627|obs_0000022997|obs_0000008535|obs_0000020443|obs_0000004451|obs_0000033606|obs_0000033399|obs_0000033318|obs_0000034861|obs_0000033842|obs_0000032843|obs_0000016771|obs_0000033539|obs_0000032142|obs_0000006946|obs_0000011615|obs_0000006245|obs_0000033311|obs_0000019235|obs_0000017702|obs_0000007922|obs_0000031051,obs_0000019462|obs_0000004878|obs_0000003471|obs_0000021262|obs_0000028825|obs_0000015520|obs_0000011170|obs_0000000811|obs_0000004024|obs_0000025658|obs_0000002627|obs_0000033606|obs_0000022997|obs_0000008535|obs_0000020443|obs_0000004451|obs_0000006245|obs_0000033399
MÜLLER,Müllermilch High Protein,"€ 0,99","€ 1,79","1 l = 2,48","Milchmischgetränk, 1,5 % Fett im Milchanteil, versch. Sorten (+ 0.25 Pfand)",Nein,Dieses Angebot findest du vom 19.03. bis 25.03. in deiner Kaufland-Filiale.,2026-03-19,2026-03-25,images_kaufland/kaufland_offer_136.jpg,"cat_molkerei_kaese,diet_vegetarian,sub_milchprodukte,tag_high_protein,tag_proteinreich,tag_ultra_processed",,ref_000287,obs_0000005162|obs_0000016394|obs_0000006453|obs_0000017800|obs_0000018363|obs_0000022482|obs_0000023009|obs_0000011464|obs_0000031441|obs_0000013245|obs_0000026666|obs_0000031787|obs_0000021596|obs_0000014942|obs_0000024685|obs_0000011465|obs_0000031450|obs_0000023291|obs_0000017154|obs_0000020777|obs_0000016180|obs_0000015795|obs_0000021950|obs_0000012795|obs_0000004612|obs_0000026630|obs_0000020493|obs_0000025613|obs_0000001056|obs_0000004141|obs_0000022585|obs_0000035103|obs_0000022588|obs_0000003645|obs_0000002635|obs_0000000087|obs_0000004185|obs_0000011877|obs_0000028284|obs_0000011908|obs_0000003214|obs_0000011938|obs_0000021162|obs_0000023034|obs_0000025263|obs_0000010929|obs_0000014520|obs_0000001758|obs_0000001774|obs_0000026368,obs_0000005162
Keine Marke,Müslischale Hase,"€ 2,00",,"pro Einheit = 2,00",Aus Porzellan Größe ca. Ø 14 x 6 cm,Nein,Dieses Angebot findest du vom 19.03. bis 25.03. in deiner Kaufland-Filiale.,2026-03-19,2026-03-25,images_kaufland/kaufland_offer_499.jpg,"cat_getraenke,diet_gluten_free,diet_lactose_free,diet_vegan,diet_vegetarian,tag_ultra_processed,tag_whole_food",,ref_000288,obs_0000012605,obs_0000012605
WEIDA,Neuseel Lammkeule,"€ 12,99","€ 17,99","pro Einheit = 16,24","zart und saftig, mit Röhrenknochen, ca. 1,25 - 1,8-kg-Stück",Nein,Dieses Angebot findest du vom 19.03. bis 25.03. in deiner Kaufland-Filiale.,2026-03-19,2026-03-25,images_kaufland/kaufland_offer_179.jpg,cat_tiefkuehl,,ref_000289,obs_0000015402|obs_0000009956|obs_0000034545|obs_0000009495,obs_0000015402
VLY,No Milk Today Erbsenprotein- Drink Barista oder Ungesüßt,"€ 1,99","€ 2,49","pro Einheit = 1,99","Barista oder Ungesüßt, vegan",Nein,Dieses Angebot findest du vom 19.03. bis 25.03. in deiner Kaufland-Filiale.,2026-03-19,2026-03-25,images_kaufland/kaufland_offer_142.jpg,"cat_molkerei_kaese,diet_lactose_free,diet_vegan,diet_vegetarian,tag_high_protein,tag_proteinreich,tag_ultra_processed",,ref_000290,obs_0000012315,obs_0000012315
K-BLUE BAY,Norweg Lachsfilet-Portionen,"€ 8,49",,"1 kg = 16,98",mit Haut,Nein,Dieses Angebot findest du vom 19.03. bis 25.03. in deiner Kaufland-Filiale.,2026-03-19,2026-03-25,images_kaufland/kaufland_offer_125.jpg,"cat_fisch_meeresfruechte,diet_gluten_free,diet_lactose_free,tag_high_protein,tag_proteinreich,tag_whole_food",,ref_000291,obs_0000012790|obs_0000010448|obs_0000021540|obs_0000018885|obs_0000025684|obs_0000014936|obs_0000019689|obs_0000020721|obs_0000023812|obs_0000023817|obs_0000001421|obs_0000024238|obs_0000024241|obs_0000028347|obs_0000010175|obs_0000031809|obs_0000008391|obs_0000034280|obs_0000014208,obs_0000023812|obs_0000001421|obs_0000024241|obs_0000012790
COOKIE BROS,O-Mochi,"€ 3,99",,"1 kg = 22,17","Eis in Reisteigmantel, versch. Sorten",Nein,Dieses Angebot findest du vom 19.03. bis 25.03. in deiner Kaufland-Filiale.,2026-03-19,2026-03-25,images_kaufland/kaufland_offer_166.jpg,"cat_tiefkuehl,tag_ultra_processed",,ref_000292,obs_0000008901|obs_0000030502|obs_0000028855|obs_0000006509|obs_0000010641,
DORFMÜHLE,Oberschwäbische Land-Nudeln,"€ 1,99","€ 2,89","1 kg = 3,98","mit Eiern aus Bodenhaltung, versch. Ausformungen",Nein,Dieses Angebot findest du vom 19.03. bis 25.03. in deiner Kaufland-Filiale.,2026-03-19,2026-03-25,images_kaufland/kaufland_offer_211.jpg,"cat_grundnahrung,sub_schwein",,ref_000293,obs_0000020614|obs_0000011532|obs_0000025498|obs_0000014390|obs_0000021433|obs_0000008075|obs_0000015006|obs_0000008784|obs_0000013802,obs_0000020614|obs_0000011532|obs_0000025498|obs_0000014390|obs_0000021433
BAHLSEN,Ohne Gleichen oder Cream Choc,"€ 2,49","€ 3,79","1 kg = 19,92 - 25,67",versch. Sorten,Nein,Dieses Angebot findest du vom 19.03. bis 25.03. in deiner Kaufland-Filiale.,2026-03-19,2026-03-25,images_kaufland/kaufland_offer_218.jpg,"cat_grundnahrung,tag_ultra_processed",,ref_000294,obs_0000017462,
BERTOLLI,Olivenöl,"€ 10,00","€ 11,98","1 l = 10,00",Cucina oder natives Olivenöl extra Originale oder Gentile,Nein,Dieses Angebot findest du vom 19.03. bis 25.03. in deiner Kaufland-Filiale.,2026-03-19,2026-03-25,images_kaufland/kaufland_offer_189.jpg,"cat_grundnahrung,diet_gluten_free,diet_lactose_free,diet_vegan,diet_vegetarian,tag_whole_food",BLS-Q120000,ref_000295,obs_0000002836|obs_0000001438|obs_0000011361|obs_0000009909|obs_0000009444|obs_0000012838|obs_0000009824|obs_0000014985|obs_0000011075|obs_0000000095|obs_0000013463|obs_0000005928|obs_0000015414|obs_0000007366|obs_0000014541|obs_0000021137|obs_0000000536|obs_0000025631|obs_0000032416|obs_0000022319|obs_0000021940|obs_0000012351|obs_0000020167|obs_0000027595|obs_0000025043|obs_0000008020|obs_0000028880|obs_0000020318|obs_0000013794|obs_0000014304|obs_0000029674|obs_0000015852|obs_0000008430|obs_0000020986|obs_0000018950|obs_0000034833|obs_0000028952|obs_0000033698|obs_0000034212|obs_0000018480|obs_0000005177|obs_0000002495|obs_0000001216|obs_0000028869|obs_0000018248|obs_0000008793|obs_0000034888|obs_0000034420|obs_0000003325|obs_0000007186,obs_0000002836|obs_0000001438|obs_0000005928|obs_0000009909|obs_0000011361|obs_0000009444
DENVER,On-Ear-Kopfhörer BTH-255BEK,"€ 12,99","€ 39,95","pro Einheit = 12,99",Bluetooth-Kopfhörer mit Freisprechfunktion Mit AUX-in und microSD-Slot Akkulaufzeit bis zu 10 h,Nein,Dieses Angebot findest du vom 19.03. bis 25.03. in deiner Kaufland-Filiale.,2026-03-19,2026-03-25,images_kaufland/kaufland_offer_362.jpg,cat_non_food,,ref_000296,,
DENVER,On-Ear-Kopfhörer BTH-255BK,"€ 12,99","€ 39,95","pro Einheit = 12,99",Bluetooth-Kopfhörer mit Freisprechfunktion Mit AUX-in und microSD-Slot Akkulaufzeit bis zu 10 h,Nein,Dieses Angebot findest du vom 19.03. bis 25.03. in deiner Kaufland-Filiale.,2026-03-19,2026-03-25,images_kaufland/kaufland_offer_361.jpg,cat_non_food,,ref_000297,,
Keine Marke,Orchidee im Keramik-Übertopf,"€ 6,66",,"pro Einheit = 6,66","versch. Farben, Topf Ø 9 cm",Nein,Dieses Angebot findest du vom 19.03. bis 25.03. in deiner Kaufland-Filiale.,2026-03-19,2026-03-25,images_kaufland/kaufland_offer_073.jpg,"cat_obst_gemuese,diet_gluten_free,diet_lactose_free,diet_vegan,diet_vegetarian",,ref_000298,obs_0000010983|obs_0000012717|obs_0000012720|obs_0000013323|obs_0000015331|obs_0000010968|obs_0000013123|obs_0000015330|obs_0000015328|obs_0000015332|obs_0000015333|obs_0000008678|obs_0000008775|obs_0000008880|obs_0000008884|obs_0000010315|obs_0000011404|obs_0000013988|obs_0000026216|obs_0000002788|obs_0000002877,obs_0000010983|obs_0000012717|obs_0000012720|obs_0000013323|obs_0000015331
KERRYGOLD,Orig irischer Cheddar,"€ 0,99","€ 1,99","pro Einheit = 0,99","Hartkäse aus irischer Weidemilch, herzhaft, 50 % Fett i. Tr.",Nein,Dieses Angebot findest du vom 23.03. bis 25.03. in deiner Kaufland-Filiale.,2026-03-23,2026-03-25,images_kaufland/kaufland_offer_008.jpg,"cat_molkerei_kaese,sub_fleischersatz,sub_gefluegel,sub_tk_gemuese,tag_high_protein",,ref_000299,obs_0000012808|obs_0000011049|obs_0000034571|obs_0000010422|obs_0000018233|obs_0000016330|obs_0000022106|obs_0000010630|obs_0000015389|obs_0000012197|obs_0000013135|obs_0000028382|obs_0000023809|obs_0000019626|obs_0000024233|obs_0000024569|obs_0000010460|obs_0000018212|obs_0000022379,obs_0000012808|obs_0000034571|obs_0000011049|obs_0000010422
COCA-COLA,Original oder Zero,"€ 5,99",,"1 l = 1,82","im Friendspack, koffeinhaltig (+ 2.50 Pfand)",Nein,Dieses Angebot findest du vom 19.03. bis 25.03. in deiner Kaufland-Filiale.,2026-03-19,2026-03-25,images_kaufland/kaufland_offer_269.jpg,"cat_getraenke,sub_tk_fertiggerichte,tag_high_protein,tag_proteinreich,tag_ultra_processed",,ref_000300,obs_0000012223|obs_0000034440|obs_0000009118|obs_0000028990|obs_0000034364|obs_0000034439|obs_0000008777|obs_0000008906|obs_0000025547|obs_0000033763|obs_0000017384|obs_0000025705|obs_0000009334|obs_0000033975|obs_0000009525|obs_0000017799|obs_0000026035|obs_0000034561|obs_0000009987|obs_0000034575|obs_0000010117|obs_0000026772|obs_0000026832|obs_0000035052|obs_0000027005|obs_0000027048|obs_0000019505|obs_0000027791|obs_0000020181|obs_0000028429|obs_0000020298|obs_0000028516|obs_0000028630|obs_0000028730|obs_0000020611|obs_0000012423|obs_0000028896|obs_0000021000|obs_0000021117|obs_0000021430|obs_0000013325|obs_0000021758|obs_0000021868|obs_0000022184|obs_0000014249|obs_0000006283|obs_0000015051|obs_0000031800|obs_0000015502|obs_0000016167,obs_0000012223
BIFI,Original Roll oder Chicken High Protein,"€ 1,77","€ 2,99","1 kg = 13,12 - 17,70",geräuchert,Nein,Dieses Angebot findest du vom 19.03. bis 25.03. in deiner Kaufland-Filiale.,2026-03-19,2026-03-25,images_kaufland/kaufland_offer_113.jpg,"cat_fleisch_wurst,diet_vegetarian,sub_gefluegel,sub_milchprodukte,tag_high_protein,tag_proteinreich,tag_ultra_processed",,ref_000301,obs_0000010527|obs_0000020611|obs_0000026832|obs_0000021430|obs_0000021758|obs_0000031441|obs_0000013245|obs_0000011464|obs_0000023578,obs_0000010527
LINDT,Oster-Minis,"€ 5,99","€ 7,99","1 kg = 66,56",mit versch. Schokoladenspezialitäten und Pralinés,Nein,Dieses Angebot findest du vom 19.03. bis 25.03. in deiner Kaufland-Filiale.,2026-03-19,2026-03-25,images_kaufland/kaufland_offer_254.jpg,"cat_knabbern_naschen,tag_ultra_processed",,ref_000302,obs_0000013808|obs_0000015901|obs_0000019480|obs_0000025627|obs_0000019541|obs_0000012394|obs_0000025800|obs_0000024884|obs_0000016191|obs_0000011085|obs_0000022992|obs_0000013779|obs_0000013309|obs_0000022527,obs_0000013808
Keine Marke,Oster-Nuggets mit Dips,"€ 2,99",,"1 kg = 6,30","aus fein zerkleinertem Hähnchenfleisch, gewürzt, gegart, paniert, frittiert, mit Curry- und Süß-Sauer-Dip",Nein,Dieses Angebot findest du vom 19.03. bis 25.03. in deiner Kaufland-Filiale.,2026-03-19,2026-03-25,images_kaufland/kaufland_offer_171.jpg,"cat_tiefkuehl,diet_lactose_free,diet_vegan,diet_vegetarian,sub_tk_fertiggerichte,tag_ultra_processed",,ref_000303,,
LINDT,Oster-Schokoladenfigur,"€ 1,99","€ 2,69","1 kg = 49,75 - 56,86","aus Alpenmilchschokolade, versch. Sorten, z. B. Henne oder Osterschaf",Nein,Dieses Angebot findest du vom 19.03. bis 25.03. in deiner Kaufland-Filiale.,2026-03-19,2026-03-25,images_kaufland/kaufland_offer_252.jpg,"cat_knabbern_naschen,diet_vegetarian,tag_ultra_processed",,ref_000304,,
MATTEL,Oster-Überraschungsei Disney Princess,"€ 9,99","€ 12,99","pro Einheit = 9,99",Ei mit 1 von 3 Princess-Puppen (ca. 9 cm) Ei-Teile verwandeln sich in Röcke Mit 7 überraschenden Zubehör-Teilen zum Stylen Für Kinder ab 3 Jahren,Nein,Dieses Angebot findest du vom 19.03. bis 25.03. in deiner Kaufland-Filiale.,2026-03-19,2026-03-25,images_kaufland/kaufland_offer_406.jpg,"cat_non_food,tag_ultra_processed",,ref_000305,,
LINDT,Ostereier,"€ 3,99","€ 4,99","1 kg = 39,90 - 46,95",versch. Sorten,Nein,Dieses Angebot findest du vom 19.03. bis 25.03. in deiner Kaufland-Filiale.,2026-03-19,2026-03-25,images_kaufland/kaufland_offer_243.jpg,"cat_knabbern_naschen,tag_ultra_processed",,ref_000306,obs_0000001706|obs_0000001710,
TALENTUS,Osterfiguren-Set,"€ 3,49",,"pro Einheit = 3,49","Zum Bemalen, Dekorieren und Aufhängen 4 Figuren mit Schlaufe 6 Farbtöpfchen (je 5 ml) 2 Pinsel Versch. Ausführungen",Nein,Dieses Angebot findest du vom 19.03. bis 25.03. in deiner Kaufland-Filiale.,2026-03-19,2026-03-25,images_kaufland/kaufland_offer_379.jpg,cat_non_food,,ref_000307,,
LIV BO,Osterhase,"€ 12,99",,"pro Einheit = 12,99","Aus Magnesia Mit witterungsbeständiger Beschichtung Zur stimmungsvollen Dekoration Ideal für Garten, Terrasse oder Balkon Höhe ca. 45 cm",Nein,Dieses Angebot findest du vom 19.03. bis 25.03. in deiner Kaufland-Filiale.,2026-03-19,2026-03-25,images_kaufland/kaufland_offer_455.jpg,"cat_knabbern_naschen,tag_ultra_processed",,ref_000308,obs_0000024716|obs_0000024717|obs_0000001703|obs_0000001708|obs_0000013811|obs_0000013777,obs_0000024716|obs_0000024717|obs_0000001703|obs_0000001708|obs_0000013811
Keine Marke,Osterkorb,"€ 1,00",,"pro Einheit = 1,00",Aus Filz Größe ca. Ø 12 x 8 cm,Nein,Dieses Angebot findest du vom 19.03. bis 25.03. in deiner Kaufland-Filiale.,2026-03-19,2026-03-25,images_kaufland/kaufland_offer_503.jpg,"cat_obst_gemuese,diet_gluten_free,diet_lactose_free,diet_vegan,diet_vegetarian,sub_frisches_obst,tag_ultra_processed,tag_whole_food",,ref_000309,obs_0000001617,
LIV BO,Osterkranz Band,"€ 7,99",,"pro Einheit = 7,99",Für eine frühlingshafte Osterdekoration Detailreich gefertigt Mit hochwertigen Naturmaterialien Zum Aufhängen Größe ca. Ø 25 cm,Nein,Dieses Angebot findest du vom 19.03. bis 25.03. in deiner Kaufland-Filiale.,2026-03-19,2026-03-25,images_kaufland/kaufland_offer_454.jpg,cat_non_food,,ref_000310,,
LIV BO,Osterkranz Ei,"€ 7,99",,"pro Einheit = 7,99",Für eine frühlingshafte Osterdekoration Detailreich gefertigt Mit hochwertigen Naturmaterialien Zum Aufhängen Größe ca. 22 x 30 cm,Nein,Dieses Angebot findest du vom 19.03. bis 25.03. in deiner Kaufland-Filiale.,2026-03-19,2026-03-25,images_kaufland/kaufland_offer_453.jpg,"cat_knabbern_naschen,tag_ultra_processed",,ref_000311,,
LIV BO,Osterkranz Nest,"€ 7,99",,"pro Einheit = 7,99",Für eine frühlingshafte Osterdekoration Detailreich gefertigt Mit hochwertigen Naturmaterialien Zum Aufhängen Größe ca. Ø 25 cm,Nein,Dieses Angebot findest du vom 19.03. bis 25.03. in deiner Kaufland-Filiale.,2026-03-19,2026-03-25,images_kaufland/kaufland_offer_452.jpg,"cat_knabbern_naschen,tag_ultra_processed",,ref_000312,,
MILKA,Ostermischung,"€ 2,99","€ 4,49","1 kg = 24,72","versch. kleine Schokoladenprodukte, z. B. Schmunzelhase",Nein,Dieses Angebot findest du vom 19.03. bis 25.03. in deiner Kaufland-Filiale.,2026-03-19,2026-03-25,images_kaufland/kaufland_offer_247.jpg,"cat_knabbern_naschen,tag_ultra_processed",,ref_000313,,
SMARTIES oder KITKAT,Osterschokoladenfigur oder Mini-Eggs,"€ 2,79","€ 3,49","1 kg = 31,35 - 34,45","Milchschokolade mit Schokolinsen oder Crispstückchen, versch. Designs",Nein,Dieses Angebot findest du vom 19.03. bis 25.03. in deiner Kaufland-Filiale.,2026-03-19,2026-03-25,images_kaufland/kaufland_offer_248.jpg,"cat_knabbern_naschen,tag_ultra_processed",,ref_000314,obs_0000015470|obs_0000017530|obs_0000026024|obs_0000018128|obs_0000010932|obs_0000012328|obs_0000006379|obs_0000016216,
Keine Marke,Panierte Garnelen,"€ 2,49",,"1 kg = 12,45","White Tiger, geschält, entdarmt, vorfrittiert, aufgetaut",Nein,Dieses Angebot findest du vom 19.03. bis 25.03. in deiner Kaufland-Filiale.,2026-03-19,2026-03-25,images_kaufland/kaufland_offer_126.jpg,"cat_fisch_meeresfruechte,diet_gluten_free,diet_lactose_free,diet_vegan,diet_vegetarian,tag_whole_food",,ref_000315,obs_0000000369|obs_0000001313|obs_0000001520|obs_0000003502|obs_0000003631|obs_0000004067|obs_0000004494|obs_0000004921,
DR OETKER,Paradiescreme,"€ 0,79","€ 1,29","1 kg = 10,68 - 14,37","für cremige Desserts, versch. Sorten",Nein,Dieses Angebot findest du vom 19.03. bis 25.03. in deiner Kaufland-Filiale.,2026-03-19,2026-03-25,images_kaufland/kaufland_offer_217.jpg,"cat_grundnahrung,tag_ultra_processed",,ref_000316,obs_0000008723|obs_0000015015|obs_0000016101|obs_0000002821|obs_0000012645,obs_0000008723|obs_0000015015|obs_0000016101|obs_0000002821|obs_0000012645
HARIBO,Party-Box,"€ 3,79","€ 4,99","1 kg = 5,06",versch. Sorten,Nein,Dieses Angebot findest du vom 23.03. bis 25.03. in deiner Kaufland-Filiale.,2026-03-23,2026-03-25,images_kaufland/kaufland_offer_663.jpg,"cat_non_food,tag_ultra_processed",,ref_000317,obs_0000009930|obs_0000009467|obs_0000024697|obs_0000025998|obs_0000026011|obs_0000018617|obs_0000017782,obs_0000009930|obs_0000009467
BARILLA,Pasta-Sauce,"€ 1,99","€ 4,29","1 kg = 4,98",Pomodoro Ricotta oder Bolognese,Nein,Dieses Angebot findest du vom 19.03. bis 25.03. in deiner Kaufland-Filiale.,2026-03-19,2026-03-25,images_kaufland/kaufland_offer_208.jpg,"cat_grundnahrung,diet_lactose_free,diet_vegan,diet_vegetarian,sub_hackfleisch,sub_nudeln",,ref_000318,obs_0000018497|obs_0000010415|obs_0000014564|obs_0000011526|obs_0000016655|obs_0000000535|obs_0000015003|obs_0000011088|obs_0000018196|obs_0000019845|obs_0000025518|obs_0000016866|obs_0000001282|obs_0000032233|obs_0000020003|obs_0000035104|obs_0000028733|obs_0000013386|obs_0000022097|obs_0000034889|obs_0000002663|obs_0000034419|obs_0000011915|obs_0000017082|obs_0000021187|obs_0000010474|obs_0000034026|obs_0000018708|obs_0000008982|obs_0000016662|obs_0000026899|obs_0000006481|obs_0000011092|obs_0000014165|obs_0000028496|obs_0000019293|obs_0000020368|obs_0000028607|obs_0000018893|obs_0000017359|obs_0000007181|obs_0000005743|obs_0000007368,obs_0000000535|obs_0000018497|obs_0000015003|obs_0000010415|obs_0000014564|obs_0000011526|obs_0000016655|obs_0000011088
K-FAVOURITES,Pecorino Romano DOP 36 Fett i Tr,"€ 3,33","€ 4,79","1 kg = 16,65","aus 100 % Schafsmilch, 5 Monate naturgereift, 36 % Fett i. Tr.",Nein,Dieses Angebot findest du vom 19.03. bis 25.03. in deiner Kaufland-Filiale.,2026-03-19,2026-03-25,images_kaufland/kaufland_offer_155.jpg,"cat_molkerei_kaese,diet_gluten_free,diet_vegetarian,sub_milchprodukte",,ref_000319,obs_0000016507|obs_0000000145|obs_0000001214|obs_0000017134|obs_0000019216,
PURINA GOURMET,Perle,"€ 0,49",,"1 kg = 5,77","Katzennassfutter, versch. Sorten",Nein,Dieses Angebot findest du vom 19.03. bis 25.03. in deiner Kaufland-Filiale.,2026-03-19,2026-03-25,images_kaufland/kaufland_offer_358.jpg,cat_drogerie,,ref_000320,obs_0000015117|obs_0000010523|obs_0000034669|obs_0000033018|obs_0000032457|obs_0000029741|obs_0000032151|obs_0000032286,obs_0000034669|obs_0000015117|obs_0000010523
K-PURLAND,Pfeffer-Hüftsteak vom Jungbullen mariniert,"€ 18,95","€ 23,49","pro Einheit = 3,79","vom Jungbullen, mariniert, mind. 21 Tage gereift",Nein,Dieses Angebot findest du vom 19.03. bis 25.03. in deiner Kaufland-Filiale.,2026-03-19,2026-03-25,images_kaufland/kaufland_offer_092.jpg,"cat_fleisch_wurst,sub_rind",,ref_000321,obs_0000014451|obs_0000012276|obs_0000008440|obs_0000010998|obs_0000009267|obs_0000014036|obs_0000001879,obs_0000014451|obs_0000012276
ORIGINAL WAGNER,Piccolinis oder Pizzies,"€ 1,79",,"1 kg = 5,97 - 6,63",versch. Sorten,Nein,Dieses Angebot findest du vom 19.03. bis 25.03. in deiner Kaufland-Filiale.,2026-03-19,2026-03-25,images_kaufland/kaufland_offer_173.jpg,"cat_tiefkuehl,sub_tk_fertiggerichte,sub_tk_pizza,tag_ultra_processed",,ref_000322,obs_0000023322|obs_0000000919|obs_0000023643|obs_0000001203,
5 0 ORIGINAL,Pils Export oder Helles,"€ 0,49",,"1 l = 0,98",(+ 0.25 Pfand),Nein,Dieses Angebot findest du vom 19.03. bis 25.03. in deiner Kaufland-Filiale.,2026-03-19,2026-03-25,images_kaufland/kaufland_offer_331.jpg,"cat_getraenke,tag_high_protein,tag_ultra_processed",,ref_000323,obs_0000011320|obs_0000029409|obs_0000030720|obs_0000016578|obs_0000008467|obs_0000000370|obs_0000017247|obs_0000033823|obs_0000026062|obs_0000026170|obs_0000034423|obs_0000010120|obs_0000034708|obs_0000010165|obs_0000035035|obs_0000010755|obs_0000027329|obs_0000003041|obs_0000019656|obs_0000027944|obs_0000011592|obs_0000028275|obs_0000028408|obs_0000028500|obs_0000028614|obs_0000004068|obs_0000028759|obs_0000012448|obs_0000028878|obs_0000028937|obs_0000004495|obs_0000012871|obs_0000012872|obs_0000004922|obs_0000013338|obs_0000013689|obs_0000013819|obs_0000014202|obs_0000014292|obs_0000015089|obs_0000031695|obs_0000031740|obs_0000031829|obs_0000023756|obs_0000015941|obs_0000024176|obs_0000008003,obs_0000011320
JEVER,Pilsener oder Fun Alkoholfrei,"€ 11,99",,"1 l = 1,20",friesisch-herb (+ 3.10 Pfand),Nein,Dieses Angebot findest du vom 19.03. bis 25.03. in deiner Kaufland-Filiale.,2026-03-19,2026-03-25,images_kaufland/kaufland_offer_327.jpg,cat_getraenke,BLS-P163100,ref_000324,obs_0000011769|obs_0000015085|obs_0000015940|obs_0000026579|obs_0000028370|obs_0000029423|obs_0000030721|obs_0000031083|obs_0000007889|obs_0000035045|obs_0000028405|obs_0000028547|obs_0000028664|obs_0000014011|obs_0000015939|obs_0000008415|obs_0000034091|obs_0000034225|obs_0000034637|obs_0000026503|obs_0000034836|obs_0000034842|obs_0000035044|obs_0000011150|obs_0000028988|obs_0000013820|obs_0000014656|obs_0000015503,obs_0000011769|obs_0000014653|obs_0000015085|obs_0000015936|obs_0000015940
RADEBERGER,Pilsner oder Alkoholfrei,"€ 10,49",,"1 l = 1,05",(+ 3.10 Pfand),Nein,Dieses Angebot findest du vom 19.03. bis 25.03. in deiner Kaufland-Filiale.,2026-03-19,2026-03-25,images_kaufland/kaufland_offer_330.jpg,cat_getraenke,BLS-P163100,ref_000325,obs_0000014653|obs_0000015936|obs_0000030239|obs_0000033919|obs_0000015092|obs_0000015275|obs_0000011368|obs_0000029988|obs_0000034431|obs_0000012210|obs_0000026911|obs_0000011150|obs_0000031680|obs_0000027852|obs_0000034225|obs_0000015943|obs_0000026430,obs_0000014653|obs_0000015085|obs_0000011769|obs_0000015936|obs_0000015940
Keine Marke,Plunderteig-Croissant,"€ 1,99",,"pro Einheit = 1,99","mit Speck, Cheddar und Ei",Nein,Dieses Angebot findest du vom 19.03. bis 25.03. in deiner Kaufland-Filiale.,2026-03-19,2026-03-25,images_kaufland/kaufland_offer_193.jpg,"cat_grundnahrung,diet_gluten_free,diet_lactose_free,diet_vegan,diet_vegetarian,tag_ultra_processed,tag_whole_food",BLS-D7A7000,ref_000326,obs_0000023195|obs_0000025842,
SQUISHMALLOWS,Plüschfigur Ostern Frühling,"€ 7,99","€ 9,99","pro Einheit = 7,99",Extraweiches Plüschmaterial Versch. Ausführungen Größe ca. 19 cm Für Kinder ab 3 Jahren,Nein,Dieses Angebot findest du vom 19.03. bis 25.03. in deiner Kaufland-Filiale.,2026-03-19,2026-03-25,images_kaufland/kaufland_offer_413.jpg,cat_non_food,,ref_000327,obs_0000008351|obs_0000025907|obs_0000026039|obs_0000002110|obs_0000002934,
Keine Marke,Poln kroat Kulturchampignons weiß,"€ 1,00","€ 1,49","1 kg = 4,00",Kl. I,Nein,Dieses Angebot findest du vom 19.03. bis 25.03. in deiner Kaufland-Filiale.,2026-03-19,2026-03-25,images_kaufland/kaufland_offer_052.jpg,"cat_obst_gemuese,diet_gluten_free,diet_lactose_free,diet_vegan,diet_vegetarian,sub_frisches_gemuese,sub_pilze,tag_whole_food",,ref_000328,obs_0000011406|obs_0000013346|obs_0000014167|obs_0000009162,obs_0000011406|obs_0000013346
MY PROJECT,Powerbank mit Kompressor MPPK 10 H5,"€ 49,99",,"pro Einheit = 49,99","Powerbank mit Li-Ion-Akku (14 Ah/44,8 Wh) USB-A- und USB-C-Ladeport (1/2 A und 8.400 mAh) Ladezustandsanzeige über Display LED-Taschenlampenfunktion Kompressor mit Druckluftschlauch und Manometer Voreinstellbarer Luftdruck von 0,3 bis 3,5 bar Mit Abschaltautomatik Kfz-Starthilfe mit Sofortstart (kurz bis 200 A) Starthilfe für Benziner/Diesel bis 3,5/2,2 l Erkennung von defekten/tiefentladenen Batterien Inkl. USB-C-Ladekabel und Kfz-Starthilfekabel Inkl. 3 Druckluft-Aufsätzen 3 Jahre Garantie",Nein,Dieses Angebot findest du vom 19.03. bis 25.03. in deiner Kaufland-Filiale.,2026-03-19,2026-03-25,images_kaufland/kaufland_offer_558.jpg,"cat_non_food,diet_vegetarian,tag_ultra_processed",,ref_000329,obs_0000017135|obs_0000016274|obs_0000019067|obs_0000008853|obs_0000009905|obs_0000022738|obs_0000009439|obs_0000024331|obs_0000023909,
GIN MARE,Premium-Gin,"€ 29,99","€ 44,99","1 l = 42,85","mit feinen Noten von Oliven, Rosmarin, Basilikum, 42,7 Vol. %",Nein,Dieses Angebot findest du vom 19.03. bis 25.03. in deiner Kaufland-Filiale.,2026-03-19,2026-03-25,images_kaufland/kaufland_offer_291.jpg,cat_getraenke,,ref_000330,obs_0000026929|obs_0000019615|obs_0000011595|obs_0000015697|obs_0000013830|obs_0000018392,
DOPPIO PASSO,Primitivo IGT Grillo DOC oder Alkoholfrei,"€ 4,88",,"1 l = 6,51","z. B. Primitivo Puglia IGT: Apulien, weich, mit einem Hauch von Beere, passt zu dunklem Fleisch und kräftigem Käse; auch in Bio-Qualität",Nein,Dieses Angebot findest du vom 19.03. bis 25.03. in deiner Kaufland-Filiale.,2026-03-19,2026-03-25,images_kaufland/kaufland_offer_303.jpg,cat_getraenke,,ref_000331,obs_0000013353|obs_0000010909|obs_0000014637|obs_0000032447|obs_0000027780|obs_0000034038|obs_0000027208|obs_0000026098,obs_0000013353|obs_0000010909|obs_0000014637
CONTESSA CAROLA,Primitivo Puglia IGT,"€ 5,99",,"1 l = 7,99","Apulien, Duft nach Kirsche, Pflaume, Brombeere, kräftig, elegant, passt zu Braten und würzigen Pastagerichten",Nein,Dieses Angebot findest du vom 19.03. bis 25.03. in deiner Kaufland-Filiale.,2026-03-19,2026-03-25,images_kaufland/kaufland_offer_305.jpg,"cat_getraenke,tag_ultra_processed",,ref_000332,obs_0000011981|obs_0000001551|obs_0000009771|obs_0000009305|obs_0000026670|obs_0000003515|obs_0000013837|obs_0000032270|obs_0000014864|obs_0000014096|obs_0000027422|obs_0000003628|obs_0000015927|obs_0000012868|obs_0000024560|obs_0000027780|obs_0000027208|obs_0000026098|obs_0000034038|obs_0000005822,obs_0000001551|obs_0000009771|obs_0000011981|obs_0000009305
K-CLASSIC,Pro Aqua,"€ 0,44","€ 0,55","1 l = 0,30","Erfrischungsgetränk mit Geschmack, versch. Sorten (+ 0.25 Pfand)",Nein,Dieses Angebot findest du vom 19.03. bis 25.03. in deiner Kaufland-Filiale.,2026-03-19,2026-03-25,images_kaufland/kaufland_offer_272.jpg,"cat_getraenke,diet_gluten_free,diet_lactose_free,diet_vegan,diet_vegetarian,sub_milchprodukte,tag_high_protein,tag_ultra_processed",,ref_000333,,
FREIXENET,Prosecco D O C oder Ros,"€ 8,99","€ 12,99","1 l = 11,99","ital. Schaumwein, extra trocken",Nein,Dieses Angebot findest du vom 19.03. bis 25.03. in deiner Kaufland-Filiale.,2026-03-19,2026-03-25,images_kaufland/kaufland_offer_316.jpg,cat_getraenke,,ref_000334,obs_0000012439|obs_0000001810|obs_0000008300|obs_0000034396|obs_0000019755|obs_0000007981|obs_0000008134,obs_0000012439
SCHWARZWALDMILCH,Protein-H-Milch 0 9 Fett,"€ 1,29","€ 1,99","pro Einheit = 1,29","0,9 % Fett",Nein,Dieses Angebot findest du vom 19.03. bis 25.03. in deiner Kaufland-Filiale.,2026-03-19,2026-03-25,images_kaufland/kaufland_offer_143.jpg,"cat_molkerei_kaese,diet_gluten_free,diet_lactose_free,diet_vegetarian,sub_milchprodukte,tag_high_protein,tag_proteinreich",,ref_000335,obs_0000027812|obs_0000033695|obs_0000014372|obs_0000010924|obs_0000033979|obs_0000001632|obs_0000000796|obs_0000003614|obs_0000026178,
KIDSWORLD,Puddingdessert Crazy Moto,"€ 1,49",,"1 kg = 21,29","mit Schoko-Vanille-Geschmack und Motorrad-Spielzeug, versch. Motive",Nein,Dieses Angebot findest du vom 19.03. bis 25.03. in deiner Kaufland-Filiale.,2026-03-19,2026-03-25,images_kaufland/kaufland_offer_131.jpg,"cat_molkerei_kaese,sub_milchprodukte,tag_ultra_processed",,ref_000336,obs_0000015379|obs_0000011036|obs_0000003635|obs_0000001933,
PFANNER,Pure Tea,"€ 0,88","€ 1,19","pro Einheit = 0,88","Bio-Teegetränk, versch. Sorten (+ 0.25 Pfand)",Nein,Dieses Angebot findest du vom 19.03. bis 25.03. in deiner Kaufland-Filiale.,2026-03-19,2026-03-25,images_kaufland/kaufland_offer_334.jpg,"cat_getraenke,tag_ultra_processed",,ref_000337,obs_0000034233|obs_0000017671|obs_0000018798,
HEIDEMARK,Puten-Grillspieße,"€ 4,99",,"1 kg = 8,32",BBQ oder Pepper,Nein,Dieses Angebot findest du vom 19.03. bis 25.03. in deiner Kaufland-Filiale.,2026-03-19,2026-03-25,images_kaufland/kaufland_offer_097.jpg,"cat_fleisch_wurst,diet_vegan,diet_vegetarian,sub_gefluegel",,ref_000338,,
MAYBACH,Qualitätswein oder Alkoholfrei,"€ 2,88","€ 4,99","1 l = 3,84","Pfalz, z. B. Riesling trocken: ausgewogen, fein, angenehme Fruchtnote, passt zu hellem Fleisch, Geflügel, Gemüse; auch alkoholfrei, weiß oder rosé",Nein,Dieses Angebot findest du vom 23.03. bis 25.03. in deiner Kaufland-Filiale.,2026-03-23,2026-03-25,images_kaufland/kaufland_offer_016.jpg,cat_getraenke,,ref_000339,obs_0000012210|obs_0000015275|obs_0000034431|obs_0000011368|obs_0000029429|obs_0000029988|obs_0000014653|obs_0000015092|obs_0000015936|obs_0000008721|obs_0000034225|obs_0000011138|obs_0000011150|obs_0000011986|obs_0000012225|obs_0000013356|obs_0000013843|obs_0000014641|obs_0000015923,obs_0000012210|obs_0000015275
EXQUISA,Quark-Genuss,"€ 1,49","€ 2,49","1 kg = 2,98","nur 0,2 % Fett, versch. Sorten",Nein,Dieses Angebot findest du vom 19.03. bis 25.03. in deiner Kaufland-Filiale.,2026-03-19,2026-03-25,images_kaufland/kaufland_offer_139.jpg,"cat_molkerei_kaese,diet_vegetarian,sub_joghurt_skyr_quark,sub_milchprodukte",,ref_000340,obs_0000012313|obs_0000028704|obs_0000028581|obs_0000009674|obs_0000009191|obs_0000022069|obs_0000018570|obs_0000022883|obs_0000031131|obs_0000032206|obs_0000030185|obs_0000027712|obs_0000010624|obs_0000001925|obs_0000008669|obs_0000012798,obs_0000012313|obs_0000028704|obs_0000028581|obs_0000009674|obs_0000009191
STANLEY,Quencher H2 O FlowState Tumbler,"€ 34,99","€ 55,00","pro Einheit = 34,99","Aus recyceltem 18/8-Edelstahl Doppelwandige Vakuumisolierung Hält bis zu 7 h warm und 11 h kalt FlowState™-3-Positionen-Schraubdeckel Spülmaschinengeeignet Fassungsvemögen ca. 1,18 l Größe ca. Ø 10 x 31 cm Passend für fast jeden Autogetränkehalter",Nein,Dieses Angebot findest du vom 19.03. bis 25.03. in deiner Kaufland-Filiale.,2026-03-19,2026-03-25,images_kaufland/kaufland_offer_437.jpg,"cat_non_food,diet_lactose_free,diet_vegetarian",,ref_000341,obs_0000008096,
LOOSE,Quäse-Minis Protein,"€ 1,59",,"1 kg = 13,83","Sauermilchkäse, 1,5 % Fett i. Tr.",Nein,Dieses Angebot findest du vom 19.03. bis 25.03. in deiner Kaufland-Filiale.,2026-03-19,2026-03-25,images_kaufland/kaufland_offer_148.jpg,"cat_molkerei_kaese,diet_vegetarian,sub_milchprodukte,tag_high_protein,tag_proteinreich,tag_ultra_processed",,ref_000342,obs_0000008699|obs_0000011885|obs_0000018510|obs_0000010454|obs_0000000605|obs_0000012394|obs_0000024884|obs_0000022992|obs_0000011085|obs_0000013309|obs_0000019480|obs_0000025627|obs_0000019541|obs_0000025800|obs_0000013779|obs_0000015901|obs_0000016191|obs_0000022527,obs_0000008699|obs_0000011885
ZURU,Rainbocorns Kittycorn,"€ 9,99","€ 14,99","pro Einheit = 9,99",Rainbocorn-Ei mit einem süßen Kittycorn 1 von 7 Kuscheltieren Mit Zubehör und Überraschungen Für Kinder ab 3 Jahren,Nein,Dieses Angebot findest du vom 19.03. bis 25.03. in deiner Kaufland-Filiale.,2026-03-19,2026-03-25,images_kaufland/kaufland_offer_409.jpg,cat_non_food,,ref_000343,obs_0000014694,obs_0000014694
MILRAM,Reibekäse,"€ 1,49",,"1 kg = 9,94","Auflauf- oder Pizza-Liebe, 43 - 45 % Fett i. Tr.",Nein,Dieses Angebot findest du vom 23.03. bis 25.03. in deiner Kaufland-Filiale.,2026-03-23,2026-03-25,images_kaufland/kaufland_offer_660.jpg,"cat_molkerei_kaese,sub_kaese,sub_milchprodukte",BLS-W256100,ref_000344,obs_0000008365|obs_0000005021|obs_0000000437|obs_0000003383|obs_0000004167|obs_0000004594|obs_0000002710|obs_0000002463|obs_0000026544|obs_0000028094|obs_0000034980|obs_0000003530|obs_0000001489|obs_0000027614|obs_0000034289|obs_0000015390|obs_0000022164|obs_0000023619|obs_0000033880|obs_0000017909|obs_0000005899|obs_0000005339|obs_0000030183|obs_0000006439|obs_0000031970,obs_0000005021|obs_0000008365|obs_0000000437|obs_0000003383|obs_0000004167|obs_0000004594
MY PROJECT,Reifenpflege,"€ 2,49","€ 4,99","1 l = 4,98","Reinigt, schützt und pflegt Autoreifen",Nein,Dieses Angebot findest du vom 19.03. bis 25.03. in deiner Kaufland-Filiale.,2026-03-19,2026-03-25,images_kaufland/kaufland_offer_561.jpg,cat_drogerie,,ref_000345,,
MY PROJECT,Reifentaschen-Set 13 - 17 Zoll,"€ 9,99",,"pro Einheit = 9,99","Aus zu 50 % recyceltem, GRS-zertifiziertem Polyester Wasserabweisendes, strapazierfähiges Material Für Reifen/Räder bis 225 mm Breite Mit Kennzeichnung der Radposition am Kfz Tunnelzug-System mit Stopper zur Größenanpassung Mit Trageschlaufe Inkl. Tasche zur Aufbewahrung der Radschrauben 3 Jahre Garantie",Nein,Dieses Angebot findest du vom 19.03. bis 25.03. in deiner Kaufland-Filiale.,2026-03-19,2026-03-25,images_kaufland/kaufland_offer_554.jpg,cat_non_food,,ref_000346,obs_0000014207,
MY PROJECT,Reifentaschen-Set 16 - 19 Zoll,"€ 9,99",,"pro Einheit = 9,99","Aus zu 50 % recyceltem, GRS-zertifiziertem Polyester Wasserabweisendes, strapazierfähiges Material Für Reifen/Räder bis 245 mm Breite Mit Kennzeichnung der Radposition am Kfz Tunnelzug-System mit Stopper zur Größenanpassung Mit Trageschlaufe Inkl. Tasche zur Aufbewahrung der Radschrauben 3 Jahre Garantie",Nein,Dieses Angebot findest du vom 19.03. bis 25.03. in deiner Kaufland-Filiale.,2026-03-19,2026-03-25,images_kaufland/kaufland_offer_557.jpg,cat_non_food,,ref_000347,obs_0000014207,
PASSENGER,Reise-Brustbeutel,"€ 1,49",,"pro Einheit = 1,49","Aus Polyester Aufbewahrung für Geld, Dokumente, Wertsachen Mit verstellbarem, abnehmbarem Halsriemen Aufklappbar Mit 2 Reißverschlussfächer Münzfach und mehrere Steckfächer Reißverschlussfach auf der Rückseite",Nein,Dieses Angebot findest du vom 19.03. bis 25.03. in deiner Kaufland-Filiale.,2026-03-19,2026-03-25,images_kaufland/kaufland_offer_473.jpg,"cat_grundnahrung,diet_gluten_free",,ref_000348,,
PASSENGER,Reise-Geldgürtel,"€ 1,49",,"pro Einheit = 1,49","Aus Polyester Aufbewahrung für Geld, Dokumente, Kreditkarten Mit 2 Reißverschlussfächern und 2 Innenfächern Verstellbarer Gurt und Klickverschluss",Nein,Dieses Angebot findest du vom 19.03. bis 25.03. in deiner Kaufland-Filiale.,2026-03-19,2026-03-25,images_kaufland/kaufland_offer_474.jpg,"cat_grundnahrung,diet_gluten_free,diet_lactose_free,diet_vegan,diet_vegetarian",,ref_000349,,
PASSENGER,Reise-Nackenkissen,"€ 1,49",,"pro Einheit = 1,49","Aus Polyester und Elastan Aufblasbar Stützt Kopf und Nacken im Zug, Flugzeug oder Aut Mit komfortabler Beschichtung Platzsparend zusammenfaltbar",Nein,Dieses Angebot findest du vom 19.03. bis 25.03. in deiner Kaufland-Filiale.,2026-03-19,2026-03-25,images_kaufland/kaufland_offer_476.jpg,"cat_grundnahrung,diet_lactose_free,diet_vegan,diet_vegetarian",,ref_000350,obs_0000010218,
TECHNAXX,Reiseladegerät TX-358,"€ 9,99","€ 19,99","pro Einheit = 9,99","Adapterschieber für versch. Steckdosentypen Kompatibel mit Steckdosen in EU, UK, USA und AUS Ausgänge 1 x USB-A und 1 x USB-C Ausgangsleistung insgesamt bis zu 12 W",Nein,Dieses Angebot findest du vom 19.03. bis 25.03. in deiner Kaufland-Filiale.,2026-03-19,2026-03-25,images_kaufland/kaufland_offer_364.jpg,"cat_non_food,diet_vegetarian",,ref_000351,,
KINDER,Riegel,"€ 3,99",,"1 kg = 10,56",Schokolade mit Milchcreme gefüllt,Nein,Dieses Angebot findest du vom 19.03. bis 25.03. in deiner Kaufland-Filiale.,2026-03-19,2026-03-25,images_kaufland/kaufland_offer_237.jpg,"cat_knabbern_naschen,tag_ultra_processed",,ref_000352,obs_0000015457|obs_0000014601|obs_0000030996|obs_0000022867|obs_0000011786|obs_0000013851|obs_0000016928|obs_0000033364|obs_0000010357|obs_0000017107|obs_0000025377|obs_0000012676|obs_0000016822|obs_0000019932|obs_0000024180|obs_0000023761|obs_0000012393|obs_0000001004|obs_0000033810|obs_0000007700|obs_0000028698|obs_0000018459|obs_0000017974|obs_0000002137|obs_0000033369|obs_0000027264|obs_0000029327|obs_0000032428|obs_0000011951|obs_0000020666|obs_0000022204|obs_0000005841|obs_0000028376|obs_0000017628|obs_0000021773|obs_0000006926|obs_0000029970|obs_0000019229|obs_0000001320|obs_0000019295|obs_0000033127|obs_0000032238|obs_0000022422|obs_0000002974|obs_0000028578|obs_0000011177|obs_0000022958|obs_0000019427|obs_0000021485|obs_0000003586,obs_0000011786|obs_0000013851|obs_0000016928|obs_0000033364|obs_0000015457|obs_0000010357|obs_0000005841|obs_0000017107|obs_0000014601|obs_0000030996|obs_0000025377|obs_0000022867|obs_0000012676|obs_0000016822|obs_0000019932
K-PURLAND,Rinderbraten Hals Hohe Rippe vom Jungbullen,"€ 14,99","€ 17,79","pro Einheit = 14,99","vom Jungbullen, zum Braten am Stück oder für Gulasch",Nein,Dieses Angebot findest du vom 19.03. bis 25.03. in deiner Kaufland-Filiale.,2026-03-19,2026-03-25,images_kaufland/kaufland_offer_091.jpg,"cat_fleisch_wurst,sub_rind",,ref_000353,obs_0000014450|obs_0000012274|obs_0000010605|obs_0000012781|obs_0000014927|obs_0000009943|obs_0000009138|obs_0000033937|obs_0000009477|obs_0000009570|obs_0000028501|obs_0000028615,obs_0000014450|obs_0000010605|obs_0000012781|obs_0000014927|obs_0000012274
K-WERTSCHÄTZE,Rinderhackfleisch vom Jungbullen,"€ 12,90","€ 15,90","pro Einheit = 12,90","vom Jungbullen, zum Braten, aus eigener Herstellung",Nein,Dieses Angebot findest du vom 19.03. bis 25.03. in deiner Kaufland-Filiale.,2026-03-19,2026-03-25,images_kaufland/kaufland_offer_115.jpg,"cat_fleisch_wurst,sub_hackfleisch,sub_rind,sub_schwein,tag_proteinreich",,ref_000354,obs_0000012294|obs_0000014474|obs_0000012293|obs_0000013364|obs_0000014473|obs_0000008675|obs_0000027671|obs_0000013854|obs_0000026669|obs_0000014912|obs_0000011844|obs_0000013445|obs_0000026295|obs_0000010590|obs_0000012760|obs_0000015351|obs_0000013853|obs_0000005246|obs_0000010999|obs_0000007438|obs_0000007982|obs_0000029512|obs_0000014160|obs_0000005990|obs_0000015745|obs_0000008682|obs_0000009203|obs_0000015350,obs_0000012294|obs_0000014474
DR OETKER,Ristorante Pizza,"€ 1,69",,"1 kg = 4,13 - 5,29",versch. Sorten,Nein,Dieses Angebot findest du vom 19.03. bis 25.03. in deiner Kaufland-Filiale.,2026-03-19,2026-03-25,images_kaufland/kaufland_offer_172.jpg,"cat_tiefkuehl,sub_tk_pizza,sub_wurst,tag_ultra_processed",,ref_000355,obs_0000012815|obs_0000011305|obs_0000017705|obs_0000034384|obs_0000000038|obs_0000026731|obs_0000016637|obs_0000028985|obs_0000006501|obs_0000031500|obs_0000031512|obs_0000019919|obs_0000003772|obs_0000010231|obs_0000023294|obs_0000010530|obs_0000023186|obs_0000013341|obs_0000025810|obs_0000028039|obs_0000005867|obs_0000030843|obs_0000030849|obs_0000029705|obs_0000007202|obs_0000005207|obs_0000029849|obs_0000007393,obs_0000012815|obs_0000011305|obs_0000017705|obs_0000034384
FERRERO,Rocher,"€ 2,99","€ 4,79","1 kg = 14,95",Schoko-Nuss-Spezialität,Nein,Dieses Angebot findest du vom 19.03. bis 25.03. in deiner Kaufland-Filiale.,2026-03-19,2026-03-25,images_kaufland/kaufland_offer_234.jpg,"cat_knabbern_naschen,diet_vegetarian,tag_ultra_processed",BLS-D771900,ref_000356,obs_0000011354|obs_0000031841|obs_0000017086|obs_0000019200|obs_0000015284|obs_0000006581|obs_0000016364|obs_0000002668|obs_0000017549|obs_0000017565|obs_0000018778|obs_0000013856|obs_0000030288|obs_0000006239|obs_0000007485|obs_0000005477|obs_0000007101|obs_0000012387|obs_0000015291,obs_0000011354|obs_0000031841|obs_0000006239|obs_0000017086|obs_0000019200|obs_0000005477|obs_0000015284|obs_0000006581|obs_0000016364
DRANO,Rohrfrei,"€ 2,99",,"pro Einheit = 2,99","Power-Gel oder Küchen-Gel, zur Beseitigung von Rohrverstopfungen",Nein,Dieses Angebot findest du vom 19.03. bis 25.03. in deiner Kaufland-Filiale.,2026-03-19,2026-03-25,images_kaufland/kaufland_offer_341.jpg,cat_drogerie,,ref_000357,obs_0000015105|obs_0000012010|obs_0000013367|obs_0000008899|obs_0000016369|obs_0000005859,obs_0000015105|obs_0000012010|obs_0000013367
K-WERTSCHÄTZE,Rollbraten Rustica,"€ 8,49",,"pro Einheit = 8,49","vom Schweinebauch, mariniert, gefüllt mit einer Hackfleischzubereitung, aus eigener Herstellung",Nein,Dieses Angebot findest du vom 19.03. bis 25.03. in deiner Kaufland-Filiale.,2026-03-19,2026-03-25,images_kaufland/kaufland_offer_114.jpg,cat_fleisch_wurst,,ref_000358,obs_0000009568,obs_0000009568
Keine Marke,Rose zweifarbig,"€ 3,99",,"pro Einheit = 3,99","versch. Farben, Topf Ø 10,5 cm",Nein,Dieses Angebot findest du vom 19.03. bis 25.03. in deiner Kaufland-Filiale.,2026-03-19,2026-03-25,images_kaufland/kaufland_offer_081.jpg,"cat_obst_gemuese,diet_gluten_free,diet_lactose_free,diet_vegan,diet_vegetarian,sub_exoten,sub_frisches_gemuese,sub_frisches_obst,tag_whole_food",,ref_000359,obs_0000001207,
Keine Marke,Rosen-Chrysanthemenstrauß,"€ 12,99",,"pro Einheit = 12,99",versch. Variationen,Nein,Dieses Angebot findest du vom 19.03. bis 25.03. in deiner Kaufland-Filiale.,2026-03-19,2026-03-25,images_kaufland/kaufland_offer_068.jpg,"cat_obst_gemuese,diet_gluten_free,diet_lactose_free,diet_vegan,diet_vegetarian,tag_whole_food",,ref_000360,obs_0000011400|obs_0000012707|obs_0000013372|obs_0000014126|obs_0000014890,obs_0000011400|obs_0000012707|obs_0000013372|obs_0000014126|obs_0000014890
Keine Marke,Rosenbrötchen,"€ 1,00","€ 1,32","pro Einheit = 1,00",dunkel,Nein,Dieses Angebot findest du vom 23.03. bis 25.03. in deiner Kaufland-Filiale.,2026-03-23,2026-03-25,images_kaufland/kaufland_offer_665.jpg,"cat_grundnahrung,diet_gluten_free,diet_lactose_free,diet_vegan,diet_vegetarian,tag_ultra_processed,tag_whole_food",BLS-D7A5500,ref_000361,obs_0000011082|obs_0000012849|obs_0000015424|obs_0000014157,obs_0000011082|obs_0000012849|obs_0000014157|obs_0000015424
Keine Marke,Rosenstrauß,"€ 1,99",,"pro Einheit = 1,99","versch. Variationen und Farben, ohne Deko ab 1,99 €",Nein,Dieses Angebot findest du vom 19.03. bis 25.03. in deiner Kaufland-Filiale.,2026-03-19,2026-03-25,images_kaufland/kaufland_offer_079.jpg,"cat_obst_gemuese,diet_gluten_free,diet_lactose_free,diet_vegan,diet_vegetarian,sub_frisches_obst,tag_whole_food",,ref_000362,obs_0000012715|obs_0000013375|obs_0000025404|obs_0000007738|obs_0000012725|obs_0000030740|obs_0000012716|obs_0000013181,obs_0000012715|obs_0000013375|obs_0000025404|obs_0000025411
GELDERMANN,Ros Sekt,"€ 7,99","€ 9,99","1 l = 10,66","trocken, traditionelle Flaschengärung, Duft nach frischen Waldfrüchten, runde Cremigkeit",Nein,Dieses Angebot findest du vom 19.03. bis 25.03. in deiner Kaufland-Filiale.,2026-03-19,2026-03-25,images_kaufland/kaufland_offer_319.jpg,cat_getraenke,,ref_000363,obs_0000031673|obs_0000024169|obs_0000023745|obs_0000001810|obs_0000011802|obs_0000017436|obs_0000018465|obs_0000017456|obs_0000003634|obs_0000013889|obs_0000019009|obs_0000031833|obs_0000019561|obs_0000008300|obs_0000018037|obs_0000000122|obs_0000028281|obs_0000012437|obs_0000010911|obs_0000026289|obs_0000023255|obs_0000027358|obs_0000018687|obs_0000016680|obs_0000019755|obs_0000007981|obs_0000015666|obs_0000014644|obs_0000024889|obs_0000026425|obs_0000011590|obs_0000015699|obs_0000027487|obs_0000008047|obs_0000012694|obs_0000002457|obs_0000022430|obs_0000025002|obs_0000001461|obs_0000026048|obs_0000007897|obs_0000007899,
K-CLASSIC,Rote Kidney-Bohnen,"€ 0,55","€ 0,69","pro Einheit = 2,16",ideal für Salate und mexikanische Gerichte,Nein,Dieses Angebot findest du vom 19.03. bis 25.03. in deiner Kaufland-Filiale.,2026-03-19,2026-03-25,images_kaufland/kaufland_offer_183.jpg,"cat_grundnahrung,diet_gluten_free,diet_lactose_free,diet_vegan,diet_vegetarian,sub_frisches_obst,sub_huelsenfruechte,tag_ultra_processed,tag_whole_food",,ref_000364,obs_0000016102|obs_0000008897|obs_0000031037|obs_0000028216|obs_0000028278|obs_0000028471|obs_0000030020|obs_0000032313,obs_0000008897|obs_0000016102
FISH TALES,Räucherlachs,"€ 2,29","€ 2,99","1 kg = 45,80",norweg. Zuchtlachs oder Wildlachs aus Alaska,Nein,Dieses Angebot findest du vom 19.03. bis 25.03. in deiner Kaufland-Filiale.,2026-03-19,2026-03-25,images_kaufland/kaufland_offer_182.jpg,cat_grundnahrung,,ref_000365,obs_0000008702|obs_0000002571|obs_0000001935|obs_0000025231|obs_0000020251|obs_0000005956|obs_0000031816|obs_0000001994|obs_0000021070|obs_0000017750|obs_0000016608|obs_0000003427|obs_0000028795|obs_0000027905|obs_0000024580|obs_0000007814|obs_0000011910|obs_0000017031|obs_0000025992|obs_0000016139|obs_0000001422|obs_0000009886|obs_0000032552|obs_0000018865|obs_0000003507|obs_0000018867|obs_0000016309|obs_0000022586|obs_0000018877|obs_0000017355|obs_0000009423|obs_0000025935|obs_0000023258|obs_0000011507|obs_0000001784|obs_0000007817|obs_0000006165|obs_0000018333|obs_0000025269|obs_0000030538|obs_0000029293,obs_0000002571|obs_0000001935|obs_0000025231|obs_0000020251|obs_0000005956|obs_0000031816|obs_0000001994|obs_0000021070|obs_0000017750|obs_0000016608|obs_0000003427|obs_0000028795|obs_0000008702
GUTSMEISTER,Salami,"€ 1,49",,"pro Einheit = 1,49",klassisch oder mit Pfeffer ummantelt,Nein,Dieses Angebot findest du vom 19.03. bis 25.03. in deiner Kaufland-Filiale.,2026-03-19,2026-03-25,images_kaufland/kaufland_offer_121.jpg,"cat_fleisch_wurst,sub_wurst,tag_ultra_processed",BLS-W149300,ref_000366,obs_0000010316|obs_0000014932|obs_0000002611|obs_0000019030|obs_0000028273|obs_0000005781|obs_0000023205|obs_0000003239|obs_0000019666|obs_0000016602|obs_0000008425|obs_0000021226|obs_0000003307|obs_0000002285|obs_0000011010|obs_0000025355|obs_0000026898|obs_0000017184|obs_0000007987|obs_0000025934|obs_0000008039|obs_0000016755|obs_0000034176|obs_0000002957|obs_0000020407|obs_0000016328|obs_0000031198|obs_0000017375|obs_0000010234|obs_0000012289|obs_0000013826|obs_0000026626|obs_0000015369|obs_0000002574|obs_0000016914|obs_0000030229|obs_0000006681|obs_0000006181|obs_0000002087|obs_0000019516|obs_0000028742|obs_0000007240|obs_0000024649|obs_0000014924|obs_0000025676|obs_0000028237|obs_0000011856|obs_0000011861|obs_0000013910|obs_0000033878,obs_0000002611|obs_0000010316|obs_0000014932|obs_0000019030|obs_0000028273|obs_0000005781|obs_0000023205|obs_0000003239|obs_0000019666|obs_0000016602|obs_0000008425|obs_0000021226|obs_0000003307|obs_0000002285|obs_0000011010|obs_0000025355|obs_0000026898|obs_0000017184|obs_0000007987|obs_0000025934|obs_0000008039|obs_0000016755|obs_0000034176|obs_0000002957|obs_0000020407|obs_0000016328|obs_0000031198|obs_0000017375|obs_0000010234
SCHWARTAU,Samt,"€ 1,99",,"1 kg = 7,37 - 7,81","Konfitüre, versch. Sorten",Nein,Dieses Angebot findest du vom 19.03. bis 25.03. in deiner Kaufland-Filiale.,2026-03-19,2026-03-25,images_kaufland/kaufland_offer_212.jpg,"cat_grundnahrung,diet_vegetarian",BLS-H420100,ref_000367,obs_0000015010|obs_0000010943|obs_0000019785|obs_0000031906|obs_0000027734|obs_0000026854|obs_0000031731|obs_0000025920|obs_0000032657|obs_0000023138|obs_0000023145|obs_0000029311|obs_0000007023|obs_0000006139,obs_0000015010|obs_0000010943|obs_0000019785
GOLDEN TOAST,Sandwichtoast,"€ 1,49","€ 2,29","1 kg = 1,99",American Sandwich oder Körnerharmonie,Nein,Dieses Angebot findest du vom 19.03. bis 25.03. in deiner Kaufland-Filiale.,2026-03-19,2026-03-25,images_kaufland/kaufland_offer_201.jpg,"cat_grundnahrung,diet_vegetarian,tag_ultra_processed",,ref_000368,obs_0000009619,obs_0000009619|obs_0000001114
ANTINORI,Santa Cristina Rosso Toscana IGT oder Bianco Umbria IGT,"€ 6,99","€ 9,49","1 l = 9,32","Italien, z. B. Rosso Toscana: reife Früchte, harmonisch, passt zu dunklem Fleisch und reifem Käse",Nein,Dieses Angebot findest du vom 19.03. bis 25.03. in deiner Kaufland-Filiale.,2026-03-19,2026-03-25,images_kaufland/kaufland_offer_309.jpg,cat_getraenke,,ref_000369,obs_0000015921,obs_0000015921
K-CLASSIC,Sauce Hollandaise,"€ 0,88","€ 1,15","1 l = 2,94","ideal zu Spargel, auch als light",Nein,Dieses Angebot findest du vom 19.03. bis 25.03. in deiner Kaufland-Filiale.,2026-03-19,2026-03-25,images_kaufland/kaufland_offer_207.jpg,"cat_grundnahrung,diet_lactose_free,diet_vegan,diet_vegetarian,tag_ultra_processed",BLS-U990400,ref_000370,obs_0000034898|obs_0000015434|obs_0000031029|obs_0000032237|obs_0000006127|obs_0000028755|obs_0000034889|obs_0000034901|obs_0000010474|obs_0000008982|obs_0000013386|obs_0000011915|obs_0000032425,obs_0000034898|obs_0000015434
K-PURLAND,Sauerbraten vom Rind,"€ 15,99",,"pro Einheit = 15,99","vom Rind, würzig eingelegt nach traditioneller Art",Nein,Dieses Angebot findest du vom 19.03. bis 25.03. in deiner Kaufland-Filiale.,2026-03-19,2026-03-25,images_kaufland/kaufland_offer_093.jpg,"cat_fleisch_wurst,sub_rind,sub_schwein,tag_proteinreich,tag_whole_food",BLS-Y162212,ref_000371,obs_0000011424|obs_0000012275|obs_0000015243|obs_0000011314|obs_0000008745|obs_0000018470|obs_0000026813|obs_0000026816|obs_0000028972|obs_0000018766|obs_0000019248|obs_0000029545|obs_0000017416|obs_0000027939|obs_0000027973|obs_0000028077|obs_0000026360|obs_0000027632|obs_0000022424,obs_0000011424|obs_0000012275
MY PROJECT,Scheibenklar,"€ 1,99",,"1 l = 0,40",Gebrauchsfertiger Scheibenreiniger Gegen Insekten-Verschmutzungen Für Scheiben- und Scheinwerferwaschanlagen,Nein,Dieses Angebot findest du vom 19.03. bis 25.03. in deiner Kaufland-Filiale.,2026-03-19,2026-03-25,images_kaufland/kaufland_offer_567.jpg,"cat_non_food,sub_kaese,sub_milchprodukte",,ref_000372,obs_0000015226|obs_0000015195|obs_0000015216,
K-PURLAND,Schinkenbraten,"€ 5,49","€ 8,29","pro Einheit = 5,49",vom Schwein,Nein,Dieses Angebot findest du vom 19.03. bis 25.03. in deiner Kaufland-Filiale.,2026-03-19,2026-03-25,images_kaufland/kaufland_offer_086.jpg,"cat_fleisch_wurst,sub_rind,sub_schwein,sub_wurst,tag_proteinreich",BLS-W850100,ref_000373,obs_0000014379|obs_0000009853|obs_0000012272|obs_0000009599|obs_0000025136|obs_0000019550|obs_0000027932|obs_0000028080|obs_0000024658,obs_0000014379|obs_0000008953|obs_0000009599|obs_0000009853|obs_0000012272
K-CLASSIC,Schinkenfleischwurst,"€ 2,79","€ 3,29","1 kg = 4,30",in Spitzenqualität,Nein,Dieses Angebot findest du vom 19.03. bis 25.03. in deiner Kaufland-Filiale.,2026-03-19,2026-03-25,images_kaufland/kaufland_offer_103.jpg,"cat_fleisch_wurst,sub_schwein,sub_wurst,tag_proteinreich,tag_ultra_processed",BLS-W164000,ref_000374,obs_0000011006|obs_0000022612|obs_0000023786|obs_0000024210|obs_0000005595,obs_0000008668|obs_0000011006
MILKA,Schmunzelhase,"€ 1,49","€ 2,99","1 kg = 15,69 - 16,56",versch. Sorten,Nein,Dieses Angebot findest du vom 19.03. bis 25.03. in deiner Kaufland-Filiale.,2026-03-19,2026-03-25,images_kaufland/kaufland_offer_241.jpg,"cat_knabbern_naschen,diet_vegetarian,sub_milchprodukte,tag_ultra_processed",,ref_000375,obs_0000013874,obs_0000013874
ESZET,Schnitten,"€ 1,29","€ 1,69","1 kg = 17,20","köstlicher Brotbelag aus feinster Schokolade, versch. Sorten",Nein,Dieses Angebot findest du vom 19.03. bis 25.03. in deiner Kaufland-Filiale.,2026-03-19,2026-03-25,images_kaufland/kaufland_offer_214.jpg,"cat_grundnahrung,tag_ultra_processed",BLS-D753200,ref_000376,obs_0000033920|obs_0000011553|obs_0000016134|obs_0000027239|obs_0000011949|obs_0000013941|obs_0000015029|obs_0000014591|obs_0000020942|obs_0000025465|obs_0000020123|obs_0000016575|obs_0000007495,obs_0000033920
KINDER,Schoko-Bons,"€ 2,99","€ 3,99","1 kg = 14,95",Schokoladeneier mit Milchcreme und Haselnüssen,Nein,Dieses Angebot findest du vom 19.03. bis 25.03. in deiner Kaufland-Filiale.,2026-03-19,2026-03-25,images_kaufland/kaufland_offer_239.jpg,"cat_knabbern_naschen,tag_ultra_processed",,ref_000377,obs_0000024077|obs_0000024708|obs_0000024491|obs_0000022964|obs_0000028227|obs_0000006740|obs_0000021701|obs_0000021208|obs_0000018145|obs_0000014120|obs_0000017732|obs_0000020389|obs_0000019198,obs_0000024077|obs_0000024708|obs_0000024491|obs_0000022964
KINDER,Schoko-Hase,"€ 1,29","€ 1,69","1 kg = 23,46",Hohlfigur aus Vollmilch- und Milchschokolade,Nein,Dieses Angebot findest du vom 19.03. bis 25.03. in deiner Kaufland-Filiale.,2026-03-19,2026-03-25,images_kaufland/kaufland_offer_246.jpg,"cat_knabbern_naschen,tag_ultra_processed",,ref_000378,obs_0000024696,
LINDT,Schokocr me,"€ 4,99","€ 6,99","1 kg = 22,69","Crème Noisette mit 25 % Haselnüssen oder Noire, dunkle Kakaocreme",Nein,Dieses Angebot findest du vom 19.03. bis 25.03. in deiner Kaufland-Filiale.,2026-03-19,2026-03-25,images_kaufland/kaufland_offer_213.jpg,"cat_grundnahrung,diet_vegetarian,tag_ultra_processed",,ref_000379,,
MILKA,Schokolade,"€ 2,49",,"1 kg = 13,11",versch. Sorten,Nein,Dieses Angebot findest du vom 19.03. bis 25.03. in deiner Kaufland-Filiale.,2026-03-19,2026-03-25,images_kaufland/kaufland_offer_229.jpg,"cat_knabbern_naschen,diet_vegetarian,tag_ultra_processed",BLS-S500000,ref_000380,obs_0000015893|obs_0000027700|obs_0000028232|obs_0000013394|obs_0000015454|obs_0000034408|obs_0000025739|obs_0000008861|obs_0000015026|obs_0000017605|obs_0000034013|obs_0000018155|obs_0000018698|obs_0000014104|obs_0000031011|obs_0000011112|obs_0000008610|obs_0000006579|obs_0000012219|obs_0000026556|obs_0000022979|obs_0000001524|obs_0000011783|obs_0000013879|obs_0000028244|obs_0000028249|obs_0000000091|obs_0000004705|obs_0000031849|obs_0000034411|obs_0000017539|obs_0000025221|obs_0000000138|obs_0000004278|obs_0000017595|obs_0000021699|obs_0000000230|obs_0000003326|obs_0000004873|obs_0000003851|obs_0000010522|obs_0000002336|obs_0000033056|obs_0000021291|obs_0000016691|obs_0000004446|obs_0000008595|obs_0000004019|obs_0000010166|obs_0000009149,obs_0000011783|obs_0000015893|obs_0000027700|obs_0000013879|obs_0000028232|obs_0000013394|obs_0000028244|obs_0000006229|obs_0000028249|obs_0000000091|obs_0000015454|obs_0000004705|obs_0000034408|obs_0000031849|obs_0000034411|obs_0000017539|obs_0000025221|obs_0000000138|obs_0000025739|obs_0000008861|obs_0000005279|obs_0000015026|obs_0000004278|obs_0000017595|obs_0000021699|obs_0000017605|obs_0000034013|obs_0000000230|obs_0000018155|obs_0000003326|obs_0000004873|obs_0000018698|obs_0000003851|obs_0000014104|obs_0000010522|obs_0000002336|obs_0000033056|obs_0000031011|obs_0000021291|obs_0000016691|obs_0000004446|obs_0000011112|obs_0000008595|obs_0000008610|obs_0000004019|obs_0000006579|obs_0000010166|obs_0000012219|obs_0000026556|obs_0000009149
RITTER SPORT,Schokolade Bunte Vielfalt,"€ 0,99","€ 1,99","1 kg = 9,90",versch. Sorten,Nein,Dieses Angebot findest du vom 19.03. bis 25.03. in deiner Kaufland-Filiale.,2026-03-19,2026-03-25,images_kaufland/kaufland_offer_228.jpg,"cat_knabbern_naschen,diet_vegetarian,tag_ultra_processed",,ref_000381,obs_0000023300|obs_0000007277|obs_0000005836|obs_0000007487|obs_0000031849|obs_0000002336|obs_0000016691|obs_0000017857|obs_0000011765|obs_0000011783|obs_0000015893|obs_0000027700|obs_0000013879|obs_0000028232|obs_0000013394|obs_0000028244|obs_0000011352|obs_0000028249|obs_0000000091|obs_0000015454|obs_0000004705|obs_0000034408|obs_0000034411|obs_0000017539|obs_0000025221|obs_0000000138|obs_0000025739|obs_0000008861|obs_0000015026|obs_0000004278|obs_0000017595|obs_0000021699|obs_0000017605|obs_0000034013|obs_0000000230|obs_0000018155|obs_0000003326|obs_0000004873|obs_0000018698|obs_0000003851|obs_0000014104|obs_0000010522|obs_0000033056|obs_0000031011|obs_0000021291|obs_0000004446|obs_0000011112|obs_0000008595|obs_0000008610|obs_0000004019,
KESPER,Schubladenbox,"€ 9,99","€ 29,99","pro Einheit = 9,99",Aus Bambus Abstellfläche aus Sicherheitsglas Schublade mit 8 Fächern Ideal zur Aufbewahrung von Kaffeekapseln etc. Größe ca. B 31 x H 10 x T 30 cm,Nein,Dieses Angebot findest du vom 19.03. bis 25.03. in deiner Kaufland-Filiale.,2026-03-19,2026-03-25,images_kaufland/kaufland_offer_423.jpg,"cat_non_food,tag_ultra_processed",,ref_000382,obs_0000020291|obs_0000021110|obs_0000025566,obs_0000020291|obs_0000021110|obs_0000025566
Keine Marke,Schweine-Nuggets XXL,"€ 6,99",,"pro Einheit = 6,99","im Backteig, flüssig gewürzt und frittiert, mit 2 x Süß-Sauer- und 2 x Curry-Dip",Nein,Dieses Angebot findest du vom 19.03. bis 25.03. in deiner Kaufland-Filiale.,2026-03-19,2026-03-25,images_kaufland/kaufland_offer_090.jpg,"cat_fleisch_wurst,diet_gluten_free,diet_lactose_free,diet_vegan,diet_vegetarian,sub_schwein,sub_tk_fertiggerichte,tag_ultra_processed,tag_whole_food",,ref_000383,obs_0000008511|obs_0000010992|obs_0000012757|obs_0000009447|obs_0000009912|obs_0000013137|obs_0000014916|obs_0000015749|obs_0000028498|obs_0000028611|obs_0000029611|obs_0000030192|obs_0000030276|obs_0000032589|obs_0000002514|obs_0000002753|obs_0000003029|obs_0000003221|obs_0000003555|obs_0000004232|obs_0000004659|obs_0000005086|obs_0000014459|obs_0000016516|obs_0000016736|obs_0000016766|obs_0000016942|obs_0000017299|obs_0000017438|obs_0000017874|obs_0000017899|obs_0000018303|obs_0000018761|obs_0000019441|obs_0000019764|obs_0000019817|obs_0000020045|obs_0000020864|obs_0000021861|obs_0000022156|obs_0000022446|obs_0000025644|obs_0000026469|obs_0000012763|obs_0000013967,obs_0000008511|obs_0000010992|obs_0000012757
MARCHER,Schweinefilet im Speckmantel,"€ 11,65","€ 14,99","pro Einheit = 6,99","zartes Schweinefleisch, mit gepökeltem, geräuchertem Speck umhüllt",Nein,Dieses Angebot findest du vom 19.03. bis 25.03. in deiner Kaufland-Filiale.,2026-03-19,2026-03-25,images_kaufland/kaufland_offer_089.jpg,"cat_fleisch_wurst,sub_schwein",,ref_000384,obs_0000014904|obs_0000016975|obs_0000002222|obs_0000019192|obs_0000016333|obs_0000018925|obs_0000000002|obs_0000028675|obs_0000027670|obs_0000020515|obs_0000014905|obs_0000013883|obs_0000019043|obs_0000025707|obs_0000002156|obs_0000034902|obs_0000008821|obs_0000021627|obs_0000003708|obs_0000016537|obs_0000001195|obs_0000009417|obs_0000009937|obs_0000010461|obs_0000034542|obs_0000028417|obs_0000004898|obs_0000034085|obs_0000020808|obs_0000002901|obs_0000021334|obs_0000017752|obs_0000009573|obs_0000008054|obs_0000004471|obs_0000015741|obs_0000028555|obs_0000026057|obs_0000004044|obs_0000007631|obs_0000021967|obs_0000016340|obs_0000003040|obs_0000001519|obs_0000000507,obs_0000014904
Keine Marke,Schweizer Emmentaler AOP,"€ 1,99","€ 2,59","pro Einheit = 1,99","aus Rohmilch, schnittfähig und geschmeidig, leicht nussig und mild, 45 % Fett i. Tr.",Nein,Dieses Angebot findest du vom 19.03. bis 25.03. in deiner Kaufland-Filiale.,2026-03-19,2026-03-25,images_kaufland/kaufland_offer_161.jpg,"cat_molkerei_kaese,sub_kaese,sub_milchprodukte,tag_whole_food",,ref_000385,obs_0000010637|obs_0000012330|obs_0000015396|obs_0000030876|obs_0000032193|obs_0000001559|obs_0000002340|obs_0000003417|obs_0000009063|obs_0000010030|obs_0000018426|obs_0000018479|obs_0000022007|obs_0000022237|obs_0000025531|obs_0000031831|obs_0000031880,obs_0000010637|obs_0000012330|obs_0000015396|obs_0000030876|obs_0000032193
ROTKÄPPCHEN,Sekt,"€ 2,59",,"1 l = 3,46","versch. Sorten, auch alkoholfrei",Nein,Dieses Angebot findest du vom 19.03. bis 25.03. in deiner Kaufland-Filiale.,2026-03-19,2026-03-25,images_kaufland/kaufland_offer_315.jpg,cat_getraenke,,ref_000386,obs_0000011802|obs_0000017436|obs_0000031833|obs_0000018037|obs_0000000122|obs_0000026289|obs_0000023255|obs_0000018687|obs_0000026425|obs_0000027487|obs_0000002457|obs_0000025002|obs_0000018465|obs_0000017456|obs_0000003634|obs_0000013889|obs_0000019009|obs_0000019561|obs_0000028281|obs_0000012437|obs_0000010911|obs_0000027358|obs_0000016680|obs_0000015666|obs_0000014644|obs_0000024889|obs_0000011590|obs_0000015699|obs_0000008047|obs_0000012694|obs_0000022430|obs_0000001461|obs_0000026048|obs_0000013336|obs_0000015931|obs_0000008276|obs_0000015498|obs_0000010420|obs_0000025796|obs_0000031724|obs_0000008400|obs_0000032264|obs_0000028182|obs_0000015933|obs_0000023645|obs_0000008803|obs_0000024169|obs_0000013971|obs_0000012436|obs_0000010391,obs_0000011802|obs_0000017436|obs_0000018465|obs_0000017456|obs_0000003634|obs_0000013889|obs_0000019009|obs_0000031833|obs_0000019561|obs_0000018037|obs_0000028281|obs_0000000122|obs_0000012437|obs_0000010911|obs_0000026289|obs_0000023255|obs_0000027358|obs_0000018687|obs_0000016680|obs_0000015666|obs_0000014644|obs_0000024889|obs_0000026425|obs_0000011590|obs_0000015699|obs_0000027487|obs_0000008047|obs_0000012694|obs_0000002457|obs_0000022430|obs_0000025002|obs_0000001461|obs_0000026048
PANTENE PRO-V,Shampoo oder Spülung,"€ 2,99",,"1 l = 9,97 - 14,95",versch. Sorten,Nein,Dieses Angebot findest du vom 19.03. bis 25.03. in deiner Kaufland-Filiale.,2026-03-19,2026-03-25,images_kaufland/kaufland_offer_346.jpg,cat_drogerie,,ref_000387,obs_0000011609|obs_0000012017|obs_0000012465|obs_0000012896|obs_0000013405|obs_0000015518|obs_0000016129|obs_0000010773|obs_0000012018|obs_0000012696|obs_0000013613|obs_0000005485|obs_0000005852|obs_0000006589|obs_0000015098|obs_0000007501|obs_0000015963|obs_0000006246|obs_0000032840|obs_0000033460|obs_0000010154|obs_0000034854|obs_0000002339|obs_0000019053|obs_0000010913|obs_0000020828|obs_0000021647|obs_0000021764|obs_0000023755|obs_0000024178|obs_0000005671|obs_0000006393|obs_0000005296|obs_0000006051|obs_0000032877|obs_0000033059|obs_0000033092|obs_0000033133|obs_0000033168|obs_0000000446|obs_0000033215|obs_0000033227|obs_0000033237|obs_0000033244|obs_0000033372|obs_0000033398|obs_0000033529|obs_0000033623|obs_0000033649|obs_0000009325,obs_0000011609|obs_0000012017|obs_0000012465|obs_0000012896|obs_0000013405|obs_0000015518|obs_0000016129
SPICE SOUL,Silikon-Backform Gugelhupf,"€ 1,99",,"pro Einheit = 1,99",Aus Platin-Silikon Temperaturbeständig von -40 bis 250 °C Mikrowellen- und spülmaschinengeeignet Größe ca. Ø 24 x 11 cm,Nein,Dieses Angebot findest du vom 19.03. bis 25.03. in deiner Kaufland-Filiale.,2026-03-19,2026-03-25,images_kaufland/kaufland_offer_426.jpg,cat_non_food,,ref_000388,obs_0000025089|obs_0000004107|obs_0000025128|obs_0000027773|obs_0000033471|obs_0000019185|obs_0000003351|obs_0000004961|obs_0000025443|obs_0000004534|obs_0000002489|obs_0000031097|obs_0000025124|obs_0000025704|obs_0000021223|obs_0000028474|obs_0000020404|obs_0000010229,
SPICE SOUL,Silikon-Backform Königskuchen,"€ 1,99",,"pro Einheit = 1,99",Aus Platin-Silikon Mit Versteifungsrippen Temperaturbeständig von -40 bis 250 °C Mikrowellen- und spülmaschinengeeignet Größe ca. B 27 x H 7 x T 13 cm,Nein,Dieses Angebot findest du vom 19.03. bis 25.03. in deiner Kaufland-Filiale.,2026-03-19,2026-03-25,images_kaufland/kaufland_offer_425.jpg,cat_non_food,,ref_000389,obs_0000025089|obs_0000004107|obs_0000025128|obs_0000027773|obs_0000033471|obs_0000019185|obs_0000003351|obs_0000004961|obs_0000025443|obs_0000004534|obs_0000002489|obs_0000031097|obs_0000025124|obs_0000028474|obs_0000010229,
SPICE SOUL,Silikon-Backform Muffin,"€ 1,99",,"pro Einheit = 1,99",Aus Platin-Silikon Besonders formstabil für optimale Backergebnisse Kein zusätzliches Einfetten notwendig Temperaturbeständig von -40 bis 250 °C Mikrowellen- und spülmaschinengeeignet Größe ca. B 26 x H 4 x T 17 cm,Nein,Dieses Angebot findest du vom 19.03. bis 25.03. in deiner Kaufland-Filiale.,2026-03-19,2026-03-25,images_kaufland/kaufland_offer_427.jpg,cat_non_food,,ref_000390,obs_0000025089|obs_0000004107|obs_0000025128|obs_0000027773|obs_0000033471|obs_0000019185|obs_0000003351|obs_0000004961|obs_0000025443|obs_0000004534|obs_0000002489|obs_0000031097|obs_0000029721|obs_0000025124|obs_0000028474|obs_0000010229,
SPICE SOUL,Silikon-Backform rund,"€ 1,99",,"pro Einheit = 1,99","Aus Platin-Silikon Mit Versteifungsrippen und verstärktem Rand Temperaturbeständig von -40 bis 250 °C Mikrowellen- und spülmaschinengeeignet Größe ca. Ø 26 x 4,4 cm",Nein,Dieses Angebot findest du vom 19.03. bis 25.03. in deiner Kaufland-Filiale.,2026-03-19,2026-03-25,images_kaufland/kaufland_offer_424.jpg,cat_non_food,,ref_000391,obs_0000025089|obs_0000004107|obs_0000025128|obs_0000027773|obs_0000033471|obs_0000019185|obs_0000003351|obs_0000004961|obs_0000025443|obs_0000004534|obs_0000002489|obs_0000031097|obs_0000025124|obs_0000028474|obs_0000010229,
ABERFELDY,Single Malt Scotch Whisky,"€ 29,99","€ 44,99","1 l = 42,85","12 Jahre in Eichenfässern gereift, fruchtige Süße, würzig, mit blumigen Noten von schottischem Heidekraut, 40 Vol. %",Nein,Dieses Angebot findest du vom 19.03. bis 25.03. in deiner Kaufland-Filiale.,2026-03-19,2026-03-25,images_kaufland/kaufland_offer_300.jpg,"cat_getraenke,diet_vegetarian",,ref_000392,obs_0000024920|obs_0000017414|obs_0000021544|obs_0000007258|obs_0000020725|obs_0000007456|obs_0000021815|obs_0000025948|obs_0000007090|obs_0000016836|obs_0000008607|obs_0000018872|obs_0000024596|obs_0000015919|obs_0000006718|obs_0000020036|obs_0000017533|obs_0000019629|obs_0000015074|obs_0000015075|obs_0000007908|obs_0000019243|obs_0000009008|obs_0000027476|obs_0000016229|obs_0000020855|obs_0000006010|obs_0000019846|obs_0000018845|obs_0000025037|obs_0000032741|obs_0000022321|obs_0000022835|obs_0000017864|obs_0000020037|obs_0000020040|obs_0000015490|obs_0000017072|obs_0000015072|obs_0000015073|obs_0000018230|obs_0000016202|obs_0000020856|obs_0000020859|obs_0000025011|obs_0000025019|obs_0000018878|obs_0000027605|obs_0000019418|obs_0000024593,obs_0000024920|obs_0000016836
TRI TOP,Sirup,"€ 2,99","€ 3,99","1 l = 4,99 - 5,98","ergibt ca. 4 - 4,8 l Getränk, versch. Sorten",Nein,Dieses Angebot findest du vom 19.03. bis 25.03. in deiner Kaufland-Filiale.,2026-03-19,2026-03-25,images_kaufland/kaufland_offer_286.jpg,"cat_getraenke,tag_ultra_processed",,ref_000393,obs_0000009104|obs_0000014266|obs_0000010950|obs_0000016135|obs_0000027922|obs_0000013408|obs_0000024054|obs_0000024478|obs_0000034849|obs_0000006019|obs_0000010151|obs_0000032719|obs_0000010740|obs_0000006902|obs_0000022582|obs_0000014016,obs_0000006019|obs_0000010950|obs_0000016135|obs_0000009104|obs_0000027922|obs_0000014266|obs_0000013408
BEVOLA,Slipeinlagen,"€ 0,88",,"pro Einheit = 0,88",versch. Sorten,Nein,Dieses Angebot findest du vom 19.03. bis 25.03. in deiner Kaufland-Filiale.,2026-03-19,2026-03-25,images_kaufland/kaufland_offer_340.jpg,cat_drogerie,,ref_000394,obs_0000015952|obs_0000012882|obs_0000033669|obs_0000008207|obs_0000033444|obs_0000011601|obs_0000032995|obs_0000012009|obs_0000033278|obs_0000007298|obs_0000032278|obs_0000034460|obs_0000007711|obs_0000006055|obs_0000029374|obs_0000015509|obs_0000033186|obs_0000010149|obs_0000010543|obs_0000014278|obs_0000012638|obs_0000013409|obs_0000028258|obs_0000032993|obs_0000026351|obs_0000032771|obs_0000030084|obs_0000030085|obs_0000032779|obs_0000028712|obs_0000028589|obs_0000001971|obs_0000002897,obs_0000033669|obs_0000008207|obs_0000033444|obs_0000015952|obs_0000011601|obs_0000012882|obs_0000032995|obs_0000012009|obs_0000033278
EASY PROTECT,Smartphone-Sicherung,"€ 9,99","€ 29,99","pro Einheit = 9,99",Zusätzlicher Diebstahlschutz Maximaler Schutz dank Edelstahlplatte Metallkabel bis 80 cm ausziehbar Automatischer Einzug Kamera bleibt uneingeschränkt nutzbar Einfache und schnelle Installation Universell passend für jedes Smartphone Ideal für Alltag und Outdoor-Aktivitäten,Nein,Dieses Angebot findest du vom 19.03. bis 25.03. in deiner Kaufland-Filiale.,2026-03-19,2026-03-25,images_kaufland/kaufland_offer_506.jpg,"cat_non_food,diet_vegetarian,tag_high_protein,tag_proteinreich",,ref_000395,,
MILCH-SCHNITTE,Snack,"€ 1,99",,"1 kg = 7,11","Schnitten mit Milchcreme, Original oder Pfirsich-Maracuja",Nein,Dieses Angebot findest du vom 19.03. bis 25.03. in deiner Kaufland-Filiale.,2026-03-19,2026-03-25,images_kaufland/kaufland_offer_135.jpg,"cat_molkerei_kaese,diet_vegetarian,sub_schwein,tag_ultra_processed",,ref_000396,obs_0000015693|obs_0000014824|obs_0000025802|obs_0000017698|obs_0000018804|obs_0000008197|obs_0000019979|obs_0000012306|obs_0000023575|obs_0000021028|obs_0000030259|obs_0000018996|obs_0000023607|obs_0000013893|obs_0000022092|obs_0000021583|obs_0000016980|obs_0000011363|obs_0000010362|obs_0000026755|obs_0000021646|obs_0000004751|obs_0000014487|obs_0000001186|obs_0000022180|obs_0000010937|obs_0000016585|obs_0000021709|obs_0000021205|obs_0000014558|obs_0000004324|obs_0000025328|obs_0000020209|obs_0000004850|obs_0000026865|obs_0000000263|obs_0000030477|obs_0000020764|obs_0000009006|obs_0000006455|obs_0000003897|obs_0000000326|obs_0000004423|obs_0000010056|obs_0000020827|obs_0000018282|obs_0000025971|obs_0000016259|obs_0000009605|obs_0000019850,obs_0000025802|obs_0000017698|obs_0000015693|obs_0000018804|obs_0000014824
BENCH,Sneakersocken,"€ 6,99","€ 22,90","pro Einheit = 6,99","Aus Baumwolle, Polyester und Elastan Größen 35/38 - 43/46",Nein,Dieses Angebot findest du vom 19.03. bis 25.03. in deiner Kaufland-Filiale.,2026-03-19,2026-03-25,images_kaufland/kaufland_offer_467.jpg,cat_non_food,,ref_000397,obs_0000015235|obs_0000013894|obs_0000013011|obs_0000012564|obs_0000013909|obs_0000026059|obs_0000014224|obs_0000022644|obs_0000014044|obs_0000026984,obs_0000015235|obs_0000013894|obs_0000013011|obs_0000012564
OSBORNE,Solaz Bio-Tempranillo,"€ 4,44","€ 5,99","1 l = 5,92","Kastilien, Aromen von Kirschen und roten Beeren, passt zu Pasta und schärferen Gerichten",Nein,Dieses Angebot findest du vom 19.03. bis 25.03. in deiner Kaufland-Filiale.,2026-03-19,2026-03-25,images_kaufland/kaufland_offer_308.jpg,"cat_getraenke,diet_lactose_free,diet_vegan,diet_vegetarian,tag_whole_food",,ref_000398,obs_0000035023,
Keine Marke,Span Bio-Gurke,"€ 0,99","€ 1,49","pro Einheit = 0,99",Kl. I,Nein,Dieses Angebot findest du vom 19.03. bis 25.03. in deiner Kaufland-Filiale.,2026-03-19,2026-03-25,images_kaufland/kaufland_offer_061.jpg,"cat_obst_gemuese,diet_gluten_free,diet_lactose_free,diet_vegan,diet_vegetarian,sub_frisches_gemuese,sub_frisches_obst,tag_whole_food",BLS-G520100,ref_000399,obs_0000012714|obs_0000014430|obs_0000010554|obs_0000012731|obs_0000013414|obs_0000013900|obs_0000015312|obs_0000015321|obs_0000008543|obs_0000027655|obs_0000002563|obs_0000003696|obs_0000026127|obs_0000027093|obs_0000001511|obs_0000034521,obs_0000012714|obs_0000014430
Keine Marke,Span Erdbeeren,"€ 1,99","€ 3,49","1 kg = 3,98",Kl. I,Nein,Dieses Angebot findest du vom 23.03. bis 25.03. in deiner Kaufland-Filiale.,2026-03-23,2026-03-25,images_kaufland/kaufland_offer_017.jpg,"cat_obst_gemuese,diet_gluten_free,diet_lactose_free,diet_vegan,diet_vegetarian,sub_exoten,sub_frisches_gemuese,sub_frisches_obst,tag_whole_food",,ref_000400,obs_0000012233|obs_0000013901|obs_0000011389|obs_0000013414|obs_0000013418|obs_0000027419|obs_0000029494|obs_0000030564|obs_0000030617|obs_0000030915|obs_0000031261|obs_0000031462|obs_0000031576|obs_0000032512|obs_0000000875|obs_0000006265|obs_0000006408|obs_0000022919|obs_0000024529,obs_0000012233|obs_0000013414|obs_0000013901
Keine Marke,Span Orangen,"€ 2,49","€ 3,49","1 kg = 1,66","Sorte laut Auszeichnung, Kl. I",Nein,Dieses Angebot findest du vom 19.03. bis 25.03. in deiner Kaufland-Filiale.,2026-03-19,2026-03-25,images_kaufland/kaufland_offer_054.jpg,"cat_obst_gemuese,diet_gluten_free,diet_lactose_free,diet_vegan,diet_vegetarian,sub_frisches_gemuese,sub_frisches_obst,tag_ultra_processed,tag_whole_food",,ref_000401,obs_0000010976|obs_0000012742|obs_0000013417|obs_0000014877|obs_0000015310|obs_0000015711|obs_0000010521|obs_0000012208|obs_0000008755|obs_0000008977|obs_0000009316|obs_0000009787|obs_0000010164|obs_0000011383|obs_0000011816|obs_0000012745|obs_0000013048|obs_0000013904|obs_0000014361|obs_0000014880|obs_0000016457|obs_0000017005|obs_0000019119|obs_0000021906|obs_0000024992|obs_0000026554|obs_0000027355|obs_0000027858|obs_0000028048|obs_0000028056|obs_0000029131|obs_0000029277|obs_0000029592|obs_0000029823|obs_0000030565|obs_0000030827|obs_0000031118|obs_0000031473|obs_0000032059|obs_0000032323|obs_0000034743|obs_0000014419|obs_0000024463|obs_0000025768,obs_0000010976|obs_0000012742|obs_0000013417|obs_0000014877|obs_0000015310|obs_0000015711
Keine Marke,Span Romanasalat XXL,"€ 1,99",,"pro Einheit = 1,99",Kl. I,Nein,Dieses Angebot findest du vom 23.03. bis 25.03. in deiner Kaufland-Filiale.,2026-03-23,2026-03-25,images_kaufland/kaufland_offer_664.jpg,"cat_obst_gemuese,diet_gluten_free,diet_lactose_free,diet_vegan,diet_vegetarian,sub_exoten,sub_frisches_gemuese,sub_frisches_obst,sub_salate,tag_whole_food",,ref_000402,obs_0000011385|obs_0000011813|obs_0000014876|obs_0000014878|obs_0000015685|obs_0000015719|obs_0000012763|obs_0000013967,
Keine Marke,Span Staudensellerie,"€ 0,99","€ 1,49","pro Einheit = 0,99",Kl. I,Nein,Dieses Angebot findest du vom 19.03. bis 25.03. in deiner Kaufland-Filiale.,2026-03-19,2026-03-25,images_kaufland/kaufland_offer_067.jpg,"cat_obst_gemuese,diet_gluten_free,diet_lactose_free,diet_vegan,diet_vegetarian,sub_frisches_gemuese,tag_whole_food",,ref_000403,obs_0000010563|obs_0000012239|obs_0000015651|obs_0000019554|obs_0000028538|obs_0000028655|obs_0000030261|obs_0000032336,obs_0000010563|obs_0000012239|obs_0000015651|obs_0000019554|obs_0000028538|obs_0000028655|obs_0000030261|obs_0000032336
Keine Marke,Span griech Erdbeeren,"€ 3,49","€ 4,99","1 kg = 8,73",Kl. I,Nein,Dieses Angebot findest du vom 19.03. bis 25.03. in deiner Kaufland-Filiale.,2026-03-19,2026-03-25,images_kaufland/kaufland_offer_055.jpg,"cat_obst_gemuese,diet_gluten_free,diet_lactose_free,diet_vegan,diet_vegetarian,sub_exoten,sub_frisches_gemuese,sub_frisches_obst,tag_whole_food",,ref_000404,obs_0000011389|obs_0000013418|obs_0000012233|obs_0000013901|obs_0000010521|obs_0000012208|obs_0000013414|obs_0000027419|obs_0000029494|obs_0000030564|obs_0000030617|obs_0000030915|obs_0000031261|obs_0000031462|obs_0000031576|obs_0000032512|obs_0000000875|obs_0000006265|obs_0000006408|obs_0000022919|obs_0000024529,obs_0000011389|obs_0000013418
Keine Marke,Span marokk Paprika rot,"€ 1,99","€ 2,79","1 kg = 3,98",KI. I,Nein,Dieses Angebot findest du vom 23.03. bis 25.03. in deiner Kaufland-Filiale.,2026-03-23,2026-03-25,images_kaufland/kaufland_offer_655.jpg,"cat_obst_gemuese,diet_gluten_free,diet_lactose_free,diet_vegan,diet_vegetarian,sub_frisches_gemuese,sub_frisches_obst,tag_whole_food",,ref_000405,obs_0000012231|obs_0000011395|obs_0000002309|obs_0000003697|obs_0000013303|obs_0000026240|obs_0000000499|obs_0000034909|obs_0000026665|obs_0000027930,obs_0000012231
UHU,Spezialkleber Creativ für Holz Naturmaterialien,"€ 3,99","€ 5,85","1 kg = 99,75","Für Holz und Naturmaterialien Ideal für Modellbau, Bilderrahmen etc. Schnelle und starke Klebeverbindung Klartrocknend Lösungsmittelfrei",Nein,Dieses Angebot findest du vom 19.03. bis 25.03. in deiner Kaufland-Filiale.,2026-03-19,2026-03-25,images_kaufland/kaufland_offer_386.jpg,"cat_non_food,diet_vegetarian",,ref_000406,,
FINISH,Spülmaschinen-Tabs oder -Caps,"€ 7,99","€ 8,99","pro Einheit = 0,19",versch. Sorten,Nein,Dieses Angebot findest du vom 19.03. bis 25.03. in deiner Kaufland-Filiale.,2026-03-19,2026-03-25,images_kaufland/kaufland_offer_343.jpg,cat_drogerie,,ref_000407,obs_0000012012|obs_0000015515|obs_0000010767|obs_0000013425|obs_0000010954|obs_0000012884|obs_0000024056|obs_0000024477|obs_0000016629,obs_0000012012|obs_0000015515
BECEL,Streichfett,"€ 1,39","€ 2,19","1 kg = 6,18","Classic oder Vital, 100 % pflanzlich, 28 - 39 % Fett",Nein,Dieses Angebot findest du vom 19.03. bis 25.03. in deiner Kaufland-Filiale.,2026-03-19,2026-03-25,images_kaufland/kaufland_offer_160.jpg,"cat_molkerei_kaese,sub_butter_margarine,tag_ultra_processed",,ref_000408,obs_0000014498|obs_0000023304|obs_0000028280|obs_0000010144|obs_0000013920|obs_0000009128|obs_0000030178|obs_0000014055|obs_0000031275|obs_0000031943|obs_0000011480|obs_0000033984|obs_0000017160,obs_0000014498|obs_0000023304|obs_0000028280|obs_0000010144|obs_0000013920
AVEC,Strickliesel-Set Prinzessin,"€ 3,99",,"pro Einheit = 3,99",Strickliesel aus Holz 2 Stricknadeln 3 x Strickgarn Inkl. Anleitung,Nein,Dieses Angebot findest du vom 19.03. bis 25.03. in deiner Kaufland-Filiale.,2026-03-19,2026-03-25,images_kaufland/kaufland_offer_485.jpg,"cat_non_food,tag_ultra_processed",,ref_000409,,
AVEC,Strickliesel-Set Prinz,"€ 3,99",,"pro Einheit = 3,99",Strickliesel aus Holz 2 Stricknadeln 3 x Strickgarn Inkl. Anleitung,Nein,Dieses Angebot findest du vom 19.03. bis 25.03. in deiner Kaufland-Filiale.,2026-03-19,2026-03-25,images_kaufland/kaufland_offer_484.jpg,"cat_non_food,tag_ultra_processed",,ref_000410,,
Keine Marke,Sweet Peppacaps,"€ 1,59",,"pro Einheit = 1,59",Kirschpaprika mit Frischkäsefüllung,Nein,Dieses Angebot findest du vom 19.03. bis 25.03. in deiner Kaufland-Filiale.,2026-03-19,2026-03-25,images_kaufland/kaufland_offer_190.jpg,"cat_grundnahrung,diet_gluten_free,diet_lactose_free,diet_vegan,diet_vegetarian,sub_exoten,sub_frisches_obst,tag_ultra_processed,tag_whole_food",,ref_000411,obs_0000008593|obs_0000011918|obs_0000014986|obs_0000015855|obs_0000005388|obs_0000011982|obs_0000014814,obs_0000008593|obs_0000011918|obs_0000014986|obs_0000015855
Keine Marke,Südafrik Tafeltrauben rot,"€ 1,49","€ 2,49","1 kg = 2,98","Sorte laut Auszeichnung, Kl. I",Nein,Dieses Angebot findest du vom 19.03. bis 25.03. in deiner Kaufland-Filiale.,2026-03-19,2026-03-25,images_kaufland/kaufland_offer_053.jpg,"cat_obst_gemuese,diet_gluten_free,diet_lactose_free,diet_vegan,diet_vegetarian,sub_frisches_obst,tag_whole_food",,ref_000412,obs_0000013442|obs_0000011782|obs_0000012251|obs_0000007315|obs_0000012672|obs_0000013921|obs_0000015240|obs_0000006278|obs_0000008527|obs_0000008710|obs_0000008765|obs_0000010211|obs_0000010312|obs_0000014088|obs_0000028335|obs_0000028835|obs_0000031873|obs_0000006261|obs_0000008792|obs_0000009624|obs_0000028721,obs_0000011782|obs_0000013442
Keine Marke,Südafrik chilen Pflaumen blau rot lose,"€ 2,99","€ 4,79","pro Einheit = 2,99","Sorte laut Auszeichnung, Kl. I",Nein,Dieses Angebot findest du vom 19.03. bis 25.03. in deiner Kaufland-Filiale.,2026-03-19,2026-03-25,images_kaufland/kaufland_offer_058.jpg,"cat_obst_gemuese,diet_gluten_free,diet_lactose_free,diet_vegan,diet_vegetarian,sub_frisches_gemuese,sub_frisches_obst,tag_whole_food",,ref_000413,obs_0000012678|obs_0000009067|obs_0000027247,obs_0000012678
Stilfser DOP,Südtiroler Käse,"€ 1,99","€ 2,69","pro Einheit = 1,99","Schnittkäse, vollaromatisch und kräftig würzig, 50 % Fett i. Tr.",Nein,Dieses Angebot findest du vom 19.03. bis 25.03. in deiner Kaufland-Filiale.,2026-03-19,2026-03-25,images_kaufland/kaufland_offer_163.jpg,"cat_molkerei_kaese,sub_kaese,sub_milchprodukte,tag_ultra_processed",,ref_000414,obs_0000008883|obs_0000006457|obs_0000010631,
SCHWARZKOPF,Taft Haarlack -spray oder Schaumfestiger,"€ 2,99",,"1 l = 11,96 - 19,94","Haarlack, -spray oder Schaumfestiger, versch. Sorten",Nein,Dieses Angebot findest du vom 23.03. bis 25.03. in deiner Kaufland-Filiale.,2026-03-23,2026-03-25,images_kaufland/kaufland_offer_667.jpg,cat_drogerie,,ref_000415,obs_0000012020|obs_0000008878|obs_0000026918|obs_0000028458|obs_0000018326|obs_0000032777|obs_0000026148,obs_0000005669|obs_0000012020|obs_0000006590
NIVEA,Tagespflege-Creme Q10,"€ 9,99","€ 12,65","1 l = 199,80","Anti-Falten-Creme mit Q10, LSF 15, versch. Sorten",Nein,Dieses Angebot findest du vom 19.03. bis 25.03. in deiner Kaufland-Filiale.,2026-03-19,2026-03-25,images_kaufland/kaufland_offer_349.jpg,cat_drogerie,,ref_000416,obs_0000014676|obs_0000011613|obs_0000033360|obs_0000015967|obs_0000013141,obs_0000014676|obs_0000011613|obs_0000014317
K-CLASSIC,Taschentücher Super-Soft,"€ 3,29",,"pro Einheit = 3,29","4-lagig, Limited Edition",Nein,Dieses Angebot findest du vom 19.03. bis 25.03. in deiner Kaufland-Filiale.,2026-03-19,2026-03-25,images_kaufland/kaufland_offer_339.jpg,cat_drogerie,,ref_000417,obs_0000014666|obs_0000012458|obs_0000009297|obs_0000009761|obs_0000021063|obs_0000021067|obs_0000025503|obs_0000025710|obs_0000019599|obs_0000020244|obs_0000020248|obs_0000033002|obs_0000006388|obs_0000031049|obs_0000024952|obs_0000012879|obs_0000021120|obs_0000033673|obs_0000011599|obs_0000013922|obs_0000012007|obs_0000020301,obs_0000014666
WASA,Tasty Snacks,"€ 1,99",,"1 kg = 8,47 - 10,48","Crisps oder Rounds, versch. Sorten",Nein,Dieses Angebot findest du vom 19.03. bis 25.03. in deiner Kaufland-Filiale.,2026-03-19,2026-03-25,images_kaufland/kaufland_offer_199.jpg,"cat_grundnahrung,diet_vegan,tag_ultra_processed",,ref_000418,obs_0000015426|obs_0000009748|obs_0000028823|obs_0000009285|obs_0000008773|obs_0000030004|obs_0000030005|obs_0000032224|obs_0000032225,obs_0000015426
MILKA,Tender,"€ 1,99","€ 3,19","1 kg = 10,76",mit Milchfüllung,Nein,Dieses Angebot findest du vom 19.03. bis 25.03. in deiner Kaufland-Filiale.,2026-03-19,2026-03-25,images_kaufland/kaufland_offer_202.jpg,"cat_grundnahrung,tag_ultra_processed",,ref_000419,obs_0000015430|obs_0000004759|obs_0000004332|obs_0000000268|obs_0000028434|obs_0000003905|obs_0000003394|obs_0000010183|obs_0000010696|obs_0000032297|obs_0000032123,obs_0000015430|obs_0000004759|obs_0000004332|obs_0000000268|obs_0000028434|obs_0000003905|obs_0000003394|obs_0000010183|obs_0000010696
BENCH,Tennissocken,"€ 7,99","€ 22,90","pro Einheit = 7,99","Aus Baumwolle, Polyester und Elastan Größen 35/38 - 43/46",Nein,Dieses Angebot findest du vom 19.03. bis 25.03. in deiner Kaufland-Filiale.,2026-03-19,2026-03-25,images_kaufland/kaufland_offer_466.jpg,"cat_non_food,diet_lactose_free",,ref_000420,obs_0000015203|obs_0000012592|obs_0000014802|obs_0000013019|obs_0000012152|obs_0000031926|obs_0000012151|obs_0000017506,obs_0000015203|obs_0000012592|obs_0000014802|obs_0000013019
THE PAPERMAKERS,Toilettenpapier XXL,"€ 6,79",,"pro Einheit = 6,79","3-lagig, reinweiß",Nein,Dieses Angebot findest du vom 19.03. bis 25.03. in deiner Kaufland-Filiale.,2026-03-19,2026-03-25,images_kaufland/kaufland_offer_338.jpg,cat_drogerie,,ref_000421,obs_0000011158|obs_0000000382|obs_0000004513|obs_0000002720|obs_0000004940|obs_0000012006|obs_0000004086|obs_0000023741|obs_0000025816|obs_0000024163|obs_0000013932|obs_0000019234|obs_0000018386|obs_0000010282|obs_0000002116|obs_0000026693|obs_0000034994|obs_0000028891|obs_0000004318|obs_0000033004|obs_0000000261|obs_0000014665|obs_0000033135|obs_0000006587|obs_0000025020|obs_0000012763|obs_0000000527|obs_0000004745|obs_0000027323|obs_0000033514|obs_0000000748|obs_0000008992|obs_0000000809|obs_0000033636|obs_0000033855|obs_0000013454|obs_0000001341|obs_0000028024|obs_0000011770|obs_0000003599|obs_0000001568|obs_0000013967|obs_0000028373|obs_0000026332|obs_0000003891|obs_0000016226,obs_0000022998|obs_0000011158|obs_0000023741|obs_0000025816|obs_0000024163|obs_0000013932|obs_0000012006
BESTWAY,Trampolin Xtreme Air,"€ 149,00","€ 199,95","pro Einheit = 149,00",Mit robustem Stahlrahmen Mit Federstift- und Bolzenverbindungen Sicherheitsnetz mit Reißverschluss-Öffnung Netzhalterungen schaumstoffgepolstert Materialien UV-beständig Schneller und einfacher Aufbau Größe ca. Ø 305 x 255 cm Inkl. 4 Bodenverankerungen und 8 Beinkappen,Nein,Dieses Angebot findest du vom 19.03. bis 25.03. in deiner Kaufland-Filiale.,2026-03-19,2026-03-25,images_kaufland/kaufland_offer_408.jpg,"cat_drogerie,diet_vegetarian",,ref_000422,,
Keine Marke,Trettraktor mit Anhänger,"€ 49,99",,"pro Einheit = 49,99",Aus Kunststoff Lenkrad mit Hupe Abnehmbarer Anhänger Belastbarkeit max. 50 kg Größe ca. B 144 x H 52 x T 45 cm Für Kinder ab 3 Jahren,Nein,Dieses Angebot findest du vom 19.03. bis 25.03. in deiner Kaufland-Filiale.,2026-03-19,2026-03-25,images_kaufland/kaufland_offer_420.jpg,"cat_obst_gemuese,diet_gluten_free,diet_lactose_free,diet_vegan,diet_vegetarian,tag_ultra_processed,tag_whole_food",,ref_000423,,
GRANINI,Trinkgenuss,"€ 1,69",,"pro Einheit = 1,69","Fruchtsaft oder -nektar, versch. Sorten (+ 0.25 Pfand)",Nein,Dieses Angebot findest du vom 19.03. bis 25.03. in deiner Kaufland-Filiale.,2026-03-19,2026-03-25,images_kaufland/kaufland_offer_279.jpg,cat_getraenke,,ref_000424,obs_0000021656|obs_0000009638|obs_0000022190|obs_0000023008|obs_0000020837|obs_0000017652|obs_0000014838|obs_0000032293|obs_0000029756,obs_0000021656|obs_0000009638|obs_0000022190|obs_0000023008|obs_0000020837|obs_0000017652|obs_0000014838
Keine Marke,Trinkgläser Stripes,"€ 4,99",,"pro Einheit = 4,99",Aus doppelwandigem Borosilikatglas Fassungsvermögen je ca. 250 ml Größe je ca. Ø 9 x 9 cm,Nein,Dieses Angebot findest du vom 19.03. bis 25.03. in deiner Kaufland-Filiale.,2026-03-19,2026-03-25,images_kaufland/kaufland_offer_432.jpg,"cat_getraenke,diet_gluten_free,diet_lactose_free,diet_vegan,diet_vegetarian,tag_ultra_processed",,ref_000425,,
PASSENGER,Trolley-Boardcase,"€ 29,99",,"pro Einheit = 29,99","Robuste, stoßfeste Polypropylen-Schalen Mit TSA-Zahlenschloss TSID-System-Funktion (Identifizieren bei Verlust 5-Positionen-Teleskopgriff Topgriff mit Softgrip und Rückzugsfunktion Innen mit 2 Reißverschluss-Netzfächern 2 Reißverschluss-Trennwänden, 2 Kreuzspanngurte 4 leichtlaufende Zwillingsrollen (360°) Eigengewicht 2,8 kg Fassungsvermögen ca. 30 l Größe ca. B 40 x H 55 x T 20 cm Entspricht den Handgepäckbestimmungen der meisten Fluggesellschaften Inkl. Beutel für Schuhe oder Wäsche",Nein,Dieses Angebot findest du vom 19.03. bis 25.03. in deiner Kaufland-Filiale.,2026-03-19,2026-03-25,images_kaufland/kaufland_offer_481.jpg,"cat_non_food,diet_vegetarian",,ref_000426,obs_0000024836|obs_0000024766|obs_0000012578|obs_0000012612|obs_0000012575,obs_0000024836|obs_0000024766
PASSENGER,Trolley-Reisekoffer ca 90 l,"€ 49,99",,"pro Einheit = 49,99","Robuste, stoßfeste Polypropylen-Schalen Mit TSA-Zahlenschloss TSID-Funktion (zur Identifizieren bei Verlust) 4-Positionen-Teleskopgriff Topgriff mit Softgrip und Rückzugsfunktion Innen mit 2 Reißverschluss-Netzfächern 2 Reißverschluss-Trennwänden, 2 Kreuzspanngurte 4 leichtlaufende Zwillingsrollen (360°) Eigengewicht 4,6 kg Fassungsvermögen ca. 90 l Größe ca. B 53 x H 79 x T 29 cm Inkl. 2 Beutel für Schuhe oder Wäsche",Nein,Dieses Angebot findest du vom 19.03. bis 25.03. in deiner Kaufland-Filiale.,2026-03-19,2026-03-25,images_kaufland/kaufland_offer_480.jpg,"cat_non_food,diet_lactose_free,diet_vegan,diet_vegetarian",,ref_000427,obs_0000021526|obs_0000025169|obs_0000024768|obs_0000020707|obs_0000012575|obs_0000012578|obs_0000012612,
Keine Marke,Tulpenstrauß,"€ 2,00",,"pro Einheit = 2,00",Mit 5 Blüten Größe ca. 39 cm,Nein,Dieses Angebot findest du vom 19.03. bis 25.03. in deiner Kaufland-Filiale.,2026-03-19,2026-03-25,images_kaufland/kaufland_offer_498.jpg,"cat_obst_gemuese,diet_gluten_free,diet_lactose_free,diet_vegan,diet_vegetarian,sub_frisches_obst,tag_ultra_processed,tag_whole_food",,ref_000428,obs_0000012709|obs_0000013461|obs_0000029066|obs_0000030044|obs_0000030738|obs_0000030748|obs_0000030381|obs_0000022589|obs_0000023821|obs_0000024243|obs_0000022592,obs_0000012709|obs_0000013461|obs_0000029066
MUSICMAN,TWS-In-Ear-Kopfhörer BT-X72,"€ 14,99","€ 39,99","pro Einheit = 14,99",Mit aktiver Geräuschunterdrückung (ANC) Eingebautes Freisprechmikrofon Touchscreen an der Ladebox Akkulaufzeit Kopfhörer bis zu 4 h Ladebox für bis zu 4 weitere Aufladungen Bluetooth-Version 5.3,Nein,Dieses Angebot findest du vom 19.03. bis 25.03. in deiner Kaufland-Filiale.,2026-03-19,2026-03-25,images_kaufland/kaufland_offer_363.jpg,"cat_non_food,diet_vegetarian",,ref_000429,obs_0000015139|obs_0000009194|obs_0000009676|obs_0000010800,
K-FAVOURITES,T te de Moine AOP Rosetten,"€ 3,33","€ 3,99","1 kg = 33,30","schweiz. Rohmilchkäse, mind. 50 % Fett i. Tr.",Nein,Dieses Angebot findest du vom 19.03. bis 25.03. in deiner Kaufland-Filiale.,2026-03-19,2026-03-25,images_kaufland/kaufland_offer_153.jpg,"cat_molkerei_kaese,diet_gluten_free,diet_lactose_free,diet_vegetarian,tag_whole_food",,ref_000430,obs_0000015808|obs_0000006804|obs_0000007553|obs_0000004697|obs_0000003688|obs_0000002673|obs_0000002207|obs_0000004270|obs_0000000226|obs_0000003843|obs_0000019261|obs_0000016731|obs_0000017266|obs_0000017302|obs_0000016893,obs_0000015808
MY PROJECT,Ultraschall-Marderschreck,"€ 9,99",,"pro Einheit = 9,99","Zuverlässiger Schutz vor Madern, Ratten, Mäusen Hält Tiere mit Ultraschall und Blitzlicht fern Dauerhafte Wirkung ohne Gewöhnungseffekt Mit wechselnden Frequenzen und Intervallbetrieb Ideal für Motorraum, Garage, Keller etc. Betrieb per Batterie, Autobatterie, USB-Kabel Größe ca. B 13 x H 3,4 x T 7,5 cm Inkl. 12-V-Anschlusskabel (mit Sicherung) Inkl. USB-Kabel und Batterien 3 Jahre Garantie",Nein,Dieses Angebot findest du vom 19.03. bis 25.03. in deiner Kaufland-Filiale.,2026-03-19,2026-03-25,images_kaufland/kaufland_offer_562.jpg,cat_non_food,,ref_000431,,
BENCH,Umhängetasche,"€ 9,99",,"pro Einheit = 9,99",Aus Nylon und Polyester Hauptfach und Vortasche mit Reißverschluss Mit verstellbarem Umhängeriemen Größe ca. B 15 x H 20 x T 6 cm,Nein,Dieses Angebot findest du vom 19.03. bis 25.03. in deiner Kaufland-Filiale.,2026-03-19,2026-03-25,images_kaufland/kaufland_offer_471.jpg,cat_non_food,,ref_000432,obs_0000008967|obs_0000014770,obs_0000008967
BENCH,Umhängetasche Moonbag,"€ 9,99",,"pro Einheit = 9,99",Aus Nylon und Polyester Gefüttert und gepolstert Haupt- und Innenfach mit Reißverschluss Mit verstellbarem Umhängeriemen Größe ca. B 37 x H 20 x T 9 cm,Nein,Dieses Angebot findest du vom 19.03. bis 25.03. in deiner Kaufland-Filiale.,2026-03-19,2026-03-25,images_kaufland/kaufland_offer_472.jpg,cat_non_food,,ref_000433,obs_0000008967,
MY PROJECT,Universal-Automatten-Set,"€ 6,99",,"pro Einheit = 6,99",Aus pflegeleichtem Polyester (Nadelfilz-Velours) Rückseite mit Granulatbeschichtung Fahrermatte mit verstärktem Trittschutz Für fast alle Pkw-Typen geeignet 3 Jahre Garantie,Nein,Dieses Angebot findest du vom 19.03. bis 25.03. in deiner Kaufland-Filiale.,2026-03-19,2026-03-25,images_kaufland/kaufland_offer_563.jpg,cat_non_food,,ref_000434,obs_0000010385|obs_0000011240|obs_0000035079,
LIV BO,Vase mit LED-Blütenzweigen,"€ 9,99",,"pro Einheit = 9,99",Keramikvase mit LED-beleuchteten Blütenzweigen Timerfunktion (6 h an/18 h aus) Gesamthöhe ca. 56 cm Versch. Ausführungen Inkl. Batterien 3 Jahre Garantie,Nein,Dieses Angebot findest du vom 19.03. bis 25.03. in deiner Kaufland-Filiale.,2026-03-19,2026-03-25,images_kaufland/kaufland_offer_456.jpg,"cat_non_food,tag_ultra_processed",,ref_000435,obs_0000023896|obs_0000024318,
NOA,Veganer Brotaufstrich,"€ 1,99","€ 2,49","1 kg = 11,38",versch. Sorten,Nein,Dieses Angebot findest du vom 19.03. bis 25.03. in deiner Kaufland-Filiale.,2026-03-19,2026-03-25,images_kaufland/kaufland_offer_180.jpg,"cat_grundnahrung,diet_lactose_free,diet_vegan,diet_vegetarian,sub_huelsenfruechte",,ref_000436,obs_0000011500|obs_0000014255|obs_0000019379|obs_0000034334|obs_0000015391|obs_0000023659|obs_0000014956|obs_0000031930|obs_0000013042|obs_0000010497|obs_0000008458|obs_0000010510|obs_0000013124|obs_0000012207|obs_0000034763|obs_0000031182|obs_0000018403|obs_0000023016,obs_0000011500|obs_0000014255|obs_0000019379
ARIEL,Voll- oder Colorwaschmittel,"€ 19,99",,"pro Einheit = 0,34","versch. Sorten, Pulver 3,6 kg, flüssig 3,6 l oder Pods 1,33 - 1,367 kg, = 60 - 80 Anwendungen",Nein,Dieses Angebot findest du vom 23.03. bis 25.03. in deiner Kaufland-Filiale.,2026-03-23,2026-03-25,images_kaufland/kaufland_offer_669.jpg,cat_drogerie,,ref_000437,obs_0000010760|obs_0000012002|obs_0000014866|obs_0000015700|obs_0000011156|obs_0000011597|obs_0000012453|obs_0000012874|obs_0000013475|obs_0000014661|obs_0000015297|obs_0000014662|obs_0000032919|obs_0000029574,obs_0000010760|obs_0000011156|obs_0000011597|obs_0000012002|obs_0000012453|obs_0000012874|obs_0000013475|obs_0000014661|obs_0000014662|obs_0000014866|obs_0000015297|obs_0000015700
Keine Marke,Vorratsglas Hasenohr,"€ 2,00",,"pro Einheit = 2,00","Größe ca. Ø 7,5 x 17 cm",Nein,Dieses Angebot findest du vom 19.03. bis 25.03. in deiner Kaufland-Filiale.,2026-03-19,2026-03-25,images_kaufland/kaufland_offer_501.jpg,"cat_obst_gemuese,diet_gluten_free,diet_lactose_free,diet_vegan,diet_vegetarian,sub_frisches_obst,tag_ultra_processed,tag_whole_food",,ref_000438,,
K-OSTER EDITION,Waffeleier,"€ 1,59",,"1 kg = 6,36","gefüllt, teils mit Zartbitterschokolade überzogen",Nein,Dieses Angebot findest du vom 19.03. bis 25.03. in deiner Kaufland-Filiale.,2026-03-19,2026-03-25,images_kaufland/kaufland_offer_251.jpg,"cat_knabbern_naschen,tag_ultra_processed",BLS-D621200,ref_000439,obs_0000030991|obs_0000013942,obs_0000030991|obs_0000013942
TRISTAR,Waffeleisen WF-1165KL,"€ 12,99","€ 29,90","pro Einheit = 12,99",Für 2 Waffeln pro Backvorgang Antihaftbeschichtete Platten Backfläche ca. 22 x 14 cm Deckel mit Sicherheitsverschluss Kontrolllampe Auch zum Campen geeignet 1.000 W,Nein,Dieses Angebot findest du vom 19.03. bis 25.03. in deiner Kaufland-Filiale.,2026-03-19,2026-03-25,images_kaufland/kaufland_offer_366.jpg,"cat_non_food,diet_lactose_free,diet_vegan,diet_vegetarian,tag_ultra_processed",,ref_000440,obs_0000033545|obs_0000005016|obs_0000003360|obs_0000024737|obs_0000026402|obs_0000002492|obs_0000004162|obs_0000004589,
PARKSIDE,Waschsauger PWS 20 F5,"€ 59,99",,"pro Einheit = 59,99","Kombisystem mit Sprüh- und Saugschlauch Auch als Nass- und Trockensauger einsetzbar Edelstahlbehälter ca. 20 l Abnehmbarer Wasser-/Reinigungsmitteltank ca. 4 l Regulierbarer Luftstrom Unterdruck max. 16 kPa Sprührate ca. 1 l/min Sprühdruck 2 bar Je 1 Boden-, Polster- und Fugendüse Je 1 Waschdüse für Polster und Hartflächen Je 1 Schaumstoff- und Papierfilterbeutel Arbeitsradius bis zu 9,5 m Saugleistung 250 AirWatt Bemessungsaufnahme 1.600 W Inkl. 100 ml Teppich- und Polsterreiniger 3 Jahre Garantie",Nein,Dieses Angebot findest du vom 19.03. bis 25.03. in deiner Kaufland-Filiale.,2026-03-19,2026-03-25,images_kaufland/kaufland_offer_370.jpg,cat_non_food,,ref_000441,,
PASSENGER,Weekender,"€ 12,99",,"pro Einheit = 12,99","Aus Polyester Mit Tragegriffen und gepolstertem Schultergurt Großes Hauptfach mit 2-Wege-Reißverschluss Mit Reißverschlussfach, Steckfach, Spanngurten Fassungsvermögen ca. 46 l Größe ca. B 55 x H 30 x T 29 cm",Nein,Dieses Angebot findest du vom 19.03. bis 25.03. in deiner Kaufland-Filiale.,2026-03-19,2026-03-25,images_kaufland/kaufland_offer_479.jpg,cat_non_food,,ref_000442,obs_0000024839,obs_0000024839
LENOR,Weichspüler,"€ 2,59","€ 2,85","pro Einheit = 0,07","versch. Sorten, = 38 Anwendungen",Nein,Dieses Angebot findest du vom 19.03. bis 25.03. in deiner Kaufland-Filiale.,2026-03-19,2026-03-25,images_kaufland/kaufland_offer_337.jpg,cat_drogerie,,ref_000443,obs_0000003597|obs_0000019489|obs_0000025167|obs_0000032849|obs_0000021593|obs_0000009843|obs_0000009383|obs_0000028356|obs_0000010952|obs_0000020774|obs_0000033198|obs_0000008124|obs_0000027580|obs_0000031701|obs_0000010761|obs_0000012876|obs_0000026203|obs_0000023651|obs_0000021098|obs_0000026740|obs_0000013955|obs_0000015508|obs_0000032921|obs_0000031910|obs_0000013480|obs_0000006387|obs_0000016125|obs_0000020279|obs_0000011598|obs_0000022870|obs_0000034675|obs_0000033664|obs_0000019865|obs_0000015261|obs_0000021945|obs_0000016852|obs_0000014305|obs_0000012004|obs_0000000802|obs_0000032282|obs_0000005663|obs_0000030775|obs_0000008789|obs_0000006762|obs_0000005297|obs_0000029375|obs_0000005858|obs_0000006941|obs_0000030075|obs_0000033155,obs_0000010761|obs_0000003597|obs_0000019489|obs_0000012876|obs_0000025167|obs_0000032849|obs_0000021593|obs_0000026203|obs_0000023651|obs_0000021098|obs_0000009843|obs_0000026740|obs_0000013955|obs_0000015508|obs_0000032921|obs_0000031910|obs_0000009383|obs_0000013480|obs_0000028356|obs_0000010952|obs_0000006387|obs_0000016125|obs_0000020774|obs_0000020279|obs_0000011598|obs_0000022870|obs_0000034675|obs_0000033664|obs_0000019865|obs_0000015261|obs_0000033198|obs_0000021945|obs_0000008124|obs_0000027580|obs_0000016852|obs_0000031701|obs_0000014305
LILLET,Weinaperitif,"€ 10,99",,"1 l = 14,66","Blanc oder Rosé, ideal für fruchtige Mischgetränke, 17 Vol. %",Nein,Dieses Angebot findest du vom 19.03. bis 25.03. in deiner Kaufland-Filiale.,2026-03-19,2026-03-25,images_kaufland/kaufland_offer_322.jpg,cat_getraenke,,ref_000444,obs_0000011990|obs_0000014873,obs_0000011990|obs_0000014873
ERDINGER,Weißbier oder Alkoholfrei,"€ 14,99",,"1 l = 1,50",(+ 3.10 Pfand),Nein,Dieses Angebot findest du vom 19.03. bis 25.03. in deiner Kaufland-Filiale.,2026-03-19,2026-03-25,images_kaufland/kaufland_offer_328.jpg,cat_getraenke,BLS-P1A1120,ref_000445,obs_0000011368|obs_0000015092|obs_0000000862|obs_0000007888|obs_0000034223|obs_0000011150|obs_0000034431|obs_0000011999|obs_0000012210|obs_0000029988|obs_0000014653|obs_0000031617|obs_0000015275|obs_0000015936|obs_0000034225|obs_0000035037|obs_0000027336|obs_0000028367|obs_0000028886|obs_0000028962|obs_0000028970|obs_0000031388|obs_0000031751|obs_0000031911,obs_0000011368|obs_0000015092
PARKSIDE,Werkstatt-Rollsitz,"€ 14,99",,"pro Einheit = 14,99",Leichtgängig dank 4 schwenkbarer Rollen Mit Werkzeugfächern unter dem Sitz Sitzfläche ca. 37 x 19 cm Belastbarkeit max. 125 kg Größe ca. B 37 x H 39 x T 35 cm Inkl. Montagematerial 3 Jahre Garantie,Nein,Dieses Angebot findest du vom 19.03. bis 25.03. in deiner Kaufland-Filiale.,2026-03-19,2026-03-25,images_kaufland/kaufland_offer_374.jpg,cat_non_food,,ref_000446,,
STORCK,Werther s Original,"€ 1,49","€ 1,79","1 kg = 6,09 - 8,28",versch. Sorten,Nein,Dieses Angebot findest du vom 23.03. bis 25.03. in deiner Kaufland-Filiale.,2026-03-23,2026-03-25,images_kaufland/kaufland_offer_650.jpg,"cat_getraenke,tag_ultra_processed",,ref_000447,obs_0000008479|obs_0000013029|obs_0000016138|obs_0000008804|obs_0000028730|obs_0000020611|obs_0000012423|obs_0000006283|obs_0000026772|obs_0000026832|obs_0000028896|obs_0000035052|obs_0000027005|obs_0000027048|obs_0000021000|obs_0000008777|obs_0000021117|obs_0000008906|obs_0000015051|obs_0000021430|obs_0000025547|obs_0000033763|obs_0000017384|obs_0000013325|obs_0000019505|obs_0000031800|obs_0000025705|obs_0000009334|obs_0000015502|obs_0000027791|obs_0000033975|obs_0000021758|obs_0000009525|obs_0000021868|obs_0000017799|obs_0000026035|obs_0000022184|obs_0000020181|obs_0000034561|obs_0000009987|obs_0000028429|obs_0000034575|obs_0000016167|obs_0000020298|obs_0000028516|obs_0000010117|obs_0000014249|obs_0000028630,obs_0000008479|obs_0000013029|obs_0000016138
JIM BEAM,Whiskey oder Whiskey-Likör,"€ 10,99","€ 15,99","1 l = 15,70","Kentucky Straight Bourbon, Honey oder Black Cherry, 32,5 - 40 Vol. %",Nein,Dieses Angebot findest du vom 23.03. bis 25.03. in deiner Kaufland-Filiale.,2026-03-23,2026-03-25,images_kaufland/kaufland_offer_641.jpg,cat_getraenke,,ref_000448,obs_0000011980|obs_0000013035|obs_0000015488|obs_0000011579|obs_0000011131|obs_0000012635|obs_0000013067|obs_0000000247|obs_0000003467|obs_0000020047|obs_0000003872|obs_0000012418|obs_0000004299|obs_0000020866|obs_0000004726|obs_0000022448,obs_0000011980|obs_0000013035|obs_0000015488
Aus eigener Herstellung,Wiener oder Käsewürstchen,"€ 1,19",,"pro Einheit = 1,19",knackig im Biss,Nein,Dieses Angebot findest du vom 19.03. bis 25.03. in deiner Kaufland-Filiale.,2026-03-19,2026-03-25,images_kaufland/kaufland_offer_116.jpg,"cat_fleisch_wurst,sub_wurst,tag_ultra_processed",BLS-W211200,ref_000449,obs_0000011447|obs_0000012784|obs_0000014929|obs_0000016119|obs_0000005417|obs_0000031788,obs_0000011447|obs_0000012784|obs_0000014929|obs_0000016119
K-GOLD EDITION,Wildlachs im Blätterteig,"€ 6,99",,"1 kg = 9,99",mit Spinat & Frischkäsecreme oder mit Dillsauce,Nein,Dieses Angebot findest du vom 19.03. bis 25.03. in deiner Kaufland-Filiale.,2026-03-19,2026-03-25,images_kaufland/kaufland_offer_177.jpg,"cat_tiefkuehl,tag_ultra_processed",,ref_000450,obs_0000002631|obs_0000002729|obs_0000003283|obs_0000028714|obs_0000026822|obs_0000031458|obs_0000028407|obs_0000028591|obs_0000028096,obs_0000002631|obs_0000002729|obs_0000003283
LENOR,Wäscheparfüm,"€ 3,49",,"1 kg = 22,52",versch. Sorten,Nein,Dieses Angebot findest du vom 23.03. bis 25.03. in deiner Kaufland-Filiale.,2026-03-23,2026-03-25,images_kaufland/kaufland_offer_646.jpg,cat_drogerie,,ref_000451,obs_0000011157|obs_0000014872|obs_0000011803|obs_0000009628|obs_0000013488|obs_0000003535|obs_0000033365|obs_0000025441|obs_0000032879|obs_0000010098|obs_0000022906|obs_0000017659|obs_0000033496|obs_0000018186|obs_0000012455|obs_0000026032|obs_0000014663|obs_0000015947|obs_0000033615|obs_0000028651|obs_0000028534|obs_0000024886|obs_0000030076,obs_0000018186|obs_0000011157|obs_0000014872|obs_0000011803|obs_0000009628|obs_0000013488|obs_0000026032|obs_0000003535|obs_0000033615|obs_0000033365|obs_0000033496|obs_0000025441|obs_0000032879|obs_0000010098|obs_0000022906|obs_0000017659
WZG MÖGLINGEN,Württemberger Rebsortenwein,"€ 3,49",,"1 l = 4,66","Qualitätsweine, Württemberg, z. B. Trollinger halbtrocken: weich, nussig, angenehm fruchtig, passt zu kalten Platten und Salaten",Nein,Dieses Angebot findest du vom 19.03. bis 25.03. in deiner Kaufland-Filiale.,2026-03-19,2026-03-25,images_kaufland/kaufland_offer_306.jpg,cat_getraenke,,ref_000452,obs_0000015077|obs_0000015698|obs_0000011581|obs_0000014154,obs_0000015077|obs_0000014154|obs_0000015698|obs_0000011581
MAGGI,Würze,"€ 1,99","€ 2,49","1 kg = 7,96","flüssig, vielseitig verwendbar",Nein,Dieses Angebot findest du vom 19.03. bis 25.03. in deiner Kaufland-Filiale.,2026-03-19,2026-03-25,images_kaufland/kaufland_offer_188.jpg,"cat_grundnahrung,tag_ultra_processed",,ref_000453,obs_0000009630|obs_0000031290|obs_0000033905|obs_0000010482,obs_0000009630|obs_0000031290|obs_0000033905|obs_0000010482
RAUCH,Yippy,"€ 0,79","€ 0,99","1 l = 2,40","Mehrfruchtsaftgetränk oder Eistee, versch. Sorten (+ 0.25 Pfand)",Nein,Dieses Angebot findest du vom 19.03. bis 25.03. in deiner Kaufland-Filiale.,2026-03-19,2026-03-25,images_kaufland/kaufland_offer_281.jpg,"cat_getraenke,diet_lactose_free,diet_vegetarian,tag_ultra_processed",,ref_000454,obs_0000011127,obs_0000011127
MATTEL,Zaubertränke Kristallkugel Monster High,"€ 9,99","€ 12,99","pro Einheit = 9,99","Mit Überraschungsfigur und ihrer Schicksalskarte Wasser zugeben, schütteln, Kugel drehen Für Kinder ab 4 Jahren",Nein,Dieses Angebot findest du vom 19.03. bis 25.03. in deiner Kaufland-Filiale.,2026-03-19,2026-03-25,images_kaufland/kaufland_offer_395.jpg,"cat_non_food,tag_ultra_processed",,ref_000455,,
KERRYGOLD,Zimt Zucker mit Butter,"€ 2,39",,"1 kg = 23,90",mit Butter aus irischer Weidemilch,Nein,Dieses Angebot findest du vom 19.03. bis 25.03. in deiner Kaufland-Filiale.,2026-03-19,2026-03-25,images_kaufland/kaufland_offer_138.jpg,"cat_molkerei_kaese,diet_vegetarian,sub_butter_margarine,sub_fleischersatz,sub_gefluegel,sub_kaese,sub_milchprodukte,sub_tk_gemuese,tag_high_protein",,ref_000456,obs_0000034970|obs_0000013125|obs_0000011467|obs_0000024620|obs_0000000107|obs_0000010409|obs_0000000190|obs_0000018644|obs_0000008456|obs_0000018772|obs_0000008556|obs_0000027049|obs_0000012797|obs_0000002620|obs_0000002676|obs_0000011042|obs_0000009075|obs_0000027517|obs_0000002984|obs_0000000997|obs_0000019493|obs_0000031786|obs_0000003267|obs_0000001425|obs_0000017835|obs_0000021984|obs_0000003591|obs_0000003636|obs_0000026359|obs_0000001828|obs_0000034619|obs_0000018391|obs_0000022502,
ZOTT,Zottarella Mini,"€ 1,79","€ 2,29","pro Einheit = 14,32","kleine, mit Basilikum verfeinerte Mozzarella-Kugeln, 45 % Fett i. Tr.",Nein,Dieses Angebot findest du vom 19.03. bis 25.03. in deiner Kaufland-Filiale.,2026-03-19,2026-03-25,images_kaufland/kaufland_offer_147.jpg,"cat_molkerei_kaese,diet_gluten_free,diet_lactose_free,diet_vegan,diet_vegetarian,sub_milchprodukte,sub_sahne_creme,tag_ultra_processed",,ref_000457,obs_0000011796|obs_0000012328|obs_0000006379|obs_0000010932|obs_0000017530|obs_0000026024|obs_0000018128|obs_0000016216,obs_0000011796
BRANDT,Zwieback Minis,"€ 1,49","€ 1,99","1 kg = 12,96",Vollmilch-Schoko oder Vollkorn-Zartbitter,Nein,Dieses Angebot findest du vom 19.03. bis 25.03. in deiner Kaufland-Filiale.,2026-03-19,2026-03-25,images_kaufland/kaufland_offer_200.jpg,"cat_grundnahrung,diet_gluten_free,diet_lactose_free,diet_vegan,diet_vegetarian,sub_frisches_gemuese,tag_ultra_processed,tag_whole_food",BLS-D038000,ref_000458,obs_0000014554|obs_0000011085|obs_0000001423|obs_0000013309|obs_0000019480|obs_0000015901|obs_0000025627|obs_0000019541|obs_0000012394|obs_0000025800|obs_0000024884|obs_0000016191|obs_0000022992|obs_0000013779|obs_0000022527,obs_0000014554
KOSMOS,Brief Siegel Bastelset Harry Potter,"€ 12,99","€ 24,99","pro Einheit = 12,99","Mit Schöpfrahmen für Pergamente Zum Briefschreiben, Buchbinden, Heuler basteln Schritt-für-Schritt-Anleitung mit vielen Tipps Für Kinder ab 8 Jahren",Nein,Dieses Angebot findest du vom 19.03. bis 25.03. in deiner Kaufland-Filiale.,2026-03-19,2026-03-25,images_kaufland/kaufland_offer_419.jpg,"cat_non_food,diet_vegetarian,tag_ultra_processed",,ref_000459,obs_0000028977|obs_0000025290|obs_0000003159|obs_0000002423,
LEGO STAR WARS,Der Mandalorianer u Grogu Bau- und Spielset 75436,"€ 6,99","€ 9,99","pro Einheit = 6,99",Mit 2 Mini-Figuren Mit Blastergewehr Für Kinder ab 6 Jahren,Nein,Dieses Angebot findest du vom 19.03. bis 25.03. in deiner Kaufland-Filiale.,2026-03-19,2026-03-25,images_kaufland/kaufland_offer_400.jpg,cat_non_food,,ref_000460,obs_0000008746|obs_0000001864,
LEGO CITY,Gefangenentransporter Bauset 60479,"€ 14,99","€ 19,99","pro Einheit = 14,99",Polizeiauto mit Gefängniszelle Fluchtmotorrad mit Haken Inkl. 3 Mini-Figuren Für Kinder ab 6 Jahren,Nein,Dieses Angebot findest du vom 19.03. bis 25.03. in deiner Kaufland-Filiale.,2026-03-19,2026-03-25,images_kaufland/kaufland_offer_401.jpg,"cat_non_food,tag_ultra_processed",,ref_000461,,
KOSMOS,Gips-Spaß mit Juri Bastelset,"€ 12,99","€ 19,99","pro Einheit = 12,99",Bastle deinen magischen Pinguin Juri aus Gips Mit Geheimfach für Botschaften Schritt-für-Schritt-Anleitung mit vielen Tipps Für Fans von »Die Schule der magischen Tiere« Für Kinder ab 8 Jahren,Nein,Dieses Angebot findest du vom 19.03. bis 25.03. in deiner Kaufland-Filiale.,2026-03-19,2026-03-25,images_kaufland/kaufland_offer_417.jpg,cat_non_food,,ref_000462,obs_0000002423|obs_0000003159,
ANIMONDA,Gran Carno Hundenahrung,"€ 2,22","€ 2,89","1 kg = 2,78","Junior, Senior oder versch. Sorten Adult",Nein,Dieses Angebot findest du vom 19.03. bis 25.03. in deiner Kaufland-Filiale.,2026-03-19,2026-03-25,images_kaufland/kaufland_offer_356.jpg,cat_drogerie,,ref_000463,obs_0000031754|obs_0000026642|obs_0000035081|obs_0000011178|obs_0000009004|obs_0000031674|obs_0000015976|obs_0000027763,
LEGO CREATOR,Häschen 3-in-1-Set 31162,"€ 14,99","€ 19,99","pro Einheit = 14,99","Mit beweglichen Kopf, Ohren etc. Umbaubar in Lama oder Robbe Für Kinder ab 8 Jahren",Nein,Dieses Angebot findest du vom 19.03. bis 25.03. in deiner Kaufland-Filiale.,2026-03-19,2026-03-25,images_kaufland/kaufland_offer_414.jpg,cat_non_food,,ref_000464,,
CLEMENTONI,Lamborghini Construction Challenge,"€ 24,99","€ 39,99","pro Einheit = 24,99",Modellbausatz mit mehr als 270 Komponenten Entdecke und aktiviere die Mechanismen Mit Zahnradlenkung und Differenzial Fördert die Fähigkeiten in den MINT-Fächern Für Kinder ab 8 Jahren,Nein,Dieses Angebot findest du vom 19.03. bis 25.03. in deiner Kaufland-Filiale.,2026-03-19,2026-03-25,images_kaufland/kaufland_offer_412.jpg,cat_non_food,,ref_000465,,
LEGO DISNEY,Mini Anna und Elsa Bau- und Spielset 43284,"€ 6,99","€ 9,99","pro Einheit = 6,99",Mit Sonnenblume und Eisblitz Für Kinder ab 5 Jahren,Nein,Dieses Angebot findest du vom 19.03. bis 25.03. in deiner Kaufland-Filiale.,2026-03-19,2026-03-25,images_kaufland/kaufland_offer_396.jpg,cat_non_food,,ref_000466,obs_0000008746|obs_0000001864,
KOSMOS,Perlen weben Bastelset,"€ 12,99","€ 17,99","pro Einheit = 12,99",Webrahmen mit 2 Funktionen Für Armbänder mit Wolle und/oder Perlen Für Kinder ab 6 Jahren,Nein,Dieses Angebot findest du vom 19.03. bis 25.03. in deiner Kaufland-Filiale.,2026-03-19,2026-03-25,images_kaufland/kaufland_offer_418.jpg,cat_non_food,,ref_000467,obs_0000003159|obs_0000002423,
CLEMENTONI,Rennwagen Construction Challenge,"€ 24,99","€ 39,99","pro Einheit = 24,99","Modellbausatz mit mehr als 370 Komponenten Entdecke und aktiviere die Mechanismen Mit Zahnradlenkung, aktiven Kolben, Flügeln Fördert die Fähigkeiten in den MINT-Fächern Für Kinder ab 8 Jahren",Nein,Dieses Angebot findest du vom 19.03. bis 25.03. in deiner Kaufland-Filiale.,2026-03-19,2026-03-25,images_kaufland/kaufland_offer_411.jpg,cat_non_food,,ref_000468,,
LEGO CREATOR,Schildkröte mit Seerose 3-in-1-Set 31377,"€ 6,99","€ 9,99","pro Einheit = 6,99",Kann Kopf und Maul bewegen Umbaubar in Chamäleon oder Frosch Für Kinder ab 7 Jahren,Nein,Dieses Angebot findest du vom 19.03. bis 25.03. in deiner Kaufland-Filiale.,2026-03-19,2026-03-25,images_kaufland/kaufland_offer_397.jpg,"cat_non_food,tag_ultra_processed",,ref_000469,,
LEGO MARVEL,Spidey auf Motorrad Spielset 11206,"€ 6,99","€ 9,99","pro Einheit = 6,99","Mit 2 Minifiguren, Motorrad, Starter-Bauelement Mit Pizzaofen-Shooter, Edelstein und Spinnennetz Für Kinder ab 4 Jahren",Nein,Dieses Angebot findest du vom 19.03. bis 25.03. in deiner Kaufland-Filiale.,2026-03-19,2026-03-25,images_kaufland/kaufland_offer_398.jpg,cat_non_food,,ref_000470,obs_0000008746|obs_0000001864,
LEGO,Verziertes Osterei Bau- und Spielset 40816,"€ 14,99","€ 19,99","pro Einheit = 14,99",Baubares Osterei mit Zierelementen Abnehmbarer Deckel Größe ca. Ø 7 x 10 cm Für Kinder ab 9 Jahren,Nein,Dieses Angebot findest du vom 19.03. bis 25.03. in deiner Kaufland-Filiale.,2026-03-19,2026-03-25,images_kaufland/kaufland_offer_399.jpg,cat_non_food,,ref_000471,obs_0000008746|obs_0000001864|obs_0000013810,
WIESBAUER,Österr Wurstspezialitäten,"€ 1,49",,"1 kg = 18,63","versch. Sorten, in Scheiben",Nein,Dieses Angebot findest du vom 19.03. bis 25.03. in deiner Kaufland-Filiale.,2026-03-19,2026-03-25,images_kaufland/kaufland_offer_104.jpg,"cat_fleisch_wurst,sub_wurst,tag_ultra_processed",,ref_000472,obs_0000014385|obs_0000015691|obs_0000012285|obs_0000009887|obs_0000009424|obs_0000014343|obs_0000013966|obs_0000011858|obs_0000016597|obs_0000019669,obs_0000014385|obs_0000015691|obs_0000012285
KINDER,Überraschung,"€ 0,79",,"1 kg = 39,50","aus Vollmilchschokolade mit Milchfüllung, Classic- oder Rosa-Ei",Nein,Dieses Angebot findest du vom 19.03. bis 25.03. in deiner Kaufland-Filiale.,2026-03-19,2026-03-25,images_kaufland/kaufland_offer_240.jpg,"cat_knabbern_naschen,tag_ultra_processed",,ref_000473,obs_0000012861|obs_0000030986|obs_0000024695|obs_0000013974|obs_0000015290|obs_0000013973|obs_0000015038|obs_0000023378|obs_0000010134|obs_0000029691|obs_0000016230|obs_0000017794|obs_0000019990|obs_0000026649|obs_0000031374|obs_0000008938|obs_0000021237|obs_0000021760|obs_0000016275|obs_0000020418|obs_0000016623|obs_0000019815,obs_0000012861|obs_0000030986
KINDER,Überraschung Maxi,"€ 2,99","€ 3,99","1 kg = 29,90","aus Vollmilchschokolade mit Milchfüllung, Classic- oder Rosa-Ei",Nein,Dieses Angebot findest du vom 19.03. bis 25.03. in deiner Kaufland-Filiale.,2026-03-19,2026-03-25,images_kaufland/kaufland_offer_245.jpg,"cat_knabbern_naschen,tag_ultra_processed",,ref_000474,obs_0000024695|obs_0000012861|obs_0000030986|obs_0000019990,obs_0000024695
