Marke,Produkt,Preis,Vorheriger_Preis,Preis_kg,RAW_Preis_kg,Hinweis,Nur_online,Gueltig_raw,Gueltig_von,Gueltig_bis,Bildpfad,assigned_labels,Einheit,nutrition_link,reference_row_id,rough_match_observation_ids,exact_match_observation_ids,brand_extracted,brand_normalized
LIVINGTON,3-in-1-Messerschärfer BladeStar,"€ 14,99","€ 39,90","pro Einheit = 14,99","pro Einheit = 14,99","Schärft, schleift und poliert Messer in Sekunden Grobschliff, Reparatur, Feinschliff und Politur Neigung lässt sich individuell einstellen 3-Stufen-Schleifsystem Mit eingebautem Scherenschleifer Sicher mit ergonomisch geformtem Griff Für Rechts- und Linkshänder geeignet Größe ca. 29 cm",Nein,Dieses Angebot findest du vom 09.04. bis 15.04. in deiner Kaufland-Filiale.,2026-04-09,2026-04-15,../images/kaufland/kaufland_offer_459.jpg,cat_non_food,,,ref_000001,obs_0000010880|obs_0000022715|obs_0000026352|obs_0000028981,obs_0000010880,,
HAMMERSMITH,5-in-1-Multi-Akku-Trimmer MultiWizard,"€ 59,99","€ 119,90","pro Einheit = 59,99","pro Einheit = 59,99","Rasenmäher, -trimmer und -kantenschneider Heckenschneider und Unkrautentferner Mit Rad-Satz vom Trimmer zum Rasenmäher Schnitthöhe 3-stufig einstellbar Teleskopstiel ca. 100 bis 130 cm Verstellbarer Sicherheitsgriff Mit kippbarem Schneidekopf Abschwenkbarer Blumenschutz Effizientes Arbeiten mit 10.000 min-1 Akku-Laufzeit bis zu 40 min Größe ca. 16 - 30 x 100 - 130 cm Inkl. 5 Polyamid-Klingen und 5 Nylonschneider Inkl. Akku und Ladegerät Inkl. Hut, Schutzbrille und Handschuhe",Nein,Dieses Angebot findest du vom 09.04. bis 15.04. in deiner Kaufland-Filiale.,2026-04-09,2026-04-15,../images/kaufland/kaufland_offer_465.jpg,cat_non_food,,,ref_000002,obs_0000035056,,,
Tefal,5-Sekunden-Zerkleinerer,"€ 9,99","€ 25,99","pro Einheit = 9,99","pro Einheit = 9,99",Mit Seilzugmechanismus (ohne Strom) Rotor mit 2 separaten Edelstahl-Klingen Deckel mit Verschlusssystem Behälter ca. 500 ml Rutschfester Boden Ohne Deckel spülmaschinengeeignet Größe ca. Ø 12 x 11 cm,Nein,Dieses Angebot findest du vom 09.04. bis 15.04. in deiner Kaufland-Filiale.,2026-04-09,2026-04-15,../images/kaufland/kaufland_offer_379.jpg,cat_non_food,,,ref_000003,obs_0000011227,obs_0000011227,,x
CILLIT BANG,6 in 1 WC-Duft Farbspüler,"€ 2,22","€ 2,69","1 kg = 31,72","1 kg = 31,72",versch. Sorten,Nein,Dieses Angebot findest du vom 09.04. bis 15.04. in deiner Kaufland-Filiale.,2026-04-09,2026-04-15,../images/kaufland/kaufland_offer_318.jpg,cat_drogerie,,,ref_000004,obs_0000020708|obs_0000025343|obs_0000021527,obs_0000020708|obs_0000025343|obs_0000021527,,
MEDIASHOP,6-in-1-Hand-Vakuumiergerät PowerXL Duo NutriSealer,"€ 39,99","€ 149,00","pro Einheit = 39,99","pro Einheit = 39,99","Vakuumieren, Versiegeln und Zuschneiden Portionsweise versiegeln und wiederversiegeln Ideal auch für Flüssigkeiten und Suppen Doppelversiegelung (mehrere kleine Tüten) Vollständig aufklappbarer Versiegelungsarm 3 automatische Programme Größe ca. B 45 x H/T 7,5 cm Inkl. je 2 Vakuumierfolienrollen und -beutel Inkl. Mehrzweck-Zubehör und Rezeptheft",Nein,Dieses Angebot findest du vom 09.04. bis 15.04. in deiner Kaufland-Filiale.,2026-04-09,2026-04-15,../images/kaufland/kaufland_offer_470.jpg,cat_non_food,,,ref_000005,obs_0000011965|obs_0000023297,,,
HAMMERSMITH,Akku-Druckreiniger HydroBlast,"€ 49,99","€ 79,90","pro Einheit = 11,00","pro Einheit = 11,00","Leichtes, kompaktes Handgerät Funktioniert per Schlauch mit Wasserhahn/Eimer Präzisions-Jet-Sprühdüse (punktuelle Reinigung) Weitwinkel-Sprühdüse (großflächige Reinigung) Hochdruckschlauch ca. 5 m Mikro-Sieb-Nanofilter Durchfluss ca. 210 l/h Leistung bis zu 7 bar Akkulaufzeit bis zu 40 min, Ladegerät Inkl. aufsteckbare Seifenschaumflasche",Nein,Dieses Angebot findest du vom 09.04. bis 15.04. in deiner Kaufland-Filiale.,2026-04-09,2026-04-15,../images/kaufland/kaufland_offer_472.jpg,cat_drogerie,,,ref_000006,,,,
LIVINGTON,Akku-Handstaubsauger Pocket Vac,"€ 17,99","€ 39,90","pro Einheit = 17,99","pro Einheit = 17,99","2 in 1: Mit Gebläseaufsatz für Blasfunktion Schnelles Umschalten von Saug- zu Blasfunktion Mit waschbarem Filter Mit Fugendüse, Bürstendüse und breiter Düse Schmutzbehälter schnell und einfach entleerbar Kompaktes Design mit geringem Gewicht Ideal für Haus, Büro, Auto, Garage und Werkstatt Akku-Laufzeit bis zu 10 min Inkl. Ersatzfilter, USB-C-Ladekabel und Tasche",Nein,Dieses Angebot findest du vom 09.04. bis 15.04. in deiner Kaufland-Filiale.,2026-04-09,2026-04-15,../images/kaufland/kaufland_offer_458.jpg,cat_non_food,,,ref_000007,obs_0000028196|obs_0000027251|obs_0000022693|obs_0000027883|obs_0000026908,,,
HAMMERSMITH,Akku-Mini-Kettensäge PocketSaw Pro,"€ 69,99","€ 99,99","pro Einheit = 69,99","pro Einheit = 69,99","Sägt mühlelos Äste, Holz, Sträucher etc. Für Schneidgut bis ca. Ø 15 cm Mit rutschfestem Soft-Touch-Griff Kette mit Schnellspannsystem und Blattschutz Akku-Laufzeit bis zu 25 min Inkl. Akku (21 V/1,5 Ah), Ladegerät und Koffer Inkl. Schutzbrille und Schutzhandschuhe",Nein,Dieses Angebot findest du vom 09.04. bis 15.04. in deiner Kaufland-Filiale.,2026-04-09,2026-04-15,../images/kaufland/kaufland_offer_461.jpg,cat_non_food,,,ref_000008,obs_0000012328|obs_0000006379|obs_0000010932|obs_0000017530|obs_0000026024|obs_0000018128|obs_0000016216,,,
LIVINGTON,Akku-Mini-Saftpresse JuiceBoost,"€ 29,99","€ 69,90","pro Einheit = 29,99","pro Einheit = 29,99","Kompakt, kabellos und tragbar Schonende 110 U/min Entsaftet vitaminschonend und nährstoffbewahrend Ideal für wasserhaltige Früchte Auffangbehälter ca. 160 ml Einfach per Knopfdruck direkt ins Glas Abnehmbare Teile spülmaschinengeeignet Für bis zu 50 Entsaftungsvorgänge pro Akkuladung Größe ca. 26 cm Inkl. USB-C-Kabel, Ladestecker und Rezeptheft",Nein,Dieses Angebot findest du vom 09.04. bis 15.04. in deiner Kaufland-Filiale.,2026-04-09,2026-04-15,../images/kaufland/kaufland_offer_468.jpg,cat_non_food,,,ref_000009,obs_0000012328|obs_0000006379|obs_0000010932|obs_0000017530|obs_0000026024|obs_0000018128|obs_0000016216,,,
Severin,Allesschneider 9578,"€ 34,99","€ 49,99","pro Einheit = 34,99","pro Einheit = 34,99",Zusammenklappbare Grundplatte Abnehmbare Edelstahlklinge Schnittstärke einstellbar von 0 bis 15 mm Sicherheits-Tast-Schalter Gleitschlitten mit Fingerschutz Restehalter 100 W,Nein,Dieses Angebot findest du vom 09.04. bis 15.04. in deiner Kaufland-Filiale.,2026-04-09,2026-04-15,../images/kaufland/kaufland_offer_345.jpg,cat_getraenke,,,ref_000010,obs_0000023708|obs_0000024130,,,x
MEISTER PROPER,Allzweckreiniger,"€ 1,59","€ 1,95","pro Einheit = 1,00","pro Einheit = 1,00",Citrusfrische,Nein,Dieses Angebot findest du vom 09.04. bis 15.04. in deiner Kaufland-Filiale.,2026-04-09,2026-04-15,../images/kaufland/kaufland_offer_314.jpg,cat_drogerie,,,ref_000011,obs_0000015511|obs_0000028653|obs_0000028536|obs_0000015111|obs_0000032923|obs_0000012460|obs_0000027822|obs_0000033204|obs_0000016580|obs_0000033486|obs_0000016106|obs_0000006947|obs_0000014188|obs_0000005664,obs_0000015111|obs_0000015511|obs_0000032923|obs_0000012460|obs_0000027822|obs_0000033204|obs_0000016580|obs_0000033486|obs_0000016106|obs_0000028653|obs_0000028536,,
EHRMANN,Almighurt,"€ 1,19","€ 2,39","1 kg = 2,38 - 2,54","1 kg = 2,38 - 2,54","Fruchtjoghurt, 3,8 %, versch. Sorten, oder griech. Art, 9,7 % Fett im Milchanteil (+ 0.15 Pfand)",Nein,Dieses Angebot findest du vom 09.04. bis 15.04. in deiner Kaufland-Filiale.,2026-04-09,2026-04-15,../images/kaufland/kaufland_offer_138.jpg,"cat_molkerei_kaese,diet_vegetarian,sub_joghurt_skyr_quark,sub_milchprodukte",,,ref_000012,obs_0000003093|obs_0000013502|obs_0000031451|obs_0000004902|obs_0000001348|obs_0000000360|obs_0000028525|obs_0000022905|obs_0000004475|obs_0000014217|obs_0000012194|obs_0000033699|obs_0000015270|obs_0000004048|obs_0000028641|obs_0000000497|obs_0000000513|obs_0000027740|obs_0000033915|obs_0000034514|obs_0000007335|obs_0000005336|obs_0000005901|obs_0000032555|obs_0000032081|obs_0000030116,obs_0000003093|obs_0000007335|obs_0000013502|obs_0000005336|obs_0000031451|obs_0000005901|obs_0000004902|obs_0000032555|obs_0000001348|obs_0000032081|obs_0000000360|obs_0000028525|obs_0000022905|obs_0000004475|obs_0000014217|obs_0000012194|obs_0000033699|obs_0000030116|obs_0000015270|obs_0000004048|obs_0000028641|obs_0000000497,,
IZA EFFECT,Anti-Fuß- und Nagelpilzspray,"€ 14,99","€ 39,90","1 l = 149,90","1 l = 149,90",Wirkstoff Wasserstoffperoxid Mit Vitamin-E-Teebaumöl Eliminiert die Keime auf Haut und Nägeln Schafft so ein optimiertes Fußklima Beugt der Ausbreitung von Bakterien/Fußpilz vor Schützt und pflegt Haut und Nägel Anwendung ohne Abspülen (schnelltrocknend),Nein,Dieses Angebot findest du vom 09.04. bis 15.04. in deiner Kaufland-Filiale.,2026-04-09,2026-04-15,../images/kaufland/kaufland_offer_462.jpg,cat_drogerie,,,ref_000013,obs_0000010868,obs_0000010868,,
COUNTRYSIDE,Anzündkamin,"€ 6,99","€ 11,99","pro Einheit = 6,99","pro Einheit = 6,99",Aus verzinktem Stahl Griff mit Hitzeschutzblech Unterstützender Bügelgriff Für bis zu 2 kg Holzkohle oder Grillbriketts Vereinfacht das Anzünden Beschleunigt die Glutbildung Korpus ca. Ø 19 x 30 cm,Nein,Dieses Angebot findest du vom 09.04. bis 15.04. in deiner Kaufland-Filiale.,2026-04-09,2026-04-15,../images/kaufland/kaufland_offer_476.jpg,"cat_non_food,tag_ultra_processed",,,ref_000014,,,,
Aperol,Aperitivo,"€ 8,88","€ 13,99","1 l = 12,69","1 l = 12,69","Aperitif aus bitteren und süßen Orangen sowie ausgewählten Kräutern und Wurzeln, 11 Vol. %",Nein,Dieses Angebot findest du vom 13.04. bis 15.04. in deiner Kaufland-Filiale.,2026-04-13,2026-04-15,../images/kaufland/kaufland_offer_018.jpg,"cat_getraenke,sub_tk_fertiggerichte,tag_high_protein",,,ref_000015,obs_0000013069|obs_0000008990|obs_0000020899|obs_0000003633|obs_0000009522|obs_0000021836|obs_0000020080|obs_0000015485|obs_0000009984|obs_0000008244|obs_0000010091|obs_0000003572|obs_0000001345|obs_0000002969|obs_0000001820|obs_0000021548|obs_0000031404|obs_0000021817|obs_0000006214|obs_0000018389|obs_0000000860|obs_0000007649|obs_0000006003|obs_0000032755|obs_0000011128|obs_0000020729|obs_0000029262|obs_0000000857|obs_0000001269|obs_0000005262,obs_0000013069|obs_0000008990|obs_0000020899|obs_0000003633|obs_0000009522|obs_0000008244|obs_0000021836|obs_0000007649|obs_0000010091|obs_0000020080|obs_0000006003|obs_0000003572|obs_0000015485|obs_0000009984,,x
K-CLASSIC,Apfelsaft,"€ 0,88","€ 1,19","pro Einheit = 1,00","pro Einheit = 1,00","klar, aus Apfelsaftkonzentrat, 100 % Fruchtgehalt",Nein,Dieses Angebot findest du vom 09.04. bis 15.04. in deiner Kaufland-Filiale.,2026-04-09,2026-04-15,../images/kaufland/kaufland_offer_272.jpg,"cat_getraenke,diet_gluten_free,diet_lactose_free,diet_vegan,diet_vegetarian,sub_frisches_obst,tag_ultra_processed,tag_whole_food",,BLS-F110600,ref_000016,obs_0000012415|obs_0000009982|obs_0000031216|obs_0000031745|obs_0000027820|obs_0000008232|obs_0000027495|obs_0000003589|obs_0000029410|obs_0000034232|obs_0000016646|obs_0000010908|obs_0000013831,obs_0000012415|obs_0000031216|obs_0000031745|obs_0000027820|obs_0000009982,,
SWITZERLAND,Appenzeller mild-würzig,"€ 2,22",,"pro Einheit = 100,00","pro Einheit = 100,00","schweiz. Schnittkäse, mind. 3 Monate gereift, 48 % Fett i. Tr.",Nein,Dieses Angebot findest du vom 09.04. bis 15.04. in deiner Kaufland-Filiale.,2026-04-09,2026-04-15,../images/kaufland/kaufland_offer_160.jpg,"cat_molkerei_kaese,sub_kaese,sub_milchprodukte",,,ref_000017,obs_0000011897|obs_0000013070|obs_0000015815|obs_0000012811|obs_0000015395|obs_0000011483|obs_0000011051|obs_0000008426|obs_0000031242|obs_0000034288,obs_0000011897|obs_0000013070|obs_0000015815,,
Keine Marke,Argent chilen Bio-Tafelbirnen,"€ 2,29","€ 2,79","1 kg = 4,58","1 kg = 4,58","Sorte laut Auszeichung, Kl. I",Nein,Dieses Angebot findest du vom 09.04. bis 15.04. in deiner Kaufland-Filiale.,2026-04-09,2026-04-15,../images/kaufland/kaufland_offer_066.jpg,"cat_obst_gemuese,diet_gluten_free,diet_lactose_free,diet_vegan,diet_vegetarian,sub_frisches_obst,tag_whole_food",,,ref_000018,obs_0000008373|obs_0000008712|obs_0000010484|obs_0000028513|obs_0000028627,,,
LUMINARC,Auflaufform rund Smart Cuisine Wavy,"€ 4,99",,"pro Einheit = 4,99","pro Einheit = 4,99",Aus gehärtetem Glas Sehr hohe Kratz- und Stoßfestigkeit Backofengeeignet bis 250 °C Spülmaschinengeeignet Größe ca. Ø 26 x 7 cm,Nein,Dieses Angebot findest du vom 09.04. bis 15.04. in deiner Kaufland-Filiale.,2026-04-09,2026-04-15,../images/kaufland/kaufland_offer_389.jpg,cat_non_food,,,ref_000019,obs_0000011225|obs_0000016018|obs_0000012983,,,
LUMINARC,Auflaufform Smart Cuisine Wavy,"€ 4,99",,"pro Einheit = 4,99","pro Einheit = 4,99","Aus gehärtetem Glas Sehr hohe Kratz- und Stoßfestigkeit Backofengeeignet bis 250 °C Spülmaschinengeeignet Größe ca. B 30 x H 5,8 x T 22 cm",Nein,Dieses Angebot findest du vom 09.04. bis 15.04. in deiner Kaufland-Filiale.,2026-04-09,2026-04-15,../images/kaufland/kaufland_offer_388.jpg,"cat_non_food,diet_vegetarian",,,ref_000020,obs_0000016018|obs_0000012983,,,
PLATINUM,Autopflege SpraySensation,"€ 19,99","€ 39,90","1 l = 39,98","1 l = 39,98","Für strahlende Sauberkeit ganz ohne Wasser Poliert, pflegt, versiegelt in einem Arbeitsgang Sprühflasche motorbetrieben Inkl. Mikrofasertuch",Nein,Dieses Angebot findest du vom 09.04. bis 15.04. in deiner Kaufland-Filiale.,2026-04-09,2026-04-15,../images/kaufland/kaufland_offer_463.jpg,cat_drogerie,,,ref_000021,,,,
NUTELLA,B-Ready,"€ 1,69","€ 2,39","1 kg = 12,81","1 kg = 12,81","knusprige Waffeln, gefüllt mit Nuss-Nugat-Creme",Nein,Dieses Angebot findest du vom 13.04. bis 15.04. in deiner Kaufland-Filiale.,2026-04-13,2026-04-15,../images/kaufland/kaufland_offer_601.jpg,"cat_knabbern_naschen,tag_ultra_processed",,,ref_000022,obs_0000013084|obs_0000022882|obs_0000015477|obs_0000027540|obs_0000032010|obs_0000030992|obs_0000026643|obs_0000016031|obs_0000034474|obs_0000006508|obs_0000016016|obs_0000016026,obs_0000013084|obs_0000022882|obs_0000015477,,
Severin,Back- und Toastofen TO 9560,"€ 49,99",,"pro Einheit = 49,99","pro Einheit = 49,99","Garraum ca. 20 l Auch für große Pizzen und Kuchenformen geeignet Temperaturbereich von 100 bis 230 °C 4-Stufen-Schalter (Ober-/Unterhitze/Kombi/Aus) 60-min-Timer Herausnehmbares Krümelblech Größe ca. B 44 x H 30 x T 40 cm 1.500 W Inkl. Pizzastein, Grillrost und Backblech",Nein,Dieses Angebot findest du vom 09.04. bis 15.04. in deiner Kaufland-Filiale.,2026-04-09,2026-04-15,../images/kaufland/kaufland_offer_347.jpg,"cat_grundnahrung,diet_vegetarian,tag_ultra_processed",,,ref_000023,,,,x
DR OETKER,Backmischung,"€ 1,99","€ 3,79","1 kg = 8,21 - 13,54","1 kg = 8,21 - 13,54","für Cinnamon Rolls, Brookies, Muffins oder Brownies, versch. Sorten",Nein,Dieses Angebot findest du vom 09.04. bis 15.04. in deiner Kaufland-Filiale.,2026-04-09,2026-04-15,../images/kaufland/kaufland_offer_222.jpg,"cat_grundnahrung,tag_ultra_processed",,,ref_000024,obs_0000014392|obs_0000017486|obs_0000013511|obs_0000016698|obs_0000019833|obs_0000011099|obs_0000024607|obs_0000004129|obs_0000020009|obs_0000003410|obs_0000004983|obs_0000019837|obs_0000021949|obs_0000004556|obs_0000018407|obs_0000024609|obs_0000024623|obs_0000024625|obs_0000024628|obs_0000024629|obs_0000023622|obs_0000026456|obs_0000006495|obs_0000019824|obs_0000024608|obs_0000007018|obs_0000006653,obs_0000014392|obs_0000017486|obs_0000014006|obs_0000013511|obs_0000003332|obs_0000016698|obs_0000019829|obs_0000019833|obs_0000002465,,
K-CLASSIC,Bacon-Scheiben,"€ 1,11",,"1 kg = 11,10","1 kg = 11,10","roher Bauchspeck, gepökelt und geräuchert",Nein,Dieses Angebot findest du vom 09.04. bis 15.04. in deiner Kaufland-Filiale.,2026-04-09,2026-04-15,../images/kaufland/kaufland_offer_112.jpg,"cat_fleisch_wurst,diet_vegetarian,sub_kaese,sub_milchprodukte,sub_schwein,tag_ultra_processed",,,ref_000025,obs_0000014386|obs_0000010432|obs_0000013086|obs_0000007859|obs_0000026814|obs_0000020750|obs_0000025059|obs_0000012775|obs_0000011008|obs_0000001018|obs_0000001019|obs_0000021569|obs_0000007431|obs_0000014146,obs_0000014386|obs_0000010432|obs_0000013086,,
LIV BO,Bad-Hochschrank Corfu,"€ 39,99",,"pro Einheit = 39,99","pro Einheit = 39,99",Modernes Design mit Eiche-Artisan-Nachbildung Mit höhenverstellbaren Einlegeböden 2 offene Ablagefächer Pflegeleichte Melaminharzbeschichtung Tür beidseitig montierbar Griffe aus Metall Mit stabilen Standfüßen Obere Ablagefläche max. 5 kg Je Einlegeboden max. 3 kg Größe ca. B 32 x H 180 x T 28 cm Inkl. Montagematerial,Nein,Dieses Angebot findest du vom 09.04. bis 15.04. in deiner Kaufland-Filiale.,2026-04-09,2026-04-15,../images/kaufland/kaufland_offer_336.jpg,"cat_non_food,tag_ultra_processed",,,ref_000026,obs_0000013515|obs_0000013517|obs_0000025617|obs_0000019511|obs_0000018395,obs_0000013515,,
LIV BO,Bad-Seitenschrank Corfu,"€ 34,99",,"pro Einheit = 34,99","pro Einheit = 34,99",Modernes Design mit Eiche-Artisan-Nachbildung Leichtgängige Schubladen mit Metallauszügen Mit höhenverstellbarem Einlegeboden Pflegeleichte Melaminharzbeschichtung Tür beidseitig montierbar Griffe aus Metall Mit stabilen Standfüßen Obere Ablagefläche max. 5 kg Einlegeboden max. 3 kg Größe ca. B 32 x H 98 x T 28 cm Inkl. Montagematerial,Nein,Dieses Angebot findest du vom 09.04. bis 15.04. in deiner Kaufland-Filiale.,2026-04-09,2026-04-15,../images/kaufland/kaufland_offer_335.jpg,cat_non_food,,,ref_000027,obs_0000013517|obs_0000013515|obs_0000016406|obs_0000017028|obs_0000023448|obs_0000025610|obs_0000017992|obs_0000019725|obs_0000020485|obs_0000021304|obs_0000025417|obs_0000023462,obs_0000013517,,
COUNTRYSIDE,Balkonsichtschutz,"€ 6,99",,"pro Einheit = 1,56","pro Einheit = 1,56",Aus robustem Kunststoff (HDPE) Temperaturbeständig (-30 bis +60 °C) Mit 24 Alu-Ösen und Kordel (ca. 24 m) Größe ca. 600 x 75 cm 3 Jahre Garantie,Nein,Dieses Angebot findest du vom 09.04. bis 15.04. in deiner Kaufland-Filiale.,2026-04-09,2026-04-15,../images/kaufland/kaufland_offer_418.jpg,cat_non_food,,,ref_000028,,,,
PHILIPS,Bartschneider BT3615 15,"€ 19,99","€ 34,99","pro Einheit = 19,99","pro Einheit = 19,99","Selbstschärfende Klingen Klingen mit abgerundeten Spitzen 20 Schnittlängen einstellbar (0,5 - 20 mm) Lift-&-Trimm-Kämme heben das Haar an Abwaschbar Akku-Laufzeit bis zu 60 min LED-Ladestandsanzeige USB-A-Ladeanschluss Inkl. Reinigungsbürste",Nein,Dieses Angebot findest du vom 09.04. bis 15.04. in deiner Kaufland-Filiale.,2026-04-09,2026-04-15,../images/kaufland/kaufland_offer_364.jpg,cat_non_food,,,ref_000029,obs_0000023263|obs_0000022895|obs_0000023455,,,
HÄNDLMAIER,Bayerischer Senf,"€ 1,49","€ 1,79","1 l = 4,45","1 l = 4,45","süßer Hausmacher-, Altbayerischer- oder Weißwurst-Senf",Nein,Dieses Angebot findest du vom 09.04. bis 15.04. in deiner Kaufland-Filiale.,2026-04-09,2026-04-15,../images/kaufland/kaufland_offer_189.jpg,cat_grundnahrung,,,ref_000030,obs_0000015410|obs_0000011068|obs_0000014534|obs_0000031812,obs_0000015410|obs_0000011068|obs_0000014534,,
COBURGER,Bayr Landkäse,"€ 2,99","€ 3,59","1 kg = 8,55","1 kg = 8,55","cremig-würziger Weichkäse mit Rotkulturen, Doppelrahmstufe",Nein,Dieses Angebot findest du vom 09.04. bis 15.04. in deiner Kaufland-Filiale.,2026-04-09,2026-04-15,../images/kaufland/kaufland_offer_148.jpg,"cat_molkerei_kaese,sub_kaese,sub_milchprodukte",,,ref_000031,obs_0000011047|obs_0000014492|obs_0000009758|obs_0000014374|obs_0000028743,obs_0000011047|obs_0000014492,,
VITAKRAFT,Beef- oder Fish-Stick,"€ 0,33",,"1 kg = 22,00 - 27,50","1 kg = 22,00 - 27,50","Hundesnack, versch. Sorten",Nein,Dieses Angebot findest du vom 09.04. bis 15.04. in deiner Kaufland-Filiale.,2026-04-09,2026-04-15,../images/kaufland/kaufland_offer_331.jpg,"cat_drogerie,tag_ultra_processed",,,ref_000032,obs_0000011179|obs_0000013526|obs_0000033864|obs_0000027319|obs_0000002886,obs_0000011179|obs_0000013526,,
SALZBURGMILCH,Bergkäse oder Heujuwel,"€ 2,22","€ 3,29","1 kg = 8,88","1 kg = 8,88","Premium Original Bergkäse oder Premium Heujuwel, aus Heumilch, würzig-kräftig, 50 % Fett i. Tr.",Nein,Dieses Angebot findest du vom 13.04. bis 15.04. in deiner Kaufland-Filiale.,2026-04-13,2026-04-15,../images/kaufland/kaufland_offer_596.jpg,"cat_molkerei_kaese,diet_vegetarian,sub_kaese,sub_milchprodukte,tag_ultra_processed",,,ref_000033,obs_0000011332|obs_0000012326|obs_0000013094|obs_0000014951|obs_0000016093|obs_0000008766|obs_0000033971|obs_0000022817|obs_0000022831,obs_0000011332|obs_0000012326|obs_0000013094|obs_0000014951,,
Keine Marke,Bettwäsche-Set Squishmallows,"€ 14,99",,"pro Einheit = 2,00","pro Einheit = 2,00",Aus Baumwolle Größe ca. 135 x 200/80 x 80 cm,Nein,Dieses Angebot findest du vom 09.04. bis 15.04. in deiner Kaufland-Filiale.,2026-04-09,2026-04-15,../images/kaufland/kaufland_offer_449.jpg,"cat_obst_gemuese,diet_gluten_free,diet_lactose_free,diet_vegan,diet_vegetarian,tag_whole_food",,,ref_000034,obs_0000010547|obs_0000008944|obs_0000016078|obs_0000012228|obs_0000012230|obs_0000026412,,,
Keine Marke,Bettwäsche-Set Super Mario,"€ 14,99",,"pro Einheit = 2,00","pro Einheit = 2,00",Aus Baumwolle Größe ca. 135 x 200/80 x 80 cm,Nein,Dieses Angebot findest du vom 09.04. bis 15.04. in deiner Kaufland-Filiale.,2026-04-09,2026-04-15,../images/kaufland/kaufland_offer_450.jpg,"cat_getraenke,diet_gluten_free,diet_lactose_free,diet_vegan,diet_vegetarian,tag_whole_food",,,ref_000035,obs_0000026412,,,
K-BIO,Bio-Black-Tiger-Garnelen,"€ 4,39",,"1 kg = 24,39","1 kg = 24,39","mit Schutzeisglasur, roh, entdarmt, gesalzen, ohne Kopf",Nein,Dieses Angebot findest du vom 09.04. bis 15.04. in deiner Kaufland-Filiale.,2026-04-09,2026-04-15,../images/kaufland/kaufland_offer_171.jpg,"cat_tiefkuehl,diet_lactose_free,diet_vegan,diet_vegetarian",,,ref_000036,obs_0000007811|obs_0000007405|obs_0000000369|obs_0000001313|obs_0000001520|obs_0000003502|obs_0000003631|obs_0000004067|obs_0000004494|obs_0000004921,,,
K-BIO,Bio-Couscous,"€ 1,05",,"1 kg = 2,10","1 kg = 2,10","ideal für Salate, als Beilage und mehr",Nein,Dieses Angebot findest du vom 09.04. bis 15.04. in deiner Kaufland-Filiale.,2026-04-09,2026-04-15,../images/kaufland/kaufland_offer_214.jpg,"cat_grundnahrung,diet_gluten_free,diet_lactose_free,diet_vegan,diet_vegetarian,tag_whole_food",,,ref_000037,obs_0000030021|obs_0000031591,,,
K-BIO,Bio-Hummus,"€ 1,29",,"1 kg = 6,45","1 kg = 6,45","classic, fein abgeschmeckt",Nein,Dieses Angebot findest du vom 09.04. bis 15.04. in deiner Kaufland-Filiale.,2026-04-09,2026-04-15,../images/kaufland/kaufland_offer_175.jpg,"cat_grundnahrung,diet_gluten_free,diet_lactose_free,diet_vegan,diet_vegetarian,tag_whole_food",,,ref_000038,obs_0000006145|obs_0000029488|obs_0000013249|obs_0000031633|obs_0000029282,,,
K-BIO,Bio-Kichererbsenwaffeln,"€ 1,35",,"1 kg = 13,50","1 kg = 13,50",mit Meersalz,Nein,Dieses Angebot findest du vom 09.04. bis 15.04. in deiner Kaufland-Filiale.,2026-04-09,2026-04-15,../images/kaufland/kaufland_offer_204.jpg,"cat_grundnahrung,diet_gluten_free,diet_lactose_free,diet_vegan,diet_vegetarian,sub_huelsenfruechte,tag_whole_food",,,ref_000039,,,,
K-BIO,Bio-Kochhinterschinken,"€ 2,79",,"1 kg = 27,90","1 kg = 27,90","Spitzenqualität, gepökelt, schonend gegart",Nein,Dieses Angebot findest du vom 09.04. bis 15.04. in deiner Kaufland-Filiale.,2026-04-09,2026-04-15,../images/kaufland/kaufland_offer_110.jpg,"cat_fleisch_wurst,diet_gluten_free,diet_lactose_free,diet_vegan,diet_vegetarian,sub_schwein,sub_wurst,tag_ultra_processed",,,ref_000040,obs_0000008869|obs_0000026780|obs_0000026817|obs_0000011852,obs_0000008869|obs_0000026780|obs_0000026817|obs_0000011852,,
K-BIO,Bio-Stieleis Classic,"€ 3,19",,"1 l = 11,82","1 l = 11,82","mit Bourbon-Vanilleeiscreme, überzogen mit Zartbitterschokolade",Nein,Dieses Angebot findest du vom 09.04. bis 15.04. in deiner Kaufland-Filiale.,2026-04-09,2026-04-15,../images/kaufland/kaufland_offer_165.jpg,"cat_tiefkuehl,diet_gluten_free,diet_lactose_free,diet_vegan,diet_vegetarian,tag_ultra_processed,tag_whole_food",,,ref_000041,obs_0000024877|obs_0000025668|obs_0000001628|obs_0000001643|obs_0000034649|obs_0000026776|obs_0000026884|obs_0000035101|obs_0000011543|obs_0000028751|obs_0000020596|obs_0000028861|obs_0000021415|obs_0000013433|obs_0000014962|obs_0000015018|obs_0000031658,,,
K-BIO,Bio-Tomatenketchup,"€ 1,99",,"1 l = 4,43","1 l = 4,43",mit sonnengereiften Bio-Tomaten,Nein,Dieses Angebot findest du vom 09.04. bis 15.04. in deiner Kaufland-Filiale.,2026-04-09,2026-04-15,../images/kaufland/kaufland_offer_188.jpg,"cat_grundnahrung,diet_gluten_free,diet_lactose_free,diet_vegan,diet_vegetarian,sub_frisches_gemuese,tag_whole_food",,,ref_000042,obs_0000027525|obs_0000030928|obs_0000034075|obs_0000003095|obs_0000003819|obs_0000004246|obs_0000004673,obs_0000027525,,
K-BIO,Bio-Triangoli oder -Ravioli,"€ 2,49",,"1 kg = 9,96","1 kg = 9,96",mit Käse- bzw. Tomate-Mozzarella-Füllung,Nein,Dieses Angebot findest du vom 09.04. bis 15.04. in deiner Kaufland-Filiale.,2026-04-09,2026-04-15,../images/kaufland/kaufland_offer_174.jpg,"cat_grundnahrung,diet_gluten_free,diet_lactose_free,diet_vegan,diet_vegetarian,tag_whole_food",,,ref_000043,obs_0000010082|obs_0000027414|obs_0000014375,,,
Bioland,dtsch Zwiebeln,"€ 1,79","€ 2,29","pro Einheit = 1,00","pro Einheit = 1,00",Kl. II,Nein,Dieses Angebot findest du vom 13.04. bis 15.04. in deiner Kaufland-Filiale.,2026-04-13,2026-04-15,../images/kaufland/kaufland_offer_585.jpg,"cat_obst_gemuese,diet_gluten_free,diet_lactose_free,diet_vegan,diet_vegetarian,sub_frisches_gemuese,tag_whole_food",,,ref_000044,obs_0000011832|obs_0000012260|obs_0000013600|obs_0000010555|obs_0000015277|obs_0000011335|obs_0000011407|obs_0000010571|obs_0000012259|obs_0000010332|obs_0000033910|obs_0000027284|obs_0000019110|obs_0000009977|obs_0000008443|obs_0000009515|obs_0000025391|obs_0000027439|obs_0000008014|obs_0000026474|obs_0000028015|obs_0000028061|obs_0000027041,obs_0000011832|obs_0000023331|obs_0000012260,x,
K-BIO,Bioland Hackfleisch gemischt,"€ 5,49","€ 6,19","1 kg = 13,73","1 kg = 13,73","von Schwein und Rind, zum Braten",Nein,Dieses Angebot findest du vom 09.04. bis 15.04. in deiner Kaufland-Filiale.,2026-04-09,2026-04-15,../images/kaufland/kaufland_offer_106.jpg,"cat_fleisch_wurst,diet_vegetarian,sub_hackfleisch,sub_rind,sub_schwein,tag_proteinreich",,BLS-U010132,ref_000045,obs_0000014917|obs_0000012768|obs_0000010463|obs_0000009524|obs_0000009222|obs_0000009248|obs_0000016944|obs_0000030269|obs_0000025678|obs_0000029783|obs_0000033883|obs_0000014463|obs_0000021126|obs_0000008856|obs_0000027808|obs_0000005797|obs_0000011430|obs_0000018085|obs_0000030894|obs_0000029892|obs_0000030922|obs_0000006355|obs_0000006874|obs_0000034536|obs_0000030962|obs_0000022287|obs_0000017204|obs_0000031538|obs_0000020307|obs_0000026963|obs_0000031582|obs_0000009575|obs_0000028033|obs_0000007077|obs_0000030174|obs_0000027617|obs_0000009702|obs_0000005620|obs_0000012282|obs_0000001646|obs_0000018612|obs_0000019652|obs_0000028433|obs_0000017754|obs_0000000505|obs_0000001083|obs_0000000646|obs_0000030444|obs_0000000826,obs_0000014917|obs_0000001646|obs_0000010463|obs_0000028433|obs_0000009524|obs_0000012768|obs_0000000505,,
K-BIO,Bioland Karottensaft,"€ 0,85",,"1 l = 1,70","1 l = 1,70",mit Zitronensaft,Nein,Dieses Angebot findest du vom 09.04. bis 15.04. in deiner Kaufland-Filiale.,2026-04-09,2026-04-15,../images/kaufland/kaufland_offer_274.jpg,"cat_getraenke,diet_gluten_free,diet_lactose_free,diet_vegan,diet_vegetarian,sub_frisches_gemuese,tag_whole_food",,,ref_000046,,obs_0000008142,,
JOHNNIE WALKER,Black Label Whisky,"€ 19,99","€ 27,99","1 l = 28,56","1 l = 28,56","aus mind. 12 Jahre gereiften Whiskys aus ganz Schottland, 40 Vol. %",Nein,Dieses Angebot findest du vom 13.04. bis 15.04. in deiner Kaufland-Filiale.,2026-04-13,2026-04-15,../images/kaufland/kaufland_offer_604.jpg,cat_getraenke,,,ref_000047,obs_0000011307|obs_0000013108|obs_0000008414|obs_0000019341|obs_0000025014|obs_0000016700|obs_0000019797|obs_0000029774,obs_0000011307|obs_0000013108,,
COUNTRYSIDE,Bluetooth -Grillthermometer CTGT 2 4 A2,"€ 9,99",,"pro Einheit = 9,99","pro Einheit = 9,99","8 Garprogramme (z. B. Rind, Fisch, Hamburger) 5 Garstufen (z. B. medium) Benachrichtigung bei erreichter Garstufe Mit Timerfunktion Komfortabel steuerbar über die Kaufland Home App Datenübertragung zum Empfänger per Bluetooth® Mit 2 separat einstellbare Temperatursonden Display für aktuelle Messtemperaturen Mit Magneten zur Befestigung Messbereich -10 bis +300 °C Reichweite ca. 50 m Kabel ca. 1,2 m Inkl. Batterien und Edelstahlhalterung 3 Jahre Garantie",Nein,Dieses Angebot findest du vom 09.04. bis 15.04. in deiner Kaufland-Filiale.,2026-04-09,2026-04-15,../images/kaufland/kaufland_offer_479.jpg,"cat_non_food,diet_vegetarian",,,ref_000048,,,,
Aus eigener Herstellung,Bockwurst,"€ 0,99","€ 1,49","pro Einheit = 100,00","pro Einheit = 100,00",im Naturdarm,Nein,Dieses Angebot findest du vom 09.04. bis 15.04. in deiner Kaufland-Filiale.,2026-04-09,2026-04-15,../images/kaufland/kaufland_offer_124.jpg,"cat_fleisch_wurst,sub_wurst,tag_ultra_processed",,BLS-W211100,ref_000049,obs_0000026650|obs_0000013111|obs_0000008163|obs_0000011754|obs_0000014323|obs_0000027507|obs_0000025859|obs_0000024648|obs_0000011007|obs_0000031241|obs_0000030230,obs_0000026650|obs_0000013111|obs_0000008163|obs_0000011754|obs_0000014323|obs_0000027507,,
PHILIPS,Bodygroomer MG 3920 15,"€ 19,99","€ 32,99","pro Einheit = 19,99","pro Einheit = 19,99","7 in 1: Zum Trimmen, Schneiden und Stylen Für Gesicht, Haar und Körper 7 Aufsätze inkl. Nasen- und Ohrhaartrimmer Aufsätze abwaschbar Selbstschärfende Klingen Klingen mit abgerundeten Spitzen Längeneinstellungen 0,5 - 12 mm Akku-Laufzeit bis zu 60 min LED-Ladestandsanzeige USB-A-Ladeanschluss Inkl. Tasche und Reinigungsbürste",Nein,Dieses Angebot findest du vom 09.04. bis 15.04. in deiner Kaufland-Filiale.,2026-04-09,2026-04-15,../images/kaufland/kaufland_offer_360.jpg,cat_non_food,,,ref_000050,obs_0000023263|obs_0000022895,,,
DR OETKER,Bourbon-Vanille-Soße Löffelglück,"€ 1,29","€ 1,69","1 l = 5,16","1 l = 5,16",aus frischer Sahne,Nein,Dieses Angebot findest du vom 09.04. bis 15.04. in deiner Kaufland-Filiale.,2026-04-09,2026-04-15,../images/kaufland/kaufland_offer_139.jpg,"cat_molkerei_kaese,tag_ultra_processed",,,ref_000051,obs_0000012793|obs_0000013766|obs_0000010356|obs_0000014562|obs_0000013031,,,
K-CLASSIC,Butter-Cookies,"€ 3,39","€ 3,99","1 kg = 6,78","1 kg = 6,78",traditionelles dän. Gebäck,Nein,Dieses Angebot findest du vom 09.04. bis 15.04. in deiner Kaufland-Filiale.,2026-04-09,2026-04-15,../images/kaufland/kaufland_offer_262.jpg,"cat_knabbern_naschen,diet_gluten_free,diet_vegetarian,sub_butter_margarine,sub_milchprodukte,tag_ultra_processed",,,ref_000052,obs_0000024620|obs_0000020539|obs_0000000107|obs_0000010409|obs_0000034970|obs_0000018644|obs_0000008456|obs_0000018772|obs_0000002400|obs_0000008556|obs_0000027049|obs_0000025068|obs_0000012797|obs_0000002620|obs_0000002676|obs_0000011042|obs_0000013125|obs_0000021358|obs_0000009075|obs_0000027517|obs_0000000997|obs_0000019493|obs_0000031786|obs_0000003267|obs_0000011467|obs_0000001425|obs_0000017835|obs_0000021984|obs_0000003591|obs_0000003636|obs_0000026359|obs_0000018391|obs_0000022502,,,
MEGGLE,Butterschmalz,"€ 2,99",,"1 kg = 11,96","1 kg = 11,96","zum Braten, Kochen oder Backen",Nein,Dieses Angebot findest du vom 09.04. bis 15.04. in deiner Kaufland-Filiale.,2026-04-09,2026-04-15,../images/kaufland/kaufland_offer_159.jpg,"cat_molkerei_kaese,diet_gluten_free,diet_vegetarian,sub_butter_margarine,sub_milchprodukte",,BLS-Q683000,ref_000053,obs_0000014499|obs_0000013544|obs_0000021011|obs_0000025398|obs_0000002883|obs_0000020192|obs_0000001914|obs_0000007334|obs_0000006096,obs_0000021011|obs_0000014499|obs_0000025398|obs_0000002883|obs_0000020192|obs_0000013544|obs_0000001914,,
Oral-B,Bürstenköpfe,"€ 12,99","€ 14,95","pro Einheit = 5,00","pro Einheit = 5,00","oszillierend-rotierend, für elektrische Oral-B-Zahnbürsten, versch. Sorten",Nein,Dieses Angebot findest du vom 09.04. bis 15.04. in deiner Kaufland-Filiale.,2026-04-09,2026-04-15,../images/kaufland/kaufland_offer_324.jpg,cat_drogerie,,,ref_000054,obs_0000011172,obs_0000011172,,x
K-CLASSIC,Cashew-Erdnuss-Mix,"€ 1,79",,"1 kg = 8,95","1 kg = 8,95",Honig & Salz oder Hot Chili,Nein,Dieses Angebot findest du vom 09.04. bis 15.04. in deiner Kaufland-Filiale.,2026-04-09,2026-04-15,../images/kaufland/kaufland_offer_252.jpg,"cat_knabbern_naschen,diet_gluten_free,diet_lactose_free,diet_vegan,diet_vegetarian,tag_ultra_processed,tag_whole_food",,,ref_000055,obs_0000013132|obs_0000001231|obs_0000001477|obs_0000001724|obs_0000001936|obs_0000024700,obs_0000013132,,
K-CLASSIC,Cashewkerne,"€ 2,22","€ 2,89","1 kg = 11,10","1 kg = 11,10",naturbelassen,Nein,Dieses Angebot findest du vom 09.04. bis 15.04. in deiner Kaufland-Filiale.,2026-04-09,2026-04-15,../images/kaufland/kaufland_offer_223.jpg,"cat_grundnahrung,diet_gluten_free,diet_lactose_free,diet_vegan,diet_vegetarian,tag_ultra_processed,tag_whole_food",,BLS-H170100,ref_000056,obs_0000008514|obs_0000010715|obs_0000014187|obs_0000004333|obs_0000000269|obs_0000019047|obs_0000004760|obs_0000019120|obs_0000003123|obs_0000023783|obs_0000001471|obs_0000024203|obs_0000003906|obs_0000008174|obs_0000009587|obs_0000011800|obs_0000010037|obs_0000015254|obs_0000013549|obs_0000016108|obs_0000020770|obs_0000000364|obs_0000004485|obs_0000013097|obs_0000004912|obs_0000019430|obs_0000025645|obs_0000021589|obs_0000023680|obs_0000023729|obs_0000017937|obs_0000024160|obs_0000004058|obs_0000022497|obs_0000030929|obs_0000029229|obs_0000029318|obs_0000029371|obs_0000032167|obs_0000003559|obs_0000017933|obs_0000007697,obs_0000004333|obs_0000000269|obs_0000008514|obs_0000010715|obs_0000019047|obs_0000004760|obs_0000019120|obs_0000003123|obs_0000023783|obs_0000009587|obs_0000001471|obs_0000011800|obs_0000024203|obs_0000010037|obs_0000003906|obs_0000014187|obs_0000008174,,
Nestlé,Cerealien Maxi-Pack,"€ 3,99","€ 5,79","1 kg = 5,92 - 6,39","1 kg = 5,92 - 6,39",Lion Karamell und Schokolade oder Cini Minis,Nein,Dieses Angebot findest du vom 09.04. bis 15.04. in deiner Kaufland-Filiale.,2026-04-09,2026-04-15,../images/kaufland/kaufland_offer_220.jpg,"cat_grundnahrung,tag_ultra_processed",,,ref_000057,obs_0000015441|obs_0000010904|obs_0000019645|obs_0000013550|obs_0000028013|obs_0000026092|obs_0000002573|obs_0000010261|obs_0000021080|obs_0000014569|obs_0000019709|obs_0000020261|obs_0000021907,obs_0000015441,,x
Keine Marke,Chia-Skyr-Brötchen,"€ 0,29","€ 0,45","pro Einheit = 0,29","pro Einheit = 0,29","Weizenkleingebäck mit Skyr, Chiasamen und Haferflocken",Nein,Dieses Angebot findest du vom 13.04. bis 15.04. in deiner Kaufland-Filiale.,2026-04-13,2026-04-15,../images/kaufland/kaufland_offer_019.jpg,"cat_grundnahrung,diet_gluten_free,diet_lactose_free,diet_vegan,diet_vegetarian,tag_ultra_processed,tag_whole_food",,,ref_000058,obs_0000009765|obs_0000015423|obs_0000009301|obs_0000011081|obs_0000028831|obs_0000017572|obs_0000004900|obs_0000001901|obs_0000004473|obs_0000003453|obs_0000004046|obs_0000002541,obs_0000009765|obs_0000015423|obs_0000009301|obs_0000011081,,
Keine Marke,Chicken Crispies XXL,"€ 6,99",,"1 kg = 9,32","1 kg = 9,32","aus Hähnchenbrustfilets, mit Dips",Nein,Dieses Angebot findest du vom 09.04. bis 15.04. in deiner Kaufland-Filiale.,2026-04-09,2026-04-15,../images/kaufland/kaufland_offer_104.jpg,"cat_fleisch_wurst,diet_gluten_free,diet_lactose_free,diet_vegan,diet_vegetarian,sub_frisches_gemuese,sub_gefluegel,sub_tk_fertiggerichte,tag_high_protein,tag_proteinreich,tag_ultra_processed,tag_whole_food",,,ref_000059,obs_0000028440|obs_0000014459|obs_0000004259|obs_0000000219|obs_0000016942|obs_0000014916|obs_0000004686|obs_0000002753|obs_0000013137|obs_0000025608|obs_0000025791|obs_0000009447|obs_0000019764|obs_0000015749|obs_0000017874|obs_0000003555|obs_0000020015|obs_0000018026|obs_0000009912|obs_0000003832|obs_0000032589|obs_0000028498|obs_0000026469|obs_0000028611|obs_0000012763|obs_0000014997|obs_0000023578|obs_0000013967,,,
IGLO,Chicken-Nuggets,"€ 5,00","€ 5,98","1 kg = 10,00","1 kg = 10,00",Classic oder Safari-Mix,Nein,Dieses Angebot findest du vom 13.04. bis 15.04. in deiner Kaufland-Filiale.,2026-04-13,2026-04-15,../images/kaufland/kaufland_offer_591.jpg,"cat_tiefkuehl,sub_gefluegel,sub_tk_fertiggerichte,sub_tk_gemuese,tag_ultra_processed",,,ref_000060,obs_0000022059|obs_0000011493|obs_0000021236|obs_0000034184|obs_0000020417|obs_0000025151|obs_0000021057|obs_0000027865|obs_0000013038|obs_0000020238|obs_0000026980|obs_0000021927|obs_0000029176|obs_0000000509|obs_0000008364|obs_0000009626|obs_0000016942|obs_0000014916|obs_0000014459|obs_0000009912|obs_0000002753|obs_0000009447|obs_0000019764|obs_0000032589|obs_0000013137|obs_0000028498|obs_0000026469|obs_0000015749|obs_0000007602|obs_0000028611|obs_0000017874|obs_0000003555|obs_0000029165|obs_0000034807|obs_0000023578|obs_0000023581|obs_0000018122|obs_0000012280|obs_0000022399|obs_0000018297|obs_0000022443|obs_0000018617|obs_0000017782,obs_0000022059|obs_0000025151|obs_0000021057|obs_0000027865|obs_0000011493|obs_0000013038|obs_0000021236|obs_0000020238|obs_0000026980|obs_0000034184|obs_0000021927|obs_0000007602|obs_0000020417|obs_0000029165|obs_0000029176|obs_0000000509,,
Keine Marke,Chilen kolumb Avocado lose,"€ 1,49","€ 1,99","pro Einheit = 1,49","pro Einheit = 1,49","Sorte: »Hass«, Kl. I",Nein,Dieses Angebot findest du vom 09.04. bis 15.04. in deiner Kaufland-Filiale.,2026-04-09,2026-04-15,../images/kaufland/kaufland_offer_060.jpg,"cat_obst_gemuese,diet_gluten_free,diet_lactose_free,diet_vegan,diet_vegetarian,sub_exoten,sub_frisches_gemuese,sub_frisches_obst,tag_ultra_processed,tag_whole_food",,,ref_000061,obs_0000012744|obs_0000014440|obs_0000011409|obs_0000012255|obs_0000025778|obs_0000024863|obs_0000029201|obs_0000008728|obs_0000000058|obs_0000020117|obs_0000000694|obs_0000027854|obs_0000034516|obs_0000014073|obs_0000017166|obs_0000001305|obs_0000034105|obs_0000018748|obs_0000030562|obs_0000027541|obs_0000029123|obs_0000020936,obs_0000012744,,
Keine Marke,Chin brasil Ingwer lose,"€ 3,99","€ 5,99","pro Einheit = 3,99","pro Einheit = 3,99",,Nein,Dieses Angebot findest du vom 09.04. bis 15.04. in deiner Kaufland-Filiale.,2026-04-09,2026-04-15,../images/kaufland/kaufland_offer_069.jpg,"cat_obst_gemuese,diet_gluten_free,diet_lactose_free,diet_vegan,diet_vegetarian,sub_exoten,sub_frisches_gemuese,sub_frisches_obst,tag_ultra_processed,tag_whole_food",,,ref_000062,obs_0000014888|obs_0000010575|obs_0000007992|obs_0000028059,,,
K-CLASSIC,Cola Cola-Mix oder Limonade,"€ 0,49","€ 0,65","1 l = 0,33","1 l = 0,33","versch. Sorten, z. T. koffeinhaltig (+ 0.25 Pfand)",Nein,Dieses Angebot findest du vom 09.04. bis 15.04. in deiner Kaufland-Filiale.,2026-04-09,2026-04-15,../images/kaufland/kaufland_offer_266.jpg,"cat_getraenke,tag_ultra_processed",,,ref_000063,obs_0000011967|obs_0000015266|obs_0000005628|obs_0000006206|obs_0000026704|obs_0000026971|obs_0000027324|obs_0000011966|obs_0000028943|obs_0000013560|obs_0000005829|obs_0000006361|obs_0000031839|obs_0000015478|obs_0000008405|obs_0000013978|obs_0000024700|obs_0000016686|obs_0000016754|obs_0000000445|obs_0000008772|obs_0000017032|obs_0000008921|obs_0000000810|obs_0000009023|obs_0000017246|obs_0000009119|obs_0000001014|obs_0000017639|obs_0000009657|obs_0000026058|obs_0000026204|obs_0000026276|obs_0000026287|obs_0000026323|obs_0000026438|obs_0000018375|obs_0000026581|obs_0000026646|obs_0000034850|obs_0000027015|obs_0000027037|obs_0000027047|obs_0000027133|obs_0000019364|obs_0000027567|obs_0000003042|obs_0000027814|obs_0000027972|obs_0000028026,obs_0000011967|obs_0000015266,,
K-CLASSIC,Cookies,"€ 1,39","€ 1,79","1 kg = 6,18 - 6,95","1 kg = 6,18 - 6,95",versch. Sorten,Nein,Dieses Angebot findest du vom 13.04. bis 15.04. in deiner Kaufland-Filiale.,2026-04-13,2026-04-15,../images/kaufland/kaufland_offer_606.jpg,"cat_grundnahrung,diet_gluten_free,diet_lactose_free,diet_vegan,diet_vegetarian,tag_ultra_processed,tag_whole_food",,,ref_000064,obs_0000020539|obs_0000002400|obs_0000025068|obs_0000021358|obs_0000014536|obs_0000023606|obs_0000017893|obs_0000024042|obs_0000014152|obs_0000022478|obs_0000020951|obs_0000011117|obs_0000009099|obs_0000031742|obs_0000017610|obs_0000027960|obs_0000021920|obs_0000030311|obs_0000020132|obs_0000030857|obs_0000029228|obs_0000033799|obs_0000029995|obs_0000029319|obs_0000030203|obs_0000000986|obs_0000030553|obs_0000001115|obs_0000005096|obs_0000005093|obs_0000005114,obs_0000020539|obs_0000002400|obs_0000025068|obs_0000021358,,
Costa,rican panam Wassermelone lose,"€ 1,79","€ 2,49","pro Einheit = 1,79","pro Einheit = 1,79",Kl. I,Nein,Dieses Angebot findest du vom 09.04. bis 15.04. in deiner Kaufland-Filiale.,2026-04-09,2026-04-15,../images/kaufland/kaufland_offer_061.jpg,"cat_obst_gemuese,diet_gluten_free,diet_lactose_free,diet_vegan,diet_vegetarian,sub_frisches_gemuese,sub_frisches_obst,tag_whole_food",,,ref_000065,obs_0000013140|obs_0000013139|obs_0000031381,obs_0000013140,x,
TUC,Cracker,"€ 0,99","€ 1,49","1 kg = 9,90","1 kg = 9,90",versch. Sorten,Nein,Dieses Angebot findest du vom 09.04. bis 15.04. in deiner Kaufland-Filiale.,2026-04-09,2026-04-15,../images/kaufland/kaufland_offer_245.jpg,"cat_knabbern_naschen,tag_ultra_processed",,BLS-D050000,ref_000066,obs_0000015892|obs_0000010537|obs_0000012384|obs_0000011380|obs_0000013564|obs_0000003528|obs_0000026987|obs_0000007685|obs_0000031001|obs_0000026025|obs_0000008909|obs_0000006385|obs_0000018964|obs_0000026945|obs_0000020168|obs_0000025546|obs_0000031697|obs_0000014294|obs_0000008024|obs_0000005476|obs_0000027768|obs_0000020987|obs_0000029971|obs_0000007488|obs_0000032244|obs_0000013738|obs_0000012218,obs_0000007685|obs_0000015892|obs_0000010537|obs_0000003528|obs_0000012384|obs_0000026987|obs_0000011380|obs_0000013564,,
LEIBNIZ,Cream,"€ 1,49","€ 2,69","1 kg = 6,54 - 7,85","1 kg = 6,54 - 7,85","Butterkekse mit Cremefüllung, versch. Sorten",Nein,Dieses Angebot findest du vom 13.04. bis 15.04. in deiner Kaufland-Filiale.,2026-04-13,2026-04-15,../images/kaufland/kaufland_offer_003.jpg,"cat_knabbern_naschen,tag_ultra_processed",,,ref_000067,obs_0000017462|obs_0000026213|obs_0000002669|obs_0000011942|obs_0000010414|obs_0000031928|obs_0000021183|obs_0000014030|obs_0000028953|obs_0000021787|obs_0000009011|obs_0000013143|obs_0000020364|obs_0000034205|obs_0000032845|obs_0000009808|obs_0000024158|obs_0000008799|obs_0000009338|obs_0000023738|obs_0000025797|obs_0000015057|obs_0000023254|obs_0000032990|obs_0000035087|obs_0000011571|obs_0000033652|obs_0000032653|obs_0000010641|obs_0000033205|obs_0000005566|obs_0000026046|obs_0000019446|obs_0000006651|obs_0000033799|obs_0000028185|obs_0000007204|obs_0000020118|obs_0000021673|obs_0000002310|obs_0000005455|obs_0000028012|obs_0000006004|obs_0000020937|obs_0000005584|obs_0000030164|obs_0000032219|obs_0000010237|obs_0000032265|obs_0000016972,obs_0000017462,,
7 DAYS,Croissants,"€ 1,69",,"1 kg = 7,05","1 kg = 7,05","mit Cremefüllung, versch. Sorten",Nein,Dieses Angebot findest du vom 13.04. bis 15.04. in deiner Kaufland-Filiale.,2026-04-13,2026-04-15,../images/kaufland/kaufland_offer_577.jpg,"cat_knabbern_naschen,diet_vegetarian,tag_ultra_processed",,BLS-D771600,ref_000068,obs_0000014850|obs_0000014026|obs_0000026592|obs_0000016615|obs_0000011761|obs_0000012818|obs_0000015824|obs_0000031652|obs_0000009631|obs_0000008867|obs_0000011086|obs_0000013652|obs_0000008340|obs_0000005949|obs_0000006849|obs_0000032371|obs_0000007195|obs_0000007588|obs_0000006476,obs_0000014850|obs_0000012818|obs_0000014026|obs_0000015824|obs_0000026592|obs_0000016615|obs_0000011761,,
MEICA,Curry King,"€ 5,00","€ 5,97","1 kg = 7,60","1 kg = 7,60","Currywurst, versch. Sorten",Nein,Dieses Angebot findest du vom 09.04. bis 15.04. in deiner Kaufland-Filiale.,2026-04-09,2026-04-15,../images/kaufland/kaufland_offer_178.jpg,"cat_grundnahrung,diet_vegetarian,tag_ultra_processed",,,ref_000069,obs_0000011791|obs_0000014525|obs_0000020541|obs_0000031807|obs_0000022987|obs_0000019917|obs_0000015833|obs_0000025063|obs_0000021360|obs_0000022415|obs_0000018453|obs_0000029154|obs_0000031481|obs_0000010012|obs_0000009552,obs_0000011791|obs_0000014525|obs_0000020541|obs_0000031807|obs_0000022987|obs_0000019917|obs_0000015833|obs_0000029154|obs_0000025063|obs_0000021360|obs_0000031481,,
DREAM HOME,Damen-Bademantel,"€ 9,99",,"pro Einheit = 9,99","pro Einheit = 9,99",Aus Polyester (Mikrofaser) Saugfähig und schnell trocknend Mit Bindegürtel und 2 aufgesetzten Taschen Größen 36/38 - 44/46 (S - L),Nein,Dieses Angebot findest du vom 09.04. bis 15.04. in deiner Kaufland-Filiale.,2026-04-09,2026-04-15,../images/kaufland/kaufland_offer_446.jpg,cat_non_food,,,ref_000070,obs_0000018965|obs_0000004289|obs_0000000237|obs_0000004716|obs_0000003774|obs_0000003862|obs_0000016847|obs_0000021143|obs_0000027300|obs_0000017190|obs_0000023453|obs_0000025619|obs_0000029753|obs_0000013518|obs_0000001383|obs_0000018184|obs_0000018214|obs_0000020324|obs_0000022463,obs_0000018965,,
VINSON,Damen-Sweathose,"€ 9,99",,"pro Einheit = 9,99","pro Einheit = 9,99",Aus Baumwolle und Polyester Größen S - XL,Nein,Dieses Angebot findest du vom 09.04. bis 15.04. in deiner Kaufland-Filiale.,2026-04-09,2026-04-15,../images/kaufland/kaufland_offer_421.jpg,cat_non_food,,,ref_000071,obs_0000014798|obs_0000010853|obs_0000013018|obs_0000015213|obs_0000025504|obs_0000011266|obs_0000015613|obs_0000019762|obs_0000011720|obs_0000016071|obs_0000022660|obs_0000023037|obs_0000023484|obs_0000023494,obs_0000014798|obs_0000010853|obs_0000013018|obs_0000015213|obs_0000025504|obs_0000011266|obs_0000015613|obs_0000019762|obs_0000011720|obs_0000016071,,
VINSON,Damen-Sweatpullover,"€ 9,99",,"pro Einheit = 9,99","pro Einheit = 9,99",Aus Baumwolle und Polyester Größen S - XL,Nein,Dieses Angebot findest du vom 09.04. bis 15.04. in deiner Kaufland-Filiale.,2026-04-09,2026-04-15,../images/kaufland/kaufland_offer_419.jpg,cat_non_food,,,ref_000072,obs_0000022661|obs_0000023040|obs_0000008172,,,
VINSON,Damen-T-Shirt,"€ 4,99",,"pro Einheit = 4,99","pro Einheit = 4,99",Aus Baumwolle Größen S - XL,Nein,Dieses Angebot findest du vom 09.04. bis 15.04. in deiner Kaufland-Filiale.,2026-04-09,2026-04-15,../images/kaufland/kaufland_offer_422.jpg,cat_non_food,,,ref_000073,obs_0000012562|obs_0000012701|obs_0000014800|obs_0000011267|obs_0000013580|obs_0000014166|obs_0000013977|obs_0000000755|obs_0000023324|obs_0000023466|obs_0000000968|obs_0000023573|obs_0000001225,obs_0000012562|obs_0000012701|obs_0000014800|obs_0000011267|obs_0000013580|obs_0000011719|obs_0000014166,,
VINSON,Damen-T-Shirtkleid,"€ 8,99",,"pro Einheit = 8,99","pro Einheit = 8,99",Aus Baumwolle Größen S - XL,Nein,Dieses Angebot findest du vom 09.04. bis 15.04. in deiner Kaufland-Filiale.,2026-04-09,2026-04-15,../images/kaufland/kaufland_offer_420.jpg,cat_non_food,,,ref_000074,,,,
Keine Marke,Das rustikale Weizenbrot,"€ 1,49",,"1 kg = 2,98","1 kg = 2,98","mit Sauerteig gebacken, mit aromatischer Kruste und saftiger, lockerer Krume",Nein,Dieses Angebot findest du vom 09.04. bis 15.04. in deiner Kaufland-Filiale.,2026-04-09,2026-04-15,../images/kaufland/kaufland_offer_199.jpg,"cat_grundnahrung,diet_gluten_free,diet_lactose_free,diet_vegetarian,tag_whole_food",,,ref_000075,obs_0000013149|obs_0000004260|obs_0000004687|obs_0000000220|obs_0000003833|obs_0000010308,obs_0000013149,,
Keine Marke,Dekokissen Squishmallows,"€ 6,99",,"pro Einheit = 6,99","pro Einheit = 6,99",Aus Polyester Größe ca. 40 x 40 cm,Nein,Dieses Angebot findest du vom 09.04. bis 15.04. in deiner Kaufland-Filiale.,2026-04-09,2026-04-15,../images/kaufland/kaufland_offer_447.jpg,"cat_getraenke,diet_gluten_free,diet_lactose_free,diet_vegan,diet_vegetarian,tag_ultra_processed,tag_whole_food",,,ref_000076,obs_0000026823|obs_0000019719|obs_0000026123,,,
Keine Marke,Dekokissen Super Mario,"€ 6,99",,"pro Einheit = 6,99","pro Einheit = 6,99",Aus Polyester Größe ca. 40 x 40 cm,Nein,Dieses Angebot findest du vom 09.04. bis 15.04. in deiner Kaufland-Filiale.,2026-04-09,2026-04-15,../images/kaufland/kaufland_offer_448.jpg,"cat_getraenke,diet_gluten_free,diet_lactose_free,diet_vegan,diet_vegetarian,tag_whole_food",,,ref_000077,obs_0000008348|obs_0000026662|obs_0000008889|obs_0000019719|obs_0000026123|obs_0000026823,,,
demeter,dominik kolumb Bananen lose,"€ 1,99","€ 2,49","pro Einheit = 1,99","pro Einheit = 1,99",,Nein,Dieses Angebot findest du vom 09.04. bis 15.04. in deiner Kaufland-Filiale.,2026-04-09,2026-04-15,../images/kaufland/kaufland_offer_065.jpg,"cat_obst_gemuese,diet_gluten_free,diet_lactose_free,diet_vegan,diet_vegetarian,sub_exoten,sub_frisches_gemuese,sub_frisches_obst,tag_whole_food",,,ref_000078,obs_0000014883|obs_0000011819|obs_0000010969|obs_0000022914|obs_0000023689|obs_0000031875|obs_0000027051|obs_0000032060|obs_0000032185|obs_0000029136|obs_0000027736|obs_0000026329|obs_0000028769|obs_0000031472|obs_0000031729|obs_0000009078|obs_0000026492,,x,
DOVE,Deodorant oder Anti-Transpirant,"€ 2,49","€ 2,95","1 l = 16,60 - 49,80","1 l = 16,60 - 49,80","Spray Advanced Care oder Roll-On, versch. Sorten",Nein,Dieses Angebot findest du vom 09.04. bis 15.04. in deiner Kaufland-Filiale.,2026-04-09,2026-04-15,../images/kaufland/kaufland_offer_326.jpg,cat_drogerie,,,ref_000079,obs_0000010160|obs_0000008357|obs_0000026156|obs_0000010777,,,
ADIDAS,Deospray,"€ 2,29","€ 2,65","1 l = 15,27","1 l = 15,27","Men oder Women, versch. Sorten",Nein,Dieses Angebot findest du vom 09.04. bis 15.04. in deiner Kaufland-Filiale.,2026-04-09,2026-04-15,../images/kaufland/kaufland_offer_328.jpg,cat_drogerie,,,ref_000080,obs_0000015110|obs_0000013583|obs_0000035064|obs_0000003229|obs_0000032800|obs_0000026145|obs_0000026277|obs_0000033577|obs_0000002346|obs_0000033454|obs_0000032945|obs_0000026566|obs_0000034658|obs_0000031852|obs_0000033019|obs_0000027389|obs_0000030081|obs_0000032772|obs_0000032140|obs_0000034445|obs_0000032276|obs_0000014231|obs_0000008104|obs_0000005295|obs_0000003531|obs_0000031052|obs_0000029400|obs_0000033258|obs_0000005487|obs_0000029052|obs_0000034053|obs_0000015115|obs_0000013584|obs_0000033196|obs_0000033457|obs_0000034859|obs_0000033848|obs_0000034242|obs_0000007505|obs_0000033366|obs_0000033117|obs_0000033576|obs_0000021251|obs_0000032778|obs_0000025255|obs_0000029739|obs_0000020432|obs_0000007295,obs_0000030081|obs_0000015110|obs_0000013583|obs_0000035064|obs_0000003229|obs_0000032800|obs_0000026145|obs_0000026277|obs_0000033577|obs_0000002346|obs_0000033454|obs_0000032945|obs_0000026566|obs_0000034658|obs_0000031852|obs_0000033019|obs_0000027389,,
LUMINARC,Dessertteller CADIX,"€ 5,99","€ 12,99","pro Einheit = 6,00","pro Einheit = 6,00",Aus Hartglas Mikrowellen- und spülmaschinengeeignet Größe je ca. Ø 20 cm,Nein,Dieses Angebot findest du vom 09.04. bis 15.04. in deiner Kaufland-Filiale.,2026-04-09,2026-04-15,../images/kaufland/kaufland_offer_394.jpg,cat_non_food,,,ref_000081,obs_0000012075,obs_0000012075,,
GWF,Die jungen Frank n Qualitätswein,"€ 3,99","€ 5,49","1 l = 5,32","1 l = 5,32","Franken, versch. Sorten, z. B. Rotling: Aromen von Erd- und Waldbeeren, passt zu Nudelgerichten, Geflügel und Salaten",Nein,Dieses Angebot findest du vom 09.04. bis 15.04. in deiner Kaufland-Filiale.,2026-04-09,2026-04-15,../images/kaufland/kaufland_offer_294.jpg,cat_getraenke,,,ref_000082,obs_0000015496|obs_0000014642|obs_0000011141|obs_0000035026|obs_0000034627|obs_0000031411|obs_0000030424|obs_0000010100|obs_0000006007|obs_0000006562|obs_0000007659|obs_0000008721|obs_0000013843|obs_0000013356|obs_0000015923|obs_0000011986|obs_0000014641|obs_0000011138|obs_0000012225,obs_0000015496|obs_0000031411|obs_0000030424|obs_0000014642|obs_0000011141,,
GRANINI,Die Limo,"€ 1,29",,"pro Einheit = 1,00","pro Einheit = 1,00",versch. Sorten (+ 0.25 Pfand),Nein,Dieses Angebot findest du vom 09.04. bis 15.04. in deiner Kaufland-Filiale.,2026-04-09,2026-04-15,../images/kaufland/kaufland_offer_267.jpg,cat_getraenke,,,ref_000083,obs_0000023655|obs_0000010455|obs_0000013588|obs_0000011121|obs_0000027590|obs_0000021160|obs_0000021724|obs_0000020341,obs_0000023655|obs_0000010455|obs_0000013588|obs_0000011121|obs_0000027590,,
SOEHNLE,Digital-Personenwaage Style Sense Comfort 100,"€ 12,99","€ 29,99","pro Einheit = 12,99","pro Einheit = 12,99",Oberfläche aus Sicherheitsglas LC-Display mit extragroßen Ziffern Mit An-/Abschaltautomatik Messung in 100-g-Schritten Mit rutschhemmenden Standfüßen Belastbarkeit max. 180 kg Größe ca. 35 x 35 cm Inkl. Batterie,Nein,Dieses Angebot findest du vom 09.04. bis 15.04. in deiner Kaufland-Filiale.,2026-04-09,2026-04-15,../images/kaufland/kaufland_offer_395.jpg,"cat_drogerie,diet_vegetarian",,,ref_000084,obs_0000012098|obs_0000015168,obs_0000015168|obs_0000012098,,
Keine Marke,Dipladenie,"€ 8,88",,"pro Einheit = 8,88","pro Einheit = 8,88","versch. Farben und Formen, Topf Ø 14 cm, ab 7,99€",Nein,Dieses Angebot findest du vom 09.04. bis 15.04. in deiner Kaufland-Filiale.,2026-04-09,2026-04-15,../images/kaufland/kaufland_offer_080.jpg,"cat_obst_gemuese,diet_gluten_free,diet_lactose_free,diet_vegan,diet_vegetarian,sub_frisches_obst,tag_ultra_processed,tag_whole_food",,,ref_000085,,,,
FUNNY-FRISCH,Donuts,"€ 1,49","€ 1,99","1 kg = 13,55","1 kg = 13,55",Knabberringe mit Erdnüssen von ültje im Karamell-Style süß & salzig,Nein,Dieses Angebot findest du vom 09.04. bis 15.04. in deiner Kaufland-Filiale.,2026-04-09,2026-04-15,../images/kaufland/kaufland_offer_237.jpg,"cat_knabbern_naschen,sub_huelsenfruechte,tag_ultra_processed",,,ref_000086,obs_0000015450|obs_0000026914|obs_0000010268|obs_0000021539|obs_0000008299|obs_0000020720|obs_0000028936|obs_0000017681|obs_0000024940|obs_0000022096|obs_0000018610|obs_0000030932|obs_0000023358|obs_0000012337|obs_0000006059|obs_0000013774|obs_0000015823|obs_0000030344,obs_0000015450|obs_0000026914,,
ROTWILD,Dornfelder oder Riesling,"€ 2,49","€ 3,99","1 l = 5,32","1 l = 5,32","Qualitätsweine, Rheinhessen, z. B. Dornfelder trocken: fruchtig, frisch, herzhaft, kernig, passt zu Vorspeisen, Wild, Lamm, kräftigem Käse",Nein,Dieses Angebot findest du vom 09.04. bis 15.04. in deiner Kaufland-Filiale.,2026-04-09,2026-04-15,../images/kaufland/kaufland_offer_284.jpg,"cat_getraenke,tag_ultra_processed",,,ref_000087,obs_0000011811|obs_0000008303|obs_0000010349|obs_0000035051|obs_0000025421|obs_0000033828|obs_0000026142|obs_0000034629|obs_0000034633|obs_0000010309|obs_0000010748|obs_0000019740|obs_0000003513|obs_0000020555|obs_0000021374|obs_0000015078|obs_0000008015,obs_0000011811,,
TIC TAC,Dragees,"€ 1,49",,"1 kg = 27,60","1 kg = 27,60",versch. Sorten,Nein,Dieses Angebot findest du vom 09.04. bis 15.04. in deiner Kaufland-Filiale.,2026-04-09,2026-04-15,../images/kaufland/kaufland_offer_260.jpg,"cat_knabbern_naschen,tag_ultra_processed",,,ref_000088,obs_0000015046|obs_0000012399|obs_0000013596,obs_0000015046|obs_0000012399|obs_0000013596,,
Keine Marke,Dtsch Cherryrispentomaten rot,"€ 2,99","€ 3,99","1 kg = 14,95","1 kg = 14,95","Sorte laut Auszeichnung, Kl. I",Nein,Dieses Angebot findest du vom 09.04. bis 15.04. in deiner Kaufland-Filiale.,2026-04-09,2026-04-15,../images/kaufland/kaufland_offer_088.jpg,"cat_obst_gemuese,diet_gluten_free,diet_lactose_free,diet_vegan,diet_vegetarian,sub_frisches_gemuese,tag_whole_food",,,ref_000089,obs_0000011408|obs_0000013159|obs_0000014384|obs_0000009888|obs_0000009425|obs_0000008462,obs_0000011408|obs_0000013159,,
Keine Marke,Dtsch Cocktailrispentomaten,"€ 2,99","€ 3,99","1 kg = 8,55","1 kg = 8,55",Kl. I,Nein,Dieses Angebot findest du vom 09.04. bis 15.04. in deiner Kaufland-Filiale.,2026-04-09,2026-04-15,../images/kaufland/kaufland_offer_074.jpg,"cat_obst_gemuese,diet_gluten_free,diet_lactose_free,diet_vegan,diet_vegetarian,sub_frisches_gemuese,tag_whole_food",,,ref_000090,obs_0000011821|obs_0000014429|obs_0000010972|obs_0000013160|obs_0000015723|obs_0000012237|obs_0000015316|obs_0000000693,obs_0000011821|obs_0000014429|obs_0000010972|obs_0000013160|obs_0000015723|obs_0000012237|obs_0000015316,,
Keine Marke,Dtsch Lauchzwiebeln,"€ 0,79",,"pro Einheit = 0,79","pro Einheit = 0,79",Kl. I,Nein,Dieses Angebot findest du vom 09.04. bis 15.04. in deiner Kaufland-Filiale.,2026-04-09,2026-04-15,../images/kaufland/kaufland_offer_071.jpg,"cat_obst_gemuese,diet_gluten_free,diet_lactose_free,diet_vegan,diet_vegetarian,sub_frisches_gemuese,tag_whole_food",,,ref_000091,obs_0000014337|obs_0000030823|obs_0000029496|obs_0000006078,,,
Keine Marke,Dtsch Miniromarispe rot,"€ 2,99","€ 3,99","1 kg = 14,95","1 kg = 14,95","Sorte laut Auszeichnung, Kl. I",Nein,Dieses Angebot findest du vom 09.04. bis 15.04. in deiner Kaufland-Filiale.,2026-04-09,2026-04-15,../images/kaufland/kaufland_offer_087.jpg,"cat_obst_gemuese,diet_gluten_free,diet_lactose_free,diet_vegan,diet_vegetarian,sub_frisches_gemuese,tag_whole_food",,,ref_000092,obs_0000011408|obs_0000013159,,,
Keine Marke,Dtsch Möhren,"€ 0,89","€ 1,29","pro Einheit = 1,00","pro Einheit = 1,00",Kl. I,Nein,Dieses Angebot findest du vom 09.04. bis 15.04. in deiner Kaufland-Filiale.,2026-04-09,2026-04-15,../images/kaufland/kaufland_offer_072.jpg,"cat_obst_gemuese,diet_gluten_free,diet_lactose_free,diet_vegan,diet_vegetarian,sub_frisches_gemuese,sub_frisches_obst,tag_whole_food",,,ref_000093,obs_0000010979|obs_0000013598|obs_0000010556|obs_0000015718|obs_0000012647|obs_0000012710|obs_0000014427|obs_0000011396|obs_0000013162|obs_0000017480|obs_0000005706|obs_0000027745|obs_0000008865|obs_0000026853|obs_0000026344|obs_0000010486|obs_0000008450|obs_0000006415|obs_0000025364|obs_0000028058,obs_0000010979|obs_0000013598|obs_0000010556|obs_0000015718|obs_0000012647|obs_0000012710,,
Radieschen,Dtsch Radieschen,"€ 0,79",,"pro Einheit = 0,79","pro Einheit = 0,79",Kl. I,Nein,Dieses Angebot findest du vom 09.04. bis 15.04. in deiner Kaufland-Filiale.,2026-04-09,2026-04-15,../images/kaufland/kaufland_offer_070.jpg,"cat_obst_gemuese,diet_gluten_free,diet_lactose_free,diet_vegan,diet_vegetarian,sub_frisches_gemuese,tag_ultra_processed,tag_whole_food",,BLS-G691100,ref_000094,obs_0000030438|obs_0000014149|obs_0000029140,,x,
Keine Marke,Dtsch Rispentomaten,"€ 2,99","€ 3,99","1 kg = 4,60","1 kg = 4,60",Kl. I,Nein,Dieses Angebot findest du vom 09.04. bis 15.04. in deiner Kaufland-Filiale.,2026-04-09,2026-04-15,../images/kaufland/kaufland_offer_073.jpg,"cat_obst_gemuese,diet_gluten_free,diet_lactose_free,diet_vegan,diet_vegetarian,sub_frisches_gemuese,tag_whole_food",,,ref_000095,obs_0000011399|obs_0000013027|obs_0000010557|obs_0000012189|obs_0000027139|obs_0000008287|obs_0000013997|obs_0000027413|obs_0000027927|obs_0000031578|obs_0000000876|obs_0000029590|obs_0000026075,obs_0000011399|obs_0000013027|obs_0000010557|obs_0000012189,,
Keine Marke,Dtsch Spargel,"€ 4,99","€ 7,99","1 kg = 9,98","1 kg = 9,98","weiß/violett, Kl. II",Nein,Dieses Angebot findest du vom 09.04. bis 15.04. in deiner Kaufland-Filiale.,2026-04-09,2026-04-15,../images/kaufland/kaufland_offer_068.jpg,"cat_obst_gemuese,diet_gluten_free,diet_lactose_free,diet_vegan,diet_vegetarian,sub_frisches_gemuese,sub_frisches_obst,tag_whole_food",,,ref_000096,,,,
Keine Marke,Dtsch Speisekartoffeln XXL,"€ 2,49",,"1 kg = 0,50","1 kg = 0,50","vorwiegend festkochend oder festkochend, Sorte laut Auszeichnung, Qualität I",Nein,Dieses Angebot findest du vom 09.04. bis 15.04. in deiner Kaufland-Filiale.,2026-04-09,2026-04-15,../images/kaufland/kaufland_offer_078.jpg,"cat_obst_gemuese,diet_gluten_free,diet_lactose_free,diet_vegan,diet_vegetarian,sub_frisches_gemuese,sub_kartoffeln,tag_ultra_processed,tag_whole_food",,,ref_000097,obs_0000010564|obs_0000014809|obs_0000015239|obs_0000011394|obs_0000013599|obs_0000015727|obs_0000008275|obs_0000014425|obs_0000010963|obs_0000015337|obs_0000011822|obs_0000012236|obs_0000010226|obs_0000014326|obs_0000014427|obs_0000010571|obs_0000013162|obs_0000011396|obs_0000011407|obs_0000012259|obs_0000000006|obs_0000026668|obs_0000030837|obs_0000034910|obs_0000008539|obs_0000012763|obs_0000031321|obs_0000017026|obs_0000027510|obs_0000009188|obs_0000033875|obs_0000034088|obs_0000027986|obs_0000030140|obs_0000009672|obs_0000034312|obs_0000003716|obs_0000013967|obs_0000028399|obs_0000030615|obs_0000016324,obs_0000014425|obs_0000010564|obs_0000014809|obs_0000010963|obs_0000015239|obs_0000015337|obs_0000011394|obs_0000013599|obs_0000015727|obs_0000011822|obs_0000012236,,
Keine Marke,Dtsch Tafeläpfel,"€ 2,49","€ 3,99","1 kg = 1,25","1 kg = 1,25","»Elstar«, Kl. I",Nein,Dieses Angebot findest du vom 13.04. bis 15.04. in deiner Kaufland-Filiale.,2026-04-13,2026-04-15,../images/kaufland/kaufland_offer_016.jpg,"cat_obst_gemuese,diet_gluten_free,diet_lactose_free,diet_vegan,diet_vegetarian,sub_frisches_obst,tag_whole_food",,,ref_000098,obs_0000014420|obs_0000011335|obs_0000011338|obs_0000010925|obs_0000010974|obs_0000010980|obs_0000013601|obs_0000012201|obs_0000012743|obs_0000012234|obs_0000028684|obs_0000005704|obs_0000010975|obs_0000010985|obs_0000016116|obs_0000010507|obs_0000015715|obs_0000015237|obs_0000028564|obs_0000012188|obs_0000013163,obs_0000014420,,
Keine Marke,Dtsch Tafeläpfel Cameo,"€ 1,99","€ 2,79","1 kg = 2,49","1 kg = 2,49","Caudle, süß, Kl. I",Nein,Dieses Angebot findest du vom 09.04. bis 15.04. in deiner Kaufland-Filiale.,2026-04-09,2026-04-15,../images/kaufland/kaufland_offer_063.jpg,"cat_obst_gemuese,diet_gluten_free,diet_lactose_free,diet_vegan,diet_vegetarian,sub_frisches_obst,tag_whole_food",,,ref_000099,obs_0000010974|obs_0000012234|obs_0000014420|obs_0000011335|obs_0000011338|obs_0000010925|obs_0000010980|obs_0000013601|obs_0000012201|obs_0000012743|obs_0000013163|obs_0000028684|obs_0000005704|obs_0000028564,obs_0000010974|obs_0000012234,,
Braun,Dtsch poln Kulturchampignons braun,"€ 1,00",,"1 kg = 4,00","1 kg = 4,00",Kl. I,Nein,Dieses Angebot findest du vom 13.04. bis 15.04. in deiner Kaufland-Filiale.,2026-04-13,2026-04-15,../images/kaufland/kaufland_offer_615.jpg,"cat_obst_gemuese,diet_gluten_free,diet_lactose_free,diet_vegan,diet_vegetarian,sub_exoten,sub_frisches_gemuese,sub_pilze,tag_whole_food",,,ref_000100,obs_0000011325|obs_0000009162,obs_0000011325,x,
DUSCHDAS,Duschgel,"€ 0,99",,"1 l = 4,40","1 l = 4,40",versch. Sorten,Nein,Dieses Angebot findest du vom 09.04. bis 15.04. in deiner Kaufland-Filiale.,2026-04-09,2026-04-15,../images/kaufland/kaufland_offer_327.jpg,cat_drogerie,,,ref_000101,obs_0000011788|obs_0000015972|obs_0000031924|obs_0000026494|obs_0000017459|obs_0000031850|obs_0000008329|obs_0000015523|obs_0000026290|obs_0000026347|obs_0000028939|obs_0000035065|obs_0000013602|obs_0000028963|obs_0000014682|obs_0000009054|obs_0000011624|obs_0000013165|obs_0000011174|obs_0000009734|obs_0000009268|obs_0000033845|obs_0000012904|obs_0000015116|obs_0000008783|obs_0000014251|obs_0000032769|obs_0000032774|obs_0000032275|obs_0000032279|obs_0000033843|obs_0000033348|obs_0000006243|obs_0000005290|obs_0000012473|obs_0000029373|obs_0000005856|obs_0000007920|obs_0000006943|obs_0000032036|obs_0000028459|obs_0000007503|obs_0000014679|obs_0000030078|obs_0000032141|obs_0000034246|obs_0000007114|obs_0000010779|obs_0000005670|obs_0000010285,obs_0000011788|obs_0000005670|obs_0000017459|obs_0000015972|obs_0000031850|obs_0000008329|obs_0000015523|obs_0000026290|obs_0000031924|obs_0000026347|obs_0000007920|obs_0000028939|obs_0000035065|obs_0000013602|obs_0000028963|obs_0000032036|obs_0000014682|obs_0000009054|obs_0000011624|obs_0000013165|obs_0000026494|obs_0000011174|obs_0000033199,,
SETTELE,Eier-Spätzle,"€ 3,33","€ 4,49","pro Einheit = 1,00","pro Einheit = 1,00",Knöpfle oder geschabt,Nein,Dieses Angebot findest du vom 09.04. bis 15.04. in deiner Kaufland-Filiale.,2026-04-09,2026-04-15,../images/kaufland/kaufland_offer_173.jpg,"cat_grundnahrung,diet_vegetarian,sub_nudeln",,,ref_000102,obs_0000011059|obs_0000014516|obs_0000025828|obs_0000028776|obs_0000014156|obs_0000030537|obs_0000031449|obs_0000002437|obs_0000008570,obs_0000011059|obs_0000014516|obs_0000030537|obs_0000031449|obs_0000025828|obs_0000028776,,
ERASCO,Eintopf,"€ 1,79",,"1 kg = 2,24","1 kg = 2,24",versch. Sorten,Nein,Dieses Angebot findest du vom 09.04. bis 15.04. in deiner Kaufland-Filiale.,2026-04-09,2026-04-15,../images/kaufland/kaufland_offer_187.jpg,"cat_grundnahrung,diet_vegetarian",,BLS-H861100,ref_000103,obs_0000008449|obs_0000034827|obs_0000013608|obs_0000001972|obs_0000028413|obs_0000014982|obs_0000009646|obs_0000027989|obs_0000008055|obs_0000000614|obs_0000034197|obs_0000033814|obs_0000032417|obs_0000031018|obs_0000005169|obs_0000031329|obs_0000006123|obs_0000030714|obs_0000007571|obs_0000007000|obs_0000034687|obs_0000005196|obs_0000007029,obs_0000008449|obs_0000014982|obs_0000034827|obs_0000032417|obs_0000013608|obs_0000031018|obs_0000009646|obs_0000005169|obs_0000001972|obs_0000027989|obs_0000031329|obs_0000006123|obs_0000008055|obs_0000030714|obs_0000028413,,
LANGNESE,Eis-Multipackungen,"€ 2,49","€ 3,99","1 l = 4,87 - 8,90","1 l = 4,87 - 8,90","versch. Sorten, z. B. Capri",Nein,Dieses Angebot findest du vom 09.04. bis 15.04. in deiner Kaufland-Filiale.,2026-04-09,2026-04-15,../images/kaufland/kaufland_offer_164.jpg,"cat_tiefkuehl,sub_tk_eis,tag_ultra_processed",,,ref_000104,obs_0000009795|obs_0000009324|obs_0000034392|obs_0000025743|obs_0000011490|obs_0000025829|obs_0000018692|obs_0000017710|obs_0000013168,obs_0000009795|obs_0000009324,,
HARRY,Eiweißbrot,"€ 1,99","€ 2,79","1 kg = 3,98","1 kg = 3,98",geschnitten,Nein,Dieses Angebot findest du vom 09.04. bis 15.04. in deiner Kaufland-Filiale.,2026-04-09,2026-04-15,../images/kaufland/kaufland_offer_203.jpg,"cat_grundnahrung,diet_vegetarian,tag_ultra_processed",,,ref_000105,obs_0000010694|obs_0000031105,obs_0000031105|obs_0000010694,,
Oral-B,Elektr Zahnbürste Vitality Pro,"€ 19,99","€ 22,95","pro Einheit = 19,99","pro Einheit = 19,99","mit oszillierendem und rotierendem Bürstenkopf, 3 Putzprogramme, Timer, in Schwarz oder Blau",Nein,Dieses Angebot findest du vom 13.04. bis 15.04. in deiner Kaufland-Filiale.,2026-04-13,2026-04-15,../images/kaufland/kaufland_offer_056.jpg,cat_drogerie,,,ref_000106,obs_0000013170|obs_0000011173|obs_0000033600|obs_0000016356,obs_0000013170,,x
LIV BO,Elektrischer Handtuchwärmer,"€ 39,99",,"pro Einheit = 39,99","pro Einheit = 39,99","Auch zum Wärmen/Trocknen von Kleidung geeignet Als Wand- oder Standgerät nutzbar 8 Heizstäbe Temperatur der Heizstäbe ca. 50 °C Mit Timerfunktion (Abschaltung nach 2/4/8/24 h) Tropfwassergeschützt (IP22) Größe (Wandmontage) ca. B 53 x H 86 x T 12 cm Größe (stehend) ca. B 53 x H 87 x T 35 cm Kabellänge ca. 1,5 m 150 W Inkl. Befestigungsmaterial für Wandmontage 3 Jahre Garantie",Nein,Dieses Angebot findest du vom 09.04. bis 15.04. in deiner Kaufland-Filiale.,2026-04-09,2026-04-15,../images/kaufland/kaufland_offer_367.jpg,cat_non_food,,,ref_000107,,,,
GOLDSTEIG,Emmentaler oder Almdammer,"€ 1,49","€ 1,99","1 kg = 11,92","1 kg = 11,92","in hauchdünnen Scheiben, 45 % Fett i. Tr.",Nein,Dieses Angebot findest du vom 09.04. bis 15.04. in deiner Kaufland-Filiale.,2026-04-09,2026-04-15,../images/kaufland/kaufland_offer_153.jpg,"cat_molkerei_kaese,sub_kaese,sub_milchprodukte",,,ref_000108,obs_0000010030|obs_0000031831|obs_0000009063|obs_0000025531|obs_0000001559|obs_0000018426|obs_0000018479|obs_0000002340|obs_0000003417|obs_0000022007|obs_0000022237|obs_0000031880,,,
HELL,Energy Drink,"€ 0,69","€ 0,89","1 l = 2,76","1 l = 2,76","koffeinhaltig, versch. Sorten (+ 0.25 Pfand)",Nein,Dieses Angebot findest du vom 09.04. bis 15.04. in deiner Kaufland-Filiale.,2026-04-09,2026-04-15,../images/kaufland/kaufland_offer_306.jpg,"cat_getraenke,tag_ultra_processed",,,ref_000109,obs_0000011333|obs_0000010758|obs_0000022027|obs_0000028180|obs_0000016414|obs_0000020512|obs_0000026684|obs_0000021058|obs_0000024154|obs_0000011355|obs_0000002158|obs_0000026742|obs_0000018063|obs_0000031887|obs_0000017046|obs_0000025242|obs_0000002214|obs_0000013993|obs_0000027310|obs_0000023733|obs_0000000193|obs_0000004816|obs_0000033497|obs_0000027877|obs_0000026353|obs_0000019186|obs_0000008960|obs_0000025348|obs_0000023301|obs_0000026886|obs_0000020239|obs_0000018194|obs_0000004389|obs_0000028455|obs_0000024876|obs_0000013614|obs_0000000304|obs_0000034110|obs_0000010050|obs_0000014658|obs_0000022864|obs_0000021331|obs_0000021846|obs_0000018775|obs_0000028526|obs_0000013175|obs_0000003962|obs_0000001917|obs_0000027531|obs_0000009616,obs_0000010758|obs_0000022027|obs_0000028180|obs_0000016414|obs_0000020512|obs_0000026684|obs_0000021058|obs_0000011333|obs_0000024154|obs_0000011355|obs_0000002158|obs_0000026742|obs_0000018063|obs_0000031887|obs_0000017046|obs_0000025242|obs_0000002214|obs_0000013993|obs_0000027310|obs_0000023733|obs_0000000193|obs_0000004816|obs_0000033497|obs_0000027877|obs_0000026353|obs_0000019186|obs_0000008960|obs_0000025348|obs_0000023301|obs_0000026886|obs_0000020239|obs_0000018194|obs_0000004389|obs_0000028455|obs_0000024876|obs_0000013614|obs_0000000304|obs_0000034110|obs_0000010050|obs_0000014658|obs_0000022864|obs_0000021331|obs_0000021846|obs_0000018775|obs_0000028526|obs_0000013175|obs_0000003962|obs_0000001917|obs_0000027531|obs_0000009616,,
DE LONGHI,Entkalker EcoDecalk,"€ 7,99","€ 12,99","1 l = 15,98","1 l = 15,98",Aus Rohstoffen pflanzlichen Ursprungs Geeignet für alle Kaffeemaschinen Für bis zu 5 Entkalkungsvorgänge,Nein,Dieses Angebot findest du vom 09.04. bis 15.04. in deiner Kaufland-Filiale.,2026-04-09,2026-04-15,../images/kaufland/kaufland_offer_363.jpg,"cat_non_food,tag_ultra_processed",,,ref_000110,obs_0000015149|obs_0000010816,obs_0000015149|obs_0000010816,,
PHILIPS,Epilierer BRE238 00,"€ 24,99","€ 29,99","pro Einheit = 24,99","pro Einheit = 24,99",Effizientes Epiliersystem Für Trockenanwendung Kompaktes Design Netzbetrieb,Nein,Dieses Angebot findest du vom 09.04. bis 15.04. in deiner Kaufland-Filiale.,2026-04-09,2026-04-15,../images/kaufland/kaufland_offer_362.jpg,cat_non_food,,,ref_000111,obs_0000012056,obs_0000012056,,
Lorenz,Erdnuss-Locken,"€ 1,19","€ 2,29","1 kg = 6,80 - 9,16","1 kg = 6,80 - 9,16",versch. Sorten,Nein,Dieses Angebot findest du vom 09.04. bis 15.04. in deiner Kaufland-Filiale.,2026-04-09,2026-04-15,../images/kaufland/kaufland_offer_238.jpg,"cat_knabbern_naschen,diet_lactose_free,diet_vegan,diet_vegetarian,tag_ultra_processed,tag_whole_food",,BLS-S492000,ref_000112,obs_0000013617|obs_0000032309,obs_0000002833|obs_0000007702|obs_0000006042|obs_0000013617|obs_0000032309,,x
POWERADE,Erfrischungsgetränk isotonisch,"€ 0,99",,"1 l = 1,98","1 l = 1,98",versch. Sorten (+ 0.25 Pfand),Nein,Dieses Angebot findest du vom 09.04. bis 15.04. in deiner Kaufland-Filiale.,2026-04-09,2026-04-15,../images/kaufland/kaufland_offer_308.jpg,"cat_getraenke,tag_ultra_processed",,,ref_000113,obs_0000012451|obs_0000013620|obs_0000014659|obs_0000009895|obs_0000009431|obs_0000011154|obs_0000018552|obs_0000017948|obs_0000010013|obs_0000014624|obs_0000015906|obs_0000009513|obs_0000022058|obs_0000022185|obs_0000023728|obs_0000013619|obs_0000008378|obs_0000011968|obs_0000023744|obs_0000015052|obs_0000023247|obs_0000024155|obs_0000024168|obs_0000010736|obs_0000015479|obs_0000012664|obs_0000013177|obs_0000012413,obs_0000012451|obs_0000013620|obs_0000014659,,
LINDT,Excellence Schokolade,"€ 2,99","€ 4,99","1 kg = 29,90 - 59,80","1 kg = 29,90 - 59,80","in sehr flacher Tafelform, versch. Sorten",Nein,Dieses Angebot findest du vom 09.04. bis 15.04. in deiner Kaufland-Filiale.,2026-04-09,2026-04-15,../images/kaufland/kaufland_offer_253.jpg,"cat_knabbern_naschen,diet_vegetarian,tag_ultra_processed",,,ref_000114,obs_0000015894|obs_0000011364|obs_0000008807|obs_0000013044|obs_0000013623|obs_0000011783|obs_0000015893|obs_0000027700|obs_0000013879|obs_0000028232|obs_0000013394|obs_0000020472|obs_0000028244|obs_0000028249|obs_0000000091|obs_0000015454|obs_0000004705|obs_0000031849|obs_0000034408|obs_0000034411|obs_0000017539|obs_0000025221|obs_0000000138|obs_0000025739|obs_0000008861|obs_0000015026|obs_0000004278|obs_0000017595|obs_0000021699|obs_0000017605|obs_0000034013|obs_0000000230|obs_0000018155|obs_0000003326|obs_0000004873|obs_0000018698|obs_0000003851|obs_0000014104|obs_0000010522|obs_0000002336|obs_0000033056|obs_0000031011|obs_0000021291|obs_0000016691|obs_0000004446|obs_0000011112|obs_0000008595|obs_0000008610|obs_0000004019|obs_0000006579,obs_0000015894|obs_0000011364|obs_0000008807|obs_0000013044|obs_0000013623,,
FROSTA,Fertiggericht,"€ 2,22","€ 4,79","1 kg = 4,44 - 4,94","1 kg = 4,44 - 4,94",versch. Sorten,Nein,Dieses Angebot findest du vom 09.04. bis 15.04. in deiner Kaufland-Filiale.,2026-04-09,2026-04-15,../images/kaufland/kaufland_offer_167.jpg,"cat_tiefkuehl,sub_tk_fertiggerichte,tag_ultra_processed",,,ref_000115,obs_0000001537|obs_0000013186|obs_0000010919|obs_0000015278|obs_0000013632|obs_0000012670|obs_0000010900|obs_0000006306|obs_0000012214|obs_0000023763|obs_0000011360|obs_0000023662|obs_0000014071|obs_0000024188|obs_0000019329|obs_0000009803|obs_0000018132|obs_0000009331|obs_0000022985|obs_0000027145|obs_0000005393|obs_0000007209|obs_0000013099|obs_0000005947|obs_0000005568|obs_0000005585|obs_0000023011|obs_0000019308|obs_0000006655|obs_0000015097|obs_0000006831|obs_0000006323|obs_0000005214|obs_0000029810|obs_0000026782|obs_0000034004|obs_0000034413,obs_0000001537|obs_0000013186|obs_0000019329|obs_0000026768|obs_0000010900|obs_0000005393|obs_0000006306|obs_0000010919|obs_0000015278|obs_0000012214|obs_0000008118|obs_0000013632|obs_0000008649|obs_0000009803|obs_0000005585|obs_0000023763|obs_0000018132|obs_0000011360|obs_0000023662|obs_0000009331|obs_0000014071|obs_0000016377|obs_0000017403|obs_0000024188|obs_0000012670,,
ARLA,Finello,"€ 1,49","€ 2,59","1 kg = 9,94","1 kg = 9,94","geriebener Käse, versch. Sorten, 40 - 42 % Fett i. Tr.",Nein,Dieses Angebot findest du vom 09.04. bis 15.04. in deiner Kaufland-Filiale.,2026-04-09,2026-04-15,../images/kaufland/kaufland_offer_155.jpg,"cat_molkerei_kaese,tag_high_protein,tag_ultra_processed",,,ref_000116,obs_0000012807|obs_0000010922|obs_0000014355|obs_0000026544|obs_0000034515|obs_0000027614|obs_0000033880|obs_0000007333|obs_0000005718,obs_0000012807|obs_0000010922,,
KNORR,Fix,"€ 0,39",,"1 kg = 4,34 - 13,93","1 kg = 4,34 - 13,93",versch. Sorten,Nein,Dieses Angebot findest du vom 09.04. bis 15.04. in deiner Kaufland-Filiale.,2026-04-09,2026-04-15,../images/kaufland/kaufland_offer_208.jpg,"cat_grundnahrung,tag_ultra_processed",,,ref_000117,obs_0000026187|obs_0000012367|obs_0000015001|obs_0000016596|obs_0000009999|obs_0000006464|obs_0000009537|obs_0000017240|obs_0000013189|obs_0000010701|obs_0000021014|obs_0000020195|obs_0000026433|obs_0000025048|obs_0000018941|obs_0000010238|obs_0000031306|obs_0000031845|obs_0000027095|obs_0000024087|obs_0000031276|obs_0000033874|obs_0000006823|obs_0000008914|obs_0000007949|obs_0000012203|obs_0000022961|obs_0000005556|obs_0000024503|obs_0000006124|obs_0000031334|obs_0000009079|obs_0000029307|obs_0000032418|obs_0000010488|obs_0000028497|obs_0000032685|obs_0000028610|obs_0000011798|obs_0000012852|obs_0000034415|obs_0000014563|obs_0000006993|obs_0000011245|obs_0000030335|obs_0000032108|obs_0000032664|obs_0000029672|obs_0000032230|obs_0000029684,obs_0000021014|obs_0000026187|obs_0000012367|obs_0000015001|obs_0000006823|obs_0000016596|obs_0000020195|obs_0000007949|obs_0000009999|obs_0000006464|obs_0000009537|obs_0000026433|obs_0000017240|obs_0000013189|obs_0000005556|obs_0000010701|obs_0000025048|obs_0000006124|obs_0000018941|obs_0000010238,,
TESA,Fliegengitter für Fenster ca 1 3 x 1 5 m,"€ 3,99","€ 11,49","pro Einheit = 3,99","pro Einheit = 3,99","Schnelle Montage mit selbstklebendem Klettband Öffnen und Schließen uneingeschränkt möglich Waschbar bis 30 °C Sauber auf jede Größe zuschneidbar Größe ca. 1,3 x 1,5 m",Nein,Dieses Angebot findest du vom 09.04. bis 15.04. in deiner Kaufland-Filiale.,2026-04-09,2026-04-15,../images/kaufland/kaufland_offer_368.jpg,"cat_non_food,diet_vegetarian,tag_ultra_processed",,,ref_000118,,,,
TESA,Fliegengitter-Rahmen für Fenster ca 1 x 1 2 m,"€ 24,99","€ 37,99","pro Einheit = 24,99","pro Einheit = 24,99","Rahmen zum Anklipsen Aus langlebigem Fiberglas Extrem dünn (nur 8 mm) Abnehmbar und anpassbar Clear-View-Plus-Netz für verbesserte Durchsicht Größe ca. 1 x 1,2 m",Nein,Dieses Angebot findest du vom 09.04. bis 15.04. in deiner Kaufland-Filiale.,2026-04-09,2026-04-15,../images/kaufland/kaufland_offer_370.jpg,"cat_non_food,diet_vegetarian,tag_ultra_processed",,,ref_000119,,,,
TESA,Fliegengitter-Rahmen für Fenster ca 1 2 x 1 4 m,"€ 27,99","€ 39,99","pro Einheit = 27,99","pro Einheit = 27,99","Rahmen zum Anklipsen Aus langlebigem Fiberglas Extrem dünn (nur 8 mm) Abnehmbar und anpassbar Clear-View-Plus-Netz für verbesserte Durchsicht Größe ca. 1,2 x 1,4 m",Nein,Dieses Angebot findest du vom 09.04. bis 15.04. in deiner Kaufland-Filiale.,2026-04-09,2026-04-15,../images/kaufland/kaufland_offer_369.jpg,"cat_non_food,diet_vegetarian,tag_ultra_processed",,,ref_000120,,,,
LANGNESE,Flotte Biene Honig,"€ 4,00","€ 4,98","1 kg = 8,00","1 kg = 8,00","Wildblüten-, Sonnenblumen- oder Sabienchens Honig",Nein,Dieses Angebot findest du vom 13.04. bis 15.04. in deiner Kaufland-Filiale.,2026-04-13,2026-04-15,../images/kaufland/kaufland_offer_607.jpg,"cat_tiefkuehl,diet_vegetarian,sub_tk_eis,tag_ultra_processed",,,ref_000121,obs_0000014875|obs_0000011941|obs_0000013963|obs_0000002966|obs_0000010136|obs_0000015679|obs_0000017124,obs_0000030337|obs_0000002966|obs_0000014875|obs_0000011941,,
BEBIVITA,Folgemilch 2 oder 3,"€ 5,49","€ 6,25","1 kg = 10,98","1 kg = 10,98","mit Vitaminen und Mineralstoffen, nach dem 6. bzw. ab dem 10. Monat",Nein,Dieses Angebot findest du vom 09.04. bis 15.04. in deiner Kaufland-Filiale.,2026-04-09,2026-04-15,../images/kaufland/kaufland_offer_319.jpg,"cat_drogerie,diet_vegetarian,sub_milchprodukte,tag_ultra_processed",,,ref_000122,obs_0000012014|obs_0000013040|obs_0000011321|obs_0000033508|obs_0000008360|obs_0000032938|obs_0000014087,obs_0000013040|obs_0000011321|obs_0000012014,,
BONBEL,Franz Butterkäse,"€ 1,99","€ 2,49","pro Einheit = 100,00","pro Einheit = 100,00","geschmeidig und cremig-mild, 48 % Fett i. Tr.",Nein,Dieses Angebot findest du vom 09.04. bis 15.04. in deiner Kaufland-Filiale.,2026-04-09,2026-04-15,../images/kaufland/kaufland_offer_161.jpg,"cat_molkerei_kaese,sub_butter_margarine,sub_kaese,sub_milchprodukte,tag_ultra_processed",,,ref_000123,obs_0000013199|obs_0000015271|obs_0000011339|obs_0000014950|obs_0000009899|obs_0000009434|obs_0000010146|obs_0000022440|obs_0000028601|obs_0000024636|obs_0000035114|obs_0000028491|obs_0000019165|obs_0000033775|obs_0000034800|obs_0000028402|obs_0000012660|obs_0000018295,obs_0000013199|obs_0000015271|obs_0000011339|obs_0000014950,,
COMTÉ AOP,Franz Hartkäse,"€ 1,69",,"pro Einheit = 100,00","pro Einheit = 100,00","6 Monate gereift, aromatisch-würzig, 45 % Fett i. Tr.",Nein,Dieses Angebot findest du vom 13.04. bis 15.04. in deiner Kaufland-Filiale.,2026-04-13,2026-04-15,../images/kaufland/kaufland_offer_580.jpg,"cat_molkerei_kaese,sub_kaese,sub_milchprodukte,tag_ultra_processed",,,ref_000124,obs_0000011481|obs_0000020883|obs_0000028441|obs_0000008502|obs_0000013242|obs_0000022082|obs_0000031694|obs_0000020064,obs_0000011481,,x
GRAND SUD,Franz Wein,"€ 6,00","€ 6,98","pro Einheit = 1,00","pro Einheit = 1,00","Merlot, Merlot Rosé, Chardonnay oder Grenache, z. B. Merlot: Aromen von Kirschen und Himbeerkonfitüre, passt zu hellem Fleisch, Geflügel und Salat",Nein,Dieses Angebot findest du vom 09.04. bis 15.04. in deiner Kaufland-Filiale.,2026-04-09,2026-04-15,../images/kaufland/kaufland_offer_283.jpg,"cat_getraenke,sub_kaese",,,ref_000125,obs_0000015493|obs_0000016104|obs_0000011768|obs_0000010394|obs_0000034424|obs_0000006548,obs_0000015493|obs_0000016104|obs_0000011768,,
FRANKENLAND,frische Vollmilch,"€ 0,99","€ 1,39","pro Einheit = 1,00","pro Einheit = 1,00","länger haltbar, 3,5 % Fett",Nein,Dieses Angebot findest du vom 09.04. bis 15.04. in deiner Kaufland-Filiale.,2026-04-09,2026-04-15,../images/kaufland/kaufland_offer_133.jpg,"cat_molkerei_kaese,diet_vegetarian,sub_milchprodukte",,,ref_000126,obs_0000027279|obs_0000014484|obs_0000011033|obs_0000017140|obs_0000017304|obs_0000031525|obs_0000023028|obs_0000001050|obs_0000031903|obs_0000015788,obs_0000027279|obs_0000014484|obs_0000017140|obs_0000011033|obs_0000031525|obs_0000017304,,
TANTE FANNY,Frischer Blech-Pizzateig,"€ 1,99","€ 2,89","1 kg = 3,32","1 kg = 3,32",backblechfüllendes Format,Nein,Dieses Angebot findest du vom 09.04. bis 15.04. in deiner Kaufland-Filiale.,2026-04-09,2026-04-15,../images/kaufland/kaufland_offer_177.jpg,cat_grundnahrung,,,ref_000127,obs_0000010657|obs_0000014521|obs_0000007584|obs_0000006659|obs_0000011907|obs_0000008115|obs_0000002690|obs_0000003249|obs_0000034002|obs_0000033876,obs_0000007584,,
K-CLASSIC,Frischer Flammkuchenteig,"€ 1,11","€ 1,39","1 kg = 3,97","1 kg = 3,97",aufgerollt auf Backpapier,Nein,Dieses Angebot findest du vom 09.04. bis 15.04. in deiner Kaufland-Filiale.,2026-04-09,2026-04-15,../images/kaufland/kaufland_offer_176.jpg,"cat_grundnahrung,tag_ultra_processed",,,ref_000128,obs_0000008959|obs_0000026180|obs_0000030533,obs_0000008959,,
PHILADELPHIA,Frischkäsezubereitung,"€ 1,11",,"1 kg = 5,70 - 11,10","1 kg = 5,70 - 11,10","Viertelfett- oder Doppelrahmstufe, versch. Sorten",Nein,Dieses Angebot findest du vom 09.04. bis 15.04. in deiner Kaufland-Filiale.,2026-04-09,2026-04-15,../images/kaufland/kaufland_offer_158.jpg,"cat_molkerei_kaese,diet_vegetarian,sub_kaese,sub_milchprodukte,sub_sahne_creme,tag_ultra_processed",,,ref_000129,obs_0000015674|obs_0000013644|obs_0000008279|obs_0000011892|obs_0000027022|obs_0000034707|obs_0000008600|obs_0000012209|obs_0000011478|obs_0000026379|obs_0000005903|obs_0000007343|obs_0000007156|obs_0000014497|obs_0000005726|obs_0000014954|obs_0000011893|obs_0000012663,obs_0000027022|obs_0000034707|obs_0000008600|obs_0000012209|obs_0000015674|obs_0000013644|obs_0000011478|obs_0000008279|obs_0000011892,,
HARIBO,Fruchtgummi,"€ 5,99","€ 7,99","1 kg = 4,44 - 5,00","1 kg = 4,44 - 5,00",versch. Sorten,Nein,Dieses Angebot findest du vom 09.04. bis 15.04. in deiner Kaufland-Filiale.,2026-04-09,2026-04-15,../images/kaufland/kaufland_offer_258.jpg,"cat_knabbern_naschen,diet_vegetarian,tag_ultra_processed",,BLS-S361000,ref_000130,obs_0000011323|obs_0000027215|obs_0000021597|obs_0000021688|obs_0000021186|obs_0000002314|obs_0000002318|obs_0000002320|obs_0000025361|obs_0000020778|obs_0000002943|obs_0000001930|obs_0000020367|obs_0000014289|obs_0000027602|obs_0000016918|obs_0000025134|obs_0000020575|obs_0000021606|obs_0000017027|obs_0000019082|obs_0000024204|obs_0000017102|obs_0000017103|obs_0000023776|obs_0000019722|obs_0000020787|obs_0000013647|obs_0000016719|obs_0000023399|obs_0000010105|obs_0000021394|obs_0000016298|obs_0000025528|obs_0000010947|obs_0000015661|obs_0000034822|obs_0000021002|obs_0000007699|obs_0000031302|obs_0000030281|obs_0000006734|obs_0000006238|obs_0000001701|obs_0000005837|obs_0000020183|obs_0000035007|obs_0000006380|obs_0000029422|obs_0000025339,obs_0000007699|obs_0000016918|obs_0000025134|obs_0000011323|obs_0000006734|obs_0000027215|obs_0000021597|obs_0000006238|obs_0000020575|obs_0000021606|obs_0000017027|obs_0000019082|obs_0000024204|obs_0000021688|obs_0000021186|obs_0000005837|obs_0000017102|obs_0000017103|obs_0000023776|obs_0000002314|obs_0000019722|obs_0000002318|obs_0000002320|obs_0000025361|obs_0000020778|obs_0000020787|obs_0000013647|obs_0000016719|obs_0000023399|obs_0000010105|obs_0000002943|obs_0000001930|obs_0000020367|obs_0000021394|obs_0000016298|obs_0000025528|obs_0000014289|obs_0000027602,,
TROLLI,Fruchtgummis,"€ 0,69","€ 1,09","1 kg = 7,27","1 kg = 7,27",versch. Sorten,Nein,Dieses Angebot findest du vom 09.04. bis 15.04. in deiner Kaufland-Filiale.,2026-04-09,2026-04-15,../images/kaufland/kaufland_offer_259.jpg,"cat_knabbern_naschen,diet_vegetarian,tag_ultra_processed",,BLS-S361000,ref_000131,obs_0000001818|obs_0000008548|obs_0000009751|obs_0000009287|obs_0000014618|obs_0000015898|obs_0000011963|obs_0000010731|obs_0000012671,obs_0000024204|obs_0000001818|obs_0000023776,,
CAPRI-SUN,Fruchtsaftgetränk,"€ 6,00",,"1 l = 1,50","1 l = 1,50",versch. Sorten,Nein,Dieses Angebot findest du vom 09.04. bis 15.04. in deiner Kaufland-Filiale.,2026-04-09,2026-04-15,../images/kaufland/kaufland_offer_273.jpg,"cat_getraenke,diet_vegetarian,tag_ultra_processed",,BLS-N210000,ref_000132,obs_0000028293|obs_0000033833|obs_0000011567|obs_0000008761|obs_0000009933|obs_0000010737|obs_0000006549|obs_0000005441|obs_0000006360|obs_0000005999|obs_0000006204|obs_0000006889|obs_0000007668,obs_0000028293|obs_0000033833|obs_0000011567|obs_0000008761|obs_0000009933|obs_0000010737,,
WIESENHOF,Geflügelwurst,"€ 0,99","€ 1,59","1 kg = 15,90 - 19,88","1 kg = 15,90 - 19,88","Mortadella, versch. Sorten, oder Jagdwurst",Nein,Dieses Angebot findest du vom 09.04. bis 15.04. in deiner Kaufland-Filiale.,2026-04-09,2026-04-15,../images/kaufland/kaufland_offer_107.jpg,"cat_fleisch_wurst,sub_gefluegel,sub_wurst,tag_ultra_processed",,BLS-W223100,ref_000133,obs_0000013220|obs_0000014919|obs_0000012297|obs_0000015757|obs_0000008623,obs_0000013220|obs_0000014919|obs_0000012297|obs_0000015757|obs_0000008623,,
IGLO,Gemüse,"€ 1,99","€ 2,79","1 kg = 3,32 - 4,98","1 kg = 3,32 - 4,98",Gartenerbsen oder Brokkoli,Nein,Dieses Angebot findest du vom 09.04. bis 15.04. in deiner Kaufland-Filiale.,2026-04-09,2026-04-15,../images/kaufland/kaufland_offer_166.jpg,"cat_tiefkuehl,diet_vegan,diet_vegetarian,sub_frisches_gemuese,sub_tk_fertiggerichte,sub_tk_gemuese,tag_ultra_processed,tag_whole_food",,BLS-X416243,ref_000134,obs_0000011900|obs_0000014506|obs_0000012813|obs_0000017491|obs_0000033909|obs_0000011055|obs_0000018735|obs_0000016753|obs_0000010642|obs_0000015818|obs_0000014837|obs_0000025597|obs_0000018942|obs_0000028318|obs_0000018651|obs_0000025833|obs_0000021989|obs_0000028366|obs_0000002055|obs_0000033834|obs_0000011491|obs_0000009060|obs_0000002949|obs_0000008614|obs_0000006649|obs_0000010355|obs_0000012974|obs_0000006845|obs_0000026348|obs_0000031028|obs_0000030015|obs_0000029016|obs_0000030660|obs_0000022572|obs_0000019518|obs_0000032396|obs_0000013002|obs_0000034005|obs_0000014042|obs_0000017157|obs_0000006505|obs_0000016359|obs_0000006157|obs_0000006217|obs_0000026195|obs_0000005211|obs_0000005772|obs_0000005950|obs_0000007038|obs_0000005583,obs_0000012813|obs_0000017491|obs_0000033909|obs_0000011900|obs_0000014506|obs_0000011055|obs_0000018735|obs_0000016753|obs_0000010642|obs_0000015818|obs_0000014837|obs_0000025597|obs_0000018942,,
PALMOLIVE,Geschirrspülmittel Ultra-Konzentrat,"€ 1,19","€ 1,75","1 l = 1,59 - 2,38","1 l = 1,59 - 2,38","Original, Limone oder Orchidee",Nein,Dieses Angebot findest du vom 13.04. bis 15.04. in deiner Kaufland-Filiale.,2026-04-13,2026-04-15,../images/kaufland/kaufland_offer_053.jpg,cat_drogerie,,,ref_000135,obs_0000013224|obs_0000008305|obs_0000010271|obs_0000028221|obs_0000015958|obs_0000031355|obs_0000034453|obs_0000013986|obs_0000034995|obs_0000008401|obs_0000013052|obs_0000015118|obs_0000011604|obs_0000013654|obs_0000033632|obs_0000011161,obs_0000013224,,
K-PURLAND Schnelle Küche,Geschnetzeltes vom Schwein Asia Art,"€ 3,33",,"1 kg = 6,66","1 kg = 6,66","vom Schwein, mariniert, zum Braten",Nein,Dieses Angebot findest du vom 09.04. bis 15.04. in deiner Kaufland-Filiale.,2026-04-09,2026-04-15,../images/kaufland/kaufland_offer_094.jpg,"cat_fleisch_wurst,sub_rind,sub_schwein,tag_high_protein,tag_proteinreich",,,ref_000136,,,,
K-CLASSIC,Gewürzmischung,"€ 1,11","€ 1,59","1 kg = 14,80 - 31,72","1 kg = 14,80 - 31,72",versch. Sorten,Nein,Dieses Angebot findest du vom 09.04. bis 15.04. in deiner Kaufland-Filiale.,2026-04-09,2026-04-15,../images/kaufland/kaufland_offer_212.jpg,"cat_grundnahrung,diet_vegetarian,tag_ultra_processed",,,ref_000137,obs_0000011927|obs_0000000895,obs_0000011927,,
TRISTAR,Glas-Wasserkocher WK-3405KL,"€ 9,99",,"pro Einheit = 9,99","pro Einheit = 9,99","Fassungsvermögen ca. 1,7 l 360°-Gerätesockel Verdecktes Heizelement Mit blauer LED-Beleuchtung Ein-/Ausschalter mit Kontrollleuchte Mit Füllmengenmarkierung und Filtersieb 2.200 W",Nein,Dieses Angebot findest du vom 09.04. bis 15.04. in deiner Kaufland-Filiale.,2026-04-09,2026-04-15,../images/kaufland/kaufland_offer_359.jpg,"cat_non_food,diet_vegan,diet_vegetarian",,,ref_000138,obs_0000026245|obs_0000027448|obs_0000033852|obs_0000020100|obs_0000018438|obs_0000018696|obs_0000022403|obs_0000000766|obs_0000033542|obs_0000001934|obs_0000023568|obs_0000017568|obs_0000024753|obs_0000020919|obs_0000035121|obs_0000022100|obs_0000023130|obs_0000018299,,,
Keine Marke,Glockenblume,"€ 2,69",,"pro Einheit = 2,69","pro Einheit = 2,69","versch. Farben, Topf Ø 10,5 cm",Nein,Dieses Angebot findest du vom 09.04. bis 15.04. in deiner Kaufland-Filiale.,2026-04-09,2026-04-15,../images/kaufland/kaufland_offer_081.jpg,"cat_obst_gemuese,diet_gluten_free,diet_lactose_free,diet_vegan,diet_vegetarian,tag_whole_food",,,ref_000139,obs_0000029390|obs_0000012247,obs_0000029390|obs_0000012247,,
DALLMAYR,Gold,"€ 7,49",,"1 kg = 37,45","1 kg = 37,45","löslicher Kaffee, verfeinert mit 100 % Dallmayr Arabica",Nein,Dieses Angebot findest du vom 09.04. bis 15.04. in deiner Kaufland-Filiale.,2026-04-09,2026-04-15,../images/kaufland/kaufland_offer_229.jpg,"cat_knabbern_naschen,diet_gluten_free,diet_lactose_free,diet_vegan,diet_vegetarian",,BLS-G230100,ref_000140,obs_0000013227|obs_0000031776|obs_0000034007|obs_0000023259|obs_0000012629|obs_0000011104|obs_0000012669|obs_0000015276|obs_0000031712|obs_0000010721|obs_0000027964|obs_0000021523|obs_0000025157|obs_0000020704|obs_0000029715|obs_0000020510|obs_0000016424|obs_0000008235|obs_0000013358|obs_0000026672|obs_0000019528|obs_0000005742|obs_0000025215|obs_0000001674|obs_0000027793|obs_0000017043|obs_0000029362|obs_0000014007|obs_0000018645|obs_0000021224|obs_0000025350|obs_0000010019|obs_0000025395|obs_0000022839|obs_0000010065|obs_0000021329|obs_0000009562|obs_0000026466|obs_0000014705|obs_0000008059|obs_0000032649|obs_0000009614|obs_0000028046|obs_0000026005|obs_0000008606|obs_0000027055|obs_0000020405|obs_0000008631|obs_0000009158|obs_0000030693,obs_0000031776|obs_0000005742|obs_0000034007|obs_0000023259|obs_0000012629|obs_0000011104|obs_0000012669|obs_0000013227|obs_0000015276|obs_0000031712|obs_0000010721|obs_0000006641,,
Nescaf,Gold Typ Cappuccino,"€ 3,69","€ 4,99","1 kg = 14,76 - 16,78","1 kg = 14,76 - 16,78",cremig-zart oder weniger süß,Nein,Dieses Angebot findest du vom 09.04. bis 15.04. in deiner Kaufland-Filiale.,2026-04-09,2026-04-15,../images/kaufland/kaufland_offer_232.jpg,"cat_knabbern_naschen,diet_gluten_free,diet_lactose_free,diet_vegan,diet_vegetarian,tag_ultra_processed",,,ref_000141,obs_0000017967|obs_0000026020|obs_0000017838|obs_0000034007|obs_0000023259|obs_0000012629|obs_0000012669|obs_0000010721|obs_0000031776|obs_0000027211|obs_0000011104|obs_0000027508|obs_0000013227|obs_0000015276|obs_0000031712,,,x
KNOPPERS,Goodies,"€ 1,89","€ 2,49","1 kg = 13,84","1 kg = 13,84","knusprige, cremig gefüllte Waffelkugeln",Nein,Dieses Angebot findest du vom 09.04. bis 15.04. in deiner Kaufland-Filiale.,2026-04-09,2026-04-15,../images/kaufland/kaufland_offer_256.jpg,"cat_knabbern_naschen,diet_vegetarian,tag_ultra_processed",,,ref_000142,obs_0000013667|obs_0000016132|obs_0000009611|obs_0000010062|obs_0000008025,obs_0000013667|obs_0000016132,,
Keine Marke,Gourmetlaugenstange,"€ 0,39","€ 0,49","pro Einheit = 0,39","pro Einheit = 0,39",mit Sonnenblumen- und Kürbiskernen und Sesam,Nein,Dieses Angebot findest du vom 09.04. bis 15.04. in deiner Kaufland-Filiale.,2026-04-09,2026-04-15,../images/kaufland/kaufland_offer_197.jpg,"cat_grundnahrung,diet_gluten_free,diet_lactose_free,diet_vegan,diet_vegetarian,tag_ultra_processed,tag_whole_food",,,ref_000143,obs_0000012360,obs_0000012360,,
BECKSTEINER WEINHAUS,Grauer Burgunder oder Schwarzriesling,"€ 3,99","€ 4,99","1 l = 5,32","1 l = 5,32","Qualitätsweine, Baden, z. B. Grauer Burgunder: Duft nach Melone und reifem Apfel, passt zu Geflügel, Fisch und Spargel, Schwarzriesling auch als Rosé",Nein,Dieses Angebot findest du vom 09.04. bis 15.04. in deiner Kaufland-Filiale.,2026-04-09,2026-04-15,../images/kaufland/kaufland_offer_292.jpg,"cat_getraenke,tag_ultra_processed",,,ref_000144,obs_0000015081|obs_0000011588|obs_0000034879|obs_0000035029|obs_0000014060|obs_0000034725,obs_0000015081|obs_0000011588,,
MÖVENPICK,Greek Style Joghurt,"€ 1,79",,"1 kg = 4,48","1 kg = 4,48","Natur, 8 % Fett",Nein,Dieses Angebot findest du vom 09.04. bis 15.04. in deiner Kaufland-Filiale.,2026-04-09,2026-04-15,../images/kaufland/kaufland_offer_135.jpg,"cat_molkerei_kaese,diet_vegetarian,sub_joghurt_skyr_quark,sub_milchprodukte,tag_ultra_processed",,,ref_000145,obs_0000011875|obs_0000014336|obs_0000001451|obs_0000026710|obs_0000020687|obs_0000020689|obs_0000028966|obs_0000023030|obs_0000008703|obs_0000025171|obs_0000017127|obs_0000023284|obs_0000025392|obs_0000033696|obs_0000009180|obs_0000021506|obs_0000021508|obs_0000025811|obs_0000015673|obs_0000019794|obs_0000009663|obs_0000034580,obs_0000011875,,
SEAFOOD4YOU,Grilllachs,"€ 4,29","€ 5,25","1 kg = 17,16","1 kg = 17,16",mit Knoblauch-Kräuter-Marinade,Nein,Dieses Angebot findest du vom 09.04. bis 15.04. in deiner Kaufland-Filiale.,2026-04-09,2026-04-15,../images/kaufland/kaufland_offer_131.jpg,"cat_fisch_meeresfruechte,diet_lactose_free,tag_proteinreich",,BLS-T417100,ref_000146,obs_0000018882,,,
VALLEDORO,Grissini,"€ 1,29","€ 1,69","1 kg = 12,90","1 kg = 12,90","Knabberstangen, Saltelli oder Torinesi",Nein,Dieses Angebot findest du vom 09.04. bis 15.04. in deiner Kaufland-Filiale.,2026-04-09,2026-04-15,../images/kaufland/kaufland_offer_243.jpg,"cat_knabbern_naschen,diet_vegetarian",,BLS-X9A3050,ref_000147,obs_0000011549|obs_0000023198|obs_0000019071|obs_0000022828|obs_0000007281|obs_0000035091,obs_0000011549|obs_0000023198,,
K-BIO,Grüne Bio-Oliven,"€ 1,79",,"1 kg = 9,95","1 kg = 9,95",ohne Stein,Nein,Dieses Angebot findest du vom 09.04. bis 15.04. in deiner Kaufland-Filiale.,2026-04-09,2026-04-15,../images/kaufland/kaufland_offer_190.jpg,"cat_grundnahrung,diet_gluten_free,diet_lactose_free,diet_vegan,diet_vegetarian,tag_whole_food",,,ref_000148,obs_0000008283|obs_0000025210|obs_0000025238|obs_0000033953|obs_0000034942|obs_0000010941|obs_0000027579|obs_0000011917|obs_0000012839|obs_0000013234|obs_0000005200|obs_0000014034|obs_0000033871|obs_0000001990|obs_0000030957|obs_0000031135|obs_0000008194|obs_0000008681|obs_0000025865|obs_0000034552|obs_0000018215|obs_0000026683|obs_0000028567|obs_0000028687|obs_0000022380,,,
Keine Marke,Grüne Oliven,"€ 0,99","€ 1,19","pro Einheit = 100,00","pro Einheit = 100,00","mit Basilikum verfeinert, ohne Stein",Nein,Dieses Angebot findest du vom 09.04. bis 15.04. in deiner Kaufland-Filiale.,2026-04-09,2026-04-15,../images/kaufland/kaufland_offer_193.jpg,"cat_grundnahrung,diet_gluten_free,diet_lactose_free,diet_vegan,diet_vegetarian,sub_exoten,sub_frisches_obst,tag_whole_food",,,ref_000149,obs_0000012839|obs_0000005200|obs_0000008283|obs_0000025210|obs_0000011917|obs_0000025238|obs_0000010941|obs_0000014034|obs_0000013234|obs_0000008194|obs_0000028687|obs_0000026683|obs_0000022160|obs_0000034552|obs_0000021256|obs_0000025865|obs_0000018215|obs_0000022380|obs_0000009082|obs_0000028567|obs_0000020437|obs_0000008681|obs_0000000624|obs_0000023169,obs_0000012839|obs_0000005200|obs_0000008283|obs_0000025210|obs_0000011917|obs_0000025238|obs_0000010941|obs_0000014034|obs_0000013234,,
MAGGI,Guten Appetit Suppe,"€ 0,69",,"1 l = 0,69 - 1,38","1 l = 0,69 - 1,38","versch. Sorten, ergeben 2 - 4 Teller (500 - 1.000 ml)",Nein,Dieses Angebot findest du vom 09.04. bis 15.04. in deiner Kaufland-Filiale.,2026-04-09,2026-04-15,../images/kaufland/kaufland_offer_207.jpg,"cat_grundnahrung,diet_lactose_free,diet_vegan,diet_vegetarian,tag_ultra_processed",,,ref_000150,obs_0000012366|obs_0000014560|obs_0000013675|obs_0000009979|obs_0000029313|obs_0000032471|obs_0000005367|obs_0000032114|obs_0000009443|obs_0000015871|obs_0000032231|obs_0000027223|obs_0000034285,obs_0000012366|obs_0000029313|obs_0000032471|obs_0000014560|obs_0000009443|obs_0000005367|obs_0000013675|obs_0000032114,,
DR OETKER,Götterspeise XXL,"€ 1,29","€ 1,59","1 kg = 2,58","1 kg = 2,58",Waldmeister,Nein,Dieses Angebot findest du vom 09.04. bis 15.04. in deiner Kaufland-Filiale.,2026-04-09,2026-04-15,../images/kaufland/kaufland_offer_141.jpg,"cat_molkerei_kaese,diet_vegetarian,tag_ultra_processed",,,ref_000151,obs_0000022120|obs_0000018042|obs_0000031439|obs_0000026338|obs_0000012763|obs_0000013967,obs_0000030865|obs_0000031439|obs_0000022120|obs_0000018042|obs_0000026338,,
PHILIPS,Haarschneider HC3505 15,"€ 19,99","€ 26,99","pro Einheit = 19,99","pro Einheit = 19,99","Selbstschärfende Edelstahl-Klingen 13 Längeneinstellungen von 0,5 bis 23 mm Trim-n-Flow für Schneiden in einem Zug Netzbetrieb Kabel ca. 1,8 m",Nein,Dieses Angebot findest du vom 09.04. bis 15.04. in deiner Kaufland-Filiale.,2026-04-09,2026-04-15,../images/kaufland/kaufland_offer_353.jpg,cat_drogerie,,,ref_000152,obs_0000012042|obs_0000015147|obs_0000023263|obs_0000022895,obs_0000012042|obs_0000015147,,
SYOSS,Haarspray,"€ 3,99","€ 4,95","1 l = 9,98","1 l = 9,98",versch. Sorten,Nein,Dieses Angebot findest du vom 09.04. bis 15.04. in deiner Kaufland-Filiale.,2026-04-09,2026-04-15,../images/kaufland/kaufland_offer_323.jpg,cat_drogerie,,,ref_000153,obs_0000033159|obs_0000016136|obs_0000032987|obs_0000011611|obs_0000015099|obs_0000033415|obs_0000032915|obs_0000033144|obs_0000008210|obs_0000033569|obs_0000029397|obs_0000032989|obs_0000033247|obs_0000032763|obs_0000010550|obs_0000013238|obs_0000009689|obs_0000033379|obs_0000013677|obs_0000009209|obs_0000005298|obs_0000033610|obs_0000005860|obs_0000006590|obs_0000005669|obs_0000006765,obs_0000033159|obs_0000016136|obs_0000033415|obs_0000032915|obs_0000032987|obs_0000011611|obs_0000033144|obs_0000015099,,
K-CLASSIC,Haferflocken,"€ 0,49","€ 0,69","1 kg = 0,98","1 kg = 0,98",zart oder kernig,Nein,Dieses Angebot findest du vom 09.04. bis 15.04. in deiner Kaufland-Filiale.,2026-04-09,2026-04-15,../images/kaufland/kaufland_offer_219.jpg,"cat_grundnahrung,diet_lactose_free,diet_vegan,diet_vegetarian,tag_ultra_processed,tag_whole_food",,NUTR-0005,ref_000154,obs_0000010710|obs_0000015658|obs_0000013032|obs_0000002858|obs_0000011097|obs_0000002998|obs_0000015879|obs_0000026414|obs_0000008132|obs_0000004225|obs_0000000485|obs_0000004652|obs_0000000837|obs_0000027529|obs_0000029627|obs_0000005079|obs_0000029717|obs_0000001273|obs_0000024040|obs_0000034489|obs_0000003776|obs_0000028738|obs_0000024706|obs_0000030935|obs_0000022989|obs_0000029245|obs_0000025515|obs_0000029967|obs_0000002471|obs_0000003476|obs_0000005102,obs_0000010710|obs_0000013032|obs_0000002858|obs_0000011097|obs_0000002998|obs_0000015658|obs_0000015879|obs_0000026414|obs_0000008132,,
MAINTAL,Hagebutten-Konfitüre Extra,"€ 1,69","€ 2,19","1 kg = 4,98","1 kg = 4,98",aus Hagebuttenmark hergestellt,Nein,Dieses Angebot findest du vom 09.04. bis 15.04. in deiner Kaufland-Filiale.,2026-04-09,2026-04-15,../images/kaufland/kaufland_offer_218.jpg,"cat_grundnahrung,diet_vegetarian",,,ref_000155,obs_0000009772|obs_0000028955|obs_0000008019|obs_0000011094|obs_0000030345|obs_0000015009|obs_0000026852|obs_0000014194|obs_0000012688|obs_0000010707|obs_0000033806|obs_0000028231|obs_0000019590|obs_0000034610|obs_0000032650|obs_0000008202|obs_0000002069|obs_0000014367|obs_0000026193|obs_0000000136|obs_0000015501|obs_0000012446|obs_0000015088|obs_0000016124|obs_0000013624|obs_0000019269|obs_0000011593|obs_0000013180|obs_0000012176|obs_0000013749|obs_0000014805,obs_0000009772|obs_0000030345|obs_0000028955|obs_0000008019|obs_0000011094,,
WEIHENSTEPHAN,Haltbarer od frischer Kakao,"€ 1,69","€ 1,99","pro Einheit = 1,00","pro Einheit = 1,00","aus Vollmilch, 3,3 % oder 3,5 % Fett",Nein,Dieses Angebot findest du vom 09.04. bis 15.04. in deiner Kaufland-Filiale.,2026-04-09,2026-04-15,../images/kaufland/kaufland_offer_147.jpg,"cat_molkerei_kaese,diet_vegetarian,sub_milchprodukte",,,ref_000156,obs_0000014874|obs_0000011316|obs_0000009647|obs_0000028104,obs_0000014874|obs_0000011316,,
WILLMS,Hamburger vom span Ib rico-Schwein,"€ 3,99",,"1 kg = 17,35","1 kg = 17,35","roh, gewürzt, zum Braten",Nein,Dieses Angebot findest du vom 09.04. bis 15.04. in deiner Kaufland-Filiale.,2026-04-09,2026-04-15,../images/kaufland/kaufland_offer_091.jpg,"cat_fleisch_wurst,sub_schwein",,,ref_000157,obs_0000019249|obs_0000011835|obs_0000013908|obs_0000017294|obs_0000022158|obs_0000016557|obs_0000009656|obs_0000022859|obs_0000034261|obs_0000009174|obs_0000017903|obs_0000014449|obs_0000000512,,,
LIV BO,Handbrause-Set,"€ 7,99",,"pro Einheit = 7,99","pro Einheit = 7,99","Aus Kunststoff, Silikon und Edelstahl 3 Strahlarten: Massage, Regen, Kombi Mit Umschalter Flexible Antikalk-Softdüsen Wasserspareinsatz (bis zu 40 % Ersparnis) Mit Drehkonus (gegen Verdrehen) Standardanschluss (1/2 Zoll) Duschkopf Ø ca. 11 cm Brauseschlauch ca. 175 cm Inkl. 2 Dichtungen 3 Jahre Garantie",Nein,Dieses Angebot findest du vom 09.04. bis 15.04. in deiner Kaufland-Filiale.,2026-04-09,2026-04-15,../images/kaufland/kaufland_offer_397.jpg,cat_non_food,,,ref_000158,obs_0000013681|obs_0000013682,obs_0000025881,,
HARZBUBE,Handkäse,"€ 1,99","€ 2,59","1 kg = 9,95","1 kg = 9,95","mit Kümmel, Magerstufe",Nein,Dieses Angebot findest du vom 09.04. bis 15.04. in deiner Kaufland-Filiale.,2026-04-09,2026-04-15,../images/kaufland/kaufland_offer_150.jpg,"cat_molkerei_kaese,sub_kaese,sub_milchprodukte,tag_ultra_processed",,,ref_000159,obs_0000033777|obs_0000015805|obs_0000034595|obs_0000031820,obs_0000033777|obs_0000015805,,
Bosch,Handrührer MFQ3010,"€ 19,99",,"pro Einheit = 19,99","pro Einheit = 19,99",2 Stufen + Turbofunktion 2 Rührbesen und 2 Knethaken Rührwerkzeuge spülmaschinengeeignet 300 W,Nein,Dieses Angebot findest du vom 09.04. bis 15.04. in deiner Kaufland-Filiale.,2026-04-09,2026-04-15,../images/kaufland/kaufland_offer_344.jpg,cat_non_food,,,ref_000160,obs_0000013683,obs_0000013683,,x
HARRY,HARRY,"€ 1,79","€ 2,49","1 kg = 3,58","1 kg = 3,58","Sammy's Dinkeltoast aus 100 % Dinkel, fein-nussig",Nein,Dieses Angebot findest du vom 13.04. bis 15.04. in deiner Kaufland-Filiale.,2026-04-13,2026-04-15,../images/kaufland/kaufland_offer_590.jpg,"cat_obst_gemuese,diet_gluten_free,diet_lactose_free,diet_vegan,diet_vegetarian,sub_exoten,sub_frisches_obst,tag_ultra_processed,tag_whole_food",,,ref_000161,obs_0000025290|obs_0000030699|obs_0000028977|obs_0000006580|obs_0000034721|obs_0000030698|obs_0000030700|obs_0000031307|obs_0000029719|obs_0000030701|obs_0000033242,,x,
MEHLIG HELLER,Hausmacher Spezialitäten,"€ 1,99","€ 2,69","1 kg = 7,96","1 kg = 7,96","Mutter's Leberwurst, Opa's Weißer oder Oma's Roter",Nein,Dieses Angebot findest du vom 09.04. bis 15.04. in deiner Kaufland-Filiale.,2026-04-09,2026-04-15,../images/kaufland/kaufland_offer_119.jpg,cat_fleisch_wurst,,,ref_000162,obs_0000011013|obs_0000014470,obs_0000011013|obs_0000014470,,
Paulaner,Hefe-Weißbier,"€ 13,99","€ 20,99","1 l = 1,40","1 l = 1,40","Original naturtrüb oder Alkoholfrei 0,0 % (+ 3.10 Pfand)",Nein,Dieses Angebot findest du vom 09.04. bis 15.04. in deiner Kaufland-Filiale.,2026-04-09,2026-04-15,../images/kaufland/kaufland_offer_302.jpg,"cat_getraenke,tag_ultra_processed",,,ref_000163,obs_0000012695|obs_0000010542|obs_0000013688|obs_0000008097|obs_0000010083|obs_0000028019|obs_0000031388|obs_0000028962|obs_0000028970|obs_0000031751|obs_0000031911|obs_0000034223|obs_0000027336|obs_0000028367|obs_0000028886|obs_0000035037,obs_0000012695|obs_0000010542|obs_0000013688,,x
Tefal,Heißluftfritteuse EY 2453,"€ 69,99",,"pro Einheit = 69,99","pro Einheit = 69,99",Fassungsvermögen ca. 5 l (für bis zu 6 Personen) Korb antihaftbeschichtet und spülmaschinenfest Digitales Touchdisplay 10 Garprogramme 1.500 W,Nein,Dieses Angebot findest du vom 09.04. bis 15.04. in deiner Kaufland-Filiale.,2026-04-09,2026-04-15,../images/kaufland/kaufland_offer_349.jpg,cat_non_food,,,ref_000164,obs_0000024128|obs_0000023705|obs_0000001565|obs_0000004164|obs_0000026718|obs_0000003182|obs_0000016517|obs_0000008842|obs_0000022702|obs_0000022718|obs_0000018130|obs_0000000770|obs_0000025870|obs_0000002370|obs_0000005018|obs_0000018919|obs_0000004591|obs_0000023536,,,x
BENEDIKTINER,Hell,"€ 14,99","€ 20,99","1 l = 1,50","1 l = 1,50",helles Lagerbier (+ 3.10 Pfand),Nein,Dieses Angebot findest du vom 09.04. bis 15.04. in deiner Kaufland-Filiale.,2026-04-09,2026-04-15,../images/kaufland/kaufland_offer_298.jpg,cat_getraenke,,,ref_000165,obs_0000031386|obs_0000034487|obs_0000011994|obs_0000006377|obs_0000035038|obs_0000014654|obs_0000034841|obs_0000009785|obs_0000034475|obs_0000009915|obs_0000027350|obs_0000010541|obs_0000028550|obs_0000008658|obs_0000028667|obs_0000013313|obs_0000028174|obs_0000033822|obs_0000030242|obs_0000008776|obs_0000028250|obs_0000015504|obs_0000027850|obs_0000026315|obs_0000034031|obs_0000035040|obs_0000035046|obs_0000035050|obs_0000028445|obs_0000029985|obs_0000034636|obs_0000012642|obs_0000031075|obs_0000010094|obs_0000006027|obs_0000028049|obs_0000027553|obs_0000003504|obs_0000034226|obs_0000027578|obs_0000029639|obs_0000029640|obs_0000032722|obs_0000032723|obs_0000005646|obs_0000034320|obs_0000001071|obs_0000027711|obs_0000034431|obs_0000033929,obs_0000034841|obs_0000009785|obs_0000031386|obs_0000034475|obs_0000034487|obs_0000009915|obs_0000027350|obs_0000011994|obs_0000006377|obs_0000035038|obs_0000010541|obs_0000014654|obs_0000028550|obs_0000008658|obs_0000032723|obs_0000028667,,
K-CLASSIC,Heringsfilets in Sauce,"€ 1,49","€ 1,99","1 kg = 3,73","1 kg = 3,73",versch. Sorten,Nein,Dieses Angebot findest du vom 13.04. bis 15.04. in deiner Kaufland-Filiale.,2026-04-13,2026-04-15,../images/kaufland/kaufland_offer_592.jpg,"cat_fisch_meeresfruechte,diet_lactose_free,tag_ultra_processed",,,ref_000166,obs_0000008374|obs_0000012193|obs_0000011628|obs_0000035082|obs_0000013845|obs_0000034889|obs_0000010474|obs_0000002730|obs_0000008976|obs_0000008982|obs_0000015371|obs_0000013386|obs_0000011350|obs_0000027864|obs_0000034021|obs_0000034417|obs_0000011915,obs_0000008374|obs_0000012193,,
DREAM HOME,Herren-Bademantel,"€ 9,99",,"pro Einheit = 9,99","pro Einheit = 9,99",Aus Polyester (Mikrofaser) Saugfähig und schnell trocknend Mit Bindegürtel und 2 aufgesetzten Taschen Größen 48/50 - 56/58 (M - XL),Nein,Dieses Angebot findest du vom 09.04. bis 15.04. in deiner Kaufland-Filiale.,2026-04-09,2026-04-15,../images/kaufland/kaufland_offer_445.jpg,cat_non_food,,,ref_000167,obs_0000016847|obs_0000021143|obs_0000017190|obs_0000023453|obs_0000025619|obs_0000029753|obs_0000013518|obs_0000001383|obs_0000018184|obs_0000018214|obs_0000020324|obs_0000022463,,,
VINSON,Herren-Poloshirt,"€ 9,99",,"pro Einheit = 9,99","pro Einheit = 9,99",Aus Baumwolle Größen M - XXL,Nein,Dieses Angebot findest du vom 09.04. bis 15.04. in deiner Kaufland-Filiale.,2026-04-09,2026-04-15,../images/kaufland/kaufland_offer_428.jpg,cat_non_food,,,ref_000168,obs_0000012579|obs_0000025052|obs_0000017576|obs_0000013699|obs_0000003674|obs_0000001296|obs_0000001380,obs_0000012579|obs_0000025052|obs_0000017576|obs_0000013699|obs_0000003674,,
VINSON,Herren-Retroboxer,"€ 9,99",,"pro Einheit = 3,00","pro Einheit = 3,00",Aus Baumwolle und Elastan Größen M - XXL,Nein,Dieses Angebot findest du vom 09.04. bis 15.04. in deiner Kaufland-Filiale.,2026-04-09,2026-04-15,../images/kaufland/kaufland_offer_423.jpg,cat_non_food,,,ref_000169,obs_0000012613|obs_0000008630|obs_0000014781|obs_0000013010|obs_0000013701|obs_0000016063|obs_0000013982|obs_0000012147|obs_0000011730,obs_0000012613|obs_0000008630|obs_0000014781|obs_0000013010|obs_0000013701|obs_0000016063,,
HEAD,Herren-Retroshorts,"€ 11,99","€ 14,99","pro Einheit = 4,00","pro Einheit = 4,00",Aus Baumwolle und Elastan Größen M - XXL,Nein,Dieses Angebot findest du vom 09.04. bis 15.04. in deiner Kaufland-Filiale.,2026-04-09,2026-04-15,../images/kaufland/kaufland_offer_424.jpg,cat_non_food,,,ref_000170,obs_0000016056|obs_0000012148|obs_0000026634|obs_0000009639|obs_0000026210|obs_0000008139,obs_0000016056|obs_0000012148,,
VINSON,Herren-Sweathoodie -pullover,"€ 12,99",,"pro Einheit = 12,99","pro Einheit = 12,99",Aus Baumwolle und Polyester Größen M - XXL,Nein,Dieses Angebot findest du vom 09.04. bis 15.04. in deiner Kaufland-Filiale.,2026-04-09,2026-04-15,../images/kaufland/kaufland_offer_426.jpg,cat_non_food,,,ref_000171,obs_0000014414|obs_0000002202|obs_0000013021|obs_0000015186|obs_0000009069|obs_0000025455|obs_0000015620|obs_0000016046|obs_0000014168|obs_0000019226|obs_0000011718|obs_0000002000|obs_0000000691|obs_0000000764|obs_0000023574,,,
VINSON,Herren-Sweathose,"€ 9,99",,"pro Einheit = 9,99","pro Einheit = 9,99",Aus Baumwolle und Polyester Größen M - XXL,Nein,Dieses Angebot findest du vom 09.04. bis 15.04. in deiner Kaufland-Filiale.,2026-04-09,2026-04-15,../images/kaufland/kaufland_offer_427.jpg,cat_non_food,,,ref_000172,obs_0000016566|obs_0000012609|obs_0000016714|obs_0000010856|obs_0000021119|obs_0000013025|obs_0000008971|obs_0000015193|obs_0000017453|obs_0000025647|obs_0000015619|obs_0000021859|obs_0000019813|obs_0000019916|obs_0000017972|obs_0000018021|obs_0000016047|obs_0000022246|obs_0000014079|obs_0000022289|obs_0000020300|obs_0000012149|obs_0000022660|obs_0000023037|obs_0000023484|obs_0000023494|obs_0000011736,obs_0000016566|obs_0000012609|obs_0000016714|obs_0000010856|obs_0000021119|obs_0000013025|obs_0000008971|obs_0000015193|obs_0000017453|obs_0000025647|obs_0000015619|obs_0000021859|obs_0000019813|obs_0000019916|obs_0000017972|obs_0000018021|obs_0000016047|obs_0000022246|obs_0000014079|obs_0000022289|obs_0000020300,,
VINSON,Herren-T-Shirt,"€ 4,99",,"pro Einheit = 4,99","pro Einheit = 4,99",Aus Baumwolle Größen M - XXL,Nein,Dieses Angebot findest du vom 09.04. bis 15.04. in deiner Kaufland-Filiale.,2026-04-09,2026-04-15,../images/kaufland/kaufland_offer_425.jpg,cat_non_food,,,ref_000173,obs_0000012620|obs_0000012700|obs_0000014797|obs_0000009161|obs_0000011260|obs_0000017457|obs_0000031856|obs_0000013704|obs_0000031708|obs_0000030035|obs_0000012150|obs_0000000755|obs_0000023324|obs_0000023466|obs_0000000968|obs_0000023573|obs_0000001225|obs_0000011740|obs_0000011807|obs_0000009163|obs_0000011737,obs_0000012598|obs_0000012620|obs_0000012700|obs_0000014797|obs_0000009161|obs_0000011260|obs_0000017457|obs_0000031856|obs_0000013704|obs_0000016055,,
EHRMANN,High Protein Pudding Drink oder Joghurt,"€ 0,99","€ 1,49","1 kg = 4,95","1 kg = 4,95",versch. Sorten (+ 0.25 Flaschenpfand),Nein,Dieses Angebot findest du vom 09.04. bis 15.04. in deiner Kaufland-Filiale.,2026-04-09,2026-04-15,../images/kaufland/kaufland_offer_142.jpg,"cat_molkerei_kaese,diet_vegetarian,sub_joghurt_skyr_quark,sub_milchprodukte,tag_high_protein,tag_proteinreich,tag_ultra_processed",,,ref_000174,obs_0000010528|obs_0000014941|obs_0000013706|obs_0000031129|obs_0000005147|obs_0000029876|obs_0000035103|obs_0000004185|obs_0000008628|obs_0000000451|obs_0000004612|obs_0000005039|obs_0000003214|obs_0000019929|obs_0000026368|obs_0000016341|obs_0000032088|obs_0000032542|obs_0000031441|obs_0000002507|obs_0000023009|obs_0000023034|obs_0000021162|obs_0000025263|obs_0000029877|obs_0000003363|obs_0000003645|obs_0000001774|obs_0000020343|obs_0000018363|obs_0000022482|obs_0000023032|obs_0000013245|obs_0000011464|obs_0000026088|obs_0000012304|obs_0000010509|obs_0000017159|obs_0000015378|obs_0000001428|obs_0000034305|obs_0000017931|obs_0000013838|obs_0000026409|obs_0000026421|obs_0000016218,obs_0000010528|obs_0000014941|obs_0000005147|obs_0000013706,,
COUNTRYSIDE,Hochlehner-Polsterauflage,"€ 9,99",,"pro Einheit = 9,99","pro Einheit = 9,99","Bezug aus recyceltem Polyester und Baumwolle Füllung aus Polyurethan und Polyester-Vlies Strapazierfähiges, lichtechtes Leinwandgewebe Mit dekorativem Stehsaum Angenehm weich durch 4-cm-Komfortpolster Mit verstellbarem Rückenband und Bindebändern Größe ca. 120 x 50 cm 3 Jahre Garantie",Nein,Dieses Angebot findest du vom 09.04. bis 15.04. in deiner Kaufland-Filiale.,2026-04-09,2026-04-15,../images/kaufland/kaufland_offer_417.jpg,"cat_non_food,tag_ultra_processed",,,ref_000175,obs_0000023915|obs_0000024339,obs_0000023915|obs_0000024339,,
LIVARNO,Hocker Houston,"€ 19,99",,"pro Einheit = 19,99","pro Einheit = 19,99","Ideal für Balkon, Garten oder Terrasse Pulverbeschichteter Aluminium-Leichtrahmen Mit komfortabler Textilbespannung Witterungs- und UV-beständig, strapazierfähig Bodenschonende und rutschhemmende Profilfüße Platzsparend zusammenklappbar Einfach zu reinigen Belastbarkeit max. 110 kg Größe ca. B 41 x H 38 x T 49 cm 3 Jahre Garantie",Nein,Dieses Angebot findest du vom 09.04. bis 15.04. in deiner Kaufland-Filiale.,2026-04-09,2026-04-15,../images/kaufland/kaufland_offer_409.jpg,cat_non_food,,,ref_000176,,,,
LEERDAMMER,Holl Schnittkäse,"€ 1,69",,"1 kg = 12,08 - 16,90","1 kg = 12,08 - 16,90","versch. Sorten, in Scheiben, 30 - 50 % Fett i. Tr.",Nein,Dieses Angebot findest du vom 09.04. bis 15.04. in deiner Kaufland-Filiale.,2026-04-09,2026-04-15,../images/kaufland/kaufland_offer_154.jpg,"cat_molkerei_kaese,sub_kaese,sub_milchprodukte,tag_ultra_processed",,,ref_000177,obs_0000011781|obs_0000010264|obs_0000021017|obs_0000028709|obs_0000014122|obs_0000028586|obs_0000025651|obs_0000013876|obs_0000008758|obs_0000008137|obs_0000020198|obs_0000008439|obs_0000028921|obs_0000008191,obs_0000011781,,
DALLMAYR,Home Barista Caff Crema Dolce,"€ 12,99","€ 18,99","pro Einheit = 1,00","pro Einheit = 1,00","ganze Bohnen, mild und harmonisch, wenig Säure",Nein,Dieses Angebot findest du vom 09.04. bis 15.04. in deiner Kaufland-Filiale.,2026-04-09,2026-04-15,../images/kaufland/kaufland_offer_228.jpg,"cat_knabbern_naschen,diet_gluten_free,diet_lactose_free,diet_vegan,diet_vegetarian",,,ref_000178,obs_0000015446|obs_0000031925|obs_0000004856|obs_0000014103|obs_0000003392|obs_0000000331|obs_0000004429|obs_0000004002|obs_0000027318|obs_0000031315|obs_0000001682|obs_0000027651|obs_0000015884|obs_0000010292|obs_0000026207|obs_0000034907|obs_0000001683|obs_0000008868|obs_0000016732|obs_0000017267|obs_0000006463,obs_0000015446|obs_0000031925|obs_0000004856|obs_0000014103|obs_0000003392|obs_0000000331|obs_0000004429|obs_0000004002,,
WOW,Hundenahrung,"€ 2,59","€ 3,49","1 kg = 3,24","1 kg = 3,24","Premium-Feuchtnahrung mit hohem Fleisch- bzw. Fischanteil, versch. Sorten",Nein,Dieses Angebot findest du vom 09.04. bis 15.04. in deiner Kaufland-Filiale.,2026-04-09,2026-04-15,../images/kaufland/kaufland_offer_330.jpg,cat_drogerie,,,ref_000179,obs_0000015976|obs_0000031754|obs_0000026642|obs_0000035081|obs_0000011178|obs_0000009004|obs_0000031674|obs_0000027763|obs_0000029061|obs_0000034061|obs_0000034459|obs_0000010788|obs_0000034868|obs_0000032458|obs_0000030030|obs_0000007509|obs_0000012905|obs_0000027629|obs_0000034671|obs_0000005678|obs_0000026578|obs_0000015100|obs_0000007937,obs_0000031754|obs_0000026642|obs_0000035081|obs_0000011178|obs_0000009004|obs_0000031674|obs_0000015976|obs_0000027763,,
K-CLASSIC,Hähnchen-Knusperdinos,"€ 2,69","€ 3,29","1 kg = 6,73","1 kg = 6,73","aus fein zerkleinertem Hähnchenbrustfleisch, paniert, zum Braten, Backen oder Frittieren",Nein,Dieses Angebot findest du vom 09.04. bis 15.04. in deiner Kaufland-Filiale.,2026-04-09,2026-04-15,../images/kaufland/kaufland_offer_168.jpg,"cat_tiefkuehl,diet_lactose_free,sub_gefluegel,tag_proteinreich,tag_ultra_processed",,,ref_000180,obs_0000014965,obs_0000014965,,
K-PURLAND,Hähnchen-Ministeaks XXL,"€ 6,99","€ 9,29","1 kg = 8,74","1 kg = 8,74",aus dem Brustfilet,Nein,Dieses Angebot findest du vom 09.04. bis 15.04. in deiner Kaufland-Filiale.,2026-04-09,2026-04-15,../images/kaufland/kaufland_offer_101.jpg,"cat_fleisch_wurst,sub_gefluegel,sub_rind,tag_high_protein,tag_proteinreich",,,ref_000181,obs_0000011427|obs_0000014914|obs_0000000432|obs_0000004158|obs_0000004585|obs_0000005012|obs_0000008788|obs_0000008852|obs_0000010591|obs_0000011849|obs_0000012278|obs_0000013251|obs_0000013710|obs_0000014915|obs_0000015352|obs_0000015748|obs_0000027174|obs_0000028084|obs_0000000055|obs_0000000217|obs_0000016724|obs_0000016727|obs_0000026229|obs_0000018265|obs_0000002168|obs_0000019055|obs_0000019114|obs_0000027320|obs_0000003026|obs_0000003039|obs_0000019665|obs_0000003557|obs_0000019998|obs_0000003825|obs_0000020217|obs_0000020633|obs_0000004252|obs_0000021036|obs_0000004679|obs_0000021452|obs_0000021794|obs_0000021971|obs_0000022265|obs_0000014460|obs_0000012763|obs_0000013967,obs_0000000432|obs_0000027174|obs_0000011427|obs_0000028084|obs_0000004158|obs_0000004585|obs_0000005012|obs_0000014914,,
Keine Marke,Hähnchen-Röllchen XXL,"€ 4,99",,"1 kg = 9,25","1 kg = 9,25",Curry-Ketchup- oder Tzatziki-Style,Nein,Dieses Angebot findest du vom 09.04. bis 15.04. in deiner Kaufland-Filiale.,2026-04-09,2026-04-15,../images/kaufland/kaufland_offer_103.jpg,"cat_fleisch_wurst,diet_gluten_free,diet_lactose_free,diet_vegetarian,sub_gefluegel,tag_proteinreich,tag_ultra_processed,tag_whole_food",,,ref_000182,obs_0000000055|obs_0000000217|obs_0000016724|obs_0000000432|obs_0000008788|obs_0000008852|obs_0000026229|obs_0000002168|obs_0000010591|obs_0000019055|obs_0000019114|obs_0000027320|obs_0000003026|obs_0000003039|obs_0000011427|obs_0000019665|obs_0000011849|obs_0000003825|obs_0000020217|obs_0000012278|obs_0000004158|obs_0000020633|obs_0000004252|obs_0000004585|obs_0000021036|obs_0000004679|obs_0000005012|obs_0000013251|obs_0000021452|obs_0000021794|obs_0000013710|obs_0000021971|obs_0000014460|obs_0000014914|obs_0000014915|obs_0000015352|obs_0000015748|obs_0000012763|obs_0000013967,,,
K-PURLAND,Hähnchenpaket,"€ 3,49",,"pro Einheit = 8,73","pro Einheit = 8,73","mit Hähnchenflügeln, -unterkeulen und -oberkeulen",Nein,Dieses Angebot findest du vom 09.04. bis 15.04. in deiner Kaufland-Filiale.,2026-04-09,2026-04-15,../images/kaufland/kaufland_offer_102.jpg,"cat_fleisch_wurst,diet_lactose_free,sub_gefluegel,sub_rind,tag_high_protein,tag_proteinreich",,,ref_000183,obs_0000013252,obs_0000013252,,
ANSMANN,Hörgerätebatterien 312 PR41 oder 13 PR48,"€ 1,99","€ 6,49","pro Einheit = 6,00","pro Einheit = 6,00",,Nein,Dieses Angebot findest du vom 09.04. bis 15.04. in deiner Kaufland-Filiale.,2026-04-09,2026-04-15,../images/kaufland/kaufland_offer_340.jpg,cat_non_food,,,ref_000184,obs_0000011630|obs_0000003878|obs_0000004305|obs_0000001172|obs_0000000251|obs_0000004732,obs_0000011630,,
K-PURLAND,Hüftsteak,"€ 18,95","€ 22,59","pro Einheit = 3,79","pro Einheit = 3,79","vom Jungbullen, mind. 14 Tage gereift",Nein,Dieses Angebot findest du vom 09.04. bis 15.04. in deiner Kaufland-Filiale.,2026-04-09,2026-04-15,../images/kaufland/kaufland_offer_097.jpg,"cat_fleisch_wurst,sub_rind,sub_schwein",,,ref_000185,obs_0000008440|obs_0000010998|obs_0000009267|obs_0000014036|obs_0000001879|obs_0000014451|obs_0000012276|obs_0000019035|obs_0000030552,obs_0000008440|obs_0000010998|obs_0000009267|obs_0000014036|obs_0000001879,,
WEINBERGER,Infrarot-Fieberthermometer 01078,"€ 9,99","€ 29,99","pro Einheit = 9,99","pro Einheit = 9,99",Kontaktlose Temperaturmessung Temperaturbereich 34 - 43 °C LCD-Anzeige mit Ampelfarbsystem Mit Signalton Speicher der letzten 10 Messungen Inkl. Batterien,Nein,Dieses Angebot findest du vom 09.04. bis 15.04. in deiner Kaufland-Filiale.,2026-04-09,2026-04-15,../images/kaufland/kaufland_offer_375.jpg,"cat_getraenke,diet_vegetarian",,,ref_000186,,,,
TESA,Insektenschutz-Magnetvorhang,"€ 24,99","€ 33,99","pro Einheit = 13,23","pro Einheit = 13,23","Zuverlässiger, selbstschließender Insektenschutz Ideal für Terrassen- und Balkontüren Werkzeuglose Montage (ohne Bohren) Mit breitem Klettband zur mühelosen Fixierung Größe ca. 90 (2 x 45) x 210 cm",Nein,Dieses Angebot findest du vom 09.04. bis 15.04. in deiner Kaufland-Filiale.,2026-04-09,2026-04-15,../images/kaufland/kaufland_offer_372.jpg,cat_non_food,,,ref_000187,,,,
SWITCH ON,Insektenstichheiler SBR 65,"€ 9,99",,"pro Einheit = 9,99","pro Einheit = 9,99",Gegen Juckreiz und Schwellungen Wirkt nur mit konzentrierter Wärme 2 Programme: Dauer ca. 3 oder 6 sec Behandlung ohne chemische Stoffe Auch für Schwangere geeignet Einfach und schnell einsetzbar Bis zu 300 Anwendungen,Nein,Dieses Angebot findest du vom 09.04. bis 15.04. in deiner Kaufland-Filiale.,2026-04-09,2026-04-15,../images/kaufland/kaufland_offer_373.jpg,cat_non_food,,,ref_000188,,,,
Grundig,Ionic-Haartrockner HD 7082,"€ 19,99","€ 29,99","pro Einheit = 19,99","pro Einheit = 19,99","3 Temperatur-/2 Luftstromstufen Abkühlstufe zum Fixieren des Stylings Ionen-Funktion Kabel mit Aufhängeöse ca. 1,8 m 2.300 W",Nein,Dieses Angebot findest du vom 09.04. bis 15.04. in deiner Kaufland-Filiale.,2026-04-09,2026-04-15,../images/kaufland/kaufland_offer_357.jpg,cat_non_food,,,ref_000189,obs_0000011804|obs_0000025887|obs_0000023460|obs_0000002143,obs_0000011804,,x
emsa,Isolierkanne Samba,"€ 9,99","€ 24,99","pro Einheit = 9,99","pro Einheit = 9,99","Aus Kunststoff Isolierkolben aus Glas 100 % auslaufsicher Deckel mit Quick-Press-Verschluss Hält bis zu 12 h heiß/24 h kalt Fassungsvermögen ca. 1,5 l Größe ca. 28 cm",Nein,Dieses Angebot findest du vom 09.04. bis 15.04. in deiner Kaufland-Filiale.,2026-04-09,2026-04-15,../images/kaufland/kaufland_offer_386.jpg,cat_non_food,,,ref_000190,obs_0000012076|obs_0000010322|obs_0000028206|obs_0000035125|obs_0000033383,obs_0000012076|obs_0000010322,,x
Keine Marke,Ital Babyspinat,"€ 0,79","€ 1,29","1 kg = 5,27","1 kg = 5,27",Kl. I,Nein,Dieses Angebot findest du vom 09.04. bis 15.04. in deiner Kaufland-Filiale.,2026-04-09,2026-04-15,../images/kaufland/kaufland_offer_077.jpg,"cat_obst_gemuese,diet_gluten_free,diet_lactose_free,diet_vegan,diet_vegetarian,sub_exoten,sub_frisches_gemuese,sub_frisches_obst,sub_tk_gemuese,tag_whole_food",,,ref_000191,obs_0000012644|obs_0000015251|obs_0000013254|obs_0000010371,obs_0000012644|obs_0000015251|obs_0000013254,,
Keine Marke,Ital Bio-Kiwis,"€ 1,99","€ 2,79","pro Einheit = 3,00","pro Einheit = 3,00",Kl. I,Nein,Dieses Angebot findest du vom 09.04. bis 15.04. in deiner Kaufland-Filiale.,2026-04-09,2026-04-15,../images/kaufland/kaufland_offer_067.jpg,"cat_obst_gemuese,diet_gluten_free,diet_lactose_free,diet_vegan,diet_vegetarian,sub_exoten,sub_frisches_gemuese,sub_frisches_obst,tag_whole_food",,,ref_000192,obs_0000011815|obs_0000012261|obs_0000033933|obs_0000033704|obs_0000034304|obs_0000034532|obs_0000014422|obs_0000030957|obs_0000031135|obs_0000005317,obs_0000011815|obs_0000012261,,
Keine Marke,Ital Pflücksalat,"€ 0,79","€ 1,29","1 kg = 6,32","1 kg = 6,32",Kl. I,Nein,Dieses Angebot findest du vom 09.04. bis 15.04. in deiner Kaufland-Filiale.,2026-04-09,2026-04-15,../images/kaufland/kaufland_offer_075.jpg,"cat_obst_gemuese,diet_gluten_free,diet_lactose_free,diet_vegan,diet_vegetarian,sub_exoten,sub_frisches_gemuese,sub_frisches_obst,sub_salate,tag_ultra_processed,tag_whole_food",,BLS-G108100,ref_000193,obs_0000008198|obs_0000012651|obs_0000015263|obs_0000013257,,,
Keine Marke,Ital Rucola,"€ 0,79","€ 1,29","1 kg = 6,32","1 kg = 6,32",Kl. I,Nein,Dieses Angebot findest du vom 09.04. bis 15.04. in deiner Kaufland-Filiale.,2026-04-09,2026-04-15,../images/kaufland/kaufland_offer_076.jpg,"cat_obst_gemuese,diet_gluten_free,diet_lactose_free,diet_vegan,diet_vegetarian,sub_exoten,sub_frisches_obst,tag_ultra_processed,tag_whole_food",,BLS-G130100,ref_000194,obs_0000001300|obs_0000001874|obs_0000012651|obs_0000015263|obs_0000031672|obs_0000030142|obs_0000013257,,,
MONTORSI,Ital Salami,"€ 4,00",,"1 kg = 20,00","1 kg = 20,00","in Scheiben, Rustico, Spianata Romana oder Milano",Nein,Dieses Angebot findest du vom 09.04. bis 15.04. in deiner Kaufland-Filiale.,2026-04-09,2026-04-15,../images/kaufland/kaufland_offer_114.jpg,"cat_fleisch_wurst,sub_wurst,tag_ultra_processed",,,ref_000195,obs_0000012776|obs_0000013258|obs_0000011440|obs_0000013718|obs_0000008039|obs_0000010234|obs_0000010316|obs_0000016602|obs_0000008425|obs_0000002285|obs_0000026898|obs_0000016755|obs_0000031198|obs_0000002611|obs_0000014932|obs_0000019030|obs_0000023205|obs_0000021226|obs_0000011010|obs_0000025355|obs_0000017184|obs_0000002957|obs_0000017375|obs_0000003239|obs_0000019666|obs_0000003307|obs_0000025934|obs_0000034176|obs_0000028273|obs_0000005781|obs_0000007987|obs_0000020407|obs_0000016328,obs_0000012776|obs_0000013258|obs_0000011440|obs_0000013718,,
K-CLASSIC,Joghurt griech Art,"€ 1,19","€ 1,59","1 kg = 2,38","1 kg = 2,38","Honig, Kokos, Salted Caramel oder Kirsch",Nein,Dieses Angebot findest du vom 09.04. bis 15.04. in deiner Kaufland-Filiale.,2026-04-09,2026-04-15,../images/kaufland/kaufland_offer_136.jpg,"cat_molkerei_kaese,diet_vegetarian,sub_joghurt_skyr_quark,sub_milchprodukte,tag_ultra_processed",,,ref_000196,obs_0000011460|obs_0000013233|obs_0000009180|obs_0000009663|obs_0000023033|obs_0000026710|obs_0000020687|obs_0000020689|obs_0000028966|obs_0000023030|obs_0000008703|obs_0000025171|obs_0000017127|obs_0000023284|obs_0000025392|obs_0000033696|obs_0000021506|obs_0000021508|obs_0000025811|obs_0000015673|obs_0000019794|obs_0000034580,,,
K-CLASSIC,Joghurt mild 0 1 oder 1 5 Fett,"€ 0,59","€ 0,79","1 kg = 1,18","1 kg = 1,18","1,5 % Fett oder aus Magermilch, 0,1 % Fett",Nein,Dieses Angebot findest du vom 09.04. bis 15.04. in deiner Kaufland-Filiale.,2026-04-09,2026-04-15,../images/kaufland/kaufland_offer_134.jpg,"cat_molkerei_kaese,diet_vegetarian,sub_joghurt_skyr_quark,sub_kaese,sub_milchprodukte,tag_ultra_processed",,BLS-M141300,ref_000197,obs_0000006440|obs_0000006980|obs_0000007538|obs_0000017128|obs_0000001804|obs_0000002511|obs_0000027610|obs_0000011458|obs_0000023026|obs_0000015790|obs_0000009180|obs_0000009663|obs_0000008703|obs_0000025171|obs_0000017127|obs_0000025392|obs_0000033696|obs_0000025811|obs_0000034580|obs_0000026710|obs_0000019794|obs_0000020687|obs_0000020689|obs_0000028966|obs_0000021506|obs_0000021508|obs_0000023030|obs_0000023284|obs_0000015673,,,
K-CLASSIC,Joghurt-Drink,"€ 0,77","€ 0,95","1 kg = 1,54","1 kg = 1,54","1 % Fett im Milchanteil, versch. Sorten (+ 0.25 Pfand)",Nein,Dieses Angebot findest du vom 09.04. bis 15.04. in deiner Kaufland-Filiale.,2026-04-09,2026-04-15,../images/kaufland/kaufland_offer_145.jpg,"cat_molkerei_kaese,diet_vegetarian,sub_joghurt_skyr_quark,sub_milchprodukte,tag_ultra_processed",,BLS-X3A9010,ref_000198,obs_0000023032|obs_0000026088|obs_0000009180|obs_0000009663|obs_0000030828|obs_0000026710|obs_0000020687|obs_0000020689|obs_0000028966|obs_0000023030|obs_0000008703|obs_0000025171|obs_0000017127|obs_0000023284|obs_0000025392|obs_0000033696|obs_0000021506|obs_0000021508|obs_0000025811|obs_0000015673|obs_0000019794|obs_0000034580|obs_0000026421|obs_0000010528|obs_0000014941|obs_0000013706|obs_0000030119,obs_0000023032|obs_0000026088,,
HOUDEK,Kabanos,"€ 1,79",,"1 kg = 11,94","1 kg = 11,94","heißgeräucherte Salamispezialität, versch. Sorten",Nein,Dieses Angebot findest du vom 09.04. bis 15.04. in deiner Kaufland-Filiale.,2026-04-09,2026-04-15,../images/kaufland/kaufland_offer_116.jpg,"cat_fleisch_wurst,sub_schwein,sub_wurst,tag_ultra_processed",,BLS-W218100,ref_000199,obs_0000011011|obs_0000012778|obs_0000016109|obs_0000011014|obs_0000028679|obs_0000028559|obs_0000008470|obs_0000016099|obs_0000000616|obs_0000014835|obs_0000012661|obs_0000006189|obs_0000032560|obs_0000034356|obs_0000030911|obs_0000006873|obs_0000029807|obs_0000031491|obs_0000007223|obs_0000001103|obs_0000030820|obs_0000005225|obs_0000030551|obs_0000030519|obs_0000031478,obs_0000011011|obs_0000006189|obs_0000032560|obs_0000006873|obs_0000012778|obs_0000016109|obs_0000029807,,
ARLA,Kaergarden,"€ 1,59","€ 2,69","1 kg = 7,95","1 kg = 7,95","Mischstreichfett, Original oder Balance, gesalzen oder ungesalzen",Nein,Dieses Angebot findest du vom 13.04. bis 15.04. in deiner Kaufland-Filiale.,2026-04-13,2026-04-15,../images/kaufland/kaufland_offer_008.jpg,"cat_non_food,diet_vegetarian,tag_ultra_processed",,,ref_000200,obs_0000028612|obs_0000028499|obs_0000020622|obs_0000019355|obs_0000027311|obs_0000021441|obs_0000025568|obs_0000003682|obs_0000017643,obs_0000028612|obs_0000028499,,
MÖVENPICK,Kaffee,"€ 6,99","€ 9,99","1 kg = 13,98","1 kg = 13,98","gemahlen, versch. Sorten",Nein,Dieses Angebot findest du vom 09.04. bis 15.04. in deiner Kaufland-Filiale.,2026-04-09,2026-04-15,../images/kaufland/kaufland_offer_227.jpg,"cat_knabbern_naschen,diet_gluten_free,diet_lactose_free,diet_vegan,diet_vegetarian,tag_ultra_processed",,BLS-N410100,ref_000201,obs_0000012856|obs_0000012375|obs_0000011954|obs_0000014593|obs_0000024909|obs_0000013724|obs_0000015279|obs_0000010719|obs_0000022517|obs_0000026632|obs_0000010346|obs_0000008975|obs_0000007172|obs_0000001036|obs_0000011792|obs_0000015886|obs_0000014364|obs_0000031774|obs_0000008737|obs_0000005168|obs_0000012378|obs_0000001674|obs_0000018585|obs_0000011952|obs_0000007356|obs_0000027842|obs_0000005362|obs_0000027412|obs_0000034615|obs_0000027964|obs_0000024390|obs_0000010059|obs_0000000848|obs_0000009608|obs_0000023971|obs_0000033702|obs_0000034731|obs_0000013262|obs_0000011764|obs_0000001035|obs_0000001037|obs_0000001038|obs_0000001039|obs_0000021523|obs_0000029713|obs_0000025137|obs_0000025139|obs_0000030782|obs_0000025157|obs_0000011344,obs_0000012856|obs_0000012375|obs_0000011954|obs_0000014593|obs_0000024909|obs_0000013724|obs_0000015279|obs_0000010719|obs_0000022517,,
Starbucks,Kaffeekapseln,"€ 3,49",,"1 kg = 61,23 - 68,44","1 kg = 61,23 - 68,44","für Nespresso-Maschinen, versch. Sorten",Nein,Dieses Angebot findest du vom 09.04. bis 15.04. in deiner Kaufland-Filiale.,2026-04-09,2026-04-15,../images/kaufland/kaufland_offer_231.jpg,"cat_knabbern_naschen,diet_gluten_free,diet_lactose_free,diet_vegan,diet_vegetarian",,,ref_000202,obs_0000009891|obs_0000015659|obs_0000008119|obs_0000013263|obs_0000009427|obs_0000011105|obs_0000004360|obs_0000003109|obs_0000004787|obs_0000001754|obs_0000001755|obs_0000003933|obs_0000001778|obs_0000001779|obs_0000002712|obs_0000013725|obs_0000033193|obs_0000015020|obs_0000012857|obs_0000008762|obs_0000005741|obs_0000000151|obs_0000030001|obs_0000022967|obs_0000031175|obs_0000000203|obs_0000031328|obs_0000031341|obs_0000005922|obs_0000029364|obs_0000030691|obs_0000006640|obs_0000032507|obs_0000031042|obs_0000029331|obs_0000022056|obs_0000020805|obs_0000030709|obs_0000021624,obs_0000004360|obs_0000009891|obs_0000003109|obs_0000015659|obs_0000004787|obs_0000008119|obs_0000013263|obs_0000009427|obs_0000001754|obs_0000001755|obs_0000003933|obs_0000011105|obs_0000001778|obs_0000001779,,x
Starbucks,Kaffeemischgetränk,"€ 1,39","€ 2,49","1 l = 11,32","1 l = 11,32",versch. Sorten,Nein,Dieses Angebot findest du vom 09.04. bis 15.04. in deiner Kaufland-Filiale.,2026-04-09,2026-04-15,../images/kaufland/kaufland_offer_144.jpg,"cat_molkerei_kaese,tag_ultra_processed",,BLS-N410100,ref_000203,obs_0000014387|obs_0000013264|obs_0000010620,obs_0000010121|obs_0000014387|obs_0000013264|obs_0000010620,,x
DE LONGHI,Kaffeevollautomat Magnifica S ECAM12 121B,"€ 222,00",,"pro Einheit = 222,00","pro Einheit = 222,00","Direktwahltasten für 1 oder 2 Tassen Extraleises Kegelmahlwerk (13-stufig) Kaffeemenge und -stärke einstellbar Auch für Kaffeepulver geeignet Pumpendruck 15 bar Vorbrüh-Aroma-System Mit Milchaufschäumdüse Heißwasserfunktion für Tee etc. Für Tassenhöhen bis ca. 14 cm Bohnenbehälter für ca. 250 g Frontal entnehmbarer Wassertank für ca. 1,8 l Vollautomatisches Spül- und Entkalkungsprogramm Herausnehmbare, wartungsarme Brühgruppe 1.450 W",Nein,Dieses Angebot findest du vom 09.04. bis 15.04. in deiner Kaufland-Filiale.,2026-04-09,2026-04-15,../images/kaufland/kaufland_offer_354.jpg,"cat_getraenke,diet_gluten_free,diet_lactose_free,diet_vegan,diet_vegetarian,tag_ultra_processed,tag_whole_food",,,ref_000204,obs_0000015160|obs_0000025871|obs_0000023960|obs_0000024745|obs_0000024382|obs_0000023135|obs_0000023535,obs_0000015160,,
CAOTINA,Kakao-Getränkepulver,"€ 5,99",,"1 kg = 11,98 - 13,32","1 kg = 11,98 - 13,32",versch. Sorten,Nein,Dieses Angebot findest du vom 09.04. bis 15.04. in deiner Kaufland-Filiale.,2026-04-09,2026-04-15,../images/kaufland/kaufland_offer_233.jpg,"cat_knabbern_naschen,tag_ultra_processed",,,ref_000205,obs_0000011546|obs_0000013266|obs_0000014858|obs_0000009996|obs_0000009102|obs_0000009534|obs_0000013655|obs_0000015447,obs_0000011546|obs_0000013266,,
K-CLASSIC,Kaliforn Pistazien XXL,"€ 4,99",,"1 kg = 12,48","1 kg = 12,48",geröstet und gesalzen,Nein,Dieses Angebot findest du vom 09.04. bis 15.04. in deiner Kaufland-Filiale.,2026-04-09,2026-04-15,../images/kaufland/kaufland_offer_250.jpg,"cat_knabbern_naschen,diet_lactose_free,diet_vegan,diet_vegetarian,tag_ultra_processed",,,ref_000206,obs_0000011959|obs_0000010945|obs_0000027176|obs_0000000433|obs_0000001787|obs_0000004160|obs_0000012763|obs_0000004587|obs_0000005014|obs_0000013967,obs_0000010945|obs_0000011959,,
Bosch,Kapselkaffeemaschine Tassimo Style TAS112E,"€ 29,99",,"pro Einheit = 29,99","pro Einheit = 29,99","Auswahl von über 70 Getränkespezialitäten One-Touch-Bedienung Manuelle Getränkestärke-Anpassung Sofort einsatzbereit nach dem Einschalten Höhenverstellbares, entnehmbares Tassenpodest Abnehmbarer Wassertank ca. 0,7 l Automatisches Reinigungs-/Entkalkungsprogramm 1.400 W",Nein,Dieses Angebot findest du vom 09.04. bis 15.04. in deiner Kaufland-Filiale.,2026-04-09,2026-04-15,../images/kaufland/kaufland_offer_348.jpg,cat_non_food,,,ref_000207,obs_0000012051|obs_0000013729|obs_0000009144|obs_0000012041|obs_0000013730,obs_0000012041|obs_0000012051|obs_0000013729|obs_0000013730|obs_0000009144,,x
Bosch,Kapselkaffeemaschine Tassimo Style TAS117E,"€ 29,99",,"pro Einheit = 29,99","pro Einheit = 29,99","Auswahl von über 70 Getränkespezialitäten One-Touch-Bedienung Manuelle Getränkestärke-Anpassung Sofort einsatzbereit nach dem Einschalten Höhenverstellbares, entnehmbares Tassenpodest Abnehmbarer Wassertank ca. 0,7 l Automatisches Reinigungs-/Entkalkungsprogramm 1.400 W",Nein,Dieses Angebot findest du vom 09.04. bis 15.04. in deiner Kaufland-Filiale.,2026-04-09,2026-04-15,../images/kaufland/kaufland_offer_356.jpg,cat_non_food,,,ref_000208,obs_0000012041|obs_0000013730|obs_0000012051|obs_0000013729|obs_0000009144,obs_0000012041|obs_0000012051|obs_0000013729|obs_0000013730|obs_0000009144,,x
GARDSCHIPS,Kartoffelchips,"€ 1,69",,"1 kg = 11,27","1 kg = 11,27",Tryffel oder Dill und Parmesan,Nein,Dieses Angebot findest du vom 09.04. bis 15.04. in deiner Kaufland-Filiale.,2026-04-09,2026-04-15,../images/kaufland/kaufland_offer_236.jpg,"cat_knabbern_naschen,diet_vegetarian,sub_kartoffeln,tag_ultra_processed",,BLS-K280200,ref_000209,obs_0000013268|obs_0000011108|obs_0000009623|obs_0000015449|obs_0000006915|obs_0000005849,obs_0000011108|obs_0000013268|obs_0000009623|obs_0000015449,,
PFANNI,Kartoffelgericht,"€ 1,49","€ 2,79","1 kg = 3,73","1 kg = 3,73","pfannen- bzw. ofenfertig, versch. Sorten",Nein,Dieses Angebot findest du vom 09.04. bis 15.04. in deiner Kaufland-Filiale.,2026-04-09,2026-04-15,../images/kaufland/kaufland_offer_217.jpg,"cat_grundnahrung,diet_lactose_free,diet_vegan,diet_vegetarian,sub_kartoffeln,tag_ultra_processed,tag_whole_food",,BLS-K110100,ref_000210,obs_0000015438|obs_0000012687|obs_0000010928|obs_0000013731,obs_0000013731|obs_0000015438|obs_0000012687|obs_0000010928,,
PFANNI,Kartoffelpüree,"€ 1,49","€ 2,49","1 kg = 5,27 - 6,21","1 kg = 5,27 - 6,21","3 x 3 Portionen, versch. Sorten",Nein,Dieses Angebot findest du vom 09.04. bis 15.04. in deiner Kaufland-Filiale.,2026-04-09,2026-04-15,../images/kaufland/kaufland_offer_216.jpg,"cat_grundnahrung,diet_gluten_free,diet_lactose_free,diet_vegan,diet_vegetarian,sub_kartoffeln,tag_ultra_processed,tag_whole_food",,BLS-X6A2000,ref_000211,obs_0000015875|obs_0000010132|obs_0000015008|obs_0000034829|obs_0000001045|obs_0000034618|obs_0000000853|obs_0000027786|obs_0000027594,obs_0000015875|obs_0000034829|obs_0000010132|obs_0000001045|obs_0000015008|obs_0000034083|obs_0000034618|obs_0000028736|obs_0000000853,,
K-CLASSIC,Kartoffelsalat,"€ 1,19","€ 1,49","1 kg = 2,98","1 kg = 2,98","Kartoffel-, Nudel- oder Krautsalat, versch. Sorten",Nein,Dieses Angebot findest du vom 09.04. bis 15.04. in deiner Kaufland-Filiale.,2026-04-09,2026-04-15,../images/kaufland/kaufland_offer_180.jpg,"cat_grundnahrung,diet_gluten_free,diet_lactose_free,diet_vegan,diet_vegetarian,sub_frisches_gemuese,sub_kartoffeln,sub_salate,tag_ultra_processed,tag_whole_food",,BLS-K110100,ref_000212,obs_0000010201|obs_0000031132|obs_0000030107|obs_0000026272|obs_0000028830|obs_0000027438|obs_0000027823|obs_0000028507|obs_0000028621|obs_0000006343|obs_0000007200|obs_0000034340|obs_0000025866|obs_0000007947,obs_0000031132|obs_0000030107|obs_0000026272|obs_0000010201,,
FELIX,Katzennahrung,"€ 3,79",,"1 kg = 3,72","1 kg = 3,72","So gut wie es aussieht, Doppelt lecker oder Sensations, versch. Sorten",Nein,Dieses Angebot findest du vom 09.04. bis 15.04. in deiner Kaufland-Filiale.,2026-04-09,2026-04-15,../images/kaufland/kaufland_offer_332.jpg,cat_drogerie,,,ref_000213,obs_0000013736|obs_0000014398|obs_0000012491|obs_0000015701|obs_0000033541|obs_0000034456|obs_0000015533|obs_0000027821|obs_0000008127|obs_0000026441|obs_0000014307|obs_0000030727|obs_0000032780|obs_0000026771|obs_0000028826|obs_0000013992|obs_0000034869|obs_0000028361|obs_0000028746|obs_0000034257|obs_0000029394|obs_0000007936|obs_0000005493|obs_0000006400|obs_0000034062|obs_0000028189|obs_0000033860|obs_0000032856|obs_0000032857|obs_0000005863|obs_0000033005|obs_0000028398|obs_0000033390|obs_0000006773|obs_0000031863|obs_0000030369|obs_0000032042|obs_0000005677|obs_0000007118|obs_0000030031|obs_0000007508|obs_0000031378|obs_0000032151|obs_0000032286|obs_0000029741|obs_0000032457|obs_0000032288|obs_0000008604,obs_0000033541|obs_0000032780|obs_0000034456|obs_0000013736|obs_0000015533|obs_0000027821|obs_0000014398|obs_0000008127|obs_0000026441|obs_0000012491|obs_0000015701|obs_0000014307,,
FUNNY-FRISCH,Kesselchips Riffels oder Cheese Cracker,"€ 1,49",,"1 kg = 9,94 - 14,90","1 kg = 9,94 - 14,90",versch. Sorten,Nein,Dieses Angebot findest du vom 09.04. bis 15.04. in deiner Kaufland-Filiale.,2026-04-09,2026-04-15,../images/kaufland/kaufland_offer_234.jpg,"cat_knabbern_naschen,sub_huelsenfruechte,tag_ultra_processed",,,ref_000214,obs_0000013738|obs_0000012218|obs_0000015024|obs_0000015892|obs_0000012384|obs_0000011380|obs_0000013564|obs_0000010537|obs_0000026987|obs_0000003528,obs_0000013738|obs_0000012218,,
Kinder,Cap Super Mario,"€ 4,99",,"pro Einheit = 4,99","pro Einheit = 4,99",Aus Baumwolle und Polyester Einheitsgröße,Nein,Dieses Angebot findest du vom 09.04. bis 15.04. in deiner Kaufland-Filiale.,2026-04-09,2026-04-15,../images/kaufland/kaufland_offer_441.jpg,"cat_getraenke,diet_gluten_free,diet_lactose_free,diet_vegan,diet_vegetarian,tag_ultra_processed,tag_whole_food",,,ref_000215,obs_0000009071,,x,
Kinder,Pantys Squishmallows,"€ 4,99",,"pro Einheit = 3,00","pro Einheit = 3,00",Aus Baumwolle und Elastan Größen 110/116 - 146/152,Nein,Dieses Angebot findest du vom 09.04. bis 15.04. in deiner Kaufland-Filiale.,2026-04-09,2026-04-15,../images/kaufland/kaufland_offer_432.jpg,"cat_obst_gemuese,diet_gluten_free,diet_lactose_free,diet_vegan,diet_vegetarian,tag_ultra_processed,tag_whole_food",,,ref_000216,,,x,
Kinder,Pyjama Squishmallows,"€ 7,99",,"pro Einheit = 7,99","pro Einheit = 7,99",Aus Baumwolle Größen 110/116 - 146/152,Nein,Dieses Angebot findest du vom 09.04. bis 15.04. in deiner Kaufland-Filiale.,2026-04-09,2026-04-15,../images/kaufland/kaufland_offer_431.jpg,"cat_non_food,diet_gluten_free,diet_lactose_free,diet_vegetarian,tag_ultra_processed,tag_whole_food",,,ref_000217,obs_0000016613|obs_0000025121|obs_0000021164|obs_0000017295|obs_0000015626|obs_0000020345|obs_0000001996|obs_0000012600|obs_0000012608|obs_0000002442|obs_0000010862|obs_0000009015|obs_0000020542|obs_0000022656|obs_0000025117|obs_0000000757|obs_0000000761|obs_0000000843|obs_0000021361|obs_0000000941|obs_0000001121|obs_0000001410|obs_0000001582|obs_0000001626,,x,
Kinder,Pyjama Super Mario,"€ 7,99",,"pro Einheit = 7,99","pro Einheit = 7,99",Aus Baumwolle Größen 110/116 - 146/152,Nein,Dieses Angebot findest du vom 09.04. bis 15.04. in deiner Kaufland-Filiale.,2026-04-09,2026-04-15,../images/kaufland/kaufland_offer_436.jpg,"cat_getraenke,diet_gluten_free,diet_lactose_free,diet_vegan,diet_vegetarian,tag_ultra_processed,tag_whole_food",,,ref_000218,obs_0000016613|obs_0000025121|obs_0000021164|obs_0000017295|obs_0000015626|obs_0000020345|obs_0000001996|obs_0000020542|obs_0000022656|obs_0000025117|obs_0000000757|obs_0000000761|obs_0000000843|obs_0000021361|obs_0000000941|obs_0000001121|obs_0000001410|obs_0000001582|obs_0000001626,,x,
Kinder,Retroboxer Super Mario,"€ 4,99",,"pro Einheit = 2,00","pro Einheit = 2,00",Aus Baumwolle Größen 110/116 - 146/152,Nein,Dieses Angebot findest du vom 09.04. bis 15.04. in deiner Kaufland-Filiale.,2026-04-09,2026-04-15,../images/kaufland/kaufland_offer_434.jpg,"cat_getraenke,diet_gluten_free,diet_lactose_free,diet_vegan,diet_vegetarian,tag_ultra_processed,tag_whole_food",,,ref_000219,,,x,
Kinder,Sweathose Squishmallows,"€ 7,99",,"pro Einheit = 7,99","pro Einheit = 7,99",Aus Baumwolle Größen 110/116 - 146/152,Nein,Dieses Angebot findest du vom 09.04. bis 15.04. in deiner Kaufland-Filiale.,2026-04-09,2026-04-15,../images/kaufland/kaufland_offer_437.jpg,"cat_obst_gemuese,diet_gluten_free,diet_lactose_free,diet_vegan,diet_vegetarian,tag_ultra_processed,tag_whole_food",,,ref_000220,obs_0000019608|obs_0000016067|obs_0000012582|obs_0000012594|obs_0000010865|obs_0000022660|obs_0000023037|obs_0000023484|obs_0000023494,,x,
Kinder,Sweathose Super Mario,"€ 7,99",,"pro Einheit = 7,99","pro Einheit = 7,99",Aus Baumwolle Größen 110/116 - 146/152,Nein,Dieses Angebot findest du vom 09.04. bis 15.04. in deiner Kaufland-Filiale.,2026-04-09,2026-04-15,../images/kaufland/kaufland_offer_439.jpg,"cat_getraenke,diet_gluten_free,diet_lactose_free,diet_vegan,diet_vegetarian,tag_ultra_processed,tag_whole_food",,,ref_000221,obs_0000019608|obs_0000016067|obs_0000022660|obs_0000023037|obs_0000023484|obs_0000023494,,x,
Kinder,T-Shirt Squishmallows,"€ 4,99",,"pro Einheit = 4,99","pro Einheit = 4,99",Aus Baumwolle Größen 110/116 - 146/152,Nein,Dieses Angebot findest du vom 09.04. bis 15.04. in deiner Kaufland-Filiale.,2026-04-09,2026-04-15,../images/kaufland/kaufland_offer_438.jpg,"cat_non_food,diet_gluten_free,diet_lactose_free,diet_vegetarian,tag_ultra_processed,tag_whole_food",,,ref_000222,obs_0000000755|obs_0000023324|obs_0000023466|obs_0000000968|obs_0000023573|obs_0000001225,,x,
Kinder,T-Shirt Super Mario,"€ 4,99",,"pro Einheit = 4,99","pro Einheit = 4,99",Aus Baumwolle Größen 110/116 - 146/152,Nein,Dieses Angebot findest du vom 09.04. bis 15.04. in deiner Kaufland-Filiale.,2026-04-09,2026-04-15,../images/kaufland/kaufland_offer_440.jpg,"cat_getraenke,diet_gluten_free,diet_lactose_free,diet_vegan,diet_vegetarian,tag_ultra_processed,tag_whole_food",,,ref_000223,obs_0000000755|obs_0000023324|obs_0000023466|obs_0000000968|obs_0000023573|obs_0000001225,,x,
Kinder,Unterhemden Squishmallows,"€ 5,99",,"pro Einheit = 2,00","pro Einheit = 2,00",Aus Baumwolle und Elastan Größen 110/116 - 146/152,Nein,Dieses Angebot findest du vom 09.04. bis 15.04. in deiner Kaufland-Filiale.,2026-04-09,2026-04-15,../images/kaufland/kaufland_offer_433.jpg,"cat_knabbern_naschen,diet_gluten_free,diet_lactose_free,diet_vegan,diet_vegetarian,tag_ultra_processed,tag_whole_food",,,ref_000224,obs_0000012577|obs_0000012568|obs_0000012606|obs_0000010859|obs_0000001456,,x,
Kinder,Unterhemden Super Mario,"€ 5,99",,"pro Einheit = 2,00","pro Einheit = 2,00",Aus Baumwolle Größen 110/116 - 146/152,Nein,Dieses Angebot findest du vom 09.04. bis 15.04. in deiner Kaufland-Filiale.,2026-04-09,2026-04-15,../images/kaufland/kaufland_offer_435.jpg,"cat_obst_gemuese,diet_gluten_free,diet_lactose_free,diet_vegan,diet_vegetarian,tag_ultra_processed,tag_whole_food",,,ref_000225,obs_0000012577|obs_0000001456,,x,
COUNTRYSIDE,Klappsessel Houston,"€ 34,99",,"pro Einheit = 34,99","pro Einheit = 34,99","Aluminium-Leichtrahmen mit stabiler Mechanik Mit Textilbespannung Wetterfest, UV-beständig und strapazierfähig 7-stufig einstellbare Rückenlehne Bequeme Armlehnen aus pflegeleichtem Kunststoff Bodenschonende und rutschhemmende Profilfüße Einfach zu reinigen Platzsparend zusammenklappbar Belastbarkeit max. 120 kg Größe ca. B 58 x H 110 x 67 cm 3 Jahre Garantie",Nein,Dieses Angebot findest du vom 09.04. bis 15.04. in deiner Kaufland-Filiale.,2026-04-09,2026-04-15,../images/kaufland/kaufland_offer_411.jpg,cat_non_food,,,ref_000226,,,,
ELEPHANT,Knabbergebäck,"€ 1,69","€ 1,99","1 kg = 9,39 - 13,52","1 kg = 9,39 - 13,52","Baked Squeezed Pretzels oder Pretzel Pieces, versch. Sorten",Nein,Dieses Angebot findest du vom 09.04. bis 15.04. in deiner Kaufland-Filiale.,2026-04-09,2026-04-15,../images/kaufland/kaufland_offer_244.jpg,"cat_knabbern_naschen,tag_ultra_processed",,,ref_000227,obs_0000014597|obs_0000011111|obs_0000010393,obs_0000014597|obs_0000011111|obs_0000010393,,
MITSUBA,Knusprige Snacks,"€ 1,99","€ 2,49","1 kg = 14,22 - 23,42","1 kg = 14,22 - 23,42","von asiatischer Streetfood-Kultur inspiriert, versch. Sorten",Nein,Dieses Angebot findest du vom 09.04. bis 15.04. in deiner Kaufland-Filiale.,2026-04-09,2026-04-15,../images/kaufland/kaufland_offer_247.jpg,"cat_knabbern_naschen,diet_vegetarian,tag_ultra_processed",,,ref_000228,obs_0000010726,obs_0000009006|obs_0000010726,,
K-CLASSIC,Knuspriger Knabber-Mix,"€ 1,39","€ 1,69","1 kg = 4,64","1 kg = 4,64",mit 8 Sorten Knabbergebäck,Nein,Dieses Angebot findest du vom 09.04. bis 15.04. in deiner Kaufland-Filiale.,2026-04-09,2026-04-15,../images/kaufland/kaufland_offer_246.jpg,"cat_knabbern_naschen,diet_vegetarian,tag_ultra_processed",,,ref_000229,obs_0000012383|obs_0000016094|obs_0000028892|obs_0000009100|obs_0000024700,obs_0000012383|obs_0000016094,,
TRISTAR,Kochplatte KP-6151KL,"€ 14,99",,"pro Einheit = 14,99","pro Einheit = 14,99",Kochplatte ca. Ø 19 cm Temperatur stufenlos einstellbar Mit Kontrollleuchte Kabellänge ca. 1 m 1.500 W,Nein,Dieses Angebot findest du vom 09.04. bis 15.04. in deiner Kaufland-Filiale.,2026-04-09,2026-04-15,../images/kaufland/kaufland_offer_358.jpg,"cat_non_food,sub_milchprodukte",,,ref_000230,,,,
DREAMOLINO,Komfort-Kissen Swan Pillow,"€ 29,99","€ 69,90","pro Einheit = 29,99","pro Einheit = 29,99","Ganzkörper-Wohlfühlkissen Vereint Kopf-, Bauch- und Kniekissen Für alle Schlafpositionen und Körperformen Ergonomisches Schwanenhals-Design Unterstützt und wirkt stabilisierend Bezug aus Polyester und Baumwolle Füllung aus Polyester Atmungsaktives Material Maschinenwaschbar bis 40 °C Größe ca. B 110 x H 15 x T 60 cm",Nein,Dieses Angebot findest du vom 09.04. bis 15.04. in deiner Kaufland-Filiale.,2026-04-09,2026-04-15,../images/kaufland/kaufland_offer_471.jpg,"cat_getraenke,tag_ultra_processed",,,ref_000231,obs_0000003990|obs_0000004417|obs_0000000322|obs_0000034259|obs_0000004844,,,
SCHWARTAU,Konfitüre Extra,"€ 1,79","€ 2,99","1 kg = 5,27 - 6,40","1 kg = 5,27 - 6,40",versch. Sorten,Nein,Dieses Angebot findest du vom 13.04. bis 15.04. in deiner Kaufland-Filiale.,2026-04-13,2026-04-15,../images/kaufland/kaufland_offer_010.jpg,"cat_grundnahrung,diet_vegetarian",,BLS-S132000,ref_000232,obs_0000015009|obs_0000026852|obs_0000014194|obs_0000012688|obs_0000010707|obs_0000033806|obs_0000034610|obs_0000002069|obs_0000019269|obs_0000009772|obs_0000028231|obs_0000019590|obs_0000028955|obs_0000008019|obs_0000011094|obs_0000032650|obs_0000008202|obs_0000014367|obs_0000026193|obs_0000000136|obs_0000030345|obs_0000015501|obs_0000032400|obs_0000012446|obs_0000029360|obs_0000031949|obs_0000015088|obs_0000016124|obs_0000013624|obs_0000011593|obs_0000013180|obs_0000012176|obs_0000007582|obs_0000013749|obs_0000014805|obs_0000006652|obs_0000007023|obs_0000006139,obs_0000015009|obs_0000026852|obs_0000008483|obs_0000014194|obs_0000032650|obs_0000012688|obs_0000010707,,
TRISTAR,Kontaktgrill SA-3052KLGR,"€ 7,99",,"pro Einheit = 7,99","pro Einheit = 7,99",Antihaftbeschichtete Platten Grillfläche ca. 22 x 12 cm Deckel mit Sicherheitsverriegelung Griffe mit Hitze-Isolierung Automatische Temperaturkontrolle 750 W,Nein,Dieses Angebot findest du vom 09.04. bis 15.04. in deiner Kaufland-Filiale.,2026-04-09,2026-04-15,../images/kaufland/kaufland_offer_346.jpg,"cat_getraenke,diet_vegetarian,tag_ultra_processed",,,ref_000233,obs_0000023961|obs_0000024384|obs_0000000970,,,
MAOAM,Kracher Pinballs oder Happy Fruttis,"€ 0,99","€ 1,29","1 kg = 4,95 - 5,66","1 kg = 4,95 - 5,66","Kracher, versch. Sorten, Pinballs oder Happy Fruttis",Nein,Dieses Angebot findest du vom 13.04. bis 15.04. in deiner Kaufland-Filiale.,2026-04-13,2026-04-15,../images/kaufland/kaufland_offer_602.jpg,"cat_getraenke,tag_ultra_processed",,,ref_000234,obs_0000013283,obs_0000013283,,
Aus eigener Herstellung,Krakauer,"€ 1,29",,"pro Einheit = 100,00","pro Einheit = 100,00","im Ring, herzhaft mit Pfeffer, Knoblauch und Kümmel gewürzt",Nein,Dieses Angebot findest du vom 09.04. bis 15.04. in deiner Kaufland-Filiale.,2026-04-09,2026-04-15,../images/kaufland/kaufland_offer_125.jpg,"cat_fleisch_wurst,sub_wurst,tag_ultra_processed",,BLS-W171200,ref_000235,obs_0000011015|obs_0000012296|obs_0000013753|obs_0000010032|obs_0000014155|obs_0000008147|obs_0000009582|obs_0000005236|obs_0000006526|obs_0000007057|obs_0000031117|obs_0000030102|obs_0000007621|obs_0000013327|obs_0000008608|obs_0000008100|obs_0000003142|obs_0000002249|obs_0000011862,obs_0000011015|obs_0000012296|obs_0000010032|obs_0000013753|obs_0000014155|obs_0000008147|obs_0000009582|obs_0000005236|obs_0000006526,,
STEINHAUS,Krustenbraten,"€ 1,99",,"pro Einheit = 100,00","pro Einheit = 100,00","saftig und zart, mit goldbraun gebackener Kruste",Nein,Dieses Angebot findest du vom 09.04. bis 15.04. in deiner Kaufland-Filiale.,2026-04-09,2026-04-15,../images/kaufland/kaufland_offer_128.jpg,"cat_fleisch_wurst,sub_schwein",,,ref_000236,obs_0000015780|obs_0000013284|obs_0000030099|obs_0000009518|obs_0000026671|obs_0000027058|obs_0000005427|obs_0000027969|obs_0000030788|obs_0000007242|obs_0000031464|obs_0000005228|obs_0000032370,obs_0000015780|obs_0000013284|obs_0000005228|obs_0000032370,,
COUNTRYSIDE,Kugelgrill Kansas,"€ 19,99","€ 29,99","pro Einheit = 19,99","pro Einheit = 19,99","Feuerschale, Deckel und Kohlerost emailliert Verchromter Grillrost ca. Ø 34 cm Deckel mit einstellbarem Luftabzug Feuerschale mit regulierbarer Belüftungsöffnung Mit Asche-Auffangschale und Ablage Beweglich dank gartentauglicher Räder Größe ca. B 40 x H 69 x T 44 cm Inkl. Montagematerial und Anleitung",Nein,Dieses Angebot findest du vom 09.04. bis 15.04. in deiner Kaufland-Filiale.,2026-04-09,2026-04-15,../images/kaufland/kaufland_offer_480.jpg,"cat_non_food,tag_ultra_processed",,,ref_000237,,,,
K-CLASSIC,Käse-Snacks,"€ 4,00","€ 4,44","1 kg = 9,10","1 kg = 9,10","Gouda- und Bergkäse- oder Edamer- und Butterkäse-Würfel im Frische-Doppelpack, 45 % Fett i. Tr.",Nein,Dieses Angebot findest du vom 13.04. bis 15.04. in deiner Kaufland-Filiale.,2026-04-13,2026-04-15,../images/kaufland/kaufland_offer_593.jpg,"cat_molkerei_kaese,diet_gluten_free,diet_lactose_free,sub_kaese,sub_milchprodukte,tag_ultra_processed",,,ref_000238,obs_0000012681|obs_0000006457|obs_0000010631|obs_0000008883,obs_0000016585|obs_0000012681|obs_0000017382,,
Zenker,Königskuchenform,"€ 5,99","€ 9,99","pro Einheit = 5,99","pro Einheit = 5,99","Aus Stahlblech Mit Antihaftbeschichtung Backofenfest bis 230 °C Größe ca. B 31 x H 7,5 x T 13 cm",Nein,Dieses Angebot findest du vom 09.04. bis 15.04. in deiner Kaufland-Filiale.,2026-04-09,2026-04-15,../images/kaufland/kaufland_offer_382.jpg,"cat_non_food,tag_ultra_processed",,,ref_000239,obs_0000025869|obs_0000014735|obs_0000013756,obs_0000025869,,x
K-CLASSIC,Küchentücher Saugstark XXL,"€ 5,99",,"pro Einheit = 100,00","pro Einheit = 100,00",3-lagig,Nein,Dieses Angebot findest du vom 09.04. bis 15.04. in deiner Kaufland-Filiale.,2026-04-09,2026-04-15,../images/kaufland/kaufland_offer_313.jpg,"cat_drogerie,tag_ultra_processed",,,ref_000240,obs_0000008589|obs_0000008896|obs_0000024705|obs_0000033405|obs_0000017283|obs_0000025544|obs_0000018046|obs_0000034463|obs_0000010070|obs_0000026500|obs_0000034991|obs_0000027217|obs_0000027452|obs_0000002895|obs_0000011370|obs_0000019566|obs_0000028044|obs_0000020296|obs_0000012763|obs_0000021115|obs_0000013759|obs_0000022123|obs_0000013967|obs_0000014197|obs_0000022515|obs_0000014417|obs_0000023316|obs_0000016235,obs_0000008589|obs_0000008896,,
MILKA,Küchlein,"€ 1,99",,"1 kg = 11,38 - 14,22","1 kg = 11,38 - 14,22",versch. Sorten,Nein,Dieses Angebot findest du vom 09.04. bis 15.04. in deiner Kaufland-Filiale.,2026-04-09,2026-04-15,../images/kaufland/kaufland_offer_205.jpg,"cat_grundnahrung,diet_vegetarian,tag_ultra_processed",,,ref_000241,obs_0000010023|obs_0000009571|obs_0000014812|obs_0000013293,obs_0000010023|obs_0000009571|obs_0000014812|obs_0000013293,,
FERRERO,Küsschen,"€ 2,79",,"1 kg = 14,69 - 16,23","1 kg = 14,69 - 16,23","Nusspralinen, versch. Sorten",Nein,Dieses Angebot findest du vom 13.04. bis 15.04. in deiner Kaufland-Filiale.,2026-04-13,2026-04-15,../images/kaufland/kaufland_offer_600.jpg,"cat_knabbern_naschen,diet_vegetarian,tag_ultra_processed",,BLS-D440500,ref_000242,obs_0000033892|obs_0000012388|obs_0000028524|obs_0000028639|obs_0000024703|obs_0000019298|obs_0000005652|obs_0000007279|obs_0000032119|obs_0000028144|obs_0000012387|obs_0000015291,obs_0000005652|obs_0000033892|obs_0000012388|obs_0000007279|obs_0000032119|obs_0000028144,,
K-BLUE BAY,Lachsforellenfilet,"€ 3,29","€ 3,79","1 kg = 18,28","1 kg = 18,28",mit Haut,Nein,Dieses Angebot findest du vom 09.04. bis 15.04. in deiner Kaufland-Filiale.,2026-04-09,2026-04-15,../images/kaufland/kaufland_offer_132.jpg,"cat_fisch_meeresfruechte,tag_high_protein,tag_proteinreich",,,ref_000243,obs_0000000699|obs_0000018886|obs_0000011456|obs_0000013801|obs_0000023814|obs_0000024239,obs_0000000699|obs_0000018886,,
Keine Marke,Lammspieß,"€ 22,90","€ 29,90","pro Einheit = 22,90","pro Einheit = 22,90","mit Speckbohnen, mariniert, aus eigener Herstellung",Nein,Dieses Angebot findest du vom 09.04. bis 15.04. in deiner Kaufland-Filiale.,2026-04-09,2026-04-15,../images/kaufland/kaufland_offer_130.jpg,"cat_fleisch_wurst,diet_gluten_free,diet_lactose_free,diet_vegan,diet_vegetarian,sub_exoten,sub_frisches_obst,tag_ultra_processed,tag_whole_food",,,ref_000244,obs_0000034755,,,
Keine Marke,Laugenbrötchen,"€ 0,25","€ 0,39","pro Einheit = 0,25","pro Einheit = 0,25",aus Weizenmehl,Nein,Dieses Angebot findest du vom 09.04. bis 15.04. in deiner Kaufland-Filiale.,2026-04-09,2026-04-15,../images/kaufland/kaufland_offer_198.jpg,"cat_grundnahrung,diet_gluten_free,diet_lactose_free,diet_vegetarian,tag_ultra_processed,tag_whole_food",,BLS-B521000,ref_000245,obs_0000022491|obs_0000018253,obs_0000022491|obs_0000018253,,
FIZZ CREATIONS,LED-Deko-Wandlicht,"€ 12,99","€ 34,99","pro Einheit = 12,99","pro Einheit = 12,99",Aus Kunststoff Betrieb per USB-Kabel (inkl.) Größe ca. B 37 x H 22 x T 2 cm,Nein,Dieses Angebot findest du vom 09.04. bis 15.04. in deiner Kaufland-Filiale.,2026-04-09,2026-04-15,../images/kaufland/kaufland_offer_339.jpg,"cat_non_food,tag_ultra_processed",,,ref_000246,obs_0000020781|obs_0000025222|obs_0000021600|obs_0000008060|obs_0000008062,,,
Keine Marke,LED-Dekolicht mit Sound Question Block,"€ 12,99","€ 19,99","pro Einheit = 12,99","pro Einheit = 12,99",Aus Kunststoff Mit originellem Einschaltsound Betrieb mit Batterien (nicht enthalten) Größe ca. 8 cm Für Kinder ab 6 Jahren,Nein,Dieses Angebot findest du vom 09.04. bis 15.04. in deiner Kaufland-Filiale.,2026-04-09,2026-04-15,../images/kaufland/kaufland_offer_338.jpg,"cat_non_food,diet_lactose_free,diet_vegan,diet_vegetarian,tag_ultra_processed,tag_whole_food",,,ref_000247,,,,
PALADONE,LED-Dekolicht mit Sound Super Mario,"€ 12,99","€ 19,99","pro Einheit = 12,99","pro Einheit = 12,99",Aus Kunststoff Mit originellem Einschaltsound Betrieb mit Batterien (nicht enthalten) Versch. Ausführungen Größe ca. 8 bzw. 12 cm Für Kinder ab 6 Jahren,Nein,Dieses Angebot findest du vom 09.04. bis 15.04. in deiner Kaufland-Filiale.,2026-04-09,2026-04-15,../images/kaufland/kaufland_offer_341.jpg,"cat_non_food,diet_vegetarian",,,ref_000248,,,,
LIVARNO,Liegestuhl Houston,"€ 59,99",,"pro Einheit = 59,99","pro Einheit = 59,99","Ideal für Balkon, Garten oder Terrasse Pulverbeschichteter Aluminium-Leichtrahmen Mit komfortabler Textilbespannung Witterungs- und UV-beständig, strapazierfähig Rückenlehne in 7 Positionen verstellbar Sicherheitsverschlüsse zur festen Arretierung Abnehmbares Kopfpolster Armlehnen aus pflegeleichtem Kunststoff Sitz-/Liegehöhe ca. 32 cm Platzsparend zusammenklappbar Bodenschonende und rutschhemmende Profilfüße Einfach zu reinigen Belastbarkeit max. 110 kg Größe ca. B 66 x H 68 - 94 x T 141 - 175 cm 3 Jahre Garantie",Nein,Dieses Angebot findest du vom 09.04. bis 15.04. in deiner Kaufland-Filiale.,2026-04-09,2026-04-15,../images/kaufland/kaufland_offer_406.jpg,cat_non_food,,,ref_000249,,,,
PUSCHKIN,Likör,"€ 5,99","€ 7,99","1 l = 8,56","1 l = 8,56","Nuts & Nougat, 17,5 Vol. %",Nein,Dieses Angebot findest du vom 09.04. bis 15.04. in deiner Kaufland-Filiale.,2026-04-09,2026-04-15,../images/kaufland/kaufland_offer_276.jpg,cat_getraenke,,BLS-P546000,ref_000250,obs_0000012418|obs_0000020866|obs_0000003467|obs_0000003872|obs_0000022448|obs_0000004299|obs_0000020047|obs_0000004726|obs_0000000247|obs_0000012419|obs_0000006564|obs_0000027308|obs_0000022456|obs_0000011579|obs_0000005819|obs_0000017869|obs_0000013648|obs_0000034643|obs_0000008666|obs_0000006894|obs_0000026990|obs_0000013067|obs_0000018875|obs_0000017604|obs_0000011980|obs_0000019800|obs_0000012635|obs_0000008799|obs_0000013035|obs_0000019446|obs_0000011131|obs_0000015488|obs_0000020118|obs_0000021673|obs_0000020937|obs_0000005455|obs_0000028012|obs_0000006004,obs_0000012418|obs_0000020866|obs_0000003467|obs_0000003872|obs_0000022448|obs_0000004299|obs_0000020047|obs_0000004726|obs_0000000247,,
GREGORY S,London Dry Gin,"€ 5,55","€ 6,49","1 l = 7,93","1 l = 7,93","traditionell destilliert, 37,5 Vol. %",Nein,Dieses Angebot findest du vom 09.04. bis 15.04. in deiner Kaufland-Filiale.,2026-04-09,2026-04-15,../images/kaufland/kaufland_offer_277.jpg,cat_getraenke,,,ref_000251,obs_0000009168|obs_0000010741|obs_0000034843|obs_0000012864|obs_0000008342|obs_0000008385|obs_0000017090|obs_0000016107|obs_0000014631|obs_0000016177|obs_0000011573|obs_0000016267|obs_0000017315|obs_0000014250|obs_0000013765|obs_0000030760|obs_0000006210|obs_0000011130|obs_0000035048|obs_0000021131|obs_0000021753|obs_0000032028|obs_0000020312|obs_0000023420|obs_0000013385|obs_0000012420|obs_0000015059|obs_0000007656|obs_0000019615|obs_0000026929|obs_0000015697,obs_0000034843|obs_0000012864|obs_0000008342|obs_0000008385|obs_0000017090|obs_0000016107|obs_0000014631|obs_0000016177|obs_0000011573|obs_0000016267|obs_0000017315|obs_0000014250|obs_0000013765|obs_0000009168|obs_0000010741,,
MERCI,Lovelies,"€ 2,49",,"1 kg = 13,46","1 kg = 13,46","Classic, White oder Creamy",Nein,Dieses Angebot findest du vom 09.04. bis 15.04. in deiner Kaufland-Filiale.,2026-04-09,2026-04-15,../images/kaufland/kaufland_offer_255.jpg,"cat_knabbern_naschen,tag_ultra_processed",,,ref_000252,obs_0000012392|obs_0000035097|obs_0000034393,obs_0000012392|obs_0000035097,,
Coppenrath & Wiese,Lust auf Kuchen Torte,"€ 3,79","€ 4,99","1 kg = 6,54 - 10,53","1 kg = 6,54 - 10,53","Erdbeer-Cheesecake, Feiner Apfelkuchen oder Spaghetti-Erdbeer-Torte",Nein,Dieses Angebot findest du vom 13.04. bis 15.04. in deiner Kaufland-Filiale.,2026-04-13,2026-04-15,../images/kaufland/kaufland_offer_054.jpg,"cat_grundnahrung,diet_vegetarian,tag_ultra_processed",,,ref_000253,obs_0000011797|obs_0000001654|obs_0000010022|obs_0000009569|obs_0000006666|obs_0000006155|obs_0000005395|obs_0000006506|obs_0000017616|obs_0000018680,obs_0000011797|obs_0000010022|obs_0000009569,,x
JACOBS,Löslicher Kaffee,"€ 1,79",,"1 kg = 14,44 - 14,92","1 kg = 14,44 - 14,92","3 in 1 oder 2 in 1, je 10 Becherportionen",Nein,Dieses Angebot findest du vom 09.04. bis 15.04. in deiner Kaufland-Filiale.,2026-04-09,2026-04-15,../images/kaufland/kaufland_offer_230.jpg,"cat_knabbern_naschen,diet_gluten_free,diet_lactose_free,diet_vegan,diet_vegetarian",,,ref_000254,obs_0000011764|obs_0000001036|obs_0000000848|obs_0000008363|obs_0000008553|obs_0000001035|obs_0000001037|obs_0000001038|obs_0000001039|obs_0000000845|obs_0000000846|obs_0000000847|obs_0000000849|obs_0000012856|obs_0000012375|obs_0000011954|obs_0000014593|obs_0000024909|obs_0000013724|obs_0000015279|obs_0000010719|obs_0000022517,obs_0000001036|obs_0000000848|obs_0000008553|obs_0000011764,,
LEIMER,Mark- oder Gemüseklößchen,"€ 0,89","€ 0,99","1 kg = 8,90","1 kg = 8,90",ideal als Einlage,Nein,Dieses Angebot findest du vom 09.04. bis 15.04. in deiner Kaufland-Filiale.,2026-04-09,2026-04-15,../images/kaufland/kaufland_offer_211.jpg,"cat_grundnahrung,diet_vegan,diet_vegetarian,sub_tk_gemuese,tag_ultra_processed",,,ref_000255,,,,
Keine Marke,Marokk span Kulturheidelbeeren,"€ 3,33","€ 4,99","1 kg = 11,10","1 kg = 11,10",Kl. I,Nein,Dieses Angebot findest du vom 09.04. bis 15.04. in deiner Kaufland-Filiale.,2026-04-09,2026-04-15,../images/kaufland/kaufland_offer_057.jpg,"cat_obst_gemuese,diet_gluten_free,diet_lactose_free,diet_vegan,diet_vegetarian,sub_exoten,sub_frisches_gemuese,sub_frisches_obst,tag_whole_food",,,ref_000256,obs_0000011395|obs_0000008743|obs_0000009782|obs_0000009312|obs_0000008857|obs_0000014161,,,
GALBANI,Mascarpone,"€ 3,33","€ 4,29","1 kg = 13,32","1 kg = 13,32","Frischkäse, mind. 80 % Fett i. Tr.",Nein,Dieses Angebot findest du vom 09.04. bis 15.04. in deiner Kaufland-Filiale.,2026-04-09,2026-04-15,../images/kaufland/kaufland_offer_156.jpg,"cat_molkerei_kaese,diet_vegetarian,sub_kaese,sub_milchprodukte,sub_sahne_creme",,,ref_000257,obs_0000009005|obs_0000000537|obs_0000024230|obs_0000025138|obs_0000022400|obs_0000013771|obs_0000011479|obs_0000022623|obs_0000018039|obs_0000023808|obs_0000030468|obs_0000032470|obs_0000006441|obs_0000028867|obs_0000006289,obs_0000030468|obs_0000000537|obs_0000024230|obs_0000009005|obs_0000025138|obs_0000022400|obs_0000013771|obs_0000011479|obs_0000032470|obs_0000022623|obs_0000018039|obs_0000023808,,
KLÜMPER,Meersalzschinken,"€ 2,49",,"1 kg = 24,90","1 kg = 24,90",Natur oder Pfeffer,Nein,Dieses Angebot findest du vom 09.04. bis 15.04. in deiner Kaufland-Filiale.,2026-04-09,2026-04-15,../images/kaufland/kaufland_offer_111.jpg,"cat_fleisch_wurst,diet_vegetarian,sub_schwein,sub_wurst,tag_ultra_processed",,,ref_000258,,,,
PYREX,Mehrzweckform Cook Go quadratisch ca 0 8 l,"€ 7,99",,"pro Einheit = 7,99","pro Einheit = 7,99","Korpus aus Borosilikatglas Temperaturbeständig von -40 bis +300 °C Kunststoff-Deckel mit Clip-Verschlüssen Ohne Deckel mikrowellen- und backofengeeignet Spülmaschinengeeignet Fassungsvermögen ca. 0,8 l Größe ca. B/T 17 x H 6,9 cm",Nein,Dieses Angebot findest du vom 09.04. bis 15.04. in deiner Kaufland-Filiale.,2026-04-09,2026-04-15,../images/kaufland/kaufland_offer_384.jpg,cat_non_food,,,ref_000259,,,,
PYREX,Mehrzweckform Cook Go rechteckig ca 3 5 l,"€ 12,99",,"pro Einheit = 12,99","pro Einheit = 12,99","Korpus aus Borosilikatglas Temperaturbeständig von -40 bis +300 °C Kunststoff-Deckel mit Clip-Verschlüssen Ohne Deckel mikrowellen- und backofengeeignet Spülmaschinengeeignet Fassungsvermögen ca. 3,5 l Größe ca. B 31 x H 9,3 x T 23 cm",Nein,Dieses Angebot findest du vom 09.04. bis 15.04. in deiner Kaufland-Filiale.,2026-04-09,2026-04-15,../images/kaufland/kaufland_offer_391.jpg,cat_non_food,,,ref_000260,,,,
K-PURLAND,Merguez Rindsbratwurst,"€ 3,29","€ 4,29","1 kg = 10,97","1 kg = 10,97","roh, zum Braten und Grillen",Nein,Dieses Angebot findest du vom 09.04. bis 15.04. in deiner Kaufland-Filiale.,2026-04-09,2026-04-15,../images/kaufland/kaufland_offer_098.jpg,"cat_fleisch_wurst,sub_rind,sub_wurst,tag_proteinreich",,BLS-W222700,ref_000261,obs_0000014913,obs_0000014913,,
Müller,Milchreis Kokosmilch-Reis oder Grießpudding,"€ 0,35",,"1 kg = 1,75 - 2,19","1 kg = 1,75 - 2,19",versch. Sorten,Nein,Dieses Angebot findest du vom 13.04. bis 15.04. in deiner Kaufland-Filiale.,2026-04-13,2026-04-15,../images/kaufland/kaufland_offer_576.jpg,"cat_molkerei_kaese,diet_lactose_free,diet_vegetarian,sub_milchprodukte,sub_reis,sub_sahne_creme,tag_ultra_processed",,,ref_000262,obs_0000012195|obs_0000013306|obs_0000034374|obs_0000025832|obs_0000024897|obs_0000004670|obs_0000021102|obs_0000004243|obs_0000019140|obs_0000003816|obs_0000003371|obs_0000020283|obs_0000025419|obs_0000019357|obs_0000010676|obs_0000002532,obs_0000012195|obs_0000013306,,x
K-CLASSIC,Mildura,"€ 0,99","€ 1,19","1 kg = 5,66","1 kg = 5,66","Frischkäsezubereitung versch. Sorten, Fettstufe - Doppelrahmstufe",Nein,Dieses Angebot findest du vom 09.04. bis 15.04. in deiner Kaufland-Filiale.,2026-04-09,2026-04-15,../images/kaufland/kaufland_offer_157.jpg,"cat_molkerei_kaese,diet_gluten_free,diet_lactose_free,diet_vegan,diet_vegetarian,sub_kaese,sub_milchprodukte,tag_ultra_processed,tag_whole_food",,BLS-G520100,ref_000263,,,,
FRANKEN BRUNNEN,Mineralwasser,"€ 4,99","€ 7,99","1 l = 0,42","1 l = 0,42",versch. Sorten (+ 3.30 Pfand),Nein,Dieses Angebot findest du vom 09.04. bis 15.04. in deiner Kaufland-Filiale.,2026-04-09,2026-04-15,../images/kaufland/kaufland_offer_268.jpg,"cat_getraenke,diet_gluten_free,diet_lactose_free,diet_vegan,diet_vegetarian",,,ref_000264,obs_0000031797|obs_0000026205|obs_0000008841|obs_0000008437|obs_0000009985|obs_0000014625|obs_0000011123|obs_0000027653|obs_0000034851|obs_0000015908|obs_0000008801|obs_0000003689|obs_0000015481|obs_0000031867|obs_0000012414|obs_0000031871|obs_0000028800|obs_0000034437|obs_0000009353|obs_0000028841|obs_0000027836|obs_0000011969|obs_0000021185|obs_0000027856|obs_0000034043|obs_0000034044|obs_0000028931|obs_0000035059|obs_0000010519|obs_0000031006|obs_0000028968|obs_0000026948|obs_0000028493|obs_0000008537|obs_0000028537|obs_0000028027|obs_0000020366|obs_0000028603|obs_0000034235|obs_0000034238|obs_0000026570|obs_0000013773|obs_0000025562|obs_0000028654|obs_0000014332|obs_0000034647|obs_0000031249|obs_0000002068|obs_0000024088|obs_0000029232,obs_0000027653|obs_0000034851|obs_0000015908|obs_0000031797|obs_0000006205|obs_0000026205|obs_0000008801|obs_0000003689|obs_0000015481|obs_0000031867|obs_0000012414|obs_0000031871|obs_0000028800|obs_0000034437|obs_0000005254|obs_0000008841|obs_0000009353|obs_0000031396|obs_0000028841|obs_0000027836|obs_0000011969|obs_0000021185|obs_0000027856|obs_0000029412|obs_0000008437|obs_0000034043|obs_0000034044|obs_0000009985|obs_0000028931|obs_0000035059|obs_0000010519|obs_0000031006|obs_0000014625|obs_0000028968|obs_0000007475|obs_0000007476|obs_0000026948|obs_0000028493|obs_0000029013|obs_0000008537|obs_0000011123|obs_0000028537|obs_0000028027|obs_0000020366|obs_0000028603|obs_0000034235|obs_0000034238|obs_0000026570|obs_0000032715|obs_0000013773,,
TOTTIS,Mini-Brotchips,"€ 1,49","€ 1,79","1 kg = 5,96","1 kg = 5,96",mit Meersalz oder Knoblauch,Nein,Dieses Angebot findest du vom 09.04. bis 15.04. in deiner Kaufland-Filiale.,2026-04-09,2026-04-15,../images/kaufland/kaufland_offer_248.jpg,"cat_knabbern_naschen,diet_vegetarian,tag_ultra_processed",,,ref_000265,obs_0000000824|obs_0000012328|obs_0000006379|obs_0000010932|obs_0000017530|obs_0000026024|obs_0000018128|obs_0000016216,,,
FERDI FUCHS,Mini-Würstchen,"€ 3,00",,"1 kg = 7,70 - 20,84","1 kg = 7,70 - 20,84",versch. Sorten,Nein,Dieses Angebot findest du vom 09.04. bis 15.04. in deiner Kaufland-Filiale.,2026-04-09,2026-04-15,../images/kaufland/kaufland_offer_118.jpg,"cat_fleisch_wurst,sub_wurst,tag_ultra_processed",,BLS-W211200,ref_000266,obs_0000014851|obs_0000013778|obs_0000013994|obs_0000023289|obs_0000025844|obs_0000017328|obs_0000025702|obs_0000018100|obs_0000012328|obs_0000006379|obs_0000010932|obs_0000005241|obs_0000017530|obs_0000009369|obs_0000029856|obs_0000031956|obs_0000029911|obs_0000009557|obs_0000026024|obs_0000018128|obs_0000016216|obs_0000030125,obs_0000014851|obs_0000023289|obs_0000005241|obs_0000029856|obs_0000031956|obs_0000029911|obs_0000025844|obs_0000013778|obs_0000013994,,
Keine Marke,Miniromatomaten,"€ 0,99","€ 1,49","1 kg = 3,96","1 kg = 3,96","Herkunft laut Auszeichnung, Kl. I",Nein,Dieses Angebot findest du vom 13.04. bis 15.04. in deiner Kaufland-Filiale.,2026-04-13,2026-04-15,../images/kaufland/kaufland_offer_595.jpg,"cat_obst_gemuese,diet_gluten_free,diet_lactose_free,diet_vegan,diet_vegetarian,sub_frisches_gemuese,tag_whole_food",,,ref_000267,obs_0000010915|obs_0000010565|obs_0000013036|obs_0000011790|obs_0000012241|obs_0000014162|obs_0000013308|obs_0000015309|obs_0000011412|obs_0000014846,obs_0000010915|obs_0000010565|obs_0000013036|obs_0000011790|obs_0000012241|obs_0000014162|obs_0000013308,,
MM EXTRA,MMchen Piccolo-Sekt trocken,"€ 1,11","€ 1,49","1 l = 5,55","1 l = 5,55",trocken,Nein,Dieses Angebot findest du vom 09.04. bis 15.04. in deiner Kaufland-Filiale.,2026-04-09,2026-04-15,../images/kaufland/kaufland_offer_296.jpg,cat_getraenke,,,ref_000268,obs_0000011989|obs_0000014643|obs_0000008577|obs_0000013336|obs_0000015931|obs_0000008276|obs_0000008803|obs_0000015498|obs_0000010420|obs_0000025796|obs_0000014100|obs_0000034641|obs_0000015666|obs_0000012694|obs_0000011802|obs_0000017436|obs_0000018465|obs_0000033826|obs_0000017456|obs_0000003634|obs_0000013889|obs_0000019009|obs_0000031833|obs_0000019561|obs_0000018037|obs_0000028281|obs_0000000122|obs_0000012437|obs_0000010911|obs_0000026289|obs_0000023255|obs_0000027358|obs_0000018687|obs_0000016680|obs_0000014644|obs_0000024889|obs_0000026425|obs_0000011590|obs_0000015699|obs_0000027487|obs_0000008047|obs_0000002457|obs_0000022430|obs_0000025002|obs_0000001461|obs_0000026048,obs_0000011989|obs_0000014643,,
EASYMAXX,Moskitonetz Magic Fit,"€ 44,99",,"pro Einheit = 44,99","pro Einheit = 44,99","Teleskop-Insektenschutzgitter für Dachfenster Optimale Passform dank Teleskop-Mechanismus Rahmen aus robustem Aluminium Gewebe besonders hochwertig, dehn- und belastbar Mit rundumlaufender Bürstendichtung Ohne Zuschneiden, Bohren oder Kleben montierbar Kann rückstandslos wieder entfernt werden Für Fenstergrößen von 63 x 93 bis 100 x 160 cm Mit Reißverschluss-Öffnung für den Fenstergriff Fenster bleibt dadurch voll funktionsfähig",Nein,Dieses Angebot findest du vom 09.04. bis 15.04. in deiner Kaufland-Filiale.,2026-04-09,2026-04-15,../images/kaufland/kaufland_offer_371.jpg,"cat_non_food,tag_ultra_processed",,,ref_000269,,,,
K-CLASSIC,Mozzarella,"€ 0,69","€ 0,85","1 kg = 5,52","1 kg = 5,52","als Kugel, 45 % Fett i. Tr.",Nein,Dieses Angebot findest du vom 09.04. bis 15.04. in deiner Kaufland-Filiale.,2026-04-09,2026-04-15,../images/kaufland/kaufland_offer_149.jpg,"cat_molkerei_kaese,diet_lactose_free,diet_vegetarian,sub_kaese,sub_milchprodukte,tag_ultra_processed",,BLS-X208312,ref_000270,obs_0000011043|obs_0000009077|obs_0000022609|obs_0000024894|obs_0000018430|obs_0000023202|obs_0000000816|obs_0000027551|obs_0000027613|obs_0000033882|obs_0000023806|obs_0000001647|obs_0000018031|obs_0000024234|obs_0000022241|obs_0000022394|obs_0000018366|obs_0000016326|obs_0000022485|obs_0000009408|obs_0000011891|obs_0000009868|obs_0000018433|obs_0000018512|obs_0000022631|obs_0000020638|obs_0000018599|obs_0000028850|obs_0000034980|obs_0000008404|obs_0000006628|obs_0000012801|obs_0000025133|obs_0000023201|obs_0000031442|obs_0000023292|obs_0000031521|obs_0000019264|obs_0000025413|obs_0000021457|obs_0000029657|obs_0000013310|obs_0000031811|obs_0000033891|obs_0000011471|obs_0000021741|obs_0000027907|obs_0000007546|obs_0000034175|obs_0000015804,obs_0000022609|obs_0000024894|obs_0000018430|obs_0000023202|obs_0000011043|obs_0000000816|obs_0000009077|obs_0000027551|obs_0000027613|obs_0000033882|obs_0000009408|obs_0000023806|obs_0000001647|obs_0000018031|obs_0000011891|obs_0000009868|obs_0000024234|obs_0000022241|obs_0000022394|obs_0000018366|obs_0000016326|obs_0000022485,,
Zenker,Muffinform 6-er,"€ 5,99",,"pro Einheit = 5,99","pro Einheit = 5,99",Aus Stahlblech Mit Antihaftbeschichtung Backofenfest bis 230 °C Größe ca. B 28 x H 3 x T 19 cm,Nein,Dieses Angebot findest du vom 09.04. bis 15.04. in deiner Kaufland-Filiale.,2026-04-09,2026-04-15,../images/kaufland/kaufland_offer_381.jpg,"cat_non_food,tag_ultra_processed",,,ref_000271,,,,x
MEDIASHOP,Multi-Oberflächenreiniger pure 100 MagicShine,"€ 14,99","€ 39,90","1 kg = 49,97","1 kg = 49,97","Reinigt, poliert und schützt Löst selbst Eingebranntes und Verklebtes Hinterlässt einen Schutzfilm gegen neuen Schmutz Mit erfrischendem Zitronenduft Für nahezu alle Arten von Oberflächen geeignet Inkl. Reinigungsschwamm",Nein,Dieses Angebot findest du vom 09.04. bis 15.04. in deiner Kaufland-Filiale.,2026-04-09,2026-04-15,../images/kaufland/kaufland_offer_466.jpg,cat_drogerie,,,ref_000272,obs_0000010874|obs_0000035056,obs_0000010874,,
LIVINGTON,Multizerkleinerer 3 Seconds Chopper,"€ 9,99","€ 39,90","pro Einheit = 9,99","pro Einheit = 9,99","Zerkleinern auf Knopfdruck Für Obst, Gemüse, Kräuter, Nüsse, Käse etc. 3 Klingen auf 3 Ebenen mit 1.600 min-1 Komfortable Einhand-Bedienung Handliches Kleinformat (ca. 250 ml) Teile ohne Motoreinheit spülmaschinengeeignet Kabellos, per USB-Kabel wiederaufladbar (inkl.) Größe ca. Ø 9 x 11 cm",Nein,Dieses Angebot findest du vom 09.04. bis 15.04. in deiner Kaufland-Filiale.,2026-04-09,2026-04-15,../images/kaufland/kaufland_offer_460.jpg,cat_non_food,,,ref_000273,obs_0000010879|obs_0000018144,obs_0000010879,,
REBENBLICK,Müller-Thurgau,"€ 1,99","€ 2,29","pro Einheit = 1,00","pro Einheit = 1,00","Qualitätsweine, Pfalz, trocken oder lieblich, z. B. tr.: exotische Aromatik, feine Fruchtigkeit, angenehm frisch, passt zu Geflügel, Fisch, Meeresfrüchten (+ 0.03 Pfand)",Nein,Dieses Angebot findest du vom 09.04. bis 15.04. in deiner Kaufland-Filiale.,2026-04-09,2026-04-15,../images/kaufland/kaufland_offer_291.jpg,cat_getraenke,,,ref_000274,obs_0000009107|obs_0000011585|obs_0000003331|obs_0000009237|obs_0000002225|obs_0000008718|obs_0000031657|obs_0000007660|obs_0000006012,obs_0000003331|obs_0000009107|obs_0000009237|obs_0000002225|obs_0000011585,,
Müller,Müllermilch,"€ 0,59","€ 1,49","1 l = 1,48","1 l = 1,48","Milchmischgetränk, 1,5 % Fett im Milchanteil, versch. Sorten, auch als Shake (+ 0.25 Pfand)",Nein,Dieses Angebot findest du vom 09.04. bis 15.04. in deiner Kaufland-Filiale.,2026-04-09,2026-04-15,../images/kaufland/kaufland_offer_143.jpg,"cat_molkerei_kaese,diet_vegetarian,sub_milchprodukte,tag_ultra_processed",,,ref_000275,obs_0000026666|obs_0000031787|obs_0000021596|obs_0000014942|obs_0000024685|obs_0000011465|obs_0000031450|obs_0000023291|obs_0000017154|obs_0000020777|obs_0000016180|obs_0000015795|obs_0000021950|obs_0000012795|obs_0000000031|obs_0000003758|obs_0000031972|obs_0000032546|obs_0000006614|obs_0000005162,obs_0000026666|obs_0000031787|obs_0000021596|obs_0000014942|obs_0000024685|obs_0000011465|obs_0000031450|obs_0000031972|obs_0000023291|obs_0000017154|obs_0000032546|obs_0000020777|obs_0000016180|obs_0000015795|obs_0000021950|obs_0000006614|obs_0000012795,,x
ZIMMERMANN,Münchner Weißwürste,"€ 2,69",,"1 kg = 8,97","1 kg = 8,97",eine bayerische Spezialität,Nein,Dieses Angebot findest du vom 09.04. bis 15.04. in deiner Kaufland-Filiale.,2026-04-09,2026-04-15,../images/kaufland/kaufland_offer_108.jpg,cat_fleisch_wurst,,BLS-W224000,ref_000276,obs_0000014466|obs_0000011851|obs_0000015357|obs_0000011005|obs_0000009876|obs_0000028378|obs_0000004893|obs_0000003230|obs_0000004039|obs_0000003681|obs_0000000354|obs_0000004466,obs_0000014466|obs_0000009876|obs_0000022808|obs_0000004893|obs_0000003230|obs_0000026160|obs_0000026806|obs_0000004039|obs_0000023370|obs_0000011851|obs_0000015357|obs_0000028378|obs_0000003681|obs_0000000354|obs_0000004466|obs_0000000632|obs_0000027258|obs_0000011005,,
DR OETKER,Müsli,"€ 1,99","€ 3,99","1 kg = 6,65 - 12,10","1 kg = 6,65 - 12,10","Vitalis oder Paula Müslispaß, versch. Sorten",Nein,Dieses Angebot findest du vom 09.04. bis 15.04. in deiner Kaufland-Filiale.,2026-04-09,2026-04-15,../images/kaufland/kaufland_offer_221.jpg,"cat_grundnahrung,sub_tk_pizza,tag_ultra_processed",,,ref_000277,obs_0000013314|obs_0000027228|obs_0000025199|obs_0000021664|obs_0000014004|obs_0000014570|obs_0000010536|obs_0000020845|obs_0000013793|obs_0000012371|obs_0000023641|obs_0000018058|obs_0000002264|obs_0000010504|obs_0000003356|obs_0000018726|obs_0000024890|obs_0000027043|obs_0000021998|obs_0000017402|obs_0000034008|obs_0000007194|obs_0000003648|obs_0000006314|obs_0000007379|obs_0000016117|obs_0000005931|obs_0000019295|obs_0000007990|obs_0000003412|obs_0000002461|obs_0000006472|obs_0000034969|obs_0000034084|obs_0000010616|obs_0000009092|obs_0000028119|obs_0000034819|obs_0000029244|obs_0000000674|obs_0000029442|obs_0000007976|obs_0000030007|obs_0000028495|obs_0000027514|obs_0000001429|obs_0000028605|obs_0000008453|obs_0000030006|obs_0000011103,obs_0000013314|obs_0000027228|obs_0000025199|obs_0000021664|obs_0000014004|obs_0000014570|obs_0000010536|obs_0000020845|obs_0000013793,,
K-CLASSIC,Müsliriegel,"€ 1,29","€ 1,49","1 kg = 6,45","1 kg = 6,45",versch. Sorten,Nein,Dieses Angebot findest du vom 09.04. bis 15.04. in deiner Kaufland-Filiale.,2026-04-09,2026-04-15,../images/kaufland/kaufland_offer_226.jpg,"cat_knabbern_naschen,diet_lactose_free,diet_vegetarian,tag_high_protein,tag_ultra_processed",,BLS-S830000,ref_000278,obs_0000034817|obs_0000034410|obs_0000028764|obs_0000016990|obs_0000017003|obs_0000007022|obs_0000005187|obs_0000007378|obs_0000029035|obs_0000031176|obs_0000030692|obs_0000034819|obs_0000028802|obs_0000031015|obs_0000026939|obs_0000029026|obs_0000030708,obs_0000034817|obs_0000034410,,
PHILIPS,Nasenhaartrimmer NT2650 16,"€ 12,99","€ 14,99","pro Einheit = 12,99","pro Einheit = 12,99",Für Nasen- und Ohrenhaare Müheloses Trimmen aus jedem Winkel Vollständig abwaschbar Inkl. Batterie,Nein,Dieses Angebot findest du vom 09.04. bis 15.04. in deiner Kaufland-Filiale.,2026-04-09,2026-04-15,../images/kaufland/kaufland_offer_351.jpg,"cat_non_food,tag_ultra_processed",,,ref_000279,obs_0000012049,obs_0000012049,,
VENTICROSS,Nasenspreizer Starter-Set,"€ 9,99","€ 19,99","pro Einheit = 9,99","pro Einheit = 9,99",Aus Silikon Unterstützt einen erholsameren Schlaf Reduziert Schnarchen Tag und Nacht anwendbar Nahezu unsichtbar Je 2 Nasenspreizer in den Größen S/M/L Inkl. Aufbewahrungsbox,Nein,Dieses Angebot findest du vom 09.04. bis 15.04. in deiner Kaufland-Filiale.,2026-04-09,2026-04-15,../images/kaufland/kaufland_offer_464.jpg,cat_non_food,,,ref_000280,obs_0000008431|obs_0000013428|obs_0000015588|obs_0000012113|obs_0000008428|obs_0000025081|obs_0000021274|obs_0000013429|obs_0000015587|obs_0000014037|obs_0000020455,,,
GRECO,Natur,"€ 1,49","€ 2,69","1 kg = 9,94","1 kg = 9,94","Weichkäse, extra mild, 40 % Fett i. Tr.",Nein,Dieses Angebot findest du vom 09.04. bis 15.04. in deiner Kaufland-Filiale.,2026-04-09,2026-04-15,../images/kaufland/kaufland_offer_151.jpg,"cat_molkerei_kaese,diet_vegetarian,sub_joghurt_skyr_quark,sub_kaese,sub_milchprodukte",,,ref_000281,obs_0000028889|obs_0000001347|obs_0000009644|obs_0000034594|obs_0000033797|obs_0000021512|obs_0000018991|obs_0000028727|obs_0000034383|obs_0000014939|obs_0000033887|obs_0000029806|obs_0000000634|obs_0000000665|obs_0000002748|obs_0000020693|obs_0000027871|obs_0000003300|obs_0000001262|obs_0000026367|obs_0000011523|obs_0000025357|obs_0000011028|obs_0000027427|obs_0000007985|obs_0000004914|obs_0000002894|obs_0000001871|obs_0000019791|obs_0000000365|obs_0000004487|obs_0000014230|obs_0000034718|obs_0000001442|obs_0000033725|obs_0000033733|obs_0000004060|obs_0000034785|obs_0000034791|obs_0000032261|obs_0000031803|obs_0000007755|obs_0000034903|obs_0000000677|obs_0000028843|obs_0000033989|obs_0000030934|obs_0000029473|obs_0000001847|obs_0000030555,obs_0000028889|obs_0000001347|obs_0000009644,,
Lorenz,Naturals,"€ 1,59","€ 2,29","1 kg = 16,74","1 kg = 16,74","Kartoffelchips, versch. Sorten",Nein,Dieses Angebot findest du vom 09.04. bis 15.04. in deiner Kaufland-Filiale.,2026-04-09,2026-04-15,../images/kaufland/kaufland_offer_235.jpg,"cat_knabbern_naschen,diet_gluten_free,diet_vegan,diet_vegetarian,tag_ultra_processed",,BLS-F110100,ref_000282,obs_0000033679|obs_0000034402|obs_0000030024|obs_0000032245,obs_0000030024|obs_0000032245,,x
NEUBURGER,Neuburger,"€ 1,79","€ 2,59","pro Einheit = 100,00","pro Einheit = 100,00",österr. Spezialität aus Rind- und Schweinefleisch,Nein,Dieses Angebot findest du vom 09.04. bis 15.04. in deiner Kaufland-Filiale.,2026-04-09,2026-04-15,../images/kaufland/kaufland_offer_126.jpg,cat_fleisch_wurst,,,ref_000283,obs_0000014930|obs_0000015775|obs_0000031492|obs_0000029158|obs_0000032075|obs_0000032365|obs_0000028983|obs_0000030834,obs_0000031492|obs_0000029158|obs_0000032075|obs_0000032365|obs_0000014930|obs_0000028983|obs_0000015775,,
Lorenz,Nic Nac s,"€ 1,11",,"1 kg = 10,10","1 kg = 10,10","ummantelte Erdnüsse, versch. Sorten",Nein,Dieses Angebot findest du vom 09.04. bis 15.04. in deiner Kaufland-Filiale.,2026-04-09,2026-04-15,../images/kaufland/kaufland_offer_249.jpg,"cat_knabbern_naschen,sub_kartoffeln,tag_ultra_processed",,,ref_000284,obs_0000013316|obs_0000007690|obs_0000001419|obs_0000007915,obs_0000013316|obs_0000007690|obs_0000003618,,x
LIVARNO,Niedriglehner-Polsterauflage,"€ 7,99",,"pro Einheit = 7,99","pro Einheit = 7,99",Bezug aus Polyester und Baumwolle PU-Kern mit Polyester-Vlies Angenehm weich durch 4-cm-Komfortpolster Mit dekorativem Stehsaum Verstellbares Rückenband und Bindebänder Größe ca. 45 x 107 cm,Nein,Dieses Angebot findest du vom 09.04. bis 15.04. in deiner Kaufland-Filiale.,2026-04-09,2026-04-15,../images/kaufland/kaufland_offer_416.jpg,cat_non_food,,,ref_000285,,,,
STORCK,Nimm 2 Lachgummi,"€ 1,69","€ 1,89","1 kg = 4,50","1 kg = 4,50",Fruchtgummis klassisch oder mit Joghurt,Nein,Dieses Angebot findest du vom 09.04. bis 15.04. in deiner Kaufland-Filiale.,2026-04-09,2026-04-15,../images/kaufland/kaufland_offer_257.jpg,"cat_knabbern_naschen,tag_ultra_processed",,,ref_000286,obs_0000029723,obs_0000013317|obs_0000026637|obs_0000033804|obs_0000005657|obs_0000029723|obs_0000012222|obs_0000007491|obs_0000033012,,
COCA-COLA FANTA MEZZO MIX,oder SPRITE,"€ 3,99",,"1 l = 2,02","1 l = 2,02","z. T. koffeinhaltig, versch. Sorten Cola (+ 1.50 Pfand)",Nein,Dieses Angebot findest du vom 09.04. bis 15.04. in deiner Kaufland-Filiale.,2026-04-09,2026-04-15,../images/kaufland/kaufland_offer_265.jpg,"cat_getraenke,diet_gluten_free,diet_lactose_free,diet_vegan,diet_vegetarian,tag_ultra_processed",,,ref_000287,obs_0000015049|obs_0000013322|obs_0000031294|obs_0000031043|obs_0000029419|obs_0000011120|obs_0000032052|obs_0000028043|obs_0000015905|obs_0000030303|obs_0000034906|obs_0000029010|obs_0000032019|obs_0000029984|obs_0000032258|obs_0000032704|obs_0000030679|obs_0000006553|obs_0000007251|obs_0000007451|obs_0000005442,obs_0000015049|obs_0000013322,,
BERTOLLI,Olivenöl-Spray,"€ 3,79","€ 4,79","1 l = 18,95","1 l = 18,95","Air-Fryer-, Brat-Olivenöl oder Originale extra vergine, einfach zu dosieren",Nein,Dieses Angebot findest du vom 09.04. bis 15.04. in deiner Kaufland-Filiale.,2026-04-09,2026-04-15,../images/kaufland/kaufland_offer_191.jpg,"cat_grundnahrung,diet_gluten_free,diet_lactose_free,diet_vegan,diet_vegetarian",,,ref_000288,obs_0000012838|obs_0000011361|obs_0000002836|obs_0000001438|obs_0000009909|obs_0000009444,obs_0000012838,,
DESPERADOS,Original,"€ 1,59","€ 2,19","1 l = 3,18","1 l = 3,18","Bier, mit Aguardiente-Aroma (+ 0.25 Pfand)",Nein,Dieses Angebot findest du vom 09.04. bis 15.04. in deiner Kaufland-Filiale.,2026-04-09,2026-04-15,../images/kaufland/kaufland_offer_305.jpg,"cat_getraenke,tag_ultra_processed",,,ref_000289,obs_0000035052|obs_0000008906|obs_0000015502|obs_0000014249|obs_0000028730|obs_0000020611|obs_0000012423|obs_0000006283|obs_0000026772|obs_0000026832|obs_0000028896|obs_0000027005|obs_0000027048|obs_0000021000|obs_0000008777|obs_0000021117|obs_0000015051|obs_0000021430|obs_0000025547|obs_0000033763|obs_0000017384|obs_0000013325|obs_0000019505|obs_0000031800|obs_0000025705|obs_0000009334|obs_0000027791|obs_0000033975|obs_0000021758|obs_0000009525|obs_0000021868|obs_0000017799|obs_0000026035|obs_0000022184|obs_0000020181|obs_0000034561|obs_0000009987|obs_0000028429|obs_0000034575|obs_0000016167|obs_0000020298|obs_0000028516|obs_0000010117|obs_0000028630|obs_0000009315|obs_0000009786|obs_0000010244|obs_0000026672|obs_0000018547|obs_0000026752,obs_0000028730|obs_0000020611|obs_0000012423|obs_0000006283|obs_0000026772|obs_0000026832|obs_0000028896|obs_0000035052|obs_0000027005|obs_0000027048|obs_0000021000|obs_0000008777|obs_0000021117|obs_0000008906|obs_0000015051|obs_0000021430|obs_0000025547|obs_0000033763|obs_0000017384|obs_0000013325|obs_0000019505|obs_0000031800|obs_0000025705|obs_0000009334|obs_0000015502|obs_0000027791|obs_0000033975|obs_0000021758|obs_0000021868|obs_0000017799|obs_0000026035|obs_0000022184|obs_0000020181|obs_0000034561|obs_0000028429|obs_0000034575|obs_0000016167|obs_0000020298|obs_0000028516|obs_0000010117|obs_0000014249|obs_0000028630,,
TARCZYNSKI,Original Polnische Krakauer,"€ 2,79","€ 3,79","1 kg = 8,72","1 kg = 8,72",gebrühte und geräucherte Wurstspezialität,Nein,Dieses Angebot findest du vom 13.04. bis 15.04. in deiner Kaufland-Filiale.,2026-04-13,2026-04-15,../images/kaufland/kaufland_offer_597.jpg,"cat_getraenke,tag_high_protein,tag_ultra_processed",,,ref_000290,obs_0000013327|obs_0000011862|obs_0000002249|obs_0000008608|obs_0000003142|obs_0000008100|obs_0000012296|obs_0000028730|obs_0000020611|obs_0000012423|obs_0000006283|obs_0000026772|obs_0000026832|obs_0000028896|obs_0000035052|obs_0000027005|obs_0000006526|obs_0000027048|obs_0000021000|obs_0000008777|obs_0000021117|obs_0000008906|obs_0000015051|obs_0000011015|obs_0000021430|obs_0000025547|obs_0000033763|obs_0000017384|obs_0000013325|obs_0000019505|obs_0000031800|obs_0000025705|obs_0000005236|obs_0000009334|obs_0000015502|obs_0000027791|obs_0000033975|obs_0000021758|obs_0000009525|obs_0000021868|obs_0000009582|obs_0000017799|obs_0000026035|obs_0000013753|obs_0000022184|obs_0000020181|obs_0000034561|obs_0000009987|obs_0000028429|obs_0000034575,obs_0000002249|obs_0000008608|obs_0000013327|obs_0000003142|obs_0000011862|obs_0000008100,,
IBIS,Pane di Napoli,"€ 1,99",,"1 kg = 8,66","1 kg = 8,66","im Steinofen gebacken, vegan",Nein,Dieses Angebot findest du vom 09.04. bis 15.04. in deiner Kaufland-Filiale.,2026-04-09,2026-04-15,../images/kaufland/kaufland_offer_201.jpg,"cat_grundnahrung,diet_lactose_free,diet_vegan,diet_vegetarian,tag_ultra_processed",,,ref_000291,,,,
PAMPERS,Pants oder Windeln,"€ 7,77","€ 8,95","pro Einheit = 0,44","pro Einheit = 0,44","Baby Dry oder Premium Protection, Größe 3 - 8",Nein,Dieses Angebot findest du vom 09.04. bis 15.04. in deiner Kaufland-Filiale.,2026-04-09,2026-04-15,../images/kaufland/kaufland_offer_320.jpg,"cat_drogerie,diet_vegetarian,tag_ultra_processed",,,ref_000292,obs_0000013812|obs_0000011163|obs_0000010544|obs_0000015517|obs_0000012464|obs_0000014672|obs_0000013484|obs_0000034447,obs_0000013812,,
K-CLASSIC,Passierte Tomaten,"€ 0,44",,"1 kg = 0,88","1 kg = 0,88",passiert,Nein,Dieses Angebot findest du vom 09.04. bis 15.04. in deiner Kaufland-Filiale.,2026-04-09,2026-04-15,../images/kaufland/kaufland_offer_184.jpg,"cat_grundnahrung,diet_gluten_free,diet_lactose_free,diet_vegan,diet_vegetarian,sub_frisches_gemuese,tag_ultra_processed,tag_whole_food",,,ref_000293,obs_0000013331|obs_0000023181|obs_0000027890|obs_0000028214|obs_0000028468|obs_0000030784|obs_0000029636|obs_0000010073|obs_0000007376|obs_0000034023|obs_0000019909|obs_0000026278|obs_0000026407,obs_0000030784|obs_0000023181|obs_0000029636|obs_0000013331|obs_0000027890|obs_0000028214|obs_0000028468,,
K-CLASSIC,Pastasauce,"€ 1,19","€ 1,45","1 kg = 2,84","1 kg = 2,84",versch. Sorten,Nein,Dieses Angebot findest du vom 09.04. bis 15.04. in deiner Kaufland-Filiale.,2026-04-09,2026-04-15,../images/kaufland/kaufland_offer_210.jpg,"cat_grundnahrung,diet_lactose_free,diet_vegan,diet_vegetarian,sub_nudeln,tag_ultra_processed",,,ref_000294,obs_0000010702|obs_0000026636|obs_0000034835|obs_0000033694|obs_0000005178|obs_0000007364|obs_0000007365|obs_0000005745|obs_0000005748,obs_0000026636|obs_0000034835|obs_0000010702|obs_0000033694,,
COUNTRYSIDE,Pavillon,"€ 24,99","€ 39,99","pro Einheit = 24,99","pro Einheit = 24,99",Gestell aus Metall Bezug aus Polyethylen Werkzeuglose Stecksystem-Montage Leicht zu verstauen Größe ca. B/T 295 x H 250 cm 3 Jahre Garantie,Nein,Dieses Angebot findest du vom 09.04. bis 15.04. in deiner Kaufland-Filiale.,2026-04-09,2026-04-15,../images/kaufland/kaufland_offer_475.jpg,"cat_non_food,tag_ultra_processed",,,ref_000295,obs_0000027948,,,
K-CLASSIC,Pfirsiche,"€ 1,49",,"1 kg = 3,11","1 kg = 3,11","halbe Früchte, leicht gezuckert",Nein,Dieses Angebot findest du vom 09.04. bis 15.04. in deiner Kaufland-Filiale.,2026-04-09,2026-04-15,../images/kaufland/kaufland_offer_182.jpg,"cat_grundnahrung,diet_gluten_free,diet_lactose_free,diet_vegan,diet_vegetarian,tag_ultra_processed,tag_whole_food",,BLS-F203100,ref_000296,obs_0000014977|obs_0000011309|obs_0000009649|obs_0000006470|obs_0000001751,obs_0000006470|obs_0000014977|obs_0000011309|obs_0000009649,,
Keine Marke,Pikante Florini-Paprika,"€ 0,89",,"pro Einheit = 100,00","pro Einheit = 100,00","gefüllt mit einer Frischkäsezubereitung, gewürzt mit feiner Knoblauchnote und Kräutern",Nein,Dieses Angebot findest du vom 09.04. bis 15.04. in deiner Kaufland-Filiale.,2026-04-09,2026-04-15,../images/kaufland/kaufland_offer_192.jpg,"cat_grundnahrung,diet_gluten_free,diet_lactose_free,diet_vegan,diet_vegetarian,sub_frisches_gemuese,tag_ultra_processed,tag_whole_food",,,ref_000297,obs_0000013337|obs_0000010150|obs_0000006316|obs_0000005573|obs_0000011515,obs_0000013337|obs_0000006316|obs_0000005573|obs_0000011515,,
Krombacher,Pils,"€ 10,99","€ 17,99","1 l = 1,10","1 l = 1,10",(+ 3.10 Pfand),Nein,Dieses Angebot findest du vom 09.04. bis 15.04. in deiner Kaufland-Filiale.,2026-04-09,2026-04-15,../images/kaufland/kaufland_offer_303.jpg,cat_getraenke,,BLS-X890662,ref_000298,obs_0000026170|obs_0000015941|obs_0000012871|obs_0000027329|obs_0000004922|obs_0000000370|obs_0000004495|obs_0000034708|obs_0000010165|obs_0000031695|obs_0000003041|obs_0000004068|obs_0000010755|obs_0000013338|obs_0000033823|obs_0000028759|obs_0000024176|obs_0000028275|obs_0000034423|obs_0000012448|obs_0000016578|obs_0000019656|obs_0000023756|obs_0000028878|obs_0000035035|obs_0000028408|obs_0000028937|obs_0000008467|obs_0000027944|obs_0000028500|obs_0000017247|obs_0000014202|obs_0000010120|obs_0000013819|obs_0000028614|obs_0000026062|obs_0000031740|obs_0000012450|obs_0000010756|obs_0000013836|obs_0000028695|obs_0000030755|obs_0000013350|obs_0000014397|obs_0000028734|obs_0000015938|obs_0000029763|obs_0000033895|obs_0000026752|obs_0000034432,obs_0000010755|obs_0000013338|obs_0000033823|obs_0000030755|obs_0000026170|obs_0000015941|obs_0000012871|obs_0000028759|obs_0000024176|obs_0000028275|obs_0000034423|obs_0000012448|obs_0000027329|obs_0000016578|obs_0000019656|obs_0000023756|obs_0000028878|obs_0000035035|obs_0000028408|obs_0000028937|obs_0000008467|obs_0000027944|obs_0000004922|obs_0000028500|obs_0000017247|obs_0000000370|obs_0000014202|obs_0000010120|obs_0000004495|obs_0000013819|obs_0000034708|obs_0000010165|obs_0000028614|obs_0000026062|obs_0000031695|obs_0000032735|obs_0000003041|obs_0000004068|obs_0000031740,,x
VELTINS,Pilsener,"€ 11,49",,"1 l = 1,15","1 l = 1,15",(+ 3.10 Pfand),Nein,Dieses Angebot findest du vom 13.04. bis 15.04. in deiner Kaufland-Filiale.,2026-04-13,2026-04-15,../images/kaufland/kaufland_offer_613.jpg,cat_getraenke,,,ref_000299,obs_0000026503|obs_0000015503|obs_0000034836|obs_0000013820|obs_0000028547|obs_0000034842|obs_0000034091|obs_0000035044|obs_0000014011|obs_0000028988|obs_0000014656|obs_0000015939|obs_0000034637|obs_0000008415|obs_0000028405|obs_0000028664|obs_0000035045|obs_0000008838|obs_0000005639|obs_0000009355|obs_0000029199|obs_0000015505|obs_0000026385|obs_0000030754|obs_0000010028|obs_0000020153|obs_0000025018|obs_0000027068|obs_0000029764|obs_0000026593|obs_0000029928|obs_0000009578|obs_0000020972|obs_0000035041|obs_0000032304|obs_0000029887|obs_0000031557|obs_0000030721|obs_0000015507|obs_0000035108|obs_0000015940|obs_0000007889|obs_0000011998|obs_0000031083|obs_0000015085|obs_0000029423|obs_0000011769|obs_0000034429|obs_0000030250|obs_0000031615,obs_0000028547|obs_0000026503|obs_0000015503|obs_0000034836|obs_0000034842|obs_0000030754|obs_0000034091|obs_0000035044|obs_0000014011|obs_0000028988|obs_0000014656|obs_0000015939|obs_0000029764|obs_0000034637|obs_0000008415|obs_0000029928|obs_0000028405|obs_0000028664|obs_0000013820|obs_0000035045,,
ALLURE,Pinot Grigio oder Merlot Ros,"€ 3,99",,"1 l = 5,32","1 l = 5,32","Italien, z. B. Pinot Grigio: blumig, frisch, ausgewogen, passt zu Antipasti oder als Aperitif",Nein,Dieses Angebot findest du vom 09.04. bis 15.04. in deiner Kaufland-Filiale.,2026-04-09,2026-04-15,../images/kaufland/kaufland_offer_289.jpg,cat_getraenke,,,ref_000300,obs_0000013340|obs_0000010750|obs_0000015925|obs_0000012435|obs_0000011137|obs_0000013822|obs_0000023227|obs_0000034040|obs_0000014113|obs_0000034286|obs_0000026185|obs_0000008300|obs_0000008375|obs_0000019755|obs_0000007981,obs_0000013340|obs_0000010750,,
GUSTAVO GUSTO,Pizza,"€ 2,99","€ 4,99","1 kg = 10,51 - 12,18","1 kg = 10,51 - 12,18",versch. Sorten,Nein,Dieses Angebot findest du vom 09.04. bis 15.04. in deiner Kaufland-Filiale.,2026-04-09,2026-04-15,../images/kaufland/kaufland_offer_170.jpg,"cat_tiefkuehl,sub_tk_pizza,tag_ultra_processed",,,ref_000301,obs_0000013341|obs_0000025810|obs_0000010530|obs_0000023186|obs_0000005867|obs_0000028924|obs_0000034187|obs_0000014967|obs_0000013826|obs_0000012815|obs_0000027151|obs_0000027155|obs_0000027666|obs_0000011305|obs_0000027726|obs_0000027728|obs_0000034384|obs_0000033886|obs_0000027771|obs_0000027783|obs_0000004744|obs_0000014988|obs_0000011919|obs_0000023189|obs_0000003232|obs_0000023201|obs_0000002723|obs_0000033957|obs_0000001727|obs_0000001728|obs_0000001729|obs_0000001730|obs_0000001731|obs_0000001732|obs_0000027844|obs_0000010444|obs_0000034001|obs_0000004317|obs_0000011499|obs_0000008442|obs_0000027902|obs_0000011520|obs_0000026375|obs_0000017705|obs_0000003890|obs_0000009035|obs_0000022877|obs_0000025445|obs_0000008069|obs_0000008618,obs_0000013341|obs_0000023186|obs_0000025810|obs_0000005867|obs_0000010530,,
Keine Marke,Pizza Salami,"€ 0,79",,"pro Einheit = 0,79","pro Einheit = 0,79",Pizzasnack mit Edamer und Salami,Nein,Dieses Angebot findest du vom 09.04. bis 15.04. in deiner Kaufland-Filiale.,2026-04-09,2026-04-15,../images/kaufland/kaufland_offer_195.jpg,"cat_grundnahrung,diet_gluten_free,diet_lactose_free,diet_vegan,sub_frisches_gemuese,sub_tk_pizza,sub_wurst,tag_ultra_processed,tag_whole_food",,BLS-X914133,ref_000302,obs_0000009035|obs_0000013826|obs_0000011919|obs_0000022563|obs_0000022498|obs_0000010316|obs_0000016602|obs_0000008425|obs_0000002285|obs_0000026898|obs_0000010530|obs_0000016755|obs_0000031198|obs_0000002611|obs_0000014932|obs_0000019030|obs_0000023186|obs_0000023205|obs_0000021226|obs_0000011010|obs_0000025355|obs_0000017184|obs_0000002957|obs_0000000973|obs_0000017375|obs_0000013341|obs_0000003239|obs_0000025810|obs_0000019666|obs_0000003307|obs_0000025934|obs_0000034176|obs_0000028273|obs_0000005781|obs_0000005867|obs_0000007987|obs_0000008039|obs_0000020407|obs_0000016328|obs_0000010234|obs_0000031990|obs_0000030162|obs_0000007794|obs_0000032628,obs_0000009035|obs_0000013826|obs_0000011919,,
Keine Marke,Pizza-Donut Trüffelino,"€ 0,79",,"pro Einheit = 0,79","pro Einheit = 0,79","mit Frischkäsefüllung mit Trüffelaroma, belegt mit Schmandsauce und Mozzarella",Nein,Dieses Angebot findest du vom 09.04. bis 15.04. in deiner Kaufland-Filiale.,2026-04-09,2026-04-15,../images/kaufland/kaufland_offer_194.jpg,"cat_grundnahrung,diet_gluten_free,diet_lactose_free,diet_vegan,diet_vegetarian,tag_ultra_processed,tag_whole_food",,,ref_000303,obs_0000013342|obs_0000027178|obs_0000013341|obs_0000006257|obs_0000023186|obs_0000005308|obs_0000025810|obs_0000005867|obs_0000010530,,,
Keine Marke,Plunderraute mit Pudding und Himbeeren,"€ 1,49",,"pro Einheit = 1,49","pro Einheit = 1,49",Weizenkleingebäck mit Puddingfüllung und Himbeeren,Nein,Dieses Angebot findest du vom 09.04. bis 15.04. in deiner Kaufland-Filiale.,2026-04-09,2026-04-15,../images/kaufland/kaufland_offer_196.jpg,"cat_grundnahrung,diet_gluten_free,diet_lactose_free,diet_vegan,diet_vegetarian,sub_frisches_obst,sub_milchprodukte,sub_sahne_creme,tag_ultra_processed,tag_whole_food",,,ref_000304,obs_0000012304|obs_0000010473|obs_0000006412|obs_0000010509|obs_0000026967|obs_0000016741|obs_0000029127|obs_0000000498|obs_0000000524|obs_0000027154|obs_0000029205|obs_0000017159|obs_0000029585|obs_0000015378|obs_0000029817|obs_0000001270|obs_0000028022|obs_0000001428|obs_0000030130|obs_0000034305|obs_0000030214|obs_0000017931|obs_0000013838|obs_0000030258|obs_0000026169|obs_0000032322|obs_0000013981|obs_0000032513|obs_0000026409|obs_0000016218,,,
AMECKE,Plus,"€ 1,99",,"pro Einheit = 1,00","pro Einheit = 1,00","Fruchtsaftgetränk mit extra Mineralstoffen und Vitaminen, versch. Sorten",Nein,Dieses Angebot findest du vom 09.04. bis 15.04. in deiner Kaufland-Filiale.,2026-04-09,2026-04-15,../images/kaufland/kaufland_offer_270.jpg,"cat_getraenke,diet_gluten_free,diet_lactose_free,diet_vegan,diet_vegetarian",,BLS-Y843143,ref_000305,obs_0000013344|obs_0000014628|obs_0000011970|obs_0000010396|obs_0000009995|obs_0000024485|obs_0000009533|obs_0000018247|obs_0000024060|obs_0000029925|obs_0000025204|obs_0000016782|obs_0000012059|obs_0000034867|obs_0000026037|obs_0000028728|obs_0000014278|obs_0000019272|obs_0000027472|obs_0000014675|obs_0000014813|obs_0000011614|obs_0000028258|obs_0000022884|obs_0000031855|obs_0000001401|obs_0000015996|obs_0000033791|obs_0000000640|obs_0000008464|obs_0000008473|obs_0000017408|obs_0000030365|obs_0000018847|obs_0000014627|obs_0000028207|obs_0000027194|obs_0000029377|obs_0000017737|obs_0000033132|obs_0000032760|obs_0000016382|obs_0000032129|obs_0000022286|obs_0000029974|obs_0000018208|obs_0000012985|obs_0000015172|obs_0000015175|obs_0000011224,obs_0000013344|obs_0000014628|obs_0000011970,,
MEDIASHOP,Polarisierende Sonnenbrille HD Polar View,"€ 9,99","€ 29,90","pro Einheit = 9,99","pro Einheit = 9,99","Mit polarisierten High-Definition-Gläsern Sorgt für Klarheit, Farbe und Kontrast Blendung wird reduziert, Kontrast wird erhöht 100 % UVA-/UVB-Schutz UV-400-Protection Mit Magnet-Clip zum Befestigen Inkl. Hartschalen-Etui und Reinigungstuch",Nein,Dieses Angebot findest du vom 09.04. bis 15.04. in deiner Kaufland-Filiale.,2026-04-09,2026-04-15,../images/kaufland/kaufland_offer_473.jpg,"cat_non_food,diet_lactose_free,diet_vegan,diet_vegetarian",,,ref_000306,,,,
COUNTRYSIDE,Polsterauflage für Liegen,"€ 17,99",,"pro Einheit = 17,99","pro Einheit = 17,99","Bezug aus recyceltem Polyester und Baumwolle Füllung aus Polyurethan und Polyester-Vlies Strapazierfähiges, lichtechtes Leinwandgewebe Mit dekorativem Stehsaum Angenehm weich durch 4-cm-Komfortpolster Mit verstellbarem Rückenband und Bindebändern Größe ca. 190 x 58 cm 3 Jahre Garantie",Nein,Dieses Angebot findest du vom 09.04. bis 15.04. in deiner Kaufland-Filiale.,2026-04-09,2026-04-15,../images/kaufland/kaufland_offer_410.jpg,"cat_non_food,tag_ultra_processed",,,ref_000307,,,,
COUNTRYSIDE,Pop-up-Campingzelt,"€ 29,99",,"pro Einheit = 29,99","pro Einheit = 29,99","Besonders leichtes Zelt für 2 Personen Sekundenschneller Aufbau (selbstentfaltend) Außenzelt aus beschichtetem Polyester Wasserabweisend und mit UV-Schutz (UPF 30) Mit Ventilationsöffnungen Innenzelt aus Polyester Bodenplane aus Polyethylen Wassersäule jeweils ca. 3.000 mm Gestänge aus Glasfaser Innenzelt-Zugang mit Moskitonetz Mit Lampenhalter und Aufbewahrungsfächern Größe ca. B 247 x H 112 x T 148 cm Packmaß/-gewicht ca. Ø 80 cm/ca. 2,6 kg Inkl. Heringen, Spannleinen und Tasche 3 Jahre Garantie",Nein,Dieses Angebot findest du vom 09.04. bis 15.04. in deiner Kaufland-Filiale.,2026-04-09,2026-04-15,../images/kaufland/kaufland_offer_474.jpg,"cat_non_food,diet_vegetarian",,,ref_000308,obs_0000017545|obs_0000016287|obs_0000020803|obs_0000021622|obs_0000021886,,,
CHIO,Popcorn,"€ 1,11",,"1 kg = 9,25","1 kg = 9,25",versch. Sorten,Nein,Dieses Angebot findest du vom 09.04. bis 15.04. in deiner Kaufland-Filiale.,2026-04-09,2026-04-15,../images/kaufland/kaufland_offer_241.jpg,"cat_knabbern_naschen,tag_ultra_processed",,,ref_000309,obs_0000013828|obs_0000014596|obs_0000015891|obs_0000014356|obs_0000012196|obs_0000025994|obs_0000008412|obs_0000027246|obs_0000018305|obs_0000022453|obs_0000023605|obs_0000007993|obs_0000023614|obs_0000023618|obs_0000026457|obs_0000029968|obs_0000018073|obs_0000021022|obs_0000022049|obs_0000017959|obs_0000029230|obs_0000022193|obs_0000025182|obs_0000020203|obs_0000032010|obs_0000030992|obs_0000008804,obs_0000013828|obs_0000014596|obs_0000025994|obs_0000015891|obs_0000014356|obs_0000012196|obs_0000008412|obs_0000027246,,
SWITCH ON,Porenreiniger PS-A0101,"€ 7,99",,"pro Einheit = 7,99","pro Einheit = 7,99",2 wählbare Saugstufen 4 Aufsätze für Pickel und Mitesser Inkl. Batterien,Nein,Dieses Angebot findest du vom 09.04. bis 15.04. in deiner Kaufland-Filiale.,2026-04-09,2026-04-15,../images/kaufland/kaufland_offer_342.jpg,cat_drogerie,,,ref_000310,,,,
PROFAGUS,Premium-Grillholzkohle,"€ 6,49","€ 7,99","1 kg = 2,17","1 kg = 2,17",Große Kohlestücke aus Buchenholz Glüht schnell durch Ideal für kurzes Grillen,Nein,Dieses Angebot findest du vom 09.04. bis 15.04. in deiner Kaufland-Filiale.,2026-04-09,2026-04-15,../images/kaufland/kaufland_offer_478.jpg,cat_getraenke,,,ref_000311,obs_0000013830|obs_0000011595,,,
PROFAGUS,Premium-Holzkohlebriketts Grillis,"€ 6,49","€ 7,99","1 kg = 2,17","1 kg = 2,17",Aus Buchenholz Für eine heiße Glut Ideal für längeres Grillen,Nein,Dieses Angebot findest du vom 09.04. bis 15.04. in deiner Kaufland-Filiale.,2026-04-09,2026-04-15,../images/kaufland/kaufland_offer_477.jpg,cat_non_food,,,ref_000312,obs_0000013830|obs_0000011595,,,
LEIKEIM,Premium-Pils,"€ 11,99",,"1 l = 1,20","1 l = 1,20",in der Bügelflasche (+ 4.50 Pfand),Nein,Dieses Angebot findest du vom 09.04. bis 15.04. in deiner Kaufland-Filiale.,2026-04-09,2026-04-15,../images/kaufland/kaufland_offer_299.jpg,cat_getraenke,,,ref_000313,obs_0000028734|obs_0000011148|obs_0000027560|obs_0000009703|obs_0000028695|obs_0000014397|obs_0000012445|obs_0000016561|obs_0000010479|obs_0000026883|obs_0000012662|obs_0000008613|obs_0000010756|obs_0000011146|obs_0000013350|obs_0000033895|obs_0000027845|obs_0000011594|obs_0000013836|obs_0000015938|obs_0000034432|obs_0000028520|obs_0000028575|obs_0000028635|obs_0000008187|obs_0000031079|obs_0000029198|obs_0000031248|obs_0000029243|obs_0000031389|obs_0000029927|obs_0000026008|obs_0000030395|obs_0000008006|obs_0000030607|obs_0000028759|obs_0000012448|obs_0000016578|obs_0000028878|obs_0000035035|obs_0000028937|obs_0000008467|obs_0000000370|obs_0000004495|obs_0000010755|obs_0000012871|obs_0000027329|obs_0000004922|obs_0000017247|obs_0000031695,obs_0000028695|obs_0000014397|obs_0000028734|obs_0000012445|obs_0000016561|obs_0000010479|obs_0000026883|obs_0000012662|obs_0000008613|obs_0000010756|obs_0000031389|obs_0000011146|obs_0000011148|obs_0000027560|obs_0000013350|obs_0000033895|obs_0000027845|obs_0000011594|obs_0000009703|obs_0000013836|obs_0000015938|obs_0000034432|obs_0000028520|obs_0000028575|obs_0000028635|obs_0000008187,,
TRES PA SES,Premium-Rum,"€ 19,99",,"1 l = 28,56","1 l = 28,56","fruchtige Süße aus Papaya und Rosinen, Vanille-, Karamell- und feine Holznoten, samtig, butterweich im Abgang, 40 Vol. %",Nein,Dieses Angebot findest du vom 09.04. bis 15.04. in deiner Kaufland-Filiale.,2026-04-09,2026-04-15,../images/kaufland/kaufland_offer_278.jpg,cat_getraenke,,,ref_000314,obs_0000014633|obs_0000006555|obs_0000025003|obs_0000027430|obs_0000027570|obs_0000017633|obs_0000011595|obs_0000013830,obs_0000014633,,
DOPPIO PASSO,Primitivo Rosato IGT,"€ 4,99",,"1 l = 6,66","1 l = 6,66","Apulien, Italien, Aromen von Brombeeren, roten Johannisbeeren, passt zu Fisch und Pastagerichten",Nein,Dieses Angebot findest du vom 09.04. bis 15.04. in deiner Kaufland-Filiale.,2026-04-09,2026-04-15,../images/kaufland/kaufland_offer_293.jpg,cat_getraenke,,,ref_000315,obs_0000013837|obs_0000014864|obs_0000015927|obs_0000012868|obs_0000034716|obs_0000014096|obs_0000027780|obs_0000034038|obs_0000032270|obs_0000001551|obs_0000027422|obs_0000003628|obs_0000011981|obs_0000027208|obs_0000024921|obs_0000026098|obs_0000005822,obs_0000013837|obs_0000014864|obs_0000034716|obs_0000015927|obs_0000012868,,
MIONETTO,Prosecco DOC Treviso,"€ 5,99","€ 9,99","1 l = 7,99","1 l = 7,99","ital. Schaumwein, brut oder 0,0 % alkoholfrei",Nein,Dieses Angebot findest du vom 13.04. bis 15.04. in deiner Kaufland-Filiale.,2026-04-13,2026-04-15,../images/kaufland/kaufland_offer_009.jpg,"cat_getraenke,diet_vegetarian,tag_ultra_processed",,,ref_000316,obs_0000001205|obs_0000026041|obs_0000010320|obs_0000015930|obs_0000006714|obs_0000030408|obs_0000032473|obs_0000008134|obs_0000034396,obs_0000001205,,
K-CLASSIC,Proteinbrötchen,"€ 1,11","€ 1,39","1 kg = 3,70","1 kg = 3,70","mit Leinsamen und Sonnenblumenkernen, zum Fertigbacken",Nein,Dieses Angebot findest du vom 09.04. bis 15.04. in deiner Kaufland-Filiale.,2026-04-09,2026-04-15,../images/kaufland/kaufland_offer_202.jpg,"cat_grundnahrung,diet_vegetarian,tag_high_protein,tag_proteinreich,tag_ultra_processed",,BLS-B521000,ref_000317,obs_0000005570,,,
LANGEWIESCHE,Putenbrust,"€ 1,79",,"pro Einheit = 100,00","pro Einheit = 100,00",mit Paprika,Nein,Dieses Angebot findest du vom 13.04. bis 15.04. in deiner Kaufland-Filiale.,2026-04-13,2026-04-15,../images/kaufland/kaufland_offer_579.jpg,"cat_fleisch_wurst,sub_gefluegel",,BLS-V486100,ref_000318,obs_0000013841|obs_0000013979|obs_0000015778|obs_0000008679|obs_0000028852|obs_0000011755|obs_0000031109|obs_0000005408|obs_0000006185|obs_0000007218|obs_0000029142|obs_0000005600|obs_0000030433|obs_0000005793|obs_0000007201|obs_0000015652|obs_0000034351|obs_0000014131|obs_0000013250|obs_0000007627|obs_0000029665|obs_0000010596,obs_0000013841|obs_0000013979|obs_0000015778|obs_0000028852|obs_0000030433|obs_0000008679|obs_0000011755,,
DEUTSCHES WEINTOR,Qualitätswein,"€ 3,79","€ 5,29","1 l = 5,06","1 l = 5,06","Grauer Burgunder, Grau- und Weißburgunder oder Dornfelder, Pfalz, z. B. Grauer Burgunder: gehaltvoll, würzig und geschmeidig, passt zu hellem Fleisch, kräftigen Fischgerichten, Gemüse",Nein,Dieses Angebot findest du vom 09.04. bis 15.04. in deiner Kaufland-Filiale.,2026-04-09,2026-04-15,../images/kaufland/kaufland_offer_288.jpg,cat_getraenke,,,ref_000319,obs_0000008721|obs_0000013356|obs_0000011138|obs_0000013843|obs_0000014641|obs_0000015923|obs_0000012225|obs_0000011986|obs_0000029082|obs_0000005817|obs_0000006892|obs_0000010752|obs_0000027285|obs_0000015275|obs_0000012210|obs_0000031416|obs_0000029777|obs_0000028130|obs_0000011141|obs_0000015496|obs_0000014642|obs_0000030407|obs_0000007650|obs_0000013033|obs_0000029428|obs_0000031092|obs_0000010751|obs_0000028131|obs_0000029429,obs_0000011138|obs_0000008721|obs_0000013843|obs_0000013356|obs_0000014641|obs_0000015923|obs_0000012225|obs_0000011986,,
PHILIPS,Rasierer One Blade QP2724 17,"€ 29,99","€ 39,99","pro Einheit = 29,99","pro Einheit = 29,99","Zum präzisen Trimmen, Stylen und Rasieren Doppelseitige Klinge für besondere Präzision Mit 4 Trimmaufsätzen (1, 2, 3, 5 mm) Wasserdicht gemäß IPX7 Akkulaufzeit bis zu 45 min",Nein,Dieses Angebot findest du vom 09.04. bis 15.04. in deiner Kaufland-Filiale.,2026-04-09,2026-04-15,../images/kaufland/kaufland_offer_352.jpg,"cat_drogerie,tag_ultra_processed",,,ref_000320,obs_0000012048|obs_0000015162,obs_0000012048|obs_0000015162,,
BEN S ORIGINAL,Reis im Kochbeutel,"€ 1,99","€ 2,59","1 kg = 3,98","1 kg = 3,98","Original-Langkorn- oder Naturreis, perfekt in 10 Minuten",Nein,Dieses Angebot findest du vom 09.04. bis 15.04. in deiner Kaufland-Filiale.,2026-04-09,2026-04-15,../images/kaufland/kaufland_offer_213.jpg,"cat_grundnahrung,diet_gluten_free,diet_vegan,sub_reis,tag_ultra_processed",,,ref_000321,obs_0000008155|obs_0000000652|obs_0000030013|obs_0000019357,obs_0000030013|obs_0000008155,,
LIVARNO,Relaxsessel Houston,"€ 44,99",,"pro Einheit = 44,99","pro Einheit = 44,99","Ideal für Balkon, Garten oder Terrasse Pulverbeschichteter Aluminium-Leichtrahmen Mit komfortabler Textilbespannung Witterungs- und UV-beständig, strapazierfähig 7 einstellbare Sitzpositionen Sitzhöhe ca. 45 cm Bodenschonende und rutschhemmende Profilfüße Platzsparend zusammenklappbar Einfach zu reinigen Belastbarkeit max. 120 kg Größe ca. B 58 x H 110 x T 78 cm 3 Jahre Garantie",Nein,Dieses Angebot findest du vom 09.04. bis 15.04. in deiner Kaufland-Filiale.,2026-04-09,2026-04-15,../images/kaufland/kaufland_offer_408.jpg,cat_non_food,,,ref_000322,,,,
COUNTRYSIDE,Relaxsessel-Polsterauflage,"€ 12,99",,"pro Einheit = 12,99","pro Einheit = 12,99","Bezug aus recyceltem Polyester und Baumwolle Füllung aus Polyurethan und Polyester-Vlies Strapazierfähiges, lichtechtes Leinwandgewebe Mit dekorativem Stehsaum Angenehm weich durch 4-cm-Komfortpolster Mit verstellbarem Rückenband und Bindebändern Größe ca. 167 x 50 cm 3 Jahre Garantie",Nein,Dieses Angebot findest du vom 09.04. bis 15.04. in deiner Kaufland-Filiale.,2026-04-09,2026-04-15,../images/kaufland/kaufland_offer_412.jpg,cat_non_food,,,ref_000323,,,,
Keine Marke,Rhododendron,"€ 9,99",,"pro Einheit = 9,99","pro Einheit = 9,99","versch. Farben, Topf Ø 23 cm",Nein,Dieses Angebot findest du vom 09.04. bis 15.04. in deiner Kaufland-Filiale.,2026-04-09,2026-04-15,../images/kaufland/kaufland_offer_083.jpg,"cat_obst_gemuese,diet_gluten_free,diet_lactose_free,diet_vegan,diet_vegetarian,sub_exoten,sub_frisches_obst,tag_ultra_processed,tag_whole_food",,,ref_000324,,,,
K-WERTSCHÄTZE,Rinder-Entrec te,"€ 26,90","€ 32,90","pro Einheit = 26,90","pro Einheit = 26,90","vom dtsch. Jungbullen, am Stück oder als Steak, garantiert gereift, zart marmoriert, aus eigener Herstellung",Nein,Dieses Angebot findest du vom 09.04. bis 15.04. in deiner Kaufland-Filiale.,2026-04-09,2026-04-15,../images/kaufland/kaufland_offer_123.jpg,"cat_fleisch_wurst,sub_rind,tag_proteinreich,tag_whole_food",,,ref_000325,obs_0000012292|obs_0000009255|obs_0000014472|obs_0000010604|obs_0000030463|obs_0000015746|obs_0000031116|obs_0000015347|obs_0000028464,obs_0000012292|obs_0000009255|obs_0000014472|obs_0000028464|obs_0000010604,,
K-WERTSCHÄTZE,Rinderbraten aus dem Bug vom Jungbullen,"€ 16,90","€ 19,90","pro Einheit = 16,90","pro Einheit = 16,90","vom Jungbullen, garantiert gereift, aus eigener Herstellung",Nein,Dieses Angebot findest du vom 09.04. bis 15.04. in deiner Kaufland-Filiale.,2026-04-09,2026-04-15,../images/kaufland/kaufland_offer_122.jpg,"cat_fleisch_wurst,sub_rind",,,ref_000326,obs_0000009477|obs_0000009570|obs_0000009138|obs_0000033937|obs_0000028501|obs_0000028615,,,
K-PURLAND,Rinderbraten Hals Hohe Rippe vom Jungbullen,"€ 14,99",,"pro Einheit = 14,99","pro Einheit = 14,99","vom Jungbullen, zum Braten am Stück oder für Gulasch",Nein,Dieses Angebot findest du vom 09.04. bis 15.04. in deiner Kaufland-Filiale.,2026-04-09,2026-04-15,../images/kaufland/kaufland_offer_100.jpg,"cat_fleisch_wurst,sub_rind",,,ref_000327,obs_0000014450|obs_0000012274|obs_0000010605|obs_0000012781|obs_0000014927|obs_0000009943|obs_0000009138|obs_0000033937|obs_0000009477|obs_0000009570|obs_0000028501|obs_0000028615,obs_0000014450|obs_0000010605|obs_0000012781|obs_0000014927|obs_0000012274,,
Keine Marke,Rinderbäckchen,"€ 16,90",,"pro Einheit = 16,90","pro Einheit = 16,90",vom irischen Weideochsen,Nein,Dieses Angebot findest du vom 09.04. bis 15.04. in deiner Kaufland-Filiale.,2026-04-09,2026-04-15,../images/kaufland/kaufland_offer_121.jpg,"cat_fleisch_wurst,diet_gluten_free,diet_lactose_free,diet_vegetarian,sub_rind,tag_ultra_processed,tag_whole_food",,,ref_000328,,,,
K-PURLAND,Rindergulasch,"€ 6,69",,"1 kg = 13,38","1 kg = 13,38",dtsch. Jungbullenfleisch,Nein,Dieses Angebot findest du vom 09.04. bis 15.04. in deiner Kaufland-Filiale.,2026-04-09,2026-04-15,../images/kaufland/kaufland_offer_099.jpg,"cat_fleisch_wurst,sub_rind,sub_schwein,tag_proteinreich,tag_whole_food",,BLS-U151100,ref_000329,obs_0000010493|obs_0000010589|obs_0000012761|obs_0000014911|obs_0000009272|obs_0000018466|obs_0000008962|obs_0000033723|obs_0000009252|obs_0000005800|obs_0000034699|obs_0000022420|obs_0000034753|obs_0000017650|obs_0000013364,obs_0000018466|obs_0000010493|obs_0000010589|obs_0000012761|obs_0000014911|obs_0000008962|obs_0000033723|obs_0000009252|obs_0000009272|obs_0000005800|obs_0000034699|obs_0000022420|obs_0000034753,,
RORAX,Rohrfrei,"€ 2,99",,"pro Einheit = 1,00","pro Einheit = 1,00",Power- oder Bio-Power-Gel,Nein,Dieses Angebot findest du vom 09.04. bis 15.04. in deiner Kaufland-Filiale.,2026-04-09,2026-04-15,../images/kaufland/kaufland_offer_315.jpg,cat_drogerie,,,ref_000330,obs_0000012010|obs_0000013367|obs_0000015105|obs_0000005859|obs_0000008899|obs_0000016369,obs_0000015105|obs_0000012010|obs_0000013367,,
K-CLASSIC,Rohschinken,"€ 1,99","€ 2,56","1 kg = 13,27","1 kg = 13,27","mild geräuchert, fettreduziert und mager",Nein,Dieses Angebot findest du vom 09.04. bis 15.04. in deiner Kaufland-Filiale.,2026-04-09,2026-04-15,../images/kaufland/kaufland_offer_113.jpg,"cat_fleisch_wurst,diet_lactose_free,sub_schwein,sub_wurst,tag_ultra_processed",,BLS-W271000,ref_000331,obs_0000018745|obs_0000031618|obs_0000017419|obs_0000010599|obs_0000015360|obs_0000028933|obs_0000010609|obs_0000023209|obs_0000019661|obs_0000030172|obs_0000005574,obs_0000018745|obs_0000031618|obs_0000017419,,
Keine Marke,Rosen-Chrysanthemenstrauß,"€ 12,99",,"pro Einheit = 12,99","pro Einheit = 12,99",versch. Variationen,Nein,Dieses Angebot findest du vom 09.04. bis 15.04. in deiner Kaufland-Filiale.,2026-04-09,2026-04-15,../images/kaufland/kaufland_offer_079.jpg,"cat_obst_gemuese,diet_gluten_free,diet_lactose_free,diet_vegan,diet_vegetarian,tag_whole_food",,,ref_000332,obs_0000011400|obs_0000012707|obs_0000014890|obs_0000014126|obs_0000013372,obs_0000011400|obs_0000012707|obs_0000014890|obs_0000014126|obs_0000013372,,
K-CLASSIC,Rostbratwurst,"€ 2,99","€ 3,79","1 kg = 5,54","1 kg = 5,54",gebrüht,Nein,Dieses Angebot findest du vom 13.04. bis 15.04. in deiner Kaufland-Filiale.,2026-04-13,2026-04-15,../images/kaufland/kaufland_offer_055.jpg,"cat_fleisch_wurst,sub_wurst,tag_ultra_processed",,BLS-W222600,ref_000333,obs_0000014464|obs_0000013376|obs_0000022632|obs_0000023630|obs_0000023789|obs_0000024213|obs_0000005807|obs_0000020645|obs_0000008488|obs_0000029275|obs_0000021464|obs_0000009263|obs_0000027860|obs_0000034076|obs_0000021808|obs_0000014109|obs_0000030624|obs_0000008189|obs_0000018455|obs_0000031271|obs_0000029932|obs_0000032056|obs_0000013807|obs_0000022121,obs_0000014464|obs_0000013376,,
PHILIPS,Rotationsrasierer S1134 00,"€ 29,99","€ 39,99","pro Einheit = 29,99","pro Einheit = 29,99",Für Gesichts- und Kopfrasur 3D-Flex-Scherköpfe PowerCut-Schersystem Mit selbstschärfenden Klingen Wasserdicht gemäß IPX7 Mit Akkustandanzeige Akkulaufzeit bis zu 30 min Inkl. Schutzkappe,Nein,Dieses Angebot findest du vom 09.04. bis 15.04. in deiner Kaufland-Filiale.,2026-04-09,2026-04-15,../images/kaufland/kaufland_offer_350.jpg,cat_drogerie,,,ref_000334,obs_0000012047|obs_0000015157,obs_0000012047|obs_0000015157,,
CAMBOZOLA MONTAGNOLO,ROUGETTE oder FIORELLA DI TOMINO,"€ 1,99",,"pro Einheit = 100,00","pro Einheit = 100,00","dtsch. Weichkäse, 68 - 70 % Fett i. Tr.",Nein,Dieses Angebot findest du vom 09.04. bis 15.04. in deiner Kaufland-Filiale.,2026-04-09,2026-04-15,../images/kaufland/kaufland_offer_163.jpg,"cat_molkerei_kaese,sub_kaese,sub_milchprodukte,tag_ultra_processed",,,ref_000335,obs_0000013860|obs_0000012332|obs_0000014960|obs_0000010639,obs_0000013860|obs_0000012332|obs_0000014960|obs_0000010639,,
Bacardi,Rum oder Rum-Spirituose,"€ 9,99","€ 14,49","1 l = 20,70","1 l = 20,70","versch. Sorten, 27 - 37,5 Vol. %",Nein,Dieses Angebot findest du vom 09.04. bis 15.04. in deiner Kaufland-Filiale.,2026-04-09,2026-04-15,../images/kaufland/kaufland_offer_279.jpg,"cat_getraenke,tag_ultra_processed",,,ref_000336,obs_0000011977|obs_0000012866|obs_0000013862|obs_0000015238|obs_0000016096|obs_0000025003|obs_0000017633|obs_0000027570|obs_0000006555,obs_0000011977|obs_0000012866|obs_0000013862|obs_0000015238|obs_0000016096,,x
ACQUA PANNA oder,S PELLEGRINO Mineralwasser,"€ 0,89","€ 1,19","pro Einheit = 1,00","pro Einheit = 1,00",ohne bzw. mit Kohlensäure (+ 0.25 Pfand),Nein,Dieses Angebot findest du vom 09.04. bis 15.04. in deiner Kaufland-Filiale.,2026-04-09,2026-04-15,../images/kaufland/kaufland_offer_269.jpg,"cat_getraenke,diet_gluten_free,diet_lactose_free,diet_vegan,diet_vegetarian",,,ref_000337,obs_0000011563|obs_0000015663|obs_0000032718|obs_0000027653|obs_0000034851|obs_0000015908|obs_0000031797|obs_0000026205|obs_0000008801|obs_0000003689|obs_0000015481|obs_0000031867|obs_0000012414|obs_0000031871|obs_0000028800|obs_0000034437|obs_0000008841|obs_0000009353|obs_0000028841|obs_0000027836|obs_0000011969|obs_0000021185|obs_0000027856|obs_0000008437|obs_0000034043|obs_0000034044|obs_0000009985|obs_0000028931|obs_0000035059|obs_0000010519|obs_0000031006|obs_0000014625|obs_0000028968|obs_0000026948|obs_0000028493|obs_0000008537|obs_0000011123|obs_0000028537|obs_0000028027|obs_0000020366|obs_0000028603|obs_0000034235|obs_0000034238|obs_0000026570|obs_0000013773|obs_0000025562|obs_0000028654|obs_0000014332,obs_0000011563|obs_0000015663|obs_0000032718,,
ZOTT,Sahnejoghurt oder Pure Joy,"€ 0,49",,"1 kg = 3,50","1 kg = 3,50","Joghurt bzw. veganes Dessert, versch. Sorten",Nein,Dieses Angebot findest du vom 09.04. bis 15.04. in deiner Kaufland-Filiale.,2026-04-09,2026-04-15,../images/kaufland/kaufland_offer_137.jpg,"cat_molkerei_kaese,diet_vegetarian,sub_joghurt_skyr_quark,sub_milchprodukte,sub_sahne_creme,tag_ultra_processed",,,ref_000338,obs_0000011459|obs_0000013381|obs_0000016418|obs_0000008274|obs_0000025172|obs_0000009343|obs_0000009812|obs_0000034729|obs_0000026614|obs_0000002460|obs_0000018939|obs_0000003482|obs_0000020028|obs_0000020419|obs_0000021238|obs_0000011329|obs_0000014859,obs_0000011459|obs_0000013381,,
SNACK IT,Salamistangen,"€ 1,49",,"1 kg = 18,63","1 kg = 18,63","zum Snacken, Classic, Cheddar oder Chili",Nein,Dieses Angebot findest du vom 09.04. bis 15.04. in deiner Kaufland-Filiale.,2026-04-09,2026-04-15,../images/kaufland/kaufland_offer_117.jpg,"cat_fleisch_wurst,diet_gluten_free,diet_lactose_free,diet_vegan,diet_vegetarian,sub_wurst,tag_ultra_processed,tag_whole_food",,,ref_000339,obs_0000012290|obs_0000013382|obs_0000026197|obs_0000008544,obs_0000012290|obs_0000013382|obs_0000026197|obs_0000008544,,
ZUM DORFKRUG,Salatsauce,"€ 1,49","€ 2,29","1 l = 5,96","1 l = 5,96","Sylter Salatfrische, das Original, gluten- und laktosefrei",Nein,Dieses Angebot findest du vom 09.04. bis 15.04. in deiner Kaufland-Filiale.,2026-04-09,2026-04-15,../images/kaufland/kaufland_offer_181.jpg,"cat_grundnahrung,diet_lactose_free,diet_vegan,diet_vegetarian,tag_ultra_processed",,,ref_000340,obs_0000030500|obs_0000032381,,,
Lorenz,Saltletts,"€ 1,19","€ 2,29","1 kg = 4,76","1 kg = 4,76",Laugensticks mit Meersalz,Nein,Dieses Angebot findest du vom 09.04. bis 15.04. in deiner Kaufland-Filiale.,2026-04-09,2026-04-15,../images/kaufland/kaufland_offer_242.jpg,"cat_knabbern_naschen,tag_ultra_processed",,,ref_000341,obs_0000017410|obs_0000000911|obs_0000010511|obs_0000033807|obs_0000019303|obs_0000001531|obs_0000000795|obs_0000017709|obs_0000006385|obs_0000016882|obs_0000027008|obs_0000031697|obs_0000001635|obs_0000000612|obs_0000007701|obs_0000006043|obs_0000005476|obs_0000029971|obs_0000032244,obs_0000017410|obs_0000000911|obs_0000010511|obs_0000033807|obs_0000019303|obs_0000001531,,x
AMECKE,Sanfte Säfte,"€ 1,99","€ 2,99","pro Einheit = 1,00","pro Einheit = 1,00",versch. Sorten,Nein,Dieses Angebot findest du vom 09.04. bis 15.04. in deiner Kaufland-Filiale.,2026-04-09,2026-04-15,../images/kaufland/kaufland_offer_271.jpg,"cat_getraenke,diet_gluten_free,diet_lactose_free,diet_vegan,diet_vegetarian",,,ref_000342,obs_0000013865|obs_0000028754|obs_0000015483|obs_0000014205|obs_0000026244|obs_0000005271|obs_0000027592|obs_0000027100|obs_0000028381|obs_0000007269|obs_0000032129|obs_0000029974|obs_0000031344,obs_0000013865|obs_0000028754|obs_0000015483|obs_0000014205,,
LUKULL,Sauce Hollandaise,"€ 1,29","€ 2,29","1 l = 5,16","1 l = 5,16",klassisch oder Balance,Nein,Dieses Angebot findest du vom 09.04. bis 15.04. in deiner Kaufland-Filiale.,2026-04-09,2026-04-15,../images/kaufland/kaufland_offer_209.jpg,cat_grundnahrung,,BLS-U990400,ref_000343,obs_0000034898|obs_0000015434|obs_0000031029|obs_0000032237|obs_0000006127|obs_0000013386|obs_0000028755|obs_0000034889|obs_0000034901|obs_0000011915|obs_0000010474|obs_0000008982|obs_0000032425,obs_0000015434|obs_0000034898|obs_0000031029|obs_0000032237|obs_0000006127,,
K-CLASSIC,Sauerkirschen,"€ 2,99",,"1 kg = 8,55","1 kg = 8,55","ohne Stein, leicht gezuckert",Nein,Dieses Angebot findest du vom 09.04. bis 15.04. in deiner Kaufland-Filiale.,2026-04-09,2026-04-15,../images/kaufland/kaufland_offer_183.jpg,"cat_grundnahrung,diet_gluten_free,diet_lactose_free,diet_vegetarian,sub_tk_fertiggerichte,tag_ultra_processed",,BLS-F212100,ref_000344,obs_0000028211,obs_0000028211,,
VISS,Scheuermilch,"€ 1,49","€ 1,95","1 l = 2,98","1 l = 2,98",Citrus oder Original,Nein,Dieses Angebot findest du vom 09.04. bis 15.04. in deiner Kaufland-Filiale.,2026-04-09,2026-04-15,../images/kaufland/kaufland_offer_316.jpg,"cat_drogerie,diet_vegetarian,sub_milchprodukte",,,ref_000345,obs_0000031048|obs_0000011603|obs_0000009187|obs_0000009670,obs_0000031048|obs_0000011603,,
COUNTRYSIDE,Schilf-Sichtschutzmatte,"€ 19,99",,"pro Einheit = 3,34","pro Einheit = 3,34","Aus natürlichem Schilfrohr, mit Drahtbindung Sicht- und Windschutz für Garten, Terrasse etc. Individuell kürzbar Größe ca. 600 x 100 cm",Nein,Dieses Angebot findest du vom 09.04. bis 15.04. in deiner Kaufland-Filiale.,2026-04-09,2026-04-15,../images/kaufland/kaufland_offer_407.jpg,"cat_non_food,tag_ultra_processed",,,ref_000346,obs_0000024815,obs_0000024815,,
K-PURLAND,Schinkenschnitzel,"€ 3,99",,"1 kg = 6,65","1 kg = 6,65",aus der Oberschale vom Schwein,Nein,Dieses Angebot findest du vom 09.04. bis 15.04. in deiner Kaufland-Filiale.,2026-04-09,2026-04-15,../images/kaufland/kaufland_offer_096.jpg,"cat_fleisch_wurst,sub_rind,sub_schwein,sub_wurst,tag_proteinreich,tag_ultra_processed",,BLS-U543100,ref_000347,obs_0000010338|obs_0000010587|obs_0000012759|obs_0000014909|obs_0000008974|obs_0000013390|obs_0000009464|obs_0000011842,obs_0000010338|obs_0000010587|obs_0000012759|obs_0000014909|obs_0000008974|obs_0000013390|obs_0000009464|obs_0000011842,,
FROSTA,Schlemmerfilet versch Sorten,"€ 2,79","€ 4,19","1 kg = 7,75 - 8,72","1 kg = 7,75 - 8,72","Alaska-Seelachs-Filet mit Topping, versch. Sorten",Nein,Dieses Angebot findest du vom 13.04. bis 15.04. in deiner Kaufland-Filiale.,2026-04-13,2026-04-15,../images/kaufland/kaufland_offer_589.jpg,"cat_fisch_meeresfruechte,sub_tk_fertiggerichte,tag_ultra_processed",,,ref_000348,obs_0000015285|obs_0000013391|obs_0000010408|obs_0000015254|obs_0000016108|obs_0000013549|obs_0000000915|obs_0000028098|obs_0000024900|obs_0000023771|obs_0000016996|obs_0000024190|obs_0000027256|obs_0000016380,obs_0000015285|obs_0000013391,,
FRANKENLAND,Schmand,"€ 0,89","€ 1,09","1 kg = 4,45","1 kg = 4,45","Sauerrahm, 24 % Fett",Nein,Dieses Angebot findest du vom 09.04. bis 15.04. in deiner Kaufland-Filiale.,2026-04-09,2026-04-15,../images/kaufland/kaufland_offer_146.jpg,"cat_molkerei_kaese,diet_vegetarian,sub_milchprodukte,sub_sahne_creme",,,ref_000349,obs_0000014489|obs_0000011034|obs_0000009974|obs_0000031866|obs_0000003203|obs_0000004483|obs_0000004910|obs_0000001733|obs_0000034373|obs_0000001870|obs_0000004056|obs_0000034793|obs_0000002418|obs_0000005914|obs_0000029482|obs_0000010416|obs_0000001486|obs_0000031453|obs_0000001902|obs_0000011031|obs_0000013207|obs_0000012648|obs_0000007769|obs_0000006448|obs_0000006451|obs_0000005540,obs_0000003203|obs_0000004483|obs_0000014489|obs_0000011034|obs_0000005914|obs_0000029482|obs_0000004910|obs_0000001733|obs_0000034373|obs_0000001870|obs_0000004056|obs_0000031453|obs_0000034793|obs_0000002418|obs_0000009974|obs_0000031866,,
K-CLASSIC,Schmelzkäsezubereitung,"€ 1,29","€ 1,59","1 kg = 6,45","1 kg = 6,45","Sahnig, mit Gouda oder Kräuter, 42 - 50 % Fett i. Tr.",Nein,Dieses Angebot findest du vom 09.04. bis 15.04. in deiner Kaufland-Filiale.,2026-04-09,2026-04-15,../images/kaufland/kaufland_offer_152.jpg,"cat_molkerei_kaese,diet_vegetarian,sub_kaese,sub_milchprodukte,tag_ultra_processed",,,ref_000350,obs_0000024641|obs_0000018629|obs_0000022387|obs_0000012179|obs_0000008128|obs_0000022629|obs_0000006284|obs_0000007539|obs_0000001535|obs_0000005902,obs_0000024641|obs_0000018629|obs_0000022387|obs_0000012179|obs_0000008128,,
K-CLASSIC,Schoko-Röllchen,"€ 1,59","€ 1,79","1 kg = 12,72","1 kg = 12,72",mit Vollmilch- oder Zartbitterschokolade,Nein,Dieses Angebot findest du vom 09.04. bis 15.04. in deiner Kaufland-Filiale.,2026-04-09,2026-04-15,../images/kaufland/kaufland_offer_225.jpg,"cat_grundnahrung,diet_vegetarian,tag_ultra_processed",,,ref_000351,,,,
SCHOGETTEN,Schokolade,"€ 0,95",,"1 kg = 9,50","1 kg = 9,50",versch. Sorten,Nein,Dieses Angebot findest du vom 09.04. bis 15.04. in deiner Kaufland-Filiale.,2026-04-09,2026-04-15,../images/kaufland/kaufland_offer_254.jpg,"cat_knabbern_naschen,diet_vegetarian,tag_ultra_processed",,BLS-S500000,ref_000352,obs_0000011783|obs_0000015893|obs_0000027700|obs_0000013879|obs_0000028232|obs_0000013394|obs_0000028244|obs_0000028249|obs_0000000091|obs_0000015454|obs_0000004705|obs_0000034408|obs_0000031849|obs_0000034411|obs_0000017539|obs_0000025221|obs_0000000138|obs_0000025739|obs_0000008861|obs_0000015026|obs_0000004278|obs_0000017595|obs_0000021699|obs_0000017605|obs_0000034013|obs_0000000230|obs_0000018155|obs_0000003326|obs_0000004873|obs_0000018698|obs_0000003851|obs_0000014104|obs_0000010522|obs_0000002336|obs_0000033056|obs_0000031011|obs_0000021291|obs_0000016691|obs_0000004446|obs_0000011112|obs_0000008595|obs_0000008610|obs_0000004019|obs_0000006579|obs_0000010166|obs_0000012219|obs_0000026556|obs_0000009149|obs_0000017857|obs_0000022979,obs_0000011783|obs_0000015893|obs_0000027700|obs_0000013879|obs_0000028232|obs_0000013394|obs_0000028244|obs_0000028249|obs_0000000091|obs_0000015454|obs_0000004705|obs_0000034408|obs_0000031849|obs_0000034411|obs_0000017539|obs_0000025221|obs_0000000138|obs_0000025739|obs_0000008861|obs_0000015026|obs_0000004278|obs_0000017595|obs_0000021699|obs_0000017605|obs_0000034013|obs_0000000230|obs_0000018155|obs_0000003326|obs_0000004873|obs_0000018698|obs_0000003851|obs_0000014104|obs_0000010522|obs_0000002336|obs_0000033056|obs_0000031011|obs_0000021291|obs_0000016691|obs_0000004446|obs_0000011112|obs_0000008595|obs_0000008610|obs_0000004019|obs_0000006579|obs_0000010166|obs_0000012219|obs_0000026556|obs_0000009149|obs_0000017857|obs_0000022979,,
Keine Marke,Schopflavendel,"€ 6,99",,"pro Einheit = 6,99","pro Einheit = 6,99",Topf Ø 18 cm,Nein,Dieses Angebot findest du vom 09.04. bis 15.04. in deiner Kaufland-Filiale.,2026-04-09,2026-04-15,../images/kaufland/kaufland_offer_085.jpg,"cat_obst_gemuese,diet_gluten_free,diet_lactose_free,diet_vegan,diet_vegetarian,sub_frisches_obst,tag_ultra_processed,tag_whole_food",,,ref_000353,,,,
KÖSTRITZER,Schwarzbier,"€ 12,99",,"1 l = 1,30","1 l = 1,30",(+ 3.10 Pfand),Nein,Dieses Angebot findest du vom 09.04. bis 15.04. in deiner Kaufland-Filiale.,2026-04-09,2026-04-15,../images/kaufland/kaufland_offer_304.jpg,cat_getraenke,,BLS-P167000,ref_000354,obs_0000009456|obs_0000013399|obs_0000029030|obs_0000029259|obs_0000031255|obs_0000032727|obs_0000006906,obs_0000029030|obs_0000029259|obs_0000009456|obs_0000013399|obs_0000031255|obs_0000032727|obs_0000006906,,
Beck's,Schweine-Schaschlik,"€ 7,99",,"pro Einheit = 1,00","pro Einheit = 1,00","Classic-Style mariniert, zum Selberspießen",Nein,Dieses Angebot findest du vom 09.04. bis 15.04. in deiner Kaufland-Filiale.,2026-04-09,2026-04-15,../images/kaufland/kaufland_offer_095.jpg,"cat_fleisch_wurst,sub_schwein",,,ref_000355,,,,x
K-WERTSCHÄTZE,Schweinebraten,"€ 8,50",,"pro Einheit = 8,50","pro Einheit = 8,50",aus eigener Herstellung,Nein,Dieses Angebot findest du vom 09.04. bis 15.04. in deiner Kaufland-Filiale.,2026-04-09,2026-04-15,../images/kaufland/kaufland_offer_120.jpg,"cat_fleisch_wurst,sub_schwein",,BLS-U950200,ref_000356,obs_0000011777|obs_0000008953|obs_0000018217|obs_0000018564|obs_0000021721|obs_0000021254|obs_0000008531|obs_0000022955|obs_0000012753|obs_0000020435|obs_0000007638|obs_0000000518|obs_0000024675,obs_0000011777|obs_0000008953|obs_0000018217,,
K-PURLAND,Schweinefilet am Stück,"€ 8,88",,"pro Einheit = 8,88","pro Einheit = 8,88","am Stück, für Grill und Pfanne",Nein,Dieses Angebot findest du vom 09.04. bis 15.04. in deiner Kaufland-Filiale.,2026-04-09,2026-04-15,../images/kaufland/kaufland_offer_092.jpg,"cat_fleisch_wurst,sub_rind,sub_schwein,tag_high_protein,tag_proteinreich",,,ref_000357,obs_0000010579|obs_0000012758|obs_0000015345|obs_0000013402|obs_0000011840|obs_0000014910|obs_0000009366|obs_0000013063|obs_0000010461|obs_0000014905|obs_0000008821|obs_0000009417|obs_0000015741|obs_0000009937|obs_0000024642|obs_0000020822|obs_0000025165|obs_0000001010|obs_0000023629|obs_0000021641|obs_0000001637|obs_0000001638|obs_0000001945|obs_0000000002|obs_0000028675|obs_0000020515|obs_0000002156|obs_0000034902|obs_0000016537|obs_0000020808|obs_0000004471|obs_0000000507|obs_0000019043|obs_0000004898|obs_0000002901|obs_0000021334|obs_0000003040|obs_0000027670|obs_0000025707|obs_0000021627|obs_0000001195|obs_0000034085|obs_0000017752|obs_0000009573|obs_0000026057|obs_0000007631|obs_0000021967|obs_0000001519|obs_0000013883|obs_0000003708,obs_0000010579|obs_0000012758|obs_0000015345|obs_0000013402|obs_0000011840,,
K-PURLAND,Schweinehackfleisch,"€ 2,22",,"1 kg = 4,44","1 kg = 4,44",zum Braten,Nein,Dieses Angebot findest du vom 09.04. bis 15.04. in deiner Kaufland-Filiale.,2026-04-09,2026-04-15,../images/kaufland/kaufland_offer_093.jpg,"cat_fleisch_wurst,sub_hackfleisch,sub_rind,sub_schwein,tag_high_protein,tag_proteinreich",,BLS-U020100,ref_000358,obs_0000010462|obs_0000010577|obs_0000012754|obs_0000014901|obs_0000008934|obs_0000009202|obs_0000011834|obs_0000008554|obs_0000013403,obs_0000010462|obs_0000010577|obs_0000008554|obs_0000012754|obs_0000014901|obs_0000008934|obs_0000009202|obs_0000013403|obs_0000011834,,
K-PURLAND,Schweinenackensteak Bockbier Style,"€ 4,49",,"1 kg = 5,99","1 kg = 5,99","würzig mariniert, 2 x 2 Stück",Nein,Dieses Angebot findest du vom 09.04. bis 15.04. in deiner Kaufland-Filiale.,2026-04-09,2026-04-15,../images/kaufland/kaufland_offer_090.jpg,"cat_fleisch_wurst,sub_rind,sub_schwein",,,ref_000359,obs_0000008540|obs_0000009486|obs_0000009946|obs_0000030101,obs_0000008540,,
HENKELL,Sekt,"€ 3,99","€ 5,99","1 l = 5,32","1 l = 5,32",trocken oder brut,Nein,Dieses Angebot findest du vom 09.04. bis 15.04. in deiner Kaufland-Filiale.,2026-04-09,2026-04-15,../images/kaufland/kaufland_offer_295.jpg,cat_getraenke,,,ref_000360,obs_0000011802|obs_0000017436|obs_0000018465|obs_0000017456|obs_0000003634|obs_0000013889|obs_0000019009|obs_0000031833|obs_0000019561|obs_0000018037|obs_0000028281|obs_0000000122|obs_0000012437|obs_0000010911|obs_0000026289|obs_0000023255|obs_0000027358|obs_0000018687|obs_0000016680|obs_0000015666|obs_0000014644|obs_0000024889|obs_0000026425|obs_0000011590|obs_0000015699|obs_0000027487|obs_0000008047|obs_0000012694|obs_0000002457|obs_0000022430|obs_0000025002|obs_0000001461|obs_0000026048|obs_0000034641|obs_0000032264|obs_0000028182|obs_0000013336|obs_0000015931|obs_0000015933|obs_0000008276|obs_0000023645|obs_0000008803|obs_0000024169|obs_0000015498|obs_0000013971|obs_0000012436|obs_0000010391|obs_0000031399|obs_0000009903|obs_0000010420,obs_0000032264|obs_0000011802|obs_0000017436|obs_0000018465|obs_0000017456|obs_0000003634|obs_0000013889|obs_0000019009|obs_0000031833|obs_0000019561|obs_0000018037|obs_0000028281|obs_0000000122|obs_0000012437|obs_0000010911|obs_0000026289|obs_0000023255|obs_0000027358|obs_0000018687|obs_0000016680|obs_0000015666|obs_0000014644|obs_0000024889|obs_0000026425|obs_0000011590|obs_0000015699|obs_0000027487|obs_0000031084|obs_0000008047|obs_0000029076|obs_0000012694|obs_0000002457|obs_0000022430|obs_0000025002|obs_0000001461|obs_0000026048,,
NIVEA,Shampoo oder Spülung,"€ 2,49","€ 2,95","1 l = 9,96 - 12,45","1 l = 9,96 - 12,45",versch. Sorten,Nein,Dieses Angebot findest du vom 09.04. bis 15.04. in deiner Kaufland-Filiale.,2026-04-09,2026-04-15,../images/kaufland/kaufland_offer_321.jpg,cat_drogerie,,,ref_000361,obs_0000011609|obs_0000015518|obs_0000012017|obs_0000012465|obs_0000012896|obs_0000013405|obs_0000016129|obs_0000010773|obs_0000012018|obs_0000012696|obs_0000013613|obs_0000005485|obs_0000005852|obs_0000006589|obs_0000015098|obs_0000007501|obs_0000015963|obs_0000006246|obs_0000033398|obs_0000034239|obs_0000005671|obs_0000006393|obs_0000005296|obs_0000006051|obs_0000032840|obs_0000032877|obs_0000033059|obs_0000033092|obs_0000033133|obs_0000033168|obs_0000000446|obs_0000033215|obs_0000033227|obs_0000033237|obs_0000033244|obs_0000033372|obs_0000033460|obs_0000033529|obs_0000033623|obs_0000033649|obs_0000009325|obs_0000034052|obs_0000009494|obs_0000009796|obs_0000009955|obs_0000034662|obs_0000001916|obs_0000010154|obs_0000034854|obs_0000035066,obs_0000011609|obs_0000012017|obs_0000012465|obs_0000012896|obs_0000013405|obs_0000015518|obs_0000016129,,
WEINBERGER,Shiatsu-Fußmassagegerät 13247,"€ 29,99",,"pro Einheit = 29,99","pro Einheit = 29,99",3 Intensitätsstufen Mit Links-/Rechtslauf der Massageköpfe Integriertes Bedienfeld 24 W,Nein,Dieses Angebot findest du vom 09.04. bis 15.04. in deiner Kaufland-Filiale.,2026-04-09,2026-04-15,../images/kaufland/kaufland_offer_374.jpg,cat_getraenke,,,ref_000362,,,,
YELLOW TAIL,Shiraz o Cabernet Sauvignon,"€ 4,49",,"1 l = 5,99","1 l = 5,99","Australien, z. B. Shiraz: Aroma von Beeren, Vanille und Eiche, passt zu Pasta und Steak",Nein,Dieses Angebot findest du vom 09.04. bis 15.04. in deiner Kaufland-Filiale.,2026-04-09,2026-04-15,../images/kaufland/kaufland_offer_285.jpg,cat_getraenke,,,ref_000363,obs_0000013406|obs_0000011136,obs_0000013406|obs_0000011136,,
COUNTRYSIDE,Sichtschutzmatte,"€ 14,99",,"pro Einheit = 5,00","pro Einheit = 5,00","Praktischer Sicht- und Windschutz In Bambusoptik Für Garten, Balkon oder Terrasse Zur Anbringung an Zäune, Geländer oder Pergolas Witterungs- und UV-beständig Langlebig und pflegeleicht Größe ca. 300 x 100 cm Inkl. Montagematerial",Nein,Dieses Angebot findest du vom 09.04. bis 15.04. in deiner Kaufland-Filiale.,2026-04-09,2026-04-15,../images/kaufland/kaufland_offer_413.jpg,cat_non_food,,,ref_000364,obs_0000024815,,,
K-CLASSIC,Sirup,"€ 1,59","€ 1,99","1 l = 2,28","1 l = 2,28",versch. Sorten,Nein,Dieses Angebot findest du vom 13.04. bis 15.04. in deiner Kaufland-Filiale.,2026-04-13,2026-04-15,../images/kaufland/kaufland_offer_605.jpg,"cat_getraenke,diet_gluten_free,diet_lactose_free,diet_vegan,diet_vegetarian,tag_ultra_processed",,,ref_000365,obs_0000013408|obs_0000016135|obs_0000010950|obs_0000009104|obs_0000027922|obs_0000014266|obs_0000024054|obs_0000024478|obs_0000034849|obs_0000022582|obs_0000010740|obs_0000006902|obs_0000006019|obs_0000010151|obs_0000032719|obs_0000014016,obs_0000010950|obs_0000009104|obs_0000013408|obs_0000027922|obs_0000016135|obs_0000014266,,
DREAMOLINO,Sitzkissen SoftSitter,"€ 17,99","€ 39,90","pro Einheit = 17,99","pro Einheit = 17,99","Aus TPE Mit Wabenstruktur für komfortables Sitzen Elastisch und formstabil Atmungsaktiv dank offener Waben Pflegeleicht Größe ca. B 42 x H 3,7 x T 37 cm",Nein,Dieses Angebot findest du vom 09.04. bis 15.04. in deiner Kaufland-Filiale.,2026-04-09,2026-04-15,../images/kaufland/kaufland_offer_467.jpg,"cat_non_food,tag_ultra_processed",,,ref_000366,obs_0000010877|obs_0000022669|obs_0000000019|obs_0000003736,obs_0000010877,,
MILCH-SCHNITTE,Snack,"€ 1,99",,"1 kg = 7,11","1 kg = 7,11","Schnitten mit Milchcreme, Original oder Pfirsich-Maracuja",Nein,Dieses Angebot findest du vom 09.04. bis 15.04. in deiner Kaufland-Filiale.,2026-04-09,2026-04-15,../images/kaufland/kaufland_offer_140.jpg,"cat_molkerei_kaese,diet_vegetarian,sub_schwein,tag_ultra_processed",,,ref_000367,obs_0000015693|obs_0000014824|obs_0000025802|obs_0000017698|obs_0000018804|obs_0000008197|obs_0000019979|obs_0000012306|obs_0000023575|obs_0000021028|obs_0000030259|obs_0000018996|obs_0000023607|obs_0000013893|obs_0000022092|obs_0000021583|obs_0000016980|obs_0000011363|obs_0000010362|obs_0000026755|obs_0000021646|obs_0000004751|obs_0000014487|obs_0000001186|obs_0000022180|obs_0000010937|obs_0000016585|obs_0000021709|obs_0000021205|obs_0000014558|obs_0000004324|obs_0000025328|obs_0000020209|obs_0000004850|obs_0000026865|obs_0000000263|obs_0000030477|obs_0000020764|obs_0000009006|obs_0000006455|obs_0000003897|obs_0000000326|obs_0000004423|obs_0000010056|obs_0000020827|obs_0000018282|obs_0000025971|obs_0000016259|obs_0000009605|obs_0000019850,obs_0000025802|obs_0000017698|obs_0000015693|obs_0000018804|obs_0000014824,,
VINSON,Sneakersocken,"€ 2,99",,"pro Einheit = 3,00","pro Einheit = 3,00",Aus Baumwolle und Polyester Größen 35/38 - 43/46,Nein,Dieses Angebot findest du vom 09.04. bis 15.04. in deiner Kaufland-Filiale.,2026-04-09,2026-04-15,../images/kaufland/kaufland_offer_430.jpg,cat_non_food,,,ref_000368,obs_0000015235|obs_0000013894|obs_0000013011|obs_0000012564|obs_0000013909|obs_0000026059|obs_0000014224|obs_0000022644|obs_0000014044|obs_0000026984,obs_0000015235|obs_0000013894|obs_0000013011|obs_0000012564,,
CUP NOODLES,Soba Wok Style,"€ 1,29","€ 1,79","1 kg = 14,03 - 14,83","1 kg = 14,03 - 14,83","Instant-Weizennudeln mit Gemüse, würziger Sauce und z. T. Fleisch, in 3 Minuten zubereitet, versch. Sorten",Nein,Dieses Angebot findest du vom 09.04. bis 15.04. in deiner Kaufland-Filiale.,2026-04-09,2026-04-15,../images/kaufland/kaufland_offer_206.jpg,"cat_grundnahrung,tag_ultra_processed",,,ref_000369,,,,
VINSON,Socken,"€ 4,99",,"pro Einheit = 3,00","pro Einheit = 3,00",Aus Baumwolle und Polyester Größen 35/38 - 43/46,Nein,Dieses Angebot findest du vom 09.04. bis 15.04. in deiner Kaufland-Filiale.,2026-04-09,2026-04-15,../images/kaufland/kaufland_offer_429.jpg,cat_non_food,,,ref_000370,obs_0000011300|obs_0000001624|obs_0000023153|obs_0000001173|obs_0000024304|obs_0000000756|obs_0000000758|obs_0000000765|obs_0000023885|obs_0000001375|obs_0000001405|obs_0000000967|obs_0000023044|obs_0000002058|obs_0000017451|obs_0000022642|obs_0000001174|obs_0000024258|obs_0000016081|obs_0000024283|obs_0000015615|obs_0000015624|obs_0000012561|obs_0000023836|obs_0000012590|obs_0000023861|obs_0000012599|obs_0000018780|obs_0000003499|obs_0000023493|obs_0000011723|obs_0000011742|obs_0000022041|obs_0000002598|obs_0000016449|obs_0000000593|obs_0000018523|obs_0000010858|obs_0000010866|obs_0000022652|obs_0000025733|obs_0000008358|obs_0000028350|obs_0000016581|obs_0000010467|obs_0000028476|obs_0000002882|obs_0000019870|obs_0000025525|obs_0000019910,obs_0000011300|obs_0000001624|obs_0000023153|obs_0000001173|obs_0000024304|obs_0000000756|obs_0000000758|obs_0000000765|obs_0000023885|obs_0000001375|obs_0000001405|obs_0000000967,,
MEDIASHOP,Solar-Multifunktionslicht Panta TrioSolar,"€ 17,99","€ 49,90","pro Einheit = 17,99","pro Einheit = 17,99","3 multidirektional einstellbare Lichtkegel Insgesamt 74 LEDs mit 600 lm Bewegungssensor mit bis zu 7,5 m Reichweite Abschaltautomatik Tageslichtsensor hilft Energie sparen Sicherheits- und Heimkehrmodus Solarmodul mit Li-Ion-Akku Keine Batterien, kein Stromanschluss nötig Ideal für alle Outdoor-Bereiche (wetterfest) Zur Wand- oder Bodenmontage (mit Erdspieß) Für Flächen bis zu 100 m²",Nein,Dieses Angebot findest du vom 09.04. bis 15.04. in deiner Kaufland-Filiale.,2026-04-09,2026-04-15,../images/kaufland/kaufland_offer_469.jpg,cat_non_food,,,ref_000371,,,,
WIESBAUER,Sonntagsaufschnitt,"€ 2,99",,"1 kg = 14,95","1 kg = 14,95",mit 4 Schinkenspezialitäten,Nein,Dieses Angebot findest du vom 09.04. bis 15.04. in deiner Kaufland-Filiale.,2026-04-09,2026-04-15,../images/kaufland/kaufland_offer_115.jpg,"cat_fleisch_wurst,sub_wurst,tag_ultra_processed",,,ref_000372,obs_0000015361|obs_0000011794|obs_0000010078,obs_0000015361|obs_0000011794|obs_0000010078,,
OLYMP,Sounds of Nature Box,"€ 14,99","€ 29,95","pro Einheit = 14,99","pro Einheit = 14,99","Wiedergabe von Naturklängen (ca. 1 Min) Auswahl: Vogelgesang, Bach, Bergwiese, Meer Lautstärke regulierbar Mit Bewegungssensor Mit 12 wechselbaren Acryl-Frontmotiven Inkl. Batterien",Nein,Dieses Angebot findest du vom 09.04. bis 15.04. in deiner Kaufland-Filiale.,2026-04-09,2026-04-15,../images/kaufland/kaufland_offer_337.jpg,"cat_grundnahrung,diet_lactose_free,diet_vegan,diet_vegetarian",,,ref_000373,,,,
Keine Marke,Souzouki-Stixs Gyros Style,"€ 2,22",,"1 kg = 7,40","1 kg = 7,40","aus fein zerkleinertem Putenfleisch, mariniert",Nein,Dieses Angebot findest du vom 09.04. bis 15.04. in deiner Kaufland-Filiale.,2026-04-09,2026-04-15,../images/kaufland/kaufland_offer_105.jpg,"cat_fleisch_wurst,diet_gluten_free,diet_lactose_free,diet_vegan,diet_vegetarian,tag_ultra_processed,tag_whole_food",,,ref_000374,obs_0000013896|obs_0000011848|obs_0000000648|obs_0000034972|obs_0000001454,obs_0000013896|obs_0000011848,,
Keine Marke,Span Erdbeeren,"€ 2,99","€ 4,99","1 kg = 7,48","1 kg = 7,48",Kl. I,Nein,Dieses Angebot findest du vom 09.04. bis 15.04. in deiner Kaufland-Filiale.,2026-04-09,2026-04-15,../images/kaufland/kaufland_offer_059.jpg,"cat_obst_gemuese,diet_gluten_free,diet_lactose_free,diet_vegan,diet_vegetarian,sub_exoten,sub_frisches_gemuese,sub_frisches_obst,tag_whole_food",,,ref_000375,obs_0000013901|obs_0000012233|obs_0000013414|obs_0000013418|obs_0000011389|obs_0000031261|obs_0000006265|obs_0000030915|obs_0000031462|obs_0000032512|obs_0000006408|obs_0000027419|obs_0000029494|obs_0000031576|obs_0000030564|obs_0000000875|obs_0000022919|obs_0000030617|obs_0000024529,obs_0000013901|obs_0000012233,,
Keine Marke,Span Orangen,"€ 2,49","€ 3,79","1 kg = 1,66","1 kg = 1,66","Sorte laut Auszeichnung, Kl. I",Nein,Dieses Angebot findest du vom 09.04. bis 15.04. in deiner Kaufland-Filiale.,2026-04-09,2026-04-15,../images/kaufland/kaufland_offer_064.jpg,"cat_obst_gemuese,diet_gluten_free,diet_lactose_free,diet_vegan,diet_vegetarian,sub_frisches_gemuese,sub_frisches_obst,tag_ultra_processed,tag_whole_food",,,ref_000376,obs_0000014877|obs_0000013417|obs_0000010976|obs_0000015711|obs_0000012742|obs_0000015310|obs_0000010521|obs_0000012208|obs_0000014361|obs_0000014880|obs_0000011816|obs_0000008755|obs_0000009787|obs_0000032323|obs_0000016457|obs_0000013904|obs_0000014419|obs_0000029277|obs_0000009316|obs_0000030827|obs_0000017005|obs_0000011383|obs_0000029823|obs_0000025768|obs_0000019119|obs_0000027858|obs_0000027355|obs_0000031473|obs_0000013048|obs_0000008977|obs_0000032059|obs_0000030565|obs_0000031118|obs_0000024463|obs_0000028048|obs_0000021906|obs_0000028056|obs_0000029592|obs_0000024992|obs_0000010164|obs_0000034743|obs_0000026554|obs_0000012745|obs_0000029131,obs_0000014877|obs_0000013417|obs_0000010976|obs_0000015711|obs_0000012742|obs_0000015310,,
Keine Marke,Span Zitronen,"€ 0,39","€ 0,79","pro Einheit = 0,39","pro Einheit = 0,39","Sorte laut Auszeichnung, Kl. I",Nein,Dieses Angebot findest du vom 09.04. bis 15.04. in deiner Kaufland-Filiale.,2026-04-09,2026-04-15,../images/kaufland/kaufland_offer_089.jpg,"cat_obst_gemuese,diet_gluten_free,diet_lactose_free,diet_vegan,diet_vegetarian,sub_frisches_gemuese,sub_frisches_obst,tag_whole_food",,,ref_000377,obs_0000012177|obs_0000014878|obs_0000011385|obs_0000015312|obs_0000014382|obs_0000013905|obs_0000031323|obs_0000028262|obs_0000008321|obs_0000021667|obs_0000010973|obs_0000027911|obs_0000031554|obs_0000034117|obs_0000027477|obs_0000020848|obs_0000024462|obs_0000028057|obs_0000026542|obs_0000030136|obs_0000025087,obs_0000012177,,
Keine Marke,Span niederl Gurke lose,"€ 0,55",,"pro Einheit = 0,55","pro Einheit = 0,55",Kl. I,Nein,Dieses Angebot findest du vom 09.04. bis 15.04. in deiner Kaufland-Filiale.,2026-04-09,2026-04-15,../images/kaufland/kaufland_offer_058.jpg,"cat_obst_gemuese,diet_gluten_free,diet_lactose_free,diet_vegan,diet_vegetarian,sub_frisches_gemuese,sub_frisches_obst,tag_whole_food",,,ref_000378,obs_0000014439|obs_0000013419|obs_0000012212|obs_0000012235|obs_0000002563|obs_0000026127|obs_0000003696|obs_0000034521|obs_0000027093|obs_0000001511,obs_0000014439|obs_0000013419|obs_0000012212,,
Keine Marke,Span niederl Paprika,"€ 1,79","€ 2,59","1 kg = 3,58","1 kg = 3,58","gemischt in den Farben Rot, Gelb und Grün, Kl. I",Nein,Dieses Angebot findest du vom 13.04. bis 15.04. in deiner Kaufland-Filiale.,2026-04-13,2026-04-15,../images/kaufland/kaufland_offer_583.jpg,"cat_obst_gemuese,diet_gluten_free,diet_lactose_free,diet_vegan,diet_vegetarian,sub_frisches_gemuese,sub_frisches_obst,tag_ultra_processed,tag_whole_food",,,ref_000379,obs_0000011384|obs_0000011395,,,
Paulaner,Spezi,"€ 10,99",,"1 l = 1,10","1 l = 1,10","Orangenlimonade mit Cola, koffeinhaltig, auch als Zero (+ 3.10 Pfand)",Nein,Dieses Angebot findest du vom 09.04. bis 15.04. in deiner Kaufland-Filiale.,2026-04-09,2026-04-15,../images/kaufland/kaufland_offer_264.jpg,"cat_getraenke,tag_ultra_processed",,,ref_000380,obs_0000027152|obs_0000010907|obs_0000022812|obs_0000033836|obs_0000012863|obs_0000026321|obs_0000013907|obs_0000000637|obs_0000027903|obs_0000010207|obs_0000034439|obs_0000012187|obs_0000015662|obs_0000006363|obs_0000031347|obs_0000005456|obs_0000030685|obs_0000014342|obs_0000005257|obs_0000007080|obs_0000005812|obs_0000032720,obs_0000027152|obs_0000010907|obs_0000022812|obs_0000033836|obs_0000012863|obs_0000005456|obs_0000026321|obs_0000013907|obs_0000000637|obs_0000027903,,x
SCHULTE,Sportler-Salami,"€ 1,19",,"pro Einheit = 100,00","pro Einheit = 100,00",fettreduziert,Nein,Dieses Angebot findest du vom 13.04. bis 15.04. in deiner Kaufland-Filiale.,2026-04-13,2026-04-15,../images/kaufland/kaufland_offer_578.jpg,"cat_fleisch_wurst,sub_wurst,tag_ultra_processed",,,ref_000381,obs_0000015369|obs_0000013910|obs_0000009837|obs_0000009378|obs_0000009024|obs_0000010610|obs_0000012788|obs_0000031937|obs_0000029869|obs_0000002611|obs_0000010316|obs_0000014932|obs_0000019030|obs_0000028273|obs_0000005781|obs_0000023205|obs_0000003239|obs_0000019666|obs_0000016602|obs_0000008425|obs_0000021226|obs_0000003307|obs_0000002285|obs_0000011010|obs_0000025355|obs_0000026898|obs_0000017184|obs_0000007987|obs_0000025934|obs_0000008039|obs_0000016755|obs_0000034176|obs_0000002957|obs_0000020407|obs_0000016328|obs_0000017375|obs_0000031198|obs_0000010234,obs_0000015369|obs_0000013910|obs_0000009837|obs_0000009378|obs_0000031937|obs_0000009024|obs_0000010610|obs_0000012788,,
Zenker,Springform,"€ 5,99","€ 9,99","pro Einheit = 5,99","pro Einheit = 5,99","Aus Stahlblech Mit Antihaftbeschichtung Backofenfest bis 230 °C Größe ca. Ø 26 x 6,5 cm",Nein,Dieses Angebot findest du vom 09.04. bis 15.04. in deiner Kaufland-Filiale.,2026-04-09,2026-04-15,../images/kaufland/kaufland_offer_383.jpg,"cat_non_food,tag_ultra_processed",,,ref_000382,obs_0000025516|obs_0000031045|obs_0000010260|obs_0000025116|obs_0000010374|obs_0000010475|obs_0000013423|obs_0000025490|obs_0000014743|obs_0000019668|obs_0000013911|obs_0000025697|obs_0000013424|obs_0000025244|obs_0000025291,obs_0000025516|obs_0000031045,,x
FINISH,Spülmaschinen-Caps,"€ 15,99",,"pro Einheit = 0,16","pro Einheit = 0,16","Powerball All in 1, versch. Sorten, = 100 - 121 Anwendungen",Nein,Dieses Angebot findest du vom 13.04. bis 15.04. in deiner Kaufland-Filiale.,2026-04-13,2026-04-15,../images/kaufland/kaufland_offer_614.jpg,cat_drogerie,,,ref_000383,obs_0000010767|obs_0000013425|obs_0000015515|obs_0000012012|obs_0000033109|obs_0000032999,obs_0000010767|obs_0000002593|obs_0000009508|obs_0000033611|obs_0000013425|obs_0000009969|obs_0000003317,,
LIV BO,Stabhandbrause-Set,"€ 7,99",,"pro Einheit = 7,99","pro Einheit = 7,99","Aus Kunststoff, Silikon und Edelstahl Flexible Antikalk-Softdüsen Wasserspareinsatz (bis zu 40 % Ersparnis) Mit Drehkonus (gegen Verdrehen) Standardanschluss (1/2 Zoll) Duschkopf Ø ca. 3,1 cm Brauseschlauch ca. 175 cm Inkl. 2 Dichtungen und Wandhalterung 3 Jahre Garantie",Nein,Dieses Angebot findest du vom 09.04. bis 15.04. in deiner Kaufland-Filiale.,2026-04-09,2026-04-15,../images/kaufland/kaufland_offer_396.jpg,cat_non_food,,,ref_000384,,,,
Bosch,Stabmixer MSM14100,"€ 19,99",,"pro Einheit = 19,99","pro Einheit = 19,99",1 Geschwindigkeitsstufe Abnehmbarer Mixfuß aus Kunststoff Mit 4-Klingen-Edelstahl-Messer Mit transparentem Mixbecher Mixfuß und - becher spülmaschinengeeignet 400 W,Nein,Dieses Angebot findest du vom 09.04. bis 15.04. in deiner Kaufland-Filiale.,2026-04-09,2026-04-15,../images/kaufland/kaufland_offer_343.jpg,cat_non_food,,,ref_000385,obs_0000023564|obs_0000025753,,,x
LIVARNO,Stapelsessel Houston,"€ 29,99",,"pro Einheit = 29,99","pro Einheit = 29,99","Ideal für Balkon, Garten oder Terrasse Pulverbeschichteter Aluminium-Leichtrahmen Mit komfortabler Textilbespannung Witterungs- und UV-beständig, strapazierfähig Sitzhöhe ca. 45 cm Mit bodenschonenden Schutzkappen Platzsparend stapelbar Einfach zu reinigen Belastbarkeit max. 120 kg Größe ca. B 62 x H 99 x T 63 cm 3 Jahre Garantie",Nein,Dieses Angebot findest du vom 09.04. bis 15.04. in deiner Kaufland-Filiale.,2026-04-09,2026-04-15,../images/kaufland/kaufland_offer_415.jpg,cat_non_food,,,ref_000386,,,,
FREDA,Steinofenpizza,"€ 4,99","€ 6,49","1 kg = 10,51 - 11,75","1 kg = 10,51 - 11,75",versch. Sorten,Nein,Dieses Angebot findest du vom 09.04. bis 15.04. in deiner Kaufland-Filiale.,2026-04-09,2026-04-15,../images/kaufland/kaufland_offer_169.jpg,"cat_tiefkuehl,sub_tk_pizza,tag_ultra_processed",,,ref_000387,obs_0000008064|obs_0000018848|obs_0000021159|obs_0000017577|obs_0000016325|obs_0000017368|obs_0000025448|obs_0000024681|obs_0000020340|obs_0000023012|obs_0000000627|obs_0000017928|obs_0000025509|obs_0000021035|obs_0000034098|obs_0000005946|obs_0000034874|obs_0000006848|obs_0000025073|obs_0000020216|obs_0000003588,obs_0000018848|obs_0000021159|obs_0000017577|obs_0000016325|obs_0000017368|obs_0000025448|obs_0000024681|obs_0000020340|obs_0000008064,,
K-CLASSIC,Stremellachs,"€ 2,59","€ 3,29","1 kg = 20,72","1 kg = 20,72",versch. Sorten,Nein,Dieses Angebot findest du vom 13.04. bis 15.04. in deiner Kaufland-Filiale.,2026-04-13,2026-04-15,../images/kaufland/kaufland_offer_581.jpg,"cat_fisch_meeresfruechte,diet_gluten_free,diet_lactose_free,diet_vegetarian,sub_milchprodukte,tag_high_protein,tag_ultra_processed",,,ref_000388,obs_0000008383|obs_0000004211|obs_0000000472|obs_0000004638|obs_0000005065|obs_0000031753|obs_0000003096|obs_0000023231|obs_0000029532,obs_0000004211|obs_0000008383|obs_0000000472|obs_0000004638|obs_0000005065|obs_0000031753|obs_0000003096,,
K-CLASSIC,Studentenfutter,"€ 1,79",,"1 kg = 8,95","1 kg = 8,95",Klassik oder Exotic,Nein,Dieses Angebot findest du vom 09.04. bis 15.04. in deiner Kaufland-Filiale.,2026-04-09,2026-04-15,../images/kaufland/kaufland_offer_224.jpg,"cat_grundnahrung,diet_gluten_free,diet_vegetarian,sub_milchprodukte,tag_ultra_processed",,BLS-H810000,ref_000389,obs_0000014822|obs_0000013434|obs_0000012180|obs_0000014830|obs_0000014137|obs_0000001331|obs_0000023282|obs_0000032018,obs_0000014822|obs_0000013434|obs_0000012180,,
ÜLTJE,Studentenfutter Original,"€ 2,49","€ 3,49","1 kg = 12,45","1 kg = 12,45",mit Rosinen,Nein,Dieses Angebot findest du vom 09.04. bis 15.04. in deiner Kaufland-Filiale.,2026-04-09,2026-04-15,../images/kaufland/kaufland_offer_251.jpg,"cat_knabbern_naschen,diet_gluten_free,diet_vegetarian,sub_milchprodukte,tag_high_protein,tag_proteinreich,tag_ultra_processed",,BLS-H810000,ref_000390,obs_0000028730|obs_0000020611|obs_0000012423|obs_0000006283|obs_0000026772|obs_0000026832|obs_0000028896|obs_0000035052|obs_0000027005|obs_0000027048|obs_0000014822|obs_0000021000|obs_0000008777|obs_0000021117|obs_0000008906|obs_0000015051|obs_0000021430|obs_0000025547|obs_0000033763|obs_0000017384|obs_0000013325|obs_0000019505|obs_0000031800|obs_0000025705|obs_0000009334|obs_0000013434|obs_0000015502|obs_0000027791|obs_0000033975|obs_0000021758|obs_0000009525|obs_0000021868|obs_0000017799|obs_0000026035|obs_0000022184|obs_0000020181|obs_0000034561|obs_0000009987|obs_0000028429|obs_0000034575|obs_0000016167|obs_0000020298|obs_0000028516|obs_0000010117|obs_0000012180|obs_0000014249|obs_0000028630,,,
STORCK,Super-Dickmann s,"€ 1,79",,"1 kg = 7,16","1 kg = 7,16",super große Schaumküsse mit knackiger Schokolade,Nein,Dieses Angebot findest du vom 09.04. bis 15.04. in deiner Kaufland-Filiale.,2026-04-09,2026-04-15,../images/kaufland/kaufland_offer_261.jpg,"cat_knabbern_naschen,tag_ultra_processed",,,ref_000391,obs_0000012403|obs_0000013436|obs_0000014329|obs_0000007695|obs_0000006044,obs_0000007695|obs_0000012403|obs_0000013436|obs_0000006044,,
Keine Marke,Südafrik Passionsfrucht,"€ 2,49","€ 2,99","pro Einheit = 3,00","pro Einheit = 3,00",Kl. I,Nein,Dieses Angebot findest du vom 09.04. bis 15.04. in deiner Kaufland-Filiale.,2026-04-09,2026-04-15,../images/kaufland/kaufland_offer_086.jpg,"cat_obst_gemuese,diet_gluten_free,diet_lactose_free,diet_vegan,diet_vegetarian,tag_ultra_processed,tag_whole_food",,,ref_000392,obs_0000013440|obs_0000011388|obs_0000008964|obs_0000030613|obs_0000013976|obs_0000027420|obs_0000003114|obs_0000033714|obs_0000028626|obs_0000028512,obs_0000013440,,
Keine Marke,Südafrik ind Tafeltrauben hell,"€ 1,79","€ 2,49","1 kg = 3,58","1 kg = 3,58","Sorte laut Auszeichnung, Kl. I",Nein,Dieses Angebot findest du vom 09.04. bis 15.04. in deiner Kaufland-Filiale.,2026-04-09,2026-04-15,../images/kaufland/kaufland_offer_062.jpg,"cat_obst_gemuese,diet_gluten_free,diet_lactose_free,diet_vegan,diet_vegetarian,sub_frisches_obst,tag_whole_food",,,ref_000393,obs_0000010552|obs_0000012251|obs_0000008710|obs_0000034841|obs_0000028721|obs_0000009785|obs_0000008765|obs_0000010312|obs_0000008792|obs_0000031873|obs_0000031386|obs_0000028835|obs_0000034475|obs_0000028335|obs_0000034487|obs_0000009915|obs_0000027350|obs_0000011994|obs_0000006377|obs_0000035038|obs_0000014088|obs_0000010541|obs_0000014654|obs_0000008527|obs_0000028550|obs_0000009624|obs_0000008658|obs_0000010211|obs_0000028667,,,
RÜGENWALDER MÜHLE,Teewurst,"€ 1,79","€ 2,39","pro Einheit = 100,00","pro Einheit = 100,00",fein oder grob,Nein,Dieses Angebot findest du vom 09.04. bis 15.04. in deiner Kaufland-Filiale.,2026-04-09,2026-04-15,../images/kaufland/kaufland_offer_129.jpg,"cat_fleisch_wurst,diet_vegan,sub_fleischersatz,sub_wurst,tag_ultra_processed",,,ref_000394,obs_0000009735|obs_0000010122|obs_0000034591|obs_0000014370|obs_0000012199|obs_0000009269|obs_0000006344|obs_0000013925|obs_0000001033|obs_0000012777|obs_0000010935|obs_0000007050|obs_0000005787|obs_0000028074|obs_0000030895|obs_0000006870|obs_0000029541|obs_0000007415|obs_0000032537|obs_0000032197,obs_0000009735|obs_0000001033|obs_0000010122|obs_0000007050|obs_0000005787|obs_0000034591|obs_0000014370|obs_0000012199|obs_0000009269|obs_0000006344|obs_0000006870|obs_0000013925|obs_0000012777|obs_0000007415,,
EASYMAXX,Teleskop-Insektenschutz,"€ 39,99",,"pro Einheit = 39,99","pro Einheit = 39,99","Passgenauer Insektenschutz in 3 Minuten Steckrahmen aus robustem, leichtem Aluminium Dehnbares Netz aus Nylon und Spandex Rahmen ausziehbar, Netz passt sich an Nur auffalten, ausziehen und einklemmen Kein Bohren, Schrauben, Zuschneiden etc. Klemmfixierung direkt innen am Fenster Für Fensteröffnungen ca. 70 - 80 x 115 - 135 cm",Nein,Dieses Angebot findest du vom 09.04. bis 15.04. in deiner Kaufland-Filiale.,2026-04-09,2026-04-15,../images/kaufland/kaufland_offer_366.jpg,cat_non_food,,,ref_000395,,,,
LUMINARC,Teller flach CADIX,"€ 5,99","€ 12,99","pro Einheit = 6,00","pro Einheit = 6,00",Aus Hartglas Mikrowellen- und spülmaschinengeeignet Größe je ca. Ø 25 cm,Nein,Dieses Angebot findest du vom 09.04. bis 15.04. in deiner Kaufland-Filiale.,2026-04-09,2026-04-15,../images/kaufland/kaufland_offer_393.jpg,cat_non_food,,,ref_000396,obs_0000012073|obs_0000012074|obs_0000012554,obs_0000012073,,
LUMINARC,Teller tief CADIX,"€ 5,99","€ 12,99","pro Einheit = 6,00","pro Einheit = 6,00",Aus Hartglas Mikrowellen- und spülmaschinengeeignet Größe je ca. Ø 23 cm,Nein,Dieses Angebot findest du vom 09.04. bis 15.04. in deiner Kaufland-Filiale.,2026-04-09,2026-04-15,../images/kaufland/kaufland_offer_392.jpg,"cat_non_food,tag_ultra_processed",,,ref_000397,obs_0000012074|obs_0000012073|obs_0000012554,obs_0000012074,,
RASG N,Tempranillo Rosado Syrah,"€ 2,99",,"1 l = 3,99","1 l = 3,99","Spanien, z. B. Tempranillo: würzig, rund, Aromen von Brombeere und Schwarzkirsche, passt zu würzigem Käse, mediterraner Küche",Nein,Dieses Angebot findest du vom 09.04. bis 15.04. in deiner Kaufland-Filiale.,2026-04-09,2026-04-15,../images/kaufland/kaufland_offer_286.jpg,cat_getraenke,,,ref_000398,obs_0000013449|obs_0000011582|obs_0000028789,obs_0000013449|obs_0000011582,,
JACK DANIEL S,Tennessee-Whiskey,"€ 14,99","€ 19,99","1 l = 21,42","1 l = 21,42","Original, mit kraftvollem, würzigem Geschmack, oder Whiskey-Likör Honey, 35 - 40 Vol. %",Nein,Dieses Angebot findest du vom 09.04. bis 15.04. in deiner Kaufland-Filiale.,2026-04-09,2026-04-15,../images/kaufland/kaufland_offer_281.jpg,"cat_getraenke,tag_ultra_processed",,,ref_000399,obs_0000028331|obs_0000001910|obs_0000017117|obs_0000016869|obs_0000027158|obs_0000022150|obs_0000018076|obs_0000028481|obs_0000001881|obs_0000002975|obs_0000014634|obs_0000032446|obs_0000029438|obs_0000032027|obs_0000007454|obs_0000007084|obs_0000028134,obs_0000028331|obs_0000032446|obs_0000017117|obs_0000029438|obs_0000032027|obs_0000007454|obs_0000001910|obs_0000016869,,
SIERRA,Tequila Blanco o Reposado,"€ 9,99","€ 16,99","1 l = 14,28","1 l = 14,28","mexikanische Tequila-Spirituose, 35 Vol. %",Nein,Dieses Angebot findest du vom 13.04. bis 15.04. in deiner Kaufland-Filiale.,2026-04-13,2026-04-15,../images/kaufland/kaufland_offer_005.jpg,cat_getraenke,,,ref_000400,obs_0000012421|obs_0000013450|obs_0000015058|obs_0000031728|obs_0000008660|obs_0000033501,obs_0000012421|obs_0000013450|obs_0000015058,,
emsa,Thermobecher Travel Mug,"€ 17,99","€ 34,99","pro Einheit = 17,99","pro Einheit = 17,99","Aus doppelwandigem Edelstahl Teilweise mit Silikon-Manschette Deckel mit Drucktastenverschluss Hält bis zu 6 h heiß und 12 h kalt Spülmaschinengeeignet Versch. Ausführungen Fassungsvermögen ca. 500 ml Größe ca. Ø 8,3 x 24 cm",Nein,Dieses Angebot findest du vom 09.04. bis 15.04. in deiner Kaufland-Filiale.,2026-04-09,2026-04-15,../images/kaufland/kaufland_offer_385.jpg,cat_non_food,,,ref_000401,obs_0000013000|obs_0000013451|obs_0000014737|obs_0000011229|obs_0000017764|obs_0000035118|obs_0000017444|obs_0000026694|obs_0000010450|obs_0000018135|obs_0000018672|obs_0000012072,obs_0000013000|obs_0000010450,,x
TRISTAR,Toaster BR1064 KL,"€ 9,99","€ 12,99","pro Einheit = 9,99","pro Einheit = 9,99",7 einstellbare Bräunungsstufen Automatische Pop-up-Funktion Mit Brötchenaufsatz Herausnehmbare Krümelschublade 750 W,Nein,Dieses Angebot findest du vom 09.04. bis 15.04. in deiner Kaufland-Filiale.,2026-04-09,2026-04-15,../images/kaufland/kaufland_offer_365.jpg,"cat_non_food,diet_vegetarian,tag_ultra_processed",,,ref_000402,obs_0000023565|obs_0000017566|obs_0000021535|obs_0000018855|obs_0000020716|obs_0000022382|obs_0000002036,,,
HAKLE,Toilettenpapier mit Dekor,"€ 4,99",,"pro Einheit = 150,00","pro Einheit = 150,00","»Jasmin« oder »Lovely Times«, 3-lagig",Nein,Dieses Angebot findest du vom 09.04. bis 15.04. in deiner Kaufland-Filiale.,2026-04-09,2026-04-15,../images/kaufland/kaufland_offer_312.jpg,cat_drogerie,,,ref_000403,obs_0000014665|obs_0000027323|obs_0000033855|obs_0000013454|obs_0000011770|obs_0000034674|obs_0000010282|obs_0000002116|obs_0000026693|obs_0000034994|obs_0000028891|obs_0000004318|obs_0000033004|obs_0000000261|obs_0000033135|obs_0000006587|obs_0000000527|obs_0000004745|obs_0000033514|obs_0000000748|obs_0000008992|obs_0000000809|obs_0000033636|obs_0000023741|obs_0000025816|obs_0000001341|obs_0000028024|obs_0000003599|obs_0000001568|obs_0000024163|obs_0000013932|obs_0000028373|obs_0000026332|obs_0000003891,,,
MILKANA,Tolle Rolle oder Schmelzkäse-Zubereitung,"€ 1,89",,"1 kg = 9,95 - 18,90","1 kg = 9,95 - 18,90","schnittfester Mozzarella oder versch. Sorten Schmelzkäse, 20 - 50 % Fett i. Tr.",Nein,Dieses Angebot findest du vom 13.04. bis 15.04. in deiner Kaufland-Filiale.,2026-04-13,2026-04-15,../images/kaufland/kaufland_offer_588.jpg,"cat_molkerei_kaese,diet_vegetarian,sub_kaese,sub_milchprodukte,tag_ultra_processed",,,ref_000404,obs_0000012325|obs_0000014818|obs_0000013933|obs_0000008730|obs_0000024197|obs_0000020360|obs_0000017697|obs_0000018737|obs_0000021179|obs_0000023777|obs_0000021759|obs_0000009126|obs_0000018242|obs_0000021976|obs_0000010223|obs_0000019058,obs_0000012325|obs_0000014818|obs_0000013933,,
K-CLASSIC,Tomatensaft,"€ 0,99","€ 1,29","pro Einheit = 1,00","pro Einheit = 1,00","aus Konzentrat, mit Meersalz und Pfeffer verfeinert",Nein,Dieses Angebot findest du vom 09.04. bis 15.04. in deiner Kaufland-Filiale.,2026-04-09,2026-04-15,../images/kaufland/kaufland_offer_275.jpg,"cat_getraenke,diet_gluten_free,diet_lactose_free,diet_vegan,diet_vegetarian,sub_frisches_gemuese,tag_ultra_processed,tag_whole_food",,,ref_000405,obs_0000008566|obs_0000034652,obs_0000008566|obs_0000034652,,
K-CLASSIC,Tortelloni,"€ 0,79","€ 0,99","1 kg = 3,16","1 kg = 3,16",versch. Sorten,Nein,Dieses Angebot findest du vom 09.04. bis 15.04. in deiner Kaufland-Filiale.,2026-04-09,2026-04-15,../images/kaufland/kaufland_offer_215.jpg,"cat_grundnahrung,diet_gluten_free,diet_lactose_free,diet_vegetarian,sub_nudeln,tag_ultra_processed",,,ref_000406,obs_0000010656|obs_0000008812|obs_0000008226|obs_0000004343|obs_0000000276|obs_0000012826|obs_0000004770|obs_0000011060|obs_0000003071|obs_0000003916|obs_0000009327|obs_0000009798|obs_0000011905|obs_0000000725|obs_0000034267|obs_0000018071|obs_0000028681|obs_0000018771|obs_0000000688|obs_0000017394|obs_0000028561|obs_0000014972|obs_0000005384,obs_0000008226|obs_0000004343|obs_0000000276|obs_0000010656|obs_0000012826|obs_0000008812|obs_0000004770|obs_0000011060|obs_0000003071|obs_0000009327|obs_0000009798|obs_0000011905|obs_0000003916,,
MISTER FREE D,Tortilla-Chips,"€ 1,49","€ 2,69","1 kg = 11,04","1 kg = 11,04","Cheezie, Blue Maize oder Avocado",Nein,Dieses Angebot findest du vom 09.04. bis 15.04. in deiner Kaufland-Filiale.,2026-04-09,2026-04-15,../images/kaufland/kaufland_offer_239.jpg,"cat_knabbern_naschen,tag_ultra_processed",,BLS-C546000,ref_000407,obs_0000026827|obs_0000015272|obs_0000018514|obs_0000011548|obs_0000033689|obs_0000022996|obs_0000007684|obs_0000014349|obs_0000002584|obs_0000035109|obs_0000003161|obs_0000023296|obs_0000014595|obs_0000011110|obs_0000033655|obs_0000034193|obs_0000031705|obs_0000021217|obs_0000024980|obs_0000020398,obs_0000008236|obs_0000002126|obs_0000010390|obs_0000026827|obs_0000015272,,
GIOVANNI RANA,Tradizionali oder Amore di Pesto,"€ 2,49","€ 3,79","1 kg = 15,16","1 kg = 15,16","Cappelletti, Tortelloni oder Ravioli, versch. Sorten",Nein,Dieses Angebot findest du vom 09.04. bis 15.04. in deiner Kaufland-Filiale.,2026-04-09,2026-04-15,../images/kaufland/kaufland_offer_172.jpg,"cat_grundnahrung,sub_nudeln,tag_ultra_processed",,,ref_000408,obs_0000013936|obs_0000006836|obs_0000005569|obs_0000025099|obs_0000001549|obs_0000020017|obs_0000003675|obs_0000000146|obs_0000018607|obs_0000016639|obs_0000023299|obs_0000011527|obs_0000019219|obs_0000011089|obs_0000014195|obs_0000015289|obs_0000019945|obs_0000015872,obs_0000013936|obs_0000006836|obs_0000005569,,
K-CLASSIC,Unsere Feinen Weizenbrötchen,"€ 0,79","€ 0,99","1 kg = 2,20","1 kg = 2,20",Weizen- oder Weizenmischbrötchen zum Fertigbacken,Nein,Dieses Angebot findest du vom 09.04. bis 15.04. in deiner Kaufland-Filiale.,2026-04-09,2026-04-15,../images/kaufland/kaufland_offer_200.jpg,"cat_grundnahrung,diet_gluten_free,diet_lactose_free,diet_vegetarian,tag_ultra_processed,tag_whole_food",,,ref_000409,obs_0000014552|obs_0000002587|obs_0000031710|obs_0000003165|obs_0000034943|obs_0000033748|obs_0000033956|obs_0000034146|obs_0000019915|obs_0000034350|obs_0000034558|obs_0000006062|obs_0000006063|obs_0000034771,obs_0000014552,,
ASBACH,Uralt,"€ 9,99","€ 13,99","1 l = 14,28","1 l = 14,28","Weinbrand, gereift in Limousin-Eichenfässern, 36 Vol. %",Nein,Dieses Angebot findest du vom 09.04. bis 15.04. in deiner Kaufland-Filiale.,2026-04-09,2026-04-15,../images/kaufland/kaufland_offer_280.jpg,cat_getraenke,,,ref_000410,obs_0000011978|obs_0000025953|obs_0000028747|obs_0000014259|obs_0000030062|obs_0000007651|obs_0000007257|obs_0000006014|obs_0000006560,obs_0000011978|obs_0000034645,,
CASAL GARCIA,Vinho Verde,"€ 3,99",,"1 l = 5,32","1 l = 5,32","Portugal, erfrischend, spritzig und fruchtig, ideal als Aperitif, passt zu Fisch, Meeresfrüchten und Salat",Nein,Dieses Angebot findest du vom 09.04. bis 15.04. in deiner Kaufland-Filiale.,2026-04-09,2026-04-15,../images/kaufland/kaufland_offer_287.jpg,cat_getraenke,,,ref_000411,obs_0000008320|obs_0000013472,obs_0000008320|obs_0000013472,,
THREE SIXTY,Vodka,"€ 9,49",,"1 l = 13,56","1 l = 13,56","vierfach destilliert, mild, elegant und weich im Geschmack, 37,5 Vol. %",Nein,Dieses Angebot findest du vom 09.04. bis 15.04. in deiner Kaufland-Filiale.,2026-04-09,2026-04-15,../images/kaufland/kaufland_offer_282.jpg,cat_getraenke,,BLS-P712000,ref_000412,obs_0000035049|obs_0000012431|obs_0000013474|obs_0000008713|obs_0000020363|obs_0000012175|obs_0000009883|obs_0000034845|obs_0000019368|obs_0000015665|obs_0000021182|obs_0000009791|obs_0000028354|obs_0000008904|obs_0000009420|obs_0000002903|obs_0000024028|obs_0000026846|obs_0000009320|obs_0000022378|obs_0000034034|obs_0000011132|obs_0000024448|obs_0000028940|obs_0000020001|obs_0000010156|obs_0000027351|obs_0000005634|obs_0000019334|obs_0000026134|obs_0000013345|obs_0000014636|obs_0000007087|obs_0000008370|obs_0000005814|obs_0000003389|obs_0000006212|obs_0000030027|obs_0000002273|obs_0000006369|obs_0000018913|obs_0000007909|obs_0000006897|obs_0000027000|obs_0000006009|obs_0000029435|obs_0000032135|obs_0000018832|obs_0000026002|obs_0000029083,obs_0000035049|obs_0000032135|obs_0000008713|obs_0000020363|obs_0000012175|obs_0000012431|obs_0000009883|obs_0000034845|obs_0000013474|obs_0000030759|obs_0000019368|obs_0000015665|obs_0000021182|obs_0000009791|obs_0000028354|obs_0000008904|obs_0000009420|obs_0000002903|obs_0000007256|obs_0000024028|obs_0000026846|obs_0000009320|obs_0000022378|obs_0000032746|obs_0000034034|obs_0000011132|obs_0000024448,,
PERSIL,Voll- oder Colorwaschmittel,"€ 9,99","€ 12,95","pro Einheit = 0,25","pro Einheit = 0,25","Pulver 2,475 kg, Gel 2,25 l oder Discs 660 g, = 40 - 50 Anwendungen",Nein,Dieses Angebot findest du vom 13.04. bis 15.04. in deiner Kaufland-Filiale.,2026-04-13,2026-04-15,../images/kaufland/kaufland_offer_609.jpg,cat_drogerie,,,ref_000413,obs_0000010760|obs_0000011156|obs_0000011597|obs_0000012002|obs_0000012453|obs_0000012874|obs_0000013475|obs_0000014661|obs_0000014866|obs_0000015297|obs_0000015700|obs_0000014662|obs_0000032919|obs_0000029574,obs_0000010760|obs_0000011156|obs_0000011597|obs_0000012002|obs_0000012453|obs_0000012874|obs_0000013475|obs_0000014661|obs_0000014662|obs_0000014866|obs_0000015297|obs_0000015700,,
Grundig,Volumen- und Lockenstyler HS 7082,"€ 19,99","€ 32,99","pro Einheit = 19,99","pro Einheit = 19,99",2 Temperatur- und Luftstromstufen Mit Keramikbeschichtung Ionen-Funktion bewahrt Feuchtigkeit des Haares 3 Stylingaufsätze 1.100 W,Nein,Dieses Angebot findest du vom 09.04. bis 15.04. in deiner Kaufland-Filiale.,2026-04-09,2026-04-15,../images/kaufland/kaufland_offer_361.jpg,cat_non_food,,,ref_000414,obs_0000012054,obs_0000012054,,x
Aus eigener Herstellung,Wacholderschinken,"€ 1,49","€ 1,99","pro Einheit = 100,00","pro Einheit = 100,00","Hinterschinken, mild geräuchert, würzig-herzhaft, mit feiner Wacholdernote",Nein,Dieses Angebot findest du vom 09.04. bis 15.04. in deiner Kaufland-Filiale.,2026-04-09,2026-04-15,../images/kaufland/kaufland_offer_127.jpg,"cat_fleisch_wurst,sub_schwein,sub_wurst,tag_ultra_processed",,,ref_000415,obs_0000010607|obs_0000027297|obs_0000006855,obs_0000027297|obs_0000010607,,
LEIFHEIT,Wandrollenhalter Parat ComfortLine,"€ 12,99","€ 24,99","pro Einheit = 12,99","pro Einheit = 12,99","Aus Kunststoff Spezialklingen für saubere Schnitte Für Küchenrolle, Alu- und Frischhaltefolie Größe ca. B 39 x H 27 x T 7 cm",Nein,Dieses Angebot findest du vom 09.04. bis 15.04. in deiner Kaufland-Filiale.,2026-04-09,2026-04-15,../images/kaufland/kaufland_offer_380.jpg,cat_non_food,,,ref_000416,obs_0000009918|obs_0000009454,obs_0000009918|obs_0000009454,,
LIV BO,Waschbecken-Unterschrank Corfu,"€ 19,99",,"pro Einheit = 19,99","pro Einheit = 19,99",Modernes Design mit Eiche-Artisan-Nachbildung Siphonausschnitt Passend für handelsübliche Waschbecken Pflegeleichte Melaminharzbeschichtung Griffe aus Metall Mit stabilen Standfüßen Größe ca. B 60 x H 55 x T 28 cm Max. Belastung (obere Ablagefläche) 9 kg Inkl. Montagematerial,Nein,Dieses Angebot findest du vom 09.04. bis 15.04. in deiner Kaufland-Filiale.,2026-04-09,2026-04-15,../images/kaufland/kaufland_offer_334.jpg,cat_non_food,,,ref_000417,obs_0000013945|obs_0000023450,obs_0000013945,,
CORAL,Waschmittel,"€ 4,49",,"pro Einheit = 0,18","pro Einheit = 0,18","flüssig, Farbschutz oder Duftedition = 26 Anwendungen",Nein,Dieses Angebot findest du vom 09.04. bis 15.04. in deiner Kaufland-Filiale.,2026-04-09,2026-04-15,../images/kaufland/kaufland_offer_309.jpg,cat_drogerie,,,ref_000418,obs_0000013946|obs_0000026568|obs_0000018449|obs_0000034866|obs_0000027703|obs_0000012875|obs_0000016462|obs_0000023646|obs_0000018542|obs_0000024174|obs_0000019568|obs_0000025217|obs_0000026760|obs_0000021665|obs_0000033445|obs_0000012454|obs_0000002728|obs_0000023748|obs_0000023244|obs_0000025812|obs_0000018152|obs_0000017654|obs_0000015109|obs_0000033069|obs_0000022331|obs_0000022340|obs_0000018794|obs_0000020846|obs_0000019827|obs_0000022410|obs_0000012181|obs_0000003486|obs_0000019384|obs_0000017352|obs_0000022520|obs_0000025598|obs_0000033426|obs_0000032992|obs_0000005662|obs_0000029731|obs_0000033858|obs_0000032848|obs_0000033361|obs_0000033370|obs_0000001139|obs_0000024698|obs_0000007291|obs_0000034457|obs_0000033446|obs_0000021736,obs_0000018449|obs_0000005662|obs_0000034866|obs_0000027703|obs_0000012875|obs_0000016462|obs_0000023646|obs_0000018542|obs_0000024174|obs_0000019568|obs_0000013946|obs_0000007291|obs_0000025217|obs_0000026760|obs_0000021665|obs_0000033445|obs_0000012454|obs_0000002728|obs_0000023748|obs_0000023244|obs_0000025812|obs_0000018152|obs_0000017654|obs_0000015109|obs_0000033069|obs_0000022331|obs_0000022340|obs_0000007498|obs_0000018794|obs_0000020846|obs_0000019827|obs_0000022410|obs_0000012181|obs_0000003486|obs_0000019384|obs_0000006586|obs_0000017352|obs_0000026568|obs_0000022520|obs_0000025598,,
DE LONGHI,Wasserfilter DLS C002,"€ 6,99","€ 9,99","pro Einheit = 6,99","pro Einheit = 6,99",Für De'Longhi Kaffeevollautomaten (z. B. ECAM) Kalkreduzierend Verbessert die Kaffeequalität Verbessert die Leistungsfähigkeit der Maschine Verlängert die Lebensdauer der Maschine,Nein,Dieses Angebot findest du vom 09.04. bis 15.04. in deiner Kaufland-Filiale.,2026-04-09,2026-04-15,../images/kaufland/kaufland_offer_355.jpg,"cat_getraenke,diet_gluten_free,diet_lactose_free,diet_vegan,diet_vegetarian",,,ref_000419,obs_0000015125|obs_0000010822,obs_0000015125|obs_0000010822,,
DOMESTOS,WC-Gel Kraft Frische,"€ 1,59","€ 1,95","1 l = 2,12","1 l = 2,12",versch. Sorten,Nein,Dieses Angebot findest du vom 09.04. bis 15.04. in deiner Kaufland-Filiale.,2026-04-09,2026-04-15,../images/kaufland/kaufland_offer_317.jpg,cat_drogerie,,,ref_000420,obs_0000011606|obs_0000014821|obs_0000009673|obs_0000009189|obs_0000033437,obs_0000011606|obs_0000009673|obs_0000009189|obs_0000014821,,
CASA SI,WC-Sitz,"€ 12,99","€ 24,99","pro Einheit = 12,99","pro Einheit = 12,99",Aus Duroplast Geräuschlose Absenkautomatik Mit Schnellverschluss (per Knopfdruck abnehmbar) Belastbarkeit max. 150 kg Für alle handelsüblichen WCs,Nein,Dieses Angebot findest du vom 09.04. bis 15.04. in deiner Kaufland-Filiale.,2026-04-09,2026-04-15,../images/kaufland/kaufland_offer_398.jpg,"cat_non_food,tag_ultra_processed",,,ref_000421,obs_0000013954|obs_0000025224|obs_0000017440|obs_0000025898|obs_0000016991|obs_0000021505|obs_0000023446|obs_0000025638|obs_0000020686,obs_0000013954|obs_0000025224|obs_0000017440|obs_0000025898|obs_0000016991,,
VERNEL,Weichspüler,"€ 2,29","€ 2,75","pro Einheit = 0,05","pro Einheit = 0,05","versch. Sorten, flüssig 1,012 - 1,1-l-Fl., = 46 - 50 Anwendungen",Nein,Dieses Angebot findest du vom 09.04. bis 15.04. in deiner Kaufland-Filiale.,2026-04-09,2026-04-15,../images/kaufland/kaufland_offer_310.jpg,cat_drogerie,,,ref_000422,obs_0000010761|obs_0000015508|obs_0000012876|obs_0000026740|obs_0000013955|obs_0000003597|obs_0000019865|obs_0000032921|obs_0000015261|obs_0000019489|obs_0000020774|obs_0000009383|obs_0000013480|obs_0000031910|obs_0000033198|obs_0000020279|obs_0000021945|obs_0000008124|obs_0000027580|obs_0000028356|obs_0000010952|obs_0000011598|obs_0000025167|obs_0000032849|obs_0000016852|obs_0000031701|obs_0000022870|obs_0000021593|obs_0000026203|obs_0000014305|obs_0000023651|obs_0000021098|obs_0000009843|obs_0000006387|obs_0000034675|obs_0000016125|obs_0000033664|obs_0000033155|obs_0000001434|obs_0000032146|obs_0000032282|obs_0000006941|obs_0000005663|obs_0000005297|obs_0000030775|obs_0000029375|obs_0000007113|obs_0000008789|obs_0000005858|obs_0000012004,obs_0000013955|obs_0000010761|obs_0000003597|obs_0000015508|obs_0000019865|obs_0000032921|obs_0000015261|obs_0000019489|obs_0000020774|obs_0000009383|obs_0000013480|obs_0000031910|obs_0000033198|obs_0000020279|obs_0000021945|obs_0000008124|obs_0000027580|obs_0000029375|obs_0000028356|obs_0000010952|obs_0000012876|obs_0000011598|obs_0000025167|obs_0000032849|obs_0000016852|obs_0000031701|obs_0000022870|obs_0000021593|obs_0000026203|obs_0000014305|obs_0000005858|obs_0000023651|obs_0000021098|obs_0000006762|obs_0000009843|obs_0000006387|obs_0000026740|obs_0000034675|obs_0000016125|obs_0000033664,,
KÄFER,Weinhaltiges Getränk,"€ 2,99","€ 3,79","1 l = 3,99","1 l = 3,99","aromatisiert, Hugo, Secco Wild Berry oder Limoncello Spritz",Nein,Dieses Angebot findest du vom 09.04. bis 15.04. in deiner Kaufland-Filiale.,2026-04-09,2026-04-15,../images/kaufland/kaufland_offer_297.jpg,"cat_getraenke,tag_ultra_processed",,,ref_000423,obs_0000005449|obs_0000006358,,,
K-CLASSIC,Wurst-Aufschnitt,"€ 0,99",,"1 kg = 4,95","1 kg = 4,95","versch. Sorten, ausgenommen Lyoner",Nein,Dieses Angebot findest du vom 09.04. bis 15.04. in deiner Kaufland-Filiale.,2026-04-09,2026-04-15,../images/kaufland/kaufland_offer_109.jpg,"cat_fleisch_wurst,sub_wurst,tag_ultra_processed",,,ref_000424,obs_0000014920|obs_0000013485|obs_0000015756|obs_0000027861|obs_0000026616,obs_0000014920|obs_0000013485|obs_0000027861|obs_0000015756|obs_0000026616,,
LENOR,Wäscheparfüm,"€ 5,99","€ 7,45","1 kg = 26,61","1 kg = 26,61",versch. Sorten,Nein,Dieses Angebot findest du vom 09.04. bis 15.04. in deiner Kaufland-Filiale.,2026-04-09,2026-04-15,../images/kaufland/kaufland_offer_311.jpg,cat_drogerie,,,ref_000425,obs_0000011157|obs_0000014872|obs_0000011803|obs_0000009628|obs_0000013488|obs_0000003535|obs_0000033365|obs_0000025441|obs_0000032879|obs_0000010098|obs_0000022906|obs_0000017659|obs_0000033496|obs_0000018186|obs_0000012455|obs_0000026032|obs_0000014663|obs_0000015947|obs_0000033615|obs_0000028651|obs_0000028534|obs_0000024886|obs_0000030076,obs_0000018186|obs_0000011157|obs_0000014872|obs_0000011803|obs_0000009628|obs_0000013488|obs_0000026032|obs_0000003535|obs_0000033615|obs_0000033365|obs_0000033496|obs_0000025441|obs_0000032879|obs_0000010098|obs_0000022906|obs_0000017659|obs_0000030076,,
COLGATE,Zahncreme,"€ 1,69","€ 2,45","1 l = 22,54","1 l = 22,54",versch. Sorten,Nein,Dieses Angebot findest du vom 09.04. bis 15.04. in deiner Kaufland-Filiale.,2026-04-09,2026-04-15,../images/kaufland/kaufland_offer_325.jpg,cat_drogerie,,BLS-V880300,ref_000426,obs_0000027360|obs_0000008315|obs_0000015114|obs_0000031914|obs_0000012467|obs_0000022872|obs_0000012899|obs_0000012024|obs_0000011171|obs_0000033487|obs_0000013280|obs_0000028333|obs_0000019008|obs_0000033389|obs_0000033540|obs_0000013968|obs_0000016784|obs_0000030353|obs_0000035062|obs_0000030077|obs_0000010272|obs_0000032817|obs_0000012470|obs_0000027515|obs_0000017476|obs_0000033482|obs_0000034251|obs_0000031053|obs_0000028624|obs_0000011771|obs_0000014678|obs_0000028510|obs_0000034656|obs_0000032872|obs_0000033139|obs_0000007299|obs_0000032773|obs_0000033033|obs_0000033041|obs_0000013850|obs_0000006945|obs_0000006052|obs_0000034857|obs_0000033844|obs_0000028222|obs_0000033220|obs_0000007111|obs_0000031055|obs_0000033016|obs_0000032867,obs_0000015114|obs_0000031914|obs_0000012467|obs_0000022872|obs_0000027360|obs_0000012899|obs_0000012024|obs_0000008315,,
Appel,Zarte Heringsfilets,"€ 1,11","€ 1,99","1 kg = 9,95 - 10,48","1 kg = 9,95 - 10,48",in versch. Saucen,Nein,Dieses Angebot findest du vom 09.04. bis 15.04. in deiner Kaufland-Filiale.,2026-04-09,2026-04-15,../images/kaufland/kaufland_offer_186.jpg,cat_grundnahrung,,,ref_000427,obs_0000013969|obs_0000012835|obs_0000011345|obs_0000008151|obs_0000014064|obs_0000034021|obs_0000015371|obs_0000008976|obs_0000002730|obs_0000032302|obs_0000011350|obs_0000027864|obs_0000034417|obs_0000006134,obs_0000013969|obs_0000012835|obs_0000011345|obs_0000008151|obs_0000014064,,x
Keine Marke,Zauberglöckchen,"€ 2,99",,"pro Einheit = 2,99","pro Einheit = 2,99",Topf Ø 12 cm,Nein,Dieses Angebot findest du vom 09.04. bis 15.04. in deiner Kaufland-Filiale.,2026-04-09,2026-04-15,../images/kaufland/kaufland_offer_082.jpg,"cat_obst_gemuese,diet_gluten_free,diet_lactose_free,diet_vegan,diet_vegetarian,sub_frisches_obst,tag_ultra_processed,tag_whole_food",,,ref_000428,,,,
KÄSEREBELLEN,Österr Schnittkäse oder Hartkäse,"€ 1,99",,"pro Einheit = 100,00","pro Einheit = 100,00","mit besonderen Rezepturen, versch. Sorten, 45 - 50 % Fett i. Tr.",Nein,Dieses Angebot findest du vom 09.04. bis 15.04. in deiner Kaufland-Filiale.,2026-04-09,2026-04-15,../images/kaufland/kaufland_offer_162.jpg,"cat_molkerei_kaese,sub_kaese,sub_milchprodukte,tag_ultra_processed",,,ref_000429,obs_0000013972|obs_0000008439|obs_0000008502|obs_0000008758|obs_0000025651|obs_0000010264|obs_0000020064|obs_0000020198|obs_0000028441|obs_0000028586|obs_0000028709|obs_0000028921|obs_0000020883|obs_0000021017|obs_0000013242|obs_0000013876|obs_0000022082|obs_0000014122|obs_0000031694|obs_0000008137|obs_0000008191,obs_0000013972,,
