Marke,Produkt,Preis,Vorheriger_Preis,Preis_kg,Hinweis,Nur_online,Gueltig_raw,Gueltig_von,Gueltig_bis,Bildpfad,assigned_labels,Einheit,nutrition_link,reference_row_id,rough_match_observation_ids,exact_match_observation_ids
GIUSEPPE CREMONINI,Aceto Balsamico di Modena,"€ 9,99","€ 13,99","1 l = 39,96","aus über 60 % gekochtem Traubenmost, 3 Monate im Barrique gereift, besonders cremig",Nein,Dieses Angebot findest du vom 26.03. bis 01.04. in deiner Kaufland-Filiale.,2026-03-26,2026-04-01,../images/kaufland/kaufland_offer_236.jpg,"cat_grundnahrung,diet_gluten_free,diet_vegan,diet_vegetarian",,,ref_000001,obs_0000034887|obs_0000001938|obs_0000000531|obs_0000003099|obs_0000004883|obs_0000000349|obs_0000004456|obs_0000004029|obs_0000032680|obs_0000027687,obs_0000034887|obs_0000001938
BERTOLLI,Aceto Balsamico Spray,"€ 2,99","€ 3,99","1 l = 14,95","in Holzfässern gereifter Balsamico-Essig, als Spray besonders gut dosierbar",Nein,Dieses Angebot findest du vom 26.03. bis 01.04. in deiner Kaufland-Filiale.,2026-03-26,2026-04-01,../images/kaufland/kaufland_offer_238.jpg,"cat_grundnahrung,diet_gluten_free,diet_lactose_free,diet_vegan,diet_vegetarian",,,ref_000002,obs_0000027687,
PARKSIDE,Akku-Gartenschere 4 V PAAS 4 A1,"€ 17,99","€ 19,99","pro Einheit = 17,99","Zum Beschnitt von Rosen, Sträuchern, Ästen Ergonomischer Griff mit Softgrip Werkzeuglos austauschbare Bypass-Klinge Schnittleistung Weich-/Hartholz max. 12/14 mm Mit integriertem Li-Ion-Akku (4 Ah) Bis zu 500 Schnitte pro Akkuladung Ohne USB-Ladegerät Inkl. Messerschutzhülle und USB-C-Ladekabel 3 Jahre Garantie",Nein,Dieses Angebot findest du vom 26.03. bis 01.04. in deiner Kaufland-Filiale.,2026-03-26,2026-04-01,../images/kaufland/kaufland_offer_510.jpg,cat_non_food,,,ref_000003,,
PARKSIDE,Akku-Hochentaster 20 V PAHE E6 ohne Akku,"€ 39,99",,"pro Einheit = 39,99","Anti-Rutsch-Griff mit Sicherheitsschalter Neigbarer Sägekopf Schwert mit vibrationsarmer Kette Werkzeuglose Ketten-Schnellspannung Automatisches Kettenölsystem Kettengeschwindigkeit max. 5 m/s Schnittlänge max. 20 cm Aluminium-Teleskoprohr mit Schnellverschluss Gesamtlänge ca. 212 - 270 cm Mit Zughaken zum Herabziehen festhängender Äste Ohne Akku und Ladegerät (separat erhältlich) Kompatibel mit Akkus der Serie »X 20 V Team« Inkl. Schutzbrille und verstellbarem Schultergur Inkl. Kettenschutz, Montagewerkzeug, Kettenöl 3 Jahre Garantie",Nein,Dieses Angebot findest du vom 26.03. bis 01.04. in deiner Kaufland-Filiale.,2026-03-26,2026-04-01,../images/kaufland/kaufland_offer_508.jpg,cat_non_food,,,ref_000004,obs_0000014256|obs_0000000184,
VARTA,Alkaline-Batterien AA Longlife Power,"€ 3,99","€ 9,99","pro Einheit = 3,99",,Nein,Dieses Angebot findest du vom 26.03. bis 01.04. in deiner Kaufland-Filiale.,2026-03-26,2026-04-01,../images/kaufland/kaufland_offer_431.jpg,"cat_non_food,diet_vegetarian,tag_ultra_processed",,,ref_000005,obs_0000016005|obs_0000033141|obs_0000015987|obs_0000009874|obs_0000008223|obs_0000009413|obs_0000018647|obs_0000021986|obs_0000025093|obs_0000018968|obs_0000024878|obs_0000027582|obs_0000026819|obs_0000002817|obs_0000002891|obs_0000001372|obs_0000003549|obs_0000003333|obs_0000002458|obs_0000019099|obs_0000002357|obs_0000002740|obs_0000000583|obs_0000023567|obs_0000017567|obs_0000018730|obs_0000034870,obs_0000016005|obs_0000015987
VARTA,Alkaline-Batterien AAA Longlife Power,"€ 3,99","€ 9,99","pro Einheit = 3,99",,Nein,Dieses Angebot findest du vom 26.03. bis 01.04. in deiner Kaufland-Filiale.,2026-03-26,2026-04-01,../images/kaufland/kaufland_offer_437.jpg,"cat_non_food,diet_vegetarian,tag_ultra_processed",,,ref_000006,obs_0000015987|obs_0000016005|obs_0000018647|obs_0000021986|obs_0000033141|obs_0000025093|obs_0000018968|obs_0000024878|obs_0000027582|obs_0000026819|obs_0000002817|obs_0000002891|obs_0000003549|obs_0000009062|obs_0000003333|obs_0000002458|obs_0000019099|obs_0000002740|obs_0000002357|obs_0000023567|obs_0000017567|obs_0000018730|obs_0000034870,obs_0000016005|obs_0000015987
GORBATSCHOW,Alkoholisches Mixgetränk,"€ 1,99",,"1 l = 6,03","mit Wodka, versch. Sorten, z. T. koffeinhaltig, 10 Vol. % (+ 0.25 Pfand)",Nein,Dieses Angebot findest du vom 26.03. bis 01.04. in deiner Kaufland-Filiale.,2026-03-26,2026-04-01,../images/kaufland/kaufland_offer_355.jpg,"cat_getraenke,tag_ultra_processed",,,ref_000007,obs_0000012426|obs_0000015062|obs_0000013501|obs_0000026012|obs_0000012425|obs_0000013228|obs_0000015063,obs_0000012426|obs_0000015062|obs_0000013501
HP,All-in-One-Drucker Deskjet 2810e,"€ 44,99","€ 69,00","pro Einheit = 44,99","Drucken, scannen, kopieren Drucken SW/Farbe bis zu 7/5 Seiten/min Scannen bis zu 1.200 dpi Papierzufuhr max. 60 Blatt Wifi, USB, Apple AIR Print, HP App Inkl. Druckpatronen Schwarz und Farbe",Nein,Dieses Angebot findest du vom 26.03. bis 01.04. in deiner Kaufland-Filiale.,2026-03-26,2026-04-01,../images/kaufland/kaufland_offer_447.jpg,cat_non_food,,,ref_000008,obs_0000009741|obs_0000009277|obs_0000031669,obs_0000009741|obs_0000009277
DER GENERAL,Allzweckreiniger,"€ 1,59","€ 1,95","1 l = 2,12","Bergfrühling, Frische Zitrone oder Aloe Vera",Nein,Dieses Angebot findest du vom 30.03. bis 01.04. in deiner Kaufland-Filiale.,2026-03-30,2026-04-01,../images/kaufland/kaufland_offer_617.jpg,cat_drogerie,,,ref_000009,obs_0000015111|obs_0000016106|obs_0000033204|obs_0000032923|obs_0000016580|obs_0000012460|obs_0000028653|obs_0000027822|obs_0000033486|obs_0000015511|obs_0000028536|obs_0000014188|obs_0000006947|obs_0000005664,obs_0000016580|obs_0000015111|obs_0000016106|obs_0000012460|obs_0000028653|obs_0000027822|obs_0000033486|obs_0000033204|obs_0000015511|obs_0000028536|obs_0000032923|obs_0000005664
BLOCK HOUSE,American Burger,"€ 6,99","€ 10,99","1 kg = 13,98",Special Size,Nein,Dieses Angebot findest du vom 26.03. bis 01.04. in deiner Kaufland-Filiale.,2026-03-26,2026-04-01,../images/kaufland/kaufland_offer_196.jpg,cat_tiefkuehl,,,ref_000010,obs_0000014514|obs_0000034806|obs_0000023609|obs_0000018055|obs_0000032633|obs_0000021978,obs_0000014514|obs_0000032633|obs_0000034806
K-GOLD EDITION,Antipasti,"€ 1,49","€ 1,99","1 kg = 9,94",versch. Sorten mit Frischkäsecreme gefüllte Paprika oder Peperoni oder getrocknete Tomaten,Nein,Dieses Angebot findest du vom 26.03. bis 01.04. in deiner Kaufland-Filiale.,2026-03-26,2026-04-01,../images/kaufland/kaufland_offer_211.jpg,"cat_grundnahrung,sub_frisches_gemuese,tag_ultra_processed",,BLS-X572212,ref_000011,obs_0000028103|obs_0000023208|obs_0000007945|obs_0000008008|obs_0000025005|obs_0000027889|obs_0000011506|obs_0000007946|obs_0000023214|obs_0000025834|obs_0000008596|obs_0000031514|obs_0000015834|obs_0000030651|obs_0000006188|obs_0000032508|obs_0000002173,obs_0000028103|obs_0000023208|obs_0000007945|obs_0000008008|obs_0000025005|obs_0000027889|obs_0000011506
LILLET,Aperitif-Drink,"€ 6,99","€ 8,99","1 l = 11,65","Berry, White Peach oder Grapfruit, 10,3 Vol. %",Nein,Dieses Angebot findest du vom 26.03. bis 01.04. in deiner Kaufland-Filiale.,2026-03-26,2026-04-01,../images/kaufland/kaufland_offer_354.jpg,"cat_getraenke,tag_ultra_processed",,,ref_000012,obs_0000014632|obs_0000031400|obs_0000026421|obs_0000011143,obs_0000014632
ODENWALD,Apfel-Fruchtmus,"€ 1,59","€ 2,39","1 kg = 4,48","versch. Sorten, z. B. mit Aprikose oder Mango",Nein,Dieses Angebot findest du vom 26.03. bis 01.04. in deiner Kaufland-Filiale.,2026-03-26,2026-04-01,../images/kaufland/kaufland_offer_218.jpg,"cat_grundnahrung,diet_gluten_free,diet_lactose_free,diet_vegan,diet_vegetarian,tag_ultra_processed",,,ref_000013,obs_0000010667,obs_0000010667|obs_0000005372
NEUHÖFER,Apfelsaft,"€ 1,19","€ 1,55","pro Einheit = 1,19",klar oder naturtrüb (+ 0.15 Pfand),Nein,Dieses Angebot findest du vom 26.03. bis 01.04. in deiner Kaufland-Filiale.,2026-03-26,2026-04-01,../images/kaufland/kaufland_offer_342.jpg,"cat_getraenke,diet_gluten_free,diet_lactose_free,diet_vegan,diet_vegetarian,sub_frisches_obst,tag_whole_food",,BLS-F110600,ref_000014,obs_0000031745|obs_0000027820|obs_0000031216|obs_0000009982|obs_0000012415|obs_0000003589|obs_0000008232|obs_0000027495|obs_0000029410|obs_0000034232|obs_0000016646|obs_0000013831|obs_0000010908,obs_0000031745|obs_0000027820|obs_0000031216|obs_0000009982|obs_0000012415
SWITZERLAND,Appenzeller kräftig-würzig,"€ 2,29","€ 2,99","pro Einheit = 2,29","schweiz. Schnittkäse aus Rohmilch, 4 - 5 Monate gereift, mit Kräutersulz behandelt, 48 % Fett i. Tr.",Nein,Dieses Angebot findest du vom 26.03. bis 01.04. in deiner Kaufland-Filiale.,2026-03-26,2026-04-01,../images/kaufland/kaufland_offer_181.jpg,"cat_molkerei_kaese,sub_kaese,sub_milchprodukte",,,ref_000015,obs_0000012811|obs_0000011051|obs_0000013070|obs_0000015395|obs_0000015815|obs_0000011483|obs_0000011897|obs_0000009221|obs_0000008102|obs_0000028620|obs_0000028506|obs_0000009701|obs_0000031242|obs_0000034288,obs_0000012811|obs_0000011051
KIDLAND,Babypuppe,"€ 5,99","€ 7,99","pro Einheit = 5,99","Zum Liebhaben, Kuscheln und Einschlafen Anschmiegsamer weicher Körper Strampler und abnehmbares Mützchen Höhe ca. 30 cm Für Kinder ab 1 Jahr 3 Jahre Garantie",Nein,Dieses Angebot findest du vom 26.03. bis 01.04. in deiner Kaufland-Filiale.,2026-03-26,2026-04-01,../images/kaufland/kaufland_offer_552.jpg,cat_non_food,,,ref_000016,,
ERICH BARTH,Bacchus Altmannsdorfer Sonnenwinkel,"€ 4,79","€ 5,99","pro Einheit = 4,79","Qualitätswein, Franken, leicht, fruchtig, blumig, ausgeprägtes Beerenaroma, passt zu Brotzeit, mildem Käse, Asia-Küche",Nein,Dieses Angebot findest du vom 26.03. bis 01.04. in deiner Kaufland-Filiale.,2026-03-26,2026-04-01,../images/kaufland/kaufland_offer_375.jpg,"cat_getraenke,diet_vegan,diet_vegetarian",,,ref_000017,obs_0000015495|obs_0000011987|obs_0000008993,obs_0000015495|obs_0000011987
GUTHAUS,Backerbsen,"€ 0,69","€ 0,89","1 kg = 3,45",die ideale Suppeneinlage,Nein,Dieses Angebot findest du vom 26.03. bis 01.04. in deiner Kaufland-Filiale.,2026-03-26,2026-04-01,../images/kaufland/kaufland_offer_278.jpg,"cat_grundnahrung,diet_lactose_free,diet_vegan,diet_vegetarian,tag_ultra_processed",,BLS-D011000,ref_000018,obs_0000015435|obs_0000015873|obs_0000034298,obs_0000015873|obs_0000034298|obs_0000015435
K-CLASSIC,Backofen-Snacks,"€ 1,69","€ 2,19","1 kg = 6,76",versch. Sorten,Nein,Dieses Angebot findest du vom 30.03. bis 01.04. in deiner Kaufland-Filiale.,2026-03-30,2026-04-01,../images/kaufland/kaufland_offer_642.jpg,"cat_knabbern_naschen,diet_lactose_free,diet_vegetarian,tag_ultra_processed",,,ref_000019,obs_0000014507|obs_0000012634|obs_0000008760,obs_0000014507|obs_0000012634|obs_0000008760
TANNENHOF,Backschinken,"€ 1,79",,"pro Einheit = 1,79",verfeinert mit Bärlauch oder Spargel,Nein,Dieses Angebot findest du vom 26.03. bis 01.04. in deiner Kaufland-Filiale.,2026-03-26,2026-04-01,../images/kaufland/kaufland_offer_132.jpg,"cat_fleisch_wurst,sub_schwein,sub_wurst,tag_ultra_processed",,BLS-W443000,ref_000020,obs_0000008963|obs_0000010606|obs_0000012785|obs_0000011836,obs_0000008963|obs_0000010606|obs_0000012785|obs_0000011836
TULIP,Bacon,"€ 1,59","€ 1,99","1 kg = 12,72",in Scheiben,Nein,Dieses Angebot findest du vom 26.03. bis 01.04. in deiner Kaufland-Filiale.,2026-03-26,2026-04-01,../images/kaufland/kaufland_offer_114.jpg,"cat_fleisch_wurst,sub_schwein,sub_wurst,tag_ultra_processed",,,ref_000021,obs_0000014146|obs_0000012775|obs_0000011008|obs_0000026814|obs_0000001018|obs_0000001019|obs_0000015764|obs_0000002453|obs_0000013086|obs_0000011438|obs_0000025264|obs_0000032047|obs_0000014386|obs_0000010432|obs_0000013513|obs_0000014922|obs_0000019406|obs_0000001491|obs_0000013651|obs_0000024661|obs_0000028908|obs_0000003186|obs_0000007859|obs_0000023768|obs_0000032484|obs_0000024192|obs_0000025976|obs_0000030978|obs_0000007431|obs_0000029467|obs_0000007234|obs_0000029939,obs_0000032047|obs_0000026814|obs_0000014146|obs_0000012775|obs_0000001018|obs_0000001019|obs_0000011008
WILSON,Basketball MVP,"€ 14,99","€ 19,99","pro Einheit = 14,99",Geeignet als Spiel- und Trainingsball Strukturierte Oberfläche für mehr Ballkontrolle Offizielle Spielballgröße 7 (ca. Ø 24 cm) Gewicht ca. 600 g,Nein,Dieses Angebot findest du vom 26.03. bis 01.04. in deiner Kaufland-Filiale.,2026-03-26,2026-04-01,../images/kaufland/kaufland_offer_547.jpg,cat_non_food,,,ref_000022,,
NEWCENTIAL,Basketballkorb,"€ 39,99","€ 49,99","pro Einheit = 39,99",Zur Verwendung im Außenbereich Schnell und einfach aufgebaut Standfuß mit Sand oder Wasser befüllbar Mit Rollen für einen einfachen Transport Höhenverstellbar von ca. 170 bis 210 cm Brett ca. 71 x 45 cm Ring ca. Ø 43 cm Größe ca. B 55 x H 210 x T 75 cm Für Kinder ab 6 Jahren 3 Jahre Garantie,Nein,Dieses Angebot findest du vom 26.03. bis 01.04. in deiner Kaufland-Filiale.,2026-03-26,2026-04-01,../images/kaufland/kaufland_offer_549.jpg,"cat_grundnahrung,diet_vegan,diet_vegetarian,tag_whole_food",,,ref_000023,,
MANGAROCA,Batida de C co,"€ 7,99","€ 9,99","1 l = 11,42","Likör mit Kokosnuss-Geschmack, 16 Vol. %",Nein,Dieses Angebot findest du vom 26.03. bis 01.04. in deiner Kaufland-Filiale.,2026-03-26,2026-04-01,../images/kaufland/kaufland_offer_351.jpg,"cat_getraenke,diet_vegan,diet_vegetarian",,,ref_000024,obs_0000016133,obs_0000030761|obs_0000016133
Keine Marke,Bauernbrötchen,"€ 0,39",,"pro Einheit = 0,39","mit knuspriger Kruste und saftiger Krume, mit Mehl aus dtsch. Anbau und Natursauerteig",Nein,Dieses Angebot findest du vom 26.03. bis 01.04. in deiner Kaufland-Filiale.,2026-03-26,2026-04-01,../images/kaufland/kaufland_offer_264.jpg,"cat_grundnahrung,diet_gluten_free,diet_lactose_free,diet_vegan,diet_vegetarian,tag_ultra_processed,tag_whole_food",,BLS-B531000,ref_000025,obs_0000011524|obs_0000014151|obs_0000010693|obs_0000012652|obs_0000008399|obs_0000014549,obs_0000011524|obs_0000014151
BERGADER,Bavaria blu oder Bonifaz,"€ 1,79","€ 2,69","pro Einheit = 1,79","Weichkäse mit Weiß- und Blauschimmel oder mit weißem Edelschimmelmantel, versch. Sorten, 70 % Fett i. Tr.",Nein,Dieses Angebot findest du vom 26.03. bis 01.04. in deiner Kaufland-Filiale.,2026-03-26,2026-04-01,../images/kaufland/kaufland_offer_184.jpg,"cat_molkerei_kaese,tag_ultra_processed",,,ref_000026,obs_0000014503|obs_0000012812|obs_0000015676|obs_0000031185|obs_0000029534|obs_0000014218|obs_0000005348|obs_0000006971|obs_0000030449,obs_0000014503|obs_0000012812|obs_0000005348|obs_0000015676
SCHAMEL,Bayer Meerrettich,"€ 1,49","€ 2,69","1 kg = 11,04",Alpensahne,Nein,Dieses Angebot findest du vom 26.03. bis 04.04. in deiner Kaufland-Filiale.,2026-03-26,2026-04-04,../images/kaufland/kaufland_offer_227.jpg,"cat_grundnahrung,diet_vegetarian",,BLS-X348360,ref_000027,obs_0000015845|obs_0000009351,obs_0000015845
K-CLASSIC,Bayr Leberkäse,"€ 2,79",,"1 kg = 6,98","ofengebacken, versch. Sorten",Nein,Dieses Angebot findest du vom 26.03. bis 01.04. in deiner Kaufland-Filiale.,2026-03-26,2026-04-01,../images/kaufland/kaufland_offer_105.jpg,"cat_fleisch_wurst,sub_kaese,sub_milchprodukte,sub_schwein,sub_wurst,tag_ultra_processed",,BLS-W256100,ref_000028,obs_0000011431|obs_0000027097|obs_0000008701|obs_0000027967|obs_0000026147,obs_0000011431
HEINZ,Beanz,"€ 1,99","€ 2,49","1 kg = 4,80","weiße, gebackene Bohnen in pikant gewürzter Tomatensoße, Original oder ohne Zuckerzusatz",Nein,Dieses Angebot findest du vom 26.03. bis 01.04. in deiner Kaufland-Filiale.,2026-03-26,2026-04-01,../images/kaufland/kaufland_offer_219.jpg,"cat_grundnahrung,diet_vegetarian,sub_huelsenfruechte,tag_ultra_processed",,,ref_000029,obs_0000010003|obs_0000014532|obs_0000009542|obs_0000024704|obs_0000032679|obs_0000031027,obs_0000010003|obs_0000032679|obs_0000031027|obs_0000014532|obs_0000009542
Keine Marke,Becherprimel,"€ 2,69",,"pro Einheit = 2,69","versch. Farben, Topf Ø 12 cm, ohne Übertopf",Nein,Dieses Angebot findest du vom 26.03. bis 01.04. in deiner Kaufland-Filiale.,2026-03-26,2026-04-01,../images/kaufland/kaufland_offer_083.jpg,"cat_obst_gemuese,diet_gluten_free,diet_lactose_free,diet_vegan,diet_vegetarian,tag_ultra_processed,tag_whole_food",,,ref_000030,,
MELITTA,BellaCrema,"€ 12,99","€ 19,99","pro Einheit = 12,99","Röstkaffee in ganzen Bohnen, La Crema oder Speciale",Nein,Dieses Angebot findest du vom 26.03. bis 01.04. in deiner Kaufland-Filiale.,2026-03-26,2026-04-01,../images/kaufland/kaufland_offer_299.jpg,"cat_knabbern_naschen,diet_gluten_free,diet_lactose_free,diet_vegan,diet_vegetarian",,,ref_000031,obs_0000012702|obs_0000010720|obs_0000017536|obs_0000018728|obs_0000026442|obs_0000009932|obs_0000025041|obs_0000024679|obs_0000018034|obs_0000027637,obs_0000006300|obs_0000012702|obs_0000025809|obs_0000010720|obs_0000017536
PARKSIDE,Benzin-Gartenkultivator PBGK 1400 E5,"€ 199,00",,"pro Einheit = 199,00","Zur kraftvollen, komfortablen Bodenlockerung Zum Substrat-Einarbeiten und Saat-Vorbereiten Mit 24 Fräsklingen aus gehärtetem Stahl Anpassbare Arbeitsbreite (ca. 36 oder 60 cm) Arbeitstiefe max. 26 cm Leistungsstarker 4-Takt-Benzinmotor (144,3 m3) Motornennleistung 2,5 kW (3,94 PS) Leerlaufdrehzahl 2.000 min-1 Wartungsfreie Zündung mit Seilzugstarter Benzintank ca. 0,8 l (Öltank ca. 0,5 l) Mit gummiertem Klappgriff Einfacher Transport durch ausklappbares Frontrad Inkl. 2 Messererweiterungen, Befestigungssplinte Inkl. 2 Maulschlüssel, 1 Zündkerzenschlüssel 3 Jahre Garantie",Nein,Dieses Angebot findest du vom 26.03. bis 01.04. in deiner Kaufland-Filiale.,2026-03-26,2026-04-01,../images/kaufland/kaufland_offer_511.jpg,cat_non_food,,,ref_000032,obs_0000013093,obs_0000013093
PARKSIDE,Benzin-Kettensäge PBKS 46 B2,"€ 79,99","€ 79,99","pro Einheit = 79,99","2-Takt-Benzinmotor mit 1,8 kW (2,4 PS) Motordrehzahl max. 11.000 min-1 Wartungsfreie Zündung mit Seilzugstarter Anti-Vibrationsausrüstung Rückschlagbremse »Anti-Kickback« Hochwertiges Schwert Schnittlänge ca. 36 cm Langlebige und schnittstarke Kette Kettenteilung 0,325 Zoll Kettengeschwindigkeit max. 22 m/s Automatisches Kettenölsystem Robuster Krallenanschlag Inkl. Schutzhülle, Kombi-Werkzeug, Mischflasche Inkl. Bio-Sägekettenöl 500 ml 3 Jahre Garantie",Nein,Dieses Angebot findest du vom 26.03. bis 01.04. in deiner Kaufland-Filiale.,2026-03-26,2026-04-01,../images/kaufland/kaufland_offer_513.jpg,cat_non_food,,,ref_000033,obs_0000023694|obs_0000024116,
PARKSIDE PERFORMANCE,Benzin-Rasenmäher 20 V PPBRM 46 B2,"€ 249,00",,"pro Einheit = 249,00","Ideal für Flächen bis 1.000 m2 Mit Elektro-Start und zuschaltbarem Heckantrieb Laufruhiger 4-Takt-Motor mit 144 cm3 Motorleistung 2,5 kW (3,4 PS) bei 3.600 min-1 Start auch per Seilzug möglich Extragroße Schnittbreite (ca. 46 cm) Schnitthöhe 7-fach einstellbar (ca. 25 - 75 mm) Fangbox ca. 60 l Gartenschlauchanschluss zur Mähwerk-Reinigung Klappfunktion mit Schnellverschlüssen Kompatibel mit Akkus der Serie »X 20 V Team« Inkl. Akku (2 Ah) und Ladegerät Inkl. Mulchkit, Seitenauswurf und Zubehör 5 Jahre Garantie",Nein,Dieses Angebot findest du vom 26.03. bis 01.04. in deiner Kaufland-Filiale.,2026-03-26,2026-04-01,../images/kaufland/kaufland_offer_505.jpg,cat_non_food,,,ref_000034,obs_0000023699|obs_0000024122,
Keine Marke,Bepflanzte Osterarrangements,"€ 5,99",,"pro Einheit = 5,99","versch. Ausführungen, Topf Ø 12 - 14 cm, ab 5,99€",Nein,Dieses Angebot findest du vom 30.03. bis 01.04. in deiner Kaufland-Filiale.,2026-03-30,2026-04-01,../images/kaufland/kaufland_offer_626.jpg,"cat_non_food,diet_gluten_free,diet_lactose_free,diet_vegan,diet_vegetarian,sub_frisches_obst,tag_whole_food",,,ref_000035,,
BERCHTESGADENER LAND,Bergbauern-Milch 3 5 Fett,"€ 1,11","€ 1,49","pro Einheit = 1,11","länger haltbar, 3,5 % Fett",Nein,Dieses Angebot findest du vom 26.03. bis 01.04. in deiner Kaufland-Filiale.,2026-03-26,2026-04-01,../images/kaufland/kaufland_offer_146.jpg,"cat_molkerei_kaese,diet_vegetarian,sub_milchprodukte",,,ref_000036,obs_0000028840|obs_0000031717|obs_0000033695|obs_0000014372|obs_0000001632|obs_0000010924|obs_0000033979|obs_0000003614|obs_0000026178|obs_0000000796,
SCHÄRDINGER,Bergfex oder Moosbacher,"€ 0,99",,"pro Einheit = 0,99","österr. Hart- oder Schnittkäse mit Rotkultur- oder Doppel-Reifung, 45 - 50 % Fett i. Tr.",Nein,Dieses Angebot findest du vom 26.03. bis 01.04. in deiner Kaufland-Filiale.,2026-03-26,2026-04-01,../images/kaufland/kaufland_offer_182.jpg,cat_molkerei_kaese,,,ref_000037,obs_0000014502|obs_0000011484|obs_0000014324,obs_0000014502|obs_0000011484
K-CLASSIC,Bierwurst,"€ 4,59","€ 5,19","pro Einheit = 4,59",Bierwurst Spitzenqualität,Nein,Dieses Angebot findest du vom 26.03. bis 01.04. in deiner Kaufland-Filiale.,2026-03-26,2026-04-01,../images/kaufland/kaufland_offer_104.jpg,"cat_fleisch_wurst,diet_vegetarian,sub_wurst,tag_ultra_processed",,BLS-W380400,ref_000038,obs_0000005790|obs_0000010897|obs_0000005421,obs_0000010597|obs_0000012655|obs_0000013053|obs_0000013762|obs_0000005790
K-CLASSIC,Bio-Anzucht- Kräuterdünger,"€ 1,49","€ 1,99","pro Einheit = 1,49",Organischer Dünger Vollnahrung für Anzucht- und Kräuterpflanzen Versorgung mit allen wichtigen Nährstoffen Für gesundes Wachstum und aromatische Kräuter Erhöht der Widerstandsfähigkeit gegen Krankheit,Nein,Dieses Angebot findest du vom 26.03. bis 01.04. in deiner Kaufland-Filiale.,2026-03-26,2026-04-01,../images/kaufland/kaufland_offer_502.jpg,"cat_obst_gemuese,diet_lactose_free,diet_vegetarian,sub_kaese,sub_milchprodukte,tag_ultra_processed",,,ref_000039,,
COUNTRYSIDE,Bio-Beerendünger,"€ 3,99",,"1 kg = 2,00",Für alle Beerensorten Mit natürlicher Langzeitwirkung Für schmackhafte und gesunde Früchte,Nein,Dieses Angebot findest du vom 26.03. bis 01.04. in deiner Kaufland-Filiale.,2026-03-26,2026-04-01,../images/kaufland/kaufland_offer_497.jpg,"cat_non_food,diet_lactose_free,diet_vegan,diet_vegetarian,tag_whole_food",,,ref_000040,,
K-BIO,Bio-Blütenhonig,"€ 2,99","€ 3,75","1 kg = 5,98","streichzart, cremig",Nein,Dieses Angebot findest du vom 26.03. bis 01.04. in deiner Kaufland-Filiale.,2026-03-26,2026-04-01,../images/kaufland/kaufland_offer_284.jpg,"cat_grundnahrung,diet_gluten_free,diet_lactose_free,diet_vegan,diet_vegetarian,tag_whole_food",,BLS-S121000,ref_000041,obs_0000014565|obs_0000034204|obs_0000018957|obs_0000020087|obs_0000020906|obs_0000021848|obs_0000019585|obs_0000017371|obs_0000013110|obs_0000015439|obs_0000024043,obs_0000034204|obs_0000018957|obs_0000020087|obs_0000020906|obs_0000021848|obs_0000014565
HIPP,Bio-Fruchtsnack,"€ 2,99","€ 3,65","1 kg = 7,48 - 8,31","im Quetschbeutel, versch. Sorten, dem 5. Monat oder ab 1 Jahr",Nein,Dieses Angebot findest du vom 26.03. bis 01.04. in deiner Kaufland-Filiale.,2026-03-26,2026-04-01,../images/kaufland/kaufland_offer_410.jpg,"cat_drogerie,diet_lactose_free,diet_vegan,diet_vegetarian,tag_ultra_processed",,,ref_000042,,obs_0000010771|obs_0000012462|obs_0000015516
K-BIO,Bio-Hafer-Cookies,"€ 1,89","€ 2,19","1 kg = 9,45",mit Vollmilch- oder Zartbitterschokolade,Nein,Dieses Angebot findest du vom 26.03. bis 01.04. in deiner Kaufland-Filiale.,2026-03-26,2026-04-01,../images/kaufland/kaufland_offer_327.jpg,"cat_knabbern_naschen,diet_gluten_free,diet_lactose_free,diet_vegan,diet_vegetarian,tag_whole_food",,,ref_000043,obs_0000011117|obs_0000017610|obs_0000020132|obs_0000020951|obs_0000021920|obs_0000029228|obs_0000029995|obs_0000030857|obs_0000024042|obs_0000029319|obs_0000030203|obs_0000009092|obs_0000001696|obs_0000025068|obs_0000002400|obs_0000020539|obs_0000021358,obs_0000017610|obs_0000002292|obs_0000011117|obs_0000003296|obs_0000020132|obs_0000020951|obs_0000021920
K-BIO,Bio-Hanföl nativ,"€ 3,19","€ 3,95","1 l = 12,76","kaltgepresst, reich an Omega-3-Fettsäuren",Nein,Dieses Angebot findest du vom 26.03. bis 01.04. in deiner Kaufland-Filiale.,2026-03-26,2026-04-01,../images/kaufland/kaufland_offer_249.jpg,"cat_grundnahrung,diet_gluten_free,diet_lactose_free,diet_vegan,diet_vegetarian,tag_whole_food",,,ref_000044,,
COUNTRYSIDE,Bio-Hochbeetdünger,"€ 3,99",,"1 kg = 2,00",Für alle Kräuter- und Gemüsesorten Verbessert Reife und Geschmack Mit natürlicher Langzeitwirkung,Nein,Dieses Angebot findest du vom 26.03. bis 01.04. in deiner Kaufland-Filiale.,2026-03-26,2026-04-01,../images/kaufland/kaufland_offer_500.jpg,"cat_non_food,diet_vegetarian",,,ref_000045,,
HUOBER,Bio-Knusperlaugengebäck,"€ 1,29",,"1 kg = 7,38 - 10,32",Schwäbische Knusperbrezel oder Prinzess-Brezel,Nein,Dieses Angebot findest du vom 26.03. bis 01.04. in deiner Kaufland-Filiale.,2026-03-26,2026-04-01,../images/kaufland/kaufland_offer_309.jpg,"cat_knabbern_naschen,diet_vegetarian,tag_ultra_processed",,,ref_000046,,
BORCHERS,Bio-Kokosöl,"€ 2,99","€ 4,49","1 l = 14,95","ideal zum Backen, Braten und für Wok-Gerichte",Nein,Dieses Angebot findest du vom 26.03. bis 01.04. in deiner Kaufland-Filiale.,2026-03-26,2026-04-01,../images/kaufland/kaufland_offer_246.jpg,"cat_grundnahrung,diet_gluten_free,diet_lactose_free,diet_vegan,diet_vegetarian",,,ref_000047,obs_0000000900,obs_0000000900
HIPP,Bio-Mahlzeit oder -Fruchtbrei,"€ 1,29",,"1 kg = 5,16 - 8,07","»Gute Nacht« 190 g oder Fruchtbrei, z. T. mit Getreide, 160 g oder 250 g, versch. Sorten, ab dem 5. - 8. Monat",Nein,Dieses Angebot findest du vom 26.03. bis 01.04. in deiner Kaufland-Filiale.,2026-03-26,2026-04-01,../images/kaufland/kaufland_offer_409.jpg,"cat_drogerie,diet_vegetarian,tag_ultra_processed",,,ref_000048,obs_0000012016|obs_0000008983|obs_0000010772|obs_0000012463,obs_0000012016
LATZIMAS,Bio-Olivenöl DOP extra nativ,"€ 4,99","€ 6,49","1 l = 9,98","extra nativ, aus Griechenland",Nein,Dieses Angebot findest du vom 26.03. bis 01.04. in deiner Kaufland-Filiale.,2026-03-26,2026-04-01,../images/kaufland/kaufland_offer_243.jpg,"cat_grundnahrung,diet_gluten_free,diet_lactose_free,diet_vegan,diet_vegetarian",,,ref_000049,obs_0000010685|obs_0000034888|obs_0000034420|obs_0000018950|obs_0000018480|obs_0000028952|obs_0000014541|obs_0000002069|obs_0000014367|obs_0000011361|obs_0000015501|obs_0000012446|obs_0000009909|obs_0000009444|obs_0000015088|obs_0000002836|obs_0000013624|obs_0000019269|obs_0000011593|obs_0000013180|obs_0000012176|obs_0000001438,obs_0000010685
K-BIO,Bio-Rahmspinat,"€ 1,69",,"1 kg = 3,76","mild gewürzt, mit Sahne verfeinert",Nein,Dieses Angebot findest du vom 26.03. bis 01.04. in deiner Kaufland-Filiale.,2026-03-26,2026-04-01,../images/kaufland/kaufland_offer_187.jpg,"cat_tiefkuehl,diet_gluten_free,diet_lactose_free,diet_vegan,diet_vegetarian,tag_high_protein,tag_whole_food",,BLS-G211100,ref_000050,obs_0000000229|obs_0000000707|obs_0000003850|obs_0000004277|obs_0000004704,
COUNTRYSIDE,Bio-Rasendünger,"€ 3,99",,"1 kg = 2,00","Organischer Spezialdünger Mit natürlicher Langzeitwirkung Für gesunden, strapazierfähigen Rasen Für mehr Widerstands- und Regenerationskraft",Nein,Dieses Angebot findest du vom 26.03. bis 01.04. in deiner Kaufland-Filiale.,2026-03-26,2026-04-01,../images/kaufland/kaufland_offer_494.jpg,"cat_non_food,diet_vegetarian",,,ref_000051,,
K-BIO,Bio-Roggen-Vollkornbrot,"€ 0,95",,"1 kg = 1,90","mit Natursauerteig gebacken, ballaststoffreich",Nein,Dieses Angebot findest du vom 26.03. bis 01.04. in deiner Kaufland-Filiale.,2026-03-26,2026-04-01,../images/kaufland/kaufland_offer_265.jpg,"cat_grundnahrung,diet_lactose_free,diet_vegan,diet_vegetarian,tag_whole_food",,,ref_000052,obs_0000001689|obs_0000027497|obs_0000009561|obs_0000033749,obs_0000000416|obs_0000000836|obs_0000009561|obs_0000001689|obs_0000027497|obs_0000004130|obs_0000004557|obs_0000004984
COUNTRYSIDE,Bio-Rosendünger,"€ 3,99",,"1 kg = 2,00","Für alle Rosensorten Für üppige, langanhaltende Blüten Mit natürlicher Langzeitwirkung",Nein,Dieses Angebot findest du vom 26.03. bis 01.04. in deiner Kaufland-Filiale.,2026-03-26,2026-04-01,../images/kaufland/kaufland_offer_495.jpg,cat_non_food,,,ref_000053,,
KÄSEREBELLEN,Bio-Schnittkäse,"€ 2,22","€ 3,29","pro Einheit = 2,22","Chili- oder Pfeffer-Rebell, mind. 50 % Fett i. Tr.",Nein,Dieses Angebot findest du vom 26.03. bis 01.04. in deiner Kaufland-Filiale.,2026-03-26,2026-04-01,../images/kaufland/kaufland_offer_180.jpg,"cat_molkerei_kaese,sub_kaese,sub_milchprodukte,sub_wurst,tag_ultra_processed",,,ref_000054,obs_0000034813|obs_0000014031|obs_0000033772|obs_0000008439|obs_0000008758|obs_0000025651|obs_0000010264|obs_0000020198|obs_0000028586|obs_0000028709|obs_0000028921|obs_0000021017|obs_0000013876|obs_0000014122|obs_0000008137|obs_0000008191,obs_0000034813|obs_0000014031|obs_0000008191
KIKIS KITCHEN,Bio-Schwarzkümmelöl,"€ 8,99",,"1 l = 89,90",ungefiltert,Nein,Dieses Angebot findest du vom 26.03. bis 01.04. in deiner Kaufland-Filiale.,2026-03-26,2026-04-01,../images/kaufland/kaufland_offer_253.jpg,"cat_grundnahrung,diet_lactose_free,diet_vegan,diet_vegetarian,tag_ultra_processed",,,ref_000055,,
COUNTRYSIDE,Bio-Tomaten- und Gemüsedünge,"€ 3,99",,"1 kg = 2,00",Mit natürlicher Langzeitwirkung Für schmackhafte und gesunde Früchte,Nein,Dieses Angebot findest du vom 26.03. bis 01.04. in deiner Kaufland-Filiale.,2026-03-26,2026-04-01,../images/kaufland/kaufland_offer_498.jpg,"cat_non_food,diet_gluten_free,diet_lactose_free,diet_vegan,diet_vegetarian,sub_frisches_gemuese,tag_whole_food",,,ref_000056,obs_0000034023|obs_0000026278|obs_0000026407|obs_0000019909,
K-CLASSIC,Bio-Tomaten- Gemüsedünger,"€ 1,49","€ 1,99","pro Einheit = 1,49",Organischer Dünger Vollnahrung für Tomaten- und Gemüsepflanzen Versorgung mit allen wichtigen Nährstoffen Für gesundes Wachstum und aromatisches Gemüse Erhöht der Widerstandsfähigkeit gegen Krankheit,Nein,Dieses Angebot findest du vom 26.03. bis 01.04. in deiner Kaufland-Filiale.,2026-03-26,2026-04-01,../images/kaufland/kaufland_offer_504.jpg,"cat_obst_gemuese,diet_gluten_free,diet_lactose_free,diet_vegan,diet_vegetarian,sub_frisches_gemuese,tag_ultra_processed,tag_whole_food",,,ref_000057,obs_0000001496|obs_0000001500|obs_0000010073|obs_0000027402|obs_0000029490|obs_0000031577|obs_0000032514|obs_0000034023|obs_0000026278|obs_0000026407|obs_0000019909,
COUNTRYSIDE,Bio-Universaldünger,"€ 3,99",,"1 kg = 2,00","Für alle Pflanzen-, Obst- und Gemüsesorten Für gesunde Pflanzen und schmackhafte Früchte Mit natürlicher Langzeitwirkung",Nein,Dieses Angebot findest du vom 26.03. bis 01.04. in deiner Kaufland-Filiale.,2026-03-26,2026-04-01,../images/kaufland/kaufland_offer_499.jpg,"cat_non_food,diet_vegetarian",,,ref_000058,,
BRÄNDLE Vita-Rapsöl oder,BIOVIT Bio-Sonnenblumenöl,"€ 2,49","€ 3,59","1 l = 3,32 - 4,98",vielfältig einsetzbar,Nein,Dieses Angebot findest du vom 26.03. bis 01.04. in deiner Kaufland-Filiale.,2026-03-26,2026-04-01,../images/kaufland/kaufland_offer_241.jpg,"cat_grundnahrung,diet_gluten_free,diet_lactose_free,diet_vegan,diet_vegetarian,tag_whole_food",,,ref_000059,obs_0000023230|obs_0000017349|obs_0000034685|obs_0000035016|obs_0000011748|obs_0000013411|obs_0000023664,
LOTUS,Biscoff Aufstrich,"€ 2,79","€ 3,69","1 kg = 6,98 - 7,35",Creamy oder Crunchy,Nein,Dieses Angebot findest du vom 26.03. bis 01.04. in deiner Kaufland-Filiale.,2026-03-26,2026-04-01,../images/kaufland/kaufland_offer_285.jpg,"cat_grundnahrung,diet_vegan,diet_vegetarian,tag_ultra_processed",,,ref_000060,obs_0000014381|obs_0000013532|obs_0000009746|obs_0000015253|obs_0000010681|obs_0000009283|obs_0000013508,
LOTUS,Biscoff Doppelkeks,"€ 1,59",,"1 kg = 10,60",versch. Sorten,Nein,Dieses Angebot findest du vom 26.03. bis 01.04. in deiner Kaufland-Filiale.,2026-03-26,2026-04-01,../images/kaufland/kaufland_offer_326.jpg,"cat_knabbern_naschen,diet_vegetarian,tag_ultra_processed",,,ref_000061,obs_0000014381|obs_0000013532|obs_0000008327|obs_0000009746|obs_0000009108|obs_0000010007|obs_0000013594|obs_0000009283|obs_0000009547|obs_0000027757,obs_0000009108|obs_0000010007|obs_0000009547
NUTELLA,Biscuits,"€ 2,79","€ 3,49","1 kg = 9,18","knusprige Kekse, mit Nuss-Nugat-Creme gefüllt",Nein,Dieses Angebot findest du vom 26.03. bis 01.04. in deiner Kaufland-Filiale.,2026-03-26,2026-04-01,../images/kaufland/kaufland_offer_325.jpg,"cat_knabbern_naschen,diet_vegetarian,tag_ultra_processed",,,ref_000062,obs_0000024073|obs_0000014622|obs_0000024493|obs_0000028301|obs_0000024719|obs_0000027533|obs_0000001187|obs_0000014128|obs_0000017850|obs_0000001529|obs_0000017831|obs_0000018729,obs_0000024073|obs_0000028301|obs_0000024719|obs_0000014622|obs_0000024493
CAMPARI,Bitter,"€ 10,99","€ 15,99","1 l = 15,70","ital. Aperitif mit angenehm bitterem Geschmack, 25 Vol. %",Nein,Dieses Angebot findest du vom 30.03. bis 01.04. in deiner Kaufland-Filiale.,2026-03-30,2026-04-01,../images/kaufland/kaufland_offer_661.jpg,"cat_knabbern_naschen,diet_vegetarian,tag_ultra_processed",,NUTR-0011,ref_000063,obs_0000013043|obs_0000011976|obs_0000008666|obs_0000031671|obs_0000000861|obs_0000015486|obs_0000032739|obs_0000031723|obs_0000007662|obs_0000006895|obs_0000031405|obs_0000029439|obs_0000001095|obs_0000001242|obs_0000007671,obs_0000013043
MONKEY SHOULDER,Blended Malt Scotch Whisky The Original,"€ 22,99","€ 29,99","1 l = 32,85","schottischer Whisky mit fruchtigen Orangen- und süßen Vanille- und Honignoten, würzige Anklänge von Eiche, perfekt zum Mixen, aber auch pur ein Genuss, 40 Vol. %",Nein,Dieses Angebot findest du vom 26.03. bis 01.04. in deiner Kaufland-Filiale.,2026-03-26,2026-04-01,../images/kaufland/kaufland_offer_360.jpg,"cat_getraenke,tag_ultra_processed",,,ref_000064,obs_0000022321|obs_0000017864|obs_0000015490|obs_0000015073|obs_0000014252|obs_0000010241|obs_0000015917|obs_0000015070|obs_0000013536|obs_0000022836|obs_0000012693|obs_0000019878|obs_0000001464|obs_0000024880|obs_0000022506,
BARON PHILIPPE DE ROTHSCHILD,Bordeaux AOC,"€ 4,99","€ 6,99","1 l = 6,66","Frankreich, z. B. Bordeaux Rouge: Kirsch- und Himbeer-Noten, weiche Tannine, passt zu Grillfleisch und Wildgerichten",Nein,Dieses Angebot findest du vom 26.03. bis 01.04. in deiner Kaufland-Filiale.,2026-03-26,2026-04-01,../images/kaufland/kaufland_offer_365.jpg,"cat_getraenke,tag_ultra_processed",,,ref_000065,obs_0000012432|obs_0000024452|obs_0000024026|obs_0000007866,obs_0000012432|obs_0000008278
Keine Marke,Brasil Mini-Wassermelone lose,"€ 2,99","€ 3,99","pro Einheit = 2,99",Kl. I,Nein,Dieses Angebot findest du vom 30.03. bis 01.04. in deiner Kaufland-Filiale.,2026-03-30,2026-04-01,../images/kaufland/kaufland_offer_625.jpg,"cat_obst_gemuese,diet_gluten_free,diet_lactose_free,diet_vegan,diet_vegetarian,sub_exoten,sub_frisches_gemuese,sub_frisches_obst,tag_whole_food",,,ref_000066,obs_0000006962|obs_0000012328|obs_0000006379|obs_0000031381|obs_0000010932|obs_0000017530|obs_0000026024|obs_0000018128|obs_0000016216,
HUBERTI,Brat-Olivenöl,"€ 4,99","€ 6,99","1 l = 9,98","vielseitig verwendbar, neutral im Geschmack, hocherhitzbar, in der Squeeze-Flasche",Nein,Dieses Angebot findest du vom 26.03. bis 01.04. in deiner Kaufland-Filiale.,2026-03-26,2026-04-01,../images/kaufland/kaufland_offer_242.jpg,"cat_grundnahrung,diet_gluten_free,diet_lactose_free,diet_vegan,diet_vegetarian",,BLS-Q120000,ref_000067,obs_0000002836|obs_0000001438|obs_0000009909|obs_0000011361|obs_0000009444,
BÖHNLEIN,Bratwurst,"€ 1,11","€ 1,49","pro Einheit = 1,11","grob oder fein, mit Majoran oder Frankengriller",Nein,Dieses Angebot findest du vom 26.03. bis 01.04. in deiner Kaufland-Filiale.,2026-03-26,2026-04-01,../images/kaufland/kaufland_offer_129.jpg,"cat_fleisch_wurst,diet_vegetarian,sub_frisches_gemuese,sub_wurst,tag_ultra_processed",,,ref_000068,obs_0000026247|obs_0000006539|obs_0000006701|obs_0000007634|obs_0000000643|obs_0000002948|obs_0000031237|obs_0000034927|obs_0000034931|obs_0000007439|obs_0000034326|obs_0000002715|obs_0000007068|obs_0000014245|obs_0000009254|obs_0000021161|obs_0000008620|obs_0000006195|obs_0000009659|obs_0000034127|obs_0000029908|obs_0000031320|obs_0000013672|obs_0000015339|obs_0000005614|obs_0000030575|obs_0000034548|obs_0000020342|obs_0000021756|obs_0000016533|obs_0000015773|obs_0000033720|obs_0000028609|obs_0000023367|obs_0000019662|obs_0000019942|obs_0000010602|obs_0000024944|obs_0000030880|obs_0000022569|obs_0000030970,obs_0000026247|obs_0000006539|obs_0000006701|obs_0000007634
KIDLAND,Brettschaukel,"€ 6,99",,"pro Einheit = 6,99",Profilierter Sitz mit strapazierfähigen Seilen Seillänge einstellbar ca. 130 - 218 cm Ummantelte Befestigungselemente mit Metallkern Belastbarkeit max. 100 kg Nur für den Hausgebrauch im Außenbereich Für Kinder ab 3 Jahren 3 Jahre Garantie,Nein,Dieses Angebot findest du vom 26.03. bis 01.04. in deiner Kaufland-Filiale.,2026-03-26,2026-04-01,../images/kaufland/kaufland_offer_464.jpg,cat_non_food,,,ref_000069,,
Keine Marke,Briochehase,"€ 0,89",,"pro Einheit = 0,89",ideal für einen feinen Sonntagsbrunch,Nein,Dieses Angebot findest du vom 26.03. bis 01.04. in deiner Kaufland-Filiale.,2026-03-26,2026-04-01,../images/kaufland/kaufland_offer_258.jpg,"cat_grundnahrung,diet_gluten_free,diet_lactose_free,diet_vegan,diet_vegetarian,sub_exoten,sub_frisches_gemuese,sub_frisches_obst,tag_ultra_processed,tag_whole_food",,,ref_000070,,
MARETTI,Bruschette,"€ 1,49","€ 1,99","1 kg = 9,94","ofengebackene Brotchips, versch. Sorten",Nein,Dieses Angebot findest du vom 26.03. bis 01.04. in deiner Kaufland-Filiale.,2026-03-26,2026-04-01,../images/kaufland/kaufland_offer_310.jpg,"cat_knabbern_naschen,diet_vegetarian",,,ref_000071,obs_0000028950|obs_0000007686,
KNACK BACK,Brötchen zum Selberbacken,"€ 1,69",,"1 kg = 4,23 - 7,05",Frischteig für versch. Sorten,Nein,Dieses Angebot findest du vom 26.03. bis 01.04. in deiner Kaufland-Filiale.,2026-03-26,2026-04-01,../images/kaufland/kaufland_offer_205.jpg,"cat_grundnahrung,diet_vegetarian,tag_ultra_processed",,,ref_000072,obs_0000015832|obs_0000011757,obs_0000015832|obs_0000011757
SWITCH ON,BT-Fahrrad-Lautsprecher,"€ 9,99",,"pro Einheit = 9,99",Kabellose Musikübertragung via Bluetooth® Reichweite ca. 10 m Musikwiedergabe bis zu 8 h Für gängige Fahrradlenker und -vorbauten Abnehmbare Fahrradhalterung Befestigungsclip für Rucksack-Gurt oder Gürtel Wasserdicht nach IPX7-Standard Größe ca. B 72 x H 102 x T 53 mm Inkl. USB-Ladekabel und Audiokabel,Nein,Dieses Angebot findest du vom 26.03. bis 01.04. in deiner Kaufland-Filiale.,2026-03-26,2026-04-01,../images/kaufland/kaufland_offer_429.jpg,cat_non_food,,,ref_000073,,
DENVER,BT-Lautsprecher BTV-130,"€ 9,99","€ 29,95","pro Einheit = 9,99","LED-Lichteffekte TWS-Funktion mit einem zweiten »BTV-130« Wiedergabezeit bis zu 8 h Leistung 5 W (RMS) Eingänge USB-A und microSD Größe ca. Ø 8,5 x 10 cm",Nein,Dieses Angebot findest du vom 26.03. bis 01.04. in deiner Kaufland-Filiale.,2026-03-26,2026-04-01,../images/kaufland/kaufland_offer_433.jpg,cat_non_food,,,ref_000074,,
VANELA,Bulgarischer Schafskäse,"€ 1,99","€ 2,99","1 kg = 9,95","Weichkäse aus Schafsmilch, mit Ziegenmilch verfeinert, 50 % Fett i. Tr.",Nein,Dieses Angebot findest du vom 26.03. bis 01.04. in deiner Kaufland-Filiale.,2026-03-26,2026-04-01,../images/kaufland/kaufland_offer_164.jpg,"cat_molkerei_kaese,sub_kaese,sub_milchprodukte",,,ref_000075,obs_0000008711,obs_0000008711
WEIHENSTEPHAN,Butter oder Die Streichzarte,"€ 1,29","€ 2,89","1 kg = 5,16","mildgesäuert, Die Streichzarte auch gesalzen",Nein,Dieses Angebot findest du vom 26.03. bis 01.04. in deiner Kaufland-Filiale.,2026-03-26,2026-04-01,../images/kaufland/kaufland_offer_154.jpg,"cat_molkerei_kaese,diet_gluten_free,diet_vegetarian,sub_butter_margarine,sub_milchprodukte",,,ref_000076,obs_0000006434|obs_0000014852|obs_0000016088|obs_0000012198|obs_0000006296|obs_0000029454|obs_0000005897|obs_0000007149|obs_0000007562|obs_0000032534|obs_0000009075|obs_0000001425|obs_0000018644|obs_0000027049|obs_0000002620|obs_0000019493|obs_0000003267|obs_0000021984|obs_0000022502|obs_0000031786|obs_0000024620|obs_0000000107|obs_0000008456|obs_0000008556|obs_0000000997|obs_0000017835|obs_0000026359|obs_0000018391|obs_0000010409|obs_0000034970|obs_0000018772|obs_0000002676|obs_0000011042|obs_0000027517|obs_0000011467|obs_0000003591|obs_0000003636|obs_0000012797|obs_0000013125,obs_0000012198|obs_0000029454|obs_0000005897|obs_0000006296|obs_0000006434|obs_0000014852|obs_0000007149|obs_0000007562|obs_0000016088|obs_0000032534
K-CLASSIC,Butterkeks,"€ 1,89",,"1 kg = 4,73","mit 13 % Butter, knusprig",Nein,Dieses Angebot findest du vom 26.03. bis 01.04. in deiner Kaufland-Filiale.,2026-03-26,2026-04-01,../images/kaufland/kaufland_offer_329.jpg,"cat_knabbern_naschen,diet_gluten_free,diet_vegetarian,sub_butter_margarine,sub_milchprodukte,tag_ultra_processed",,BLS-X820252,ref_000077,obs_0000004410|obs_0000000317|obs_0000031298|obs_0000025240|obs_0000004837|obs_0000003308|obs_0000003983|obs_0000008220|obs_0000007104|obs_0000005651,obs_0000004410|obs_0000000317|obs_0000031298|obs_0000025240|obs_0000004837|obs_0000003308|obs_0000003983
BUTARIS,Butterschmalz Original,"€ 2,99","€ 4,49","1 kg = 11,96","zum Braten, Backen, Kochen und Frittieren",Nein,Dieses Angebot findest du vom 26.03. bis 01.04. in deiner Kaufland-Filiale.,2026-03-26,2026-04-01,../images/kaufland/kaufland_offer_177.jpg,"cat_molkerei_kaese,diet_gluten_free,diet_vegetarian,sub_butter_margarine,sub_milchprodukte,tag_high_protein,tag_ultra_processed",,,ref_000078,obs_0000028730|obs_0000020611|obs_0000012423|obs_0000006283|obs_0000026772|obs_0000014499|obs_0000026832|obs_0000028896|obs_0000035052|obs_0000027005|obs_0000027048|obs_0000021000|obs_0000021011|obs_0000008777|obs_0000021117|obs_0000008906|obs_0000015051|obs_0000025398|obs_0000002883|obs_0000021430|obs_0000025547|obs_0000033763|obs_0000017384|obs_0000013325|obs_0000019505|obs_0000031800|obs_0000025705|obs_0000009334|obs_0000015502|obs_0000027791|obs_0000033975|obs_0000013544|obs_0000021758|obs_0000009525|obs_0000021868|obs_0000017799|obs_0000026035|obs_0000022184|obs_0000020181|obs_0000020192|obs_0000034561|obs_0000009987|obs_0000028429|obs_0000034575|obs_0000016167|obs_0000020298|obs_0000028516|obs_0000001914|obs_0000010117|obs_0000014249,
NEDERBURG,Cabernet Sauvignon oder Sauvignon Blanc,"€ 4,99","€ 5,99","1 l = 6,66","Südafrika, z. B. Cabernet Sauvignon: kraftvoll, ausgewogen, Duft nach Blaubeeren, Minze, passt zu Rind, Lamm, Gans und Ente",Nein,Dieses Angebot findest du vom 26.03. bis 01.04. in deiner Kaufland-Filiale.,2026-03-26,2026-04-01,../images/kaufland/kaufland_offer_367.jpg,"cat_getraenke,tag_ultra_processed",,,ref_000079,obs_0000033086|obs_0000017873|obs_0000019116|obs_0000022458|obs_0000023421|obs_0000034222|obs_0000017927|obs_0000026271|obs_0000027290,
KINDER,Cards,"€ 2,29",,"1 kg = 17,90","dünne Waffeln, gefüllt mit Milch- und Kakao-Creme",Nein,Dieses Angebot findest du vom 26.03. bis 01.04. in deiner Kaufland-Filiale.,2026-03-26,2026-04-01,../images/kaufland/kaufland_offer_324.jpg,"cat_knabbern_naschen,tag_ultra_processed",,,ref_000080,obs_0000011558|obs_0000023383|obs_0000006384|obs_0000010291|obs_0000008306|obs_0000001430|obs_0000028148|obs_0000033280|obs_0000005282,obs_0000011558|obs_0000023383|obs_0000028148
KELLOGG S,Cerealien,"€ 2,79","€ 4,49","1 kg = 5,58 - 6,98",versch. Sorten,Nein,Dieses Angebot findest du vom 26.03. bis 01.04. in deiner Kaufland-Filiale.,2026-03-26,2026-04-01,../images/kaufland/kaufland_offer_287.jpg,"cat_grundnahrung,tag_ultra_processed",,,ref_000081,obs_0000002573|obs_0000021907|obs_0000010261|obs_0000020261|obs_0000021080|obs_0000014569|obs_0000019709|obs_0000010904|obs_0000019645|obs_0000026092|obs_0000028013|obs_0000013550|obs_0000011537|obs_0000011799|obs_0000007193|obs_0000028844|obs_0000011951|obs_0000005564|obs_0000019006|obs_0000019427|obs_0000015441|obs_0000009503|obs_0000009964,obs_0000002573|obs_0000021907|obs_0000010261|obs_0000010904|obs_0000020261|obs_0000019645|obs_0000021080|obs_0000014569|obs_0000026092|obs_0000028013|obs_0000013550|obs_0000019709
MO T CHANDON,Champagner Brut Imp rial,"€ 34,99","€ 49,99","1 l = 46,66","eleganter und im Geschmack ausgeprägter Champagner bestehend aus Pinot Noir, Pinot Meunier und Chardonnay",Nein,Dieses Angebot findest du vom 26.03. bis 04.04. in deiner Kaufland-Filiale.,2026-03-26,2026-04-04,../images/kaufland/kaufland_offer_383.jpg,cat_getraenke,,,ref_000082,obs_0000022847|obs_0000018000|obs_0000016839|obs_0000017008|obs_0000032743|obs_0000019757|obs_0000015932|obs_0000017995,obs_0000018000|obs_0000032743
K-CLASSIC,Champignons,"€ 0,79","€ 0,99","pro Einheit = 4,65","1. Wahl, in Scheiben",Nein,Dieses Angebot findest du vom 30.03. bis 01.04. in deiner Kaufland-Filiale.,2026-03-30,2026-04-01,../images/kaufland/kaufland_offer_650.jpg,"cat_obst_gemuese,diet_gluten_free,diet_lactose_free,diet_vegan,diet_vegetarian,sub_frisches_gemuese,sub_pilze,tag_ultra_processed,tag_whole_food",,BLS-K701100,ref_000083,obs_0000014978|obs_0000026991|obs_0000027283|obs_0000031799|obs_0000027747|obs_0000001277|obs_0000014046|obs_0000028450|obs_0000008021|obs_0000002099|obs_0000030861|obs_0000028903|obs_0000006419|obs_0000031133|obs_0000029144|obs_0000008725|obs_0000027294|obs_0000000877|obs_0000031954|obs_0000034111|obs_0000032183|obs_0000027224|obs_0000029589|obs_0000033885|obs_0000011411|obs_0000005519|obs_0000007575|obs_0000034307|obs_0000034734|obs_0000006080|obs_0000027286|obs_0000027354|obs_0000005321|obs_0000007133|obs_0000005123|obs_0000005414,obs_0000026991|obs_0000014978|obs_0000027283|obs_0000031799|obs_0000027747|obs_0000001277|obs_0000014046|obs_0000028450|obs_0000008021
K-FAVOURITES,Cheddar,"€ 1,99","€ 2,39","1 kg = 11,38","9 Monate gereift, in Scheiben, 50 % Fett i. Tr.",Nein,Dieses Angebot findest du vom 26.03. bis 01.04. in deiner Kaufland-Filiale.,2026-03-26,2026-04-01,../images/kaufland/kaufland_offer_167.jpg,"cat_molkerei_kaese,tag_ultra_processed",,,ref_000084,obs_0000010460|obs_0000015389|obs_0000024233|obs_0000019626|obs_0000024569|obs_0000028382|obs_0000023809|obs_0000018212|obs_0000013135|obs_0000022379|obs_0000010630|obs_0000012197|obs_0000012806|obs_0000022106|obs_0000034571|obs_0000018233|obs_0000016330|obs_0000016335|obs_0000012808|obs_0000012841|obs_0000010422|obs_0000030450|obs_0000029449|obs_0000032543|obs_0000028451|obs_0000011049|obs_0000034271|obs_0000007340|obs_0000028410|obs_0000030492|obs_0000032601|obs_0000029536|obs_0000013324|obs_0000015678,obs_0000015389|obs_0000024233|obs_0000019626|obs_0000024569|obs_0000010460|obs_0000028382|obs_0000023809|obs_0000018212|obs_0000013135|obs_0000022379|obs_0000010630|obs_0000012197
CECCHI,Chianti Classico DOCG,"€ 7,99","€ 9,99","1 l = 10,66","Toskana, markant, fruchtig, feinherb, passt zu Grillfleisch, Braten, Geflügel",Nein,Dieses Angebot findest du vom 26.03. bis 01.04. in deiner Kaufland-Filiale.,2026-03-26,2026-04-01,../images/kaufland/kaufland_offer_368.jpg,"cat_getraenke,diet_gluten_free,diet_lactose_free,diet_vegetarian,tag_ultra_processed",,,ref_000085,obs_0000018177|obs_0000019085|obs_0000016674|obs_0000017060|obs_0000011544|obs_0000014020,
KINDER,Choco fresh oder Paradiso,"€ 1,49",,"1 kg = 12,85 - 14,54",Schokoladenriegel oder Kuchenschnitte mit Cremefüllung,Nein,Dieses Angebot findest du vom 26.03. bis 01.04. in deiner Kaufland-Filiale.,2026-03-26,2026-04-01,../images/kaufland/kaufland_offer_152.jpg,"cat_molkerei_kaese,tag_ultra_processed",,,ref_000086,obs_0000010618|obs_0000012309|obs_0000015381|obs_0000022982|obs_0000011118|obs_0000012408|obs_0000013552,obs_0000010618|obs_0000012309|obs_0000015381
MILKA,Choco oder Sensations,"€ 1,99","€ 2,99","1 kg = 7,66 - 13,27","Schokoladen-Kekse, versch. Sorten",Nein,Dieses Angebot findest du vom 26.03. bis 01.04. in deiner Kaufland-Filiale.,2026-03-26,2026-04-01,../images/kaufland/kaufland_offer_292.jpg,"cat_grundnahrung,tag_ultra_processed",,,ref_000087,obs_0000010717|obs_0000012636|obs_0000015280|obs_0000011118|obs_0000012408|obs_0000013552,obs_0000010717|obs_0000012636|obs_0000015280
Keine Marke,Chrysantheme,"€ 2,49",,"pro Einheit = 2,49","versch. Farben, Topf Ø 12 cm",Nein,Dieses Angebot findest du vom 26.03. bis 01.04. in deiner Kaufland-Filiale.,2026-03-26,2026-04-01,../images/kaufland/kaufland_offer_071.jpg,"cat_obst_gemuese,diet_gluten_free,diet_lactose_free,diet_vegan,diet_vegetarian,tag_whole_food",,,ref_000088,obs_0000027625|obs_0000027797|obs_0000003079|obs_0000012640,obs_0000027625|obs_0000027797|obs_0000003079
KIDLAND,Classic Cars,"€ 1,99","€ 4,99","pro Einheit = 1,99",Serie 4 Für Kinder ab 3 Jahren 3 Jahre Garantie,Nein,Dieses Angebot findest du vom 26.03. bis 01.04. in deiner Kaufland-Filiale.,2026-03-26,2026-04-01,../images/kaufland/kaufland_offer_462.jpg,"cat_molkerei_kaese,diet_vegetarian,sub_kaese,sub_milchprodukte,tag_ultra_processed",,,ref_000089,obs_0000025668|obs_0000028751|obs_0000001628|obs_0000001643|obs_0000020596|obs_0000015018|obs_0000026884|obs_0000011543|obs_0000024877|obs_0000035101|obs_0000034649|obs_0000021415|obs_0000031658,
NESCAF,Classic oder Classic Mild,"€ 5,99",,"1 kg = 29,95",löslicher Bohnenkaffee,Nein,Dieses Angebot findest du vom 26.03. bis 01.04. in deiner Kaufland-Filiale.,2026-03-26,2026-04-01,../images/kaufland/kaufland_offer_302.jpg,"cat_knabbern_naschen,diet_gluten_free,diet_lactose_free,diet_vegan,diet_vegetarian,sub_kaese,sub_milchprodukte,tag_ultra_processed",,,ref_000090,obs_0000024877|obs_0000006440|obs_0000025668|obs_0000001628|obs_0000001643|obs_0000034649|obs_0000026884|obs_0000035101|obs_0000011543|obs_0000028751|obs_0000020596|obs_0000021415|obs_0000015018|obs_0000031658,
ILLY,Classico,"€ 6,99","€ 8,99","1 kg = 27,96","100 % Arabica, Filterkaffee ganze Bohnen oder Espresso gemahlen",Nein,Dieses Angebot findest du vom 26.03. bis 01.04. in deiner Kaufland-Filiale.,2026-03-26,2026-04-01,../images/kaufland/kaufland_offer_301.jpg,"cat_knabbern_naschen,diet_gluten_free,diet_lactose_free,diet_vegan,diet_vegetarian,tag_ultra_processed",,,ref_000091,obs_0000011544|obs_0000014020|obs_0000018825|obs_0000001680|obs_0000033957|obs_0000018024|obs_0000017522|obs_0000018177|obs_0000008588|obs_0000019085|obs_0000016674|obs_0000017060|obs_0000016837|obs_0000028362|obs_0000023375|obs_0000031328|obs_0000017399|obs_0000028793|obs_0000021678|obs_0000020272|obs_0000016442|obs_0000008793|obs_0000021091|obs_0000017143|obs_0000023423|obs_0000032669|obs_0000035113,obs_0000011544|obs_0000014020
NORDBRAND,Cocktail,"€ 4,44","€ 5,49","1 l = 6,35","Piña Colada oder Sex on the Beach, 15 Vol. %",Nein,Dieses Angebot findest du vom 26.03. bis 01.04. in deiner Kaufland-Filiale.,2026-03-26,2026-04-01,../images/kaufland/kaufland_offer_357.jpg,cat_getraenke,,BLS-P9A8100,ref_000092,obs_0000012424|obs_0000026758|obs_0000008970|obs_0000010451|obs_0000028053|obs_0000014134|obs_0000005823|obs_0000014117|obs_0000005263,obs_0000012424
HENNESSY,Cognac Very Special,"€ 29,99","€ 35,99","1 l = 42,85","mild und komplex zugleich, mit intensiven Frucht- und Holznoten, 40 Vol. %",Nein,Dieses Angebot findest du vom 26.03. bis 01.04. in deiner Kaufland-Filiale.,2026-03-26,2026-04-01,../images/kaufland/kaufland_offer_359.jpg,cat_getraenke,,,ref_000093,obs_0000024457|obs_0000019798|obs_0000024033|obs_0000006716|obs_0000032468|obs_0000007667|obs_0000024459|obs_0000024038,
PERSIL,Color- oder Vollwaschmittel,"€ 15,99","€ 19,99","pro Einheit = 0,40","versch. Sorten, Pulver 3,96 kg, Discs 1 - 1,02 kg oder flüssig 3,6 l, = 40 - 80 Anwendungen",Nein,Dieses Angebot findest du vom 26.03. bis 01.04. in deiner Kaufland-Filiale.,2026-03-26,2026-04-01,../images/kaufland/kaufland_offer_400.jpg,cat_drogerie,,,ref_000094,obs_0000008571|obs_0000033183|obs_0000009441|obs_0000009612|obs_0000009907|obs_0000010063|obs_0000010174|obs_0000020084|obs_0000020903|obs_0000021837|obs_0000014310|obs_0000008150,
LAMBERTZ,Composition,"€ 3,49",,"1 kg = 6,98",Mischung aus 13 klassischen Gebäcksorten,Nein,Dieses Angebot findest du vom 26.03. bis 01.04. in deiner Kaufland-Filiale.,2026-03-26,2026-04-01,../images/kaufland/kaufland_offer_291.jpg,"cat_grundnahrung,tag_ultra_processed",,,ref_000095,obs_0000015017|obs_0000015882,obs_0000015017|obs_0000015882
BAHLSEN,Comtess Kuchen,"€ 3,00","€ 3,58","1 kg = 4,29",versch. Sorten,Nein,Dieses Angebot findest du vom 26.03. bis 01.04. in deiner Kaufland-Filiale.,2026-03-26,2026-04-01,../images/kaufland/kaufland_offer_270.jpg,"cat_grundnahrung,tag_ultra_processed",,,ref_000096,obs_0000015269|obs_0000027181|obs_0000034150|obs_0000001206|obs_0000032158|obs_0000032434|obs_0000006477,obs_0000032158|obs_0000015269|obs_0000027181|obs_0000032434|obs_0000006477|obs_0000034150
KIDLAND,Crazy Cars,"€ 1,99","€ 4,99","pro Einheit = 1,99",Serie 4 Für Kinder ab 3 Jahren 3 Jahre Garantie,Nein,Dieses Angebot findest du vom 26.03. bis 01.04. in deiner Kaufland-Filiale.,2026-03-26,2026-04-01,../images/kaufland/kaufland_offer_461.jpg,cat_knabbern_naschen,,,ref_000097,,
K-FAVOURITES,Crema,"€ 1,19","€ 1,49","1 l = 4,76",mit Aceto Balsamico di Modena IGP oder Crema Bianca,Nein,Dieses Angebot findest du vom 26.03. bis 01.04. in deiner Kaufland-Filiale.,2026-03-26,2026-04-01,../images/kaufland/kaufland_offer_235.jpg,"cat_grundnahrung,diet_vegetarian",,,ref_000098,obs_0000008359|obs_0000027651|obs_0000001541|obs_0000015884|obs_0000018469|obs_0000010292|obs_0000012377|obs_0000020062|obs_0000026207|obs_0000034907|obs_0000023176|obs_0000001683|obs_0000006300|obs_0000008868|obs_0000000201|obs_0000025809|obs_0000013565|obs_0000016127|obs_0000022293|obs_0000011545|obs_0000016732|obs_0000027999|obs_0000011106|obs_0000024943|obs_0000017267|obs_0000020881|obs_0000003483|obs_0000003527|obs_0000034278|obs_0000001542|obs_0000031760|obs_0000000043|obs_0000009265|obs_0000031315|obs_0000034880|obs_0000026722|obs_0000024679|obs_0000018034|obs_0000028793|obs_0000029310|obs_0000001681|obs_0000001682|obs_0000032405|obs_0000000151|obs_0000006811|obs_0000006818|obs_0000021685|obs_0000029365|obs_0000028362|obs_0000003788,obs_0000008359
K-BLUE BAY,Crevettes Roses,"€ 2,49","€ 3,49","1 kg = 9,96","gekochte Garnelen, mit Kopf und Schale, aufgetaut",Nein,Dieses Angebot findest du vom 26.03. bis 01.04. in deiner Kaufland-Filiale.,2026-03-26,2026-04-01,../images/kaufland/kaufland_offer_141.jpg,cat_fisch_meeresfruechte,,,ref_000099,obs_0000011021|obs_0000012303|obs_0000008355,obs_0000011021|obs_0000012303|obs_0000008355
SMASHED,Croissant-Toast,"€ 2,22","€ 2,99","1 kg = 5,85",mit typisch feinblättriger Struktur,Nein,Dieses Angebot findest du vom 26.03. bis 01.04. in deiner Kaufland-Filiale.,2026-03-26,2026-04-01,../images/kaufland/kaufland_offer_268.jpg,"cat_grundnahrung,diet_vegetarian,tag_ultra_processed",,BLS-D771600,ref_000100,obs_0000013453|obs_0000023195|obs_0000015428|obs_0000012646|obs_0000025842,
NATURE VALLEY,Crunchy,"€ 2,99","€ 3,99","1 kg = 7,12",Hafer & Honig oder Variety-Pack mit versch. Sorten,Nein,Dieses Angebot findest du vom 26.03. bis 01.04. in deiner Kaufland-Filiale.,2026-03-26,2026-04-01,../images/kaufland/kaufland_offer_295.jpg,"cat_knabbern_naschen,diet_vegetarian,tag_ultra_processed",,,ref_000101,obs_0000015445|obs_0000022878|obs_0000000658|obs_0000021908|obs_0000001560|obs_0000028953|obs_0000034205|obs_0000011942|obs_0000010280|obs_0000020265|obs_0000010414|obs_0000009011|obs_0000016335|obs_0000013143|obs_0000034011|obs_0000021084|obs_0000011115|obs_0000008905|obs_0000009099|obs_0000032653|obs_0000022300|obs_0000018095|obs_0000027960|obs_0000023611|obs_0000005566|obs_0000006651|obs_0000011429|obs_0000006237|obs_0000001635|obs_0000000612|obs_0000035088|obs_0000034500|obs_0000005099,obs_0000015445
NIKE,Damen-Sweathoodie,"€ 34,99","€ 59,99","pro Einheit = 34,99",Aus Baumwolle und Polyester Größen S - XL,Nein,Dieses Angebot findest du vom 26.03. bis 01.04. in deiner Kaufland-Filiale.,2026-03-26,2026-04-01,../images/kaufland/kaufland_offer_485.jpg,cat_non_food,,,ref_000102,obs_0000015207|obs_0000014413|obs_0000013015|obs_0000025624|obs_0000015614|obs_0000021952|obs_0000018425|obs_0000011718|obs_0000023574,obs_0000014413|obs_0000013015|obs_0000015207|obs_0000015213|obs_0000025624|obs_0000015614|obs_0000023874|obs_0000021952|obs_0000024296|obs_0000018425
NIKE,Damen-T-Shirt,"€ 14,99","€ 22,99","pro Einheit = 14,99",Aus Baumwolle Größen S - XL,Nein,Dieses Angebot findest du vom 26.03. bis 01.04. in deiner Kaufland-Filiale.,2026-03-26,2026-04-01,../images/kaufland/kaufland_offer_484.jpg,cat_non_food,,,ref_000103,obs_0000012562|obs_0000012701|obs_0000014800|obs_0000011267|obs_0000013580|obs_0000014166|obs_0000013977|obs_0000000755|obs_0000023324|obs_0000023466|obs_0000000968|obs_0000023573|obs_0000001225,obs_0000012562|obs_0000012701|obs_0000014800|obs_0000011267|obs_0000013580|obs_0000011719|obs_0000014166
HENGSTENBERG,Delikatess-Essig,"€ 2,49",,"1 l = 4,98",versch. Sorten,Nein,Dieses Angebot findest du vom 26.03. bis 01.04. in deiner Kaufland-Filiale.,2026-03-26,2026-04-01,../images/kaufland/kaufland_offer_239.jpg,"cat_grundnahrung,diet_vegetarian,tag_ultra_processed",,,ref_000104,obs_0000008263|obs_0000015851|obs_0000015850,obs_0000008263|obs_0000015851
NADLER,Delikatess-Fleischsalat,"€ 2,49","€ 2,99","1 kg = 6,23",mit Mayonnaise,Nein,Dieses Angebot findest du vom 26.03. bis 01.04. in deiner Kaufland-Filiale.,2026-03-26,2026-04-01,../images/kaufland/kaufland_offer_209.jpg,"cat_grundnahrung,diet_vegetarian,sub_frisches_gemuese,sub_salate,sub_wurst,tag_ultra_processed",,,ref_000105,obs_0000012833|obs_0000010368|obs_0000011064|obs_0000027307|obs_0000026567|obs_0000028813|obs_0000033969|obs_0000027847|obs_0000030455|obs_0000028926|obs_0000010665|obs_0000009137|obs_0000012215,obs_0000012833|obs_0000010368|obs_0000027307|obs_0000011064|obs_0000026567
NOTHWANG,Delikatess-Schinkenspeck,"€ 1,49",,"pro Einheit = 1,49","über Buchenholz geräucherter Rohschinken, von Hand gesalzen",Nein,Dieses Angebot findest du vom 30.03. bis 01.04. in deiner Kaufland-Filiale.,2026-03-30,2026-04-01,../images/kaufland/kaufland_offer_641.jpg,"cat_fleisch_wurst,sub_schwein,sub_wurst,tag_ultra_processed",,,ref_000106,obs_0000011017|obs_0000031719,obs_0000011017
THOMY,Delikatess-Senf,"€ 0,99","€ 1,19","1 l = 4,95",mittelscharf oder scharf,Nein,Dieses Angebot findest du vom 26.03. bis 01.04. in deiner Kaufland-Filiale.,2026-03-26,2026-04-01,../images/kaufland/kaufland_offer_229.jpg,"cat_grundnahrung,diet_vegetarian,tag_ultra_processed",,BLS-W214000,ref_000107,obs_0000009072|obs_0000015847|obs_0000034414|obs_0000014015|obs_0000030294|obs_0000032488|obs_0000031812,obs_0000030294|obs_0000032488|obs_0000009072|obs_0000015847
Keine Marke,Demeter dominik ecuador Bananen lose,"€ 1,79","€ 2,49","pro Einheit = 1,79",,Nein,Dieses Angebot findest du vom 26.03. bis 01.04. in deiner Kaufland-Filiale.,2026-03-26,2026-04-01,../images/kaufland/kaufland_offer_052.jpg,"cat_obst_gemuese,diet_gluten_free,diet_lactose_free,diet_vegan,diet_vegetarian,sub_exoten,sub_frisches_gemuese,sub_frisches_obst,tag_whole_food",,,ref_000108,obs_0000014883|obs_0000011819|obs_0000010969|obs_0000013167|obs_0000022914|obs_0000023689|obs_0000031875|obs_0000027051|obs_0000032060|obs_0000032185|obs_0000029136|obs_0000027736|obs_0000026329|obs_0000028769|obs_0000031472|obs_0000031729|obs_0000009078|obs_0000026492,obs_0000014883|obs_0000011819
ÖLMÜHLE OBERSCHWABEN,Demeter Leinöl oder Sonnenblumenöl,"€ 4,44","€ 5,99","1 l = 8,88 - 17,76",nativ,Nein,Dieses Angebot findest du vom 26.03. bis 01.04. in deiner Kaufland-Filiale.,2026-03-26,2026-04-01,../images/kaufland/kaufland_offer_250.jpg,"cat_grundnahrung,diet_gluten_free,diet_lactose_free,diet_vegan,diet_vegetarian,tag_whole_food",,,ref_000109,obs_0000035016|obs_0000017349|obs_0000013411|obs_0000023664|obs_0000011748|obs_0000034685,
NIVEA,Deo Roll-on,"€ 2,88",,"1 l = 57,60",versch. Sorten,Nein,Dieses Angebot findest du vom 26.03. bis 01.04. in deiner Kaufland-Filiale.,2026-03-26,2026-04-01,../images/kaufland/kaufland_offer_418.jpg,cat_drogerie,,,ref_000110,obs_0000031854|obs_0000010004|obs_0000009543|obs_0000034449|obs_0000012472|obs_0000033194|obs_0000006769|obs_0000029053|obs_0000031853|obs_0000012028|obs_0000014681|obs_0000010782|obs_0000007295|obs_0000032770|obs_0000029734,obs_0000031854|obs_0000006769|obs_0000034449|obs_0000012472|obs_0000010004|obs_0000009543|obs_0000029053
REXONA,Deo-Spray oder -Roll-On,"€ 2,49",,"1 l = 16,60 - 49,80",versch. Sorten,Nein,Dieses Angebot findest du vom 30.03. bis 01.04. in deiner Kaufland-Filiale.,2026-03-30,2026-04-01,../images/kaufland/kaufland_offer_045.jpg,cat_drogerie,,,ref_000111,obs_0000014681|obs_0000010782|obs_0000012028|obs_0000031854|obs_0000034449|obs_0000012472|obs_0000010004|obs_0000009543|obs_0000007295|obs_0000006769|obs_0000029053|obs_0000032801|obs_0000033847|obs_0000012900|obs_0000031921|obs_0000012471|obs_0000013582|obs_0000013151|obs_0000014190|obs_0000011176,obs_0000007295|obs_0000014681
BRANDT,Der Markenzwieback,"€ 1,69",,"1 kg = 5,00",gebacken mit Sonnenblumenöl,Nein,Dieses Angebot findest du vom 26.03. bis 01.04. in deiner Kaufland-Filiale.,2026-03-26,2026-04-01,../images/kaufland/kaufland_offer_266.jpg,"cat_grundnahrung,diet_gluten_free,diet_lactose_free,diet_vegan,diet_vegetarian,sub_frisches_gemuese,tag_ultra_processed,tag_whole_food",,,ref_000112,obs_0000015427|obs_0000010695,obs_0000015427|obs_0000031997|obs_0000030002|obs_0000010695
ESN,Designer Whey-Protein,"€ 11,99",,"1 kg = 39,97","Proteinpulver, versch. Sorten",Nein,Dieses Angebot findest du vom 26.03. bis 01.04. in deiner Kaufland-Filiale.,2026-03-26,2026-04-01,../images/kaufland/kaufland_offer_423.jpg,"cat_drogerie,diet_vegetarian,tag_high_protein,tag_proteinreich,tag_ultra_processed",,,ref_000113,obs_0000008716|obs_0000016103|obs_0000012487|obs_0000012488|obs_0000013585|obs_0000003133|obs_0000004675|obs_0000004248|obs_0000003821,obs_0000008716
K-PURLAND,Dicke Rippe Brustrippe vom Schwein,"€ 4,99","€ 5,79","pro Einheit = 4,99","vom Schwein, für fleischig-saftige Ribs vom Grill oder Smoker",Nein,Dieses Angebot findest du vom 26.03. bis 01.04. in deiner Kaufland-Filiale.,2026-03-26,2026-04-01,../images/kaufland/kaufland_offer_088.jpg,"cat_fleisch_wurst,sub_rind,sub_schwein,tag_high_protein,tag_proteinreich",,,ref_000114,obs_0000010580|obs_0000012752|obs_0000014908|obs_0000010344|obs_0000009210,obs_0000010580|obs_0000012752|obs_0000014908
KIRI,Dippi,"€ 2,99","€ 3,99","1 kg = 17,09","Grissini mit Schmelzkäsezubereitung, Doppelrahmstufe, 5 Portionen",Nein,Dieses Angebot findest du vom 26.03. bis 01.04. in deiner Kaufland-Filiale.,2026-03-26,2026-04-01,../images/kaufland/kaufland_offer_166.jpg,cat_molkerei_kaese,,,ref_000115,obs_0000008065|obs_0000012803|obs_0000018916|obs_0000021607|obs_0000011473|obs_0000011026|obs_0000020788|obs_0000013592|obs_0000022330|obs_0000029535,obs_0000008065|obs_0000012803|obs_0000018916|obs_0000021607|obs_0000011473|obs_0000011026|obs_0000020788|obs_0000013592|obs_0000022330|obs_0000029535
TENA,Discreet,"€ 2,99","€ 3,75","pro Einheit = 2,99","Hygieneeinlagen, versch. Sorten",Nein,Dieses Angebot findest du vom 30.03. bis 01.04. in deiner Kaufland-Filiale.,2026-03-30,2026-04-01,../images/kaufland/kaufland_offer_629.jpg,cat_drogerie,,,ref_000116,obs_0000012705|obs_0000011382|obs_0000022336|obs_0000033857|obs_0000020421|obs_0000033495|obs_0000021240|obs_0000008446|obs_0000033282|obs_0000009686|obs_0000009207|obs_0000030723|obs_0000032145|obs_0000032280|obs_0000034867|obs_0000028652|obs_0000000495|obs_0000007924|obs_0000028535|obs_0000032144|obs_0000032281|obs_0000030780|obs_0000006242|obs_0000005483|obs_0000030060|obs_0000032767|obs_0000000639,obs_0000012705|obs_0000011382
NESCAF,Dolce Gusto Kapseln,"€ 3,79",,"1 kg = 14,81 - 43,07",versch. Sorten,Nein,Dieses Angebot findest du vom 26.03. bis 01.04. in deiner Kaufland-Filiale.,2026-03-26,2026-04-01,../images/kaufland/kaufland_offer_303.jpg,"cat_knabbern_naschen,diet_gluten_free,diet_lactose_free,diet_vegan,diet_vegetarian,tag_ultra_processed",,,ref_000117,obs_0000019502|obs_0000005557|obs_0000006639|obs_0000022967|obs_0000027159,obs_0000005557|obs_0000006639
Antipasti-Creme,Doppelrahmstufe,"€ 0,99",,"pro Einheit = 0,99","Frischkäsecreme, Doppelrahmstufe, versch. Sorten",Nein,Dieses Angebot findest du vom 26.03. bis 01.04. in deiner Kaufland-Filiale.,2026-03-26,2026-04-01,../images/kaufland/kaufland_offer_255.jpg,"cat_grundnahrung,sub_frisches_gemuese",,,ref_000118,obs_0000014987|obs_0000011516,obs_0000014987|obs_0000011516
K-BLUE BAY,Dorade Royal,"€ 11,08","€ 12,99","pro Einheit = 4,99","ausgenommen, mit Kopf",Nein,Dieses Angebot findest du vom 26.03. bis 04.04. in deiner Kaufland-Filiale.,2026-03-26,2026-04-04,../images/kaufland/kaufland_offer_143.jpg,"cat_fisch_meeresfruechte,tag_ultra_processed",,,ref_000119,obs_0000008996|obs_0000011870|obs_0000015374|obs_0000011023|obs_0000023721|obs_0000024139|obs_0000005405|obs_0000006853,obs_0000015374|obs_0000011023|obs_0000008996|obs_0000028219|obs_0000010182|obs_0000011870
TALENTUS,Drucker- Kopierpapier DIN A4,"€ 3,99","€ 5,99","pro Einheit = 3,99",Grammatur 80 g/m²,Nein,Dieses Angebot findest du vom 26.03. bis 01.04. in deiner Kaufland-Filiale.,2026-03-26,2026-04-01,../images/kaufland/kaufland_offer_455.jpg,cat_non_food,,,ref_000120,obs_0000022098|obs_0000018998|obs_0000018616,
Keine Marke,Dtsch Bio-Spargel,"€ 5,99","€ 7,99","1 kg = 14,98",grün Kl. II,Nein,Dieses Angebot findest du vom 26.03. bis 01.04. in deiner Kaufland-Filiale.,2026-03-26,2026-04-01,../images/kaufland/kaufland_offer_057.jpg,"cat_obst_gemuese,diet_gluten_free,diet_lactose_free,diet_vegan,diet_vegetarian,sub_frisches_gemuese,sub_frisches_obst,tag_whole_food",,,ref_000121,,
Keine Marke,Dtsch Cherryrispentomaten rot,"€ 2,99","€ 3,99","1 kg = 14,95","Sorte laut Auszeichnung, Kl. I",Nein,Dieses Angebot findest du vom 26.03. bis 01.04. in deiner Kaufland-Filiale.,2026-03-26,2026-04-01,../images/kaufland/kaufland_offer_081.jpg,"cat_obst_gemuese,diet_gluten_free,diet_lactose_free,diet_vegan,diet_vegetarian,sub_frisches_gemuese,tag_whole_food",,,ref_000122,obs_0000011408|obs_0000013159|obs_0000014384|obs_0000009888|obs_0000009425|obs_0000008462,obs_0000011408|obs_0000013159
Keine Marke,Dtsch Cocktailrispentomaten,"€ 2,99","€ 3,99","1 kg = 8,55",Kl. I,Nein,Dieses Angebot findest du vom 26.03. bis 01.04. in deiner Kaufland-Filiale.,2026-03-26,2026-04-01,../images/kaufland/kaufland_offer_065.jpg,"cat_obst_gemuese,diet_gluten_free,diet_lactose_free,diet_vegan,diet_vegetarian,sub_frisches_gemuese,tag_whole_food",,,ref_000123,obs_0000011821|obs_0000014429|obs_0000010972|obs_0000013160|obs_0000015723|obs_0000012237|obs_0000015316|obs_0000000693,obs_0000011821|obs_0000014429|obs_0000010972|obs_0000013160|obs_0000015723|obs_0000012237|obs_0000015316
Keine Marke,Dtsch Lauchzwiebeln,"€ 0,79","€ 0,99","pro Einheit = 0,79",Kl. I,Nein,Dieses Angebot findest du vom 26.03. bis 01.04. in deiner Kaufland-Filiale.,2026-03-26,2026-04-01,../images/kaufland/kaufland_offer_063.jpg,"cat_obst_gemuese,diet_gluten_free,diet_lactose_free,diet_vegan,diet_vegetarian,sub_frisches_gemuese,tag_whole_food",,,ref_000124,obs_0000014337|obs_0000030823|obs_0000029496|obs_0000006078,
Keine Marke,Dtsch Miniromarispe rot,"€ 2,99","€ 3,99","1 kg = 14,95","Sorte laut Auszeichnung, Kl. I",Nein,Dieses Angebot findest du vom 26.03. bis 01.04. in deiner Kaufland-Filiale.,2026-03-26,2026-04-01,../images/kaufland/kaufland_offer_080.jpg,"cat_obst_gemuese,diet_gluten_free,diet_lactose_free,diet_vegan,diet_vegetarian,sub_frisches_gemuese,tag_whole_food",,,ref_000125,obs_0000011408|obs_0000013159,
Keine Marke,Dtsch Möhren,"€ 1,29","€ 1,79","1 kg = 0,65",Kl. I,Nein,Dieses Angebot findest du vom 26.03. bis 01.04. in deiner Kaufland-Filiale.,2026-03-26,2026-04-01,../images/kaufland/kaufland_offer_060.jpg,"cat_obst_gemuese,diet_gluten_free,diet_lactose_free,diet_vegan,diet_vegetarian,sub_frisches_gemuese,sub_frisches_obst,tag_whole_food",,,ref_000126,obs_0000010979|obs_0000013598|obs_0000010556|obs_0000015718|obs_0000012647|obs_0000012710|obs_0000014427|obs_0000011396|obs_0000013162|obs_0000017480|obs_0000005706|obs_0000027745|obs_0000008865|obs_0000026853|obs_0000026344|obs_0000010486|obs_0000008450|obs_0000006415|obs_0000025364|obs_0000028058,obs_0000010979|obs_0000013598|obs_0000010556|obs_0000015718|obs_0000012647|obs_0000012710
Keine Marke,Dtsch Rispentomaten,"€ 2,99","€ 3,99","1 kg = 4,60",Kl. I,Nein,Dieses Angebot findest du vom 26.03. bis 01.04. in deiner Kaufland-Filiale.,2026-03-26,2026-04-01,../images/kaufland/kaufland_offer_066.jpg,"cat_obst_gemuese,diet_gluten_free,diet_lactose_free,diet_vegan,diet_vegetarian,sub_frisches_gemuese,tag_whole_food",,,ref_000127,obs_0000011399|obs_0000013027|obs_0000010557|obs_0000012189|obs_0000027139|obs_0000008287|obs_0000013997|obs_0000027413|obs_0000027927|obs_0000031578|obs_0000000876|obs_0000029590|obs_0000026075,obs_0000011399|obs_0000013027|obs_0000010557|obs_0000012189
GRÜNLÄNDER,Dtsch Schnittkäse,"€ 1,59","€ 2,69","1 kg = 11,36","in Scheiben oder Würfeln, 48 - 50 % Fett i. Tr., versch. Sorten",Nein,Dieses Angebot findest du vom 26.03. bis 01.04. in deiner Kaufland-Filiale.,2026-03-26,2026-04-01,../images/kaufland/kaufland_offer_168.jpg,"cat_molkerei_kaese,sub_kaese,sub_milchprodukte,tag_ultra_processed",,,ref_000128,obs_0000012331|obs_0000011357|obs_0000014959|obs_0000015689|obs_0000010264|obs_0000021017|obs_0000028709|obs_0000025651|obs_0000013876|obs_0000008758|obs_0000020198|obs_0000008439|obs_0000028921|obs_0000014122|obs_0000028586|obs_0000008137|obs_0000008191,obs_0000012331|obs_0000011357|obs_0000014959|obs_0000015689
Keine Marke,Dtsch Speisekartoffeln XXL,"€ 1,99",,"1 kg = 0,40","vorwiegend festkochend, Sorte laut Auszeichnung, Qualität I",Nein,Dieses Angebot findest du vom 30.03. bis 01.04. in deiner Kaufland-Filiale.,2026-03-30,2026-04-01,../images/kaufland/kaufland_offer_663.jpg,"cat_obst_gemuese,diet_gluten_free,diet_lactose_free,diet_vegan,diet_vegetarian,sub_frisches_gemuese,sub_kartoffeln,tag_ultra_processed,tag_whole_food",,,ref_000129,obs_0000010564|obs_0000014809|obs_0000015239|obs_0000011394|obs_0000013599|obs_0000015727|obs_0000008275|obs_0000014425|obs_0000010963|obs_0000015337|obs_0000011822|obs_0000012236|obs_0000010226|obs_0000014326|obs_0000014427|obs_0000010571|obs_0000013162|obs_0000011396|obs_0000011407|obs_0000012259|obs_0000000006|obs_0000026668|obs_0000030837|obs_0000034910|obs_0000008539|obs_0000012763|obs_0000031321|obs_0000017026|obs_0000027510|obs_0000009188|obs_0000033875|obs_0000034088|obs_0000027986|obs_0000030140|obs_0000009672|obs_0000034312|obs_0000003716|obs_0000013967|obs_0000028399|obs_0000030615|obs_0000016324,obs_0000014425|obs_0000010564|obs_0000014809|obs_0000010963|obs_0000015239|obs_0000015337|obs_0000011394|obs_0000013599|obs_0000015727|obs_0000011822|obs_0000012236
Keine Marke,Dtsch Tafeläpfel Cameo,"€ 3,99",,"1 kg = 2,00","»Caudle«,süß Kl. I",Nein,Dieses Angebot findest du vom 26.03. bis 01.04. in deiner Kaufland-Filiale.,2026-03-26,2026-04-01,../images/kaufland/kaufland_offer_053.jpg,"cat_obst_gemuese,diet_gluten_free,diet_lactose_free,diet_vegan,diet_vegetarian,sub_frisches_obst,tag_whole_food",,,ref_000130,obs_0000010974|obs_0000012234|obs_0000014420|obs_0000011335|obs_0000011338|obs_0000010925|obs_0000010980|obs_0000013601|obs_0000012201|obs_0000012743|obs_0000013163|obs_0000028684|obs_0000005704|obs_0000028564,obs_0000010974|obs_0000012234
KIKIS KITCHEN,Dubaimisu,"€ 3,99",,"1 kg = 22,80",Pistachio oder Hazel,Nein,Dieses Angebot findest du vom 26.03. bis 01.04. in deiner Kaufland-Filiale.,2026-03-26,2026-04-01,../images/kaufland/kaufland_offer_153.jpg,"cat_molkerei_kaese,diet_vegetarian,tag_ultra_processed",,,ref_000131,obs_0000008585,obs_0000008585
OLD SPICE,Duschgel,"€ 1,99","€ 2,35","1 l = 7,96",versch. Sorten,Nein,Dieses Angebot findest du vom 26.03. bis 01.04. in deiner Kaufland-Filiale.,2026-03-26,2026-04-01,../images/kaufland/kaufland_offer_419.jpg,"cat_drogerie,diet_gluten_free,diet_lactose_free,diet_vegan,diet_vegetarian",,,ref_000132,obs_0000013602|obs_0000011788|obs_0000017459|obs_0000015972|obs_0000031850|obs_0000008329|obs_0000015523|obs_0000026290|obs_0000031924|obs_0000026347|obs_0000028939|obs_0000035065|obs_0000028963|obs_0000014682|obs_0000009054|obs_0000011624|obs_0000013165|obs_0000026494|obs_0000011174|obs_0000032769|obs_0000009734|obs_0000032774|obs_0000032275|obs_0000032279|obs_0000009268|obs_0000033843|obs_0000033845|obs_0000033348|obs_0000006243|obs_0000012904|obs_0000005290|obs_0000012473|obs_0000029373|obs_0000005856|obs_0000007920|obs_0000015116|obs_0000006943|obs_0000032036|obs_0000028459|obs_0000007503|obs_0000014679|obs_0000030078|obs_0000032141|obs_0000034246|obs_0000007114|obs_0000010779|obs_0000005670|obs_0000010285|obs_0000034863|obs_0000032819,obs_0000011788|obs_0000017459|obs_0000015972|obs_0000031850|obs_0000008329|obs_0000015523|obs_0000026290|obs_0000031924|obs_0000026347|obs_0000033522|obs_0000028939|obs_0000035065|obs_0000013602|obs_0000028963|obs_0000014682|obs_0000009054|obs_0000011624|obs_0000013165|obs_0000026494|obs_0000011174
POTT,Eierlikör,"€ 8,99","€ 11,99","1 l = 12,85","mit echtem Übersee-Rum, 16 Vol. %",Nein,Dieses Angebot findest du vom 26.03. bis 01.04. in deiner Kaufland-Filiale.,2026-03-26,2026-04-01,../images/kaufland/kaufland_offer_348.jpg,"cat_getraenke,tag_ultra_processed",,BLS-P546000,ref_000133,obs_0000017254|obs_0000016404|obs_0000027076|obs_0000001697|obs_0000019494|obs_0000007082|obs_0000031000|obs_0000031382|obs_0000014136|obs_0000007453|obs_0000031010|obs_0000024625|obs_0000006370|obs_0000005636|obs_0000013605|obs_0000006896|obs_0000030390,obs_0000017254|obs_0000016404|obs_0000031382
MÖVENPICK,Eis,"€ 1,49",,"1 l = 1,66 - 1,87",versch. Sorten,Nein,Dieses Angebot findest du vom 26.03. bis 01.04. in deiner Kaufland-Filiale.,2026-03-26,2026-04-01,../images/kaufland/kaufland_offer_186.jpg,"cat_tiefkuehl,diet_gluten_free,diet_lactose_free,diet_vegan,diet_vegetarian,sub_milchprodukte,tag_ultra_processed",,,ref_000134,obs_0000025743|obs_0000011490|obs_0000018692|obs_0000017710|obs_0000034392|obs_0000025829|obs_0000013168|obs_0000003118|obs_0000004163|obs_0000028456|obs_0000005017|obs_0000000434|obs_0000018370|obs_0000004590|obs_0000013833|obs_0000009795|obs_0000005210|obs_0000009324|obs_0000025236|obs_0000029345|obs_0000027306|obs_0000028855|obs_0000025807|obs_0000001749|obs_0000001750|obs_0000007392|obs_0000008928|obs_0000013034|obs_0000030502|obs_0000005945|obs_0000027474|obs_0000006504|obs_0000027503|obs_0000007041|obs_0000022962|obs_0000027646|obs_0000006667|obs_0000006670|obs_0000006159|obs_0000014373|obs_0000012333|obs_0000011899|obs_0000005767|obs_0000005768|obs_0000006319|obs_0000008369|obs_0000006847|obs_0000007398|obs_0000005399|obs_0000011056,obs_0000034392|obs_0000005210|obs_0000025743|obs_0000029345|obs_0000007392|obs_0000011490|obs_0000025829|obs_0000018692|obs_0000017710|obs_0000005945|obs_0000013168|obs_0000007041
PFANNER,Eistee,"€ 1,29",,"1 l = 0,65",versch. Sorten,Nein,Dieses Angebot findest du vom 26.03. bis 01.04. in deiner Kaufland-Filiale.,2026-03-26,2026-04-01,../images/kaufland/kaufland_offer_399.jpg,"cat_getraenke,tag_ultra_processed",,BLS-W291200,ref_000135,obs_0000024081|obs_0000023317|obs_0000024502|obs_0000019389|obs_0000017982|obs_0000009061|obs_0000011155|obs_0000008086|obs_0000012452|obs_0000002343|obs_0000013610|obs_0000027985|obs_0000026836|obs_0000003163|obs_0000014050|obs_0000017891|obs_0000027236|obs_0000015096|obs_0000022016|obs_0000008902|obs_0000032713|obs_0000023251|obs_0000000733|obs_0000030317|obs_0000006024|obs_0000007679|obs_0000031392|obs_0000030940|obs_0000007673,obs_0000024081|obs_0000011155|obs_0000023317|obs_0000008086|obs_0000012452|obs_0000002343|obs_0000013610|obs_0000024502|obs_0000019389|obs_0000017982|obs_0000027985|obs_0000026836|obs_0000003163|obs_0000014050|obs_0000017891|obs_0000027236|obs_0000009061|obs_0000015096|obs_0000022016
NEWCENTIAL,Elektronische Dartscheibe,"€ 19,99","€ 19,99","pro Einheit = 19,99","Für bis zu 16 Spieler im Teammodus 27 Spiele mit über 500 Varianten Cyber-Match-Funktion mit 5 Leistungsstufen Automatische Punktewertung und weitere Extras 4 übersichtliche LED-Displays Bedienfeld mit integrierter Spieleübersicht Lautstärke 7-stufig und Stummschaltung Abschaltautomatik mit Speicherfunktion Mit Fangring, Darts-Halterung und Abwurflinie Zur Wandmontage oder mit Standfuß (inkl.) Größe ca. 42 x 52 cm Inkl. 12 Soft-Dart-Pfeile und 100 Ersatzspitzen Inkl. Anleitung und Montagematerial 3 Jahre Garantie",Nein,Dieses Angebot findest du vom 26.03. bis 01.04. in deiner Kaufland-Filiale.,2026-03-26,2026-04-01,../images/kaufland/kaufland_offer_548.jpg,cat_non_food,,,ref_000136,obs_0000016062|obs_0000028201,obs_0000016062
RED BULL,Energy Drink oder Erfrischungsgetränk,"€ 0,79",,"1 l = 2,40 - 3,16","versch. Sorten, z. T. taurin- und koffeinhaltig (+ 0.25 Pfand)",Nein,Dieses Angebot findest du vom 26.03. bis 01.04. in deiner Kaufland-Filiale.,2026-03-26,2026-04-01,../images/kaufland/kaufland_offer_396.jpg,"cat_getraenke,tag_ultra_processed",,,ref_000137,obs_0000012000|obs_0000015296|obs_0000016089|obs_0000016414|obs_0000000193|obs_0000000304|obs_0000025242|obs_0000033497|obs_0000008960|obs_0000017338|obs_0000034110|obs_0000026042|obs_0000018063|obs_0000026353|obs_0000002158|obs_0000026742|obs_0000002214|obs_0000018775|obs_0000019186|obs_0000027531|obs_0000020239|obs_0000028526|obs_0000003962|obs_0000028643|obs_0000004389|obs_0000021058|obs_0000004816|obs_0000021846|obs_0000022027|obs_0000013993|obs_0000022971|obs_0000023301|obs_0000023733|obs_0000024154|obs_0000024876|obs_0000016807|obs_0000017046|obs_0000025348|obs_0000009616|obs_0000018194|obs_0000010050|obs_0000001917|obs_0000026684|obs_0000026886|obs_0000002490|obs_0000018931|obs_0000010758|obs_0000027310|obs_0000011333|obs_0000011355,obs_0000012000|obs_0000015296|obs_0000016089
Keine Marke,Erdbeerpflanze,"€ 4,99",,"pro Einheit = 4,99","versch. Sorten, als 6er-Packk",Nein,Dieses Angebot findest du vom 26.03. bis 01.04. in deiner Kaufland-Filiale.,2026-03-26,2026-04-01,../images/kaufland/kaufland_offer_072.jpg,"cat_obst_gemuese,diet_gluten_free,diet_lactose_free,diet_vegan,diet_vegetarian,sub_frisches_obst,tag_whole_food",,,ref_000138,,
BRÄNDLE VITA,Erdnuss-Öl,"€ 2,99","€ 4,19","1 l = 5,98",hoch erhitzbar,Nein,Dieses Angebot findest du vom 26.03. bis 01.04. in deiner Kaufland-Filiale.,2026-03-26,2026-04-01,../images/kaufland/kaufland_offer_248.jpg,"cat_grundnahrung,diet_gluten_free,diet_lactose_free,diet_vegan,diet_vegetarian,tag_ultra_processed",,BLS-S492000,ref_000139,,
K-CLASSIC,Erdnusscreme American Style,"€ 1,49","€ 1,75","1 kg = 4,26",Creamy oder Crunchy,Nein,Dieses Angebot findest du vom 26.03. bis 01.04. in deiner Kaufland-Filiale.,2026-03-26,2026-04-01,../images/kaufland/kaufland_offer_286.jpg,"cat_grundnahrung,diet_vegan,diet_vegetarian,tag_ultra_processed",,,ref_000140,obs_0000014567|obs_0000018562|obs_0000023321|obs_0000023594|obs_0000021973,obs_0000014567
PEPSI,Erfrischungsgetränk,"€ 3,96","€ 7,14","1 l = 1,32","Cola, auch als Zero (+ 1.50 Pfand)",Nein,Dieses Angebot findest du vom 26.03. bis 01.04. in deiner Kaufland-Filiale.,2026-03-26,2026-04-01,../images/kaufland/kaufland_offer_338.jpg,"cat_getraenke,tag_ultra_processed",,,ref_000141,obs_0000023728|obs_0000024155|obs_0000011154|obs_0000017948|obs_0000010013|obs_0000014624|obs_0000015906|obs_0000009895|obs_0000009513|obs_0000022058|obs_0000022185|obs_0000013619|obs_0000008378|obs_0000011968|obs_0000023744|obs_0000015052|obs_0000023247|obs_0000009431|obs_0000012664|obs_0000024168|obs_0000010736|obs_0000015479|obs_0000018552|obs_0000013177|obs_0000012413|obs_0000012451|obs_0000011560|obs_0000013620|obs_0000014659|obs_0000010759|obs_0000026061|obs_0000014298|obs_0000006024|obs_0000005272|obs_0000015296|obs_0000016089|obs_0000012000|obs_0000007679|obs_0000006900,obs_0000011154|obs_0000017948|obs_0000010013|obs_0000014624|obs_0000015906|obs_0000009895|obs_0000009513|obs_0000022058|obs_0000022185|obs_0000011560|obs_0000023728|obs_0000013619|obs_0000008378|obs_0000011968|obs_0000023744|obs_0000015052|obs_0000023247|obs_0000009431|obs_0000024155|obs_0000012664|obs_0000024168|obs_0000010736|obs_0000015479|obs_0000018552|obs_0000013177|obs_0000012413
SAN MIGUEL,Especial,"€ 4,49","€ 5,49","1 l = 2,27",span. Pils (+ 0.48 Pfand),Nein,Dieses Angebot findest du vom 26.03. bis 01.04. in deiner Kaufland-Filiale.,2026-03-26,2026-04-01,../images/kaufland/kaufland_offer_385.jpg,cat_getraenke,,,ref_000142,obs_0000015937|obs_0000014346|obs_0000015087|obs_0000035032|obs_0000011993|obs_0000014655|obs_0000027593|obs_0000032478,obs_0000015937|obs_0000014346|obs_0000015087|obs_0000035032|obs_0000011993|obs_0000014655
MAZZETTI,Essig,"€ 2,99",,"1 l = 5,98",Aceto Balsamico di Modena IGP oder Condimento Bianco,Nein,Dieses Angebot findest du vom 26.03. bis 01.04. in deiner Kaufland-Filiale.,2026-03-26,2026-04-01,../images/kaufland/kaufland_offer_237.jpg,"cat_grundnahrung,diet_vegetarian,tag_ultra_processed",,BLS-R121000,ref_000143,obs_0000015850|obs_0000008263|obs_0000015851|obs_0000014540|obs_0000016432|obs_0000019760|obs_0000013504|obs_0000005370|obs_0000035073|obs_0000009723|obs_0000014301|obs_0000032034|obs_0000005174|obs_0000007960|obs_0000007961,obs_0000015850
CILLIT BANG,Expert Kraftreiniger,"€ 2,49","€ 2,99","1 l = 3,32",fürs Bad gegen Kalk und Schmutz oder Fettlöser für die Küche,Nein,Dieses Angebot findest du vom 26.03. bis 01.04. in deiner Kaufland-Filiale.,2026-03-26,2026-04-01,../images/kaufland/kaufland_offer_407.jpg,cat_drogerie,,,ref_000144,obs_0000011602|obs_0000027009,obs_0000011602
CORONA,Extra oder Cero 0 0,"€ 5,99","€ 7,59","1 l = 2,82","Bierspezialität, Original oder alkoholfrei (+ 0.48 Pfand)",Nein,Dieses Angebot findest du vom 26.03. bis 01.04. in deiner Kaufland-Filiale.,2026-03-26,2026-04-01,../images/kaufland/kaufland_offer_390.jpg,"cat_getraenke,tag_ultra_processed",,,ref_000145,obs_0000028173|obs_0000011593|obs_0000012446|obs_0000013180|obs_0000015088|obs_0000015501|obs_0000002069|obs_0000019269|obs_0000012176|obs_0000013624|obs_0000014367|obs_0000008087,obs_0000028173
NEWCENTIAL,Fahrrad-Kettenschloss,"€ 3,99",,"pro Einheit = 3,99","Widerstandsfähige Kettenglieder (ca. 5,8 mm) Gesamtlänge ca. 117 cm Inkl. 2 Schlüssel 3 Jahre Garantie",Nein,Dieses Angebot findest du vom 26.03. bis 01.04. in deiner Kaufland-Filiale.,2026-03-26,2026-04-01,../images/kaufland/kaufland_offer_567.jpg,cat_non_food,,,ref_000146,,
NEWCENTIAL,Fahrrad-Kettenschloss mit Zahlencode,"€ 3,99",,"pro Einheit = 3,99",Mit 5-stelligem Zahlencode (frei codierbar) Widerstandsfähige Kettenglieder (ca. 6 mm) Griffpunkte für bequemes Öffnen und Schließen Gesamtlänge ca. 117 cm 3 Jahre Garantie,Nein,Dieses Angebot findest du vom 26.03. bis 01.04. in deiner Kaufland-Filiale.,2026-03-26,2026-04-01,../images/kaufland/kaufland_offer_558.jpg,cat_non_food,,,ref_000147,,
NEWCENTIAL,Fahrrad-Panzerkabelschloss,"€ 3,99",,"pro Einheit = 3,99",Widerstandsfähige Kettenglieder (ca. 22 mm) Gesamtlänge ca. 98 cm Inkl. 2 Schlüssel 3 Jahre Garantie,Nein,Dieses Angebot findest du vom 26.03. bis 01.04. in deiner Kaufland-Filiale.,2026-03-26,2026-04-01,../images/kaufland/kaufland_offer_566.jpg,cat_non_food,,,ref_000148,,
NEWCENTIAL,Fahrrad-Weste L XL,"€ 3,99",,"pro Einheit = 3,99",Aus Polyester Wasserabweisend dank PU-Beschichtung Mit reflektierenden Deko-Elementen (3M Scotchlit Mit Klettverschluss zur Größenverstellung 3 Jahre Garantie,Nein,Dieses Angebot findest du vom 26.03. bis 01.04. in deiner Kaufland-Filiale.,2026-03-26,2026-04-01,../images/kaufland/kaufland_offer_559.jpg,cat_non_food,,,ref_000149,,
NEWCENTIAL,Fahrrad-Weste S M,"€ 3,99",,"pro Einheit = 3,99",Aus Polyester Wasserabweisend dank PU-Beschichtung Mit reflektierenden Deko-Elementen (3M Scotchlit Mit Klettverschluss zur Größenverstellung 3 Jahre Garantie,Nein,Dieses Angebot findest du vom 26.03. bis 01.04. in deiner Kaufland-Filiale.,2026-03-26,2026-04-01,../images/kaufland/kaufland_offer_557.jpg,cat_non_food,,,ref_000150,,
NEWCENTIAL,Fahrradhandschuhe,"€ 3,99",,"pro Einheit = 3,99",Aus Polyester und Elastan Gepolsterte Handflächen mit Gel-Einlage Mit je 2 Laschen zum einfach An- und Ausziehen Daumen mit saugfähigem Frottee Klettverschluss zur Weitenregulierung Versch. Größen,Nein,Dieses Angebot findest du vom 26.03. bis 01.04. in deiner Kaufland-Filiale.,2026-03-26,2026-04-01,../images/kaufland/kaufland_offer_565.jpg,cat_non_food,,,ref_000151,,
NEWCENTIAL,Fahrradsocken,"€ 2,69",,"pro Einheit = 2,69","Aus recyceltem, GRS-zertifiziertem Polyester, Polyamid und Elastan (LYCRA®) Besonders leicht für die warmen Tage SmartStep-Fußbett aus Dryact™ Feuchtigkeitstregulierendes Hightech-Garn SUPPORT-FORCE-Bandage am Mittelfuß Transpirationszonen an der Wade Größen 35/38 - 43/46",Nein,Dieses Angebot findest du vom 26.03. bis 01.04. in deiner Kaufland-Filiale.,2026-03-26,2026-04-01,../images/kaufland/kaufland_offer_489.jpg,cat_non_food,,,ref_000152,,
FISCHER,Faltschlösser Protec FK85 TWIN,"€ 24,99",,"pro Einheit = 24,99",Hochwertige Faltschlösser mit Sicherheitslevel 9 Mit 6 identischen Hochsicherheitsschlüsseln Länge je ca. 85 cm Inkl. 2 Halterungen,Nein,Dieses Angebot findest du vom 26.03. bis 01.04. in deiner Kaufland-Filiale.,2026-03-26,2026-04-01,../images/kaufland/kaufland_offer_555.jpg,"cat_fisch_meeresfruechte,tag_high_protein,tag_proteinreich,tag_ultra_processed",,,ref_000153,,
K-GOLD EDITION,Festtagssauce,"€ 1,29","€ 1,69","1 kg = 3,80","versch. Sorten, enthält z. T. Alkohol",Nein,Dieses Angebot findest du vom 26.03. bis 01.04. in deiner Kaufland-Filiale.,2026-03-26,2026-04-01,../images/kaufland/kaufland_offer_276.jpg,"cat_grundnahrung,tag_ultra_processed",,,ref_000154,obs_0000001740,obs_0000001740
COPPENRATH WIESE,Festtagstorte oder Bunte Sahneplatte,"€ 7,99","€ 14,99","1 kg = 5,16 - 10,25","Festtagstorte, versch. Sorten, oder Bunte Sahneplatte",Nein,Dieses Angebot findest du vom 26.03. bis 01.04. in deiner Kaufland-Filiale.,2026-03-26,2026-04-01,../images/kaufland/kaufland_offer_193.jpg,"cat_tiefkuehl,diet_vegetarian,sub_milchprodukte,sub_sahne_creme,tag_ultra_processed",,,ref_000155,obs_0000011496,obs_0000011496
NORDSEE,Fischspezialitäten,"€ 2,49","€ 3,49","1 kg = 11,07 - 13,54",Backfisch oder Brezelbackfisch mit Remoulade oder Fischfrikadellen mit Ketchup,Nein,Dieses Angebot findest du vom 26.03. bis 04.04. in deiner Kaufland-Filiale.,2026-03-26,2026-04-04,../images/kaufland/kaufland_offer_217.jpg,"cat_grundnahrung,tag_ultra_processed",,,ref_000156,obs_0000014849|obs_0000011911|obs_0000015838,obs_0000014849|obs_0000011911|obs_0000015838
SIL,Fleckenspray -gel oder -salz,"€ 2,59","€ 2,95","1 l = 2,00 - 5,18",1 für Alles,Nein,Dieses Angebot findest du vom 26.03. bis 01.04. in deiner Kaufland-Filiale.,2026-03-26,2026-04-01,../images/kaufland/kaufland_offer_403.jpg,"cat_drogerie,tag_ultra_processed",,,ref_000157,obs_0000010762|obs_0000012877,obs_0000010762|obs_0000012877
Aus eigener Herstellung,Fleischwurst,"€ 0,99",,"pro Einheit = 0,99","mild geräuchert, herzhaft gewürzt",Nein,Dieses Angebot findest du vom 26.03. bis 01.04. in deiner Kaufland-Filiale.,2026-03-26,2026-04-01,../images/kaufland/kaufland_offer_130.jpg,"cat_fleisch_wurst,sub_wurst,tag_ultra_processed",,BLS-W234000,ref_000158,obs_0000014928|obs_0000011863|obs_0000034703|obs_0000008871|obs_0000034472|obs_0000027764|obs_0000001812|obs_0000034593|obs_0000001790|obs_0000011850|obs_0000001753|obs_0000008668|obs_0000001768|obs_0000027638|obs_0000028660|obs_0000033916|obs_0000001022|obs_0000028543|obs_0000001024|obs_0000021765|obs_0000031245|obs_0000030484|obs_0000030485|obs_0000020644|obs_0000007216|obs_0000006329|obs_0000024646|obs_0000007623|obs_0000031486|obs_0000005968|obs_0000019414|obs_0000021463|obs_0000032348|obs_0000025459|obs_0000032374|obs_0000031485|obs_0000011433,obs_0000034703|obs_0000008871|obs_0000034472|obs_0000014928|obs_0000011863|obs_0000027764
BEVOLA NATURALS,Flüssigseife,"€ 1,95",,"1 l = 3,90","Nachfüllbeutel, Bio-Eucalyptus & Bio-Bergamotte",Nein,Dieses Angebot findest du vom 26.03. bis 01.04. in deiner Kaufland-Filiale.,2026-03-26,2026-04-01,../images/kaufland/kaufland_offer_420.jpg,"cat_drogerie,diet_gluten_free,diet_lactose_free,diet_vegan,diet_vegetarian",,,ref_000159,obs_0000011621|obs_0000009217|obs_0000009697|obs_0000015973|obs_0000034059|obs_0000009084|obs_0000032398|obs_0000033295,obs_0000009217|obs_0000009697|obs_0000015973|obs_0000011621|obs_0000034059|obs_0000009084
JÜRGEN LANGBEIN,Fond,"€ 1,79",,"1 l = 3,58","versch. Sorten, ohne Farb-, Konservierungs- und geschmacksverstärkende Zusatzstoffe",Nein,Dieses Angebot findest du vom 26.03. bis 01.04. in deiner Kaufland-Filiale.,2026-03-26,2026-04-01,../images/kaufland/kaufland_offer_226.jpg,cat_grundnahrung,,BLS-S351000,ref_000160,obs_0000031330|obs_0000007969|obs_0000013636|obs_0000002959|obs_0000016626|obs_0000016761|obs_0000019387|obs_0000017023|obs_0000010145|obs_0000006824|obs_0000008243|obs_0000034692|obs_0000006646|obs_0000032688|obs_0000006480,obs_0000007969|obs_0000031330|obs_0000013636|obs_0000002959|obs_0000016626|obs_0000016761|obs_0000019387|obs_0000017023
GWF,Frankenseele Domina,"€ 4,29","€ 5,49","1 l = 5,72","Qualitätswein, Franken, kräftig, samtig, passt zu Kurzgebratenem und Wild",Nein,Dieses Angebot findest du vom 26.03. bis 01.04. in deiner Kaufland-Filiale.,2026-03-26,2026-04-01,../images/kaufland/kaufland_offer_371.jpg,cat_getraenke,,,ref_000161,obs_0000009776,obs_0000009776
Keine Marke,Franz Gourmet-Kartoffeln,"€ 1,79","€ 2,99","1 kg = 1,20","vorwiegend festkochend oder festkochend, ausgewählte Sorten laut Auszeichnung, Qualität I",Nein,Dieses Angebot findest du vom 26.03. bis 01.04. in deiner Kaufland-Filiale.,2026-03-26,2026-04-01,../images/kaufland/kaufland_offer_077.jpg,"cat_obst_gemuese,diet_gluten_free,diet_lactose_free,diet_vegan,diet_vegetarian,sub_frisches_gemuese,sub_kartoffeln,tag_ultra_processed,tag_whole_food",,,ref_000162,obs_0000014897|obs_0000015724|obs_0000013200|obs_0000013668,obs_0000014897|obs_0000015724|obs_0000013200
K-GOLD EDITION,Franz Ringsalami,"€ 3,99","€ 4,99","1 kg = 9,98","luftgetrocknet, Spitzenqualität",Nein,Dieses Angebot findest du vom 26.03. bis 01.04. in deiner Kaufland-Filiale.,2026-03-26,2026-04-01,../images/kaufland/kaufland_offer_121.jpg,"cat_fleisch_wurst,sub_wurst,tag_ultra_processed",,,ref_000163,obs_0000015692|obs_0000023979|obs_0000010412|obs_0000024399,obs_0000015692
BRUT DARGENT,Franz Sekt,"€ 5,99","€ 7,99","1 l = 7,99","Chardonnay Blanc de Blancs, Ice Pinot Noir, Ice Pinot Noir Rosé oder Ice Chardonnay",Nein,Dieses Angebot findest du vom 26.03. bis 01.04. in deiner Kaufland-Filiale.,2026-03-26,2026-04-01,../images/kaufland/kaufland_offer_380.jpg,cat_getraenke,,,ref_000164,obs_0000015933|obs_0000012653|obs_0000011802|obs_0000017436|obs_0000018465|obs_0000017456|obs_0000003634|obs_0000013889|obs_0000019009|obs_0000031833|obs_0000019561|obs_0000018037|obs_0000000122|obs_0000028281|obs_0000012437|obs_0000010911|obs_0000026289|obs_0000023255|obs_0000027358|obs_0000018687|obs_0000016680|obs_0000015666|obs_0000014644|obs_0000024889|obs_0000026425|obs_0000011590|obs_0000015699|obs_0000027487|obs_0000008047|obs_0000012694|obs_0000002457|obs_0000022430|obs_0000025002|obs_0000001461|obs_0000026048,obs_0000015933|obs_0000012653
Keine Marke,Franz ital Feldsalat,"€ 0,99","€ 1,69","1 kg = 6,60",Kl. I,Nein,Dieses Angebot findest du vom 26.03. bis 01.04. in deiner Kaufland-Filiale.,2026-03-26,2026-04-01,../images/kaufland/kaufland_offer_061.jpg,"cat_obst_gemuese,diet_gluten_free,diet_lactose_free,diet_vegan,diet_vegetarian,sub_frisches_gemuese,sub_frisches_obst,sub_salate,tag_whole_food",,,ref_000165,obs_0000011398|obs_0000013640|obs_0000015683|obs_0000017466|obs_0000007739|obs_0000032334|obs_0000030830|obs_0000009855|obs_0000006273|obs_0000009394|obs_0000007525|obs_0000007533,obs_0000013640
K-FAVOURITES,Frische Lammkeule mit Knochen,"€ 13,49",,"pro Einheit = 13,49",mit Knochen,Nein,Dieses Angebot findest du vom 26.03. bis 01.04. in deiner Kaufland-Filiale.,2026-03-26,2026-04-01,../images/kaufland/kaufland_offer_100.jpg,"cat_fleisch_wurst,sub_gefluegel,tag_ultra_processed",,,ref_000166,obs_0000015753|obs_0000014481|obs_0000013781|obs_0000009495|obs_0000009956|obs_0000034545,obs_0000015753
GAGGLI,Frischeier-Nudeln,"€ 3,00","€ 3,87","1 kg = 4,00",versch. Ausformungen,Nein,Dieses Angebot findest du vom 26.03. bis 01.04. in deiner Kaufland-Filiale.,2026-03-26,2026-04-01,../images/kaufland/kaufland_offer_282.jpg,"cat_grundnahrung,diet_vegetarian,sub_nudeln",,,ref_000167,obs_0000015437|obs_0000011093|obs_0000008178|obs_0000010359|obs_0000026495|obs_0000008987|obs_0000009763|obs_0000008075|obs_0000015006|obs_0000008784|obs_0000013802,obs_0000010508|obs_0000008987|obs_0000009763|obs_0000013642|obs_0000015437|obs_0000011093|obs_0000008178|obs_0000010359|obs_0000026495
EXQUISA,Frischkäsezubereitung,"€ 1,11",,"1 kg = 5,55","versch. Sorten, Magerstufe - Doppelrahmstufe",Nein,Dieses Angebot findest du vom 26.03. bis 01.04. in deiner Kaufland-Filiale.,2026-03-26,2026-04-01,../images/kaufland/kaufland_offer_176.jpg,"cat_molkerei_kaese,diet_vegetarian,sub_kaese,sub_milchprodukte,tag_ultra_processed",,,ref_000168,obs_0000011478|obs_0000027022|obs_0000034707|obs_0000008600|obs_0000012209|obs_0000015674|obs_0000013644|obs_0000008279|obs_0000011892|obs_0000026379|obs_0000005903|obs_0000007343|obs_0000007156|obs_0000014497|obs_0000005726|obs_0000014954|obs_0000011893|obs_0000012663,obs_0000027022|obs_0000034707|obs_0000008600|obs_0000012209|obs_0000015674|obs_0000013644|obs_0000011478|obs_0000008279|obs_0000011892
Aus eigener Herstellung,Frischwurst-Aufschnitt,"€ 0,99",,"pro Einheit = 0,99",versch. Sorten,Nein,Dieses Angebot findest du vom 26.03. bis 01.04. in deiner Kaufland-Filiale.,2026-03-26,2026-04-01,../images/kaufland/kaufland_offer_131.jpg,"cat_fleisch_wurst,sub_wurst,tag_ultra_processed",,,ref_000169,obs_0000015363|obs_0000011865|obs_0000009229|obs_0000001726|obs_0000026919|obs_0000009055|obs_0000028037|obs_0000000916|obs_0000030217|obs_0000003644|obs_0000028409|obs_0000031631|obs_0000030635|obs_0000029650|obs_0000007232|obs_0000032571|obs_0000030199,obs_0000015363|obs_0000009229|obs_0000011865|obs_0000001726|obs_0000026919|obs_0000009055|obs_0000028037|obs_0000000916
HARIBO,Fruchtgummis oder Lakritze,"€ 0,69",,"1 kg = 3,95 - 4,60",versch. Sorten,Nein,Dieses Angebot findest du vom 26.03. bis 01.04. in deiner Kaufland-Filiale.,2026-03-26,2026-04-01,../images/kaufland/kaufland_offer_320.jpg,"cat_knabbern_naschen,tag_ultra_processed",,,ref_000170,obs_0000011963|obs_0000014618|obs_0000015898|obs_0000010731|obs_0000012671|obs_0000001818,obs_0000010731|obs_0000011963|obs_0000012671|obs_0000030287|obs_0000014618|obs_0000032125|obs_0000015898
MÖVENPICK,Fruchtjoghurt,"€ 0,49","€ 0,99","1 kg = 3,27","13 - 14 % Fett im Milchanteil, versch. Sorten",Nein,Dieses Angebot findest du vom 30.03. bis 01.04. in deiner Kaufland-Filiale.,2026-03-30,2026-04-01,../images/kaufland/kaufland_offer_007.jpg,"cat_molkerei_kaese,diet_vegetarian,sub_joghurt_skyr_quark,sub_milchprodukte,tag_ultra_processed",,BLS-S221800,ref_000171,obs_0000014486|obs_0000012792|obs_0000010615|obs_0000010169|obs_0000002565|obs_0000023627|obs_0000021134|obs_0000000675|obs_0000023234|obs_0000002802|obs_0000011045|obs_0000020315|obs_0000009565|obs_0000034180|obs_0000027257|obs_0000033915|obs_0000024193|obs_0000011461|obs_0000034514|obs_0000023769|obs_0000000799|obs_0000017723|obs_0000001427|obs_0000019408|obs_0000025592|obs_0000016603|obs_0000026903|obs_0000029538|obs_0000016794|obs_0000030642|obs_0000014832|obs_0000011774,obs_0000002565|obs_0000023627|obs_0000021134|obs_0000014486|obs_0000000675|obs_0000023234|obs_0000002802|obs_0000011045|obs_0000020315|obs_0000009565|obs_0000012792|obs_0000010615|obs_0000034180|obs_0000010169
VALENSINA,Fruchtsaft,"€ 1,39",,"pro Einheit = 1,39",versch. Sorten (+ 0.25 Pfand),Nein,Dieses Angebot findest du vom 26.03. bis 01.04. in deiner Kaufland-Filiale.,2026-03-26,2026-04-01,../images/kaufland/kaufland_offer_343.jpg,cat_getraenke,,BLS-F010600,ref_000172,obs_0000015911|obs_0000011566|obs_0000015294|obs_0000012691|obs_0000010538|obs_0000007893|obs_0000007670,obs_0000012691|obs_0000015911|obs_0000010538|obs_0000011566|obs_0000015294|obs_0000008683
K-CLASSIC ASIA,Frühlingsrollen,"€ 2,29",,"1 kg = 5,73","mit Huhn-, Rind- oder Gemüsefüllung",Nein,Dieses Angebot findest du vom 26.03. bis 01.04. in deiner Kaufland-Filiale.,2026-03-26,2026-04-01,../images/kaufland/kaufland_offer_190.jpg,"cat_tiefkuehl,diet_lactose_free,diet_vegetarian,tag_ultra_processed",,,ref_000173,obs_0000010644|obs_0000022595|obs_0000024071|obs_0000024497|obs_0000019220|obs_0000010645|obs_0000009081|obs_0000028941,obs_0000022595|obs_0000024071|obs_0000024497|obs_0000019220|obs_0000010644|obs_0000010645|obs_0000009081
MEBUS,Funk-Wanduhr,"€ 9,99","€ 17,99","pro Einheit = 9,99",Kein Ticken dank Leisegangwerk Mit Thermo- und Hygrometer Größe ca. Ø 25 cm Versch. Ausführungen,Nein,Dieses Angebot findest du vom 26.03. bis 01.04. in deiner Kaufland-Filiale.,2026-03-26,2026-04-01,../images/kaufland/kaufland_offer_451.jpg,cat_non_food,,,ref_000174,obs_0000024327|obs_0000025228|obs_0000021411|obs_0000034252|obs_0000023906|obs_0000020592,obs_0000028693|obs_0000028573
MEBUS,Funk-Wetterstation 11387,"€ 12,99","€ 19,99","pro Einheit = 12,99",Innen- und Außenthermometer Innen- und Außenhygrometer Wettervorhersage Beleuchtetes Display auf Knopfdruck Inkl. Funksensor und Batterien,Nein,Dieses Angebot findest du vom 26.03. bis 01.04. in deiner Kaufland-Filiale.,2026-03-26,2026-04-01,../images/kaufland/kaufland_offer_450.jpg,cat_non_food,,,ref_000175,obs_0000009989|obs_0000009527|obs_0000016205,
MEBUS,Funk-Wetterstation 11388,"€ 12,99","€ 19,99","pro Einheit = 12,99",Innen- und Außenthermometer Innen- und Außenhygrometer Wettervorhersage Beleuchtetes Display auf Knopfdruck Inkl. Funksensor und Batterien,Nein,Dieses Angebot findest du vom 26.03. bis 01.04. in deiner Kaufland-Filiale.,2026-03-26,2026-04-01,../images/kaufland/kaufland_offer_449.jpg,cat_non_food,,,ref_000176,obs_0000009989|obs_0000009527|obs_0000016205,
YUU N MEE,Garnelen,"€ 8,99","€ 12,99","1 kg = 22,48 - 28,10","Riesengarnelen roh, Garnelen gekocht oder in Knusperpanade",Nein,Dieses Angebot findest du vom 26.03. bis 04.04. in deiner Kaufland-Filiale.,2026-03-26,2026-04-04,../images/kaufland/kaufland_offer_202.jpg,cat_tiefkuehl,,,ref_000177,obs_0000004494|obs_0000001313|obs_0000003502|obs_0000003631|obs_0000004921|obs_0000004067|obs_0000001520|obs_0000000369|obs_0000021529|obs_0000034603|obs_0000022459|obs_0000009154|obs_0000013769|obs_0000009057|obs_0000020710|obs_0000033784|obs_0000023293|obs_0000016643|obs_0000002183|obs_0000034724|obs_0000000056|obs_0000017593|obs_0000008528|obs_0000019672|obs_0000018788|obs_0000008551|obs_0000025977|obs_0000007811|obs_0000023184|obs_0000010650|obs_0000022565|obs_0000007798|obs_0000008768|obs_0000007405|obs_0000012824,obs_0000004494|obs_0000001313|obs_0000003502|obs_0000003631|obs_0000004921|obs_0000004067|obs_0000001520|obs_0000000369
PARKSIDE,Garten-Komposter,"€ 19,99",,"pro Einheit = 19,99","Humusgewinnung aus Garten- und Küchenabfällen Geschlossene Bauweise minimiert Geruchsbelastung Mit Ventilationsöffnungen 2 klappbare Deckel mit verstärkten Scharnieren Kompost-Entnahmeklappe mit Halterung Vorrichtung für Hängeschloss (nicht enthalten) Einfache, werkzeuglose Klicksystem-Montage Größe ca. B/T 71 x H 80 cm (ca. 300 l) 3 Jahre Garantie",Nein,Dieses Angebot findest du vom 26.03. bis 01.04. in deiner Kaufland-Filiale.,2026-03-26,2026-04-01,../images/kaufland/kaufland_offer_503.jpg,cat_non_food,,,ref_000178,,
PELY,Gefrierbeutel,"€ 0,99","€ 1,39","pro Einheit = 0,99","1-l-Beutel = 40 St., 2-l-Beutel = 30 St. oder 4-l-Beutel = 20 St.",Nein,Dieses Angebot findest du vom 26.03. bis 01.04. in deiner Kaufland-Filiale.,2026-03-26,2026-04-01,../images/kaufland/kaufland_offer_406.jpg,"cat_drogerie,tag_ultra_processed",,,ref_000179,obs_0000012880|obs_0000015102|obs_0000033450|obs_0000034672|obs_0000035071,obs_0000033450|obs_0000034672|obs_0000012880|obs_0000035071|obs_0000015102
K-GOLD EDITION,Gekochter Oktopus,"€ 7,59","€ 8,49","1 kg = 37,95","2 Fangarme, Größe M",Nein,Dieses Angebot findest du vom 26.03. bis 01.04. in deiner Kaufland-Filiale.,2026-03-26,2026-04-01,../images/kaufland/kaufland_offer_145.jpg,"cat_fisch_meeresfruechte,tag_ultra_processed",,,ref_000180,,
BÖHNLEIN,Gelbwurst,"€ 2,49","€ 3,19","1 kg = 10,38",im Ring,Nein,Dieses Angebot findest du vom 26.03. bis 01.04. in deiner Kaufland-Filiale.,2026-03-26,2026-04-01,../images/kaufland/kaufland_offer_103.jpg,"cat_fleisch_wurst,diet_gluten_free,diet_lactose_free,diet_vegan,diet_vegetarian,sub_frisches_gemuese,sub_wurst,tag_ultra_processed,tag_whole_food",,BLS-W241000,ref_000181,obs_0000015364|obs_0000028782|obs_0000008832|obs_0000029870|obs_0000031547,obs_0000015364|obs_0000028782|obs_0000008832
FROSTA,Gemüse,"€ 1,69","€ 2,19","1 kg = 3,76 - 5,64","Brokkoliröschen, Erbsen & Karotten, Prinzessbohnen oder Junge Erbsen",Nein,Dieses Angebot findest du vom 26.03. bis 01.04. in deiner Kaufland-Filiale.,2026-03-26,2026-04-01,../images/kaufland/kaufland_offer_189.jpg,"cat_tiefkuehl,diet_vegan,diet_vegetarian,sub_frisches_gemuese,sub_nudeln,sub_tk_fertiggerichte,sub_tk_gemuese,tag_ultra_processed",,BLS-X416243,ref_000182,obs_0000012813|obs_0000011055|obs_0000010642|obs_0000015818|obs_0000014837|obs_0000017491|obs_0000033909|obs_0000011900|obs_0000014506|obs_0000018735|obs_0000016753|obs_0000025597|obs_0000018942|obs_0000011491|obs_0000008614|obs_0000002055|obs_0000033834|obs_0000028318|obs_0000018651|obs_0000025833|obs_0000009060|obs_0000002949|obs_0000021989|obs_0000006649|obs_0000034005|obs_0000006505|obs_0000010355|obs_0000012974|obs_0000006845|obs_0000028366|obs_0000026348|obs_0000031028|obs_0000030015|obs_0000029016|obs_0000030660|obs_0000022572|obs_0000019518|obs_0000032396|obs_0000013002|obs_0000014042|obs_0000017157|obs_0000016359|obs_0000006157|obs_0000006217|obs_0000026195|obs_0000005211|obs_0000005772|obs_0000005950|obs_0000007038|obs_0000005583,obs_0000012813|obs_0000017491|obs_0000033909|obs_0000011900|obs_0000014506|obs_0000011055|obs_0000018735|obs_0000016753|obs_0000010642|obs_0000015818|obs_0000014837|obs_0000025597|obs_0000018942
BONDUELLE,Gemüse oder Hülsenfrüchte,"€ 1,11","€ 1,79","pro Einheit = 4,44",versch. Sorten,Nein,Dieses Angebot findest du vom 30.03. bis 01.04. in deiner Kaufland-Filiale.,2026-03-30,2026-04-01,../images/kaufland/kaufland_offer_640.jpg,"cat_grundnahrung,diet_vegan,diet_vegetarian,sub_huelsenfruechte,tag_ultra_processed,tag_whole_food",,,ref_000183,obs_0000016753|obs_0000000617|obs_0000025597|obs_0000017491|obs_0000033909|obs_0000009600|obs_0000010051|obs_0000018735|obs_0000010642|obs_0000018942|obs_0000002604|obs_0000011055|obs_0000003418|obs_0000011900|obs_0000012813|obs_0000014506|obs_0000014837|obs_0000015818|obs_0000008133,
AGRARFROST,Genießer-Kroketten,"€ 1,99","€ 2,49","1 kg = 3,32",mit Sahne und Butter verfeinert,Nein,Dieses Angebot findest du vom 26.03. bis 01.04. in deiner Kaufland-Filiale.,2026-03-26,2026-04-01,../images/kaufland/kaufland_offer_194.jpg,"cat_tiefkuehl,tag_ultra_processed",,,ref_000184,obs_0000014969|obs_0000003485|obs_0000000208,obs_0000014969
BÄRENMARKE,Genussvolle Kaffee-Milch,"€ 0,99","€ 1,45","1 kg = 5,83","Kondensmilch, 8 % Fett",Nein,Dieses Angebot findest du vom 30.03. bis 01.04. in deiner Kaufland-Filiale.,2026-03-30,2026-04-01,../images/kaufland/kaufland_offer_616.jpg,"cat_getraenke,diet_gluten_free,diet_lactose_free,diet_vegan,diet_vegetarian,sub_milchprodukte,tag_whole_food",,,ref_000185,obs_0000011344|obs_0000013262|obs_0000013621|obs_0000015682|obs_0000029027|obs_0000003614|obs_0000012856|obs_0000026178|obs_0000012375|obs_0000011954|obs_0000014593|obs_0000000796|obs_0000024909|obs_0000013724|obs_0000015279|obs_0000010719|obs_0000022517,obs_0000011344
SOMAT,Geschirrreiniger-Tabs,"€ 11,99","€ 14,49","pro Einheit = 0,13",All in 1 Extra,Nein,Dieses Angebot findest du vom 26.03. bis 01.04. in deiner Kaufland-Filiale.,2026-03-26,2026-04-01,../images/kaufland/kaufland_offer_408.jpg,cat_drogerie,,,ref_000186,obs_0000013653|obs_0000008286|obs_0000010954|obs_0000016629|obs_0000029406|obs_0000032756,obs_0000033074|obs_0000013653|obs_0000008286
PRIL,Geschirrspülmittel,"€ 1,39","€ 1,75","1 l = 2,06 - 3,09",versch. Sorten,Nein,Dieses Angebot findest du vom 30.03. bis 01.04. in deiner Kaufland-Filiale.,2026-03-30,2026-04-01,../images/kaufland/kaufland_offer_636.jpg,cat_drogerie,,,ref_000187,obs_0000015118|obs_0000008401|obs_0000011604|obs_0000015958|obs_0000031355|obs_0000034453|obs_0000011161|obs_0000010271|obs_0000013986|obs_0000028221|obs_0000034995|obs_0000013654|obs_0000008305|obs_0000013052|obs_0000020019|obs_0000016850|obs_0000032274|obs_0000006050|obs_0000005293|obs_0000029778|obs_0000005857|obs_0000006247|obs_0000006763|obs_0000030063|obs_0000032757|obs_0000007927|obs_0000024713|obs_0000025820|obs_0000013224,obs_0000015118|obs_0000032274|obs_0000034453|obs_0000011161|obs_0000010271|obs_0000013986|obs_0000006050|obs_0000005293|obs_0000020019|obs_0000028221|obs_0000034995|obs_0000008401|obs_0000016850|obs_0000011604|obs_0000013654|obs_0000015958|obs_0000005857|obs_0000006763|obs_0000030063|obs_0000008305|obs_0000007927|obs_0000031355|obs_0000013052
K-PURLAND,Geschnetzeltes Gyros Art XXL,"€ 4,79",,"1 kg = 5,99","vom Schwein, mariniert",Nein,Dieses Angebot findest du vom 26.03. bis 01.04. in deiner Kaufland-Filiale.,2026-03-26,2026-04-01,../images/kaufland/kaufland_offer_086.jpg,"cat_fleisch_wurst,sub_rind,sub_schwein,tag_high_protein,tag_proteinreich",,,ref_000188,obs_0000009260|obs_0000011841|obs_0000015648|obs_0000027966|obs_0000005250|obs_0000006354|obs_0000008915|obs_0000016549|obs_0000017057|obs_0000000408|obs_0000004118|obs_0000004545|obs_0000004972|obs_0000000648|obs_0000001454|obs_0000034972|obs_0000012763|obs_0000013967,obs_0000009260|obs_0000027966|obs_0000011841|obs_0000005250|obs_0000006354|obs_0000015648
OSTMANN,Gewürze,"€ 1,49",,"1 kg = 49,67 - 298,00",versch. Sorten,Nein,Dieses Angebot findest du vom 26.03. bis 01.04. in deiner Kaufland-Filiale.,2026-03-26,2026-04-01,../images/kaufland/kaufland_offer_279.jpg,"cat_grundnahrung,diet_vegan,tag_ultra_processed",,BLS-D433400,ref_000189,obs_0000014539|obs_0000010683,obs_0000014539
PARKSIDE,Gießkanne 10 Liter,"€ 4,99",,"pro Einheit = 4,99",Aus Kunststoff Fassungsvermögen ca. 10 l,Nein,Dieses Angebot findest du vom 26.03. bis 01.04. in deiner Kaufland-Filiale.,2026-03-26,2026-04-01,../images/kaufland/kaufland_offer_496.jpg,cat_non_food,,,ref_000190,,
PARKSIDE,Gießkanne 5 Liter,"€ 2,99",,"pro Einheit = 2,99",Aus Kunststoff Fassungsvermögen ca. 5 l,Nein,Dieses Angebot findest du vom 26.03. bis 01.04. in deiner Kaufland-Filiale.,2026-03-26,2026-04-01,../images/kaufland/kaufland_offer_507.jpg,cat_non_food,,,ref_000191,,
HENDRICK S,Gin,"€ 27,99","€ 37,99","1 l = 39,99","schott. Wacholder-Spirituose mit Aromen von Koriander, Rosenblättern, Gurkenextrakten und Zitrusschalen, 44 Vol. %",Nein,Dieses Angebot findest du vom 26.03. bis 01.04. in deiner Kaufland-Filiale.,2026-03-26,2026-04-01,../images/kaufland/kaufland_offer_352.jpg,"cat_getraenke,tag_ultra_processed",,BLS-P722000,ref_000192,obs_0000019615|obs_0000015697|obs_0000026929|obs_0000035048|obs_0000017564|obs_0000007086|obs_0000018741|obs_0000009687|obs_0000011866|obs_0000018011|obs_0000013660|obs_0000009066|obs_0000016267|obs_0000021131|obs_0000008342|obs_0000034843|obs_0000017315|obs_0000014631|obs_0000014250|obs_0000010540|obs_0000016177|obs_0000011573|obs_0000006717|obs_0000012864|obs_0000008385|obs_0000017090|obs_0000013765|obs_0000017357|obs_0000009168|obs_0000019800|obs_0000020312|obs_0000019811|obs_0000016107|obs_0000010741|obs_0000021753|obs_0000023420|obs_0000019074|obs_0000024592|obs_0000005265|obs_0000007455|obs_0000019108|obs_0000006566|obs_0000030760|obs_0000007465|obs_0000006210|obs_0000018392|obs_0000025947|obs_0000010352|obs_0000011130|obs_0000006016,obs_0000019615|obs_0000007086|obs_0000026929|obs_0000015697
BOMBAY,Gin Tonic,"€ 1,99","€ 3,29","1 l = 7,96","alkoholisches Mixgetränk, 10 Vol. % (+ 0.25 Pfand)",Nein,Dieses Angebot findest du vom 26.03. bis 01.04. in deiner Kaufland-Filiale.,2026-03-26,2026-04-01,../images/kaufland/kaufland_offer_356.jpg,cat_getraenke,,,ref_000193,obs_0000019615|obs_0000026929|obs_0000015697,
NESCAF,Gold,"€ 2,69","€ 4,49","1 kg = 18,69 - 21,52","lösliche Kaffee-Spezialitäten, versch. Sorten",Nein,Dieses Angebot findest du vom 30.03. bis 01.04. in deiner Kaufland-Filiale.,2026-03-30,2026-04-01,../images/kaufland/kaufland_offer_020.jpg,"cat_getraenke,diet_gluten_free,diet_lactose_free,diet_vegan,diet_vegetarian,tag_ultra_processed",,BLS-G230100,ref_000194,obs_0000034007|obs_0000023259|obs_0000012629|obs_0000012669|obs_0000010721|obs_0000031776|obs_0000011104|obs_0000013227|obs_0000015276|obs_0000031712|obs_0000026672|obs_0000018645|obs_0000025395|obs_0000010065|obs_0000009614|obs_0000009158|obs_0000029715|obs_0000020510|obs_0000016424|obs_0000008235|obs_0000013358|obs_0000019528|obs_0000005742|obs_0000025215|obs_0000001674|obs_0000027793|obs_0000017043|obs_0000029362|obs_0000014007|obs_0000021224|obs_0000025350|obs_0000010019|obs_0000022839|obs_0000027964|obs_0000021329|obs_0000009562|obs_0000026466|obs_0000014705|obs_0000008059|obs_0000032649|obs_0000028046|obs_0000026005|obs_0000008606|obs_0000027055|obs_0000020405|obs_0000008631|obs_0000030693|obs_0000006641|obs_0000008230|obs_0000001035,obs_0000029715|obs_0000031776|obs_0000034007|obs_0000023259|obs_0000012629|obs_0000011104|obs_0000012669|obs_0000013227|obs_0000015276|obs_0000031712|obs_0000010721|obs_0000030693
LINDT,Goldhase,"€ 1,29","€ 3,29","1 kg = 25,80","aus feinster Vollmilch-, Edelbitter- oder weißer Schokolade",Nein,Dieses Angebot findest du vom 26.03. bis 01.04. in deiner Kaufland-Filiale.,2026-03-26,2026-04-01,../images/kaufland/kaufland_offer_318.jpg,"cat_knabbern_naschen,diet_gluten_free,diet_lactose_free,diet_vegan,diet_vegetarian,tag_ultra_processed",,,ref_000195,obs_0000013665|obs_0000013666,obs_0000013665
K-BLUE BAY,Goldlocke,"€ 17,29","€ 21,15","pro Einheit = 3,29","aus Tilapiafilet, nach Art der Schillerlocke, heißgeräuchert, ohne Haut",Nein,Dieses Angebot findest du vom 26.03. bis 01.04. in deiner Kaufland-Filiale.,2026-03-26,2026-04-01,../images/kaufland/kaufland_offer_142.jpg,"cat_fisch_meeresfruechte,diet_lactose_free,diet_vegan,diet_vegetarian",,,ref_000196,obs_0000010119,obs_0000010119
K-GOLD EDITION,Gorgonzola DOP,"€ 1,99","€ 2,99","1 kg = 9,95","mild, 48 % Fett i. Tr.",Nein,Dieses Angebot findest du vom 26.03. bis 01.04. in deiner Kaufland-Filiale.,2026-03-26,2026-04-01,../images/kaufland/kaufland_offer_162.jpg,"cat_molkerei_kaese,sub_kaese,sub_milchprodukte,tag_ultra_processed",,,ref_000197,obs_0000012323|obs_0000011487|obs_0000022625|obs_0000034570|obs_0000000281|obs_0000003100|obs_0000008093|obs_0000004775|obs_0000003921|obs_0000033759|obs_0000003568|obs_0000004348,obs_0000012323|obs_0000011487|obs_0000022625
LANDANA,Gouda pikant,"€ 0,89","€ 1,89","pro Einheit = 0,89","holl. Schnittkäse, vollmundig-aromatisch, 48 % Fett i. Tr.",Nein,Dieses Angebot findest du vom 30.03. bis 01.04. in deiner Kaufland-Filiale.,2026-03-30,2026-04-01,../images/kaufland/kaufland_offer_006.jpg,"cat_molkerei_kaese,sub_kaese,sub_milchprodukte",,,ref_000198,obs_0000013983|obs_0000034978|obs_0000028379,
K-FAVOURITES,Grana Padano DOP gerieben,"€ 2,59","€ 3,29","1 kg = 17,27","gerieben, 32 % Fett i. Tr.",Nein,Dieses Angebot findest du vom 26.03. bis 01.04. in deiner Kaufland-Filiale.,2026-03-26,2026-04-01,../images/kaufland/kaufland_offer_171.jpg,"cat_molkerei_kaese,sub_kaese,sub_milchprodukte",,,ref_000199,obs_0000011032|obs_0000022624|obs_0000013230|obs_0000015809|obs_0000024568|obs_0000010424|obs_0000011475|obs_0000008584|obs_0000023167|obs_0000028820|obs_0000019702|obs_0000018289|obs_0000022437,obs_0000011032
REBENBLICK,Grauer Burgunder,"€ 1,99","€ 2,59","1 l = 2,66","Qualitätswein, Baden, fruchtige Noten von Birne, Pfirsich und Aprikose, passt zu gegrilltem Gemüse und Hähnchen",Nein,Dieses Angebot findest du vom 26.03. bis 01.04. in deiner Kaufland-Filiale.,2026-03-26,2026-04-01,../images/kaufland/kaufland_offer_372.jpg,"cat_getraenke,sub_kaese",,,ref_000200,obs_0000034725|obs_0000034879|obs_0000014060|obs_0000035029|obs_0000034630|obs_0000026591|obs_0000035031|obs_0000033201|obs_0000011588|obs_0000034631|obs_0000015081|obs_0000000726|obs_0000032451,obs_0000034725|obs_0000034879|obs_0000014060|obs_0000035029
DELOS,Griech Olivenöl,"€ 6,66","€ 9,99","1 l = 13,32",extra nativ,Nein,Dieses Angebot findest du vom 26.03. bis 01.04. in deiner Kaufland-Filiale.,2026-03-26,2026-04-01,../images/kaufland/kaufland_offer_244.jpg,"cat_grundnahrung,diet_gluten_free,diet_lactose_free,diet_vegan,diet_vegetarian,tag_whole_food",,,ref_000201,obs_0000015414|obs_0000002836|obs_0000001438|obs_0000009909|obs_0000011361|obs_0000009444,obs_0000015414
ROUGETTE,Grill- oder Ofenkäse,"€ 4,00","€ 5,38","1 kg = 11,12","versch. Sorten, 55 - 60 % Fett i. Tr.",Nein,Dieses Angebot findest du vom 30.03. bis 01.04. in deiner Kaufland-Filiale.,2026-03-30,2026-04-01,../images/kaufland/kaufland_offer_665.jpg,"cat_molkerei_kaese,sub_kaese,sub_milchprodukte",,,ref_000202,obs_0000034181|obs_0000010167|obs_0000018904|obs_0000003012|obs_0000027738|obs_0000011472|obs_0000028959|obs_0000014853|obs_0000023649|obs_0000015708,
OATLY,Haferdrink,"€ 1,79",,"pro Einheit = 1,79","Ohne Zucker, Bio Classic, Voll oder Vanille-Geschmack",Nein,Dieses Angebot findest du vom 26.03. bis 01.04. in deiner Kaufland-Filiale.,2026-03-26,2026-04-01,../images/kaufland/kaufland_offer_157.jpg,"cat_molkerei_kaese,diet_lactose_free,diet_vegan,diet_vegetarian,tag_ultra_processed",,,ref_000203,obs_0000010936|obs_0000024065|obs_0000024479|obs_0000008073|obs_0000010257|obs_0000034586|obs_0000012318|obs_0000031524|obs_0000009773|obs_0000028848|obs_0000001842|obs_0000009306|obs_0000011884|obs_0000029553|obs_0000014119|obs_0000031656|obs_0000019920|obs_0000026074|obs_0000029825|obs_0000031124|obs_0000030111|obs_0000032211|obs_0000030805|obs_0000032347|obs_0000028770|obs_0000017253|obs_0000022247|obs_0000023020|obs_0000031981|obs_0000017007|obs_0000023395,obs_0000010936
WEIHENSTEPHAN,Haltbare Milch 1 5 Fett,"€ 0,95","€ 1,59","pro Einheit = 0,95","1,5 % Fett",Nein,Dieses Angebot findest du vom 26.03. bis 01.04. in deiner Kaufland-Filiale.,2026-03-26,2026-04-01,../images/kaufland/kaufland_offer_158.jpg,"cat_molkerei_kaese,diet_gluten_free,diet_vegetarian,sub_fleischersatz,sub_milchprodukte,sub_tk_gemuese,tag_high_protein",,,ref_000204,obs_0000033979|obs_0000014372|obs_0000010924|obs_0000025642|obs_0000024153|obs_0000025740|obs_0000023736|obs_0000021248|obs_0000001831|obs_0000010141|obs_0000020429|obs_0000016892|obs_0000001632|obs_0000004105|obs_0000020007|obs_0000024615|obs_0000018655|obs_0000017120|obs_0000003359|obs_0000016208|obs_0000002386|obs_0000004959|obs_0000000398|obs_0000033695|obs_0000004532|obs_0000022969|obs_0000021992|obs_0000007169|obs_0000022533|obs_0000023628|obs_0000032344|obs_0000005727|obs_0000017142|obs_0000019205|obs_0000029468|obs_0000017221|obs_0000006982|obs_0000032089|obs_0000005531|obs_0000030114|obs_0000015798|obs_0000028092|obs_0000022513|obs_0000003614|obs_0000026178|obs_0000000796,obs_0000014372|obs_0000010924|obs_0000033979
WEIHENSTEPHAN,Haltbare Milch 3 5 Fett,"€ 0,95","€ 1,69","pro Einheit = 0,95","3,5 % Fett",Nein,Dieses Angebot findest du vom 26.03. bis 01.04. in deiner Kaufland-Filiale.,2026-03-26,2026-04-01,../images/kaufland/kaufland_offer_159.jpg,"cat_molkerei_kaese,diet_gluten_free,diet_vegetarian,sub_fleischersatz,sub_milchprodukte,sub_tk_gemuese,tag_high_protein",,,ref_000205,obs_0000033979|obs_0000014372|obs_0000010924|obs_0000025642|obs_0000024153|obs_0000025740|obs_0000023736|obs_0000021248|obs_0000001831|obs_0000010141|obs_0000020429|obs_0000016892|obs_0000001632|obs_0000004105|obs_0000020007|obs_0000024615|obs_0000018655|obs_0000017120|obs_0000003359|obs_0000016208|obs_0000002386|obs_0000004959|obs_0000000398|obs_0000033695|obs_0000004532|obs_0000022969|obs_0000021992|obs_0000007169|obs_0000022533|obs_0000023628|obs_0000032344|obs_0000005727|obs_0000017142|obs_0000019205|obs_0000029468|obs_0000017221|obs_0000006982|obs_0000032089|obs_0000005531|obs_0000030114|obs_0000015798|obs_0000028092|obs_0000022513|obs_0000003614|obs_0000026178|obs_0000000796,obs_0000014372|obs_0000010924|obs_0000033979|obs_0000015798
RAUCH,Happy Day,"€ 5,00",,"pro Einheit = 5,00","Saft-Getränk, versch. Sorten",Nein,Dieses Angebot findest du vom 26.03. bis 01.04. in deiner Kaufland-Filiale.,2026-03-26,2026-04-01,../images/kaufland/kaufland_offer_345.jpg,"cat_getraenke,diet_lactose_free,diet_vegan,diet_vegetarian",,,ref_000206,obs_0000014862|obs_0000012186|obs_0000015912|obs_0000023267|obs_0000031884|obs_0000014003|obs_0000019655|obs_0000026587|obs_0000009064|obs_0000025596|obs_0000034046|obs_0000031003|obs_0000032441|obs_0000030301|obs_0000007670,obs_0000014862|obs_0000012186|obs_0000015912|obs_0000023267
K-CLASSIC,Haselnusskerne,"€ 2,79",,"1 kg = 13,95","ganze Kerne, naturbelassen",Nein,Dieses Angebot findest du vom 26.03. bis 01.04. in deiner Kaufland-Filiale.,2026-03-26,2026-04-01,../images/kaufland/kaufland_offer_288.jpg,"cat_grundnahrung,diet_gluten_free,diet_lactose_free,diet_vegan,diet_vegetarian,tag_ultra_processed,tag_whole_food",,BLS-D660700,ref_000207,obs_0000014581|obs_0000013684|obs_0000010186|obs_0000002381|obs_0000006486|obs_0000006487|obs_0000027096|obs_0000031293|obs_0000003348|obs_0000026181|obs_0000001885|obs_0000026480|obs_0000007009|obs_0000007012|obs_0000007382,obs_0000014358|obs_0000014581|obs_0000002381|obs_0000006486|obs_0000006487|obs_0000027096|obs_0000031293|obs_0000003348|obs_0000013684|obs_0000026181|obs_0000001885|obs_0000026480|obs_0000010176|obs_0000010186
ORIGINAL OETTINGER,Hefeweißbier,"€ 7,99",,"1 l = 0,80",auch alkoholfrei (+ 3.10 Pfand),Nein,Dieses Angebot findest du vom 30.03. bis 01.04. in deiner Kaufland-Filiale.,2026-03-30,2026-04-01,../images/kaufland/kaufland_offer_666.jpg,"cat_getraenke,tag_ultra_processed",,,ref_000208,obs_0000011992,obs_0000011992
BAYREUTHER,Hell,"€ 14,99",,"1 l = 1,50",(+ 3.10 Pfand),Nein,Dieses Angebot findest du vom 26.03. bis 01.04. in deiner Kaufland-Filiale.,2026-03-26,2026-04-01,../images/kaufland/kaufland_offer_387.jpg,cat_getraenke,,,ref_000209,obs_0000010541|obs_0000034841|obs_0000009785|obs_0000031386|obs_0000034475|obs_0000034487|obs_0000009915|obs_0000027350|obs_0000011994|obs_0000006377|obs_0000035038|obs_0000014654|obs_0000028550|obs_0000008658|obs_0000028667|obs_0000034431|obs_0000013313|obs_0000028174|obs_0000033822|obs_0000030242|obs_0000008776|obs_0000028250|obs_0000015504|obs_0000027850|obs_0000026315|obs_0000034031|obs_0000035040|obs_0000035046|obs_0000035050|obs_0000028445|obs_0000029985|obs_0000034636|obs_0000012642|obs_0000031075|obs_0000010094|obs_0000006027|obs_0000028049|obs_0000027553|obs_0000003504|obs_0000034226|obs_0000027578|obs_0000029639|obs_0000029640|obs_0000032722|obs_0000032723|obs_0000005646|obs_0000034320|obs_0000001071|obs_0000027711|obs_0000033929,obs_0000028174|obs_0000034841|obs_0000030242|obs_0000009785|obs_0000031386|obs_0000034475|obs_0000034487|obs_0000009915|obs_0000027350|obs_0000011994|obs_0000006377|obs_0000035038|obs_0000029985|obs_0000010541|obs_0000014654|obs_0000028550|obs_0000006027|obs_0000008658|obs_0000032722|obs_0000028667
NEWCENTIAL,Helmüberzug,"€ 3,99",,"pro Einheit = 3,99",Aus Polyester Wasserabweisend dank PU-Beschichtung Mit reflektierenden Deko-Elementen (3M Scotchlit Mit Elastikband zur variablen Größenverstellung 3 Jahre Garantie,Nein,Dieses Angebot findest du vom 26.03. bis 01.04. in deiner Kaufland-Filiale.,2026-03-26,2026-04-01,../images/kaufland/kaufland_offer_556.jpg,cat_getraenke,,,ref_000210,,
HOMANN,Hering in Marinade,"€ 3,29",,"pro Einheit = 14,31","Bismarckhering, Gabelrollmops oder Bratheringsfilethappen",Nein,Dieses Angebot findest du vom 26.03. bis 04.04. in deiner Kaufland-Filiale.,2026-03-26,2026-04-04,../images/kaufland/kaufland_offer_214.jpg,cat_grundnahrung,,,ref_000211,obs_0000001199,obs_0000001199
LYSELL,Heringsfiletröllchen,"€ 1,69","€ 3,29","pro Einheit = 22,54",versch. Sorten,Nein,Dieses Angebot findest du vom 26.03. bis 04.04. in deiner Kaufland-Filiale.,2026-03-26,2026-04-04,../images/kaufland/kaufland_offer_215.jpg,cat_grundnahrung,,,ref_000212,obs_0000014376|obs_0000010666|obs_0000012345,obs_0000014376|obs_0000010666|obs_0000012345
HAWESTA,Heringsfilets,"€ 1,11","€ 1,99","1 kg = 5,55 - 5,85",in versch. Saucen,Nein,Dieses Angebot findest du vom 26.03. bis 01.04. in deiner Kaufland-Filiale.,2026-03-26,2026-04-01,../images/kaufland/kaufland_offer_223.jpg,cat_grundnahrung,,,ref_000213,obs_0000002730|obs_0000034417|obs_0000015371|obs_0000008976|obs_0000011350|obs_0000027864|obs_0000034021|obs_0000005761|obs_0000006146|obs_0000019086|obs_0000013969|obs_0000012835|obs_0000001196|obs_0000029110|obs_0000023376|obs_0000011345|obs_0000008151|obs_0000007389|obs_0000001645|obs_0000014064|obs_0000007036|obs_0000028030|obs_0000012193|obs_0000032556|obs_0000008374|obs_0000030810|obs_0000034144|obs_0000032302|obs_0000035090|obs_0000006134,obs_0000015371|obs_0000008976|obs_0000002730|obs_0000011350|obs_0000027864|obs_0000034021|obs_0000034417|obs_0000028030
HAPPY SHORTS,Herren-Retroshorts,"€ 6,99","€ 16,99","pro Einheit = 6,99",Aus Baumwolle und Elastan Versch. Farben und Motive Größen M - XXL,Nein,Dieses Angebot findest du vom 26.03. bis 01.04. in deiner Kaufland-Filiale.,2026-03-26,2026-04-01,../images/kaufland/kaufland_offer_486.jpg,cat_non_food,,,ref_000214,obs_0000016056|obs_0000012148|obs_0000026634|obs_0000009639|obs_0000026210|obs_0000008139,obs_0000016056|obs_0000012148
NIKE,Herren-Sweathoodie,"€ 34,99","€ 54,95","pro Einheit = 34,99",Aus Baumwolle und Polyester Größen M - XXL,Nein,Dieses Angebot findest du vom 26.03. bis 01.04. in deiner Kaufland-Filiale.,2026-03-26,2026-04-01,../images/kaufland/kaufland_offer_487.jpg,cat_non_food,,,ref_000215,obs_0000015186|obs_0000014414|obs_0000013021|obs_0000009069|obs_0000025455|obs_0000015620|obs_0000016046|obs_0000014168|obs_0000019226|obs_0000023574|obs_0000011807|obs_0000008864|obs_0000011737,obs_0000014414|obs_0000016973|obs_0000013021|obs_0000015186|obs_0000015193|obs_0000009069|obs_0000025455|obs_0000015620|obs_0000016046|obs_0000014168
NIKE,Herren-T-Shirt,"€ 14,99","€ 27,99","pro Einheit = 14,99",Aus Baumwolle und Polyester Größen M - XXL,Nein,Dieses Angebot findest du vom 26.03. bis 01.04. in deiner Kaufland-Filiale.,2026-03-26,2026-04-01,../images/kaufland/kaufland_offer_488.jpg,cat_non_food,,,ref_000216,obs_0000012620|obs_0000012700|obs_0000014797|obs_0000009161|obs_0000011260|obs_0000017457|obs_0000031856|obs_0000013704|obs_0000031708|obs_0000030035|obs_0000012150|obs_0000000755|obs_0000023324|obs_0000023466|obs_0000000968|obs_0000023573|obs_0000001225|obs_0000011740|obs_0000011807|obs_0000009163|obs_0000011737,obs_0000012598|obs_0000012620|obs_0000012700|obs_0000014797|obs_0000009161|obs_0000011260|obs_0000017457|obs_0000031856|obs_0000013704|obs_0000016055
K-GOLD EDITION,Herzogin-Kartoffeln,"€ 1,39","€ 1,69","1 kg = 2,32",aus frisch hergestelltem Kartoffelpüree,Nein,Dieses Angebot findest du vom 26.03. bis 01.04. in deiner Kaufland-Filiale.,2026-03-26,2026-04-01,../images/kaufland/kaufland_offer_195.jpg,"cat_tiefkuehl,diet_gluten_free,diet_lactose_free,diet_vegan,diet_vegetarian,sub_frisches_gemuese,sub_kartoffeln,tag_ultra_processed,tag_whole_food",,BLS-X641000,ref_000217,obs_0000034890|obs_0000017259|obs_0000019468|obs_0000001743|obs_0000016400,obs_0000034890|obs_0000017259|obs_0000019468|obs_0000001743|obs_0000016400
EHRMANN,High Protein Skyr,"€ 1,49",,"1 kg = 3,32",versch. Sorten,Nein,Dieses Angebot findest du vom 26.03. bis 01.04. in deiner Kaufland-Filiale.,2026-03-26,2026-04-01,../images/kaufland/kaufland_offer_148.jpg,"cat_molkerei_kaese,diet_vegetarian,sub_joghurt_skyr_quark,sub_milchprodukte,tag_high_protein,tag_proteinreich",,,ref_000218,obs_0000026630|obs_0000011877|obs_0000000814|obs_0000024892|obs_0000031441|obs_0000004612|obs_0000035103|obs_0000000087|obs_0000004185|obs_0000028284|obs_0000011908|obs_0000003214|obs_0000010929|obs_0000014520|obs_0000026368|obs_0000031519|obs_0000005039|obs_0000008628|obs_0000000451|obs_0000016341|obs_0000019929|obs_0000011464|obs_0000013245|obs_0000016394|obs_0000020493|obs_0000025613|obs_0000001056|obs_0000004141|obs_0000022585|obs_0000022588|obs_0000003645|obs_0000002635|obs_0000011938|obs_0000021162|obs_0000023034|obs_0000025263|obs_0000001758|obs_0000001774|obs_0000011525|obs_0000003363|obs_0000001325|obs_0000006453|obs_0000021312|obs_0000011077|obs_0000011109|obs_0000020343|obs_0000010616|obs_0000004995|obs_0000017800|obs_0000018363,obs_0000026630|obs_0000011877
BRANDT,Hobbits kernig,"€ 1,29","€ 1,79","1 kg = 5,16",Hafer-Mürbekekse,Nein,Dieses Angebot findest du vom 26.03. bis 01.04. in deiner Kaufland-Filiale.,2026-03-26,2026-04-01,../images/kaufland/kaufland_offer_331.jpg,cat_knabbern_naschen,,,ref_000219,,
PARKSIDE,Hochdruckreiniger PHD 170,"€ 89,99","€ 89,99","pro Einheit = 89,99","Zur Reinigung von Fahrzeugen, Terrassen etc. Leistungsstarke Aluminium-Hochdruckpumpe Strom- und wassersparend durch Auto-Start-Stopp Auch wasserleitungsunabhängig einsetzbar Quick-Connect-System für einfachen Düsenwechsel Pistolengriff mit Kindersicherung Schlauchtrommel und Zubehörhalter integriert Passend für alle gängigen Schlauch-Systeme Fördermenge max. 500 l/h Druck max. 170 bar Netzkabel ca. 5 m 2.400 W Inkl. 10-m-Anti-Twist-Hochdruckschlauch, Lanze Inkl. Turbo-Schmutzfräse, rotierende Waschbürste Inkl. Vario-Düse, Reinigungsmittel (500 ml) 3 Jahre Garantie",Nein,Dieses Angebot findest du vom 26.03. bis 01.04. in deiner Kaufland-Filiale.,2026-03-26,2026-04-01,../images/kaufland/kaufland_offer_452.jpg,cat_non_food,,,ref_000220,obs_0000022745|obs_0000023922|obs_0000024343|obs_0000017447|obs_0000018678,obs_0000017761
Keine Marke,Hondur brasil Galiamelone lose,"€ 2,29","€ 2,99","pro Einheit = 2,29",Kl. I,Nein,Dieses Angebot findest du vom 26.03. bis 01.04. in deiner Kaufland-Filiale.,2026-03-26,2026-04-01,../images/kaufland/kaufland_offer_056.jpg,"cat_obst_gemuese,diet_gluten_free,diet_lactose_free,diet_vegan,diet_vegetarian,sub_exoten,sub_frisches_gemuese,sub_frisches_obst,tag_whole_food",,,ref_000221,obs_0000025779,
Keine Marke,Hortensie,"€ 6,99",,"pro Einheit = 6,99","versch. Farben, Topf Ø 14 cm",Nein,Dieses Angebot findest du vom 26.03. bis 01.04. in deiner Kaufland-Filiale.,2026-03-26,2026-04-01,../images/kaufland/kaufland_offer_079.jpg,"cat_obst_gemuese,diet_gluten_free,diet_lactose_free,diet_vegan,diet_vegetarian,tag_whole_food",,,ref_000222,obs_0000013248,obs_0000013248
DOKAS,Hundesnack,"€ 3,99","€ 5,99","1 kg = 15,96 - 23,48",Hühner- oder Entenbrust in Streifen oder Stückchen,Nein,Dieses Angebot findest du vom 26.03. bis 01.04. in deiner Kaufland-Filiale.,2026-03-26,2026-04-01,../images/kaufland/kaufland_offer_425.jpg,"cat_drogerie,tag_ultra_processed",,,ref_000223,obs_0000033863|obs_0000012906|obs_0000011629|obs_0000008212|obs_0000012035|obs_0000013835|obs_0000009934|obs_0000009469|obs_0000028190|obs_0000031825,obs_0000033863|obs_0000012906|obs_0000011629|obs_0000008212
PURINA BENEFUL,Hundevollnahrung,"€ 3,79","€ 4,75","1 kg = 2,71",versch. Sorten,Nein,Dieses Angebot findest du vom 26.03. bis 01.04. in deiner Kaufland-Filiale.,2026-03-26,2026-04-01,../images/kaufland/kaufland_offer_426.jpg,cat_drogerie,,,ref_000224,obs_0000012490,obs_0000012490
Keine Marke,Husarenknöpfchen oder Zweizahn,"€ 1,79",,"pro Einheit = 1,79","versch. Farben, Topf Ø 10,5 cm, ab 1,79 €",Nein,Dieses Angebot findest du vom 26.03. bis 01.04. in deiner Kaufland-Filiale.,2026-03-26,2026-04-01,../images/kaufland/kaufland_offer_073.jpg,"cat_obst_gemuese,diet_gluten_free,diet_lactose_free,diet_vegan,diet_vegetarian,tag_ultra_processed,tag_whole_food",,,ref_000225,,
EM-EUKAL,Hustenbonbons zuckerfrei,"€ 1,49","€ 1,95","1 kg = 19,87",versch. Sorten,Nein,Dieses Angebot findest du vom 26.03. bis 01.04. in deiner Kaufland-Filiale.,2026-03-26,2026-04-01,../images/kaufland/kaufland_offer_321.jpg,"cat_knabbern_naschen,tag_ultra_processed",,,ref_000226,obs_0000012174|obs_0000019079|obs_0000023406|obs_0000033439,obs_0000012174
K-PURLAND,Hähnchen-Minutenschnitzel XXL,"€ 7,49",,"1 kg = 9,37",aus dem Brustfilet,Nein,Dieses Angebot findest du vom 26.03. bis 01.04. in deiner Kaufland-Filiale.,2026-03-26,2026-04-01,../images/kaufland/kaufland_offer_096.jpg,"cat_fleisch_wurst,sub_gefluegel,sub_schwein,tag_high_protein,tag_proteinreich",,,ref_000227,obs_0000008852|obs_0000013251|obs_0000019114|obs_0000008655|obs_0000010593|obs_0000012765|obs_0000014039|obs_0000014456|obs_0000015353|obs_0000008788|obs_0000010591|obs_0000011427|obs_0000011849|obs_0000012278|obs_0000013710|obs_0000014914|obs_0000014915|obs_0000015352|obs_0000015748|obs_0000001008|obs_0000018252|obs_0000026459|obs_0000027062|obs_0000002540|obs_0000027611|obs_0000027869|obs_0000000055|obs_0000000217|obs_0000016724|obs_0000000432|obs_0000026229|obs_0000002168|obs_0000019055|obs_0000027320|obs_0000019270|obs_0000003026|obs_0000003039|obs_0000019665|obs_0000003825|obs_0000020217|obs_0000004158|obs_0000020633|obs_0000004252|obs_0000004585|obs_0000021036|obs_0000004679|obs_0000005012|obs_0000021452|obs_0000029905|obs_0000021794,obs_0000008655|obs_0000001008|obs_0000018252|obs_0000026459|obs_0000010593|obs_0000027062|obs_0000002540|obs_0000019114|obs_0000027611|obs_0000027869|obs_0000012765|obs_0000013251|obs_0000014039|obs_0000014456|obs_0000015353
DAILY KITCHEN,Hähnchen-Schnitte Cordon Bleu,"€ 2,99","€ 3,79","1 kg = 7,98","gefüllt mit Schmelzkäse und Schinken, paniert",Nein,Dieses Angebot findest du vom 26.03. bis 01.04. in deiner Kaufland-Filiale.,2026-03-26,2026-04-01,../images/kaufland/kaufland_offer_099.jpg,"cat_fleisch_wurst,sub_gefluegel,tag_ultra_processed",,,ref_000228,obs_0000011001|obs_0000031204|obs_0000021113|obs_0000025311|obs_0000029874|obs_0000029903|obs_0000029962|obs_0000032363|obs_0000020294|obs_0000004217|obs_0000000478|obs_0000004644|obs_0000005071|obs_0000030974|obs_0000002447|obs_0000029182|obs_0000002774|obs_0000000825|obs_0000001307|obs_0000034131|obs_0000003416|obs_0000011833,obs_0000004217|obs_0000008646|obs_0000000478|obs_0000031204|obs_0000004644|obs_0000021113|obs_0000025311|obs_0000011001|obs_0000005071|obs_0000029874|obs_0000029903|obs_0000029962|obs_0000032363|obs_0000020294
K-PURLAND,Hähnchenflügel,"€ 2,69",,"1 kg = 4,90","natur, HKL A",Nein,Dieses Angebot findest du vom 26.03. bis 01.04. in deiner Kaufland-Filiale.,2026-03-26,2026-04-01,../images/kaufland/kaufland_offer_097.jpg,"cat_fleisch_wurst,sub_gefluegel,sub_rind,tag_high_protein,tag_proteinreich,tag_ultra_processed",,BLS-V417100,ref_000229,obs_0000010896|obs_0000018666|obs_0000022133|obs_0000012762|obs_0000011000|obs_0000015246|obs_0000013996|obs_0000025047|obs_0000031205|obs_0000019539|obs_0000034078|obs_0000024669,obs_0000018666|obs_0000012762|obs_0000010896|obs_0000011000|obs_0000015246|obs_0000022133|obs_0000013996
CLEMENTONI,Idea Bastelset Duftende Blumen-Kreationen,"€ 17,99","€ 26,99","pro Einheit = 17,99","Set zum Basteln duftender Blumenkompositionen Blüten können gefärbt/mit Düften besprüht werden Mit Stielen, Blättern, Blüten, Farben und Düften Für Kinder ab 8 Jahren",Nein,Dieses Angebot findest du vom 26.03. bis 01.04. in deiner Kaufland-Filiale.,2026-03-26,2026-04-01,../images/kaufland/kaufland_offer_457.jpg,cat_non_food,,,ref_000230,obs_0000003159|obs_0000002423,
CAVINO,Imiglykos,"€ 2,22",,"1 l = 2,96","Tafelwein, Griechenland, fruchtig, rund, passt zu kräftigen Fleischgerichten",Nein,Dieses Angebot findest du vom 26.03. bis 01.04. in deiner Kaufland-Filiale.,2026-03-26,2026-04-01,../images/kaufland/kaufland_offer_362.jpg,cat_getraenke,,,ref_000231,,
NEWCENTIAL,Inlinerhelm,"€ 9,99",,"pro Einheit = 9,99","Stoßfeste ABS-Außenschale Hochabsorbierende EPS-Innenschale Optimale Passform durch Kopfbandsystem Ventilationssystem mit 9 Belüftungsöffnungen Herausnehmbares Innenfutter Verstellbarer, gepolsterter Kinnriemen Geprüft nach DIN EN 1078 Auch für Skateboarder geeignet Größe S/M (Kopfumfang ca. 50 - 54 cm) Größe M/L (Kopfumfang ca. 54 - 58 cm) 3 Jahre Garantie",Nein,Dieses Angebot findest du vom 26.03. bis 01.04. in deiner Kaufland-Filiale.,2026-03-26,2026-04-01,../images/kaufland/kaufland_offer_544.jpg,"cat_getraenke,tag_ultra_processed",,,ref_000232,,
K-CLASSIC,Instant-Teegetränk,"€ 1,39",,"1 kg = 3,48",versch. Sorten,Nein,Dieses Angebot findest du vom 30.03. bis 01.04. in deiner Kaufland-Filiale.,2026-03-30,2026-04-01,../images/kaufland/kaufland_offer_658.jpg,"cat_getraenke,diet_lactose_free,diet_vegetarian,tag_ultra_processed",,,ref_000233,obs_0000008362|obs_0000010197|obs_0000014660|obs_0000009178|obs_0000013446|obs_0000009661|obs_0000015945|obs_0000012001,obs_0000008362|obs_0000010197
FUNNY FRISCH,Intense Chips,"€ 1,49","€ 1,99","1 kg = 13,55","Juicy Paprika, extra würzig",Nein,Dieses Angebot findest du vom 26.03. bis 01.04. in deiner Kaufland-Filiale.,2026-03-26,2026-04-01,../images/kaufland/kaufland_offer_308.jpg,"cat_knabbern_naschen,sub_huelsenfruechte,tag_ultra_processed",,,ref_000234,obs_0000015889|obs_0000014349|obs_0000002584|obs_0000035109|obs_0000003161|obs_0000019072|obs_0000023296|obs_0000014595|obs_0000011110|obs_0000033655|obs_0000034193|obs_0000031705,obs_0000007688|obs_0000015889|obs_0000000033|obs_0000003763|obs_0000005847|obs_0000006381|obs_0000034206
BAILEYS,Irish Cream Liqueur,"€ 9,99",,"1 l = 14,28","The Original, 17 Vol. %",Nein,Dieses Angebot findest du vom 26.03. bis 01.04. in deiner Kaufland-Filiale.,2026-03-26,2026-04-01,../images/kaufland/kaufland_offer_347.jpg,"cat_getraenke,tag_ultra_processed",,,ref_000235,obs_0000011571|obs_0000010060|obs_0000009609|obs_0000032265|obs_0000029074|obs_0000029084|obs_0000017462|obs_0000014635,obs_0000011571
TULLAMORE DEW,Irish Whiskey,"€ 12,99","€ 18,99","1 l = 18,56","sanftes, klares Aroma mit etwas Vanille, angenehm mild durch dreifache Destillation, 40 Vol. %",Nein,Dieses Angebot findest du vom 30.03. bis 01.04. in deiner Kaufland-Filiale.,2026-03-30,2026-04-01,../images/kaufland/kaufland_offer_653.jpg,cat_getraenke,,,ref_000236,obs_0000008756|obs_0000034422|obs_0000015066|obs_0000018216|obs_0000012631|obs_0000019325|obs_0000026577|obs_0000010744|obs_0000011310|obs_0000010336|obs_0000020586|obs_0000028811|obs_0000008371|obs_0000022838|obs_0000027465|obs_0000021896|obs_0000021405|obs_0000013253|obs_0000019442|obs_0000000036|obs_0000007262|obs_0000031414|obs_0000018103|obs_0000003769|obs_0000006359|obs_0000006898|obs_0000031086|obs_0000006558|obs_0000005631|obs_0000019481|obs_0000000035|obs_0000015918|obs_0000028758|obs_0000013407|obs_0000005266|obs_0000003768|obs_0000015067|obs_0000023302|obs_0000006554|obs_0000001469|obs_0000011979|obs_0000016479|obs_0000017011|obs_0000009994|obs_0000009532|obs_0000001959,obs_0000011310|obs_0000008756|obs_0000010336|obs_0000020586|obs_0000034422|obs_0000028811|obs_0000008371|obs_0000006359|obs_0000015066|obs_0000006898|obs_0000018216|obs_0000022838|obs_0000027465|obs_0000012631|obs_0000019325|obs_0000021896|obs_0000021405|obs_0000013253|obs_0000026577|obs_0000019442|obs_0000010744|obs_0000005631
K-CLASSIC,Iso-Drink,"€ 0,59","€ 0,79","1 l = 0,79","isotonisches Erfrischungsgetränk, kalorienarm, mit Vitamin B6, blau oder rot (+ 0.25 Pfand)",Nein,Dieses Angebot findest du vom 26.03. bis 01.04. in deiner Kaufland-Filiale.,2026-03-26,2026-04-01,../images/kaufland/kaufland_offer_397.jpg,"cat_getraenke,diet_lactose_free,diet_vegan,diet_vegetarian,tag_ultra_processed",,,ref_000237,obs_0000015095|obs_0000011153|obs_0000026421,obs_0000015095|obs_0000011153
Keine Marke,Ital Blattspinat,"€ 1,99","€ 2,79","1 kg = 3,98",Kl. I,Nein,Dieses Angebot findest du vom 30.03. bis 01.04. in deiner Kaufland-Filiale.,2026-03-30,2026-04-01,../images/kaufland/kaufland_offer_647.jpg,"cat_obst_gemuese,diet_gluten_free,diet_lactose_free,diet_vegan,diet_vegetarian,sub_exoten,sub_frisches_gemuese,sub_frisches_obst,sub_tk_gemuese,tag_whole_food",,,ref_000238,obs_0000010559|obs_0000028482|obs_0000028592,obs_0000010559
Keine Marke,Ital Kiwi gold,"€ 2,99",,"pro Einheit = 2,99",Kl. I,Nein,Dieses Angebot findest du vom 26.03. bis 01.04. in deiner Kaufland-Filiale.,2026-03-26,2026-04-01,../images/kaufland/kaufland_offer_078.jpg,"cat_obst_gemuese,diet_gluten_free,diet_lactose_free,diet_vegan,diet_vegetarian,sub_exoten,sub_frisches_obst,tag_whole_food",,,ref_000239,obs_0000010981|obs_0000011814|obs_0000019528|obs_0000027793|obs_0000021224|obs_0000010019|obs_0000009562|obs_0000026466|obs_0000008059|obs_0000028046|obs_0000027055|obs_0000020405|obs_0000008631|obs_0000014882|obs_0000028872|obs_0000012677|obs_0000005510|obs_0000002439|obs_0000005526|obs_0000031776|obs_0000010274|obs_0000034007|obs_0000023259|obs_0000012629|obs_0000011104|obs_0000012669|obs_0000013227|obs_0000015276|obs_0000031712|obs_0000010721,obs_0000010981
Keine Marke,Ital Radieschen,"€ 0,59","€ 0,89","pro Einheit = 0,59",Kl. I,Nein,Dieses Angebot findest du vom 26.03. bis 01.04. in deiner Kaufland-Filiale.,2026-03-26,2026-04-01,../images/kaufland/kaufland_offer_062.jpg,"cat_obst_gemuese,diet_gluten_free,diet_lactose_free,diet_vegan,diet_vegetarian,sub_exoten,sub_frisches_obst,tag_ultra_processed,tag_whole_food",,BLS-G691100,ref_000240,obs_0000030438|obs_0000014149|obs_0000013256|obs_0000029140,
DELVERDE,Ital Teigwaren,"€ 0,77","€ 1,89","1 kg = 1,54","100 % Hartweizengrieß, versch. Ausformungen",Nein,Dieses Angebot findest du vom 26.03. bis 01.04. in deiner Kaufland-Filiale.,2026-03-26,2026-04-01,../images/kaufland/kaufland_offer_281.jpg,"cat_grundnahrung,diet_vegetarian,sub_nudeln",,,ref_000241,obs_0000011336|obs_0000008738|obs_0000015404|obs_0000026301,obs_0000011336
Keine Marke,Ital span Spargelspitzen,"€ 3,99","€ 4,99","1 kg = 15,96","grün, KI. I",Nein,Dieses Angebot findest du vom 30.03. bis 01.04. in deiner Kaufland-Filiale.,2026-03-30,2026-04-01,../images/kaufland/kaufland_offer_622.jpg,"cat_obst_gemuese,diet_gluten_free,diet_lactose_free,diet_vegan,diet_vegetarian,sub_frisches_gemuese,sub_frisches_obst,tag_whole_food",,,ref_000242,obs_0000010562|obs_0000015736|obs_0000011752,
LANDLIEBE,Joghurt,"€ 1,19",,"1 kg = 2,38","Fruchtjoghurt 3,8 %, versch. Sorten, oder Rahmjoghurt 10 % Fett im Milchanteil (+ 0.15 Pfand)",Nein,Dieses Angebot findest du vom 26.03. bis 01.04. in deiner Kaufland-Filiale.,2026-03-26,2026-04-01,../images/kaufland/kaufland_offer_149.jpg,"cat_molkerei_kaese,diet_vegetarian,sub_joghurt_skyr_quark,sub_milchprodukte,sub_sahne_creme,tag_ultra_processed",,BLS-X3A9010,ref_000243,obs_0000026710|obs_0000028966|obs_0000015673|obs_0000021506|obs_0000021508|obs_0000025171|obs_0000020687|obs_0000020689|obs_0000025811|obs_0000017127|obs_0000023284|obs_0000008703|obs_0000034580|obs_0000025392|obs_0000019794|obs_0000033696|obs_0000009663|obs_0000009180|obs_0000023030|obs_0000027682|obs_0000002722|obs_0000006440|obs_0000016386|obs_0000031756|obs_0000020500|obs_0000004133|obs_0000018991|obs_0000004657|obs_0000019507|obs_0000020030|obs_0000007763|obs_0000027740|obs_0000002653|obs_0000005728|obs_0000029797|obs_0000025213|obs_0000003199|obs_0000004230|obs_0000017054|obs_0000000671|obs_0000004783|obs_0000021174|obs_0000011458|obs_0000003781|obs_0000003287|obs_0000031971|obs_0000017128|obs_0000001772|obs_0000004356|obs_0000001804,obs_0000021506|obs_0000021508|obs_0000025171|obs_0000026710|obs_0000005728|obs_0000029797|obs_0000020687|obs_0000020689|obs_0000025811|obs_0000031971|obs_0000017127|obs_0000023284|obs_0000008703|obs_0000034580|obs_0000028966|obs_0000025392|obs_0000015673|obs_0000019794|obs_0000032342|obs_0000033696|obs_0000009663|obs_0000009180|obs_0000006624|obs_0000023030
Keine Marke,Junge poln Ente,"€ 4,49",,"pro Einheit = 11,23",HKL A,Nein,Dieses Angebot findest du vom 30.03. bis 01.04. in deiner Kaufland-Filiale.,2026-03-30,2026-04-01,../images/kaufland/kaufland_offer_620.jpg,"cat_obst_gemuese,diet_gluten_free,diet_lactose_free,diet_vegan,diet_vegetarian,sub_frisches_gemuese,sub_frisches_obst,sub_gefluegel,tag_whole_food",,,ref_000244,obs_0000014455|obs_0000004502|obs_0000028992|obs_0000004929|obs_0000027997|obs_0000003303|obs_0000004075|obs_0000008947|obs_0000002304|obs_0000008195|obs_0000021289|obs_0000025067|obs_0000020470,obs_0000014455
NAMDONG,K-Noodles,"€ 0,99","€ 1,79","1 kg = 11,93","Instant-Nudeln, Beef- oder Kimchi-Jjigae-Geschmack",Nein,Dieses Angebot findest du vom 26.03. bis 01.04. in deiner Kaufland-Filiale.,2026-03-26,2026-04-01,../images/kaufland/kaufland_offer_273.jpg,"cat_grundnahrung,tag_ultra_processed",,,ref_000245,obs_0000009101|obs_0000006125|obs_0000014999|obs_0000009192|obs_0000034509|obs_0000031013|obs_0000016998|obs_0000031030|obs_0000016441|obs_0000022973|obs_0000024714,obs_0000006125
HALAMI,Kabanos,"€ 1,79",,"1 kg = 19,89","aus 100 % Truthahnfleisch, natürlich geräuchert, halal",Nein,Dieses Angebot findest du vom 26.03. bis 01.04. in deiner Kaufland-Filiale.,2026-03-26,2026-04-01,../images/kaufland/kaufland_offer_123.jpg,"cat_fleisch_wurst,sub_wurst,tag_ultra_processed",,BLS-W218100,ref_000246,obs_0000011011|obs_0000012778|obs_0000016109|obs_0000011014|obs_0000028679|obs_0000028559|obs_0000008470|obs_0000006189|obs_0000032560|obs_0000034356|obs_0000030911|obs_0000006873|obs_0000016099|obs_0000000616|obs_0000029807|obs_0000014835|obs_0000012661|obs_0000031491|obs_0000007223|obs_0000001103|obs_0000030820|obs_0000005225|obs_0000030551|obs_0000030519|obs_0000031478,obs_0000011011|obs_0000012778|obs_0000016109
PAULUS,Kabeljaufilet,"€ 9,99","€ 12,99","1 kg = 14,28",in Portionen,Nein,Dieses Angebot findest du vom 26.03. bis 04.04. in deiner Kaufland-Filiale.,2026-03-26,2026-04-04,../images/kaufland/kaufland_offer_203.jpg,cat_tiefkuehl,,,ref_000247,obs_0000007045|obs_0000034935|obs_0000008573|obs_0000033887,obs_0000007045|obs_0000034935|obs_0000008573
EDUSCHO,Kaffee,"€ 13,99",,"pro Einheit = 13,99","Caffè Crema Kräftig oder Variation, ganze Bohnen",Nein,Dieses Angebot findest du vom 26.03. bis 01.04. in deiner Kaufland-Filiale.,2026-03-26,2026-04-01,../images/kaufland/kaufland_offer_300.jpg,"cat_knabbern_naschen,diet_gluten_free,diet_lactose_free,diet_vegan,diet_vegetarian,tag_ultra_processed",,BLS-N410100,ref_000248,obs_0000012856|obs_0000012375|obs_0000011954|obs_0000014593|obs_0000024909|obs_0000013724|obs_0000015279|obs_0000010719|obs_0000022517|obs_0000011952|obs_0000007172|obs_0000001036|obs_0000011792|obs_0000015886|obs_0000014364|obs_0000031774|obs_0000008737|obs_0000005168|obs_0000012378|obs_0000001674|obs_0000018585|obs_0000007356|obs_0000027842|obs_0000005362|obs_0000027412|obs_0000034615|obs_0000027964|obs_0000024390|obs_0000010059|obs_0000000848|obs_0000009608|obs_0000023971|obs_0000033702|obs_0000034731|obs_0000013262|obs_0000011764|obs_0000008231|obs_0000010210|obs_0000026632|obs_0000001035|obs_0000001037|obs_0000001038|obs_0000001039|obs_0000029713|obs_0000021523|obs_0000025137|obs_0000025139|obs_0000030782|obs_0000025157|obs_0000011344,obs_0000012856|obs_0000012375|obs_0000011954|obs_0000014593|obs_0000024909|obs_0000013724|obs_0000015279|obs_0000010719|obs_0000022517
BÄRENMARKE,Kakao oder Eiskaffee,"€ 1,69","€ 1,99","pro Einheit = 1,69","versch. Sorten, 1,8 % Fett",Nein,Dieses Angebot findest du vom 26.03. bis 01.04. in deiner Kaufland-Filiale.,2026-03-26,2026-04-01,../images/kaufland/kaufland_offer_160.jpg,"cat_molkerei_kaese,diet_gluten_free,diet_lactose_free,diet_vegan,diet_vegetarian,tag_ultra_processed",,,ref_000249,,
SUCHARD EXPRESS,Kakaohaltiges Getränkepulver,"€ 2,49","€ 3,19","1 kg = 6,23",mit Traubenzucker,Nein,Dieses Angebot findest du vom 26.03. bis 01.04. in deiner Kaufland-Filiale.,2026-03-26,2026-04-01,../images/kaufland/kaufland_offer_304.jpg,"cat_knabbern_naschen,diet_vegetarian,tag_ultra_processed",,,ref_000250,obs_0000015887|obs_0000014858|obs_0000009996|obs_0000009102|obs_0000013655|obs_0000015447|obs_0000009534,obs_0000015887
Keine Marke,Kalanchoe,"€ 2,22",,"pro Einheit = 2,22","versch. Farben, ohne Übertopf, Topf Ø 10,5 cm",Nein,Dieses Angebot findest du vom 26.03. bis 01.04. in deiner Kaufland-Filiale.,2026-03-26,2026-04-01,../images/kaufland/kaufland_offer_068.jpg,"cat_obst_gemuese,diet_gluten_free,diet_lactose_free,diet_vegan,diet_vegetarian,sub_exoten,sub_frisches_gemuese,sub_frisches_obst,tag_ultra_processed,tag_whole_food",,,ref_000251,obs_0000011402|obs_0000014827|obs_0000027150|obs_0000017724|obs_0000018750|obs_0000022062|obs_0000018385|obs_0000012650|obs_0000034920|obs_0000012747,obs_0000011402|obs_0000014827|obs_0000027150|obs_0000017724|obs_0000018750
BRÜNINGHOFF,Kalbsbraten vom Bug,"€ 15,90",,"pro Einheit = 15,90","für zarten, saftigen Braten-Genuss",Nein,Dieses Angebot findest du vom 26.03. bis 01.04. in deiner Kaufland-Filiale.,2026-03-26,2026-04-01,../images/kaufland/kaufland_offer_101.jpg,"cat_fleisch_wurst,sub_rind",,,ref_000252,obs_0000015751,obs_0000015751
Keine Marke,Kalbsleber am Stück,"€ 15,90","€ 17,90","pro Einheit = 15,90",besonders mild und zart,Nein,Dieses Angebot findest du vom 26.03. bis 01.04. in deiner Kaufland-Filiale.,2026-03-26,2026-04-01,../images/kaufland/kaufland_offer_139.jpg,"cat_fleisch_wurst,diet_gluten_free,diet_lactose_free,diet_vegan,diet_vegetarian,sub_rind,tag_ultra_processed,tag_whole_food",,,ref_000253,obs_0000013063|obs_0000021641|obs_0000009366|obs_0000001945|obs_0000014910|obs_0000011840|obs_0000024642|obs_0000023629|obs_0000025165|obs_0000010579|obs_0000012758|obs_0000020822|obs_0000013402|obs_0000001637|obs_0000001638|obs_0000015345|obs_0000001010|obs_0000029511|obs_0000005983|obs_0000028640|obs_0000030447,
K-CLASSIC,Kaliforn Pistazien,"€ 2,69","€ 3,49","1 kg = 10,76",geröstet und gesalzen,Nein,Dieses Angebot findest du vom 30.03. bis 01.04. in deiner Kaufland-Filiale.,2026-03-30,2026-04-01,../images/kaufland/kaufland_offer_615.jpg,"cat_grundnahrung,diet_lactose_free,diet_vegan,diet_vegetarian,tag_ultra_processed",,,ref_000254,obs_0000010945|obs_0000011959|obs_0000004160|obs_0000000433|obs_0000004587|obs_0000005014|obs_0000001787,obs_0000010945|obs_0000009501|obs_0000011959|obs_0000009962
DENVER,Karoke-Mikrofon KMS-30,"€ 9,99",,"pro Einheit = 9,99",Lautsprecher 5 W (RMS) Bluetooth 5.0 Akkulaufzeit bis zu 6 h,Nein,Dieses Angebot findest du vom 26.03. bis 01.04. in deiner Kaufland-Filiale.,2026-03-26,2026-04-01,../images/kaufland/kaufland_offer_435.jpg,cat_non_food,,,ref_000255,,
POM-BÄR,Kartoffelsnacks,"€ 1,11","€ 1,79","1 kg = 14,80",versch. Sorten,Nein,Dieses Angebot findest du vom 30.03. bis 01.04. in deiner Kaufland-Filiale.,2026-03-30,2026-04-01,../images/kaufland/kaufland_offer_048.jpg,"cat_knabbern_naschen,diet_gluten_free,diet_lactose_free,diet_vegan,diet_vegetarian,sub_frisches_gemuese,sub_kartoffeln,tag_ultra_processed,tag_whole_food",,BLS-K280200,ref_000256,obs_0000011315|obs_0000012859,obs_0000011315|obs_0000012859
K-PURLAND,Kasseler Nacken mit Knochen vom Schwein,"€ 5,99",,"pro Einheit = 5,99","vom Schwein, mit Knochen, am Stück, goldgelb geräuchert",Nein,Dieses Angebot findest du vom 26.03. bis 01.04. in deiner Kaufland-Filiale.,2026-03-26,2026-04-01,../images/kaufland/kaufland_offer_085.jpg,"cat_fleisch_wurst,sub_rind,sub_schwein,tag_high_protein,tag_proteinreich",,,ref_000257,obs_0000013269|obs_0000011838|obs_0000009034|obs_0000009262|obs_0000010358|obs_0000014481|obs_0000030873|obs_0000029560|obs_0000029661|obs_0000033902|obs_0000013781|obs_0000005806|obs_0000028670,obs_0000013269|obs_0000011838
PERFECT FIT,Katzen-Trockenfutter,"€ 2,99","€ 3,95","1 kg = 3,99",versch. Sorten,Nein,Dieses Angebot findest du vom 26.03. bis 01.04. in deiner Kaufland-Filiale.,2026-03-26,2026-04-01,../images/kaufland/kaufland_offer_428.jpg,"cat_drogerie,tag_ultra_processed",,,ref_000258,obs_0000010188|obs_0000008326|obs_0000011181|obs_0000017733|obs_0000016499|obs_0000004998|obs_0000004144|obs_0000003134|obs_0000009685|obs_0000004571|obs_0000009206,obs_0000008326|obs_0000010789|obs_0000011181|obs_0000010188
LAUFFENER WEINGÄRTNER,Katzenbeißer Samtrot,"€ 3,99","€ 5,49","1 l = 5,32","Qualitätswein, Württemberg, samtig, weich, blumig, harmonisch, passt zu hellem und dunklem Fleisch",Nein,Dieses Angebot findest du vom 26.03. bis 01.04. in deiner Kaufland-Filiale.,2026-03-26,2026-04-01,../images/kaufland/kaufland_offer_364.jpg,"cat_getraenke,tag_ultra_processed",,,ref_000259,,
WHISKAS oder SHEBA,Katzennahrung,"€ 13,99",,"1 kg = 3,43 - 5,15","Multipack, versch. Sorten",Nein,Dieses Angebot findest du vom 26.03. bis 01.04. in deiner Kaufland-Filiale.,2026-03-26,2026-04-01,../images/kaufland/kaufland_offer_427.jpg,cat_drogerie,,,ref_000260,obs_0000033541|obs_0000034456|obs_0000013736|obs_0000015533|obs_0000027821|obs_0000014398|obs_0000008127|obs_0000026441|obs_0000012491|obs_0000015701|obs_0000014307|obs_0000030727|obs_0000032780|obs_0000026771|obs_0000028826|obs_0000013992|obs_0000034869|obs_0000028361|obs_0000028746|obs_0000034257|obs_0000029394|obs_0000007936|obs_0000005493|obs_0000006400|obs_0000028189|obs_0000033860|obs_0000032856|obs_0000032857|obs_0000005863|obs_0000033005|obs_0000028398|obs_0000033390|obs_0000006773|obs_0000031863|obs_0000030369|obs_0000032042|obs_0000005677|obs_0000007118|obs_0000030031|obs_0000007508|obs_0000031378|obs_0000032151|obs_0000032286|obs_0000029741|obs_0000032457|obs_0000034062|obs_0000032288|obs_0000008604,obs_0000033541|obs_0000034456|obs_0000013736|obs_0000015533|obs_0000027821|obs_0000014398|obs_0000008127|obs_0000026441|obs_0000012491|obs_0000015701|obs_0000014307
MAZOLA,Keimöl,"€ 3,49","€ 4,49","1 l = 4,66","100 % Reinheit, schonend gepresst",Nein,Dieses Angebot findest du vom 26.03. bis 01.04. in deiner Kaufland-Filiale.,2026-03-26,2026-04-01,../images/kaufland/kaufland_offer_252.jpg,"cat_grundnahrung,diet_vegetarian,sub_tk_gemuese,tag_high_protein,tag_proteinreich,tag_ultra_processed",,BLS-Q260000,ref_000261,obs_0000026765|obs_0000016114|obs_0000008345|obs_0000012352|obs_0000014223|obs_0000030687,obs_0000026765|obs_0000016114|obs_0000008345|obs_0000030687|obs_0000012352
LEIBNIZ,Kekse,"€ 1,29",,"1 kg = 6,45 - 8,60","Butterkeks, Kakaokeks oder -30 % Zucker",Nein,Dieses Angebot findest du vom 26.03. bis 01.04. in deiner Kaufland-Filiale.,2026-03-26,2026-04-01,../images/kaufland/kaufland_offer_328.jpg,"cat_knabbern_naschen,tag_ultra_processed",,,ref_000262,obs_0000014620|obs_0000010735|obs_0000022146|obs_0000019080|obs_0000005001|obs_0000017163|obs_0000003219|obs_0000018069|obs_0000011559|obs_0000000426|obs_0000028975|obs_0000004147|obs_0000023735|obs_0000018652|obs_0000016477|obs_0000004574|obs_0000024159|obs_0000024684|obs_0000019439|obs_0000022518|obs_0000021253|obs_0000004871|obs_0000029322|obs_0000032012|obs_0000022159|obs_0000034191|obs_0000003218|obs_0000027167|obs_0000004017|obs_0000032695|obs_0000031299|obs_0000020434|obs_0000000340|obs_0000004444|obs_0000026085|obs_0000024201|obs_0000017833|obs_0000027087|obs_0000022994|obs_0000023780|obs_0000006383|obs_0000018799|obs_0000006038|obs_0000005844|obs_0000007284|obs_0000029008,obs_0000022146|obs_0000019080|obs_0000005001|obs_0000017163|obs_0000003219|obs_0000018069|obs_0000014620|obs_0000011559|obs_0000000426|obs_0000028975|obs_0000004147|obs_0000023735|obs_0000018652|obs_0000016477|obs_0000004574|obs_0000024159|obs_0000024684|obs_0000010735|obs_0000019439|obs_0000022518
PICK UP,Keksriegel,"€ 1,99","€ 3,79","1 kg = 14,22",versch. Sorten,Nein,Dieses Angebot findest du vom 26.03. bis 01.04. in deiner Kaufland-Filiale.,2026-03-26,2026-04-01,../images/kaufland/kaufland_offer_323.jpg,"cat_knabbern_naschen,tag_ultra_processed",,,ref_000263,obs_0000011557|obs_0000015047|obs_0000012690|obs_0000015903,obs_0000011557|obs_0000015047|obs_0000012690|obs_0000015903
RECKENDORFER,Keller-Bier,"€ 13,99","€ 15,99","1 l = 1,40","naturtrüb, unfiltriert (+ 3.10 Pfand)",Nein,Dieses Angebot findest du vom 26.03. bis 01.04. in deiner Kaufland-Filiale.,2026-03-26,2026-04-01,../images/kaufland/kaufland_offer_392.jpg,cat_getraenke,,,ref_000264,obs_0000028805|obs_0000009359|obs_0000023315|obs_0000009768|obs_0000026797|obs_0000009403|obs_0000027326|obs_0000028602|obs_0000028492|obs_0000031827|obs_0000031616|obs_0000011996|obs_0000009190|obs_0000014056|obs_0000028288,
MÖNCHSHOF,Kellerbier oder Naturradler,"€ 13,99","€ 17,99","1 l = 1,40",Naturradler auch alkoholfrei (+ 4.50 Pfand),Nein,Dieses Angebot findest du vom 30.03. bis 01.04. in deiner Kaufland-Filiale.,2026-03-30,2026-04-01,../images/kaufland/kaufland_offer_657.jpg,cat_getraenke,,,ref_000265,obs_0000015500|obs_0000012183|obs_0000008727|obs_0000009135|obs_0000033832|obs_0000034296,obs_0000015500|obs_0000012183
PARKSIDE,Kettenschärfgerät PEKSG D4,"€ 19,99","€ 24,99","pro Einheit = 19,99","Für gängige Sägeketten mit 1/4-Zoll-Gliedern Auch für Gliedermaße 0,325 und 3/8 Zoll geeignet Einstellbare Kettenführungsschiene Individuell einstellbarer Schärfwinkel Einstellbarer Tiefenanschlag Automatische Schleifkopf-Rückstellung Überlastsicherung und Wiederanlaufschutz Motordrehzahl 5.000 min-1 Scheibendurchmesser max. 104 mm Scheibenstärke 3,2 mm Scheibenbohrung Ø 22 mm Robuster Sockel zur Werkbankmontage Anschlussleistung 85 W Inkl. Schleifscheibe 104 mm und 2 Schrauben 3 Jahre Garantie",Nein,Dieses Angebot findest du vom 26.03. bis 01.04. in deiner Kaufland-Filiale.,2026-03-26,2026-04-01,../images/kaufland/kaufland_offer_509.jpg,cat_non_food,,,ref_000266,,
DENVER,Kids-Smartwatch SWK-120,"€ 15,99","€ 59,95","pro Einheit = 15,99","Touch-Display (1,75 Zoll) Telefonfunktion über Bluetooth Tracking von versch. Sportarten und Schlaf Sensor für Herzfrequenz Anzeige von Smartphone-Benachrichtigungen Wasser- und staubdicht (Schutzklasse IP68) Akkulaufzeit bis zu 3 Tage",Nein,Dieses Angebot findest du vom 26.03. bis 01.04. in deiner Kaufland-Filiale.,2026-03-26,2026-04-01,../images/kaufland/kaufland_offer_446.jpg,cat_non_food,,,ref_000267,,
KIDLAND,Kinder-Besen,"€ 1,99",,"pro Einheit = 1,99",Aus Holz und Kunststoff Größe ca. 81 cm Für Kinder ab 3 Jahren,Nein,Dieses Angebot findest du vom 26.03. bis 01.04. in deiner Kaufland-Filiale.,2026-03-26,2026-04-01,../images/kaufland/kaufland_offer_473.jpg,"cat_non_food,sub_rind,tag_ultra_processed",,,ref_000268,obs_0000002373|obs_0000004506|obs_0000004933|obs_0000003367|obs_0000004079,
NEWCENTIAL,Kinder-Fahrradhandschuhe,"€ 3,99",,"pro Einheit = 3,99",Handrücken aus Polyamid und Elastan (CREORA™) Gepolsterte Handflächen aus Polyamid Daumen/Mesh-Handrücken aus Polyester Daumen mit saugfähigem Frottee Klettverschluss zur Weitenregulierung Ausziehhilfen an den Fingerspitzen Mit reflektierenden Deko-Elementen Größen 4 - 7 (ca. 6 - 14 Jahre),Nein,Dieses Angebot findest du vom 26.03. bis 01.04. in deiner Kaufland-Filiale.,2026-03-26,2026-04-01,../images/kaufland/kaufland_offer_553.jpg,"cat_non_food,tag_ultra_processed",,,ref_000269,,
KIDLAND,Kinder-Harke,"€ 1,99",,"pro Einheit = 1,99",Aus Holz und Metall Größe ca. 79 cm Für Kinder ab 3 Jahren,Nein,Dieses Angebot findest du vom 26.03. bis 01.04. in deiner Kaufland-Filiale.,2026-03-26,2026-04-01,../images/kaufland/kaufland_offer_471.jpg,"cat_knabbern_naschen,sub_rind,tag_ultra_processed",,,ref_000270,,
DENVER,Kinder-Kamera KPC-1263,"€ 29,99",,"pro Einheit = 29,99","Für Foto- und Videoaufnahmen Versch. Rahmen, Filter, Fotoeffekte und 4 Spiele Integrierter Thermodrucker (s/w) LC-Display (2 Zoll) Mit microSD-Kartenslot Wiederaufladbar Inkl. 3 Rollen Thermopapier",Nein,Dieses Angebot findest du vom 26.03. bis 01.04. in deiner Kaufland-Filiale.,2026-03-26,2026-04-01,../images/kaufland/kaufland_offer_453.jpg,"cat_non_food,tag_ultra_processed",,,ref_000271,,
TECHNAXX,Kinder-Kopfhörer BT-X73,"€ 9,99","€ 29,99","pro Einheit = 9,99","Mit LED-Beleuchtung Lautstärkebegrenzung auf 85 dB Faltbar Telefonfunktion Eingänge Bluetooth 6.0, AUX, microSD Akkulaufzeit bis zu 15 h",Nein,Dieses Angebot findest du vom 26.03. bis 01.04. in deiner Kaufland-Filiale.,2026-03-26,2026-04-01,../images/kaufland/kaufland_offer_436.jpg,"cat_non_food,tag_ultra_processed",,,ref_000272,,
KIDLAND,Kinder-Rechen,"€ 1,99",,"pro Einheit = 1,99",Aus Holz und Metall Größe ca. 93 cm Für Kinder ab 3 Jahren,Nein,Dieses Angebot findest du vom 26.03. bis 01.04. in deiner Kaufland-Filiale.,2026-03-26,2026-04-01,../images/kaufland/kaufland_offer_470.jpg,"cat_knabbern_naschen,sub_rind,tag_ultra_processed",,,ref_000273,,
HAPPY SHORTS,Kinder-Retroshorts,"€ 4,99","€ 14,99","pro Einheit = 4,99",Aus Baumwolle und Elastan Versch. Farben und Motive Größen 122/128 - 158/164,Nein,Dieses Angebot findest du vom 26.03. bis 01.04. in deiner Kaufland-Filiale.,2026-03-26,2026-04-01,../images/kaufland/kaufland_offer_490.jpg,"cat_non_food,tag_ultra_processed",,,ref_000274,obs_0000013012|obs_0000010177,obs_0000013012|obs_0000010177
KIDLAND,Kinder-Schaufel,"€ 1,99",,"pro Einheit = 1,99",Aus Holz und Metall Größe ca. 92 cm Für Kinder ab 3 Jahren,Nein,Dieses Angebot findest du vom 26.03. bis 01.04. in deiner Kaufland-Filiale.,2026-03-26,2026-04-01,../images/kaufland/kaufland_offer_465.jpg,"cat_non_food,tag_ultra_processed",,,ref_000275,,
KIDLAND,Kinder-Spaten,"€ 1,99",,"pro Einheit = 1,99",Aus Holz und Metall Größe ca. 93 cm Für Kinder ab 3 Jahren,Nein,Dieses Angebot findest du vom 26.03. bis 01.04. in deiner Kaufland-Filiale.,2026-03-26,2026-04-01,../images/kaufland/kaufland_offer_468.jpg,"cat_non_food,sub_rind",,,ref_000276,,
Keine Marke,Kinderfahrrad 14 Zoll PAW Patrol - Skye,"€ 119,00","€ 149,00","pro Einheit = 119,00","Mit stabilen Stahlrahmen Laufradgröße 14 Zoll Felgenbremsen hinten und vorn Mit Schutzblechen und Kettenschutz Rutschfeste Griffe und Klingel Abnehmbare Stützräder Inkl. Puppensitz und Körbchen Für Kinder ab 3,5 Jahren (100 bis 115 cm)",Nein,Dieses Angebot findest du vom 26.03. bis 01.04. in deiner Kaufland-Filiale.,2026-03-26,2026-04-01,../images/kaufland/kaufland_offer_551.jpg,"cat_non_food,diet_vegetarian,tag_ultra_processed",,,ref_000277,,
Keine Marke,Kinderfahrrad 14 Zoll PAW Patrol,"€ 119,00","€ 149,00","pro Einheit = 119,00","Mit stabilen Stahlrahmen Laufradgröße 14 Zoll Reifen mit Stollenprofil für festen Grip Felgenbremsen hinten und vorn Mit Schutzblechen und Kettenschutz Rutschfeste Griffe und Klingel Abnehmbare Stützräder Inkl. Trinkflasche Für Kinder ab 3,5 Jahren (100 bis 115 cm)",Nein,Dieses Angebot findest du vom 26.03. bis 01.04. in deiner Kaufland-Filiale.,2026-03-26,2026-04-01,../images/kaufland/kaufland_offer_550.jpg,"cat_non_food,diet_vegetarian,tag_ultra_processed,tag_whole_food",,,ref_000278,,
NESTL,KitKat Lion oder Smarties Mini,"€ 2,49","€ 4,79","1 kg = 10,65 - 13,32",Mini,Nein,Dieses Angebot findest du vom 30.03. bis 01.04. in deiner Kaufland-Filiale.,2026-03-30,2026-04-01,../images/kaufland/kaufland_offer_010.jpg,"cat_knabbern_naschen,tag_ultra_processed",,,ref_000279,obs_0000012395|obs_0000028765|obs_0000006379|obs_0000012665|obs_0000016824|obs_0000017118|obs_0000019413|obs_0000012328|obs_0000010932|obs_0000015030|obs_0000011381|obs_0000017530|obs_0000026024|obs_0000013891|obs_0000018128|obs_0000016128|obs_0000016216,obs_0000012395
LIVIO,Klassik-Pflanzenöl,"€ 2,99","€ 3,79","1 l = 3,99",reich an Vitamin E,Nein,Dieses Angebot findest du vom 26.03. bis 01.04. in deiner Kaufland-Filiale.,2026-03-26,2026-04-01,../images/kaufland/kaufland_offer_251.jpg,"cat_grundnahrung,diet_gluten_free,diet_lactose_free,diet_vegan,diet_vegetarian",,,ref_000280,,
KIDLAND,Kletterseil,"€ 6,99",,"pro Einheit = 6,99","Griffiges, extra starkes Seil Mit profilierten Aufstiegshilfen Länge ca. 210 cm Solider Aufhängering aus Stahl Belastbarkeit max. 60 kg Nur für den Hausgebrauch im Außenbereich Für Kinder ab 3 Jahren 3 Jahre Garantie",Nein,Dieses Angebot findest du vom 26.03. bis 01.04. in deiner Kaufland-Filiale.,2026-03-26,2026-04-01,../images/kaufland/kaufland_offer_467.jpg,"cat_non_food,sub_milchprodukte",,,ref_000281,,
HENGLEIN,Kloßteig,"€ 1,99",,"1 kg = 2,66","Thüringer Art oder Fränkischer Kloßteig, ergibt 4 - 6 Klöße",Nein,Dieses Angebot findest du vom 26.03. bis 01.04. in deiner Kaufland-Filiale.,2026-03-26,2026-04-01,../images/kaufland/kaufland_offer_206.jpg,"cat_grundnahrung,diet_vegetarian,sub_kartoffeln",,,ref_000282,obs_0000009764|obs_0000014518|obs_0000007385|obs_0000032467,obs_0000009764|obs_0000014518
WIESBAUER,Knacker geschnitten,"€ 1,39",,"1 kg = 13,90",österr. Fleischwurst aus Rind- und Schweinefleisch,Nein,Dieses Angebot findest du vom 26.03. bis 01.04. in deiner Kaufland-Filiale.,2026-03-26,2026-04-01,../images/kaufland/kaufland_offer_108.jpg,"cat_fleisch_wurst,sub_wurst,tag_ultra_processed",,,ref_000283,obs_0000019635|obs_0000007224|obs_0000022621|obs_0000025060,
VARTA,Knopfzellen CR 2025,"€ 2,99","€ 14,99","pro Einheit = 2,99",,Nein,Dieses Angebot findest du vom 26.03. bis 01.04. in deiner Kaufland-Filiale.,2026-03-26,2026-04-01,../images/kaufland/kaufland_offer_439.jpg,"cat_non_food,diet_vegetarian,tag_ultra_processed",,,ref_000284,obs_0000015983|obs_0000003202|obs_0000019097|obs_0000003751|obs_0000004792|obs_0000025284|obs_0000004365|obs_0000000291|obs_0000003938,obs_0000010793|obs_0000010796|obs_0000015983|obs_0000015984|obs_0000015128|obs_0000015136|obs_0000009117
VARTA,Knopfzellen CR2032,"€ 2,99","€ 14,99","pro Einheit = 2,99",,Nein,Dieses Angebot findest du vom 26.03. bis 01.04. in deiner Kaufland-Filiale.,2026-03-26,2026-04-01,../images/kaufland/kaufland_offer_438.jpg,"cat_non_food,diet_vegetarian,tag_ultra_processed",,,ref_000285,obs_0000009117|obs_0000015984|obs_0000015128|obs_0000010793|obs_0000003202|obs_0000004365|obs_0000019097|obs_0000000291|obs_0000003751|obs_0000004792|obs_0000025284|obs_0000003938,obs_0000015128|obs_0000009117|obs_0000015136|obs_0000010793|obs_0000010796|obs_0000015983|obs_0000015984
KUCHENMEISTER,Koala,"€ 1,19","€ 1,59","1 kg = 15,87",kleine Kekse mit Kakao- oder Milchcreme gefüllt,Nein,Dieses Angebot findest du vom 26.03. bis 01.04. in deiner Kaufland-Filiale.,2026-03-26,2026-04-01,../images/kaufland/kaufland_offer_330.jpg,"cat_knabbern_naschen,tag_ultra_processed",,BLS-G105100,ref_000286,,
Keine Marke,Kolumb guatem Avocado lose,"€ 0,99","€ 1,49","pro Einheit = 0,99",Kl. I,Nein,Dieses Angebot findest du vom 26.03. bis 01.04. in deiner Kaufland-Filiale.,2026-03-26,2026-04-01,../images/kaufland/kaufland_offer_082.jpg,"cat_obst_gemuese,diet_gluten_free,diet_lactose_free,diet_vegan,diet_vegetarian,sub_exoten,sub_frisches_gemuese,sub_frisches_obst,tag_ultra_processed,tag_whole_food",,,ref_000287,obs_0000012255|obs_0000014440|obs_0000011409|obs_0000012744|obs_0000025778|obs_0000024863|obs_0000029201|obs_0000008728|obs_0000000058|obs_0000020117|obs_0000000694|obs_0000027854|obs_0000034516|obs_0000014073|obs_0000017166|obs_0000001305|obs_0000034105|obs_0000018748|obs_0000030562|obs_0000027541|obs_0000029123|obs_0000020936,obs_0000012255
DOVGAN,Kondensmilch,"€ 2,00","€ 2,98","1 kg = 2,71","gezuckert, 8,5 % Fett",Nein,Dieses Angebot findest du vom 26.03. bis 01.04. in deiner Kaufland-Filiale.,2026-03-26,2026-04-01,../images/kaufland/kaufland_offer_232.jpg,"cat_grundnahrung,diet_vegetarian,sub_milchprodukte",,BLS-M182500,ref_000288,obs_0000008676|obs_0000003585|obs_0000021516|obs_0000017037|obs_0000017189|obs_0000001734|obs_0000001735|obs_0000001736|obs_0000025429|obs_0000017111|obs_0000020697|obs_0000026696|obs_0000026730|obs_0000018316|obs_0000018712|obs_0000009258|obs_0000019889|obs_0000017740|obs_0000034024|obs_0000009726,obs_0000003585|obs_0000021516|obs_0000017037|obs_0000017189|obs_0000001734|obs_0000001735|obs_0000001736|obs_0000025429|obs_0000017111|obs_0000020697|obs_0000008676
LANDLIEBE,Konfitüre oder Fruchtcreme,"€ 1,49","€ 2,49","1 kg = 7,45",versch. Sorten,Nein,Dieses Angebot findest du vom 26.03. bis 01.04. in deiner Kaufland-Filiale.,2026-03-26,2026-04-01,../images/kaufland/kaufland_offer_283.jpg,"cat_grundnahrung,diet_vegetarian,sub_milchprodukte,sub_sahne_creme,tag_ultra_processed",,,ref_000289,obs_0000012211|obs_0000026193|obs_0000008202|obs_0000000136|obs_0000013749|obs_0000014805|obs_0000016124,obs_0000012211
K-CLASSIC,Krakauer,"€ 2,22","€ 2,59","1 kg = 5,55","gebrüht und geräuchert, Spitzenqualität",Nein,Dieses Angebot findest du vom 26.03. bis 01.04. in deiner Kaufland-Filiale.,2026-03-26,2026-04-01,../images/kaufland/kaufland_offer_102.jpg,"cat_fleisch_wurst,diet_gluten_free,diet_lactose_free,diet_vegetarian,sub_kaese,sub_milchprodukte,tag_ultra_processed",,BLS-W171200,ref_000290,obs_0000009582|obs_0000010032|obs_0000012296|obs_0000006526|obs_0000011015|obs_0000005236|obs_0000013753|obs_0000014155|obs_0000008147|obs_0000031117|obs_0000007057|obs_0000030102|obs_0000007621|obs_0000002249|obs_0000008608|obs_0000013327|obs_0000003142|obs_0000011862|obs_0000008100,obs_0000012296|obs_0000006526|obs_0000011015|obs_0000005236|obs_0000009582|obs_0000013753|obs_0000010032|obs_0000014155|obs_0000008147
Keine Marke,Käseschnecke,"€ 0,79","€ 0,99","pro Einheit = 0,79","Plunderteigling mit Käsecremefüllung, mit Käse bestreut",Nein,Dieses Angebot findest du vom 26.03. bis 01.04. in deiner Kaufland-Filiale.,2026-03-26,2026-04-01,../images/kaufland/kaufland_offer_256.jpg,"cat_grundnahrung,diet_gluten_free,diet_lactose_free,diet_vegan,diet_vegetarian,sub_kaese,tag_ultra_processed,tag_whole_food",,BLS-V050100,ref_000291,obs_0000015857|obs_0000006779|obs_0000009271|obs_0000009736,obs_0000015857|obs_0000006779|obs_0000009271|obs_0000009736
MILSY VILLA BEN,Käsezöpfe,"€ 1,49","€ 1,99","1 kg = 18,63","geräuchert, 35 % Fett i. Tr.",Nein,Dieses Angebot findest du vom 26.03. bis 01.04. in deiner Kaufland-Filiale.,2026-03-26,2026-04-01,../images/kaufland/kaufland_offer_174.jpg,"cat_molkerei_kaese,diet_vegetarian,sub_kaese,sub_milchprodukte",,,ref_000292,obs_0000015810|obs_0000014238,obs_0000015810|obs_0000014238
MILRAM,Körniger Frischkäse XXL,"€ 1,99","€ 2,69","1 kg = 5,69","3,5 % Fett i. Tr.",Nein,Dieses Angebot findest du vom 26.03. bis 01.04. in deiner Kaufland-Filiale.,2026-03-26,2026-04-01,../images/kaufland/kaufland_offer_175.jpg,"cat_molkerei_kaese,sub_kaese,sub_milchprodukte",,,ref_000293,obs_0000010634|obs_0000022581|obs_0000023770|obs_0000019964|obs_0000024194|obs_0000008311|obs_0000009275|obs_0000009739|obs_0000018437|obs_0000002331|obs_0000002443|obs_0000003254|obs_0000022111|obs_0000026562|obs_0000000666|obs_0000031499|obs_0000033993|obs_0000011477|obs_0000030175|obs_0000026675|obs_0000022604|obs_0000018636|obs_0000018668|obs_0000024882|obs_0000012763|obs_0000020962|obs_0000000519|obs_0000016946|obs_0000025259|obs_0000002951|obs_0000019362|obs_0000017482|obs_0000017513|obs_0000027893|obs_0000019721|obs_0000009596|obs_0000003481|obs_0000023986|obs_0000017894|obs_0000018043|obs_0000022149|obs_0000028302|obs_0000013967|obs_0000020143|obs_0000022250|obs_0000022312|obs_0000010048|obs_0000024407,obs_0000018437|obs_0000022581|obs_0000008311|obs_0000002331|obs_0000010634|obs_0000002443|obs_0000009275|obs_0000003254|obs_0000023770|obs_0000030175|obs_0000019964|obs_0000009739|obs_0000022111|obs_0000024194|obs_0000026562
K-CLASSIC,Küchentücher Saugstark Limited Edition,"€ 2,99",,"pro Einheit = 2,99","Limited Edition »Ostern«, 3-lagig, besonders reißfest",Nein,Dieses Angebot findest du vom 26.03. bis 01.04. in deiner Kaufland-Filiale.,2026-03-26,2026-04-01,../images/kaufland/kaufland_offer_405.jpg,"cat_drogerie,tag_ultra_processed",,,ref_000294,obs_0000012457|obs_0000008589|obs_0000008896|obs_0000014417|obs_0000034991|obs_0000027217|obs_0000021115|obs_0000023316|obs_0000027452|obs_0000002895|obs_0000017283|obs_0000025544|obs_0000011370|obs_0000019566|obs_0000028044|obs_0000013759|obs_0000022123|obs_0000018046|obs_0000034463|obs_0000020296|obs_0000010070|obs_0000016235|obs_0000014197|obs_0000026500|obs_0000022515,obs_0000012457
SCHULTE,La Prima Edelsalami,"€ 1,99","€ 2,89","pro Einheit = 1,99",mit Rindfleisch,Nein,Dieses Angebot findest du vom 26.03. bis 01.04. in deiner Kaufland-Filiale.,2026-03-26,2026-04-01,../images/kaufland/kaufland_offer_138.jpg,"cat_fleisch_wurst,sub_wurst,tag_ultra_processed",,,ref_000295,obs_0000011019|obs_0000028305|obs_0000027186|obs_0000005598,obs_0000011019
K-CLASSIC,Lachsfilets,"€ 3,99","€ 4,99","1 kg = 15,96","ohne Haut, praktisch grätenfrei",Nein,Dieses Angebot findest du vom 26.03. bis 04.04. in deiner Kaufland-Filiale.,2026-03-26,2026-04-04,../images/kaufland/kaufland_offer_201.jpg,"cat_tiefkuehl,diet_gluten_free,diet_lactose_free,tag_high_protein,tag_proteinreich,tag_ultra_processed,tag_whole_food",,,ref_000296,obs_0000010654|obs_0000012823|obs_0000031634|obs_0000013760|obs_0000007806|obs_0000000830|obs_0000005212|obs_0000030416|obs_0000026391,obs_0000010654|obs_0000012823|obs_0000031634|obs_0000013760|obs_0000007806
SWITCH ON,Lade- und Datenkabel USB-A auf 8-Pin,"€ 1,49",,"pro Einheit = 1,49","Zugentlastendes Design für lange Lebensdauer Mit schützender PVC-Ummantelung Silikon-Gummiband zur Kabelaufwicklung Übertragungsrate bis 480 Mbps Länge ca. 1,8 m",Nein,Dieses Angebot findest du vom 26.03. bis 01.04. in deiner Kaufland-Filiale.,2026-03-26,2026-04-01,../images/kaufland/kaufland_offer_444.jpg,cat_non_food,,,ref_000297,obs_0000010807|obs_0000010808|obs_0000010805|obs_0000010806|obs_0000008961|obs_0000009774|obs_0000009307,
SWITCH ON,Lade- und Datenkabel USB-A auf Micro-USB,"€ 1,49",,"pro Einheit = 1,49","Zugentlastendes Design für lange Lebensdauer Mit schützender PVC-Ummantelung Silikon-Gummiband zur Kabelaufwicklung Übertragungsrate bis 480 Mbps Länge ca. 1,8 m",Nein,Dieses Angebot findest du vom 26.03. bis 01.04. in deiner Kaufland-Filiale.,2026-03-26,2026-04-01,../images/kaufland/kaufland_offer_442.jpg,cat_non_food,,,ref_000298,obs_0000010807|obs_0000010808|obs_0000010805|obs_0000010806|obs_0000008961|obs_0000009774|obs_0000009307,
SWITCH ON,Lade- und Datenkabel USB-A auf USB-C,"€ 1,49",,"pro Einheit = 1,49","Zugentlastendes Design für lange Lebensdauer Mit schützender PVC-Ummantelung Silikon-Gummiband zur Kabelaufwicklung Übertragungsrate bis 480 Mbps Länge ca. 1,8 m",Nein,Dieses Angebot findest du vom 26.03. bis 01.04. in deiner Kaufland-Filiale.,2026-03-26,2026-04-01,../images/kaufland/kaufland_offer_441.jpg,cat_non_food,,,ref_000299,obs_0000010807|obs_0000010808|obs_0000010805|obs_0000010806|obs_0000008961|obs_0000009774|obs_0000009307,obs_0000010807|obs_0000010808
SWITCH ON,Lade- und Datenkabel USB-C auf USB-C,"€ 1,49",,"pro Einheit = 1,49","Zugentlastendes Design für lange Lebensdauer Mit schützender PVC-Ummantelung Silikon-Gummiband zur Kabelaufwicklung Übertragungsrate bis 480 Mbps Länge ca. 1,8 m",Nein,Dieses Angebot findest du vom 26.03. bis 01.04. in deiner Kaufland-Filiale.,2026-03-26,2026-04-01,../images/kaufland/kaufland_offer_443.jpg,cat_non_food,,,ref_000300,obs_0000010807|obs_0000010808|obs_0000010805|obs_0000010806|obs_0000008961|obs_0000009774|obs_0000009307,obs_0000010807|obs_0000010808
WEIHERER,Lager oder Zwickerla,"€ 13,49","€ 16,99","1 l = 1,35",(+ 3.10 Pfand),Nein,Dieses Angebot findest du vom 26.03. bis 01.04. in deiner Kaufland-Filiale.,2026-03-26,2026-04-01,../images/kaufland/kaufland_offer_394.jpg,cat_getraenke,,,ref_000301,obs_0000008991|obs_0000026617,
Keine Marke,Lammkotelett,"€ 22,90","€ 26,90","pro Einheit = 22,90",zart und saftig,Nein,Dieses Angebot findest du vom 26.03. bis 01.04. in deiner Kaufland-Filiale.,2026-03-26,2026-04-01,../images/kaufland/kaufland_offer_140.jpg,"cat_fleisch_wurst,diet_gluten_free,diet_lactose_free,diet_vegan,diet_vegetarian,sub_frisches_obst,tag_ultra_processed,tag_whole_food",,BLS-U727100,ref_000302,,
Keine Marke,Laugenbrezel,"€ 0,29",,"pro Einheit = 0,29",mit Salz,Nein,Dieses Angebot findest du vom 26.03. bis 01.04. in deiner Kaufland-Filiale.,2026-03-26,2026-04-01,../images/kaufland/kaufland_offer_260.jpg,"cat_grundnahrung,diet_gluten_free,diet_lactose_free,diet_vegan,diet_vegetarian,tag_ultra_processed,tag_whole_food",,,ref_000303,obs_0000014992|obs_0000006064|obs_0000001555|obs_0000026070|obs_0000026328|obs_0000014330|obs_0000034277|obs_0000033746|obs_0000035107,obs_0000014992|obs_0000006064|obs_0000001555|obs_0000026070|obs_0000026328|obs_0000014330
Keine Marke,Laugenstange,"€ 0,39","€ 0,59","pro Einheit = 0,39",mit Käse überbacken,Nein,Dieses Angebot findest du vom 30.03. bis 01.04. in deiner Kaufland-Filiale.,2026-03-30,2026-04-01,../images/kaufland/kaufland_offer_639.jpg,"cat_grundnahrung,diet_gluten_free,diet_lactose_free,diet_vegan,diet_vegetarian,tag_ultra_processed,tag_whole_food",,,ref_000304,obs_0000026561|obs_0000027394|obs_0000009828|obs_0000005866|obs_0000013295|obs_0000014548|obs_0000005497|obs_0000011519|obs_0000034151|obs_0000034948|obs_0000027990,obs_0000026561|obs_0000027394|obs_0000009828|obs_0000005866|obs_0000013295|obs_0000014548|obs_0000005497|obs_0000011519
EMMI KALTBACH,Le Gruy re AOP,"€ 2,49",,"pro Einheit = 2,49","schweiz. Hartkäse aus Rohmilch, 12 Monate gereift, fruchtig-würzig, 49 % Fett i. Tr.",Nein,Dieses Angebot findest du vom 26.03. bis 01.04. in deiner Kaufland-Filiale.,2026-03-26,2026-04-01,../images/kaufland/kaufland_offer_183.jpg,"cat_molkerei_kaese,sub_kaese,sub_milchprodukte",,,ref_000305,obs_0000015816|obs_0000014958|obs_0000011895|obs_0000032358|obs_0000005347|obs_0000024573|obs_0000030587,obs_0000015816|obs_0000032358|obs_0000014958|obs_0000011895
WILTMANN,Leber-Pastete,"€ 1,11","€ 1,43","1 kg = 11,10",versch. Sorten,Nein,Dieses Angebot findest du vom 26.03. bis 01.04. in deiner Kaufland-Filiale.,2026-03-26,2026-04-01,../images/kaufland/kaufland_offer_111.jpg,"cat_fleisch_wurst,sub_wurst,tag_ultra_processed",,,ref_000306,obs_0000032567|obs_0000002964|obs_0000002641|obs_0000003456,obs_0000032567
NEWCENTIAL,LED-Fahrradleuchten-Set mit Notbremslichtfunktion,"€ 9,99",,"pro Einheit = 9,99","Extrahelle Frontleuchte Mit umschaltbarer Leuchtstärke (70/30/15 Lux) Rücklicht mit Bremsanzeigefunktion Notbremslicht (mehrfaches, helleres Aufleuchten) Leuchtdauer Frontleuchte bis zu 8,5 h Leuchtdauer Rücklicht bis zu 5 h Mit LED-Akku-Kontrollsystem und Modus-Anzeige Mit USB-C-Ladebuchse und USB-C-Ladekabel Werkzeuglose Montage durch Schnellbefestigung Spritzwassergeschütztes Gehäuse (IP44) Passend für alle gängigen Fahrradtypen Nach StVZO für alle Fahrräder zugelassen",Nein,Dieses Angebot findest du vom 26.03. bis 01.04. in deiner Kaufland-Filiale.,2026-03-26,2026-04-01,../images/kaufland/kaufland_offer_568.jpg,cat_non_food,,,ref_000307,,
KOBER S,Liköre,"€ 7,99","€ 12,49","1 l = 15,98","versch. Sorten, 15 - 20 Vol. %",Nein,Dieses Angebot findest du vom 30.03. bis 01.04. in deiner Kaufland-Filiale.,2026-03-30,2026-04-01,../images/kaufland/kaufland_offer_652.jpg,cat_getraenke,,,ref_000308,obs_0000015484|obs_0000012224|obs_0000028422|obs_0000011367|obs_0000014806|obs_0000012692,obs_0000015484|obs_0000012224
LIBELLA,Limonade,"€ 7,99","€ 10,99","1 l = 0,80","Orange, Zitrone oder Cola-Mix, z. T. koffeinhaltig (+ 3.10 Pfand)",Nein,Dieses Angebot findest du vom 26.03. bis 01.04. in deiner Kaufland-Filiale.,2026-03-26,2026-04-01,../images/kaufland/kaufland_offer_337.jpg,"cat_getraenke,tag_ultra_processed",,,ref_000309,obs_0000017032|obs_0000028310|obs_0000031651|obs_0000026276|obs_0000027047|obs_0000027567|obs_0000016311|obs_0000009657|obs_0000026058|obs_0000026581|obs_0000026204|obs_0000027133|obs_0000008779|obs_0000034435|obs_0000028424|obs_0000030350|obs_0000009877|obs_0000029980|obs_0000010526|obs_0000001440|obs_0000031041|obs_0000009416|obs_0000025425|obs_0000006371|obs_0000006363|obs_0000031347|obs_0000007678|obs_0000005257|obs_0000015266|obs_0000007080|obs_0000007473|obs_0000005812|obs_0000011967|obs_0000006206|obs_0000005829|obs_0000006361|obs_0000005628|obs_0000031392|obs_0000030940,obs_0000017032|obs_0000028310|obs_0000031651|obs_0000026276|obs_0000027047|obs_0000027567|obs_0000016311|obs_0000009657|obs_0000026058|obs_0000026581|obs_0000026204|obs_0000027133
K-CLASSIC,Mandeln gemahlen,"€ 1,49","€ 1,79","1 kg = 7,45",gemahlen,Nein,Dieses Angebot findest du vom 26.03. bis 01.04. in deiner Kaufland-Filiale.,2026-03-26,2026-04-01,../images/kaufland/kaufland_offer_289.jpg,"cat_grundnahrung,diet_gluten_free,diet_lactose_free,diet_vegan,diet_vegetarian,tag_ultra_processed,tag_whole_food",,BLS-H210400,ref_000310,obs_0000014583|obs_0000010075|obs_0000027112|obs_0000021040|obs_0000031300|obs_0000027212|obs_0000025245|obs_0000002977|obs_0000017648|obs_0000003526|obs_0000020006|obs_0000026220|obs_0000026330|obs_0000020221|obs_0000001855|obs_0000001886|obs_0000022429|obs_0000018338,
VALDO,Marca Oro Prosecco Valdobbiadene DOCG,"€ 8,99","€ 10,99","1 l = 11,99","Superiore, ital. Schaumwein",Nein,Dieses Angebot findest du vom 26.03. bis 01.04. in deiner Kaufland-Filiale.,2026-03-26,2026-04-01,../images/kaufland/kaufland_offer_377.jpg,"cat_getraenke,diet_vegetarian,tag_ultra_processed",,,ref_000311,obs_0000008206|obs_0000034030|obs_0000007896|obs_0000028888|obs_0000035021,
Keine Marke,Marokk span Kulturheidelbeeren,"€ 1,49","€ 2,49","1 kg = 11,92",Kl. I,Nein,Dieses Angebot findest du vom 26.03. bis 01.04. in deiner Kaufland-Filiale.,2026-03-26,2026-04-01,../images/kaufland/kaufland_offer_050.jpg,"cat_obst_gemuese,diet_gluten_free,diet_lactose_free,diet_vegan,diet_vegetarian,sub_exoten,sub_frisches_gemuese,sub_frisches_obst,tag_whole_food",,,ref_000312,obs_0000011395|obs_0000008743|obs_0000009782|obs_0000009312|obs_0000008857|obs_0000014161,
BÜRGER,Maultaschen,"€ 1,69","€ 2,29","1 kg = 4,70 - 5,64","traditionell schwäbisch, Bio-, Gemüse- oder versch. Sorten vegane Maultaschen",Nein,Dieses Angebot findest du vom 30.03. bis 01.04. in deiner Kaufland-Filiale.,2026-03-30,2026-04-01,../images/kaufland/kaufland_offer_659.jpg,cat_non_food,,BLS-D7A5000,ref_000313,obs_0000006305|obs_0000010531|obs_0000017588|obs_0000012341|obs_0000031814|obs_0000000711|obs_0000033906|obs_0000014973|obs_0000007938|obs_0000005382|obs_0000021396|obs_0000025283|obs_0000020577|obs_0000029796|obs_0000030452|obs_0000006656|obs_0000031865|obs_0000016224|obs_0000019957,obs_0000007938|obs_0000005382|obs_0000006305|obs_0000010531|obs_0000017588|obs_0000012341|obs_0000031814|obs_0000000711|obs_0000029796|obs_0000033906|obs_0000030452|obs_0000014973|obs_0000006656
CLEMENTONI,Mein Stift-Atelier Buchstaben,"€ 19,99","€ 34,99","pro Einheit = 19,99","Kreativset zum Personalisieren von Stiften Mit Buchstaben, Perlen, Aufklebern und Figuren Ständer, Instrumentarium und Arbeitsstation Für Kinder ab 6 Jahren",Nein,Dieses Angebot findest du vom 26.03. bis 01.04. in deiner Kaufland-Filiale.,2026-03-26,2026-04-01,../images/kaufland/kaufland_offer_459.jpg,"cat_non_food,diet_vegetarian",,,ref_000314,,
NEWCENTIAL,Memory-Foam-Sattelbezug City Touren,"€ 4,99",,"pro Einheit = 4,99",Viskoelastischer Schaum mit Memory-Effekt Für optimale Dämpfung und hohen Sitzkomfort Mit Vertiefung zur Druckentlastung Anti-Rutsch-Unterseite Kordelzug zur einfachen Befestigung Passend für gängige City- und Touring-Bikes Größe ca. 23 x 26 cm 3 Jahre Garantie,Nein,Dieses Angebot findest du vom 26.03. bis 01.04. in deiner Kaufland-Filiale.,2026-03-26,2026-04-01,../images/kaufland/kaufland_offer_564.jpg,"cat_non_food,diet_gluten_free,diet_lactose_free,diet_vegan,diet_vegetarian,tag_ultra_processed",,,ref_000315,,
NEWCENTIAL,Memory-Foam-Sattelbezug MTB Trekking,"€ 4,99",,"pro Einheit = 4,99",Viskoelastischer Schaum mit Memory-Effekt Für optimale Dämpfung und hohen Sitzkomfort Mit Vertiefung zur Druckentlastung Anti-Rutsch-Unterseite Kordelzug zur einfachen Befestigung Passend für gängige Mountain- und Trekking-Bikes Größe ca. 21 x 29 cm 3 Jahre Garantie,Nein,Dieses Angebot findest du vom 26.03. bis 01.04. in deiner Kaufland-Filiale.,2026-03-26,2026-04-01,../images/kaufland/kaufland_offer_554.jpg,"cat_non_food,diet_vegetarian",,,ref_000316,,
KAHL A,Mexik Kaffeelikör,"€ 11,99","€ 15,49","1 l = 17,13","hergestellt aus Zuckerrohrdestillat, feinem Arabica-Kaffee und süßer Vanille, 16 Vol. %",Nein,Dieses Angebot findest du vom 26.03. bis 01.04. in deiner Kaufland-Filiale.,2026-03-26,2026-04-01,../images/kaufland/kaufland_offer_350.jpg,"cat_getraenke,diet_gluten_free,diet_lactose_free,diet_vegan,diet_vegetarian",,,ref_000317,obs_0000011129|obs_0000009694|obs_0000009215,obs_0000011129
WATERDROP,Microdrink Energy,"€ 2,99",,"1 kg = 355,96","Drops mit Frucht- und Pflanzenextrakten zum Aromatisieren von Wasser, versch. Sorten",Nein,Dieses Angebot findest du vom 26.03. bis 01.04. in deiner Kaufland-Filiale.,2026-03-26,2026-04-01,../images/kaufland/kaufland_offer_346.jpg,"cat_getraenke,tag_ultra_processed",,,ref_000318,obs_0000011366|obs_0000032944|obs_0000015295|obs_0000034434,
MANNER,Mignon oder Herzen,"€ 2,99","€ 4,99","1 kg = 9,97","feine Waffelschnitten, versch. Sorten",Nein,Dieses Angebot findest du vom 26.03. bis 01.04. in deiner Kaufland-Filiale.,2026-03-26,2026-04-01,../images/kaufland/kaufland_offer_293.jpg,"cat_grundnahrung,tag_ultra_processed",,,ref_000319,obs_0000010518|obs_0000015669,
GLICO,Mikado-Sticks,"€ 1,49",,"1 kg = 19,87","umhüllt mit feiner Schokolade, versch. Sorten",Nein,Dieses Angebot findest du vom 26.03. bis 01.04. in deiner Kaufland-Filiale.,2026-03-26,2026-04-01,../images/kaufland/kaufland_offer_322.jpg,"cat_knabbern_naschen,diet_gluten_free,diet_lactose_free,diet_vegetarian,tag_ultra_processed",,,ref_000320,obs_0000008459|obs_0000014159|obs_0000014807|obs_0000032935|obs_0000015885|obs_0000007694|obs_0000001433|obs_0000014804,obs_0000008459|obs_0000032935|obs_0000014159|obs_0000014807
KNOPPERS,Milch-Nuss-Schnitte,"€ 1,69",,"1 kg = 8,45",versch. Sorten,Nein,Dieses Angebot findest du vom 26.03. bis 01.04. in deiner Kaufland-Filiale.,2026-03-26,2026-04-01,../images/kaufland/kaufland_offer_316.jpg,"cat_knabbern_naschen,diet_vegetarian,tag_ultra_processed",,,ref_000321,obs_0000010549|obs_0000008924|obs_0000014196|obs_0000003091|obs_0000021580|obs_0000004808|obs_0000025845|obs_0000020761|obs_0000004381|obs_0000000301|obs_0000021844|obs_0000003954|obs_0000002430|obs_0000008469|obs_0000027475|obs_0000002044|obs_0000003614|obs_0000026178|obs_0000000796,obs_0000010549
ALASIA,Mineralwasser,"€ 3,49","€ 4,59","1 l = 0,30",versch. Sorten (+ 3.30 Pfand),Nein,Dieses Angebot findest du vom 26.03. bis 01.04. in deiner Kaufland-Filiale.,2026-03-26,2026-04-01,../images/kaufland/kaufland_offer_340.jpg,"cat_getraenke,diet_gluten_free,diet_lactose_free,diet_vegan,diet_vegetarian",,,ref_000322,obs_0000027653|obs_0000034851|obs_0000015908|obs_0000031797|obs_0000026205|obs_0000008801|obs_0000003689|obs_0000015481|obs_0000031867|obs_0000012414|obs_0000031871|obs_0000028800|obs_0000034437|obs_0000008841|obs_0000009353|obs_0000028841|obs_0000027836|obs_0000011969|obs_0000021185|obs_0000027856|obs_0000008437|obs_0000034043|obs_0000034044|obs_0000009985|obs_0000028931|obs_0000035059|obs_0000010519|obs_0000031006|obs_0000014625|obs_0000028968|obs_0000026948|obs_0000028493|obs_0000008537|obs_0000011123|obs_0000028537|obs_0000028027|obs_0000020366|obs_0000028603|obs_0000034235|obs_0000034238|obs_0000026570|obs_0000013773|obs_0000025562|obs_0000028654|obs_0000014332|obs_0000031249|obs_0000002068|obs_0000024088|obs_0000029232|obs_0000031834,obs_0000027653|obs_0000034851|obs_0000015908|obs_0000031797|obs_0000026205|obs_0000008801|obs_0000003689|obs_0000015481|obs_0000031867|obs_0000012414|obs_0000031871|obs_0000028800|obs_0000034437|obs_0000008841|obs_0000009353|obs_0000028841|obs_0000027836|obs_0000011969|obs_0000021185|obs_0000027856|obs_0000008437|obs_0000034043|obs_0000034044|obs_0000009985|obs_0000028931|obs_0000035059|obs_0000010519|obs_0000031006|obs_0000014625|obs_0000028968|obs_0000026948|obs_0000028493|obs_0000008537|obs_0000011123|obs_0000028537|obs_0000028027|obs_0000020366|obs_0000028603|obs_0000034235|obs_0000034238|obs_0000026570|obs_0000013773|obs_0000025562|obs_0000028654|obs_0000014332
Keine Marke,Mini Blühpflanze in Oster-Keramik,"€ 2,79",,"pro Einheit = 2,79","versch. Ausführungen, Topf Ø 6 cm, ab 2,79€",Nein,Dieses Angebot findest du vom 30.03. bis 01.04. in deiner Kaufland-Filiale.,2026-03-30,2026-04-01,../images/kaufland/kaufland_offer_638.jpg,"cat_obst_gemuese,diet_gluten_free,diet_lactose_free,diet_vegan,diet_vegetarian,tag_ultra_processed,tag_whole_food",,,ref_000323,obs_0000024242|obs_0000023823,
RUPP,Mini Muuh,"€ 1,59","€ 1,99","1 kg = 18,93","Käse-Snack, mild im Geschmack, in Streifen geschnitten, 45 % Fett i. Tr.",Nein,Dieses Angebot findest du vom 26.03. bis 01.04. in deiner Kaufland-Filiale.,2026-03-26,2026-04-01,../images/kaufland/kaufland_offer_173.jpg,"cat_molkerei_kaese,diet_gluten_free,diet_lactose_free,diet_vegan,diet_vegetarian,sub_frisches_gemuese,tag_ultra_processed,tag_whole_food",,,ref_000324,obs_0000012328|obs_0000006379|obs_0000010932|obs_0000017530|obs_0000026024|obs_0000018128|obs_0000016216,
MEBUS,Mini-Soundbar 37660,"€ 29,99","€ 54,99","pro Einheit = 29,99","2 in 1: mobiler BT-Lautsprecher im Akkubetrieb Koppelbar mit TV, Tablet, Smartphone, Laptop Akku-Laufzeit bis zu 8 h Eingänge: Bluetooth, USB-A, AUX Leistung 2 x 15 W (RMS) Größe ca. B 40 x H 6 x T 9 cm",Nein,Dieses Angebot findest du vom 26.03. bis 01.04. in deiner Kaufland-Filiale.,2026-03-26,2026-04-01,../images/kaufland/kaufland_offer_434.jpg,"cat_knabbern_naschen,diet_gluten_free,diet_lactose_free,diet_vegetarian,tag_ultra_processed",,,ref_000325,obs_0000012328|obs_0000006379|obs_0000022930|obs_0000010932|obs_0000023571|obs_0000017530|obs_0000019730|obs_0000023911|obs_0000026024|obs_0000018128|obs_0000024330|obs_0000016216,
LEIBNIZ,Minis,"€ 1,49","€ 2,49","1 kg = 9,94 - 11,92","Butterkekse, Choco oder Black & White",Nein,Dieses Angebot findest du vom 26.03. bis 01.04. in deiner Kaufland-Filiale.,2026-03-26,2026-04-01,../images/kaufland/kaufland_offer_332.jpg,"cat_knabbern_naschen,diet_vegetarian,tag_ultra_processed",,,ref_000326,obs_0000015901|obs_0000019480|obs_0000025627|obs_0000019541|obs_0000012394|obs_0000025800|obs_0000024884|obs_0000016191|obs_0000011085|obs_0000022992|obs_0000013779|obs_0000013309|obs_0000022527|obs_0000017921|obs_0000012802|obs_0000027652|obs_0000014861|obs_0000001550|obs_0000004111|obs_0000004633|obs_0000008732|obs_0000027681|obs_0000022061|obs_0000010298|obs_0000034379|obs_0000020557|obs_0000004206|obs_0000025211|obs_0000001186|obs_0000001189|obs_0000011962|obs_0000003779|obs_0000003791|obs_0000014554|obs_0000001759|obs_0000033009|obs_0000004850|obs_0000006386|obs_0000021245|obs_0000006923|obs_0000033553|obs_0000026916|obs_0000035089|obs_0000017711|obs_0000034613|obs_0000014139|obs_0000000326|obs_0000004423|obs_0000022862|obs_0000004965,obs_0000019480|obs_0000025627|obs_0000015901|obs_0000019541|obs_0000012394|obs_0000025800|obs_0000024884|obs_0000016191|obs_0000011085|obs_0000022992|obs_0000013779|obs_0000013309|obs_0000022527
LITTLE MOONS,Mochi Ice Cream,"€ 3,49",,"1 kg = 18,18","cremiges ital. Eis, umhüllt von weichem Reismehl-Teig, versch. Sorten",Nein,Dieses Angebot findest du vom 26.03. bis 01.04. in deiner Kaufland-Filiale.,2026-03-26,2026-04-01,../images/kaufland/kaufland_offer_185.jpg,"cat_tiefkuehl,sub_tk_eis,tag_ultra_processed",,,ref_000327,obs_0000010641|obs_0000031928|obs_0000021183|obs_0000014030|obs_0000021787|obs_0000020364|obs_0000024158|obs_0000023738|obs_0000023254|obs_0000017462|obs_0000026737,obs_0000008901|obs_0000010641
Keine Marke,Moossteinbrech,"€ 1,49",,"pro Einheit = 1,49","versch. Farben, Topf Ø 10,5 cm",Nein,Dieses Angebot findest du vom 26.03. bis 01.04. in deiner Kaufland-Filiale.,2026-03-26,2026-04-01,../images/kaufland/kaufland_offer_075.jpg,"cat_obst_gemuese,diet_gluten_free,diet_lactose_free,diet_vegan,diet_vegetarian,tag_ultra_processed,tag_whole_food",,,ref_000328,,
MORE,More Fizi,"€ 1,49","€ 1,95","1 l = 4,52","zuckerfreie, kohlensäurehaltige Ballaststoff-Limo, White Peach, Lemon Lime oder Orange (+ 0.25 Pfand)",Nein,Dieses Angebot findest du vom 26.03. bis 01.04. in deiner Kaufland-Filiale.,2026-03-26,2026-04-01,../images/kaufland/kaufland_offer_424.jpg,"cat_drogerie,tag_ultra_processed",,,ref_000329,,
K-GOLD EDITION,Mortadella Bologna g g A,"€ 1,59","€ 1,99","1 kg = 10,60",mit groben Speckwürfeln und Pistazien verfeinert,Nein,Dieses Angebot findest du vom 26.03. bis 01.04. in deiner Kaufland-Filiale.,2026-03-26,2026-04-01,../images/kaufland/kaufland_offer_107.jpg,"cat_fleisch_wurst,sub_schwein,sub_wurst,tag_ultra_processed",,,ref_000330,obs_0000004894|obs_0000004040|obs_0000000355|obs_0000003049|obs_0000034155|obs_0000004467|obs_0000014475|obs_0000011448,
RÜGENWALDER MÜHLE,Mühlen-Schinken,"€ 1,99","€ 2,49","1 kg = 19,90",zarter oder gegrillter Kochschinken,Nein,Dieses Angebot findest du vom 26.03. bis 01.04. in deiner Kaufland-Filiale.,2026-03-26,2026-04-01,../images/kaufland/kaufland_offer_110.jpg,"cat_fleisch_wurst,diet_vegan,sub_fleischersatz,sub_schwein,sub_wurst,tag_ultra_processed",,,ref_000331,obs_0000031443|obs_0000008615|obs_0000015358|obs_0000031679|obs_0000034378|obs_0000005796|obs_0000028387|obs_0000016624|obs_0000017657|obs_0000007064|obs_0000007629|obs_0000005204|obs_0000005942|obs_0000030799|obs_0000031425|obs_0000029445|obs_0000032536|obs_0000032095,obs_0000005796|obs_0000031443|obs_0000007064|obs_0000008615|obs_0000007629|obs_0000015358
SPATEN,Münchner Hell,"€ 14,99",,"1 l = 1,50","feinwürzig, vollmundig und mild (+ 3.10 Pfand)",Nein,Dieses Angebot findest du vom 26.03. bis 01.04. in deiner Kaufland-Filiale.,2026-03-26,2026-04-01,../images/kaufland/kaufland_offer_386.jpg,cat_getraenke,,,ref_000332,obs_0000013313|obs_0000028250|obs_0000015504|obs_0000034636|obs_0000010094|obs_0000003504|obs_0000033822|obs_0000035040|obs_0000035050|obs_0000012642|obs_0000005646|obs_0000030393|obs_0000030402|obs_0000029407|obs_0000006908|obs_0000029993|obs_0000029045|obs_0000034841|obs_0000009785|obs_0000031386|obs_0000034475|obs_0000034487|obs_0000009915|obs_0000027350|obs_0000011994|obs_0000006377|obs_0000035038|obs_0000010541|obs_0000014654|obs_0000028550|obs_0000008658|obs_0000028667|obs_0000029258|obs_0000031617,obs_0000013313|obs_0000033822|obs_0000028250|obs_0000015504|obs_0000030393|obs_0000035040|obs_0000035050|obs_0000034636|obs_0000012642|obs_0000010094|obs_0000029045|obs_0000003504
ZIMMERMANN,Münchner Weißwürste,"€ 2,69",,"1 kg = 8,97",eine bayerische Spezialität,Nein,Dieses Angebot findest du vom 26.03. bis 01.04. in deiner Kaufland-Filiale.,2026-03-26,2026-04-01,../images/kaufland/kaufland_offer_106.jpg,cat_fleisch_wurst,,BLS-W224000,ref_000333,obs_0000014466|obs_0000011851|obs_0000015357|obs_0000011005|obs_0000009876|obs_0000028378|obs_0000004893|obs_0000003230|obs_0000004039|obs_0000003681|obs_0000000354|obs_0000004466,obs_0000014466|obs_0000009876|obs_0000022808|obs_0000004893|obs_0000003230|obs_0000026160|obs_0000026806|obs_0000004039|obs_0000023370|obs_0000011851|obs_0000015357|obs_0000028378|obs_0000003681|obs_0000000354|obs_0000004466|obs_0000000632|obs_0000027258|obs_0000011005
Keine Marke,Narzissen,"€ 6,99",,"pro Einheit = 6,99","versch. Ausführungen, Topf Ø 9 - 20 cm, ab 2,49€",Nein,Dieses Angebot findest du vom 30.03. bis 01.04. in deiner Kaufland-Filiale.,2026-03-30,2026-04-01,../images/kaufland/kaufland_offer_621.jpg,"cat_obst_gemuese,diet_gluten_free,diet_lactose_free,diet_vegan,diet_vegetarian,sub_exoten,sub_frisches_obst,tag_ultra_processed,tag_whole_food",,,ref_000334,obs_0000030050|obs_0000030733|obs_0000022590|obs_0000030056,obs_0000030050
KIDLAND,Nestschaukel,"€ 24,99",,"pro Einheit = 24,99","Gepolsterter Stahlrahmen UV- und witterungsbeständig 2 Stahlringe zur Befestigung 4 Seile mit Verstellösen Höhenverstellbar ca. 105 - 180 cm Schneller und einfacher Aufbau Belastbarkeit max. 150 kg Nur für den Hausgebrauch im Außenbereich Größe ca. Ø 113 cm (ca. 5,3 kg) Inkl. Aufbauanleitung und Montagematerial Für Kinder ab 3 Jahren 3 Jahre Garantie",Nein,Dieses Angebot findest du vom 26.03. bis 01.04. in deiner Kaufland-Filiale.,2026-03-26,2026-04-01,../images/kaufland/kaufland_offer_466.jpg,cat_non_food,,,ref_000335,obs_0000024789,obs_0000024789
STORCK,Nimm2 Fruchtbonbons Soft oder Lollies,"€ 1,69",,"1 kg = 3,94 - 8,45","mit Vitaminen, versch. Sorten",Nein,Dieses Angebot findest du vom 30.03. bis 01.04. in deiner Kaufland-Filiale.,2026-03-30,2026-04-01,../images/kaufland/kaufland_offer_651.jpg,"cat_knabbern_naschen,tag_ultra_processed",,,ref_000336,obs_0000012400|obs_0000027164|obs_0000011556|obs_0000008552,obs_0000012400
K-GOLD EDITION,Norweg Lachsrückenfilet,"€ 3,99",,"1 kg = 31,92",über Buchenholz geräuchert,Nein,Dieses Angebot findest du vom 26.03. bis 01.04. in deiner Kaufland-Filiale.,2026-03-26,2026-04-01,../images/kaufland/kaufland_offer_212.jpg,"cat_grundnahrung,diet_gluten_free,diet_lactose_free,tag_high_protein,tag_proteinreich,tag_ultra_processed",,,ref_000337,obs_0000002787|obs_0000002438|obs_0000031495|obs_0000002043,
K-CLASSIC,Norweg Räucherlachs,"€ 3,49","€ 4,29","1 kg = 17,45","in Scheiben, traditionell kaltgeräuchert",Nein,Dieses Angebot findest du vom 30.03. bis 01.04. in deiner Kaufland-Filiale.,2026-03-30,2026-04-01,../images/kaufland/kaufland_offer_610.jpg,"cat_fisch_meeresfruechte,diet_gluten_free,diet_lactose_free,tag_high_protein,tag_ultra_processed,tag_whole_food",,,ref_000338,obs_0000028795|obs_0000016608|obs_0000008702|obs_0000002571|obs_0000021070|obs_0000025231|obs_0000031816|obs_0000017750|obs_0000003427|obs_0000020251|obs_0000005956|obs_0000001935|obs_0000001994,
LINDT,Nuxor,"€ 3,99","€ 6,99","1 kg = 38,74","ganze, geröstete Haselnüsse, umhüllt mit cremiger Gianduja-Schokolade, versch. Sorten",Nein,Dieses Angebot findest du vom 26.03. bis 01.04. in deiner Kaufland-Filiale.,2026-03-26,2026-04-01,../images/kaufland/kaufland_offer_314.jpg,"cat_knabbern_naschen,tag_ultra_processed",,,ref_000339,obs_0000007998|obs_0000007102,obs_0000007998|obs_0000007102
K-GOLD EDITION,Oliven,"€ 1,49","€ 1,79","1 kg = 9,94","natur, gefüllt oder mariniert, versch. Sorten, z. B. mit Weichkäse",Nein,Dieses Angebot findest du vom 26.03. bis 01.04. in deiner Kaufland-Filiale.,2026-03-26,2026-04-01,../images/kaufland/kaufland_offer_210.jpg,"cat_grundnahrung,diet_gluten_free,diet_lactose_free,diet_vegan,diet_vegetarian,tag_ultra_processed",,BLS-Q120000,ref_000340,obs_0000008194|obs_0000025865|obs_0000028687|obs_0000028567|obs_0000018215|obs_0000026683|obs_0000008681|obs_0000022380|obs_0000034552|obs_0000011917|obs_0000003726|obs_0000004885|obs_0000025238|obs_0000034942|obs_0000020249|obs_0000010266|obs_0000033953|obs_0000025634|obs_0000012839|obs_0000021549|obs_0000003120|obs_0000013234|obs_0000027579|obs_0000010941|obs_0000004031|obs_0000010687|obs_0000012354|obs_0000031304|obs_0000021068|obs_0000014542|obs_0000005200|obs_0000014034|obs_0000022490|obs_0000008283|obs_0000022495|obs_0000020730|obs_0000004458|obs_0000025210|obs_0000007176|obs_0000025405|obs_0000001990|obs_0000033871|obs_0000001761|obs_0000001762|obs_0000000893|obs_0000001285|obs_0000021256|obs_0000022160|obs_0000019518|obs_0000034768,obs_0000008194|obs_0000025865|obs_0000028687|obs_0000028567|obs_0000018215|obs_0000026683|obs_0000008681|obs_0000022380|obs_0000034552
Keine Marke,Oliven-Mix,"€ 0,99","€ 1,19","pro Einheit = 0,99","grüne und geschwärzte Oliven ohne Stein, mit Weißkäse, verfeinert mit Kräutern",Nein,Dieses Angebot findest du vom 26.03. bis 01.04. in deiner Kaufland-Filiale.,2026-03-26,2026-04-01,../images/kaufland/kaufland_offer_254.jpg,"cat_grundnahrung,diet_gluten_free,diet_lactose_free,diet_vegan,diet_vegetarian,tag_ultra_processed,tag_whole_food",,,ref_000341,obs_0000012354|obs_0000014542|obs_0000010687|obs_0000033871|obs_0000025405|obs_0000008194|obs_0000028687|obs_0000026683|obs_0000024700|obs_0000034552|obs_0000025865|obs_0000018215|obs_0000022380|obs_0000028567|obs_0000008681,obs_0000010266|obs_0000012354|obs_0000014542|obs_0000010687
Keine Marke,Orchidee im Keramik-Übertopf,"€ 12,99",,"pro Einheit = 12,99","versch. Farben, Topf Ø 12 cm, ab 12,99 €",Nein,Dieses Angebot findest du vom 26.03. bis 01.04. in deiner Kaufland-Filiale.,2026-03-26,2026-04-01,../images/kaufland/kaufland_offer_069.jpg,"cat_obst_gemuese,diet_gluten_free,diet_lactose_free,diet_vegan,diet_vegetarian",,,ref_000342,obs_0000013323|obs_0000010983|obs_0000012717|obs_0000012720|obs_0000015331|obs_0000010968|obs_0000013123|obs_0000015330|obs_0000015328|obs_0000015332|obs_0000015333|obs_0000008775|obs_0000010315|obs_0000026216|obs_0000011404|obs_0000013988|obs_0000008880|obs_0000008884|obs_0000002788|obs_0000002877|obs_0000008678,obs_0000013323|obs_0000010983|obs_0000012717|obs_0000012720|obs_0000015331
SUNKID,Oster-Plüschfigur,"€ 7,99",,"pro Einheit = 7,99",Aus extraweichem Polyester-Plüsch Waschbar bis 30 °C Größe ca. 70 cm Für Kinder ab 0 Jahren,Nein,Dieses Angebot findest du vom 26.03. bis 01.04. in deiner Kaufland-Filiale.,2026-03-26,2026-04-01,../images/kaufland/kaufland_offer_478.jpg,cat_non_food,,,ref_000343,obs_0000008351|obs_0000025907|obs_0000026039|obs_0000002110|obs_0000002934,
GUTES AUS DER BÄCKEREI,Osterbrot,"€ 1,99","€ 2,59","1 kg = 3,98",mit 14 % Rosinen,Nein,Dieses Angebot findest du vom 26.03. bis 01.04. in deiner Kaufland-Filiale.,2026-03-26,2026-04-01,../images/kaufland/kaufland_offer_272.jpg,"cat_grundnahrung,tag_ultra_processed",,,ref_000344,obs_0000031342,
KINDER,Osterhase,"€ 1,99","€ 2,49","1 kg = 18,10","aus Vollmilchschokolade mit Milchcreme, Original oder Milky Caramel",Nein,Dieses Angebot findest du vom 26.03. bis 01.04. in deiner Kaufland-Filiale.,2026-03-26,2026-04-01,../images/kaufland/kaufland_offer_319.jpg,"cat_knabbern_naschen,tag_ultra_processed",,,ref_000345,obs_0000024716|obs_0000024717|obs_0000001703|obs_0000001708|obs_0000013811|obs_0000013777,obs_0000024716|obs_0000024717|obs_0000001703|obs_0000001708|obs_0000013811
KUCHENMEISTER,Osterlamm,"€ 2,99","€ 3,49","1 kg = 7,48",mit Puderzucker,Nein,Dieses Angebot findest du vom 26.03. bis 01.04. in deiner Kaufland-Filiale.,2026-03-26,2026-04-01,../images/kaufland/kaufland_offer_271.jpg,"cat_grundnahrung,tag_ultra_processed",,,ref_000346,,
KIDLAND,Outdoorküche,"€ 24,99","€ 24,99","pro Einheit = 24,99","Stabile Konstruktion aus Holz Ideal für Garten, Balkon und Terrasse Mit Regalen und Handtuchhalter 4 Blumentöpfe zum Selbstbepflanzen Abwischbare Tafel mit 3 Kreidestücken 2 Herdplatten Temperaturregler mit Klickgeräusch Abnehmbarer Wassertank mit Wasserhahn 2 entnehmbare Spülbecken aus Kunststoff 3 Haken mit Harke und Schaufeln Größe ca. B 78 x H 95 x T 34 cm (B x H x T) Inkl. Montagematerial und Anleitung Für Kinder ab 3 Jahren 3 Jahre Garantie",Nein,Dieses Angebot findest du vom 26.03. bis 01.04. in deiner Kaufland-Filiale.,2026-03-26,2026-04-01,../images/kaufland/kaufland_offer_472.jpg,cat_non_food,,,ref_000347,obs_0000024783,
ICEWIND,Pangasiusfilets,"€ 4,99","€ 6,10","pro Einheit = 4,99","ohne Haut, glasiert, praktisch grätenfrei, einzeln entnehmbar",Nein,Dieses Angebot findest du vom 26.03. bis 04.04. in deiner Kaufland-Filiale.,2026-03-26,2026-04-04,../images/kaufland/kaufland_offer_199.jpg,cat_tiefkuehl,,,ref_000348,,obs_0000011058
CASA MODENA,Parmigiano Reggiano DOP,"€ 3,99",,"1 kg = 26,60","ital. Hartkäse, am Stück, 24 Monate gereift, 40 % Fett i. Tr.",Nein,Dieses Angebot findest du vom 26.03. bis 01.04. in deiner Kaufland-Filiale.,2026-03-26,2026-04-01,../images/kaufland/kaufland_offer_170.jpg,"cat_molkerei_kaese,sub_kaese,sub_milchprodukte",,,ref_000349,obs_0000023172|obs_0000015397|obs_0000012329|obs_0000013813|obs_0000009732|obs_0000009266|obs_0000008957|obs_0000034722|obs_0000016169|obs_0000019638|obs_0000019268|obs_0000007778|obs_0000003570|obs_0000033972,obs_0000023172|obs_0000009732|obs_0000034722|obs_0000015397|obs_0000012329|obs_0000016169|obs_0000009266|obs_0000019638|obs_0000019268|obs_0000007778|obs_0000003570|obs_0000013813|obs_0000008957
K-FAVOURITES,Parmigiano Reggiano DOP gehobelt,"€ 2,59","€ 3,29","1 kg = 20,72",gehobelt,Nein,Dieses Angebot findest du vom 26.03. bis 01.04. in deiner Kaufland-Filiale.,2026-03-26,2026-04-01,../images/kaufland/kaufland_offer_172.jpg,"cat_molkerei_kaese,sub_kaese,sub_milchprodukte",,,ref_000350,obs_0000015397|obs_0000012329|obs_0000023172|obs_0000013813|obs_0000009732|obs_0000009266|obs_0000007778|obs_0000019638|obs_0000008957|obs_0000016169|obs_0000019268|obs_0000034722|obs_0000003570,
ROBBY BUBBLE,Partygetränk,"€ 2,22","€ 3,49","1 l = 2,96","kohlensäurehaltiges Fruchtsaftgetränk, alkoholfrei, Berry oder Apple Cherry",Nein,Dieses Angebot findest du vom 26.03. bis 01.04. in deiner Kaufland-Filiale.,2026-03-26,2026-04-01,../images/kaufland/kaufland_offer_378.jpg,"cat_getraenke,tag_ultra_processed",,,ref_000351,obs_0000012440|obs_0000007658,obs_0000012440
BARILLA,Pasta-Sauce,"€ 1,99",,"1 kg = 4,98","Basilico, Aglio, Arrabbiata, Napoletana, Base per Bolognese, Toscana oder Pomodoro",Nein,Dieses Angebot findest du vom 30.03. bis 01.04. in deiner Kaufland-Filiale.,2026-03-30,2026-04-01,../images/kaufland/kaufland_offer_047.jpg,"cat_grundnahrung,diet_lactose_free,diet_vegan,diet_vegetarian,sub_hackfleisch,sub_nudeln",,,ref_000352,obs_0000018497|obs_0000010415|obs_0000014564|obs_0000011526|obs_0000016655|obs_0000000535|obs_0000015003|obs_0000011088|obs_0000018196|obs_0000019845|obs_0000025518|obs_0000016866|obs_0000001282|obs_0000032233|obs_0000020003|obs_0000035104|obs_0000028733|obs_0000013386|obs_0000022097|obs_0000034889|obs_0000002663|obs_0000034419|obs_0000011915|obs_0000017082|obs_0000021187|obs_0000010474|obs_0000034026|obs_0000018708|obs_0000008982|obs_0000016662|obs_0000026899|obs_0000006481|obs_0000011092|obs_0000014165|obs_0000028496|obs_0000019293|obs_0000020368|obs_0000028607|obs_0000018893|obs_0000017359|obs_0000007181|obs_0000005743|obs_0000007368,obs_0000000535|obs_0000018497|obs_0000015003|obs_0000010415|obs_0000014564|obs_0000011526|obs_0000016655|obs_0000011088|obs_0000032233
Keine Marke,Pazifische Felsenaustern,"€ 5,99",,"pro Einheit = 5,99","aus niederl. Aquakultur, inkl. Austernmesser",Nein,Dieses Angebot findest du vom 26.03. bis 04.04. in deiner Kaufland-Filiale.,2026-03-26,2026-04-04,../images/kaufland/kaufland_offer_144.jpg,"cat_fisch_meeresfruechte,diet_gluten_free,diet_lactose_free,diet_vegan,diet_vegetarian,tag_whole_food",,,ref_000353,obs_0000015783,obs_0000015783
Keine Marke,Peruan brasil Mango lose,"€ 1,29","€ 1,79","pro Einheit = 1,29","»Kent« oder »Keitt«, Kl. I",Nein,Dieses Angebot findest du vom 26.03. bis 01.04. in deiner Kaufland-Filiale.,2026-03-26,2026-04-01,../images/kaufland/kaufland_offer_055.jpg,"cat_obst_gemuese,diet_gluten_free,diet_lactose_free,diet_vegan,diet_vegetarian,sub_exoten,sub_frisches_gemuese,sub_frisches_obst,tag_whole_food",,,ref_000354,obs_0000011787|obs_0000013333|obs_0000013816|obs_0000010971|obs_0000015714|obs_0000014421|obs_0000015282|obs_0000029722|obs_0000024112|obs_0000009816|obs_0000031322|obs_0000026739|obs_0000009349|obs_0000028316|obs_0000027322|obs_0000029883|obs_0000004820|obs_0000021278|obs_0000004393|obs_0000000306|obs_0000026453|obs_0000003966|obs_0000033713|obs_0000034740|obs_0000016865|obs_0000020459|obs_0000025584,obs_0000011787|obs_0000013333|obs_0000013816
BARILLA,Pesto,"€ 1,89",,"1 kg = 9,45 - 9,95",versch. Sorten,Nein,Dieses Angebot findest du vom 26.03. bis 01.04. in deiner Kaufland-Filiale.,2026-03-26,2026-04-01,../images/kaufland/kaufland_offer_277.jpg,"cat_grundnahrung,diet_lactose_free,diet_vegan,diet_vegetarian,sub_nudeln,tag_ultra_processed",,,ref_000355,obs_0000023299|obs_0000025099|obs_0000018607|obs_0000015289|obs_0000003675|obs_0000014195|obs_0000015872|obs_0000011527|obs_0000001549|obs_0000000146|obs_0000019219|obs_0000020017|obs_0000011089|obs_0000019945|obs_0000016639|obs_0000034211|obs_0000001346|obs_0000028349|obs_0000008153|obs_0000015004|obs_0000015005|obs_0000007363|obs_0000023389|obs_0000010208|obs_0000022243|obs_0000034416|obs_0000005746|obs_0000007184|obs_0000030712|obs_0000002524|obs_0000003299|obs_0000029304|obs_0000005369|obs_0000032424|obs_0000030664|obs_0000029670|obs_0000032232|obs_0000029685|obs_0000007342|obs_0000013936|obs_0000006836|obs_0000005569,obs_0000023299|obs_0000011527|obs_0000025099|obs_0000001549|obs_0000000146|obs_0000019219|obs_0000018607|obs_0000020017|obs_0000015289|obs_0000007363|obs_0000011089|obs_0000003675|obs_0000019945|obs_0000005746|obs_0000014195|obs_0000016639|obs_0000015872
TEEKANNE,Pfefferminztee,"€ 2,49",,"1 kg = 22,14",erfrischend & aromatisch,Nein,Dieses Angebot findest du vom 26.03. bis 01.04. in deiner Kaufland-Filiale.,2026-03-26,2026-04-01,../images/kaufland/kaufland_offer_306.jpg,"cat_knabbern_naschen,diet_gluten_free,diet_lactose_free,diet_vegan,diet_vegetarian,tag_ultra_processed,tag_whole_food",,BLS-N721000,ref_000356,obs_0000015888|obs_0000003407|obs_0000002410|obs_0000031607,obs_0000015888|obs_0000003407|obs_0000002410
K-CLASSIC,Pflanz- und Hochbeeterde,"€ 3,99","€ 4,99","1 l = 0,10",Zum Pflanzen von Gemüse und Zierpflanzen Gebrauchsfertiges Kultursubstrat Mit rein organischem Langzeitdünger 100 % natürliche Inhaltsstoffe 100 % torffrei,Nein,Dieses Angebot findest du vom 26.03. bis 01.04. in deiner Kaufland-Filiale.,2026-03-26,2026-04-01,../images/kaufland/kaufland_offer_512.jpg,"cat_non_food,diet_gluten_free,diet_lactose_free,diet_vegan,diet_vegetarian,tag_ultra_processed",,,ref_000357,,
HENKELL,Piccolo-Sekt,"€ 0,99","€ 1,79","1 l = 4,95",trocken oder Rosé,Nein,Dieses Angebot findest du vom 26.03. bis 01.04. in deiner Kaufland-Filiale.,2026-03-26,2026-04-01,../images/kaufland/kaufland_offer_379.jpg,cat_getraenke,,,ref_000358,obs_0000013336|obs_0000015931|obs_0000008276|obs_0000015498|obs_0000010420|obs_0000014100|obs_0000011802|obs_0000017436|obs_0000018465|obs_0000017456|obs_0000003634|obs_0000013889|obs_0000019009|obs_0000031833|obs_0000019561|obs_0000018037|obs_0000028281|obs_0000000122|obs_0000012437|obs_0000010911|obs_0000026289|obs_0000011989|obs_0000023255|obs_0000027358|obs_0000018687|obs_0000016680|obs_0000015666|obs_0000014643|obs_0000014644|obs_0000024889|obs_0000026425|obs_0000011590|obs_0000015699|obs_0000027487|obs_0000008047|obs_0000008577|obs_0000012694|obs_0000002457|obs_0000022430|obs_0000025002|obs_0000001461|obs_0000026048,obs_0000013336|obs_0000015931|obs_0000008276|obs_0000015498|obs_0000010420
BÜRGERBRÄU BAMBERG,Pils oder Export,"€ 9,99","€ 12,49","1 l = 1,00",(+ 3.10 Pfand),Nein,Dieses Angebot findest du vom 26.03. bis 01.04. in deiner Kaufland-Filiale.,2026-03-26,2026-04-01,../images/kaufland/kaufland_offer_393.jpg,cat_getraenke,,,ref_000359,obs_0000011320|obs_0000029409|obs_0000030720|obs_0000011995|obs_0000012450|obs_0000013339|obs_0000015090|obs_0000030235|obs_0000030944|obs_0000016578|obs_0000008467|obs_0000000370|obs_0000017247|obs_0000033823|obs_0000026062|obs_0000026170|obs_0000034423|obs_0000010120|obs_0000034708|obs_0000010165|obs_0000035035|obs_0000010755|obs_0000027329|obs_0000003041|obs_0000019656|obs_0000027944|obs_0000028275|obs_0000028408|obs_0000028500|obs_0000028614|obs_0000004068|obs_0000028759|obs_0000012448|obs_0000028878|obs_0000028937|obs_0000004495|obs_0000012871|obs_0000004922|obs_0000013338|obs_0000013819|obs_0000014202|obs_0000031695|obs_0000031740|obs_0000023756|obs_0000015941|obs_0000024176,
Keine Marke,Pizza Margherita,"€ 0,69","€ 0,99","pro Einheit = 0,69",Pizzasnack mit Edamer,Nein,Dieses Angebot findest du vom 26.03. bis 01.04. in deiner Kaufland-Filiale.,2026-03-26,2026-04-01,../images/kaufland/kaufland_offer_257.jpg,"cat_grundnahrung,diet_gluten_free,diet_lactose_free,diet_vegan,diet_vegetarian,sub_frisches_obst,sub_tk_pizza,tag_ultra_processed,tag_whole_food",,BLS-X912033,ref_000360,obs_0000027771|obs_0000010444|obs_0000028924|obs_0000011520|obs_0000034187|obs_0000000038|obs_0000003772|obs_0000013341|obs_0000023186|obs_0000025810|obs_0000005867|obs_0000010530|obs_0000030508,obs_0000027771|obs_0000010444|obs_0000028924|obs_0000011520|obs_0000034187
HASBRO,Play-Doh Megameter,"€ 12,99","€ 14,99","1 kg = 9,56",1-m-Box mit 16 Knete-Dosen à 85 g Für Kinder ab 2 Jahren,Nein,Dieses Angebot findest du vom 26.03. bis 01.04. in deiner Kaufland-Filiale.,2026-03-26,2026-04-01,../images/kaufland/kaufland_offer_475.jpg,"cat_non_food,diet_vegetarian,tag_ultra_processed",,,ref_000361,obs_0000014716|obs_0000002146|obs_0000018899,obs_0000014716
TARCZYNSKI,Poln Kesselschinken,"€ 1,59","€ 2,29","pro Einheit = 1,59",zart und saftig,Nein,Dieses Angebot findest du vom 26.03. bis 01.04. in deiner Kaufland-Filiale.,2026-03-26,2026-04-01,../images/kaufland/kaufland_offer_134.jpg,"cat_fleisch_wurst,sub_schwein,sub_wurst,tag_ultra_processed",,,ref_000362,,obs_0000029533
SWITCH ON,Powerbank 20 000 mAh,"€ 14,99",,"pro Einheit = 14,99","Kapazität 20.000 mAh Paralleles Laden von bis zu 2 Geräten möglich Anschlüsse: 2 x USB-A, 1 x USB-C USB-C-Ausgang mit Power-Delivery-Funktion (PD) USB-A-Ausgang mit Qualcomm® Quick Charge™ Gesamtausgangsleistung max. 15 W LED-Anzeige zum Akku-Status Mit Schutz vor Überhitzung und Kurzschlüssen Inkl. Ladekabel (USB-A auf USB-C) 3 Jahre Garantie",Nein,Dieses Angebot findest du vom 26.03. bis 01.04. in deiner Kaufland-Filiale.,2026-03-26,2026-04-01,../images/kaufland/kaufland_offer_448.jpg,"cat_non_food,tag_ultra_processed",,,ref_000363,obs_0000019067|obs_0000008853|obs_0000009905|obs_0000009439|obs_0000024331|obs_0000023909,
MON CH RI,Pralinen mit Alkoholfüllung,"€ 2,49","€ 3,99","1 kg = 15,86",Kirsche in Likör und Zartbitterschokolade,Nein,Dieses Angebot findest du vom 26.03. bis 01.04. in deiner Kaufland-Filiale.,2026-03-26,2026-04-01,../images/kaufland/kaufland_offer_312.jpg,"cat_knabbern_naschen,tag_ultra_processed",,BLS-S621000,ref_000364,obs_0000014393|obs_0000012385|obs_0000013347|obs_0000026095,obs_0000014393|obs_0000012385|obs_0000013347
LINDT,Pralin s,"€ 5,99","€ 13,99","1 kg = 29,95","Confiserie für Kenner, versch. Sorten",Nein,Dieses Angebot findest du vom 26.03. bis 01.04. in deiner Kaufland-Filiale.,2026-03-26,2026-04-01,../images/kaufland/kaufland_offer_313.jpg,"cat_knabbern_naschen,tag_ultra_processed",,BLS-S610000,ref_000365,obs_0000015896|obs_0000012860|obs_0000034397|obs_0000011766|obs_0000034394|obs_0000008451|obs_0000009603|obs_0000013829|obs_0000014132|obs_0000008763|obs_0000010054|obs_0000013775|obs_0000012389|obs_0000011114|obs_0000012390|obs_0000006914|obs_0000006040|obs_0000032431|obs_0000014136|obs_0000019773|obs_0000030282|obs_0000032241|obs_0000021894|obs_0000021653|obs_0000032469|obs_0000020834|obs_0000008820|obs_0000012220|obs_0000006030|obs_0000006741,obs_0000006914|obs_0000015896|obs_0000006040|obs_0000012860|obs_0000034394|obs_0000034397|obs_0000011766
MILKA,Pralin s oder Hauchzarte Herzen,"€ 3,00","€ 3,58","1 kg = 11,54 - 13,64",versch. Sorten,Nein,Dieses Angebot findest du vom 30.03. bis 01.04. in deiner Kaufland-Filiale.,2026-03-30,2026-04-01,../images/kaufland/kaufland_offer_619.jpg,"cat_knabbern_naschen,diet_vegetarian,tag_ultra_processed",,,ref_000366,obs_0000012220|obs_0000006030|obs_0000006741|obs_0000016165|obs_0000034394|obs_0000034397|obs_0000011766|obs_0000012860|obs_0000015896,obs_0000012220|obs_0000006030|obs_0000006741
HEINEKEN,Premium Lager,"€ 1,29","€ 1,75","1 l = 2,58",(+ 0.25 Pfand),Nein,Dieses Angebot findest du vom 26.03. bis 01.04. in deiner Kaufland-Filiale.,2026-03-26,2026-04-01,../images/kaufland/kaufland_offer_395.jpg,cat_getraenke,,,ref_000367,obs_0000010230|obs_0000031711|obs_0000028696|obs_0000013349|obs_0000015667|obs_0000028576|obs_0000013830|obs_0000031254|obs_0000008991|obs_0000031044|obs_0000031559|obs_0000011595|obs_0000026617,obs_0000031711|obs_0000010230
HASSERÖDER,Premium Pils,"€ 7,99","€ 17,99","1 l = 0,80",(+ 3.10 Pfand),Nein,Dieses Angebot findest du vom 26.03. bis 01.04. in deiner Kaufland-Filiale.,2026-03-26,2026-04-01,../images/kaufland/kaufland_offer_391.jpg,cat_getraenke,,,ref_000368,obs_0000028695|obs_0000010479|obs_0000026883|obs_0000012662|obs_0000010756|obs_0000033895|obs_0000027845|obs_0000028575|obs_0000008187|obs_0000014397|obs_0000028734|obs_0000012445|obs_0000016561|obs_0000008613|obs_0000011146|obs_0000011148|obs_0000027560|obs_0000013350|obs_0000011594|obs_0000009703|obs_0000013836|obs_0000015938|obs_0000034432|obs_0000028520|obs_0000028635|obs_0000031079|obs_0000029198|obs_0000031248|obs_0000029243|obs_0000031389|obs_0000029927|obs_0000026008|obs_0000030395|obs_0000008006|obs_0000030607|obs_0000028759|obs_0000012448|obs_0000016578|obs_0000028878|obs_0000035035|obs_0000028937|obs_0000008467|obs_0000000370|obs_0000004495|obs_0000010755|obs_0000012871|obs_0000027329|obs_0000004922|obs_0000017247|obs_0000031695,obs_0000028695|obs_0000014397|obs_0000028734|obs_0000012445|obs_0000016561|obs_0000010479|obs_0000026883|obs_0000031079|obs_0000012662|obs_0000008613|obs_0000010756|obs_0000031248|obs_0000029243|obs_0000011146|obs_0000011148|obs_0000027560|obs_0000013350|obs_0000033895|obs_0000027845|obs_0000029927|obs_0000011594|obs_0000009703|obs_0000013836|obs_0000015938|obs_0000034432|obs_0000030395|obs_0000028520|obs_0000030607|obs_0000028575|obs_0000028635|obs_0000008187
WARSTEINER,Premium Pilsener,"€ 10,99",,"1 l = 1,10",auch alkoholfrei (+ 3.10 Pfand),Nein,Dieses Angebot findest du vom 26.03. bis 01.04. in deiner Kaufland-Filiale.,2026-03-26,2026-04-01,../images/kaufland/kaufland_offer_389.jpg,cat_getraenke,,,ref_000369,obs_0000025018|obs_0000027068|obs_0000020972|obs_0000008838|obs_0000015505|obs_0000009578|obs_0000020153|obs_0000026385|obs_0000010028|obs_0000026593|obs_0000028988|obs_0000034091|obs_0000034836|obs_0000034842|obs_0000008415|obs_0000035044|obs_0000035045|obs_0000014656|obs_0000015503|obs_0000011595|obs_0000013820|obs_0000013830|obs_0000015939|obs_0000014011|obs_0000028405|obs_0000034637|obs_0000028547|obs_0000026503|obs_0000028664,obs_0000025018|obs_0000027068|obs_0000020972|obs_0000008838|obs_0000015505|obs_0000009578|obs_0000020153|obs_0000026385|obs_0000010028|obs_0000026593
CONTESSA MARINA,Primitivo 14 DOC,"€ 5,99","€ 7,99","1 l = 7,99","Apulien, Bukett nach Pflaume und Kirsche, kräftig, passt zu Steaks, Grillgemüse und Pizza",Nein,Dieses Angebot findest du vom 26.03. bis 01.04. in deiner Kaufland-Filiale.,2026-03-26,2026-04-01,../images/kaufland/kaufland_offer_369.jpg,cat_getraenke,,,ref_000370,obs_0000015491|obs_0000012433|obs_0000011134|obs_0000008162|obs_0000027208|obs_0000027780|obs_0000034038|obs_0000026098,obs_0000015491|obs_0000012433|obs_0000011134
Keine Marke,PRINGLES,"€ 1,39",,"1 kg = 8,43 - 8,69",versch. Sorten,Nein,Dieses Angebot findest du vom 26.03. bis 01.04. in deiner Kaufland-Filiale.,2026-03-26,2026-04-01,../images/kaufland/kaufland_offer_307.jpg,"cat_knabbern_naschen,diet_gluten_free,diet_lactose_free,diet_vegan,diet_vegetarian,sub_exoten,sub_frisches_obst,tag_ultra_processed,tag_whole_food",,BLS-D701800,ref_000371,obs_0000007490|obs_0000032292|obs_0000006382|obs_0000005838|obs_0000030286|obs_0000015890|obs_0000011956|obs_0000014842,obs_0000007490|obs_0000032292|obs_0000006382|obs_0000005838|obs_0000030286|obs_0000015890|obs_0000011956|obs_0000014842
DALLMAYR,Prodomo,"€ 5,99","€ 10,49","1 kg = 11,98","gemahlen oder ganze Bohnen, versch. Sorten",Nein,Dieses Angebot findest du vom 26.03. bis 01.04. in deiner Kaufland-Filiale.,2026-03-26,2026-04-01,../images/kaufland/kaufland_offer_298.jpg,"cat_knabbern_naschen,diet_vegan,diet_vegetarian",,,ref_000372,obs_0000000917|obs_0000013354|obs_0000023737|obs_0000015684|obs_0000024151|obs_0000023652|obs_0000027842|obs_0000010085|obs_0000018352|obs_0000022476|obs_0000002163|obs_0000032404|obs_0000006812|obs_0000007968,obs_0000000917|obs_0000032404|obs_0000013354|obs_0000023737|obs_0000015684|obs_0000024151|obs_0000023652
K-GOLD EDITION,Prosciutto Cotto,"€ 1,59","€ 2,49","1 kg = 15,90","gekochter Schinken, Spitzenqualität",Nein,Dieses Angebot findest du vom 26.03. bis 01.04. in deiner Kaufland-Filiale.,2026-03-26,2026-04-01,../images/kaufland/kaufland_offer_109.jpg,"cat_fleisch_wurst,sub_schwein,sub_wurst,tag_high_protein,tag_proteinreich,tag_ultra_processed",,,ref_000373,obs_0000027656|obs_0000015759|obs_0000000528|obs_0000026521|obs_0000012287|obs_0000024217|obs_0000023206|obs_0000000042|obs_0000003783|obs_0000024656|obs_0000003295|obs_0000002915|obs_0000002661|obs_0000023797|obs_0000002166|obs_0000007052|obs_0000005780|obs_0000030868|obs_0000032413|obs_0000029101|obs_0000022634|obs_0000007418|obs_0000032375|obs_0000007863,obs_0000027656|obs_0000015759|obs_0000000528|obs_0000026521|obs_0000012287
Keine Marke,Prosciutto di Parma DOP,"€ 2,99","€ 4,49","pro Einheit = 2,99","ital. Rohschinken, mind. 12 Monate in der Provinz Parma gereift, fein-aromatisch",Nein,Dieses Angebot findest du vom 26.03. bis 01.04. in deiner Kaufland-Filiale.,2026-03-26,2026-04-01,../images/kaufland/kaufland_offer_137.jpg,"cat_fleisch_wurst,diet_gluten_free,diet_lactose_free,diet_vegan,diet_vegetarian,sub_schwein,sub_wurst,tag_high_protein,tag_proteinreich,tag_ultra_processed",,,ref_000374,obs_0000011451|obs_0000024565|obs_0000028274|obs_0000010384|obs_0000028839|obs_0000018819|obs_0000017379|obs_0000032565,obs_0000028274|obs_0000010384|obs_0000028839|obs_0000011451|obs_0000018819|obs_0000017379|obs_0000024565
K-GOLD EDITION,Prosciutto italiano,"€ 1,59","€ 2,29","1 kg = 15,90","luftgetrockneter Landschinken, mind. 11 Monate gereift",Nein,Dieses Angebot findest du vom 26.03. bis 01.04. in deiner Kaufland-Filiale.,2026-03-26,2026-04-01,../images/kaufland/kaufland_offer_112.jpg,"cat_fleisch_wurst,sub_schwein,sub_wurst,tag_high_protein,tag_proteinreich,tag_ultra_processed",,,ref_000375,,
MORE,Protein Satisbites,"€ 1,99","€ 2,75","1 kg = 39,80","versch. Sorten, z. B. Milk Choc Pistacchio",Nein,Dieses Angebot findest du vom 26.03. bis 01.04. in deiner Kaufland-Filiale.,2026-03-26,2026-04-01,../images/kaufland/kaufland_offer_422.jpg,"cat_drogerie,diet_vegetarian,tag_high_protein,tag_proteinreich,tag_ultra_processed",,,ref_000376,obs_0000033792,
NIPPON,Puffreis in Schokolade,"€ 1,79","€ 2,69","1 kg = 8,95",versch. Sorten,Nein,Dieses Angebot findest du vom 30.03. bis 01.04. in deiner Kaufland-Filiale.,2026-03-30,2026-04-01,../images/kaufland/kaufland_offer_664.jpg,"cat_knabbern_naschen,diet_vegetarian,tag_ultra_processed",,,ref_000377,obs_0000034606|obs_0000000091|obs_0000000138|obs_0000004278|obs_0000000230|obs_0000018698|obs_0000010522|obs_0000002336|obs_0000033056|obs_0000031011|obs_0000016691|obs_0000004446|obs_0000008595|obs_0000008610|obs_0000006579|obs_0000022979|obs_0000004705|obs_0000025221|obs_0000008861|obs_0000015026|obs_0000004873|obs_0000021291|obs_0000011112|obs_0000009149|obs_0000019429|obs_0000027700|obs_0000013394|obs_0000015454|obs_0000031849|obs_0000017539|obs_0000025739|obs_0000017595|obs_0000021699|obs_0000017605|obs_0000034013|obs_0000003326|obs_0000017857|obs_0000001524|obs_0000011765|obs_0000011783|obs_0000015893|obs_0000013879|obs_0000028232|obs_0000028244|obs_0000028249|obs_0000034408|obs_0000034411|obs_0000018155|obs_0000003851|obs_0000014104,
K-PURLAND,Puten-Hacksteaks mariniert,"€ 2,49","€ 3,39","1 kg = 7,79",mariniert,Nein,Dieses Angebot findest du vom 26.03. bis 01.04. in deiner Kaufland-Filiale.,2026-03-26,2026-04-01,../images/kaufland/kaufland_offer_098.jpg,"cat_fleisch_wurst,sub_gefluegel,sub_rind,sub_schwein,tag_high_protein,tag_proteinreich",,,ref_000378,obs_0000012766|obs_0000020561|obs_0000022951|obs_0000021380|obs_0000021684|obs_0000025781,obs_0000012766
SHARP,QLED-Smart-TV 50 Zoll 50HM5245E,"€ 299,00","€ 699,00","pro Einheit = 299,00","Frameless Design Bildschirm ca. 126 cm (50 Zoll) UHD-Auflösung 3.840 x 2.160 px HDR10/HLG/Dolby Vision Betriebssystem TiVo™ DVB-T2/-C/-S2 Dolby Atmos 3 x HDMI 2.1, 2 x USB, CI+, AUX, LAN, WLAN VESA-Standard 400 x 300 mm Energieeffizienzklasse F (Spektrum A bis G)",Nein,Dieses Angebot findest du vom 26.03. bis 01.04. in deiner Kaufland-Filiale.,2026-03-26,2026-04-01,../images/kaufland/kaufland_offer_430.jpg,cat_non_food,,,ref_000379,obs_0000003575,
COMPO,Qualitätsblumenerde,"€ 5,99","€ 8,99","1 l = 0,30","Hochwertige Universalerde Für Zimmer-, Balkon- und Gartenpflanzen Mit Sofort- und Langzeitdünger Nährstoffversorgung bis zu 12 Wochen Atmungsflocken aus natürlichem Vulkangestein Für luftige Struktur und optimale Wasseraufnahme",Nein,Dieses Angebot findest du vom 26.03. bis 01.04. in deiner Kaufland-Filiale.,2026-03-26,2026-04-01,../images/kaufland/kaufland_offer_506.jpg,cat_getraenke,,,ref_000380,,
WINE VIBES,Qualitätswein,"€ 3,99","€ 4,99","1 l = 5,32","Cuvée weiß, rosé oder rot, Baden, halbtrocken, z. B. weiß: fruchtig-saftig, passt zu leichten Gerichten und hellem Fleisch",Nein,Dieses Angebot findest du vom 26.03. bis 01.04. in deiner Kaufland-Filiale.,2026-03-26,2026-04-01,../images/kaufland/kaufland_offer_373.jpg,cat_getraenke,,,ref_000381,obs_0000012225|obs_0000011138|obs_0000008721|obs_0000013843|obs_0000013356|obs_0000014641|obs_0000015923|obs_0000011986|obs_0000029082|obs_0000005817|obs_0000006892|obs_0000010752|obs_0000027285|obs_0000015275|obs_0000012210|obs_0000031416|obs_0000029777|obs_0000028130|obs_0000011141|obs_0000015496|obs_0000014642|obs_0000030407|obs_0000007650|obs_0000013033|obs_0000029428|obs_0000031092|obs_0000010751|obs_0000028131|obs_0000029429,obs_0000011138|obs_0000008721|obs_0000013843|obs_0000013356|obs_0000014641|obs_0000015923|obs_0000012225|obs_0000011986
QUARKI,Quark,"€ 1,59","€ 1,99","1 kg = 6,36","Frischkäse nach osteuropäischer Art, Original oder Light, 25 - 30 % Fett i. Tr.",Nein,Dieses Angebot findest du vom 26.03. bis 01.04. in deiner Kaufland-Filiale.,2026-03-26,2026-04-01,../images/kaufland/kaufland_offer_155.jpg,"cat_molkerei_kaese,diet_vegetarian,sub_joghurt_skyr_quark,sub_milchprodukte",,,ref_000382,obs_0000027712|obs_0000008669|obs_0000012798|obs_0000010624|obs_0000001925|obs_0000026889|obs_0000012313|obs_0000028704|obs_0000021412|obs_0000028581|obs_0000028965|obs_0000016556|obs_0000006447|obs_0000023035|obs_0000025659|obs_0000009674|obs_0000019540|obs_0000026595|obs_0000009191|obs_0000020593|obs_0000002042|obs_0000018570|obs_0000021005|obs_0000028945|obs_0000014232|obs_0000031131|obs_0000005916|obs_0000022186|obs_0000022069|obs_0000032206|obs_0000020186|obs_0000022883|obs_0000030185|obs_0000008827|obs_0000014204|obs_0000024069|obs_0000024481|obs_0000034366|obs_0000006098|obs_0000007561|obs_0000006801|obs_0000007344|obs_0000007541|obs_0000007766|obs_0000007781|obs_0000006451|obs_0000005540,obs_0000001925|obs_0000027712|obs_0000008669|obs_0000012798|obs_0000010624
KIDLAND,Race Cars,"€ 1,99","€ 4,99","pro Einheit = 1,99",Sammelspaß für Groß und Klein Serie 4 Für Kinder ab 3 Jahren 3 Jahre Garantie,Nein,Dieses Angebot findest du vom 26.03. bis 01.04. in deiner Kaufland-Filiale.,2026-03-26,2026-04-01,../images/kaufland/kaufland_offer_458.jpg,cat_molkerei_kaese,,,ref_000383,,
WILKINSON SWORD,Rasierer mit Ersatzklingen,"€ 9,99",,"pro Einheit = 9,99","versch. Sorten, je 4 - 9 Klingen inkl. Griff",Nein,Dieses Angebot findest du vom 26.03. bis 01.04. in deiner Kaufland-Filiale.,2026-03-26,2026-04-01,../images/kaufland/kaufland_offer_417.jpg,cat_drogerie,,,ref_000384,obs_0000026128,
GILLETTE,Rasierschaum oder -gel,"€ 1,99","€ 2,75","1 l = 6,64 - 9,95",für normale bzw. empfindliche Haut,Nein,Dieses Angebot findest du vom 26.03. bis 01.04. in deiner Kaufland-Filiale.,2026-03-26,2026-04-01,../images/kaufland/kaufland_offer_416.jpg,cat_drogerie,,,ref_000385,,
MAGGI,Ravioli,"€ 1,99",,"1 kg = 2,49",versch. Sorten,Nein,Dieses Angebot findest du vom 30.03. bis 01.04. in deiner Kaufland-Filiale.,2026-03-30,2026-04-01,../images/kaufland/kaufland_offer_049.jpg,"cat_grundnahrung,sub_nudeln,tag_ultra_processed",,BLS-X344260,ref_000386,obs_0000027414|obs_0000014375|obs_0000010082|obs_0000020915|obs_0000022225|obs_0000020096|obs_0000027669|obs_0000008638|obs_0000033999|obs_0000005934,obs_0000027414|obs_0000014375|obs_0000010082
TALENTUS,Recycling-Multifunktions- Papier DIN A4,"€ 3,99","€ 4,99","pro Einheit = 3,99","100 % Recyclingpapier Nachhaltig und ressourcenschonend produziert Papierstärke 80 g/m² Lesefreundlicher Weißegrad Für Drucker, Kopierer und Faxgeräte",Nein,Dieses Angebot findest du vom 26.03. bis 01.04. in deiner Kaufland-Filiale.,2026-03-26,2026-04-01,../images/kaufland/kaufland_offer_456.jpg,cat_non_food,,,ref_000387,obs_0000009380|obs_0000009839|obs_0000009284|obs_0000009747,obs_0000009284|obs_0000009747
NEWCENTIAL,Reflektorbänder,"€ 3,99",,"pro Einheit = 3,99",Stahlstreifen-Schnappband mit PVC Wasserabweisend Mit reflektierenden Deko-Elementen Rückseite mit Velours 3 Jahre Garantie,Nein,Dieses Angebot findest du vom 26.03. bis 01.04. in deiner Kaufland-Filiale.,2026-03-26,2026-04-01,../images/kaufland/kaufland_offer_560.jpg,"cat_getraenke,tag_ultra_processed",,,ref_000388,,
THOMY,Reines Sonnenblumenöl,"€ 2,49","€ 2,99","1 l = 3,32",reich an Vitamin E,Nein,Dieses Angebot findest du vom 26.03. bis 01.04. in deiner Kaufland-Filiale.,2026-03-26,2026-04-01,../images/kaufland/kaufland_offer_240.jpg,"cat_grundnahrung,diet_gluten_free,diet_lactose_free,diet_vegan,diet_vegetarian,tag_whole_food",,BLS-Q320000,ref_000389,obs_0000027536|obs_0000026537|obs_0000015706|obs_0000010080|obs_0000028406|obs_0000032671|obs_0000005747|obs_0000017349|obs_0000035016|obs_0000011748|obs_0000013411|obs_0000034029|obs_0000023664|obs_0000034685,obs_0000027536|obs_0000032671|obs_0000026537|obs_0000015706|obs_0000010080|obs_0000005747|obs_0000028406
Keine Marke,Rhabarbertörtchen,"€ 0,69",,"pro Einheit = 0,69","saftiges Hefegebäck mit fruchtiger Rhabarberfüllung, dekorativem Gittermuster und Hagelzucker",Nein,Dieses Angebot findest du vom 26.03. bis 01.04. in deiner Kaufland-Filiale.,2026-03-26,2026-04-01,../images/kaufland/kaufland_offer_259.jpg,"cat_grundnahrung,diet_gluten_free,diet_lactose_free,diet_vegan,diet_vegetarian,tag_ultra_processed,tag_whole_food",,,ref_000390,,
YFOOD,Riegel,"€ 1,99","€ 2,79","1 kg = 33,17",Roasted Hazelnuts oder Salted Caramel,Nein,Dieses Angebot findest du vom 26.03. bis 01.04. in deiner Kaufland-Filiale.,2026-03-26,2026-04-01,../images/kaufland/kaufland_offer_294.jpg,"cat_knabbern_naschen,tag_ultra_processed",,,ref_000391,obs_0000011786|obs_0000013851|obs_0000016928|obs_0000033364|obs_0000015457|obs_0000010357|obs_0000017107|obs_0000014601|obs_0000030996|obs_0000025377|obs_0000022867|obs_0000012676|obs_0000016822|obs_0000019932|obs_0000033810|obs_0000007700|obs_0000028698|obs_0000018459|obs_0000017974|obs_0000002137|obs_0000033369|obs_0000024180|obs_0000027264|obs_0000029327|obs_0000032428|obs_0000011951|obs_0000020666|obs_0000022204|obs_0000005841|obs_0000023761|obs_0000028376|obs_0000017628|obs_0000021773|obs_0000006926|obs_0000029970|obs_0000019229|obs_0000001320|obs_0000019295|obs_0000033127|obs_0000032238|obs_0000022422|obs_0000002974|obs_0000028578|obs_0000011177|obs_0000022958|obs_0000019427|obs_0000021485|obs_0000003586|obs_0000001097|obs_0000024158,obs_0000011786|obs_0000013851|obs_0000016928|obs_0000033364|obs_0000015457|obs_0000010357|obs_0000017107|obs_0000014601|obs_0000030996|obs_0000025377|obs_0000022867|obs_0000012676|obs_0000016822|obs_0000019932
K-PURLAND,Rinderfilet am Stück,"€ 29,98",,"pro Einheit = 23,99","zart und gereift, aus eigener Herstellung",Nein,Dieses Angebot findest du vom 26.03. bis 01.04. in deiner Kaufland-Filiale.,2026-03-26,2026-04-01,../images/kaufland/kaufland_offer_095.jpg,"cat_fleisch_wurst,sub_rind,tag_high_protein,tag_proteinreich",,,ref_000392,obs_0000014910|obs_0000001010|obs_0000001638|obs_0000001945|obs_0000010579|obs_0000012758|obs_0000015345|obs_0000013402|obs_0000009366|obs_0000011840|obs_0000013063|obs_0000024642|obs_0000020822|obs_0000025165|obs_0000023629|obs_0000021641|obs_0000001637|obs_0000030832|obs_0000028851|obs_0000031469|obs_0000011445|obs_0000009729|obs_0000018165,obs_0000014910|obs_0000001010|obs_0000001638|obs_0000001945
K-PURLAND,Rindergulasch,"€ 6,69","€ 7,89","1 kg = 13,38",dtsch. Jungbullenfleisch,Nein,Dieses Angebot findest du vom 26.03. bis 01.04. in deiner Kaufland-Filiale.,2026-03-26,2026-04-01,../images/kaufland/kaufland_offer_092.jpg,"cat_fleisch_wurst,sub_rind,sub_schwein,tag_proteinreich,tag_whole_food",,BLS-U151100,ref_000393,obs_0000010493|obs_0000010589|obs_0000012761|obs_0000014911|obs_0000009272|obs_0000018466|obs_0000008962|obs_0000033723|obs_0000009252|obs_0000005800|obs_0000034699|obs_0000022420|obs_0000034753|obs_0000017650|obs_0000013364,obs_0000018466|obs_0000010493|obs_0000010589|obs_0000012761|obs_0000014911|obs_0000008962|obs_0000033723|obs_0000009252|obs_0000009272|obs_0000005800|obs_0000034699|obs_0000022420|obs_0000034753
K-WERTSCHÄTZE,Rinderhüfte,"€ 22,90",,"pro Einheit = 22,90","garantiert gereift, für saftigen Steakgenuss, aus eigener Herstellung",Nein,Dieses Angebot findest du vom 26.03. bis 01.04. in deiner Kaufland-Filiale.,2026-03-26,2026-04-01,../images/kaufland/kaufland_offer_128.jpg,"cat_fleisch_wurst,sub_rind",,BLS-U284100,ref_000394,obs_0000013365|obs_0000014926|obs_0000008941|obs_0000012782,obs_0000013365|obs_0000014926|obs_0000008941|obs_0000012782
WILLMS Schnelle Küche,Rinderrouladen,"€ 8,49",,"1 kg = 14,15","klassisch gefüllt, in herzhafter Sauce, servierfertig in unter 30 Minuten",Nein,Dieses Angebot findest du vom 26.03. bis 01.04. in deiner Kaufland-Filiale.,2026-03-26,2026-04-01,../images/kaufland/kaufland_offer_093.jpg,"cat_fleisch_wurst,sub_rind",,BLS-U163100,ref_000395,obs_0000010372|obs_0000031763|obs_0000016567|obs_0000017725|obs_0000008048|obs_0000009405|obs_0000022570|obs_0000013854|obs_0000005244,obs_0000010372|obs_0000031763|obs_0000016567|obs_0000017725
EL CARISMA,Rioja Joven DOC,"€ 2,22","€ 2,99","1 l = 2,96","Spanien, gehaltvoll mit aromatischer Vielfalt, passt zu Tapas, Fleischgerichten und Käse",Nein,Dieses Angebot findest du vom 26.03. bis 01.04. in deiner Kaufland-Filiale.,2026-03-26,2026-04-01,../images/kaufland/kaufland_offer_361.jpg,"cat_getraenke,diet_vegetarian",,,ref_000396,,
METTEN,Roastbeef,"€ 3,99","€ 5,29","pro Einheit = 3,99",zart rosa gebraten und mild gewürzt,Nein,Dieses Angebot findest du vom 26.03. bis 01.04. in deiner Kaufland-Filiale.,2026-03-26,2026-04-01,../images/kaufland/kaufland_offer_133.jpg,"cat_fleisch_wurst,sub_rind,tag_high_protein,tag_proteinreich",,BLS-U221100,ref_000397,obs_0000017571|obs_0000032493|obs_0000018768|obs_0000033731|obs_0000034953|obs_0000032491|obs_0000034129|obs_0000031768|obs_0000013852|obs_0000015774|obs_0000001637|obs_0000030216|obs_0000015351|obs_0000006535|obs_0000007642,obs_0000017571|obs_0000032491|obs_0000032493|obs_0000018768
K-PURLAND,Roastbeef vom Jungbullen,"€ 19,98",,"pro Einheit = 17,99","vom Jungbullen, am Stück, zart und gereift",Nein,Dieses Angebot findest du vom 26.03. bis 01.04. in deiner Kaufland-Filiale.,2026-03-26,2026-04-01,../images/kaufland/kaufland_offer_091.jpg,"cat_fleisch_wurst,sub_rind,tag_high_protein,tag_proteinreich",,,ref_000398,obs_0000015351|obs_0000010590|obs_0000012760|obs_0000014912|obs_0000013445|obs_0000013854|obs_0000011844|obs_0000012293|obs_0000012294|obs_0000026669|obs_0000014473|obs_0000014474|obs_0000027671|obs_0000013364|obs_0000026295|obs_0000018768|obs_0000017571|obs_0000032493,obs_0000015351
FRANCOIS DULAC,Rot- oder Ros wein,"€ 2,99","€ 3,99","pro Einheit = 2,99","Frankreich, z. B. Rotwein: rund, weiche Tannine mit würziger Note, passt zu rotem Fleisch, Wurst und Käse",Nein,Dieses Angebot findest du vom 26.03. bis 01.04. in deiner Kaufland-Filiale.,2026-03-26,2026-04-01,../images/kaufland/kaufland_offer_363.jpg,cat_getraenke,,,ref_000399,obs_0000020495|obs_0000021314|obs_0000021814|obs_0000007981|obs_0000008300|obs_0000034424|obs_0000010394|obs_0000019755|obs_0000006548,
Keine Marke,Rote Bete gekocht,"€ 0,89","€ 1,29","1 kg = 1,78",,Nein,Dieses Angebot findest du vom 26.03. bis 01.04. in deiner Kaufland-Filiale.,2026-03-26,2026-04-01,../images/kaufland/kaufland_offer_059.jpg,"cat_obst_gemuese,diet_gluten_free,diet_lactose_free,diet_vegan,diet_vegetarian,sub_frisches_gemuese,sub_frisches_obst,tag_whole_food",,BLS-G613132,ref_000400,obs_0000001276|obs_0000022850,
KÜHNE,Rotkohl oder Apfelrotkohl,"€ 1,29",,"pro Einheit = 1,99",fein abgeschmeckt,Nein,Dieses Angebot findest du vom 26.03. bis 01.04. in deiner Kaufland-Filiale.,2026-03-26,2026-04-01,../images/kaufland/kaufland_offer_220.jpg,"cat_grundnahrung,diet_gluten_free,diet_lactose_free,diet_vegan,diet_vegetarian,sub_frisches_gemuese,tag_whole_food",,,ref_000401,obs_0000015675|obs_0000010276|obs_0000014089|obs_0000008361|obs_0000025112|obs_0000018484|obs_0000028337|obs_0000029844|obs_0000014145|obs_0000031561|obs_0000031653|obs_0000032521,obs_0000015675
NIKE,Rucksack,"€ 17,99","€ 30,00","pro Einheit = 17,99",Aus Polyester Fassungsvermögen ca. 22 l Größe ca. B 31 x H 46 x T 13 cm,Nein,Dieses Angebot findest du vom 26.03. bis 01.04. in deiner Kaufland-Filiale.,2026-03-26,2026-04-01,../images/kaufland/kaufland_offer_491.jpg,"cat_non_food,tag_ultra_processed",,,ref_000402,obs_0000015199|obs_0000011256|obs_0000013861|obs_0000014782|obs_0000010317|obs_0000012628|obs_0000014171|obs_0000013023|obs_0000024767|obs_0000016087|obs_0000001379|obs_0000023055,obs_0000013861|obs_0000014782|obs_0000010317|obs_0000012628|obs_0000014171|obs_0000015199|obs_0000013023|obs_0000011256
NEWCENTIAL,Rucksacküberzug,"€ 3,99",,"pro Einheit = 3,99",Aus Polyester Wasserabweisend dank PU-Beschichtung Mit reflektierenden Deko-Elementen (3M Scotchlit Halt durch Elastikband auf der Rückseite 3 Jahre Garantie Für Rucksäcke von 15 bis 35 l,Nein,Dieses Angebot findest du vom 26.03. bis 01.04. in deiner Kaufland-Filiale.,2026-03-26,2026-04-01,../images/kaufland/kaufland_offer_562.jpg,"cat_non_food,tag_ultra_processed",,,ref_000403,,
ORIGINAL WAGNER,Rustipani Ofenbrot oder Airfryer Snack,"€ 1,79","€ 2,19","1 kg = 9,18 - 10,53",versch. Sorten,Nein,Dieses Angebot findest du vom 26.03. bis 01.04. in deiner Kaufland-Filiale.,2026-03-26,2026-04-01,../images/kaufland/kaufland_offer_191.jpg,"cat_tiefkuehl,sub_tk_pizza,tag_ultra_processed",,,ref_000404,obs_0000012816|obs_0000015401|obs_0000011326|obs_0000008715|obs_0000021583|obs_0000021709|obs_0000028395|obs_0000020764|obs_0000025802|obs_0000017698|obs_0000015693|obs_0000018804|obs_0000014824,obs_0000012816|obs_0000015401|obs_0000011326
K-FAVOURITES,Röschen-Trilogie,"€ 1,59","€ 1,99","1 kg = 2,12","Blumenkohl, Broccoli und Romanesco",Nein,Dieses Angebot findest du vom 26.03. bis 01.04. in deiner Kaufland-Filiale.,2026-03-26,2026-04-01,../images/kaufland/kaufland_offer_188.jpg,cat_tiefkuehl,,,ref_000405,,
K-CLASSIC,Sahnepudding,"€ 1,39",,"1 kg = 2,78",Vanille oder Schokolade,Nein,Dieses Angebot findest du vom 26.03. bis 01.04. in deiner Kaufland-Filiale.,2026-03-26,2026-04-01,../images/kaufland/kaufland_offer_150.jpg,"cat_molkerei_kaese,diet_vegetarian,sub_milchprodukte,sub_sahne_creme,tag_ultra_processed",,BLS-Y869143,ref_000406,obs_0000020772|obs_0000031130|obs_0000031713|obs_0000021591|obs_0000011462|obs_0000021849|obs_0000010129|obs_0000029475|obs_0000023381|obs_0000029659|obs_0000032349|obs_0000013995,obs_0000020772|obs_0000031130|obs_0000031713|obs_0000021591|obs_0000011462|obs_0000021849|obs_0000010129
K-GOLD EDITION,Salame Milano,"€ 1,59","€ 1,99","1 kg = 15,90",ital. luftgetrocknete Salami,Nein,Dieses Angebot findest du vom 26.03. bis 01.04. in deiner Kaufland-Filiale.,2026-03-26,2026-04-01,../images/kaufland/kaufland_offer_116.jpg,"cat_fleisch_wurst,sub_milchprodukte,sub_wurst,tag_ultra_processed",,,ref_000407,obs_0000001215|obs_0000000200|obs_0000031527,obs_0000001215|obs_0000000200|obs_0000028237
WILTMANN,Salami,"€ 1,11",,"1 kg = 13,88 - 22,20",versch. Sorten,Nein,Dieses Angebot findest du vom 26.03. bis 01.04. in deiner Kaufland-Filiale.,2026-03-26,2026-04-01,../images/kaufland/kaufland_offer_117.jpg,"cat_fleisch_wurst,sub_wurst,tag_ultra_processed",,BLS-W149300,ref_000408,obs_0000011010|obs_0000002611|obs_0000010316|obs_0000014932|obs_0000019030|obs_0000028273|obs_0000005781|obs_0000023205|obs_0000003239|obs_0000019666|obs_0000016602|obs_0000008425|obs_0000021226|obs_0000003307|obs_0000002285|obs_0000025355|obs_0000026898|obs_0000017184|obs_0000007987|obs_0000025934|obs_0000008039|obs_0000016755|obs_0000034176|obs_0000002957|obs_0000020407|obs_0000016328|obs_0000031198|obs_0000017375|obs_0000010234|obs_0000012289|obs_0000028742|obs_0000033878|obs_0000034518|obs_0000008966|obs_0000010600|obs_0000015247|obs_0000008158|obs_0000014318|obs_0000034974|obs_0000013826|obs_0000026626|obs_0000015369|obs_0000002574|obs_0000016914|obs_0000030229|obs_0000006681|obs_0000006181|obs_0000002087|obs_0000019516|obs_0000007240,obs_0000002611|obs_0000007240|obs_0000010316|obs_0000014932|obs_0000019030|obs_0000028273|obs_0000032369|obs_0000005239|obs_0000005781|obs_0000023205|obs_0000003239|obs_0000030892|obs_0000019666|obs_0000016602|obs_0000008425|obs_0000021226|obs_0000003307|obs_0000002285|obs_0000011010|obs_0000007432|obs_0000025355|obs_0000026898|obs_0000017184|obs_0000029476|obs_0000007987|obs_0000025934|obs_0000008039|obs_0000029549|obs_0000016755|obs_0000034176|obs_0000002957|obs_0000020407|obs_0000016328|obs_0000031198|obs_0000017375|obs_0000010234
MIRACEL WHIP,Salatcreme,"€ 1,49",,"1 l = 2,98","Original, Mit Joghurt oder Balance",Nein,Dieses Angebot findest du vom 26.03. bis 01.04. in deiner Kaufland-Filiale.,2026-03-26,2026-04-01,../images/kaufland/kaufland_offer_228.jpg,"cat_grundnahrung,sub_frisches_gemuese,sub_salate",,BLS-Q998000,ref_000409,obs_0000015846|obs_0000011784|obs_0000006466|obs_0000009831|obs_0000007369|obs_0000030012|obs_0000008341|obs_0000009372,obs_0000006466|obs_0000015846|obs_0000011784|obs_0000007369|obs_0000030012
K-CLASSIC,Salzstangen,"€ 0,55","€ 0,69","1 kg = 2,20",knuspriges Laugengebäck,Nein,Dieses Angebot findest du vom 30.03. bis 01.04. in deiner Kaufland-Filiale.,2026-03-30,2026-04-01,../images/kaufland/kaufland_offer_667.jpg,"cat_grundnahrung,diet_gluten_free,diet_lactose_free,diet_vegan,diet_vegetarian,sub_frisches_obst,tag_ultra_processed,tag_whole_food",,,ref_000410,obs_0000026826|obs_0000000722|obs_0000029623,obs_0000026826|obs_0000000722
HARRY,Sammy s Super-Sandwich,"€ 1,49",,"1 kg = 1,99","Weizentoastbrot, Original oder Vollkorn",Nein,Dieses Angebot findest du vom 26.03. bis 01.04. in deiner Kaufland-Filiale.,2026-03-26,2026-04-01,../images/kaufland/kaufland_offer_269.jpg,"cat_grundnahrung,diet_vegetarian,tag_ultra_processed",,,ref_000411,obs_0000014555|obs_0000015868|obs_0000016389|obs_0000012342|obs_0000014517|obs_0000017155|obs_0000031017,obs_0000014555|obs_0000015868
WASA,Sandwich,"€ 1,99","€ 2,69","1 kg = 16,59 - 22,12","Knäckebrot-Snack mit cremiger Füllung, versch. Sorten",Nein,Dieses Angebot findest du vom 26.03. bis 01.04. in deiner Kaufland-Filiale.,2026-03-26,2026-04-01,../images/kaufland/kaufland_offer_267.jpg,"cat_grundnahrung,diet_vegan,diet_vegetarian,tag_whole_food",,,ref_000412,obs_0000017155|obs_0000016389|obs_0000031017|obs_0000014517|obs_0000012342|obs_0000027798|obs_0000026140|obs_0000001830|obs_0000024229|obs_0000026288|obs_0000025532|obs_0000024644|obs_0000023804|obs_0000033747|obs_0000001114|obs_0000016746|obs_0000006657|obs_0000004994|obs_0000003092|obs_0000017831|obs_0000018729|obs_0000004140|obs_0000029355|obs_0000006144|obs_0000013757|obs_0000010942|obs_0000010180|obs_0000031824|obs_0000029653|obs_0000004567|obs_0000014555|obs_0000028784|obs_0000015864|obs_0000015868|obs_0000006315|obs_0000015541|obs_0000005199|obs_0000030501,obs_0000017155|obs_0000016389|obs_0000031017|obs_0000014517|obs_0000012342
TORRES,Sangre de Toro oder Vi a Sol Organic,"€ 4,99","€ 6,99","1 l = 6,66","Spanien, z. B. Sangre de Toro: rubinrot, aromatisch, Waldbeeren, Gewürze, passt zu Grillgerichten, Tapas und Pasta",Nein,Dieses Angebot findest du vom 26.03. bis 01.04. in deiner Kaufland-Filiale.,2026-03-26,2026-04-01,../images/kaufland/kaufland_offer_370.jpg,"cat_getraenke,tag_ultra_processed",,,ref_000413,obs_0000011584,obs_0000011584
THOMY,Sauce Hollandaise,"€ 0,99",,"1 l = 3,30","Original oder Légère, ideal zu Spargel und Gemüse",Nein,Dieses Angebot findest du vom 26.03. bis 01.04. in deiner Kaufland-Filiale.,2026-03-26,2026-04-01,../images/kaufland/kaufland_offer_275.jpg,"cat_grundnahrung,diet_vegetarian",,BLS-U990400,ref_000414,obs_0000015434|obs_0000034898|obs_0000031029|obs_0000032237|obs_0000006127|obs_0000013386|obs_0000028755|obs_0000034889|obs_0000034901|obs_0000011915|obs_0000010474|obs_0000008982|obs_0000032425,obs_0000015434|obs_0000031332|obs_0000034898|obs_0000032004|obs_0000032678|obs_0000018928|obs_0000030715
MÜHLEN TRADITION,Sauerteigbrot,"€ 1,99","€ 2,99","1 kg = 3,32",ofenfrisch,Nein,Dieses Angebot findest du vom 26.03. bis 01.04. in deiner Kaufland-Filiale.,2026-03-26,2026-04-01,../images/kaufland/kaufland_offer_262.jpg,"cat_grundnahrung,diet_vegetarian,tag_ultra_processed",,,ref_000415,,
WEINGUT FRITZ ALLENDORF,Save Water Drink Riesling,"€ 5,49","€ 6,99","1 l = 7,32","Qualitätswein, Rheingau, Duft nach Ananas, Aprikose und Gras, passt zu Kalbfleisch, Fisch und Gemüse",Nein,Dieses Angebot findest du vom 26.03. bis 01.04. in deiner Kaufland-Filiale.,2026-03-26,2026-04-01,../images/kaufland/kaufland_offer_374.jpg,"cat_getraenke,tag_ultra_processed",,,ref_000416,obs_0000033828|obs_0000010309|obs_0000020555|obs_0000019740|obs_0000026421|obs_0000034633|obs_0000025421|obs_0000008015|obs_0000021374|obs_0000003513,
SALAKIS,Schafskäse oder Feta,"€ 1,99",,"1 kg = 11,06 - 13,27","versch. Sorten, 25 - 48 % Fett i. Tr.",Nein,Dieses Angebot findest du vom 26.03. bis 01.04. in deiner Kaufland-Filiale.,2026-03-26,2026-04-01,../images/kaufland/kaufland_offer_163.jpg,"cat_molkerei_kaese,sub_kaese,sub_milchprodukte,tag_ultra_processed",,,ref_000417,obs_0000000520|obs_0000013707|obs_0000014339|obs_0000030983|obs_0000002450|obs_0000025183|obs_0000011044|obs_0000015386|obs_0000003162|obs_0000031891|obs_0000024072|obs_0000024500,
K-GOLD EDITION,Schichtdessert,"€ 1,59","€ 1,89","1 kg = 18,71","Marzipan oder Mozart, enthält Alkohol",Nein,Dieses Angebot findest du vom 26.03. bis 01.04. in deiner Kaufland-Filiale.,2026-03-26,2026-04-01,../images/kaufland/kaufland_offer_151.jpg,"cat_molkerei_kaese,tag_ultra_processed",,,ref_000418,obs_0000015793|obs_0000024556|obs_0000019324,obs_0000015793|obs_0000024556
REINERT,Schinken-Nuggetz,"€ 1,99","€ 2,79","1 kg = 13,27","Gourmet-Katenschinkenwürfel, extra mager oder herzhaft",Nein,Dieses Angebot findest du vom 26.03. bis 01.04. in deiner Kaufland-Filiale.,2026-03-26,2026-04-01,../images/kaufland/kaufland_offer_113.jpg,"cat_fleisch_wurst,sub_schwein,sub_wurst,tag_ultra_processed",,,ref_000419,obs_0000009917|obs_0000009453|obs_0000008017|obs_0000034179|obs_0000029826|obs_0000031186|obs_0000034378|obs_0000028387|obs_0000016624|obs_0000017657,obs_0000029826|obs_0000009917|obs_0000009453|obs_0000008017|obs_0000034179|obs_0000031186
K-PURLAND,Schinkenschnitzel,"€ 4,39",,"1 kg = 7,32",aus der Oberschale vom Schwein,Nein,Dieses Angebot findest du vom 26.03. bis 01.04. in deiner Kaufland-Filiale.,2026-03-26,2026-04-01,../images/kaufland/kaufland_offer_084.jpg,"cat_fleisch_wurst,sub_rind,sub_schwein,sub_wurst,tag_proteinreich,tag_ultra_processed",,BLS-U543100,ref_000420,obs_0000010338|obs_0000010587|obs_0000012759|obs_0000014909|obs_0000008974|obs_0000013390|obs_0000009464|obs_0000011842,obs_0000010338|obs_0000010587|obs_0000012759|obs_0000014909|obs_0000008974|obs_0000013390|obs_0000009464|obs_0000011842
K-CLASSIC,Schlagsahne,"€ 0,77","€ 0,89","1 kg = 3,85",mind. 30 % Fett,Nein,Dieses Angebot findest du vom 30.03. bis 01.04. in deiner Kaufland-Filiale.,2026-03-30,2026-04-01,../images/kaufland/kaufland_offer_046.jpg,"cat_molkerei_kaese,diet_vegetarian,sub_milchprodukte,sub_sahne_creme,tag_ultra_processed",,,ref_000421,obs_0000016126|obs_0000034973|obs_0000002266|obs_0000023025|obs_0000012796|obs_0000027295|obs_0000017188|obs_0000033692|obs_0000001048|obs_0000033987|obs_0000011466|obs_0000027873|obs_0000001268|obs_0000025846|obs_0000019729|obs_0000001322|obs_0000001651|obs_0000001793|obs_0000001826|obs_0000001840|obs_0000001856|obs_0000001899|obs_0000034786|obs_0000013680|obs_0000011795|obs_0000009377|obs_0000009836|obs_0000004149|obs_0000004166|obs_0000020585|obs_0000006438|obs_0000000427|obs_0000000436|obs_0000004576|obs_0000004593|obs_0000025188|obs_0000005003|obs_0000005020|obs_0000021404|obs_0000007167|obs_0000001053|obs_0000001324|obs_0000003401|obs_0000005544|obs_0000034369|obs_0000030316|obs_0000003727|obs_0000030521|obs_0000024616|obs_0000020624,obs_0000034973|obs_0000002266|obs_0000023025|obs_0000012796|obs_0000027295|obs_0000017188|obs_0000033692|obs_0000001048|obs_0000033987|obs_0000011466|obs_0000027873|obs_0000001268|obs_0000025846|obs_0000019729|obs_0000001322|obs_0000001651|obs_0000016126|obs_0000001793|obs_0000001826|obs_0000001840|obs_0000001856|obs_0000001899|obs_0000034786
IGLO,Schlemmer-Filet,"€ 2,49","€ 4,89","1 kg = 6,56",Fisch-Filet mit versch. Auflagen,Nein,Dieses Angebot findest du vom 26.03. bis 01.04. in deiner Kaufland-Filiale.,2026-03-26,2026-04-01,../images/kaufland/kaufland_offer_197.jpg,"cat_tiefkuehl,sub_tk_fertiggerichte,tag_ultra_processed",,,ref_000422,obs_0000014855|obs_0000018442|obs_0000011903|obs_0000019621|obs_0000022406|obs_0000034700|obs_0000015828|obs_0000014313|obs_0000006151|obs_0000006842|obs_0000005580,obs_0000014855|obs_0000006151|obs_0000018442|obs_0000011903|obs_0000019621|obs_0000006842|obs_0000022406|obs_0000034700|obs_0000000915|obs_0000005580|obs_0000015828|obs_0000014313
HOCHLAND,Schmelzkäse,"€ 1,79",,"1 kg = 8,95 - 11,94","versch. Sorten, 35 - 51 % Fett i. Tr.",Nein,Dieses Angebot findest du vom 26.03. bis 01.04. in deiner Kaufland-Filiale.,2026-03-26,2026-04-01,../images/kaufland/kaufland_offer_165.jpg,"cat_molkerei_kaese,sub_kaese,sub_milchprodukte,tag_ultra_processed",,,ref_000423,obs_0000009126|obs_0000010223|obs_0000024197|obs_0000020360|obs_0000017697|obs_0000018737|obs_0000021179|obs_0000018242|obs_0000021976|obs_0000023777|obs_0000019058|obs_0000021759|obs_0000028326|obs_0000034097|obs_0000014351|obs_0000022628|obs_0000012325|obs_0000014818|obs_0000013933,obs_0000024197|obs_0000020360|obs_0000017697|obs_0000009126|obs_0000018737|obs_0000021179|obs_0000018242|obs_0000021976|obs_0000023777|obs_0000010223|obs_0000019058|obs_0000021759
MILKA,Schokolade,"€ 0,77","€ 1,99","1 kg = 8,11 - 9,06",versch. Sorten,Nein,Dieses Angebot findest du vom 26.03. bis 01.04. in deiner Kaufland-Filiale.,2026-03-26,2026-04-01,../images/kaufland/kaufland_offer_311.jpg,"cat_knabbern_naschen,diet_vegetarian,tag_ultra_processed",,BLS-S500000,ref_000424,obs_0000015893|obs_0000027700|obs_0000028232|obs_0000013394|obs_0000015454|obs_0000034408|obs_0000025739|obs_0000008861|obs_0000015026|obs_0000017605|obs_0000034013|obs_0000018155|obs_0000018698|obs_0000014104|obs_0000031011|obs_0000011112|obs_0000008610|obs_0000006579|obs_0000012219|obs_0000026556|obs_0000022979|obs_0000001524|obs_0000011783|obs_0000013879|obs_0000028244|obs_0000028249|obs_0000000091|obs_0000004705|obs_0000031849|obs_0000034411|obs_0000017539|obs_0000025221|obs_0000000138|obs_0000004278|obs_0000017595|obs_0000021699|obs_0000000230|obs_0000003326|obs_0000004873|obs_0000003851|obs_0000010522|obs_0000002336|obs_0000033056|obs_0000021291|obs_0000016691|obs_0000004446|obs_0000008595|obs_0000004019|obs_0000010166|obs_0000009149,obs_0000011783|obs_0000015893|obs_0000027700|obs_0000013879|obs_0000028232|obs_0000013394|obs_0000028244|obs_0000006229|obs_0000028249|obs_0000000091|obs_0000015454|obs_0000004705|obs_0000034408|obs_0000031849|obs_0000034411|obs_0000017539|obs_0000025221|obs_0000000138|obs_0000025739|obs_0000029328|obs_0000008861|obs_0000005279|obs_0000015026|obs_0000004278|obs_0000017595|obs_0000021699|obs_0000017605|obs_0000034013|obs_0000000230|obs_0000007911|obs_0000018155|obs_0000003326|obs_0000006912|obs_0000004873|obs_0000018698|obs_0000003851|obs_0000014104|obs_0000010522|obs_0000002336|obs_0000033056|obs_0000031011|obs_0000021291|obs_0000016691|obs_0000004446|obs_0000011112|obs_0000032120|obs_0000007100|obs_0000008595|obs_0000008610|obs_0000004019
K-GOLD EDITION,Schott Räucherlachs,"€ 7,99",,"1 kg = 26,64","über Buchenholz kalt geräuchert, in feinen Scheiben",Nein,Dieses Angebot findest du vom 26.03. bis 01.04. in deiner Kaufland-Filiale.,2026-03-26,2026-04-01,../images/kaufland/kaufland_offer_213.jpg,"cat_grundnahrung,tag_ultra_processed",,,ref_000425,obs_0000002571|obs_0000001935|obs_0000025231|obs_0000020251|obs_0000005956|obs_0000031816|obs_0000001994|obs_0000021070|obs_0000017750|obs_0000016608|obs_0000003427|obs_0000028795|obs_0000008702,
TWININGS,Schwarzer Tee,"€ 2,22",,"1 kg = 44,40","Earl Grey, Lady Grey oder English Breakfast",Nein,Dieses Angebot findest du vom 26.03. bis 01.04. in deiner Kaufland-Filiale.,2026-03-26,2026-04-01,../images/kaufland/kaufland_offer_305.jpg,"cat_knabbern_naschen,tag_ultra_processed",,,ref_000426,obs_0000016641|obs_0000018054|obs_0000026894|obs_0000018960|obs_0000028312|obs_0000025412|obs_0000014277|obs_0000001350|obs_0000020428|obs_0000023245|obs_0000023661|obs_0000008687|obs_0000022129|obs_0000021247,
K-WERTSCHÄTZE,Schweinebraten,"€ 8,50","€ 10,90","pro Einheit = 8,50",aus eigener Herstellung,Nein,Dieses Angebot findest du vom 26.03. bis 01.04. in deiner Kaufland-Filiale.,2026-03-26,2026-04-01,../images/kaufland/kaufland_offer_126.jpg,"cat_fleisch_wurst,sub_schwein",,BLS-U950200,ref_000427,obs_0000011777|obs_0000008953|obs_0000018217|obs_0000018564|obs_0000021721|obs_0000021254|obs_0000008531|obs_0000022955|obs_0000012753|obs_0000020435|obs_0000007638|obs_0000000518|obs_0000024675,obs_0000011777|obs_0000008953|obs_0000018217
K-PURLAND,Schweinefilet,"€ 7,77",,"pro Einheit = 7,77","am Stück, küchenfertig, roh, zum Garen",Nein,Dieses Angebot findest du vom 26.03. bis 01.04. in deiner Kaufland-Filiale.,2026-03-26,2026-04-01,../images/kaufland/kaufland_offer_090.jpg,"cat_fleisch_wurst,diet_gluten_free,diet_lactose_free,sub_rind,sub_schwein,tag_high_protein,tag_proteinreich",,BLS-U622100,ref_000428,obs_0000010461|obs_0000014905|obs_0000008821|obs_0000009417|obs_0000015741|obs_0000009937|obs_0000000002|obs_0000028675|obs_0000020515|obs_0000002156|obs_0000034902|obs_0000016537|obs_0000020808|obs_0000004471|obs_0000000507|obs_0000019043|obs_0000004898|obs_0000002901|obs_0000021334|obs_0000003040|obs_0000027670|obs_0000025707|obs_0000021627|obs_0000001195|obs_0000034085|obs_0000017752|obs_0000009573|obs_0000026057|obs_0000007631|obs_0000021967|obs_0000001519|obs_0000013883|obs_0000003708|obs_0000034542|obs_0000028417|obs_0000008054|obs_0000028555|obs_0000004044|obs_0000016340|obs_0000010579|obs_0000012758|obs_0000015345|obs_0000013402|obs_0000011840|obs_0000034932|obs_0000031106|obs_0000019356|obs_0000033722|obs_0000024049|obs_0000024474,obs_0000000002|obs_0000028675|obs_0000020515|obs_0000002156|obs_0000034902|obs_0000016537|obs_0000010461|obs_0000020808|obs_0000004471|obs_0000000507|obs_0000014905|obs_0000019043|obs_0000008821|obs_0000004898|obs_0000002901|obs_0000021334|obs_0000003040|obs_0000027670|obs_0000025707|obs_0000021627|obs_0000001195|obs_0000009417|obs_0000034085|obs_0000017752|obs_0000009573|obs_0000015741|obs_0000026057|obs_0000007631|obs_0000021967|obs_0000001519|obs_0000013883|obs_0000003708|obs_0000009937|obs_0000034542|obs_0000028417|obs_0000008054|obs_0000028555|obs_0000004044|obs_0000016340
K-PURLAND,Schweinehackfleisch,"€ 2,22",,"1 kg = 4,44",zum Braten,Nein,Dieses Angebot findest du vom 26.03. bis 01.04. in deiner Kaufland-Filiale.,2026-03-26,2026-04-01,../images/kaufland/kaufland_offer_087.jpg,"cat_fleisch_wurst,sub_hackfleisch,sub_rind,sub_schwein,tag_high_protein,tag_proteinreich",,BLS-U020100,ref_000429,obs_0000010462|obs_0000010577|obs_0000012754|obs_0000014901|obs_0000008934|obs_0000009202|obs_0000011834|obs_0000008554|obs_0000013403,obs_0000010462|obs_0000010577|obs_0000008554|obs_0000012754|obs_0000014901|obs_0000008934|obs_0000009202|obs_0000013403|obs_0000011834
K-WERTSCHÄTZE,Schweinenackensteak mariniert,"€ 9,50","€ 10,90","pro Einheit = 9,50","vom Schwein, mariniert, aus eigener Herstellung",Nein,Dieses Angebot findest du vom 26.03. bis 01.04. in deiner Kaufland-Filiale.,2026-03-26,2026-04-01,../images/kaufland/kaufland_offer_127.jpg,"cat_fleisch_wurst,sub_schwein",,,ref_000430,obs_0000014925|obs_0000010603|obs_0000012780|obs_0000030101,obs_0000014925|obs_0000010603|obs_0000012780
FUEGO,Seasoning Mix,"€ 1,39","€ 1,89","1 kg = 46,34","Gewürzmischung für Tortillas, Tacos, Fajitas oder Guacamole",Nein,Dieses Angebot findest du vom 26.03. bis 01.04. in deiner Kaufland-Filiale.,2026-03-26,2026-04-01,../images/kaufland/kaufland_offer_231.jpg,"cat_grundnahrung,diet_vegetarian,tag_ultra_processed",,,ref_000431,obs_0000024700,
FÜRST VON METTERNICH,Sekt,"€ 5,55",,"1 l = 7,40",versch. Sorten,Nein,Dieses Angebot findest du vom 26.03. bis 01.04. in deiner Kaufland-Filiale.,2026-03-26,2026-04-01,../images/kaufland/kaufland_offer_381.jpg,cat_getraenke,,,ref_000432,obs_0000019561|obs_0000012437|obs_0000010911|obs_0000011590|obs_0000015699|obs_0000008047|obs_0000011802|obs_0000017436|obs_0000018465|obs_0000017456|obs_0000003634|obs_0000013889|obs_0000019009|obs_0000031833|obs_0000018037|obs_0000028281|obs_0000000122|obs_0000026289|obs_0000023255|obs_0000027358|obs_0000018687|obs_0000016680|obs_0000015666|obs_0000014644|obs_0000024889|obs_0000026425|obs_0000027487|obs_0000012694|obs_0000002457|obs_0000022430|obs_0000025002|obs_0000001461|obs_0000026048|obs_0000024169|obs_0000009903|obs_0000023745|obs_0000034224|obs_0000032264|obs_0000028182|obs_0000013336|obs_0000015931|obs_0000015933|obs_0000008276|obs_0000023645|obs_0000008803|obs_0000015498|obs_0000013971|obs_0000012436|obs_0000010391|obs_0000031399,obs_0000011802|obs_0000017436|obs_0000018465|obs_0000030763|obs_0000017456|obs_0000003634|obs_0000013889|obs_0000019009|obs_0000029768|obs_0000031833|obs_0000019561|obs_0000024169|obs_0000018037|obs_0000028281|obs_0000000122|obs_0000012437|obs_0000010911|obs_0000026289|obs_0000023745|obs_0000023255|obs_0000027358|obs_0000006891|obs_0000018687|obs_0000032025|obs_0000007461|obs_0000016680|obs_0000015666|obs_0000014644|obs_0000024889|obs_0000026425|obs_0000011590|obs_0000015699|obs_0000027487|obs_0000008047|obs_0000012694|obs_0000002457|obs_0000022430|obs_0000025002|obs_0000001461|obs_0000026048
LENZ MOSER,Selection,"€ 4,99",,"1 l = 6,66","Qualitätsweine, Österreich, z. B. Blauer Zweigelt: fruchtig, feinwürzig, Aromen von Sauerkirschen, passt zu Pasta und leichten Gemüsegerichten",Nein,Dieses Angebot findest du vom 26.03. bis 01.04. in deiner Kaufland-Filiale.,2026-03-26,2026-04-01,../images/kaufland/kaufland_offer_366.jpg,"cat_getraenke,tag_ultra_processed",,,ref_000433,obs_0000011580|obs_0000031828|obs_0000035020|obs_0000026027|obs_0000022988|obs_0000016848|obs_0000028824|obs_0000008001|obs_0000032310|obs_0000022073|obs_0000029757|obs_0000022603|obs_0000024160|obs_0000024161|obs_0000024682|obs_0000019057|obs_0000020607|obs_0000023680|obs_0000018582|obs_0000023729|obs_0000023734|obs_0000025839|obs_0000014107|obs_0000025491|obs_0000018856|obs_0000022960|obs_0000021426|obs_0000017333|obs_0000022497|obs_0000019430|obs_0000020482|obs_0000017933|obs_0000016419|obs_0000024621|obs_0000030284|obs_0000020046|obs_0000024656|obs_0000017044|obs_0000024217|obs_0000021702|obs_0000019659|obs_0000021708|obs_0000008926|obs_0000023282|obs_0000023797|obs_0000021239|obs_0000035082|obs_0000021301|obs_0000025444|obs_0000020865,obs_0000031828|obs_0000035020|obs_0000011580|obs_0000026027|obs_0000022988|obs_0000016848
HEAD SHOULDERS,Shampoo,"€ 5,29","€ 5,95","1 l = 10,58",versch. Sorten,Nein,Dieses Angebot findest du vom 26.03. bis 01.04. in deiner Kaufland-Filiale.,2026-03-26,2026-04-01,../images/kaufland/kaufland_offer_413.jpg,cat_drogerie,,,ref_000434,obs_0000028680|obs_0000009796|obs_0000004179|obs_0000033372|obs_0000009325|obs_0000032877|obs_0000011610|obs_0000001916|obs_0000028560|obs_0000005033|obs_0000000446|obs_0000004606|obs_0000034854|obs_0000032840|obs_0000019053|obs_0000024178|obs_0000033398|obs_0000021647|obs_0000010913|obs_0000033460|obs_0000023755|obs_0000009955|obs_0000033529|obs_0000021764|obs_0000034052|obs_0000035066|obs_0000009494|obs_0000033059|obs_0000033092|obs_0000033623|obs_0000020828|obs_0000034662|obs_0000033133|obs_0000033649|obs_0000008067|obs_0000033168|obs_0000010154|obs_0000033215|obs_0000034239|obs_0000033227|obs_0000033237|obs_0000033244|obs_0000010955|obs_0000015107|obs_0000021027|obs_0000008350|obs_0000021690|obs_0000020208|obs_0000017934|obs_0000032284,obs_0000028680|obs_0000034854|obs_0000009796|obs_0000032840|obs_0000004179|obs_0000033372|obs_0000009325|obs_0000019053|obs_0000032877|obs_0000024178|obs_0000033398|obs_0000021647|obs_0000010913|obs_0000033460|obs_0000023755|obs_0000010955|obs_0000009955|obs_0000033529|obs_0000015107|obs_0000021764|obs_0000034052|obs_0000035066|obs_0000009494|obs_0000033059|obs_0000033092|obs_0000030029|obs_0000033623|obs_0000011610|obs_0000020828|obs_0000034662|obs_0000033133|obs_0000033649|obs_0000001916|obs_0000008067|obs_0000028560|obs_0000033168|obs_0000005033|obs_0000010154|obs_0000000446|obs_0000033215|obs_0000034239|obs_0000033227|obs_0000033237|obs_0000033244|obs_0000004606
SYOSS,Shampoo oder Spülung,"€ 3,49","€ 3,95","1 l = 7,94 - 13,96",versch. Sorten,Nein,Dieses Angebot findest du vom 26.03. bis 01.04. in deiner Kaufland-Filiale.,2026-03-26,2026-04-01,../images/kaufland/kaufland_offer_412.jpg,cat_drogerie,,,ref_000435,obs_0000012017|obs_0000016129|obs_0000011609|obs_0000012465|obs_0000012896|obs_0000013405|obs_0000015518|obs_0000010773|obs_0000012018|obs_0000012696|obs_0000013613|obs_0000005485|obs_0000005852|obs_0000006589|obs_0000015098|obs_0000007501|obs_0000015963|obs_0000006246|obs_0000005671|obs_0000006393|obs_0000005296|obs_0000006051|obs_0000032840|obs_0000032877|obs_0000033059|obs_0000033092|obs_0000033133|obs_0000033168|obs_0000000446|obs_0000033215|obs_0000033227|obs_0000033237|obs_0000033244|obs_0000033372|obs_0000033398|obs_0000033460|obs_0000033529|obs_0000033623|obs_0000033649|obs_0000009325|obs_0000034052|obs_0000009494|obs_0000034239|obs_0000009796|obs_0000009955|obs_0000034662|obs_0000001916|obs_0000010154|obs_0000034854|obs_0000035066,obs_0000011609|obs_0000012017|obs_0000012465|obs_0000012896|obs_0000013405|obs_0000015518|obs_0000016129
SANDEMAN,Sherry,"€ 4,99","€ 7,49","1 l = 6,66","Medium Dry, Medium Sweet oder Fino, 15 Vol. %",Nein,Dieses Angebot findest du vom 26.03. bis 01.04. in deiner Kaufland-Filiale.,2026-03-26,2026-04-01,../images/kaufland/kaufland_offer_384.jpg,"cat_getraenke,diet_vegetarian",,BLS-P461000,ref_000436,obs_0000025090|obs_0000021029|obs_0000021135|obs_0000018866|obs_0000020210|obs_0000024595|obs_0000018871|obs_0000020316|obs_0000021888|obs_0000016158,
YO,Sirup,"€ 2,49","€ 3,79","1 l = 3,56",versch. Sorten,Nein,Dieses Angebot findest du vom 30.03. bis 01.04. in deiner Kaufland-Filiale.,2026-03-30,2026-04-01,../images/kaufland/kaufland_offer_662.jpg,"cat_getraenke,tag_ultra_processed",,,ref_000437,obs_0000010950|obs_0000016135|obs_0000009104|obs_0000027922|obs_0000014266|obs_0000013408|obs_0000024054|obs_0000024478|obs_0000034849|obs_0000006019|obs_0000010151|obs_0000032719|obs_0000010740|obs_0000006902|obs_0000022582|obs_0000014016,obs_0000010950|obs_0000016135|obs_0000009104|obs_0000027922|obs_0000014266|obs_0000013408
LENA,Sitz-Bagger,"€ 17,99","€ 34,99","pro Einheit = 17,99",Aus Kunststoff Mit stabilen 6-mm-Stahlachsen Seitlich drehbarer Aufbau Ausleger und Schaufel leicht beweglich Auch für den Außenbereich geeignet Belastbarkeit max. 25 kg Größe ca. B 69 x H 34 x T 27 cm Für Kinder von 18 bis 36 Monaten,Nein,Dieses Angebot findest du vom 26.03. bis 01.04. in deiner Kaufland-Filiale.,2026-03-26,2026-04-01,../images/kaufland/kaufland_offer_469.jpg,cat_non_food,,,ref_000438,,
CAREFREE,Slipeinlagen,"€ 2,22","€ 2,95","pro Einheit = 2,22",versch. Sorten,Nein,Dieses Angebot findest du vom 30.03. bis 01.04. in deiner Kaufland-Filiale.,2026-03-30,2026-04-01,../images/kaufland/kaufland_offer_648.jpg,cat_drogerie,,,ref_000439,obs_0000033669|obs_0000008207|obs_0000011601|obs_0000033444|obs_0000015952|obs_0000012882|obs_0000032995|obs_0000012009|obs_0000033278|obs_0000034460|obs_0000014278|obs_0000028258|obs_0000007298|obs_0000032278|obs_0000007711|obs_0000006055|obs_0000029374|obs_0000015509|obs_0000033186|obs_0000010149|obs_0000010543|obs_0000012638|obs_0000013409|obs_0000032993|obs_0000026351|obs_0000032771|obs_0000030084|obs_0000030085|obs_0000032779|obs_0000028712|obs_0000028589|obs_0000001971|obs_0000002897,obs_0000007298|obs_0000033669|obs_0000008207|obs_0000032278|obs_0000007711|obs_0000033444|obs_0000006055|obs_0000029374|obs_0000015952|obs_0000011601|obs_0000012882|obs_0000032995|obs_0000012009|obs_0000033278
NESTL,Smarties,"€ 1,79","€ 2,79","1 kg = 13,77 - 14,92",Original oder White,Nein,Dieses Angebot findest du vom 26.03. bis 01.04. in deiner Kaufland-Filiale.,2026-03-26,2026-04-01,../images/kaufland/kaufland_offer_317.jpg,"cat_knabbern_naschen,tag_ultra_processed",,,ref_000440,obs_0000012665|obs_0000019413|obs_0000013891|obs_0000011381|obs_0000015030|obs_0000016128|obs_0000027681|obs_0000027371|obs_0000033009|obs_0000002946|obs_0000001931|obs_0000018319|obs_0000019902|obs_0000026596|obs_0000003677|obs_0000010045|obs_0000009594|obs_0000019424|obs_0000012395|obs_0000030809|obs_0000006747|obs_0000005845,obs_0000013891|obs_0000011381|obs_0000015030|obs_0000016128|obs_0000012665|obs_0000019413
KIKKOMAN,Sojasauce,"€ 4,99","€ 6,99","1 l = 9,98",natürlich gebraut,Nein,Dieses Angebot findest du vom 26.03. bis 01.04. in deiner Kaufland-Filiale.,2026-03-26,2026-04-01,../images/kaufland/kaufland_offer_234.jpg,"cat_grundnahrung,diet_lactose_free,diet_vegan,diet_vegetarian",,,ref_000441,obs_0000034505|obs_0000010679|obs_0000030661|obs_0000023752|obs_0000024175|obs_0000011071|obs_0000031917|obs_0000007958,obs_0000030661|obs_0000034505|obs_0000010679
K-CLASSIC,Sonnenblumenkerne,"€ 0,99","€ 1,19","1 kg = 2,48",geschält,Nein,Dieses Angebot findest du vom 26.03. bis 01.04. in deiner Kaufland-Filiale.,2026-03-26,2026-04-01,../images/kaufland/kaufland_offer_290.jpg,"cat_grundnahrung,diet_gluten_free,diet_lactose_free,diet_vegan,diet_vegetarian,tag_ultra_processed,tag_whole_food",,BLS-H430100,ref_000442,obs_0000011947|obs_0000008674|obs_0000009326|obs_0000015536|obs_0000027826|obs_0000019838|obs_0000026130|obs_0000009797|obs_0000026225|obs_0000024997|obs_0000027895,obs_0000008674|obs_0000009326|obs_0000015536|obs_0000027826|obs_0000019838|obs_0000026130|obs_0000009797|obs_0000026225|obs_0000011947
SEMKI,Sonnenblumenkerne XXL,"€ 1,99","€ 2,79","1 kg = 6,64",in der Schale geröstet,Nein,Dieses Angebot findest du vom 26.03. bis 01.04. in deiner Kaufland-Filiale.,2026-03-26,2026-04-01,../images/kaufland/kaufland_offer_233.jpg,"cat_grundnahrung,diet_gluten_free,diet_lactose_free,diet_vegan,diet_vegetarian,tag_whole_food",,BLS-H430100,ref_000443,obs_0000012763|obs_0000008674|obs_0000009326|obs_0000015536|obs_0000027826|obs_0000019838|obs_0000026130|obs_0000009797|obs_0000026225|obs_0000013967|obs_0000011947,
Keine Marke,Span Eisbergsalat,"€ 0,88","€ 1,29","pro Einheit = 0,88",Kl. I,Nein,Dieses Angebot findest du vom 30.03. bis 01.04. in deiner Kaufland-Filiale.,2026-03-30,2026-04-01,../images/kaufland/kaufland_offer_643.jpg,"cat_obst_gemuese,diet_gluten_free,diet_lactose_free,diet_vegan,diet_vegetarian,sub_frisches_gemuese,sub_salate,tag_whole_food",,BLS-G103100,ref_000444,obs_0000015244|obs_0000029710|obs_0000003639|obs_0000000692|obs_0000032519|obs_0000027417|obs_0000024865|obs_0000008541|obs_0000026602,obs_0000015244
Keine Marke,Span Erdbeeren,"€ 5,99","€ 7,99","1 kg = 7,49",Kl. I,Nein,Dieses Angebot findest du vom 26.03. bis 01.04. in deiner Kaufland-Filiale.,2026-03-26,2026-04-01,../images/kaufland/kaufland_offer_076.jpg,"cat_obst_gemuese,diet_gluten_free,diet_lactose_free,diet_vegan,diet_vegetarian,sub_exoten,sub_frisches_gemuese,sub_frisches_obst,tag_whole_food",,,ref_000445,obs_0000013901|obs_0000012233|obs_0000013414|obs_0000013418|obs_0000011389|obs_0000031261|obs_0000006265|obs_0000030915|obs_0000031462|obs_0000032512|obs_0000006408|obs_0000027419|obs_0000029494|obs_0000031576|obs_0000030564|obs_0000000875|obs_0000022919|obs_0000030617|obs_0000024529,obs_0000013901|obs_0000012233
LICOR 43,Span Likör,"€ 11,99","€ 16,99","1 l = 17,13","vielschichtiger Geschmack mit Aromen von Vanille, Zimt und anderen Gewürzen, 31 Vol. %",Nein,Dieses Angebot findest du vom 26.03. bis 01.04. in deiner Kaufland-Filiale.,2026-03-26,2026-04-01,../images/kaufland/kaufland_offer_349.jpg,"cat_getraenke,diet_gluten_free,diet_lactose_free,diet_vegan,diet_vegetarian,tag_whole_food",,BLS-P5A1000,ref_000446,obs_0000020047|obs_0000020866|obs_0000022448|obs_0000004726|obs_0000012418|obs_0000004299|obs_0000000247|obs_0000003872|obs_0000003467,
Keine Marke,Span Mandarinen,"€ 2,49","€ 3,49","pro Einheit = 2,49","Sorte laut Auszeichnung, Kl. I",Nein,Dieses Angebot findest du vom 30.03. bis 01.04. in deiner Kaufland-Filiale.,2026-03-30,2026-04-01,../images/kaufland/kaufland_offer_645.jpg,"cat_obst_gemuese,diet_gluten_free,diet_lactose_free,diet_vegan,diet_vegetarian,sub_frisches_gemuese,sub_frisches_obst,tag_whole_food",,BLS-F606100,ref_000447,obs_0000012673|obs_0000028686|obs_0000025646|obs_0000030862|obs_0000000157|obs_0000019106|obs_0000017600|obs_0000009920|obs_0000005319|obs_0000030443|obs_0000009457|obs_0000010492|obs_0000019728|obs_0000029478|obs_0000006967|obs_0000016695|obs_0000030566|obs_0000029577|obs_0000002444|obs_0000028566|obs_0000029146,
FREIXENET,Span Schaumwein,"€ 3,66","€ 6,49","1 l = 4,88","versch. Sorten, auch alkoholfrei 0,0 Vol. %",Nein,Dieses Angebot findest du vom 26.03. bis 01.04. in deiner Kaufland-Filiale.,2026-03-26,2026-04-01,../images/kaufland/kaufland_offer_382.jpg,cat_getraenke,,,ref_000448,obs_0000015929|obs_0000015497|obs_0000012675|obs_0000008009,obs_0000015929|obs_0000015497|obs_0000012675
DER SPANIER,Span Schnittkäse,"€ 1,99","€ 2,69","pro Einheit = 1,99","aus Kuh-, Schafs- und Ziegenmilch, 3 Monate gereift, mild, mind. 45 % Fett i. Tr.",Nein,Dieses Angebot findest du vom 26.03. bis 01.04. in deiner Kaufland-Filiale.,2026-03-26,2026-04-01,../images/kaufland/kaufland_offer_179.jpg,"cat_molkerei_kaese,sub_kaese,sub_milchprodukte,tag_ultra_processed",,,ref_000449,obs_0000012809|obs_0000010636|obs_0000008439|obs_0000010264|obs_0000021017|obs_0000028709|obs_0000025651|obs_0000013876|obs_0000008758|obs_0000020198|obs_0000028921|obs_0000014122|obs_0000028586|obs_0000008137|obs_0000008191,obs_0000012809|obs_0000008439|obs_0000010636
Keine Marke,Span Zitronen,"€ 0,99","€ 1,59","1 kg = 1,98","Sorte laut Auszeichnung, Kl. I",Nein,Dieses Angebot findest du vom 26.03. bis 01.04. in deiner Kaufland-Filiale.,2026-03-26,2026-04-01,../images/kaufland/kaufland_offer_054.jpg,"cat_obst_gemuese,diet_gluten_free,diet_lactose_free,diet_vegan,diet_vegetarian,sub_frisches_gemuese,sub_frisches_obst,tag_whole_food",,,ref_000450,obs_0000012177|obs_0000014878|obs_0000011385|obs_0000015312|obs_0000014382|obs_0000013905|obs_0000031323|obs_0000028262|obs_0000008321|obs_0000021667|obs_0000010973|obs_0000027911|obs_0000031554|obs_0000034117|obs_0000027477|obs_0000020848|obs_0000024462|obs_0000028057|obs_0000026542|obs_0000030136|obs_0000025087,obs_0000012177
Keine Marke,Span marokk Zucchini lose,"€ 1,99","€ 3,99","pro Einheit = 1,99",Kl. I,Nein,Dieses Angebot findest du vom 26.03. bis 01.04. in deiner Kaufland-Filiale.,2026-03-26,2026-04-01,../images/kaufland/kaufland_offer_064.jpg,"cat_obst_gemuese,diet_gluten_free,diet_lactose_free,diet_vegan,diet_vegetarian,sub_exoten,sub_frisches_gemuese,sub_frisches_obst,tag_whole_food",,,ref_000451,obs_0000018752|obs_0000021829|obs_0000016265|obs_0000007131,
Keine Marke,Span niederl Gurke lose,"€ 0,49","€ 0,79","pro Einheit = 0,49",Kl. I,Nein,Dieses Angebot findest du vom 26.03. bis 01.04. in deiner Kaufland-Filiale.,2026-03-26,2026-04-01,../images/kaufland/kaufland_offer_058.jpg,"cat_obst_gemuese,diet_gluten_free,diet_lactose_free,diet_vegan,diet_vegetarian,sub_frisches_gemuese,sub_frisches_obst,tag_whole_food",,,ref_000452,obs_0000014439|obs_0000013419|obs_0000012212|obs_0000012235|obs_0000002563|obs_0000026127|obs_0000003696|obs_0000034521|obs_0000027093|obs_0000001511,obs_0000014439|obs_0000013419|obs_0000012212
Keine Marke,Span niederl Paprika XXL,"€ 3,49",,"pro Einheit = 3,49","gemischt in den Farben Rot, Gelb und Grün, Kl. I",Nein,Dieses Angebot findest du vom 30.03. bis 01.04. in deiner Kaufland-Filiale.,2026-03-30,2026-04-01,../images/kaufland/kaufland_offer_614.jpg,"cat_obst_gemuese,diet_gluten_free,diet_lactose_free,diet_vegan,diet_vegetarian,sub_frisches_gemuese,sub_frisches_obst,tag_ultra_processed,tag_whole_food",,,ref_000453,obs_0000012763|obs_0000013967,
NEWCENTIAL,Speichenreflektoren,"€ 4,99",,"pro Einheit = 4,99","Bessere Sichtbarkeit durch 360°-Reflexion Einfache Anbringung und dauerhaft fester Halt Keine Beeinträchtigung der Rundlaufeigenschaften Für alle gängigen Speichen (Ø 1,8 - 2 mm) Packung ausreichen für 2 Räder Nach StVZO für alle Fahrräder zugelassen Inkl. Montageanleitung 3 Jahre Garantie",Nein,Dieses Angebot findest du vom 26.03. bis 01.04. in deiner Kaufland-Filiale.,2026-03-26,2026-04-01,../images/kaufland/kaufland_offer_563.jpg,"cat_non_food,diet_gluten_free,diet_lactose_free,diet_vegan,diet_vegetarian,tag_ultra_processed,tag_whole_food",,,ref_000454,,
CAPTAIN MORGAN,Spiced Gold oder White Rum,"€ 9,99","€ 12,99","1 l = 14,28","Rum-Getränk bzw. Rum aus Jamaica, 35 - 37,5 Vol. %, Spiced Gold auch alkoholfrei 0,0 Vol. %",Nein,Dieses Angebot findest du vom 26.03. bis 01.04. in deiner Kaufland-Filiale.,2026-03-26,2026-04-01,../images/kaufland/kaufland_offer_358.jpg,"cat_getraenke,diet_lactose_free,diet_vegan,diet_vegetarian,tag_ultra_processed",,,ref_000455,obs_0000012428|obs_0000010951|obs_0000019783|obs_0000008235|obs_0000014007|obs_0000026005|obs_0000020034|obs_0000025440|obs_0000020853|obs_0000006555|obs_0000031776|obs_0000034007|obs_0000023259|obs_0000017633|obs_0000012629|obs_0000011104|obs_0000026988|obs_0000012669|obs_0000025003|obs_0000013227|obs_0000015276|obs_0000027570|obs_0000010721|obs_0000031712,obs_0000012428|obs_0000010951
Keine Marke,Spielhaus Happy House,"€ 49,99",,"pro Einheit = 49,99","Aus stabilem, lichtechtem Kunststoff Geeignet für Innenbereich, Garten und Terrasse Einfach aufzubauen Für Kinder ab 1 Jahr Größe ca. B 102 x H 108 x T 88 cm",Nein,Dieses Angebot findest du vom 26.03. bis 01.04. in deiner Kaufland-Filiale.,2026-03-26,2026-04-01,../images/kaufland/kaufland_offer_474.jpg,"cat_getraenke,diet_gluten_free,diet_lactose_free,diet_vegan,diet_vegetarian,tag_whole_food",,,ref_000456,obs_0000024795,
VALENSINA,Spor Muskel Exotik,"€ 1,11","€ 1,49","1 l = 2,22","Elektrolyt-Drink, leicht prickelnd, zuckerfrei, mit Kalium, Calcium, Magnesium und Natrium (+ 0.25 Pfand)",Nein,Dieses Angebot findest du vom 26.03. bis 01.04. in deiner Kaufland-Filiale.,2026-03-26,2026-04-01,../images/kaufland/kaufland_offer_398.jpg,cat_getraenke,,,ref_000457,,
NIKE,Sporttasche,"€ 17,99","€ 32,99","pro Einheit = 17,99",Aus Polyester Fassungsvermögen ca. 41 l Größe ca. B 53 x H 25 x T 28 cm,Nein,Dieses Angebot findest du vom 26.03. bis 01.04. in deiner Kaufland-Filiale.,2026-03-26,2026-04-01,../images/kaufland/kaufland_offer_492.jpg,"cat_non_food,diet_vegetarian,tag_high_protein",,BLS-R421300,ref_000458,obs_0000015217|obs_0000011291|obs_0000010099|obs_0000013013,obs_0000015217|obs_0000010099|obs_0000013013|obs_0000011291
COCA-COLA FANTA,SPRITE oder MEZZO MIX Erfrischungsgetränke,"€ 9,99",,"1 l = 0,84","z. T. koffeinhaltig, versch. Sorten (+ 3.30 Pfand)",Nein,Dieses Angebot findest du vom 26.03. bis 01.04. in deiner Kaufland-Filiale.,2026-03-26,2026-04-01,../images/kaufland/kaufland_offer_336.jpg,"cat_getraenke,tag_ultra_processed",,,ref_000459,obs_0000015905|obs_0000011120|obs_0000031043|obs_0000028043|obs_0000032258|obs_0000034906|obs_0000032019|obs_0000029984|obs_0000029010|obs_0000032704|obs_0000030679|obs_0000013322|obs_0000015049|obs_0000024700|obs_0000027647,obs_0000015905|obs_0000011120
SQUISHMALLOWS,Squish-a-longs-Spielset Pok mon,"€ 19,99","€ 24,99","pro Einheit = 19,99",Aufklappbares Spielset mit 4 Mini-Squish-Figuren Mit Accessoires wie Sitzsack und Bett Für Kinder ab 6 Jahren,Nein,Dieses Angebot findest du vom 26.03. bis 01.04. in deiner Kaufland-Filiale.,2026-03-26,2026-04-01,../images/kaufland/kaufland_offer_479.jpg,cat_non_food,,,ref_000460,obs_0000008746|obs_0000001864,
NEWCENTIAL,Standluftpumpe XL,"€ 8,99",,"pro Einheit = 8,99","Extragroßes Hubvolumen Hochwertiger Doppelpumpenkopf Für Schrader-, Blitz- und Sclaverandventile Hochdruckschlauch ca. 100 cm mit Halteclips Integriertes Manometer bis 11 bar (160 PSI) Zulässiger Druck max. 8 bar (116 PSI) Ergonomisch geformter Soft-Touch-Griff Extrabreiter Standfuß mit profilierter Oberfläch Größe ca. 76 cm Inkl. Adapter-Set für Bälle, Luftmatratzen etc. 3 Jahre Garantie",Nein,Dieses Angebot findest du vom 26.03. bis 01.04. in deiner Kaufland-Filiale.,2026-03-26,2026-04-01,../images/kaufland/kaufland_offer_561.jpg,"cat_non_food,tag_ultra_processed",,,ref_000461,,
K-PURLAND,Steak Kräuter Style vom Schweinenacken -kamm,"€ 4,49",,"1 kg = 5,99","vom Schweinenacken/-kamm, mit feiner Kräutermarinade, 4 Stück",Nein,Dieses Angebot findest du vom 26.03. bis 01.04. in deiner Kaufland-Filiale.,2026-03-26,2026-04-01,../images/kaufland/kaufland_offer_089.jpg,"cat_fleisch_wurst,sub_rind,sub_schwein",,,ref_000462,obs_0000009474|obs_0000008472|obs_0000020705|obs_0000002274|obs_0000012814|obs_0000000636|obs_0000002843|obs_0000011054|obs_0000025537|obs_0000021524|obs_0000009506|obs_0000001352|obs_0000013754|obs_0000030431|obs_0000034537|obs_0000009967|obs_0000034623,
Keine Marke,Steering-Scooter Princess,"€ 24,99","€ 39,99","pro Einheit = 24,99",Lenkstange höhenverstellbar Mit rutschfester Fußplatte Hohe Stabilität dank 3 Räder Fußbremse am Hinterrad Belastbarkeit max. 50 kg Für Kinder ab 3 Jahren,Nein,Dieses Angebot findest du vom 26.03. bis 01.04. in deiner Kaufland-Filiale.,2026-03-26,2026-04-01,../images/kaufland/kaufland_offer_542.jpg,"cat_getraenke,diet_gluten_free,diet_lactose_free,diet_vegan,diet_vegetarian,tag_ultra_processed,tag_whole_food",,,ref_000463,obs_0000026716,
Keine Marke,Steering-Scooter Spider-Man,"€ 24,99","€ 39,99","pro Einheit = 24,99",Lenkstange höhenverstellbar Mit rutschfester Fußplatte Hohe Stabilität dank 3 Räder Fußbremse am Hinterrad Belastbarkeit max. 50 kg Für Kinder ab 3 Jahren,Nein,Dieses Angebot findest du vom 26.03. bis 01.04. in deiner Kaufland-Filiale.,2026-03-26,2026-04-01,../images/kaufland/kaufland_offer_546.jpg,"cat_getraenke,diet_gluten_free,diet_lactose_free,diet_vegan,diet_vegetarian,tag_whole_food",,,ref_000464,obs_0000026716,
HERTLEINS,Streitberger Bitter,"€ 11,49","€ 12,99","1 l = 16,42","kräftig-würziger Likör, in Steingut-Gefäßen gereift, 35 Vol. %",Nein,Dieses Angebot findest du vom 26.03. bis 01.04. in deiner Kaufland-Filiale.,2026-03-26,2026-04-01,../images/kaufland/kaufland_offer_353.jpg,"cat_getraenke,sub_butter_margarine,tag_ultra_processed",,,ref_000465,obs_0000011976|obs_0000015486|obs_0000013043,obs_0000011976|obs_0000008666|obs_0000015486
K-CLASSIC,Sultaninen,"€ 1,11","€ 1,29","1 kg = 4,44",ideal fürs Müsli oder süßes Gebäck,Nein,Dieses Angebot findest du vom 30.03. bis 01.04. in deiner Kaufland-Filiale.,2026-03-30,2026-04-01,../images/kaufland/kaufland_offer_613.jpg,"cat_obst_gemuese,diet_gluten_free,diet_lactose_free,diet_vegan,diet_vegetarian,sub_frisches_obst,tag_ultra_processed,tag_whole_food",,,ref_000466,obs_0000027382|obs_0000026087,obs_0000027382|obs_0000026087
Keine Marke,Südafrik Nektarinen lose,"€ 3,99","€ 5,99","pro Einheit = 3,99","Sorte laut Auszeichnung, Kl. I",Nein,Dieses Angebot findest du vom 30.03. bis 01.04. in deiner Kaufland-Filiale.,2026-03-30,2026-04-01,../images/kaufland/kaufland_offer_634.jpg,"cat_obst_gemuese,diet_gluten_free,diet_lactose_free,diet_vegan,diet_vegetarian,sub_frisches_gemuese,sub_frisches_obst,tag_whole_food",,,ref_000467,obs_0000012232|obs_0000009901|obs_0000009436,obs_0000012232
Keine Marke,Südafrik Tafeltrauben hell,"€ 1,49","€ 2,49","1 kg = 2,98","Sorte laut Auszeichnung, Kl. I",Nein,Dieses Angebot findest du vom 26.03. bis 01.04. in deiner Kaufland-Filiale.,2026-03-26,2026-04-01,../images/kaufland/kaufland_offer_051.jpg,"cat_obst_gemuese,diet_gluten_free,diet_lactose_free,diet_vegan,diet_vegetarian,sub_frisches_obst,tag_whole_food",,,ref_000468,obs_0000010552|obs_0000012251|obs_0000013921|obs_0000013442|obs_0000012672|obs_0000008710|obs_0000034841|obs_0000028721|obs_0000009785|obs_0000008765|obs_0000010312|obs_0000008792|obs_0000031873|obs_0000031386|obs_0000028835|obs_0000034475|obs_0000028335|obs_0000034487|obs_0000009915|obs_0000027350|obs_0000011994|obs_0000006377|obs_0000035038|obs_0000014088|obs_0000010541|obs_0000014654|obs_0000008527|obs_0000028550|obs_0000009624|obs_0000008658|obs_0000010211|obs_0000028667,
MOSER,Südtiroler Speck g g A,"€ 1,99","€ 2,99","pro Einheit = 1,99","mild über Buchenholz geräuchert, an reiner Südtiroler Bergluft getrocknet und gereift",Nein,Dieses Angebot findest du vom 26.03. bis 01.04. in deiner Kaufland-Filiale.,2026-03-26,2026-04-01,../images/kaufland/kaufland_offer_136.jpg,"cat_fleisch_wurst,sub_schwein",,,ref_000469,obs_0000023171|obs_0000022813|obs_0000009889|obs_0000000040|obs_0000034975|obs_0000003778|obs_0000029143|obs_0000031467,obs_0000023171|obs_0000022813
K-PURLAND,Tafelspitz vom Jungbullen,"€ 15,99",,"pro Einheit = 15,99",vom Jungbullen,Nein,Dieses Angebot findest du vom 26.03. bis 01.04. in deiner Kaufland-Filiale.,2026-03-26,2026-04-01,../images/kaufland/kaufland_offer_094.jpg,"cat_fleisch_wurst,diet_gluten_free,diet_lactose_free,sub_rind,tag_whole_food",,,ref_000470,obs_0000010590|obs_0000012760|obs_0000014912|obs_0000013445|obs_0000011844|obs_0000027671|obs_0000015351|obs_0000013854|obs_0000008818|obs_0000012293|obs_0000012294|obs_0000026669|obs_0000014473|obs_0000014474|obs_0000028972|obs_0000013364|obs_0000026295|obs_0000017489|obs_0000018409,obs_0000010590|obs_0000012760|obs_0000014912|obs_0000027671|obs_0000013445|obs_0000011844
KIDLAND,Tellerschaukel,"€ 6,99",,"pro Einheit = 6,99",Profilierter Sitz mit strapazierfähigem Seil Seillänge einstellbar ca. 105 - 183 cm Ummantelte Befestigungselemente mit Metallkern Belastbarkeit max. 100 kg Nur für den Hausgebrauch im Außenbereich Für Kinder ab 3 Jahren 3 Jahre Garantie,Nein,Dieses Angebot findest du vom 26.03. bis 01.04. in deiner Kaufland-Filiale.,2026-03-26,2026-04-01,../images/kaufland/kaufland_offer_463.jpg,cat_non_food,,,ref_000471,,
K-CLASSIC,Thai-Duftreis,"€ 1,59","€ 1,99","pro Einheit = 1,59","lose, zart duftend",Nein,Dieses Angebot findest du vom 26.03. bis 01.04. in deiner Kaufland-Filiale.,2026-03-26,2026-04-01,../images/kaufland/kaufland_offer_280.jpg,"cat_grundnahrung,diet_gluten_free,diet_lactose_free,diet_vegan,diet_vegetarian,tag_ultra_processed,tag_whole_food",,,ref_000472,obs_0000010704,obs_0000010704
YFOOD,This is Food Trinkmahlzeit,"€ 2,99",,"1 l = 5,98","mit Protein, Vitaminen, Mineralien und Ballaststoffen, versch. Sorten (+ 0.25 Pfand)",Nein,Dieses Angebot findest du vom 26.03. bis 01.04. in deiner Kaufland-Filiale.,2026-03-26,2026-04-01,../images/kaufland/kaufland_offer_156.jpg,"cat_molkerei_kaese,tag_ultra_processed",,,ref_000473,obs_0000010625|obs_0000021658|obs_0000008110|obs_0000014257|obs_0000022477|obs_0000020839|obs_0000033790|obs_0000028418|obs_0000033085,obs_0000010625|obs_0000021658|obs_0000008110|obs_0000014257|obs_0000022477|obs_0000020839
ALAKRANA,Thunfisch,"€ 5,99","€ 7,99","1 kg = 23,96","in Sashimi-Qualität, 2 Premium-Cut-Steaks oder Saku am Stück für Sushi",Nein,Dieses Angebot findest du vom 26.03. bis 04.04. in deiner Kaufland-Filiale.,2026-03-26,2026-04-04,../images/kaufland/kaufland_offer_200.jpg,"cat_tiefkuehl,tag_ultra_processed",,BLS-T121100,ref_000474,obs_0000013452|obs_0000015656|obs_0000014147|obs_0000013927|obs_0000020625|obs_0000002835|obs_0000009368|obs_0000011810|obs_0000024867|obs_0000019499|obs_0000008366|obs_0000010669|obs_0000022192|obs_0000022972|obs_0000001218|obs_0000021444|obs_0000031813|obs_0000023751|obs_0000025801|obs_0000026575|obs_0000015841|obs_0000009827|obs_0000024173|obs_0000014193|obs_0000019063|obs_0000007807|obs_0000002838|obs_0000032672|obs_0000032675|obs_0000032053|obs_0000031286|obs_0000010428|obs_0000030014|obs_0000034620|obs_0000003020|obs_0000029304|obs_0000029303|obs_0000034833|obs_0000006829|obs_0000032861|obs_0000006130|obs_0000006827|obs_0000005182|obs_0000011511,obs_0000013452|obs_0000015656|obs_0000014147|obs_0000013927
SAUPIQUET,Thunfisch-Salat,"€ 1,99",,"1 kg = 12,44",versch. Sorten,Nein,Dieses Angebot findest du vom 26.03. bis 01.04. in deiner Kaufland-Filiale.,2026-03-26,2026-04-01,../images/kaufland/kaufland_offer_224.jpg,"cat_grundnahrung,sub_salate,tag_ultra_processed",,BLS-T121100,ref_000475,obs_0000011810|obs_0000031813|obs_0000009827|obs_0000019063|obs_0000009368|obs_0000008366|obs_0000001218|obs_0000014193|obs_0000026575|obs_0000015841|obs_0000034620|obs_0000013452|obs_0000014147|obs_0000029303|obs_0000032053|obs_0000032672|obs_0000013927|obs_0000006829|obs_0000015656|obs_0000025985,obs_0000011810|obs_0000031813|obs_0000009827|obs_0000019063|obs_0000029303|obs_0000009368|obs_0000006829|obs_0000008366|obs_0000001218|obs_0000032053|obs_0000014193|obs_0000032672|obs_0000026575|obs_0000015841
K-CLASSIC,Toilettenpapier Soft Limited Edition,"€ 2,99",,"pro Einheit = 2,99","Limited Edition »Ostern«, 3-lagig",Nein,Dieses Angebot findest du vom 26.03. bis 01.04. in deiner Kaufland-Filiale.,2026-03-26,2026-04-01,../images/kaufland/kaufland_offer_404.jpg,"cat_drogerie,tag_ultra_processed",,,ref_000476,obs_0000012456|obs_0000008622|obs_0000015108|obs_0000009406|obs_0000009866|obs_0000010282|obs_0000002116|obs_0000026693|obs_0000034994|obs_0000004318|obs_0000028891|obs_0000033004|obs_0000000261|obs_0000014665|obs_0000033135|obs_0000006587|obs_0000000527|obs_0000004745|obs_0000027323|obs_0000033514|obs_0000000748|obs_0000008992|obs_0000000809|obs_0000033636|obs_0000033855|obs_0000013454|obs_0000023741|obs_0000025816|obs_0000001341|obs_0000028024|obs_0000011770|obs_0000003599|obs_0000001568|obs_0000024163|obs_0000013932|obs_0000028373|obs_0000026332|obs_0000003891,obs_0000012456
K-CLASSIC,Tortelloni,"€ 1,49","€ 1,89","1 kg = 3,73","gefüllte Teigtaschen, versch. Sorten",Nein,Dieses Angebot findest du vom 26.03. bis 01.04. in deiner Kaufland-Filiale.,2026-03-26,2026-04-01,../images/kaufland/kaufland_offer_204.jpg,"cat_grundnahrung,diet_gluten_free,diet_lactose_free,diet_vegetarian,sub_nudeln,tag_ultra_processed",,,ref_000477,obs_0000010656|obs_0000008812|obs_0000008226|obs_0000004343|obs_0000000276|obs_0000012826|obs_0000004770|obs_0000011060|obs_0000003071|obs_0000003916|obs_0000009327|obs_0000009798|obs_0000011905|obs_0000000725|obs_0000034267|obs_0000018071|obs_0000028681|obs_0000018771|obs_0000000688|obs_0000017394|obs_0000028561|obs_0000014972|obs_0000005384,obs_0000008226|obs_0000004343|obs_0000000276|obs_0000010656|obs_0000012826|obs_0000008812|obs_0000004770|obs_0000011060|obs_0000003071|obs_0000009327|obs_0000009798|obs_0000011905|obs_0000003916
K-CLASSIC,Tortilla-Wraps 25 cm,"€ 0,99",,"1 kg = 2,68","aus Weizen- bzw. Vollkornmehl oder mit Maismehl, je Ø 25 cm",Nein,Dieses Angebot findest du vom 26.03. bis 01.04. in deiner Kaufland-Filiale.,2026-03-26,2026-04-01,../images/kaufland/kaufland_offer_230.jpg,"cat_grundnahrung,diet_gluten_free,diet_lactose_free,diet_vegan,diet_vegetarian,tag_ultra_processed",,,ref_000478,obs_0000010682,obs_0000010682
Keine Marke,Tri-Scooter PAW Patrol,"€ 19,99","€ 29,99","pro Einheit = 19,99",Aus Stahl und Kunststoff Mit rutschfester Trittfläche Hohe Stabilität und Sicherheit Ideal für Anfänger Belastbarkeit max. 20 kg Für Kinder ab 2 Jahren,Nein,Dieses Angebot findest du vom 26.03. bis 01.04. in deiner Kaufland-Filiale.,2026-03-26,2026-04-01,../images/kaufland/kaufland_offer_545.jpg,"cat_getraenke,diet_gluten_free,diet_lactose_free,diet_vegan,diet_vegetarian,tag_whole_food",,,ref_000479,obs_0000026716,
Keine Marke,Tri-Scooter Princess,"€ 19,99","€ 29,99","pro Einheit = 19,99",Aus Stahl und Kunststoff Mit rutschfester Trittfläche Hohe Stabilität und Sicherheit Ideal für Anfänger Belastbarkeit max. 20 kg Für Kinder ab 2 Jahren,Nein,Dieses Angebot findest du vom 26.03. bis 01.04. in deiner Kaufland-Filiale.,2026-03-26,2026-04-01,../images/kaufland/kaufland_offer_543.jpg,"cat_getraenke,diet_gluten_free,diet_lactose_free,diet_vegan,diet_vegetarian,tag_ultra_processed,tag_whole_food",,,ref_000480,obs_0000026716,
MEICA,Trueman s,"€ 2,99","€ 4,49","pro Einheit = 8,55","Hot-Dog-Würstchen American Style, Original oder Geflügelwurst",Nein,Dieses Angebot findest du vom 26.03. bis 01.04. in deiner Kaufland-Filiale.,2026-03-26,2026-04-01,../images/kaufland/kaufland_offer_125.jpg,"cat_fleisch_wurst,tag_ultra_processed",,,ref_000481,obs_0000008106,
K-GOLD EDITION,Trüffelsalami,"€ 1,59","€ 1,99","1 kg = 19,88",mit italienischen Sommertrüffeln und Parmigiano Reggiano,Nein,Dieses Angebot findest du vom 26.03. bis 01.04. in deiner Kaufland-Filiale.,2026-03-26,2026-04-01,../images/kaufland/kaufland_offer_115.jpg,"cat_fleisch_wurst,sub_wurst,tag_ultra_processed",,,ref_000482,obs_0000015765,obs_0000015765
MINAH,Tunes Olivenöl,"€ 6,99","€ 8,99","1 l = 13,98",extra nativ,Nein,Dieses Angebot findest du vom 26.03. bis 01.04. in deiner Kaufland-Filiale.,2026-03-26,2026-04-01,../images/kaufland/kaufland_offer_245.jpg,"cat_grundnahrung,diet_gluten_free,diet_lactose_free,diet_vegan,diet_vegetarian,tag_whole_food",,,ref_000483,obs_0000002836|obs_0000001438|obs_0000009909|obs_0000011361|obs_0000009444,
KIDLAND,Tuning Cars,"€ 1,99","€ 4,99","pro Einheit = 1,99",Serie 4 Für Kinder ab 3 Jahren 3 Jahre Garantie,Nein,Dieses Angebot findest du vom 26.03. bis 01.04. in deiner Kaufland-Filiale.,2026-03-26,2026-04-01,../images/kaufland/kaufland_offer_460.jpg,cat_non_food,,,ref_000484,,
ONE FOR ALL,TV-Wandhalterung WM 4421,"€ 12,99","€ 25,99","pro Einheit = 12,99",Für Bildschirme von 32 bis 65 Zoll (81 - 165 cm) Neigungswinkel max. 15° VESA 100 x 100 bis 400 x 400 mm Belastbarkeit max. 100 kg Inkl. Befestigungsmaterial,Nein,Dieses Angebot findest du vom 26.03. bis 01.04. in deiner Kaufland-Filiale.,2026-03-26,2026-04-01,../images/kaufland/kaufland_offer_432.jpg,cat_non_food,,,ref_000485,,obs_0000015124|obs_0000015133|obs_0000010797
K-GOLD EDITION,Tyrolini,"€ 1,49","€ 1,99","1 kg = 16,56","nach Art einer Kaminwurzen, in den Sorten mild, würzig oder scharf",Nein,Dieses Angebot findest du vom 26.03. bis 01.04. in deiner Kaufland-Filiale.,2026-03-26,2026-04-01,../images/kaufland/kaufland_offer_122.jpg,"cat_fleisch_wurst,tag_ultra_processed",,,ref_000486,obs_0000027331|obs_0000008091|obs_0000010429,obs_0000027331|obs_0000008091|obs_0000010429
K-GOLD EDITION,T te de Moine g U,"€ 12,99",,"1 kg = 30,93","schweiz. Rohmilchkäse, 50 % Fett i. Tr.",Nein,Dieses Angebot findest du vom 26.03. bis 01.04. in deiner Kaufland-Filiale.,2026-03-26,2026-04-01,../images/kaufland/kaufland_offer_169.jpg,"cat_molkerei_kaese,diet_lactose_free,tag_ultra_processed",,,ref_000487,obs_0000004697|obs_0000003688|obs_0000002673|obs_0000002207|obs_0000004270|obs_0000000226|obs_0000003843|obs_0000019261|obs_0000016731|obs_0000017266|obs_0000017302|obs_0000016893|obs_0000006804|obs_0000007339|obs_0000007553|obs_0000015808,
K-CLASSIC,Ultra-Klumpstreu,"€ 2,99",,"1 l = 0,50","weiß, staubarm und geruchsbindend",Nein,Dieses Angebot findest du vom 30.03. bis 01.04. in deiner Kaufland-Filiale.,2026-03-30,2026-04-01,../images/kaufland/kaufland_offer_668.jpg,"cat_non_food,diet_gluten_free,diet_lactose_free,diet_vegetarian,tag_ultra_processed",,,ref_000488,obs_0000013938|obs_0000009259|obs_0000009727|obs_0000016782,obs_0000009259|obs_0000009727|obs_0000013938
COPPENRATH WIESE,Unsere Goldstücke,"€ 1,99",,"1 kg = 4,74 - 4,98","Dinkelbrötchen oder Fit & Vital, zum Aufbacken",Nein,Dieses Angebot findest du vom 26.03. bis 01.04. in deiner Kaufland-Filiale.,2026-03-26,2026-04-01,../images/kaufland/kaufland_offer_192.jpg,"cat_tiefkuehl,diet_vegetarian,sub_milchprodukte,tag_ultra_processed",,,ref_000489,obs_0000014854|obs_0000010926|obs_0000012682|obs_0000002587|obs_0000003165|obs_0000027445|obs_0000008617|obs_0000031710|obs_0000009952|obs_0000009491|obs_0000001315|obs_0000034096|obs_0000026080|obs_0000007395|obs_0000006502|obs_0000030845|obs_0000030850|obs_0000032387|obs_0000032392|obs_0000031501|obs_0000031507|obs_0000032634|obs_0000005769|obs_0000032644|obs_0000030166|obs_0000030168,obs_0000014854|obs_0000010926|obs_0000007395|obs_0000006502|obs_0000012682
LENOR,Unstoppables Wäscheparfüm,"€ 7,99","€ 11,99","1 kg = 16,15","Fresh oder Aprilfrisch, = 41 Anwendungen",Nein,Dieses Angebot findest du vom 30.03. bis 01.04. in deiner Kaufland-Filiale.,2026-03-30,2026-04-01,../images/kaufland/kaufland_offer_660.jpg,cat_drogerie,,,ref_000490,obs_0000012455|obs_0000014663|obs_0000015947|obs_0000024886|obs_0000017659|obs_0000011157|obs_0000014872|obs_0000011803|obs_0000009628|obs_0000013488|obs_0000003535|obs_0000033365|obs_0000025441|obs_0000032879|obs_0000010098|obs_0000022906|obs_0000033496,obs_0000012455|obs_0000024886|obs_0000014663|obs_0000015947
RÜGENWALDER MÜHLE,Vegane Pfannen- oder Grillprodukte,"€ 2,49",,"1 kg = 9,96 - 14,65","versch. Sorten, auf Soja- oder Weizen-Basis",Nein,Dieses Angebot findest du vom 26.03. bis 01.04. in deiner Kaufland-Filiale.,2026-03-26,2026-04-01,../images/kaufland/kaufland_offer_207.jpg,"cat_grundnahrung,diet_lactose_free,diet_vegan,diet_vegetarian,sub_fleischersatz",,,ref_000491,obs_0000015305,obs_0000015305
K-TAKE IT VEGGIE,Vegane Schlagcreme,"€ 0,95",,"1 l = 4,75","auf Basis von Soja und Kokosfett, ungesüßt",Nein,Dieses Angebot findest du vom 26.03. bis 01.04. in deiner Kaufland-Filiale.,2026-03-26,2026-04-01,../images/kaufland/kaufland_offer_161.jpg,"cat_molkerei_kaese,diet_lactose_free,diet_vegan,diet_vegetarian,sub_fleischersatz,tag_ultra_processed",,,ref_000492,obs_0000012321|obs_0000008347,obs_0000012321|obs_0000013470|obs_0000011470
MERCI,Vielfalt,"€ 2,99",,"1 kg = 11,96 - 14,24","Schokoladenspezialitäten, versch. Sorten",Nein,Dieses Angebot findest du vom 30.03. bis 01.04. in deiner Kaufland-Filiale.,2026-03-30,2026-04-01,../images/kaufland/kaufland_offer_044.jpg,"cat_knabbern_naschen,diet_vegetarian,tag_ultra_processed",,,ref_000493,obs_0000011352|obs_0000023300|obs_0000018890|obs_0000027341|obs_0000000996|obs_0000002174|obs_0000002431|obs_0000000534|obs_0000027216|obs_0000033006|obs_0000028038|obs_0000007487|obs_0000005836|obs_0000007277|obs_0000030117,obs_0000011352
BELOMENTO,Vinho Verde Ros,"€ 2,22","€ 2,79","1 l = 2,96","Portugal, fruchtig, Anklänge von roten Beeren, dezentes Bukett, leichte Säure, passt zu Meeresfrüchten und asiatischer Küche",Nein,Dieses Angebot findest du vom 26.03. bis 01.04. in deiner Kaufland-Filiale.,2026-03-26,2026-04-01,../images/kaufland/kaufland_offer_376.jpg,cat_getraenke,,,ref_000494,obs_0000013472|obs_0000008320|obs_0000019755|obs_0000007981|obs_0000008300,
K-GOLD EDITION,Vitello Tonnato,"€ 3,29",,"1 kg = 29,91",feine Bratscheiben vom Jungrind,Nein,Dieses Angebot findest du vom 26.03. bis 01.04. in deiner Kaufland-Filiale.,2026-03-26,2026-04-01,../images/kaufland/kaufland_offer_119.jpg,"cat_fleisch_wurst,tag_ultra_processed",,,ref_000495,obs_0000015769|obs_0000016725|obs_0000017105,obs_0000015769|obs_0000016725|obs_0000017105
SMIRNOFF,Vodka No 21,"€ 8,99","€ 12,99","1 l = 12,85","purer und reiner Geschmack, 37,5 Vol. %",Nein,Dieses Angebot findest du vom 30.03. bis 01.04. in deiner Kaufland-Filiale.,2026-03-30,2026-04-01,../images/kaufland/kaufland_offer_644.jpg,cat_getraenke,,,ref_000496,obs_0000018531|obs_0000026002|obs_0000008662|obs_0000010746|obs_0000008713|obs_0000034845|obs_0000009791|obs_0000009320|obs_0000012431|obs_0000009883|obs_0000013474|obs_0000021182|obs_0000028354|obs_0000008904|obs_0000009420|obs_0000026846|obs_0000034034|obs_0000035049|obs_0000015665|obs_0000002903|obs_0000022378|obs_0000011132|obs_0000024448|obs_0000020363|obs_0000012175|obs_0000019368|obs_0000024028,obs_0000018531|obs_0000008662|obs_0000010746
LENOR,Voll- oder Colorwaschmittel,"€ 4,49",,"pro Einheit = 0,30","Pulver 990 g, flüssig 900 ml oder Pods 323g, versch. Sorten, = 15 - 20 Anwendungen",Nein,Dieses Angebot findest du vom 30.03. bis 01.04. in deiner Kaufland-Filiale.,2026-03-30,2026-04-01,../images/kaufland/kaufland_offer_656.jpg,cat_drogerie,,,ref_000497,obs_0000014661|obs_0000010760|obs_0000011156|obs_0000011597|obs_0000012002|obs_0000012453|obs_0000012874|obs_0000013475|obs_0000014866|obs_0000015297|obs_0000015700|obs_0000014662|obs_0000032919|obs_0000029574,obs_0000010760|obs_0000011156|obs_0000011597|obs_0000012002|obs_0000012453|obs_0000012874|obs_0000013475|obs_0000014661|obs_0000014662|obs_0000014866|obs_0000015297|obs_0000015700
K-GOLD EDITION,Vorspeise,"€ 3,29","€ 3,99","1 kg = 29,91",Roasted Beef mit Dill-Senfsauce,Nein,Dieses Angebot findest du vom 26.03. bis 01.04. in deiner Kaufland-Filiale.,2026-03-26,2026-04-01,../images/kaufland/kaufland_offer_118.jpg,"cat_fleisch_wurst,diet_gluten_free,diet_lactose_free,diet_vegan,diet_vegetarian,tag_ultra_processed",,,ref_000498,obs_0000015768,obs_0000015768
GUTSHOF-EI,Wachteleier,"€ 3,39",,"pro Einheit = 3,39",aus Auslaufhaltung,Nein,Dieses Angebot findest du vom 26.03. bis 01.04. in deiner Kaufland-Filiale.,2026-03-26,2026-04-01,../images/kaufland/kaufland_offer_178.jpg,cat_molkerei_kaese,,BLS-E106100,ref_000499,,
DUPLO,Waffel-Schokoriegel,"€ 2,22",,"1 kg = 12,20",Original oder White,Nein,Dieses Angebot findest du vom 26.03. bis 01.04. in deiner Kaufland-Filiale.,2026-03-26,2026-04-01,../images/kaufland/kaufland_offer_315.jpg,"cat_knabbern_naschen,diet_vegetarian,tag_ultra_processed",,,ref_000500,obs_0000010728|obs_0000009371|obs_0000014275|obs_0000008282|obs_0000009830|obs_0000020991|obs_0000020234|obs_0000002189|obs_0000015897|obs_0000009124|obs_0000025649|obs_0000011961|obs_0000021053|obs_0000025162|obs_0000020172|obs_0000028364|obs_0000008659|obs_0000001108|obs_0000001258,obs_0000010728
G RAMONT,Weichkäse,"€ 1,99","€ 3,49","1 kg = 9,95 - 13,27","versch. Sorten, 30 - 60 % Fett i. Tr.",Nein,Dieses Angebot findest du vom 30.03. bis 01.04. in deiner Kaufland-Filiale.,2026-03-30,2026-04-01,../images/kaufland/kaufland_offer_014.jpg,"cat_molkerei_kaese,sub_kaese,sub_milchprodukte,tag_ultra_processed",,,ref_000501,obs_0000022418|obs_0000018456|obs_0000017509|obs_0000028005|obs_0000012800|obs_0000010262|obs_0000028718|obs_0000023373|obs_0000009810|obs_0000023007|obs_0000009341|obs_0000002902|obs_0000001889|obs_0000008690|obs_0000017036|obs_0000013202|obs_0000020886|obs_0000034594|obs_0000001060|obs_0000012324|obs_0000016552|obs_0000011050|obs_0000003627|obs_0000023987|obs_0000001335|obs_0000015800|obs_0000013638|obs_0000014416|obs_0000024404|obs_0000025428|obs_0000020067|obs_0000010476|obs_0000027117|obs_0000034162|obs_0000011898|obs_0000007547|obs_0000000273|obs_0000004765|obs_0000003512|obs_0000003911|obs_0000004338|obs_0000006285|obs_0000007352|obs_0000005715,obs_0000022418|obs_0000010262|obs_0000018456|obs_0000028718|obs_0000023373|obs_0000009810|obs_0000023007|obs_0000017509|obs_0000028005|obs_0000009341|obs_0000012800
KUSCHELWEICH,Weichspüler,"€ 4,00",,"pro Einheit = 0,04","versch. Sorten, = 38 Anwendungen",Nein,Dieses Angebot findest du vom 26.03. bis 01.04. in deiner Kaufland-Filiale.,2026-03-26,2026-04-01,../images/kaufland/kaufland_offer_401.jpg,cat_drogerie,,,ref_000502,obs_0000015261|obs_0000031910|obs_0000020279|obs_0000021945|obs_0000014305|obs_0000023651|obs_0000021098|obs_0000006387|obs_0000016125|obs_0000033664|obs_0000013955|obs_0000010761|obs_0000003597|obs_0000015508|obs_0000019865|obs_0000032921|obs_0000019489|obs_0000020774|obs_0000009383|obs_0000013480|obs_0000033198|obs_0000008124|obs_0000027580|obs_0000028356|obs_0000010952|obs_0000012876|obs_0000011598|obs_0000025167|obs_0000032849|obs_0000016852|obs_0000031701|obs_0000022870|obs_0000021593|obs_0000026203|obs_0000009843|obs_0000026740|obs_0000034675|obs_0000008673|obs_0000033155|obs_0000032146|obs_0000032282|obs_0000006941|obs_0000005663|obs_0000005297|obs_0000030775|obs_0000029375|obs_0000007113|obs_0000008789|obs_0000005858|obs_0000012004,obs_0000013955|obs_0000010761|obs_0000003597|obs_0000015508|obs_0000019865|obs_0000032921|obs_0000015261|obs_0000019489|obs_0000020774|obs_0000009383|obs_0000013480|obs_0000031910|obs_0000033198|obs_0000005297|obs_0000020279|obs_0000021945|obs_0000008124|obs_0000027580|obs_0000028356|obs_0000010952|obs_0000007113|obs_0000012876|obs_0000011598|obs_0000025167|obs_0000032849|obs_0000016852|obs_0000031701|obs_0000022870|obs_0000021593|obs_0000026203|obs_0000014305|obs_0000023651|obs_0000021098|obs_0000009843|obs_0000006387|obs_0000026740|obs_0000034675|obs_0000016125|obs_0000033664
BREE,Wein oder Free Alkoholfrei,"€ 2,88",,"1 l = 3,84","Pinot Noir Rosé, Riesling, Gewürztraminer, Muskateller oder versch. Sorten Fruity oder Free, z. B. Pinot Noir Rosé, Baden: fruchtige Aromen, leicht, elegant, passt zu Salaten, Fisch und Geflügel",Nein,Dieses Angebot findest du vom 30.03. bis 01.04. in deiner Kaufland-Filiale.,2026-03-30,2026-04-01,../images/kaufland/kaufland_offer_637.jpg,cat_getraenke,,BLS-P1A1120,ref_000503,obs_0000010923|obs_0000005451|obs_0000006011|obs_0000007083|obs_0000034225|obs_0000034424|obs_0000010394|obs_0000011150|obs_0000006548,obs_0000010923
K-CLASSIC,Weinsauerkraut,"€ 0,79",,"pro Einheit = 1,58","mild, mit Weißwein verfeinert",Nein,Dieses Angebot findest du vom 26.03. bis 01.04. in deiner Kaufland-Filiale.,2026-03-26,2026-04-01,../images/kaufland/kaufland_offer_225.jpg,"cat_grundnahrung,diet_lactose_free,diet_vegan,diet_vegetarian,tag_ultra_processed",,BLS-G346100,ref_000504,obs_0000001279|obs_0000008390|obs_0000029678|obs_0000007950|obs_0000032674,obs_0000001279
Keine Marke,Weltmeisterbrot,"€ 1,49",,"1 kg = 1,99","Mehrkornbrot aus Weizen, Roggen und Gerste, mit Leinsamen und Sonnenblumenkernen",Nein,Dieses Angebot findest du vom 26.03. bis 01.04. in deiner Kaufland-Filiale.,2026-03-26,2026-04-01,../images/kaufland/kaufland_offer_261.jpg,"cat_grundnahrung,diet_gluten_free,diet_lactose_free,diet_vegan,diet_vegetarian,sub_frisches_gemuese,tag_whole_food",,,ref_000505,obs_0000026790|obs_0000011751|obs_0000007721|obs_0000008754|obs_0000015861|obs_0000014811|obs_0000026491|obs_0000029334,obs_0000026790|obs_0000011751|obs_0000007721|obs_0000008754|obs_0000015861|obs_0000014811|obs_0000026491
TECHNAXX,WiFi-Wildtierkamera TX-326,"€ 49,99","€ 99,00","pro Einheit = 49,99","Farb-Display 1,7 Zoll Full-HD-Videoauflösung Automatische Aufnahmen mit Bewegungssensor Nachtsichtaufnahmen Herunterladen von Aufnahmen per App und WiFi microSD-Kartenslot Interiertes Solarpanel lädt integrierten Akku Schutzklasse IP 65 Inkl. Gurt und Halterung",Nein,Dieses Angebot findest du vom 26.03. bis 01.04. in deiner Kaufland-Filiale.,2026-03-26,2026-04-01,../images/kaufland/kaufland_offer_454.jpg,"cat_non_food,diet_vegetarian",,,ref_000506,,
AKI,Wildlachs-Caviar,"€ 4,99","€ 7,99","1 kg = 99,80","aus Wildlachsrogen, ideal für feine Häppchen und mehr",Nein,Dieses Angebot findest du vom 26.03. bis 04.04. in deiner Kaufland-Filiale.,2026-03-26,2026-04-04,../images/kaufland/kaufland_offer_216.jpg,"cat_grundnahrung,tag_high_protein",,BLS-T417100,ref_000507,,
PAMPERS,Windeln oder Pants Maxi-Economy-Pack,"€ 22,22",,"pro Einheit = 0,27","Baby Dry oder Premium Protection, Größe 3 - 6",Nein,Dieses Angebot findest du vom 26.03. bis 01.04. in deiner Kaufland-Filiale.,2026-03-26,2026-04-01,../images/kaufland/kaufland_offer_411.jpg,"cat_drogerie,tag_ultra_processed",,,ref_000508,obs_0000015517|obs_0000010544|obs_0000013812|obs_0000011163|obs_0000034447|obs_0000013484|obs_0000012464|obs_0000014672,obs_0000015517|obs_0000010544
BÖHNLEIN,Wirsing,"€ 3,69","€ 4,89","1 kg = 7,38","gekocht, tafelfertig",Nein,Dieses Angebot findest du vom 26.03. bis 01.04. in deiner Kaufland-Filiale.,2026-03-26,2026-04-01,../images/kaufland/kaufland_offer_208.jpg,"cat_grundnahrung,diet_gluten_free,diet_lactose_free,diet_vegan,diet_vegetarian,sub_frisches_gemuese,tag_ultra_processed,tag_whole_food",,BLS-G343100,ref_000509,obs_0000011909|obs_0000015406|obs_0000031955|obs_0000008824|obs_0000025594|obs_0000015690,obs_0000011909|obs_0000015406|obs_0000031955|obs_0000008824|obs_0000025594
Keine Marke,Wochenstrauß,"€ 12,99",,"pro Einheit = 12,99",versch. Variationen,Nein,Dieses Angebot findest du vom 26.03. bis 01.04. in deiner Kaufland-Filiale.,2026-03-26,2026-04-01,../images/kaufland/kaufland_offer_067.jpg,"cat_obst_gemuese,diet_gluten_free,diet_lactose_free,diet_vegan,diet_vegetarian,tag_whole_food",,,ref_000510,obs_0000010984|obs_0000009088|obs_0000015734,obs_0000010984|obs_0000009088
HEYMANN,Wurstspezialitäten,"€ 2,69","€ 3,99","1 kg = 16,82","versch. Sorten, z. B. Hausmacher Leberwurst",Nein,Dieses Angebot findest du vom 26.03. bis 01.04. in deiner Kaufland-Filiale.,2026-03-26,2026-04-01,../images/kaufland/kaufland_offer_124.jpg,"cat_fleisch_wurst,sub_wurst,tag_ultra_processed",,,ref_000511,obs_0000014343|obs_0000013966|obs_0000009424|obs_0000011858|obs_0000016597|obs_0000019669|obs_0000009887|obs_0000013686|obs_0000015691|obs_0000009873|obs_0000014385|obs_0000010453|obs_0000012285|obs_0000026052,obs_0000014343|obs_0000013966|obs_0000009424|obs_0000009873|obs_0000011858|obs_0000016597|obs_0000019669|obs_0000009887
K-GOLD EDITION,Würzöl,"€ 1,89","€ 2,39","1 l = 15,12",versch. Sorten,Nein,Dieses Angebot findest du vom 26.03. bis 01.04. in deiner Kaufland-Filiale.,2026-03-26,2026-04-01,../images/kaufland/kaufland_offer_247.jpg,"cat_grundnahrung,tag_ultra_processed",,,ref_000512,obs_0000016825|obs_0000019286,obs_0000016825|obs_0000019286
NESTL,Yaos Natur,"€ 0,79",,"1 kg = 5,27","Joghurt nach griech. Art, 8,4 % Fett",Nein,Dieses Angebot findest du vom 26.03. bis 01.04. in deiner Kaufland-Filiale.,2026-03-26,2026-04-01,../images/kaufland/kaufland_offer_147.jpg,"cat_molkerei_kaese,diet_vegetarian,sub_joghurt_skyr_quark,sub_milchprodukte,tag_ultra_processed",,,ref_000513,obs_0000028889|obs_0000001347|obs_0000009644,
ORAL-B,Zahncreme,"€ 3,49","€ 5,45","1 l = 46,54","Zahnfleisch-Intensivpflege, Plaque-Prophylaxe oder Express Whitening",Nein,Dieses Angebot findest du vom 26.03. bis 01.04. in deiner Kaufland-Filiale.,2026-03-26,2026-04-01,../images/kaufland/kaufland_offer_415.jpg,cat_drogerie,,BLS-V880300,ref_000514,obs_0000012899|obs_0000008315|obs_0000031914|obs_0000012467|obs_0000027360|obs_0000012024|obs_0000015114|obs_0000022872|obs_0000028222|obs_0000010272|obs_0000032817|obs_0000017476|obs_0000032872|obs_0000013968|obs_0000030353|obs_0000012470|obs_0000033482|obs_0000033487|obs_0000033540|obs_0000035062|obs_0000031053|obs_0000014678|obs_0000028510|obs_0000034656|obs_0000033139|obs_0000027515|obs_0000030077|obs_0000016784|obs_0000011171|obs_0000034251|obs_0000028624|obs_0000013280|obs_0000011771|obs_0000033228|obs_0000033231|obs_0000032951|obs_0000032773|obs_0000013850|obs_0000034857|obs_0000033844|obs_0000019008|obs_0000032867|obs_0000033389|obs_0000031855|obs_0000031348|obs_0000007299|obs_0000028333|obs_0000033016|obs_0000006397|obs_0000033033,obs_0000012899|obs_0000008315|obs_0000031914|obs_0000012467|obs_0000027360|obs_0000012024|obs_0000015114|obs_0000031053|obs_0000022872|obs_0000030077
BEVOLA,Zahnseide sensitiv,"€ 1,49",,"pro Einheit = 0,02",mit aufquellenden Fasern und Minzaroma,Nein,Dieses Angebot findest du vom 26.03. bis 01.04. in deiner Kaufland-Filiale.,2026-03-26,2026-04-01,../images/kaufland/kaufland_offer_414.jpg,cat_drogerie,,,ref_000515,,
LA MIRANDA,Zanderfilets,"€ 5,55","€ 6,99","1 kg = 12,34","3 - 6 Filets mit Haut, einzeln entnehmbar und küchenfertig",Nein,Dieses Angebot findest du vom 26.03. bis 04.04. in deiner Kaufland-Filiale.,2026-03-26,2026-04-04,../images/kaufland/kaufland_offer_198.jpg,"cat_tiefkuehl,tag_ultra_processed",,,ref_000516,obs_0000003201|obs_0000002634,obs_0000003201|obs_0000002634
K-CLASSIC,Zitronen- oder Limettensaft,"€ 1,59","€ 1,99","1 l = 2,12","aus Zitronen- bzw. Limettensaftkonzentrat, 100 % Fruchtgehalt",Nein,Dieses Angebot findest du vom 26.03. bis 01.04. in deiner Kaufland-Filiale.,2026-03-26,2026-04-01,../images/kaufland/kaufland_offer_344.jpg,"cat_getraenke,diet_gluten_free,diet_lactose_free,diet_vegan,diet_vegetarian,sub_frisches_obst,tag_ultra_processed,tag_whole_food",,,ref_000517,obs_0000008321|obs_0000025087|obs_0000034117|obs_0000026542|obs_0000027477|obs_0000027911|obs_0000028057|obs_0000028262|obs_0000020848|obs_0000021667|obs_0000030136|obs_0000031323|obs_0000031554|obs_0000024462,
Aus eigener Herstellung,Zungenwurst,"€ 0,99","€ 1,89","pro Einheit = 0,99",herzhafte Kochwurst mit feiner Zungeneinlage,Nein,Dieses Angebot findest du vom 26.03. bis 01.04. in deiner Kaufland-Filiale.,2026-03-26,2026-04-01,../images/kaufland/kaufland_offer_135.jpg,"cat_fleisch_wurst,sub_wurst,tag_ultra_processed",,BLS-W352000,ref_000518,obs_0000011867|obs_0000012772,obs_0000011867|obs_0000012772
LEGO SPEED CHAMPIONS,Aston Martin Aramco Bau- und Spielset 77245,"€ 17,99","€ 26,99","pro Einheit = 17,99",Aston-Martin-F1-Bolide mit authentischen Details Mit Rennfahrer-Spielfigur Für Kinder ab 10 Jahren,Nein,Dieses Angebot findest du vom 26.03. bis 01.04. in deiner Kaufland-Filiale.,2026-03-26,2026-04-01,../images/kaufland/kaufland_offer_481.jpg,cat_non_food,,,ref_000519,obs_0000008746|obs_0000001864,
LEGO SPEED CHAMPIONS,Bugatti Vision GT Bau- und Spielset 77253,"€ 19,99","€ 27,99","pro Einheit = 19,99",Bugatti-Sportwagen mit authentischen Details Mit Rennfahrer-Spielfigur im Bugatti-Outfit Für Kinder ab 9 Jahren,Nein,Dieses Angebot findest du vom 26.03. bis 01.04. in deiner Kaufland-Filiale.,2026-03-26,2026-04-01,../images/kaufland/kaufland_offer_476.jpg,cat_non_food,,,ref_000520,obs_0000008746|obs_0000001864,
LEGO SPEED CHAMPIONS,Ferrari SF90 XX Stradale Bau- und Spielset 77254,"€ 19,99","€ 27,99","pro Einheit = 19,99",Ferrari-Sportwagen mit authentischen Details Mit Rennfahrer-Spielfigur im Ferrari-Outfit Für Kinder ab 9 Jahren,Nein,Dieses Angebot findest du vom 26.03. bis 01.04. in deiner Kaufland-Filiale.,2026-03-26,2026-04-01,../images/kaufland/kaufland_offer_477.jpg,cat_non_food,,,ref_000521,obs_0000001864|obs_0000008746,
LEGO SPEED CHAMPIONS,McLaren MCL38 Bau- und Spielset 77251,"€ 17,99","€ 26,99","pro Einheit = 17,99",McLaren-F1-Bolide mit authentischen Details Mit Rennfahrer-Spielfigur Für Kinder ab 10 Jahren,Nein,Dieses Angebot findest du vom 26.03. bis 01.04. in deiner Kaufland-Filiale.,2026-03-26,2026-04-01,../images/kaufland/kaufland_offer_482.jpg,cat_non_food,,,ref_000522,obs_0000008746|obs_0000001864,
LEGO SPEED CHAMPIONS,Mercedes AMG W15E Bau- und Spielset 77244,"€ 17,99","€ 26,99","pro Einheit = 17,99",Mercedes-AMG-F1-Bolide mit authentischen Details Mit Rennfahrer-Spielfigur Für Kinder ab 10 Jahren,Nein,Dieses Angebot findest du vom 26.03. bis 01.04. in deiner Kaufland-Filiale.,2026-03-26,2026-04-01,../images/kaufland/kaufland_offer_480.jpg,cat_non_food,,,ref_000523,obs_0000008746|obs_0000001864,
