Marke,Produkt,Preis,Vorheriger_Preis,Preis_kg,RAW_Preis_kg,Hinweis,Nur_online,Gueltig_raw,Gueltig_von,Gueltig_bis,Bildpfad,assigned_labels,Einheit,nutrition_link,reference_row_id,rough_match_observation_ids,exact_match_observation_ids,brand_extracted,brand_normalized
HARRY,1688 Unser Mildes,"€ 1,11",,"1 kg = 2,22","1 kg = 2,22","Weizenmischbrot, in Scheiben",Nein,Dieses Angebot findest du vom 23.04. bis 29.04. in deiner Kaufland-Filiale.,2026-04-23,2026-04-29,../images/kaufland/kaufland_offer_234.jpg,"cat_grundnahrung,diet_vegetarian,tag_ultra_processed",,,ref_000001,obs_0000031327|obs_0000011362|obs_0000009387|obs_0000009848,obs_0000009387|obs_0000031327|obs_0000011362|obs_0000009848,,
COUNTRYSIDE,2-Brenner-Gasgrill,"€ 79,99",,"pro Einheit = 79,99","pro Einheit = 79,99","Mit 2 seperaten Edelstahl-Hochleistungsbrennern Präzise einstellbare Drehregler Zuverlässiger Start durch Piezo-Zündsystem Warmhalterost und 2 abklappbare Ablageflächen Deckel mit Edelstahlgriff und Thermometer Entnehmbare Auffangschale Einfacher Transport durch gartentaugliche Räder Untergestell mit textiler Sichtblende Größe ca. B 93 x H 99 x T 53 cm Grillfläche ca. 36 x 38 cm (B x T) Max. Gesamtleistung 6 kW (2 x 3 kW) Geeignet für 5-, 8- und 11-kg-Gasflaschen Inkl. Montagematerial, Druckminderer Inkl. Gasflaschen-Anschluss",Nein,Dieses Angebot findest du vom 23.04. bis 29.04. in deiner Kaufland-Filiale.,2026-04-23,2026-04-29,../images/kaufland/kaufland_offer_456.jpg,cat_non_food,,,ref_000002,,,,
TECHNAXX,3-in-1-Powerbank TX-315,"€ 14,99","€ 29,99","pro Einheit = 14,99","pro Einheit = 14,99","Kapazität 10.000 mAh Wireless Charging für Smartphones (bis 15 W) Wireless Charging für Smartwatch/TWS-Case (3 W) Ausgänge: USB-A und USB-C (bis zu 20 W) Digitale Ladestandsanzeige Inkl. USB-Kabel (C auf C, seitlich verstaubar)",Nein,Dieses Angebot findest du vom 23.04. bis 29.04. in deiner Kaufland-Filiale.,2026-04-23,2026-04-29,../images/kaufland/kaufland_offer_377.jpg,"cat_non_food,diet_vegetarian,tag_ultra_processed",,,ref_000003,obs_0000019067|obs_0000008853|obs_0000009905|obs_0000009439|obs_0000024331|obs_0000023909,,,
Clean Maxx,Akku-Handstaubsauger 15509,"€ 14,99","€ 29,99","pro Einheit = 14,99","pro Einheit = 14,99","Mit Saug-, Gebläse- und Vakuumierfunktion Schmutz-Auffangbehälter mit EPA-Filter Akku-Laufzeit bis zu 15 min Inkl. 2 Gebläsedüsen, 2 Bürstenaufsätze Inkl. Polster-, Fugen-, Vakuumierdüse, Ladekabel",Nein,Dieses Angebot findest du vom 23.04. bis 29.04. in deiner Kaufland-Filiale.,2026-04-23,2026-04-29,../images/kaufland/kaufland_offer_387.jpg,cat_non_food,,,ref_000004,obs_0000028196|obs_0000027251|obs_0000022693|obs_0000027883|obs_0000026908,,,x
SWITCH ON,Akku-Staubsauger SOHAZS 16,"€ 79,99",,"pro Einheit = 79,99","pro Einheit = 79,99",2 in 1: Hand- und Bodenstaubsauger Beutellose Zyklontechnologie 2 Saugstufen: Boost- und ECO-Modus HEPA-Filter E12 und Edelstahlfilter Staubbehälter ca. 150 ml Elektrische Bodenbürste mit LED-Licht LEDs für Batterie- und Modusanzeige Entnehmbarer Li-Ion-Akku 16 V/2.500 mAh Akku-Laufzeit bis zu 23 min Inkl. 2-in-1-Kombibürste und Netzadapter Inkl. Ladestation mit Halterung für Zubehör,Nein,Dieses Angebot findest du vom 23.04. bis 29.04. in deiner Kaufland-Filiale.,2026-04-23,2026-04-29,../images/kaufland/kaufland_offer_392.jpg,cat_non_food,,,ref_000005,obs_0000026719|obs_0000022692|obs_0000016915|obs_0000023562,obs_0000012914|obs_0000011185,,
JACK DANIEL S,Alkoholisches Mixgetränk,"€ 1,99","€ 2,99","1 l = 6,03","1 l = 6,03","Tennessee-Whiskey mit Coca-Cola, Lynchburg Lemonade, Berry oder Ginger, 10 Vol. % (+ 0.25 Pfand)",Nein,Dieses Angebot findest du vom 23.04. bis 29.04. in deiner Kaufland-Filiale.,2026-04-23,2026-04-29,../images/kaufland/kaufland_offer_308.jpg,"cat_getraenke,tag_ultra_processed",,,ref_000006,obs_0000013501|obs_0000012426|obs_0000015062|obs_0000026012|obs_0000012425|obs_0000013228|obs_0000015063,obs_0000012426|obs_0000013501|obs_0000015062,,
CHOVI,Allioli,"€ 1,99","€ 2,49","1 l = 13,27","1 l = 13,27",Knoblauchcreme,Nein,Dieses Angebot findest du vom 23.04. bis 29.04. in deiner Kaufland-Filiale.,2026-04-23,2026-04-29,../images/kaufland/kaufland_offer_208.jpg,"cat_grundnahrung,diet_vegetarian,tag_ultra_processed",,BLS-X344260,ref_000007,obs_0000008422|obs_0000032622,obs_0000032622,,
EHRMANN,Almighurt,"€ 0,39","€ 0,89","1 kg = 2,60","1 kg = 2,60","Fruchtjoghurt, versch. Sorten, 3,5 - 3,8 % Fett im Milchanteil",Nein,Dieses Angebot findest du vom 23.04. bis 29.04. in deiner Kaufland-Filiale.,2026-04-23,2026-04-29,../images/kaufland/kaufland_offer_155.jpg,"cat_molkerei_kaese,diet_vegetarian,sub_joghurt_skyr_quark,sub_milchprodukte",,,ref_000008,obs_0000003093|obs_0000013502|obs_0000031451|obs_0000004902|obs_0000001348|obs_0000000360|obs_0000028525|obs_0000022905|obs_0000004475|obs_0000014217|obs_0000012194|obs_0000033699|obs_0000015270|obs_0000004048|obs_0000028641|obs_0000000497|obs_0000000513|obs_0000027740|obs_0000033915|obs_0000034514|obs_0000007335|obs_0000005336|obs_0000005901|obs_0000032555|obs_0000032081|obs_0000030116,obs_0000003093|obs_0000007335|obs_0000013502|obs_0000005336|obs_0000031451|obs_0000005901|obs_0000004902|obs_0000032555|obs_0000001348|obs_0000032081|obs_0000000360|obs_0000028525|obs_0000022905|obs_0000004475|obs_0000014217|obs_0000012194|obs_0000033699|obs_0000030116|obs_0000015270|obs_0000004048|obs_0000028641|obs_0000000497,,
BLOCK HOUSE,American Burger,"€ 7,99",,"1 kg = 15,98","1 kg = 15,98",Special Size,Nein,Dieses Angebot findest du vom 23.04. bis 29.04. in deiner Kaufland-Filiale.,2026-04-23,2026-04-29,../images/kaufland/kaufland_offer_188.jpg,cat_tiefkuehl,,,ref_000009,obs_0000014514|obs_0000034806|obs_0000023609|obs_0000018055|obs_0000032633|obs_0000021978,obs_0000014514|obs_0000032633|obs_0000034806,,
GUSTAVO GUSTO,Amore Napoli Pizza,"€ 2,99","€ 3,79","1 kg = 8,93 - 9,50","1 kg = 8,93 - 9,50",versch. Sorten,Nein,Dieses Angebot findest du vom 27.04. bis 29.04. in deiner Kaufland-Filiale.,2026-04-27,2026-04-29,../images/kaufland/kaufland_offer_047.jpg,"cat_tiefkuehl,sub_tk_pizza,tag_ultra_processed",,,ref_000010,obs_0000014967|obs_0000028255|obs_0000013341|obs_0000025810|obs_0000010530|obs_0000031503|obs_0000031510|obs_0000029021|obs_0000029161|obs_0000023186|obs_0000005867,obs_0000014967,,
DOLE,Ananas,"€ 1,59","€ 2,59","1 kg = 5,85","1 kg = 5,85",Stücke oder Scheiben in Saft,Nein,Dieses Angebot findest du vom 23.04. bis 29.04. in deiner Kaufland-Filiale.,2026-04-23,2026-04-29,../images/kaufland/kaufland_offer_209.jpg,"cat_grundnahrung,diet_gluten_free,diet_lactose_free,diet_vegan,diet_vegetarian,sub_exoten,sub_frisches_obst,tag_whole_food",,BLS-F501100,ref_000011,obs_0000007137|obs_0000027077|obs_0000028967|obs_0000005512|obs_0000014138|obs_0000008196|obs_0000020098|obs_0000000868|obs_0000001306|obs_0000014436|obs_0000015338|obs_0000029882|obs_0000007731|obs_0000020917|obs_0000034745|obs_0000031235|obs_0000030465|obs_0000035090,obs_0000007137|obs_0000027077|obs_0000028967|obs_0000005512|obs_0000014138,,
K-GOLD EDITION,Antipasti-Variation,"€ 2,22","€ 2,79","1 kg = 10,58","1 kg = 10,58","mit grünen Peperoni, roten Paprikaglocken und Kirschpaprika",Nein,Dieses Angebot findest du vom 23.04. bis 29.04. in deiner Kaufland-Filiale.,2026-04-23,2026-04-29,../images/kaufland/kaufland_offer_206.jpg,"cat_grundnahrung,sub_frisches_gemuese,tag_ultra_processed",,,ref_000012,obs_0000031514|obs_0000015834|obs_0000007945|obs_0000023208|obs_0000025005|obs_0000028103|obs_0000008008|obs_0000027889|obs_0000011506,obs_0000031514|obs_0000015834,,
MARTINI,Aperitif,"€ 7,77","€ 10,99","1 l = 10,36","1 l = 10,36","Weinaperitif Bianco, Rosso oder Fiero, 14,5 Vol. %, Floreale oder Vibrante, alkoholfrei",Nein,Dieses Angebot findest du vom 27.04. bis 29.04. in deiner Kaufland-Filiale.,2026-04-27,2026-04-29,../images/kaufland/kaufland_offer_626.jpg,cat_getraenke,,,ref_000013,obs_0000011143|obs_0000031400|obs_0000008084|obs_0000014632|obs_0000025009|obs_0000031671|obs_0000032742|obs_0000031405|obs_0000025650|obs_0000020042|obs_0000032739|obs_0000020861|obs_0000029439|obs_0000006560|obs_0000007257|obs_0000007651|obs_0000006014,obs_0000011143|obs_0000031400,,
Keine Marke,Apricot Peppers,"€ 1,59","€ 1,99","pro Einheit = 100,00","pro Einheit = 100,00",Mini-Paprika mit Aprikosenfrischkäse,Nein,Dieses Angebot findest du vom 23.04. bis 29.04. in deiner Kaufland-Filiale.,2026-04-23,2026-04-29,../images/kaufland/kaufland_offer_223.jpg,"cat_grundnahrung,diet_gluten_free,diet_lactose_free,diet_vegan,diet_vegetarian,sub_frisches_gemuese,sub_frisches_obst,tag_ultra_processed,tag_whole_food",,,ref_000014,obs_0000014227|obs_0000014543|obs_0000012840|obs_0000006660,obs_0000014227|obs_0000014543|obs_0000012840,,
TULIP,Bacon,"€ 1,49",,"1 kg = 11,92","1 kg = 11,92",in Scheiben,Nein,Dieses Angebot findest du vom 23.04. bis 29.04. in deiner Kaufland-Filiale.,2026-04-23,2026-04-29,../images/kaufland/kaufland_offer_133.jpg,"cat_fleisch_wurst,sub_schwein,sub_wurst,tag_ultra_processed",,,ref_000015,obs_0000014146|obs_0000012775|obs_0000011008|obs_0000026814|obs_0000001018|obs_0000001019|obs_0000015764|obs_0000002453|obs_0000013086|obs_0000011438|obs_0000025264|obs_0000032047|obs_0000014386|obs_0000010432|obs_0000013513|obs_0000014922|obs_0000019406|obs_0000001491|obs_0000013651|obs_0000024661|obs_0000028908|obs_0000003186|obs_0000007859|obs_0000023768|obs_0000032484|obs_0000024192|obs_0000025976|obs_0000030978|obs_0000007431|obs_0000029467|obs_0000007234|obs_0000029939,obs_0000032047|obs_0000026814|obs_0000014146|obs_0000012775|obs_0000001018|obs_0000001019|obs_0000011008,,
MEGGLE,Baguette,"€ 0,99","€ 1,59","1 kg = 6,19","1 kg = 6,19","mit Kräuter- oder Knoblauchbutter oder veganes Rustikal-Baguette mit feiner Kräuterfüllung, zum Aufbacken",Nein,Dieses Angebot findest du vom 23.04. bis 29.04. in deiner Kaufland-Filiale.,2026-04-23,2026-04-29,../images/kaufland/kaufland_offer_195.jpg,"cat_grundnahrung,diet_vegetarian,sub_butter_margarine,sub_milchprodukte",,BLS-B781200,ref_000016,obs_0000012827|obs_0000013087|obs_0000029716|obs_0000007723|obs_0000006255|obs_0000007301|obs_0000008956|obs_0000014164|obs_0000012656|obs_0000028548|obs_0000028665|obs_0000014220|obs_0000026139|obs_0000005682|obs_0000009345|obs_0000009926|obs_0000001802|obs_0000031511|obs_0000013088|obs_0000032054|obs_0000030524|obs_0000024398|obs_0000006503|obs_0000007031|obs_0000022956|obs_0000023980|obs_0000027085|obs_0000007790|obs_0000032409|obs_0000034985|obs_0000034587|obs_0000029618|obs_0000006153|obs_0000007786|obs_0000007793|obs_0000032390|obs_0000010481|obs_0000011018|obs_0000032073|obs_0000030163|obs_0000001799|obs_0000030490|obs_0000032069|obs_0000032644|obs_0000030168|obs_0000029145,obs_0000029716|obs_0000012827|obs_0000007723|obs_0000006255|obs_0000007301|obs_0000008956|obs_0000013087|obs_0000032054|obs_0000030524|obs_0000014164|obs_0000012656|obs_0000007031|obs_0000028548|obs_0000028665,,
MELITTA,Barista Crema,"€ 12,99","€ 18,99","pro Einheit = 1,00","pro Einheit = 1,00",ganze Bohnen,Nein,Dieses Angebot findest du vom 23.04. bis 29.04. in deiner Kaufland-Filiale.,2026-04-23,2026-04-29,../images/kaufland/kaufland_offer_253.jpg,"cat_knabbern_naschen,diet_gluten_free,diet_lactose_free,diet_vegan,diet_vegetarian",,,ref_000017,obs_0000008868|obs_0000001683|obs_0000031315|obs_0000006463|obs_0000013521|obs_0000008359|obs_0000015446|obs_0000031925|obs_0000004856|obs_0000014103|obs_0000003392|obs_0000000331|obs_0000004429|obs_0000004002|obs_0000006642,obs_0000001683|obs_0000008868,,
ENERGIZER,Batterien AA oder AAA Max,"€ 5,99","€ 17,99","pro Einheit = 20,00","pro Einheit = 20,00",Vorteilspack mit 5 Extra-Batterien,Nein,Dieses Angebot findest du vom 23.04. bis 29.04. in deiner Kaufland-Filiale.,2026-04-23,2026-04-29,../images/kaufland/kaufland_offer_373.jpg,"cat_getraenke,tag_ultra_processed",,,ref_000018,obs_0000010795|obs_0000015153|obs_0000009062|obs_0000034870|obs_0000000583|obs_0000023567|obs_0000017567|obs_0000018730,obs_0000010795,,
K-PURLAND,Bauchscheiben Western Style,"€ 4,39","€ 5,59","1 kg = 6,28","1 kg = 6,28","vom Schwein, mariniert",Nein,Dieses Angebot findest du vom 23.04. bis 29.04. in deiner Kaufland-Filiale.,2026-04-23,2026-04-29,../images/kaufland/kaufland_offer_098.jpg,"cat_fleisch_wurst,sub_rind",,,ref_000019,obs_0000011750|obs_0000009486|obs_0000009946,obs_0000011750,,
Bergader,Bavaria blu oder Bonifaz,"€ 1,79",,"pro Einheit = 100,00","pro Einheit = 100,00","Weichkäse mit Weiß- und Blauschimmel oder mit weißem Edelschimmelmantel, versch. Sorten, 70 % Fett i. Tr.",Nein,Dieses Angebot findest du vom 23.04. bis 29.04. in deiner Kaufland-Filiale.,2026-04-23,2026-04-29,../images/kaufland/kaufland_offer_179.jpg,"cat_molkerei_kaese,tag_ultra_processed",,,ref_000020,obs_0000014503|obs_0000012812|obs_0000015676|obs_0000031185|obs_0000029534|obs_0000014218|obs_0000005348|obs_0000006971|obs_0000030449,obs_0000014503|obs_0000012812|obs_0000005348|obs_0000015676,,x
Keine Marke,Beet- Balkonpflanzen,"€ 1,11",,"pro Einheit = 1,11","pro Einheit = 1,11","z. B. Bitterwurz, Efeu, Husarenknöpfchen, Nelke, Petunie, Polster-Phlox oder Zauberglöckchen, versch. Farben und Sorten, Topf Ø 9 - 13 cm, ab 1,11€",Nein,Dieses Angebot findest du vom 23.04. bis 29.04. in deiner Kaufland-Filiale.,2026-04-23,2026-04-29,../images/kaufland/kaufland_offer_070.jpg,"cat_obst_gemuese,diet_gluten_free,diet_lactose_free,diet_vegan,diet_vegetarian,sub_frisches_obst,tag_whole_food",,,ref_000021,,,,
K-GOLD EDITION,Belg Meeresfrüchte,"€ 2,99",,"1 kg = 11,96","1 kg = 11,96",22 Pralinen mit Nuss-Nougat-Füllung,Nein,Dieses Angebot findest du vom 23.04. bis 29.04. in deiner Kaufland-Filiale.,2026-04-23,2026-04-29,../images/kaufland/kaufland_offer_276.jpg,"cat_knabbern_naschen,diet_vegan,diet_vegetarian,tag_ultra_processed",,,ref_000022,obs_0000013092|obs_0000020286|obs_0000022354|obs_0000033502|obs_0000021105,,,
Bergader,Bergbauern-Käse gerieben,"€ 1,79","€ 2,69","1 kg = 11,94","1 kg = 11,94",herzhaft oder mild-nussig,Nein,Dieses Angebot findest du vom 23.04. bis 29.04. in deiner Kaufland-Filiale.,2026-04-23,2026-04-29,../images/kaufland/kaufland_offer_173.jpg,"cat_molkerei_kaese,sub_kaese,sub_milchprodukte",,,ref_000023,obs_0000019500|obs_0000010376|obs_0000026022|obs_0000020651|obs_0000031444|obs_0000021743|obs_0000021470|obs_0000008883|obs_0000006457|obs_0000010631,,,x
SCHÄRDINGER,Bergfex oder Moosbacher,"€ 1,29",,"pro Einheit = 100,00","pro Einheit = 100,00","österr. Hart- oder Schnittkäse mit Rotkultur- oder Doppel-Reifung, 45 - 50 % Fett i. Tr.",Nein,Dieses Angebot findest du vom 23.04. bis 29.04. in deiner Kaufland-Filiale.,2026-04-23,2026-04-29,../images/kaufland/kaufland_offer_176.jpg,cat_molkerei_kaese,,,ref_000024,obs_0000014502|obs_0000011484|obs_0000014324,obs_0000014502|obs_0000011484,,
LIVARNO,Bettdecke,"€ 6,66",,"pro Einheit = 6,66","pro Einheit = 6,66","Aus recyceltem, GRS-zertifiziertem Polyester Ohne Bezug verwendbar Angenehm leicht und anschmiegsam Bauschig-weiche Füllung Mit Steppung gegen Verrutschen der Füllung Waschbar bis 30 °C, trocknergeeignet Größe ca. 135 x 200 cm",Nein,Dieses Angebot findest du vom 23.04. bis 29.04. in deiner Kaufland-Filiale.,2026-04-23,2026-04-29,../images/kaufland/kaufland_offer_490.jpg,cat_non_food,,,ref_000025,obs_0000019018|obs_0000019191|obs_0000023336|obs_0000023339|obs_0000023340|obs_0000023143|obs_0000018087|obs_0000019182|obs_0000014005|obs_0000021069|obs_0000017077|obs_0000019187|obs_0000020250|obs_0000016264|obs_0000025508,obs_0000019018,,
BEYOND MEAT,Beyond Burger Original,"€ 2,99","€ 4,29","1 kg = 13,23","1 kg = 13,23","veganes Fleischersatzprodukt, ohne Soja",Nein,Dieses Angebot findest du vom 23.04. bis 29.04. in deiner Kaufland-Filiale.,2026-04-23,2026-04-29,../images/kaufland/kaufland_offer_180.jpg,"cat_tiefkuehl,tag_high_protein,tag_ultra_processed",,,ref_000026,obs_0000014504|obs_0000029701|obs_0000028730|obs_0000020611|obs_0000012423|obs_0000006283|obs_0000026772|obs_0000026832|obs_0000028896|obs_0000035052|obs_0000027005|obs_0000027048|obs_0000021000|obs_0000008777|obs_0000021117|obs_0000008906|obs_0000015051|obs_0000021430|obs_0000025547|obs_0000033763|obs_0000017384|obs_0000013325|obs_0000019505|obs_0000031800|obs_0000023609|obs_0000025705|obs_0000009334|obs_0000015502|obs_0000027791|obs_0000033975|obs_0000021758|obs_0000009525|obs_0000021868|obs_0000017799|obs_0000026035|obs_0000022184|obs_0000020181|obs_0000034561|obs_0000009987|obs_0000028429|obs_0000034575|obs_0000016167|obs_0000020298|obs_0000028516|obs_0000010117|obs_0000014249|obs_0000028630,obs_0000014504,,
BITBURGER,Bier oder Biermischgetränk,"€ 3,99",,"1 l = 2,02","1 l = 2,02","versch. Sorten, z. T. auch alkoholfrei (+ 0.48 Pfand)",Nein,Dieses Angebot findest du vom 23.04. bis 29.04. in deiner Kaufland-Filiale.,2026-04-23,2026-04-29,../images/kaufland/kaufland_offer_326.jpg,"cat_getraenke,tag_ultra_processed",,,ref_000027,obs_0000010753|obs_0000011145|obs_0000012444|obs_0000013527|obs_0000015091|obs_0000009190|obs_0000009359|obs_0000009403|obs_0000009768|obs_0000026797|obs_0000027326|obs_0000028288|obs_0000028492|obs_0000028602|obs_0000028805|obs_0000014056|obs_0000023315|obs_0000031616|obs_0000031827,obs_0000010753|obs_0000011145|obs_0000012444|obs_0000013527|obs_0000015091,,
FRECHE FREUNDE,Bio-Frucht-Snack,"€ 0,79",,"1 kg = 7,90","1 kg = 7,90","Quetschmus, ohne Zuckerzusatz, ab 6 Monaten, versch. Sorten",Nein,Dieses Angebot findest du vom 23.04. bis 29.04. in deiner Kaufland-Filiale.,2026-04-23,2026-04-29,../images/kaufland/kaufland_offer_350.jpg,"cat_drogerie,diet_vegan,diet_vegetarian,tag_ultra_processed",,,ref_000028,obs_0000010771|obs_0000012462|obs_0000015516|obs_0000030143|obs_0000025802|obs_0000017698|obs_0000018804|obs_0000014824|obs_0000015693,obs_0000010771|obs_0000012462|obs_0000015516,,
HÜLSENREICH,Bio-Kichererbsensnack,"€ 1,99","€ 2,59","1 kg = 22,12","1 kg = 22,12","versch. Sorten, z. B. Sweet Onion",Nein,Dieses Angebot findest du vom 23.04. bis 29.04. in deiner Kaufland-Filiale.,2026-04-23,2026-04-29,../images/kaufland/kaufland_offer_261.jpg,"cat_knabbern_naschen,diet_gluten_free,diet_lactose_free,diet_vegan,diet_vegetarian,sub_huelsenfruechte,tag_whole_food",,,ref_000029,,,,
HIPP,Bio-Knabber-Snacks,"€ 0,99","€ 1,15","1 kg = 33,00","1 kg = 33,00","versch. Sorten, für Kinder ab 8 Monaten oder 1 Jahr",Nein,Dieses Angebot findest du vom 23.04. bis 29.04. in deiner Kaufland-Filiale.,2026-04-23,2026-04-29,../images/kaufland/kaufland_offer_349.jpg,"cat_drogerie,diet_lactose_free,diet_vegetarian,tag_ultra_processed",,,ref_000030,obs_0000012886,obs_0000012886,,
KORO,Bio-Nut-Butter-Cups,"€ 1,99","€ 2,49","1 kg = 51,03","1 kg = 51,03","Cashew-Strawberry oder Salted Hazelnut, vegan",Nein,Dieses Angebot findest du vom 23.04. bis 29.04. in deiner Kaufland-Filiale.,2026-04-23,2026-04-29,../images/kaufland/kaufland_offer_288.jpg,"cat_knabbern_naschen,diet_gluten_free,diet_vegetarian,sub_butter_margarine,sub_milchprodukte",,,ref_000031,obs_0000028832|obs_0000000669|obs_0000024620|obs_0000000107|obs_0000008456|obs_0000008556|obs_0000009075|obs_0000000997|obs_0000001425|obs_0000017835|obs_0000026359|obs_0000018391|obs_0000010409|obs_0000034970|obs_0000018644|obs_0000018772|obs_0000027049|obs_0000002620|obs_0000002676|obs_0000011042|obs_0000027517|obs_0000019493|obs_0000003267|obs_0000011467|obs_0000003591|obs_0000003636|obs_0000012797|obs_0000013125|obs_0000021984|obs_0000022502|obs_0000031786,,,
K-BIO,Bio-Schokolade,"€ 1,85",,"1 kg = 18,50","1 kg = 18,50",versch. Sorten,Nein,Dieses Angebot findest du vom 23.04. bis 29.04. in deiner Kaufland-Filiale.,2026-04-23,2026-04-29,../images/kaufland/kaufland_offer_268.jpg,"cat_knabbern_naschen,diet_gluten_free,diet_lactose_free,diet_vegan,diet_vegetarian,tag_ultra_processed",,,ref_000032,obs_0000000491|obs_0000011551|obs_0000004235|obs_0000028885|obs_0000004662|obs_0000005089|obs_0000031665|obs_0000000091|obs_0000000138|obs_0000000230|obs_0000033056|obs_0000016691|obs_0000008595|obs_0000008610|obs_0000025221|obs_0000008861|obs_0000009149|obs_0000017539|obs_0000025739|obs_0000017595|obs_0000017605|obs_0000034013|obs_0000017857|obs_0000001524|obs_0000034408|obs_0000034411|obs_0000018155|obs_0000010166|obs_0000026556|obs_0000018698|obs_0000010522|obs_0000002336|obs_0000011112|obs_0000019429|obs_0000027700|obs_0000003326|obs_0000011765|obs_0000011783|obs_0000028232|obs_0000028244|obs_0000028249|obs_0000003851|obs_0000004019|obs_0000012219|obs_0000020472|obs_0000004278|obs_0000004446|obs_0000004705|obs_0000004873|obs_0000021291,obs_0000000491|obs_0000011551|obs_0000004235|obs_0000028885|obs_0000004662|obs_0000005089,,
COMPO,Bio-Universalerde,"€ 5,99","€ 9,99","1 l = 0,30","1 l = 0,30","Ideal für Zierpflanzen, Gemüse, Obst und Kräuter Natürliche und rein organischen Inhaltsstoffe Besonders hoher Humusanteil Torffrei Verbesserte Wasseraufnahme und -verteilung Nährstoffversorgung für bis zu 5 Wochen",Nein,Dieses Angebot findest du vom 23.04. bis 29.04. in deiner Kaufland-Filiale.,2026-04-23,2026-04-29,../images/kaufland/kaufland_offer_473.jpg,cat_drogerie,,,ref_000033,,,,
K-BIO,Bioland Bratwurst,"€ 3,49","€ 4,29","1 kg = 13,43 - 15,87","1 kg = 13,43 - 15,87","vom Schwein oder Geflügel, Spitzenqualität",Nein,Dieses Angebot findest du vom 23.04. bis 29.04. in deiner Kaufland-Filiale.,2026-04-23,2026-04-29,../images/kaufland/kaufland_offer_129.jpg,"cat_fleisch_wurst,diet_vegan,diet_vegetarian,sub_wurst,tag_ultra_processed",,,ref_000034,obs_0000006701|obs_0000026247|obs_0000006539|obs_0000007634,,,
Bioland,dtsch Champignons braun,"€ 1,99",,"1 kg = 7,96","1 kg = 7,96",Kl. I,Nein,Dieses Angebot findest du vom 23.04. bis 29.04. in deiner Kaufland-Filiale.,2026-04-23,2026-04-29,../images/kaufland/kaufland_offer_087.jpg,"cat_obst_gemuese,diet_gluten_free,diet_lactose_free,diet_vegan,diet_vegetarian,sub_frisches_gemuese,sub_pilze,tag_whole_food",,,ref_000035,obs_0000011411|obs_0000006419|obs_0000034111|obs_0000031799|obs_0000027747|obs_0000014978|obs_0000027283|obs_0000014046|obs_0000001277|obs_0000028450|obs_0000008021|obs_0000026991,,x,
Bioland,dtsch Kräuterseitlinge,"€ 1,99",,"1 kg = 13,27","1 kg = 13,27",Kl. I,Nein,Dieses Angebot findest du vom 23.04. bis 29.04. in deiner Kaufland-Filiale.,2026-04-23,2026-04-29,../images/kaufland/kaufland_offer_086.jpg,"cat_obst_gemuese,diet_gluten_free,diet_lactose_free,diet_vegan,diet_vegetarian,sub_kraeuter,tag_whole_food",,,ref_000036,obs_0000011832|obs_0000011335|obs_0000010571|obs_0000012259|obs_0000012260|obs_0000026705,,x,
Bioland,dtsch Shitake-Pilze,"€ 1,99",,"1 kg = 13,27","1 kg = 13,27",Kl. I,Nein,Dieses Angebot findest du vom 23.04. bis 29.04. in deiner Kaufland-Filiale.,2026-04-23,2026-04-29,../images/kaufland/kaufland_offer_085.jpg,"cat_obst_gemuese,diet_gluten_free,diet_lactose_free,diet_vegan,diet_vegetarian,sub_frisches_gemuese,tag_whole_food",,,ref_000037,obs_0000004626|obs_0000019039|obs_0000004199|obs_0000003213|obs_0000027349|obs_0000005053|obs_0000002545,,x,
Bioland,dtsch Spargel grün,"€ 5,99","€ 7,99","1 kg = 14,98","1 kg = 14,98",Kl. II,Nein,Dieses Angebot findest du vom 23.04. bis 29.04. in deiner Kaufland-Filiale.,2026-04-23,2026-04-29,../images/kaufland/kaufland_offer_083.jpg,"cat_obst_gemuese,diet_gluten_free,diet_lactose_free,diet_vegan,diet_vegetarian,sub_exoten,sub_frisches_gemuese,sub_frisches_obst,tag_whole_food",,,ref_000038,obs_0000034717|obs_0000006079,,x,
K-BIO,Bioland fettarmer Joghurt,"€ 0,95",,"1 kg = 1,90","1 kg = 1,90","mild, 1,8 % Fett, cremig gerührt",Nein,Dieses Angebot findest du vom 23.04. bis 29.04. in deiner Kaufland-Filiale.,2026-04-23,2026-04-29,../images/kaufland/kaufland_offer_154.jpg,"cat_molkerei_kaese,diet_vegetarian,sub_joghurt_skyr_quark,sub_milchprodukte,tag_high_protein",,,ref_000039,obs_0000001772|obs_0000008077|obs_0000021506|obs_0000021508|obs_0000025171|obs_0000026710|obs_0000020687|obs_0000020689|obs_0000025811|obs_0000017127|obs_0000023284|obs_0000034580|obs_0000028966|obs_0000025392|obs_0000015673|obs_0000019794|obs_0000033696|obs_0000009663|obs_0000009180|obs_0000023030|obs_0000008703,,,
K-BIO,Bioland Rinderhackfleisch,"€ 5,79","€ 6,49","1 kg = 14,48","1 kg = 14,48",zum Braten,Nein,Dieses Angebot findest du vom 23.04. bis 29.04. in deiner Kaufland-Filiale.,2026-04-23,2026-04-29,../images/kaufland/kaufland_offer_110.jpg,"cat_fleisch_wurst,sub_hackfleisch,sub_rind,sub_schwein,tag_high_protein,tag_proteinreich",,BLS-U020100,ref_000040,obs_0000011425|obs_0000013853|obs_0000005246|obs_0000010999|obs_0000007438|obs_0000007982|obs_0000029512|obs_0000014160|obs_0000005990|obs_0000015745|obs_0000008675|obs_0000008682|obs_0000009203|obs_0000015350,obs_0000033894|obs_0000009367|obs_0000011425|obs_0000034728,,
K-BIO,Bioland Speisequark,"€ 0,79",,"1 kg = 3,16","1 kg = 3,16",40 % Fett i. Tr.,Nein,Dieses Angebot findest du vom 23.04. bis 29.04. in deiner Kaufland-Filiale.,2026-04-23,2026-04-29,../images/kaufland/kaufland_offer_163.jpg,"cat_molkerei_kaese,diet_gluten_free,diet_lactose_free,diet_vegan,diet_vegetarian,sub_frisches_gemuese,tag_whole_food",,,ref_000041,obs_0000013107|obs_0000020497|obs_0000004694|obs_0000004267|obs_0000033978|obs_0000000224|obs_0000003840|obs_0000021316|obs_0000001866|obs_0000001867|obs_0000001868|obs_0000024945|obs_0000019874|obs_0000031203|obs_0000033780|obs_0000016381|obs_0000019968,obs_0000013107,,
K-BIO,Bioland Speisequark Magerstufe,"€ 0,79",,"1 kg = 3,16","1 kg = 3,16",Magerstufe,Nein,Dieses Angebot findest du vom 23.04. bis 29.04. in deiner Kaufland-Filiale.,2026-04-23,2026-04-29,../images/kaufland/kaufland_offer_164.jpg,"cat_molkerei_kaese,diet_gluten_free,diet_lactose_free,diet_vegan,diet_vegetarian,sub_frisches_gemuese,tag_whole_food",,,ref_000042,obs_0000013107|obs_0000001061|obs_0000004152|obs_0000002654|obs_0000026319|obs_0000001323|obs_0000003377|obs_0000005006|obs_0000004579|obs_0000020497|obs_0000004694|obs_0000004267|obs_0000033978|obs_0000000224|obs_0000003840|obs_0000021316|obs_0000001866|obs_0000001867|obs_0000001868|obs_0000024945|obs_0000019874|obs_0000031203|obs_0000033780|obs_0000016381|obs_0000019968,,,
LIVARNO,Blackout-Vorhangschals,"€ 14,99",,"pro Einheit = 2,00","pro Einheit = 2,00","Aus Polyester Weich fallender Stoff Blickdicht - ideal zum Abdunkeln Verhindert das Eindringen von Licht und Lärm Schützt im Winter vor Zug, im Sommer vor Hitze Mit Schlaufen für Gardinenstange oder -schiene Mit Kräuselband Extralange Ausführung Größe je ca. 135 x 254 cm",Nein,Dieses Angebot findest du vom 23.04. bis 29.04. in deiner Kaufland-Filiale.,2026-04-23,2026-04-29,../images/kaufland/kaufland_offer_479.jpg,cat_non_food,,,ref_000043,,obs_0000023333|obs_0000018307,,
BLANCHET,Blanc de Blancs Ros oder Rouge de France,"€ 2,99",,"1 l = 3,99","1 l = 3,99","Frankreich, z. B. Blanc de Blancs: zartfruchtig, spritzig, frisch, passt zu Krustentieren, Fisch und Geflügel",Nein,Dieses Angebot findest du vom 23.04. bis 29.04. in deiner Kaufland-Filiale.,2026-04-23,2026-04-29,../images/kaufland/kaufland_offer_319.jpg,cat_getraenke,,,ref_000044,obs_0000011586|obs_0000015082|obs_0000016115|obs_0000031085|obs_0000020509|obs_0000021328|obs_0000032866|obs_0000024932|obs_0000024954|obs_0000017927|obs_0000027290|obs_0000026271|obs_0000034222|obs_0000031806|obs_0000028286,obs_0000011586|obs_0000015082|obs_0000016115,,
K-CLASSIC,Blond Schokolade,"€ 1,19",,"1 kg = 11,90","1 kg = 11,90",Weiße Schokolade mit Karamell,Nein,Dieses Angebot findest du vom 23.04. bis 29.04. in deiner Kaufland-Filiale.,2026-04-23,2026-04-29,../images/kaufland/kaufland_offer_267.jpg,"cat_knabbern_naschen,diet_vegetarian,tag_ultra_processed",,BLS-S500000,ref_000045,obs_0000000091|obs_0000000138|obs_0000004278|obs_0000000230|obs_0000018698|obs_0000010522|obs_0000002336|obs_0000033056|obs_0000031011|obs_0000016691|obs_0000004446|obs_0000008595|obs_0000008610|obs_0000006579|obs_0000022979|obs_0000004705|obs_0000025221|obs_0000008861|obs_0000015026|obs_0000004873|obs_0000021291|obs_0000011112|obs_0000009149|obs_0000019429|obs_0000027700|obs_0000013394|obs_0000015454|obs_0000031849|obs_0000017539|obs_0000025739|obs_0000017595|obs_0000021699|obs_0000017605|obs_0000034013|obs_0000003326|obs_0000017857|obs_0000001524|obs_0000011765|obs_0000011783|obs_0000015893|obs_0000013879|obs_0000028232|obs_0000028244|obs_0000028249|obs_0000034408|obs_0000034411|obs_0000018155|obs_0000003851|obs_0000014104|obs_0000004019,,,
SWIFFER,Boden-Staubtücher Dance Edition,"€ 4,49",,"pro Einheit = 36,00","pro Einheit = 36,00",Für Swiffer-Bodenwischer,Nein,Dieses Angebot findest du vom 23.04. bis 29.04. in deiner Kaufland-Filiale.,2026-04-23,2026-04-29,../images/kaufland/kaufland_offer_436.jpg,cat_drogerie,,,ref_000046,obs_0000012987,obs_0000012987,,
SWIFFER,Bodenreinigungstücher nass Dance Edition,"€ 4,49",,"pro Einheit = 24,00","pro Einheit = 24,00",Für Swiffer-Bodenwischer,Nein,Dieses Angebot findest du vom 23.04. bis 29.04. in deiner Kaufland-Filiale.,2026-04-23,2026-04-29,../images/kaufland/kaufland_offer_435.jpg,cat_drogerie,,,ref_000047,obs_0000012999,obs_0000012999,,
DOVE,Bodylotion,"€ 2,99","€ 3,75","1 l = 7,48","1 l = 7,48","Hydro-Pflege, Intensive Pflege oder Verwöhnende Pflege",Nein,Dieses Angebot findest du vom 23.04. bis 29.04. in deiner Kaufland-Filiale.,2026-04-23,2026-04-29,../images/kaufland/kaufland_offer_357.jpg,cat_drogerie,,,ref_000048,obs_0000033034|obs_0000033105|obs_0000034051|obs_0000035070|obs_0000034451,obs_0000033034|obs_0000033105,,
Keine Marke,Bolognese-Tasche,"€ 0,99",,"pro Einheit = 0,99","pro Einheit = 0,99",herzhaftes Weizengebäck mit einer Hackfleisch-Tomaten-Füllung,Nein,Dieses Angebot findest du vom 23.04. bis 29.04. in deiner Kaufland-Filiale.,2026-04-23,2026-04-29,../images/kaufland/kaufland_offer_225.jpg,"cat_grundnahrung,diet_vegetarian,tag_ultra_processed,tag_whole_food",,,ref_000049,obs_0000009872|obs_0000009412,,,
COMPO,Booster für torffreie Erden,"€ 3,99","€ 7,99","1 l = 7,98","1 l = 7,98","Spezialdünger Für Zierpflanzen, Gemüse, Obst und Kräuter Optimale Nährstoffaufnahme Verbesserte Wasserspeicherung und -verteilung",Nein,Dieses Angebot findest du vom 23.04. bis 29.04. in deiner Kaufland-Filiale.,2026-04-23,2026-04-29,../images/kaufland/kaufland_offer_480.jpg,"cat_knabbern_naschen,diet_vegetarian,tag_ultra_processed",,,ref_000050,,,,
K-CLASSIC,Brat- und Grilltaler,"€ 1,99","€ 2,49","1 kg = 7,11","1 kg = 7,11","Gouda, Paprika-Chili oder Tomate-Basilikum, 45,5 % Fett i. Tr.",Nein,Dieses Angebot findest du vom 23.04. bis 29.04. in deiner Kaufland-Filiale.,2026-04-23,2026-04-29,../images/kaufland/kaufland_offer_170.jpg,"cat_molkerei_kaese,sub_kaese,sub_milchprodukte,tag_ultra_processed",,,ref_000051,,,,
OSTERMEIER,Bratensülze,"€ 2,99","€ 3,89","1 kg = 8,55","1 kg = 8,55","vom Schweinebraten, traditionell handgelegt",Nein,Dieses Angebot findest du vom 23.04. bis 29.04. in deiner Kaufland-Filiale.,2026-04-23,2026-04-29,../images/kaufland/kaufland_offer_119.jpg,cat_fleisch_wurst,,,ref_000052,,,,
K-CLASSIC,Bratwurst,"€ 4,44","€ 5,49","pro Einheit = 1,00","pro Einheit = 1,00",gebrüht,Nein,Dieses Angebot findest du vom 23.04. bis 29.04. in deiner Kaufland-Filiale.,2026-04-23,2026-04-29,../images/kaufland/kaufland_offer_120.jpg,"cat_fleisch_wurst,sub_wurst,tag_ultra_processed",,,ref_000053,obs_0000006539|obs_0000006701|obs_0000007634|obs_0000026247|obs_0000006195|obs_0000034927|obs_0000034931|obs_0000008620|obs_0000031237|obs_0000031320|obs_0000000643|obs_0000002715|obs_0000021161|obs_0000002948|obs_0000007068|obs_0000015339|obs_0000009254|obs_0000029908|obs_0000021756|obs_0000007439|obs_0000034127|obs_0000013672|obs_0000009659|obs_0000005614|obs_0000034326|obs_0000034548|obs_0000030575|obs_0000020342|obs_0000014245|obs_0000016533|obs_0000010602|obs_0000024944|obs_0000023367|obs_0000033720|obs_0000019662|obs_0000015773|obs_0000019942|obs_0000028609|obs_0000022569|obs_0000030880|obs_0000030970,obs_0000014464|obs_0000006539|obs_0000006701|obs_0000013376|obs_0000007634|obs_0000026247,,
K-CLASSIC,Bratwurstschnecken,"€ 3,00","€ 3,58","1 kg = 8,34 - 10,00","1 kg = 8,34 - 10,00","gebrüht, auch als Geflügelbratwurst",Nein,Dieses Angebot findest du vom 23.04. bis 29.04. in deiner Kaufland-Filiale.,2026-04-23,2026-04-29,../images/kaufland/kaufland_offer_124.jpg,"cat_fleisch_wurst,sub_wurst,tag_ultra_processed",,,ref_000054,,,,
WIESENHOF,Bruzzzler,"€ 3,49","€ 4,99","1 kg = 8,73","1 kg = 8,73","Geflügel-Bratwürste, versch. Sorten",Nein,Dieses Angebot findest du vom 23.04. bis 29.04. in deiner Kaufland-Filiale.,2026-04-23,2026-04-29,../images/kaufland/kaufland_offer_126.jpg,cat_fleisch_wurst,,,ref_000055,,,,
BOHEMIA,Bräter mit Deckel,"€ 9,99","€ 29,95","pro Einheit = 9,99","pro Einheit = 9,99","Aus Borosilikatglas Mit Deckel Für Mikrowelle, Backofen, Spülmaschine geeignet Volumen ca. 3,2 und 2,2 l Größe ca. B 35 x H 14 x T 20 cm je",Nein,Dieses Angebot findest du vom 23.04. bis 29.04. in deiner Kaufland-Filiale.,2026-04-23,2026-04-29,../images/kaufland/kaufland_offer_419.jpg,"cat_non_food,tag_ultra_processed",,,ref_000056,,,,
ANHEUSER-BUSCH,Bud Lagerbier,"€ 15,49","€ 20,99","1 l = 2,16","1 l = 2,16",(+ 3.42 Pfand),Nein,Dieses Angebot findest du vom 23.04. bis 29.04. in deiner Kaufland-Filiale.,2026-04-23,2026-04-29,../images/kaufland/kaufland_offer_329.jpg,cat_getraenke,,,ref_000057,,,,
STAEDTLER,Buntstifte-Set Malbuch Noris colour,"€ 2,99","€ 4,65","pro Einheit = 12,00","pro Einheit = 12,00",Sonderedition 2026 Hergestellt aus PEFC-zertifiziertem Holz Klassische Sechskantform Rutschfeste Soft-Grip-Oberfläche Hohe Bruchfestigkeit Inkl. Malbuch »Fußball« (20 Seiten),Nein,Dieses Angebot findest du vom 23.04. bis 29.04. in deiner Kaufland-Filiale.,2026-04-23,2026-04-29,../images/kaufland/kaufland_offer_399.jpg,cat_non_food,,,ref_000058,obs_0000024773,,,
STAEDTLER,Buntstifte-Set 12-teilig Noris colour,"€ 1,99","€ 3,90","pro Einheit = 12,00","pro Einheit = 12,00",Hergestellt aus PEFC-zertifiziertem Holz Klassische Sechskantform Rutschfeste Soft-Grip-Oberfläche Hohe Bruchfestigkeit,Nein,Dieses Angebot findest du vom 23.04. bis 29.04. in deiner Kaufland-Filiale.,2026-04-23,2026-04-29,../images/kaufland/kaufland_offer_398.jpg,cat_non_food,,,ref_000059,obs_0000034840,,,
STAEDTLER,Buntstifte-Set 36-teilig Noris colour,"€ 7,99","€ 13,95","pro Einheit = 36,00","pro Einheit = 36,00",Hergestellt aus PEFC-zertifiziertem Holz Klassische Sechskantform Rutschfeste Soft-Grip-Oberfläche Hohe Bruchfestigkeit,Nein,Dieses Angebot findest du vom 23.04. bis 29.04. in deiner Kaufland-Filiale.,2026-04-23,2026-04-29,../images/kaufland/kaufland_offer_406.jpg,cat_non_food,,,ref_000060,,,,
MEGGLE,Butter,"€ 1,11","€ 2,59","1 kg = 4,44","1 kg = 4,44",Joghurt- oder Feine Butter,Nein,Dieses Angebot findest du vom 23.04. bis 29.04. in deiner Kaufland-Filiale.,2026-04-23,2026-04-29,../images/kaufland/kaufland_offer_161.jpg,"cat_molkerei_kaese,diet_vegetarian,sub_butter_margarine,sub_milchprodukte",,NUTR-0011,ref_000061,obs_0000008456|obs_0000011042|obs_0000012797|obs_0000003591|obs_0000019493|obs_0000031786|obs_0000024620|obs_0000003636|obs_0000002620|obs_0000000107|obs_0000002676|obs_0000010409|obs_0000034970|obs_0000003267|obs_0000011467|obs_0000018644|obs_0000026359|obs_0000013125|obs_0000018772|obs_0000008556|obs_0000009075|obs_0000027517|obs_0000001425|obs_0000027049|obs_0000017835|obs_0000018391|obs_0000021984|obs_0000000997|obs_0000022502|obs_0000016977|obs_0000023640|obs_0000017501|obs_0000021127|obs_0000025744|obs_0000027848|obs_0000021731|obs_0000009961|obs_0000004847|obs_0000009500|obs_0000004420|obs_0000000325|obs_0000020308|obs_0000026493|obs_0000003993|obs_0000002325|obs_0000015797|obs_0000009684|obs_0000009205|obs_0000003593|obs_0000001554,obs_0000003591|obs_0000019493|obs_0000031786|obs_0000024620|obs_0000003636|obs_0000002620|obs_0000007771|obs_0000000107|obs_0000002676|obs_0000007329|obs_0000010409|obs_0000034970|obs_0000003267|obs_0000011467|obs_0000018644|obs_0000026359|obs_0000008456|obs_0000011042|obs_0000013125|obs_0000018772|obs_0000008556|obs_0000009075|obs_0000027517|obs_0000001425|obs_0000027049|obs_0000017835|obs_0000018391|obs_0000021984|obs_0000000997|obs_0000022502|obs_0000012797,,
JP CHENET,Cabernet-Syrah oder Chardonnay-Colombard,"€ 3,49","€ 4,49","1 l = 4,66","1 l = 4,66","Frankreich, z. B. Cabernet-Syrah: rund, süffig, Kirsch- und Paprikanoten, passt zu Wurst, Käse, Salaten",Nein,Dieses Angebot findest du vom 23.04. bis 29.04. in deiner Kaufland-Filiale.,2026-04-23,2026-04-29,../images/kaufland/kaufland_offer_315.jpg,"cat_getraenke,tag_ultra_processed",,,ref_000062,obs_0000010910|obs_0000013545|obs_0000021890|obs_0000018693|obs_0000020741|obs_0000026501|obs_0000017557|obs_0000021560|obs_0000035022|obs_0000002164,obs_0000010910|obs_0000013545,,
Crivit,Camping-Klappstuhl,"€ 9,99","€ 9,99","pro Einheit = 9,99","pro Einheit = 9,99","Stabiles Gestell aus pulverbeschichtetem Stahl Sekundenschnell auf- und zuklappbar Sicherer Stand durch stabilisierende Füße Größe (aufgeklappt) ca. B/T 52 x H 81 cm Sitzhöhe ca. 42 cm Packmaß ca. B 52 x H 74 x T 4,5 cm Tragelast max. 110 kg 3 Jahre Garantie",Nein,Dieses Angebot findest du vom 23.04. bis 29.04. in deiner Kaufland-Filiale.,2026-04-23,2026-04-29,../images/kaufland/kaufland_offer_459.jpg,cat_non_food,,,ref_000063,obs_0000024124|obs_0000023703,,,x
XORO,Camping-Sat-Anlage MCA 38 HD Set,"€ 49,99","€ 99,00","pro Einheit = 49,99","pro Einheit = 49,99",Stahlspiegel ca. Ø 39 cm Single-LNB mit integriertem Sat-Finder Full-HD-DVB-S2-Receiver 10-m-Sat-Kabel mit 2 F-Steckern Montagekit für Mast- oder Wandmontage Saugfuß für Glasscheiben oder Autodach Inkl. Aufbewahrungskoffer,Nein,Dieses Angebot findest du vom 23.04. bis 29.04. in deiner Kaufland-Filiale.,2026-04-23,2026-04-29,../images/kaufland/kaufland_offer_371.jpg,cat_non_food,,,ref_000064,,,,
SWITCH ON,Camping-Steckdosenleiste CEE,"€ 7,99",,"pro Einheit = 7,99","pro Einheit = 7,99","3 Steckdosen mit selbstschließenden Klappdeckeln Mit Ein/Aus-Schalter Spritzwassergeschützt (IP44) Für den Außenbereich geeignet Nur IPX4-Stecker einstecken Zuleitung ca. 1,5 m Ausgangsleistung max. 3.680 W",Nein,Dieses Angebot findest du vom 23.04. bis 29.04. in deiner Kaufland-Filiale.,2026-04-23,2026-04-29,../images/kaufland/kaufland_offer_379.jpg,cat_non_food,,,ref_000065,obs_0000016411|obs_0000008561|obs_0000019913|obs_0000019032,,,
COUNTRYSIDE,Campingmatte selbstaufblasen,"€ 16,99","€ 19,99","pro Einheit = 16,99","pro Einheit = 16,99",Gute Isolation gegen Bodenkälte und -nässe Mit großem Ventil für schnellen Luftdurchlass Hoher Liegekomfort - ideal für Campingausflüge Anti-Rutsch-Silikonbeschichtung Mit Druckknöpfen zur Verbindung mehrerer Matten Zusammenrollbar (mit 2 elastischen Bändern) Größe ca. B 66 x H 5 x T 188 cm 3 Jahre Garantie,Nein,Dieses Angebot findest du vom 23.04. bis 29.04. in deiner Kaufland-Filiale.,2026-04-23,2026-04-29,../images/kaufland/kaufland_offer_477.jpg,"cat_non_food,diet_vegetarian",,,ref_000066,,,,
COUNTRYSIDE,Campingstuhl faltbar,"€ 6,66",,"pro Einheit = 6,66","pro Einheit = 6,66",Aus Stahl mit strapazierfähigem Bezug Höhenverstellbare Armlehnen Integrierter Getränkehalter Größe (aufgeklappt) ca. B 53 x H 91 x T 74 cm Sitzhöhe ca. 40 cm Packmaß ca. B/T 13 x H 90 cm Tragelast max. 110 kg 3 Jahre Garantie,Nein,Dieses Angebot findest du vom 23.04. bis 29.04. in deiner Kaufland-Filiale.,2026-04-23,2026-04-29,../images/kaufland/kaufland_offer_475.jpg,"cat_non_food,diet_vegetarian,tag_ultra_processed",,,ref_000067,,,,
COUNTRYSIDE,Campingzelt für 2 Personen,"€ 19,99",,"pro Einheit = 19,99","pro Einheit = 19,99","Außen- und Innenzelt aus Polyester Polyester recycelt und GRS-zertifiziert Strapazierfähiges, wasserabweisendes Gewebe Mit Ventilationsöffnung und UV-Schutz (UPF 30) Bodenplane aus Polyethylen Wassersäule Zelt/Boden ca. 1.000/3.000 mm Aufroll- und fixierbarer Eingang Mit 2-Wege-Reißverschlüssen und Moskitonetz Innen mit Lampenhalter und Aufbewahrungsfächern Aufbau mit Fiberglas-Stecksystem Außenzelt ca. B 260 x H 106 x T 130 cm Innenzelt ca. B 210 x H 106 x T 130 cm Packmaß ca. Ø 13 x 57 cm (ca. 2,2 kg) Inkl. 11 Heringen, 4 Abspannleinen und Tasche 3 Jahre Garantie",Nein,Dieses Angebot findest du vom 23.04. bis 29.04. in deiner Kaufland-Filiale.,2026-04-23,2026-04-29,../images/kaufland/kaufland_offer_458.jpg,"cat_non_food,diet_vegetarian,tag_ultra_processed",,,ref_000068,,,,
TALENTUS,Canvas-Leinwände je ca 20 x 20 cm,"€ 4,99",,"pro Einheit = 4,00","pro Einheit = 4,00",100 % Baumwolle Auf Holzrahmen gespannt Größe je ca. 20 x 20 cm,Nein,Dieses Angebot findest du vom 23.04. bis 29.04. in deiner Kaufland-Filiale.,2026-04-23,2026-04-29,../images/kaufland/kaufland_offer_405.jpg,cat_non_food,,,ref_000069,,,,
K-CLASSIC,Cerealien,"€ 2,22","€ 2,79","1 kg = 2,96 - 4,44","1 kg = 2,96 - 4,44","Wonder Zimties, Cool Flakies, Honey & Nut Flakies, Flakes & Red Fruits, Flakes Mandel, Mr. Creamy Pockets oder Caramel Crisps",Nein,Dieses Angebot findest du vom 23.04. bis 29.04. in deiner Kaufland-Filiale.,2026-04-23,2026-04-29,../images/kaufland/kaufland_offer_247.jpg,"cat_grundnahrung,diet_gluten_free,diet_lactose_free,diet_vegan,diet_vegetarian,tag_ultra_processed",,,ref_000070,obs_0000010261|obs_0000014569|obs_0000002573|obs_0000021080|obs_0000010904|obs_0000019645|obs_0000013550|obs_0000019709|obs_0000028013|obs_0000021907|obs_0000026092|obs_0000020261|obs_0000028844|obs_0000019006|obs_0000019427|obs_0000007193|obs_0000011537|obs_0000005564|obs_0000011799|obs_0000011951|obs_0000015441|obs_0000009503|obs_0000009964,obs_0000010261|obs_0000014569|obs_0000002573|obs_0000021080|obs_0000010904|obs_0000019645|obs_0000013550|obs_0000019709|obs_0000028013|obs_0000021907|obs_0000026092|obs_0000020261,,
BREE,Chardonnay,"€ 2,79",,"1 l = 3,72","1 l = 3,72","fruchtige Aromen, elegant, voll, passt zu hellem Fleisch, Risotto und Gemüse",Nein,Dieses Angebot findest du vom 23.04. bis 29.04. in deiner Kaufland-Filiale.,2026-04-23,2026-04-29,../images/kaufland/kaufland_offer_318.jpg,cat_getraenke,,,ref_000071,obs_0000021890|obs_0000018693|obs_0000020741|obs_0000026501|obs_0000017557|obs_0000021560|obs_0000035022|obs_0000002164|obs_0000019756|obs_0000003629|obs_0000003684|obs_0000024450|obs_0000033087|obs_0000024025|obs_0000015080|obs_0000010910|obs_0000030026|obs_0000013545|obs_0000011137|obs_0000016137|obs_0000012435|obs_0000014639|obs_0000015925|obs_0000029266|obs_0000007899|obs_0000013822|obs_0000011135,obs_0000021890|obs_0000018693|obs_0000020741|obs_0000026501|obs_0000017557|obs_0000021560|obs_0000035022|obs_0000002164,,
K-CLASSIC,Cheese- oder Chickenburger,"€ 1,99","€ 2,79","1 kg = 6,64","1 kg = 6,64","Frikadelle vom Rind, Schwein oder Hähnchen, mit Gouda im Sesambrötchen",Nein,Dieses Angebot findest du vom 27.04. bis 29.04. in deiner Kaufland-Filiale.,2026-04-27,2026-04-29,../images/kaufland/kaufland_offer_622.jpg,"cat_fleisch_wurst,diet_gluten_free,diet_lactose_free,sub_gefluegel,tag_high_protein,tag_ultra_processed",,,ref_000072,obs_0000013551|obs_0000014524,obs_0000013551|obs_0000014524,,
CHIO,Chips,"€ 0,99","€ 1,99","1 kg = 6,60","1 kg = 6,60","Kartoffelchips, versch. Sorten",Nein,Dieses Angebot findest du vom 23.04. bis 29.04. in deiner Kaufland-Filiale.,2026-04-23,2026-04-29,../images/kaufland/kaufland_offer_256.jpg,"cat_knabbern_naschen,diet_gluten_free,tag_ultra_processed",,,ref_000073,obs_0000014349|obs_0000035109|obs_0000034193|obs_0000002584|obs_0000003161|obs_0000023296|obs_0000014595|obs_0000011110|obs_0000033655|obs_0000031705|obs_0000008236|obs_0000002126|obs_0000010390|obs_0000015889|obs_0000010270|obs_0000000033|obs_0000021584|obs_0000034402|obs_0000032432|obs_0000003763|obs_0000028868|obs_0000026827|obs_0000008911|obs_0000022229|obs_0000001764|obs_0000028950|obs_0000020765|obs_0000033679|obs_0000001941|obs_0000034206|obs_0000013222|obs_0000015272|obs_0000026589|obs_0000010725|obs_0000001536|obs_0000007686|obs_0000018514|obs_0000025700|obs_0000028803|obs_0000028815|obs_0000014102|obs_0000011548|obs_0000035085|obs_0000011109|obs_0000030104|obs_0000033689|obs_0000022996|obs_0000002551|obs_0000007684|obs_0000007688,obs_0000014349|obs_0000002584|obs_0000035109|obs_0000003161|obs_0000023296|obs_0000014595|obs_0000011110|obs_0000033655|obs_0000034193|obs_0000031705,,
K-CLASSIC,Choco Flakies Vollmilch,"€ 2,29",,"1 kg = 9,16","1 kg = 9,16",mit Vollmilchschokolade,Nein,Dieses Angebot findest du vom 23.04. bis 29.04. in deiner Kaufland-Filiale.,2026-04-23,2026-04-29,../images/kaufland/kaufland_offer_270.jpg,"cat_knabbern_naschen,diet_lactose_free,diet_vegetarian,sub_milchprodukte,tag_ultra_processed,tag_whole_food",,,ref_000074,obs_0000012408|obs_0000011118|obs_0000001050|obs_0000031903|obs_0000013552,,,
K-CLASSIC,Choco Flakies Weiß,"€ 2,29",,"1 kg = 9,16","1 kg = 9,16",mit weißer Schokolade,Nein,Dieses Angebot findest du vom 23.04. bis 29.04. in deiner Kaufland-Filiale.,2026-04-23,2026-04-29,../images/kaufland/kaufland_offer_272.jpg,"cat_knabbern_naschen,diet_gluten_free,diet_lactose_free,diet_vegetarian,tag_ultra_processed",,,ref_000075,obs_0000012408|obs_0000011118|obs_0000013552,,,
K-CLASSIC,Choco Flakies Zartbitter,"€ 2,29",,"1 kg = 9,16","1 kg = 9,16",mit Zartbitterschokolade,Nein,Dieses Angebot findest du vom 23.04. bis 29.04. in deiner Kaufland-Filiale.,2026-04-23,2026-04-29,../images/kaufland/kaufland_offer_271.jpg,"cat_knabbern_naschen,diet_vegetarian,tag_ultra_processed",,,ref_000076,obs_0000012408|obs_0000011118|obs_0000013552,,,
K-CLASSIC,Chorizo mild,"€ 2,79","€ 3,49","1 kg = 9,30","1 kg = 9,30",span. Paprika-Salami für Grill und Pfanne,Nein,Dieses Angebot findest du vom 23.04. bis 29.04. in deiner Kaufland-Filiale.,2026-04-23,2026-04-29,../images/kaufland/kaufland_offer_128.jpg,"cat_fleisch_wurst,diet_gluten_free,diet_lactose_free,diet_vegan,diet_vegetarian,sub_kaese,sub_milchprodukte,tag_ultra_processed",,,ref_000077,obs_0000008586|obs_0000021222|obs_0000022226|obs_0000020403,,,
Keine Marke,Ciabatta natur,"€ 0,59",,"1 kg = 1,97","1 kg = 1,97",Weizenbrot nach ital. Art,Nein,Dieses Angebot findest du vom 23.04. bis 29.04. in deiner Kaufland-Filiale.,2026-04-23,2026-04-29,../images/kaufland/kaufland_offer_230.jpg,"cat_grundnahrung,diet_gluten_free,diet_lactose_free,diet_vegan,diet_vegetarian,tag_whole_food",,,ref_000078,obs_0000011523|obs_0000007985|obs_0000014230|obs_0000002639|obs_0000016493|obs_0000017017|obs_0000005306|obs_0000019138|obs_0000028889|obs_0000027950|obs_0000001347|obs_0000009644,obs_0000011523|obs_0000007985|obs_0000014230,,
K-CLASSIC,Ciolino,"€ 2,49",,"1 kg = 12,45","1 kg = 12,45",knuspriges Waffelröllchen mit Haselnusscreme-Füllung,Nein,Dieses Angebot findest du vom 23.04. bis 29.04. in deiner Kaufland-Filiale.,2026-04-23,2026-04-29,../images/kaufland/kaufland_offer_273.jpg,"cat_knabbern_naschen,diet_gluten_free,diet_lactose_free,diet_vegan,diet_vegetarian,tag_ultra_processed,tag_whole_food",,,ref_000079,obs_0000009223|obs_0000009704,obs_0000009223|obs_0000009704,,
Nescaf,Classic oder Classic Mild,"€ 5,99",,"1 kg = 29,95","1 kg = 29,95",löslicher Bohnenkaffee,Nein,Dieses Angebot findest du vom 23.04. bis 29.04. in deiner Kaufland-Filiale.,2026-04-23,2026-04-29,../images/kaufland/kaufland_offer_254.jpg,"cat_knabbern_naschen,diet_gluten_free,diet_lactose_free,diet_vegan,diet_vegetarian,sub_kaese,sub_milchprodukte,tag_ultra_processed",,,ref_000080,obs_0000024877|obs_0000006440|obs_0000025668|obs_0000001628|obs_0000001643|obs_0000034649|obs_0000026884|obs_0000035101|obs_0000011543|obs_0000028751|obs_0000020596|obs_0000021415|obs_0000015018|obs_0000031658,,,x
BARILLA,Classic Pasta,"€ 0,79",,"1 kg = 1,58","1 kg = 1,58","aus Hartweizengrieß, ohne Ei, versch. Sorten",Nein,Dieses Angebot findest du vom 23.04. bis 29.04. in deiner Kaufland-Filiale.,2026-04-23,2026-04-29,../images/kaufland/kaufland_offer_244.jpg,"cat_grundnahrung,diet_lactose_free,diet_vegan,diet_vegetarian,sub_nudeln,tag_ultra_processed",,,ref_000081,obs_0000015874|obs_0000011935|obs_0000009660|obs_0000010706|obs_0000008149|obs_0000009176|obs_0000018196|obs_0000019845|obs_0000025518|obs_0000016866|obs_0000032414|obs_0000029671|obs_0000020003|obs_0000035104|obs_0000028733|obs_0000025668|obs_0000022097|obs_0000028751|obs_0000001628|obs_0000002663|obs_0000001643|obs_0000034419|obs_0000020596|obs_0000015018|obs_0000017082|obs_0000021187|obs_0000034026|obs_0000034649|obs_0000026884|obs_0000026899|obs_0000018708|obs_0000016662|obs_0000011543|obs_0000024877|obs_0000035101|obs_0000011092|obs_0000014165|obs_0000028496|obs_0000019293|obs_0000020368|obs_0000021415|obs_0000031658|obs_0000028607|obs_0000018893|obs_0000017359,obs_0000015874|obs_0000011935|obs_0000032414|obs_0000010706|obs_0000029671,,
ÜLKER,Clip Sesam- oder Pizza-Sticks,"€ 0,99","€ 1,29","1 kg = 4,95","1 kg = 4,95",knuspriges Snackgebäck,Nein,Dieses Angebot findest du vom 23.04. bis 29.04. in deiner Kaufland-Filiale.,2026-04-23,2026-04-29,../images/kaufland/kaufland_offer_218.jpg,"cat_grundnahrung,tag_ultra_processed",,,ref_000082,obs_0000009669|obs_0000009186|obs_0000015885|obs_0000013341|obs_0000023186|obs_0000025810|obs_0000005867|obs_0000010530|obs_0000014804,,,
Pepsi,Cola,"€ 2,25","€ 3,00","1 l = 1,73","1 l = 1,73","koffeinhaltiges Erfrischungsgetränk, Original oder Zero Zucker (+ 0.25 Pfand)",Nein,Dieses Angebot findest du vom 23.04. bis 29.04. in deiner Kaufland-Filiale.,2026-04-23,2026-04-29,../images/kaufland/kaufland_offer_293.jpg,"cat_getraenke,tag_ultra_processed",,BLS-G130100,ref_000083,obs_0000026646|obs_0000034850|obs_0000028226|obs_0000008772|obs_0000004177|obs_0000004604|obs_0000013978|obs_0000031900|obs_0000021663|obs_0000027814|obs_0000026287|obs_0000026323|obs_0000008405|obs_0000008921|obs_0000017639|obs_0000000810|obs_0000016686|obs_0000009023|obs_0000022338|obs_0000027972|obs_0000026438|obs_0000017246|obs_0000020844|obs_0000016754|obs_0000028026|obs_0000027015|obs_0000027037|obs_0000009119|obs_0000019364|obs_0000005031|obs_0000000445|obs_0000018375|obs_0000003042|obs_0000001014|obs_0000018984|obs_0000020523|obs_0000010471|obs_0000027376|obs_0000008515|obs_0000021342|obs_0000024974|obs_0000019876|obs_0000007991|obs_0000003505|obs_0000005638|obs_0000030234|obs_0000023586|obs_0000028220|obs_0000026704|obs_0000001110,obs_0000026646|obs_0000034850|obs_0000028226|obs_0000008772|obs_0000004177|obs_0000030298|obs_0000004604|obs_0000013978|obs_0000031900|obs_0000021663|obs_0000027814|obs_0000026287|obs_0000026323|obs_0000008405|obs_0000008921|obs_0000017639|obs_0000000810|obs_0000016686|obs_0000009023|obs_0000022338|obs_0000027972|obs_0000026438|obs_0000017246|obs_0000020844|obs_0000016754|obs_0000028026|obs_0000032126|obs_0000027015|obs_0000027037|obs_0000009119|obs_0000019364|obs_0000005031|obs_0000000445|obs_0000018375|obs_0000030682|obs_0000003042|obs_0000001014,,x
K-CLASSIC,Cola oder Limonade,"€ 0,25","€ 0,34","1 l = 0,50","1 l = 0,50","versch. Sorten, z. T. koffeinhaltig (+ 0.25 Pfand)",Nein,Dieses Angebot findest du vom 23.04. bis 29.04. in deiner Kaufland-Filiale.,2026-04-23,2026-04-29,../images/kaufland/kaufland_offer_295.jpg,"cat_getraenke,tag_ultra_processed",,,ref_000084,obs_0000011967|obs_0000015266|obs_0000005628|obs_0000005829|obs_0000006206|obs_0000006361|obs_0000008405|obs_0000013978|obs_0000006363|obs_0000031347|obs_0000016686|obs_0000016754|obs_0000000445|obs_0000008772|obs_0000017032|obs_0000008921|obs_0000000810|obs_0000009023|obs_0000017246|obs_0000009119|obs_0000001014|obs_0000017639|obs_0000009657|obs_0000026058|obs_0000026204|obs_0000026276|obs_0000026287|obs_0000026323|obs_0000026438|obs_0000018375|obs_0000026581|obs_0000026646|obs_0000034850|obs_0000027015|obs_0000027037|obs_0000027047|obs_0000027133|obs_0000019364|obs_0000027567|obs_0000003042|obs_0000027814|obs_0000027972|obs_0000028026|obs_0000028226|obs_0000028310|obs_0000004177|obs_0000020844|obs_0000004604|obs_0000005031|obs_0000021663,,,
Keine Marke,Cookie Salted Caramel,"€ 0,79",,"pro Einheit = 0,79","pro Einheit = 0,79",Keks mit weißen Schokostückchen und mit einem Hauch Meersalz verfeinerter Karamellfüllung,Nein,Dieses Angebot findest du vom 23.04. bis 29.04. in deiner Kaufland-Filiale.,2026-04-23,2026-04-29,../images/kaufland/kaufland_offer_228.jpg,"cat_grundnahrung,diet_gluten_free,diet_lactose_free,diet_vegan,diet_vegetarian,tag_ultra_processed,tag_whole_food",,,ref_000085,obs_0000020012|obs_0000025940|obs_0000001091|obs_0000014547,,,
WILLMS,Cordon Bleu,"€ 3,79","€ 4,99","1 kg = 7,58","1 kg = 7,58","vom Schwein, gefüllt mit Kochschinken und Emmentaler, zum Braten",Nein,Dieses Angebot findest du vom 23.04. bis 29.04. in deiner Kaufland-Filiale.,2026-04-23,2026-04-29,../images/kaufland/kaufland_offer_095.jpg,cat_fleisch_wurst,,,ref_000086,obs_0000011833|obs_0000002447|obs_0000001307|obs_0000034131|obs_0000003416|obs_0000029182|obs_0000008314|obs_0000013561|obs_0000006542|obs_0000007442|obs_0000009109|obs_0000007071|obs_0000034095|obs_0000010036|obs_0000006198|obs_0000005435|obs_0000001472|obs_0000008646|obs_0000027334|obs_0000010582|obs_0000012271|obs_0000009586|obs_0000029962|obs_0000020123|obs_0000026397|obs_0000011001|obs_0000029874|obs_0000016575|obs_0000020294|obs_0000020942|obs_0000018384|obs_0000029903|obs_0000025311|obs_0000031204|obs_0000032363|obs_0000021113|obs_0000025465|obs_0000031110|obs_0000030094|obs_0000031126|obs_0000004644|obs_0000000825|obs_0000029132|obs_0000005071|obs_0000032213|obs_0000000478|obs_0000030453|obs_0000004217|obs_0000030974|obs_0000006861,obs_0000002447|obs_0000001307|obs_0000011833|obs_0000034131|obs_0000003416|obs_0000029182,,
Costa,rican peruan Wassermelone lose,"€ 1,49","€ 2,49","pro Einheit = 1,49","pro Einheit = 1,49",Kl. I,Nein,Dieses Angebot findest du vom 27.04. bis 29.04. in deiner Kaufland-Filiale.,2026-04-27,2026-04-29,../images/kaufland/kaufland_offer_014.jpg,"cat_obst_gemuese,diet_gluten_free,diet_lactose_free,diet_vegan,diet_vegetarian,sub_exoten,sub_frisches_obst,tag_whole_food",,,ref_000087,obs_0000013140|obs_0000013139|obs_0000031381,obs_0000013140,x,
TUC,Cracker,"€ 1,99","€ 2,99","1 kg = 6,64","1 kg = 6,64",Original,Nein,Dieses Angebot findest du vom 23.04. bis 29.04. in deiner Kaufland-Filiale.,2026-04-23,2026-04-29,../images/kaufland/kaufland_offer_262.jpg,"cat_knabbern_naschen,tag_ultra_processed",,BLS-D050000,ref_000088,obs_0000015892|obs_0000010537|obs_0000012384|obs_0000011380|obs_0000013564|obs_0000003528|obs_0000026987|obs_0000007685|obs_0000031001|obs_0000026025|obs_0000008909|obs_0000006385|obs_0000018964|obs_0000026945|obs_0000020168|obs_0000025546|obs_0000031697|obs_0000014294|obs_0000008024|obs_0000005476|obs_0000027768|obs_0000020987|obs_0000029971|obs_0000007488|obs_0000032244|obs_0000013738|obs_0000012218,obs_0000007685|obs_0000015892|obs_0000010537|obs_0000003528|obs_0000012384|obs_0000026987|obs_0000011380|obs_0000013564,,
BUMBU,Craft Rum Flavour Spirit,"€ 27,59","€ 37,99","1 l = 39,42","1 l = 39,42","The Original, aus 8 Zuckerrohrsorten der Karibik und Südamerikas, ausgewogen und geschmeidig, 40 Vol. %",Nein,Dieses Angebot findest du vom 23.04. bis 29.04. in deiner Kaufland-Filiale.,2026-04-23,2026-04-29,../images/kaufland/kaufland_offer_309.jpg,cat_getraenke,,,ref_000089,obs_0000015487|obs_0000017633|obs_0000006555|obs_0000025003|obs_0000027570,obs_0000015487,,
AHEAD,Crazy Hazel,"€ 3,33","€ 4,95","1 kg = 16,65","1 kg = 16,65","Original Nougat-Creme oder White Haselnuss-Creme, ohne Zuckerzusatz > Cremige, samtige Textur",Nein,Dieses Angebot findest du vom 23.04. bis 29.04. in deiner Kaufland-Filiale.,2026-04-23,2026-04-29,../images/kaufland/kaufland_offer_246.jpg,"cat_grundnahrung,tag_ultra_processed",,,ref_000090,,,,
Ramazzotti,Crema Cappuccino,"€ 9,99",,"1 l = 14,28","1 l = 14,28","ital. Cremelikör, 17 Vol. %",Nein,Dieses Angebot findest du vom 23.04. bis 29.04. in deiner Kaufland-Filiale.,2026-04-23,2026-04-29,../images/kaufland/kaufland_offer_304.jpg,"cat_getraenke,diet_vegetarian,tag_ultra_processed",,,ref_000091,obs_0000016127|obs_0000027211|obs_0000008359|obs_0000027508,obs_0000016127,,x
NIVEA MEN,Creme,"€ 3,29","€ 3,95","1 l = 21,94","1 l = 21,94","für Gesicht, Körper und Hände",Nein,Dieses Angebot findest du vom 23.04. bis 29.04. in deiner Kaufland-Filiale.,2026-04-23,2026-04-29,../images/kaufland/kaufland_offer_359.jpg,cat_drogerie,,,ref_000092,obs_0000033360|obs_0000013141|obs_0000020500|obs_0000024612|obs_0000016955|obs_0000020588|obs_0000025213|obs_0000004735|obs_0000027287|obs_0000013470|obs_0000015519|obs_0000033981|obs_0000014536|obs_0000001746|obs_0000004308|obs_0000017627|obs_0000012019|obs_0000000253|obs_0000033544|obs_0000033036|obs_0000008973|obs_0000034582|obs_0000003881|obs_0000021319|obs_0000008596|obs_0000021407|obs_0000017363|obs_0000028116|obs_0000025569|obs_0000026595|obs_0000024571|obs_0000021008|obs_0000030750|obs_0000011311|obs_0000034863|obs_0000015412|obs_0000012853|obs_0000020029|obs_0000033352|obs_0000033353|obs_0000034875|obs_0000012902|obs_0000026747|obs_0000024200|obs_0000026774|obs_0000015525|obs_0000001705|obs_0000020189|obs_0000014566|obs_0000023784,obs_0000033360|obs_0000013141,,
Keine Marke,Crunchy Chicken Patties XXL,"€ 4,99",,"1 kg = 9,98","1 kg = 9,98","knusprige Hähnchen-Patties American Style, Classic oder Hot",Nein,Dieses Angebot findest du vom 23.04. bis 29.04. in deiner Kaufland-Filiale.,2026-04-23,2026-04-29,../images/kaufland/kaufland_offer_113.jpg,"cat_fleisch_wurst,diet_gluten_free,diet_lactose_free,diet_vegan,diet_vegetarian,sub_gefluegel,tag_ultra_processed,tag_whole_food",,,ref_000093,obs_0000011429|obs_0000012763|obs_0000023578|obs_0000015445|obs_0000013967,obs_0000011429,,
DR OETKER,Cr me fra che l g re oder Vega,"€ 0,99","€ 1,39","1 kg = 6,60 - 7,92","1 kg = 6,60 - 7,92","natur oder z. T. auch mit Kräutern, 15 - 30 % Fett",Nein,Dieses Angebot findest du vom 23.04. bis 29.04. in deiner Kaufland-Filiale.,2026-04-23,2026-04-29,../images/kaufland/kaufland_offer_160.jpg,"cat_molkerei_kaese,tag_ultra_processed",,,ref_000094,obs_0000011881|obs_0000013569|obs_0000015796|obs_0000034695|obs_0000007332|obs_0000032481|obs_0000001813|obs_0000009151|obs_0000023029|obs_0000021547|obs_0000020728|obs_0000016170,obs_0000011881|obs_0000013569|obs_0000015796,,
DENVER,DAB FM-Tischradio DAB-57K,"€ 19,99","€ 49,95","pro Einheit = 19,99","pro Einheit = 19,99","Mit TFT-Farbdisplay 40 voreingestellte Sender 3 Favoriten-Sender-Knöpfe Wecker mit Schlummerfunktion Bluetooth-Funktion AUX-Eingang und Kopfhöreranschluss USB-C-Ladeanschluss Akkulaufzeit bis zu 12 h Ausgangsleistung 10 W (1 W RMS) Größe ca. B 16 x H 9 x T 4,5 cm (ca. 350 g)",Nein,Dieses Angebot findest du vom 23.04. bis 29.04. in deiner Kaufland-Filiale.,2026-04-23,2026-04-29,../images/kaufland/kaufland_offer_368.jpg,cat_non_food,,,ref_000095,,,,
Crivit,Damen-Funktionsradler,"€ 3,99",,"pro Einheit = 3,99","pro Einheit = 3,99","Aus recyceltem, GRS-zertifiziertem Polyester und Elastan (LYCRA®) Schnelltrocknend und feuchtigkeitsableitend In modischer Ripp-Qualität Ohne störende Seitennähte (seamless) Größen 36/38 - 44/46 (S - L)",Nein,Dieses Angebot findest du vom 23.04. bis 29.04. in deiner Kaufland-Filiale.,2026-04-23,2026-04-29,../images/kaufland/kaufland_offer_486.jpg,cat_non_food,,,ref_000096,,,,x
Crivit,Damen-Funktionsshirt,"€ 4,99",,"pro Einheit = 4,99","pro Einheit = 4,99","Aus recyceltem, GRS-zertifiziertem Polyester Schnelltrocknend und feuchtigkeitsableitend Mit Rundhalsausschnitt Größen 36/38 - 44/46 (S - L)",Nein,Dieses Angebot findest du vom 23.04. bis 29.04. in deiner Kaufland-Filiale.,2026-04-23,2026-04-29,../images/kaufland/kaufland_offer_472.jpg,cat_non_food,,,ref_000097,obs_0000019056|obs_0000025766|obs_0000018010|obs_0000018665|obs_0000014777|obs_0000022000|obs_0000025765|obs_0000023846|obs_0000024270|obs_0000018659|obs_0000021996|obs_0000023152|obs_0000023154,obs_0000018665|obs_0000014777|obs_0000019056|obs_0000025766|obs_0000022000|obs_0000018010,,x
Crivit,Damen-Sportbustier,"€ 4,49",,"pro Einheit = 4,49","pro Einheit = 4,49","Aus recyceltem, GRS-zertifiziertem Polyamid und Elastan (LYCRA®) Schnelltrocknend und feuchtigkeitsableitend Gerippt, leicht unterstützend Ohne störende Seitennähte (seamless) Mit herausnehmbaren Pads Ideal für Yoga, Pilates, Wandern etc. Größen 36/38 - 44/46 (S - L)",Nein,Dieses Angebot findest du vom 23.04. bis 29.04. in deiner Kaufland-Filiale.,2026-04-23,2026-04-29,../images/kaufland/kaufland_offer_478.jpg,cat_non_food,,,ref_000098,,obs_0000016857,,x
Crivit,Damen-Sportschuhe,"€ 9,99",,"pro Einheit = 9,99","pro Einheit = 9,99","Obermaterial aus atmungsaktivem Mesh Futter aus Textil Leichte, flexible EVA-Laufsohle Komfortable Zungen- und Schaftrandpolsterung Mit praktischer Anziehschlaufe Größen 37 - 41",Nein,Dieses Angebot findest du vom 23.04. bis 29.04. in deiner Kaufland-Filiale.,2026-04-23,2026-04-29,../images/kaufland/kaufland_offer_460.jpg,cat_non_food,,,ref_000099,obs_0000000494|obs_0000000602,,,x
DELI REFORM,Das Original,"€ 1,29","€ 1,99","1 kg = 2,87","1 kg = 2,87","Margarine, rein pflanzlich, ohne Palmöl",Nein,Dieses Angebot findest du vom 23.04. bis 29.04. in deiner Kaufland-Filiale.,2026-04-23,2026-04-29,../images/kaufland/kaufland_offer_175.jpg,"cat_molkerei_kaese,tag_high_protein,tag_ultra_processed",,,ref_000100,obs_0000013045|obs_0000011027|obs_0000010427|obs_0000016821|obs_0000009346|obs_0000017856|obs_0000027710|obs_0000028786|obs_0000006308|obs_0000017604|obs_0000028730|obs_0000030812|obs_0000020611|obs_0000012423|obs_0000006283|obs_0000026772|obs_0000006293|obs_0000026832|obs_0000028896|obs_0000035052|obs_0000027005|obs_0000027048|obs_0000021000|obs_0000008777|obs_0000021117|obs_0000008906|obs_0000015051|obs_0000029444|obs_0000006977|obs_0000021430|obs_0000025547|obs_0000033763|obs_0000017384|obs_0000013325|obs_0000019505|obs_0000031800|obs_0000025705|obs_0000009334|obs_0000015502|obs_0000027791|obs_0000007350|obs_0000033975|obs_0000021758|obs_0000009525|obs_0000021868|obs_0000017799|obs_0000005548|obs_0000026035|obs_0000032208|obs_0000022184,obs_0000030812|obs_0000010427|obs_0000016821|obs_0000013045|obs_0000029444|obs_0000011027|obs_0000009346|obs_0000017856|obs_0000032208,,
HENGSTENBERG,Delikatess-Essig,"€ 2,49","€ 3,29","1 l = 4,98","1 l = 4,98","Weißwein-, Rotwein- oder Kräuter-Essig",Nein,Dieses Angebot findest du vom 23.04. bis 29.04. in deiner Kaufland-Filiale.,2026-04-23,2026-04-29,../images/kaufland/kaufland_offer_219.jpg,"cat_grundnahrung,diet_vegetarian,tag_ultra_processed",,,ref_000101,obs_0000008263|obs_0000015851|obs_0000015850,obs_0000008263|obs_0000015851,,
Aus eigener Herstellung,Delikatess-Leberwurst,"€ 0,99","€ 1,39","pro Einheit = 100,00","pro Einheit = 100,00",fein,Nein,Dieses Angebot findest du vom 23.04. bis 29.04. in deiner Kaufland-Filiale.,2026-04-23,2026-04-29,../images/kaufland/kaufland_offer_145.jpg,"cat_fleisch_wurst,sub_wurst,tag_ultra_processed",,BLS-W214000,ref_000102,obs_0000010608|obs_0000007228|obs_0000005791|obs_0000034952|obs_0000033967|obs_0000006341|obs_0000005420|obs_0000008560|obs_0000029607|obs_0000032360|obs_0000006868|obs_0000029961|obs_0000030218|obs_0000031246|obs_0000003643|obs_0000014468|obs_0000024223|obs_0000011436|obs_0000023801|obs_0000013053|obs_0000026900|obs_0000028438|obs_0000026452|obs_0000028508|obs_0000010597|obs_0000012655|obs_0000013762|obs_0000028622|obs_0000026066|obs_0000031720|obs_0000019440,obs_0000007228|obs_0000005791|obs_0000034952|obs_0000033967|obs_0000006341|obs_0000005420|obs_0000008560|obs_0000010608|obs_0000029607,,
THOMY,Delikatess-Senf,"€ 0,99",,"1 l = 4,95","1 l = 4,95",mittelscharf oder scharf,Nein,Dieses Angebot findest du vom 23.04. bis 29.04. in deiner Kaufland-Filiale.,2026-04-23,2026-04-29,../images/kaufland/kaufland_offer_214.jpg,"cat_grundnahrung,diet_vegetarian,tag_ultra_processed",,BLS-W214000,ref_000103,obs_0000009072|obs_0000015847|obs_0000034414|obs_0000014015|obs_0000030294|obs_0000032488|obs_0000031812,obs_0000030294|obs_0000032488|obs_0000009072|obs_0000015847,,
REXONA,Deo-Spray oder -Roll-On,"€ 4,98",,"1 l = 11,07 - 33,20","1 l = 11,07 - 33,20",versch. Sorten,Nein,Dieses Angebot findest du vom 27.04. bis 29.04. in deiner Kaufland-Filiale.,2026-04-27,2026-04-29,../images/kaufland/kaufland_offer_629.jpg,cat_drogerie,,,ref_000104,obs_0000014681|obs_0000010782|obs_0000012028|obs_0000031854|obs_0000034449|obs_0000012472|obs_0000010004|obs_0000009543|obs_0000007295|obs_0000006769|obs_0000029053|obs_0000032801|obs_0000033847|obs_0000012900|obs_0000031921|obs_0000012471|obs_0000013582|obs_0000013151|obs_0000014190|obs_0000011176,obs_0000007295|obs_0000014681,,
AXE,Deodorant Bodyspray,"€ 3,49",,"1 l = 23,27","1 l = 23,27",versch. Sorten,Nein,Dieses Angebot findest du vom 23.04. bis 29.04. in deiner Kaufland-Filiale.,2026-04-23,2026-04-29,../images/kaufland/kaufland_offer_356.jpg,cat_drogerie,,,ref_000105,obs_0000009737|obs_0000012184|obs_0000009273|obs_0000015975|obs_0000028961|obs_0000008357|obs_0000034660|obs_0000032873|obs_0000026738|obs_0000006944|obs_0000005855|obs_0000006389|obs_0000010777|obs_0000026156|obs_0000010160,obs_0000009737|obs_0000012184|obs_0000006944|obs_0000009273|obs_0000005855|obs_0000015975|obs_0000006389,,
Keine Marke,Dinkel-Vollkornbrot,"€ 1,29","€ 1,65","1 kg = 2,58","1 kg = 2,58",mit Natursauerteig,Nein,Dieses Angebot findest du vom 23.04. bis 29.04. in deiner Kaufland-Filiale.,2026-04-23,2026-04-29,../images/kaufland/kaufland_offer_231.jpg,"cat_grundnahrung,diet_gluten_free,diet_lactose_free,diet_vegan,diet_vegetarian,tag_whole_food",,NUTR-0006,ref_000106,obs_0000015242,obs_0000015242,,
Keine Marke,Dipladenie,"€ 3,99",,"pro Einheit = 3,99","pro Einheit = 3,99","versch. Farben und Formen, Topf Ø 10,5 - 17 cm, ab 3,99€",Nein,Dieses Angebot findest du vom 23.04. bis 29.04. in deiner Kaufland-Filiale.,2026-04-23,2026-04-29,../images/kaufland/kaufland_offer_072.jpg,"cat_obst_gemuese,diet_gluten_free,diet_lactose_free,diet_vegan,diet_vegetarian,sub_frisches_obst,tag_ultra_processed,tag_whole_food",,,ref_000107,,,,
BAUER,Diplomat Kümmel oder Jalape o-Chili,"€ 0,89","€ 1,79","pro Einheit = 100,00","pro Einheit = 100,00","Schnittkäse, herzhaft, vollmundig, 55 % Fett i. Tr.",Nein,Dieses Angebot findest du vom 27.04. bis 29.04. in deiner Kaufland-Filiale.,2026-04-27,2026-04-29,../images/kaufland/kaufland_offer_006.jpg,"cat_molkerei_kaese,diet_vegetarian,sub_kaese",,,ref_000108,obs_0000010917|obs_0000008835,obs_0000010917,,
KIRI,Dippi,"€ 1,99","€ 2,99","1 kg = 18,96","1 kg = 18,96","Schmelzkäsezubereitung, Doppelrahmstufe, und Grissini, 3 Portionen",Nein,Dieses Angebot findest du vom 23.04. bis 29.04. in deiner Kaufland-Filiale.,2026-04-23,2026-04-29,../images/kaufland/kaufland_offer_171.jpg,cat_molkerei_kaese,,,ref_000109,obs_0000008065|obs_0000012803|obs_0000018916|obs_0000021607|obs_0000011473|obs_0000011026|obs_0000020788|obs_0000013592|obs_0000022330|obs_0000029535,obs_0000008065|obs_0000012803|obs_0000018916|obs_0000021607|obs_0000011473|obs_0000011026|obs_0000020788|obs_0000013592|obs_0000022330|obs_0000029535,,
ALWAYS,Discreet,"€ 2,99","€ 3,95","pro Einheit = 24,00","pro Einheit = 24,00","Hygieneeinlagen bei Blasenschwäche, versch. Sorten",Nein,Dieses Angebot findest du vom 23.04. bis 29.04. in deiner Kaufland-Filiale.,2026-04-23,2026-04-29,../images/kaufland/kaufland_offer_344.jpg,cat_drogerie,,,ref_000110,obs_0000011382|obs_0000012705|obs_0000033282|obs_0000009686|obs_0000009207|obs_0000028652|obs_0000000495|obs_0000028535|obs_0000022336|obs_0000033857|obs_0000020421|obs_0000033495|obs_0000021240|obs_0000008446|obs_0000000639|obs_0000030723|obs_0000032145|obs_0000032280|obs_0000034867|obs_0000007924|obs_0000032144|obs_0000032281|obs_0000030780|obs_0000006242|obs_0000005483|obs_0000030060|obs_0000032767,obs_0000012705|obs_0000011382,,
Nescaf,Dolce Gusto Kapseln,"€ 3,99",,"1 kg = 15,59 - 45,35","1 kg = 15,59 - 45,35",versch. Sorten,Nein,Dieses Angebot findest du vom 27.04. bis 29.04. in deiner Kaufland-Filiale.,2026-04-27,2026-04-29,../images/kaufland/kaufland_offer_044.jpg,"cat_getraenke,diet_gluten_free,diet_lactose_free,diet_vegan,diet_vegetarian,tag_ultra_processed",,,ref_000111,obs_0000019502|obs_0000005557|obs_0000006639|obs_0000022967|obs_0000027159,obs_0000005557|obs_0000006639,,x
OREO,Doppelkekse,"€ 1,29","€ 1,89","1 kg = 8,22 - 8,38","1 kg = 8,22 - 8,38","mit Cremefüllung, versch. Sorten",Nein,Dieses Angebot findest du vom 23.04. bis 29.04. in deiner Kaufland-Filiale.,2026-04-23,2026-04-29,../images/kaufland/kaufland_offer_289.jpg,"cat_knabbern_naschen,tag_ultra_processed",,,ref_000112,obs_0000014621|obs_0000013154|obs_0000015475|obs_0000012407|obs_0000022999,obs_0000008327|obs_0000014621|obs_0000013154|obs_0000015475|obs_0000012407,,
STAEDTLER,Dopperfasermaler-Set Design Journey,"€ 3,99","€ 6,85","pro Einheit = 12,00","pro Einheit = 12,00","2-Spitzen-Modell mit 3,0 und 0,5 - 0,8 mm Stabile, eindrücksichere Spitzen Aus den meisten Textilien leicht auswaschbar",Nein,Dieses Angebot findest du vom 23.04. bis 29.04. in deiner Kaufland-Filiale.,2026-04-23,2026-04-29,../images/kaufland/kaufland_offer_402.jpg,cat_non_food,,,ref_000113,,,,
FISH FROM EVIA BAY,Dorade,"€ 11,98",,"pro Einheit = 9,59","pro Einheit = 9,59","ganz, ausgenommen, mit Kopf, 2 Stück",Nein,Dieses Angebot findest du vom 23.04. bis 29.04. in deiner Kaufland-Filiale.,2026-04-23,2026-04-29,../images/kaufland/kaufland_offer_149.jpg,"cat_fisch_meeresfruechte,tag_ultra_processed",,,ref_000114,obs_0000006853|obs_0000005405|obs_0000008996|obs_0000010182|obs_0000015374|obs_0000011023|obs_0000028219|obs_0000011870|obs_0000023721|obs_0000024139,obs_0000006853|obs_0000005405,,
ESCAL,Dorade Royal,"€ 10,99",,"1 kg = 10,62","1 kg = 10,62","mit Gewürzmischung zum Marinieren, perfekt für den Grill",Nein,Dieses Angebot findest du vom 23.04. bis 29.04. in deiner Kaufland-Filiale.,2026-04-23,2026-04-29,../images/kaufland/kaufland_offer_191.jpg,"cat_tiefkuehl,tag_ultra_processed",,,ref_000115,obs_0000015374|obs_0000011023|obs_0000008996|obs_0000011870|obs_0000023721|obs_0000024139|obs_0000005405|obs_0000006853,obs_0000015374|obs_0000011023|obs_0000008996|obs_0000028219|obs_0000010182|obs_0000011870,,
Keine Marke,Dtsch Basilikum XXL,"€ 1,49","€ 1,99","pro Einheit = 1,49","pro Einheit = 1,49",Topf: 17 cm Ø,Nein,Dieses Angebot findest du vom 23.04. bis 29.04. in deiner Kaufland-Filiale.,2026-04-23,2026-04-29,../images/kaufland/kaufland_offer_061.jpg,"cat_obst_gemuese,diet_gluten_free,diet_lactose_free,diet_vegan,diet_vegetarian,sub_frisches_gemuese,sub_frisches_obst,tag_ultra_processed,tag_whole_food",,,ref_000116,obs_0000008013|obs_0000014427|obs_0000010564|obs_0000014809|obs_0000013162|obs_0000015239|obs_0000011394|obs_0000011396|obs_0000011407|obs_0000013599|obs_0000015727|obs_0000012763|obs_0000013967,,,
Keine Marke,Dtsch Cherryrispentomaten rot,"€ 2,99",,"1 kg = 14,95","1 kg = 14,95","Sorte laut Auszeichnung, Kl. I",Nein,Dieses Angebot findest du vom 23.04. bis 29.04. in deiner Kaufland-Filiale.,2026-04-23,2026-04-29,../images/kaufland/kaufland_offer_088.jpg,"cat_obst_gemuese,diet_gluten_free,diet_lactose_free,diet_vegan,diet_vegetarian,sub_frisches_gemuese,tag_whole_food",,,ref_000117,obs_0000011408|obs_0000013159|obs_0000014384|obs_0000009888|obs_0000009425|obs_0000008462,obs_0000011408|obs_0000013159,,
Keine Marke,Dtsch Chicor e,"€ 1,79","€ 2,29","1 kg = 3,58","1 kg = 3,58",Kl. I,Nein,Dieses Angebot findest du vom 23.04. bis 29.04. in deiner Kaufland-Filiale.,2026-04-23,2026-04-29,../images/kaufland/kaufland_offer_067.jpg,"cat_obst_gemuese,diet_gluten_free,diet_lactose_free,diet_vegan,diet_vegetarian,sub_frisches_gemuese,sub_salate,tag_ultra_processed,tag_whole_food",,,ref_000118,obs_0000010977|obs_0000012240|obs_0000031471|obs_0000034113,obs_0000010977|obs_0000012240,,
Keine Marke,Dtsch Cocktailrispentomaten,"€ 2,99",,"1 kg = 8,55","1 kg = 8,55",Kl. I,Nein,Dieses Angebot findest du vom 23.04. bis 29.04. in deiner Kaufland-Filiale.,2026-04-23,2026-04-29,../images/kaufland/kaufland_offer_068.jpg,"cat_obst_gemuese,diet_gluten_free,diet_lactose_free,diet_vegan,diet_vegetarian,sub_frisches_gemuese,tag_whole_food",,,ref_000119,obs_0000011821|obs_0000014429|obs_0000010972|obs_0000013160|obs_0000015723|obs_0000012237|obs_0000015316|obs_0000000693,obs_0000011821|obs_0000014429|obs_0000010972|obs_0000013160|obs_0000015723|obs_0000012237|obs_0000015316,,
Keine Marke,Dtsch Erdbeeren,"€ 3,99",,"1 kg = 7,98","1 kg = 7,98",Kl. I,Nein,Dieses Angebot findest du vom 23.04. bis 29.04. in deiner Kaufland-Filiale.,2026-04-23,2026-04-29,../images/kaufland/kaufland_offer_055.jpg,"cat_obst_gemuese,diet_gluten_free,diet_lactose_free,diet_vegan,diet_vegetarian,sub_exoten,sub_frisches_gemuese,sub_frisches_obst,tag_whole_food",,,ref_000120,obs_0000015717|obs_0000031261|obs_0000006265|obs_0000030915|obs_0000031462|obs_0000032512|obs_0000006408|obs_0000027419|obs_0000029494|obs_0000031576|obs_0000030564|obs_0000000875|obs_0000022919|obs_0000030617|obs_0000024529,,,
K-CLASSIC,Dtsch Hähnchenschenkel,"€ 3,49","€ 4,99","pro Einheit = 1,00","pro Einheit = 1,00","gewürzt, küchenfertig zubereitet, ca. 3 - 5 Stück",Nein,Dieses Angebot findest du vom 23.04. bis 29.04. in deiner Kaufland-Filiale.,2026-04-23,2026-04-29,../images/kaufland/kaufland_offer_184.jpg,"cat_tiefkuehl,diet_lactose_free,sub_gefluegel,tag_proteinreich,tag_ultra_processed,tag_whole_food",,,ref_000121,obs_0000004368|obs_0000000293|obs_0000006537|obs_0000004795|obs_0000027468|obs_0000031837|obs_0000007635|obs_0000003941|obs_0000026472|obs_0000034752,obs_0000010525|obs_0000012213,,
Keine Marke,Dtsch Mini-Romanasalat,"€ 0,99","€ 1,29","pro Einheit = 2,00","pro Einheit = 2,00",Kl. I,Nein,Dieses Angebot findest du vom 23.04. bis 29.04. in deiner Kaufland-Filiale.,2026-04-23,2026-04-29,../images/kaufland/kaufland_offer_064.jpg,"cat_obst_gemuese,diet_gluten_free,diet_lactose_free,diet_vegan,diet_vegetarian,sub_exoten,sub_frisches_gemuese,sub_salate,tag_whole_food",,,ref_000122,obs_0000006422|obs_0000007141|obs_0000007519|obs_0000007531|obs_0000028060|obs_0000009645|obs_0000005695|obs_0000026246|obs_0000015719|obs_0000012328|obs_0000006379|obs_0000010932|obs_0000017530|obs_0000026024|obs_0000018128|obs_0000016216,,,
Keine Marke,Dtsch Miniromarispe rot,"€ 2,99",,"1 kg = 14,95","1 kg = 14,95","Sorte laut Auszeichnung, Kl. I",Nein,Dieses Angebot findest du vom 23.04. bis 29.04. in deiner Kaufland-Filiale.,2026-04-23,2026-04-29,../images/kaufland/kaufland_offer_089.jpg,"cat_obst_gemuese,diet_gluten_free,diet_lactose_free,diet_vegan,diet_vegetarian,sub_frisches_gemuese,tag_whole_food",,,ref_000123,obs_0000011408|obs_0000013159,,,
Keine Marke,Dtsch Möhren,"€ 1,49","€ 1,89","1 kg = 0,75","1 kg = 0,75",Kl. I,Nein,Dieses Angebot findest du vom 23.04. bis 29.04. in deiner Kaufland-Filiale.,2026-04-23,2026-04-29,../images/kaufland/kaufland_offer_066.jpg,"cat_obst_gemuese,diet_gluten_free,diet_lactose_free,diet_vegan,diet_vegetarian,sub_frisches_gemuese,sub_frisches_obst,tag_whole_food",,,ref_000124,obs_0000010979|obs_0000013598|obs_0000010556|obs_0000015718|obs_0000012647|obs_0000012710|obs_0000014427|obs_0000011396|obs_0000013162|obs_0000017480|obs_0000005706|obs_0000027745|obs_0000008865|obs_0000026853|obs_0000026344|obs_0000010486|obs_0000008450|obs_0000006415|obs_0000025364|obs_0000028058,obs_0000010979|obs_0000013598|obs_0000010556|obs_0000015718|obs_0000012647|obs_0000012710,,
Keine Marke,Dtsch Rispentomaten,"€ 2,99",,"1 kg = 4,60","1 kg = 4,60",Kl. I,Nein,Dieses Angebot findest du vom 23.04. bis 29.04. in deiner Kaufland-Filiale.,2026-04-23,2026-04-29,../images/kaufland/kaufland_offer_069.jpg,"cat_obst_gemuese,diet_gluten_free,diet_lactose_free,diet_vegan,diet_vegetarian,sub_frisches_gemuese,tag_whole_food",,,ref_000125,obs_0000011399|obs_0000013027|obs_0000010557|obs_0000012189|obs_0000027139|obs_0000008287|obs_0000013997|obs_0000027413|obs_0000027927|obs_0000031578|obs_0000000876|obs_0000029590|obs_0000026075,obs_0000011399|obs_0000013027|obs_0000010557|obs_0000012189,,
Keine Marke,Dtsch Spargel,"€ 3,99","€ 7,99","1 kg = 7,98","1 kg = 7,98","weiß/violett, Kl. II",Nein,Dieses Angebot findest du vom 23.04. bis 29.04. in deiner Kaufland-Filiale.,2026-04-23,2026-04-29,../images/kaufland/kaufland_offer_062.jpg,"cat_obst_gemuese,diet_gluten_free,diet_lactose_free,diet_vegan,diet_vegetarian,sub_frisches_gemuese,sub_frisches_obst,tag_whole_food",,,ref_000126,,,,
Keine Marke,Dtsch Zuckermais,"€ 1,49","€ 2,29","pro Einheit = 2,00","pro Einheit = 2,00","vorgegart, ideal zum Grillen",Nein,Dieses Angebot findest du vom 23.04. bis 29.04. in deiner Kaufland-Filiale.,2026-04-23,2026-04-29,../images/kaufland/kaufland_offer_092.jpg,"cat_obst_gemuese,diet_gluten_free,diet_lactose_free,diet_vegan,diet_vegetarian,tag_whole_food",,BLS-G570100,ref_000127,obs_0000010140,,,
Keine Marke,Dtsch franz Speisekartoffeln,"€ 2,49",,"1 kg = 0,50","1 kg = 0,50","vorwiegend festkochend, Sorte laut Auszeichnung, Qualität I",Nein,Dieses Angebot findest du vom 23.04. bis 29.04. in deiner Kaufland-Filiale.,2026-04-23,2026-04-29,../images/kaufland/kaufland_offer_063.jpg,"cat_obst_gemuese,diet_gluten_free,diet_lactose_free,diet_vegan,diet_vegetarian,sub_frisches_gemuese,sub_kartoffeln,tag_ultra_processed,tag_whole_food",,,ref_000128,obs_0000011822|obs_0000014425|obs_0000010963|obs_0000012236|obs_0000015337|obs_0000011394|obs_0000013599|obs_0000015683|obs_0000010564|obs_0000010571|obs_0000015727|obs_0000015239|obs_0000014809|obs_0000012259|obs_0000000006|obs_0000034312|obs_0000026668|obs_0000033875|obs_0000031321|obs_0000030837|obs_0000034910|obs_0000017026|obs_0000003716|obs_0000028399|obs_0000034088|obs_0000027986|obs_0000008539|obs_0000027510|obs_0000030615|obs_0000030140|obs_0000016324|obs_0000009672|obs_0000009188,,,
WC-FRISCH,Duftspüler,"€ 1,79","€ 2,25","1 kg = 35,80 - 42,62","1 kg = 35,80 - 42,62",versch. Sorten,Nein,Dieses Angebot findest du vom 23.04. bis 29.04. in deiner Kaufland-Filiale.,2026-04-23,2026-04-29,../images/kaufland/kaufland_offer_348.jpg,cat_drogerie,,,ref_000129,obs_0000009744|obs_0000009280|obs_0000014670|obs_0000013164|obs_0000026993|obs_0000034873|obs_0000002724|obs_0000006056,obs_0000009744|obs_0000009280|obs_0000014670|obs_0000013164|obs_0000026993,,
Keine Marke,Duschabzieher,"€ 1,49",,"pro Einheit = 1,49","pro Einheit = 1,49",Zur Reinigung von Fliesen und Glasflächen Mit weicher Gummilippe und praktischem Drehkopf,Nein,Dieses Angebot findest du vom 23.04. bis 29.04. in deiner Kaufland-Filiale.,2026-04-23,2026-04-29,../images/kaufland/kaufland_offer_431.jpg,"cat_obst_gemuese,diet_gluten_free,diet_lactose_free,diet_vegan,diet_vegetarian,sub_exoten,sub_frisches_obst,tag_whole_food",,,ref_000130,obs_0000013514|obs_0000012099,,,
AXE,Duschgel,"€ 2,22","€ 2,55","1 l = 8,88 - 9,87","1 l = 8,88 - 9,87",versch. Sorten,Nein,Dieses Angebot findest du vom 23.04. bis 29.04. in deiner Kaufland-Filiale.,2026-04-23,2026-04-29,../images/kaufland/kaufland_offer_355.jpg,cat_drogerie,,,ref_000131,obs_0000017459|obs_0000009054|obs_0000011788|obs_0000015972|obs_0000031850|obs_0000008329|obs_0000015523|obs_0000026290|obs_0000031924|obs_0000026347|obs_0000028939|obs_0000035065|obs_0000013602|obs_0000028963|obs_0000014682|obs_0000011624|obs_0000013165|obs_0000026494|obs_0000011174|obs_0000032769|obs_0000009734|obs_0000032774|obs_0000032275|obs_0000032279|obs_0000009268|obs_0000033843|obs_0000033845|obs_0000033348|obs_0000006243|obs_0000012904|obs_0000005290|obs_0000012473|obs_0000029373|obs_0000005856|obs_0000007920|obs_0000015116|obs_0000006943|obs_0000032036|obs_0000028459|obs_0000007503|obs_0000014679|obs_0000030078|obs_0000032141|obs_0000034246|obs_0000007114|obs_0000010779|obs_0000005670|obs_0000010285|obs_0000034863|obs_0000032819,obs_0000011788|obs_0000032797|obs_0000017459|obs_0000033371|obs_0000015972|obs_0000031850|obs_0000008329|obs_0000015523|obs_0000026290|obs_0000031924|obs_0000026834|obs_0000005856|obs_0000026347|obs_0000028939|obs_0000035065|obs_0000006943|obs_0000013602|obs_0000028963|obs_0000014682|obs_0000009054|obs_0000011624|obs_0000013165|obs_0000026494|obs_0000011174,,
Keine Marke,Ecuador kolumb Bananen lose,"€ 1,49","€ 1,79","pro Einheit = 1,49","pro Einheit = 1,49",,Nein,Dieses Angebot findest du vom 23.04. bis 29.04. in deiner Kaufland-Filiale.,2026-04-23,2026-04-29,../images/kaufland/kaufland_offer_093.jpg,"cat_obst_gemuese,diet_gluten_free,diet_lactose_free,diet_vegan,diet_vegetarian,sub_exoten,sub_frisches_gemuese,sub_frisches_obst,tag_whole_food",,,ref_000132,obs_0000010969|obs_0000011386|obs_0000014883|obs_0000011819|obs_0000023689|obs_0000022914|obs_0000027736|obs_0000028769|obs_0000031875|obs_0000026329|obs_0000031472|obs_0000032060|obs_0000009078|obs_0000026492|obs_0000027051|obs_0000032185|obs_0000029136|obs_0000031729,obs_0000010969,,
ALLGÄUER BÜBLE BIER,Edelbräu,"€ 13,99","€ 19,49","1 l = 1,40","1 l = 1,40",in der Bügelflasche (+ 4.50 Pfand),Nein,Dieses Angebot findest du vom 23.04. bis 29.04. in deiner Kaufland-Filiale.,2026-04-23,2026-04-29,../images/kaufland/kaufland_offer_331.jpg,"cat_getraenke,sub_kaese",,,ref_000133,obs_0000013604|obs_0000031823|obs_0000028725|obs_0000029761|obs_0000030753|obs_0000007890,obs_0000029761|obs_0000030753|obs_0000013604|obs_0000007890,,
ELO,Edelstahl-Bratpfanne 20 cm Silicano,"€ 14,99","€ 34,90","pro Einheit = 14,99","pro Einheit = 14,99",Aus Edelstahl Energiesparender Kapselboden Mit hochwertiger Antihaftversiegelung Griff silikonummantelt Für alle Herdarten und Backofen geeignet Spülmaschinengeeignet Größe ca. Ø 20 cm,Nein,Dieses Angebot findest du vom 23.04. bis 29.04. in deiner Kaufland-Filiale.,2026-04-23,2026-04-29,../images/kaufland/kaufland_offer_420.jpg,cat_non_food,,,ref_000134,obs_0000033120|obs_0000015580|obs_0000026060,,,
ELO,Edelstahl-Bratpfanne 24 cm Silicano,"€ 17,99","€ 44,90","pro Einheit = 17,99","pro Einheit = 17,99",Aus Edelstahl Energiesparender Kapselboden Mit hochwertiger Antihaftversiegelung Griff silikonummantelt Für alle Herdarten und Backofen geeignet Spülmaschinengeeignet Größe ca. Ø 24 cm,Nein,Dieses Angebot findest du vom 23.04. bis 29.04. in deiner Kaufland-Filiale.,2026-04-23,2026-04-29,../images/kaufland/kaufland_offer_425.jpg,cat_non_food,,,ref_000135,obs_0000010259|obs_0000016633|obs_0000015581|obs_0000012556|obs_0000013120|obs_0000022346,,,
ELO,Edelstahl-Bratpfanne 28 cm Silicano,"€ 22,99","€ 54,90","pro Einheit = 22,99","pro Einheit = 22,99",Aus Edelstahl Energiesparender Kapselboden Mit hochwertiger Antihaftversiegelung Griff silikonummantelt Für alle Herdarten und Backofen geeignet Spülmaschinengeeignet Größe ca. Ø 28 cm,Nein,Dieses Angebot findest du vom 23.04. bis 29.04. in deiner Kaufland-Filiale.,2026-04-23,2026-04-29,../images/kaufland/kaufland_offer_424.jpg,cat_non_food,,,ref_000136,obs_0000015582|obs_0000012534,,,
ELO,Edelstahl-Topf 24 cm Silicano,"€ 19,99","€ 49,90","pro Einheit = 19,99","pro Einheit = 19,99",Aus Edelstahl Mit Innenskala Energiesparender Kapselboden Griffe silikonummantelt Mit stoßfestem Glasdeckel Für alle Herdarten und Backofen geeignet Spülmaschinengeeignet Größe ca. Ø 24 cm,Nein,Dieses Angebot findest du vom 23.04. bis 29.04. in deiner Kaufland-Filiale.,2026-04-23,2026-04-29,../images/kaufland/kaufland_offer_422.jpg,cat_non_food,,,ref_000137,obs_0000020499|obs_0000021318|obs_0000022346|obs_0000011708|obs_0000025578,,,
ELO,Edelstahl-Topf 28 cm Silicano,"€ 24,99","€ 69,90","pro Einheit = 24,99","pro Einheit = 24,99",Aus Edelstahl Mit Innenskala Energiesparender Kapselboden Griffe silikonummantelt Mit stoßfestem Glasdeckel Für alle Herdarten und Backofen geeignet Spülmaschinengeeignet Größe ca. Ø 28 cm,Nein,Dieses Angebot findest du vom 23.04. bis 29.04. in deiner Kaufland-Filiale.,2026-04-23,2026-04-29,../images/kaufland/kaufland_offer_421.jpg,cat_non_food,,,ref_000138,obs_0000012972|obs_0000011703,,,
ELO,Edelstahl-Wokpfanne 28 cm Silicano,"€ 22,99","€ 59,90","pro Einheit = 22,99","pro Einheit = 22,99",Aus Edelstahl Energiesparender Kapselboden Mit hochwertiger Antihaftversiegelung Griffe silikonummantelt Für alle Herdarten und Backofen geeignet Spülmaschinengeeignet Größe ca. Ø 28 cm,Nein,Dieses Angebot findest du vom 23.04. bis 29.04. in deiner Kaufland-Filiale.,2026-04-23,2026-04-29,../images/kaufland/kaufland_offer_423.jpg,"cat_non_food,diet_vegan",,,ref_000139,obs_0000022710|obs_0000015584|obs_0000001298|obs_0000001412,,,
NUII,Eis am Stiel,"€ 1,99","€ 3,99","1 l = 7,37","1 l = 7,37","mit knackiger Schokolade und besonderen Zutaten, versch. Sorten",Nein,Dieses Angebot findest du vom 27.04. bis 29.04. in deiner Kaufland-Filiale.,2026-04-27,2026-04-29,../images/kaufland/kaufland_offer_007.jpg,"cat_tiefkuehl,sub_tk_eis,tag_ultra_processed",,,ref_000140,obs_0000012333|obs_0000019529|obs_0000034392|obs_0000025743|obs_0000011490|obs_0000025829|obs_0000018692|obs_0000017710|obs_0000013168,obs_0000012333,,
K-CLASSIC,Eiskaffee oder Eisschoko,"€ 1,11","€ 1,39","pro Einheit = 1,00","pro Einheit = 1,00",kalt genießen,Nein,Dieses Angebot findest du vom 23.04. bis 29.04. in deiner Kaufland-Filiale.,2026-04-23,2026-04-29,../images/kaufland/kaufland_offer_165.jpg,"cat_molkerei_kaese,diet_gluten_free,diet_lactose_free,diet_vegan,diet_vegetarian,tag_ultra_processed",,,ref_000141,,,,
K-CLASSIC,Eistee,"€ 0,65","€ 0,79","1 l = 0,44","1 l = 0,44","klassisch oder Zero, mit Pfirsich- oder Zitronengeschmack (+ 0.25 Pfand)",Nein,Dieses Angebot findest du vom 23.04. bis 29.04. in deiner Kaufland-Filiale.,2026-04-23,2026-04-29,../images/kaufland/kaufland_offer_338.jpg,"cat_getraenke,diet_gluten_free,diet_lactose_free,diet_vegan,diet_vegetarian,tag_ultra_processed",,BLS-W291200,ref_000142,obs_0000012452|obs_0000026836|obs_0000002343|obs_0000027236|obs_0000015096|obs_0000023317|obs_0000009061|obs_0000011155|obs_0000019389|obs_0000003163|obs_0000013610|obs_0000027985|obs_0000017891|obs_0000022016|obs_0000024081|obs_0000017982|obs_0000014050|obs_0000008086|obs_0000024502|obs_0000008902|obs_0000023251|obs_0000000733|obs_0000030317|obs_0000032713|obs_0000007679|obs_0000006024|obs_0000030940|obs_0000031392|obs_0000007673,obs_0000012452|obs_0000026836|obs_0000002343|obs_0000027236|obs_0000015096|obs_0000023317|obs_0000009061|obs_0000011155|obs_0000019389|obs_0000003163|obs_0000013610|obs_0000027985|obs_0000017891|obs_0000022016|obs_0000024081|obs_0000017982|obs_0000014050|obs_0000008086|obs_0000024502,,
CRAZY WOLF,Energy Drink oder Strong Cola,"€ 0,33","€ 0,39","1 l = 1,00","1 l = 1,00","koffeinhaltig, versch. Sorten, auch ohne Zucker (+ 0.25 Pfand)",Nein,Dieses Angebot findest du vom 23.04. bis 29.04. in deiner Kaufland-Filiale.,2026-04-23,2026-04-29,../images/kaufland/kaufland_offer_337.jpg,"cat_getraenke,tag_ultra_processed",,,ref_000143,obs_0000014843|obs_0000012873|obs_0000015296|obs_0000016089|obs_0000012000|obs_0000016414|obs_0000020512|obs_0000026684|obs_0000002158|obs_0000026742|obs_0000002214|obs_0000000193|obs_0000026886|obs_0000004389|obs_0000024876|obs_0000000304|obs_0000014658|obs_0000022864|obs_0000018775|obs_0000016807|obs_0000002490|obs_0000022971|obs_0000018931|obs_0000010758|obs_0000021058|obs_0000017046|obs_0000025242|obs_0000027310|obs_0000004816|obs_0000033497|obs_0000019186|obs_0000008960|obs_0000025348|obs_0000023301|obs_0000021331|obs_0000013175|obs_0000027531|obs_0000017338|obs_0000011333|obs_0000011355|obs_0000031887|obs_0000023733|obs_0000027877|obs_0000013614|obs_0000034110|obs_0000021846|obs_0000009616|obs_0000026042|obs_0000022027|obs_0000028180,obs_0000014843|obs_0000012873,,
HOLY,Energy oder Hydration Drink,"€ 3,99",,"1 kg = 190,00","1 kg = 190,00","zum Mischen mit 0,5 l Wasser, versch. Sorten, z. T. koffeinhaltig",Nein,Dieses Angebot findest du vom 23.04. bis 29.04. in deiner Kaufland-Filiale.,2026-04-23,2026-04-29,../images/kaufland/kaufland_offer_335.jpg,"cat_getraenke,tag_ultra_processed",,,ref_000144,obs_0000010757|obs_0000012000|obs_0000015296|obs_0000016089|obs_0000016414|obs_0000000193|obs_0000024876|obs_0000000304|obs_0000016807|obs_0000017046|obs_0000025242|obs_0000033497|obs_0000008960|obs_0000025348|obs_0000017338|obs_0000034110|obs_0000009616|obs_0000026042|obs_0000018063|obs_0000026353|obs_0000018194|obs_0000010050|obs_0000001917|obs_0000026684|obs_0000002158|obs_0000026742|obs_0000002214|obs_0000026886|obs_0000018775|obs_0000002490|obs_0000018931|obs_0000010758|obs_0000027310|obs_0000019186|obs_0000027531|obs_0000011333|obs_0000011355|obs_0000027877|obs_0000028180|obs_0000020239|obs_0000028455|obs_0000028526|obs_0000003962|obs_0000012204|obs_0000028643|obs_0000020512|obs_0000004389|obs_0000021058|obs_0000012873|obs_0000004816,,,
HOLY,Energy oder Hydration Drink Starter Set,"€ 7,99",,"pro Einheit = 7,99","pro Einheit = 7,99","Shaker und 4 x 7 g Getränkepulver in versch. Sorten, zum Mischen mit 0,5 l Wasser, z. T. koffeinhaltig",Nein,Dieses Angebot findest du vom 23.04. bis 29.04. in deiner Kaufland-Filiale.,2026-04-23,2026-04-29,../images/kaufland/kaufland_offer_336.jpg,"cat_getraenke,tag_ultra_processed",,,ref_000145,obs_0000010757|obs_0000010758|obs_0000022027|obs_0000028180|obs_0000016414|obs_0000020512|obs_0000026684|obs_0000021058|obs_0000011333|obs_0000024154|obs_0000011355|obs_0000002158|obs_0000013428|obs_0000026742|obs_0000018063|obs_0000031887|obs_0000017046|obs_0000025242|obs_0000022523|obs_0000002214|obs_0000013993|obs_0000027310|obs_0000023733|obs_0000000193|obs_0000004816|obs_0000033497|obs_0000015588|obs_0000027877|obs_0000008431|obs_0000026353|obs_0000019186|obs_0000008960|obs_0000025348|obs_0000023301|obs_0000026886|obs_0000020239|obs_0000018194|obs_0000004389|obs_0000028455|obs_0000024876|obs_0000013614|obs_0000000304|obs_0000034110|obs_0000010050|obs_0000014658|obs_0000022864|obs_0000012113|obs_0000021331|obs_0000021846|obs_0000018775,obs_0000010757,,
PHILIPS,Entkalker CA6700 10,"€ 4,99","€ 8,99","1 l = 19,96","1 l = 19,96",Für alle Kaffeemaschinen,Nein,Dieses Angebot findest du vom 23.04. bis 29.04. in deiner Kaufland-Filiale.,2026-04-23,2026-04-29,../images/kaufland/kaufland_offer_390.jpg,"cat_non_food,tag_ultra_processed",,,ref_000146,,,,
K-CLASSIC,Erdnüsse,"€ 0,79",,"1 kg = 5,27","1 kg = 5,27","geröstet, versch. Sorten",Nein,Dieses Angebot findest du vom 23.04. bis 29.04. in deiner Kaufland-Filiale.,2026-04-23,2026-04-29,../images/kaufland/kaufland_offer_263.jpg,"cat_knabbern_naschen,diet_gluten_free,diet_lactose_free,diet_vegan,diet_vegetarian,sub_huelsenfruechte,tag_high_protein,tag_proteinreich,tag_ultra_processed",,BLS-Q210000,ref_000147,obs_0000010727|obs_0000000013|obs_0000026796|obs_0000008481|obs_0000031681|obs_0000019397|obs_0000019492|obs_0000027867|obs_0000011550|obs_0000001319|obs_0000013618|obs_0000027959|obs_0000032179|obs_0000003728|obs_0000026308|obs_0000010439|obs_0000006234|obs_0000004220|obs_0000018565|obs_0000022799|obs_0000006602|obs_0000000481|obs_0000027115|obs_0000004647|obs_0000005074|obs_0000015325|obs_0000009228|obs_0000007489|obs_0000003465|obs_0000009709|obs_0000022065|obs_0000030315|obs_0000018136|obs_0000018211|obs_0000008092|obs_0000030669|obs_0000012244|obs_0000026588|obs_0000008186|obs_0000008876|obs_0000028666|obs_0000007188|obs_0000001449|obs_0000028549|obs_0000031609|obs_0000001722,obs_0000000013|obs_0000026796|obs_0000010439|obs_0000008481|obs_0000010727|obs_0000031681|obs_0000019397|obs_0000019492|obs_0000027867|obs_0000011550|obs_0000001319|obs_0000013618|obs_0000027959|obs_0000032179|obs_0000003728|obs_0000026308,,
AFRI COLA,Erfrischungsgetränk,"€ 0,79","€ 1,39","pro Einheit = 1,00","pro Einheit = 1,00","versch. Sorten, koffeinhaltig (+ 0.25 Pfand)",Nein,Dieses Angebot findest du vom 23.04. bis 29.04. in deiner Kaufland-Filiale.,2026-04-23,2026-04-29,../images/kaufland/kaufland_offer_294.jpg,"cat_getraenke,tag_ultra_processed",,,ref_000148,obs_0000015479|obs_0000011154|obs_0000017948|obs_0000010013|obs_0000014624|obs_0000015906|obs_0000009895|obs_0000009513|obs_0000022058|obs_0000022185|obs_0000023728|obs_0000013619|obs_0000008378|obs_0000011968|obs_0000023744|obs_0000015052|obs_0000023247|obs_0000009431|obs_0000024155|obs_0000012664|obs_0000024168|obs_0000010736|obs_0000018552|obs_0000013177|obs_0000012413|obs_0000012451|obs_0000011560|obs_0000013620|obs_0000014659|obs_0000010759|obs_0000026061|obs_0000014298|obs_0000006024|obs_0000005272|obs_0000015296|obs_0000016089|obs_0000012000|obs_0000007679|obs_0000006900,obs_0000011154|obs_0000017948|obs_0000010013|obs_0000014624|obs_0000015906|obs_0000009895|obs_0000011560|obs_0000009513|obs_0000022058|obs_0000022185|obs_0000023728|obs_0000013619|obs_0000008378|obs_0000011968|obs_0000023744|obs_0000015052|obs_0000023247|obs_0000009431|obs_0000024155|obs_0000012664|obs_0000024168|obs_0000010736|obs_0000015479|obs_0000018552|obs_0000013177|obs_0000012413,,
K-CLASSIC,Erfrischungsstäbchen,"€ 1,69",,"1 kg = 11,27","1 kg = 11,27","mit flüssigem Kern, Orange-Zitrone-Geschmack",Nein,Dieses Angebot findest du vom 23.04. bis 29.04. in deiner Kaufland-Filiale.,2026-04-23,2026-04-29,../images/kaufland/kaufland_offer_275.jpg,"cat_knabbern_naschen,sub_tk_fertiggerichte,tag_ultra_processed",,,ref_000149,,,,
BÄRENMARKE,Ergiebige Kaffee-Milch,"€ 0,99","€ 1,85","1 kg = 2,92","1 kg = 2,92","Kondensmilch, 10 % Fett",Nein,Dieses Angebot findest du vom 27.04. bis 29.04. in deiner Kaufland-Filiale.,2026-04-27,2026-04-29,../images/kaufland/kaufland_offer_009.jpg,"cat_molkerei_kaese,diet_gluten_free,diet_lactose_free,diet_vegan,diet_vegetarian,sub_milchprodukte",,,ref_000150,obs_0000013621|obs_0000015682|obs_0000013262|obs_0000011344|obs_0000029027|obs_0000003614|obs_0000012856|obs_0000026178|obs_0000012375|obs_0000011954|obs_0000014593|obs_0000000796|obs_0000024909|obs_0000013724|obs_0000015279|obs_0000010719|obs_0000022517,obs_0000013621|obs_0000015682,,
LEIFHEIT,Ersatzkopf für Clean Twist Disc Mop,"€ 5,99","€ 10,99","pro Einheit = 5,99","pro Einheit = 5,99",Mikrofaser- und Spezialborsten 2-Faser-System für doppelte Reinigungskraft Waschbar bis 60 °C Für alle Bodenarten,Nein,Dieses Angebot findest du vom 23.04. bis 29.04. in deiner Kaufland-Filiale.,2026-04-23,2026-04-29,../images/kaufland/kaufland_offer_430.jpg,cat_drogerie,,,ref_000151,obs_0000012958,obs_0000012958,,
CILLIT BANG,Expert Kraftreiniger,"€ 2,22",,"1 l = 2,96","1 l = 2,96",fürs Bad gegen Kalk und Schmutz oder Fettlöser für die Küche,Nein,Dieses Angebot findest du vom 23.04. bis 29.04. in deiner Kaufland-Filiale.,2026-04-23,2026-04-29,../images/kaufland/kaufland_offer_345.jpg,cat_drogerie,,,ref_000152,obs_0000011602|obs_0000027009,obs_0000011602,,
CORONA,Extra,"€ 14,99","€ 21,49","1 l = 2,12","1 l = 2,12",Bierspezialität (+ 3.10 Pfand),Nein,Dieses Angebot findest du vom 23.04. bis 29.04. in deiner Kaufland-Filiale.,2026-04-23,2026-04-29,../images/kaufland/kaufland_offer_333.jpg,cat_getraenke,,,ref_000153,obs_0000015501|obs_0000012446|obs_0000015088|obs_0000011593|obs_0000013180|obs_0000002069|obs_0000014367|obs_0000013624|obs_0000019269|obs_0000012176|obs_0000018461|obs_0000021023|obs_0000028744|obs_0000020612|obs_0000015009|obs_0000009892|obs_0000000170|obs_0000030908|obs_0000009428|obs_0000026852|obs_0000009965|obs_0000020204|obs_0000019705|obs_0000027421|obs_0000009504|obs_0000008483|obs_0000035092|obs_0000028478|obs_0000032079|obs_0000022357|obs_0000026966|obs_0000019801|obs_0000022375|obs_0000014194|obs_0000012688|obs_0000030610|obs_0000029096|obs_0000021431|obs_0000010707|obs_0000021993|obs_0000031242|obs_0000033806|obs_0000000536|obs_0000025631|obs_0000015395|obs_0000009772|obs_0000012351|obs_0000019007|obs_0000028231|obs_0000000095,obs_0000002069|obs_0000014367|obs_0000015501|obs_0000012446|obs_0000015088|obs_0000013624|obs_0000019269|obs_0000011593|obs_0000013180|obs_0000012176|obs_0000030610,,
SWITCH ON,Faltbares Solarladegerät 100 W,"€ 79,99",,"pro Einheit = 79,99","pro Einheit = 79,99","4 verbundene monokristalline Solarzellen Gesamtleistung max. 100 W Ausgänge: USB-A, USB-C, DC5521 und XT60 Panel neigbar auf 30°, 35° oder 45° Mit 4 Aufhängeschlaufen und Tragegriff Mit 2 Standfüßen Wirkungsgrad Energieumwandlung max. 22 % Überspannungs- und Kurzschlussschutz Schutzklasse IP67 Größe ca. B 139 x H 56 x T 3 cm Geklappt ca. B 40 x H 56 x T 5,5 cm Inkl. 2-m-Kabel (XT60 zu XT60) 3 Jahre Garantie",Nein,Dieses Angebot findest du vom 23.04. bis 29.04. in deiner Kaufland-Filiale.,2026-04-23,2026-04-29,../images/kaufland/kaufland_offer_370.jpg,cat_non_food,,,ref_000154,,,,
STAEDTLER,Fasermaler-Set Noris jumbo,"€ 5,99","€ 11,40","pro Einheit = 12,00","pro Einheit = 12,00",Ergonomischer Stiftschaft in Dreikantform Optimal greifbar für Kinderhände Linienbreite ca. 3 mm Dermatologisch getestet Auswaschbar aus den meisten Textilien Für Kinder ab 4 Jahren,Nein,Dieses Angebot findest du vom 23.04. bis 29.04. in deiner Kaufland-Filiale.,2026-04-23,2026-04-29,../images/kaufland/kaufland_offer_401.jpg,cat_non_food,,,ref_000155,,,,
LEIFHEIT,Fensterabzieher Window Slider M,"€ 5,99","€ 10,99","pro Einheit = 5,99","pro Einheit = 5,99",Mit Gummi-Abziehlippe Bewegliches Gelenk Kombinierbar mit Leifheit Click-System-Stiel Wischbreite ca. 28 cm,Nein,Dieses Angebot findest du vom 23.04. bis 29.04. in deiner Kaufland-Filiale.,2026-04-23,2026-04-29,../images/kaufland/kaufland_offer_439.jpg,cat_non_food,,,ref_000156,obs_0000012956|obs_0000015300,obs_0000012956|obs_0000015300,,
LEIFHEIT,Fenstersauger Dry Clean,"€ 39,99","€ 64,99","pro Einheit = 39,99","pro Einheit = 39,99","Für Glasflächen, Fliesen, Duschkabinen etc. 360° verwendbar (auch schräg und überkopf) Austauschbare Absaugdüse ca. 28 cm Akku-Laufzeit bis zu 38 min (110 m²) Kombinierbar mit Leifheit ClickSystem-Stielen",Nein,Dieses Angebot findest du vom 23.04. bis 29.04. in deiner Kaufland-Filiale.,2026-04-23,2026-04-29,../images/kaufland/kaufland_offer_388.jpg,cat_non_food,,,ref_000157,obs_0000015544|obs_0000012057,obs_0000015544|obs_0000012057,,
Keine Marke,Fensterwischer,"€ 5,99",,"pro Einheit = 5,99","pro Einheit = 5,99",2 in 1: Reinigungskopf mit auswechselbarem Mikrofaserbezug und Abziehlippe > Mikrofaserbezug mit Klettverschluss > Aluminium-Teleskopgriff (ca. 70 - 120 cm) > Größe (Reinigungskopf) ca. 33 x 18 cm,Nein,Dieses Angebot findest du vom 23.04. bis 29.04. in deiner Kaufland-Filiale.,2026-04-23,2026-04-29,../images/kaufland/kaufland_offer_429.jpg,"cat_obst_gemuese,diet_gluten_free,diet_lactose_free,diet_vegan,diet_vegetarian,tag_whole_food",,,ref_000158,obs_0000012101|obs_0000015589,,,
IGLO,Filegro,"€ 2,79",,"1 kg = 11,16 - 11,63","1 kg = 11,16 - 11,63","Fisch-Portionsfilets, versch. Sorten",Nein,Dieses Angebot findest du vom 23.04. bis 29.04. in deiner Kaufland-Filiale.,2026-04-23,2026-04-29,../images/kaufland/kaufland_offer_189.jpg,"cat_tiefkuehl,sub_tk_fertiggerichte,sub_tk_gemuese,tag_ultra_processed",,,ref_000159,obs_0000012825|obs_0000026657|obs_0000014388|obs_0000011343|obs_0000021644|obs_0000021821|obs_0000020825|obs_0000028673|obs_0000031419|obs_0000008387|obs_0000028553|obs_0000022503|obs_0000010938|obs_0000029702|obs_0000030852|obs_0000032643|obs_0000006152|obs_0000006843|obs_0000005581,obs_0000012825|obs_0000026657|obs_0000014388|obs_0000011343|obs_0000021644|obs_0000021821|obs_0000020825,,
PHILIPS,Filter AquaClean CA6903 10 für Kaffeevollautomaten,"€ 9,99","€ 19,99","pro Einheit = 9,99","pro Einheit = 9,99",Ionenaustausch-Technologie entfernt Kalk Für bis zu 5.000 Tassen ohne Entkalken,Nein,Dieses Angebot findest du vom 23.04. bis 29.04. in deiner Kaufland-Filiale.,2026-04-23,2026-04-29,../images/kaufland/kaufland_offer_385.jpg,"cat_non_food,diet_gluten_free,diet_lactose_free,diet_vegan,diet_vegetarian,sub_frisches_gemuese",,,ref_000160,,,,
STAEDTLER,Fingemalfarben-Set Noris junior,"€ 9,99","€ 17,25","pro Einheit = 6,00","pro Einheit = 6,00",Premium-Qualität Auf Wasserbasis Sehr gut mischbar Schnelltrocknend Aus den meisten Textilien leicht auswaschbar Für Kinder ab 2 Jahren,Nein,Dieses Angebot findest du vom 23.04. bis 29.04. in deiner Kaufland-Filiale.,2026-04-23,2026-04-29,../images/kaufland/kaufland_offer_403.jpg,cat_non_food,,,ref_000161,obs_0000032835,,,
KAUFFER S,Flammkuchen,"€ 1,99","€ 3,29","1 kg = 7,66","1 kg = 7,66","aus dem Elsass, Original mit Rahm, Speck und Zwiebel",Nein,Dieses Angebot findest du vom 23.04. bis 29.04. in deiner Kaufland-Filiale.,2026-04-23,2026-04-29,../images/kaufland/kaufland_offer_185.jpg,"cat_tiefkuehl,sub_tk_pizza,tag_ultra_processed",,,ref_000162,obs_0000003616|obs_0000023713|obs_0000023992|obs_0000024135|obs_0000022366|obs_0000024418|obs_0000027386|obs_0000018047|obs_0000023990|obs_0000024415|obs_0000013174|obs_0000002169|obs_0000011901|obs_0000025086|obs_0000021004|obs_0000033686|obs_0000013342|obs_0000025032|obs_0000020185|obs_0000003701|obs_0000012202|obs_0000014511|obs_0000015695|obs_0000030169|obs_0000032637|obs_0000031989|obs_0000006150|obs_0000006664|obs_0000007601|obs_0000005579|obs_0000023294,obs_0000003616|obs_0000023713|obs_0000023992|obs_0000024135|obs_0000022366|obs_0000024418|obs_0000027386|obs_0000018047,,
Popp,Fleischsalat,"€ 1,29","€ 1,79","1 kg = 6,45","1 kg = 6,45",versch. Sorten,Nein,Dieses Angebot findest du vom 23.04. bis 29.04. in deiner Kaufland-Filiale.,2026-04-23,2026-04-29,../images/kaufland/kaufland_offer_203.jpg,"cat_grundnahrung,diet_lactose_free,diet_vegan,diet_vegetarian,sub_frisches_gemuese,sub_salate,tag_ultra_processed",,BLS-W234000,ref_000163,obs_0000010665|obs_0000009137|obs_0000012215|obs_0000027847|obs_0000028813|obs_0000033969|obs_0000030455|obs_0000028926|obs_0000028421|obs_0000031785|obs_0000012833|obs_0000027307|obs_0000011064|obs_0000032620|obs_0000010368|obs_0000034940|obs_0000033951|obs_0000032301|obs_0000026567|obs_0000030156|obs_0000006529|obs_0000030611|obs_0000006695|obs_0000005237,obs_0000028813|obs_0000010665|obs_0000009137|obs_0000033969|obs_0000012215|obs_0000027847|obs_0000025830|obs_0000030455|obs_0000028926,,x
K-WERTSCHÄTZE,Fleischwurst aus eigener Herstellung,"€ 1,11",,"pro Einheit = 100,00","pro Einheit = 100,00","mild geräuchert, herzhaft gewürzt",Nein,Dieses Angebot findest du vom 23.04. bis 29.04. in deiner Kaufland-Filiale.,2026-04-23,2026-04-29,../images/kaufland/kaufland_offer_141.jpg,"cat_fleisch_wurst,sub_wurst,tag_ultra_processed",,,ref_000164,obs_0000014928|obs_0000011863|obs_0000027764|obs_0000008871|obs_0000034472|obs_0000034703,,,
LEIFHEIT,Fliesenwischer FlexiPad,"€ 4,99","€ 11,99","pro Einheit = 4,99","pro Einheit = 4,99",Micro-Duo-Bezug Wischbreite ca. 20 cm Kombinierbar mit Leifheit Click-System-Stiel 360°-Drehgelenk Abziehlippe Runde Aussparung für Armaturen,Nein,Dieses Angebot findest du vom 23.04. bis 29.04. in deiner Kaufland-Filiale.,2026-04-23,2026-04-29,../images/kaufland/kaufland_offer_438.jpg,cat_non_food,,,ref_000165,obs_0000015304|obs_0000013004,obs_0000015304|obs_0000013004,,
K-CLASSIC,Flips,"€ 0,79","€ 0,99","1 kg = 3,95 - 6,32","1 kg = 3,95 - 6,32","Erdnussflips, klassik oder light, oder Käseflips",Nein,Dieses Angebot findest du vom 27.04. bis 29.04. in deiner Kaufland-Filiale.,2026-04-27,2026-04-29,../images/kaufland/kaufland_offer_620.jpg,"cat_knabbern_naschen,diet_gluten_free,diet_lactose_free,diet_vegetarian,tag_ultra_processed",,,ref_000166,obs_0000015451|obs_0000021047|obs_0000021843|obs_0000011957|obs_0000001721|obs_0000020228|obs_0000030330,obs_0000015451,,
K-CLASSIC,Focaccia,"€ 1,59","€ 1,99","1 kg = 4,82 - 5,30","1 kg = 4,82 - 5,30",Knoblauch-Kräuter-Mozzarella oder Paprika-Olive,Nein,Dieses Angebot findest du vom 23.04. bis 29.04. in deiner Kaufland-Filiale.,2026-04-23,2026-04-29,../images/kaufland/kaufland_offer_196.jpg,"cat_grundnahrung,diet_gluten_free,diet_lactose_free,diet_vegan,diet_vegetarian,tag_ultra_processed,tag_whole_food",,,ref_000167,obs_0000007585,,,
PR SIDENT,Franz Weichkäse,"€ 2,49","€ 3,29","1 kg = 12,45","1 kg = 12,45","aus Kuhmilch, La Brique oder Carré Gourmet, 50 - 60 % Fett i. Tr.",Nein,Dieses Angebot findest du vom 23.04. bis 29.04. in deiner Kaufland-Filiale.,2026-04-23,2026-04-29,../images/kaufland/kaufland_offer_167.jpg,"cat_molkerei_kaese,sub_kaese,sub_milchprodukte",,,ref_000168,obs_0000012324|obs_0000014416|obs_0000013638|obs_0000015800|obs_0000011898|obs_0000011050|obs_0000013202|obs_0000010262|obs_0000018456|obs_0000028718|obs_0000009810|obs_0000017509|obs_0000009341|obs_0000023373|obs_0000028005|obs_0000022418|obs_0000023007|obs_0000012800,obs_0000012324|obs_0000014416|obs_0000011898|obs_0000011050|obs_0000013638|obs_0000013202|obs_0000015800,,
BÄRENMARKE,Frische Milch 1 8 Fett,"€ 0,99","€ 1,49","pro Einheit = 1,00","pro Einheit = 1,00","fettarm, 1,8 % Fett",Nein,Dieses Angebot findest du vom 23.04. bis 29.04. in deiner Kaufland-Filiale.,2026-04-23,2026-04-29,../images/kaufland/kaufland_offer_152.jpg,"cat_molkerei_kaese,diet_vegetarian,sub_milchprodukte",,,ref_000169,obs_0000001632|obs_0000000188|obs_0000014372|obs_0000026965|obs_0000010924|obs_0000026520|obs_0000002860|obs_0000002896|obs_0000033695|obs_0000000992|obs_0000027928|obs_0000026371|obs_0000014938|obs_0000017214|obs_0000031717|obs_0000033979|obs_0000000796|obs_0000003614|obs_0000026178,obs_0000001632,,
BÄRENMARKE,Frische Vollmilch 3 8 Fett,"€ 0,99","€ 1,59","pro Einheit = 1,00","pro Einheit = 1,00","3,8 % Fett",Nein,Dieses Angebot findest du vom 23.04. bis 29.04. in deiner Kaufland-Filiale.,2026-04-23,2026-04-29,../images/kaufland/kaufland_offer_153.jpg,"cat_molkerei_kaese,diet_vegetarian,sub_milchprodukte,tag_whole_food",,,ref_000170,obs_0000015788|obs_0000027279|obs_0000014484|obs_0000017140|obs_0000011033|obs_0000017304|obs_0000013236|obs_0000014938|obs_0000001632|obs_0000031525|obs_0000023028|obs_0000001050|obs_0000031903,,,
K-CLASSIC,Frischer Blätterteig,"€ 0,79","€ 0,95","1 kg = 2,88","1 kg = 2,88",ausgerollt auf Backpapier,Nein,Dieses Angebot findest du vom 23.04. bis 29.04. in deiner Kaufland-Filiale.,2026-04-23,2026-04-29,../images/kaufland/kaufland_offer_199.jpg,"cat_grundnahrung,diet_vegetarian,sub_milchprodukte,tag_ultra_processed",,BLS-D771900,ref_000171,obs_0000010658|obs_0000013206|obs_0000027490|obs_0000008032|obs_0000028714|obs_0000026822|obs_0000031458|obs_0000028096|obs_0000028407|obs_0000028591|obs_0000005756,obs_0000010658|obs_0000027490|obs_0000013206|obs_0000008032,,
K-CLASSIC,Frischer Kakao,"€ 1,39","€ 1,79","pro Einheit = 1,00","pro Einheit = 1,00","mit Landmilch 3,8 % Fett",Nein,Dieses Angebot findest du vom 23.04. bis 29.04. in deiner Kaufland-Filiale.,2026-04-23,2026-04-29,../images/kaufland/kaufland_offer_159.jpg,"cat_molkerei_kaese,diet_vegetarian,tag_ultra_processed",,,ref_000172,obs_0000028104|obs_0000014874|obs_0000011316,obs_0000028104,,
GLASSLOCK,Frischhaltedose ca 1 000 ml,"€ 5,99","€ 16,50","pro Einheit = 5,99","pro Einheit = 5,99","Aus getempertem Glas Kunststoffdeckel mit Silikondichtung Stapelbar, luft- und wasserdicht Gefrier-, mikrowellen- und spülmaschinengeeignet Volumen ca. 1.000 ml",Nein,Dieses Angebot findest du vom 23.04. bis 29.04. in deiner Kaufland-Filiale.,2026-04-23,2026-04-29,../images/kaufland/kaufland_offer_415.jpg,cat_non_food,,,ref_000173,obs_0000009123,,,
GLASSLOCK,Frischhaltedose ca 1 200 ml,"€ 6,99","€ 16,90","pro Einheit = 6,99","pro Einheit = 6,99","Aus getempertem Glas Kunststoffdeckel mit Silikondichtung Stapelbar, luft- und wasserdicht Gefrier-, mikrowellen- und spülmaschinengeeignet Volumen ca. 1.200 ml",Nein,Dieses Angebot findest du vom 23.04. bis 29.04. in deiner Kaufland-Filiale.,2026-04-23,2026-04-29,../images/kaufland/kaufland_offer_417.jpg,cat_non_food,,,ref_000174,obs_0000009123,,,
GLASSLOCK,Frischhaltedose ca 400 ml,"€ 3,99","€ 10,50","pro Einheit = 3,99","pro Einheit = 3,99","Aus getempertem Glas Kunststoffdeckel mit Silikondichtung Stapelbar, luft- und wasserdicht Gefrier-, mikrowellen- und spülmaschinengeeignet Volumen ca. 400 ml",Nein,Dieses Angebot findest du vom 23.04. bis 29.04. in deiner Kaufland-Filiale.,2026-04-23,2026-04-29,../images/kaufland/kaufland_offer_418.jpg,cat_non_food,,,ref_000175,obs_0000009123,,,
GLASSLOCK,Frischhaltedose ca 490 ml,"€ 3,99","€ 11,90","pro Einheit = 3,99","pro Einheit = 3,99","Aus getempertem Glas Kunststoffdeckel mit Silikondichtung Stapelbar, luft- und wasserdicht Gefrier-, mikrowellen- und spülmaschinengeeignet Volumen ca. 490 ml",Nein,Dieses Angebot findest du vom 23.04. bis 29.04. in deiner Kaufland-Filiale.,2026-04-23,2026-04-29,../images/kaufland/kaufland_offer_416.jpg,cat_non_food,,,ref_000176,obs_0000009123,,,
CURVER,Frischhaltedosen-Set eckig Deco Chef,"€ 4,99","€ 7,99","pro Einheit = 3,00","pro Einheit = 3,00","Aus Kunststoff Temperaturbeständig von -30 bis +100 °C Spülmaschinengeeignet Versch. Farben Größe je ca. B 23 x H 9,5 x T 15 cm (je ca. 1 l)",Nein,Dieses Angebot findest du vom 23.04. bis 29.04. in deiner Kaufland-Filiale.,2026-04-23,2026-04-29,../images/kaufland/kaufland_offer_454.jpg,cat_non_food,,,ref_000177,obs_0000012984|obs_0000023553|obs_0000000775|obs_0000016023|obs_0000016027|obs_0000016029|obs_0000012139|obs_0000012547|obs_0000012549|obs_0000012527|obs_0000012531,,,
CURVER,Frischhaltedosen-Set Deco Chef,"€ 4,99","€ 7,99","pro Einheit = 3,00","pro Einheit = 3,00","Aus Kunststoff Temperaturbeständig von -30 bis +100 °C Spülmaschinengeeignet Größen ca. Ø 13, 18, 21 cm (ca. 0,5/1,2/2 l)",Nein,Dieses Angebot findest du vom 23.04. bis 29.04. in deiner Kaufland-Filiale.,2026-04-23,2026-04-29,../images/kaufland/kaufland_offer_455.jpg,cat_non_food,,,ref_000178,obs_0000000775|obs_0000023553|obs_0000016023|obs_0000016027|obs_0000016029|obs_0000012139|obs_0000012527|obs_0000012531|obs_0000012547|obs_0000012549,,,
KNACK BACK,Frischteig-Produkt,"€ 4,00",,"1 kg = 3,34 - 7,70","1 kg = 3,34 - 7,70",versch. Sorten,Nein,Dieses Angebot findest du vom 23.04. bis 29.04. in deiner Kaufland-Filiale.,2026-04-23,2026-04-29,../images/kaufland/kaufland_offer_197.jpg,"cat_grundnahrung,tag_ultra_processed",,,ref_000179,obs_0000010659|obs_0000014856|obs_0000012683,obs_0000010659|obs_0000014856|obs_0000012683,,
K-WERTSCHÄTZE,Frischwurst-Aufschnitt aus eigener Herstellung,"€ 1,19",,"pro Einheit = 100,00","pro Einheit = 100,00",versch. Sorten,Nein,Dieses Angebot findest du vom 23.04. bis 29.04. in deiner Kaufland-Filiale.,2026-04-23,2026-04-29,../images/kaufland/kaufland_offer_140.jpg,"cat_fleisch_wurst,sub_wurst,tag_ultra_processed",,,ref_000180,obs_0000015363|obs_0000009229|obs_0000011865|obs_0000001726|obs_0000026919|obs_0000009055|obs_0000028037|obs_0000000916,,,
K-CLASSIC,Frittieröl,"€ 3,33","€ 4,49","1 l = 1,67","1 l = 1,67","hochwertig, hocherhitzbar",Nein,Dieses Angebot findest du vom 23.04. bis 29.04. in deiner Kaufland-Filiale.,2026-04-23,2026-04-29,../images/kaufland/kaufland_offer_222.jpg,"cat_grundnahrung,diet_gluten_free,diet_lactose_free,diet_vegan,diet_vegetarian,tag_ultra_processed",,,ref_000181,obs_0000013645|obs_0000009642,obs_0000013645,,
LA GIOIOSA,Frizzante Bianco,"€ 2,99","€ 3,79","1 l = 3,99","1 l = 3,99","trockener Schaumwein aus Italien, ideal als Aperitif",Nein,Dieses Angebot findest du vom 23.04. bis 29.04. in deiner Kaufland-Filiale.,2026-04-23,2026-04-29,../images/kaufland/kaufland_offer_323.jpg,cat_getraenke,,,ref_000182,obs_0000013208|obs_0000009893|obs_0000011591|obs_0000009429|obs_0000026485|obs_0000033580|obs_0000019796|obs_0000016478,obs_0000013208|obs_0000009893|obs_0000011591|obs_0000009429,,
KATJES,Fruchtgummis oder Lakritze,"€ 3,00",,"1 kg = 3,58","1 kg = 3,58","ohne tierische Gelatine, versch. Sorten",Nein,Dieses Angebot findest du vom 23.04. bis 29.04. in deiner Kaufland-Filiale.,2026-04-23,2026-04-29,../images/kaufland/kaufland_offer_284.jpg,"cat_knabbern_naschen,tag_ultra_processed",,,ref_000183,obs_0000012671|obs_0000010731|obs_0000014618|obs_0000015898|obs_0000011963|obs_0000001818,obs_0000014618|obs_0000012671|obs_0000010731|obs_0000015898|obs_0000011963,,
VALENSINA,Fruchtsaft,"€ 5,97",,"pro Einheit = 1,00","pro Einheit = 1,00",versch. Sorten (+ 0.25 Pfand),Nein,Dieses Angebot findest du vom 23.04. bis 29.04. in deiner Kaufland-Filiale.,2026-04-23,2026-04-29,../images/kaufland/kaufland_offer_300.jpg,cat_getraenke,,BLS-F010600,ref_000184,obs_0000015911|obs_0000011566|obs_0000015294|obs_0000012691|obs_0000010538|obs_0000007893|obs_0000007670,obs_0000012691|obs_0000015911|obs_0000010538|obs_0000011566|obs_0000015294|obs_0000008683,,
ESCAL,Frutti di Mare Classic,"€ 4,99",,"1 kg = 11,09","1 kg = 11,09","edle Meeresfrüchte-Mischung, vorgekocht",Nein,Dieses Angebot findest du vom 23.04. bis 29.04. in deiner Kaufland-Filiale.,2026-04-23,2026-04-29,../images/kaufland/kaufland_offer_190.jpg,"cat_tiefkuehl,diet_gluten_free,diet_lactose_free,diet_vegan,diet_vegetarian,tag_ultra_processed",,,ref_000185,obs_0000009998|obs_0000009536|obs_0000000098|obs_0000010614|obs_0000013210|obs_0000025668|obs_0000028751|obs_0000001628|obs_0000001643|obs_0000020596|obs_0000015018|obs_0000026884|obs_0000011543|obs_0000024877|obs_0000035101|obs_0000034649|obs_0000021415|obs_0000031658,obs_0000009998|obs_0000009536,,
Keine Marke,Fugenbürste mit Abzieher,"€ 1,79",,"pro Einheit = 1,79","pro Einheit = 1,79",Für Fugen/Vertiefungen in Tür- und Fensterrahmen Mit Abziehleiste zum Entfernen von Feuchtigkeit,Nein,Dieses Angebot findest du vom 23.04. bis 29.04. in deiner Kaufland-Filiale.,2026-04-23,2026-04-29,../images/kaufland/kaufland_offer_446.jpg,"cat_obst_gemuese,diet_gluten_free,diet_lactose_free,diet_vegan,diet_vegetarian,tag_ultra_processed,tag_whole_food",,,ref_000186,,,,
K-BLUE BAY,Garnelenspieße,"€ 2,19","€ 2,99","1 kg = 18,25","1 kg = 18,25","roh, geschält, aufgetaut, in Kräuter-Knoblauch- oder Curry-Marinade",Nein,Dieses Angebot findest du vom 23.04. bis 29.04. in deiner Kaufland-Filiale.,2026-04-23,2026-04-29,../images/kaufland/kaufland_offer_148.jpg,cat_fisch_meeresfruechte,,,ref_000187,obs_0000026809,,,
ULUDAG,Gazoz,"€ 0,79","€ 0,99","1 l = 2,40","1 l = 2,40","Erfrischungsgetränk, Original (+ 0.25 Pfand)",Nein,Dieses Angebot findest du vom 23.04. bis 29.04. in deiner Kaufland-Filiale.,2026-04-23,2026-04-29,../images/kaufland/kaufland_offer_217.jpg,cat_grundnahrung,,,ref_000188,obs_0000013219|obs_0000008517|obs_0000009800|obs_0000009329|obs_0000026183,obs_0000013219|obs_0000008517|obs_0000009800|obs_0000009329,,
K-CLASSIC,Gefüllte Croissants,"€ 1,19","€ 1,59","1 kg = 4,96","1 kg = 4,96",versch. Sorten,Nein,Dieses Angebot findest du vom 23.04. bis 29.04. in deiner Kaufland-Filiale.,2026-04-23,2026-04-29,../images/kaufland/kaufland_offer_238.jpg,"cat_grundnahrung,diet_vegetarian,tag_ultra_processed",,,ref_000189,obs_0000008867|obs_0000011086|obs_0000013652|obs_0000009631|obs_0000016615|obs_0000014850|obs_0000012818|obs_0000015824|obs_0000011761|obs_0000014026|obs_0000026592,obs_0000008867|obs_0000011086|obs_0000013652|obs_0000009631,,
K-GOLD EDITION,Gekochter Oktopus,"€ 7,59",,"1 kg = 37,95","1 kg = 37,95","2 Fangarme, Größe M",Nein,Dieses Angebot findest du vom 23.04. bis 29.04. in deiner Kaufland-Filiale.,2026-04-23,2026-04-29,../images/kaufland/kaufland_offer_151.jpg,"cat_fisch_meeresfruechte,tag_ultra_processed",,,ref_000190,,,,
K-CLASSIC,Gelb- oder Schinkenwurst,"€ 2,22","€ 2,79","1 kg = 6,35","1 kg = 6,35",Spitzenqualität,Nein,Dieses Angebot findest du vom 23.04. bis 29.04. in deiner Kaufland-Filiale.,2026-04-23,2026-04-29,../images/kaufland/kaufland_offer_131.jpg,"cat_fleisch_wurst,sub_schwein,sub_wurst,tag_ultra_processed",,BLS-W164200,ref_000191,obs_0000014465|obs_0000005421|obs_0000006179,obs_0000014465,,
KÜPER,Gelderländer Bauchspeck,"€ 2,22","€ 2,59","1 kg = 7,40","1 kg = 7,40",mild geräuchert und von Hand gesalzen,Nein,Dieses Angebot findest du vom 23.04. bis 29.04. in deiner Kaufland-Filiale.,2026-04-23,2026-04-29,../images/kaufland/kaufland_offer_134.jpg,"cat_fleisch_wurst,tag_ultra_processed",,,ref_000192,obs_0000001017|obs_0000026598,,,
FROSTA,Gemüse-Beilage,"€ 1,99",,"1 kg = 6,64","1 kg = 6,64",versch. Sorten,Nein,Dieses Angebot findest du vom 23.04. bis 29.04. in deiner Kaufland-Filiale.,2026-04-23,2026-04-29,../images/kaufland/kaufland_offer_183.jpg,"cat_tiefkuehl,diet_vegan,diet_vegetarian,sub_nudeln,sub_tk_fertiggerichte,sub_tk_gemuese,tag_ultra_processed",,,ref_000193,obs_0000011491|obs_0000008614|obs_0000012813|obs_0000011055|obs_0000010642|obs_0000015818|obs_0000014837|obs_0000017491|obs_0000033909|obs_0000011900|obs_0000014506|obs_0000018735|obs_0000016753|obs_0000025597|obs_0000018942,obs_0000011491|obs_0000008614,,
K-CLASSIC,Gemüsemais,"€ 2,00",,"1 kg = 2,36","1 kg = 2,36",zart & natursüß,Nein,Dieses Angebot findest du vom 23.04. bis 29.04. in deiner Kaufland-Filiale.,2026-04-23,2026-04-29,../images/kaufland/kaufland_offer_211.jpg,"cat_grundnahrung,diet_gluten_free,diet_lactose_free,diet_vegan,diet_vegetarian,sub_tk_gemuese,tag_ultra_processed,tag_whole_food",,,ref_000194,obs_0000010668|obs_0000012834|obs_0000014979|obs_0000008790|obs_0000007187,obs_0000010668|obs_0000012834|obs_0000014979,,
JACK DANIEL S,Gentleman Jack Whiskey Double Mellowed Tennessee,"€ 19,99","€ 27,99","1 l = 28,56","1 l = 28,56","doppelt durch Holzkohle gefiltert, ausgewogener Geschmack mit Noten von Karamell und Minze, 40 Vol. %",Nein,Dieses Angebot findest du vom 23.04. bis 29.04. in deiner Kaufland-Filiale.,2026-04-23,2026-04-29,../images/kaufland/kaufland_offer_311.jpg,"cat_getraenke,tag_ultra_processed",,,ref_000195,obs_0000014634|obs_0000007084|obs_0000028134|obs_0000028331|obs_0000001910,obs_0000014634,,
Keine Marke,Geranie,"€ 1,69",,"pro Einheit = 1,69","pro Einheit = 1,69","hängend und stehend, versch. Farben, Topf Ø 10,5 cm",Nein,Dieses Angebot findest du vom 23.04. bis 29.04. in deiner Kaufland-Filiale.,2026-04-23,2026-04-29,../images/kaufland/kaufland_offer_075.jpg,"cat_obst_gemuese,diet_gluten_free,diet_lactose_free,diet_vegan,diet_vegetarian,sub_exoten,sub_frisches_gemuese,sub_frisches_obst,tag_ultra_processed,tag_whole_food",,,ref_000196,,,,
K-FAVOURITES,Geröstete Paprika,"€ 1,59","€ 1,99","1 kg = 3,98","1 kg = 3,98",mit feiner Knoblauchnote,Nein,Dieses Angebot findest du vom 23.04. bis 29.04. in deiner Kaufland-Filiale.,2026-04-23,2026-04-29,../images/kaufland/kaufland_offer_212.jpg,"cat_grundnahrung,diet_gluten_free,diet_lactose_free,diet_vegan,diet_vegetarian,sub_frisches_gemuese,sub_wurst,tag_whole_food",,,ref_000197,obs_0000008004|obs_0000000156,obs_0000000156|obs_0000008004,,
Keine Marke,Geschenkstrauß,"€ 9,99",,"pro Einheit = 9,99","pro Einheit = 9,99",versch. Variationen,Nein,Dieses Angebot findest du vom 23.04. bis 29.04. in deiner Kaufland-Filiale.,2026-04-23,2026-04-29,../images/kaufland/kaufland_offer_090.jpg,"cat_obst_gemuese,diet_gluten_free,diet_lactose_free,diet_vegan,diet_vegetarian,tag_ultra_processed,tag_whole_food",,,ref_000198,obs_0000010566|obs_0000013223|obs_0000012711|obs_0000015728|obs_0000015326|obs_0000015734,obs_0000010566|obs_0000013223|obs_0000012711,,
PRIL,Geschirrspülmittel,"€ 1,39",,"1 l = 2,06 - 3,09","1 l = 2,06 - 3,09",versch. Sorten,Nein,Dieses Angebot findest du vom 23.04. bis 29.04. in deiner Kaufland-Filiale.,2026-04-23,2026-04-29,../images/kaufland/kaufland_offer_347.jpg,cat_drogerie,,,ref_000199,obs_0000015118|obs_0000008401|obs_0000011604|obs_0000015958|obs_0000031355|obs_0000034453|obs_0000011161|obs_0000010271|obs_0000013986|obs_0000028221|obs_0000034995|obs_0000013654|obs_0000008305|obs_0000013052|obs_0000020019|obs_0000016850|obs_0000032274|obs_0000006050|obs_0000005293|obs_0000029778|obs_0000005857|obs_0000006247|obs_0000006763|obs_0000030063|obs_0000032757|obs_0000007927|obs_0000024713|obs_0000025820|obs_0000013224,obs_0000015118|obs_0000032274|obs_0000034453|obs_0000011161|obs_0000010271|obs_0000013986|obs_0000006050|obs_0000005293|obs_0000020019|obs_0000028221|obs_0000034995|obs_0000008401|obs_0000016850|obs_0000011604|obs_0000013654|obs_0000015958|obs_0000005857|obs_0000006763|obs_0000030063|obs_0000008305|obs_0000007927|obs_0000031355|obs_0000013052,,
SODASTREAM,Getränkesirup,"€ 3,99",,"1 l = 9,07","1 l = 9,07","1 Flasche ergibt ca. 9 l Fertiggetränk, versch. Sorten",Nein,Dieses Angebot findest du vom 23.04. bis 29.04. in deiner Kaufland-Filiale.,2026-04-23,2026-04-29,../images/kaufland/kaufland_offer_302.jpg,"cat_getraenke,tag_ultra_processed",,,ref_000200,obs_0000012417|obs_0000027792|obs_0000010539|obs_0000013656|obs_0000014630|obs_0000011972|obs_0000008080|obs_0000033840|obs_0000005269,obs_0000012417|obs_0000027792|obs_0000005269|obs_0000014630|obs_0000010539|obs_0000011972|obs_0000013656,,
P GEN,Gifflar,"€ 1,89","€ 2,39","1 kg = 7,27","1 kg = 7,27",Hefeteigröllchen mit Zimt-Füllung,Nein,Dieses Angebot findest du vom 23.04. bis 29.04. in deiner Kaufland-Filiale.,2026-04-23,2026-04-29,../images/kaufland/kaufland_offer_239.jpg,"cat_grundnahrung,tag_ultra_processed",,,ref_000201,obs_0000008434|obs_0000027007,obs_0000008434,,
ZIMMERMANN,Gin-Schinken,"€ 1,79",,"pro Einheit = 100,00","pro Einheit = 100,00",saftig-zarter Schweineschinken aus Bayern,Nein,Dieses Angebot findest du vom 23.04. bis 29.04. in deiner Kaufland-Filiale.,2026-04-23,2026-04-29,../images/kaufland/kaufland_offer_144.jpg,"cat_fleisch_wurst,sub_schwein,sub_wurst,tag_ultra_processed",,,ref_000202,obs_0000011866|obs_0000013660|obs_0000009066|obs_0000009687|obs_0000034378|obs_0000019615|obs_0000028387|obs_0000016624|obs_0000017657|obs_0000026929|obs_0000015697,obs_0000011866|obs_0000013660|obs_0000009066|obs_0000009687,,
LEIFHEIT,Glasreiniger,"€ 3,99","€ 7,49","pro Einheit = 1,00","pro Einheit = 1,00",Konzentrat Entfernt auch hartnäckige Verschmutzungen Mit Kindersicherung,Nein,Dieses Angebot findest du vom 23.04. bis 29.04. in deiner Kaufland-Filiale.,2026-04-23,2026-04-29,../images/kaufland/kaufland_offer_384.jpg,cat_drogerie,,,ref_000203,obs_0000012058,obs_0000012058,,
Keine Marke,Glockenblume,"€ 2,79",,"pro Einheit = 2,79","pro Einheit = 2,79","versch. Farben, Topf Ø 10,5 cm",Nein,Dieses Angebot findest du vom 23.04. bis 29.04. in deiner Kaufland-Filiale.,2026-04-23,2026-04-29,../images/kaufland/kaufland_offer_076.jpg,"cat_obst_gemuese,diet_gluten_free,diet_lactose_free,diet_vegan,diet_vegetarian,tag_whole_food",,,ref_000204,obs_0000029390|obs_0000012247,obs_0000029390|obs_0000012247,,
FUNNY-FRISCH,Goldfischli,"€ 1,19","€ 1,49","1 kg = 11,90","1 kg = 11,90","Knabbergebäck, Original oder mit Sesam",Nein,Dieses Angebot findest du vom 23.04. bis 29.04. in deiner Kaufland-Filiale.,2026-04-23,2026-04-29,../images/kaufland/kaufland_offer_259.jpg,"cat_knabbern_naschen,tag_ultra_processed",,,ref_000205,obs_0000015453|obs_0000013664|obs_0000016995|obs_0000008564|obs_0000016384,obs_0000015453|obs_0000013664|obs_0000016995|obs_0000008564|obs_0000016384,,
ANIMONDA,Gran Carno,"€ 1,39","€ 1,69","1 kg = 3,48","1 kg = 3,48","Hundenahrung, versch. Sorten",Nein,Dieses Angebot findest du vom 23.04. bis 29.04. in deiner Kaufland-Filiale.,2026-04-23,2026-04-29,../images/kaufland/kaufland_offer_364.jpg,cat_drogerie,,,ref_000206,,,,
MARTIN SCHONGAUER,Grau- Weiß- oder Spätburgunder,"€ 3,99",,"1 l = 5,32","1 l = 5,32","Qualitätsweine, Baden, z. B. Grauburgunder: feinfruchtig, frisch, nussig, passt zu Vorspeisen, kalten Platten, Fisch, hellem Fleisch",Nein,Dieses Angebot findest du vom 23.04. bis 29.04. in deiner Kaufland-Filiale.,2026-04-23,2026-04-29,../images/kaufland/kaufland_offer_321.jpg,"cat_getraenke,diet_vegetarian,tag_ultra_processed",,,ref_000207,obs_0000011140|obs_0000015924,obs_0000011140,,
SILVERCREST,Grill und Smoker SGS 2200,"€ 149,00",,"pro Einheit = 149,00","pro Einheit = 149,00","3 in 1: Elektro-Grill, Smoker, Heißluftfritteuse Auch zum Backen, Braten und Dörren geeignet 8 voreingestellte Programme Temperatur einstellbar bis zu 240 °C Einfache Bedienung per LED-Display Grillplatte für bis zu 8 Burgerpatties Frittierkorb ca. 4,7 l (ca. 1.250 g Pommes) Grillplatte und Frittierkorb antihaftbeschichtet Platte und Korb spülmaschinengeeignet Größe ca. B 59 x H 35 x T 46 cm 2.200 W Inkl. Holzpellets (400 g) und Pelletschaufel Inkl. Montagewerkzeug und Rezeptheft",Nein,Dieses Angebot findest du vom 23.04. bis 29.04. in deiner Kaufland-Filiale.,2026-04-23,2026-04-29,../images/kaufland/kaufland_offer_396.jpg,cat_non_food,,,ref_000208,,,,
BERTOLLI,Grill- oder Brat-Olivenöl,"€ 5,55","€ 6,99","1 l = 11,10 - 12,07","1 l = 11,10 - 12,07","hocherhitzbar, Brat-Olivenöl auch in der Squeeze-Flasche",Nein,Dieses Angebot findest du vom 23.04. bis 29.04. in deiner Kaufland-Filiale.,2026-04-23,2026-04-29,../images/kaufland/kaufland_offer_221.jpg,"cat_grundnahrung,diet_gluten_free,diet_lactose_free,diet_vegan,diet_vegetarian",,,ref_000209,obs_0000001438|obs_0000002836|obs_0000011361|obs_0000009444|obs_0000009909,,,
HERTA,Grill- oder Saftschinken,"€ 1,49","€ 1,99","1 kg = 14,90","1 kg = 14,90",in Scheiben,Nein,Dieses Angebot findest du vom 27.04. bis 29.04. in deiner Kaufland-Filiale.,2026-04-27,2026-04-29,../images/kaufland/kaufland_offer_617.jpg,"cat_fleisch_wurst,sub_schwein,sub_wurst,tag_ultra_processed",,,ref_000210,obs_0000025974,,,
K-PURLAND,Grill-Mix XXL,"€ 5,99",,"pro Einheit = 5,99","pro Einheit = 5,99","bestehend aus: Schweinenackenkotelett, Schweinebauchscheiben, Spareribs/Schälrippchen, mariniert",Nein,Dieses Angebot findest du vom 23.04. bis 29.04. in deiner Kaufland-Filiale.,2026-04-23,2026-04-29,../images/kaufland/kaufland_offer_103.jpg,"cat_fleisch_wurst,diet_lactose_free,sub_rind,sub_schwein",,,ref_000211,obs_0000025246|obs_0000017981|obs_0000020156|obs_0000020975|obs_0000024700|obs_0000012763|obs_0000013967,,,
K-CLASSIC,Grillparty Brühwurst-Mix,"€ 3,99","€ 4,99","1 kg = 8,87","1 kg = 8,87","Bratwurstschnecke, Mini-Käseknacker, Mini-Berner- & Mini-Rostbrat-Würstchen",Nein,Dieses Angebot findest du vom 23.04. bis 29.04. in deiner Kaufland-Filiale.,2026-04-23,2026-04-29,../images/kaufland/kaufland_offer_130.jpg,"cat_fleisch_wurst,diet_gluten_free,diet_lactose_free,diet_vegan,diet_vegetarian,sub_wurst,tag_ultra_processed",,,ref_000212,obs_0000024700|obs_0000025530,,,
K-PURLAND,Grillrippe Arizona Style,"€ 6,29","€ 7,99","pro Einheit = 6,29","pro Einheit = 6,29",mariniert,Nein,Dieses Angebot findest du vom 23.04. bis 29.04. in deiner Kaufland-Filiale.,2026-04-23,2026-04-29,../images/kaufland/kaufland_offer_097.jpg,"cat_fleisch_wurst,sub_rind",,,ref_000213,,,,
KNORR,Grillsauce,"€ 0,88",,"1 l = 3,52","1 l = 3,52",versch. Sorten,Nein,Dieses Angebot findest du vom 23.04. bis 29.04. in deiner Kaufland-Filiale.,2026-04-23,2026-04-29,../images/kaufland/kaufland_offer_215.jpg,cat_grundnahrung,,BLS-X361163,ref_000214,obs_0000015411|obs_0000010400,obs_0000015411|obs_0000008247|obs_0000014142,,
COUNTRYSIDE,Grillschale,"€ 4,99","€ 5,99","pro Einheit = 4,99","pro Einheit = 4,99","Perforierter Boden Mit lebensmittelechter Emaille-Beschichtung Kratz- und schnittfest Temperaturbeständig bis 400 °C Geeignet für Gas- und Kohlegrills Auch für den Backofen geeignet Spülmaschinengeeignet Größe ca. Ø 28 x 1,5 cm",Nein,Dieses Angebot findest du vom 23.04. bis 29.04. in deiner Kaufland-Filiale.,2026-04-23,2026-04-29,../images/kaufland/kaufland_offer_461.jpg,cat_non_food,,,ref_000215,,,,
K-PURLAND,Grillsteak XXL,"€ 6,99",,"pro Einheit = 6,99","pro Einheit = 6,99","aus dem Schweineschinken, wie gewachsen, in Pfeffer-Zwiebel-Paprika-Marinade, Stückgewicht ca. 700 g",Nein,Dieses Angebot findest du vom 23.04. bis 29.04. in deiner Kaufland-Filiale.,2026-04-23,2026-04-29,../images/kaufland/kaufland_offer_105.jpg,"cat_fleisch_wurst,sub_rind,sub_schwein",,,ref_000216,obs_0000012763|obs_0000013967,,,
Keine Marke,Gummibesen-Aufsatz,"€ 3,49",,"pro Einheit = 3,49","pro Einheit = 3,49",Zum einfachen Aufkehren von Haaren und Fell Ideal für Haushalte mit Haustieren,Nein,Dieses Angebot findest du vom 23.04. bis 29.04. in deiner Kaufland-Filiale.,2026-04-23,2026-04-29,../images/kaufland/kaufland_offer_445.jpg,"cat_obst_gemuese,diet_gluten_free,diet_lactose_free,diet_vegan,diet_vegetarian,tag_ultra_processed,tag_whole_food",,,ref_000217,,,,
LEIFHEIT,Gummibesen-Aufsatz Click,"€ 5,99","€ 10,99","pro Einheit = 5,99","pro Einheit = 5,99","Hygienische Supraborsten Für alle Böden im Innen- und Ausenbereich Entfernt Staub, Haare, Schmutz ohne zu verfilzen Ideal zum Kehren, Wischen und Wasser abziehen Kehrbreite 30 cm Für alle Leifheit-Stiele mit Click-System",Nein,Dieses Angebot findest du vom 23.04. bis 29.04. in deiner Kaufland-Filiale.,2026-04-23,2026-04-29,../images/kaufland/kaufland_offer_452.jpg,"cat_non_food,tag_ultra_processed",,,ref_000218,,,,
MAGGI,Guten Appetit Suppe,"€ 0,59",,"1 l = 0,59 - 1,18","1 l = 0,59 - 1,18","versch. Sorten, ergeben 2 - 4 Teller (500 - 1.000 ml)",Nein,Dieses Angebot findest du vom 27.04. bis 29.04. in deiner Kaufland-Filiale.,2026-04-27,2026-04-29,../images/kaufland/kaufland_offer_624.jpg,"cat_grundnahrung,diet_lactose_free,diet_vegan,diet_vegetarian,tag_ultra_processed",,,ref_000219,obs_0000012366|obs_0000014560|obs_0000013675|obs_0000009979|obs_0000029313|obs_0000032471|obs_0000005367|obs_0000032114|obs_0000009443|obs_0000015871|obs_0000032231|obs_0000027223|obs_0000034285,obs_0000012366|obs_0000029313|obs_0000032471|obs_0000014560|obs_0000009443|obs_0000005367|obs_0000013675|obs_0000032114,,
K-WERTSCHÄTZE,Hackfleisch gemischt von Schwein und Rind,"€ 10,90","€ 12,90","pro Einheit = 10,90","pro Einheit = 10,90","vom Schwein und Rind, zum Braten, aus eigener Herstellung",Nein,Dieses Angebot findest du vom 23.04. bis 29.04. in deiner Kaufland-Filiale.,2026-04-23,2026-04-29,../images/kaufland/kaufland_offer_147.jpg,"cat_fleisch_wurst,sub_hackfleisch,sub_rind,sub_schwein,tag_proteinreich",,,ref_000220,obs_0000013239|obs_0000011454|obs_0000008856|obs_0000009575|obs_0000015754|obs_0000015755|obs_0000009222|obs_0000009248|obs_0000016944|obs_0000030269|obs_0000025678|obs_0000029783|obs_0000033883|obs_0000014463|obs_0000021126|obs_0000027808|obs_0000005797|obs_0000011430|obs_0000018085|obs_0000030894|obs_0000029892|obs_0000030922|obs_0000006355|obs_0000006874|obs_0000034536|obs_0000030962|obs_0000022287|obs_0000031538|obs_0000017204|obs_0000020307|obs_0000026963|obs_0000031582|obs_0000028033|obs_0000007077|obs_0000030174|obs_0000027617|obs_0000009702|obs_0000005620|obs_0000012282,obs_0000011454|obs_0000013239,,
K-PURLAND,Hackfleisch gemischt XXL,"€ 7,59",,"pro Einheit = 1,00","pro Einheit = 1,00",von Schwein und Rind,Nein,Dieses Angebot findest du vom 23.04. bis 29.04. in deiner Kaufland-Filiale.,2026-04-23,2026-04-29,../images/kaufland/kaufland_offer_118.jpg,"cat_fleisch_wurst,sub_hackfleisch,sub_rind,sub_schwein,tag_high_protein,tag_proteinreich",,,ref_000221,obs_0000017754|obs_0000018612|obs_0000019652|obs_0000009222|obs_0000009702|obs_0000011430|obs_0000012282|obs_0000014463|obs_0000016944|obs_0000008856|obs_0000017204|obs_0000009248|obs_0000025678|obs_0000033883|obs_0000009575|obs_0000018085|obs_0000034536|obs_0000026963|obs_0000027617|obs_0000027808|obs_0000028033|obs_0000020307|obs_0000021126|obs_0000029783|obs_0000029892|obs_0000030174|obs_0000005620|obs_0000030269|obs_0000005797|obs_0000022287|obs_0000030894|obs_0000030922|obs_0000006355|obs_0000030962|obs_0000006874|obs_0000031538|obs_0000031582|obs_0000007077|obs_0000000215|obs_0000016724|obs_0000016736|obs_0000000476|obs_0000000505|obs_0000025475|obs_0000025644|obs_0000009524|obs_0000001646|obs_0000010463|obs_0000003064|obs_0000019678,obs_0000016944|obs_0000008856|obs_0000017204|obs_0000009222|obs_0000009248|obs_0000025678|obs_0000033883|obs_0000017754|obs_0000009575|obs_0000009702|obs_0000018085|obs_0000034536|obs_0000018612|obs_0000011430|obs_0000019652|obs_0000028033|obs_0000020307|obs_0000012282|obs_0000021126|obs_0000029783|obs_0000029892|obs_0000030174|obs_0000005620|obs_0000030269|obs_0000005797|obs_0000022287|obs_0000014463|obs_0000030894|obs_0000030922|obs_0000006355|obs_0000030962|obs_0000006874|obs_0000031538|obs_0000031582|obs_0000007077,,
K-PURLAND,Hamburger vom Rind XXL,"€ 5,99",,"1 kg = 9,99","1 kg = 9,99",zum Braten oder Grillen,Nein,Dieses Angebot findest du vom 23.04. bis 29.04. in deiner Kaufland-Filiale.,2026-04-23,2026-04-29,../images/kaufland/kaufland_offer_108.jpg,"cat_fleisch_wurst,sub_rind,tag_proteinreich",,,ref_000222,obs_0000025447|obs_0000018470|obs_0000022424|obs_0000008697|obs_0000025072|obs_0000020119|obs_0000020938|obs_0000024086|obs_0000024506|obs_0000024673|obs_0000009174|obs_0000009656|obs_0000014449|obs_0000016557|obs_0000000512|obs_0000017294|obs_0000034261|obs_0000017903|obs_0000012763|obs_0000022158|obs_0000013967|obs_0000022859,obs_0000025447|obs_0000018470|obs_0000022424,,
K-CLASSIC,Hamburger-Brötchen,"€ 0,79","€ 0,99","1 kg = 2,64","1 kg = 2,64","Sesam, Natur oder Mega",Nein,Dieses Angebot findest du vom 23.04. bis 29.04. in deiner Kaufland-Filiale.,2026-04-23,2026-04-29,../images/kaufland/kaufland_offer_233.jpg,"cat_grundnahrung,diet_vegetarian,tag_ultra_processed",,,ref_000223,obs_0000014449|obs_0000016557|obs_0000022859|obs_0000000512|obs_0000017294|obs_0000009174|obs_0000009656|obs_0000034261|obs_0000017903|obs_0000022158,,,
LEIFHEIT,Handkehrset Classic,"€ 3,99","€ 5,99","pro Einheit = 2,00","pro Einheit = 2,00",Aus Kunststoff Mit Schaberkante und Aufhängeöse Extralange Gummilippe Größe ca. B 22 x H 11 x T 36 cm,Nein,Dieses Angebot findest du vom 23.04. bis 29.04. in deiner Kaufland-Filiale.,2026-04-23,2026-04-29,../images/kaufland/kaufland_offer_451.jpg,"cat_non_food,diet_vegetarian,tag_ultra_processed",,,ref_000224,obs_0000012998|obs_0000025668|obs_0000028751|obs_0000001628|obs_0000001643|obs_0000020596|obs_0000015018|obs_0000026884|obs_0000011543|obs_0000024877|obs_0000035101|obs_0000034649|obs_0000021415|obs_0000031658|obs_0000013240,obs_0000012998,,
PHILIPS,Handmixer HR3705 00,"€ 19,99","€ 34,99","pro Einheit = 19,99","pro Einheit = 19,99",5 Geschwindigkeitsstufen + Turbo Mit Auswurftaste Je 2 Quirle und Knethaken aus Edelstahl 300 W,Nein,Dieses Angebot findest du vom 23.04. bis 29.04. in deiner Kaufland-Filiale.,2026-04-23,2026-04-29,../images/kaufland/kaufland_offer_395.jpg,cat_non_food,,,ref_000225,obs_0000023563|obs_0000008950,,,
RAUCH,Happy Day,"€ 1,79",,"pro Einheit = 1,00","pro Einheit = 1,00","Saft-Getränk, versch. Sorten",Nein,Dieses Angebot findest du vom 27.04. bis 29.04. in deiner Kaufland-Filiale.,2026-04-27,2026-04-29,../images/kaufland/kaufland_offer_613.jpg,"cat_getraenke,diet_lactose_free,diet_vegan,diet_vegetarian",,,ref_000226,obs_0000014862|obs_0000012186|obs_0000015912|obs_0000023267|obs_0000031884|obs_0000014003|obs_0000019655|obs_0000026587|obs_0000009064|obs_0000025596|obs_0000034046|obs_0000031003|obs_0000032441|obs_0000030301|obs_0000007670,obs_0000014862|obs_0000012186|obs_0000015912|obs_0000023267,,
KINDER,Happy Hippo,"€ 1,99",,"1 kg = 19,23","1 kg = 19,23",Waffeln gefüllt mit Milchcreme sowie Kakao- oder Haselnusscreme,Nein,Dieses Angebot findest du vom 23.04. bis 29.04. in deiner Kaufland-Filiale.,2026-04-23,2026-04-29,../images/kaufland/kaufland_offer_279.jpg,"cat_knabbern_naschen,tag_ultra_processed",,,ref_000227,obs_0000024699|obs_0000015031,obs_0000024699|obs_0000015031,,
TOFFIFEE,Haselnuss in Caramel,"€ 1,11","€ 1,49","1 kg = 8,88","1 kg = 8,88",Original oder White Chocolate,Nein,Dieses Angebot findest du vom 27.04. bis 29.04. in deiner Kaufland-Filiale.,2026-04-27,2026-04-29,../images/kaufland/kaufland_offer_637.jpg,"cat_knabbern_naschen,diet_vegetarian,tag_ultra_processed",,,ref_000228,obs_0000011808|obs_0000015455|obs_0000010170|obs_0000027555|obs_0000001091|obs_0000022597|obs_0000001243,obs_0000011808|obs_0000015455,,
ORIGINAL OETTINGER,Hefeweißbier,"€ 7,99",,"1 l = 0,80","1 l = 0,80",auch alkoholfrei (+ 3.10 Pfand),Nein,Dieses Angebot findest du vom 23.04. bis 29.04. in deiner Kaufland-Filiale.,2026-04-23,2026-04-29,../images/kaufland/kaufland_offer_330.jpg,"cat_getraenke,tag_ultra_processed",,,ref_000229,obs_0000011992,obs_0000011992,,
OBERDORFER,Helles,"€ 13,99","€ 18,99","1 l = 1,40","1 l = 1,40",(+ 3.10 Pfand),Nein,Dieses Angebot findest du vom 23.04. bis 29.04. in deiner Kaufland-Filiale.,2026-04-23,2026-04-29,../images/kaufland/kaufland_offer_332.jpg,cat_getraenke,,,ref_000230,obs_0000011592|obs_0000015089|obs_0000008003|obs_0000012872|obs_0000014292|obs_0000031829|obs_0000013689|obs_0000009898|obs_0000002607|obs_0000030394|obs_0000029260|obs_0000032724|obs_0000035033|obs_0000034430|obs_0000031387|obs_0000006573|obs_0000007480|obs_0000005443|obs_0000006224|obs_0000007275|obs_0000031385|obs_0000011320|obs_0000006574,obs_0000030394|obs_0000008003|obs_0000012872|obs_0000011592|obs_0000014292|obs_0000031829|obs_0000032724|obs_0000015089|obs_0000013689,,
Crivit,Herren-Funktionsshirt,"€ 4,99",,"pro Einheit = 4,99","pro Einheit = 4,99","Aus recyceltem, GRS-zertifiziertem Polyester Schnelltrocknend und feuchtigkeitsableitend Mit Rundhalsausschnitt Größen 48/50 - 56/58 (M - XL)",Nein,Dieses Angebot findest du vom 23.04. bis 29.04. in deiner Kaufland-Filiale.,2026-04-23,2026-04-29,../images/kaufland/kaufland_offer_463.jpg,cat_non_food,,,ref_000231,obs_0000016663|obs_0000025550|obs_0000024542|obs_0000013692|obs_0000018555|obs_0000023846|obs_0000024270|obs_0000023152|obs_0000023154,obs_0000016663|obs_0000025550|obs_0000013692|obs_0000013693|obs_0000024542,,x
Crivit,Herren-Sportschuhe,"€ 9,99",,"pro Einheit = 9,99","pro Einheit = 9,99","Obermaterial aus atmungsaktivem Mesh Futter aus Textil Leichte, flexible EVA-Laufsohle Komfortable Zungen- und Schaftrandpolsterung Mit praktischer Anziehschlaufe Größen 41 - 46",Nein,Dieses Angebot findest du vom 23.04. bis 29.04. in deiner Kaufland-Filiale.,2026-04-23,2026-04-29,../images/kaufland/kaufland_offer_488.jpg,cat_non_food,,,ref_000232,obs_0000000494|obs_0000000602,,,x
Crivit,Herren-Sweatshorts,"€ 5,99",,"pro Einheit = 5,99","pro Einheit = 5,99","Aus recyceltem, GRS-zertifiziertem Polyester und Baumwolle Mit Eingrifftaschen, Gummizugbund und Kordel Größe 44/46",Nein,Dieses Angebot findest du vom 23.04. bis 29.04. in deiner Kaufland-Filiale.,2026-04-23,2026-04-29,../images/kaufland/kaufland_offer_464.jpg,cat_non_food,,,ref_000233,,obs_0000017854|obs_0000016058,,x
EHRMANN,High Protein Pancakes,"€ 1,99","€ 2,99","1 kg = 12,44","1 kg = 12,44",American Style,Nein,Dieses Angebot findest du vom 23.04. bis 29.04. in deiner Kaufland-Filiale.,2026-04-23,2026-04-29,../images/kaufland/kaufland_offer_198.jpg,"cat_grundnahrung,diet_vegetarian,sub_milchprodukte,tag_high_protein,tag_proteinreich",,,ref_000234,obs_0000011908|obs_0000014520|obs_0000031441|obs_0000004612|obs_0000026630|obs_0000035103|obs_0000000087|obs_0000004185|obs_0000011877|obs_0000028284|obs_0000003214|obs_0000010929|obs_0000026368|obs_0000031519|obs_0000005039|obs_0000008628|obs_0000000451|obs_0000016341|obs_0000019929|obs_0000011464|obs_0000013245|obs_0000016394|obs_0000020493|obs_0000025613|obs_0000001056|obs_0000004141|obs_0000022585|obs_0000022588|obs_0000003645|obs_0000002635|obs_0000011938|obs_0000021162|obs_0000023034|obs_0000025263|obs_0000001758|obs_0000001774|obs_0000011525|obs_0000003363|obs_0000001325|obs_0000006453|obs_0000021312|obs_0000011077|obs_0000011109|obs_0000020343|obs_0000010616|obs_0000004995|obs_0000017800|obs_0000018363|obs_0000013246|obs_0000002507,obs_0000011908|obs_0000014520,,
STEINER S LOWER CARB,High-Protein-Teigwaren,"€ 2,22",,"1 kg = 7,93 - 8,88","1 kg = 7,93 - 8,88","Fusilli, Spätzle oder 4 Brötchen zum Aufbacken, versch. Sorten",Nein,Dieses Angebot findest du vom 23.04. bis 29.04. in deiner Kaufland-Filiale.,2026-04-23,2026-04-29,../images/kaufland/kaufland_offer_235.jpg,"cat_grundnahrung,diet_vegetarian,tag_high_protein,tag_proteinreich,tag_ultra_processed",,,ref_000235,obs_0000011938|obs_0000011525|obs_0000011464|obs_0000031441|obs_0000013245|obs_0000004612|obs_0000026630|obs_0000016394|obs_0000020493|obs_0000025613|obs_0000001056|obs_0000004141|obs_0000022585|obs_0000035103|obs_0000022588|obs_0000003645|obs_0000002635|obs_0000000087|obs_0000004185|obs_0000011877|obs_0000028284|obs_0000011908|obs_0000003214|obs_0000021162|obs_0000023034|obs_0000025263|obs_0000010929|obs_0000014520|obs_0000001758|obs_0000001774|obs_0000026368|obs_0000031519|obs_0000003363|obs_0000001325|obs_0000006453|obs_0000021312|obs_0000011077|obs_0000011109|obs_0000020343|obs_0000010616|obs_0000004995|obs_0000017800|obs_0000005039|obs_0000008628|obs_0000018363|obs_0000013246|obs_0000000451|obs_0000002507|obs_0000022482|obs_0000016341,,,
PATROS,Hirtenkäse Feta oder Grill- Ofenkäse,"€ 1,69","€ 2,99","1 kg = 9,39 - 13,00","1 kg = 9,39 - 13,00","versch. Sorten, 30 - 52 % Fett i. Tr.",Nein,Dieses Angebot findest du vom 27.04. bis 29.04. in deiner Kaufland-Filiale.,2026-04-27,2026-04-29,../images/kaufland/kaufland_offer_012.jpg,"cat_molkerei_kaese,sub_kaese,sub_milchprodukte",,,ref_000236,obs_0000000520|obs_0000013707|obs_0000014339|obs_0000014853|obs_0000024072|obs_0000015386|obs_0000027738|obs_0000003162|obs_0000025183|obs_0000023649|obs_0000031891|obs_0000001180|obs_0000016541|obs_0000008866|obs_0000024228|obs_0000021676|obs_0000019634|obs_0000018107|obs_0000011472|obs_0000013037|obs_0000023290|obs_0000023807|obs_0000030983|obs_0000021261|obs_0000028959|obs_0000011044|obs_0000006443|obs_0000015708|obs_0000010627|obs_0000034181|obs_0000002450|obs_0000024500|obs_0000010167|obs_0000003012|obs_0000018904|obs_0000020442,,,
HITSCHIES,Hitschies,"€ 1,79","€ 2,29","1 kg = 8,53 - 8,95","1 kg = 8,53 - 8,95","Original, Sour oder Berry Mix",Nein,Dieses Angebot findest du vom 23.04. bis 29.04. in deiner Kaufland-Filiale.,2026-04-23,2026-04-29,../images/kaufland/kaufland_offer_285.jpg,"cat_knabbern_naschen,tag_ultra_processed",,BLS-F515100,ref_000237,obs_0000010733|obs_0000014085|obs_0000008624|obs_0000027859|obs_0000019808|obs_0000026436|obs_0000008549|obs_0000033380|obs_0000006757|obs_0000027569|obs_0000008281,obs_0000014085|obs_0000010733|obs_0000008624,,
Parkside,Hochbeet,"€ 9,99",,"pro Einheit = 9,99","pro Einheit = 9,99","Zur Ansaat von Kräutern, Gemüse oder Blumen Aus witterungsbeständigem Material Angenehme Arbeitshöhe Hohe Stabilität durch 2 Streben Entwässerung per Ablauföffnung Siebeinsätze verhindern Erde in den Beinen Mit Verschlussriegel für Haube (nicht enthalten) Pflanzvolumen max. 70 l Gewicht ca. 2,3 kg Größe ca. B 80 x H 68 x T 39 cm",Nein,Dieses Angebot findest du vom 23.04. bis 29.04. in deiner Kaufland-Filiale.,2026-04-23,2026-04-29,../images/kaufland/kaufland_offer_476.jpg,cat_non_food,,,ref_000238,obs_0000013026|obs_0000013055|obs_0000001164|obs_0000001594,obs_0000013026,,x
Keine Marke,Hot Dog,"€ 0,99","€ 1,19","pro Einheit = 0,99","pro Einheit = 0,99","Weizenbaguettebrötchen mit Würstchen, Käse, Gurken, Senf und Röstzwiebeln",Nein,Dieses Angebot findest du vom 27.04. bis 29.04. in deiner Kaufland-Filiale.,2026-04-27,2026-04-29,../images/kaufland/kaufland_offer_642.jpg,"cat_obst_gemuese,diet_gluten_free,diet_lactose_free,diet_vegan,diet_vegetarian,sub_exoten,sub_frisches_obst,tag_ultra_processed,tag_whole_food",,BLS-Y021512,ref_000239,obs_0000011308|obs_0000012356|obs_0000030342|obs_0000023584|obs_0000004004|obs_0000001479|obs_0000004431|obs_0000001235|obs_0000003321|obs_0000004858|obs_0000004643|obs_0000008106|obs_0000005070|obs_0000000977|obs_0000000477|obs_0000003808|obs_0000003319|obs_0000004216,obs_0000011308|obs_0000012356,,
GOOD BOY,Hundesnack,"€ 1,39","€ 1,95","1 kg = 17,38 - 19,86","1 kg = 17,38 - 19,86",Mega-Kautwister mit Hähnchen oder Hähnchensticks mit Käse,Nein,Dieses Angebot findest du vom 23.04. bis 29.04. in deiner Kaufland-Filiale.,2026-04-23,2026-04-29,../images/kaufland/kaufland_offer_365.jpg,"cat_drogerie,tag_ultra_processed",,,ref_000240,obs_0000033863|obs_0000012906|obs_0000011629|obs_0000008212|obs_0000012035|obs_0000013835|obs_0000009934|obs_0000009469|obs_0000028190|obs_0000031825,obs_0000033863|obs_0000012906|obs_0000011629|obs_0000008212,,
WILKINSON SWORD,Hydro 5,"€ 17,99",,"pro Einheit = 17,99","pro Einheit = 17,99",1 Rasierer und 12 Ersatzrasierklingen,Nein,Dieses Angebot findest du vom 23.04. bis 29.04. in deiner Kaufland-Filiale.,2026-04-23,2026-04-29,../images/kaufland/kaufland_offer_354.jpg,cat_drogerie,,,ref_000241,obs_0000009890|obs_0000009426|obs_0000033516|obs_0000033625|obs_0000033429,,,
Keine Marke,Hähnchen-Käse-Ecken XXL,"€ 6,99",,"1 kg = 9,99","1 kg = 9,99","Nacho Style, mit Chili-Cheese-Dip",Nein,Dieses Angebot findest du vom 23.04. bis 29.04. in deiner Kaufland-Filiale.,2026-04-23,2026-04-29,../images/kaufland/kaufland_offer_114.jpg,"cat_fleisch_wurst,diet_gluten_free,diet_lactose_free,sub_gefluegel,tag_proteinreich,tag_ultra_processed,tag_whole_food",,,ref_000242,obs_0000009374|obs_0000009834|obs_0000008883|obs_0000010631|obs_0000012763|obs_0000013967|obs_0000006457,,,
K-PURLAND,Hähnchen-Minutenschnitzel,"€ 3,99","€ 4,99","1 kg = 9,98","1 kg = 9,98","aus dem Hähnchenbrustfilet, mariniert, versch. Sorten",Nein,Dieses Angebot findest du vom 23.04. bis 29.04. in deiner Kaufland-Filiale.,2026-04-23,2026-04-29,../images/kaufland/kaufland_offer_115.jpg,"cat_fleisch_wurst,sub_gefluegel,sub_schwein,tag_high_protein,tag_proteinreich",,BLS-V4B5100,ref_000243,obs_0000014456|obs_0000010593|obs_0000008655|obs_0000012765|obs_0000015353|obs_0000014039|obs_0000027062|obs_0000002540|obs_0000027611|obs_0000001008|obs_0000027869|obs_0000018252|obs_0000026459|obs_0000008852|obs_0000013251|obs_0000031267|obs_0000019114|obs_0000019270|obs_0000031623|obs_0000029905|obs_0000029296|obs_0000029854|obs_0000030967|obs_0000030518,obs_0000014456|obs_0000010593|obs_0000027062|obs_0000008655|obs_0000012765|obs_0000002540|obs_0000008852|obs_0000019114|obs_0000013251|obs_0000027611|obs_0000001008|obs_0000015353|obs_0000027869|obs_0000014039|obs_0000018252|obs_0000026459,,
K-PURLAND,Hähnchenbrust-Innenfilets XXL,"€ 6,99","€ 8,99","1 kg = 8,74","1 kg = 8,74","natur, ca. 16 - 24 Stück",Nein,Dieses Angebot findest du vom 23.04. bis 29.04. in deiner Kaufland-Filiale.,2026-04-23,2026-04-29,../images/kaufland/kaufland_offer_111.jpg,"cat_fleisch_wurst,diet_gluten_free,diet_lactose_free,sub_gefluegel,tag_high_protein,tag_proteinreich",,BLS-V416100,ref_000244,obs_0000013712|obs_0000000055|obs_0000017968|obs_0000019628|obs_0000012763|obs_0000013967|obs_0000007426,obs_0000000055|obs_0000010300|obs_0000013712,,
K-CLASSIC,Hähnchenbrustfilet,"€ 1,99","€ 2,49","1 kg = 13,27","1 kg = 13,27","klassisch oder mit Paprika, in Scheiben",Nein,Dieses Angebot findest du vom 27.04. bis 29.04. in deiner Kaufland-Filiale.,2026-04-27,2026-04-29,../images/kaufland/kaufland_offer_049.jpg,"cat_fleisch_wurst,diet_gluten_free,diet_lactose_free,sub_gefluegel,tag_high_protein,tag_proteinreich,tag_ultra_processed,tag_whole_food",,NUTR-0002,ref_000245,obs_0000010961|obs_0000002542|obs_0000027673|obs_0000005613|obs_0000026273|obs_0000000109|obs_0000028783|obs_0000004253|obs_0000027025|obs_0000008599|obs_0000016926|obs_0000004680|obs_0000019089|obs_0000011003|obs_0000017292|obs_0000029652|obs_0000001034|obs_0000001079|obs_0000003223|obs_0000034103|obs_0000034108|obs_0000015747|obs_0000001543|obs_0000034510|obs_0000003826|obs_0000012279|obs_0000008219|obs_0000002222|obs_0000009388|obs_0000009849,obs_0000000109|obs_0000028783|obs_0000004253|obs_0000002542|obs_0000016926|obs_0000004680|obs_0000010961|obs_0000017292|obs_0000029652|obs_0000001034|obs_0000027673|obs_0000003223|obs_0000034108|obs_0000005613|obs_0000001543|obs_0000026273|obs_0000034510|obs_0000003826,,
K-PURLAND,Hähnchengeschnetzeltes Gyros-Art,"€ 3,19","€ 3,79","1 kg = 7,98","1 kg = 7,98","mit Zwiebeln, aus der Oberkeule geschnitten, mariniert",Nein,Dieses Angebot findest du vom 23.04. bis 29.04. in deiner Kaufland-Filiale.,2026-04-23,2026-04-29,../images/kaufland/kaufland_offer_112.jpg,"cat_fleisch_wurst,diet_lactose_free,sub_gefluegel,sub_rind,sub_schwein,tag_high_protein,tag_proteinreich,tag_whole_food",,,ref_000246,obs_0000006354|obs_0000005250|obs_0000027966|obs_0000034972|obs_0000000648|obs_0000001454,obs_0000016549|obs_0000017057,,
CUBERS,Ice Balls,"€ 2,49","€ 3,49","pro Einheit = 1,00","pro Einheit = 1,00",Kugeln aus Eis,Nein,Dieses Angebot findest du vom 23.04. bis 29.04. in deiner Kaufland-Filiale.,2026-04-23,2026-04-29,../images/kaufland/kaufland_offer_182.jpg,"cat_tiefkuehl,diet_gluten_free,diet_vegan,diet_vegetarian,tag_ultra_processed",,,ref_000247,obs_0000026737,,,
Keine Marke,Ital Kräuter,"€ 2,79",,"pro Einheit = 2,79","pro Einheit = 2,79","versch. Sorten, Topf Ø 14 cm",Nein,Dieses Angebot findest du vom 23.04. bis 29.04. in deiner Kaufland-Filiale.,2026-04-23,2026-04-29,../images/kaufland/kaufland_offer_581.jpg,"cat_obst_gemuese,diet_gluten_free,diet_lactose_free,diet_vegan,diet_vegetarian,sub_exoten,sub_frisches_obst,sub_kraeuter,tag_whole_food",,,ref_000248,obs_0000012814|obs_0000011334|obs_0000000636|obs_0000011410|obs_0000002274|obs_0000009967|obs_0000002843|obs_0000009506|obs_0000011054|obs_0000034623|obs_0000001352|obs_0000010569|obs_0000013720|obs_0000013754|obs_0000012737|obs_0000013255|obs_0000015317,,,
Keine Marke,Ital franz Tafeläpfel Pink Lady,"€ 2,49","€ 2,99","1 kg = 2,77","1 kg = 2,77","»Cripps Pink«, süß-säuerlich, Kl. I",Nein,Dieses Angebot findest du vom 23.04. bis 29.04. in deiner Kaufland-Filiale.,2026-04-23,2026-04-29,../images/kaufland/kaufland_offer_058.jpg,"cat_obst_gemuese,diet_gluten_free,diet_lactose_free,diet_vegan,diet_vegetarian,sub_frisches_obst,tag_whole_food",,,ref_000249,obs_0000012706|obs_0000013639|obs_0000010572|obs_0000014423|obs_0000011390|obs_0000006266|obs_0000006279|obs_0000009908|obs_0000009442|obs_0000011827|obs_0000028684|obs_0000005704|obs_0000028564,obs_0000012706,,
Keine Marke,Ital span Kräuter XXL,"€ 1,49","€ 1,99","pro Einheit = 200,00","pro Einheit = 200,00","Minze, Petersilie glatt,Schnittlauch, Dill oder Koriander",Nein,Dieses Angebot findest du vom 23.04. bis 29.04. in deiner Kaufland-Filiale.,2026-04-23,2026-04-29,../images/kaufland/kaufland_offer_060.jpg,"cat_obst_gemuese,diet_gluten_free,diet_lactose_free,diet_vegan,diet_vegetarian,sub_frisches_gemuese,sub_frisches_obst,sub_kraeuter,tag_whole_food",,,ref_000250,obs_0000015317|obs_0000013720|obs_0000011397|obs_0000012238|obs_0000009432|obs_0000009896|obs_0000002274|obs_0000012763|obs_0000012814|obs_0000000636|obs_0000002843|obs_0000011054|obs_0000009506|obs_0000001352|obs_0000013754|obs_0000013967|obs_0000009967|obs_0000034623,obs_0000015317|obs_0000013720,,
LIV BO,Jersey-Spannbettlaken ca 140 - 160 x 200 cm,"€ 4,99",,"pro Einheit = 4,99","pro Einheit = 4,99","Aus Polyester und Baumwolle Weich, elastisch und bügelfrei Mit Rundumgummizug Maschinenwaschbar bis 60 °C, trocknergeeignet Für Steghöhen bis 20 cm Größe ca. 140 - 160 x 200 cm",Nein,Dieses Angebot findest du vom 23.04. bis 29.04. in deiner Kaufland-Filiale.,2026-04-23,2026-04-29,../images/kaufland/kaufland_offer_481.jpg,cat_non_food,,,ref_000251,obs_0000016045|obs_0000011246|obs_0000016060|obs_0000016052|obs_0000009046|obs_0000010246|obs_0000018985|obs_0000023136|obs_0000023142|obs_0000024309|obs_0000025922|obs_0000023886|obs_0000018786|obs_0000017364,obs_0000016045|obs_0000016052|obs_0000016060|obs_0000011246,,
LIV BO,Jersey-Spannbettlaken ca 180 - 200 x 200 cm,"€ 5,99",,"pro Einheit = 5,99","pro Einheit = 5,99","Aus Polyester und Baumwolle Weich, elastisch und bügelfrei Mit Rundumgummizug Maschinenwaschbar bis 60 °C, trocknergeeignet Für Steghöhen bis 20 cm Größe ca. 180 - 200 x 200 cm",Nein,Dieses Angebot findest du vom 23.04. bis 29.04. in deiner Kaufland-Filiale.,2026-04-23,2026-04-29,../images/kaufland/kaufland_offer_469.jpg,cat_non_food,,,ref_000252,obs_0000016060|obs_0000011238|obs_0000016045|obs_0000016052|obs_0000009046|obs_0000010246|obs_0000018985|obs_0000023136|obs_0000023142|obs_0000024309|obs_0000025922|obs_0000023886|obs_0000018786|obs_0000017364,obs_0000016045|obs_0000016052|obs_0000016060|obs_0000011238,,
LIV BO,Jersey-Spannbettlaken ca 90 - 100 x 200 cm,"€ 2,99",,"pro Einheit = 2,99","pro Einheit = 2,99","Aus Polyester und Baumwolle Weich, elastisch und bügelfrei Mit Rundumgummizug Maschinenwaschbar bis 60 °C, trocknergeeignet Für Steghöhen bis 20 cm Größe ca. 90 - 100 x 200 cm",Nein,Dieses Angebot findest du vom 23.04. bis 29.04. in deiner Kaufland-Filiale.,2026-04-23,2026-04-29,../images/kaufland/kaufland_offer_457.jpg,cat_non_food,,,ref_000253,obs_0000016052|obs_0000011277|obs_0000016060|obs_0000016045|obs_0000009046|obs_0000010246|obs_0000018985|obs_0000023136|obs_0000023142|obs_0000024309|obs_0000025922|obs_0000023886|obs_0000018786|obs_0000017364,obs_0000011277|obs_0000016045|obs_0000016052|obs_0000016060,,
STAEDTLER,Jumbo-Fasermaler-Set Noris junior,"€ 2,99","€ 5,20","pro Einheit = 6,00","pro Einheit = 6,00","Dicker hexagonaler Schaft Runde, stabile und eindrücksichere Faserspitze Strichbreite ca. 2,5 mm Dermatologisch getestet Aus den meisten Textilien leicht auswaschbar Für Kinder ab 2 Jahren",Nein,Dieses Angebot findest du vom 23.04. bis 29.04. in deiner Kaufland-Filiale.,2026-04-23,2026-04-29,../images/kaufland/kaufland_offer_400.jpg,cat_non_food,,,ref_000254,obs_0000032835,,,
ARNAUD,Jura-Morbier AOP,"€ 1,99","€ 2,89","pro Einheit = 100,00","pro Einheit = 100,00","franz. Schnittkäse aus Rohmilch, fein-würzig, cremig, 45 % Fett i. Tr.",Nein,Dieses Angebot findest du vom 23.04. bis 29.04. in deiner Kaufland-Filiale.,2026-04-23,2026-04-29,../images/kaufland/kaufland_offer_177.jpg,cat_molkerei_kaese,,,ref_000255,obs_0000013261|obs_0000008098|obs_0000014130,obs_0000013261,,
SNACK IT,Kabanossi,"€ 1,49","€ 1,99","1 kg = 12,42","1 kg = 12,42",versch. Sorten,Nein,Dieses Angebot findest du vom 23.04. bis 29.04. in deiner Kaufland-Filiale.,2026-04-23,2026-04-29,../images/kaufland/kaufland_offer_136.jpg,"cat_fleisch_wurst,sub_schwein,sub_wurst,tag_ultra_processed",,,ref_000256,obs_0000015362|obs_0000010601|obs_0000012779|obs_0000013723|obs_0000000723,obs_0000015362|obs_0000010601|obs_0000012779|obs_0000013723,,
JACOBS Krönung oder CAF HAG,Kaffee,"€ 6,99",,"1 kg = 13,98 - 15,54","1 kg = 13,98 - 15,54",versch. Sorten Krönung oder Café Hag klassisch-mild entkoffeiniert,Nein,Dieses Angebot findest du vom 23.04. bis 29.04. in deiner Kaufland-Filiale.,2026-04-23,2026-04-29,../images/kaufland/kaufland_offer_252.jpg,"cat_knabbern_naschen,diet_gluten_free,diet_lactose_free,diet_vegan,diet_vegetarian,tag_ultra_processed",,BLS-N410100,ref_000257,obs_0000014593|obs_0000012856|obs_0000012375|obs_0000011954|obs_0000024909|obs_0000013724|obs_0000015279|obs_0000010719|obs_0000022517|obs_0000007172|obs_0000001036|obs_0000011792|obs_0000015886|obs_0000014364|obs_0000031774|obs_0000008737|obs_0000005168|obs_0000012378|obs_0000001674|obs_0000018585|obs_0000011952|obs_0000007356|obs_0000027842|obs_0000005362|obs_0000027412|obs_0000034615|obs_0000027964|obs_0000024390|obs_0000010059|obs_0000000848|obs_0000009608|obs_0000023971|obs_0000033702|obs_0000034731|obs_0000013262|obs_0000011764|obs_0000026632|obs_0000001035|obs_0000001037|obs_0000001038|obs_0000001039|obs_0000029713|obs_0000021523|obs_0000025137|obs_0000025139|obs_0000030782|obs_0000025157|obs_0000011344|obs_0000002651|obs_0000010346,obs_0000012856|obs_0000012375|obs_0000011954|obs_0000014593|obs_0000024909|obs_0000013724|obs_0000015279|obs_0000010719|obs_0000022517,,
KRÜGER FAMILY,Kaffeesticks,"€ 2,29","€ 2,79","1 kg = 12,73 - 16,36","1 kg = 12,73 - 16,36","2 in 1 oder 3 in 1, mit löslichem Bohnenkaffee, Kaffeeweißer und z. T. noch Zucker",Nein,Dieses Angebot findest du vom 23.04. bis 29.04. in deiner Kaufland-Filiale.,2026-04-23,2026-04-29,../images/kaufland/kaufland_offer_255.jpg,"cat_knabbern_naschen,diet_gluten_free,diet_lactose_free,diet_vegetarian,tag_ultra_processed",,BLS-K280200,ref_000258,obs_0000015019|obs_0000001001|obs_0000002900|obs_0000031857,obs_0000015019,,
PHILIPS,Kaffeevollautomat EP2230 10,"€ 299,00",,"pro Einheit = 299,00","pro Einheit = 299,00","Für Kaffee, Espresso, Cappuccino, Heißwasser Einfache SensorTouch-Bedienung Integriertes Keramikmahlwerk (12-stufig) Kaffeemenge, -stärke, -temperatur einstellbar Kaffeepulver-Option Mit 2-teiligem Milchsystem »LatteGo« Höhenverstellbarer Kaffeeauslauf Entnehmbarer Wassertank ca. 1,8 l AquaClean-Technologie Vollautomatisches Spül- und Entkalkungsprogramm Vollständig entnehmbare Brühgruppe Pumpendruck 15 bar 1.500 W Größe ca. B 25 x H 43 x T 37 cm",Nein,Dieses Angebot findest du vom 23.04. bis 29.04. in deiner Kaufland-Filiale.,2026-04-23,2026-04-29,../images/kaufland/kaufland_offer_391.jpg,"cat_non_food,diet_gluten_free,diet_lactose_free,diet_vegan,diet_vegetarian",,,ref_000259,obs_0000025484|obs_0000010214|obs_0000023135|obs_0000025871|obs_0000024745|obs_0000024382|obs_0000023960|obs_0000023535,obs_0000016006|obs_0000025484|obs_0000010214,,
K-CLASSIC,Kaiserbrötchen,"€ 0,59","€ 0,79","1 kg = 2,69","1 kg = 2,69",zum Fertigbacken,Nein,Dieses Angebot findest du vom 23.04. bis 29.04. in deiner Kaufland-Filiale.,2026-04-23,2026-04-29,../images/kaufland/kaufland_offer_232.jpg,"cat_grundnahrung,diet_vegetarian,tag_ultra_processed",,BLS-B531000,ref_000260,obs_0000009358|obs_0000009820|obs_0000027586|obs_0000023710|obs_0000007722|obs_0000024136|obs_0000022090|obs_0000018255|obs_0000010893|obs_0000033684,obs_0000027586|obs_0000009358|obs_0000023710|obs_0000007722|obs_0000024136|obs_0000022090|obs_0000009820|obs_0000018255,,
ANTIKAL,Kalkreiniger,"€ 2,59","€ 3,25","1 l = 3,24","1 l = 3,24",versch. Sorten,Nein,Dieses Angebot findest du vom 27.04. bis 29.04. in deiner Kaufland-Filiale.,2026-04-27,2026-04-29,../images/kaufland/kaufland_offer_603.jpg,cat_drogerie,,,ref_000261,obs_0000016112|obs_0000015512|obs_0000014282,obs_0000016112|obs_0000015512,,
BREFOOD,Kaninchenteile oder -keulen,"€ 9,99",,"1 kg = 8,00 - 9,99","1 kg = 8,00 - 9,99",küchenfertig,Nein,Dieses Angebot findest du vom 23.04. bis 29.04. in deiner Kaufland-Filiale.,2026-04-23,2026-04-29,../images/kaufland/kaufland_offer_193.jpg,cat_tiefkuehl,,,ref_000262,,,,
K-CLASSIC,Kartoffelsalat,"€ 1,99","€ 2,49","pro Einheit = 1,00","pro Einheit = 1,00",versch. Sorten,Nein,Dieses Angebot findest du vom 23.04. bis 29.04. in deiner Kaufland-Filiale.,2026-04-23,2026-04-29,../images/kaufland/kaufland_offer_204.jpg,"cat_grundnahrung,diet_gluten_free,diet_lactose_free,diet_vegan,diet_vegetarian,sub_frisches_gemuese,sub_kartoffeln,sub_salate,tag_ultra_processed,tag_whole_food",,BLS-K110100,ref_000263,obs_0000010201|obs_0000031132|obs_0000030107|obs_0000026272|obs_0000028830|obs_0000027438|obs_0000027823|obs_0000028507|obs_0000028621|obs_0000006343|obs_0000007200|obs_0000034340|obs_0000025866|obs_0000007947,obs_0000031132|obs_0000030107|obs_0000026272|obs_0000010201,,
K-PURLAND,Kasseler Lachs XXL,"€ 6,79",,"pro Einheit = 10,87","pro Einheit = 10,87","vom Schwein, am Stück, goldgelb geräuchert",Nein,Dieses Angebot findest du vom 23.04. bis 29.04. in deiner Kaufland-Filiale.,2026-04-23,2026-04-29,../images/kaufland/kaufland_offer_102.jpg,"cat_fleisch_wurst,sub_rind,sub_schwein,tag_high_protein,tag_proteinreich",,,ref_000264,obs_0000008445|obs_0000009451|obs_0000012266|obs_0000011417|obs_0000012630|obs_0000014013|obs_0000034922|obs_0000029169|obs_0000029220|obs_0000029280|obs_0000014061|obs_0000014471|obs_0000030953|obs_0000007070|obs_0000034321|obs_0000002082|obs_0000028859|obs_0000030882|obs_0000033739|obs_0000034939|obs_0000012763|obs_0000013967,obs_0000008445|obs_0000009451|obs_0000012266,,
DREAMIES oder WHISKAS,Katzensnack,"€ 2,99","€ 3,65","1 kg = 16,62 - 24,92","1 kg = 16,62 - 24,92","Knuspertaschen oder Creamy, versch. Sorten",Nein,Dieses Angebot findest du vom 23.04. bis 29.04. in deiner Kaufland-Filiale.,2026-04-23,2026-04-29,../images/kaufland/kaufland_offer_367.jpg,"cat_drogerie,tag_ultra_processed",,,ref_000265,obs_0000011180|obs_0000014683|obs_0000012639|obs_0000028295|obs_0000010190|obs_0000007300,obs_0000007300|obs_0000011180|obs_0000014683|obs_0000012639,,
HEYYY,Kaugummi,"€ 2,29",,"1 kg = 33,68 - 35,79","1 kg = 33,68 - 35,79","ohne Zucker, versch. Sorten",Nein,Dieses Angebot findest du vom 23.04. bis 29.04. in deiner Kaufland-Filiale.,2026-04-23,2026-04-29,../images/kaufland/kaufland_offer_286.jpg,"cat_knabbern_naschen,tag_ultra_processed",,,ref_000266,obs_0000027886,,,
KINDER,Kinderini,"€ 2,69",,"1 kg = 10,76","1 kg = 10,76",Butterkekse mit Kakao und Haselnüssen,Nein,Dieses Angebot findest du vom 23.04. bis 29.04. in deiner Kaufland-Filiale.,2026-04-23,2026-04-29,../images/kaufland/kaufland_offer_290.jpg,"cat_knabbern_naschen,tag_ultra_processed",,,ref_000267,obs_0000015258|obs_0000013271|obs_0000011119|obs_0000021039|obs_0000021687|obs_0000020220,obs_0000015258|obs_0000013271|obs_0000011119,,
KEEEPER,Klappbox Ben,"€ 7,99","€ 21,99","pro Einheit = 7,99","pro Einheit = 7,99",Aus Kunststoff Mit Soft-Touch-Griffen Belastbarkeit max. 50 kg Größe ca. B 54 x H 28 x T 37 cm (ca. 45 l),Nein,Dieses Angebot findest du vom 23.04. bis 29.04. in deiner Kaufland-Filiale.,2026-04-23,2026-04-29,../images/kaufland/kaufland_offer_427.jpg,"cat_non_food,diet_vegetarian",,,ref_000268,obs_0000003609|obs_0000013273,,,
LIVARNO,Klappmatratze,"€ 29,99","€ 29,99","pro Einheit = 29,99","pro Einheit = 29,99","Mit hochwertigem PU-Schaumstoffkern Bezug aus Polyester Ideal als Gästebett zu verwenden Zusammengeklappt auch als Sitzblock verwendbar Bezug abnehmbar und waschbar Mit praktischer Koffertasche Größe (ausgeklappt) ca. B 65 x H 8,5 x T 190 cm Größe (als Sitzblock) ca. B 65 x H 26 x T 63 cm",Nein,Dieses Angebot findest du vom 23.04. bis 29.04. in deiner Kaufland-Filiale.,2026-04-23,2026-04-29,../images/kaufland/kaufland_offer_483.jpg,cat_non_food,,,ref_000269,,,,
ENERGIZER,Knopfzellen CR2025,"€ 2,99","€ 12,29","pro Einheit = 4,00","pro Einheit = 4,00",,Nein,Dieses Angebot findest du vom 23.04. bis 29.04. in deiner Kaufland-Filiale.,2026-04-23,2026-04-29,../images/kaufland/kaufland_offer_374.jpg,"cat_getraenke,tag_ultra_processed",,,ref_000270,obs_0000015136|obs_0000010796|obs_0000003202|obs_0000004365|obs_0000019097|obs_0000000291|obs_0000003751|obs_0000004792|obs_0000025284|obs_0000003938,obs_0000015128|obs_0000009117|obs_0000015136|obs_0000010793|obs_0000010796|obs_0000015983|obs_0000015984,,
ENERGIZER,Knopfzellen CR2032,"€ 2,99","€ 12,29","pro Einheit = 4,00","pro Einheit = 4,00",,Nein,Dieses Angebot findest du vom 23.04. bis 29.04. in deiner Kaufland-Filiale.,2026-04-23,2026-04-29,../images/kaufland/kaufland_offer_369.jpg,"cat_getraenke,tag_ultra_processed",,,ref_000271,obs_0000015128|obs_0000010793|obs_0000009117|obs_0000015984|obs_0000003202|obs_0000004365|obs_0000019097|obs_0000000291|obs_0000003751|obs_0000004792|obs_0000025284|obs_0000003938,obs_0000015128|obs_0000009117|obs_0000015136|obs_0000010793|obs_0000010796|obs_0000015983|obs_0000015984,,
FRIGEO,Knusper-Puffreis,"€ 0,59","€ 0,89","1 kg = 7,38","1 kg = 7,38","fruchtig-prickelnde, bunte Perlen mit Mais",Nein,Dieses Angebot findest du vom 23.04. bis 29.04. in deiner Kaufland-Filiale.,2026-04-23,2026-04-29,../images/kaufland/kaufland_offer_287.jpg,"cat_knabbern_naschen,sub_reis,tag_ultra_processed",,,ref_000272,obs_0000034606,,,
WASA,Knäckebrot,"€ 3,58","€ 5,37","1 kg = 4,37 - 6,00","1 kg = 4,37 - 6,00","Rustikal, Vollkorn, Hafer & Sesam, Sesam & Vollkorn oder Milch & Joghurt",Nein,Dieses Angebot findest du vom 23.04. bis 29.04. in deiner Kaufland-Filiale.,2026-04-23,2026-04-29,../images/kaufland/kaufland_offer_237.jpg,cat_grundnahrung,,BLS-B6A2000,ref_000273,obs_0000010533|obs_0000010283|obs_0000013278|obs_0000000663|obs_0000026860|obs_0000034950|obs_0000006307|obs_0000032654,obs_0000000663|obs_0000006307|obs_0000010533|obs_0000010283|obs_0000013278,,
Aus eigener Herstellung,Kochhinterschinken,"€ 1,29",,"pro Einheit = 100,00","pro Einheit = 100,00",aromatisch-saftig,Nein,Dieses Angebot findest du vom 23.04. bis 29.04. in deiner Kaufland-Filiale.,2026-04-23,2026-04-29,../images/kaufland/kaufland_offer_142.jpg,"cat_fleisch_wurst,sub_schwein,sub_wurst,tag_ultra_processed",,,ref_000274,obs_0000026780|obs_0000008869|obs_0000026817|obs_0000011852|obs_0000009479|obs_0000021905|obs_0000020252|obs_0000003880|obs_0000002097|obs_0000021071|obs_0000004307|obs_0000002904|obs_0000003046|obs_0000000252|obs_0000004734|obs_0000018611,obs_0000009479|obs_0000026780|obs_0000008869|obs_0000026817|obs_0000011852,,
MALIBU,Kokoslikör,"€ 9,99",,"1 l = 14,28","1 l = 14,28","mit weißem Rum, 18 Vol. %",Nein,Dieses Angebot findest du vom 23.04. bis 29.04. in deiner Kaufland-Filiale.,2026-04-23,2026-04-29,../images/kaufland/kaufland_offer_303.jpg,"cat_getraenke,diet_vegetarian,tag_ultra_processed",,,ref_000275,,,,
BONNE MAMAN,Konfitüre,"€ 4,00","€ 5,58","1 kg = 5,41","1 kg = 5,41","hergestellt in Frankreich, versch. Sorten",Nein,Dieses Angebot findest du vom 23.04. bis 29.04. in deiner Kaufland-Filiale.,2026-04-23,2026-04-29,../images/kaufland/kaufland_offer_245.jpg,"cat_grundnahrung,diet_vegetarian",,BLS-S132000,ref_000276,obs_0000000136|obs_0000008202|obs_0000013749|obs_0000016124|obs_0000026193|obs_0000014805|obs_0000025804|obs_0000026082|obs_0000028637|obs_0000028522|obs_0000029697|obs_0000034825|obs_0000010128|obs_0000012688|obs_0000034208|obs_0000015009|obs_0000028974|obs_0000010707|obs_0000027734|obs_0000026852|obs_0000026854|obs_0000014194|obs_0000000792|obs_0000019590|obs_0000032650|obs_0000033806|obs_0000028955|obs_0000006313|obs_0000009772|obs_0000006832|obs_0000034610|obs_0000012211|obs_0000005567|obs_0000028231|obs_0000008019|obs_0000011094|obs_0000029031|obs_0000030695|obs_0000005754|obs_0000030345|obs_0000032400|obs_0000007582|obs_0000029360|obs_0000031949|obs_0000006652|obs_0000007191|obs_0000031016|obs_0000031180|obs_0000032104|obs_0000032105,obs_0000000136|obs_0000008202|obs_0000006313|obs_0000013749|obs_0000005567|obs_0000026193|obs_0000014805|obs_0000016124|obs_0000030695,,
STEINHAUS,Krakauer,"€ 4,99","€ 6,99","1 kg = 9,98","1 kg = 9,98",herzhaft-deftig,Nein,Dieses Angebot findest du vom 23.04. bis 29.04. in deiner Kaufland-Filiale.,2026-04-23,2026-04-29,../images/kaufland/kaufland_offer_121.jpg,"cat_fleisch_wurst,tag_ultra_processed",,BLS-W171200,ref_000277,obs_0000011015|obs_0000012296|obs_0000010032|obs_0000013753|obs_0000014155|obs_0000008147|obs_0000009582|obs_0000005236|obs_0000006526|obs_0000031117|obs_0000007057|obs_0000030102|obs_0000007621|obs_0000013327|obs_0000008608|obs_0000008100|obs_0000003142|obs_0000002249|obs_0000011862,obs_0000011015|obs_0000012296|obs_0000010032|obs_0000013753|obs_0000014155|obs_0000008147|obs_0000009582|obs_0000005236|obs_0000006526,,
MEGGLE,Kräuter-Butter Original,"€ 1,49","€ 2,69","1 kg = 11,92","1 kg = 11,92","ideal als Grillbeilage oder zu gegartem Gemüse, mit oder ohne Knoblauch",Nein,Dieses Angebot findest du vom 23.04. bis 29.04. in deiner Kaufland-Filiale.,2026-04-23,2026-04-29,../images/kaufland/kaufland_offer_162.jpg,"cat_molkerei_kaese,diet_vegetarian,sub_butter_margarine,sub_kaese,sub_milchprodukte",,,ref_000278,obs_0000015797|obs_0000009500|obs_0000009961|obs_0000025201|obs_0000021206|obs_0000020387|obs_0000008456|obs_0000012797|obs_0000011042|obs_0000016451|obs_0000008569|obs_0000025029|obs_0000023253|obs_0000023732|obs_0000032048|obs_0000032300|obs_0000024152|obs_0000028319|obs_0000014084|obs_0000024620|obs_0000028730|obs_0000000107|obs_0000020611|obs_0000012423|obs_0000006283|obs_0000026772|obs_0000010409|obs_0000034970|obs_0000026832|obs_0000018644|obs_0000028896|obs_0000002274|obs_0000035052|obs_0000018772|obs_0000008556|obs_0000027005|obs_0000027048|obs_0000027049|obs_0000021000|obs_0000012814|obs_0000002620|obs_0000008777|obs_0000002676|obs_0000000636|obs_0000021117|obs_0000008906|obs_0000015051|obs_0000002843|obs_0000011054|obs_0000013125,obs_0000015797,,
ALMDUDLER,Kräuterlimonade,"€ 0,88","€ 1,09","1 l = 2,67","1 l = 2,67",mit natürlichen Alpenkräutern (+ 0.25 Pfand),Nein,Dieses Angebot findest du vom 23.04. bis 29.04. in deiner Kaufland-Filiale.,2026-04-23,2026-04-29,../images/kaufland/kaufland_offer_296.jpg,"cat_getraenke,sub_kaese,sub_milchprodukte,tag_ultra_processed",,,ref_000279,obs_0000015907|obs_0000013288|obs_0000011122|obs_0000014847|obs_0000010304|obs_0000027315|obs_0000005644,obs_0000015907|obs_0000013288|obs_0000005644|obs_0000011122|obs_0000027315|obs_0000014847|obs_0000010304,,
SODASTREAM,Kunststoff-Flaschen FUSE,"€ 9,99","€ 26,99","pro Einheit = 2,00","pro Einheit = 2,00","Für Wassersprudler DUO, TERRA, GAIA, ART, EASY Mit Schraubverschluss Füllmenge je ca. 1 l Fülllinie bei ca. 0,8 l Spülmaschinenfest",Nein,Dieses Angebot findest du vom 23.04. bis 29.04. in deiner Kaufland-Filiale.,2026-04-23,2026-04-29,../images/kaufland/kaufland_offer_408.jpg,"cat_non_food,tag_ultra_processed",,,ref_000280,obs_0000012551|obs_0000008181,obs_0000012551|obs_0000008181,,
K-CLASSIC,Käse-Bacon-Griller,"€ 1,99","€ 2,49","1 kg = 9,95","1 kg = 9,95","gebrüht, Spitzenqualität",Nein,Dieses Angebot findest du vom 23.04. bis 29.04. in deiner Kaufland-Filiale.,2026-04-23,2026-04-29,../images/kaufland/kaufland_offer_125.jpg,"cat_fleisch_wurst,sub_kaese,sub_milchprodukte,tag_ultra_processed",,,ref_000281,obs_0000026814|obs_0000006457|obs_0000010631|obs_0000012775|obs_0000008883|obs_0000011008|obs_0000001018|obs_0000001019|obs_0000014146,,,
K-CLASSIC,Kürbiskerne,"€ 3,38","€ 5,07","1 kg = 5,65","1 kg = 5,65",naturbelassen,Nein,Dieses Angebot findest du vom 23.04. bis 29.04. in deiner Kaufland-Filiale.,2026-04-23,2026-04-29,../images/kaufland/kaufland_offer_249.jpg,"cat_grundnahrung,diet_gluten_free,diet_lactose_free,diet_vegan,diet_vegetarian,tag_ultra_processed,tag_whole_food",,BLS-H310100,ref_000282,obs_0000011540|obs_0000032870|obs_0000025341|obs_0000009438|obs_0000009904|obs_0000027719,obs_0000032870|obs_0000025341|obs_0000009438|obs_0000011540|obs_0000009904,,
Keine Marke,Lammkotelett,"€ 21,90","€ 26,90","pro Einheit = 21,90","pro Einheit = 21,90","edles, zartes Teilstück aus dem Lammrücken, in fein-aromatischer Marinade",Nein,Dieses Angebot findest du vom 23.04. bis 29.04. in deiner Kaufland-Filiale.,2026-04-23,2026-04-29,../images/kaufland/kaufland_offer_146.jpg,"cat_fleisch_wurst,diet_gluten_free,diet_lactose_free,diet_vegan,diet_vegetarian,sub_frisches_obst,tag_ultra_processed,tag_whole_food",,BLS-U727100,ref_000283,,,,
Keine Marke,Laugenstange,"€ 1,00",,"pro Einheit = 1,00","pro Einheit = 1,00",mit Käse überbacken,Nein,Dieses Angebot findest du vom 23.04. bis 29.04. in deiner Kaufland-Filiale.,2026-04-23,2026-04-29,../images/kaufland/kaufland_offer_226.jpg,"cat_grundnahrung,diet_gluten_free,diet_lactose_free,diet_vegan,diet_vegetarian,tag_ultra_processed,tag_whole_food",,,ref_000284,obs_0000026561|obs_0000027394|obs_0000009828|obs_0000005866|obs_0000013295|obs_0000014548|obs_0000005497|obs_0000011519|obs_0000034151|obs_0000034948|obs_0000027990,obs_0000026561|obs_0000027394|obs_0000009828|obs_0000005866|obs_0000013295|obs_0000014548|obs_0000005497|obs_0000011519,,
Keine Marke,Leberkäse-Snack,"€ 0,99",,"pro Einheit = 0,99","pro Einheit = 0,99","Leberkäse in Plunderteig, mit Senf verfeinert",Nein,Dieses Angebot findest du vom 23.04. bis 29.04. in deiner Kaufland-Filiale.,2026-04-23,2026-04-29,../images/kaufland/kaufland_offer_227.jpg,"cat_grundnahrung,diet_gluten_free,diet_lactose_free,diet_vegan,diet_vegetarian,sub_schwein,sub_wurst,tag_ultra_processed,tag_whole_food",,BLS-W256100,ref_000285,obs_0000026147|obs_0000025802|obs_0000017698|obs_0000027967|obs_0000015693|obs_0000018804|obs_0000027097|obs_0000014824|obs_0000008701,,,
X4-LIFE,LED-Dekoleuchte,"€ 12,99",,"pro Einheit = 12,99","pro Einheit = 12,99",Warmweißes Licht 2 Helligkeitsstufen + Kerzenschein-Effekt Touch-Bedienung Kabellos für flexiblen Einsatz Akkulaufzeit bis zu 16 h Größe ca. Ø 7 x 15 cm,Nein,Dieses Angebot findest du vom 23.04. bis 29.04. in deiner Kaufland-Filiale.,2026-04-23,2026-04-29,../images/kaufland/kaufland_offer_381.jpg,"cat_non_food,diet_vegetarian",,,ref_000286,obs_0000018511,obs_0000018511,,
X4-LIFE,LED-Wandleuchte,"€ 15,99",,"pro Einheit = 15,99","pro Einheit = 15,99","Stilvolles Filament-Design Kabellos für flexiblen Einsatz Warmweißes Licht mit 2.700 K Anschaltautomatik dank Bewegungsmelder Akkulaufzeit bis zu 12 h Zur Wandmontage oder freistehend verwendbar Größe ca. Ø 3,5 x 26 cm",Nein,Dieses Angebot findest du vom 23.04. bis 29.04. in deiner Kaufland-Filiale.,2026-04-23,2026-04-29,../images/kaufland/kaufland_offer_380.jpg,"cat_non_food,diet_vegetarian",,,ref_000287,obs_0000011192,obs_0000019135|obs_0000011192,,
EDUSCHO,Lieblingskaffee,"€ 5,99",,"1 kg = 11,98","1 kg = 11,98","vollmundig und intensiv, gemahlen",Nein,Dieses Angebot findest du vom 23.04. bis 29.04. in deiner Kaufland-Filiale.,2026-04-23,2026-04-29,../images/kaufland/kaufland_offer_251.jpg,"cat_knabbern_naschen,diet_gluten_free,diet_lactose_free,diet_vegan,diet_vegetarian,tag_high_protein,tag_proteinreich",,,ref_000288,,,,
FUNNY-FRISCH,Linsen- oder Popchips,"€ 4,00","€ 4,77","1 kg = 14,78 - 16,63","1 kg = 14,78 - 16,63",versch. Sorten,Nein,Dieses Angebot findest du vom 23.04. bis 29.04. in deiner Kaufland-Filiale.,2026-04-23,2026-04-29,../images/kaufland/kaufland_offer_257.jpg,"cat_knabbern_naschen,sub_huelsenfruechte,tag_ultra_processed",,,ref_000289,obs_0000012185|obs_0000015307|obs_0000008900|obs_0000011529,obs_0000012185|obs_0000015307,,
AHEAD,Low Sugar Bar,"€ 1,29","€ 1,65","1 kg = 36,86","1 kg = 36,86",Chocolate Salted Peanut Caramel oder Nut Cashew Pretzel,Nein,Dieses Angebot findest du vom 23.04. bis 29.04. in deiner Kaufland-Filiale.,2026-04-23,2026-04-29,../images/kaufland/kaufland_offer_283.jpg,"cat_knabbern_naschen,tag_ultra_processed",,,ref_000290,obs_0000011554,,,
PANIFACTUM,Lower Carb Bio-Brot oder -Knäckebrot,"€ 2,99","€ 3,99","1 kg = 14,95","1 kg = 14,95","versch. Sorten, glutenfrei",Nein,Dieses Angebot findest du vom 23.04. bis 29.04. in deiner Kaufland-Filiale.,2026-04-23,2026-04-29,../images/kaufland/kaufland_offer_236.jpg,"cat_grundnahrung,diet_vegan,diet_vegetarian",,,ref_000291,obs_0000000663|obs_0000010533|obs_0000026282|obs_0000010283|obs_0000013278,,,
LANGNESE,Magnum,"€ 2,99","€ 5,49","1 l = 4,99 - 6,80","1 l = 4,99 - 6,80","6 Stieleis Classic, Almond oder Mix oder Becher Double Hazelnut oder Pistachio",Nein,Dieses Angebot findest du vom 23.04. bis 29.04. in deiner Kaufland-Filiale.,2026-04-23,2026-04-29,../images/kaufland/kaufland_offer_181.jpg,"cat_tiefkuehl,sub_tk_eis,tag_ultra_processed",,,ref_000292,obs_0000024079|obs_0000015273|obs_0000024496|obs_0000020800|obs_0000022474|obs_0000011489|obs_0000010096|obs_0000021619|obs_0000002227|obs_0000003423|obs_0000008369|obs_0000024683|obs_0000029700|obs_0000005768|obs_0000006667|obs_0000006159|obs_0000007600|obs_0000012090|obs_0000006847|obs_0000015702|obs_0000030853|obs_0000029335|obs_0000026009|obs_0000031992|obs_0000031184|obs_0000029342|obs_0000031169|obs_0000031991|obs_0000030846,obs_0000024079|obs_0000015273|obs_0000024496|obs_0000020800|obs_0000022474|obs_0000011489|obs_0000010096|obs_0000021619,,
Keine Marke,Marokk mexikan Brombeeren,"€ 1,99","€ 3,49","1 kg = 15,92","1 kg = 15,92",Kl. I,Nein,Dieses Angebot findest du vom 27.04. bis 29.04. in deiner Kaufland-Filiale.,2026-04-27,2026-04-29,../images/kaufland/kaufland_offer_013.jpg,"cat_obst_gemuese,diet_gluten_free,diet_lactose_free,diet_vegan,diet_vegetarian,sub_frisches_gemuese,sub_frisches_obst,tag_whole_food",,,ref_000293,obs_0000017524,,,
Keine Marke,Marokk senegal Zuckermais,"€ 1,99","€ 2,99","pro Einheit = 2,00","pro Einheit = 2,00",Kl. I,Nein,Dieses Angebot findest du vom 27.04. bis 29.04. in deiner Kaufland-Filiale.,2026-04-27,2026-04-29,../images/kaufland/kaufland_offer_643.jpg,"cat_obst_gemuese,diet_gluten_free,diet_lactose_free,diet_vegan,diet_vegetarian,sub_frisches_gemuese,sub_frisches_obst,tag_ultra_processed,tag_whole_food",,,ref_000294,obs_0000010140,,,
KINDER,Maxi King oder Pingui,"€ 1,49",,"1 kg = 10,65 - 14,19","1 kg = 10,65 - 14,19",Schokoriegel mit Milchcreme,Nein,Dieses Angebot findest du vom 23.04. bis 29.04. in deiner Kaufland-Filiale.,2026-04-23,2026-04-29,../images/kaufland/kaufland_offer_158.jpg,"cat_molkerei_kaese,tag_ultra_processed",,,ref_000295,obs_0000031434|obs_0000023743|obs_0000024167|obs_0000011463|obs_0000012794|obs_0000031551,,,
K-CLASSIC,Mayonnaise,"€ 1,39","€ 1,69","1 l = 2,78","1 l = 2,78",mit Rapsöl,Nein,Dieses Angebot findest du vom 23.04. bis 29.04. in deiner Kaufland-Filiale.,2026-04-23,2026-04-29,../images/kaufland/kaufland_offer_213.jpg,"cat_grundnahrung,diet_gluten_free,diet_lactose_free,diet_vegetarian,tag_ultra_processed",,BLS-Q991000,ref_000296,obs_0000010674|obs_0000015657|obs_0000015844|obs_0000001763|obs_0000006311|obs_0000008492|obs_0000034215|obs_0000014200|obs_0000011067|obs_0000034025|obs_0000013772|obs_0000029017|obs_0000029039|obs_0000007001|obs_0000032050|obs_0000032296|obs_0000007954|obs_0000031023,obs_0000010674|obs_0000015657|obs_0000015844|obs_0000001763,,
ERGÜLLÜ,Mediterrane Creme,"€ 2,22","€ 2,59","1 kg = 17,76","1 kg = 17,76",Scharfer oder Weißer Grieche,Nein,Dieses Angebot findest du vom 23.04. bis 29.04. in deiner Kaufland-Filiale.,2026-04-23,2026-04-29,../images/kaufland/kaufland_offer_207.jpg,"cat_grundnahrung,sub_milchprodukte,sub_sahne_creme",,,ref_000297,obs_0000033360|obs_0000013141,,,
Keine Marke,Mexikan brasil Limetten,"€ 0,99","€ 1,49","pro Einheit = 4,00","pro Einheit = 4,00",Kl. I,Nein,Dieses Angebot findest du vom 23.04. bis 29.04. in deiner Kaufland-Filiale.,2026-04-23,2026-04-29,../images/kaufland/kaufland_offer_094.jpg,"cat_obst_gemuese,diet_gluten_free,diet_lactose_free,diet_vegan,diet_vegetarian,sub_exoten,sub_frisches_gemuese,sub_frisches_obst,tag_whole_food",,,ref_000298,obs_0000014383|obs_0000029579,,,
Keine Marke,Mikrofaser-Wischsystem,"€ 4,99",,"pro Einheit = 4,99","pro Einheit = 4,99",Zur effektiven Reinigung von glatten Böden Mit hochwertigem Mikrofaser-Bezug Ausziehbarer Teleskop-Stiel (Länge bis 130 cm),Nein,Dieses Angebot findest du vom 23.04. bis 29.04. in deiner Kaufland-Filiale.,2026-04-23,2026-04-29,../images/kaufland/kaufland_offer_443.jpg,"cat_obst_gemuese,diet_gluten_free,diet_lactose_free,diet_vegan,diet_vegetarian,tag_ultra_processed,tag_whole_food",,,ref_000299,,,,
Severin,Mikrowelle MW 9288,"€ 59,99",,"pro Einheit = 59,99","pro Einheit = 59,99",Garraum ca. 17 l 6 Leistungsstufen 30-min-Timer mit Signalton Herausnehmbarer Drehteller Ø ca. 25 cm Größe ca. B 44 x H 24 x T 36 cm 700 W,Nein,Dieses Angebot findest du vom 23.04. bis 29.04. in deiner Kaufland-Filiale.,2026-04-23,2026-04-29,../images/kaufland/kaufland_offer_393.jpg,cat_non_food,,,ref_000300,obs_0000010370,obs_0000010370,,x
KNOPPERS,Milch-Nuss-Schnitte,"€ 1,69",,"1 kg = 8,45","1 kg = 8,45",versch. Sorten,Nein,Dieses Angebot findest du vom 23.04. bis 29.04. in deiner Kaufland-Filiale.,2026-04-23,2026-04-29,../images/kaufland/kaufland_offer_282.jpg,"cat_knabbern_naschen,diet_vegetarian,tag_ultra_processed",,,ref_000301,obs_0000010549|obs_0000008924|obs_0000014196|obs_0000003091|obs_0000021580|obs_0000004808|obs_0000025845|obs_0000020761|obs_0000004381|obs_0000000301|obs_0000021844|obs_0000003954|obs_0000002430|obs_0000008469|obs_0000027475|obs_0000002044|obs_0000003614|obs_0000026178|obs_0000000796,obs_0000010549,,
K-CLASSIC,Milch-Schoko-Riegel,"€ 1,99",,"1 kg = 9,95","1 kg = 9,95",umhüllt von Edel-Vollmilchschokolade,Nein,Dieses Angebot findest du vom 23.04. bis 29.04. in deiner Kaufland-Filiale.,2026-04-23,2026-04-29,../images/kaufland/kaufland_offer_266.jpg,"cat_knabbern_naschen,diet_vegetarian,sub_milchprodukte,tag_high_protein,tag_ultra_processed",,,ref_000302,obs_0000027493|obs_0000001097|obs_0000001466|obs_0000000345|obs_0000004452|obs_0000004879|obs_0000003586|obs_0000003802|obs_0000027626|obs_0000004025|obs_0000010357|obs_0000014601|obs_0000030996|obs_0000022867|obs_0000012676|obs_0000016822|obs_0000016928|obs_0000033364|obs_0000017107|obs_0000000796|obs_0000025377|obs_0000015457|obs_0000019932|obs_0000011786|obs_0000013851|obs_0000003614|obs_0000026178,,,
SNICKERS MARS BOUNTY,MILKY WAY oder TWIX Minis,"€ 5,00","€ 6,58","1 kg = 11,02","1 kg = 11,02",kleine Schokoriegel,Nein,Dieses Angebot findest du vom 23.04. bis 29.04. in deiner Kaufland-Filiale.,2026-04-23,2026-04-29,../images/kaufland/kaufland_offer_278.jpg,"cat_knabbern_naschen,tag_ultra_processed",,,ref_000303,obs_0000015456|obs_0000005283|obs_0000019480|obs_0000015901|obs_0000025627|obs_0000019541|obs_0000012394|obs_0000025800|obs_0000024884|obs_0000016191|obs_0000011085|obs_0000022992|obs_0000013779|obs_0000013309|obs_0000022527,obs_0000015456,,
ADELHOLZENER,Mineralwasser,"€ 0,49",,"pro Einheit = 1,00","pro Einheit = 1,00",versch. Sorten (+ 0.25 Pfand),Nein,Dieses Angebot findest du vom 23.04. bis 29.04. in deiner Kaufland-Filiale.,2026-04-23,2026-04-29,../images/kaufland/kaufland_offer_298.jpg,"cat_getraenke,diet_gluten_free,diet_lactose_free,diet_vegan,diet_vegetarian",,,ref_000304,obs_0000028841|obs_0000031006|obs_0000027653|obs_0000034851|obs_0000015908|obs_0000031797|obs_0000026205|obs_0000008801|obs_0000003689|obs_0000015481|obs_0000031867|obs_0000012414|obs_0000031871|obs_0000028800|obs_0000034437|obs_0000008841|obs_0000009353|obs_0000027836|obs_0000011969|obs_0000021185|obs_0000027856|obs_0000008437|obs_0000034043|obs_0000034044|obs_0000009985|obs_0000028931|obs_0000035059|obs_0000010519|obs_0000014625|obs_0000028968|obs_0000026948|obs_0000028493|obs_0000008537|obs_0000011123|obs_0000028537|obs_0000028027|obs_0000020366|obs_0000028603|obs_0000034235|obs_0000034238|obs_0000026570|obs_0000013773|obs_0000025562|obs_0000028654|obs_0000014332|obs_0000031249|obs_0000002068|obs_0000024088|obs_0000029232|obs_0000031834,obs_0000027653|obs_0000034851|obs_0000015908|obs_0000031797|obs_0000026205|obs_0000008801|obs_0000003689|obs_0000015481|obs_0000031867|obs_0000012414|obs_0000031871|obs_0000028800|obs_0000034437|obs_0000008841|obs_0000009353|obs_0000028841|obs_0000027836|obs_0000011969|obs_0000021185|obs_0000027856|obs_0000006890|obs_0000008437|obs_0000034043|obs_0000034044|obs_0000009985|obs_0000028931|obs_0000035059|obs_0000010519|obs_0000031006|obs_0000014625|obs_0000028968|obs_0000026948|obs_0000028493|obs_0000008537|obs_0000011123|obs_0000028537|obs_0000028027|obs_0000020366|obs_0000028603|obs_0000034235|obs_0000034238|obs_0000026570|obs_0000013773|obs_0000025562|obs_0000028654|obs_0000014332,,
BABYBEL,Mini,"€ 2,79","€ 4,29","1 kg = 15,50","1 kg = 15,50","halbfester Schnittkäse, Original oder Light, 25 - 45 % Fett i. Tr.",Nein,Dieses Angebot findest du vom 23.04. bis 29.04. in deiner Kaufland-Filiale.,2026-04-23,2026-04-29,../images/kaufland/kaufland_offer_174.jpg,"cat_molkerei_kaese,diet_gluten_free,diet_lactose_free,diet_vegan,diet_vegetarian,tag_ultra_processed,tag_whole_food",,,ref_000305,obs_0000012328|obs_0000010932|obs_0000006379|obs_0000017530|obs_0000026024|obs_0000018128|obs_0000016216|obs_0000020562|obs_0000019152|obs_0000008972|obs_0000021381|obs_0000025542|obs_0000034182|obs_0000001648|obs_0000002220|obs_0000023295|obs_0000000803|obs_0000020016|obs_0000018433|obs_0000000007|obs_0000002063|obs_0000004119|obs_0000010268|obs_0000024611|obs_0000000041|obs_0000012338|obs_0000020532|obs_0000014403|obs_0000004170|obs_0000024665|obs_0000012389|obs_0000022631|obs_0000022632|obs_0000008299|obs_0000010350|obs_0000000119|obs_0000034913|obs_0000004234|obs_0000026794|obs_0000028842|obs_0000004281|obs_0000022732|obs_0000016594|obs_0000002275|obs_0000026857|obs_0000018679|obs_0000026872|obs_0000028936|obs_0000006422|obs_0000033044,obs_0000012328|obs_0000006379|obs_0000010932|obs_0000017530|obs_0000026024|obs_0000018128|obs_0000016216,,
K-CLASSIC,Mini-Berner-Würstchen,"€ 1,99","€ 2,59","1 kg = 7,96","1 kg = 7,96",Brühwürstchen mit Emmentaler und gegartem Bauchspeck,Nein,Dieses Angebot findest du vom 23.04. bis 29.04. in deiner Kaufland-Filiale.,2026-04-23,2026-04-29,../images/kaufland/kaufland_offer_123.jpg,"cat_fleisch_wurst,diet_gluten_free,diet_lactose_free,diet_vegetarian,sub_wurst,tag_ultra_processed",,BLS-W211400,ref_000306,obs_0000014851|obs_0000013778|obs_0000013994|obs_0000009369|obs_0000023289|obs_0000027851|obs_0000025844|obs_0000026526|obs_0000012328|obs_0000006379|obs_0000010932|obs_0000017530|obs_0000009557|obs_0000026024|obs_0000018128|obs_0000016216,,,
GIOTTO,Mini-Gebäckkugeln,"€ 2,79",,"1 kg = 18,12","1 kg = 18,12","gefüllt mit Haselnusscreme, 4 Stangen à 9 Stück",Nein,Dieses Angebot findest du vom 27.04. bis 29.04. in deiner Kaufland-Filiale.,2026-04-27,2026-04-29,../images/kaufland/kaufland_offer_610.jpg,"cat_knabbern_naschen,diet_gluten_free,diet_lactose_free,diet_vegan,diet_vegetarian,tag_ultra_processed,tag_whole_food",,,ref_000307,obs_0000011552|obs_0000012328|obs_0000006379|obs_0000010932|obs_0000017530|obs_0000026024|obs_0000018128|obs_0000016216,obs_0000011552,,
TECHNAXX,Mini-Wildtierkamera TX-117,"€ 49,99","€ 89,99","pro Einheit = 49,99","pro Einheit = 49,99","TFT-LC-Display ca. 4,8 cm (1,9 Zoll) Mikrofon und Lautsprecher integriert Funktionen: Foto, Video, kombiniert Full-HD-Videoauflösung Fotoaufnahmen bis 12 MP Auslösezeit ca. 0,6 sec Auslöseintervall programmierbar (5 sec - 60 min) Videolänge und Zeitrafferfunktion programmierbar Bewegungsmelder mit Reichweite ca. 15 m Nachtsichtaufnahmen per IR-LED bis ca. 18 m Mit microSD-Kartenslot (bis zu 32 GB) Schutzklasse IP 56 (Staub, Strahlwasser) Größe ca. B 8,7 x H 10,7 x T 4,4 cm (ca. 141 g) Inkl. USB-Kabel, Gurt und Batterien",Nein,Dieses Angebot findest du vom 23.04. bis 29.04. in deiner Kaufland-Filiale.,2026-04-23,2026-04-29,../images/kaufland/kaufland_offer_397.jpg,"cat_non_food,diet_vegan,diet_vegetarian,tag_ultra_processed",,,ref_000308,obs_0000012328|obs_0000006379|obs_0000010932|obs_0000017530|obs_0000026024|obs_0000018128|obs_0000016216,,,
LEIBNIZ,Minis,"€ 3,38",,"1 kg = 7,54 - 9,04","1 kg = 7,54 - 9,04","Butterkekse, Choco oder Black & White",Nein,Dieses Angebot findest du vom 27.04. bis 29.04. in deiner Kaufland-Filiale.,2026-04-27,2026-04-29,../images/kaufland/kaufland_offer_606.jpg,"cat_knabbern_naschen,diet_vegetarian,tag_ultra_processed",,,ref_000309,obs_0000015901|obs_0000019480|obs_0000025627|obs_0000019541|obs_0000012394|obs_0000025800|obs_0000024884|obs_0000016191|obs_0000011085|obs_0000022992|obs_0000013779|obs_0000013309|obs_0000022527|obs_0000017921|obs_0000012802|obs_0000027652|obs_0000014861|obs_0000001550|obs_0000004111|obs_0000004633|obs_0000008732|obs_0000027681|obs_0000022061|obs_0000010298|obs_0000034379|obs_0000020557|obs_0000004206|obs_0000025211|obs_0000001186|obs_0000001189|obs_0000011962|obs_0000003779|obs_0000003791|obs_0000014554|obs_0000001759|obs_0000033009|obs_0000004850|obs_0000006386|obs_0000021245|obs_0000006923|obs_0000033553|obs_0000026916|obs_0000035089|obs_0000017711|obs_0000034613|obs_0000014139|obs_0000000326|obs_0000004423|obs_0000022862|obs_0000004965,obs_0000019480|obs_0000025627|obs_0000015901|obs_0000019541|obs_0000012394|obs_0000025800|obs_0000024884|obs_0000016191|obs_0000011085|obs_0000022992|obs_0000013779|obs_0000013309|obs_0000022527,,
K-PURLAND,Minutensteaks aus dem Schweinelachs,"€ 2,49","€ 3,19","1 kg = 6,23","1 kg = 6,23","aus dem Schweinelachs, zart",Nein,Dieses Angebot findest du vom 23.04. bis 29.04. in deiner Kaufland-Filiale.,2026-04-23,2026-04-29,../images/kaufland/kaufland_offer_100.jpg,"cat_fleisch_wurst,sub_schwein,tag_high_protein,tag_proteinreich",,,ref_000310,obs_0000011413|obs_0000009481|obs_0000000511|obs_0000000647|obs_0000001076|obs_0000001311|obs_0000003641,obs_0000011413,,
INNOCENT,Mischsaft oder Plus,"€ 2,69","€ 3,79","1 l = 2,99 - 3,59","1 l = 2,99 - 3,59","aus Direktsaft, versch. Sorten (+ 0.25 Pfand)",Nein,Dieses Angebot findest du vom 27.04. bis 29.04. in deiner Kaufland-Filiale.,2026-04-27,2026-04-29,../images/kaufland/kaufland_offer_048.jpg,"cat_getraenke,tag_ultra_processed",,,ref_000311,obs_0000011970|obs_0000013344|obs_0000014628,,,
Gegrillte Champignons,mit Frischkäse,"€ 1,49","€ 1,99","pro Einheit = 100,00","pro Einheit = 100,00",mit Frischkäse,Nein,Dieses Angebot findest du vom 23.04. bis 29.04. in deiner Kaufland-Filiale.,2026-04-23,2026-04-29,../images/kaufland/kaufland_offer_224.jpg,"cat_grundnahrung,sub_kaese,sub_milchprodukte,sub_pilze,tag_ultra_processed",,,ref_000312,obs_0000013780|obs_0000026675|obs_0000022604|obs_0000018636|obs_0000018668|obs_0000024882|obs_0000020962|obs_0000000519|obs_0000016946|obs_0000025259|obs_0000031543|obs_0000002951|obs_0000019362|obs_0000017482|obs_0000017513|obs_0000027893|obs_0000019721|obs_0000009596|obs_0000003481|obs_0000023986|obs_0000017894|obs_0000018043|obs_0000022149|obs_0000028302|obs_0000020143|obs_0000022250|obs_0000022312|obs_0000010048|obs_0000024407|obs_0000030191,obs_0000013780,,
ZOTT,Monte,"€ 1,49","€ 2,49","1 kg = 4,52","1 kg = 4,52",Milchdessert mit Schoko und Haselnüssen,Nein,Dieses Angebot findest du vom 23.04. bis 29.04. in deiner Kaufland-Filiale.,2026-04-23,2026-04-29,../images/kaufland/kaufland_offer_156.jpg,"cat_molkerei_kaese,sub_milchprodukte,sub_sahne_creme,tag_ultra_processed",,,ref_000313,obs_0000012680|obs_0000011038|obs_0000001955|obs_0000009385|obs_0000019311|obs_0000009846|obs_0000002823|obs_0000019979|obs_0000021646|obs_0000024207|obs_0000001179|obs_0000021021|obs_0000000813|obs_0000010937|obs_0000024893|obs_0000022981|obs_0000016980|obs_0000020827|obs_0000023781|obs_0000020202|obs_0000025328|obs_0000025457|obs_0000034166|obs_0000005342|obs_0000006625|obs_0000005913|obs_0000030525|obs_0000029855|obs_0000030592,obs_0000012680|obs_0000011038|obs_0000001955|obs_0000009385|obs_0000005342|obs_0000006625|obs_0000019311|obs_0000009846,,
GALBANI,Mozzarella Classic,"€ 1,29","€ 1,99","1 kg = 10,32","1 kg = 10,32","Weichkäse, mind. 45 % Fett i. Tr.",Nein,Dieses Angebot findest du vom 23.04. bis 29.04. in deiner Kaufland-Filiale.,2026-04-23,2026-04-29,../images/kaufland/kaufland_offer_168.jpg,"cat_molkerei_kaese,diet_vegetarian,sub_kaese,sub_milchprodukte,tag_ultra_processed",,,ref_000314,obs_0000008404|obs_0000013310|obs_0000024894|obs_0000018366|obs_0000022485|obs_0000025668|obs_0000022609|obs_0000028751|obs_0000033882|obs_0000001628|obs_0000001643|obs_0000001647|obs_0000018031|obs_0000020596|obs_0000023202|obs_0000024234|obs_0000015018|obs_0000022241|obs_0000023806|obs_0000026884|obs_0000011543|obs_0000011043|obs_0000000816|obs_0000024877|obs_0000035101|obs_0000034649|obs_0000009077|obs_0000022394|obs_0000027551|obs_0000021415|obs_0000031658|obs_0000016326|obs_0000027613|obs_0000018430,obs_0000008404|obs_0000013310,,
PERONI,Nastro Azzurro,"€ 4,99","€ 6,29","1 l = 2,52","1 l = 2,52","ital. Bier, auch alkoholfrei 0,0 % (+ 0.48 Pfand)",Nein,Dieses Angebot findest du vom 23.04. bis 29.04. in deiner Kaufland-Filiale.,2026-04-23,2026-04-29,../images/kaufland/kaufland_offer_328.jpg,"cat_getraenke,diet_vegetarian",,,ref_000315,obs_0000010754|obs_0000028674|obs_0000028554|obs_0000015086|obs_0000029765|obs_0000029261,obs_0000010754|obs_0000028674|obs_0000029765|obs_0000028554|obs_0000029261|obs_0000015086,,
K-FAVOURITES,Natives Olivenöl extra DOP,"€ 5,99","€ 7,99","1 l = 11,98","1 l = 11,98","Terra di Bari Castel del Monte, aus Oliven aus Apulien",Nein,Dieses Angebot findest du vom 23.04. bis 29.04. in deiner Kaufland-Filiale.,2026-04-23,2026-04-29,../images/kaufland/kaufland_offer_220.jpg,"cat_grundnahrung,diet_gluten_free,diet_lactose_free,diet_vegan,diet_vegetarian",,,ref_000316,obs_0000014304|obs_0000000536|obs_0000025631|obs_0000012351|obs_0000000095|obs_0000020986|obs_0000014985|obs_0000021137|obs_0000020167|obs_0000028880|obs_0000022319|obs_0000011075|obs_0000020318|obs_0000021940|obs_0000025043|obs_0000013794|obs_0000015852|obs_0000018950|obs_0000018480|obs_0000005177|obs_0000008793|obs_0000001216|obs_0000028869|obs_0000003325|obs_0000028952|obs_0000018248|obs_0000033698|obs_0000002495|obs_0000007186|obs_0000005365|obs_0000010685|obs_0000002069|obs_0000014367|obs_0000011361|obs_0000015501|obs_0000012446|obs_0000009909|obs_0000009444|obs_0000015088|obs_0000002836|obs_0000013624|obs_0000019269|obs_0000011593|obs_0000013180|obs_0000012176|obs_0000001438,obs_0000000536|obs_0000025631|obs_0000012351|obs_0000000095|obs_0000020986|obs_0000014985|obs_0000021137|obs_0000020167|obs_0000028880|obs_0000022319|obs_0000011075|obs_0000020318|obs_0000021940|obs_0000025043|obs_0000014304|obs_0000013794|obs_0000015852,,
Keine Marke,Neuseeländ Kiwi gold lose,"€ 3,00","€ 4,95","pro Einheit = 3,00","pro Einheit = 3,00",Kl. I,Nein,Dieses Angebot findest du vom 23.04. bis 29.04. in deiner Kaufland-Filiale.,2026-04-23,2026-04-29,../images/kaufland/kaufland_offer_091.jpg,"cat_obst_gemuese,diet_gluten_free,diet_lactose_free,diet_vegan,diet_vegetarian,sub_exoten,sub_frisches_gemuese,sub_frisches_obst,tag_whole_food",,,ref_000317,obs_0000011814|obs_0000024104|obs_0000019528|obs_0000027793|obs_0000021224|obs_0000010019|obs_0000009562|obs_0000026466|obs_0000008059|obs_0000028046|obs_0000027055|obs_0000020405|obs_0000008631|obs_0000024527|obs_0000010274|obs_0000031776|obs_0000034007|obs_0000023259|obs_0000012629|obs_0000011104|obs_0000012669|obs_0000013227|obs_0000015276|obs_0000010721|obs_0000031712,,,
Keine Marke,Niederl belg Tafelbirnen,"€ 1,49","€ 1,99","pro Einheit = 1,00","pro Einheit = 1,00","Sorte laut Auszeichnung, Kl. I",Nein,Dieses Angebot findest du vom 23.04. bis 29.04. in deiner Kaufland-Filiale.,2026-04-23,2026-04-29,../images/kaufland/kaufland_offer_054.jpg,"cat_obst_gemuese,diet_gluten_free,diet_lactose_free,diet_vegan,diet_vegetarian,sub_frisches_obst,tag_whole_food",,,ref_000318,obs_0000015670|obs_0000013798|obs_0000014886|obs_0000015735|obs_0000011772|obs_0000008712|obs_0000008373|obs_0000028627|obs_0000028513|obs_0000010484,obs_0000015670|obs_0000013798,,
Keine Marke,Niederl span Rispentomaten lose,"€ 1,39","€ 2,99","pro Einheit = 1,39","pro Einheit = 1,39",Kl. I,Nein,Dieses Angebot findest du vom 23.04. bis 29.04. in deiner Kaufland-Filiale.,2026-04-23,2026-04-29,../images/kaufland/kaufland_offer_059.jpg,"cat_obst_gemuese,diet_gluten_free,diet_lactose_free,diet_vegan,diet_vegetarian,sub_frisches_gemuese,sub_frisches_obst,tag_whole_food",,,ref_000319,obs_0000012235|obs_0000014439|obs_0000013419|obs_0000012212|obs_0000014819|obs_0000013797|obs_0000001302|obs_0000027139|obs_0000008287|obs_0000013997|obs_0000027413|obs_0000027927|obs_0000031578|obs_0000000876|obs_0000029590|obs_0000026075,obs_0000012235,,
STORCK,Nimm2 Fruchtbonbons Soft oder Lollies,"€ 1,69",,"1 kg = 3,94 - 8,45","1 kg = 3,94 - 8,45","mit Vitaminen, versch. Sorten",Nein,Dieses Angebot findest du vom 27.04. bis 29.04. in deiner Kaufland-Filiale.,2026-04-27,2026-04-29,../images/kaufland/kaufland_offer_636.jpg,"cat_knabbern_naschen,tag_ultra_processed",,,ref_000320,obs_0000012400|obs_0000027164|obs_0000011556|obs_0000008552,obs_0000012400,,
K-BLUE BAY,Norweg Lachsforellenfilet,"€ 14,99",,"pro Einheit = 14,99","pro Einheit = 14,99",mit Haut,Nein,Dieses Angebot findest du vom 23.04. bis 29.04. in deiner Kaufland-Filiale.,2026-04-23,2026-04-29,../images/kaufland/kaufland_offer_150.jpg,"cat_fisch_meeresfruechte,diet_gluten_free,diet_lactose_free,tag_high_protein,tag_proteinreich",,,ref_000321,obs_0000011456|obs_0000013801|obs_0000000699|obs_0000018886,obs_0000011456|obs_0000013801,,
Keine Marke,Nuss-Nougat-Croissant,"€ 0,49","€ 0,69","pro Einheit = 0,49","pro Einheit = 0,49","Plunderteiggebäck mit 25 % Nougatfüllung, bestreut mit gehackten Haselnüssen",Nein,Dieses Angebot findest du vom 23.04. bis 29.04. in deiner Kaufland-Filiale.,2026-04-23,2026-04-29,../images/kaufland/kaufland_offer_229.jpg,"cat_grundnahrung,diet_gluten_free,diet_lactose_free,diet_vegan,diet_vegetarian,tag_ultra_processed,tag_whole_food",,BLS-S451000,ref_000322,obs_0000020121|obs_0000006955|obs_0000023356|obs_0000027987|obs_0000024975|obs_0000020940|obs_0000002265|obs_0000003358|obs_0000027131|obs_0000016184|obs_0000023195|obs_0000025842,obs_0000020121|obs_0000006955|obs_0000023356|obs_0000027987|obs_0000024975|obs_0000020940,,
PRINCESS,Nähmaschine 326010,"€ 44,99",,"pro Einheit = 44,99","pro Einheit = 44,99","Freiarm-Nähmaschine 14 Stichmuster Knopflochfunktion Spulenfunktion Rückwärtsnähen LED-Leuchte Einstellbare Fadenspannung Automatischer Geschwindigkeitsregler Automatische Einfädelfunktion Fadenschneider 9 W Inkl. Schutzhaube, Zwillingsnadel und Zubehör",Nein,Dieses Angebot findest du vom 23.04. bis 29.04. in deiner Kaufland-Filiale.,2026-04-23,2026-04-29,../images/kaufland/kaufland_offer_382.jpg,cat_non_food,,,ref_000323,obs_0000022933|obs_0000023476,,,
K-CLASSIC,Nürnberger Rostbratwürste,"€ 2,49","€ 3,29","1 kg = 8,30 - 9,96","1 kg = 8,30 - 9,96","gebrüht, auch fettreduziert",Nein,Dieses Angebot findest du vom 23.04. bis 29.04. in deiner Kaufland-Filiale.,2026-04-23,2026-04-29,../images/kaufland/kaufland_offer_122.jpg,"cat_fleisch_wurst,sub_wurst,tag_ultra_processed",,,ref_000324,obs_0000010326|obs_0000014918|obs_0000027970|obs_0000001695,obs_0000010326|obs_0000014918|obs_0000023630|obs_0000027970|obs_0000001695,,
Keine Marke,Obstbaumstämmchen,"€ 9,99",,"pro Einheit = 9,99","pro Einheit = 9,99","versch. Sorten, z. B. Kirsche, Apfel, Pflaume, Pfirsich, Birne oder Aprikose",Nein,Dieses Angebot findest du vom 23.04. bis 29.04. in deiner Kaufland-Filiale.,2026-04-23,2026-04-29,../images/kaufland/kaufland_offer_080.jpg,"cat_obst_gemuese,diet_gluten_free,diet_lactose_free,diet_vegan,diet_vegetarian,tag_ultra_processed,tag_whole_food",,,ref_000325,,,,
K-GOLD EDITION,Oliven mariniert,"€ 2,22","€ 2,49","1 kg = 7,40","1 kg = 7,40","mariniert, mit Kräutern",Nein,Dieses Angebot findest du vom 23.04. bis 29.04. in deiner Kaufland-Filiale.,2026-04-23,2026-04-29,../images/kaufland/kaufland_offer_205.jpg,"cat_grundnahrung,diet_gluten_free,diet_lactose_free,diet_vegan,diet_vegetarian,tag_ultra_processed",,,ref_000326,obs_0000008194|obs_0000025865|obs_0000028687|obs_0000028567|obs_0000018215|obs_0000026683|obs_0000008681|obs_0000022380|obs_0000034552,,,
DESPERADOS,Original,"€ 4,99","€ 6,49","1 l = 3,78","1 l = 3,78","Bier, mit Aguardiente-Aroma (+ 0.32 Pfand)",Nein,Dieses Angebot findest du vom 23.04. bis 29.04. in deiner Kaufland-Filiale.,2026-04-23,2026-04-29,../images/kaufland/kaufland_offer_334.jpg,"cat_getraenke,tag_ultra_processed",,,ref_000327,obs_0000035052|obs_0000008906|obs_0000015502|obs_0000014249|obs_0000028730|obs_0000020611|obs_0000012423|obs_0000006283|obs_0000026772|obs_0000026832|obs_0000028896|obs_0000027005|obs_0000027048|obs_0000021000|obs_0000008777|obs_0000021117|obs_0000015051|obs_0000021430|obs_0000025547|obs_0000033763|obs_0000017384|obs_0000013325|obs_0000019505|obs_0000031800|obs_0000025705|obs_0000009334|obs_0000027791|obs_0000033975|obs_0000021758|obs_0000009525|obs_0000021868|obs_0000017799|obs_0000026035|obs_0000022184|obs_0000020181|obs_0000034561|obs_0000009987|obs_0000028429|obs_0000034575|obs_0000016167|obs_0000020298|obs_0000028516|obs_0000010117|obs_0000028630|obs_0000009315|obs_0000009786|obs_0000010244|obs_0000026672|obs_0000018547|obs_0000026752,obs_0000028730|obs_0000020611|obs_0000012423|obs_0000006283|obs_0000026772|obs_0000026832|obs_0000028896|obs_0000035052|obs_0000027005|obs_0000027048|obs_0000021000|obs_0000008777|obs_0000021117|obs_0000008906|obs_0000015051|obs_0000021430|obs_0000025547|obs_0000033763|obs_0000017384|obs_0000013325|obs_0000019505|obs_0000031800|obs_0000025705|obs_0000009334|obs_0000015502|obs_0000027791|obs_0000033975|obs_0000021758|obs_0000021868|obs_0000017799|obs_0000026035|obs_0000022184|obs_0000020181|obs_0000034561|obs_0000028429|obs_0000034575|obs_0000016167|obs_0000020298|obs_0000028516|obs_0000010117|obs_0000014249|obs_0000028630,,
LIVARNO,Outdoormatte,"€ 4,99","€ 9,99","pro Einheit = 4,99","pro Einheit = 4,99","Oberseite aus recyceltem Polyester Unterseite aus EVA (schmutzabweisend) Einfach zu falten Mit Klettverschluss, Tragegriff und Schultergurt Waschbar Größe ca. 127 x 168 cm",Nein,Dieses Angebot findest du vom 23.04. bis 29.04. in deiner Kaufland-Filiale.,2026-04-23,2026-04-29,../images/kaufland/kaufland_offer_484.jpg,cat_non_food,,,ref_000328,,,,
BESTRON,Paninigrill ASW113CO,"€ 19,99","€ 29,95","pro Einheit = 19,99","pro Einheit = 19,99","Vielseitig einsetzbar zum Grillen und Toasten Panini, Bruschetta, Toast, Gemüse, Fleisch etc. Gehäuse und Griff wärmeisoliert Antihaftbeschichtete Grillfläche ca. 28 x 17 cm Mit Fettauffangschale Deckelverriegelung und Kabelaufwicklung Anti-Rutsch-Füße Max. 1.000 W",Nein,Dieses Angebot findest du vom 23.04. bis 29.04. in deiner Kaufland-Filiale.,2026-04-23,2026-04-29,../images/kaufland/kaufland_offer_386.jpg,"cat_non_food,diet_vegan",,,ref_000329,,,,
DR OETKER,Paradiescreme,"€ 0,79","€ 1,29","1 kg = 10,68 - 14,37","1 kg = 10,68 - 14,37","für cremige Desserts, versch. Sorten",Nein,Dieses Angebot findest du vom 27.04. bis 29.04. in deiner Kaufland-Filiale.,2026-04-27,2026-04-29,../images/kaufland/kaufland_offer_018.jpg,"cat_knabbern_naschen,tag_ultra_processed",,,ref_000330,obs_0000008723|obs_0000015015|obs_0000016101|obs_0000002821|obs_0000012645,obs_0000008723|obs_0000015015|obs_0000016101|obs_0000002821|obs_0000012645,,
HARIBO,Party-Box,"€ 3,69","€ 4,99","1 kg = 4,92","1 kg = 4,92",versch. Sorten,Nein,Dieses Angebot findest du vom 27.04. bis 29.04. in deiner Kaufland-Filiale.,2026-04-27,2026-04-29,../images/kaufland/kaufland_offer_614.jpg,"cat_non_food,tag_ultra_processed",,,ref_000331,obs_0000009930|obs_0000009467|obs_0000024697|obs_0000025998|obs_0000026011|obs_0000018617|obs_0000017782,obs_0000009930|obs_0000009467,,
MUTTI,Passierte Tomaten,"€ 1,99","€ 2,69","1 kg = 2,85 - 3,32","1 kg = 2,85 - 3,32",aus Italien,Nein,Dieses Angebot findest du vom 23.04. bis 29.04. in deiner Kaufland-Filiale.,2026-04-23,2026-04-29,../images/kaufland/kaufland_offer_210.jpg,"cat_grundnahrung,diet_gluten_free,diet_lactose_free,diet_vegan,diet_vegetarian,sub_frisches_gemuese,tag_whole_food",,,ref_000332,obs_0000023181|obs_0000013331|obs_0000028468|obs_0000028214|obs_0000027890|obs_0000010073|obs_0000030784|obs_0000029636|obs_0000026278|obs_0000026407|obs_0000019909|obs_0000007376|obs_0000034023,obs_0000023181|obs_0000013331|obs_0000028468|obs_0000028214|obs_0000030784|obs_0000029636|obs_0000010073|obs_0000027890,,
K-CLASSIC,Pazifisches Wildlachsfilet,"€ 2,19","€ 3,79","1 kg = 8,76","1 kg = 8,76","ohne Haut, praktisch grätenfrei, einzeln entnehmbar",Nein,Dieses Angebot findest du vom 23.04. bis 29.04. in deiner Kaufland-Filiale.,2026-04-23,2026-04-29,../images/kaufland/kaufland_offer_192.jpg,"cat_tiefkuehl,diet_gluten_free,diet_lactose_free,sub_tk_fertiggerichte,tag_high_protein,tag_proteinreich,tag_ultra_processed,tag_whole_food",,,ref_000333,obs_0000011498|obs_0000016612|obs_0000018791|obs_0000019068|obs_0000017331|obs_0000013483,obs_0000011498,,
PURINA GOURMET,Perle,"€ 0,44",,"1 kg = 5,18","1 kg = 5,18","Katzennassfutter, versch. Sorten",Nein,Dieses Angebot findest du vom 23.04. bis 29.04. in deiner Kaufland-Filiale.,2026-04-23,2026-04-29,../images/kaufland/kaufland_offer_366.jpg,cat_drogerie,,,ref_000334,obs_0000015117|obs_0000010523|obs_0000034669|obs_0000033018|obs_0000032457|obs_0000029741|obs_0000032151|obs_0000032286,obs_0000034669|obs_0000015117|obs_0000010523,,
Keine Marke,Peruan südafrik Avocados,"€ 1,99","€ 2,99","1 kg = 3,98","1 kg = 3,98","»Hass«, Kl. I",Nein,Dieses Angebot findest du vom 23.04. bis 29.04. in deiner Kaufland-Filiale.,2026-04-23,2026-04-29,../images/kaufland/kaufland_offer_056.jpg,"cat_obst_gemuese,diet_gluten_free,diet_lactose_free,diet_vegan,diet_vegetarian,sub_exoten,sub_frisches_obst,tag_ultra_processed,tag_whole_food",,,ref_000335,obs_0000014884|obs_0000010934|obs_0000011349|obs_0000034904,obs_0000014884,,
BARILLA,Pesto,"€ 1,66",,"1 kg = 8,30 - 8,74","1 kg = 8,30 - 8,74",versch. Sorten,Nein,Dieses Angebot findest du vom 23.04. bis 29.04. in deiner Kaufland-Filiale.,2026-04-23,2026-04-29,../images/kaufland/kaufland_offer_243.jpg,"cat_grundnahrung,diet_lactose_free,diet_vegan,diet_vegetarian,sub_nudeln,tag_ultra_processed",,,ref_000336,obs_0000023299|obs_0000025099|obs_0000018607|obs_0000015289|obs_0000003675|obs_0000014195|obs_0000015872|obs_0000011527|obs_0000001549|obs_0000000146|obs_0000019219|obs_0000020017|obs_0000011089|obs_0000019945|obs_0000016639|obs_0000034211|obs_0000001346|obs_0000028349|obs_0000008153|obs_0000015004|obs_0000015005|obs_0000007363|obs_0000023389|obs_0000010208|obs_0000022243|obs_0000034416|obs_0000005746|obs_0000007184|obs_0000030712|obs_0000002524|obs_0000003299|obs_0000029304|obs_0000005369|obs_0000032424|obs_0000030664|obs_0000029670|obs_0000032232|obs_0000029685|obs_0000007342|obs_0000013936|obs_0000006836|obs_0000005569,obs_0000023299|obs_0000011527|obs_0000025099|obs_0000001549|obs_0000000146|obs_0000019219|obs_0000018607|obs_0000020017|obs_0000015289|obs_0000007363|obs_0000011089|obs_0000003675|obs_0000019945|obs_0000005746|obs_0000014195|obs_0000016639|obs_0000015872,,
K-PURLAND,Pfeffer-Hüftsteak vom Jungbullen mariniert,"€ 18,95",,"pro Einheit = 3,79","pro Einheit = 3,79","vom Jungbullen, mariniert, mind. 21 Tage gereift",Nein,Dieses Angebot findest du vom 23.04. bis 29.04. in deiner Kaufland-Filiale.,2026-04-23,2026-04-29,../images/kaufland/kaufland_offer_109.jpg,"cat_fleisch_wurst,sub_rind",,,ref_000337,obs_0000014451|obs_0000012276|obs_0000008440|obs_0000010998|obs_0000009267|obs_0000014036|obs_0000001879,obs_0000014451|obs_0000012276,,
K-CLASSIC,Pfefferminztaler,"€ 1,79",,"1 kg = 7,16","1 kg = 7,16","in Zartbitterschokolade, vegan",Nein,Dieses Angebot findest du vom 23.04. bis 29.04. in deiner Kaufland-Filiale.,2026-04-23,2026-04-29,../images/kaufland/kaufland_offer_274.jpg,"cat_knabbern_naschen,diet_gluten_free,diet_lactose_free,diet_vegan,diet_vegetarian,sub_kaese,sub_milchprodukte,tag_ultra_processed,tag_whole_food",,BLS-N721000,ref_000338,,,,
HENKELL,Piccolo-Sekt,"€ 0,99",,"1 l = 4,95","1 l = 4,95",trocken oder Rosé,Nein,Dieses Angebot findest du vom 27.04. bis 29.04. in deiner Kaufland-Filiale.,2026-04-27,2026-04-29,../images/kaufland/kaufland_offer_602.jpg,cat_getraenke,,,ref_000339,obs_0000013336|obs_0000015931|obs_0000008276|obs_0000015498|obs_0000010420|obs_0000014100|obs_0000011802|obs_0000017436|obs_0000018465|obs_0000017456|obs_0000003634|obs_0000013889|obs_0000019009|obs_0000031833|obs_0000019561|obs_0000018037|obs_0000028281|obs_0000000122|obs_0000012437|obs_0000010911|obs_0000026289|obs_0000011989|obs_0000023255|obs_0000027358|obs_0000018687|obs_0000016680|obs_0000015666|obs_0000014643|obs_0000014644|obs_0000024889|obs_0000026425|obs_0000011590|obs_0000015699|obs_0000027487|obs_0000008047|obs_0000008577|obs_0000012694|obs_0000002457|obs_0000022430|obs_0000025002|obs_0000001461|obs_0000026048,obs_0000013336|obs_0000015931|obs_0000008276|obs_0000015498|obs_0000010420,,
K-CLASSIC,Pinienkerne,"€ 1,79","€ 2,49","1 kg = 35,80","1 kg = 35,80",naturbelassen,Nein,Dieses Angebot findest du vom 23.04. bis 29.04. in deiner Kaufland-Filiale.,2026-04-23,2026-04-29,../images/kaufland/kaufland_offer_248.jpg,"cat_grundnahrung,diet_gluten_free,diet_lactose_free,diet_vegan,diet_vegetarian,tag_ultra_processed,tag_whole_food",,BLS-H320100,ref_000340,obs_0000010386|obs_0000013821|obs_0000016095|obs_0000001723|obs_0000003582,obs_0000010386|obs_0000013821|obs_0000001723|obs_0000016095,,
Keine Marke,Port marokk Himbeeren,"€ 1,49","€ 3,49","1 kg = 11,92","1 kg = 11,92",Kl. I,Nein,Dieses Angebot findest du vom 23.04. bis 29.04. in deiner Kaufland-Filiale.,2026-04-23,2026-04-29,../images/kaufland/kaufland_offer_051.jpg,"cat_obst_gemuese,diet_gluten_free,diet_lactose_free,diet_vegan,diet_vegetarian,sub_frisches_gemuese,sub_frisches_obst,tag_whole_food",,,ref_000341,obs_0000011789|obs_0000010894|obs_0000010921|obs_0000032513|obs_0000030214|obs_0000000524|obs_0000006412|obs_0000029585|obs_0000027154|obs_0000029205|obs_0000013981|obs_0000030130|obs_0000030258|obs_0000026169|obs_0000032322|obs_0000029127|obs_0000026967|obs_0000016741|obs_0000010473|obs_0000000498|obs_0000001270|obs_0000028022|obs_0000029817,obs_0000011789|obs_0000010894|obs_0000010921,,
SALZBURGMILCH,Premium Heujuwel,"€ 0,99",,"pro Einheit = 100,00","pro Einheit = 100,00","österr. Schnittkäse aus Heumilch, 5 Monate gereift, kräftig-würzig, 50 % Fett i. Tr.",Nein,Dieses Angebot findest du vom 27.04. bis 29.04. in deiner Kaufland-Filiale.,2026-04-27,2026-04-29,../images/kaufland/kaufland_offer_631.jpg,"cat_getraenke,diet_vegetarian,sub_milchprodukte",,,ref_000342,obs_0000014369|obs_0000013348|obs_0000015812|obs_0000010086|obs_0000013830|obs_0000011595,obs_0000014369|obs_0000013348|obs_0000010086|obs_0000015812,,
HASSERÖDER,Premium Pils,"€ 7,99",,"1 l = 0,80","1 l = 0,80",(+ 3.10 Pfand),Nein,Dieses Angebot findest du vom 23.04. bis 29.04. in deiner Kaufland-Filiale.,2026-04-23,2026-04-29,../images/kaufland/kaufland_offer_327.jpg,cat_getraenke,,,ref_000343,obs_0000028695|obs_0000010479|obs_0000026883|obs_0000012662|obs_0000010756|obs_0000033895|obs_0000027845|obs_0000028575|obs_0000008187|obs_0000014397|obs_0000028734|obs_0000012445|obs_0000016561|obs_0000008613|obs_0000011146|obs_0000011148|obs_0000027560|obs_0000013350|obs_0000011594|obs_0000009703|obs_0000013836|obs_0000015938|obs_0000034432|obs_0000028520|obs_0000028635|obs_0000031079|obs_0000029198|obs_0000031248|obs_0000029243|obs_0000031389|obs_0000029927|obs_0000026008|obs_0000030395|obs_0000008006|obs_0000030607|obs_0000028759|obs_0000012448|obs_0000016578|obs_0000028878|obs_0000035035|obs_0000028937|obs_0000008467|obs_0000000370|obs_0000004495|obs_0000010755|obs_0000012871|obs_0000027329|obs_0000004922|obs_0000017247|obs_0000031695,obs_0000028695|obs_0000014397|obs_0000028734|obs_0000012445|obs_0000016561|obs_0000010479|obs_0000026883|obs_0000031079|obs_0000012662|obs_0000008613|obs_0000010756|obs_0000031248|obs_0000029243|obs_0000011146|obs_0000011148|obs_0000027560|obs_0000013350|obs_0000033895|obs_0000027845|obs_0000029927|obs_0000011594|obs_0000009703|obs_0000013836|obs_0000015938|obs_0000034432|obs_0000030395|obs_0000028520|obs_0000030607|obs_0000028575|obs_0000028635|obs_0000008187,,
Warsteiner,Premium Pilsener,"€ 9,99",,"1 l = 1,00","1 l = 1,00",auch alkoholfrei (+ 3.10 Pfand),Nein,Dieses Angebot findest du vom 27.04. bis 29.04. in deiner Kaufland-Filiale.,2026-04-27,2026-04-29,../images/kaufland/kaufland_offer_638.jpg,cat_getraenke,,,ref_000344,obs_0000025018|obs_0000027068|obs_0000020972|obs_0000008838|obs_0000015505|obs_0000009578|obs_0000020153|obs_0000026385|obs_0000010028|obs_0000026593|obs_0000028988|obs_0000034091|obs_0000034836|obs_0000034842|obs_0000008415|obs_0000035044|obs_0000035045|obs_0000014656|obs_0000015503|obs_0000011595|obs_0000013820|obs_0000013830|obs_0000015939|obs_0000014011|obs_0000028405|obs_0000034637|obs_0000028547|obs_0000026503|obs_0000028664,obs_0000025018|obs_0000027068|obs_0000020972|obs_0000008838|obs_0000015505|obs_0000009578|obs_0000020153|obs_0000026385|obs_0000010028|obs_0000026593,,x
CONTESSA MARINA,Primitivo 14 DOC,"€ 4,99",,"1 l = 6,66","1 l = 6,66","Apulien, Bukett nach Pflaume und Kirsche, kräftig, passt zu Steaks, Grillgemüse und Pizza",Nein,Dieses Angebot findest du vom 27.04. bis 29.04. in deiner Kaufland-Filiale.,2026-04-27,2026-04-29,../images/kaufland/kaufland_offer_630.jpg,cat_getraenke,,,ref_000345,obs_0000015491|obs_0000012433|obs_0000011134|obs_0000008162|obs_0000027208|obs_0000027780|obs_0000034038|obs_0000026098,obs_0000015491|obs_0000012433|obs_0000011134,,
K-CLASSIC,Pro Aqua,"€ 0,39",,"1 l = 0,26","1 l = 0,26","Erfrischungsgetränk mit Geschmack, versch. Sorten (+ 0.25 Pfand)",Nein,Dieses Angebot findest du vom 23.04. bis 29.04. in deiner Kaufland-Filiale.,2026-04-23,2026-04-29,../images/kaufland/kaufland_offer_299.jpg,"cat_getraenke,diet_gluten_free,diet_lactose_free,diet_vegan,diet_vegetarian,sub_milchprodukte,tag_high_protein,tag_ultra_processed",,,ref_000346,,,,
SCHWARZWALDMILCH,Protein-H-Milch 0 9 Fett,"€ 1,39",,"pro Einheit = 1,00","pro Einheit = 1,00","0,9 % Fett",Nein,Dieses Angebot findest du vom 23.04. bis 29.04. in deiner Kaufland-Filiale.,2026-04-23,2026-04-29,../images/kaufland/kaufland_offer_166.jpg,"cat_molkerei_kaese,diet_gluten_free,diet_lactose_free,diet_vegetarian,sub_milchprodukte,tag_high_protein,tag_proteinreich",,,ref_000347,obs_0000027812|obs_0000033695|obs_0000014372|obs_0000010924|obs_0000033979|obs_0000001632|obs_0000000796|obs_0000003614|obs_0000026178,,,
K-CONCEPT SPORTS,Protein-Shake 90,"€ 6,66","€ 8,45","1 kg = 19,03","1 kg = 19,03","Vanillegeschmack, mit Vitaminen und Mineralstoffen",Nein,Dieses Angebot findest du vom 23.04. bis 29.04. in deiner Kaufland-Filiale.,2026-04-23,2026-04-29,../images/kaufland/kaufland_offer_363.jpg,"cat_drogerie,diet_vegetarian,tag_high_protein,tag_proteinreich,tag_ultra_processed",,,ref_000348,obs_0000012033,obs_0000012033,,
MORE,Protein-Tortilla-Chips,"€ 2,29","€ 2,99","1 kg = 45,80","1 kg = 45,80",Paprika oder Sour Cream & Onion,Nein,Dieses Angebot findest du vom 23.04. bis 29.04. in deiner Kaufland-Filiale.,2026-04-23,2026-04-29,../images/kaufland/kaufland_offer_258.jpg,"cat_knabbern_naschen,tag_high_protein,tag_proteinreich,tag_ultra_processed",,,ref_000349,obs_0000011548|obs_0000026827|obs_0000001941|obs_0000015272|obs_0000018514|obs_0000011109|obs_0000033689|obs_0000022996|obs_0000014349|obs_0000002584|obs_0000035109|obs_0000003161|obs_0000023296|obs_0000014595|obs_0000011110|obs_0000033655|obs_0000034193|obs_0000031705,obs_0000011548,,
BAREBELLS,Proteinriegel,"€ 1,99","€ 2,65","1 kg = 36,19","1 kg = 36,19",versch. Sorten,Nein,Dieses Angebot findest du vom 23.04. bis 29.04. in deiner Kaufland-Filiale.,2026-04-23,2026-04-29,../images/kaufland/kaufland_offer_362.jpg,"cat_drogerie,sub_milchprodukte,tag_high_protein,tag_proteinreich,tag_ultra_processed",,,ref_000350,obs_0000031780|obs_0000014095|obs_0000008076|obs_0000012030|obs_0000029389|obs_0000005108|obs_0000005103|obs_0000005095|obs_0000005101,obs_0000031780|obs_0000008076|obs_0000029389|obs_0000014095|obs_0000012030,,
K-PURLAND,Putenschnitzel,"€ 4,99","€ 6,99","1 kg = 9,98","1 kg = 9,98",aus dem Brustfilet geschnitten,Nein,Dieses Angebot findest du vom 23.04. bis 29.04. in deiner Kaufland-Filiale.,2026-04-23,2026-04-29,../images/kaufland/kaufland_offer_117.jpg,"cat_fleisch_wurst,sub_gefluegel,sub_rind,sub_schwein,tag_high_protein",,BLS-Y025322,ref_000351,obs_0000028706|obs_0000030789|obs_0000002861|obs_0000003581|obs_0000028342|obs_0000032524|obs_0000028583|obs_0000034923|obs_0000006352|obs_0000031477|obs_0000029784|obs_0000007641|obs_0000034306|obs_0000005805|obs_0000002052|obs_0000001310|obs_0000001522|obs_0000018966|obs_0000025152|obs_0000021116|obs_0000020297|obs_0000031110|obs_0000006878|obs_0000005429|obs_0000030094|obs_0000005982,obs_0000028706|obs_0000030789|obs_0000002861|obs_0000003581|obs_0000028342|obs_0000032524|obs_0000028583,,
LIEBLINGSWEIN,Qualitätswein,"€ 3,99","€ 4,99","1 l = 5,32","1 l = 5,32","Pfalz, versch. Sorten, z. B. Riesling: Aromen von Pfirsich und Quitte, passt zu hellem Fleisch und Vorspeisen",Nein,Dieses Angebot findest du vom 23.04. bis 29.04. in deiner Kaufland-Filiale.,2026-04-23,2026-04-29,../images/kaufland/kaufland_offer_320.jpg,"cat_getraenke,tag_high_protein",,,ref_000352,obs_0000013843|obs_0000011986|obs_0000011138|obs_0000008721|obs_0000013356|obs_0000014641|obs_0000015923|obs_0000012225|obs_0000029082|obs_0000005817|obs_0000006892|obs_0000010752|obs_0000027285|obs_0000015275|obs_0000012210|obs_0000031416|obs_0000029777|obs_0000028130|obs_0000011141|obs_0000015496|obs_0000014642|obs_0000030407|obs_0000007650|obs_0000013033|obs_0000029428|obs_0000031092|obs_0000010751|obs_0000028131|obs_0000029429,obs_0000011138|obs_0000008721|obs_0000013843|obs_0000013356|obs_0000014641|obs_0000015923|obs_0000012225|obs_0000011986,,
LOOSE,Quäse-Minis Protein,"€ 1,49",,"1 kg = 12,96","1 kg = 12,96","Sauermilchkäse, 1,5 % Fett i. Tr.",Nein,Dieses Angebot findest du vom 23.04. bis 29.04. in deiner Kaufland-Filiale.,2026-04-23,2026-04-29,../images/kaufland/kaufland_offer_169.jpg,"cat_molkerei_kaese,diet_vegetarian,sub_milchprodukte,tag_high_protein,tag_proteinreich,tag_ultra_processed",,,ref_000353,obs_0000008699|obs_0000011885|obs_0000018510|obs_0000010454|obs_0000000605|obs_0000012394|obs_0000024884|obs_0000022992|obs_0000011085|obs_0000013309|obs_0000019480|obs_0000025627|obs_0000019541|obs_0000025800|obs_0000013779|obs_0000015901|obs_0000016191|obs_0000022527,obs_0000008699|obs_0000011885,,
K-PURLAND,Rib-Eye-Steak mariniert,"€ 16,96","€ 20,99","pro Einheit = 5,09","pro Einheit = 5,09","vom Jungbullen, mit Pfeffer-Paprika- oder Kräuternote",Nein,Dieses Angebot findest du vom 27.04. bis 29.04. in deiner Kaufland-Filiale.,2026-04-27,2026-04-29,../images/kaufland/kaufland_offer_619.jpg,"cat_fleisch_wurst,sub_rind,sub_schwein",,BLS-U133100,ref_000354,obs_0000015742|obs_0000033945,obs_0000015742,,
K-WERTSCHÄTZE,Rinderfilet,"€ 42,90","€ 49,90","pro Einheit = 42,90","pro Einheit = 42,90","dtsch. Jungbullenfleisch, mind. 21 Tage gereift, aus eigener Herstellung",Nein,Dieses Angebot findest du vom 23.04. bis 29.04. in deiner Kaufland-Filiale.,2026-04-23,2026-04-29,../images/kaufland/kaufland_offer_139.jpg,"cat_fleisch_wurst,sub_rind,tag_proteinreich",,,ref_000355,obs_0000009729|obs_0000011445|obs_0000028851|obs_0000031469|obs_0000030832|obs_0000018165|obs_0000019724|obs_0000001945|obs_0000014910|obs_0000001638|obs_0000001010|obs_0000008496,obs_0000009729|obs_0000028851|obs_0000011445|obs_0000031469|obs_0000030832|obs_0000018165,,
CAMPO VIEJO,Rioja Tempranillo,"€ 4,99","€ 6,99","1 l = 6,66","1 l = 6,66","Spanien, passt zu hellem und dunklem Fleisch, Braten, Paella oder Käse",Nein,Dieses Angebot findest du vom 23.04. bis 29.04. in deiner Kaufland-Filiale.,2026-04-23,2026-04-29,../images/kaufland/kaufland_offer_317.jpg,cat_getraenke,,,ref_000356,obs_0000013855|obs_0000033358,obs_0000013855,,
K-PURLAND,Rostbratwurst,"€ 2,89","€ 3,79","1 kg = 6,89","1 kg = 6,89","vom Schwein, roh, aus eigener Herstellung",Nein,Dieses Angebot findest du vom 23.04. bis 29.04. in deiner Kaufland-Filiale.,2026-04-23,2026-04-29,../images/kaufland/kaufland_offer_104.jpg,"cat_fleisch_wurst,sub_rind,sub_schwein,sub_wurst",,BLS-W222600,ref_000357,obs_0000014464|obs_0000013376|obs_0000009263|obs_0000014109|obs_0000008189|obs_0000022632|obs_0000023630|obs_0000023789|obs_0000024213|obs_0000005807|obs_0000013807|obs_0000020645|obs_0000008488|obs_0000029275|obs_0000021464|obs_0000027860|obs_0000034076|obs_0000021808|obs_0000030624|obs_0000018455|obs_0000031271|obs_0000029932|obs_0000032056|obs_0000022121,obs_0000014464|obs_0000013376,,
K-CLASSIC,Räucherscheiben,"€ 1,39","€ 1,55","1 kg = 9,27","1 kg = 9,27","Schnittkäse pur oder mit Schinken verfeinert, 45 % Fett i. Tr.",Nein,Dieses Angebot findest du vom 27.04. bis 29.04. in deiner Kaufland-Filiale.,2026-04-27,2026-04-29,../images/kaufland/kaufland_offer_623.jpg,"cat_fisch_meeresfruechte,sub_kaese,sub_milchprodukte,tag_ultra_processed",,,ref_000358,obs_0000012632,obs_0000012632,,
MÖVENPICK,Sahnepudding,"€ 0,79","€ 1,19","1 kg = 5,27","1 kg = 5,27","10 % Fett, versch. Sorten",Nein,Dieses Angebot findest du vom 23.04. bis 29.04. in deiner Kaufland-Filiale.,2026-04-23,2026-04-29,../images/kaufland/kaufland_offer_157.jpg,"cat_molkerei_kaese,diet_vegetarian,sub_milchprodukte,sub_sahne_creme,tag_ultra_processed",,BLS-Y869143,ref_000359,obs_0000010129|obs_0000011462|obs_0000031130|obs_0000020772|obs_0000021591|obs_0000021849|obs_0000031713|obs_0000029475|obs_0000013995|obs_0000023381|obs_0000029659|obs_0000032349,obs_0000010129|obs_0000031130|obs_0000020772|obs_0000011462|obs_0000021591|obs_0000021849|obs_0000031713,,
GUTSMEISTER,Salami,"€ 1,09","€ 2,29","pro Einheit = 100,00","pro Einheit = 100,00",klassisch oder mit Pfeffer ummantelt,Nein,Dieses Angebot findest du vom 27.04. bis 29.04. in deiner Kaufland-Filiale.,2026-04-27,2026-04-29,../images/kaufland/kaufland_offer_005.jpg,"cat_fleisch_wurst,sub_wurst,tag_ultra_processed",,BLS-W149300,ref_000360,obs_0000010316|obs_0000014932|obs_0000002611|obs_0000019030|obs_0000028273|obs_0000005781|obs_0000023205|obs_0000003239|obs_0000019666|obs_0000016602|obs_0000008425|obs_0000021226|obs_0000003307|obs_0000002285|obs_0000011010|obs_0000025355|obs_0000026898|obs_0000017184|obs_0000007987|obs_0000025934|obs_0000008039|obs_0000016755|obs_0000034176|obs_0000002957|obs_0000020407|obs_0000016328|obs_0000031198|obs_0000017375|obs_0000010234|obs_0000012289|obs_0000013826|obs_0000026626|obs_0000015369|obs_0000002574|obs_0000016914|obs_0000030229|obs_0000006681|obs_0000006181|obs_0000002087|obs_0000019516|obs_0000028742|obs_0000007240|obs_0000024649|obs_0000014924|obs_0000025676|obs_0000028237|obs_0000011856|obs_0000011861|obs_0000013910|obs_0000033878,obs_0000002611|obs_0000010316|obs_0000014932|obs_0000019030|obs_0000028273|obs_0000005781|obs_0000023205|obs_0000003239|obs_0000019666|obs_0000016602|obs_0000008425|obs_0000021226|obs_0000003307|obs_0000002285|obs_0000011010|obs_0000025355|obs_0000026898|obs_0000017184|obs_0000007987|obs_0000025934|obs_0000008039|obs_0000016755|obs_0000034176|obs_0000002957|obs_0000020407|obs_0000016328|obs_0000031198|obs_0000017375|obs_0000010234,,
WILTMANN,Salami light,"€ 2,00","€ 2,38","1 kg = 20,00","1 kg = 20,00","Classic oder Geflügel, in Scheiben",Nein,Dieses Angebot findest du vom 27.04. bis 29.04. in deiner Kaufland-Filiale.,2026-04-27,2026-04-29,../images/kaufland/kaufland_offer_639.jpg,"cat_fleisch_wurst,sub_wurst,tag_ultra_processed",,BLS-W142000,ref_000361,obs_0000015247|obs_0000011010|obs_0000002611|obs_0000010316|obs_0000014932|obs_0000019030|obs_0000028273|obs_0000005781|obs_0000023205|obs_0000003239|obs_0000019666|obs_0000016602|obs_0000008425|obs_0000021226|obs_0000003307|obs_0000002285|obs_0000025355|obs_0000026898|obs_0000017184|obs_0000007987|obs_0000025934|obs_0000008039|obs_0000016755|obs_0000034176|obs_0000002957|obs_0000020407|obs_0000016328|obs_0000017375|obs_0000031198|obs_0000010234|obs_0000029119,obs_0000015247,,
K-CLASSIC,Salsiccia,"€ 2,79","€ 3,49","1 kg = 9,30","1 kg = 9,30","grobe, gepökelte Schweine-Bratwurst, Classic oder Pikant",Nein,Dieses Angebot findest du vom 23.04. bis 29.04. in deiner Kaufland-Filiale.,2026-04-23,2026-04-29,../images/kaufland/kaufland_offer_127.jpg,"cat_fleisch_wurst,diet_gluten_free,diet_lactose_free,diet_vegan,diet_vegetarian,tag_ultra_processed,tag_whole_food",,,ref_000362,obs_0000002050|obs_0000002433|obs_0000013383|obs_0000024567,obs_0000002050|obs_0000002433|obs_0000013383,,
K-CLASSIC,Salzbrezeln,"€ 0,79","€ 0,89","1 kg = 3,16","1 kg = 3,16",knusprig,Nein,Dieses Angebot findest du vom 23.04. bis 29.04. in deiner Kaufland-Filiale.,2026-04-23,2026-04-29,../images/kaufland/kaufland_offer_260.jpg,"cat_knabbern_naschen,diet_gluten_free,diet_lactose_free,diet_vegan,diet_vegetarian,tag_ultra_processed,tag_whole_food",,,ref_000363,obs_0000004379|obs_0000000299|obs_0000004806|obs_0000001237|obs_0000001483|obs_0000003733|obs_0000003952,obs_0000004379|obs_0000000299|obs_0000004806|obs_0000001237|obs_0000001483|obs_0000003733|obs_0000003952,,
HARRY,Sammy s Super-Sandwich,"€ 1,39",,"1 kg = 1,86","1 kg = 1,86","Weizentoastbrot, Original oder Vollkorn",Nein,Dieses Angebot findest du vom 27.04. bis 29.04. in deiner Kaufland-Filiale.,2026-04-27,2026-04-29,../images/kaufland/kaufland_offer_615.jpg,"cat_grundnahrung,diet_vegetarian,tag_ultra_processed",,,ref_000364,obs_0000014555|obs_0000015868|obs_0000016389|obs_0000012342|obs_0000014517|obs_0000017155|obs_0000031017,obs_0000014555|obs_0000015868,,
BESTRON,Sandwich-Toaster XL,"€ 19,99",,"pro Einheit = 19,99","pro Einheit = 19,99","Heizplatten mit Antihaftbeschichtung Automatische Temperaturregelung Betriebskontrollleuchte und Bereitschaftsanzeige Wärmeisolierendes Gehäuse Griff mit Verriegelungsclip Mit Überhitzungsschutz Anti-Rutsch-Füße Platzsparende, senkrechte Aufbewahrung Größe ca. B 31 x H 12 x T 26 cm 900 W",Nein,Dieses Angebot findest du vom 23.04. bis 29.04. in deiner Kaufland-Filiale.,2026-04-23,2026-04-29,../images/kaufland/kaufland_offer_383.jpg,"cat_non_food,diet_vegetarian",,,ref_000365,obs_0000015541|obs_0000016389|obs_0000023565|obs_0000021535|obs_0000012342|obs_0000017566|obs_0000014517|obs_0000020716|obs_0000017155|obs_0000031017|obs_0000022382|obs_0000018855|obs_0000002036,,,
BOMBAY,Sapphire London Dry Gin oder,"€ 16,99","€ 24,99","1 l = 24,28","1 l = 24,28","Sapphire London Dry Distilled Gin, 40 Vol. %",Nein,Dieses Angebot findest du vom 23.04. bis 29.04. in deiner Kaufland-Filiale.,2026-04-23,2026-04-29,../images/kaufland/kaufland_offer_306.jpg,"cat_getraenke,tag_ultra_processed",,,ref_000366,obs_0000013385|obs_0000012420|obs_0000015059|obs_0000011130|obs_0000034843|obs_0000012864|obs_0000008342|obs_0000008385|obs_0000017090|obs_0000016107|obs_0000014631|obs_0000016177|obs_0000011573|obs_0000016267|obs_0000017315|obs_0000014250|obs_0000013765|obs_0000009168|obs_0000010741|obs_0000030760|obs_0000006210|obs_0000007656|obs_0000035048|obs_0000019615|obs_0000026929|obs_0000015697,obs_0000034843|obs_0000016177|obs_0000017315,,
LIV BO,Satin-Bettwäsche-Set ca 135 x 200 cm,"€ 4,99",,"pro Einheit = 2,00","pro Einheit = 2,00","Aus recyceltem, GRS-zertifiziertem Polyester Weich, atmungsaktiv und schnelltrocknend Mit Reißverschlüssen Maschinenwaschbar bis 60 °C, trocknergeeignet Kissenbezug ca. 80 x 80 cm Deckenbezug ca. 135 x 200 cm",Nein,Dieses Angebot findest du vom 23.04. bis 29.04. in deiner Kaufland-Filiale.,2026-04-23,2026-04-29,../images/kaufland/kaufland_offer_482.jpg,cat_non_food,,,ref_000367,obs_0000015633|obs_0000011252|obs_0000023140|obs_0000001981|obs_0000026412,,,
LIV BO,Satin-Bettwäsche-Set ca 155 x 220 cm,"€ 5,99",,"pro Einheit = 2,00","pro Einheit = 2,00","Aus recyceltem, GRS-zertifiziertem Polyester Weich, atmungsaktiv und schnelltrocknend Mit Reißverschlüssen Maschinenwaschbar bis 60 °C, trocknergeeignet Kissenbezug ca. 80 x 80 cm Deckenbezug ca. 155 x 220 cm",Nein,Dieses Angebot findest du vom 23.04. bis 29.04. in deiner Kaufland-Filiale.,2026-04-23,2026-04-29,../images/kaufland/kaufland_offer_489.jpg,cat_non_food,,,ref_000368,obs_0000011298|obs_0000015634|obs_0000001981|obs_0000026412,,,
LIV BO,Satin-Bettwäsche-Set ca 200 x 220 cm,"€ 7,99",,"pro Einheit = 3,00","pro Einheit = 3,00","Aus recyceltem, GRS-zertifiziertem Polyester Weich, atmungsaktiv und schnelltrocknend Mit Reißverschlüssen Maschinenwaschbar bis 60 °C, trocknergeeignet 2 Kissenbezüge je ca. 80 x 80 cm Deckenbezug ca. 200 x 220 cm",Nein,Dieses Angebot findest du vom 23.04. bis 29.04. in deiner Kaufland-Filiale.,2026-04-23,2026-04-29,../images/kaufland/kaufland_offer_485.jpg,cat_non_food,,,ref_000369,obs_0000011298|obs_0000015633|obs_0000015634|obs_0000011252|obs_0000001981|obs_0000026412,,,
HEINZ,Sauce,"€ 1,49","€ 2,29","1 l = 6,78","1 l = 6,78",versch. Sorten,Nein,Dieses Angebot findest du vom 23.04. bis 29.04. in deiner Kaufland-Filiale.,2026-04-23,2026-04-29,../images/kaufland/kaufland_offer_216.jpg,"cat_grundnahrung,diet_vegan,diet_vegetarian,sub_huelsenfruechte,tag_ultra_processed",,BLS-X3A1000,ref_000370,obs_0000013386|obs_0000011915|obs_0000034889|obs_0000010474|obs_0000008982|obs_0000001201|obs_0000009009|obs_0000026956|obs_0000014984|obs_0000000535|obs_0000023582|obs_0000032295|obs_0000018497|obs_0000015434|obs_0000008802|obs_0000034895|obs_0000034898|obs_0000029306|obs_0000015002|obs_0000015003|obs_0000027807|obs_0000010415|obs_0000014535|obs_0000014564|obs_0000011526|obs_0000016655|obs_0000016659|obs_0000031025|obs_0000007988|obs_0000024885|obs_0000011072|obs_0000019790|obs_0000011088|obs_0000025967|obs_0000012203|obs_0000031675|obs_0000010700|obs_0000001439|obs_0000007185|obs_0000013845|obs_0000022063|obs_0000008796|obs_0000029302|obs_0000018560|obs_0000010400|obs_0000010411|obs_0000008374|obs_0000007367|obs_0000025827|obs_0000011513,obs_0000032295|obs_0000013386|obs_0000034889|obs_0000029306|obs_0000011915|obs_0000010474|obs_0000008982,,
NORDGUT,Schmelzkäsezubereitung,"€ 1,29","€ 1,49","1 kg = 6,45","1 kg = 6,45","20 - 50 % Fett i. Tr., versch. Sorten",Nein,Dieses Angebot findest du vom 23.04. bis 29.04. in deiner Kaufland-Filiale.,2026-04-23,2026-04-29,../images/kaufland/kaufland_offer_172.jpg,"cat_molkerei_kaese,diet_vegetarian,sub_kaese,sub_milchprodukte,tag_ultra_processed",,,ref_000371,obs_0000012179|obs_0000024641|obs_0000018629|obs_0000022387|obs_0000008128|obs_0000022629|obs_0000006284|obs_0000005902|obs_0000007539|obs_0000001535,obs_0000024641|obs_0000018629|obs_0000012179|obs_0000022387|obs_0000008128,,
K-PURLAND,Schnelle Küche Geschnetzeltes Mango-Curry,"€ 3,99",,"1 kg = 7,98","1 kg = 7,98",mariniert,Nein,Dieses Angebot findest du vom 23.04. bis 29.04. in deiner Kaufland-Filiale.,2026-04-23,2026-04-29,../images/kaufland/kaufland_offer_101.jpg,"cat_fleisch_wurst,diet_lactose_free,sub_rind,sub_schwein,tag_high_protein,tag_proteinreich,tag_whole_food",,,ref_000372,obs_0000014443|obs_0000010578|obs_0000013875|obs_0000012262|obs_0000008419|obs_0000007986,obs_0000014443|obs_0000008419|obs_0000010578|obs_0000013875|obs_0000012262,,
K-CLASSIC,Schoko Keks,"€ 2,99",,"1 kg = 9,97","1 kg = 9,97",Riegel aus Vollmilchschokolade mit feiner Milchcreme und knackigem Keks,Nein,Dieses Angebot findest du vom 23.04. bis 29.04. in deiner Kaufland-Filiale.,2026-04-23,2026-04-29,../images/kaufland/kaufland_offer_281.jpg,"cat_knabbern_naschen,diet_vegetarian,tag_ultra_processed",,,ref_000373,obs_0000016466|obs_0000017249|obs_0000027626|obs_0000028495|obs_0000028605|obs_0000032102|obs_0000032410,,,
K-CLASSIC,Schoko-Riegel Erdbeer-Joghurt,"€ 1,99",,"1 kg = 9,95","1 kg = 9,95",umhüllt von Edel-Vollmilchschokolade,Nein,Dieses Angebot findest du vom 23.04. bis 29.04. in deiner Kaufland-Filiale.,2026-04-23,2026-04-29,../images/kaufland/kaufland_offer_265.jpg,"cat_knabbern_naschen,diet_vegetarian,sub_joghurt_skyr_quark,sub_milchprodukte,tag_ultra_processed",,,ref_000374,obs_0000009180|obs_0000009663|obs_0000026710|obs_0000010357|obs_0000020687|obs_0000020689|obs_0000014601|obs_0000030996|obs_0000028966|obs_0000022867|obs_0000012676|obs_0000016822|obs_0000023030|obs_0000008703|obs_0000016928|obs_0000025171|obs_0000033364|obs_0000017107|obs_0000017127|obs_0000023284|obs_0000025377|obs_0000025392|obs_0000033696|obs_0000021506|obs_0000021508|obs_0000015457|obs_0000025811|obs_0000015673|obs_0000019794|obs_0000019932|obs_0000011786|obs_0000013851|obs_0000034580,,,
RITTER SPORT,Schokolade Bunte Vielfalt,"€ 0,99",,"1 kg = 9,90","1 kg = 9,90",versch. Sorten,Nein,Dieses Angebot findest du vom 23.04. bis 29.04. in deiner Kaufland-Filiale.,2026-04-23,2026-04-29,../images/kaufland/kaufland_offer_264.jpg,"cat_knabbern_naschen,diet_vegetarian,tag_ultra_processed",,,ref_000375,obs_0000023300|obs_0000007277|obs_0000005836|obs_0000007487|obs_0000031849|obs_0000002336|obs_0000016691|obs_0000017857|obs_0000011765|obs_0000011783|obs_0000015893|obs_0000027700|obs_0000013879|obs_0000028232|obs_0000013394|obs_0000028244|obs_0000011352|obs_0000028249|obs_0000000091|obs_0000015454|obs_0000004705|obs_0000034408|obs_0000034411|obs_0000017539|obs_0000025221|obs_0000000138|obs_0000025739|obs_0000008861|obs_0000015026|obs_0000004278|obs_0000017595|obs_0000021699|obs_0000017605|obs_0000034013|obs_0000000230|obs_0000018155|obs_0000003326|obs_0000004873|obs_0000018698|obs_0000003851|obs_0000014104|obs_0000010522|obs_0000033056|obs_0000031011|obs_0000021291|obs_0000004446|obs_0000011112|obs_0000008595|obs_0000008610|obs_0000004019,,,
Keine Marke,Schopflavendel,"€ 7,99",,"pro Einheit = 7,99","pro Einheit = 7,99",Topf Ø 18 cm,Nein,Dieses Angebot findest du vom 23.04. bis 29.04. in deiner Kaufland-Filiale.,2026-04-23,2026-04-29,../images/kaufland/kaufland_offer_084.jpg,"cat_obst_gemuese,diet_gluten_free,diet_lactose_free,diet_vegan,diet_vegetarian,sub_frisches_obst,tag_ultra_processed,tag_whole_food",,,ref_000376,,,,
DIE SCHNITZELMACHER,Schweine-Schnitzel Wiener Art,"€ 4,99","€ 6,29","1 kg = 9,98","1 kg = 9,98","klassisch oder XXL, paniert und gewürzt, zum Braten oder Frittieren",Nein,Dieses Angebot findest du vom 23.04. bis 29.04. in deiner Kaufland-Filiale.,2026-04-23,2026-04-29,../images/kaufland/kaufland_offer_187.jpg,"cat_tiefkuehl,sub_schwein",,,ref_000377,obs_0000000827|obs_0000022802|obs_0000026970|obs_0000020926|obs_0000027265|obs_0000025313|obs_0000026158|obs_0000020107|obs_0000000700|obs_0000031788|obs_0000005251|obs_0000001521,,,
K-WERTSCHÄTZE,Schweinehüftsteak mariniert,"€ 9,50","€ 10,90","pro Einheit = 9,50","pro Einheit = 9,50","vom Schwein, mariniert, aus eigener Herstellung",Nein,Dieses Angebot findest du vom 23.04. bis 29.04. in deiner Kaufland-Filiale.,2026-04-23,2026-04-29,../images/kaufland/kaufland_offer_137.jpg,"cat_fleisch_wurst,sub_schwein",,,ref_000378,,,,
K-PURLAND,Schweinenacken -kamm ohne Knochen,"€ 5,99","€ 8,49","pro Einheit = 5,99","pro Einheit = 5,99","ohne Knochen, am Stück",Nein,Dieses Angebot findest du vom 23.04. bis 29.04. in deiner Kaufland-Filiale.,2026-04-23,2026-04-29,../images/kaufland/kaufland_offer_096.jpg,"cat_fleisch_wurst,sub_rind,sub_schwein,tag_high_protein,tag_proteinreich,tag_whole_food",,,ref_000379,obs_0000011422|obs_0000015344|obs_0000015738|obs_0000015771|obs_0000009474|obs_0000011444|obs_0000008472|obs_0000020705|obs_0000025537|obs_0000021524|obs_0000030431|obs_0000034537,obs_0000015344|obs_0000011422|obs_0000015738|obs_0000015771,,
K-WERTSCHÄTZE,Schweineschnitzel,"€ 11,90","€ 13,90","pro Einheit = 11,90","pro Einheit = 11,90","ideal für Schnitzel Wiener Art, aus eigener Herstellung",Nein,Dieses Angebot findest du vom 23.04. bis 29.04. in deiner Kaufland-Filiale.,2026-04-23,2026-04-29,../images/kaufland/kaufland_offer_138.jpg,"cat_fleisch_wurst,sub_schwein",,BLS-U543100,ref_000380,obs_0000011443|obs_0000009949|obs_0000009488|obs_0000006174|obs_0000033938|obs_0000006886|obs_0000007440|obs_0000005418|obs_0000007055|obs_0000007067|obs_0000005615|obs_0000008208|obs_0000017503|obs_0000016510|obs_0000006880|obs_0000019804|obs_0000034711|obs_0000024875|obs_0000005612|obs_0000006190|obs_0000007436|obs_0000007065,obs_0000006174|obs_0000033938|obs_0000011443|obs_0000009949|obs_0000006886|obs_0000007440|obs_0000009488|obs_0000005418|obs_0000007055|obs_0000007067|obs_0000005615,,
K-PURLAND,Schälrippchen,"€ 4,89","€ 5,79","pro Einheit = 4,89","pro Einheit = 4,89","vom Schwein, natur",Nein,Dieses Angebot findest du vom 23.04. bis 29.04. in deiner Kaufland-Filiale.,2026-04-23,2026-04-29,../images/kaufland/kaufland_offer_099.jpg,"cat_fleisch_wurst,sub_rind,sub_schwein,tag_proteinreich",,,ref_000381,obs_0000013886|obs_0000000362|obs_0000004482|obs_0000004909|obs_0000004055|obs_0000010502|obs_0000010586|obs_0000009296|obs_0000008000|obs_0000031265|obs_0000013733|obs_0000016766|obs_0000017299|obs_0000023633,obs_0000010502|obs_0000010586|obs_0000000362|obs_0000004482|obs_0000004909|obs_0000013886|obs_0000004055,,
Rotkäppchen,Secconade,"€ 5,00","€ 5,37","1 l = 5,07","1 l = 5,07","weinhaltiges Getränk mit Limonade mit Fruchtanteil, versch. Sorten",Nein,Dieses Angebot findest du vom 23.04. bis 29.04. in deiner Kaufland-Filiale.,2026-04-23,2026-04-29,../images/kaufland/kaufland_offer_325.jpg,"cat_getraenke,diet_vegetarian,tag_ultra_processed",,,ref_000382,obs_0000014051|obs_0000008284,obs_0000014051,,x
MM EXTRA,Sekt,"€ 2,89",,"1 l = 3,86","1 l = 3,86",trocken,Nein,Dieses Angebot findest du vom 23.04. bis 29.04. in deiner Kaufland-Filiale.,2026-04-23,2026-04-29,../images/kaufland/kaufland_offer_324.jpg,cat_getraenke,,,ref_000383,obs_0000015666|obs_0000012694|obs_0000011802|obs_0000017436|obs_0000018465|obs_0000017456|obs_0000003634|obs_0000013889|obs_0000019009|obs_0000031833|obs_0000019561|obs_0000018037|obs_0000028281|obs_0000000122|obs_0000012437|obs_0000010911|obs_0000026289|obs_0000023255|obs_0000027358|obs_0000018687|obs_0000016680|obs_0000014644|obs_0000024889|obs_0000026425|obs_0000011590|obs_0000015699|obs_0000027487|obs_0000008047|obs_0000002457|obs_0000022430|obs_0000025002|obs_0000001461|obs_0000026048|obs_0000032264|obs_0000028182|obs_0000013336|obs_0000015931|obs_0000015933|obs_0000008276|obs_0000023645|obs_0000008803|obs_0000024169|obs_0000015498|obs_0000013971|obs_0000012436|obs_0000010391|obs_0000031399|obs_0000009903|obs_0000010420|obs_0000023745,obs_0000011802|obs_0000017436|obs_0000018465|obs_0000017456|obs_0000003634|obs_0000013889|obs_0000019009|obs_0000031833|obs_0000019561|obs_0000018037|obs_0000028281|obs_0000000122|obs_0000012437|obs_0000010911|obs_0000026289|obs_0000005815|obs_0000023255|obs_0000027358|obs_0000006887|obs_0000018687|obs_0000016680|obs_0000015666|obs_0000014644|obs_0000024889|obs_0000026425|obs_0000011590|obs_0000015699|obs_0000027487|obs_0000008047|obs_0000029075|obs_0000012694|obs_0000002457|obs_0000022430|obs_0000025002|obs_0000001461|obs_0000026048,,
LENZ MOSER,Selection Blauer Zweigelt,"€ 4,99",,"1 l = 6,66","1 l = 6,66","Qualitätswein, Österreich, fruchtig, feinwürzig, Aromen von Sauerkirschen, passt zu Pasta und leichten Gemüsegerichten",Nein,Dieses Angebot findest du vom 23.04. bis 29.04. in deiner Kaufland-Filiale.,2026-04-23,2026-04-29,../images/kaufland/kaufland_offer_314.jpg,"cat_getraenke,tag_ultra_processed",,,ref_000384,obs_0000028824|obs_0000008001|obs_0000011580|obs_0000031828|obs_0000035020|obs_0000026027|obs_0000022988|obs_0000016848,obs_0000028824|obs_0000008001,,
HEAD SHOULDERS,Shampoo,"€ 3,29","€ 3,95","1 l = 13,16 - 14,63","1 l = 13,16 - 14,63",versch. Sorten,Nein,Dieses Angebot findest du vom 27.04. bis 29.04. in deiner Kaufland-Filiale.,2026-04-27,2026-04-29,../images/kaufland/kaufland_offer_616.jpg,cat_drogerie,,,ref_000385,obs_0000028680|obs_0000009796|obs_0000004179|obs_0000033372|obs_0000009325|obs_0000032877|obs_0000011610|obs_0000001916|obs_0000028560|obs_0000005033|obs_0000000446|obs_0000004606|obs_0000034854|obs_0000032840|obs_0000019053|obs_0000024178|obs_0000033398|obs_0000021647|obs_0000010913|obs_0000033460|obs_0000023755|obs_0000009955|obs_0000033529|obs_0000021764|obs_0000034052|obs_0000035066|obs_0000009494|obs_0000033059|obs_0000033092|obs_0000033623|obs_0000020828|obs_0000034662|obs_0000033133|obs_0000033649|obs_0000008067|obs_0000033168|obs_0000010154|obs_0000033215|obs_0000034239|obs_0000033227|obs_0000033237|obs_0000033244|obs_0000010955|obs_0000015107|obs_0000021027|obs_0000008350|obs_0000021690|obs_0000020208|obs_0000017934|obs_0000032284,obs_0000028680|obs_0000034854|obs_0000009796|obs_0000032840|obs_0000004179|obs_0000033372|obs_0000009325|obs_0000019053|obs_0000032877|obs_0000024178|obs_0000033398|obs_0000021647|obs_0000010913|obs_0000033460|obs_0000023755|obs_0000010955|obs_0000009955|obs_0000033529|obs_0000015107|obs_0000021764|obs_0000034052|obs_0000035066|obs_0000009494|obs_0000033059|obs_0000033092|obs_0000030029|obs_0000033623|obs_0000011610|obs_0000020828|obs_0000034662|obs_0000033133|obs_0000033649|obs_0000001916|obs_0000008067|obs_0000028560|obs_0000033168|obs_0000005033|obs_0000010154|obs_0000000446|obs_0000033215|obs_0000034239|obs_0000033227|obs_0000033237|obs_0000033244|obs_0000004606,,
MONDAY,Shampoo oder Spülung,"€ 4,69","€ 5,95","1 l = 13,40","1 l = 13,40",versch. Sorten,Nein,Dieses Angebot findest du vom 23.04. bis 29.04. in deiner Kaufland-Filiale.,2026-04-23,2026-04-29,../images/kaufland/kaufland_offer_352.jpg,cat_drogerie,,,ref_000386,obs_0000011609|obs_0000012017|obs_0000012465|obs_0000012896|obs_0000013405|obs_0000015518|obs_0000016129|obs_0000010773|obs_0000012018|obs_0000012696|obs_0000013613|obs_0000005485|obs_0000005852|obs_0000006589|obs_0000015098|obs_0000007501|obs_0000015963|obs_0000006246|obs_0000005671|obs_0000006393|obs_0000005296|obs_0000006051|obs_0000032840|obs_0000032877|obs_0000033059|obs_0000033092|obs_0000033133|obs_0000033168|obs_0000000446|obs_0000033215|obs_0000033227|obs_0000033237|obs_0000033244|obs_0000033372|obs_0000033398|obs_0000033460|obs_0000033529|obs_0000033623|obs_0000033649|obs_0000009325|obs_0000034052|obs_0000009494|obs_0000034239|obs_0000009796|obs_0000009955|obs_0000034662|obs_0000001916|obs_0000010154|obs_0000034854|obs_0000035066,obs_0000011609|obs_0000012017|obs_0000012465|obs_0000012896|obs_0000013405|obs_0000015518|obs_0000016129,,
Keine Marke,Silikon-Spülbürste,"€ 1,99",,"pro Einheit = 1,99","pro Einheit = 1,99",Löst mühelos selbst angetrocknete Speisereste Leicht gebogener Bürstenkopf Mit kurzen Borsten und großer Reinigungsfläche,Nein,Dieses Angebot findest du vom 23.04. bis 29.04. in deiner Kaufland-Filiale.,2026-04-23,2026-04-29,../images/kaufland/kaufland_offer_444.jpg,"cat_obst_gemuese,diet_gluten_free,diet_lactose_free,diet_vegan,diet_vegetarian,tag_whole_food",,,ref_000387,obs_0000012105,,,
Keine Marke,Silikonschwamm,"€ 1,99",,"pro Einheit = 1,99","pro Einheit = 1,99","Zur schonenden Reinigung von Geschirr und Glas Mit weichen, leicht ausspülbaren Silikonborsten",Nein,Dieses Angebot findest du vom 23.04. bis 29.04. in deiner Kaufland-Filiale.,2026-04-23,2026-04-29,../images/kaufland/kaufland_offer_447.jpg,"cat_getraenke,diet_gluten_free,diet_lactose_free,diet_vegan,diet_vegetarian,tag_whole_food",,,ref_000388,,,,
COSMEA,Slipeinlagen,"€ 1,79","€ 2,39","pro Einheit = 58,00","pro Einheit = 58,00",versch. Sorten,Nein,Dieses Angebot findest du vom 23.04. bis 29.04. in deiner Kaufland-Filiale.,2026-04-23,2026-04-29,../images/kaufland/kaufland_offer_343.jpg,cat_drogerie,,,ref_000389,obs_0000012009|obs_0000033669|obs_0000008207|obs_0000033444|obs_0000015952|obs_0000011601|obs_0000012882|obs_0000032995|obs_0000033278|obs_0000032993|obs_0000007298|obs_0000032278|obs_0000034460|obs_0000007711|obs_0000006055|obs_0000029374|obs_0000015509|obs_0000033186|obs_0000010149|obs_0000010543|obs_0000014278|obs_0000012638|obs_0000013409|obs_0000028258|obs_0000026351|obs_0000032771|obs_0000030084|obs_0000030085|obs_0000032779|obs_0000028712|obs_0000028589|obs_0000001971|obs_0000002897,obs_0000033669|obs_0000008207|obs_0000033444|obs_0000015952|obs_0000011601|obs_0000012882|obs_0000032995|obs_0000012009|obs_0000033278,,
TECHNAXX,Smartphone-Taschenlampe TX-313,"€ 4,99","€ 29,99","pro Einheit = 4,99","pro Einheit = 4,99",Bis zu 10 x heller als Smartphone-LED (230 lm) Einfach per USB-C am Smartphone anschließen Passend für Smartphones bis 13 mm Dicke,Nein,Dieses Angebot findest du vom 23.04. bis 29.04. in deiner Kaufland-Filiale.,2026-04-23,2026-04-29,../images/kaufland/kaufland_offer_376.jpg,cat_non_food,,,ref_000390,obs_0000026724|obs_0000027392,,,
BERENTZEN,Smoothie-Shot,"€ 5,99","€ 7,99","1 l = 11,98","1 l = 11,98","Fruchtmixlikör, Tropical Flirt, Berry Kiss oder Fruity Love, 15 Vol. %",Nein,Dieses Angebot findest du vom 23.04. bis 29.04. in deiner Kaufland-Filiale.,2026-04-23,2026-04-29,../images/kaufland/kaufland_offer_305.jpg,cat_getraenke,,,ref_000391,obs_0000002067|obs_0000014395|obs_0000013892|obs_0000004171|obs_0000001630|obs_0000012410|obs_0000024721|obs_0000010948|obs_0000034549|obs_0000009020|obs_0000003462|obs_0000005025|obs_0000000440|obs_0000030159|obs_0000017881|obs_0000029159|obs_0000004598|obs_0000022009|obs_0000006373|obs_0000005464|obs_0000006023,,,
KNORR,Snack-Becher,"€ 3,00",,"1 kg = 9,15 - 15,63","1 kg = 9,15 - 15,63","Pasta, Kartoffel, Asia oder Fusion Noodles, versch. Sorten",Nein,Dieses Angebot findest du vom 23.04. bis 29.04. in deiner Kaufland-Filiale.,2026-04-23,2026-04-29,../images/kaufland/kaufland_offer_240.jpg,"cat_grundnahrung,tag_ultra_processed",,,ref_000392,obs_0000011363|obs_0000014558|obs_0000010056|obs_0000016259|obs_0000009605|obs_0000019850|obs_0000025802|obs_0000026842|obs_0000012523|obs_0000017698|obs_0000015693|obs_0000018804|obs_0000014824,obs_0000011363|obs_0000014558|obs_0000010056|obs_0000016259|obs_0000009605|obs_0000019850,,
Nissin,Soba,"€ 0,69","€ 0,99","1 kg = 6,22 - 6,33","1 kg = 6,22 - 6,33","Instant-Nudelgericht, Wok Style Classic oder Chili",Nein,Dieses Angebot findest du vom 23.04. bis 29.04. in deiner Kaufland-Filiale.,2026-04-23,2026-04-29,../images/kaufland/kaufland_offer_241.jpg,cat_grundnahrung,,,ref_000393,obs_0000027794|obs_0000034509|obs_0000022973|obs_0000032420|obs_0000031021,,,x
EASYMAXX,Solar-Generator-Kit,"€ 39,99","€ 69,99","pro Einheit = 39,99","pro Einheit = 39,99","Strom, Licht und Musik für unterwegs Abnehmbares Solarpanel mit Kabel ca. 180 cm FM-Radio und Lautsprecher integriert Licht und Taschenlampe integriert Akku-Kapazität 10.000 mAh Akku-Laden über Solarpanel oder USB-Kabel Aufladen von elektrischen Geräten über USB Größe ca. B 17 x H 23 x T 7 cm (ca. 1,2 kg) Inkl. 3 mobile LED-Leuchten mit Kabel ca. 170 cm",Nein,Dieses Angebot findest du vom 23.04. bis 29.04. in deiner Kaufland-Filiale.,2026-04-23,2026-04-29,../images/kaufland/kaufland_offer_375.jpg,"cat_getraenke,tag_ultra_processed",,,ref_000394,,,,
DENVER,Solarradio mit Handkurbel SCR-2005,"€ 12,99","€ 45,95","pro Einheit = 12,99","pro Einheit = 12,99",AM- und FM-Radio Mit integrierter LED-Taschenlampe USB-A-Ausgang zum Laden von Mobilgeräten Integriertes Solar-Panel Akku-Powerbank (2.000 mAh) Mit Handschlaufe,Nein,Dieses Angebot findest du vom 23.04. bis 29.04. in deiner Kaufland-Filiale.,2026-04-23,2026-04-29,../images/kaufland/kaufland_offer_372.jpg,cat_non_food,,,ref_000395,,,,
CARLOS I,Solera Gran Reserva Brandy,"€ 19,99","€ 29,99","1 l = 28,56","1 l = 28,56","in Eichenfässern gereift, volles Bukett mit mildem Charakter, 40 Vol. %",Nein,Dieses Angebot findest du vom 23.04. bis 29.04. in deiner Kaufland-Filiale.,2026-04-23,2026-04-29,../images/kaufland/kaufland_offer_310.jpg,cat_getraenke,,,ref_000396,obs_0000015916|obs_0000013895|obs_0000008033|obs_0000019453|obs_0000021679|obs_0000020281|obs_0000025946|obs_0000021100|obs_0000033095|obs_0000023415|obs_0000017541|obs_0000019735|obs_0000018713|obs_0000021163|obs_0000020344|obs_0000022369,obs_0000015916|obs_0000013895|obs_0000008033|obs_0000019453,,
Keine Marke,Sonnenblume,"€ 2,22",,"pro Einheit = 2,22","pro Einheit = 2,22","Topf Ø 13 cm, ohne Übertopf",Nein,Dieses Angebot findest du vom 23.04. bis 29.04. in deiner Kaufland-Filiale.,2026-04-23,2026-04-29,../images/kaufland/kaufland_offer_078.jpg,"cat_obst_gemuese,diet_gluten_free,diet_lactose_free,diet_vegan,diet_vegetarian,tag_whole_food",,BLS-Q320000,ref_000397,,,,
NIVEA SUN,Sonnenschutz,"€ 7,99","€ 10,95","1 l = 39,95 - 159,80","1 l = 39,95 - 159,80","Schutz & Pflege Milch 50+ oder Spray 30, versch. Sorten Gesichtscreme, Spray Sport 50 oder Sensitiv-Schutz Spray Original oder Milch für Babies & Kids 50+",Nein,Dieses Angebot findest du vom 23.04. bis 29.04. in deiner Kaufland-Filiale.,2026-04-23,2026-04-29,../images/kaufland/kaufland_offer_361.jpg,cat_drogerie,,,ref_000398,,,,
KNORR,Soßen,"€ 0,89",,"1 l = 1,19 - 1,78","1 l = 1,19 - 1,78","ergibt 2 - 3 x 250 ml, versch. Sorten",Nein,Dieses Angebot findest du vom 23.04. bis 29.04. in deiner Kaufland-Filiale.,2026-04-23,2026-04-29,../images/kaufland/kaufland_offer_242.jpg,"cat_grundnahrung,tag_ultra_processed",,BLS-D9A2400,ref_000399,obs_0000013413|obs_0000011763,obs_0000013413|obs_0000013031|obs_0000011763,,
Keine Marke,Span Bio-Erdbeeren,"€ 1,99","€ 2,99","1 kg = 7,96","1 kg = 7,96",Kl. I,Nein,Dieses Angebot findest du vom 23.04. bis 29.04. in deiner Kaufland-Filiale.,2026-04-23,2026-04-29,../images/kaufland/kaufland_offer_057.jpg,"cat_obst_gemuese,diet_gluten_free,diet_lactose_free,diet_vegan,diet_vegetarian,sub_exoten,sub_frisches_gemuese,sub_frisches_obst,tag_whole_food",,,ref_000400,obs_0000013414|obs_0000012233|obs_0000013901|obs_0000010554|obs_0000011389|obs_0000012714|obs_0000012731|obs_0000013418|obs_0000013900|obs_0000014430|obs_0000015312|obs_0000015321|obs_0000000875|obs_0000027419|obs_0000029494|obs_0000030564|obs_0000030617|obs_0000006265|obs_0000030915|obs_0000006408|obs_0000022919|obs_0000031261|obs_0000031462|obs_0000031576|obs_0000032512|obs_0000024529,obs_0000013414,,
Keine Marke,Span Minigurken,"€ 1,79","€ 2,99","1 kg = 2,39","1 kg = 2,39",Kl. I,Nein,Dieses Angebot findest du vom 27.04. bis 29.04. in deiner Kaufland-Filiale.,2026-04-27,2026-04-29,../images/kaufland/kaufland_offer_015.jpg,"cat_obst_gemuese,diet_gluten_free,diet_lactose_free,diet_vegan,diet_vegetarian,sub_frisches_gemuese,sub_frisches_obst,tag_whole_food",,,ref_000401,obs_0000011319,obs_0000011319,,
Keine Marke,Span Paprika XXL,"€ 2,49",,"pro Einheit = 1,00","pro Einheit = 1,00","gemischt in den Farben Rot, Gelb und Grün, Kl. I",Nein,Dieses Angebot findest du vom 27.04. bis 29.04. in deiner Kaufland-Filiale.,2026-04-27,2026-04-29,../images/kaufland/kaufland_offer_633.jpg,"cat_obst_gemuese,diet_gluten_free,diet_lactose_free,diet_vegan,diet_vegetarian,sub_frisches_gemuese,sub_frisches_obst,tag_ultra_processed,tag_whole_food",,,ref_000402,obs_0000014876|obs_0000014878|obs_0000011385|obs_0000011395|obs_0000009496|obs_0000015685|obs_0000011813|obs_0000009958|obs_0000012763|obs_0000013967,,,
Keine Marke,Span Zitronen XXL,"€ 1,79","€ 2,29","1 kg = 2,39","1 kg = 2,39","Sorte laut Auszeichnung, Kl. I",Nein,Dieses Angebot findest du vom 23.04. bis 29.04. in deiner Kaufland-Filiale.,2026-04-23,2026-04-29,../images/kaufland/kaufland_offer_053.jpg,"cat_obst_gemuese,diet_gluten_free,diet_lactose_free,diet_vegan,diet_vegetarian,sub_frisches_obst,tag_whole_food",,,ref_000403,obs_0000014878|obs_0000011385|obs_0000009607|obs_0000026239|obs_0000010058|obs_0000012177|obs_0000014876|obs_0000015312|obs_0000015685|obs_0000011813|obs_0000008321|obs_0000020848|obs_0000012763|obs_0000025087|obs_0000031323|obs_0000031554|obs_0000027477|obs_0000021667|obs_0000027911|obs_0000034117|obs_0000028057|obs_0000030136|obs_0000028262|obs_0000013967|obs_0000024462|obs_0000026542,obs_0000014878|obs_0000011385,,
Keine Marke,Span Zucchini lose,"€ 1,49","€ 2,49","pro Einheit = 1,49","pro Einheit = 1,49",,Nein,Dieses Angebot findest du vom 27.04. bis 29.04. in deiner Kaufland-Filiale.,2026-04-27,2026-04-29,../images/kaufland/kaufland_offer_016.jpg,"cat_obst_gemuese,diet_gluten_free,diet_lactose_free,diet_vegan,diet_vegetarian,sub_exoten,sub_frisches_gemuese,sub_frisches_obst,tag_whole_food",,,ref_000404,obs_0000014368|obs_0000013899|obs_0000013900|obs_0000010553|obs_0000018752|obs_0000021829|obs_0000016265|obs_0000007131,,,
LANGEWIESCHE,Spargelschinken,"€ 1,99","€ 2,59","pro Einheit = 100,00","pro Einheit = 100,00",mit grünen Spargelspitzen umhüllt,Nein,Dieses Angebot findest du vom 23.04. bis 29.04. in deiner Kaufland-Filiale.,2026-04-23,2026-04-29,../images/kaufland/kaufland_offer_143.jpg,"cat_fleisch_wurst,sub_schwein,sub_wurst,tag_ultra_processed",,BLS-W441000,ref_000405,,,,
ELO,Spargeltopf Basic,"€ 14,99","€ 39,59","pro Einheit = 14,99","pro Einheit = 14,99",Aus Edelstahl Mit Volumenskala Energiesparender Kapselboden Entnehmbarer Drahteinsatz mit Klappbügel Ideal auch zum Blanchieren/Dünsten von Gemüse Zum Kochen/Warmhalten von Nudeln und Würstchen Stoßfester Glasdeckel mit Edelstahlrand Für alle Herdarten geeignet (inkl. Induktion) Backofengeeignet (mit Deckel bis 180 °C) Spülmaschinengeeignet Größe ca. Ø 16 x 21 cm (ca. 4 l),Nein,Dieses Angebot findest du vom 23.04. bis 29.04. in deiner Kaufland-Filiale.,2026-04-23,2026-04-29,../images/kaufland/kaufland_offer_426.jpg,"cat_non_food,diet_gluten_free,diet_lactose_free,diet_vegan,diet_vegetarian",,,ref_000406,,,,
Coca-Cola,SPRITE oder MEZZO MIX Erfrischungsgetränke,"€ 10,99",,"1 l = 0,92","1 l = 0,92","z. T. koffeinhaltig, versch. Sorten (+ 3.30 Pfand)",Nein,Dieses Angebot findest du vom 23.04. bis 29.04. in deiner Kaufland-Filiale.,2026-04-23,2026-04-29,../images/kaufland/kaufland_offer_292.jpg,"cat_getraenke,tag_ultra_processed",,,ref_000407,obs_0000015905|obs_0000011120|obs_0000031043|obs_0000028043|obs_0000032258|obs_0000034906|obs_0000032019|obs_0000029984|obs_0000029010|obs_0000032704|obs_0000030679|obs_0000013322|obs_0000015049|obs_0000024700|obs_0000027647,obs_0000015905|obs_0000011120,,x
Aperol,Spritz,"€ 6,99","€ 9,49","1 l = 11,65","1 l = 11,65","alkoholisches Mischgetränk, fertig gemixt, 10,5 Vol. %",Nein,Dieses Angebot findest du vom 23.04. bis 29.04. in deiner Kaufland-Filiale.,2026-04-23,2026-04-29,../images/kaufland/kaufland_offer_307.jpg,"cat_getraenke,sub_tk_fertiggerichte,tag_high_protein",,,ref_000408,obs_0000011575|obs_0000016150|obs_0000019758|obs_0000002969|obs_0000001820|obs_0000007085|obs_0000032755|obs_0000029092|obs_0000029262|obs_0000000857|obs_0000001269|obs_0000005264|obs_0000025949|obs_0000007665,obs_0000016150|obs_0000007085|obs_0000019758|obs_0000011575,,x
ERBEN,Spätlese Scheurebe Grauburgunder oder Riesling,"€ 3,49","€ 4,99","1 l = 4,66","1 l = 4,66","Spätlese, Scheurebe, Grauburgunder, Riesling, Spätlese Bio oder Süße Lese alkoholfrei, z. B. Spätlese: Prädikatswein, Rheinhessen, feine Säure, zarte Fruchtaromen, passt zu würzigem Ragout",Nein,Dieses Angebot findest du vom 27.04. bis 29.04. in deiner Kaufland-Filiale.,2026-04-27,2026-04-29,../images/kaufland/kaufland_offer_050.jpg,"cat_getraenke,diet_vegetarian,tag_ultra_processed",,,ref_000409,obs_0000013913|obs_0000010749|obs_0000025609|obs_0000020159|obs_0000009799|obs_0000009328|obs_0000020978|obs_0000026754|obs_0000031878|obs_0000021374|obs_0000002703|obs_0000019740|obs_0000033828|obs_0000003513|obs_0000010309|obs_0000034633|obs_0000020555|obs_0000025421|obs_0000008015,obs_0000013913|obs_0000010749,,
FINISH,Spülmaschinen-Tabs oder -Caps,"€ 6,99","€ 7,99","pro Einheit = 0,17","pro Einheit = 0,17",versch. Sorten,Nein,Dieses Angebot findest du vom 23.04. bis 29.04. in deiner Kaufland-Filiale.,2026-04-23,2026-04-29,../images/kaufland/kaufland_offer_346.jpg,cat_drogerie,,,ref_000410,obs_0000012012|obs_0000015515|obs_0000010767|obs_0000013425|obs_0000010954|obs_0000012884|obs_0000024056|obs_0000024477|obs_0000016629,obs_0000012012|obs_0000015515,,
SWIFFER,Staubmagnet Duster Kit Dance Edition,"€ 4,49",,"pro Einheit = 8,00","pro Einheit = 8,00",Griff und 7 Staubfangtücher,Nein,Dieses Angebot findest du vom 23.04. bis 29.04. in deiner Kaufland-Filiale.,2026-04-23,2026-04-29,../images/kaufland/kaufland_offer_434.jpg,"cat_drogerie,tag_ultra_processed",,,ref_000411,obs_0000012979|obs_0000012966|obs_0000033603,obs_0000012979,,
SWIFFER,Staubmagnet-Nachfülltücher Dance Edition,"€ 4,49",,"pro Einheit = 9,00","pro Einheit = 9,00",Für Staubmagnet Duster Kit,Nein,Dieses Angebot findest du vom 23.04. bis 29.04. in deiner Kaufland-Filiale.,2026-04-23,2026-04-29,../images/kaufland/kaufland_offer_433.jpg,"cat_drogerie,tag_ultra_processed",,,ref_000412,obs_0000012966|obs_0000012977|obs_0000012979|obs_0000033603,obs_0000012966,,
SWIFFER,Staubmagnet-Starter-Set Dance Edition,"€ 7,99",,"pro Einheit = 9,00","pro Einheit = 9,00",Bodenwischer und 8 Bodenreinigungstücher,Nein,Dieses Angebot findest du vom 23.04. bis 29.04. in deiner Kaufland-Filiale.,2026-04-23,2026-04-29,../images/kaufland/kaufland_offer_432.jpg,"cat_drogerie,tag_ultra_processed",,,ref_000413,obs_0000012977|obs_0000013429|obs_0000015587|obs_0000008428|obs_0000016014|obs_0000012966|obs_0000013428|obs_0000015588|obs_0000008431|obs_0000012113|obs_0000033603,obs_0000012977,,
ROWENTA,Staubsauger RO3950,"€ 79,99","€ 149,99","pro Einheit = 79,99","pro Einheit = 79,99","Kompakter Bodenstaubsauger Mit integrierter Möbelbürste Teleskoprohr Aktionsradius ca. 8,8 m Für Staubbeutel mit 3 l Fassungsvermögen 900 W Inkl. Parkett-, Fugen- und Polsterdüse",Nein,Dieses Angebot findest du vom 23.04. bis 29.04. in deiner Kaufland-Filiale.,2026-04-23,2026-04-29,../images/kaufland/kaufland_offer_394.jpg,cat_non_food,,,ref_000414,,,,
LEIFHEIT,Staubwedel Superduster XL,"€ 5,99","€ 12,99","pro Einheit = 5,99","pro Einheit = 5,99","Staubwedel aus Mikrofasern Zieht Haare, Staub und Allergene an Für große Flächen geeignet Staubwedel abnehm- und waschbar (bei 40 °C) Einfache Befestigung dank Druckknopf",Nein,Dieses Angebot findest du vom 23.04. bis 29.04. in deiner Kaufland-Filiale.,2026-04-23,2026-04-29,../images/kaufland/kaufland_offer_449.jpg,cat_non_food,,,ref_000415,obs_0000012957|obs_0000015303,obs_0000012957|obs_0000034677|obs_0000015303,,
K-PURLAND,Steak Mexico Style,"€ 4,49",,"1 kg = 5,99","1 kg = 5,99","vom Schweinenacken/-kamm, würzig mariniert, 2 x 2 Stück",Nein,Dieses Angebot findest du vom 23.04. bis 29.04. in deiner Kaufland-Filiale.,2026-04-23,2026-04-29,../images/kaufland/kaufland_offer_106.jpg,"cat_fleisch_wurst,sub_rind,sub_schwein",,,ref_000416,obs_0000014445|obs_0000008592|obs_0000013431|obs_0000012267,obs_0000014445|obs_0000008592|obs_0000013431|obs_0000012267,,
Original Wagner,Steinofen-Pizza oder -Flammkuchen,"€ 1,79",,"1 kg = 4,98 - 5,97","1 kg = 4,98 - 5,97",versch. Sorten,Nein,Dieses Angebot findest du vom 23.04. bis 29.04. in deiner Kaufland-Filiale.,2026-04-23,2026-04-29,../images/kaufland/kaufland_offer_186.jpg,"cat_tiefkuehl,sub_tk_fertiggerichte,sub_tk_pizza,tag_ultra_processed",,,ref_000417,obs_0000012202|obs_0000014511|obs_0000015695|obs_0000008618|obs_0000026375|obs_0000002169|obs_0000002723|obs_0000005579|obs_0000006150|obs_0000006664|obs_0000007601|obs_0000027386|obs_0000025810|obs_0000018047|obs_0000010530|obs_0000003616|obs_0000013341|obs_0000005867|obs_0000022366|obs_0000023186|obs_0000023713|obs_0000023992|obs_0000024135|obs_0000024418,obs_0000012202|obs_0000005579|obs_0000006150|obs_0000014511|obs_0000006664|obs_0000015695|obs_0000007601,,x
Keine Marke,Südafrik Tafeltrauben rot,"€ 1,79","€ 2,49","1 kg = 3,58","1 kg = 3,58","Sorte laut Auszeichnung, Kl. I",Nein,Dieses Angebot findest du vom 23.04. bis 29.04. in deiner Kaufland-Filiale.,2026-04-23,2026-04-29,../images/kaufland/kaufland_offer_052.jpg,"cat_obst_gemuese,diet_gluten_free,diet_lactose_free,diet_vegan,diet_vegetarian,sub_frisches_obst,tag_whole_food",,,ref_000418,obs_0000013442|obs_0000011782|obs_0000006278|obs_0000012251|obs_0000013921|obs_0000006261|obs_0000007315|obs_0000012672|obs_0000015240|obs_0000008710|obs_0000028721|obs_0000008765|obs_0000010312|obs_0000008792|obs_0000031873|obs_0000028835|obs_0000028335|obs_0000014088|obs_0000008527|obs_0000009624|obs_0000010211,obs_0000013442,,
K-PURLAND,Tafelspitz vom Jungbullen,"€ 15,99",,"pro Einheit = 15,99","pro Einheit = 15,99",vom Jungbullen,Nein,Dieses Angebot findest du vom 23.04. bis 29.04. in deiner Kaufland-Filiale.,2026-04-23,2026-04-29,../images/kaufland/kaufland_offer_107.jpg,"cat_fleisch_wurst,diet_gluten_free,diet_lactose_free,sub_rind,tag_whole_food",,,ref_000419,obs_0000010590|obs_0000012760|obs_0000014912|obs_0000013445|obs_0000011844|obs_0000027671|obs_0000015351|obs_0000013854|obs_0000008818|obs_0000012293|obs_0000012294|obs_0000026669|obs_0000014473|obs_0000014474|obs_0000028972|obs_0000013364|obs_0000026295|obs_0000017489|obs_0000018409,obs_0000010590|obs_0000012760|obs_0000014912|obs_0000027671|obs_0000013445|obs_0000011844,,
SCHWARZKOPF,Taft Haarlack -spray oder Schaumfestiger,"€ 2,99",,"1 l = 11,96 - 19,94","1 l = 11,96 - 19,94","Haarlack, -spray oder Schaumfestiger, versch. Sorten",Nein,Dieses Angebot findest du vom 23.04. bis 29.04. in deiner Kaufland-Filiale.,2026-04-23,2026-04-29,../images/kaufland/kaufland_offer_353.jpg,cat_drogerie,,,ref_000420,obs_0000012020|obs_0000008878|obs_0000026918|obs_0000028458|obs_0000018326|obs_0000032777|obs_0000026148,obs_0000005669|obs_0000006765|obs_0000012020|obs_0000006590,,
K-CLASSIC,Taschentücher,"€ 0,85","€ 0,95","pro Einheit = 100,00","pro Einheit = 100,00",4-lagig,Nein,Dieses Angebot findest du vom 23.04. bis 29.04. in deiner Kaufland-Filiale.,2026-04-23,2026-04-29,../images/kaufland/kaufland_offer_342.jpg,"cat_drogerie,tag_ultra_processed",,,ref_000421,obs_0000012458|obs_0000009297|obs_0000009761|obs_0000033002|obs_0000006388|obs_0000031049|obs_0000024952|obs_0000012879|obs_0000021120|obs_0000033673|obs_0000011599|obs_0000013922|obs_0000012007|obs_0000020301|obs_0000008063|obs_0000014666|obs_0000034871|obs_0000006249|obs_0000034990|obs_0000035077|obs_0000031059|obs_0000006592|obs_0000033631|obs_0000007115|obs_0000031764|obs_0000007296|obs_0000005484|obs_0000005854|obs_0000006057|obs_0000010159|obs_0000032037,obs_0000012458|obs_0000033002|obs_0000006388|obs_0000031049|obs_0000024952|obs_0000012879|obs_0000021120|obs_0000033673|obs_0000009297|obs_0000011599|obs_0000009761|obs_0000013922|obs_0000012007|obs_0000020301,,
DOVGAN,Taschki Teigtaschen,"€ 2,49","€ 3,99","1 kg = 4,98 - 6,23","1 kg = 4,98 - 6,23","nach russ. Art, versch. Sorten",Nein,Dieses Angebot findest du vom 27.04. bis 29.04. in deiner Kaufland-Filiale.,2026-04-27,2026-04-29,../images/kaufland/kaufland_offer_019.jpg,"cat_tiefkuehl,sub_tk_fertiggerichte",,,ref_000422,obs_0000011779|obs_0000009148|obs_0000015680|obs_0000014158|obs_0000013923|obs_0000002307,obs_0000011779|obs_0000009148|obs_0000015680|obs_0000014158|obs_0000013923,,
FULYA,Tavuk Salami,"€ 1,59","€ 2,89","1 kg = 7,95","1 kg = 7,95","geräucherte Geflügelfleischwurst, versch. Sorten",Nein,Dieses Angebot findest du vom 27.04. bis 29.04. in deiner Kaufland-Filiale.,2026-04-27,2026-04-29,../images/kaufland/kaufland_offer_010.jpg,"cat_fleisch_wurst,sub_wurst,tag_ultra_processed",,,ref_000423,obs_0000013924|obs_0000011756|obs_0000002611|obs_0000010316|obs_0000014932|obs_0000019030|obs_0000028273|obs_0000005781|obs_0000023205|obs_0000003239|obs_0000019666|obs_0000016602|obs_0000008425|obs_0000021226|obs_0000003307|obs_0000002285|obs_0000011010|obs_0000025355|obs_0000026898|obs_0000017184|obs_0000007987|obs_0000025934|obs_0000008039|obs_0000016755|obs_0000034176|obs_0000002957|obs_0000020407|obs_0000016328|obs_0000017375|obs_0000031198|obs_0000010234,obs_0000013924|obs_0000011756,,
REINERT,Teewurst,"€ 0,99","€ 1,29","1 kg = 7,92","1 kg = 7,92","fein, nach Rügenwalder Art",Nein,Dieses Angebot findest du vom 23.04. bis 29.04. in deiner Kaufland-Filiale.,2026-04-23,2026-04-29,../images/kaufland/kaufland_offer_135.jpg,"cat_fleisch_wurst,sub_wurst,tag_ultra_processed",,,ref_000424,obs_0000012777|obs_0000009735|obs_0000001033|obs_0000010122|obs_0000034591|obs_0000014370|obs_0000012199|obs_0000009269|obs_0000006344|obs_0000013925|obs_0000007050|obs_0000005787|obs_0000028074|obs_0000030895|obs_0000010935|obs_0000006870|obs_0000029541|obs_0000007415|obs_0000032537|obs_0000032197,obs_0000009735|obs_0000001033|obs_0000010122|obs_0000034591|obs_0000014370|obs_0000012199|obs_0000009269|obs_0000006344|obs_0000013925|obs_0000012777,,
RÜGENWALDER MÜHLE,Teewurst oder Leberwurst,"€ 1,49",,"1 kg = 11,92","1 kg = 11,92",versch. Sorten,Nein,Dieses Angebot findest du vom 23.04. bis 29.04. in deiner Kaufland-Filiale.,2026-04-23,2026-04-29,../images/kaufland/kaufland_offer_132.jpg,"cat_fleisch_wurst,sub_wurst,tag_ultra_processed",,,ref_000425,obs_0000010935|obs_0000028074|obs_0000032537|obs_0000032197|obs_0000009269|obs_0000009735|obs_0000034591|obs_0000010122|obs_0000012199|obs_0000013925|obs_0000014370|obs_0000006344|obs_0000005973|obs_0000001033|obs_0000026066|obs_0000026452|obs_0000026900|obs_0000010597|obs_0000019440|obs_0000011436|obs_0000003643|obs_0000028438|obs_0000028508|obs_0000028622|obs_0000012655|obs_0000012777|obs_0000013053|obs_0000013762|obs_0000014468|obs_0000031720|obs_0000023801|obs_0000024223,obs_0000010935|obs_0000032537,,
Keine Marke,Teleskopstiel,"€ 1,99",,"pro Einheit = 1,99","pro Einheit = 1,99","3-teilig, mit Schraubgewinde Ausziehbar bis 150 cm",Nein,Dieses Angebot findest du vom 23.04. bis 29.04. in deiner Kaufland-Filiale.,2026-04-23,2026-04-29,../images/kaufland/kaufland_offer_441.jpg,"cat_obst_gemuese,diet_gluten_free,diet_lactose_free,diet_vegan,diet_vegetarian,tag_ultra_processed,tag_whole_food",,,ref_000426,obs_0000012961|obs_0000015302,obs_0000012961|obs_0000015302,,
GLENMORANGIE,The Original 12 Single Malt Scotch Whisky,"€ 29,99","€ 39,99","1 l = 42,85","1 l = 42,85","12 Jahre in Bourbon-Fässern gereift, köstlich milder Charakter mit Aromen von Zitrus, Vanille und Pfirsich, 40 Vol. %",Nein,Dieses Angebot findest du vom 23.04. bis 29.04. in deiner Kaufland-Filiale.,2026-04-23,2026-04-29,../images/kaufland/kaufland_offer_312.jpg,cat_getraenke,,,ref_000427,obs_0000015490|obs_0000014252|obs_0000015073|obs_0000020036|obs_0000019629|obs_0000020855|obs_0000025037|obs_0000024920|obs_0000020037|obs_0000020856|obs_0000008607|obs_0000018872|obs_0000025019|obs_0000017414|obs_0000024596|obs_0000021544|obs_0000007258|obs_0000020725|obs_0000007456|obs_0000021815|obs_0000025948|obs_0000007090|obs_0000016836|obs_0000024880|obs_0000022506|obs_0000034840,obs_0000015490,,
BRITA,Tischwasserfilter Style Essential,"€ 16,99","€ 29,99","pro Einheit = 16,99","pro Einheit = 16,99","Aus Kunststoff Reduziert Kalk und geschmacksstörende Stoffe Mit Filterwechselanzeige »BRITA Smartlight« Gesamtvolumen ca. 2,4 l Gefiltertes Wasser ca. 1,4 l Höhe ca. 27 cm Versch. Farben (Deckel und Griff) Inkl. Filterkartusche »MAXTRA PRO«",Nein,Dieses Angebot findest du vom 23.04. bis 29.04. in deiner Kaufland-Filiale.,2026-04-23,2026-04-29,../images/kaufland/kaufland_offer_410.jpg,"cat_drogerie,diet_vegan,tag_ultra_processed",,,ref_000428,obs_0000025561,,,
GIOVANNI RANA,Tradizionali oder Amore di Pesto,"€ 2,39","€ 3,79","1 kg = 9,56","1 kg = 9,56","Cappelletti, Tortelloni oder Ravioli, versch. Sorten",Nein,Dieses Angebot findest du vom 23.04. bis 29.04. in deiner Kaufland-Filiale.,2026-04-23,2026-04-29,../images/kaufland/kaufland_offer_194.jpg,"cat_grundnahrung,sub_nudeln,tag_ultra_processed",,,ref_000429,obs_0000013936|obs_0000006836|obs_0000005569|obs_0000025099|obs_0000001549|obs_0000020017|obs_0000003675|obs_0000000146|obs_0000018607|obs_0000016639|obs_0000023299|obs_0000011527|obs_0000019219|obs_0000011089|obs_0000014195|obs_0000015289|obs_0000019945|obs_0000015872,obs_0000013936|obs_0000006836|obs_0000005569,,
WZG MÖGLINGEN,Trollinger mit Lemberger halbtrocken,"€ 3,49","€ 3,99","pro Einheit = 1,00","pro Einheit = 1,00","Qualitätswein, Württemberg, Beerenaromen, rubinrot, feinherb, duftig, passt zu Schlachtplatte und Vesper (+ 0.03 Pfand)",Nein,Dieses Angebot findest du vom 23.04. bis 29.04. in deiner Kaufland-Filiale.,2026-04-23,2026-04-29,../images/kaufland/kaufland_offer_316.jpg,cat_getraenke,,,ref_000430,obs_0000010747|obs_0000019679|obs_0000019885|obs_0000001458|obs_0000008908|obs_0000009671|obs_0000028131|obs_0000015492|obs_0000022601|obs_0000001272,obs_0000010747,,
MACHELLE,Tropical,"€ 1,79","€ 2,29","pro Einheit = 100,00","pro Einheit = 100,00","holl. Frischkäsespezialität, aus Kuhmilch und mit tropischen Früchten, 50 % Fett i. Tr.",Nein,Dieses Angebot findest du vom 23.04. bis 29.04. in deiner Kaufland-Filiale.,2026-04-23,2026-04-29,../images/kaufland/kaufland_offer_178.jpg,cat_molkerei_kaese,,,ref_000431,obs_0000014117,,,
K-GOLD EDITION,Trüffelpralinen,"€ 3,99",,"1 kg = 19,95","1 kg = 19,95","Mischung aus acht erlesenen Sorten, mit oder ohne Alkohol",Nein,Dieses Angebot findest du vom 23.04. bis 29.04. in deiner Kaufland-Filiale.,2026-04-23,2026-04-29,../images/kaufland/kaufland_offer_277.jpg,"cat_knabbern_naschen,diet_gluten_free,diet_lactose_free,diet_vegan,diet_vegetarian,tag_ultra_processed",,BLS-S625000,ref_000432,obs_0000001266|obs_0000019488,,,
BILLIE GREEN,Vegane Bratwurst,"€ 2,59","€ 3,29","1 kg = 14,39","1 kg = 14,39","Krakauer-Style, auf Basis von Weizenprotein",Nein,Dieses Angebot findest du vom 23.04. bis 29.04. in deiner Kaufland-Filiale.,2026-04-23,2026-04-29,../images/kaufland/kaufland_offer_202.jpg,"cat_grundnahrung,diet_lactose_free,diet_vegan,diet_vegetarian,sub_fleischersatz,sub_wurst,tag_ultra_processed",,BLS-H910300,ref_000433,obs_0000006701|obs_0000026247|obs_0000006539|obs_0000007634,,,
RÜGENWALDER MÜHLE,Vegane Pfannen- oder Grillprodukte,"€ 1,99",,"1 kg = 7,96 - 11,71","1 kg = 7,96 - 11,71","versch. Sorten, auf Soja- oder Weizen-Basis",Nein,Dieses Angebot findest du vom 23.04. bis 29.04. in deiner Kaufland-Filiale.,2026-04-23,2026-04-29,../images/kaufland/kaufland_offer_200.jpg,"cat_grundnahrung,diet_lactose_free,diet_vegan,diet_vegetarian,sub_fleischersatz",,,ref_000434,obs_0000015305,obs_0000015305,,
K-TAKE IT VEGGIE,Veganes Steak,"€ 1,99","€ 2,49","1 kg = 12,44","1 kg = 12,44","nach Rinder-Art in Pfeffer-Marinade, auf Basis von Soja- und Weizenprotein",Nein,Dieses Angebot findest du vom 23.04. bis 29.04. in deiner Kaufland-Filiale.,2026-04-23,2026-04-29,../images/kaufland/kaufland_offer_201.jpg,"cat_grundnahrung,diet_lactose_free,diet_vegan,diet_vegetarian,sub_fleischersatz,tag_ultra_processed",,,ref_000435,obs_0000029867|obs_0000017345,,,
MERCI,Vielfalt,"€ 2,99",,"1 kg = 11,96 - 14,24","1 kg = 11,96 - 14,24","Schokoladenspezialitäten, versch. Sorten",Nein,Dieses Angebot findest du vom 27.04. bis 29.04. in deiner Kaufland-Filiale.,2026-04-27,2026-04-29,../images/kaufland/kaufland_offer_635.jpg,"cat_knabbern_naschen,diet_vegetarian,tag_ultra_processed",,,ref_000436,obs_0000011352|obs_0000023300|obs_0000018890|obs_0000027341|obs_0000000996|obs_0000002174|obs_0000002431|obs_0000000534|obs_0000027216|obs_0000033006|obs_0000028038|obs_0000007487|obs_0000005836|obs_0000007277|obs_0000030117,obs_0000011352,,
DALLI,Voll- oder Colorwaschmittel,"€ 8,99",,"pro Einheit = 0,08","pro Einheit = 0,08","Pulver 5 kg oder flüssig 4,5 l = 100 Anwendungen",Nein,Dieses Angebot findest du vom 27.04. bis 29.04. in deiner Kaufland-Filiale.,2026-04-27,2026-04-29,../images/kaufland/kaufland_offer_045.jpg,cat_drogerie,,,ref_000437,obs_0000013475|obs_0000011597|obs_0000012453|obs_0000014661|obs_0000010760|obs_0000014866|obs_0000012874|obs_0000011156|obs_0000015297|obs_0000015700|obs_0000012002|obs_0000014662|obs_0000032919|obs_0000029574,obs_0000012453|obs_0000014661|obs_0000014662|obs_0000010760|obs_0000014866|obs_0000012874|obs_0000011156|obs_0000015297|obs_0000013475|obs_0000011597|obs_0000015700|obs_0000012002,,
STAEDTLER,Wachsmalkreide-Set Noris junior,"€ 5,99","€ 10,05","pro Einheit = 18,00","pro Einheit = 18,00",Abgerundetes Sechskantprofil Mit Papiermanschette Größe je ca. 125 x Ø 14 mm Für Kinder ab 2 Jahren,Nein,Dieses Angebot findest du vom 23.04. bis 29.04. in deiner Kaufland-Filiale.,2026-04-23,2026-04-29,../images/kaufland/kaufland_offer_404.jpg,cat_non_food,,,ref_000438,obs_0000032835,,,
DUPLO,Waffel-Schokoriegel,"€ 1,99",,"1 kg = 10,94","1 kg = 10,94",Original oder White,Nein,Dieses Angebot findest du vom 23.04. bis 29.04. in deiner Kaufland-Filiale.,2026-04-23,2026-04-29,../images/kaufland/kaufland_offer_280.jpg,"cat_knabbern_naschen,diet_vegetarian,tag_ultra_processed",,,ref_000439,obs_0000010728|obs_0000009371|obs_0000014275|obs_0000008282|obs_0000009830|obs_0000020991|obs_0000020234|obs_0000002189|obs_0000015897|obs_0000009124|obs_0000025649|obs_0000011961|obs_0000021053|obs_0000025162|obs_0000020172|obs_0000028364|obs_0000008659|obs_0000001108|obs_0000001258,obs_0000010728,,
BESTRON,Waffeleisen AWM6Z,"€ 9,99",,"pro Einheit = 9,99","pro Einheit = 9,99",Für leckere Brüsseler Waffeln Antihaftbeschichtete Platten ca. Ø 11 cm Wärmeisolierte Griffe 2 Kontrollleuchten 750 W,Nein,Dieses Angebot findest du vom 23.04. bis 29.04. in deiner Kaufland-Filiale.,2026-04-23,2026-04-29,../images/kaufland/kaufland_offer_389.jpg,"cat_non_food,diet_gluten_free,diet_lactose_free,diet_vegan,diet_vegetarian",,,ref_000440,obs_0000033545|obs_0000005016|obs_0000003360|obs_0000024737|obs_0000026402|obs_0000002492|obs_0000004162|obs_0000004589,,,
K-CLASSIC,Waffelmischung,"€ 4,00","€ 4,58","1 kg = 5,00","1 kg = 5,00",6 Sorten Waffeln,Nein,Dieses Angebot findest du vom 23.04. bis 29.04. in deiner Kaufland-Filiale.,2026-04-23,2026-04-29,../images/kaufland/kaufland_offer_250.jpg,"cat_grundnahrung,diet_vegetarian,tag_ultra_processed",,,ref_000441,obs_0000013943,obs_0000013943,,
LEIFHEIT,Wand- und Deckenbesen Dusty,"€ 5,99","€ 10,99","pro Einheit = 5,99","pro Einheit = 5,99",Kunststoff-Borsten Dreiecksform Kombinierbar mit Leifheit Click-System-Stiel Reinigung unter fließendem Wasser,Nein,Dieses Angebot findest du vom 23.04. bis 29.04. in deiner Kaufland-Filiale.,2026-04-23,2026-04-29,../images/kaufland/kaufland_offer_437.jpg,cat_non_food,,,ref_000442,obs_0000012969|obs_0000015301,obs_0000012969|obs_0000015301,,
Mebus,Wanduhr mit Klimastation,"€ 4,99","€ 12,99","pro Einheit = 4,99","pro Einheit = 4,99",Aus Kunststoff Präzises Quarzuhrwerk Mit Thermo- und Hygrometer Größe ca. Ø 25 cm Inkl. Batterie,Nein,Dieses Angebot findest du vom 23.04. bis 29.04. in deiner Kaufland-Filiale.,2026-04-23,2026-04-29,../images/kaufland/kaufland_offer_378.jpg,cat_non_food,,,ref_000443,obs_0000020592|obs_0000025228|obs_0000021411|obs_0000023906|obs_0000034252|obs_0000024327,,,x
ARIEL,Waschmittel,"€ 4,99",,"pro Einheit = 0,34","pro Einheit = 0,34","Pulver 900 g, Gel 900 ml oder Pods 322 - 335 g, versch. Sorten, = 15 - 20 Anwendungen",Nein,Dieses Angebot findest du vom 23.04. bis 29.04. in deiner Kaufland-Filiale.,2026-04-23,2026-04-29,../images/kaufland/kaufland_offer_339.jpg,cat_drogerie,,,ref_000444,obs_0000018449|obs_0000027703|obs_0000012875|obs_0000023646|obs_0000024174|obs_0000002728|obs_0000023748|obs_0000023244|obs_0000025812|obs_0000017654|obs_0000018794|obs_0000019827|obs_0000022410|obs_0000034866|obs_0000016462|obs_0000018542|obs_0000019568|obs_0000013946|obs_0000025217|obs_0000026760|obs_0000021665|obs_0000033445|obs_0000012454|obs_0000018152|obs_0000015109|obs_0000033069|obs_0000022331|obs_0000022340|obs_0000020846|obs_0000012181|obs_0000003486|obs_0000019384|obs_0000017352|obs_0000026568|obs_0000022520|obs_0000025598|obs_0000033361|obs_0000024698|obs_0000033001|obs_0000022894|obs_0000016254|obs_0000005662|obs_0000029731|obs_0000033858|obs_0000032848|obs_0000033370|obs_0000001139|obs_0000007291|obs_0000033426|obs_0000034457,obs_0000018449|obs_0000034866|obs_0000027703|obs_0000012875|obs_0000016462|obs_0000023646|obs_0000018542|obs_0000024174|obs_0000019568|obs_0000013946|obs_0000025217|obs_0000026760|obs_0000021665|obs_0000033445|obs_0000012454|obs_0000002728|obs_0000023748|obs_0000023244|obs_0000025812|obs_0000018152|obs_0000017654|obs_0000015109|obs_0000033069|obs_0000022331|obs_0000022340|obs_0000018794|obs_0000020846|obs_0000019827|obs_0000022410|obs_0000012181|obs_0000003486|obs_0000019384|obs_0000017352|obs_0000026568|obs_0000022520|obs_0000025598,,
BRITA,Wasserfilter-Kartuschen MAXTRA PRO PURE PERFORM,"€ 19,99","€ 34,69","pro Einheit = 4,00","pro Einheit = 4,00",Neu entwickelter Powerfilter Gehäuse aus zu 50 % biobasiertem Kunststoff Höchste Filtrationsleistung Maximale Chlorreduktion Für alle Brita-Systeme (außer CLASSIC) Kartusche reicht für 150 l bzw. 4 Wochen,Nein,Dieses Angebot findest du vom 23.04. bis 29.04. in deiner Kaufland-Filiale.,2026-04-23,2026-04-29,../images/kaufland/kaufland_offer_414.jpg,"cat_non_food,diet_vegetarian",,,ref_000445,obs_0000015179|obs_0000011378|obs_0000012537|obs_0000013947|obs_0000028875|obs_0000033647|obs_0000029089|obs_0000019962,obs_0000015179|obs_0000033647|obs_0000011378|obs_0000012537|obs_0000013947,,
BRITA,Wasserfilter-Kartuschen MAXTRA PRO PURE PERFORM,"€ 27,99","€ 47,69","pro Einheit = 6,00","pro Einheit = 6,00",Neu entwickelter Powerfilter Gehäuse aus zu 50 % biobasiertem Kunststoff Höchste Filtrationsleistung Maximale Chlorreduktion Für alle BRITA-Systeme (außer CLASSIC) Kartusche reicht für 150 l bzw. 4 Wochen,Nein,Dieses Angebot findest du vom 23.04. bis 29.04. in deiner Kaufland-Filiale.,2026-04-23,2026-04-29,../images/kaufland/kaufland_offer_413.jpg,"cat_non_food,diet_vegetarian",,,ref_000446,obs_0000015179|obs_0000011378|obs_0000012537|obs_0000013947|obs_0000028875|obs_0000033647|obs_0000029089|obs_0000019962,obs_0000015179|obs_0000033647|obs_0000011378|obs_0000012537|obs_0000013947,,
BRITA,Wasserflter-Kartuschen MAXTRA PRO Extra Kalksch,"€ 29,99","€ 54,89","pro Einheit = 6,00","pro Einheit = 6,00",Neu entwickelter Powerfilter Gehäuse aus zu 50 % biobasiertem Kunststoff Höchste Filtrationsleistung Maximale Chlorreduktion Für alle BRITA-Systeme (außer CLASSIC) Kartusche reicht für 150 l bzw. 4 Wochen,Nein,Dieses Angebot findest du vom 23.04. bis 29.04. in deiner Kaufland-Filiale.,2026-04-23,2026-04-29,../images/kaufland/kaufland_offer_411.jpg,"cat_getraenke,diet_vegan,diet_vegetarian",,,ref_000447,obs_0000015166|obs_0000012524|obs_0000011379|obs_0000013948,obs_0000009363|obs_0000009249|obs_0000015166|obs_0000009823|obs_0000012524|obs_0000011379|obs_0000009720|obs_0000013948,,
LEIFHEIT,Wasserschieber-Aufsatz Click,"€ 6,99","€ 10,99","pro Einheit = 6,99","pro Einheit = 6,99","Doppelte Abziehlippe aus Dura-Flex-Gummi Zur effektiven, großflächigen Wasserentfernung XL-Wischbreite (45 cm) Für alle Leifheit-Stiele mit Click-System",Nein,Dieses Angebot findest du vom 23.04. bis 29.04. in deiner Kaufland-Filiale.,2026-04-23,2026-04-29,../images/kaufland/kaufland_offer_428.jpg,cat_non_food,,,ref_000448,,,,
SODASTREAM,Wassersprudler TERRA Promo-Pack,"€ 64,99","€ 129,90","pro Einheit = 5,00","pro Einheit = 5,00","Sprudlerhöhe ca. 43 cm Quick-Connect-CO2-Zylinder für ca. 60 l 3 Kunststoff-Flaschen (2 x 1 l und 1 x 0,5 l) Flaschen spülmaschinenfest In Schwarz oder Weiß",Nein,Dieses Angebot findest du vom 23.04. bis 29.04. in deiner Kaufland-Filiale.,2026-04-23,2026-04-29,../images/kaufland/kaufland_offer_409.jpg,cat_non_food,,,ref_000449,obs_0000013951,,,
KUSCHELWEICH,Weichspüler Luxury Moments oder Oriental,"€ 1,79",,"pro Einheit = 0,05","pro Einheit = 0,05","versch. Sorten, = 40 Anwendungen",Nein,Dieses Angebot findest du vom 23.04. bis 29.04. in deiner Kaufland-Filiale.,2026-04-23,2026-04-29,../images/kaufland/kaufland_offer_341.jpg,cat_drogerie,,,ref_000450,obs_0000014664|obs_0000012657|obs_0000008673|obs_0000015261|obs_0000031910|obs_0000020279|obs_0000021945|obs_0000014305|obs_0000023651|obs_0000021098|obs_0000006387|obs_0000016125|obs_0000033664|obs_0000013955|obs_0000010761|obs_0000003597|obs_0000015508|obs_0000019865|obs_0000032921|obs_0000019489|obs_0000009383|obs_0000013480|obs_0000020774|obs_0000033198|obs_0000008124|obs_0000027580|obs_0000028356|obs_0000010952|obs_0000012876|obs_0000011598|obs_0000025167|obs_0000032849|obs_0000016852|obs_0000022870|obs_0000031701|obs_0000021593|obs_0000026203|obs_0000009843|obs_0000026740|obs_0000034675,obs_0000014664|obs_0000012657,,
BREE,Wein oder Free Alkoholfrei,"€ 2,79",,"1 l = 3,72","1 l = 3,72","Pinot Noir Rosé, Riesling, Gewürztraminer, Muskateller oder versch. Sorten Fruity oder Free, z. B. Pinot Noir Rosé, Baden: fruchtige Aromen, leicht, elegant, passt zu Salaten, Fisch und Geflügel",Nein,Dieses Angebot findest du vom 23.04. bis 29.04. in deiner Kaufland-Filiale.,2026-04-23,2026-04-29,../images/kaufland/kaufland_offer_322.jpg,cat_getraenke,,BLS-P1A1120,ref_000451,obs_0000010923|obs_0000005451|obs_0000006011|obs_0000007083|obs_0000034225|obs_0000034424|obs_0000010394|obs_0000011150|obs_0000006548,obs_0000010923,,
PAMPERS,Windeln oder Pants Maxi-Economy-Pack,"€ 19,99",,"pro Einheit = 0,27","pro Einheit = 0,27","Baby Dry oder Premium Protection, Größe 3 - 6",Nein,Dieses Angebot findest du vom 23.04. bis 29.04. in deiner Kaufland-Filiale.,2026-04-23,2026-04-29,../images/kaufland/kaufland_offer_351.jpg,"cat_drogerie,tag_ultra_processed",,,ref_000452,obs_0000015517|obs_0000010544|obs_0000013812|obs_0000011163|obs_0000034447|obs_0000013484|obs_0000012464|obs_0000014672,obs_0000015517|obs_0000010544,,
LEIFHEIT,Wischbezug Profi XL micro duo,"€ 9,99","€ 19,99","pro Einheit = 9,99","pro Einheit = 9,99",Aus Polyester und Polyamid Mikrofasern mit feinsten Spezialborsten Extrem saugfähig und äußerst reinigungsstark Ideal für alle glatten Böden Waschbar bei 60 °C Breite ca. 42 cm,Nein,Dieses Angebot findest du vom 23.04. bis 29.04. in deiner Kaufland-Filiale.,2026-04-23,2026-04-29,../images/kaufland/kaufland_offer_448.jpg,"cat_non_food,tag_ultra_processed",,,ref_000453,obs_0000011965|obs_0000023297,,,
LEIFHEIT,Wischmopp-Set CLEAN TWIST Disc Mop Ergo,"€ 29,99","€ 54,99","pro Einheit = 3,00","pro Einheit = 3,00",6-l-Universaleimer mit Schleudersieb Teleskopstiel ca. 109 - 140 cm Stiel mit patentierter Drill-Mechanik Mikrofaser-Mopp mit 360°-Gelenk,Nein,Dieses Angebot findest du vom 23.04. bis 29.04. in deiner Kaufland-Filiale.,2026-04-23,2026-04-29,../images/kaufland/kaufland_offer_442.jpg,cat_non_food,,,ref_000454,obs_0000012955|obs_0000009806|obs_0000009336,obs_0000012955,,
LEIFHEIT,Wischtuchpresse mit Rollen Profi XL,"€ 44,99","€ 89,99","pro Einheit = 2,00","pro Einheit = 2,00","8-l-Eimer mit Rollen und Pressaufsatz 3-teiliger Stiel ca. 140 cm 360°-Drehgelenk, Fußbedienung Bodenwischer mit 2-Faser-Bezug",Nein,Dieses Angebot findest du vom 23.04. bis 29.04. in deiner Kaufland-Filiale.,2026-04-23,2026-04-29,../images/kaufland/kaufland_offer_453.jpg,"cat_non_food,tag_ultra_processed",,,ref_000455,obs_0000012990,obs_0000012990,,
GORBATSCHOW,Wodka Original oder Citron,"€ 12,00","€ 13,58","1 l = 8,58","1 l = 8,58","vierfach kältegefiltert, 37,5 Vol. %",Nein,Dieses Angebot findest du vom 23.04. bis 29.04. in deiner Kaufland-Filiale.,2026-04-23,2026-04-29,../images/kaufland/kaufland_offer_313.jpg,"cat_getraenke,tag_ultra_processed",,,ref_000456,obs_0000011767|obs_0000013965|obs_0000015076|obs_0000031413|obs_0000030591|obs_0000034639|obs_0000008777|obs_0000008906|obs_0000025547|obs_0000033763|obs_0000017384|obs_0000025705|obs_0000009334|obs_0000033975|obs_0000009525|obs_0000017799|obs_0000026035|obs_0000034561|obs_0000009987|obs_0000034575|obs_0000010117|obs_0000026772|obs_0000026832|obs_0000035052|obs_0000027005|obs_0000027048|obs_0000019505|obs_0000027791|obs_0000020181|obs_0000028429|obs_0000020298|obs_0000028516|obs_0000028630|obs_0000028730|obs_0000020611|obs_0000012423|obs_0000028896|obs_0000021000|obs_0000021117|obs_0000021430|obs_0000013325|obs_0000021758|obs_0000021868|obs_0000022184|obs_0000014249|obs_0000014290|obs_0000006283|obs_0000015051|obs_0000031800|obs_0000015502,obs_0000011767|obs_0000013965|obs_0000015076,,
LENOR,Wäscheparfüm,"€ 9,00",,"1 kg = 19,36","1 kg = 19,36",versch. Sorten,Nein,Dieses Angebot findest du vom 23.04. bis 29.04. in deiner Kaufland-Filiale.,2026-04-23,2026-04-29,../images/kaufland/kaufland_offer_340.jpg,cat_drogerie,,,ref_000457,obs_0000011157|obs_0000014872|obs_0000011803|obs_0000009628|obs_0000013488|obs_0000003535|obs_0000033365|obs_0000025441|obs_0000032879|obs_0000010098|obs_0000022906|obs_0000017659|obs_0000033496|obs_0000018186|obs_0000012455|obs_0000026032|obs_0000014663|obs_0000015947|obs_0000033615|obs_0000028651|obs_0000028534|obs_0000024886|obs_0000030076,obs_0000018186|obs_0000011157|obs_0000014872|obs_0000011803|obs_0000009628|obs_0000013488|obs_0000026032|obs_0000003535|obs_0000033615|obs_0000033365|obs_0000033496|obs_0000025441|obs_0000032879|obs_0000010098|obs_0000022906|obs_0000017659|obs_0000030076,,
RAUCH,Yippy,"€ 0,79",,"1 l = 2,40","1 l = 2,40","Mehrfruchtsaftgetränk oder Eistee, versch. Sorten (+ 0.25 Pfand)",Nein,Dieses Angebot findest du vom 23.04. bis 29.04. in deiner Kaufland-Filiale.,2026-04-23,2026-04-29,../images/kaufland/kaufland_offer_301.jpg,"cat_getraenke,diet_lactose_free,diet_vegetarian,tag_ultra_processed",,,ref_000458,obs_0000011127,obs_0000011127,,
Keine Marke,Zauberglöckchen oder Petunien im Pottburri-Topf,"€ 2,99",,"pro Einheit = 2,99","pro Einheit = 2,99","versch. Farben, Topf Ø 12 - 13 cm",Nein,Dieses Angebot findest du vom 23.04. bis 29.04. in deiner Kaufland-Filiale.,2026-04-23,2026-04-29,../images/kaufland/kaufland_offer_077.jpg,"cat_obst_gemuese,diet_gluten_free,diet_lactose_free,diet_vegan,diet_vegetarian,tag_ultra_processed,tag_whole_food",,,ref_000459,,,,
Keine Marke,Zimmerbesen-Aufsatz,"€ 2,99",,"pro Einheit = 2,99","pro Einheit = 2,99",Ideal für glatte Bodenbeläge im Innenbereich Mit Soft-Kantenschutz,Nein,Dieses Angebot findest du vom 23.04. bis 29.04. in deiner Kaufland-Filiale.,2026-04-23,2026-04-29,../images/kaufland/kaufland_offer_440.jpg,"cat_obst_gemuese,diet_gluten_free,diet_lactose_free,diet_vegan,diet_vegetarian,tag_ultra_processed,tag_whole_food",,,ref_000460,,,,
Hähnchen-Grilltasche,Chili-Cheese XXL,"€ 5,99",,"1 kg = 9,36","1 kg = 9,36",ideal für Grill und Pfanne,Nein,Dieses Angebot findest du vom 23.04. bis 29.04. in deiner Kaufland-Filiale.,2026-04-23,2026-04-29,../images/kaufland/kaufland_offer_116.jpg,"cat_fleisch_wurst,sub_gefluegel,tag_proteinreich",,,ref_000461,obs_0000019842|obs_0000017478|obs_0000012763|obs_0000013967,,,
Keine Marke,Ägypt amerikan Süßkartoffeln lose,"€ 1,99","€ 2,49","pro Einheit = 1,99","pro Einheit = 1,99",,Nein,Dieses Angebot findest du vom 23.04. bis 29.04. in deiner Kaufland-Filiale.,2026-04-23,2026-04-29,../images/kaufland/kaufland_offer_065.jpg,"cat_obst_gemuese,diet_gluten_free,diet_lactose_free,diet_vegan,diet_vegetarian,sub_frisches_gemuese,sub_kartoffeln,tag_ultra_processed,tag_whole_food",,,ref_000462,obs_0000015281|obs_0000010574|obs_0000012242|obs_0000029812|obs_0000028913|obs_0000010153|obs_0000014262|obs_0000008188,obs_0000015281,,
