Produkt,Marke,Preis,Vorheriger Preis,Preis_kg,Hinweis,Nur_online,Gueltig_raw,Gueltig_von,Gueltig_bis,Bildpfad,assigned_labels,nutrition_link,reference_row_id,rough_match_observation_ids,exact_match_observation_ids
Wolfsbarschfilet,Deluxe,"€ 2,79",,"6,49 €",,Nein,Gültig bis 21.03,2026-03-16,2026-03-21,images_lidl/lidl_offer_001.jpg,"cat_fisch_meeresfruechte,tag_high_protein,tag_proteinreich",,ref_000001,,
Premium Baby-Strampler,lupilu,"€ 9,99",,"19,99 €",,Nein,Gültig bis 21.03,2026-03-16,2026-03-21,images_lidl/lidl_offer_002.jpg,cat_non_food,,ref_000002,obs_0000011041,
KitKat Holfiguren,Nestl,"€ 1,79",,"UVP
3,49 €",,Nein,Gültig bis 21.03,2026-03-16,2026-03-21,images_lidl/lidl_offer_003.jpg,"cat_knabbern_naschen,diet_gluten_free,diet_lactose_free,diet_vegan,diet_vegetarian,tag_ultra_processed",,ref_000003,obs_0000026892|obs_0000015643|obs_0000015349,
Holz-Outdoor-Küche,Lupilu,"€ 19,99",,"39,99 €",,Nein,Gültig bis 21.03,2026-03-16,2026-03-21,images_lidl/lidl_offer_004.jpg,cat_non_food,,ref_000004,obs_0000018738|obs_0000021575|obs_0000019557|obs_0000020257|obs_0000018224|obs_0000007432,
Deluxe Macarons,Deluxe Macarons,"€ 2,99",,"3,49 €",,Nein,Gültig bis 21.03,2026-03-16,2026-03-21,images_lidl/lidl_offer_005.jpg,"cat_knabbern_naschen,tag_ultra_processed",,ref_000005,obs_0000015617|obs_0000022531|obs_0000017826|obs_0000020003|obs_0000014762|obs_0000022955|obs_0000024126|obs_0000001094|obs_0000023757|obs_0000019184,
Traumreise Gewinnspiel,Lidl Plus,,,Kein Mengenpreis,,Nein,Gültig bis 21.03,2026-03-16,2026-03-21,images_lidl/lidl_offer_006.jpg,"cat_non_food,diet_gluten_free,diet_lactose_free,diet_vegan,diet_vegetarian,tag_whole_food",,ref_000006,,
Bio Brokkoli,Bio Brokkoli,"€ 1,29",,1 kg = 3.23,,Nein,Gültig bis 21.03,2026-03-16,2026-03-21,images_lidl/lidl_offer_007.jpg,"cat_obst_gemuese,diet_gluten_free,diet_lactose_free,diet_vegan,diet_vegetarian,sub_frisches_gemuese,tag_whole_food",,ref_000007,obs_0000022631|obs_0000031390|obs_0000031647|obs_0000031988|obs_0000000502|obs_0000025326|obs_0000018299|obs_0000020428|obs_0000005304,obs_0000022631|obs_0000031390|obs_0000031647
Schalotten,Schalotten,"€ 0,99",,"1,49 €",,Nein,Gültig bis 21.03,2026-03-16,2026-03-21,images_lidl/lidl_offer_008.jpg,"cat_non_food,diet_gluten_free,diet_lactose_free,diet_vegan,diet_vegetarian,sub_frisches_gemuese,tag_whole_food",BLS-G485100,ref_000008,obs_0000015902|obs_0000023430,obs_0000015902|obs_0000023430
Rote Birnen lose,Rote Birnen lose,"€ 2,29",,Kein Mengenpreis,,Nein,Gültig bis 21.03,2026-03-16,2026-03-21,images_lidl/lidl_offer_009.jpg,"cat_obst_gemuese,diet_gluten_free,diet_lactose_free,diet_vegan,diet_vegetarian,sub_frisches_gemuese,sub_frisches_obst,tag_whole_food",,ref_000009,obs_0000026120|obs_0000025761|obs_0000016045|obs_0000022211|obs_0000019142|obs_0000023767|obs_0000016635|obs_0000016675|obs_0000024363|obs_0000015263|obs_0000019961,
Ballhortensie,Ballhortensie,"€ 4,99",,Kein Mengenpreis,,Nein,Gültig bis 21.03,2026-03-16,2026-03-21,images_lidl/lidl_offer_010.jpg,cat_non_food,,ref_000010,,
Erdbeerpflanzen,Grandiol,"€ 3,49",,Kein Mengenpreis,,Nein,Gültig bis 21.03,2026-03-16,2026-03-21,images_lidl/lidl_offer_011.jpg,"cat_non_food,diet_lactose_free,diet_vegan,diet_vegetarian",,ref_000011,,
Kiwi lose,Kiwi lose,"€ 0,25",,Kein Mengenpreis,,Nein,Gültig bis 21.03,2026-03-16,2026-03-21,images_lidl/lidl_offer_012.jpg,"cat_obst_gemuese,diet_gluten_free,diet_lactose_free,diet_vegan,diet_vegetarian,sub_exoten,sub_frisches_gemuese,sub_frisches_obst,tag_whole_food",,ref_000012,obs_0000022629|obs_0000013407|obs_0000012123|obs_0000010786|obs_0000009963|obs_0000009720|obs_0000011260,obs_0000022629
Frühlingsblüher im 10er-Tray,Frühlingsblüher im 10er-Tray,"€ 1,69",,Kein Mengenpreis,,Nein,Gültig bis 21.03,2026-03-16,2026-03-21,images_lidl/lidl_offer_013.jpg,cat_non_food,,ref_000013,obs_0000022639|obs_0000022638,obs_0000022639
Erdbeeren,Erdbeeren,"€ 2,99",,1 kg = 5.98,,Nein,Gültig bis 21.03,2026-03-16,2026-03-21,images_lidl/lidl_offer_014.jpg,"cat_obst_gemuese,diet_gluten_free,diet_lactose_free,diet_vegan,diet_vegetarian,sub_frisches_obst,tag_whole_food",BLS-F301100,ref_000014,obs_0000021444|obs_0000000875|obs_0000027621|obs_0000028744|obs_0000025546|obs_0000029042|obs_0000028691|obs_0000029976|obs_0000031864|obs_0000031257|obs_0000011679|obs_0000005473|obs_0000014242|obs_0000005869|obs_0000010835|obs_0000005878|obs_0000028555,obs_0000021444|obs_0000027621|obs_0000028744|obs_0000025546|obs_0000000875|obs_0000029042|obs_0000028691|obs_0000029976
Galia-Melone,Galia-Melone,"€ 1,99",,Kein Mengenpreis,,Nein,Gültig bis 21.03,2026-03-16,2026-03-21,images_lidl/lidl_offer_015.jpg,"cat_obst_gemuese,diet_gluten_free,diet_lactose_free,diet_vegan,diet_vegetarian,sub_frisches_obst,tag_whole_food",,ref_000015,,
Blumenerde,PARKSIDE,"€ 2,49",,1 l = 0.12,,Nein,Gültig bis 21.03,2026-03-16,2026-03-21,images_lidl/lidl_offer_016.jpg,cat_non_food,,ref_000016,obs_0000026123|obs_0000031926,obs_0000026123
Dunkle kernlose Trauben lose,Dunkle kernlose Trauben lose,"€ 2,99",,Kein Mengenpreis,,Nein,Gültig bis 21.03,2026-03-16,2026-03-21,images_lidl/lidl_offer_017.jpg,"cat_obst_gemuese,diet_gluten_free,diet_lactose_free,diet_vegan,diet_vegetarian,sub_frisches_gemuese,sub_frisches_obst,tag_whole_food",,ref_000017,obs_0000022636|obs_0000021851|obs_0000023897|obs_0000000053|obs_0000023615|obs_0000025669|obs_0000020058|obs_0000023716|obs_0000024265|obs_0000019239|obs_0000025911,obs_0000022636|obs_0000023897|obs_0000021851
Cherrystrauchtomaten,Cherrystrauchtomaten,"€ 2,49",,"3,49 €",,Nein,Gültig bis 21.03,2026-03-16,2026-03-21,images_lidl/lidl_offer_018.jpg,"cat_obst_gemuese,diet_gluten_free,diet_lactose_free,diet_vegan,diet_vegetarian,sub_frisches_gemuese,tag_whole_food",,ref_000018,obs_0000018070|obs_0000017239|obs_0000018488|obs_0000023324|obs_0000031990,obs_0000031990|obs_0000018070|obs_0000017239|obs_0000018488|obs_0000023324
Gartenmöbel Serie Houston,Gartenmöbel Serie Houston,,,Kein Mengenpreis,,Nein,Gültig bis 21.03,2026-03-16,2026-03-21,images_lidl/lidl_offer_019.jpg,cat_non_food,,ref_000019,,
Serie Valencia,LIVARNO,,,Kein Mengenpreis,,Nein,Gültig bis 21.03,2026-03-16,2026-03-21,images_lidl/lidl_offer_020.jpg,cat_non_food,,ref_000020,,
Serie Sevilla,Serie Sevilla,,,Kein Mengenpreis,,Nein,Gültig bis 21.03,2026-03-16,2026-03-21,images_lidl/lidl_offer_021.jpg,"cat_non_food,diet_vegetarian",,ref_000021,,
Serie Miami,Livarno,,,Kein Mengenpreis,,Nein,Gültig bis 21.03,2026-03-16,2026-03-21,images_lidl/lidl_offer_022.jpg,cat_non_food,,ref_000022,,
Deckenschlafsack,Rocktrail,"€ 12,99",,"24,99 €",,Nein,Gültig bis 21.03,2026-03-16,2026-03-21,images_lidl/lidl_offer_023.jpg,cat_non_food,,ref_000023,,
Damen Funktionstights,CRIVIT,"€ 7,99",,"12,99 €",,Nein,Gültig bis 21.03,2026-03-16,2026-03-21,images_lidl/lidl_offer_024.jpg,cat_non_food,,ref_000024,obs_0000022792|obs_0000014774|obs_0000023483|obs_0000022372|obs_0000010300|obs_0000023891,obs_0000010300|obs_0000022792|obs_0000014774|obs_0000023483|obs_0000022372
Liegematte Luftzellenmatte,Rocktrail,"€ 12,99",,"19,99 €",,Nein,Gültig bis 21.03,2026-03-16,2026-03-21,images_lidl/lidl_offer_025.jpg,cat_non_food,,ref_000025,,
Damen Thermo-Funktionsjacke,CRIVIT,"€ 12,99",,"16,99 €",,Nein,Gültig bis 21.03,2026-03-16,2026-03-21,images_lidl/lidl_offer_026.jpg,cat_non_food,,ref_000026,obs_0000014965|obs_0000017139|obs_0000016618|obs_0000016973|obs_0000023891|obs_0000010406|obs_0000024760|obs_0000013305|obs_0000013319|obs_0000017461|obs_0000018084|obs_0000030491|obs_0000018415,
Traktor,Smoby,"€ 59,99",,"UVP
124,99 €",,Nein,Gültig bis 21.03,2026-03-16,2026-03-21,images_lidl/lidl_offer_027.jpg,"cat_non_food,diet_lactose_free,diet_vegetarian",,ref_000027,obs_0000025023,
Damen Softshellmantel,Crivit,"€ 9,99",,"12,99 €",,Nein,Gültig bis 21.03,2026-03-16,2026-03-21,images_lidl/lidl_offer_028.jpg,cat_non_food,,ref_000028,,
Elektro-Kühlbox,CRIVIT,"€ 49,99",,"59,99 €",,Nein,Gültig bis 21.03,2026-03-16,2026-03-21,images_lidl/lidl_offer_029.jpg,cat_non_food,,ref_000029,,
Herren Strickfleecejacke,CRIVIT,"€ 6,99",,"7,99 €",,Nein,Gültig bis 21.03,2026-03-16,2026-03-21,images_lidl/lidl_offer_030.jpg,cat_non_food,,ref_000030,obs_0000022625|obs_0000022782|obs_0000022358,obs_0000013320
Herren Funktionsshirt,CRIVIT,"€ 4,99",,"5,99 €",,Nein,Gültig bis 21.03,2026-03-16,2026-03-21,images_lidl/lidl_offer_031.jpg,cat_non_food,,ref_000031,obs_0000015188|obs_0000023677|obs_0000017080|obs_0000022795|obs_0000022371|obs_0000021677|obs_0000021679,obs_0000015188|obs_0000023677
Herren Thermo-Funktionshose,CRIVIT,"€ 14,99",,"19,99 €",,Nein,Gültig bis 21.03,2026-03-16,2026-03-21,images_lidl/lidl_offer_032.jpg,cat_non_food,,ref_000032,obs_0000016578|obs_0000016618|obs_0000017080|obs_0000015016|obs_0000013708|obs_0000018257,obs_0000016578
Familienzelt verdunkelt,CRIVIT,"€ 149,00",,Kein Mengenpreis,,Nein,Gültig bis 21.03,2026-03-16,2026-03-21,images_lidl/lidl_offer_033.jpg,"cat_non_food,tag_ultra_processed",,ref_000033,,
Kuppelzelt,Rocktrail,"€ 19,99",,"39,99 €",,Nein,Gültig bis 21.03,2026-03-16,2026-03-21,images_lidl/lidl_offer_034.jpg,"cat_non_food,diet_vegetarian",,ref_000034,obs_0000021067,obs_0000021067
Life-Spielhaus,Smoby,"€ 269,00",,"UVP
459,99 €",,Nein,Gültig bis 21.03,2026-03-16,2026-03-21,,cat_non_food,,ref_000035,,
Salame Toscano,Deluxe,"€ 2,29",,"2,79 €",,Nein,Gültig bis 21.03,2026-03-16,2026-03-21,images_lidl/lidl_offer_036.jpg,"cat_fleisch_wurst,sub_wurst,tag_ultra_processed",,ref_000036,,
Wolfsbarschfilet,Deluxe,"€ 5,49",,"6,49 €",,Nein,Gültig bis 21.03,2026-03-16,2026-03-21,images_lidl/lidl_offer_037.jpg,"cat_fisch_meeresfruechte,tag_high_protein,tag_proteinreich",,ref_000037,,
Octopusarme,Deluxe,"€ 8,49",,"9,99 €",,Nein,Gültig bis 21.03,2026-03-16,2026-03-21,images_lidl/lidl_offer_038.jpg,cat_fisch_meeresfruechte,,ref_000038,obs_0000014937|obs_0000017243|obs_0000016244,obs_0000014937|obs_0000017243|obs_0000016244
Carpaccio,Deluxe,"€ 3,49",,"3,99 €",,Nein,Gültig bis 21.03,2026-03-16,2026-03-21,,"cat_knabbern_naschen,tag_ultra_processed",,ref_000039,obs_0000017291|obs_0000017773|obs_0000015941|obs_0000002344|obs_0000002575|obs_0000007265|obs_0000001927|obs_0000004279|obs_0000000368|obs_0000004706|obs_0000003473|obs_0000003852|obs_0000006854|obs_0000006881|obs_0000030078,
Gefüllte Premium Pasta,Deluxe,"€ 1,69",,"1,99 €",,Nein,Gültig bis 21.03,2026-03-16,2026-03-21,images_lidl/lidl_offer_040.jpg,"cat_grundnahrung,sub_nudeln",,ref_000040,obs_0000000516|obs_0000021737|obs_0000017233|obs_0000015884|obs_0000018528|obs_0000026734|obs_0000020622|obs_0000026860|obs_0000010538|obs_0000016721|obs_0000002449|obs_0000012690|obs_0000025026|obs_0000018893|obs_0000031490|obs_0000011041|obs_0000015187|obs_0000017418|obs_0000015391|obs_0000023645|obs_0000031883|obs_0000015607|obs_0000019712|obs_0000017818|obs_0000032393|obs_0000018370|obs_0000026623,
Masskara,Don Papa,"€ 29,99",,"UVP
36,99 €",,Nein,Gültig bis 21.03,2026-03-16,2026-03-21,images_lidl/lidl_offer_041.jpg,"cat_non_food,tag_ultra_processed",,ref_000041,obs_0000025538|obs_0000018264,
Cantuccini,Deluxe,"€ 2,19",,1 kg = 10.95,,Nein,Gültig bis 21.03,2026-03-16,2026-03-21,images_lidl/lidl_offer_042.jpg,"cat_knabbern_naschen,tag_ultra_processed",,ref_000042,obs_0000018114|obs_0000010987|obs_0000021698|obs_0000015351,obs_0000010987|obs_0000021698|obs_0000018114
Mini Gnocchi,Deluxe,"€ 1,49",,"1,99 €",,Nein,Gültig bis 21.03,2026-03-16,2026-03-21,images_lidl/lidl_offer_043.jpg,"cat_knabbern_naschen,diet_vegetarian,sub_kartoffeln,tag_ultra_processed",,ref_000043,obs_0000017573|obs_0000008255|obs_0000010378|obs_0000004236|obs_0000010386|obs_0000016653|obs_0000000344|obs_0000014741|obs_0000004663|obs_0000010947|obs_0000002858|obs_0000013345|obs_0000031850|obs_0000025932|obs_0000032265|obs_0000024151|obs_0000016055|obs_0000003809|obs_0000011774|obs_0000012275,obs_0000017573
Macarons,Deluxe,"€ 2,99",,"3,49 €",,Nein,Gültig bis 21.03,2026-03-16,2026-03-21,,"cat_knabbern_naschen,tag_ultra_processed",,ref_000044,obs_0000014762|obs_0000019184|obs_0000023757|obs_0000015617|obs_0000017826|obs_0000020003|obs_0000024126|obs_0000022531|obs_0000022955|obs_0000001094|obs_0000018534|obs_0000005719,obs_0000022531|obs_0000014762|obs_0000022955|obs_0000019184|obs_0000001094|obs_0000023757|obs_0000015617|obs_0000017826|obs_0000020003|obs_0000024126
Schichtdessert,Deluxe,"€ 1,99",,"2,29 €",,Nein,Gültig bis 21.03,2026-03-16,2026-03-21,images_lidl/lidl_offer_045.jpg,"cat_knabbern_naschen,tag_ultra_processed",,ref_000045,obs_0000014318|obs_0000017849,obs_0000014318
Mandel-Krokant,Deluxe,"€ 1,99",,"2,49 €",,Nein,Gültig bis 21.03,2026-03-16,2026-03-21,images_lidl/lidl_offer_046.jpg,"cat_knabbern_naschen,diet_vegetarian,tag_ultra_processed,tag_whole_food",,ref_000046,obs_0000014947|obs_0000017862,obs_0000014947|obs_0000017862
Mousse,Deluxe,"€ 2,99",,"3,79 €",,Nein,Gültig bis 21.03,2026-03-16,2026-03-21,images_lidl/lidl_offer_047.jpg,"cat_knabbern_naschen,tag_ultra_processed",BLS-X6A3020,ref_000047,obs_0000018506|obs_0000015183|obs_0000017298|obs_0000016017|obs_0000022542|obs_0000022969|obs_0000013905|obs_0000019177|obs_0000023560|obs_0000019996|obs_0000014797|obs_0000029815|obs_0000032167|obs_0000015973|obs_0000028661|obs_0000022547|obs_0000002103|obs_0000000087|obs_0000010375|obs_0000006280|obs_0000022965|obs_0000014919|obs_0000001241|obs_0000023962|obs_0000001544|obs_0000026411|obs_0000001930|obs_0000024473|obs_0000016325|obs_0000006255|obs_0000004239|obs_0000030892|obs_0000000346|obs_0000004666|obs_0000002643|obs_0000029548|obs_0000001096|obs_0000032194|obs_0000005698|obs_0000003812|obs_0000005898|obs_0000029953|obs_0000029965|obs_0000006432|obs_0000029450|obs_0000006995|obs_0000005127|obs_0000005331,obs_0000022542|obs_0000018506|obs_0000022969|obs_0000015183|obs_0000017298|obs_0000013905|obs_0000016017
Mozzarella di Bufala Campana DOP,Deluxe,"€ 2,79",,"3,49 €",,Nein,Gültig bis 21.03,2026-03-16,2026-03-21,images_lidl/lidl_offer_048.jpg,"cat_molkerei_kaese,sub_kaese,sub_milchprodukte,tag_ultra_processed",,ref_000048,obs_0000021704|obs_0000015879|obs_0000004231|obs_0000000341|obs_0000004658|obs_0000003804|obs_0000010802,obs_0000021704|obs_0000015879
18 Gradi Primitivo Puglia IGT Rotwein trocken,Sansibar Deluxe,"€ 9,99",,"14,99 €",,Nein,Gültig bis 21.03,2026-03-16,2026-03-21,images_lidl/lidl_offer_049.jpg,cat_getraenke,,ref_000049,obs_0000011427|obs_0000009217|obs_0000008751|obs_0000032307|obs_0000024797|obs_0000003301|obs_0000008057,
Spanferkelschinken,Deluxe,"€ 1,99",,1 kg = 24.88,,Nein,Gültig bis 21.03,2026-03-16,2026-03-21,images_lidl/lidl_offer_050.jpg,"cat_fleisch_wurst,sub_schwein,sub_wurst,tag_proteinreich,tag_ultra_processed,tag_whole_food",,ref_000050,,
Chilischoten,Deluxe,"€ 1,99",,"2,49 €",,Nein,Gültig bis 21.03,2026-03-16,2026-03-21,images_lidl/lidl_offer_051.jpg,"cat_knabbern_naschen,tag_ultra_processed",,ref_000051,obs_0000015318|obs_0000018156,obs_0000015318|obs_0000018156
Leberpastete,Deluxe,"€ 1,99",,1 kg = 11.71,,Nein,Gültig bis 21.03,2026-03-16,2026-03-21,images_lidl/lidl_offer_052.jpg,"cat_fleisch_wurst,sub_wurst,tag_ultra_processed",BLS-W395000,ref_000052,obs_0000014868|obs_0000018189|obs_0000002221|obs_0000004284|obs_0000000371|obs_0000002634|obs_0000004711|obs_0000025367|obs_0000003304|obs_0000005389|obs_0000003857|obs_0000006876|obs_0000028025|obs_0000006136|obs_0000006137,obs_0000002221|obs_0000004284|obs_0000000371|obs_0000014868|obs_0000002634|obs_0000004711|obs_0000025367|obs_0000003304|obs_0000005389|obs_0000018189|obs_0000003857
Parmaschinken DOP,Deluxe,"€ 19,99",,kg-Preis,,Nein,Gültig bis 21.03,2026-03-16,2026-03-21,images_lidl/lidl_offer_053.jpg,"cat_fleisch_wurst,sub_schwein,sub_wurst,tag_ultra_processed",BLS-W441000,ref_000053,obs_0000015283|obs_0000016203|obs_0000029332,obs_0000015283|obs_0000016203
Prosciutto di Parma DOP,Deluxe,"€ 2,99",,1 kg = 33.22,,Nein,Gültig bis 21.03,2026-03-16,2026-03-21,images_lidl/lidl_offer_054.jpg,"cat_fleisch_wurst,sub_schwein,sub_wurst,tag_high_protein,tag_proteinreich,tag_ultra_processed",,ref_000054,obs_0000010897|obs_0000017344|obs_0000015904|obs_0000026966|obs_0000009830|obs_0000026401|obs_0000030029,obs_0000026966|obs_0000010897|obs_0000017344|obs_0000015904|obs_0000009830|obs_0000026401
Salami DOP,Deluxe,"€ 2,49",,1 kg = 31.13,,Nein,Gültig bis 21.03,2026-03-16,2026-03-21,images_lidl/lidl_offer_055.jpg,"cat_fleisch_wurst,sub_wurst,tag_ultra_processed",BLS-W149300,ref_000055,obs_0000021432|obs_0000021695|obs_0000018932|obs_0000014853|obs_0000015127|obs_0000015280|obs_0000023482|obs_0000017555|obs_0000019751|obs_0000015709|obs_0000024061|obs_0000015900|obs_0000018191|obs_0000002071|obs_0000010456|obs_0000002397|obs_0000025025|obs_0000002743|obs_0000031640|obs_0000003025|obs_0000003093|obs_0000013457|obs_0000021730|obs_0000007433|obs_0000007485|obs_0000005567|obs_0000009680|obs_0000009762|obs_0000007871|obs_0000026400,obs_0000021432|obs_0000021695
Salsiccia Piccante,Deluxe,"€ 2,99",,1 kg = 11.96,,Nein,Gültig bis 21.03,2026-03-16,2026-03-21,images_lidl/lidl_offer_056.jpg,"cat_knabbern_naschen,tag_ultra_processed",,ref_000056,obs_0000002219|obs_0000001836,
Grana Padano DOP,Deluxe,"€ 4,99",,1 kg = 24.95,,Nein,Gültig bis 21.03,2026-03-16,2026-03-21,images_lidl/lidl_offer_057.jpg,"cat_molkerei_kaese,sub_milchprodukte",,ref_000057,obs_0000021149|obs_0000014334|obs_0000010478|obs_0000015034|obs_0000015736|obs_0000026947|obs_0000016814|obs_0000020962|obs_0000021692|obs_0000009870|obs_0000018227|obs_0000008030|obs_0000010921|obs_0000007199|obs_0000028022,obs_0000021149|obs_0000014334
Cheddar,Deluxe,"€ 2,69",,1 kg = 13.45,,Nein,Gültig bis 21.03,2026-03-16,2026-03-21,images_lidl/lidl_offer_058.jpg,"cat_knabbern_naschen,tag_ultra_processed",,ref_000058,obs_0000022758|obs_0000016737|obs_0000020904|obs_0000018151|obs_0000022334|obs_0000011643|obs_0000013914|obs_0000009906|obs_0000010076|obs_0000026509|obs_0000014860|obs_0000020631|obs_0000016758|obs_0000014855|obs_0000032035|obs_0000012252|obs_0000010495|obs_0000027576|obs_0000031735|obs_0000030007|obs_0000009868|obs_0000028577|obs_0000026578|obs_0000012254|obs_0000012287|obs_0000006786|obs_0000027663|obs_0000030065|obs_0000026537|obs_0000028619|obs_0000014203,obs_0000022758|obs_0000016737|obs_0000020904|obs_0000011643|obs_0000013914|obs_0000009906|obs_0000018151|obs_0000022334|obs_0000010076|obs_0000026509
Tessiner Senfsauce,Wolfram Berge,"€ 2,29",,1 l = 38.17,,Nein,Gültig bis 21.03,2026-03-16,2026-03-21,images_lidl/lidl_offer_059.jpg,"cat_getraenke,diet_vegetarian",,ref_000059,obs_0000014373|obs_0000029949|obs_0000007385,obs_0000015711|obs_0000014373|obs_0000014862|obs_0000017567
Camembert Creme,Deluxe,"€ 2,29",,1 kg = 15.27,,Nein,Gültig bis 21.03,2026-03-16,2026-03-21,images_lidl/lidl_offer_060.jpg,"cat_knabbern_naschen,sub_milchprodukte",,ref_000060,obs_0000015480|obs_0000016152|obs_0000000253|obs_0000004521|obs_0000003667|obs_0000004094|obs_0000030824|obs_0000025109|obs_0000032268|obs_0000010072|obs_0000028578,obs_0000000253|obs_0000004521|obs_0000015480|obs_0000003667|obs_0000016152|obs_0000004094
Gefüllter Brie,Deluxe,"€ 2,49",,1 kg = 13.83,,Nein,Gültig bis 21.03,2026-03-16,2026-03-21,images_lidl/lidl_offer_061.jpg,"cat_knabbern_naschen,tag_ultra_processed",BLS-W271200,ref_000061,obs_0000017937|obs_0000031823,obs_0000017937
Le Gruy re,Deluxe,"€ 3,99",,1 kg = 22.17,,Nein,Gültig bis 21.03,2026-03-16,2026-03-21,images_lidl/lidl_offer_062.jpg,cat_knabbern_naschen,,ref_000062,obs_0000014341|obs_0000011341|obs_0000029822|obs_0000013483|obs_0000005133|obs_0000028714,
Original Französische Käseplatte,Deluxe,"€ 5,99",,1 kg = 19.97,,Nein,Gültig bis 21.03,2026-03-16,2026-03-21,images_lidl/lidl_offer_063.jpg,"cat_molkerei_kaese,sub_kaese,sub_milchprodukte,tag_ultra_processed",,ref_000063,obs_0000014864|obs_0000017873|obs_0000024068|obs_0000017788|obs_0000032250|obs_0000026643|obs_0000008223|obs_0000026757|obs_0000008352|obs_0000020709|obs_0000026857|obs_0000018706|obs_0000024899|obs_0000014692|obs_0000024959|obs_0000018823|obs_0000027023|obs_0000020888|obs_0000012774|obs_0000031227|obs_0000025132|obs_0000008780|obs_0000029264|obs_0000025175|obs_0000019136|obs_0000031439|obs_0000008971|obs_0000019219|obs_0000019525|obs_0000023674|obs_0000019642|obs_0000009433|obs_0000013576|obs_0000023832|obs_0000032025|obs_0000032039|obs_0000025918|obs_0000009563|obs_0000019955|obs_0000015909|obs_0000020038|obs_0000011869|obs_0000024162|obs_0000018030|obs_0000032341|obs_0000014027|obs_0000020283|obs_0000020393|obs_0000026556|obs_0000016324,obs_0000014864|obs_0000017873|obs_0000024068
Französischer Camembert,Deluxe,"€ 2,99",,1 kg = 11.96,,Nein,Gültig bis 21.03,2026-03-16,2026-03-21,images_lidl/lidl_offer_064.jpg,"cat_molkerei_kaese,sub_kaese,sub_milchprodukte",,ref_000064,obs_0000021131|obs_0000006598|obs_0000025109|obs_0000005124|obs_0000032268|obs_0000010072,obs_0000021131
MSC Wildlachsfilet,Deluxe,"€ 6,99",,1 kg = 9.99,,Nein,Gültig bis 21.03,2026-03-16,2026-03-21,images_lidl/lidl_offer_065.jpg,"cat_fisch_meeresfruechte,tag_high_protein,tag_proteinreich",,ref_000065,obs_0000015137|obs_0000017316|obs_0000017593|obs_0000015856,obs_0000015137|obs_0000017316|obs_0000017593|obs_0000015856
Deutsches Rinderroastbeef vom Jungbullen,Deluxe,"€ 18,99",,kg-Preis,,Nein,Gültig bis 21.03,2026-03-16,2026-03-21,images_lidl/lidl_offer_066.jpg,"cat_fleisch_wurst,sub_rind,tag_high_protein,tag_proteinreich",,ref_000066,obs_0000018103|obs_0000007686|obs_0000028218|obs_0000009815,
Frische Ganze Goldforelle,Frische Ganze Goldforelle,"€ 13,99",,kg-Preis,,Nein,Gültig bis 21.03,2026-03-16,2026-03-21,images_lidl/lidl_offer_067.jpg,cat_fisch_meeresfruechte,,ref_000067,,
Deluxe Gänsebrustfilet,Deluxe Gänsebrustfilet,"€ 6,99",,1 kg = 19.97,,Nein,Gültig bis 21.03,2026-03-16,2026-03-21,images_lidl/lidl_offer_068.jpg,"cat_fleisch_wurst,sub_gefluegel,tag_high_protein,tag_proteinreich",,ref_000068,obs_0000003850|obs_0000002084|obs_0000016293|obs_0000003244|obs_0000017326|obs_0000004277|obs_0000004704,
Schottischer Räucherlachs,Deluxe,"€ 7,99",,1 kg = 26.63,,Nein,Gültig bis 21.03,2026-03-16,2026-03-21,images_lidl/lidl_offer_069.jpg,cat_fisch_meeresfruechte,,ref_000069,obs_0000014834|obs_0000015556|obs_0000024062|obs_0000015880|obs_0000024119|obs_0000018776|obs_0000015133|obs_0000023358|obs_0000019595|obs_0000016275|obs_0000026922|obs_0000002357|obs_0000029280|obs_0000003213|obs_0000005742|obs_0000001721|obs_0000001780|obs_0000008148,obs_0000014834|obs_0000015556|obs_0000024062|obs_0000015880|obs_0000024119
Argentinische Rotgarnelen,Deluxe,"€ 22,99",,1 kg = 11.50,,Nein,Gültig bis 21.03,2026-03-16,2026-03-21,images_lidl/lidl_offer_070.jpg,cat_fisch_meeresfruechte,,ref_000070,obs_0000017315|obs_0000016300,obs_0000017315|obs_0000016300
MSC Wildlachsfilet,Deluxe,"€ 6,99",,1 kg = 9.99,,Nein,Gültig bis 21.03,2026-03-16,2026-03-21,images_lidl/lidl_offer_071.jpg,"cat_fisch_meeresfruechte,tag_high_protein,tag_proteinreich",,ref_000071,obs_0000015137|obs_0000017316|obs_0000017593|obs_0000015856,obs_0000015137|obs_0000017316|obs_0000017593|obs_0000015856
MSC Graved Sockeye Wildlachs,Deluxe,"€ 3,99",,1 kg = 39.90,,Nein,Gültig bis 21.03,2026-03-16,2026-03-21,images_lidl/lidl_offer_072.jpg,"cat_fisch_meeresfruechte,tag_high_protein,tag_proteinreich",,ref_000072,obs_0000014360,
Ostereis,Deluxe,"€ 2,29",,1 l = 5.39,,Nein,Gültig bis 21.03,2026-03-16,2026-03-21,images_lidl/lidl_offer_073.jpg,"cat_knabbern_naschen,sub_reis,tag_ultra_processed",,ref_000073,,
Pistazientorte,Deluxe,"€ 4,49",,1 kg = 8.98,,Nein,Gültig bis 21.03,2026-03-16,2026-03-21,images_lidl/lidl_offer_074.jpg,"cat_knabbern_naschen,tag_ultra_processed",,ref_000074,,
Eclair,Deluxe,"€ 2,99",,1 kg = 14.95,,Nein,Gültig bis 21.03,2026-03-16,2026-03-21,images_lidl/lidl_offer_075.jpg,"cat_knabbern_naschen,tag_ultra_processed",BLS-P1A3000,ref_000075,obs_0000022948|obs_0000022525,obs_0000022948|obs_0000022525
Bio Japanischer Matcha,Deluxe,"€ 6,99",,1 kg = 233.00,,Nein,Gültig bis 21.03,2026-03-16,2026-03-21,images_lidl/lidl_offer_076.jpg,"cat_knabbern_naschen,diet_vegetarian",,ref_000076,obs_0000014753,obs_0000014753
Dessert in Glastasse,Deluxe,"€ 2,49",,1 kg = 19.92,,Nein,Gültig bis 21.03,2026-03-16,2026-03-21,images_lidl/lidl_offer_077.jpg,cat_grundnahrung,,ref_000077,obs_0000017849|obs_0000017364|obs_0000016256|obs_0000016494|obs_0000020724|obs_0000004388|obs_0000000443|obs_0000004815|obs_0000013013|obs_0000008965|obs_0000017457|obs_0000009291|obs_0000015504|obs_0000011782|obs_0000013907|obs_0000010063|obs_0000003961|obs_0000014317,
Hefeteiggebäck,Deluxe,"€ 3,79",,1 kg = 8.42,,Nein,Gültig bis 21.03,2026-03-16,2026-03-21,images_lidl/lidl_offer_078.jpg,"cat_knabbern_naschen,tag_ultra_processed",BLS-D0A5100,ref_000078,,
Apfelstrudel,Deluxe,"€ 2,79",,1 kg = 5.58,,Nein,Gültig bis 21.03,2026-03-16,2026-03-21,images_lidl/lidl_offer_079.jpg,"cat_knabbern_naschen,diet_gluten_free,diet_lactose_free,diet_vegan,diet_vegetarian,sub_frisches_obst,tag_ultra_processed,tag_whole_food",BLS-D483400,ref_000079,obs_0000017632|obs_0000009517|obs_0000010099|obs_0000031755,obs_0000017632|obs_0000009517|obs_0000010099
Mandeln in Schokolade mit Beeren,Deluxe,"€ 2,99",,1 kg = 23.92,,Nein,Gültig bis 21.03,2026-03-16,2026-03-21,images_lidl/lidl_offer_080.jpg,"cat_knabbern_naschen,diet_gluten_free,diet_lactose_free,diet_vegan,diet_vegetarian,sub_frisches_obst,tag_ultra_processed,tag_whole_food",,ref_000080,obs_0000008992|obs_0000002122|obs_0000014418|obs_0000000091|obs_0000018531|obs_0000024683|obs_0000008307|obs_0000004232|obs_0000000138|obs_0000000230|obs_0000016680|obs_0000018746|obs_0000010558|obs_0000012629|obs_0000004491|obs_0000008595|obs_0000020954|obs_0000016863|obs_0000016382|obs_0000004659|obs_0000018997|obs_0000029313|obs_0000025239|obs_0000002763|obs_0000025339|obs_0000031477|obs_0000013108|obs_0000023348|obs_0000017223|obs_0000023372|obs_0000015216|obs_0000011211|obs_0000011229|obs_0000021504|obs_0000003112|obs_0000019565|obs_0000031872|obs_0000031875|obs_0000025827|obs_0000013551|obs_0000003312|obs_0000009521|obs_0000023866|obs_0000019816|obs_0000009612|obs_0000011665|obs_0000017954|obs_0000003637|obs_0000001641|obs_0000001672,
Gin The Japanese Craft Gin,Roku,"€ 22,22",,"27,99 €",,Nein,Gültig bis 21.03,2026-03-16,2026-03-21,images_lidl/lidl_offer_081.jpg,"cat_getraenke,tag_ultra_processed",,ref_000081,obs_0000009798|obs_0000017633|obs_0000009986|obs_0000005802|obs_0000006901|obs_0000018140|obs_0000014222|obs_0000025056,obs_0000009798|obs_0000017633
Highland Peated Single Malt Scotch Whisky 20 Jahre,Ben Bracken,"€ 49,99",,"69,99 €",,Nein,Gültig bis 21.03,2026-03-16,2026-03-21,images_lidl/lidl_offer_082.jpg,"cat_getraenke,diet_vegetarian",,ref_000082,obs_0000017214|obs_0000015253|obs_0000015780|obs_0000016336|obs_0000024075|obs_0000015939|obs_0000017943|obs_0000023138|obs_0000018565|obs_0000015597|obs_0000016755|obs_0000014727|obs_0000019384|obs_0000017403|obs_0000008053|obs_0000017397|obs_0000006164|obs_0000014444|obs_0000023164|obs_0000018561|obs_0000016058|obs_0000018154|obs_0000013599|obs_0000019380|obs_0000017370|obs_0000023042|obs_0000023047|obs_0000024072|obs_0000015923|obs_0000023146|obs_0000014955|obs_0000018562|obs_0000016554|obs_0000015666|obs_0000019381|obs_0000017335,obs_0000008053|obs_0000017397
Royal Danish Navy Rum,A H Riise,"€ 39,99",,1 l = 57.13,,Nein,Gültig bis 21.03,2026-03-16,2026-03-21,images_lidl/lidl_offer_083.jpg,"cat_drogerie,diet_vegetarian",,ref_000083,obs_0000017800|obs_0000023130|obs_0000025697|obs_0000016158,obs_0000017800
Blended Scotch Whisky Sherry Cask Finish 32 Jahre,Glenalba,"€ 69,99",,"89,99 €",,Nein,Gültig bis 21.03,2026-03-16,2026-03-21,images_lidl/lidl_offer_084.jpg,cat_non_food,,ref_000084,obs_0000018841|obs_0000020413|obs_0000019660|obs_0000017396|obs_0000018735|obs_0000023217|obs_0000019554|obs_0000017391|obs_0000014683|obs_0000017413|obs_0000016396|obs_0000017328|obs_0000015796|obs_0000020568|obs_0000017513|obs_0000021359,obs_0000017413|obs_0000017328|obs_0000015796|obs_0000017391
Old Highland Single Malt Scotch Whisky 12 Jahre,Aberfeldy,"€ 29,99",,"34,90 €",,Nein,Gültig bis 21.03,2026-03-16,2026-03-21,images_lidl/lidl_offer_085.jpg,"cat_getraenke,diet_vegetarian",,ref_000085,obs_0000008053|obs_0000017397|obs_0000023164|obs_0000018561|obs_0000018154|obs_0000019380|obs_0000017214|obs_0000016336|obs_0000023042|obs_0000015923|obs_0000023146|obs_0000018562|obs_0000019381|obs_0000017335|obs_0000024075|obs_0000015939|obs_0000012777|obs_0000006164|obs_0000014444|obs_0000016058|obs_0000013599|obs_0000017370|obs_0000015253|obs_0000015780|obs_0000023047|obs_0000024072|obs_0000017943|obs_0000023138|obs_0000014955|obs_0000018565|obs_0000016554|obs_0000014015|obs_0000015597|obs_0000015666|obs_0000016755|obs_0000014727|obs_0000019384|obs_0000017403,obs_0000023146|obs_0000018562|obs_0000008053|obs_0000019381|obs_0000017397
The Targe Highland Single Grain Scotch Whisky 35 Jahre,Targe,"€ 129,00",,"199,00 €",,Nein,Gültig bis 21.03,2026-03-16,2026-03-21,images_lidl/lidl_offer_086.jpg,cat_getraenke,,ref_000086,obs_0000023042|obs_0000024072|obs_0000015923|obs_0000014955|obs_0000016554|obs_0000015666|obs_0000017335,obs_0000023042|obs_0000024072|obs_0000015923|obs_0000014955|obs_0000016554|obs_0000015666|obs_0000017335
Mezquiriz Tempranillo Reserva DO,Navarra,"€ 5,99",,"9,99 €",,Nein,Gültig bis 21.03,2026-03-16,2026-03-21,images_lidl/lidl_offer_087.jpg,cat_getraenke,,ref_000087,obs_0000018966|obs_0000017609|obs_0000019785|obs_0000020688|obs_0000020894|obs_0000018869|obs_0000016066|obs_0000018260|obs_0000017238|obs_0000019688,obs_0000018966|obs_0000017609|obs_0000019785|obs_0000020688
Sileni Cellar Selection Sauvignon Blanc Weißwein trocken,Sileni,"€ 9,99",,"UVP
12,50 €",,Nein,Gültig bis 21.03,2026-03-16,2026-03-21,images_lidl/lidl_offer_088.jpg,cat_getraenke,,ref_000088,obs_0000014680|obs_0000018277|obs_0000016398|obs_0000021946|obs_0000030550|obs_0000017641|obs_0000020983|obs_0000031290|obs_0000023280,
Manifest mit Jigger Stirrer,Jägermeister,"€ 19,99",,"24,99 €",,Nein,Gültig bis 21.03,2026-03-16,2026-03-21,images_lidl/lidl_offer_089.jpg,"cat_non_food,tag_ultra_processed",,ref_000089,obs_0000024071,
Primitivo di Manduria DOP Rotwein trocken,Poggio Maru,"€ 8,99",,1 l = 11.99,,Nein,Gültig bis 21.03,2026-03-16,2026-03-21,images_lidl/lidl_offer_090.jpg,cat_getraenke,,ref_000090,obs_0000021753|obs_0000023043|obs_0000024387|obs_0000024778|obs_0000014677|obs_0000018267|obs_0000032307|obs_0000031290|obs_0000008057,obs_0000021753
Brut Royal Champagner,Pommery,"€ 34,99",,1 l = 46.65,,Nein,Gültig bis 21.03,2026-03-16,2026-03-21,images_lidl/lidl_offer_091.jpg,"cat_getraenke,tag_ultra_processed",,ref_000091,obs_0000020407|obs_0000018620|obs_0000007487|obs_0000019439|obs_0000017602|obs_0000021947|obs_0000016520|obs_0000018282|obs_0000014457,obs_0000020407|obs_0000018620|obs_0000007487|obs_0000019439
C tes de Provence ros AOP Ros wein trocken,Monalie,"€ 7,99",,1 l = 10.65,,Nein,Gültig bis 21.03,2026-03-16,2026-03-21,images_lidl/lidl_offer_092.jpg,cat_getraenke,,ref_000092,obs_0000022552|obs_0000022972|obs_0000015366|obs_0000015534|obs_0000031290,
Corte alle Mura Chianti Riserva DOCG Rotwein trocken,Corte alle Mura Chianti Riserva DOCG Rotwein trocken,"€ 3,99",,"4,99 €",,Nein,Gültig bis 21.03,2026-03-16,2026-03-21,,cat_getraenke,,ref_000093,obs_0000019622|obs_0000000039|obs_0000020272|obs_0000032307|obs_0000003561|obs_0000018803|obs_0000015234|obs_0000015674|obs_0000008057,
Vom großen Fluss Riesling VDP Gutswein,Balthasar Ress,"€ 7,99",,"12,99 €",,Nein,Gültig bis 21.03,2026-03-16,2026-03-21,images_lidl/lidl_offer_094.jpg,"cat_getraenke,diet_vegetarian",,ref_000094,obs_0000009755|obs_0000031292|obs_0000019080|obs_0000003299|obs_0000007461|obs_0000018265|obs_0000032097|obs_0000019899|obs_0000023548,
Streudekor Osterhasen,Belbake,"€ 1,99",,1 kg = 15.31,,Nein,Gültig bis 21.03,2026-03-16,2026-03-21,images_lidl/lidl_offer_095.jpg,"cat_non_food,tag_ultra_processed",,ref_000095,obs_0000018346,
Backmischung Marienkäfermuffins,Belbake,"€ 2,49",,1 kg = 6.38,,Nein,Gültig bis 21.03,2026-03-16,2026-03-21,images_lidl/lidl_offer_096.jpg,"cat_knabbern_naschen,tag_ultra_processed",,ref_000096,obs_0000018358|obs_0000016011|obs_0000012917|obs_0000015223,
Backmischung Keks-Set Häschen Näschen,Belbake,"€ 2,49",,1 kg = 6.15,,Nein,Gültig bis 21.03,2026-03-16,2026-03-21,images_lidl/lidl_offer_097.jpg,"cat_knabbern_naschen,tag_ultra_processed",,ref_000097,obs_0000018358|obs_0000012917|obs_0000015223|obs_0000016011,
Backmischung Küken Amerikaner,Belbake,"€ 2,49",,1 kg = 7.78,,Nein,Gültig bis 21.03,2026-03-16,2026-03-21,images_lidl/lidl_offer_098.jpg,"cat_knabbern_naschen,diet_vegan,diet_vegetarian,tag_ultra_processed",,ref_000098,obs_0000018358|obs_0000016011|obs_0000012917|obs_0000015223,
Zucker- und Backdekor,Belbake,"€ 1,59",,1 kg = 15.90/63.60/99.38/132.50/144.55,,Nein,Gültig bis 21.03,2026-03-16,2026-03-21,images_lidl/lidl_offer_099.jpg,cat_non_food,,ref_000099,obs_0000000190|obs_0000032083,
Mini Marshmallows,Belbake,"€ 1,19",,1 kg = 26.44,,Nein,Gültig bis 21.03,2026-03-16,2026-03-21,images_lidl/lidl_offer_100.jpg,"cat_knabbern_naschen,diet_gluten_free,diet_lactose_free,diet_vegan,diet_vegetarian,tag_ultra_processed,tag_whole_food",BLS-S372000,ref_000100,obs_0000004332|obs_0000002312|obs_0000004759|obs_0000003034|obs_0000003905|obs_0000010378|obs_0000016653|obs_0000014741|obs_0000013062|obs_0000011774|obs_0000024151|obs_0000016055,obs_0000004332|obs_0000002312|obs_0000004759|obs_0000003034|obs_0000003905
Creme-Mischung,Belbake,"€ 1,49",,1 kg = 16.93,,Nein,Gültig bis 21.03,2026-03-16,2026-03-21,images_lidl/lidl_offer_101.jpg,"cat_knabbern_naschen,tag_ultra_processed",,ref_000101,obs_0000030824,
Kuchenglasur Karamell,Belbake,"€ 1,19",,1 kg = 9.52,,Nein,Gültig bis 21.03,2026-03-16,2026-03-21,images_lidl/lidl_offer_102.jpg,"cat_knabbern_naschen,diet_vegetarian,tag_ultra_processed",,ref_000102,obs_0000014406|obs_0000024392,
Zucker XXL,Diamant,"€ 1,69",,"1,89 €",,Nein,Gültig bis 21.03,2026-03-16,2026-03-21,images_lidl/lidl_offer_103.jpg,"cat_grundnahrung,diet_vegetarian,tag_ultra_processed",,ref_000103,obs_0000018950|obs_0000023566|obs_0000019769|obs_0000018100|obs_0000000190|obs_0000032083|obs_0000012209,obs_0000018950|obs_0000023566|obs_0000019769|obs_0000018100
Haltbare Milch,Bayernkrone,"€ 0,95",,"UVP
1,59 €",,Nein,Gültig bis 21.03,2026-03-16,2026-03-21,images_lidl/lidl_offer_104.jpg,"cat_molkerei_kaese,diet_vegetarian,sub_fleischersatz,sub_milchprodukte,sub_tk_gemuese,tag_high_protein",,ref_000104,obs_0000018954|obs_0000020517|obs_0000015417|obs_0000003145|obs_0000001617|obs_0000018532|obs_0000002172|obs_0000004745|obs_0000022678|obs_0000023769|obs_0000004318|obs_0000022261|obs_0000017180|obs_0000015645|obs_0000003891|obs_0000023867|obs_0000019773|obs_0000009587|obs_0000014733|obs_0000000398|obs_0000021494|obs_0000021038|obs_0000021058|obs_0000028241|obs_0000012897|obs_0000026219|obs_0000029808|obs_0000010370|obs_0000022153|obs_0000005317|obs_0000031443|obs_0000006428|obs_0000015667|obs_0000017730|obs_0000029553|obs_0000015746|obs_0000005513|obs_0000027595|obs_0000006615|obs_0000015995|obs_0000024305|obs_0000000796|obs_0000003400|obs_0000015795|obs_0000025813|obs_0000032048|obs_0000004930|obs_0000028659|obs_0000006069|obs_0000005139,obs_0000018954|obs_0000020517|obs_0000015417|obs_0000003145|obs_0000001617|obs_0000018532|obs_0000002172|obs_0000004745|obs_0000022678|obs_0000023769|obs_0000004318|obs_0000022261|obs_0000017180|obs_0000015645|obs_0000003891|obs_0000023867|obs_0000019773|obs_0000009587|obs_0000014733|obs_0000000398|obs_0000021494
haltbare Schlagsahne XXL,Milbona,"€ 1,79",,1 kg = 3.58,,Nein,Gültig bis 21.03,2026-03-16,2026-03-21,images_lidl/lidl_offer_105.jpg,"cat_molkerei_kaese,diet_vegetarian,sub_fleischersatz,sub_milchprodukte,sub_sahne_creme,sub_tk_gemuese,tag_high_protein",,ref_000105,obs_0000017310|obs_0000018355|obs_0000019149|obs_0000019968|obs_0000023172|obs_0000015883|obs_0000008823|obs_0000009282|obs_0000000427|obs_0000011241|obs_0000003187|obs_0000003935|obs_0000004362|obs_0000004789|obs_0000018254|obs_0000021550|obs_0000025422|obs_0000001048|obs_0000001268|obs_0000001322|obs_0000026000|obs_0000001579|obs_0000001612|obs_0000001626|obs_0000001642|obs_0000001685|obs_0000002052|obs_0000010912|obs_0000012209|obs_0000012242|obs_0000014651|obs_0000031156|obs_0000031451|obs_0000015713|obs_0000023973|obs_0000032262,obs_0000008823|obs_0000017310|obs_0000009282|obs_0000018355|obs_0000019149|obs_0000011241|obs_0000019968|obs_0000023172|obs_0000015883
Weizenmehl Type 405,Ähre,"€ 1,29",,"UVP
1,89 €",,Nein,Gültig bis 21.03,2026-03-16,2026-03-21,images_lidl/lidl_offer_106.jpg,"cat_grundnahrung,diet_vegetarian",BLS-C214100,ref_000106,obs_0000025116|obs_0000011389|obs_0000028419|obs_0000009888|obs_0000003129|obs_0000025402|obs_0000031682|obs_0000032085|obs_0000026972|obs_0000002403|obs_0000001640|obs_0000024437,obs_0000025116|obs_0000011389
Backpapier-Zuschnitte XXL,Aromata,"€ 0,95",,Kein Mengenpreis,,Nein,Gültig bis 21.03,2026-03-16,2026-03-21,images_lidl/lidl_offer_107.jpg,"cat_non_food,tag_ultra_processed",,ref_000107,obs_0000014476|obs_0000013192|obs_0000008504|obs_0000002765|obs_0000012209,obs_0000014476|obs_0000013192
Back Kit,Chef Select,"€ 2,99",,1 kg = 4.98,,Nein,Gültig bis 21.03,2026-03-16,2026-03-21,images_lidl/lidl_offer_108.jpg,"cat_knabbern_naschen,tag_ultra_processed",,ref_000108,,
Butter,Landliebe,"€ 1,39",,1 kg = 5.56,,Nein,Gültig bis 21.03,2026-03-16,2026-03-21,images_lidl/lidl_offer_109.jpg,"cat_molkerei_kaese,diet_vegetarian,sub_butter_margarine,sub_kaese,sub_milchprodukte,sub_sahne_creme,tag_ultra_processed",NUTR-0011,ref_000109,obs_0000016916|obs_0000025644|obs_0000009855|obs_0000002462|obs_0000024486|obs_0000000997|obs_0000020509|obs_0000032259|obs_0000021027|obs_0000029250|obs_0000025176|obs_0000018018|obs_0000000107|obs_0000010913|obs_0000007902|obs_0000010488|obs_0000017169|obs_0000003377|obs_0000008002|obs_0000008521|obs_0000003422|obs_0000002406|obs_0000001425|obs_0000017297|obs_0000012243|obs_0000016360|obs_0000003053|obs_0000023054|obs_0000004633|obs_0000024620|obs_0000007217|obs_0000016956|obs_0000023114|obs_0000022118|obs_0000004206|obs_0000006775|obs_0000017015|obs_0000009338|obs_0000017027|obs_0000000141|obs_0000015502|obs_0000023695|obs_0000022165|obs_0000016026|obs_0000000669|obs_0000000170|obs_0000008874|obs_0000000689|obs_0000002740|obs_0000017081,obs_0000016916|obs_0000020509|obs_0000032259|obs_0000021027|obs_0000025644|obs_0000029250|obs_0000025176|obs_0000018018|obs_0000000107|obs_0000009855|obs_0000010913|obs_0000007902|obs_0000010488|obs_0000017169|obs_0000003377|obs_0000008002|obs_0000008521|obs_0000003422|obs_0000002406|obs_0000001425|obs_0000017297|obs_0000002462|obs_0000024486|obs_0000012243|obs_0000000997|obs_0000016360|obs_0000003053|obs_0000005119
Selection Mandeln XXL,Alesto,"€ 5,99",,1 kg = 11.98,,Nein,Gültig bis 21.03,2026-03-16,2026-03-21,images_lidl/lidl_offer_110.jpg,"cat_knabbern_naschen,diet_lactose_free,diet_vegan,diet_vegetarian,tag_ultra_processed,tag_whole_food",,ref_000110,obs_0000018945|obs_0000023571|obs_0000019764|obs_0000017207|obs_0000015917|obs_0000021128|obs_0000016458|obs_0000016855|obs_0000017462|obs_0000018531|obs_0000018746|obs_0000020954|obs_0000016863|obs_0000029292|obs_0000025239|obs_0000002763|obs_0000025339|obs_0000011026|obs_0000013108|obs_0000023372|obs_0000021513|obs_0000015373|obs_0000019565|obs_0000003312|obs_0000009521|obs_0000032309|obs_0000024154|obs_0000001641|obs_0000001672|obs_0000024347|obs_0000016173|obs_0000024457|obs_0000012209,obs_0000018945|obs_0000021128|obs_0000017207|obs_0000023571|obs_0000019764|obs_0000015917
Mousse au Chocolat,Belbake,"€ 1,49",,1 kg = 14.90,,Nein,Gültig bis 21.03,2026-03-16,2026-03-21,images_lidl/lidl_offer_111.jpg,"cat_knabbern_naschen,diet_vegetarian,sub_sahne_creme,tag_ultra_processed",BLS-Y871363,ref_000111,obs_0000023560|obs_0000019996|obs_0000002103|obs_0000001241|obs_0000019177|obs_0000001930|obs_0000004666|obs_0000001096|obs_0000002643|obs_0000004239|obs_0000003812|obs_0000000346|obs_0000032194|obs_0000032167|obs_0000029953|obs_0000022547|obs_0000003621|obs_0000000221|obs_0000004475|obs_0000022965|obs_0000004048|obs_0000022542|obs_0000018506|obs_0000013905|obs_0000016017|obs_0000015183|obs_0000017298|obs_0000022969,obs_0000023560|obs_0000019996|obs_0000002103|obs_0000001241|obs_0000019177|obs_0000001930|obs_0000032167
Backmischung Macarons Pistaziengeschmack,Belbake,"€ 2,49",,1 kg = 9.96,,Nein,Gültig bis 21.03,2026-03-16,2026-03-21,images_lidl/lidl_offer_112.jpg,"cat_knabbern_naschen,tag_ultra_processed",,ref_000112,obs_0000018534|obs_0000018358|obs_0000015617|obs_0000022531|obs_0000016011|obs_0000017826|obs_0000020003|obs_0000014762|obs_0000022955|obs_0000024126|obs_0000001094|obs_0000023757|obs_0000019184|obs_0000012917|obs_0000015223,
Panna Cotta,Belbake,"€ 1,49",,1 kg = 18.63,,Nein,Gültig bis 21.03,2026-03-16,2026-03-21,images_lidl/lidl_offer_113.jpg,"cat_getraenke,diet_gluten_free,diet_lactose_free,diet_vegan,diet_vegetarian",BLS-Y8A5020,ref_000113,,
Backmischung Eierlikör Torte,Belbake,"€ 2,49",,1 kg = 6.88,,Nein,Gültig bis 21.03,2026-03-16,2026-03-21,,"cat_grundnahrung,tag_ultra_processed",,ref_000114,obs_0000018358|obs_0000016011|obs_0000016141|obs_0000015779|obs_0000017205|obs_0000014929|obs_0000012917|obs_0000015223,
Zuckerglasur,Belbake,"€ 1,19",,1 kg = 9.52,,Nein,Gültig bis 21.03,2026-03-16,2026-03-21,images_lidl/lidl_offer_115.jpg,"cat_grundnahrung,diet_vegetarian",BLS-D610600,ref_000115,,
Bourbon Vanille Paste,Belbake,"€ 1,49",,1 kg = 29.80,,Nein,Gültig bis 21.03,2026-03-16,2026-03-21,images_lidl/lidl_offer_116.jpg,"cat_grundnahrung,diet_lactose_free,diet_vegan,diet_vegetarian,sub_fleischersatz,sub_tk_fertiggerichte,tag_high_protein",,ref_000116,obs_0000018359|obs_0000015975|obs_0000014763|obs_0000016895|obs_0000009911|obs_0000004803|obs_0000004376|obs_0000002904|obs_0000003949|obs_0000026991|obs_0000000434|obs_0000017846|obs_0000026583|obs_0000024575,obs_0000015975|obs_0000014763|obs_0000018359
Backmischung Spiegelei Cupcake,Belbake,"€ 2,49",,1 kg = 8.59,,Nein,Gültig bis 21.03,2026-03-16,2026-03-21,,"cat_knabbern_naschen,tag_ultra_processed",,ref_000117,obs_0000018358|obs_0000016011|obs_0000012917|obs_0000015223,
Backmischung Rübli Torte,Belbake,"€ 2,49",,1 kg = 4.93,,Nein,Gültig bis 21.03,2026-03-16,2026-03-21,images_lidl/lidl_offer_118.jpg,"cat_grundnahrung,tag_ultra_processed",,ref_000118,obs_0000018358|obs_0000016011|obs_0000016141|obs_0000017205|obs_0000012917|obs_0000015223,
Sprechende Plüschfigur,Favorina,"€ 11,99",,1 kg = 239.80,,Nein,Gültig bis 21.03,2026-03-16,2026-03-21,images_lidl/lidl_offer_119.jpg,cat_non_food,,ref_000119,obs_0000015123|obs_0000024166|obs_0000007797|obs_0000002720|obs_0000001896|obs_0000024034,
Ostertasse,Favorina,"€ 4,99",,1 kg = 45.36,,Nein,Gültig bis 21.03,2026-03-16,2026-03-21,images_lidl/lidl_offer_120.jpg,"cat_non_food,tag_ultra_processed",,ref_000120,,
Musikalische Plüschfigur,Favorina,"€ 12,99",,1 kg = 158.41,,Nein,Gültig bis 21.03,2026-03-16,2026-03-21,images_lidl/lidl_offer_121.jpg,cat_fleisch_wurst,,ref_000121,obs_0000017746|obs_0000024166|obs_0000007797|obs_0000002720|obs_0000020703|obs_0000017168|obs_0000001896|obs_0000024034,
Geschenkgruß,Carstens,"€ 2,49",,1 kg = 24.90,,Nein,Gültig bis 21.03,2026-03-16,2026-03-21,images_lidl/lidl_offer_122.jpg,cat_fleisch_wurst,,ref_000122,,
Ostermix,Favorina,"€ 5,99",,1 kg = 46.43,,Nein,Gültig bis 21.03,2026-03-16,2026-03-21,images_lidl/lidl_offer_123.jpg,"cat_knabbern_naschen,tag_ultra_processed",,ref_000123,,
Plüschtier,Favorina,"€ 4,99",,1 kg = 70.28,,Nein,Gültig bis 21.03,2026-03-16,2026-03-21,images_lidl/lidl_offer_124.jpg,cat_non_food,,ref_000124,obs_0000008391|obs_0000008088|obs_0000004732|obs_0000011967|obs_0000004305|obs_0000003878|obs_0000002915|obs_0000000387|obs_0000013250|obs_0000016292|obs_0000011962|obs_0000017348|obs_0000013238|obs_0000011960|obs_0000011961|obs_0000013229|obs_0000013235|obs_0000014873|obs_0000015640,obs_0000008391|obs_0000008088
Butterkäse,Milbona,"€ 1,99",,"2,45 €",,Nein,Gültig bis 21.03,2026-03-16,2026-03-21,images_lidl/lidl_offer_125.jpg,"cat_molkerei_kaese,diet_vegetarian,sub_butter_margarine,sub_kaese,sub_milchprodukte,sub_sahne_creme",BLS-W256100,ref_000125,obs_0000016820|obs_0000020965|obs_0000017690|obs_0000026728|obs_0000031239|obs_0000008880|obs_0000009345|obs_0000009592|obs_0000032403|obs_0000012106|obs_0000026529|obs_0000026618|obs_0000006252|obs_0000010785|obs_0000027298|obs_0000013475|obs_0000032053|obs_0000013796|obs_0000005694|obs_0000028609|obs_0000001059|obs_0000000815|obs_0000006604|obs_0000005507,obs_0000026728|obs_0000016820|obs_0000020965|obs_0000031239|obs_0000008880|obs_0000009345|obs_0000017690|obs_0000009592|obs_0000032403|obs_0000012106|obs_0000026529|obs_0000026618
Backkäse,Milbona,"€ 2,49",,"2,99 €",,Nein,Gültig bis 21.03,2026-03-16,2026-03-21,images_lidl/lidl_offer_126.jpg,"cat_molkerei_kaese,diet_vegetarian,sub_kaese,sub_milchprodukte,sub_sahne_creme",,ref_000126,obs_0000022757|obs_0000022336,obs_0000022757|obs_0000022336
Frischkäsebecher,Milbona,"€ 1,29",,"1,59 €",,Nein,Gültig bis 21.03,2026-03-16,2026-03-21,images_lidl/lidl_offer_127.jpg,"cat_molkerei_kaese,diet_vegetarian,sub_kaese,sub_milchprodukte,sub_sahne_creme",,ref_000127,,obs_0000020639|obs_0000016966
Käsescheiben,Bioland,"€ 1,79",,1 kg = 8.95,,Nein,Gültig bis 21.03,2026-03-16,2026-03-21,images_lidl/lidl_offer_128.jpg,"cat_molkerei_kaese,sub_kaese,sub_milchprodukte",,ref_000128,obs_0000020739|obs_0000018576|obs_0000002450|obs_0000024344|obs_0000001181|obs_0000023333|obs_0000019756|obs_0000025914|obs_0000016191|obs_0000019395|obs_0000023240|obs_0000002121|obs_0000029130|obs_0000025297|obs_0000016730|obs_0000031455|obs_0000000993|obs_0000015335|obs_0000002549|obs_0000018937|obs_0000004755|obs_0000017299|obs_0000000405|obs_0000020112|obs_0000027921|obs_0000001946|obs_0000024991|obs_0000023334|obs_0000003901|obs_0000015299|obs_0000015686|obs_0000006608|obs_0000013018|obs_0000018012|obs_0000019293|obs_0000007423|obs_0000020348|obs_0000004328|obs_0000017896|obs_0000029544|obs_0000029803|obs_0000016116|obs_0000024711|obs_0000024914|obs_0000006616|obs_0000007228|obs_0000028309,obs_0000020739|obs_0000018576|obs_0000002450|obs_0000024344|obs_0000001181|obs_0000023333|obs_0000019756|obs_0000025914|obs_0000016191|obs_0000019395|obs_0000023240|obs_0000002121|obs_0000029130|obs_0000025297|obs_0000016730|obs_0000031455|obs_0000000993|obs_0000015335|obs_0000002549|obs_0000018937
Tilsiter,Milbona,"€ 1,99",,"2,45 €",,Nein,Gültig bis 21.03,2026-03-16,2026-03-21,images_lidl/lidl_offer_129.jpg,"cat_molkerei_kaese,diet_vegetarian,sub_kaese,sub_milchprodukte,sub_sahne_creme",,ref_000129,obs_0000021152|obs_0000021469|obs_0000026386|obs_0000010075|obs_0000031627|obs_0000011224|obs_0000006604|obs_0000005507|obs_0000028235,obs_0000021152|obs_0000021469|obs_0000026386|obs_0000010075
Schmelzkäsezubereitung,Milbona,"€ 1,99",,"2,39 €",,Nein,Gültig bis 21.03,2026-03-16,2026-03-21,images_lidl/lidl_offer_130.jpg,"cat_molkerei_kaese,diet_vegetarian,sub_kaese,sub_milchprodukte,tag_ultra_processed",,ref_000130,obs_0000020912|obs_0000017154|obs_0000011625|obs_0000007574|obs_0000021154|obs_0000006985|obs_0000005688,obs_0000020912|obs_0000017154|obs_0000011625|obs_0000007574|obs_0000005688
Emmentaler am Stück,Bioland,"€ 2,15",,1 kg = 10.75,,Nein,Gültig bis 21.03,2026-03-16,2026-03-21,images_lidl/lidl_offer_131.jpg,"cat_molkerei_kaese,sub_kaese,sub_milchprodukte,tag_whole_food",,ref_000131,obs_0000011286|obs_0000013870|obs_0000008812|obs_0000013435|obs_0000022154|obs_0000001731|obs_0000020166|obs_0000023292|obs_0000010025|obs_0000019347|obs_0000012204|obs_0000001010|obs_0000020532|obs_0000016951|obs_0000002126|obs_0000023658|obs_0000017004|obs_0000029295|obs_0000003203|obs_0000029344|obs_0000009476|obs_0000020762|obs_0000008509,
Gratinkäse,Milbona,"€ 1,49",,"1,79 €",,Nein,Gültig bis 21.03,2026-03-16,2026-03-21,images_lidl/lidl_offer_132.jpg,"cat_molkerei_kaese,diet_vegetarian,sub_kaese,sub_milchprodukte,sub_sahne_creme",,ref_000132,obs_0000020708|obs_0000016810|obs_0000023062|obs_0000026388,
Sandwich Scheiben,Milbona,"€ 1,99",,"2,49 €",,Nein,Gültig bis 21.03,2026-03-16,2026-03-21,images_lidl/lidl_offer_133.jpg,"cat_molkerei_kaese,diet_vegetarian,sub_kaese,sub_milchprodukte,sub_sahne_creme",,ref_000133,obs_0000022754|obs_0000015271|obs_0000023659|obs_0000022329|obs_0000024267|obs_0000026911|obs_0000014914|obs_0000023186|obs_0000013042|obs_0000019275|obs_0000015680|obs_0000011788|obs_0000020094|obs_0000028628,obs_0000022754|obs_0000015271|obs_0000023659|obs_0000024267|obs_0000022329
Delikatess Mini-Wiener Klassik,Dulano,"€ 2,49",,1 kg = 7.78,,Nein,Gültig bis 21.03,2026-03-16,2026-03-21,images_lidl/lidl_offer_134.jpg,"cat_fleisch_wurst,diet_vegetarian,sub_wurst,tag_ultra_processed",,ref_000134,obs_0000022736|obs_0000023983|obs_0000022310|obs_0000021145|obs_0000023384|obs_0000018149|obs_0000031242|obs_0000002587|obs_0000031930|obs_0000031954|obs_0000007527|obs_0000010378|obs_0000016653|obs_0000014741|obs_0000029252|obs_0000011774|obs_0000024151|obs_0000016055,obs_0000022736|obs_0000023983|obs_0000022310
Delikatess Geflügel-Fleischwurst,Dulano,"€ 2,15",,1 kg = 5.38,,Nein,Gültig bis 21.03,2026-03-16,2026-03-21,images_lidl/lidl_offer_135.jpg,"cat_fleisch_wurst,sub_gefluegel,sub_wurst,tag_ultra_processed",,ref_000135,obs_0000017939|obs_0000023586|obs_0000021164|obs_0000022737|obs_0000022312|obs_0000017743|obs_0000023982|obs_0000001539|obs_0000001554|obs_0000001576|obs_0000001598|obs_0000025765|obs_0000029812|obs_0000028612|obs_0000011309|obs_0000008317|obs_0000013453|obs_0000031936|obs_0000025891,obs_0000017939|obs_0000023586
Rohwurst,Dulano,"€ 1,69",,1 kg = 8.45,,Nein,Gültig bis 21.03,2026-03-16,2026-03-21,images_lidl/lidl_offer_136.jpg,"cat_fleisch_wurst,sub_wurst,tag_ultra_processed",,ref_000136,obs_0000022663|obs_0000022236|obs_0000019576|obs_0000020606|obs_0000018757|obs_0000016629,obs_0000023657|obs_0000019576|obs_0000020606|obs_0000022663|obs_0000022236|obs_0000018757
Bockwurst Klassik,Dulano,"€ 3,49",,1 kg = 6.98,,Nein,Gültig bis 21.03,2026-03-16,2026-03-21,images_lidl/lidl_offer_137.jpg,"cat_fleisch_wurst,sub_wurst,tag_ultra_processed",,ref_000137,obs_0000025634|obs_0000012848|obs_0000024777|obs_0000007609|obs_0000011200,
Salami Sticks,Dulano,"€ 1,89",,1 kg = 18.90,,Nein,Gültig bis 21.03,2026-03-16,2026-03-21,images_lidl/lidl_offer_138.jpg,"cat_fleisch_wurst,sub_wurst,tag_ultra_processed",,ref_000138,obs_0000011307|obs_0000013449|obs_0000014940|obs_0000023853|obs_0000021108|obs_0000006502|obs_0000009096|obs_0000002071|obs_0000014410|obs_0000002397|obs_0000025025|obs_0000018932|obs_0000014853|obs_0000002743|obs_0000015127|obs_0000031640|obs_0000015280|obs_0000023482|obs_0000003025|obs_0000013329|obs_0000003093|obs_0000013457|obs_0000017555|obs_0000021730|obs_0000007433|obs_0000019751|obs_0000007485|obs_0000015709|obs_0000010456|obs_0000005567|obs_0000009680|obs_0000024061|obs_0000015900|obs_0000009762|obs_0000007871|obs_0000018191|obs_0000026400|obs_0000025428,obs_0000014940|obs_0000011307|obs_0000013449|obs_0000023853
Delikatess Geflügel-Wiener Käse-Paprika,Dulano,"€ 2,59",,1 kg = 8.63,,Nein,Gültig bis 21.03,2026-03-16,2026-03-21,images_lidl/lidl_offer_139.jpg,"cat_fleisch_wurst,diet_vegetarian,sub_gefluegel,sub_wurst,tag_ultra_processed",,ref_000139,obs_0000022737|obs_0000021164|obs_0000017743|obs_0000023982|obs_0000022312|obs_0000031242|obs_0000009328|obs_0000031930|obs_0000031954|obs_0000012215|obs_0000029252,
Lyoner,Dulano,"€ 0,89",,1 kg = 4.45,,Nein,Gültig bis 21.03,2026-03-16,2026-03-21,images_lidl/lidl_offer_140.jpg,"cat_fleisch_wurst,sub_wurst,tag_ultra_processed",BLS-W245000,ref_000140,obs_0000018983|obs_0000020218|obs_0000017661|obs_0000019802|obs_0000031214|obs_0000021144|obs_0000022749|obs_0000022321|obs_0000001026|obs_0000001028|obs_0000029376|obs_0000029051|obs_0000027118|obs_0000001021|obs_0000009801|obs_0000029257|obs_0000019590|obs_0000031453|obs_0000031568|obs_0000018771|obs_0000020427|obs_0000027683|obs_0000010343|obs_0000005763|obs_0000027412|obs_0000012992|obs_0000014625|obs_0000013792,obs_0000018983|obs_0000020218|obs_0000017661|obs_0000019802|obs_0000031214
Delikatess Hähnchenbrust,Dulano,"€ 1,49",,1 kg = 18.63,,Nein,Gültig bis 21.03,2026-03-16,2026-03-21,images_lidl/lidl_offer_141.jpg,"cat_fleisch_wurst,diet_lactose_free,sub_gefluegel,tag_high_protein,tag_proteinreich,tag_ultra_processed",,ref_000141,obs_0000022750|obs_0000022324|obs_0000023448|obs_0000016493|obs_0000021163|obs_0000018153|obs_0000006872,obs_0000016493|obs_0000022750|obs_0000022324|obs_0000023448
Corned Turkey,Dulano,"€ 2,99",,1 kg = 14.95,,Nein,Gültig bis 21.03,2026-03-16,2026-03-21,images_lidl/lidl_offer_142.jpg,"cat_getraenke,tag_ultra_processed",,ref_000142,obs_0000021162|obs_0000022741|obs_0000022316|obs_0000009759,obs_0000009759|obs_0000021162|obs_0000022741|obs_0000022316
Delikatess Kochschinken,Dulano,"€ 1,49",,1 kg = 7.45,,Nein,Gültig bis 21.03,2026-03-16,2026-03-21,images_lidl/lidl_offer_143.jpg,"cat_fleisch_wurst,diet_vegetarian,sub_schwein,sub_wurst,tag_ultra_processed",,ref_000143,obs_0000016145|obs_0000028447|obs_0000002591|obs_0000002366,obs_0000019596|obs_0000023790|obs_0000016145|obs_0000028447|obs_0000018777|obs_0000023980|obs_0000017870|obs_0000020430
Rindersaftschinken,Dulano,"€ 2,49",,1 kg = 24.90,,Nein,Gültig bis 21.03,2026-03-16,2026-03-21,images_lidl/lidl_offer_144.jpg,"cat_fleisch_wurst,sub_rind,sub_schwein,sub_wurst,tag_proteinreich,tag_ultra_processed",BLS-W273100,ref_000144,obs_0000017447|obs_0000021142|obs_0000022746|obs_0000022317|obs_0000029989,obs_0000017447|obs_0000021142|obs_0000022746|obs_0000022317
Selection Prosciutto Cotto,Dulano,"€ 2,39",,1 kg = 11.95,,Nein,Gültig bis 21.03,2026-03-16,2026-03-21,images_lidl/lidl_offer_145.jpg,"cat_fleisch_wurst,sub_schwein,sub_wurst,tag_high_protein,tag_proteinreich,tag_ultra_processed",,ref_000145,obs_0000022742|obs_0000022322|obs_0000021159|obs_0000000528|obs_0000024648|obs_0000025783|obs_0000014284|obs_0000011733|obs_0000003081|obs_0000000042|obs_0000002701|obs_0000021731|obs_0000002447|obs_0000001952|obs_0000003569|obs_0000021513|obs_0000015373|obs_0000032309|obs_0000024154|obs_0000029292|obs_0000011026,obs_0000022742|obs_0000022322
Delikatess Frikadellen,Dulano,"€ 2,99",,1 kg = 5.98,,Nein,Gültig bis 21.03,2026-03-16,2026-03-21,images_lidl/lidl_offer_146.jpg,"cat_fleisch_wurst,diet_vegetarian,sub_wurst,tag_ultra_processed",,ref_000146,obs_0000017935|obs_0000023183|obs_0000022733|obs_0000022315|obs_0000026692|obs_0000026812|obs_0000024127|obs_0000025419|obs_0000008561|obs_0000011741|obs_0000009727,obs_0000017935|obs_0000026692|obs_0000023183|obs_0000026812|obs_0000022733|obs_0000022315
Delikatess Krusten-Schinkenbraten,Dulano,"€ 1,59",,1 kg = 15.90,,Nein,Gültig bis 21.03,2026-03-16,2026-03-21,images_lidl/lidl_offer_147.jpg,"cat_fleisch_wurst,sub_schwein,sub_wurst,tag_ultra_processed",,ref_000147,obs_0000018075|obs_0000023263|obs_0000009299|obs_0000012904|obs_0000011718,
Hähnchenfleisch in Rinderaspik,Dulano,"€ 2,19",,1 kg = 10.95,,Nein,Gültig bis 21.03,2026-03-16,2026-03-21,images_lidl/lidl_offer_148.jpg,"cat_fleisch_wurst,sub_gefluegel,sub_hackfleisch,sub_rind,tag_high_protein,tag_proteinreich,tag_ultra_processed",,ref_000148,,
Delikatess Schinkenwürfel,Dulano,"€ 2,39",,1 kg = 9.56,,Nein,Gültig bis 21.03,2026-03-16,2026-03-21,images_lidl/lidl_offer_149.jpg,"cat_fleisch_wurst,sub_schwein,sub_wurst,tag_proteinreich,tag_ultra_processed",,ref_000149,obs_0000024100|obs_0000021143|obs_0000022740|obs_0000022318,obs_0000024100|obs_0000023799
Delikatess Bacon,Dulano,"€ 1,29",,1 kg = 12.90,,Nein,Gültig bis 21.03,2026-03-16,2026-03-21,images_lidl/lidl_offer_150.jpg,"cat_fleisch_wurst,diet_vegetarian,sub_schwein,sub_wurst,tag_ultra_processed",,ref_000150,obs_0000017931|obs_0000023391|obs_0000024103|obs_0000022717|obs_0000022293|obs_0000024941|obs_0000010454|obs_0000012671|obs_0000012221|obs_0000001018|obs_0000001019|obs_0000006680,obs_0000017931|obs_0000024103|obs_0000022717|obs_0000022293|obs_0000023391
Kürbiskernbrötchen,Kürbiskernbrötchen,"€ 0,98",,"1,47 €",,Nein,Gültig bis 21.03,2026-03-16,2026-03-21,images_lidl/lidl_offer_151.jpg,"cat_grundnahrung,diet_gluten_free,diet_lactose_free,diet_vegan,diet_vegetarian,tag_ultra_processed,tag_whole_food",,ref_000151,obs_0000021880|obs_0000016953|obs_0000005851|obs_0000005852,obs_0000016953|obs_0000005851|obs_0000005852|obs_0000021880
Bauernkruste,Bauernkruste,"€ 1,59",,"1,99 €",,Nein,Gültig bis 21.03,2026-03-16,2026-03-21,images_lidl/lidl_offer_152.jpg,"cat_fleisch_wurst,diet_gluten_free,diet_lactose_free,diet_vegetarian",,ref_000152,,
Laugeneck,Laugeneck,"€ 1,70",,"2,55 €",,Nein,Gültig bis 21.03,2026-03-16,2026-03-21,images_lidl/lidl_offer_153.jpg,"cat_grundnahrung,tag_ultra_processed",BLS-B723100,ref_000153,obs_0000017281|obs_0000016095,obs_0000017281|obs_0000016095
Mini Käsekuchen,Mini Käsekuchen,"€ 2,49",,1 kg = 9.58,,Nein,Gültig bis 21.03,2026-03-16,2026-03-21,images_lidl/lidl_offer_154.jpg,"cat_knabbern_naschen,sub_kaese,sub_milchprodukte,tag_ultra_processed",BLS-D9A2300,ref_000154,obs_0000010378|obs_0000016653|obs_0000014741|obs_0000021316|obs_0000011774|obs_0000024151|obs_0000016055,
Mini-Calzone Margherita,Mini-Calzone Margherita,"€ 1,29",,Kein Mengenpreis,,Nein,Gültig bis 21.03,2026-03-16,2026-03-21,images_lidl/lidl_offer_155.jpg,"cat_knabbern_naschen,diet_gluten_free,diet_lactose_free,diet_vegan,diet_vegetarian,tag_ultra_processed",,ref_000155,obs_0000021467|obs_0000010378|obs_0000016653|obs_0000014741|obs_0000011774|obs_0000024151|obs_0000016055,obs_0000021467
Walnuss-Honig-Brot,Walnuss-Honig-Brot,"€ 1,99",,1 kg = 5.24,,Nein,Gültig bis 21.03,2026-03-16,2026-03-21,images_lidl/lidl_offer_156.jpg,"cat_grundnahrung,diet_vegetarian,tag_ultra_processed,tag_whole_food",,ref_000156,obs_0000021882|obs_0000016348|obs_0000015649|obs_0000024409,obs_0000016348|obs_0000021882
Frische Hähnchenschenkel,Metzgerfrisch,"€ 8,49",,1 kg = 3.40,,Nein,Gültig bis 21.03,2026-03-16,2026-03-21,images_lidl/lidl_offer_157.jpg,"cat_fleisch_wurst,sub_gefluegel,sub_schwein,tag_proteinreich",,ref_000157,obs_0000022671|obs_0000022248|obs_0000023916|obs_0000024599|obs_0000004154|obs_0000000293|obs_0000004581|obs_0000029301|obs_0000007081|obs_0000025595|obs_0000003727,obs_0000022671|obs_0000029023|obs_0000027351|obs_0000027418|obs_0000021473|obs_0000028002|obs_0000023916|obs_0000022248
Metzgerfrisch Frische Hähnchenflügel,Metzgerfrisch Frische Hähnchenflügel,"€ 4,79",,"5,99 €",,Nein,Gültig bis 21.03,2026-03-16,2026-03-21,images_lidl/lidl_offer_158.jpg,"cat_fleisch_wurst,sub_gefluegel,sub_hackfleisch,sub_schwein,sub_wurst,tag_proteinreich",,ref_000158,obs_0000021092|obs_0000023916|obs_0000010342|obs_0000022665|obs_0000020658|obs_0000022243|obs_0000017191,
Norwegische Lachsseite,Fischerstolz,"€ 13,29",,Kein Mengenpreis,,Nein,Gültig bis 21.03,2026-03-16,2026-03-21,images_lidl/lidl_offer_159.jpg,"cat_fisch_meeresfruechte,tag_high_protein,tag_proteinreich",,ref_000159,obs_0000022666|obs_0000022241|obs_0000014856|obs_0000017431|obs_0000017188|obs_0000020519|obs_0000015583,obs_0000014856|obs_0000022666|obs_0000017431|obs_0000017188|obs_0000020519|obs_0000015583|obs_0000022241|obs_0000021478|obs_0000023912
Frisches Rinder-Suppenfleisch,Metzgerfrisch,"€ 6,66",,1 kg = 13.32,,Nein,Gültig bis 21.03,2026-03-16,2026-03-21,images_lidl/lidl_offer_160.jpg,"cat_fleisch_wurst,sub_gefluegel,sub_hackfleisch,sub_rind,sub_schwein,tag_proteinreich",,ref_000160,obs_0000022668|obs_0000022244|obs_0000017427|obs_0000029081|obs_0000029992|obs_0000028394|obs_0000002083|obs_0000008593,obs_0000022668|obs_0000022244
Schweine-Nackensteaks,Metzgerfrisch,"€ 4,99",,1 kg = 6.65,,Nein,Gültig bis 21.03,2026-03-16,2026-03-21,,"cat_fleisch_wurst,sub_schwein",BLS-U605000,ref_000161,obs_0000006891|obs_0000029865|obs_0000028048|obs_0000000649|obs_0000021415|obs_0000022161,obs_0000020787|obs_0000018824|obs_0000016971|obs_0000016983|obs_0000006891|obs_0000023277|obs_0000023374|obs_0000029865|obs_0000019643|obs_0000028048
Metzgerfrisch Frische Hamburger vom Rind,Metzgerfrisch Frische Hamburger vom Rind,"€ 9,49",,1 kg = 11.86,,Nein,Gültig bis 21.03,2026-03-16,2026-03-21,images_lidl/lidl_offer_162.jpg,"cat_fleisch_wurst,sub_gefluegel,sub_hackfleisch,sub_rind,sub_schwein",,ref_000162,obs_0000019463|obs_0000022611|obs_0000023199|obs_0000018644|obs_0000023031|obs_0000016995|obs_0000020949|obs_0000023574|obs_0000016428|obs_0000022665|obs_0000012974|obs_0000020683|obs_0000022243|obs_0000015082|obs_0000021384|obs_0000009102|obs_0000008620|obs_0000015819|obs_0000031725|obs_0000000512,
Metzgerfrisch Frische Hähnchen-Brustfilets,Metzgerfrisch Frische Hähnchen-Brustfilets,"€ 5,19",,"6,79 €",,Nein,Gültig bis 21.03,2026-03-16,2026-03-21,images_lidl/lidl_offer_163.jpg,"cat_fleisch_wurst,sub_gefluegel,tag_high_protein,tag_proteinreich",,ref_000163,obs_0000023911|obs_0000028756|obs_0000002185|obs_0000002464|obs_0000002530|obs_0000000633|obs_0000002930|obs_0000001424|obs_0000028668|obs_0000022665|obs_0000022243,obs_0000021092
Metzgerfrisch Frischer Schweinebraten,Metzgerfrisch Frischer Schweinebraten,"€ 4,99",,Kein Mengenpreis,,Nein,Gültig bis 21.03,2026-03-16,2026-03-21,images_lidl/lidl_offer_164.jpg,"cat_fleisch_wurst,sub_schwein",,ref_000164,obs_0000021480|obs_0000022665|obs_0000008399|obs_0000022243|obs_0000016742|obs_0000011223,
Coca-Cola,Coca-Cola,"€ 1,59",,1 l = 0.80,,Nein,Gültig bis 21.03,2026-03-16,2026-03-21,images_lidl/lidl_offer_165.jpg,"cat_getraenke,sub_tk_fertiggerichte,tag_high_protein,tag_proteinreich,tag_ultra_processed",,ref_000165,obs_0000001110|obs_0000022111|obs_0000022690|obs_0000022265|obs_0000031506|obs_0000032112|obs_0000031145|obs_0000031698|obs_0000029718|obs_0000028807|obs_0000005807|obs_0000006347|obs_0000029904|obs_0000006355|obs_0000028429|obs_0000005424|obs_0000027545|obs_0000028106|obs_0000007115|obs_0000030169|obs_0000005613|obs_0000016900|obs_0000026153|obs_0000025142|obs_0000025164|obs_0000008367|obs_0000029364|obs_0000024773|obs_0000004817|obs_0000020188|obs_0000026353|obs_0000002828|obs_0000008469|obs_0000016164|obs_0000004390|obs_0000000810|obs_0000024414|obs_0000015211|obs_0000008565|obs_0000003963|obs_0000020863|obs_0000024450|obs_0000015771|obs_0000019369|obs_0000015279|obs_0000000445|obs_0000017889|obs_0000007324|obs_0000022727|obs_0000022299,obs_0000029718|obs_0000001110|obs_0000022111|obs_0000028807|obs_0000022690|obs_0000005807|obs_0000006347|obs_0000029904|obs_0000006355|obs_0000022265|obs_0000028429|obs_0000031506|obs_0000005424|obs_0000032112|obs_0000027545|obs_0000031145|obs_0000028106|obs_0000007115|obs_0000031698|obs_0000030169|obs_0000005613
Actimel XXL Erdbeere,Danone,"€ 2,99",,1 kg = 2.49,,Nein,Gültig bis 21.03,2026-03-16,2026-03-21,images_lidl/lidl_offer_166.jpg,"cat_molkerei_kaese,diet_vegan,diet_vegetarian,sub_joghurt_skyr_quark,sub_milchprodukte,tag_ultra_processed",,ref_000166,obs_0000018451|obs_0000022681|obs_0000018740|obs_0000021427|obs_0000015343|obs_0000019559|obs_0000024258|obs_0000022255|obs_0000020417|obs_0000008828|obs_0000011326|obs_0000009288|obs_0000014179|obs_0000031447|obs_0000025714|obs_0000011756|obs_0000010065|obs_0000012209,
KitKat Holfiguren,Nestl,"€ 20,11",,1 kg = 20.11,,Nein,Gültig bis 21.03,2026-03-16,2026-03-21,images_lidl/lidl_offer_167.jpg,"cat_knabbern_naschen,diet_gluten_free,diet_lactose_free,diet_vegan,diet_vegetarian,tag_ultra_processed",,ref_000167,obs_0000026892|obs_0000015643|obs_0000015349,
BellaCrema La Crema,Melitta,"€ 12,99",,"13,49 €",,Nein,Gültig bis 21.03,2026-03-16,2026-03-21,images_lidl/lidl_offer_168.jpg,"cat_getraenke,diet_gluten_free,diet_lactose_free,diet_vegan,diet_vegetarian",,ref_000168,obs_0000023168|obs_0000009378|obs_0000025764|obs_0000016559|obs_0000017253|obs_0000024569|obs_0000016061|obs_0000012148|obs_0000010166|obs_0000007805,obs_0000023168|obs_0000009378|obs_0000025764|obs_0000016559|obs_0000017253|obs_0000024569
Tortillas Nacho Cheese Style,Chio,"€ 1,79",,"2,99 €",,Nein,Gültig bis 21.03,2026-03-16,2026-03-21,images_lidl/lidl_offer_169.jpg,"cat_knabbern_naschen,tag_ultra_processed",,ref_000169,obs_0000004701|obs_0000004274|obs_0000003847|obs_0000002905|obs_0000000366|obs_0000015170|obs_0000018293,obs_0000004701|obs_0000004274|obs_0000003847|obs_0000002905|obs_0000000366
Steinofenpizza,Gustavo Gusto,"€ 6,66",,1 kg = 7.16/7.24/8.12,,Nein,Gültig bis 21.03,2026-03-16,2026-03-21,images_lidl/lidl_offer_170.jpg,"cat_tiefkuehl,sub_tk_pizza,tag_ultra_processed",,ref_000170,obs_0000023575|obs_0000018865|obs_0000017373|obs_0000019684|obs_0000016102|obs_0000014850|obs_0000015893|obs_0000007510|obs_0000021537|obs_0000000627|obs_0000006294|obs_0000023200|obs_0000018741|obs_0000016453|obs_0000031562|obs_0000023636|obs_0000005732|obs_0000019560|obs_0000003374,obs_0000014850|obs_0000015893|obs_0000023575|obs_0000018865|obs_0000007510|obs_0000017373|obs_0000019684|obs_0000005732|obs_0000016102
Selection Walnusskerne,Alesto,"€ 1,99",,1 kg = 9.95,,Nein,Gültig bis 21.03,2026-03-16,2026-03-21,images_lidl/lidl_offer_171.jpg,"cat_knabbern_naschen,diet_gluten_free,diet_lactose_free,diet_vegan,diet_vegetarian,tag_ultra_processed",,ref_000171,obs_0000020598|obs_0000022686|obs_0000017107|obs_0000022259|obs_0000023966|obs_0000017381|obs_0000021485|obs_0000015858|obs_0000019007|obs_0000020227|obs_0000019826|obs_0000016855|obs_0000017103|obs_0000001542|obs_0000021513|obs_0000015373|obs_0000032309|obs_0000012883|obs_0000024154|obs_0000024673|obs_0000029292|obs_0000024192|obs_0000024311|obs_0000011026|obs_0000013115|obs_0000025408|obs_0000000904|obs_0000009622|obs_0000009112,obs_0000019007|obs_0000020598|obs_0000022686|obs_0000017582|obs_0000017107|obs_0000022259|obs_0000020227|obs_0000019826|obs_0000023966|obs_0000016855|obs_0000017381|obs_0000021485|obs_0000015858
Magnum Mini Classic,Langnese,"€ 2,79",,"4,49 €",,Nein,Gültig bis 21.03,2026-03-16,2026-03-21,images_lidl/lidl_offer_172.jpg,"cat_tiefkuehl,diet_vegetarian,sub_tk_eis,tag_ultra_processed",,ref_000172,obs_0000022604|obs_0000023021|obs_0000020999|obs_0000010935|obs_0000019325|obs_0000009542|obs_0000013798|obs_0000020144|obs_0000029455|obs_0000027469|obs_0000001261|obs_0000028973|obs_0000010378|obs_0000026878|obs_0000016653|obs_0000014741|obs_0000025011|obs_0000029122|obs_0000019121|obs_0000010989|obs_0000013543|obs_0000023795|obs_0000032113|obs_0000019940|obs_0000011774|obs_0000024151|obs_0000032390|obs_0000016055,
Kekse,Oreo,"€ 1,29",,"1,89 €",,Nein,Gültig bis 21.03,2026-03-16,2026-03-21,images_lidl/lidl_offer_173.jpg,"cat_knabbern_naschen,tag_ultra_processed",,ref_000173,obs_0000004360|obs_0000015002|obs_0000022684|obs_0000000426|obs_0000017964|obs_0000004787|obs_0000021043|obs_0000003005|obs_0000020671|obs_0000015688|obs_0000016594|obs_0000003933|obs_0000027102|obs_0000022260|obs_0000017177|obs_0000010181|obs_0000017605|obs_0000013145|obs_0000011005|obs_0000004230|obs_0000031655|obs_0000004657|obs_0000003004|obs_0000000340|obs_0000003803|obs_0000018959|obs_0000024212|obs_0000029476|obs_0000027449|obs_0000019778|obs_0000020684|obs_0000025294|obs_0000030159|obs_0000025214|obs_0000021519|obs_0000022305|obs_0000017324|obs_0000022726|obs_0000016358|obs_0000005824|obs_0000006730|obs_0000005630|obs_0000027135,obs_0000004360|obs_0000017177|obs_0000015002|obs_0000022684|obs_0000000426|obs_0000017964|obs_0000004787|obs_0000021043|obs_0000003005|obs_0000020671|obs_0000010181|obs_0000017605|obs_0000015688|obs_0000016594|obs_0000013145|obs_0000003933|obs_0000027102|obs_0000022260|obs_0000011005
Müllermilch,Müller,"€ 0,79",,"UVP
1,49 €",,Nein,Gültig bis 21.03,2026-03-16,2026-03-21,images_lidl/lidl_offer_174.jpg,"cat_molkerei_kaese,diet_vegetarian,sub_milchprodukte,tag_ultra_processed",,ref_000174,obs_0000029251|obs_0000020121|obs_0000013467|obs_0000010911|obs_0000024793|obs_0000021816|obs_0000015679|obs_0000019302|obs_0000014705|obs_0000012241|obs_0000014320|obs_0000020475|obs_0000000031|obs_0000003544|obs_0000029436|obs_0000030010|obs_0000006060|obs_0000004948,obs_0000029251|obs_0000020121|obs_0000013467|obs_0000010911|obs_0000024793|obs_0000021816|obs_0000015679|obs_0000019302|obs_0000014705|obs_0000012241|obs_0000014320|obs_0000020475
Nutella,Nutella,"€ 6,89",,Kein Mengenpreis,,Nein,Gültig bis 21.03,2026-03-16,2026-03-21,images_lidl/lidl_offer_175.jpg,"cat_knabbern_naschen,diet_vegetarian,tag_ultra_processed",,ref_000175,obs_0000021025|obs_0000021836|obs_0000020873|obs_0000000918|obs_0000031142|obs_0000017835|obs_0000029867|obs_0000016174|obs_0000016706|obs_0000029564|obs_0000017026|obs_0000020616|obs_0000015764|obs_0000015766|obs_0000015136|obs_0000001187|obs_0000024877|obs_0000024376|obs_0000025660|obs_0000014783|obs_0000006472|obs_0000015312|obs_0000015721|obs_0000012653|obs_0000016375|obs_0000027155|obs_0000007786|obs_0000015000|obs_0000025888|obs_0000012626|obs_0000002532|obs_0000025716,obs_0000020873|obs_0000000918|obs_0000021025|obs_0000031142|obs_0000017835|obs_0000029867|obs_0000016174|obs_0000016706|obs_0000021836|obs_0000029564
High Protein Pudding Vanilla Topping,Ehrmann,"€ 0,99",,1 kg = 4.95,,Nein,Gültig bis 21.03,2026-03-16,2026-03-21,images_lidl/lidl_offer_176.jpg,"cat_molkerei_kaese,diet_vegetarian,sub_milchprodukte,sub_sahne_creme,tag_high_protein,tag_proteinreich,tag_ultra_processed",,ref_000176,obs_0000025108|obs_0000022687|obs_0000022264|obs_0000014866|obs_0000018454|obs_0000008074|obs_0000032392|obs_0000024495|obs_0000007754|obs_0000022167|obs_0000008611|obs_0000021007|obs_0000001560|obs_0000021534|obs_0000003149|obs_0000019687|obs_0000002293|obs_0000023390|obs_0000003431|obs_0000018868|obs_0000016888|obs_0000012810|obs_0000010910|obs_0000031769|obs_0000016456|obs_0000013903|obs_0000009955|obs_0000015684|obs_0000001428|obs_0000014743|obs_0000024536|obs_0000011750,
Keim Rapsöl,Mazola,"€ 3,49",,1 l = 4.65,,Nein,Gültig bis 21.03,2026-03-16,2026-03-21,images_lidl/lidl_offer_177.jpg,"cat_grundnahrung,diet_gluten_free,diet_lactose_free,diet_vegan,diet_vegetarian,sub_tk_gemuese,tag_high_protein,tag_proteinreich",,ref_000177,obs_0000025995|obs_0000026518|obs_0000018229|obs_0000013938|obs_0000012283,
Hüttenkäse,Gervais,"€ 2,22",,"UVP
3,29 €",,Nein,Gültig bis 21.03,2026-03-16,2026-03-21,images_lidl/lidl_offer_178.jpg,"cat_molkerei_kaese,sub_kaese,sub_milchprodukte",,ref_000178,obs_0000014211|obs_0000009924|obs_0000016707|obs_0000029809,obs_0000014211|obs_0000009924
Touch Tee,Volvic,"€ 1,19",,"1,89 €",,Nein,Gültig bis 21.03,2026-03-16,2026-03-21,images_lidl/lidl_offer_179.jpg,"cat_getraenke,diet_gluten_free,diet_lactose_free,diet_vegan,diet_vegetarian,tag_ultra_processed",,ref_000179,obs_0000031900|obs_0000013578|obs_0000021124|obs_0000019093|obs_0000015166|obs_0000020286|obs_0000017756|obs_0000008133|obs_0000019912|obs_0000012802|obs_0000018953|obs_0000006169|obs_0000017485|obs_0000022186|obs_0000020654|obs_0000016579|obs_0000028424|obs_0000021770|obs_0000019772|obs_0000026439|obs_0000027543|obs_0000025021|obs_0000005610|obs_0000023539,
Delikatess Lachsschinken,Dulano,"€ 1,99",,"2,39 €",,Nein,Gültig bis 21.03,2026-03-16,2026-03-21,images_lidl/lidl_offer_180.jpg,"cat_fleisch_wurst,sub_schwein,sub_wurst,tag_ultra_processed",,ref_000180,obs_0000023790|obs_0000023980|obs_0000017870|obs_0000001555|obs_0000026715|obs_0000026838|obs_0000026395|obs_0000001023|obs_0000031240|obs_0000006304|obs_0000006865|obs_0000024836|obs_0000010044|obs_0000025568,obs_0000001555|obs_0000026715|obs_0000026838|obs_0000023790|obs_0000026395|obs_0000023980|obs_0000017870|obs_0000001023
Classic Osterei,Ferrero Rocher,"€ 3,79",,1 kg = 37.90,,Nein,Gültig bis 21.03,2026-03-16,2026-03-21,images_lidl/lidl_offer_181.jpg,"cat_knabbern_naschen,diet_vegetarian,tag_ultra_processed",,ref_000181,obs_0000032390|obs_0000019121|obs_0000013543|obs_0000010989|obs_0000023795|obs_0000026878|obs_0000032113|obs_0000025011|obs_0000029122|obs_0000019940,
Bueno,Kinder,"€ 3,29",,1 kg = 19.13,,Nein,Gültig bis 21.03,2026-03-16,2026-03-21,images_lidl/lidl_offer_182.jpg,"cat_knabbern_naschen,tag_ultra_processed",,ref_000182,obs_0000011667|obs_0000010392|obs_0000013983|obs_0000021413|obs_0000021831|obs_0000006019|obs_0000005258|obs_0000016896|obs_0000017807|obs_0000021012|obs_0000029470|obs_0000014893|obs_0000009658|obs_0000015689|obs_0000020113|obs_0000006733|obs_0000028433|obs_0000019294|obs_0000013666|obs_0000023533|obs_0000030475|obs_0000027134|obs_0000008577|obs_0000009639|obs_0000017321|obs_0000015932|obs_0000024391|obs_0000026269,obs_0000006019|obs_0000005258|obs_0000011667|obs_0000010392|obs_0000013983|obs_0000021413|obs_0000021831
Löffel Ei Oreo,Milka,"€ 3,49",,1 kg = 25.66,,Nein,Gültig bis 21.03,2026-03-16,2026-03-21,images_lidl/lidl_offer_183.jpg,"cat_knabbern_naschen,diet_vegetarian,tag_ultra_processed",,ref_000183,,
Überraschung Maxi,Kinder,"€ 3,99",,1 kg = 39.90,,Nein,Gültig bis 21.03,2026-03-16,2026-03-21,images_lidl/lidl_offer_184.jpg,"cat_knabbern_naschen,tag_ultra_processed",,ref_000184,obs_0000012307|obs_0000018515,
Kinder Schoko Hase,Kinder Schoko Hase,"€ 2,99",,1kg=27.18,,Nein,Gültig bis 21.03,2026-03-16,2026-03-21,images_lidl/lidl_offer_185.jpg,"cat_knabbern_naschen,diet_vegetarian,tag_ultra_processed",,ref_000185,obs_0000006186|obs_0000016670|obs_0000012645|obs_0000018914|obs_0000019733|obs_0000026354|obs_0000020226|obs_0000016257,
Osterkörbchen Party Box,Haribo,"€ 2,99",,1 kg = 5.98,,Nein,Gültig bis 21.03,2026-03-16,2026-03-21,images_lidl/lidl_offer_186.jpg,"cat_knabbern_naschen,tag_ultra_processed",,ref_000186,obs_0000009376|obs_0000008913|obs_0000024125|obs_0000024138,
Waschmittel Gel,Ariel,"€ 21,99",,"UVP
29,99 €",,Nein,Gültig bis 21.03,2026-03-16,2026-03-21,images_lidl/lidl_offer_187.jpg,cat_drogerie,,ref_000187,obs_0000030834|obs_0000031063|obs_0000012321|obs_0000016974|obs_0000022171|obs_0000022699|obs_0000025830|obs_0000022273|obs_0000021769|obs_0000016179|obs_0000023939|obs_0000017319|obs_0000018352|obs_0000020935|obs_0000002514|obs_0000015877|obs_0000021045|obs_0000024695|obs_0000011900|obs_0000014987|obs_0000017067|obs_0000018093|obs_0000023725|obs_0000030909|obs_0000003272|obs_0000020190|obs_0000016677|obs_0000023344|obs_0000024887|obs_0000013634|obs_0000030533|obs_0000011627|obs_0000020856|obs_0000020865|obs_0000019371|obs_0000017909|obs_0000007367,obs_0000030834|obs_0000031063
Happy Hippo,Kinder,"€ 1,99",,"2,39 €",,Nein,Gültig bis 21.03,2026-03-16,2026-03-21,images_lidl/lidl_offer_188.jpg,"cat_knabbern_naschen,tag_ultra_processed",,ref_000188,obs_0000013556,obs_0000013556
Mix,Kinder,"€ 4,49",,1 kg = 36.80,,Nein,Gültig bis 21.03,2026-03-16,2026-03-21,images_lidl/lidl_offer_189.jpg,"cat_knabbern_naschen,tag_ultra_processed",,ref_000189,obs_0000013991|obs_0000013994|obs_0000025098|obs_0000026638|obs_0000026646|obs_0000011800|obs_0000015395|obs_0000014901|obs_0000026181|obs_0000011851|obs_0000015949|obs_0000029260|obs_0000025169|obs_0000010839|obs_0000018521|obs_0000023646|obs_0000026720|obs_0000031330|obs_0000029796|obs_0000018026|obs_0000029303|obs_0000026752|obs_0000026761|obs_0000025228|obs_0000004750|obs_0000008340|obs_0000011412|obs_0000025773|obs_0000014003|obs_0000025791|obs_0000018118|obs_0000000720|obs_0000008926|obs_0000020194|obs_0000004323|obs_0000021739|obs_0000004861|obs_0000004863|obs_0000024831|obs_0000019718|obs_0000013067|obs_0000002841|obs_0000025375|obs_0000027946|obs_0000026933|obs_0000003896|obs_0000020804|obs_0000004434|obs_0000004436|obs_0000001881,
Ultimate Quantum,Finish,"€ 10,39",,Kein Mengenpreis,,Nein,Gültig bis 21.03,2026-03-16,2026-03-21,images_lidl/lidl_offer_190.jpg,cat_non_food,,ref_000190,,
Portionsbeutel,Kitekat,"€ 10,99",,"UVP
13,99 €",,Nein,Gültig bis 21.03,2026-03-16,2026-03-21,images_lidl/lidl_offer_191.jpg,"cat_knabbern_naschen,tag_ultra_processed",,ref_000191,obs_0000014897|obs_0000021515|obs_0000016255,obs_0000014897|obs_0000021515|obs_0000016255
Küsschen Cremige Schokoeier,Ferrero,"€ 5,49",,1 kg = 30.50,,Nein,Gültig bis 21.03,2026-03-16,2026-03-21,images_lidl/lidl_offer_192.jpg,"cat_knabbern_naschen,diet_vegetarian,tag_ultra_processed",,ref_000192,obs_0000011834|obs_0000031356,
Baked Beanz,Heinz,"€ 5,55",,"UVP
11,99 €",,Nein,Gültig bis 21.03,2026-03-16,2026-03-21,images_lidl/lidl_offer_193.jpg,"cat_grundnahrung,diet_vegetarian,sub_huelsenfruechte,tag_ultra_processed",,ref_000193,obs_0000013057|obs_0000008988|obs_0000009449,
Küchentücher XXL,Floraly s,"€ 4,79",,Kein Mengenpreis,,Nein,Gültig bis 21.03,2026-03-16,2026-03-21,images_lidl/lidl_offer_194.jpg,cat_drogerie,,ref_000194,obs_0000021040|obs_0000021841|obs_0000030869|obs_0000024627|obs_0000020648|obs_0000016571|obs_0000018821|obs_0000014760|obs_0000012722|obs_0000010816|obs_0000002681|obs_0000012942|obs_0000025344|obs_0000025579|obs_0000023671|obs_0000031927|obs_0000019640|obs_0000009516|obs_0000015808|obs_0000032280|obs_0000026171|obs_0000018091|obs_0000012209,obs_0000021040|obs_0000021841
Zarte Haferflocken XXL,Crownfield,"€ 1,19",,Kein Mengenpreis,,Nein,Gültig bis 21.03,2026-03-16,2026-03-21,images_lidl/lidl_offer_195.jpg,"cat_grundnahrung,diet_lactose_free,diet_vegan,diet_vegetarian,tag_whole_food",,ref_000195,obs_0000021514|obs_0000023642|obs_0000026865|obs_0000014404|obs_0000012478|obs_0000010543|obs_0000002644|obs_0000002784|obs_0000007578|obs_0000014183|obs_0000010156|obs_0000012209|obs_0000024541,obs_0000021514|obs_0000023642
Yogurette,Yogurette,"€ 5,25",,1 kg = 13.13,,Nein,Gültig bis 21.03,2026-03-16,2026-03-21,images_lidl/lidl_offer_196.jpg,"cat_obst_gemuese,diet_gluten_free,diet_lactose_free,diet_vegan,diet_vegetarian,sub_frisches_gemuese,tag_whole_food",,ref_000196,obs_0000022724|obs_0000022304|obs_0000017257|obs_0000016079|obs_0000016658|obs_0000017383|obs_0000016085|obs_0000030328|obs_0000024508|obs_0000010752|obs_0000028794|obs_0000027130|obs_0000006374,obs_0000022724|obs_0000017257|obs_0000016079|obs_0000016658|obs_0000022304
Schoko-Bons,Kinder,"€ 4,99",,1 kg = 14.26,,Nein,Gültig bis 21.03,2026-03-16,2026-03-21,images_lidl/lidl_offer_197.jpg,"cat_knabbern_naschen,tag_ultra_processed",,ref_000197,obs_0000022602|obs_0000023016|obs_0000021489|obs_0000006186|obs_0000026354|obs_0000020226|obs_0000019733|obs_0000016670|obs_0000012645|obs_0000016257|obs_0000018914|obs_0000017723,obs_0000022602|obs_0000023016|obs_0000021489
Frischei Waffeln XXL,Kuchenzauber,"€ 1,79",,1 kg = 5.34,,Nein,Gültig bis 21.03,2026-03-16,2026-03-21,images_lidl/lidl_offer_198.jpg,"cat_knabbern_naschen,diet_vegetarian,tag_ultra_processed",,ref_000198,obs_0000019372|obs_0000020191|obs_0000020439|obs_0000008359|obs_0000008737|obs_0000009325|obs_0000012209,obs_0000019372|obs_0000020191|obs_0000020439
Cr pes XXL,Kuchenzauber,"€ 3,99",,1 kg = 6.93,,Nein,Gültig bis 21.03,2026-03-16,2026-03-21,images_lidl/lidl_offer_199.jpg,"cat_knabbern_naschen,tag_ultra_processed",,ref_000199,obs_0000023247|obs_0000023950|obs_0000022947|obs_0000013523|obs_0000022526|obs_0000012209,obs_0000023247|obs_0000023950
Erdnussbutter XXL,McEnnedy,"€ 2,79",,1 kg = 4.29,,Nein,Gültig bis 21.03,2026-03-16,2026-03-21,images_lidl/lidl_offer_200.jpg,"cat_knabbern_naschen,diet_vegetarian,sub_butter_margarine,sub_milchprodukte,tag_ultra_processed",,ref_000200,obs_0000017951|obs_0000012209,obs_0000017951
Gourmet Filet Snack XXL,Orlando,"€ 5,49",,1 kg = 10.98,,Nein,Gültig bis 21.03,2026-03-16,2026-03-21,images_lidl/lidl_offer_201.jpg,"cat_fleisch_wurst,sub_gefluegel,sub_schwein,tag_proteinreich,tag_ultra_processed",,ref_000201,obs_0000018498|obs_0000017329|obs_0000013349|obs_0000023929|obs_0000016223|obs_0000014218|obs_0000012209,
Geschirrspülmittel XXL Pure Frische,Pril,"€ 2,89",,1 l = 2.41,,Nein,Gültig bis 21.03,2026-03-16,2026-03-21,images_lidl/lidl_offer_202.jpg,cat_drogerie,,ref_000202,obs_0000023947|obs_0000018544|obs_0000015375|obs_0000014483|obs_0000011050|obs_0000013643|obs_0000007847|obs_0000012498|obs_0000012511|obs_0000010607|obs_0000031917|obs_0000009717|obs_0000032284|obs_0000007751|obs_0000026348|obs_0000012209,obs_0000023947
Asia Noodles XXL Teriyaki Chicken Taste,Knorr,"€ 1,19",,1 kg = 14.17,,Nein,Gültig bis 21.03,2026-03-16,2026-03-21,images_lidl/lidl_offer_203.jpg,"cat_fleisch_wurst,sub_gefluegel,tag_proteinreich,tag_ultra_processed",,ref_000203,obs_0000008547,
Saure Glühringe,Trolli,"€ 0,79",,"UVP
1,09 €",,Nein,Gültig bis 21.03,2026-03-16,2026-03-21,images_lidl/lidl_offer_204.jpg,cat_getraenke,,ref_000204,,
Osterhase,Yogurette,"€ 2,99",,1 kg = 39.87,,Nein,Gültig bis 21.03,2026-03-16,2026-03-21,images_lidl/lidl_offer_205.jpg,"cat_knabbern_naschen,diet_vegetarian,tag_ultra_processed",,ref_000205,,
Osterhase,Ferrero Rocher,"€ 3,29",,1 kg = 47.00,,Nein,Gültig bis 21.03,2026-03-16,2026-03-21,,"cat_knabbern_naschen,diet_vegetarian,tag_ultra_processed",,ref_000206,,
Kraft Aktiv WC-Stein,WC Frisch,"€ 4,49",,1 kg = 22.45,,Nein,Gültig bis 21.03,2026-03-16,2026-03-21,images_lidl/lidl_offer_207.jpg,cat_drogerie,,ref_000207,obs_0000024158|obs_0000016123|obs_0000021833|obs_0000013833|obs_0000012812|obs_0000008241|obs_0000030266|obs_0000014484|obs_0000030901|obs_0000004826|obs_0000011051|obs_0000000812|obs_0000004399|obs_0000013631|obs_0000003972|obs_0000000452|obs_0000010215|obs_0000010379|obs_0000007374|obs_0000005842|obs_0000031530|obs_0000011672,obs_0000024158|obs_0000016123|obs_0000021833
Biscuits,Wasa,"€ 1,99",,"UVP
2,49 €",,Nein,Gültig bis 21.03,2026-03-16,2026-03-21,images_lidl/lidl_offer_208.jpg,"cat_knabbern_naschen,diet_vegan,tag_ultra_processed",,ref_000208,obs_0000026428|obs_0000022598|obs_0000013147|obs_0000023018|obs_0000001187|obs_0000025660|obs_0000012653|obs_0000016375|obs_0000016356|obs_0000017254,obs_0000026428|obs_0000022598|obs_0000013147|obs_0000023018
Weißkäse,Patros,"€ 1,99",,"3,29 €",,Nein,Gültig bis 21.03,2026-03-16,2026-03-21,images_lidl/lidl_offer_209.jpg,"cat_molkerei_kaese,sub_kaese,sub_milchprodukte",,ref_000209,obs_0000023076|obs_0000018148|obs_0000020115|obs_0000019296|obs_0000017008|obs_0000017844|obs_0000020535|obs_0000017129,obs_0000023076|obs_0000018148|obs_0000020115|obs_0000019296
Smoothie,Innocent,"€ 1,69",,"2,49 €",,Nein,Gültig bis 21.03,2026-03-16,2026-03-21,images_lidl/lidl_offer_210.jpg,cat_getraenke,BLS-F034600,ref_000210,obs_0000008466|obs_0000016406|obs_0000004384|obs_0000003248|obs_0000020534|obs_0000000440|obs_0000001853|obs_0000004811|obs_0000003957|obs_0000032013|obs_0000010394|obs_0000011856|obs_0000012920|obs_0000026997|obs_0000001191|obs_0000030081|obs_0000006542|obs_0000007320|obs_0000005061|obs_0000027978|obs_0000006350|obs_0000027653|obs_0000010403|obs_0000028997|obs_0000012391|obs_0000029422|obs_0000005250|obs_0000005809|obs_0000010264,obs_0000032013|obs_0000008466|obs_0000016406|obs_0000010394|obs_0000004384|obs_0000003248|obs_0000020534|obs_0000000440|obs_0000001853|obs_0000004811|obs_0000011856|obs_0000003957|obs_0000012920
Duplo,Duplo,"€ 5,39",,1 kg = 14.81,,Nein,Gültig bis 21.03,2026-03-16,2026-03-21,images_lidl/lidl_offer_211.jpg,"cat_non_food,diet_vegetarian,tag_ultra_processed",,ref_000211,obs_0000014984|obs_0000021527|obs_0000026141|obs_0000029899|obs_0000027497|obs_0000022286|obs_0000016153|obs_0000026272|obs_0000015013|obs_0000001192|obs_0000022705|obs_0000028097|obs_0000015938|obs_0000017224|obs_0000017106|obs_0000018387|obs_0000007128|obs_0000006371|obs_0000018020|obs_0000006381|obs_0000020596|obs_0000005626|obs_0000001787|obs_0000007728|obs_0000009276|obs_0000008817|obs_0000012800|obs_0000006374|obs_0000026269,obs_0000014984|obs_0000021527|obs_0000026141|obs_0000029899|obs_0000027497
Grill-Camembert High Protein,Alpenhain,"€ 2,49",,"UVP
3,49 €",,Nein,Gültig bis 21.03,2026-03-16,2026-03-21,images_lidl/lidl_offer_212.jpg,"cat_molkerei_kaese,diet_vegetarian,sub_kaese,sub_milchprodukte,tag_high_protein,tag_proteinreich",,ref_000212,obs_0000010910|obs_0000025109|obs_0000032268|obs_0000010072,
Rum Carta Blanca,Bacardi,"€ 10,99",,"UVP
14,99 €",,Nein,Gültig bis 21.03,2026-03-16,2026-03-21,images_lidl/lidl_offer_213.jpg,cat_getraenke,,ref_000213,obs_0000025836|obs_0000008024|obs_0000016993|obs_0000020952|obs_0000027105|obs_0000007351|obs_0000023130|obs_0000025697|obs_0000031501|obs_0000016158,obs_0000025836|obs_0000008024
Backcontainer,Zenker,"€ 9,99",,"UVP
20,99 €",,Nein,Gültig bis 21.03,2026-03-16,2026-03-21,images_lidl/lidl_offer_214.jpg,"cat_knabbern_naschen,tag_ultra_processed",,ref_000214,,
Kinder-Küchen-Set 3-teilig,Livarno Home,"€ 4,99",,Kein Mengenpreis,,Nein,Gültig bis 21.03,2026-03-16,2026-03-21,images_lidl/lidl_offer_215.jpg,cat_non_food,,ref_000215,,
Dauerbackfolie,Silvercrest,"€ 1,99",,Kein Mengenpreis,,Nein,Gültig bis 21.03,2026-03-16,2026-03-21,images_lidl/lidl_offer_216.jpg,cat_non_food,,ref_000216,,
Obstbodenform,Kaiser,"€ 6,99",,"UVP
11,99 €",,Nein,Gültig bis 21.03,2026-03-16,2026-03-21,images_lidl/lidl_offer_217.jpg,"cat_non_food,diet_vegetarian",,ref_000217,,
Küchenmaschine,Silvercrest,"€ 119,00",,Kein Mengenpreis,,Nein,Gültig bis 21.03,2026-03-16,2026-03-21,images_lidl/lidl_offer_218.jpg,cat_non_food,,ref_000218,obs_0000030970|obs_0000018913|obs_0000017248|obs_0000023797|obs_0000019732|obs_0000007649|obs_0000016081|obs_0000004313|obs_0000002395|obs_0000004740|obs_0000031737|obs_0000003219|obs_0000009584|obs_0000003886|obs_0000018500|obs_0000018645|obs_0000020726|obs_0000019464|obs_0000017501|obs_0000023218|obs_0000018196|obs_0000016725|obs_0000020893|obs_0000015324|obs_0000013243,obs_0000030970|obs_0000018913|obs_0000017248|obs_0000023797|obs_0000019732|obs_0000007649|obs_0000016081
Herdbackblech,Zenker,"€ 6,99",,"UVP
19,99 €",,Nein,Gültig bis 21.03,2026-03-16,2026-03-21,images_lidl/lidl_offer_219.jpg,"cat_non_food,tag_ultra_processed",,ref_000219,obs_0000023429,
Silikon Backformen,Silvercrest,"€ 1,99",,Kein Mengenpreis,,Nein,Gültig bis 21.03,2026-03-16,2026-03-21,images_lidl/lidl_offer_220.jpg,cat_non_food,,ref_000220,obs_0000019227|obs_0000020046|obs_0000020405,obs_0000030935|obs_0000004320|obs_0000002275|obs_0000004747|obs_0000023216|obs_0000023255|obs_0000023570|obs_0000003137|obs_0000025900|obs_0000017710|obs_0000003893
Trinkgläser-Set,Freeway,"€ 3,99",,Kein Mengenpreis,,Nein,Gültig bis 21.03,2026-03-16,2026-03-21,images_lidl/lidl_offer_221.jpg,cat_non_food,,ref_000221,obs_0000012003|obs_0000008368,obs_0000012003
Silikon-Spritzbeutel-Set,Silvercrest,"€ 2,19",,Kein Mengenpreis,,Nein,Gültig bis 21.03,2026-03-16,2026-03-21,images_lidl/lidl_offer_222.jpg,cat_non_food,,ref_000222,,
Back- und Abkühlgitter-Set,Silvercrest,"€ 4,99",,Kein Mengenpreis,,Nein,Gültig bis 21.03,2026-03-16,2026-03-21,images_lidl/lidl_offer_223.jpg,cat_non_food,,ref_000223,obs_0000008290,
Kuchenheber Tortenboden-Schneidhilfe,Silvercrest,"€ 3,99",,Kein Mengenpreis,,Nein,Gültig bis 21.03,2026-03-16,2026-03-21,images_lidl/lidl_offer_224.jpg,cat_non_food,,ref_000224,,
Vorratsdosen-Set,Silvercrest,"€ 12,99",,"16,99 €",,Nein,Gültig bis 21.03,2026-03-16,2026-03-21,images_lidl/lidl_offer_225.jpg,cat_non_food,,ref_000225,obs_0000021631|obs_0000017885|obs_0000009715|obs_0000018117|obs_0000030988|obs_0000012048,obs_0000021631|obs_0000017885|obs_0000009715|obs_0000018117
Waffeleisen,Silvercrest,"€ 12,99",,Kein Mengenpreis,,Nein,Gültig bis 21.03,2026-03-16,2026-03-21,images_lidl/lidl_offer_226.jpg,cat_non_food,BLS-D621200,ref_000226,obs_0000002278|obs_0000004375|obs_0000031009|obs_0000004802|obs_0000003146|obs_0000003948|obs_0000024529|obs_0000030781|obs_0000021654|obs_0000018818|obs_0000023305|obs_0000019637|obs_0000018085|obs_0000018327|obs_0000020642|obs_0000016561|obs_0000009753,obs_0000002278|obs_0000004375|obs_0000031009|obs_0000004802|obs_0000003146|obs_0000003948|obs_0000024529
Gusseisen-Topf,Silvercrest,"€ 29,99",,Kein Mengenpreis,,Nein,Gültig bis 21.03,2026-03-16,2026-03-21,,cat_non_food,,ref_000227,obs_0000017480|obs_0000017695|obs_0000012418|obs_0000012442|obs_0000008482,obs_0000017480|obs_0000017695
Gusseisen-Topf-Set,SilverCrest,"€ 49,99",,Kein Mengenpreis,,Nein,Gültig bis 21.03,2026-03-16,2026-03-21,images_lidl/lidl_offer_228.jpg,cat_non_food,,ref_000228,obs_0000014916|obs_0000017480|obs_0000017695|obs_0000017928|obs_0000015943|obs_0000013698,obs_0000017480|obs_0000017695
Gusseisen-Servierpfanne,Silvercrest,"€ 29,99",,Kein Mengenpreis,,Nein,Gültig bis 21.03,2026-03-16,2026-03-21,images_lidl/lidl_offer_229.jpg,cat_non_food,,ref_000229,obs_0000017899|obs_0000016510|obs_0000012440|obs_0000012452,obs_0000016510|obs_0000017899
Gusseisen-Grillpfanne,Silvercrest,"€ 9,99",,"14,99 €",,Nein,Gültig bis 21.03,2026-03-16,2026-03-21,images_lidl/lidl_offer_230.jpg,cat_non_food,,ref_000230,,
Gusseisen-Bräter,Silvercrest,"€ 29,99",,Kein Mengenpreis,,Nein,Gültig bis 21.03,2026-03-16,2026-03-21,images_lidl/lidl_offer_231.jpg,cat_non_food,,ref_000231,obs_0000024000|obs_0000017113|obs_0000008389,obs_0000030751|obs_0000017113|obs_0000024000
Servierschale Snackschalen-Set,Silvercrest,"€ 4,99",,"7,99 €",,Nein,Gültig bis 21.03,2026-03-16,2026-03-21,images_lidl/lidl_offer_232.jpg,cat_non_food,,ref_000232,,
Smart-Tamping-Espressomaschine,Silvercrest,"€ 249,00",,"299,00 €",,Nein,Gültig bis 21.03,2026-03-16,2026-03-21,images_lidl/lidl_offer_233.jpg,cat_non_food,,ref_000233,obs_0000022903|obs_0000022481|obs_0000002569,
Kaffeevollautomat,Krups,"€ 299,00",,"UVP
819,99 €",,Nein,Gültig bis 21.03,2026-03-16,2026-03-21,images_lidl/lidl_offer_234.jpg,"cat_getraenke,diet_gluten_free,diet_lactose_free,diet_vegan,diet_vegetarian,sub_frisches_gemuese,tag_whole_food",,ref_000234,obs_0000022485|obs_0000022907|obs_0000021660|obs_0000022060|obs_0000023998|obs_0000016918|obs_0000020464|obs_0000017780|obs_0000020117|obs_0000016465|obs_0000015444|obs_0000020320|obs_0000019298|obs_0000016359|obs_0000021226|obs_0000019114|obs_0000019933|obs_0000023389|obs_0000023611|obs_0000009660|obs_0000014531|obs_0000009992|obs_0000013685|obs_0000016582|obs_0000023409|obs_0000018039|obs_0000016346,obs_0000021660|obs_0000022060|obs_0000023998|obs_0000022485|obs_0000022907
Pfannen-Set,Tefal,"€ 39,99",,"UVP
94,99 €",,Nein,Gültig bis 21.03,2026-03-16,2026-03-21,images_lidl/lidl_offer_235.jpg,"cat_non_food,diet_lactose_free,diet_vegan",,ref_000235,obs_0000022906|obs_0000022480|obs_0000008621|obs_0000009104,
Kaffeemaschine,Philips,"€ 54,99",,"99,99 €",,Nein,Gültig bis 21.03,2026-03-16,2026-03-21,images_lidl/lidl_offer_236.jpg,cat_non_food,,ref_000236,obs_0000022908|obs_0000022483|obs_0000022057|obs_0000022064|obs_0000015951|obs_0000017219|obs_0000021656|obs_0000023878|obs_0000019535|obs_0000015446|obs_0000023627|obs_0000017559|obs_0000017118|obs_0000018716|obs_0000020457|obs_0000015955|obs_0000016665|obs_0000017354|obs_0000014072|obs_0000022922|obs_0000022498|obs_0000019060|obs_0000016516|obs_0000017140|obs_0000020741|obs_0000019879|obs_0000020466|obs_0000023678|obs_0000017772,obs_0000022057|obs_0000022064|obs_0000022091|obs_0000015951|obs_0000017219|obs_0000022908|obs_0000022483
Nicer Dicer Smart-Set,Genius,"€ 24,99",,"UVP
89,95 €",,Nein,Gültig bis 21.03,2026-03-16,2026-03-21,images_lidl/lidl_offer_237.jpg,cat_non_food,,ref_000237,obs_0000022183|obs_0000008898|obs_0000009362,obs_0000022183
Doppelzonen-Heißluftfritteuse,Silvercrest,"€ 59,99",,"84,99 €",,Nein,Gültig bis 21.03,2026-03-16,2026-03-21,images_lidl/lidl_offer_238.jpg,cat_non_food,,ref_000238,obs_0000016655|obs_0000021227|obs_0000021243|obs_0000017444|obs_0000017425|obs_0000008288|obs_0000002156|obs_0000022653|obs_0000024845|obs_0000004377|obs_0000015042|obs_0000004804|obs_0000000770|obs_0000002968|obs_0000023997|obs_0000022061|obs_0000022230|obs_0000003950|obs_0000020608|obs_0000019262|obs_0000020081,
Gläser-Set 4-tlg,Spiegelau,"€ 7,99",,"24,90 €",,Nein,Gültig bis 21.03,2026-03-16,2026-03-21,images_lidl/lidl_offer_239.jpg,cat_non_food,,ref_000239,obs_0000018382|obs_0000008291|obs_0000022861|obs_0000022906|obs_0000014715|obs_0000014904|obs_0000007670|obs_0000018117|obs_0000001876|obs_0000018303|obs_0000022438|obs_0000001964|obs_0000022480|obs_0000018090,obs_0000018382
Smoothie-Maker,Silvercrest,"€ 17,99",,Kein Mengenpreis,,Nein,Gültig bis 21.03,2026-03-16,2026-03-21,images_lidl/lidl_offer_240.jpg,cat_non_food,,ref_000240,obs_0000016406|obs_0000020534|obs_0000012391|obs_0000010394|obs_0000010403|obs_0000008466|obs_0000004384|obs_0000000440|obs_0000012920|obs_0000004811|obs_0000003248|obs_0000032013|obs_0000011856|obs_0000001853|obs_0000003957|obs_0000010264,
Tafelbesteck,Silvercrest,"€ 17,99",,"24,99 €",,Nein,Gültig bis 21.03,2026-03-16,2026-03-21,images_lidl/lidl_offer_241.jpg,"cat_non_food,diet_gluten_free,diet_lactose_free,diet_vegan,diet_vegetarian,tag_whole_food",,ref_000241,obs_0000022904|obs_0000022482,
Wasserkocher,Silvercrest,"€ 14,99",,Kein Mengenpreis,,Nein,Gültig bis 21.03,2026-03-16,2026-03-21,,cat_non_food,,ref_000242,obs_0000020625|obs_0000018625|obs_0000016824|obs_0000019444|obs_0000021655|obs_0000031006|obs_0000020928|obs_0000016963|obs_0000000766|obs_0000017221|obs_0000032410|obs_0000022093|obs_0000001720|obs_0000016093|obs_0000031316|obs_0000025575|obs_0000013666|obs_0000014070|obs_0000024372|obs_0000014720|obs_0000016215|obs_0000015051|obs_0000012379|obs_0000010648|obs_0000008835|obs_0000009296|obs_0000008013,obs_0000020625|obs_0000018625|obs_0000031006|obs_0000016824|obs_0000020928|obs_0000016963|obs_0000000766|obs_0000017221|obs_0000019444|obs_0000021655|obs_0000032410|obs_0000022093|obs_0000001720|obs_0000016093
Tafelservice 12-tlg,Creatable,"€ 44,99",,"UVP
139,99 €",,Nein,Gültig bis 21.03,2026-03-16,2026-03-21,images_lidl/lidl_offer_243.jpg,"cat_non_food,diet_gluten_free,diet_lactose_free,diet_vegan,diet_vegetarian",,ref_000243,obs_0000001956|obs_0000017356|obs_0000015848,
Doppelschlitztoaster,Silvercrest,"€ 14,99",,Kein Mengenpreis,,Nein,Gültig bis 21.03,2026-03-16,2026-03-21,images_lidl/lidl_offer_244.jpg,"cat_non_food,tag_ultra_processed",,ref_000244,,obs_0000016659|obs_0000021659|obs_0000016201
7-Zonen-1 000er-Taschenfederkern-Matratze,Livarno,"€ 129,00",,"149,00 €",,Nein,Gültig bis 21.03,2026-03-16,2026-03-21,images_lidl/lidl_offer_245.jpg,cat_non_food,,ref_000245,obs_0000021021|obs_0000017116|obs_0000020732|obs_0000021251|obs_0000022845|obs_0000016717|obs_0000022423|obs_0000017528|obs_0000018606|obs_0000023392|obs_0000019425,obs_0000015580|obs_0000014824
Kaltschaum-Matratze,BeCo,"€ 115,00",,"UVP
299,00 €",,Nein,Gültig bis 21.03,2026-03-16,2026-03-21,images_lidl/lidl_offer_246.jpg,cat_non_food,,ref_000246,obs_0000018173|obs_0000021254,
4K-Ultra-HD-Smart-TV,TCL,"€ 269,00",,"UVP
499,00 €",,Nein,Gültig bis 21.03,2026-03-16,2026-03-21,images_lidl/lidl_offer_247.jpg,cat_non_food,,ref_000247,obs_0000021450,
Jersey-Spannbettuch,Looks by Wolfgang Joop,"€ 12,99",,"UVP
32,95 €",,Nein,Gültig bis 21.03,2026-03-16,2026-03-21,images_lidl/lidl_offer_248.jpg,cat_non_food,,ref_000248,,obs_0000000258|obs_0000004100|obs_0000004527|obs_0000000690|obs_0000020659|obs_0000002893|obs_0000003673|obs_0000000739|obs_0000016889|obs_0000003323
Samtvorhang-Set,Looks by Wolfgang Joop,"€ 29,99",,"UVP
149,95 €",,Nein,Gültig bis 21.03,2026-03-16,2026-03-21,images_lidl/lidl_offer_249.jpg,cat_non_food,,ref_000249,obs_0000021685|obs_0000024057,obs_0000016403|obs_0000020662|obs_0000021685|obs_0000024057
Mako-Satin-Bettwäsche,Looks by Wolfgang Joop,"€ 34,99",,"UVP
109,95 €",,Nein,Gültig bis 21.03,2026-03-16,2026-03-21,images_lidl/lidl_offer_250.jpg,cat_drogerie,,ref_000250,obs_0000020657|obs_0000016698|obs_0000021664|obs_0000018158|obs_0000009800|obs_0000017092|obs_0000020951|obs_0000001767|obs_0000022835|obs_0000009573|obs_0000022412|obs_0000024539,obs_0000009800|obs_0000021664|obs_0000020657|obs_0000018158|obs_0000016698
Orange Drehtürenschrank,Rauch,"€ 479,00",,"UVP
1.299,00 €",,Nein,Gültig bis 21.03,2026-03-16,2026-03-21,images_lidl/lidl_offer_251.jpg,"cat_getraenke,diet_gluten_free,diet_lactose_free,diet_vegan,diet_vegetarian,tag_whole_food",,ref_000251,obs_0000021857|obs_0000029200|obs_0000001318|obs_0000000709,
Matratze,Emma,"€ 129,00",,Kein Mengenpreis,,Nein,Gültig bis 21.03,2026-03-16,2026-03-21,images_lidl/lidl_offer_252.jpg,cat_non_food,,ref_000252,obs_0000016009|obs_0000017312|obs_0000016150|obs_0000023728|obs_0000023732|obs_0000018530|obs_0000021251|obs_0000022423|obs_0000021021|obs_0000001832|obs_0000021689|obs_0000022845|obs_0000024056|obs_0000016717|obs_0000021459|obs_0000017116|obs_0000018529|obs_0000021994|obs_0000001138|obs_0000024055|obs_0000020732|obs_0000021688|obs_0000018606|obs_0000016835|obs_0000019425|obs_0000023392|obs_0000017528|obs_0000021866|obs_0000015023|obs_0000016439|obs_0000015818|obs_0000018168|obs_0000018173|obs_0000021254|obs_0000015438|obs_0000015584,
Taschenfederkern-Matratze,Emma,"€ 119,00",,Kein Mengenpreis,,Nein,Gültig bis 21.03,2026-03-16,2026-03-21,images_lidl/lidl_offer_253.jpg,cat_non_food,,ref_000253,obs_0000016150|obs_0000023728|obs_0000021251|obs_0000022423|obs_0000021021|obs_0000022845|obs_0000016717|obs_0000017116|obs_0000020732|obs_0000023732|obs_0000018530|obs_0000018606|obs_0000023392|obs_0000019425|obs_0000017528|obs_0000015023|obs_0000015818|obs_0000018168,
Matratze,Emma,"€ 199,00",,Kein Mengenpreis,,Nein,Gültig bis 21.03,2026-03-16,2026-03-21,images_lidl/lidl_offer_254.jpg,cat_non_food,,ref_000254,obs_0000016009|obs_0000017312|obs_0000016150|obs_0000023728|obs_0000023732|obs_0000018530|obs_0000021251|obs_0000022423|obs_0000021021|obs_0000001832|obs_0000021689|obs_0000022845|obs_0000024056|obs_0000016717|obs_0000021459|obs_0000017116|obs_0000018529|obs_0000021994|obs_0000001138|obs_0000024055|obs_0000020732|obs_0000021688|obs_0000018606|obs_0000016835|obs_0000019425|obs_0000023392|obs_0000017528|obs_0000021866|obs_0000015023|obs_0000016439|obs_0000015818|obs_0000018168|obs_0000018173|obs_0000021254|obs_0000015438|obs_0000015584,
Trolley-Boardcase,Esmara,"€ 24,99",,"29,99 €",,Nein,Gültig bis 21.03,2026-03-16,2026-03-21,images_lidl/lidl_offer_255.jpg,cat_non_food,,ref_000255,obs_0000012021|obs_0000012024|obs_0000012058,
Handgepäck-Rucksack,Esmara,"€ 12,99",,"16,99 €",,Nein,Gültig bis 21.03,2026-03-16,2026-03-21,images_lidl/lidl_offer_256.jpg,cat_non_food,,ref_000256,obs_0000012469|obs_0000012696|obs_0000010702|obs_0000013307|obs_0000013724|obs_0000009763|obs_0000012074,
Trolley-Reisekoffer,Esmara,"€ 17,99",,Kein Mengenpreis,,Nein,Gültig bis 21.03,2026-03-16,2026-03-21,images_lidl/lidl_offer_257.jpg,cat_non_food,,ref_000257,obs_0000023296|obs_0000019232|obs_0000020051|obs_0000012021|obs_0000012024|obs_0000012058,obs_0000023296|obs_0000019232|obs_0000020051
Diebstahlschutz-Tasche Handtasche,Esmara,"€ 7,99",,"9,99 €",,Nein,Gültig bis 21.03,2026-03-16,2026-03-21,images_lidl/lidl_offer_258.jpg,cat_non_food,,ref_000258,obs_0000018475,
Apple Geschenkkarte 100,Apple,,,Kein Mengenpreis,,Nein,Gültig bis 21.03,2026-03-16,2026-03-21,images_lidl/lidl_offer_259.jpg,cat_non_food,,ref_000259,obs_0000000686|obs_0000001062|obs_0000001972|obs_0000001792,
Kinder-Reisekoffer,Lupilu,"€ 19,99",,"24,99 €",,Nein,Gültig bis 21.03,2026-03-16,2026-03-21,images_lidl/lidl_offer_260.jpg,"cat_non_food,tag_ultra_processed",,ref_000260,,
Reise-Dampfbügeleisen,Silvercrest,"€ 9,99",,"14,99 €",,Nein,Gültig bis 21.03,2026-03-16,2026-03-21,images_lidl/lidl_offer_261.jpg,cat_non_food,,ref_000261,obs_0000021224|obs_0000003441|obs_0000024544,
Smart Tag Finder,Tronic,"€ 9,99",,"12,99 €",,Nein,Gültig bis 21.03,2026-03-16,2026-03-21,images_lidl/lidl_offer_262.jpg,"cat_non_food,tag_ultra_processed",,ref_000262,,
Malbuch,Crelando,"€ 3,99",,Kein Mengenpreis,,Nein,Gültig bis 21.03,2026-03-16,2026-03-21,images_lidl/lidl_offer_263.jpg,cat_non_food,,ref_000263,,
Erste-Hilfe-Set,Sensiplast,"€ 2,99",,Kein Mengenpreis,,Nein,Gültig bis 21.03,2026-03-16,2026-03-21,images_lidl/lidl_offer_264.jpg,cat_non_food,,ref_000264,obs_0000012039,
DinoXperience in Königswinter,DinoXperience in Königswinter,"€ 59,00",,"73,00 €",,Nein,Gültig bis 21.03,2026-03-16,2026-03-21,images_lidl/lidl_offer_265.jpg,"cat_non_food,diet_vegetarian",,ref_000265,,
Holiday Camp Aufenthalt,Heide Park,"€ 69,00",,Kein Mengenpreis,,Nein,Gültig bis 21.03,2026-03-16,2026-03-21,images_lidl/lidl_offer_266.jpg,"cat_non_food,diet_lactose_free,diet_vegan,diet_vegetarian",,ref_000266,,
Ravensburger Spieleland,Lidl Reisen,"€ 65,00",,"84,00 €",,Nein,Gültig bis 21.03,2026-03-16,2026-03-21,,cat_non_food,,ref_000267,,
Autostadt Erlebniswelt Wolfsburg,Autostadt Erlebniswelt Wolfsburg,"€ 49,00",,Kein Mengenpreis,,Nein,Gültig bis 21.03,2026-03-16,2026-03-21,images_lidl/lidl_offer_268.jpg,cat_non_food,,ref_000268,,
Seifenblasen Mini-Mix,Pustefix,"€ 4,99",,Kein Mengenpreis,,Nein,Gültig bis 21.03,2026-03-16,2026-03-21,images_lidl/lidl_offer_269.jpg,"cat_knabbern_naschen,diet_gluten_free,diet_lactose_free,diet_vegan,diet_vegetarian,tag_ultra_processed,tag_whole_food",,ref_000269,obs_0000024891|obs_0000025558|obs_0000026566|obs_0000010378|obs_0000016653|obs_0000014741|obs_0000011774|obs_0000024151|obs_0000016055,
Fahrzeug,Lena,"€ 19,99",,"UVP
37,99 €",,Nein,Gültig bis 21.03,2026-03-16,2026-03-21,images_lidl/lidl_offer_270.jpg,cat_non_food,,ref_000270,obs_0000015328|obs_0000016032|obs_0000003114|obs_0000002414|obs_0000014077|obs_0000024806|obs_0000014087|obs_0000013249|obs_0000026292|obs_0000013239,obs_0000015328|obs_0000016032
Schubkarre mit Gartenwerkzeug,Lupilu,"€ 12,99",,"19,99 €",,Nein,Gültig bis 21.03,2026-03-16,2026-03-21,images_lidl/lidl_offer_271.jpg,cat_non_food,,ref_000271,,
Seifenblasenbrunnen,Seifenblasenbrunnen,"€ 4,99",,"UVP
9,99 €",,Nein,Gültig bis 21.03,2026-03-16,2026-03-21,images_lidl/lidl_offer_272.jpg,"cat_non_food,diet_gluten_free,diet_lactose_free,diet_vegan,diet_vegetarian,tag_whole_food",,ref_000272,,
Holz-Outdoorküche,Lupilu,"€ 19,99",,"39,99 €",,Nein,Gültig bis 21.03,2026-03-16,2026-03-21,images_lidl/lidl_offer_273.jpg,cat_non_food,,ref_000273,,
Sandspielzeug,Lupilu,"€ 2,99",,Kein Mengenpreis,,Nein,Gültig bis 21.03,2026-03-16,2026-03-21,images_lidl/lidl_offer_274.jpg,cat_non_food,,ref_000274,,
XXL-Seifenblasenschwert,Lupilu,"€ 4,99",,Kein Mengenpreis,,Nein,Gültig bis 21.03,2026-03-16,2026-03-21,images_lidl/lidl_offer_275.jpg,cat_non_food,,ref_000275,obs_0000012209,
Flugspiel Mini-Wurfgleiter auf Rädern,Lupilu,"€ 3,99",,Kein Mengenpreis,,Nein,Gültig bis 21.03,2026-03-16,2026-03-21,images_lidl/lidl_offer_276.jpg,cat_non_food,,ref_000276,obs_0000010378|obs_0000016653|obs_0000014741|obs_0000011774|obs_0000024151|obs_0000016055,
Holzpferd,Lupilu,"€ 39,99",,"54,99 €",,Nein,Gültig bis 21.03,2026-03-16,2026-03-21,images_lidl/lidl_offer_277.jpg,cat_non_food,,ref_000277,,
Balanciersteine,Lupilu,"€ 9,99",,"24,99 €",,Nein,Gültig bis 21.03,2026-03-16,2026-03-21,images_lidl/lidl_offer_278.jpg,cat_non_food,,ref_000278,obs_0000002271|obs_0000017149|obs_0000001979|obs_0000002525,obs_0000002271|obs_0000017149|obs_0000001979|obs_0000002525
Nestschaukel,Lupilu,"€ 24,99",,"29,99 €",,Nein,Gültig bis 21.03,2026-03-16,2026-03-21,images_lidl/lidl_offer_279.jpg,cat_non_food,,ref_000279,,
Schaukel,Lupilu,"€ 6,99",,"8,99 €",,Nein,Gültig bis 21.03,2026-03-16,2026-03-21,images_lidl/lidl_offer_280.jpg,cat_non_food,BLS-U881100,ref_000280,,
Green Sand,Kinetic Sand,"€ 7,99",,"UVP
9,99 €",,Nein,Gültig bis 21.03,2026-03-16,2026-03-21,images_lidl/lidl_offer_281.jpg,"cat_non_food,diet_vegetarian",,ref_000281,,
Rutsche,Smoby,"€ 39,99",,"UVP
89,99 €",,Nein,Gültig bis 21.03,2026-03-16,2026-03-21,images_lidl/lidl_offer_282.jpg,cat_non_food,,ref_000282,obs_0000015247|obs_0000015728,
Sommerküche,Smoby,"€ 34,99",,"UVP
44,99 €",,Nein,Gültig bis 21.03,2026-03-16,2026-03-21,images_lidl/lidl_offer_283.jpg,cat_non_food,,ref_000283,,
Spielball,Spielball,"€ 1,59",,Kein Mengenpreis,,Nein,Gültig bis 21.03,2026-03-16,2026-03-21,images_lidl/lidl_offer_284.jpg,"cat_non_food,diet_vegan,diet_vegetarian",,ref_000284,,
Spielhaus,Smoby,"€ 89,99",,"UVP
174,99 €",,Nein,Gültig bis 21.03,2026-03-16,2026-03-21,images_lidl/lidl_offer_285.jpg,"cat_non_food,diet_vegetarian",,ref_000285,,
Premium Baby-Body Wickelbody Jogginghose Strampler Wolle Seide,Lupilu,"€ 9,99",,"19,99 €",,Nein,Gültig bis 21.03,2026-03-16,2026-03-21,images_lidl/lidl_offer_286.jpg,cat_non_food,,ref_000286,obs_0000014594,
Outdoor-Sitzgarnitur,Roba,"€ 34,99",,"UVP
84,90 €",,Nein,Gültig bis 21.03,2026-03-16,2026-03-21,images_lidl/lidl_offer_287.jpg,cat_non_food,,ref_000287,,
Outdoor-Küche,Roba,"€ 59,99",,Kein Mengenpreis,,Nein,Gültig bis 21.03,2026-03-16,2026-03-21,images_lidl/lidl_offer_288.jpg,cat_non_food,,ref_000288,obs_0000007432,
Funktions-Schlupfhose,Funktions-Schlupfhose,"€ 7,99",,"9,99 €",,Nein,Gültig bis 21.03,2026-03-16,2026-03-21,images_lidl/lidl_offer_289.jpg,cat_non_food,,ref_000289,,
Trampolin Modell Fantastic 300V,Hudora,"€ 299,00",,Kein Mengenpreis,,Nein,Gültig bis 21.03,2026-03-16,2026-03-21,images_lidl/lidl_offer_290.jpg,"cat_non_food,tag_ultra_processed",,ref_000290,,
Tischtennisplatten-Set,Donic,"€ 369,00",,"UVP
529,00 €",,Nein,Gültig bis 21.03,2026-03-16,2026-03-21,images_lidl/lidl_offer_291.jpg,cat_non_food,,ref_000291,,
Sandkasten,Lupilu,"€ 34,99",,"49,99 €",,Nein,Gültig bis 21.03,2026-03-16,2026-03-21,images_lidl/lidl_offer_292.jpg,cat_non_food,,ref_000292,,
PERFORMANCE Akku-Kettensäge 40 V,Parkside,"€ 79,99",,"88,72 €",,Nein,Gültig bis 21.03,2026-03-16,2026-03-21,images_lidl/lidl_offer_293.jpg,cat_non_food,,ref_000293,obs_0000018956|obs_0000021580|obs_0000019775|obs_0000020412,
Akku-Teleskop-Heckenschere 20 V,PARKSIDE,"€ 49,99",,Kein Mengenpreis,,Nein,Gültig bis 21.03,2026-03-16,2026-03-21,images_lidl/lidl_offer_294.jpg,cat_non_food,,ref_000294,obs_0000012591|obs_0000000186|obs_0000000184,
Akku-Regenfasspumpe 20 V,PARKSIDE,"€ 49,99",,Kein Mengenpreis,,Nein,Gültig bis 21.03,2026-03-16,2026-03-21,images_lidl/lidl_offer_295.jpg,cat_non_food,,ref_000295,obs_0000021266|obs_0000021586|obs_0000021844|obs_0000021950|obs_0000021951|obs_0000021952|obs_0000021955|obs_0000021956|obs_0000021958|obs_0000021962|obs_0000021964|obs_0000000184|obs_0000021583|obs_0000021460,
Akku-4-in-1-Kombigerät 40 V,PARKSIDE,"€ 13,69",,Kein Mengenpreis,,Nein,Gültig bis 21.03,2026-03-16,2026-03-21,images_lidl/lidl_offer_296.jpg,cat_non_food,,ref_000296,,
Smart-Akku 20 V 4 Ah,PARKSIDE PERFORMANCE,"€ 29,99",,Kein Mengenpreis,,Nein,Gültig bis 21.03,2026-03-16,2026-03-21,images_lidl/lidl_offer_297.jpg,cat_non_food,,ref_000297,obs_0000021586|obs_0000021951|obs_0000021954|obs_0000000184|obs_0000017483,
Akku-Bodenhacke 40 V,PARKSIDE,"€ 99,99",,Kein Mengenpreis,,Nein,Gültig bis 21.03,2026-03-16,2026-03-21,,cat_non_food,,ref_000298,,
Rankgitter,Livarno,"€ 5,99",,Kein Mengenpreis,,Nein,Gültig bis 21.03,2026-03-16,2026-03-21,images_lidl/lidl_offer_299.jpg,cat_non_food,,ref_000299,,
Sonnenschirmständer,Livarno,"€ 24,99",,"34,99 €",,Nein,Gültig bis 21.03,2026-03-16,2026-03-21,images_lidl/lidl_offer_300.jpg,cat_non_food,,ref_000300,,
Holzfliesen,Livarno,"€ 14,99",,"24,99 €",,Nein,Gültig bis 21.03,2026-03-16,2026-03-21,images_lidl/lidl_offer_301.jpg,cat_non_food,,ref_000301,,
Sonnenschirm,Livarno,"€ 14,99",,"19,99 €",,Nein,Gültig bis 21.03,2026-03-16,2026-03-21,images_lidl/lidl_offer_302.jpg,cat_non_food,,ref_000302,,
Blumenregal,Livarno,"€ 9,99",,"12,99 €",,Nein,Gültig bis 21.03,2026-03-16,2026-03-21,images_lidl/lidl_offer_303.jpg,cat_non_food,,ref_000303,,
Sichtschutz,Livarno,"€ 17,99",,"29,99 €",,Nein,Gültig bis 21.03,2026-03-16,2026-03-21,images_lidl/lidl_offer_304.jpg,cat_non_food,,ref_000304,,
Schilf-Sichtschutzmatte,Livarno,"€ 19,99",,"24,99 €",,Nein,Gültig bis 21.03,2026-03-16,2026-03-21,images_lidl/lidl_offer_305.jpg,cat_non_food,,ref_000305,,
Sonnensegel,Livarno,"€ 9,99",,Kein Mengenpreis,,Nein,Gültig bis 21.03,2026-03-16,2026-03-21,images_lidl/lidl_offer_306.jpg,cat_non_food,,ref_000306,,
Fleecedecke,Livarno,"€ 3,50",,Kein Mengenpreis,,Nein,Gültig bis 21.03,2026-03-16,2026-03-21,images_lidl/lidl_offer_307.jpg,cat_non_food,,ref_000307,obs_0000001803|obs_0000011601|obs_0000007859,
In- und Outdoorteppich,Livarno,"€ 12,99",,Kein Mengenpreis,,Nein,Gültig bis 21.03,2026-03-16,2026-03-21,images_lidl/lidl_offer_308.jpg,cat_non_food,,ref_000308,,
Metall-Dekovogel,Livarno,"€ 9,99",,"12,99 €",,Nein,Gültig bis 21.03,2026-03-16,2026-03-21,images_lidl/lidl_offer_309.jpg,cat_non_food,,ref_000309,,
Gartenzwerg,Livarno,"€ 3,59",,Kein Mengenpreis,,Nein,Gültig bis 21.03,2026-03-16,2026-03-21,images_lidl/lidl_offer_310.jpg,cat_non_food,,ref_000310,,
LED-Solar-Leuchte Pilz,Livarno Home,"€ 6,99",,Kein Mengenpreis,,Nein,Gültig bis 21.03,2026-03-16,2026-03-21,images_lidl/lidl_offer_311.jpg,cat_non_food,,ref_000311,obs_0000024894,
Deko-Solar-Leuchte,Livarno,"€ 9,99",,"12,99 €",,Nein,Gültig bis 21.03,2026-03-16,2026-03-21,images_lidl/lidl_offer_312.jpg,cat_non_food,,ref_000312,obs_0000024894,
Deko-Solar-Leuchte,Livarno,"€ 6,99",,"8,99 €",,Nein,Gültig bis 21.03,2026-03-16,2026-03-21,images_lidl/lidl_offer_313.jpg,cat_non_food,,ref_000313,obs_0000024894,
Gartenbox,Livarno,"€ 22,99",,"29,99 €",,Nein,Gültig bis 21.03,2026-03-16,2026-03-21,images_lidl/lidl_offer_314.jpg,cat_non_food,,ref_000314,,
Solar-Springbrunnen,Livarno,"€ 6,99",,"9,99 €",,Nein,Gültig bis 21.03,2026-03-16,2026-03-21,images_lidl/lidl_offer_315.jpg,"cat_non_food,diet_lactose_free",,ref_000315,,
LED-Solar-Strahler,Livarno,"€ 7,99",,"12,99 €",,Nein,Gültig bis 21.03,2026-03-16,2026-03-21,images_lidl/lidl_offer_316.jpg,cat_non_food,,ref_000316,obs_0000000922|obs_0000024894|obs_0000021013|obs_0000014933|obs_0000019046|obs_0000003318|obs_0000019865,obs_0000018881|obs_0000019700|obs_0000020297
LED-Akku-Tischleuchte,Livarno,"€ 9,99",,Kein Mengenpreis,,Nein,Gültig bis 21.03,2026-03-16,2026-03-21,images_lidl/lidl_offer_317.jpg,cat_non_food,,ref_000317,obs_0000000585|obs_0000021428|obs_0000021672|obs_0000024050|obs_0000012552|obs_0000010644|obs_0000019120|obs_0000017157|obs_0000023580|obs_0000019939|obs_0000018031|obs_0000016472|obs_0000020591|obs_0000012616|obs_0000021674,obs_0000000585|obs_0000021428|obs_0000021672|obs_0000024050
LED-Solar-Leuchten,Livarno,"€ 6,99",,"12,99 €",,Nein,Gültig bis 21.03,2026-03-16,2026-03-21,images_lidl/lidl_offer_318.jpg,cat_non_food,,ref_000318,obs_0000003381|obs_0000024894|obs_0000021013|obs_0000000582|obs_0000014933|obs_0000019046|obs_0000019865,obs_0000024894|obs_0000019274|obs_0000020093|obs_0000020221
Mini-LED-Solar-Leuchten,Livarno,"€ 3,19",,"5,99 €",,Nein,Gültig bis 21.03,2026-03-16,2026-03-21,images_lidl/lidl_offer_319.jpg,cat_non_food,,ref_000319,obs_0000003381|obs_0000010378|obs_0000016653|obs_0000014741|obs_0000011774|obs_0000024151|obs_0000016055,
LED-Solar-Lichterkette,Livarno,,,Kein Mengenpreis,,Nein,Gültig bis 21.03,2026-03-16,2026-03-21,images_lidl/lidl_offer_320.jpg,cat_non_food,,ref_000320,obs_0000021013|obs_0000014933|obs_0000019046|obs_0000019865|obs_0000030971|obs_0000004137|obs_0000004138|obs_0000020597|obs_0000018607|obs_0000018630|obs_0000000213|obs_0000004352|obs_0000000283|obs_0000000284|obs_0000031028|obs_0000004457|obs_0000024974|obs_0000000423|obs_0000004564|obs_0000004565|obs_0000023091|obs_0000017023|obs_0000004779|obs_0000019247|obs_0000023415|obs_0000019426|obs_0000003055|obs_0000019449|obs_0000003148|obs_0000003151|obs_0000003221|obs_0000003496|obs_0000003603|obs_0000020066|obs_0000003710|obs_0000003711|obs_0000001794|obs_0000003925|obs_0000001884|obs_0000024433|obs_0000024501|obs_0000004030|obs_0000018478|obs_0000030906|obs_0000030984|obs_0000024894|obs_0000015339|obs_0000017556|obs_0000030280|obs_0000030426,obs_0000031028|obs_0000021013|obs_0000014933|obs_0000019046|obs_0000019865
4-V-Akku-Kreuzlinienlaser,Parkside Performance,"€ 39,99",,"49,99 €",,Nein,Gültig bis 21.03,2026-03-16,2026-03-21,images_lidl/lidl_offer_321.jpg,cat_non_food,,ref_000321,obs_0000017468|obs_0000016898,
20-V-Akku-Drehschlagschrauber,PARKSIDE,"€ 39,99",,Kein Mengenpreis,,Nein,Gültig bis 21.03,2026-03-16,2026-03-21,images_lidl/lidl_offer_322.jpg,cat_non_food,,ref_000322,obs_0000021583|obs_0000015050|obs_0000017130|obs_0000021266|obs_0000021586|obs_0000021844|obs_0000021950|obs_0000021951|obs_0000021952|obs_0000021955|obs_0000021956|obs_0000021958|obs_0000021962|obs_0000021964|obs_0000000184|obs_0000012514|obs_0000023632|obs_0000017658|obs_0000021460,obs_0000015050
Silent Kompressor,PARKSIDE,"€ 129,00",,Kein Mengenpreis,,Nein,Gültig bis 21.03,2026-03-16,2026-03-21,images_lidl/lidl_offer_323.jpg,cat_non_food,,ref_000323,obs_0000021263,
Laserentfernungsmesser,PARKSIDE,"€ 19,99",,"24,99 €",,Nein,Gültig bis 21.03,2026-03-16,2026-03-21,images_lidl/lidl_offer_324.jpg,cat_non_food,,ref_000324,,obs_0000018985|obs_0000021288|obs_0000023823|obs_0000019804
Digitaler Drehmomentadapter,PARKSIDE,"€ 39,99",,Kein Mengenpreis,,Nein,Gültig bis 21.03,2026-03-16,2026-03-21,images_lidl/lidl_offer_325.jpg,cat_non_food,,ref_000325,,
Nass- Trockensauger,PARKSIDE,"€ 39,99",,"47,99 €",,Nein,Gültig bis 21.03,2026-03-16,2026-03-21,images_lidl/lidl_offer_326.jpg,cat_non_food,,ref_000326,obs_0000018051|obs_0000024505|obs_0000017781|obs_0000015403|obs_0000015590|obs_0000017183|obs_0000015437|obs_0000017763,obs_0000018051
Trolley-Boardcase,Esmara,"€ 39,99",,Kein Mengenpreis,,Nein,Gültig bis 21.03,2026-03-16,2026-03-21,images_lidl/lidl_offer_327.jpg,cat_non_food,,ref_000327,obs_0000012021|obs_0000012024|obs_0000012058,
Kofferset 2-teilig,Esmara,"€ 79,99",,Kein Mengenpreis,,Nein,Gültig bis 21.03,2026-03-16,2026-03-21,images_lidl/lidl_offer_328.jpg,cat_non_food,,ref_000328,,
Trolley-Reisetasche L,Esmara,"€ 34,99",,"54,99 €",,Nein,Gültig bis 21.03,2026-03-16,2026-03-21,images_lidl/lidl_offer_329.jpg,cat_non_food,,ref_000329,obs_0000012057|obs_0000012021|obs_0000012024|obs_0000012058,obs_0000012057
Weekender,Esmara,"€ 12,99",,"14,99 €",,Nein,Gültig bis 21.03,2026-03-16,2026-03-21,images_lidl/lidl_offer_330.jpg,cat_non_food,,ref_000330,,
Schlagnuss-Satz,PARKSIDE PERFORMANCE,"€ 14,99",,Kein Mengenpreis,,Nein,Gültig bis 21.03,2026-03-16,2026-03-21,images_lidl/lidl_offer_331.jpg,cat_non_food,,ref_000331,obs_0000012711,
Schlagnuss-Satz,PARKSIDE,"€ 9,99",,Kein Mengenpreis,,Nein,Gültig bis 21.03,2026-03-16,2026-03-21,images_lidl/lidl_offer_332.jpg,cat_non_food,,ref_000332,obs_0000012711,
Akku-Drehschlagschrauber 20 V,PARKSIDE,"€ 59,99",,"79,99 €",,Nein,Gültig bis 21.03,2026-03-16,2026-03-21,images_lidl/lidl_offer_333.jpg,cat_non_food,,ref_000333,obs_0000021583|obs_0000015050|obs_0000017130|obs_0000021266|obs_0000021586|obs_0000021844|obs_0000021950|obs_0000021951|obs_0000021952|obs_0000021955|obs_0000021956|obs_0000021958|obs_0000021962|obs_0000021964|obs_0000000184|obs_0000012514|obs_0000023632|obs_0000017658|obs_0000021460,obs_0000015050|obs_0000021583
Drehmomentschlüssel-Set,PARKSIDE,"€ 19,99",,Kein Mengenpreis,,Nein,Gültig bis 21.03,2026-03-16,2026-03-21,images_lidl/lidl_offer_334.jpg,cat_non_food,,ref_000334,obs_0000003256|obs_0000002400,obs_0000003256|obs_0000002400
Akku-Ratsche 12 V,PARKSIDE,"€ 29,99",,Kein Mengenpreis,,Nein,Gültig bis 21.03,2026-03-16,2026-03-21,images_lidl/lidl_offer_335.jpg,cat_non_food,,ref_000335,obs_0000016474|obs_0000020593,
Mobile Autostarthilfe mit Powerbank,Ultimate Speed,"€ 29,99",,Kein Mengenpreis,,Nein,Gültig bis 21.03,2026-03-16,2026-03-21,images_lidl/lidl_offer_336.jpg,cat_non_food,,ref_000336,obs_0000016972|obs_0000013717|obs_0000008299|obs_0000022856|obs_0000008885|obs_0000009351|obs_0000017592|obs_0000022434,
Reifentaschen-Set,Ultimate Speed,,,Kein Mengenpreis,,Nein,Gültig bis 21.03,2026-03-16,2026-03-21,images_lidl/lidl_offer_337.jpg,cat_non_food,,ref_000337,obs_0000012732,obs_0000012732
Kfz-Diagnose- und Auslesegerät,Ultimate Speed,"€ 24,99",,Kein Mengenpreis,,Nein,Gültig bis 21.03,2026-03-16,2026-03-21,images_lidl/lidl_offer_338.jpg,cat_non_food,,ref_000338,,
Hydraulik-Rangierwagenheber,Ultimate Speed,"€ 24,99",,Kein Mengenpreis,,Nein,Gültig bis 21.03,2026-03-16,2026-03-21,images_lidl/lidl_offer_339.jpg,cat_non_food,,ref_000339,obs_0000012550,obs_0000012550
Kfz-Batterieladegerät,Ultimate Speed,,,Kein Mengenpreis,,Nein,Gültig bis 21.03,2026-03-16,2026-03-21,images_lidl/lidl_offer_340.jpg,cat_non_food,,ref_000340,obs_0000016864|obs_0000016609,obs_0000016864|obs_0000016609
Unterstellbock-Set,Ultimate Speed,"€ 12,99",,Kein Mengenpreis,,Nein,Gültig bis 21.03,2026-03-16,2026-03-21,images_lidl/lidl_offer_341.jpg,cat_non_food,,ref_000341,,
Autorücksitz-Organizer,Ultimate Speed,"€ 4,99",,Kein Mengenpreis,,Nein,Gültig bis 21.03,2026-03-16,2026-03-21,images_lidl/lidl_offer_342.jpg,cat_non_food,,ref_000342,obs_0000030760|obs_0000001361|obs_0000014807,
Auto-Sonnenschutzrollos,Ultimate Speed,"€ 4,99",,"6,99 €",,Nein,Gültig bis 21.03,2026-03-16,2026-03-21,images_lidl/lidl_offer_343.jpg,cat_non_food,,ref_000343,,
Autositzbezug-Set,Ultimate Speed,"€ 14,99",,Kein Mengenpreis,,Nein,Gültig bis 21.03,2026-03-16,2026-03-21,images_lidl/lidl_offer_344.jpg,cat_non_food,,ref_000344,obs_0000010685,obs_0000010685
Kratzerentferner-Set,Sonax,"€ 6,99",,"UVP
11,49 €",,Nein,Gültig bis 21.03,2026-03-16,2026-03-21,images_lidl/lidl_offer_345.jpg,cat_non_food,,ref_000345,,
Auto-Lufterfrischer,Yankee Candle,"€ 4,99",,"UVP
6,90 €",,Nein,Gültig bis 21.03,2026-03-16,2026-03-21,images_lidl/lidl_offer_346.jpg,cat_non_food,,ref_000346,obs_0000022351|obs_0000022775|obs_0000003340|obs_0000015207|obs_0000016000,obs_0000022351|obs_0000022775
Cockpitstar,Sonax,"€ 4,99",,"UVP
7,99 €",,Nein,Gültig bis 21.03,2026-03-16,2026-03-21,images_lidl/lidl_offer_347.jpg,"cat_non_food,tag_ultra_processed",,ref_000347,,
Kfz-Verbandtasche,Sensiplast,"€ 3,99",,Kein Mengenpreis,,Nein,Gültig bis 21.03,2026-03-16,2026-03-21,images_lidl/lidl_offer_348.jpg,cat_non_food,,ref_000348,obs_0000013719|obs_0000011675|obs_0000001151|obs_0000012833|obs_0000001067|obs_0000025157,obs_0000013719|obs_0000011675|obs_0000001151|obs_0000016411|obs_0000012833|obs_0000001067|obs_0000025157
LED-Akku-Klappleuchte,PARKSIDE,"€ 4,99",,Kein Mengenpreis,,Nein,Gültig bis 21.03,2026-03-16,2026-03-21,,cat_non_food,,ref_000349,obs_0000016472|obs_0000020591|obs_0000012616|obs_0000000585|obs_0000021428|obs_0000021672|obs_0000021674|obs_0000024050,
Auto-Verkehrswarner,Ooono,"€ 24,99",,"49,95 €",,Nein,Gültig bis 21.03,2026-03-16,2026-03-21,images_lidl/lidl_offer_350.jpg,"cat_non_food,tag_ultra_processed",,ref_000350,,
Spanngummi-Set,Ultimate Speed,"€ 2,99",,Kein Mengenpreis,,Nein,Gültig bis 21.03,2026-03-16,2026-03-21,images_lidl/lidl_offer_351.jpg,cat_non_food,,ref_000351,obs_0000009594,obs_0000009594
Kofferraumtasche Antirutsch- und Schmutzfangmatte,Ultimate Speed,"€ 3,39",,1 m² = 2.83,,Nein,Gültig bis 21.03,2026-03-16,2026-03-21,images_lidl/lidl_offer_352.jpg,cat_non_food,,ref_000352,obs_0000014870|obs_0000000581|obs_0000020572|obs_0000017061|obs_0000001370|obs_0000001374|obs_0000015844,
Schwerlast-Ratschen-Spanngurte-Set,Ultimate Speed,"€ 7,99",,Kein Mengenpreis,,Nein,Gültig bis 21.03,2026-03-16,2026-03-21,images_lidl/lidl_offer_353.jpg,cat_non_food,,ref_000353,,obs_0000016454
Flachbalkenwischer,Ultimate Speed,"€ 9,99",,Kein Mengenpreis,,Nein,Gültig bis 21.03,2026-03-16,2026-03-21,images_lidl/lidl_offer_354.jpg,cat_non_food,,ref_000354,obs_0000017066,obs_0000017066
Inspektionskamera,PARKSIDE,"€ 29,99",,Kein Mengenpreis,,Nein,Gültig bis 21.03,2026-03-16,2026-03-21,images_lidl/lidl_offer_355.jpg,cat_non_food,,ref_000355,,
Avocado lose,Avocado lose,"€ 0,99",,Kein Mengenpreis,,Nein,Gültig bis 21.03,2026-03-16,2026-03-21,images_lidl/lidl_offer_356.jpg,"cat_obst_gemuese,diet_gluten_free,diet_lactose_free,diet_vegan,diet_vegetarian,sub_frisches_gemuese,tag_whole_food",BLS-F502100,ref_000356,obs_0000023905|obs_0000019461|obs_0000028689|obs_0000000058|obs_0000025668|obs_0000010855|obs_0000027250|obs_0000012965|obs_0000000694|obs_0000027328|obs_0000018642|obs_0000031980|obs_0000001305|obs_0000012598|obs_0000015691|obs_0000031569|obs_0000017273|obs_0000025981|obs_0000012190|obs_0000011701|obs_0000008174|obs_0000011263,obs_0000023905
Deutsche Speisekartoffeln vorwiegend festkochend,Deutsche Speisekartoffeln vorwiegend festkochend,"€ 2,22",,1 kg = 0.44,,Nein,Gültig bis 21.03,2026-03-16,2026-03-21,,"cat_obst_gemuese,diet_gluten_free,diet_lactose_free,diet_vegan,diet_vegetarian,sub_frisches_gemuese,sub_kartoffeln,tag_whole_food",,ref_000357,obs_0000023904|obs_0000021441|obs_0000022990|obs_0000014849|obs_0000026113|obs_0000000006|obs_0000031776|obs_0000025637|obs_0000028742|obs_0000028267|obs_0000031339|obs_0000015551|obs_0000024795|obs_0000028964|obs_0000007985|obs_0000031552|obs_0000009118|obs_0000026526|obs_0000003502|obs_0000008634|obs_0000032199,
Eisbergsalat,Eisbergsalat,"€ 0,99",,"1,19 €",,Nein,Gültig bis 21.03,2026-03-16,2026-03-21,images_lidl/lidl_offer_358.jpg,"cat_obst_gemuese,diet_gluten_free,diet_lactose_free,diet_vegan,diet_vegetarian,sub_frisches_gemuese,sub_salate,tag_whole_food",BLS-G103100,ref_000358,obs_0000000692|obs_0000003425|obs_0000025544|obs_0000007987|obs_0000024729|obs_0000027837|obs_0000029983|obs_0000013769|obs_0000006756|obs_0000006769|obs_0000006227|obs_0000028639,obs_0000003425|obs_0000025544|obs_0000007987|obs_0000000692|obs_0000024729|obs_0000027837|obs_0000029983
Paprika Mix,Paprika Mix,"€ 3,29",,Kein Mengenpreis,,Nein,Gültig bis 21.03,2026-03-16,2026-03-21,images_lidl/lidl_offer_359.jpg,"cat_obst_gemuese,diet_gluten_free,diet_lactose_free,diet_vegan,diet_vegetarian,sub_frisches_gemuese,tag_ultra_processed,tag_whole_food",,ref_000359,obs_0000015395|obs_0000026181|obs_0000025228|obs_0000025791|obs_0000020194|obs_0000016848|obs_0000025535|obs_0000006964|obs_0000006976,obs_0000015395|obs_0000026181|obs_0000025228|obs_0000025791|obs_0000020194|obs_0000016848
Thunfisch Filetportionen,Fischerstolz,"€ 4,60",,22.99 €/kg,,Nein,Gültig bis 21.03,2026-03-16,2026-03-21,images_lidl/lidl_offer_360.jpg,"cat_fisch_meeresfruechte,tag_ultra_processed",,ref_000360,obs_0000014181|obs_0000012672,
Metzgerfrisch Frisches Gulasch gemischt,XXL,"€ 7,77",,1 kg = 9.71,,Nein,Gültig bis 21.03,2026-03-16,2026-03-21,images_lidl/lidl_offer_361.jpg,"cat_fleisch_wurst,sub_gefluegel,sub_hackfleisch,sub_rind,sub_schwein,tag_proteinreich",,ref_000361,obs_0000022670|obs_0000022242|obs_0000023917|obs_0000021479|obs_0000006687|obs_0000008739|obs_0000007763|obs_0000005764|obs_0000027417|obs_0000029050|obs_0000012688|obs_0000029077|obs_0000000631|obs_0000000644|obs_0000000645|obs_0000022665|obs_0000001197|obs_0000000702|obs_0000022243|obs_0000000888,obs_0000022670|obs_0000022242
Metzgerfrisch Frische Schweine Minutensteaks,Metzgerfrisch Frische Schweine Minutensteaks,"€ 6,99",,1 kg = 5.83,,Nein,Gültig bis 21.03,2026-03-16,2026-03-21,images_lidl/lidl_offer_362.jpg,"cat_fleisch_wurst,sub_gefluegel,sub_schwein",,ref_000362,obs_0000021379|obs_0000021415|obs_0000022158|obs_0000022161|obs_0000023374|obs_0000025940|obs_0000024360|obs_0000022665|obs_0000000511|obs_0000000647|obs_0000008927|obs_0000001076|obs_0000001311|obs_0000003427|obs_0000022243,obs_0000021415|obs_0000022161
Premium Frisches T-Bone Steak,Metzgerfrisch,"€ 11,25",,24.99 €/kg,,Nein,Gültig bis 21.03,2026-03-16,2026-03-21,images_lidl/lidl_offer_363.jpg,"cat_fleisch_wurst,sub_gefluegel,sub_hackfleisch,sub_schwein,tag_high_protein,tag_proteinreich",,ref_000363,obs_0000020937|obs_0000017182|obs_0000028327|obs_0000028393|obs_0000011041,obs_0000020937|obs_0000017182
Metzgerfrisch Chicken Wings,Metzgerfrisch Chicken Wings,"€ 6,99",,1 kg = 8.74,,Nein,Gültig bis 21.03,2026-03-16,2026-03-21,images_lidl/lidl_offer_364.jpg,"cat_fleisch_wurst,sub_gefluegel,sub_schwein,tag_high_protein,tag_proteinreich,tag_ultra_processed",,ref_000364,obs_0000022101|obs_0000022102|obs_0000022160|obs_0000017045|obs_0000027054|obs_0000020922|obs_0000000983|obs_0000007660|obs_0000025639|obs_0000018540|obs_0000016551|obs_0000023735|obs_0000023918|obs_0000022103|obs_0000022665|obs_0000022243,
Premium Frische Kalbs-Leber,Metzgerfrisch,"€ 6,99",,1 kg = 17.48,,Nein,Gültig bis 21.03,2026-03-16,2026-03-21,images_lidl/lidl_offer_365.jpg,"cat_fleisch_wurst,sub_rind,sub_schwein,sub_wurst,tag_high_protein,tag_proteinreich",,ref_000365,obs_0000022575|obs_0000022997|obs_0000022159|obs_0000018761|obs_0000019580|obs_0000018162|obs_0000020450|obs_0000029029|obs_0000030045|obs_0000002427|obs_0000002750|obs_0000011041|obs_0000003242,obs_0000022575|obs_0000022997|obs_0000022159
Rinderbeinscheiben,Metzgerfrisch,"€ 9,99",,Kein Mengenpreis,,Nein,Gültig bis 21.03,2026-03-16,2026-03-21,images_lidl/lidl_offer_366.jpg,"cat_fleisch_wurst,sub_hackfleisch,sub_rind,tag_proteinreich",BLS-W273100,ref_000366,obs_0000021765|obs_0000005780|obs_0000022577|obs_0000022994|obs_0000006692|obs_0000005585,obs_0000018996|obs_0000023209|obs_0000015055|obs_0000021765|obs_0000019815|obs_0000005780|obs_0000016267
Metzgerfrisch Hähnchen-Knusperchen,Metzgerfrisch Hähnchen-Knusperchen,"€ 6,49",,1 kg = 8.65,,Nein,Gültig bis 21.03,2026-03-16,2026-03-21,images_lidl/lidl_offer_367.jpg,"cat_fleisch_wurst,sub_gefluegel,tag_proteinreich,tag_ultra_processed",,ref_000367,obs_0000023920|obs_0000021760|obs_0000018348|obs_0000022164|obs_0000018190|obs_0000023914|obs_0000022665|obs_0000022243,obs_0000023920
Metzgerfrisch Frische Schweineschnitzel,Metzgerfrisch Frische Schweineschnitzel,"€ 4,99",,1 kg = 6.24,,Nein,Gültig bis 21.03,2026-03-16,2026-03-21,images_lidl/lidl_offer_368.jpg,"cat_fleisch_wurst,sub_gefluegel,sub_schwein",,ref_000368,obs_0000021092|obs_0000023916|obs_0000005204|obs_0000010889|obs_0000022665|obs_0000031402|obs_0000009395|obs_0000006332|obs_0000022243|obs_0000006886|obs_0000008934|obs_0000005401|obs_0000005960|obs_0000006501|obs_0000006513,
Energy Drink,Rockstar,"€ 0,79",,"UVP
1,49 €",,Nein,Gültig bis 21.03,2026-03-16,2026-03-21,images_lidl/lidl_offer_369.jpg,"cat_getraenke,tag_ultra_processed",,ref_000369,obs_0000021048|obs_0000019037|obs_0000015571|obs_0000016719|obs_0000011650|obs_0000021389|obs_0000019856|obs_0000023475|obs_0000026582|obs_0000015332|obs_0000010779|obs_0000026653|obs_0000017456|obs_0000010801|obs_0000025658|obs_0000020552|obs_0000004175|obs_0000014939|obs_0000024169|obs_0000019583|obs_0000026770|obs_0000022679|obs_0000003748|obs_0000001703|obs_0000029351|obs_0000000193|obs_0000026307|obs_0000016588|obs_0000008406|obs_0000002276|obs_0000012518|obs_0000024811|obs_0000030961|obs_0000022258|obs_0000009496|obs_0000024869|obs_0000017711|obs_0000000304|obs_0000021826|obs_0000023369|obs_0000018764|obs_0000031574|obs_0000025437|obs_0000009062|obs_0000013183|obs_0000020371|obs_0000017300|obs_0000026004|obs_0000001944|obs_0000024480,obs_0000010779|obs_0000026653|obs_0000017456|obs_0000010801|obs_0000021048|obs_0000025658|obs_0000020552|obs_0000004175|obs_0000014939|obs_0000019037|obs_0000024169|obs_0000019583|obs_0000026770|obs_0000022679|obs_0000003748|obs_0000001703|obs_0000029351|obs_0000000193|obs_0000026307|obs_0000016588|obs_0000015571|obs_0000008406|obs_0000002276|obs_0000012518|obs_0000024811|obs_0000030961|obs_0000022258|obs_0000009496|obs_0000024869|obs_0000017711|obs_0000000304|obs_0000021826|obs_0000023369|obs_0000018764|obs_0000016719|obs_0000031574|obs_0000025437|obs_0000009062|obs_0000006002|obs_0000013183|obs_0000011650|obs_0000021389|obs_0000019856|obs_0000020371|obs_0000017300|obs_0000026004|obs_0000001944|obs_0000024480|obs_0000023475|obs_0000025013
Classic,Nescaf,"€ 4,99",,"5,79 €",,Nein,Gültig bis 21.03,2026-03-16,2026-03-21,images_lidl/lidl_offer_370.jpg,"cat_getraenke,diet_gluten_free,diet_lactose_free,diet_vegan,diet_vegetarian,tag_ultra_processed",,ref_000370,obs_0000032390|obs_0000019121|obs_0000013543|obs_0000010989|obs_0000023795|obs_0000026878|obs_0000032113|obs_0000025011|obs_0000029122|obs_0000019940|obs_0000012889|obs_0000026637|obs_0000008209|obs_0000017452|obs_0000014399|obs_0000025152|obs_0000022603|obs_0000019028|obs_0000013913|obs_0000000102|obs_0000011381|obs_0000032351|obs_0000026751|obs_0000002691|obs_0000019084|obs_0000027284|obs_0000015513|obs_0000012444|obs_0000007850|obs_0000016593|obs_0000006915|obs_0000016134|obs_0000020235|obs_0000015116|obs_0000028967|obs_0000013161|obs_0000020841|obs_0000008045|obs_0000012657|obs_0000008574|obs_0000027009|obs_0000023942|obs_0000019847|obs_0000009106|obs_0000021406|obs_0000031653|obs_0000010152|obs_0000007595|obs_0000008622|obs_0000031664,obs_0000032390|obs_0000013543|obs_0000010989|obs_0000026878|obs_0000032113|obs_0000025011|obs_0000029122
Longlife Batterien,Varta,"€ 2,22",,"UVP
9,99 €",,Nein,Gültig bis 21.03,2026-03-16,2026-03-21,images_lidl/lidl_offer_371.jpg,"cat_non_food,diet_vegetarian",,ref_000371,obs_0000023220|obs_0000017493|obs_0000025709|obs_0000024946|obs_0000017172|obs_0000020511|obs_0000014512|obs_0000014530|obs_0000030605|obs_0000022092|obs_0000016092|obs_0000017255,obs_0000023220|obs_0000017493|obs_0000025709|obs_0000024946
Intermezzo Schinken Sauerrahm,Dr Oetker,"€ 1,59",,1 kg = 8.3,,Nein,Gültig bis 21.03,2026-03-16,2026-03-21,,"cat_fleisch_wurst,sub_schwein,sub_wurst,tag_ultra_processed",,ref_000372,obs_0000022592|obs_0000010941|obs_0000016586|obs_0000014232|obs_0000020964|obs_0000023013|obs_0000007901|obs_0000015149|obs_0000016182|obs_0000026514|obs_0000031842,
The Original,Bifi,"€ 1,99",,"2,99 €",,Nein,Gültig bis 21.03,2026-03-16,2026-03-21,images_lidl/lidl_offer_373.jpg,"cat_getraenke,tag_high_protein,tag_ultra_processed",,ref_000373,obs_0000021031|obs_0000007956|obs_0000024959|obs_0000019136|obs_0000019955|obs_0000020283|obs_0000006508|obs_0000006142|obs_0000026643|obs_0000008223|obs_0000026757|obs_0000008352|obs_0000020709|obs_0000026857|obs_0000018706|obs_0000024899|obs_0000014692|obs_0000018823|obs_0000027023|obs_0000012774|obs_0000031227|obs_0000025132|obs_0000008780|obs_0000029264|obs_0000025175|obs_0000031439|obs_0000008971|obs_0000019525|obs_0000023674|obs_0000017550|obs_0000019642|obs_0000009433|obs_0000013576|obs_0000023832|obs_0000032025|obs_0000032039|obs_0000025918|obs_0000021827|obs_0000009563|obs_0000015909|obs_0000011869|obs_0000024162|obs_0000018030|obs_0000032341|obs_0000014027|obs_0000020393|obs_0000026556|obs_0000016324|obs_0000009055|obs_0000009506,obs_0000021031
Salatkrönung,Knorr,"€ 0,79",,"1,59 €",,Nein,Gültig bis 21.03,2026-03-16,2026-03-21,images_lidl/lidl_offer_374.jpg,"cat_grundnahrung,diet_gluten_free,diet_lactose_free,diet_vegan,diet_vegetarian,sub_salate,tag_ultra_processed",,ref_000374,,obs_0000026599|obs_0000029182
Frischkäse,Bresso,"€ 1,11",,"2,39 €",,Nein,Gültig bis 21.03,2026-03-16,2026-03-21,images_lidl/lidl_offer_375.jpg,"cat_molkerei_kaese,sub_kaese,sub_milchprodukte,sub_wurst,tag_ultra_processed",BLS-D3A6000,ref_000375,obs_0000000519|obs_0000016007|obs_0000009494|obs_0000017193|obs_0000009042|obs_0000020837|obs_0000022932|obs_0000022511|obs_0000019487|obs_0000016419|obs_0000015471|obs_0000021129|obs_0000016038|obs_0000002737|obs_0000016568|obs_0000020674|obs_0000003267|obs_0000024802|obs_0000018668|obs_0000017161|obs_0000020775|obs_0000026429|obs_0000018246|obs_0000023386|obs_0000026020|obs_0000017887|obs_0000013479|obs_0000012109|obs_0000021509|obs_0000008721|obs_0000016962|obs_0000002117|obs_0000016966|obs_0000007757|obs_0000024689|obs_0000018035|obs_0000022662|obs_0000026252|obs_0000000665|obs_0000020636|obs_0000020639|obs_0000002215|obs_0000002229|obs_0000029371|obs_0000022240|obs_0000001850|obs_0000001493|obs_0000003040|obs_0000009185|obs_0000000998,obs_0000000519|obs_0000019487|obs_0000016419|obs_0000015471|obs_0000016007|obs_0000021129|obs_0000016038|obs_0000002737|obs_0000016568|obs_0000020674|obs_0000003267|obs_0000024802|obs_0000018668|obs_0000017161|obs_0000009494|obs_0000020775|obs_0000017193|obs_0000026429|obs_0000018246|obs_0000009042|obs_0000023386|obs_0000020837|obs_0000022932|obs_0000026020|obs_0000017887|obs_0000022511
Enjoy Mix-it,Granini,"€ 1,49",,1 l = 1.99,,Nein,Gültig bis 21.03,2026-03-16,2026-03-21,images_lidl/lidl_offer_376.jpg,"cat_getraenke,tag_whole_food",,ref_000376,obs_0000023558|obs_0000024167,
Minis,Nestl,"€ 2,99",,1 kg = 11.87,,Nein,Gültig bis 21.03,2026-03-16,2026-03-21,images_lidl/lidl_offer_377.jpg,"cat_knabbern_naschen,diet_gluten_free,diet_lactose_free,diet_vegan,diet_vegetarian,tag_ultra_processed",,ref_000377,obs_0000021052|obs_0000023754|obs_0000023927|obs_0000014716|obs_0000021517|obs_0000011840|obs_0000018005|obs_0000014426|obs_0000018066|obs_0000010531|obs_0000018951|obs_0000020586|obs_0000032378|obs_0000025808|obs_0000030473|obs_0000019770|obs_0000032077|obs_0000021387|obs_0000016844|obs_0000016378|obs_0000017680|obs_0000009491|obs_0000009040|obs_0000001545|obs_0000009744|obs_0000004636|obs_0000025653|obs_0000016446|obs_0000013386|obs_0000031843|obs_0000025199|obs_0000004209|obs_0000019082|obs_0000004751|obs_0000011408|obs_0000001186|obs_0000001189|obs_0000025779|obs_0000003782|obs_0000005833|obs_0000006369|obs_0000004324|obs_0000004846|obs_0000013079|obs_0000003353|obs_0000023338|obs_0000031017|obs_0000003897|obs_0000004419|obs_0000000326,obs_0000021517|obs_0000021052|obs_0000011840|obs_0000018005|obs_0000014426|obs_0000018066|obs_0000023754|obs_0000010531|obs_0000023927|obs_0000014716
BBQ Sauce,Bull s Eye,"€ 1,99",,1 l = 6.63,,Nein,Gültig bis 21.03,2026-03-16,2026-03-21,images_lidl/lidl_offer_378.jpg,"cat_grundnahrung,tag_ultra_processed",,ref_000378,obs_0000024094|obs_0000013060|obs_0000022107|obs_0000009846|obs_0000013509|obs_0000011361|obs_0000009920|obs_0000008428|obs_0000032178,obs_0000024094|obs_0000022107|obs_0000013060
Unstoppables Wäscheparfüm Fresh,Lenor,"€ 6,79",,"7,45 €",,Nein,Gültig bis 21.03,2026-03-16,2026-03-21,images_lidl/lidl_offer_379.jpg,cat_drogerie,,ref_000379,obs_0000011901|obs_0000014472|obs_0000013188|obs_0000023568|obs_0000013397|obs_0000030829|obs_0000030343|obs_0000003321|obs_0000016184|obs_0000009544|obs_0000010603|obs_0000009074|obs_0000021431|obs_0000011249|obs_0000030960,obs_0000011901|obs_0000014472|obs_0000013188
Amicelli,Amicelli,"€ 3,99",,"UVP
5,99 €",,Nein,Gültig bis 21.03,2026-03-16,2026-03-21,images_lidl/lidl_offer_380.jpg,"cat_grundnahrung,diet_lactose_free,diet_vegan,diet_vegetarian,tag_ultra_processed",,ref_000380,obs_0000006204|obs_0000005439,obs_0000006204|obs_0000005439
Mediterranes Brot XXL,Meggle,"€ 1,79",,"2,79 €",,Nein,Gültig bis 21.03,2026-03-16,2026-03-21,images_lidl/lidl_offer_381.jpg,"cat_molkerei_kaese,diet_vegetarian,sub_milchprodukte,sub_sahne_creme",,ref_000381,obs_0000024409|obs_0000012209,
Sekt,Söhnlein,"€ 2,69",,"UVP
4,79 €",,Nein,Gültig bis 21.03,2026-03-16,2026-03-21,images_lidl/lidl_offer_382.jpg,"cat_getraenke,diet_gluten_free,diet_lactose_free,diet_vegan,diet_vegetarian,sub_frisches_gemuese,tag_whole_food",,ref_000382,obs_0000025614|obs_0000015961|obs_0000023129|obs_0000016990|obs_0000011883|obs_0000015981|obs_0000024175|obs_0000029297|obs_0000010357|obs_0000000122|obs_0000017534|obs_0000018086|obs_0000016562|obs_0000002243|obs_0000021780|obs_0000011036|obs_0000026408|obs_0000017212|obs_0000007493|obs_0000003420|obs_0000024416|obs_0000015205|obs_0000012140|obs_0000014191|obs_0000013169|obs_0000025485|obs_0000014224|obs_0000001461|obs_0000020955|obs_0000024552|obs_0000011248|obs_0000011882|obs_0000009837|obs_0000029188|obs_0000025093|obs_0000029728|obs_0000007722|obs_0000008249|obs_0000001595|obs_0000025659|obs_0000027203|obs_0000032316|obs_0000014456|obs_0000014458|obs_0000009349|obs_0000009866|obs_0000022170|obs_0000022694|obs_0000007340|obs_0000009411,obs_0000025614|obs_0000015961|obs_0000023129|obs_0000016990|obs_0000011883|obs_0000015981|obs_0000024175|obs_0000029297|obs_0000010357|obs_0000000122|obs_0000017534|obs_0000018086|obs_0000016562|obs_0000002243|obs_0000021780|obs_0000011036|obs_0000026408|obs_0000017212|obs_0000007493|obs_0000003420|obs_0000024416|obs_0000015205|obs_0000012140|obs_0000014191|obs_0000013169|obs_0000025485|obs_0000014224|obs_0000001461|obs_0000020955|obs_0000024552|obs_0000011248
Vitalis Müsli,Dr Oetker,"€ 2,49",,"UVP
3,99 €",,Nein,Gültig bis 21.03,2026-03-16,2026-03-21,images_lidl/lidl_offer_383.jpg,"cat_grundnahrung,tag_ultra_processed",,ref_000383,obs_0000002050|obs_0000011817|obs_0000020523|obs_0000015927|obs_0000003142|obs_0000025170|obs_0000022166|obs_0000016583|obs_0000009950|obs_0000017251|obs_0000031472|obs_0000020189|obs_0000012529|obs_0000009982|obs_0000025355|obs_0000023326|obs_0000013095|obs_0000019370|obs_0000028185|obs_0000028133|obs_0000006279|obs_0000007029,obs_0000002050|obs_0000011817|obs_0000020523|obs_0000015927|obs_0000003142|obs_0000025170|obs_0000022166|obs_0000016583|obs_0000009950|obs_0000017251
Finesse Chicken Sweet Chili,Herta,"€ 1,39",,1 kg = 13.90,,Nein,Gültig bis 21.03,2026-03-16,2026-03-21,images_lidl/lidl_offer_384.jpg,"cat_fleisch_wurst,diet_gluten_free,diet_lactose_free,sub_gefluegel,tag_high_protein,tag_proteinreich,tag_ultra_processed",,ref_000384,obs_0000022696|obs_0000018602|obs_0000022274|obs_0000021791|obs_0000020360|obs_0000002495|obs_0000019421|obs_0000013339|obs_0000022103|obs_0000011428|obs_0000001768,
High Protein Skyr Vanilla,Ehrmann,"€ 1,49",,"1,99 €",,Nein,Gültig bis 21.03,2026-03-16,2026-03-21,images_lidl/lidl_offer_385.jpg,"cat_molkerei_kaese,diet_vegetarian,sub_joghurt_skyr_quark,sub_milchprodukte,tag_high_protein,tag_proteinreich",,ref_000385,obs_0000011323|obs_0000024757|obs_0000025108|obs_0000022687|obs_0000022264|obs_0000000814|obs_0000010910|obs_0000004686|obs_0000001687|obs_0000004259|obs_0000003239|obs_0000016097|obs_0000003832|obs_0000002327|obs_0000026958,
Monte Mega,Zott,"€ 1,69",,"UVP
2,99 €",,Nein,Gültig bis 21.03,2026-03-16,2026-03-21,images_lidl/lidl_offer_386.jpg,"cat_molkerei_kaese,diet_vegetarian,sub_milchprodukte,sub_sahne_creme,tag_ultra_processed",,ref_000386,obs_0000021506|obs_0000023584|obs_0000019546|obs_0000022732|obs_0000022306|obs_0000018727|obs_0000000813|obs_0000009292|obs_0000008831|obs_0000001741|obs_0000010484|obs_0000012126|obs_0000017836|obs_0000028719,obs_0000021506|obs_0000022732|obs_0000022306|obs_0000000813
Mozzarella,Galbani,"€ 1,29",,"UVP
1,99 €",,Nein,Gültig bis 21.03,2026-03-16,2026-03-21,images_lidl/lidl_offer_387.jpg,"cat_molkerei_kaese,diet_vegetarian,sub_kaese,sub_milchprodukte,sub_sahne_creme",BLS-X208312,ref_000387,obs_0000021010|obs_0000016891|obs_0000014851|obs_0000016955|obs_0000025678|obs_0000031346|obs_0000025740|obs_0000021134|obs_0000016556|obs_0000021727|obs_0000022759|obs_0000010489|obs_0000020766|obs_0000000816|obs_0000022331|obs_0000008523|obs_0000020919|obs_0000007850|obs_0000017789|obs_0000012247|obs_0000014329|obs_0000019982|obs_0000032269|obs_0000016958|obs_0000011337|obs_0000029275|obs_0000009314|obs_0000031355|obs_0000027784|obs_0000017037|obs_0000008854|obs_0000020635|obs_0000021156|obs_0000010917|obs_0000029866|obs_0000019163|obs_0000023260|obs_0000021726|obs_0000017124|obs_0000031979|obs_0000003353|obs_0000028445|obs_0000020266|obs_0000021817|obs_0000006992|obs_0000026977|obs_0000031639|obs_0000026034|obs_0000006074|obs_0000026597,obs_0000014851|obs_0000021010|obs_0000016955|obs_0000025678|obs_0000031346|obs_0000025740|obs_0000021134|obs_0000016556|obs_0000021727|obs_0000022759|obs_0000010489|obs_0000020766|obs_0000000816|obs_0000022331|obs_0000008523|obs_0000020919|obs_0000016891
KitKat XXL,Nestl,"€ 3,79",,"UVP
6,39 €",,Nein,Gültig bis 21.03,2026-03-16,2026-03-21,images_lidl/lidl_offer_388.jpg,"cat_knabbern_naschen,diet_vegetarian,tag_ultra_processed",,ref_000388,obs_0000017680|obs_0000026892|obs_0000015349|obs_0000015643|obs_0000012209,
Zahnpasta Zahnfleischschutz,Meridol,"€ 7,79",,"UVP
8,29 €",,Nein,Gültig bis 21.03,2026-03-16,2026-03-21,,cat_drogerie,,ref_000389,obs_0000018458|obs_0000012846|obs_0000014938|obs_0000019348|obs_0000022583|obs_0000020167|obs_0000023641|obs_0000024155|obs_0000023008|obs_0000020713|obs_0000016502,
Milchreis,Müller,"€ 0,49",,"0,99 €",,Nein,Gültig bis 21.03,2026-03-16,2026-03-21,images_lidl/lidl_offer_390.jpg,"cat_molkerei_kaese,diet_vegetarian,sub_milchprodukte,sub_reis,tag_ultra_processed",,ref_000390,obs_0000031838|obs_0000023959|obs_0000003602|obs_0000003157|obs_0000019627|obs_0000002318|obs_0000004456|obs_0000018808|obs_0000004029|obs_0000023546|obs_0000002231|obs_0000009071|obs_0000029466|obs_0000027123|obs_0000011641|obs_0000013969|obs_0000027807|obs_0000011392|obs_0000029807|obs_0000009275|obs_0000008816|obs_0000005885|obs_0000006988|obs_0000007547|obs_0000006994|obs_0000027578,obs_0000003602|obs_0000003157|obs_0000031838|obs_0000018028|obs_0000019627|obs_0000023760|obs_0000015098|obs_0000002318|obs_0000001851|obs_0000004456|obs_0000018808|obs_0000023959|obs_0000004029|obs_0000023546
Flüssigwaschmittel Magic Wash,Coral,"€ 8,79",,1 WL = 0.24,,Nein,Gültig bis 21.03,2026-03-16,2026-03-21,images_lidl/lidl_offer_391.jpg,cat_drogerie,,ref_000391,obs_0000026521|obs_0000001316|obs_0000002727|obs_0000002367|obs_0000031949|obs_0000001911,
After Eight Classic,Nestl,"€ 2,29",,"3,99 €",,Nein,Gültig bis 21.03,2026-03-16,2026-03-21,images_lidl/lidl_offer_392.jpg,"cat_knabbern_naschen,diet_vegetarian,tag_ultra_processed",,ref_000392,obs_0000018218|obs_0000016852|obs_0000028800|obs_0000005256|obs_0000030887|obs_0000029620|obs_0000030164|obs_0000032390|obs_0000019121|obs_0000013543|obs_0000010989|obs_0000023795|obs_0000026878|obs_0000032113|obs_0000025011|obs_0000029122|obs_0000019940,obs_0000018218|obs_0000016852
Schlemmerfilet,Nordsee,"€ 2,79",,1 kg = 7.34,,Nein,Gültig bis 21.03,2026-03-16,2026-03-21,images_lidl/lidl_offer_393.jpg,"cat_fisch_meeresfruechte,sub_tk_fertiggerichte,tag_ultra_processed",,ref_000393,obs_0000022296|obs_0000015521|obs_0000014905|obs_0000022715|obs_0000000915|obs_0000025383|obs_0000026225|obs_0000009854|obs_0000021033|obs_0000029859|obs_0000027495|obs_0000026905|obs_0000031563|obs_0000013810|obs_0000030091|obs_0000028971|obs_0000027977|obs_0000029686|obs_0000004994|obs_0000006653,obs_0000000915|obs_0000022296|obs_0000015521|obs_0000025383|obs_0000014905|obs_0000022715|obs_0000026225|obs_0000009854
Desinfektion Wäsche-Hygienespüler,Sagrotan,"€ 5,35",,"UVP
8,99 €",,Nein,Gültig bis 21.03,2026-03-16,2026-03-21,images_lidl/lidl_offer_394.jpg,cat_drogerie,,ref_000394,obs_0000018724|obs_0000019543|obs_0000016242|obs_0000020214|obs_0000030386|obs_0000011449,obs_0000018724|obs_0000019543|obs_0000016242|obs_0000020214
Blumenzwiebeln im bunten Kulturtopf,Blumenzwiebeln im bunten Kulturtopf,"€ 1,69",,Kein Mengenpreis,,Nein,Gültig bis 21.03,2026-03-16,2026-03-21,images_lidl/lidl_offer_395.jpg,"cat_non_food,diet_gluten_free,diet_lactose_free,diet_vegan,diet_vegetarian,sub_frisches_gemuese,tag_whole_food",,ref_000395,obs_0000000023|obs_0000022201|obs_0000003528,
Schmetterlingsorchidee,Schmetterlingsorchidee,"€ 7,99",,Kein Mengenpreis,,Nein,Gültig bis 21.03,2026-03-16,2026-03-21,,"cat_non_food,tag_ultra_processed",,ref_000396,obs_0000022635|obs_0000020850|obs_0000023899|obs_0000017112,obs_0000020850|obs_0000022635|obs_0000023899|obs_0000017112
Kamelie,Kamelie,"€ 11,99",,Kein Mengenpreis,,Nein,Gültig bis 21.03,2026-03-16,2026-03-21,images_lidl/lidl_offer_397.jpg,"cat_non_food,diet_vegetarian,tag_ultra_processed",,ref_000397,obs_0000012187|obs_0000011272,obs_0000012187|obs_0000011272
Polsterstaude,Polsterstaude,"€ 1,29",,Kein Mengenpreis,,Nein,Gültig bis 21.03,2026-03-16,2026-03-21,images_lidl/lidl_offer_398.jpg,"cat_non_food,diet_vegetarian",,ref_000398,,
Teneriffa Aster,Teneriffa Aster,"€ 2,99",,Kein Mengenpreis,,Nein,Gültig bis 21.03,2026-03-16,2026-03-21,images_lidl/lidl_offer_399.jpg,"cat_non_food,tag_ultra_processed",,ref_000399,,
Lavendel stoechas,Lavendel stoechas,"€ 2,79",,Kein Mengenpreis,,Nein,Gültig bis 21.03,2026-03-16,2026-03-21,images_lidl/lidl_offer_400.jpg,"cat_knabbern_naschen,diet_vegetarian,tag_ultra_processed",,ref_000400,,
Dianthus Pink Kisses,Dianthus Pink Kisses,"€ 5,99",,Kein Mengenpreis,,Nein,Gültig bis 21.03,2026-03-16,2026-03-21,,"cat_getraenke,tag_ultra_processed",,ref_000401,,
Kaffee,Dallmayr,"€ 6,99",,"10,49 €",,Nein,Gültig bis 21.03,2026-03-16,2026-03-21,images_lidl/lidl_offer_402.jpg,"cat_getraenke,diet_gluten_free,diet_lactose_free,diet_vegan,diet_vegetarian",BLS-N410100,ref_000402,obs_0000012302|obs_0000011821|obs_0000021042|obs_0000011400|obs_0000013118|obs_0000010165|obs_0000013804|obs_0000014411|obs_0000025969|obs_0000025539|obs_0000026091|obs_0000021001|obs_0000020048|obs_0000023284|obs_0000019229|obs_0000001949|obs_0000016877|obs_0000001036|obs_0000005148|obs_0000011824|obs_0000029238|obs_0000012889|obs_0000011398|obs_0000006802|obs_0000017110|obs_0000009505|obs_0000000848|obs_0000032079|obs_0000004954|obs_0000009054|obs_0000022915|obs_0000031166|obs_0000011210|obs_0000006618|obs_0000022496|obs_0000011238|obs_0000008183|obs_0000001035|obs_0000001037|obs_0000001038|obs_0000001039|obs_0000027154|obs_0000010790|obs_0000025648|obs_0000001591|obs_0000009792|obs_0000006258|obs_0000006263|obs_0000007809|obs_0000001183,obs_0000012302|obs_0000011821|obs_0000021042|obs_0000011400|obs_0000013118|obs_0000010165|obs_0000013804
Vorteilspackung,Rama,"€ 1,89",,1 kg = 2.61,,Nein,Gültig bis 21.03,2026-03-16,2026-03-21,,"cat_molkerei_kaese,diet_vegetarian,sub_butter_margarine,tag_ultra_processed",,ref_000403,,
Metzgerfrisch Frische Schweine-Filetmedaillons,Metzgerfrisch Frische Schweine-Filetmedaillons,"€ 6,99",,1 kg = 9.99,,Nein,Gültig bis 21.03,2026-03-16,2026-03-21,images_lidl/lidl_offer_404.jpg,"cat_fleisch_wurst,sub_schwein,tag_proteinreich",,ref_000404,obs_0000021379|obs_0000021415|obs_0000022158|obs_0000022161|obs_0000022665|obs_0000022243,obs_0000021379
Premium Baby-Body,Lupilu,"€ 9,99",,"19,99 €",,Nein,Gültig bis 21.03,2026-03-16,2026-03-21,images_lidl/lidl_offer_405.jpg,cat_non_food,,ref_000405,obs_0000014594|obs_0000011041,
Bergbauern Käse würzig-nussig,Bergader,"€ 2,59",,"3,33 €",,Nein,Gültig bis 21.03,2026-03-16,2026-03-21,images_lidl/lidl_offer_406.jpg,"cat_molkerei_kaese,sub_kaese,sub_milchprodukte,tag_ultra_processed",,ref_000406,obs_0000026669|obs_0000026786|obs_0000029655|obs_0000024149|obs_0000009822|obs_0000018025|obs_0000028940|obs_0000027580|obs_0000008329|obs_0000010077,
Frische Kräuter,Frische Kräuter,,,Kein Mengenpreis,,Nein,Gültig bis 21.03,2026-03-16,2026-03-21,images_lidl/lidl_offer_407.jpg,"cat_molkerei_kaese,sub_kaese,sub_kraeuter,sub_milchprodukte,sub_sahne_creme",BLS-G561100,ref_000407,obs_0000029959|obs_0000002060|obs_0000002629|obs_0000000636|obs_0000009413|obs_0000008952|obs_0000010500|obs_0000029960|obs_0000001352|obs_0000032087|obs_0000012260,
Spaghetti 71,Delverde,"€ 1,59",,Kein Mengenpreis,,Nein,Gültig bis 21.03,2026-03-16,2026-03-21,images_lidl/lidl_offer_408.jpg,"cat_grundnahrung,diet_vegetarian,sub_nudeln",,ref_000408,obs_0000001286|obs_0000000270|obs_0000004120|obs_0000008601|obs_0000019379|obs_0000031284|obs_0000021433|obs_0000018560|obs_0000004547|obs_0000003693,
