Produkt,Marke,Preis,Vorheriger Preis,Preis_kg,RAW_Preis_kg,Hinweis,Nur_online,Gueltig_raw,Gueltig_von,Gueltig_bis,Bildpfad,assigned_labels,Einheit,nutrition_link,reference_row_id,rough_match_observation_ids,exact_match_observation_ids,brand_extracted,brand_normalized
Ariel Waschmittel Flüssig,Ariel,"€ 16,99",,"pro Einheit = 22,99","pro Einheit = 22,99",,Nein,Gültig bis 02.05,2026-04-27,2026-05-02,../images/lidl/lidl_offer_001.jpg,cat_drogerie,,,ref_000001,obs_0000033361|obs_0000033001|obs_0000033426|obs_0000033446|obs_0000032992|obs_0000021736|obs_0000021230|obs_0000033070|obs_0000020411|obs_0000033255|obs_0000018449|obs_0000027703|obs_0000012875|obs_0000023646|obs_0000024174|obs_0000002728|obs_0000023748|obs_0000023244|obs_0000025812|obs_0000017654|obs_0000018794|obs_0000019827|obs_0000022410|obs_0000030776|obs_0000018563|obs_0000029376|obs_0000017788|obs_0000029058|obs_0000030086|obs_0000018843|obs_0000034866|obs_0000016462|obs_0000018542|obs_0000019568|obs_0000013946|obs_0000025217|obs_0000026760|obs_0000021665|obs_0000033445|obs_0000012454|obs_0000018152|obs_0000015109|obs_0000033069|obs_0000022331|obs_0000022340|obs_0000020846|obs_0000012181|obs_0000003486|obs_0000019384|obs_0000017352,obs_0000029376|obs_0000029058|obs_0000030086,,
Fahrrad-Helm mit Rücklicht Kinder Blau,Crivit,"€ 12,99",,"pro Einheit = 12,99","pro Einheit = 12,99",,Nein,Gültig bis 02.05,2026-04-27,2026-05-02,../images/lidl/lidl_offer_002.jpg,"cat_non_food,tag_ultra_processed",,,ref_000002,obs_0000009032,,,x
Monsieur Cuisine smart,SilverCrest,"€ 399,00",,"pro Einheit = 399,00","pro Einheit = 399,00",,Nein,Gültig bis 02.05,2026-04-27,2026-05-02,../images/lidl/lidl_offer_003.jpg,cat_non_food,,,ref_000003,obs_0000022922|obs_0000018814|obs_0000017563|obs_0000017629,obs_0000022922,,
Culinesse XXL,Rama,"€ 1,79",,"1 l = 2,56","1 l = 2,56",,Nein,Gültig bis 02.05,2026-04-27,2026-05-02,../images/lidl/lidl_offer_004.jpg,"cat_molkerei_kaese,diet_vegetarian,sub_butter_margarine,tag_ultra_processed",,,ref_000004,obs_0000017532|obs_0000017922|obs_0000028752|obs_0000013145|obs_0000012763|obs_0000013967,obs_0000017532|obs_0000017922,,
Chili-Cheese-Nuggets XXL,Chef Select,"€ 4,99",,"1 kg = 6,65","1 kg = 6,65",,Nein,Gültig bis 02.05,2026-04-27,2026-05-02,../images/lidl/lidl_offer_005.jpg,"cat_fleisch_wurst,sub_gefluegel,tag_ultra_processed",,,ref_000005,obs_0000019842|obs_0000017478|obs_0000012763|obs_0000013967,obs_0000017478|obs_0000019842,,
Deutsche Lauchzwiebeln,Deutsche Lauchzwiebeln,"€ 0,66",,"pro Einheit = 0,79","pro Einheit = 0,79",,Nein,Gültig bis 02.05,2026-04-27,2026-05-02,../images/lidl/lidl_offer_006.jpg,"cat_obst_gemuese,diet_gluten_free,diet_lactose_free,diet_vegan,diet_vegetarian,sub_frisches_gemuese,tag_whole_food",,,ref_000006,obs_0000014337|obs_0000029496|obs_0000006078|obs_0000030823,,,
Cocktailstrauchtomaten,Cocktailstrauchtomaten,"€ 1,49",,"1 kg = 2,98","1 kg = 2,98",,Nein,Gültig bis 02.05,2026-04-27,2026-05-02,../images/lidl/lidl_offer_007.jpg,"cat_obst_gemuese,diet_gluten_free,diet_lactose_free,diet_vegan,diet_vegetarian,sub_frisches_gemuese,tag_whole_food",,,ref_000007,,,,
Dinkel Hafer Müsli,Bioland,"€ 2,79",,"1 kg = 5,58","1 kg = 5,58",,Nein,Gültig bis 02.05,2026-04-27,2026-05-02,../images/lidl/lidl_offer_008.jpg,"cat_grundnahrung,diet_lactose_free,diet_vegan,diet_vegetarian",,,ref_000008,obs_0000023625|obs_0000034084|obs_0000009092|obs_0000013314|obs_0000027228|obs_0000025199|obs_0000021664|obs_0000014004|obs_0000014570|obs_0000010536|obs_0000020845|obs_0000013793,,,
Wassermelone kernarm,Wassermelone kernarm,"€ 1,49",,"pro Einheit = 1,99","pro Einheit = 1,99",,Nein,Gültig bis 02.05,2026-04-27,2026-05-02,../images/lidl/lidl_offer_009.jpg,"cat_getraenke,diet_gluten_free,diet_lactose_free,diet_vegan,diet_vegetarian,sub_frisches_obst,tag_whole_food",,BLS-F535100,ref_000009,obs_0000031381,,,
Deutsche Rote Äpfel,Deutsche Rote Äpfel,"€ 2,22",,"1 kg = 0,89","1 kg = 0,89",,Nein,Gültig bis 02.05,2026-04-27,2026-05-02,../images/lidl/lidl_offer_010.jpg,"cat_obst_gemuese,diet_gluten_free,diet_lactose_free,diet_vegan,diet_vegetarian,sub_frisches_obst,tag_whole_food",,,ref_000010,obs_0000022521|obs_0000021066|obs_0000017162|obs_0000020247|obs_0000023327|obs_0000018328|obs_0000002562|obs_0000016900|obs_0000003115|obs_0000001075|obs_0000026677|obs_0000027192|obs_0000027723|obs_0000026234|obs_0000033931|obs_0000027801|obs_0000022211|obs_0000018124|obs_0000034535|obs_0000021770|obs_0000027442|obs_0000016710|obs_0000027995|obs_0000002961|obs_0000024988,obs_0000022521,,
Zucchini lose,Zucchini lose,"€ 0,99",,"pro Einheit = 1,79","pro Einheit = 1,79",,Nein,Gültig bis 02.05,2026-04-27,2026-05-02,../images/lidl/lidl_offer_011.jpg,"cat_obst_gemuese,diet_gluten_free,diet_lactose_free,diet_vegan,diet_vegetarian,sub_frisches_gemuese,tag_whole_food",,BLS-G582100,ref_000011,obs_0000018752|obs_0000021829|obs_0000016265|obs_0000007131,,,
Snack Gurken,Snack Gurken,"€ 1,11",,"1 kg = 4,44","1 kg = 4,44",,Nein,Gültig bis 02.05,2026-04-27,2026-05-02,../images/lidl/lidl_offer_012.jpg,"cat_obst_gemuese,diet_gluten_free,diet_lactose_free,diet_vegan,diet_vegetarian,sub_frisches_gemuese,tag_ultra_processed,tag_whole_food",,,ref_000012,obs_0000021205|obs_0000020386|obs_0000026810|obs_0000025802|obs_0000017698|obs_0000015693|obs_0000017251|obs_0000018804|obs_0000028052|obs_0000014824,obs_0000021205|obs_0000020386,,
American Style Weizen Sandwich,Grafschafter,"€ 0,95",,"pro Einheit = 1,09","pro Einheit = 1,09",,Nein,Gültig bis 02.05,2026-04-27,2026-05-02,../images/lidl/lidl_offer_013.jpg,"cat_getraenke,diet_vegetarian,tag_whole_food",,,ref_000013,obs_0000001830|obs_0000016389|obs_0000012342|obs_0000014517|obs_0000028883|obs_0000017155|obs_0000031017|obs_0000034642,,,
Bio Maissnack,Snack Day,"€ 0,79",,"pro Einheit = 0,99","pro Einheit = 0,99",,Nein,Gültig bis 02.05,2026-04-27,2026-05-02,../images/lidl/lidl_offer_014.jpg,"cat_knabbern_naschen,diet_gluten_free,diet_lactose_free,diet_vegan,diet_vegetarian,tag_ultra_processed,tag_whole_food",,,ref_000014,,,,
Rucola,Rucola,"€ 0,75",,"1 kg = 6,00","1 kg = 6,00",,Nein,Gültig bis 02.05,2026-04-27,2026-05-02,,"cat_getraenke,tag_ultra_processed",,BLS-G130100,ref_000015,obs_0000001300|obs_0000031672|obs_0000030142|obs_0000001874|obs_0000033923|obs_0000029203|obs_0000029500|obs_0000032072|obs_0000028749|obs_0000034818|obs_0000015263|obs_0000013257|obs_0000012651|obs_0000031503|obs_0000005712|obs_0000029021|obs_0000005890|obs_0000005895|obs_0000005708,obs_0000001300|obs_0000031672|obs_0000030142|obs_0000001874,,
Frischer Zuckermais,Frischer Zuckermais,"€ 1,99",,"pro Einheit = 1,99","pro Einheit = 1,99",,Nein,Gültig bis 02.05,2026-04-27,2026-05-02,../images/lidl/lidl_offer_016.jpg,cat_grundnahrung,,,ref_000016,obs_0000010140,,,
Akku-Gehölzschneider 12 V,Parkside,"€ 29,99",,"pro Einheit = 34,99","pro Einheit = 34,99",,Nein,Gültig bis 02.05,2026-04-27,2026-05-02,../images/lidl/lidl_offer_017.jpg,cat_non_food,,,ref_000017,obs_0000024844|obs_0000034840,,,x
Akku-Gras- und Strauchschere 12 V,Parkside,"€ 29,99",,"pro Einheit = 34,99","pro Einheit = 34,99",,Nein,Gültig bis 02.05,2026-04-27,2026-05-02,../images/lidl/lidl_offer_018.jpg,cat_non_food,,,ref_000018,obs_0000023695|obs_0000024118|obs_0000034840,obs_0000023695|obs_0000024118,,
Akku-Regenfasspumpe 12 V,Parkside,"€ 49,99",,"pro Einheit = 59,99","pro Einheit = 59,99",,Nein,Gültig bis 02.05,2026-04-27,2026-05-02,../images/lidl/lidl_offer_019.jpg,cat_non_food,,,ref_000019,obs_0000024844|obs_0000024805|obs_0000034840,obs_0000024805,,x
Akku 12 V 4 Ah,Parkside,"€ 17,99",,"pro Einheit = 17,99","pro Einheit = 17,99",,Nein,Gültig bis 02.05,2026-04-27,2026-05-02,../images/lidl/lidl_offer_020.jpg,cat_non_food,,,ref_000020,obs_0000012510|obs_0000012511|obs_0000024844|obs_0000023061|obs_0000023426|obs_0000034840,obs_0000023061|obs_0000023426,,x
Akku-Drucksprüher 12 V 20 V,Parkside,"€ 29,99",,"pro Einheit = 34,99","pro Einheit = 34,99",,Nein,Gültig bis 02.05,2026-04-27,2026-05-02,../images/lidl/lidl_offer_021.jpg,cat_non_food,,,ref_000021,obs_0000000184|obs_0000034840,,,x
Alu-Lounge Modell Braga,Bellavista,"€ 679,00",,"pro Einheit = 0,00","pro Einheit = 0,00",,Nein,Gültig bis 02.05,2026-04-27,2026-05-02,../images/lidl/lidl_offer_022.jpg,"cat_getraenke,diet_lactose_free,diet_vegan",,,ref_000022,,,,
Aluminium Terrassendach Modell Borneo,Juskys,"€ 999,00",,"pro Einheit = 0,00","pro Einheit = 0,00",,Nein,Gültig bis 02.05,2026-04-27,2026-05-02,../images/lidl/lidl_offer_023.jpg,cat_non_food,,,ref_000023,,,,
Gerätehaus Modell Mantis,Karibu,"€ 899,00",,"pro Einheit = 999,99","pro Einheit = 999,99",,Nein,Gültig bis 02.05,2026-04-27,2026-05-02,../images/lidl/lidl_offer_024.jpg,"cat_non_food,tag_ultra_processed",,,ref_000024,,,,
Schalenstuhl,LIVARNO,"€ 22,99",,"pro Einheit = 29,99","pro Einheit = 29,99",,Nein,Gültig bis 02.05,2026-04-27,2026-05-02,../images/lidl/lidl_offer_025.jpg,cat_non_food,,,ref_000025,,,,
Hängesessel Modell Loma,HOME DELUXE,"€ 189,00",,"pro Einheit = 279,00","pro Einheit = 279,00",,Nein,Gültig bis 02.05,2026-04-27,2026-05-02,../images/lidl/lidl_offer_026.jpg,cat_non_food,,,ref_000026,,,,
Doppelangschlitz-Toaster,SilverCrest,"€ 19,99",,"pro Einheit = 29,99","pro Einheit = 29,99",,Nein,Gültig bis 02.05,2026-04-27,2026-05-02,../images/lidl/lidl_offer_027.jpg,cat_non_food,,,ref_000027,obs_0000020716|obs_0000021535|obs_0000022382|obs_0000018855|obs_0000023565|obs_0000017566|obs_0000002036,obs_0000024755|obs_0000023134|obs_0000017676|obs_0000011635|obs_0000018134,,x
Eiscrememaschine,SilverCrest,"€ 19,99",,"pro Einheit = 24,99","pro Einheit = 24,99",,Nein,Gültig bis 02.05,2026-04-27,2026-05-02,../images/lidl/lidl_offer_028.jpg,cat_non_food,,,ref_000028,,,,x
Standmixer,SilverCrest,"€ 24,99",,"pro Einheit = 44,99","pro Einheit = 44,99",,Nein,Gültig bis 02.05,2026-04-27,2026-05-02,../images/lidl/lidl_offer_029.jpg,cat_non_food,,,ref_000029,obs_0000020743|obs_0000021562|obs_0000022085|obs_0000009056|obs_0000030366|obs_0000017372|obs_0000012043|obs_0000009193|obs_0000009675|obs_0000018857|obs_0000017841,obs_0000020743|obs_0000021562|obs_0000025753|obs_0000022085,,x
Spezialbesteck,SilverCrest,"€ 2,99",,"pro Einheit = 5,99","pro Einheit = 5,99",,Nein,Gültig bis 02.05,2026-04-27,2026-05-02,../images/lidl/lidl_offer_030.jpg,cat_non_food,,,ref_000030,,,,x
Sandwichmaker mit Wechselplatten,SILVERCREST,"€ 19,99",,"pro Einheit = 26,99","pro Einheit = 26,99",,Nein,Gültig bis 02.05,2026-04-27,2026-05-02,../images/lidl/lidl_offer_031.jpg,"cat_non_food,sub_milchprodukte",,,ref_000031,,,,
Silikonform Standard,SILVERCREST,"€ 3,99",,"pro Einheit = 3,99","pro Einheit = 3,99",,Nein,Gültig bis 02.05,2026-04-27,2026-05-02,../images/lidl/lidl_offer_032.jpg,cat_non_food,,,ref_000032,,,,
Nudelmaschine,SilverCrest,"€ 12,99",,"pro Einheit = 19,99","pro Einheit = 19,99",,Nein,Gültig bis 02.05,2026-04-27,2026-05-02,../images/lidl/lidl_offer_033.jpg,cat_non_food,,,ref_000033,obs_0000013319|obs_0000012068,obs_0000013319|obs_0000012068,,x
Kühl-Lunchboxen -Partycontainer -Tortenglocke,SILVERCREST,"€ 7,99",,"pro Einheit = 9,99","pro Einheit = 9,99",,Nein,Gültig bis 02.05,2026-04-27,2026-05-02,../images/lidl/lidl_offer_034.jpg,cat_non_food,,,ref_000034,,,,
7-Zonen-1000er-Taschenfederkern-Matratze,LIVARNO,"€ 159,00",,"pro Einheit = 159,00","pro Einheit = 159,00",,Nein,Gültig bis 02.05,2026-04-27,2026-05-02,../images/lidl/lidl_offer_035.jpg,cat_non_food,,,ref_000035,obs_0000024756|obs_0000018591|obs_0000022207|obs_0000022726|obs_0000024320|obs_0000018192|obs_0000023898|obs_0000022496|obs_0000019003|obs_0000020081|obs_0000025265|obs_0000024764|obs_0000020900|obs_0000024763|obs_0000024765,obs_0000018591|obs_0000017055|obs_0000024756|obs_0000022207|obs_0000022726|obs_0000024320|obs_0000018192|obs_0000023898|obs_0000016299|obs_0000022496,,
Mikrofaser-Satin-Bettwäsche,LIVARNO,"€ 4,49",,"pro Einheit = 4,49","pro Einheit = 4,49",,Nein,Gültig bis 02.05,2026-04-27,2026-05-02,../images/lidl/lidl_offer_036.jpg,cat_non_food,,,ref_000036,obs_0000024310|obs_0000023887|obs_0000001981|obs_0000023139|obs_0000022132|obs_0000019633|obs_0000024761|obs_0000025300|obs_0000018173|obs_0000021269|obs_0000020450|obs_0000026412,obs_0000025300|obs_0000024310|obs_0000021269|obs_0000023887|obs_0000020450,,
Jersey-Spannbettlaken,LIVARNO,"€ 3,99",,"pro Einheit = 3,99","pro Einheit = 3,99",,Nein,Gültig bis 02.05,2026-04-27,2026-05-02,../images/lidl/lidl_offer_037.jpg,cat_non_food,,,ref_000037,obs_0000024309|obs_0000025922|obs_0000023886|obs_0000010246|obs_0000018985|obs_0000023136|obs_0000023142|obs_0000009046|obs_0000018786|obs_0000017364|obs_0000022075|obs_0000020058|obs_0000020877|obs_0000025501|obs_0000018388|obs_0000016060|obs_0000016045|obs_0000016052,obs_0000010246|obs_0000018985|obs_0000023136|obs_0000023142|obs_0000024309|obs_0000025922|obs_0000023886|obs_0000009046|obs_0000018786|obs_0000017364,,
Kaltschaummatratze Marissa,BeCo,"€ 115,00",,"pro Einheit = 126,56","pro Einheit = 126,56",,Nein,Gültig bis 02.05,2026-04-27,2026-05-02,../images/lidl/lidl_offer_038.jpg,cat_non_food,,,ref_000038,,,,
Walnuss-Honig-Brot,Walnuss-Honig-Brot,"€ 1,99",,"1 kg = 5,24","1 kg = 5,24",,Nein,Gültig bis 02.05,2026-04-27,2026-05-02,../images/lidl/lidl_offer_039.jpg,"cat_grundnahrung,diet_vegetarian,tag_ultra_processed,tag_whole_food",,,ref_000039,obs_0000023357|obs_0000024667|obs_0000017823|obs_0000026282|obs_0000017124,obs_0000017823|obs_0000023357|obs_0000024667,,
Nusshappen,Nusshappen,"€ 1,29",,"pro Einheit = 1,29","pro Einheit = 1,29",,Nein,Gültig bis 02.05,2026-04-27,2026-05-02,../images/lidl/lidl_offer_040.jpg,"cat_knabbern_naschen,diet_vegetarian,tag_ultra_processed",,,ref_000040,obs_0000019549,obs_0000019549,,
Berliner mit Mehrfruchtfüllung,Berliner mit Mehrfruchtfüllung,"€ 0,90",,"pro Einheit = 1,35","pro Einheit = 1,35",,Nein,Gültig bis 02.05,2026-04-27,2026-05-02,../images/lidl/lidl_offer_041.jpg,"cat_knabbern_naschen,tag_ultra_processed",,,ref_000041,obs_0000016385|obs_0000016175|obs_0000001332|obs_0000030343|obs_0000030604,obs_0000016385,,
Kürbiskernbrötchen,Kürbiskernbrötchen,"€ 0,98",,"pro Einheit = 1,47","pro Einheit = 1,47",,Nein,Gültig bis 02.05,2026-04-27,2026-05-02,../images/lidl/lidl_offer_042.jpg,"cat_grundnahrung,diet_gluten_free,diet_lactose_free,diet_vegan,diet_vegetarian,tag_ultra_processed,tag_whole_food",,,ref_000042,obs_0000024662|obs_0000023355|obs_0000006065|obs_0000006066|obs_0000018428,obs_0000006065|obs_0000006066|obs_0000024662|obs_0000023355|obs_0000018428,,
Kakao Donuts XXL,Kakao Donuts XXL,"€ 2,59",,"1 kg = 8,46","1 kg = 8,46",,Nein,Gültig bis 02.05,2026-04-27,2026-05-02,../images/lidl/lidl_offer_043.jpg,"cat_knabbern_naschen,tag_ultra_processed",,,ref_000043,obs_0000026914|obs_0000012763|obs_0000015450|obs_0000013967,,,
Sesamring,Sesamring,"€ 0,49",,"pro Einheit = 0,65","pro Einheit = 0,65",,Nein,Gültig bis 02.05,2026-04-27,2026-05-02,../images/lidl/lidl_offer_044.jpg,"cat_grundnahrung,diet_gluten_free,diet_lactose_free,diet_vegetarian",,,ref_000044,obs_0000031600,obs_0000031600,,
Frische Schweine-Nackenkoteletts,Metzgerfrisch,"€ 5,55",,"pro Einheit = 5,55","pro Einheit = 5,55",,Nein,Gültig bis 02.05,2026-04-27,2026-05-02,../images/lidl/lidl_offer_045.jpg,"cat_fleisch_wurst,sub_schwein",,,ref_000045,obs_0000018559|obs_0000018824|obs_0000017433|obs_0000016516|obs_0000020864|obs_0000021861|obs_0000019817|obs_0000020045,obs_0000018559|obs_0000018824|obs_0000023236|obs_0000017433,,
Frische Hähnchen-Schenkel,Metzgerfrisch,"€ 3,99",,"pro Einheit = 5,29","pro Einheit = 5,29",,Nein,Gültig bis 02.05,2026-04-27,2026-05-02,../images/lidl/lidl_offer_046.jpg,"cat_fleisch_wurst,sub_gefluegel,sub_schwein,tag_proteinreich",,,ref_000046,obs_0000030896|obs_0000031635|obs_0000016559|obs_0000017341|obs_0000019465|obs_0000022267|obs_0000018267|obs_0000031534|obs_0000029875|obs_0000022949|obs_0000025784|obs_0000014454|obs_0000027259|obs_0000027277|obs_0000000705|obs_0000027367|obs_0000000882|obs_0000027696|obs_0000009401|obs_0000028083|obs_0000001523|obs_0000009863|obs_0000028345|obs_0000014263|obs_0000029909|obs_0000029965|obs_0000032530|obs_0000010525|obs_0000022948|obs_0000029218|obs_0000031267|obs_0000031272|obs_0000029224|obs_0000014915|obs_0000008788|obs_0000029274|obs_0000029291|obs_0000031542|obs_0000031584|obs_0000031623|obs_0000029596|obs_0000029666|obs_0000029905|obs_0000015748|obs_0000011849|obs_0000012213,obs_0000024668|obs_0000030896|obs_0000022948|obs_0000029224|obs_0000029291|obs_0000031455|obs_0000031534|obs_0000031542|obs_0000031584|obs_0000031635|obs_0000029596|obs_0000029666|obs_0000023723|obs_0000029875|obs_0000025789|obs_0000024146,,
Norwegische Lachsseite,Fischerstolz,"€ 13,49",,"pro Einheit = 13,49","pro Einheit = 13,49",,Nein,Gültig bis 02.05,2026-04-27,2026-05-02,../images/lidl/lidl_offer_047.jpg,"cat_fisch_meeresfruechte,tag_high_protein,tag_proteinreich",,,ref_000047,obs_0000023716|obs_0000024141|obs_0000024670|obs_0000017058|obs_0000016331|obs_0000018906|obs_0000018663|obs_0000021994,obs_0000017058|obs_0000023716|obs_0000022953|obs_0000025785|obs_0000016331|obs_0000024141|obs_0000018906|obs_0000024670|obs_0000018663|obs_0000021994,,
Schweine-Bauchscheiben,GRILLMEISTER,"€ 4,19",,"pro Einheit = 5,59","pro Einheit = 5,59",,Nein,Gültig bis 02.05,2026-04-27,2026-05-02,../images/lidl/lidl_offer_048.jpg,"cat_fleisch_wurst,sub_schwein",,BLS-W411300,ref_000048,obs_0000027303,obs_0000027303,,x
Frisches Hackfleisch gemischt,Metzgerfrisch,"€ 6,99",,"1 kg = 5,83","1 kg = 5,83",,Nein,Gültig bis 02.05,2026-04-27,2026-05-02,../images/lidl/lidl_offer_049.jpg,"cat_fleisch_wurst,sub_gefluegel,sub_hackfleisch,sub_rind,sub_schwein,tag_high_protein,tag_proteinreich",,,ref_000049,obs_0000016944|obs_0000021126|obs_0000017204|obs_0000025678|obs_0000023720|obs_0000024142|obs_0000018085|obs_0000022287|obs_0000020307|obs_0000022954|obs_0000025790|obs_0000018612|obs_0000023717|obs_0000019652|obs_0000017754|obs_0000024145|obs_0000014463|obs_0000030894|obs_0000030922|obs_0000006355|obs_0000030962|obs_0000026963|obs_0000008856|obs_0000006874|obs_0000031538|obs_0000031582|obs_0000007077|obs_0000027617|obs_0000009222|obs_0000009248|obs_0000029783|obs_0000033883|obs_0000027808|obs_0000011430|obs_0000029892|obs_0000009575|obs_0000028033|obs_0000030174|obs_0000009702|obs_0000005620|obs_0000030269|obs_0000005797|obs_0000034536|obs_0000012282|obs_0000022568|obs_0000010463|obs_0000012768|obs_0000000505|obs_0000014917|obs_0000029288,obs_0000025790,,
Frische Bratwurst Merguez,GRILLMEISTER,"€ 4,44",,"1 kg = 12,33","1 kg = 12,33",,Nein,Gültig bis 02.05,2026-04-27,2026-05-02,../images/lidl/lidl_offer_050.jpg,"cat_fleisch_wurst,sub_wurst",,,ref_000050,obs_0000016533|obs_0000023367|obs_0000006701|obs_0000026247|obs_0000006539|obs_0000007634,,,x
Schweine-Gyros,Metzgerfrisch,"€ 4,79",,"1 kg = 5,99","1 kg = 5,99",,Nein,Gültig bis 02.05,2026-04-27,2026-05-02,../images/lidl/lidl_offer_051.jpg,"cat_fleisch_wurst,sub_schwein",,,ref_000051,obs_0000024047|obs_0000024466|obs_0000002296|obs_0000019441|obs_0000017899|obs_0000022156|obs_0000034972|obs_0000000648|obs_0000001454,obs_0000002296|obs_0000019441|obs_0000017899|obs_0000024047|obs_0000022156|obs_0000024466,,
METZGERFRISCH Frische Hamburger,METZGERFRISCH Frische Hamburger,"€ 5,79",,"pro Einheit = 7,25","pro Einheit = 7,25",,Nein,Gültig bis 02.05,2026-04-27,2026-05-02,../images/lidl/lidl_offer_052.jpg,"cat_fleisch_wurst,sub_gefluegel,sub_hackfleisch,sub_schwein",,,ref_000052,obs_0000024673|obs_0000022567|obs_0000024669|obs_0000025789|obs_0000024875|obs_0000024140|obs_0000014449|obs_0000022158|obs_0000023718|obs_0000016557|obs_0000022859|obs_0000017294|obs_0000009656|obs_0000034261|obs_0000009174|obs_0000017903|obs_0000000512,,,
Bio Traditions-Fleischwurst,Metzgerfrisch,"€ 2,79",,"1 kg = 11,16","1 kg = 11,16",,Nein,Gültig bis 02.05,2026-04-27,2026-05-02,../images/lidl/lidl_offer_053.jpg,"cat_fleisch_wurst,sub_hackfleisch,sub_schwein,sub_wurst,tag_ultra_processed",,,ref_000053,obs_0000020644|obs_0000021463|obs_0000021765|obs_0000020246|obs_0000020454|obs_0000021065|obs_0000021273|obs_0000021692|obs_0000021902|obs_0000023229|obs_0000034593|obs_0000008871|obs_0000034472|obs_0000034703|obs_0000027764|obs_0000011863|obs_0000014928,obs_0000020644|obs_0000021463|obs_0000021765,,
Bio Traditions-Kochschinken,Metzgerfrisch,"€ 2,79",,"1 kg = 27,90","1 kg = 27,90",,Nein,Gültig bis 02.05,2026-04-27,2026-05-02,../images/lidl/lidl_offer_054.jpg,"cat_fleisch_wurst,sub_schwein,sub_wurst,tag_ultra_processed",,,ref_000054,obs_0000020454|obs_0000021273|obs_0000021692|obs_0000020246|obs_0000020644|obs_0000021065|obs_0000021463|obs_0000021765|obs_0000021902|obs_0000023229|obs_0000034157|obs_0000001488|obs_0000034957|obs_0000002580|obs_0000002805,obs_0000020454|obs_0000021273|obs_0000021692,,
Nürnberger Rostbratwurst,Bioland,"€ 3,99",,"1 kg = 15,96","1 kg = 15,96",,Nein,Gültig bis 02.05,2026-04-27,2026-05-02,../images/lidl/lidl_offer_055.jpg,"cat_fleisch_wurst,sub_wurst",,,ref_000055,obs_0000023630|obs_0000020645|obs_0000021808|obs_0000021464|obs_0000013376|obs_0000014464,obs_0000020645|obs_0000021808|obs_0000027970|obs_0000014918|obs_0000023630|obs_0000010326|obs_0000021464,,
Bio Traditions-Wiener Würstchen,Metzgerfrisch,"€ 2,99",,"1 kg = 14,95","1 kg = 14,95",,Nein,Gültig bis 02.05,2026-04-27,2026-05-02,../images/lidl/lidl_offer_056.jpg,"cat_fleisch_wurst,sub_wurst,tag_ultra_processed",,,ref_000056,obs_0000020449|obs_0000021268|obs_0000021884|obs_0000029297|obs_0000032077|obs_0000034174|obs_0000034811|obs_0000035106|obs_0000026784|obs_0000027189|obs_0000028076|obs_0000028276|obs_0000028948|obs_0000030125|obs_0000005789|obs_0000006186|obs_0000031274|obs_0000031737|obs_0000031889|obs_0000015758|obs_0000009369|obs_0000009557|obs_0000031788,obs_0000020449|obs_0000021268|obs_0000021884,,
Bio Salami Klassik,Metzgerfrisch,"€ 2,49",,"1 kg = 19,92","1 kg = 19,92",,Nein,Gültig bis 02.05,2026-04-27,2026-05-02,../images/lidl/lidl_offer_057.jpg,"cat_fleisch_wurst,sub_schwein,sub_wurst,tag_ultra_processed",,,ref_000057,obs_0000001686|obs_0000019376|obs_0000020648|obs_0000021467|obs_0000021766|obs_0000000274|obs_0000000892|obs_0000002087|obs_0000010600|obs_0000002574|obs_0000003381|obs_0000003529|obs_0000003913|obs_0000012289|obs_0000004340|obs_0000004767|obs_0000008158|obs_0000033968|obs_0000034098|obs_0000001490|obs_0000005975|obs_0000006872|obs_0000016602|obs_0000008425|obs_0000016755|obs_0000025355|obs_0000017184|obs_0000017375|obs_0000025934|obs_0000034176|obs_0000010234|obs_0000010316|obs_0000002285|obs_0000026898|obs_0000002611|obs_0000019030|obs_0000011010|obs_0000002957|obs_0000003239|obs_0000019666|obs_0000003307|obs_0000028273|obs_0000020407|obs_0000021226|obs_0000005781|obs_0000031198|obs_0000014932|obs_0000023205|obs_0000007987|obs_0000008039,obs_0000001686,,
Farmer-Schinken,Metzgerfrisch,"€ 2,49",,"1 kg = 19,92","1 kg = 19,92",,Nein,Gültig bis 02.05,2026-04-27,2026-05-02,../images/lidl/lidl_offer_058.jpg,"cat_fleisch_wurst,sub_gefluegel,sub_schwein,sub_wurst",,BLS-W441000,ref_000058,obs_0000016624|obs_0000017657|obs_0000034378|obs_0000028387,,,
Traditions-Kasselerbraten,Metzgerfrisch,"€ 1,89",,"1 kg = 12,60","1 kg = 12,60",,Nein,Gültig bis 02.05,2026-04-27,2026-05-02,../images/lidl/lidl_offer_059.jpg,"cat_fleisch_wurst,sub_schwein",,,ref_000059,,,,
Traditions-Kochhinterschinken,Metzgerfrisch,"€ 3,32",,"1 kg = 16,60","1 kg = 16,60",,Nein,Gültig bis 02.05,2026-04-27,2026-05-02,../images/lidl/lidl_offer_060.jpg,"cat_fleisch_wurst,sub_schwein,sub_wurst,tag_ultra_processed",,,ref_000060,obs_0000026780|obs_0000026817|obs_0000008869|obs_0000011852,,,
Traditions-Fleischpflanzerl,Metzger-Frisch,"€ 2,79",,"1 kg = 11,63","1 kg = 11,63",,Nein,Gültig bis 02.05,2026-04-27,2026-05-02,../images/lidl/lidl_offer_061.jpg,"cat_fleisch_wurst,sub_hackfleisch,sub_schwein,sub_wurst,tag_ultra_processed",,,ref_000061,,,,
Traditions-Fleischwurst,Metzgerfrisch,"€ 2,79",,"1 kg = 6,98","1 kg = 6,98",,Nein,Gültig bis 02.05,2026-04-27,2026-05-02,../images/lidl/lidl_offer_062.jpg,"cat_fleisch_wurst,sub_hackfleisch,sub_schwein,sub_wurst,tag_ultra_processed",,,ref_000062,obs_0000020644|obs_0000021463|obs_0000021765|obs_0000014928|obs_0000008871|obs_0000027764|obs_0000011863|obs_0000034472|obs_0000034703,obs_0000020644|obs_0000021463|obs_0000021765,,
Traditions-Schinken-Salami,Metzger-Frisch,"€ 1,79",,"1 kg = 17,90","1 kg = 17,90",,Nein,Gültig bis 02.05,2026-04-27,2026-05-02,../images/lidl/lidl_offer_063.jpg,"cat_fleisch_wurst,sub_schwein,sub_wurst,tag_ultra_processed",,,ref_000063,obs_0000010316|obs_0000016602|obs_0000008425|obs_0000002285|obs_0000016624|obs_0000026898|obs_0000016755|obs_0000031198|obs_0000002611|obs_0000014932|obs_0000019030|obs_0000023205|obs_0000021226|obs_0000011010|obs_0000025355|obs_0000017184|obs_0000002957|obs_0000017375|obs_0000003239|obs_0000019666|obs_0000003307|obs_0000017657|obs_0000025934|obs_0000034176|obs_0000034378|obs_0000028273|obs_0000005781|obs_0000028387|obs_0000007987|obs_0000008039|obs_0000020407|obs_0000016328|obs_0000010234,,,
Traditions-Bierschinken Klassik,Metzgerfrisch,"€ 1,39",,"1 kg = 11,12","1 kg = 11,12",,Nein,Gültig bis 02.05,2026-04-27,2026-05-02,../images/lidl/lidl_offer_064.jpg,"cat_fleisch_wurst,sub_schwein,sub_wurst,tag_ultra_processed",,,ref_000064,obs_0000020560|obs_0000022636|obs_0000031266|obs_0000025254|obs_0000021379|obs_0000033774|obs_0000001020|obs_0000001030|obs_0000023794|obs_0000009560|obs_0000009601|obs_0000024214|obs_0000010052,,,
Traditions-Geflügel-Mortadella Paprika,Metzgerfrisch,"€ 1,69",,"1 kg = 13,52","1 kg = 13,52",,Nein,Gültig bis 02.05,2026-04-27,2026-05-02,../images/lidl/lidl_offer_065.jpg,"cat_fleisch_wurst,sub_gefluegel,sub_schwein,sub_wurst,tag_ultra_processed",,,ref_000065,obs_0000031798|obs_0000014185,,,
Actimel Drink XXXL Multifrucht,Danone,"€ 3,44",,"1 kg = 2,46","1 kg = 2,46",,Nein,Gültig bis 02.05,2026-04-27,2026-05-02,../images/lidl/lidl_offer_066.jpg,"cat_molkerei_kaese,diet_vegetarian,sub_joghurt_skyr_quark,sub_milchprodukte,tag_ultra_processed",,,ref_000066,obs_0000018569|obs_0000017405|obs_0000031420|obs_0000006437|obs_0000009022|obs_0000031715|obs_0000006796|obs_0000012310|obs_0000033983|obs_0000010619|obs_0000027587|obs_0000026421,,,
Waschmittel Pods,Ariel,"€ 16,99",,"pro Einheit = 22,99","pro Einheit = 22,99",,Nein,Gültig bis 02.05,2026-04-27,2026-05-02,../images/lidl/lidl_offer_067.jpg,cat_drogerie,,,ref_000067,obs_0000022894|obs_0000016254|obs_0000018449|obs_0000027703|obs_0000012875|obs_0000023646|obs_0000024174|obs_0000002728|obs_0000023748|obs_0000023244|obs_0000025812|obs_0000017654|obs_0000018794|obs_0000019827|obs_0000022410|obs_0000034866|obs_0000016462|obs_0000018542|obs_0000019568|obs_0000013946|obs_0000025217|obs_0000026760|obs_0000021665|obs_0000033445|obs_0000012454|obs_0000018152|obs_0000015109|obs_0000033069|obs_0000022331|obs_0000022340|obs_0000020846|obs_0000012181|obs_0000003486|obs_0000019384|obs_0000017352|obs_0000026568|obs_0000022520|obs_0000025598,obs_0000022894|obs_0000016254,,
Captain Morgan Freeway,Captain Morgan,"€ 8,99",,"pro Einheit = 12,99","pro Einheit = 12,99",,Nein,Gültig bis 02.05,2026-04-27,2026-05-02,../images/lidl/lidl_offer_068.jpg,cat_non_food,,,ref_000068,obs_0000007664|obs_0000005818|obs_0000007263,,,
Mini Original,Babybel,"€ 2,50",,"1 kg = 14,39","1 kg = 14,39",,Nein,Gültig bis 02.05,2026-04-27,2026-05-02,../images/lidl/lidl_offer_069.jpg,"cat_knabbern_naschen,diet_gluten_free,diet_lactose_free,diet_vegan,tag_high_protein,tag_ultra_processed",,,ref_000069,obs_0000002220|obs_0000023295|obs_0000000803|obs_0000020016|obs_0000012328|obs_0000010932|obs_0000028517|obs_0000028632|obs_0000004327|obs_0000000264|obs_0000004754|obs_0000003811|obs_0000003900|obs_0000028730|obs_0000020611|obs_0000012423|obs_0000006283|obs_0000026772|obs_0000026832|obs_0000028896|obs_0000006379|obs_0000035052|obs_0000027005|obs_0000027048|obs_0000021000|obs_0000008777|obs_0000021117|obs_0000008906|obs_0000015051|obs_0000021430|obs_0000025547|obs_0000033763|obs_0000017384|obs_0000013325|obs_0000019505|obs_0000031800|obs_0000025705|obs_0000009334|obs_0000017530|obs_0000015502|obs_0000027791|obs_0000017583|obs_0000033975|obs_0000021758|obs_0000001297|obs_0000009525|obs_0000021868|obs_0000017799|obs_0000026024|obs_0000026035,,,
Coca-Cola,Coca-Cola,"€ 1,19",,"pro Einheit = 1,59","pro Einheit = 1,59",,Nein,Gültig bis 02.05,2026-04-27,2026-05-02,../images/lidl/lidl_offer_070.jpg,"cat_getraenke,sub_tk_fertiggerichte,tag_high_protein,tag_proteinreich,tag_ultra_processed",,,ref_000070,obs_0000023586|obs_0000001110|obs_0000024676|obs_0000024165|obs_0000001642|obs_0000023740|obs_0000034042|obs_0000034648|obs_0000033681|obs_0000034234|obs_0000034810|obs_0000005638|obs_0000030302|obs_0000032440|obs_0000005827|obs_0000029418|obs_0000006901|obs_0000006909|obs_0000029979|obs_0000006021|obs_0000032705|obs_0000030680|obs_0000007669|obs_0000032254|obs_0000026646|obs_0000028226|obs_0000004177|obs_0000031900|obs_0000021663|obs_0000026287|obs_0000026323|obs_0000008921|obs_0000017639|obs_0000000810|obs_0000016686|obs_0000009023|obs_0000022338|obs_0000017246|obs_0000020844|obs_0000016754|obs_0000028026|obs_0000027015|obs_0000027037|obs_0000009119|obs_0000019364|obs_0000005031|obs_0000000445|obs_0000018375|obs_0000003042|obs_0000004604,obs_0000005638|obs_0000023586|obs_0000001110|obs_0000030302|obs_0000024676|obs_0000024165|obs_0000001642|obs_0000032440|obs_0000023740|obs_0000005827|obs_0000029418|obs_0000006901|obs_0000034042|obs_0000006909|obs_0000029979|obs_0000034648|obs_0000006021|obs_0000033681|obs_0000034234|obs_0000032705|obs_0000030680|obs_0000007669|obs_0000034810|obs_0000032254,,
Strudel,Conditorei Coppenrath Wiese,"€ 2,79",,"pro Einheit = 3,29","pro Einheit = 3,29",,Nein,Gültig bis 02.05,2026-04-27,2026-05-02,../images/lidl/lidl_offer_071.jpg,"cat_grundnahrung,diet_vegetarian,tag_ultra_processed",,BLS-D483400,ref_000071,obs_0000003108|obs_0000004361|obs_0000003806|obs_0000004788|obs_0000003934|obs_0000017656|obs_0000016604|obs_0000006324,obs_0000003108|obs_0000004361|obs_0000003806|obs_0000004788|obs_0000003934,,
Original,Pick-Up,"€ 1,99",,"pro Einheit = 3,79","pro Einheit = 3,79",,Nein,Gültig bis 02.05,2026-04-27,2026-05-02,../images/lidl/lidl_offer_072.jpg,"cat_getraenke,tag_high_protein,tag_ultra_processed",,,ref_000072,obs_0000028730|obs_0000020611|obs_0000012423|obs_0000006283|obs_0000026772|obs_0000026832|obs_0000028896|obs_0000035052|obs_0000027005|obs_0000027048|obs_0000021000|obs_0000008777|obs_0000021117|obs_0000008906|obs_0000015051|obs_0000021430|obs_0000025547|obs_0000033763|obs_0000017384|obs_0000013325|obs_0000019505|obs_0000031800|obs_0000025705|obs_0000009334|obs_0000015502|obs_0000027791|obs_0000033975|obs_0000021758|obs_0000009525|obs_0000021868|obs_0000017799|obs_0000026035|obs_0000022184|obs_0000020181|obs_0000034561|obs_0000009987|obs_0000028429|obs_0000034575|obs_0000016167|obs_0000020298|obs_0000028516|obs_0000010117|obs_0000014249|obs_0000028630|obs_0000010244|obs_0000026672|obs_0000018547|obs_0000026752|obs_0000010427|obs_0000018645,obs_0000028730|obs_0000020611|obs_0000012423|obs_0000006283|obs_0000026772|obs_0000026832|obs_0000028896|obs_0000035052|obs_0000027005|obs_0000027048|obs_0000021000|obs_0000008777|obs_0000021117|obs_0000008906|obs_0000015051|obs_0000021430|obs_0000025547|obs_0000033763|obs_0000017384|obs_0000013325|obs_0000019505|obs_0000031800|obs_0000025705|obs_0000009334|obs_0000015502|obs_0000027791|obs_0000033975|obs_0000021758|obs_0000021868|obs_0000017799|obs_0000026035|obs_0000022184|obs_0000020181|obs_0000034561|obs_0000028429|obs_0000034575|obs_0000016167|obs_0000020298|obs_0000028516|obs_0000010117|obs_0000014249|obs_0000028630,,x
Sekt,Rotkäppchen,"€ 3,29",,"pro Einheit = 4,99","pro Einheit = 4,99",,Nein,Gültig bis 02.05,2026-04-27,2026-05-02,../images/lidl/lidl_offer_073.jpg,cat_getraenke,,,ref_000073,obs_0000011802|obs_0000017436|obs_0000031833|obs_0000018037|obs_0000000122|obs_0000026289|obs_0000023255|obs_0000018687|obs_0000026425|obs_0000027487|obs_0000002457|obs_0000025002|obs_0000018465|obs_0000017456|obs_0000003634|obs_0000013889|obs_0000019009|obs_0000019561|obs_0000028281|obs_0000012437|obs_0000010911|obs_0000027358|obs_0000016680|obs_0000015666|obs_0000014644|obs_0000024889|obs_0000011590|obs_0000015699|obs_0000008047|obs_0000012694|obs_0000022430|obs_0000001461|obs_0000026048|obs_0000013336|obs_0000015931|obs_0000008276|obs_0000015498|obs_0000010420|obs_0000025796|obs_0000031724|obs_0000008400|obs_0000032264|obs_0000028182|obs_0000015933|obs_0000023645|obs_0000008803|obs_0000024169|obs_0000013971|obs_0000012436|obs_0000010391,obs_0000011802|obs_0000017436|obs_0000018465|obs_0000017456|obs_0000003634|obs_0000013889|obs_0000019009|obs_0000031833|obs_0000019561|obs_0000018037|obs_0000028281|obs_0000000122|obs_0000012437|obs_0000010911|obs_0000026289|obs_0000023255|obs_0000027358|obs_0000018687|obs_0000016680|obs_0000015666|obs_0000014644|obs_0000024889|obs_0000026425|obs_0000011590|obs_0000015699|obs_0000027487|obs_0000008047|obs_0000012694|obs_0000002457|obs_0000022430|obs_0000025002|obs_0000001461|obs_0000026048,,
Kaffee Auslese,Melitta,"€ 6,99",,"pro Einheit = 9,29","pro Einheit = 9,29",,Nein,Gültig bis 02.05,2026-04-27,2026-05-02,../images/lidl/lidl_offer_074.jpg,"cat_getraenke,diet_gluten_free,diet_lactose_free,diet_vegan,diet_vegetarian",,,ref_000074,obs_0000031774|obs_0000008737|obs_0000018585|obs_0000035115|obs_0000012375|obs_0000034106|obs_0000015279|obs_0000010719|obs_0000022517|obs_0000029713|obs_0000030782|obs_0000032103|obs_0000032646|obs_0000012856|obs_0000011954|obs_0000014593|obs_0000024909|obs_0000013724,obs_0000031774|obs_0000008737|obs_0000018585,,
Pure Taste Katzenvollnahrung,Coshida,"€ 1,09",,"pro Einheit = 1,49","pro Einheit = 1,49",,Nein,Gültig bis 02.05,2026-04-27,2026-05-02,../images/lidl/lidl_offer_075.jpg,cat_tiernahrung,,,ref_000075,,,,
Selection Nuss-Mix,Alesto,"€ 1,69",,"pro Einheit = 1,99","pro Einheit = 1,99",,Nein,Gültig bis 02.05,2026-04-27,2026-05-02,../images/lidl/lidl_offer_076.jpg,"cat_knabbern_naschen,diet_vegetarian,tag_ultra_processed",,,ref_000076,obs_0000000720|obs_0000002128|obs_0000002629|obs_0000033416|obs_0000033561|obs_0000024700|obs_0000035020|obs_0000022988|obs_0000016848|obs_0000031828|obs_0000011580|obs_0000026027,,,
Original Irische Butter,Kerrygold,"€ 1,99",,"pro Einheit = 3,49","pro Einheit = 3,49",,Nein,Gültig bis 02.05,2026-04-27,2026-05-02,../images/lidl/lidl_offer_077.jpg,"cat_molkerei_kaese,diet_gluten_free,diet_vegetarian,sub_butter_margarine,sub_fleischersatz,sub_gefluegel,sub_kaese,sub_milchprodukte,sub_tk_gemuese,tag_high_protein,tag_ultra_processed",,,ref_000077,obs_0000016451|obs_0000025029|obs_0000023253|obs_0000023732|obs_0000024152|obs_0000028319|obs_0000014084|obs_0000003809|obs_0000000141|obs_0000003593|obs_0000034970|obs_0000013125|obs_0000011467|obs_0000006790|obs_0000015797|obs_0000024620|obs_0000028730|obs_0000000107|obs_0000020611|obs_0000012423|obs_0000006283|obs_0000026772|obs_0000010409|obs_0000026832|obs_0000018644|obs_0000028896|obs_0000035052|obs_0000008456|obs_0000018772|obs_0000008556|obs_0000027005|obs_0000027048|obs_0000027049|obs_0000012797|obs_0000021000|obs_0000002620|obs_0000008777|obs_0000002676|obs_0000021117|obs_0000008906|obs_0000015051|obs_0000011042|obs_0000009075|obs_0000027517|obs_0000021430|obs_0000025547|obs_0000033763|obs_0000000997|obs_0000017384|obs_0000013325,obs_0000016451|obs_0000025029|obs_0000023253|obs_0000023732|obs_0000024152|obs_0000028319|obs_0000014084,,
Nutella,Nutella,"€ 3,29",,"pro Einheit = 3,79","pro Einheit = 3,79",,Nein,Gültig bis 02.05,2026-04-27,2026-05-02,../images/lidl/lidl_offer_078.jpg,"cat_knabbern_naschen,diet_vegetarian,tag_ultra_processed",,,ref_000078,obs_0000023311|obs_0000022500|obs_0000024686|obs_0000018181|obs_0000033678|obs_0000032403|obs_0000000918|obs_0000022348|obs_0000032100|obs_0000019310|obs_0000017649|obs_0000016258|obs_0000026249|obs_0000027533|obs_0000016787|obs_0000001187|obs_0000017196|obs_0000014128|obs_0000017850|obs_0000018501|obs_0000022091|obs_0000017239|obs_0000017241|obs_0000016611|obs_0000007026|obs_0000001525|obs_0000001529|obs_0000026750|obs_0000008340|obs_0000029028|obs_0000014101|obs_0000002746|obs_0000027589|obs_0000016475|obs_0000027761,obs_0000018181|obs_0000033678|obs_0000023311|obs_0000032403|obs_0000000918|obs_0000022348|obs_0000022500|obs_0000032100|obs_0000019310|obs_0000024686|obs_0000017649,,
Leichte Orange,Hohes C,"€ 1,79",,"pro Einheit = 2,89","pro Einheit = 2,89",,Nein,Gültig bis 02.05,2026-04-27,2026-05-02,../images/lidl/lidl_offer_079.jpg,"cat_getraenke,diet_gluten_free,diet_lactose_free,diet_vegan,diet_vegetarian,tag_whole_food",,,ref_000079,obs_0000018210|obs_0000001318|obs_0000000709|obs_0000031736,obs_0000018210,,
Frischkäse,Petrella,"€ 1,49",,"pro Einheit = 1,99","pro Einheit = 1,99",,Nein,Gültig bis 02.05,2026-04-27,2026-05-02,../images/lidl/lidl_offer_080.jpg,"cat_molkerei_kaese,sub_kaese,sub_milchprodukte,sub_wurst,tag_ultra_processed",,BLS-D3A6000,ref_000080,obs_0000000519|obs_0000016946|obs_0000026675|obs_0000017482|obs_0000022604|obs_0000017513|obs_0000018043|obs_0000022149|obs_0000028302|obs_0000025259|obs_0000020143|obs_0000018636|obs_0000022250|obs_0000018668|obs_0000027893|obs_0000019721|obs_0000022312|obs_0000024882|obs_0000010048|obs_0000024407|obs_0000009596|obs_0000002951|obs_0000003481|obs_0000019362|obs_0000023986|obs_0000020962|obs_0000017894|obs_0000018437|obs_0000018441|obs_0000009739|obs_0000002064|obs_0000019510|obs_0000009275|obs_0000024137|obs_0000022111|obs_0000022114|obs_0000008311|obs_0000000665|obs_0000023715|obs_0000031907|obs_0000003254|obs_0000002331|obs_0000002429|obs_0000002443|obs_0000026562|obs_0000022984|obs_0000013780|obs_0000001493|obs_0000028125|obs_0000000998,obs_0000000519|obs_0000016946|obs_0000026675|obs_0000017482|obs_0000022604|obs_0000017513|obs_0000018043|obs_0000022149|obs_0000028302|obs_0000025259|obs_0000020143|obs_0000018636|obs_0000022250|obs_0000018668|obs_0000027893|obs_0000019721|obs_0000022312|obs_0000024882|obs_0000010048|obs_0000024407|obs_0000009596|obs_0000002951|obs_0000003481|obs_0000019362|obs_0000023986|obs_0000020962|obs_0000017894,,
Traditions-Bacon,METZGER-FRISCH,"€ 1,29",,"pro Einheit = 1,59","pro Einheit = 1,59",,Nein,Gültig bis 02.05,2026-04-27,2026-05-02,../images/lidl/lidl_offer_081.jpg,"cat_fleisch_wurst,sub_schwein,tag_ultra_processed",,,ref_000081,obs_0000026814|obs_0000014146|obs_0000012775|obs_0000001018|obs_0000001019|obs_0000011008,,,
Grana Padano g U,Giovanni Ferrari,"€ 3,49",,"pro Einheit = 4,29","pro Einheit = 4,29",,Nein,Gültig bis 02.05,2026-04-27,2026-05-02,../images/lidl/lidl_offer_082.jpg,"cat_grundnahrung,diet_vegetarian,sub_nudeln",,,ref_000082,obs_0000019702|obs_0000008584|obs_0000028820|obs_0000022437|obs_0000010424|obs_0000018289|obs_0000023167|obs_0000013230|obs_0000017211|obs_0000015809|obs_0000029895|obs_0000007753|obs_0000022624|obs_0000024568|obs_0000016509|obs_0000011032|obs_0000030522|obs_0000011475|obs_0000005911|obs_0000006456,obs_0000030522|obs_0000019702,,
Milchschnitte,Kinder,"€ 1,49",,"1 kg = 10,64","1 kg = 10,64",,Nein,Gültig bis 02.05,2026-04-27,2026-05-02,../images/lidl/lidl_offer_083.jpg,"cat_knabbern_naschen,tag_ultra_processed",,,ref_000083,obs_0000031540|obs_0000023382|obs_0000019989|obs_0000020053|obs_0000018526|obs_0000025249|obs_0000018114|obs_0000022276|obs_0000032603|obs_0000018277|obs_0000020872|obs_0000028086|obs_0000019147|obs_0000017694,obs_0000025845|obs_0000031540|obs_0000023382|obs_0000032603,,
Zaziki,Apostels,"€ 1,79",,"pro Einheit = 2,69","pro Einheit = 2,69",,Nein,Gültig bis 02.05,2026-04-27,2026-05-02,../images/lidl/lidl_offer_084.jpg,"cat_non_food,tag_ultra_processed",,,ref_000084,obs_0000027685|obs_0000033765|obs_0000034792|obs_0000034577|obs_0000025978|obs_0000020587|obs_0000019789|obs_0000023022|obs_0000025390|obs_0000021406|obs_0000030657|obs_0000028102,obs_0000027685|obs_0000033765|obs_0000028102|obs_0000034792|obs_0000020587|obs_0000019789|obs_0000023022|obs_0000025390|obs_0000034577|obs_0000025978|obs_0000021406,,
Gemüse Maultaschen,BÜRGER,"€ 1,69",,"pro Einheit = 2,29","pro Einheit = 2,29",,Nein,Gültig bis 02.05,2026-04-27,2026-05-02,../images/lidl/lidl_offer_085.jpg,"cat_tiefkuehl,diet_vegetarian,sub_frisches_gemuese,sub_tk_fertiggerichte,sub_tk_gemuese",,,ref_000085,obs_0000006305|obs_0000010531|obs_0000017588|obs_0000012341|obs_0000031814|obs_0000000711|obs_0000033906|obs_0000014973|obs_0000012813|obs_0000025597|obs_0000010642|obs_0000014506|obs_0000011055|obs_0000018735|obs_0000018942|obs_0000015818|obs_0000017491|obs_0000016753|obs_0000014837|obs_0000033909|obs_0000011900,,,
Irische Käsescheiben,Kerrygold,"€ 1,59",,"pro Einheit = 2,99","pro Einheit = 2,99",,Nein,Gültig bis 02.05,2026-04-27,2026-05-02,../images/lidl/lidl_offer_086.jpg,"cat_molkerei_kaese,sub_fleischersatz,sub_gefluegel,sub_kaese,sub_milchprodukte,sub_tk_gemuese,tag_high_protein",,,ref_000086,obs_0000025113|obs_0000027170|obs_0000024639|obs_0000020051|obs_0000002664|obs_0000026217|obs_0000025206|obs_0000027787|obs_0000001181|obs_0000022214|obs_0000033991|obs_0000002763|obs_0000021231|obs_0000017666|obs_0000018205|obs_0000002335|obs_0000020870|obs_0000031123|obs_0000016810|obs_0000034730|obs_0000031666|obs_0000020412|obs_0000000993,,,
Grill- und Pfannenkäse Honey-BBQ,GAZI,"€ 1,99",,"pro Einheit = 2,99","pro Einheit = 2,99",,Nein,Gültig bis 02.05,2026-04-27,2026-05-02,../images/lidl/lidl_offer_087.jpg,"cat_molkerei_kaese,sub_kaese,sub_milchprodukte",,,ref_000087,obs_0000014494|obs_0000014191|obs_0000006444,,,
High Protein Milchreis Pudding Schoko,Dr. Oetker,"€ 1,99",,"pro Einheit = 2,59","pro Einheit = 2,59",,Nein,Gültig bis 02.05,2026-04-27,2026-05-02,../images/lidl/lidl_offer_088.jpg,"cat_molkerei_kaese,diet_vegetarian,sub_milchprodukte,sub_reis,sub_sahne_creme,tag_high_protein,tag_proteinreich,tag_ultra_processed",,NUTR-0004,ref_000088,obs_0000014285|obs_0000002507|obs_0000021162|obs_0000025263|obs_0000003363|obs_0000020343|obs_0000001633|obs_0000011946|obs_0000013245|obs_0000011464|obs_0000035103|obs_0000008628|obs_0000023009|obs_0000019929|obs_0000003645|obs_0000001774|obs_0000026368|obs_0000018363|obs_0000022482|obs_0000016341|obs_0000007542|obs_0000006099|obs_0000008308|obs_0000026981|obs_0000009165|obs_0000023642|obs_0000023739|obs_0000024162|obs_0000031441|obs_0000012304|obs_0000004243|obs_0000010509|obs_0000024897|obs_0000002532|obs_0000004670|obs_0000021102|obs_0000017159|obs_0000025419|obs_0000015378|obs_0000025832|obs_0000003371|obs_0000001428|obs_0000034305|obs_0000017931|obs_0000013838|obs_0000034374|obs_0000003816|obs_0000026409|obs_0000020283|obs_0000016218,,,x
Vegane Bratwurst-Alternative,Billie Green,"€ 2,49",,"pro Einheit = 3,29","pro Einheit = 3,29",,Nein,Gültig bis 02.05,2026-04-27,2026-05-02,../images/lidl/lidl_offer_089.jpg,"cat_fleisch_wurst,diet_lactose_free,diet_vegan,diet_vegetarian,sub_fleischersatz,sub_wurst,tag_ultra_processed",,,ref_000089,obs_0000014975|obs_0000020661|obs_0000021697|obs_0000018148|obs_0000011504|obs_0000021771|obs_0000021287|obs_0000023386|obs_0000023388|obs_0000021480|obs_0000023021|obs_0000020468|obs_0000006701|obs_0000026247|obs_0000006539|obs_0000007634,obs_0000013471|obs_0000010532,,
Pingui,Kinder,"€ 1,39",,"1 kg = 11,58","1 kg = 11,58",,Nein,Gültig bis 02.05,2026-04-27,2026-05-02,../images/lidl/lidl_offer_090.jpg,"cat_knabbern_naschen,tag_ultra_processed",,,ref_000090,obs_0000011463|obs_0000031551|obs_0000012794|obs_0000003592|obs_0000017471|obs_0000001113|obs_0000018099|obs_0000010014|obs_0000009553|obs_0000032602|obs_0000018854|obs_0000019214|obs_0000019409|obs_0000019935|obs_0000016887,obs_0000011463|obs_0000031551|obs_0000032602|obs_0000012794,,
Pellkartoffelsalat XXL,Homann,"€ 2,99",,"pro Einheit = 3,99","pro Einheit = 3,99",,Nein,Gültig bis 02.05,2026-04-27,2026-05-02,../images/lidl/lidl_offer_091.jpg,"cat_obst_gemuese,diet_gluten_free,diet_lactose_free,diet_vegan,diet_vegetarian,sub_frisches_gemuese,sub_kartoffeln,sub_salate,tag_ultra_processed,tag_whole_food",,,ref_000091,obs_0000012763|obs_0000013967,obs_0000027438,,
Naturelle,Volvic,"€ 0,79",,"pro Einheit = 1,25","pro Einheit = 1,25",,Nein,Gültig bis 02.05,2026-04-27,2026-05-02,../images/lidl/lidl_offer_092.jpg,"cat_getraenke,diet_gluten_free,diet_lactose_free,diet_vegan,diet_vegetarian",,,ref_000092,obs_0000034049|obs_0000025602|obs_0000018575|obs_0000015672|obs_0000022975|obs_0000025814|obs_0000017497|obs_0000026721|obs_0000011749|obs_0000010503|obs_0000031834|obs_0000009721|obs_0000029414|obs_0000030703|obs_0000032128,obs_0000034049|obs_0000025602|obs_0000018575|obs_0000015672|obs_0000022975|obs_0000025814|obs_0000017497|obs_0000026721|obs_0000011749|obs_0000029414|obs_0000030703|obs_0000032128,,
Vodka Original,Three Sixty,"€ 19,99",,"pro Einheit = 29,99","pro Einheit = 29,99",,Nein,Gültig bis 02.05,2026-04-27,2026-05-02,../images/lidl/lidl_offer_093.jpg,"cat_getraenke,tag_high_protein,tag_ultra_processed",,,ref_000093,obs_0000028940|obs_0000020001|obs_0000010156|obs_0000012431|obs_0000035049|obs_0000013474|obs_0000034845|obs_0000028730|obs_0000020611|obs_0000012423|obs_0000006283|obs_0000026772|obs_0000026832|obs_0000026846|obs_0000028896|obs_0000035052|obs_0000027005|obs_0000027048|obs_0000008713|obs_0000021000|obs_0000008777|obs_0000021117|obs_0000021182|obs_0000008904|obs_0000008906|obs_0000015051|obs_0000002903|obs_0000011132|obs_0000019368|obs_0000021430|obs_0000025547|obs_0000033763|obs_0000017384|obs_0000013325|obs_0000019505|obs_0000031800|obs_0000009320|obs_0000025705|obs_0000009334|obs_0000015502|obs_0000027791|obs_0000033975|obs_0000009420|obs_0000034034|obs_0000021758|obs_0000015665|obs_0000009525|obs_0000021868|obs_0000017799|obs_0000026035,obs_0000028940|obs_0000031413|obs_0000020001|obs_0000010156,,
Rum,Bacardi,"€ 19,99",,"pro Einheit = 27,99","pro Einheit = 27,99",,Nein,Gültig bis 02.05,2026-04-27,2026-05-02,../images/lidl/lidl_offer_094.jpg,"cat_non_food,tag_ultra_processed",,,ref_000094,obs_0000017633|obs_0000006555|obs_0000025003|obs_0000027570|obs_0000013862|obs_0000012866|obs_0000024724|obs_0000011977|obs_0000016096|obs_0000015238|obs_0000022042|obs_0000022044|obs_0000020034|obs_0000020041|obs_0000000140|obs_0000027411|obs_0000019739|obs_0000019236|obs_0000014633|obs_0000025409|obs_0000025440|obs_0000020853|obs_0000020860|obs_0000027534|obs_0000017870|obs_0000017872|obs_0000018468|obs_0000028978|obs_0000022427|obs_0000034838|obs_0000016937|obs_0000006213|obs_0000000092|obs_0000007263|obs_0000005818|obs_0000032476|obs_0000017171|obs_0000019737|obs_0000008489|obs_0000005453|obs_0000010068|obs_0000025954|obs_0000013670|obs_0000023414|obs_0000009091|obs_0000006563|obs_0000018400|obs_0000007664|obs_0000005636|obs_0000024594,obs_0000017633|obs_0000006555|obs_0000025003|obs_0000027570,,x
Whiskey,Jim Beam,"€ 19,99",,"pro Einheit = 29,99","pro Einheit = 29,99",,Nein,Gültig bis 02.05,2026-04-27,2026-05-02,../images/lidl/lidl_offer_095.jpg,cat_getraenke,,,ref_000095,obs_0000015488|obs_0000011980|obs_0000015061|obs_0000013035|obs_0000028947|obs_0000011310|obs_0000008756|obs_0000010336|obs_0000020586|obs_0000034422|obs_0000028811|obs_0000028331|obs_0000008371|obs_0000015066|obs_0000018216|obs_0000022838|obs_0000011579|obs_0000027465|obs_0000012631|obs_0000001910|obs_0000019325|obs_0000021896|obs_0000021405|obs_0000001467|obs_0000013253|obs_0000026577|obs_0000019442|obs_0000010744|obs_0000009760|obs_0000031781|obs_0000009295|obs_0000027737|obs_0000016989|obs_0000031872|obs_0000004739|obs_0000008891|obs_0000004312|obs_0000000256|obs_0000003885|obs_0000026006|obs_0000002752|obs_0000028901|obs_0000000036|obs_0000010296|obs_0000007262|obs_0000031414|obs_0000018103|obs_0000003769|obs_0000006359|obs_0000015065,obs_0000007904,,
Tafelschokolade,Milka,"€ 1,11",,"pro Einheit = 1,99","pro Einheit = 1,99",,Nein,Gültig bis 02.05,2026-04-27,2026-05-02,../images/lidl/lidl_offer_096.jpg,"cat_knabbern_naschen,diet_vegetarian,tag_ultra_processed",,BLS-S550000,ref_000096,obs_0000024099|obs_0000003651|obs_0000024149|obs_0000019548|obs_0000023682|obs_0000020110|obs_0000002714|obs_0000033436|obs_0000023725|obs_0000033020|obs_0000001858|obs_0000021864|obs_0000020929|obs_0000016862|obs_0000021564|obs_0000016447|obs_0000017006|obs_0000017084|obs_0000019150|obs_0000019204|obs_0000018183|obs_0000020745|obs_0000022350|obs_0000025469|obs_0000016868|obs_0000024080|obs_0000019014|obs_0000024501|obs_0000033213|obs_0000006756|obs_0000005850|obs_0000006036,obs_0000024099|obs_0000021564|obs_0000016447|obs_0000003651|obs_0000024149|obs_0000019548|obs_0000017006|obs_0000023682|obs_0000020110|obs_0000002714|obs_0000033436|obs_0000023725|obs_0000017084|obs_0000019150|obs_0000033020|obs_0000019204|obs_0000018183|obs_0000020745|obs_0000001858|obs_0000022350|obs_0000021864|obs_0000025469|obs_0000020929|obs_0000016862|obs_0000016868,,
Red Label Freeway,Johnnie Walker,"€ 10,99",,"pro Einheit = 15,99","pro Einheit = 15,99",,Nein,Gültig bis 02.05,2026-04-27,2026-05-02,../images/lidl/lidl_offer_097.jpg,cat_non_food,,,ref_000097,obs_0000017284|obs_0000016207,,,
Maltesers,Maltesers,"€ 3,99",,"pro Einheit = 5,99","pro Einheit = 5,99",,Nein,Gültig bis 02.05,2026-04-27,2026-05-02,../images/lidl/lidl_offer_098.jpg,"cat_non_food,diet_vegetarian,tag_ultra_processed",,BLS-X378243,ref_000098,obs_0000023305,obs_0000023305,,
Mini-Tropfen,Original Baiser,"€ 2,49",,"pro Einheit = 2,99","pro Einheit = 2,99",,Nein,Gültig bis 02.05,2026-04-27,2026-05-02,../images/lidl/lidl_offer_099.jpg,"cat_knabbern_naschen,diet_gluten_free,diet_lactose_free,diet_vegan,diet_vegetarian,tag_ultra_processed",,,ref_000099,obs_0000012328|obs_0000006379|obs_0000000591|obs_0000010932|obs_0000017530|obs_0000017583|obs_0000026024|obs_0000018128|obs_0000016216|obs_0000016266,obs_0000017583|obs_0000016266,,
Basmati Reis,Golden Sun,"€ 2,19",,"pro Einheit = 2,49","pro Einheit = 2,49",,Nein,Gültig bis 02.05,2026-04-27,2026-05-02,../images/lidl/lidl_offer_100.jpg,"cat_grundnahrung,diet_gluten_free,diet_lactose_free,diet_vegan,diet_vegetarian,sub_reis",,,ref_000100,obs_0000016448|obs_0000025848|obs_0000000654|obs_0000034019|obs_0000018450|obs_0000021525|obs_0000021789|obs_0000019373|obs_0000020706|obs_0000025115|obs_0000011928|obs_0000034830|obs_0000019357|obs_0000034213,obs_0000000654|obs_0000018450|obs_0000021525|obs_0000021789|obs_0000019373|obs_0000016448|obs_0000020706|obs_0000034019|obs_0000025848,,
Choco Crossies,Nestlé,"€ 2,29",,"pro Einheit = 3,79","pro Einheit = 3,79",,Nein,Gültig bis 02.05,2026-04-27,2026-05-02,../images/lidl/lidl_offer_101.jpg,"cat_knabbern_naschen,tag_ultra_processed",,,ref_000101,obs_0000033498|obs_0000010066|obs_0000008018|obs_0000025427|obs_0000032157|obs_0000032694|obs_0000030666|obs_0000010930|obs_0000012408|obs_0000013552|obs_0000011118|obs_0000028149|obs_0000005655|obs_0000006231|obs_0000007105,obs_0000033498|obs_0000010066|obs_0000008018|obs_0000025427|obs_0000032157|obs_0000032694|obs_0000030666,,x
Buttermilk Lemon,Yogurette,"€ 1,69",,"1 kg = 16,90","1 kg = 16,90",,Nein,Gültig bis 02.05,2026-04-27,2026-05-02,../images/lidl/lidl_offer_102.jpg,"cat_molkerei_kaese,diet_gluten_free,diet_vegetarian,sub_butter_margarine,sub_milchprodukte",,,ref_000102,obs_0000026334,,,
No 21 Vodka,Smirnoff Freeway,"€ 9,99",,"pro Einheit = 12,99","pro Einheit = 12,99",,Nein,Gültig bis 02.05,2026-04-27,2026-05-02,../images/lidl/lidl_offer_103.jpg,cat_getraenke,,,ref_000103,obs_0000018531|obs_0000026002|obs_0000008662|obs_0000010746|obs_0000008713|obs_0000034845|obs_0000009791|obs_0000009320|obs_0000012431|obs_0000009883|obs_0000013474|obs_0000021182|obs_0000028354|obs_0000008904|obs_0000009420|obs_0000026846|obs_0000034034|obs_0000035049|obs_0000015665|obs_0000002903|obs_0000022378|obs_0000011132|obs_0000024448|obs_0000020363|obs_0000012175|obs_0000019368|obs_0000024028,obs_0000026002,,
Frischei Waffeln XXL,KUCHENZAUBER,"€ 1,59",,"1 kg = 4,75","1 kg = 4,75",,Nein,Gültig bis 02.05,2026-04-27,2026-05-02,../images/lidl/lidl_offer_104.jpg,"cat_knabbern_naschen,diet_vegetarian,tag_ultra_processed",,,ref_000104,obs_0000024709|obs_0000020847|obs_0000021666|obs_0000021914|obs_0000001655|obs_0000012763|obs_0000008913|obs_0000009291|obs_0000013967|obs_0000009879,obs_0000024709|obs_0000020847|obs_0000021666|obs_0000021914,,
Twin Set,Gelatelli,"€ 1,99",,"1 l = 2,76","1 l = 2,76",,Nein,Gültig bis 02.05,2026-04-27,2026-05-02,../images/lidl/lidl_offer_105.jpg,cat_non_food,,,ref_000105,,,,
Fuet,Herta,"€ 2,79",,"1 kg = 15,50","1 kg = 15,50",,Nein,Gültig bis 02.05,2026-04-27,2026-05-02,../images/lidl/lidl_offer_106.jpg,"cat_non_food,sub_wurst,tag_ultra_processed",,,ref_000106,obs_0000020612|obs_0000021431|obs_0000022357|obs_0000007855,,,
Maasdamer Lacr me,Milbona,"€ 1,59",,"1 kg = 7,95","1 kg = 7,95",,Nein,Gültig bis 02.05,2026-04-27,2026-05-02,../images/lidl/lidl_offer_107.jpg,"cat_molkerei_kaese,diet_vegetarian,sub_milchprodukte,sub_sahne_creme",,,ref_000107,obs_0000021225|obs_0000025701|obs_0000020406|obs_0000019792,obs_0000021225|obs_0000025701|obs_0000020406,,
Extra,Corona,"€ 8,99",,"pro Einheit = 10,24","pro Einheit = 10,24",,Nein,Gültig bis 02.05,2026-04-27,2026-05-02,../images/lidl/lidl_offer_108.jpg,cat_getraenke,,,ref_000108,obs_0000015501|obs_0000012446|obs_0000015088|obs_0000011593|obs_0000013180|obs_0000002069|obs_0000014367|obs_0000013624|obs_0000019269|obs_0000012176|obs_0000018461|obs_0000021023|obs_0000028744|obs_0000020612|obs_0000015009|obs_0000009892|obs_0000000170|obs_0000030908|obs_0000009428|obs_0000026852|obs_0000009965|obs_0000020204|obs_0000019705|obs_0000027421|obs_0000009504|obs_0000008483|obs_0000035092|obs_0000028478|obs_0000032079|obs_0000022357|obs_0000026966|obs_0000019801|obs_0000022375|obs_0000014194|obs_0000012688|obs_0000030610|obs_0000029096|obs_0000021431|obs_0000010707|obs_0000021993|obs_0000031242|obs_0000033806|obs_0000000536|obs_0000025631|obs_0000015395|obs_0000009772|obs_0000012351|obs_0000019007|obs_0000028231|obs_0000000095,obs_0000002069|obs_0000014367|obs_0000015501|obs_0000012446|obs_0000015088|obs_0000013624|obs_0000019269|obs_0000011593|obs_0000013180|obs_0000012176|obs_0000030610,,
Saure Drachenzungen Crispies,Hitschies,"€ 2,79",,"pro Einheit = 4,99","pro Einheit = 4,99",,Nein,Gültig bis 02.05,2026-04-27,2026-05-02,../images/lidl/lidl_offer_109.jpg,"cat_knabbern_naschen,tag_ultra_processed",,,ref_000109,obs_0000001193|obs_0000027569|obs_0000026757|obs_0000016390|obs_0000027061|obs_0000026436|obs_0000014997,,,
Lustige Früchtchen saftig,Sweet Corner,"€ 1,11",,"pro Einheit = 1,39","pro Einheit = 1,39",,Nein,Gültig bis 02.05,2026-04-27,2026-05-02,../images/lidl/lidl_offer_110.jpg,"cat_knabbern_naschen,tag_ultra_processed",,,ref_000110,,,,
Jäger-Hackbraten Käse,Chef Select,"€ 2,49",,"1 kg = 4,98","1 kg = 4,98",,Nein,Gültig bis 02.05,2026-04-27,2026-05-02,../images/lidl/lidl_offer_111.jpg,"cat_fleisch_wurst,sub_kaese,sub_milchprodukte",,,ref_000111,obs_0000008883|obs_0000006457|obs_0000010631,obs_0000021007|obs_0000020188|obs_0000025486,,
Gold Crema,Nescafé,"€ 7,49",,"pro Einheit = 11,99","pro Einheit = 11,99",,Nein,Gültig bis 02.05,2026-04-27,2026-05-02,../images/lidl/lidl_offer_112.jpg,"cat_getraenke,diet_gluten_free,diet_lactose_free,diet_vegan,diet_vegetarian,tag_ultra_processed",,,ref_000112,obs_0000034007|obs_0000023259|obs_0000012629|obs_0000012669|obs_0000010721|obs_0000031776|obs_0000008359|obs_0000011104|obs_0000013227|obs_0000015276|obs_0000031712,,,x
Robby MonsterBacke Apfel-Himbeere,Ehrmann,"€ 0,59",,"pro Einheit = 0,89","pro Einheit = 0,89",,Nein,Gültig bis 02.05,2026-04-27,2026-05-02,../images/lidl/lidl_offer_113.jpg,"cat_non_food,diet_gluten_free,diet_lactose_free,diet_vegan,diet_vegetarian,sub_frisches_obst,tag_whole_food",,,ref_000113,,,,
Fotobuch Digitaldruck Hardcover,Fotobuch Digitaldruck Hardcover,"€ 20,93",,"pro Einheit = 29,90","pro Einheit = 29,90",,Nein,Gültig bis 02.05,2026-04-27,2026-05-02,../images/lidl/lidl_offer_114.jpg,cat_non_food,,,ref_000114,obs_0000023277|obs_0000016520,,,
Acrylglas 40 x 30 cm,Acrylglas 40 x 30 cm,"€ 13,99",,"pro Einheit = 19,99","pro Einheit = 19,99",,Nein,Gültig bis 02.05,2026-04-27,2026-05-02,../images/lidl/lidl_offer_115.jpg,"cat_non_food,diet_vegetarian",,,ref_000115,,,,
Premium Kissen,Premium Kissen,"€ 16,45",,"pro Einheit = 23,50","pro Einheit = 23,50",,Nein,Gültig bis 02.05,2026-04-27,2026-05-02,../images/lidl/lidl_offer_116.jpg,cat_getraenke,,,ref_000116,obs_0000006401|obs_0000013830|obs_0000004844|obs_0000004417|obs_0000000322|obs_0000011595|obs_0000003990|obs_0000034259|obs_0000005301,,,
Mozzarella Sticks XXL,Chef Select,"€ 4,99",,"1 kg = 6,65","1 kg = 6,65",,Nein,Gültig bis 02.05,2026-04-27,2026-05-02,../images/lidl/lidl_offer_117.jpg,"cat_molkerei_kaese,sub_kaese,sub_milchprodukte,tag_ultra_processed",,,ref_000117,obs_0000003678|obs_0000018512|obs_0000018599|obs_0000025413|obs_0000009408|obs_0000011891|obs_0000009868|obs_0000028470|obs_0000016415|obs_0000018709|obs_0000022995|obs_0000025726|obs_0000017736|obs_0000028023|obs_0000022609|obs_0000024894|obs_0000014804|obs_0000012763|obs_0000023202|obs_0000011043|obs_0000000816|obs_0000009077|obs_0000027551|obs_0000027613|obs_0000033882|obs_0000023806|obs_0000015885|obs_0000001647|obs_0000018031|obs_0000013967|obs_0000024234|obs_0000022241|obs_0000022394|obs_0000018366|obs_0000016326|obs_0000022485|obs_0000018430,obs_0000003678,,
Erdbeeren,Freshona,"€ 3,99",,"pro Einheit = 3,99","pro Einheit = 3,99",,Nein,Gültig bis 02.05,2026-04-27,2026-05-02,../images/lidl/lidl_offer_118.jpg,"cat_obst_gemuese,diet_gluten_free,diet_lactose_free,diet_vegan,diet_vegetarian,sub_frisches_obst,tag_whole_food",,BLS-F301100,ref_000118,obs_0000022919|obs_0000006408|obs_0000030617|obs_0000027419|obs_0000031261|obs_0000029494|obs_0000030915|obs_0000024529|obs_0000031576|obs_0000030564|obs_0000031462|obs_0000000875|obs_0000006265|obs_0000032512|obs_0000033793|obs_0000012233|obs_0000013901|obs_0000034400|obs_0000030989|obs_0000005687|obs_0000006083|obs_0000006092|obs_0000011389|obs_0000015717|obs_0000013414|obs_0000013418|obs_0000030428,obs_0000022919|obs_0000006408|obs_0000030617|obs_0000027419|obs_0000031261|obs_0000029494|obs_0000030915|obs_0000024529|obs_0000031576|obs_0000030564|obs_0000031462|obs_0000000875|obs_0000006265|obs_0000032512,,
Chicken Nuggets XXL,Chef Select,"€ 4,49",,"1 kg = 6,91","1 kg = 6,91",,Nein,Gültig bis 02.05,2026-04-27,2026-05-02,../images/lidl/lidl_offer_119.jpg,"cat_fleisch_wurst,diet_lactose_free,sub_gefluegel,sub_tk_fertiggerichte,tag_ultra_processed",,,ref_000119,obs_0000017874|obs_0000014459|obs_0000016942|obs_0000014916|obs_0000002753|obs_0000013137|obs_0000009447|obs_0000019764|obs_0000015749|obs_0000003555|obs_0000009912|obs_0000032589|obs_0000028498|obs_0000026469|obs_0000028611|obs_0000012280|obs_0000026980|obs_0000029176|obs_0000000509|obs_0000025151|obs_0000021057|obs_0000013038|obs_0000021236|obs_0000027865|obs_0000011493|obs_0000034184|obs_0000021927|obs_0000022059|obs_0000020238|obs_0000020417|obs_0000004259|obs_0000008364|obs_0000000219|obs_0000008511|obs_0000012757|obs_0000029165|obs_0000004686|obs_0000010992|obs_0000025608|obs_0000009626|obs_0000007602|obs_0000020015|obs_0000018026|obs_0000003832|obs_0000034807|obs_0000012763|obs_0000023578|obs_0000013967,obs_0000014459|obs_0000016942|obs_0000014916|obs_0000002753|obs_0000013137|obs_0000009447|obs_0000019764|obs_0000015749|obs_0000017874|obs_0000003555|obs_0000009912|obs_0000032589|obs_0000028498|obs_0000026469|obs_0000028611,,
Stieleis Mandel XXL,BON GELATI,"€ 3,99",,"1 l = 4,16","1 l = 4,16",,Nein,Gültig bis 02.05,2026-04-27,2026-05-02,../images/lidl/lidl_offer_120.jpg,"cat_knabbern_naschen,diet_vegetarian,tag_ultra_processed",,,ref_000120,obs_0000018577|obs_0000021086|obs_0000021909|obs_0000017842|obs_0000020267|obs_0000026776|obs_0000028861|obs_0000012763|obs_0000014962|obs_0000013433|obs_0000013967,obs_0000018577|obs_0000021086|obs_0000021909|obs_0000017842|obs_0000020267,,
Activia XXL,Danone,"€ 2,99",,"1 kg = 3,25","1 kg = 3,25",,Nein,Gültig bis 02.05,2026-04-27,2026-05-02,../images/lidl/lidl_offer_121.jpg,"cat_molkerei_kaese,diet_vegetarian,sub_joghurt_skyr_quark,sub_milchprodukte,tag_ultra_processed",,,ref_000121,obs_0000020663|obs_0000021482|obs_0000022373|obs_0000010348|obs_0000016673|obs_0000019570|obs_0000028006|obs_0000019836|obs_0000028785|obs_0000010916|obs_0000015376|obs_0000026077|obs_0000012763|obs_0000013967,obs_0000020663|obs_0000021482|obs_0000022373,,
Norwegischer Räucherlachs XXL,Nautica,"€ 4,19",,"1 kg = 19,05","1 kg = 19,05",,Nein,Gültig bis 02.05,2026-04-27,2026-05-02,../images/lidl/lidl_offer_122.jpg,"cat_fisch_meeresfruechte,tag_high_protein,tag_proteinreich",,,ref_000122,obs_0000025269|obs_0000018333|obs_0000018867|obs_0000018877|obs_0000023258|obs_0000009423|obs_0000001422|obs_0000003507|obs_0000011910|obs_0000009886|obs_0000001784|obs_0000016139|obs_0000028795|obs_0000016608|obs_0000012763|obs_0000008702|obs_0000002571|obs_0000021070|obs_0000025231|obs_0000031816|obs_0000017750|obs_0000003427|obs_0000013967|obs_0000020251|obs_0000005956|obs_0000001935|obs_0000001994,obs_0000018867|obs_0000018877|obs_0000025269|obs_0000023258|obs_0000001422|obs_0000001784|obs_0000018333,,
Delikatess Geflügelfiletroulade XXL,Dulano,"€ 2,59",,"1 kg = 12,95","1 kg = 12,95",,Nein,Gültig bis 02.05,2026-04-27,2026-05-02,../images/lidl/lidl_offer_123.jpg,"cat_fleisch_wurst,sub_gefluegel,sub_wurst,tag_ultra_processed",,,ref_000123,obs_0000025975|obs_0000018013|obs_0000018572|obs_0000018611|obs_0000025132|obs_0000017620|obs_0000023768|obs_0000025973|obs_0000025976|obs_0000017968|obs_0000024192|obs_0000009567|obs_0000010021|obs_0000026567|obs_0000012763|obs_0000013967,obs_0000025975|obs_0000018013,,
Frikadellen XXL Klassik,Dulano,"€ 2,99",,"1 kg = 4,98","1 kg = 4,98",,Nein,Gültig bis 02.05,2026-04-27,2026-05-02,../images/lidl/lidl_offer_124.jpg,"cat_fleisch_wurst,diet_vegetarian,tag_ultra_processed",,,ref_000124,obs_0000017971|obs_0000026000|obs_0000012295|obs_0000010281|obs_0000012763|obs_0000027292|obs_0000009115|obs_0000013967,,,
MSC Fischstäbchen XXL,Ocean Sea,"€ 3,99",,"1 kg = 4,43","1 kg = 4,43",,Nein,Gültig bis 02.05,2026-04-27,2026-05-02,../images/lidl/lidl_offer_125.jpg,"cat_fisch_meeresfruechte,sub_tk_fertiggerichte,tag_ultra_processed",,,ref_000125,obs_0000018467|obs_0000022596|obs_0000016574|obs_0000017244|obs_0000028007|obs_0000011904|obs_0000006665|obs_0000007597|obs_0000005766|obs_0000012340|obs_0000010512|obs_0000020780|obs_0000022963|obs_0000012763|obs_0000012822|obs_0000025168|obs_0000027473|obs_0000017420|obs_0000033884|obs_0000021599|obs_0000034006|obs_0000009455|obs_0000019723|obs_0000019848|obs_0000013967|obs_0000026262|obs_0000009919|obs_0000028371|obs_0000008173,obs_0000018467,,
Original Feta XXL,Milbona,"€ 2,39",,"1 kg = 9,96","1 kg = 9,96",,Nein,Gültig bis 02.05,2026-04-27,2026-05-02,../images/lidl/lidl_offer_126.jpg,"cat_molkerei_kaese,diet_vegetarian,sub_fleischersatz,sub_kaese,sub_milchprodukte,sub_tk_gemuese,tag_high_protein,tag_ultra_processed",,,ref_000126,obs_0000018123|obs_0000022608|obs_0000001453|obs_0000018547|obs_0000026959|obs_0000002394|obs_0000003478|obs_0000022055|obs_0000020620|obs_0000021439|obs_0000021781|obs_0000008777|obs_0000025183|obs_0000008906|obs_0000025547|obs_0000033763|obs_0000017384|obs_0000025705|obs_0000009334|obs_0000033975|obs_0000009525|obs_0000017799|obs_0000026035|obs_0000034561|obs_0000009987|obs_0000034575|obs_0000010117|obs_0000026772|obs_0000026832|obs_0000035052|obs_0000027005|obs_0000002450|obs_0000027048|obs_0000011044|obs_0000019505|obs_0000003162|obs_0000027791|obs_0000020181|obs_0000028429|obs_0000020298|obs_0000028516|obs_0000028630|obs_0000028730|obs_0000020611|obs_0000012423|obs_0000028896|obs_0000012763|obs_0000021000|obs_0000021117|obs_0000021430,obs_0000018123,,
Delikatess Kochschinken Hähnchen- Putenbrust XXL,Dulano,"€ 4,49",,"1 kg = 11,23","1 kg = 11,23",,Nein,Gültig bis 02.05,2026-04-27,2026-05-02,,"cat_fleisch_wurst,sub_gefluegel,sub_schwein,sub_wurst,tag_proteinreich,tag_ultra_processed",,,ref_000127,obs_0000017620|obs_0000024654|obs_0000002633|obs_0000003227|obs_0000028852|obs_0000008679|obs_0000002580|obs_0000002805|obs_0000015778|obs_0000011755|obs_0000013841|obs_0000013979,,,
Piccolinis Salami XXL,Wagner,"€ 7,99",,"1 kg = 6,66","1 kg = 6,66",,Nein,Gültig bis 02.05,2026-04-27,2026-05-02,../images/lidl/lidl_offer_128.jpg,"cat_tiefkuehl,sub_tk_fertiggerichte,sub_tk_pizza,sub_wurst,tag_ultra_processed",,,ref_000128,obs_0000027978|obs_0000034003|obs_0000022512|obs_0000021157|obs_0000009235|obs_0000025676|obs_0000009713|obs_0000011856|obs_0000020338|obs_0000023322|obs_0000000919|obs_0000023643|obs_0000001203|obs_0000016415|obs_0000025726|obs_0000009567|obs_0000010021|obs_0000010316|obs_0000016602|obs_0000008425|obs_0000002285|obs_0000026898|obs_0000016755|obs_0000012763|obs_0000031198|obs_0000002611|obs_0000014932|obs_0000019030|obs_0000023205|obs_0000021226|obs_0000011010|obs_0000025355|obs_0000017184|obs_0000002957|obs_0000017375|obs_0000003239|obs_0000019666|obs_0000003307|obs_0000025934|obs_0000034176|obs_0000028273|obs_0000013967|obs_0000005781|obs_0000007987|obs_0000008039|obs_0000020407|obs_0000016328|obs_0000010234,obs_0000034003|obs_0000027978|obs_0000022512,,
Mini Würstchen XXL,Ferdi Fuchs,"€ 2,19",,"1 kg = 8,76","1 kg = 8,76",,Nein,Gültig bis 02.05,2026-04-27,2026-05-02,../images/lidl/lidl_offer_129.jpg,"cat_fleisch_wurst,sub_wurst,tag_ultra_processed",,,ref_000129,obs_0000025844|obs_0000023289|obs_0000017328|obs_0000025702|obs_0000018100|obs_0000013778|obs_0000013994|obs_0000014851|obs_0000017736|obs_0000018709|obs_0000031934|obs_0000017530|obs_0000009369|obs_0000009557|obs_0000026024|obs_0000018128|obs_0000010932|obs_0000012328|obs_0000012763|obs_0000013967|obs_0000006379|obs_0000016216,obs_0000017328|obs_0000025702|obs_0000025844|obs_0000018100|obs_0000005241|obs_0000029856|obs_0000029911|obs_0000013778|obs_0000013994|obs_0000014851|obs_0000023289|obs_0000031956,,
Duo Schoko Creme XXL,MISTER CHOC,"€ 3,39",,"1 kg = 3,39","1 kg = 3,39",,Nein,Gültig bis 02.05,2026-04-27,2026-05-02,../images/lidl/lidl_offer_130.jpg,"cat_knabbern_naschen,sub_sahne_creme,tag_ultra_processed",,,ref_000130,obs_0000022993|obs_0000016221|obs_0000033360|obs_0000011965|obs_0000012763|obs_0000013141|obs_0000013967|obs_0000023297,obs_0000022993|obs_0000016221,,
Apfelsaft klar XXL,Solevita,"€ 1,75",,"1 l = 0,88","1 l = 0,88",,Nein,Gültig bis 02.05,2026-04-27,2026-05-02,../images/lidl/lidl_offer_131.jpg,"cat_getraenke,diet_gluten_free,diet_lactose_free,diet_vegan,diet_vegetarian,sub_frisches_obst,tag_whole_food",,,ref_000131,obs_0000016646|obs_0000027495|obs_0000012415|obs_0000012763|obs_0000031216|obs_0000031745|obs_0000027820|obs_0000013967|obs_0000009982,obs_0000016646,,
Flips Cheese Flavour,Snack Day,"€ 0,99",,"1 kg = 6,60","1 kg = 6,60",,Nein,Gültig bis 02.05,2026-04-27,2026-05-02,../images/lidl/lidl_offer_132.jpg,"cat_knabbern_naschen,tag_ultra_processed",,,ref_000132,obs_0000015451,,,
Riegel,Kinder,"€ 5,39",,"1 kg = 14,81","1 kg = 14,81",,Nein,Gültig bis 02.05,2026-04-27,2026-05-02,../images/lidl/lidl_offer_133.jpg,"cat_knabbern_naschen,tag_ultra_processed",,,ref_000133,obs_0000015457|obs_0000014601|obs_0000030996|obs_0000022867|obs_0000011786|obs_0000013851|obs_0000016928|obs_0000033364|obs_0000010357|obs_0000017107|obs_0000025377|obs_0000012676|obs_0000016822|obs_0000019932|obs_0000024180|obs_0000023761|obs_0000012393|obs_0000001004|obs_0000033810|obs_0000007700|obs_0000028698|obs_0000018459|obs_0000017974|obs_0000002137|obs_0000033369|obs_0000027264|obs_0000029327|obs_0000032428|obs_0000011951|obs_0000020666|obs_0000022204|obs_0000005841|obs_0000028376|obs_0000017628|obs_0000021773|obs_0000006926|obs_0000029970|obs_0000019229|obs_0000001320|obs_0000019295|obs_0000033127|obs_0000032238|obs_0000022422|obs_0000002974|obs_0000028578|obs_0000011177|obs_0000022958|obs_0000019427|obs_0000021485|obs_0000003586,obs_0000011786|obs_0000007700|obs_0000013851|obs_0000016928|obs_0000033364|obs_0000015457|obs_0000010357|obs_0000029327|obs_0000032428|obs_0000005841|obs_0000017107|obs_0000014601|obs_0000006926|obs_0000030996|obs_0000025377|obs_0000022867|obs_0000012676|obs_0000032238|obs_0000016822|obs_0000019932,,
Linzeraugen XXL,Sondey,"€ 3,29",,"1 kg = 6,33","1 kg = 6,33",,Nein,Gültig bis 02.05,2026-04-27,2026-05-02,../images/lidl/lidl_offer_134.jpg,"cat_grundnahrung,diet_vegetarian,tag_ultra_processed",,,ref_000134,obs_0000020824|obs_0000021643|obs_0000019622|obs_0000021778|obs_0000022793|obs_0000012763|obs_0000013967,obs_0000020824|obs_0000021643|obs_0000019622|obs_0000021778,,
Bueno,Kinder,"€ 4,59",,"1 kg = 17,79","1 kg = 17,79",,Nein,Gültig bis 02.05,2026-04-27,2026-05-02,../images/lidl/lidl_offer_135.jpg,"cat_knabbern_naschen,tag_ultra_processed",,,ref_000135,obs_0000015458|obs_0000024693|obs_0000010946|obs_0000013542|obs_0000023306|obs_0000022888|obs_0000006582|obs_0000012221|obs_0000021588|obs_0000006233|obs_0000030306|obs_0000007287|obs_0000033011|obs_0000032006|obs_0000017164|obs_0000020769|obs_0000015141|obs_0000025406|obs_0000029007|obs_0000019282|obs_0000005472|obs_0000018371|obs_0000022487|obs_0000010212|obs_0000016368|obs_0000026264|obs_0000018796|obs_0000009131|obs_0000010193|obs_0000017407|obs_0000028142,obs_0000006233|obs_0000015458|obs_0000030306|obs_0000024693|obs_0000007287|obs_0000010946|obs_0000013542|obs_0000032006|obs_0000023306|obs_0000029007|obs_0000005472|obs_0000022888|obs_0000006582|obs_0000012221,,
Schoko-Bons XXL,Kinder,"€ 6,99",,"1 kg = 13,98","1 kg = 13,98",,Nein,Gültig bis 02.05,2026-04-27,2026-05-02,,"cat_knabbern_naschen,tag_ultra_processed",,,ref_000136,obs_0000024708|obs_0000022964|obs_0000024077|obs_0000024491|obs_0000019198|obs_0000006740|obs_0000021208|obs_0000021701|obs_0000017732|obs_0000028227|obs_0000018145|obs_0000014120|obs_0000020389|obs_0000012763|obs_0000013967,obs_0000024708|obs_0000022964|obs_0000006740|obs_0000024077|obs_0000024491,,
Minis,Hanuta,"€ 4,19",,"1 kg = 15,02","1 kg = 15,02",,Nein,Gültig bis 02.05,2026-04-27,2026-05-02,../images/lidl/lidl_offer_137.jpg,"cat_knabbern_naschen,diet_vegan,diet_vegetarian,tag_ultra_processed",,,ref_000137,obs_0000022992|obs_0000019480|obs_0000025627|obs_0000015901|obs_0000019541|obs_0000012394|obs_0000025800|obs_0000024884|obs_0000016191|obs_0000011085|obs_0000013779|obs_0000013309|obs_0000022527|obs_0000017921|obs_0000012802|obs_0000027652|obs_0000014861|obs_0000001550|obs_0000004111|obs_0000004633|obs_0000008732|obs_0000027681|obs_0000022061|obs_0000010298|obs_0000034379|obs_0000020557|obs_0000004206|obs_0000025211|obs_0000001186|obs_0000001189|obs_0000011962|obs_0000003779|obs_0000003791|obs_0000014554|obs_0000001759|obs_0000033009|obs_0000004850|obs_0000006386|obs_0000021245|obs_0000006923|obs_0000033553|obs_0000026916|obs_0000035089|obs_0000017711|obs_0000034613|obs_0000014139|obs_0000000326|obs_0000004423|obs_0000022862|obs_0000004965,obs_0000019480|obs_0000025627|obs_0000015901|obs_0000019541|obs_0000012394|obs_0000025800|obs_0000024884|obs_0000016191|obs_0000011085|obs_0000022992|obs_0000013779|obs_0000013309|obs_0000022527,,
Katzenstreu XXL,Coshida,"€ 3,99",,"1 l = 0,50","1 l = 0,50",,Nein,Gültig bis 02.05,2026-04-27,2026-05-02,../images/lidl/lidl_offer_138.jpg,"cat_tiernahrung,tag_ultra_processed",,,ref_000138,obs_0000017396|obs_0000017961|obs_0000012763|obs_0000013967,obs_0000017396|obs_0000017961,,
Kölsch Bierfass mit Zapfhahn,Früh,"€ 11,99",,"pro Einheit = 14,49","pro Einheit = 14,49",,Nein,Gültig bis 02.05,2026-04-27,2026-05-02,../images/lidl/lidl_offer_139.jpg,"cat_grundnahrung,diet_vegetarian",,,ref_000139,obs_0000026015|obs_0000016544|obs_0000017014|obs_0000019130,,,
Pro-V Shampoo,Pantene,"€ 8,99",,"pro Einheit = 11,99","pro Einheit = 11,99",,Nein,Gültig bis 02.05,2026-04-27,2026-05-02,../images/lidl/lidl_offer_140.jpg,cat_drogerie,,,ref_000140,obs_0000030082|obs_0000032148|obs_0000028680|obs_0000034854|obs_0000009796|obs_0000032840|obs_0000004179|obs_0000033372|obs_0000009325|obs_0000019053|obs_0000032877|obs_0000024178|obs_0000033398|obs_0000021647|obs_0000010913|obs_0000033460|obs_0000023755|obs_0000009955|obs_0000033529|obs_0000021764|obs_0000034052|obs_0000035066|obs_0000009494|obs_0000033059|obs_0000033092|obs_0000033623|obs_0000011610|obs_0000020828|obs_0000034662|obs_0000033133|obs_0000033649|obs_0000001916|obs_0000008067|obs_0000028560|obs_0000033168|obs_0000005033|obs_0000010154|obs_0000000446|obs_0000033215|obs_0000034239|obs_0000033227|obs_0000033237|obs_0000033244|obs_0000004606,obs_0000034854|obs_0000032840|obs_0000019053|obs_0000024178|obs_0000021647|obs_0000010913|obs_0000033460|obs_0000023755|obs_0000021764|obs_0000020828|obs_0000030082|obs_0000032148|obs_0000010154,,
Spaghetti XXL,Combino,"€ 0,69",,"1 kg = 1,15","1 kg = 1,15",,Nein,Gültig bis 02.05,2026-04-27,2026-05-02,../images/lidl/lidl_offer_141.jpg,"cat_grundnahrung,diet_vegetarian,sub_nudeln,tag_ultra_processed",,,ref_000141,obs_0000022529|obs_0000021219|obs_0000025746|obs_0000023753|obs_0000024179|obs_0000020400|obs_0000020854|obs_0000022908|obs_0000020035|obs_0000004334|obs_0000000270|obs_0000012763|obs_0000004761|obs_0000009155|obs_0000033820|obs_0000001286|obs_0000001508|obs_0000001650|obs_0000013967|obs_0000003907,obs_0000022529|obs_0000021219|obs_0000025746|obs_0000023753|obs_0000024179|obs_0000020400,,
Weizenmehl Type 405,Ähre,"€ 1,29",,"pro Einheit = 1,89","pro Einheit = 1,89",,Nein,Gültig bis 02.05,2026-04-27,2026-05-02,../images/lidl/lidl_offer_142.jpg,"cat_grundnahrung,diet_vegetarian",,BLS-C214100,ref_000142,obs_0000024617|obs_0000013958|obs_0000011943|obs_0000026989|obs_0000001659|obs_0000034834|obs_0000030292|obs_0000027275|obs_0000003343|obs_0000034218|obs_0000028845|obs_0000002617|obs_0000034621|obs_0000001854|obs_0000026310|obs_0000010442,obs_0000013958|obs_0000011943|obs_0000024617|obs_0000026989|obs_0000001659,,
Doppel-Schutz,Elmex Aronal,"€ 5,99",,"pro Einheit = 7,49","pro Einheit = 7,49",,Nein,Gültig bis 02.05,2026-04-27,2026-05-02,../images/lidl/lidl_offer_143.jpg,cat_drogerie,,,ref_000143,,,,
Feuchte Allzwecktücher XXL,W5,"€ 4,99",,"pro Einheit = 4,99","pro Einheit = 4,99",,Nein,Gültig bis 02.05,2026-04-27,2026-05-02,../images/lidl/lidl_offer_144.jpg,cat_non_food,,,ref_000144,obs_0000018553|obs_0000006391|obs_0000012763|obs_0000013967,obs_0000018553,,
Citrus Fresh Anti-Schuppen Shampoo XXL,Head Shoulders,"€ 9,99",,"pro Einheit = 12,49","pro Einheit = 12,49",,Nein,Gültig bis 02.05,2026-04-27,2026-05-02,../images/lidl/lidl_offer_145.jpg,cat_drogerie,,,ref_000145,obs_0000024185|obs_0000023759|obs_0000023249|obs_0000019354|obs_0000021027|obs_0000021690|obs_0000020208|obs_0000010955|obs_0000015107|obs_0000026350|obs_0000028680|obs_0000009796|obs_0000004179|obs_0000033372|obs_0000009325|obs_0000032877|obs_0000011610|obs_0000001916|obs_0000028560|obs_0000005033|obs_0000000446|obs_0000004606|obs_0000011126,,,
Zucker XXL,Belbake,"€ 1,79",,"1 kg = 0,90","1 kg = 0,90",,Nein,Gültig bis 02.05,2026-04-27,2026-05-02,../images/lidl/lidl_offer_146.jpg,"cat_grundnahrung,tag_ultra_processed",,,ref_000146,obs_0000019575|obs_0000024614|obs_0000021244|obs_0000025439|obs_0000020425|obs_0000000190|obs_0000012763|obs_0000013967|obs_0000034619,obs_0000024614|obs_0000021244|obs_0000025439|obs_0000019575|obs_0000020425,,
Toilettenpapier XXXL,Floralys,"€ 9,99",,"pro Einheit = 9,99","pro Einheit = 9,99",,Nein,Gültig bis 02.05,2026-04-27,2026-05-02,../images/lidl/lidl_offer_147.jpg,cat_drogerie,,,ref_000147,obs_0000022998|obs_0000000527|obs_0000003599|obs_0000001568|obs_0000010282|obs_0000033855|obs_0000002116|obs_0000026693|obs_0000024163|obs_0000013932|obs_0000004745|obs_0000013454|obs_0000027323|obs_0000023741|obs_0000034994|obs_0000028373|obs_0000025816|obs_0000028891|obs_0000026332|obs_0000004318|obs_0000033514|obs_0000000748|obs_0000033004|obs_0000000261|obs_0000008992|obs_0000000809|obs_0000003891|obs_0000001341|obs_0000014665|obs_0000033636|obs_0000033135|obs_0000028024|obs_0000006587|obs_0000011770,obs_0000012006|obs_0000011158|obs_0000022998,,x
12 Jahre Islay Scotch Single Malt,Bowmore,"€ 34,99",,"pro Einheit = 39,99","pro Einheit = 39,99",,Nein,Gültig bis 02.05,2026-04-27,2026-05-02,../images/lidl/lidl_offer_148.jpg,"cat_getraenke,diet_vegetarian",,,ref_000148,obs_0000020036|obs_0000019629|obs_0000020855|obs_0000025037|obs_0000020037|obs_0000017072|obs_0000016202|obs_0000020856|obs_0000008607|obs_0000018872|obs_0000025019|obs_0000024596|obs_0000015919|obs_0000017533|obs_0000015074|obs_0000007908|obs_0000018689|obs_0000009008|obs_0000006010|obs_0000017811|obs_0000018845|obs_0000034840,,,
Deluxe XO Aged Rum,Sansibar,"€ 16,99",,"pro Einheit = 19,99","pro Einheit = 19,99",,Nein,Gültig bis 02.05,2026-04-27,2026-05-02,../images/lidl/lidl_offer_149.jpg,"cat_knabbern_naschen,tag_ultra_processed",,,ref_000149,obs_0000000140|obs_0000017633|obs_0000006555|obs_0000025003|obs_0000027570,,,
Lowland Single Malt Scotch Whisky 12 Jahre,Auchentoshan,"€ 24,99",,"pro Einheit = 39,99","pro Einheit = 39,99",,Nein,Gültig bis 02.05,2026-04-27,2026-05-02,../images/lidl/lidl_offer_150.jpg,cat_getraenke,,,ref_000150,obs_0000020036|obs_0000019629|obs_0000020855|obs_0000025037|obs_0000020037|obs_0000020856|obs_0000008607|obs_0000018872|obs_0000025019|obs_0000024596|obs_0000015919|obs_0000017533|obs_0000015074|obs_0000018845|obs_0000018689|obs_0000017811|obs_0000024920|obs_0000020040|obs_0000015490|obs_0000017072|obs_0000018230|obs_0000016202|obs_0000024915|obs_0000020859|obs_0000018810|obs_0000025011|obs_0000018878|obs_0000019418|obs_0000017398|obs_0000017414|obs_0000019464|obs_0000024593|obs_0000021544|obs_0000017449|obs_0000008271|obs_0000007258|obs_0000020725|obs_0000007456|obs_0000021815|obs_0000025948|obs_0000018807|obs_0000014252|obs_0000007090|obs_0000016836|obs_0000034840,obs_0000020037|obs_0000020856|obs_0000008607|obs_0000018872|obs_0000025019,,
Dry Gin,Berliner Brandstifter,"€ 24,99",,"pro Einheit = 29,90","pro Einheit = 29,90",,Nein,Gültig bis 02.05,2026-04-27,2026-05-02,../images/lidl/lidl_offer_151.jpg,"cat_getraenke,tag_ultra_processed",,,ref_000151,obs_0000035048|obs_0000034843|obs_0000012864|obs_0000021131|obs_0000008342|obs_0000008385|obs_0000017090|obs_0000016107|obs_0000021753|obs_0000014631|obs_0000016177|obs_0000011573|obs_0000020312|obs_0000023420|obs_0000016267|obs_0000017315|obs_0000014250|obs_0000013765|obs_0000009168|obs_0000010741|obs_0000030760|obs_0000006210|obs_0000019615|obs_0000026929|obs_0000015697|obs_0000025947|obs_0000011130|obs_0000032028|obs_0000013385|obs_0000012420|obs_0000015059|obs_0000007656,obs_0000035048,,
Raki Fresh Grapes 3er-Set,EFE,"€ 39,99",,"pro Einheit = 56,97","pro Einheit = 56,97",,Nein,Gültig bis 02.05,2026-04-27,2026-05-02,../images/lidl/lidl_offer_152.jpg,cat_non_food,,,ref_000152,obs_0000025643|obs_0000020033|obs_0000020852,,,
Blended Scotch Whisky 3 Jahre,Queen Margot,"€ 15,99",,"pro Einheit = 17,99","pro Einheit = 17,99",,Nein,Gültig bis 02.05,2026-04-27,2026-05-02,../images/lidl/lidl_offer_153.jpg,cat_non_food,,,ref_000153,obs_0000019464|obs_0000008271|obs_0000010241|obs_0000015917|obs_0000015070|obs_0000013536|obs_0000022836|obs_0000012693|obs_0000019878|obs_0000001464|obs_0000021660|obs_0000019683|obs_0000022321|obs_0000025396|obs_0000020841|obs_0000017864|obs_0000018945|obs_0000025090|obs_0000024595|obs_0000022043|obs_0000021029|obs_0000030762|obs_0000018988|obs_0000015920|obs_0000027198|obs_0000019522|obs_0000016972|obs_0000009835|obs_0000021135|obs_0000021142|obs_0000009375|obs_0000005821|obs_0000008414|obs_0000020210|obs_0000021755|obs_0000007458|obs_0000022834|obs_0000011578|obs_0000019777|obs_0000020316|obs_0000020323|obs_0000018803|obs_0000017271|obs_0000021888|obs_0000019341|obs_0000007081|obs_0000018866|obs_0000025014|obs_0000018871|obs_0000018888,obs_0000019464|obs_0000008271,,
Lugana DOP Weißwein trocken,CA DEL LAGO,"€ 8,99",,"1 l = 11,99","1 l = 11,99",,Nein,Gültig bis 02.05,2026-04-27,2026-05-02,../images/lidl/lidl_offer_154.jpg,cat_getraenke,,,ref_000154,obs_0000022305|obs_0000016192|obs_0000024925|obs_0000017309|obs_0000017865|obs_0000033826|obs_0000025153|obs_0000021586|obs_0000028821|obs_0000019109|obs_0000020767|obs_0000019745|obs_0000025424|obs_0000003514,,,
Whispering Angel C tes de Provence AOC Ros wein trocken,CAVES D ESCLANS,"€ 17,99",,"pro Einheit = 19,99","pro Einheit = 19,99",,Nein,Gültig bis 02.05,2026-04-27,2026-05-02,../images/lidl/lidl_offer_155.jpg,cat_getraenke,,,ref_000155,obs_0000024603|obs_0000016157|obs_0000019743,,,
Select Reserve Malbec Rotwein trocken,ALMA MORA,"€ 5,99",,"pro Einheit = 9,99","pro Einheit = 9,99",,Nein,Gültig bis 02.05,2026-04-27,2026-05-02,../images/lidl/lidl_offer_156.jpg,cat_getraenke,,,ref_000156,obs_0000035018|obs_0000018190|obs_0000008611,,,
R de Ruinart Champagner brut,Ruinart,"€ 55,00",,"pro Einheit = 65,00","pro Einheit = 65,00",,Nein,Gültig bis 02.05,2026-04-27,2026-05-02,../images/lidl/lidl_offer_157.jpg,"cat_getraenke,tag_ultra_processed",,,ref_000157,obs_0000015932|obs_0000017995|obs_0000019757,,,
DEIDESHEIMER WEIN-MANUFAKTUR Ruppertsberger Reiterpfad Riesling QbA Weißwein feinherb,DEIDESHEIMER WEIN-MANUFAKTUR Ruppertsberger Reiterpfad Riesling QbA Weißwein feinherb,"€ 5,99",,"pro Einheit = 6,99","pro Einheit = 6,99",,Nein,Gültig bis 02.05,2026-04-27,2026-05-02,../images/lidl/lidl_offer_158.jpg,"cat_getraenke,diet_vegetarian",,,ref_000158,obs_0000001462|obs_0000019740|obs_0000033828|obs_0000003513|obs_0000025153|obs_0000010309|obs_0000034633|obs_0000020555|obs_0000025421|obs_0000008015|obs_0000021374,,,
Oriental Aperitif,D j -Vu,"€ 9,99",,"pro Einheit = 11,99","pro Einheit = 11,99",,Nein,Gültig bis 02.05,2026-04-27,2026-05-02,../images/lidl/lidl_offer_159.jpg,cat_getraenke,,,ref_000159,obs_0000011143|obs_0000031400,,,
Ros Royal Champagner brut,Pommery,"€ 39,99",,"pro Einheit = 52,99","pro Einheit = 52,99",,Nein,Gültig bis 02.05,2026-04-27,2026-05-02,../images/lidl/lidl_offer_160.jpg,"cat_getraenke,tag_ultra_processed",,,ref_000160,obs_0000024602|obs_0000020095|obs_0000008041|obs_0000021882|obs_0000020914|obs_0000023422|obs_0000019077|obs_0000019746|obs_0000024460|obs_0000024037|obs_0000015932|obs_0000017995|obs_0000008300|obs_0000019755|obs_0000019757|obs_0000007981,,,
FORTEZZA DEI COLLI Chianti Classico Riserva DOCG Rotwein trocken,FORTEZZA DEI COLLI Chianti Classico Riserva DOCG Rotwein trocken,"€ 39,99",,"pro Einheit = 59,94","pro Einheit = 59,94",,Nein,Gültig bis 02.05,2026-04-27,2026-05-02,../images/lidl/lidl_offer_161.jpg,"cat_getraenke,tag_ultra_processed",,,ref_000161,obs_0000018177|obs_0000019085|obs_0000016674|obs_0000017060|obs_0000000039|obs_0000020278|obs_0000003775|obs_0000021097|obs_0000021747,,,
Cuv e Prestige Cr mant de Bourgogne AOC Schaumwein brut,Sansibar Deluxe,"€ 8,99",,"pro Einheit = 12,99","pro Einheit = 12,99",,Nein,Gültig bis 02.05,2026-04-27,2026-05-02,../images/lidl/lidl_offer_162.jpg,cat_getraenke,,,ref_000162,obs_0000024453|obs_0000026013|obs_0000024031|obs_0000024455|obs_0000024035|obs_0000023424|obs_0000008009,,,
SCOL Sporthotel Zillertal,SCOL Sporthotel Zillertal,"€ 229,00",,"pro Einheit = 229,00","pro Einheit = 229,00",,Nein,Gültig bis 02.05,2026-04-27,2026-05-02,../images/lidl/lidl_offer_163.jpg,"cat_knabbern_naschen,diet_vegetarian,tag_high_protein,tag_proteinreich,tag_ultra_processed",,,ref_000163,,,,
Center Parcs Ferienhäuser,Center Parcs,"€ 199,00",,"pro Einheit = 199,00","pro Einheit = 199,00",,Nein,Gültig bis 02.05,2026-04-27,2026-05-02,../images/lidl/lidl_offer_164.jpg,cat_non_food,,,ref_000164,,,,
Hotel Inmood Aucanada,Coral Travel,"€ 699,00",,"pro Einheit = 799,00","pro Einheit = 799,00",,Nein,Gültig bis 02.05,2026-04-27,2026-05-02,../images/lidl/lidl_offer_165.jpg,cat_drogerie,,,ref_000165,,,,
Schweden Pkw-Reise,Schweden Pkw-Reise,"€ 299,00",,"pro Einheit = 349,00","pro Einheit = 349,00",,Nein,Gültig bis 02.05,2026-04-27,2026-05-02,../images/lidl/lidl_offer_166.jpg,"cat_fleisch_wurst,diet_gluten_free,diet_vegetarian,sub_kaese,sub_schwein,tag_ultra_processed",,,ref_000166,,,,
Griechenland Rhodos 8-tägige Reise inkl Flug Hotel Blue Sea Holiday Village All Inclusive,Coral Travel,"€ 699,00",,"pro Einheit = 799,00","pro Einheit = 799,00",,Nein,Gültig bis 02.05,2026-04-27,2026-05-02,../images/lidl/lidl_offer_167.jpg,cat_drogerie,,,ref_000167,,,,
Harz Wernigerode Eigenanreise 3 Nächte Hasseröder Ferienpark inkl Frühstück,HTH Hanse Touristik Hamburg GmbH,"€ 249,00",,"pro Einheit = 249,00","pro Einheit = 249,00",,Nein,Gültig bis 02.05,2026-04-27,2026-05-02,../images/lidl/lidl_offer_168.jpg,"cat_grundnahrung,diet_vegetarian,tag_ultra_processed",,,ref_000168,obs_0000001502|obs_0000001504,,,
Residence Green Park,Voyage More,"€ 189,00",,"pro Einheit = 299,00","pro Einheit = 299,00",,Nein,Gültig bis 02.05,2026-04-27,2026-05-02,../images/lidl/lidl_offer_169.jpg,cat_non_food,,,ref_000169,,,,
Playmobil Funpark in Bayern,Travelcircus GmbH,"€ 59,00",,"pro Einheit = 81,00","pro Einheit = 81,00",,Nein,Gültig bis 02.05,2026-04-27,2026-05-02,../images/lidl/lidl_offer_170.jpg,cat_non_food,,,ref_000170,,,,
Cirque du Soleil ALIZ in Berlin,Cirque du Soleil ALIZ in Berlin,"€ 109,00",,"pro Einheit = 109,00","pro Einheit = 109,00",,Nein,Gültig bis 02.05,2026-04-27,2026-05-02,../images/lidl/lidl_offer_171.jpg,"cat_getraenke,tag_ultra_processed",,,ref_000171,,,,
Kanaren Kreuzfahrt,Kanaren Kreuzfahrt,"€ 899,00",,"pro Einheit = 0,00","pro Einheit = 0,00",,Nein,Gültig bis 02.05,2026-04-27,2026-05-02,../images/lidl/lidl_offer_173.jpg,"cat_non_food,diet_vegan,diet_vegetarian",,,ref_000173,,,,
Spanien Portugal Rundreise,Spanien Portugal Rundreise,"€ 999,00",,"pro Einheit = 0,00","pro Einheit = 0,00",,Nein,Gültig bis 02.05,2026-04-27,2026-05-02,../images/lidl/lidl_offer_175.jpg,"cat_obst_gemuese,diet_gluten_free,diet_lactose_free,diet_vegan,diet_vegetarian,tag_whole_food",,,ref_000175,,,,
Helene Fischer Live inkl Hotel Frankfurt,Helene Fischer Live inkl Hotel Frankfurt,"€ 119,00",,"pro Einheit = 119,00","pro Einheit = 119,00",,Nein,Gültig bis 02.05,2026-04-27,2026-05-02,../images/lidl/lidl_offer_176.jpg,cat_fisch_meeresfruechte,,,ref_000176,,,,
Mittelmeer Kreuzfahrt,Mittelmeer Kreuzfahrt,"€ 699,00",,"pro Einheit = 899,00","pro Einheit = 899,00",,Nein,Gültig bis 02.05,2026-04-27,2026-05-02,../images/lidl/lidl_offer_177.jpg,cat_drogerie,,,ref_000177,,,,
Ägypten Rundreise Baden,SPICA TRAVEL AG,"€ 999,00",,"pro Einheit = 0,00","pro Einheit = 0,00",,Nein,Gültig bis 02.05,2026-04-27,2026-05-02,../images/lidl/lidl_offer_178.jpg,"cat_non_food,diet_gluten_free,diet_lactose_free,diet_vegan,diet_vegetarian,tag_whole_food",,,ref_000178,obs_0000023668,,,
Mosel Rad-Rundreise,Mosel Rad-Rundreise,"€ 539,00",,"pro Einheit = 539,00","pro Einheit = 539,00",,Nein,Gültig bis 02.05,2026-04-27,2026-05-02,../images/lidl/lidl_offer_179.jpg,"cat_non_food,diet_gluten_free,diet_vegetarian,tag_ultra_processed",,,ref_000179,,,,
Österreich Italien Tirol Gardasee,Österreich Italien Tirol Gardasee,"€ 699,00",,"pro Einheit = 759,00","pro Einheit = 759,00",,Nein,Gültig bis 02.05,2026-04-27,2026-05-02,../images/lidl/lidl_offer_180.jpg,"cat_non_food,diet_vegetarian",,,ref_000180,obs_0000023669|obs_0000022805,,,
Edelstahl-Küchenmesser-Set,LIVARNO HOME,"€ 4,99",,"pro Einheit = 4,99","pro Einheit = 4,99",,Nein,Gültig bis 02.05,2026-04-27,2026-05-02,../images/lidl/lidl_offer_182.jpg,cat_non_food,,,ref_000181,obs_0000020718|obs_0000010830|obs_0000019207|obs_0000021537|obs_0000023963|obs_0000023967|obs_0000022070|obs_0000024389|obs_0000024394|obs_0000018630,,,
Aluguss-Topf,SILVERCREST,"€ 15,99",,"pro Einheit = 15,99","pro Einheit = 15,99",,Nein,Gültig bis 02.05,2026-04-27,2026-05-02,../images/lidl/lidl_offer_183.jpg,cat_non_food,,,ref_000182,,obs_0000022719|obs_0000023120,,
Aluguss-Pfanne 24 cm,SILVERCREST,"€ 9,99",,"pro Einheit = 9,99","pro Einheit = 9,99",,Nein,Gültig bis 02.05,2026-04-27,2026-05-02,../images/lidl/lidl_offer_184.jpg,cat_non_food,,,ref_000183,obs_0000020923|obs_0000025186|obs_0000020104|obs_0000019151|obs_0000023561|obs_0000022346|obs_0000023121|obs_0000022712|obs_0000022713,,,
Mikrowelle Typ SMWH 700 C1,SilverCrest,"€ 49,99",,"pro Einheit = 49,99","pro Einheit = 49,99",,Nein,Gültig bis 02.05,2026-04-27,2026-05-02,../images/lidl/lidl_offer_185.jpg,cat_non_food,,,ref_000184,,,,
Topf,SILVERCREST,"€ 9,99",,"pro Einheit = 9,99","pro Einheit = 9,99",,Nein,Gültig bis 02.05,2026-04-27,2026-05-02,../images/lidl/lidl_offer_186.jpg,cat_non_food,,BLS-H861000,ref_000185,obs_0000016391|obs_0000024738|obs_0000018955|obs_0000019170|obs_0000019403|obs_0000017418|obs_0000024739|obs_0000020499|obs_0000021111|obs_0000025382|obs_0000021318|obs_0000025578|obs_0000020292|obs_0000015173|obs_0000033903|obs_0000030053|obs_0000022516|obs_0000012972|obs_0000012996|obs_0000009036|obs_0000001394|obs_0000011703|obs_0000011707|obs_0000011708,,,
Trinkflasche,Sistema,"€ 4,99",,"pro Einheit = 7,59","pro Einheit = 7,59",,Nein,Gültig bis 02.05,2026-04-27,2026-05-02,../images/lidl/lidl_offer_187.jpg,cat_non_food,,,ref_000186,obs_0000023842|obs_0000028002|obs_0000008262|obs_0000024265|obs_0000026802|obs_0000009924|obs_0000010831|obs_0000010832|obs_0000009460|obs_0000008546|obs_0000000771,obs_0000023842|obs_0000028002|obs_0000008262|obs_0000024265|obs_0000026802,,
Faltbare Lunchbox Frischhaltedose,SilverCrest,"€ 6,99",,"pro Einheit = 6,99","pro Einheit = 6,99",,Nein,Gültig bis 02.05,2026-04-27,2026-05-02,../images/lidl/lidl_offer_188.jpg,cat_non_food,,,ref_000187,obs_0000009123|obs_0000012132,,,x
LED-Spültischarmatur,LIVARNO,"€ 29,99",,"pro Einheit = 29,99","pro Einheit = 29,99",,Nein,Gültig bis 02.05,2026-04-27,2026-05-02,../images/lidl/lidl_offer_189.jpg,cat_non_food,,,ref_000188,,obs_0000018353,,
Wasserkocher,Silvercrest Kitchen Tools,"€ 14,99",,"pro Einheit = 14,99","pro Einheit = 14,99",,Nein,Gültig bis 02.05,2026-04-27,2026-05-02,../images/lidl/lidl_offer_190.jpg,cat_non_food,,,ref_000189,obs_0000022403|obs_0000020100|obs_0000018438|obs_0000033542|obs_0000018696|obs_0000001934|obs_0000023568|obs_0000017568|obs_0000024753|obs_0000020919|obs_0000035121|obs_0000022100|obs_0000023130|obs_0000018299|obs_0000000766|obs_0000026245|obs_0000015141|obs_0000015545|obs_0000027448|obs_0000033852|obs_0000012933|obs_0000013950|obs_0000009389|obs_0000011202|obs_0000009850|obs_0000013949|obs_0000017690|obs_0000016195|obs_0000008567|obs_0000016526,obs_0000022403|obs_0000020100|obs_0000018438|obs_0000033542|obs_0000018696|obs_0000001934|obs_0000023568|obs_0000017568|obs_0000024753|obs_0000020919|obs_0000035121|obs_0000022100|obs_0000023130|obs_0000018299|obs_0000000766,,
Stabmixer-Set,Silvercrest Kitchen Tools,"€ 15,99",,"pro Einheit = 15,99","pro Einheit = 15,99",,Nein,Gültig bis 02.05,2026-04-27,2026-05-02,../images/lidl/lidl_offer_191.jpg,cat_non_food,,,ref_000190,obs_0000002219|obs_0000013426|obs_0000013914|obs_0000023564|obs_0000025753|obs_0000010118|obs_0000015129|obs_0000017385|obs_0000016291,obs_0000002219,,
Doppelschlitz-Toaster Typ STH 900 B2,Silvercrest Kitchen Tools,"€ 14,99",,"pro Einheit = 14,99","pro Einheit = 14,99",,Nein,Gültig bis 02.05,2026-04-27,2026-05-02,../images/lidl/lidl_offer_192.jpg,"cat_non_food,tag_ultra_processed",,,ref_000191,obs_0000017676|obs_0000018134|obs_0000023134,,,
Monsieur Cuisine smart,SilverCrest,"€ 399,00",,"pro Einheit = 399,00","pro Einheit = 399,00",,Nein,Gültig bis 02.05,2026-04-27,2026-05-02,../images/lidl/lidl_offer_193.jpg,cat_non_food,,,ref_000192,obs_0000022922|obs_0000018814|obs_0000017563|obs_0000017629,obs_0000022922,,
Mixtopfverkleinerer Deckelhalter,SILVERCREST,"€ 4,99",,"pro Einheit = 7,99","pro Einheit = 7,99",,Nein,Gültig bis 02.05,2026-04-27,2026-05-02,../images/lidl/lidl_offer_194.jpg,cat_non_food,,,ref_000193,,,,
Monsieur Cuisine-Zubehör Spatel-Set,SilverCrest,"€ 4,99",,"pro Einheit = 4,99","pro Einheit = 4,99",,Nein,Gültig bis 02.05,2026-04-27,2026-05-02,../images/lidl/lidl_offer_195.jpg,cat_non_food,,,ref_000194,,,,x
Messersatz,SilverCrest,"€ 5,99",,"pro Einheit = 5,99","pro Einheit = 5,99",,Nein,Gültig bis 02.05,2026-04-27,2026-05-02,../images/lidl/lidl_offer_196.jpg,cat_non_food,,BLS-R112000,ref_000195,,obs_0000022921,,x
Espressomaschine,Philips,"€ 299,00",,"pro Einheit = 649,99","pro Einheit = 649,99",,Nein,Gültig bis 02.05,2026-04-27,2026-05-02,../images/lidl/lidl_offer_197.jpg,cat_non_food,,,ref_000196,obs_0000002783|obs_0000024378|obs_0000023956|obs_0000024744|obs_0000020139|obs_0000022217|obs_0000020958|obs_0000013622|obs_0000017227|obs_0000016241|obs_0000019563,obs_0000002783|obs_0000024378|obs_0000023956,,
Küchenmaschine,Kenwood,"€ 119,00",,"pro Einheit = 154,90","pro Einheit = 154,90",,Nein,Gültig bis 02.05,2026-04-27,2026-05-02,../images/lidl/lidl_offer_198.jpg,cat_non_food,,,ref_000197,obs_0000020388|obs_0000025670|obs_0000021207|obs_0000008203|obs_0000017556|obs_0000024729|obs_0000018723|obs_0000033506|obs_0000004100|obs_0000010138|obs_0000004527|obs_0000002609|obs_0000013758|obs_0000004954|obs_0000034273|obs_0000003433|obs_0000014718|obs_0000016799|obs_0000019975|obs_0000020120|obs_0000018976|obs_0000022201|obs_0000020939|obs_0000025091|obs_0000019671|obs_0000018200|obs_0000022368,obs_0000008203|obs_0000017556|obs_0000024729|obs_0000018723|obs_0000020388|obs_0000025670|obs_0000021207|obs_0000033506,,
Espressomaschine,SILVERCREST,"€ 49,99",,"pro Einheit = 69,99","pro Einheit = 69,99",,Nein,Gültig bis 02.05,2026-04-27,2026-05-02,../images/lidl/lidl_offer_199.jpg,cat_non_food,,,ref_000198,obs_0000023956|obs_0000024378|obs_0000002783|obs_0000024744|obs_0000020958|obs_0000020139|obs_0000022217|obs_0000017227|obs_0000016241|obs_0000019563|obs_0000013622,obs_0000002783|obs_0000023956|obs_0000024378,,
Holzkohle-Komfortgrill Modell Kansas,GRILLMEISTER,"€ 99,99",,"pro Einheit = 99,99","pro Einheit = 99,99",,Nein,Gültig bis 02.05,2026-04-27,2026-05-02,../images/lidl/lidl_offer_200.jpg,cat_non_food,,,ref_000199,,,,
Premium-Espressomaschine,SilverCrest,"€ 249,00",,"pro Einheit = 249,00","pro Einheit = 249,00",,Nein,Gültig bis 02.05,2026-04-27,2026-05-02,,cat_non_food,,,ref_000200,obs_0000023956|obs_0000024378|obs_0000002783|obs_0000011595|obs_0000013830,,,x
Tellerservice Modell Malmö,CREATABLE,"€ 59,99",,"pro Einheit = 139,99","pro Einheit = 139,99",,Nein,Gültig bis 02.05,2026-04-27,2026-05-02,../images/lidl/lidl_offer_202.jpg,cat_non_food,,,ref_000201,,,,
Longdrink- Whisky-Gläser,SILVERCREST,"€ 3,99",,"pro Einheit = 3,99","pro Einheit = 3,99",,Nein,Gültig bis 02.05,2026-04-27,2026-05-02,../images/lidl/lidl_offer_203.jpg,cat_non_food,,,ref_000202,obs_0000019565,,,
Smoothie-Maker,SilverCrest,"€ 14,99",,"pro Einheit = 24,99","pro Einheit = 24,99",,Nein,Gültig bis 02.05,2026-04-27,2026-05-02,../images/lidl/lidl_offer_204.jpg,cat_non_food,,,ref_000203,obs_0000024751|obs_0000002067|obs_0000014395|obs_0000004171|obs_0000012410|obs_0000024721|obs_0000000440|obs_0000004598|obs_0000012945|obs_0000010948|obs_0000010957|obs_0000009020|obs_0000005025|obs_0000003462|obs_0000017881|obs_0000022009|obs_0000013892|obs_0000001630|obs_0000034549|obs_0000010818,obs_0000024751,,x
Creative Whip Essential,ISI,"€ 39,99",,"pro Einheit = 64,90","pro Einheit = 64,90",,Nein,Gültig bis 02.05,2026-04-27,2026-05-02,../images/lidl/lidl_offer_205.jpg,cat_drogerie,,,ref_000204,obs_0000018930,,,
Premium-Edelstahltopf,SILVERCREST,"€ 19,99",,"pro Einheit = 19,99","pro Einheit = 19,99",,Nein,Gültig bis 02.05,2026-04-27,2026-05-02,../images/lidl/lidl_offer_206.jpg,cat_non_food,,,ref_000205,obs_0000011595|obs_0000013830|obs_0000030363,,,
Lunchbox To Go,MEPAL,"€ 6,99",,"pro Einheit = 9,99","pro Einheit = 9,99",,Nein,Gültig bis 02.05,2026-04-27,2026-05-02,../images/lidl/lidl_offer_207.jpg,"cat_non_food,tag_ultra_processed",,,ref_000206,obs_0000012132,,,
Reiskocher,SILVERCREST,"€ 17,99",,"pro Einheit = 17,99","pro Einheit = 17,99",,Nein,Gültig bis 02.05,2026-04-27,2026-05-02,../images/lidl/lidl_offer_208.jpg,cat_non_food,,BLS-X820162,ref_000207,obs_0000001416|obs_0000014359|obs_0000020602|obs_0000024956|obs_0000025352|obs_0000021421|obs_0000021714|obs_0000022177|obs_0000018213,obs_0000001416,,
Edelstahl-Fritteuse,SilverCrest,"€ 34,99",,"pro Einheit = 39,99","pro Einheit = 39,99",,Nein,Gültig bis 02.05,2026-04-27,2026-05-02,../images/lidl/lidl_offer_209.jpg,cat_non_food,,,ref_000208,obs_0000020594|obs_0000021413|obs_0000021854|obs_0000016523|obs_0000017390,,,x
Kaffeemaschine Honeycomb,Russell Hobbs,"€ 29,99",,"pro Einheit = 70,99","pro Einheit = 70,99",,Nein,Gültig bis 02.05,2026-04-27,2026-05-02,../images/lidl/lidl_offer_210.jpg,"cat_non_food,diet_gluten_free,diet_lactose_free",,,ref_000209,obs_0000018694|obs_0000017426|obs_0000023958|obs_0000024747|obs_0000024383|obs_0000023532|obs_0000023539,,,
Thermo-Filterkaffeemaschine,SilverCrest,"€ 34,99",,"pro Einheit = 34,99","pro Einheit = 34,99",,Nein,Gültig bis 02.05,2026-04-27,2026-05-02,../images/lidl/lidl_offer_211.jpg,cat_non_food,,,ref_000210,obs_0000023704|obs_0000024132|obs_0000017312|obs_0000016227|obs_0000022706,obs_0000017312|obs_0000023704|obs_0000024132|obs_0000016227,,x
Tassimo Modell Happy,Bosch,"€ 24,99",,"pro Einheit = 119,99","pro Einheit = 119,99",,Nein,Gültig bis 02.05,2026-04-27,2026-05-02,../images/lidl/lidl_offer_212.jpg,cat_non_food,,,ref_000211,,,,
Bambus-Schneidebrett,SILVERCREST,"€ 5,99",,"pro Einheit = 5,99","pro Einheit = 5,99",,Nein,Gültig bis 02.05,2026-04-27,2026-05-02,../images/lidl/lidl_offer_213.jpg,cat_non_food,,,ref_000212,obs_0000019369|obs_0000023549|obs_0000028914|obs_0000033206|obs_0000019618|obs_0000016021,,,
Ultrazone Airfryer,SilverCrest,"€ 79,99",,"pro Einheit = 99,99","pro Einheit = 99,99",,Nein,Gültig bis 02.05,2026-04-27,2026-05-02,../images/lidl/lidl_offer_214.jpg,cat_non_food,,,ref_000213,,,,x
Frontgepäckträger mit Korb,Crivit,"€ 49,99",,"pro Einheit = 59,99","pro Einheit = 59,99",,Nein,Gültig bis 02.05,2026-04-27,2026-05-02,../images/lidl/lidl_offer_216.jpg,cat_non_food,,,ref_000215,,,,x
Fahrradträger Amber IV,Eufab,"€ 239,00",,"pro Einheit = 399,95","pro Einheit = 399,95",,Nein,Gültig bis 02.05,2026-04-27,2026-05-02,../images/lidl/lidl_offer_218.jpg,cat_non_food,,,ref_000217,,,,
Fahrradanhänger QUPA 2,Qeridoo,"€ 329,00",,"pro Einheit = 550,00","pro Einheit = 550,00",,Nein,Gültig bis 02.05,2026-04-27,2026-05-02,../images/lidl/lidl_offer_219.jpg,cat_non_food,,,ref_000218,obs_0000022553,,,
E-Faltrad FoldX 530,Crivit,"€ 999,00",,"pro Einheit = 0,00","pro Einheit = 0,00",,Nein,Gültig bis 02.05,2026-04-27,2026-05-02,../images/lidl/lidl_offer_220.jpg,cat_non_food,,,ref_000219,,,,x
E-Bike 27 5,Crivit,"€ 899,00",,"pro Einheit = 0,00","pro Einheit = 0,00",,Nein,Gültig bis 02.05,2026-04-27,2026-05-02,../images/lidl/lidl_offer_221.jpg,cat_non_food,,,ref_000220,obs_0000022932,,,x
E-Bike Trekkingrad 28,Zündapp,"€ 849,00",,"pro Einheit = 0,00","pro Einheit = 0,00",,Nein,Gültig bis 02.05,2026-04-27,2026-05-02,../images/lidl/lidl_offer_223.jpg,"cat_non_food,diet_vegetarian",,,ref_000222,,,,
E-Bike Mountainbike 29,Telefunken,"€ 899,00",,"pro Einheit = 90,00","pro Einheit = 90,00",,Nein,Gültig bis 02.05,2026-04-27,2026-05-02,../images/lidl/lidl_offer_226.jpg,"cat_non_food,diet_vegetarian,tag_ultra_processed",,,ref_000225,,,,
Fahrradanhänger Modell QUPA 1,Qeridoo,"€ 289,00",,"pro Einheit = 500,00","pro Einheit = 500,00",,Nein,Gültig bis 02.05,2026-04-27,2026-05-02,../images/lidl/lidl_offer_227.jpg,cat_non_food,,,ref_000226,obs_0000022553,,,
Fahrradträger Amber III,EUFAB,"€ 199,00",,"pro Einheit = 339,95","pro Einheit = 339,95",,Nein,Gültig bis 02.05,2026-04-27,2026-05-02,../images/lidl/lidl_offer_228.jpg,cat_non_food,,,ref_000227,,,,
E-Bike Cityrad 28 Modell RC830 Multitalent,Telefunken,"€ 849,00",,"pro Einheit = 90,00","pro Einheit = 90,00",,Nein,Gültig bis 02.05,2026-04-27,2026-05-02,../images/lidl/lidl_offer_229.jpg,cat_non_food,,,ref_000228,,,,
Fahrrad-Helm mit Rücklicht Kinder,Crivit,"€ 12,99",,"pro Einheit = 12,99","pro Einheit = 12,99",,Nein,Gültig bis 02.05,2026-04-27,2026-05-02,../images/lidl/lidl_offer_230.jpg,"cat_non_food,tag_ultra_processed",,,ref_000229,obs_0000009032,,,x
Funktions-Shirt Damen,Crivit,"€ 4,99",,"pro Einheit = 4,99","pro Einheit = 4,99",,Nein,Gültig bis 02.05,2026-04-27,2026-05-02,../images/lidl/lidl_offer_231.jpg,cat_non_food,,,ref_000230,obs_0000012562|obs_0000012701|obs_0000014800|obs_0000011267|obs_0000013580|obs_0000014166|obs_0000013977|obs_0000000755|obs_0000023324|obs_0000023466|obs_0000000968|obs_0000023573|obs_0000001225,,,x
Funktions-Hose,Crivit,"€ 9,99",,"pro Einheit = 9,99","pro Einheit = 9,99",,Nein,Gültig bis 02.05,2026-04-27,2026-05-02,../images/lidl/lidl_offer_233.jpg,cat_non_food,,,ref_000232,obs_0000001122|obs_0000000763,,,x
City-Sattel,Wittkop,"€ 9,99",,"pro Einheit = 29,99","pro Einheit = 29,99",,Nein,Gültig bis 02.05,2026-04-27,2026-05-02,../images/lidl/lidl_offer_234.jpg,cat_non_food,,,ref_000233,,,,
Fahrrad-Rucksack,Crivit,"€ 14,99",,"pro Einheit = 14,99","pro Einheit = 14,99",,Nein,Gültig bis 02.05,2026-04-27,2026-05-02,../images/lidl/lidl_offer_235.jpg,cat_non_food,,,ref_000234,obs_0000013861|obs_0000010317|obs_0000013023|obs_0000012628|obs_0000014171|obs_0000015199|obs_0000014782|obs_0000011256,,,x
Fahrrad-Handschuhe,Crivit,"€ 3,99",,"pro Einheit = 3,99","pro Einheit = 3,99",,Nein,Gültig bis 02.05,2026-04-27,2026-05-02,../images/lidl/lidl_offer_236.jpg,cat_non_food,,,ref_000235,,,,x
Premium-Sportbrille,Crivit,"€ 7,99",,"pro Einheit = 7,99","pro Einheit = 7,99",,Nein,Gültig bis 02.05,2026-04-27,2026-05-02,../images/lidl/lidl_offer_237.jpg,"cat_non_food,tag_high_protein",,,ref_000236,obs_0000011595|obs_0000013830,,,x
Fahrrad-Träger,EUFAB,"€ 169,00",,"pro Einheit = 349,00","pro Einheit = 349,00",,Nein,Gültig bis 02.05,2026-04-27,2026-05-02,../images/lidl/lidl_offer_238.jpg,cat_non_food,,,ref_000237,,,,
Memory-Foam-Sattelbezug für Mountain- und Trekking-Bike-Sättel,Crivit,"€ 4,99",,"pro Einheit = 4,99","pro Einheit = 4,99",,Nein,Gültig bis 02.05,2026-04-27,2026-05-02,../images/lidl/lidl_offer_239.jpg,cat_non_food,,,ref_000238,,,,x
Fahrrad-Handytasche,Crivit,"€ 4,99",,"pro Einheit = 4,99","pro Einheit = 4,99",,Nein,Gültig bis 02.05,2026-04-27,2026-05-02,../images/lidl/lidl_offer_240.jpg,cat_non_food,,,ref_000239,,,,x
LED-Fahrradleuchten-Set mit Notbremsfunktion,Crivit,"€ 7,99",,"pro Einheit = 7,99","pro Einheit = 7,99",,Nein,Gültig bis 02.05,2026-04-27,2026-05-02,../images/lidl/lidl_offer_241.jpg,cat_non_food,,,ref_000240,,,,x
Fahrrad-Werkzeugkoffer-Set,Crivit,"€ 17,99",,"pro Einheit = 17,99","pro Einheit = 17,99",,Nein,Gültig bis 02.05,2026-04-27,2026-05-02,../images/lidl/lidl_offer_242.jpg,cat_non_food,,,ref_000241,obs_0000022746|obs_0000000871|obs_0000000928|obs_0000016242,,,x
Standluftpumpe mit Manometer,Crivit,"€ 8,99",,"pro Einheit = 8,99","pro Einheit = 8,99",,Nein,Gültig bis 02.05,2026-04-27,2026-05-02,../images/lidl/lidl_offer_243.jpg,"cat_non_food,diet_vegetarian",,,ref_000242,,,,x
Kinder-Fahrrad Light 20,Crivit,"€ 199,00",,"pro Einheit = 249,00","pro Einheit = 249,00",,Nein,Gültig bis 02.05,2026-04-27,2026-05-02,../images/lidl/lidl_offer_244.jpg,"cat_non_food,tag_ultra_processed",,,ref_000243,obs_0000009032,,,x
Fahrrad-Montageständer,VIT,"€ 24,99",,"pro Einheit = 24,99","pro Einheit = 24,99",,Nein,Gültig bis 02.05,2026-04-27,2026-05-02,../images/lidl/lidl_offer_245.jpg,"cat_non_food,tag_ultra_processed",,,ref_000244,obs_0000018059,obs_0000018059,,
Sandkasten mit Wasserspielwand,PLAYTIVE,"€ 34,99",,"pro Einheit = 49,99","pro Einheit = 49,99",,Nein,Gültig bis 02.05,2026-04-27,2026-05-02,../images/lidl/lidl_offer_246.jpg,"cat_non_food,diet_vegan,diet_vegetarian",,,ref_000245,obs_0000024802,,,
Sandkasten mit Wasserspielwand,PLAYTIVE,"€ 34,99",,"pro Einheit = 49,99","pro Einheit = 49,99",,Nein,Gültig bis 02.05,2026-04-27,2026-05-02,../images/lidl/lidl_offer_247.jpg,"cat_non_food,diet_vegan,diet_vegetarian",,,ref_000246,obs_0000024802,,,
Großfahrzeug,LENA,"€ 19,99",,"pro Einheit = 57,99","pro Einheit = 57,99",,Nein,Gültig bis 02.05,2026-04-27,2026-05-02,,cat_non_food,,,ref_000247,,,,
Sand-Spielzeug,LUPILU,"€ 4,49",,"pro Einheit = 4,49","pro Einheit = 4,49",,Nein,Gültig bis 02.05,2026-04-27,2026-05-02,../images/lidl/lidl_offer_249.jpg,cat_non_food,,,ref_000248,obs_0000026690|obs_0000022396|obs_0000018427,obs_0000024784,,
Bobby Car,BIG,"€ 34,99",,"pro Einheit = 54,99","pro Einheit = 54,99",,Nein,Gültig bis 02.05,2026-04-27,2026-05-02,../images/lidl/lidl_offer_250.jpg,"cat_non_food,tag_ultra_processed",,,ref_000249,,,,
Kinder-Gärtnertasche,LUPILU,"€ 7,99",,"pro Einheit = 7,99","pro Einheit = 7,99",,Nein,Gültig bis 02.05,2026-04-27,2026-05-02,../images/lidl/lidl_offer_251.jpg,"cat_non_food,tag_ultra_processed",,,ref_000250,,,,
Wasser-Spieltische,LUPILU,"€ 39,99",,"pro Einheit = 59,99","pro Einheit = 59,99",,Nein,Gültig bis 02.05,2026-04-27,2026-05-02,../images/lidl/lidl_offer_252.jpg,cat_non_food,,,ref_000251,,,,
Hüpfburg,Lupilu,"€ 29,99",,"pro Einheit = 29,99","pro Einheit = 29,99",,Nein,Gültig bis 02.05,2026-04-27,2026-05-02,../images/lidl/lidl_offer_253.jpg,cat_non_food,,,ref_000252,,,,
Outdoor-Spiel-Set,PLAYTIVE,"€ 12,99",,"pro Einheit = 14,99","pro Einheit = 14,99",,Nein,Gültig bis 02.05,2026-04-27,2026-05-02,../images/lidl/lidl_offer_254.jpg,cat_non_food,,,ref_000253,obs_0000016795|obs_0000021104|obs_0000025717|obs_0000019976|obs_0000020285,,,
Hüpfball,Hüpfball,"€ 5,99",,"pro Einheit = 5,99","pro Einheit = 5,99",,Nein,Gültig bis 02.05,2026-04-27,2026-05-02,../images/lidl/lidl_offer_255.jpg,cat_non_food,,,ref_000254,,,,
Tierwurfspiel -kegel -krocket,LUPILU,"€ 9,99",,"pro Einheit = 12,99","pro Einheit = 12,99",,Nein,Gültig bis 02.05,2026-04-27,2026-05-02,../images/lidl/lidl_offer_256.jpg,"cat_non_food,tag_ultra_processed",,,ref_000255,,,,
Outdoorspiel-Set,PLAYTIVE,"€ 1,99",,"pro Einheit = 1,99","pro Einheit = 1,99",,Nein,Gültig bis 02.05,2026-04-27,2026-05-02,../images/lidl/lidl_offer_257.jpg,cat_non_food,,,ref_000256,,,,
Seifenblasenmaschine,LUPILU,"€ 9,99",,"pro Einheit = 9,99","pro Einheit = 9,99",,Nein,Gültig bis 02.05,2026-04-27,2026-05-02,../images/lidl/lidl_offer_258.jpg,cat_non_food,,,ref_000257,,,,
Wasserbahn,AquaPlay,"€ 24,99",,"pro Einheit = 39,99","pro Einheit = 39,99",,Nein,Gültig bis 02.05,2026-04-27,2026-05-02,../images/lidl/lidl_offer_259.jpg,"cat_drogerie,diet_gluten_free,diet_lactose_free,diet_vegan,diet_vegetarian",,,ref_000258,,,,
Kinder-Outdoorhose,LUPILU,"€ 8,99",,"pro Einheit = 8,99","pro Einheit = 8,99",,Nein,Gültig bis 02.05,2026-04-27,2026-05-02,../images/lidl/lidl_offer_260.jpg,"cat_non_food,tag_ultra_processed",,,ref_000259,obs_0000001377,,,
Kinetic Sand,Kinetic Sand,"€ 14,99",,"pro Einheit = 17,99","pro Einheit = 17,99",,Nein,Gültig bis 02.05,2026-04-27,2026-05-02,../images/lidl/lidl_offer_261.jpg,"cat_non_food,diet_vegetarian",,,ref_000260,,,,
Kinetic Sand Squish n Create Set,Kinetic Sand,"€ 9,99",,"pro Einheit = 12,99","pro Einheit = 12,99",,Nein,Gültig bis 02.05,2026-04-27,2026-05-02,../images/lidl/lidl_offer_262.jpg,cat_non_food,,,ref_000261,,,,
Kinder-Set,Kinder-Set,"€ 9,99",,"pro Einheit = 9,99","pro Einheit = 9,99",,Nein,Gültig bis 02.05,2026-04-27,2026-05-02,../images/lidl/lidl_offer_263.jpg,"cat_non_food,sub_rind,tag_ultra_processed",,,ref_000262,obs_0000002510|obs_0000003255|obs_0000028414|obs_0000014082|obs_0000024726|obs_0000031064|obs_0000019288|obs_0000008665|obs_0000020998|obs_0000019011|obs_0000025575|obs_0000003612|obs_0000020179,,,
Dragon Ball T-Shirts,Dragon Ball T-Shirts,"€ 6,99",,"pro Einheit = 6,99","pro Einheit = 6,99",,Nein,Gültig bis 02.05,2026-04-27,2026-05-02,../images/lidl/lidl_offer_264.jpg,cat_non_food,,,ref_000263,obs_0000023492|obs_0000023098,,,
Sandalen,ESMARA KIDS LUPILU,"€ 9,99",,"pro Einheit = 9,99","pro Einheit = 9,99",,Nein,Gültig bis 02.05,2026-04-27,2026-05-02,,cat_non_food,,BLS-D623100,ref_000264,,,,
Wasserblaster Super Soaker,NERF,"€ 9,99",,"pro Einheit = 13,99","pro Einheit = 13,99",,Nein,Gültig bis 02.05,2026-04-27,2026-05-02,../images/lidl/lidl_offer_266.jpg,cat_getraenke,,,ref_000265,,,,
Duschtuch,LIVARNO,"€ 3,99",,"pro Einheit = 3,99","pro Einheit = 3,99",,Nein,Gültig bis 02.05,2026-04-27,2026-05-02,../images/lidl/lidl_offer_267.jpg,cat_non_food,,,ref_000266,obs_0000001571|obs_0000016079|obs_0000025897|obs_0000012159|obs_0000001948|obs_0000010251|obs_0000002672|obs_0000019607|obs_0000003369|obs_0000023449|obs_0000001382|obs_0000001506,obs_0000001571|obs_0000016079|obs_0000025897|obs_0000012159|obs_0000001948,,
Beauty-Sortiment,Cien Beauty,"€ 3,00",,"pro Einheit = 3,00","pro Einheit = 3,00",,Nein,Gültig bis 02.05,2026-04-27,2026-05-02,../images/lidl/lidl_offer_268.jpg,"cat_non_food,tag_ultra_processed",,,ref_000267,,,,
Waschbeckenunterschrank,LIVARNO,"€ 34,99",,"pro Einheit = 49,99","pro Einheit = 49,99",,Nein,Gültig bis 02.05,2026-04-27,2026-05-02,../images/lidl/lidl_offer_269.jpg,cat_non_food,,,ref_000268,obs_0000017998|obs_0000019312|obs_0000017843|obs_0000025024|obs_0000016342,obs_0000019312|obs_0000023450|obs_0000025024,,
Toilettenpapierhalter,LIVARNO HOME,"€ 3,99",,"pro Einheit = 3,99","pro Einheit = 3,99",,Nein,Gültig bis 02.05,2026-04-27,2026-05-02,../images/lidl/lidl_offer_270.jpg,cat_drogerie,,,ref_000269,obs_0000012108,obs_0000012108,,
Badematte,LIVARNO,"€ 7,99",,"pro Einheit = 7,99","pro Einheit = 7,99",,Nein,Gültig bis 02.05,2026-04-27,2026-05-02,../images/lidl/lidl_offer_271.jpg,cat_non_food,,,ref_000270,obs_0000025889|obs_0000023444|obs_0000002117|obs_0000003657|obs_0000002138|obs_0000010867|obs_0000016068|obs_0000000747|obs_0000001386|obs_0000001569,obs_0000002117|obs_0000003657|obs_0000002138|obs_0000010867|obs_0000016068|obs_0000000747|obs_0000025889|obs_0000001386|obs_0000023444|obs_0000023453,,
LED-Schrank- Spiegelleuchte,LIVARNO HOME,"€ 9,99",,"pro Einheit = 12,99","pro Einheit = 12,99",,Nein,Gültig bis 02.05,2026-04-27,2026-05-02,../images/lidl/lidl_offer_272.jpg,cat_non_food,,,ref_000271,,,,
Premium-Glätteisen,Cien Beauty,"€ 39,99",,"pro Einheit = 39,99","pro Einheit = 39,99",,Nein,Gültig bis 02.05,2026-04-27,2026-05-02,../images/lidl/lidl_offer_273.jpg,cat_non_food,,,ref_000272,obs_0000013830|obs_0000011595,,,x
Konischer Lockenstab,Remington,"€ 14,99",,"pro Einheit = 44,99","pro Einheit = 44,99",,Nein,Gültig bis 02.05,2026-04-27,2026-05-02,../images/lidl/lidl_offer_274.jpg,cat_non_food,,,ref_000273,obs_0000025885,,,
Elektrische Zahnbürste,NEVADENT,"€ 7,99",,"pro Einheit = 7,99","pro Einheit = 7,99",,Nein,Gültig bis 02.05,2026-04-27,2026-05-02,../images/lidl/lidl_offer_275.jpg,cat_drogerie,,,ref_000274,obs_0000033126|obs_0000033309|obs_0000016356|obs_0000013611|obs_0000033324|obs_0000012469|obs_0000032824|obs_0000033600|obs_0000019090|obs_0000023459,,,
Gesichtshaarentferner,Cien Beauty,"€ 4,99",,"pro Einheit = 4,99","pro Einheit = 4,99",,Nein,Gültig bis 02.05,2026-04-27,2026-05-02,../images/lidl/lidl_offer_276.jpg,"cat_non_food,tag_ultra_processed",,,ref_000275,,,,x
Handtuch- Wandhandtuchhalter,LIVARNO HOME,"€ 12,99",,"pro Einheit = 12,99","pro Einheit = 12,99",,Nein,Gültig bis 02.05,2026-04-27,2026-05-02,../images/lidl/lidl_offer_277.jpg,cat_non_food,,,ref_000276,obs_0000023137,,,
Haar- und Bartschneider,Cien Beauty,"€ 12,99",,"pro Einheit = 12,99","pro Einheit = 12,99",,Nein,Gültig bis 02.05,2026-04-27,2026-05-02,../images/lidl/lidl_offer_278.jpg,cat_non_food,,,ref_000277,obs_0000010817|obs_0000013676|obs_0000023455,,,x
Duoplast-WC-Sitz,Wenko,"€ 19,99",,"pro Einheit = 46,99","pro Einheit = 46,99",,Nein,Gültig bis 02.05,2026-04-27,2026-05-02,../images/lidl/lidl_offer_279.jpg,cat_non_food,,,ref_000278,obs_0000023446|obs_0000025224|obs_0000013954|obs_0000017440|obs_0000025898|obs_0000016991|obs_0000021505|obs_0000025638|obs_0000020686,obs_0000021505|obs_0000023446|obs_0000025638|obs_0000020686,,
7-Zonen Taschenfederkernmatratze Modell Flex Air,Breckle,"€ 159,00",,"pro Einheit = 159,00","pro Einheit = 159,00",,Nein,Gültig bis 02.05,2026-04-27,2026-05-02,../images/lidl/lidl_offer_280.jpg,cat_non_food,,,ref_000279,obs_0000023472|obs_0000023166,obs_0000020900|obs_0000025265|obs_0000020081,,
Muselin-Bettwäsche,Bierbaum,"€ 29,99",,"pro Einheit = 59,95","pro Einheit = 59,95",,Nein,Gültig bis 02.05,2026-04-27,2026-05-02,../images/lidl/lidl_offer_281.jpg,cat_non_food,,,ref_000280,obs_0000026412,obs_0000017548|obs_0000020258|obs_0000025267|obs_0000021077|obs_0000018670|obs_0000000127,,
Boxspringbett Modell Leona Samt,Juskys,"€ 499,00",,"pro Einheit = 999,99","pro Einheit = 999,99",,Nein,Gültig bis 02.05,2026-04-27,2026-05-02,../images/lidl/lidl_offer_282.jpg,cat_grundnahrung,,,ref_000281,obs_0000023138|obs_0000027898|obs_0000015010|obs_0000010943|obs_0000019785,,,
3-Kammer-Kopfkissen,Fjödur,"€ 29,99",,"pro Einheit = 89,90","pro Einheit = 89,90",,Nein,Gültig bis 02.05,2026-04-27,2026-05-02,../images/lidl/lidl_offer_283.jpg,cat_non_food,,,ref_000282,obs_0000018706|obs_0000020126|obs_0000017468|obs_0000020945|obs_0000021720|obs_0000019432|obs_0000018115|obs_0000016257|obs_0000018704|obs_0000019600|obs_0000017332|obs_0000019660|obs_0000016993|obs_0000019431|obs_0000019831,,,
Einhandzwinge,Parkside Performance,"€ 12,99",,"pro Einheit = 12,99","pro Einheit = 12,99",,Nein,Gültig bis 02.05,2026-04-27,2026-05-02,../images/lidl/lidl_offer_284.jpg,cat_non_food,,,ref_000283,,,,x
PERFORMANCE Waschsauger,Parkside,"€ 199,00",,"pro Einheit = 199,00","pro Einheit = 199,00",,Nein,Gültig bis 02.05,2026-04-27,2026-05-02,../images/lidl/lidl_offer_285.jpg,cat_non_food,,,ref_000284,,,,x
PERFORMANCE Bohr- und Meißelhammer,Parkside,"€ 64,99",,"pro Einheit = 64,99","pro Einheit = 64,99",,Nein,Gültig bis 02.05,2026-04-27,2026-05-02,../images/lidl/lidl_offer_286.jpg,cat_non_food,,,ref_000285,obs_0000023442,,,x
Handkreissäge,Parkside,"€ 24,99",,"pro Einheit = 24,99","pro Einheit = 24,99",,Nein,Gültig bis 02.05,2026-04-27,2026-05-02,../images/lidl/lidl_offer_287.jpg,cat_non_food,,,ref_000286,obs_0000023430|obs_0000000026|obs_0000003749|obs_0000020655|obs_0000025092|obs_0000021474|obs_0000018158|obs_0000020670|obs_0000021489|obs_0000021818|obs_0000018141|obs_0000022303,,,x
Performance Multifunktionswerkzeug,Parkside,"€ 34,99",,"pro Einheit = 39,99","pro Einheit = 39,99",,Nein,Gültig bis 02.05,2026-04-27,2026-05-02,../images/lidl/lidl_offer_288.jpg,cat_non_food,,,ref_000287,obs_0000022764,,,
Steckschlüssel-Satz,Parkside Performance,"€ 24,99",,"pro Einheit = 24,99","pro Einheit = 24,99",,Nein,Gültig bis 02.05,2026-04-27,2026-05-02,../images/lidl/lidl_offer_289.jpg,cat_non_food,,,ref_000288,obs_0000002971|obs_0000002776|obs_0000000926|obs_0000025181|obs_0000016703,obs_0000002971|obs_0000002776,,x
Performance Akku-Schlagbohrschrauber 20 V,Parkside,"€ 39,99",,"pro Einheit = 39,99","pro Einheit = 39,99",,Nein,Gültig bis 02.05,2026-04-27,2026-05-02,../images/lidl/lidl_offer_290.jpg,cat_non_food,,,ref_000289,obs_0000023319|obs_0000023431|obs_0000022534|obs_0000023055|obs_0000021250|obs_0000019542|obs_0000017529|obs_0000021887|obs_0000020431|obs_0000000184,obs_0000023058,,
PERFORMANCE Akku-Kombihammer 20 V,Parkside,"€ 49,99",,"pro Einheit = 59,99","pro Einheit = 59,99",,Nein,Gültig bis 02.05,2026-04-27,2026-05-02,../images/lidl/lidl_offer_291.jpg,cat_non_food,,,ref_000290,obs_0000022534|obs_0000022935|obs_0000023055|obs_0000021250|obs_0000017529|obs_0000021887|obs_0000020431|obs_0000000184,,,x
Akku-Kreuzlinienlaser 4 V,Parkside Performance,"€ 49,99",,"pro Einheit = 49,99","pro Einheit = 49,99",,Nein,Gültig bis 02.05,2026-04-27,2026-05-02,../images/lidl/lidl_offer_292.jpg,cat_non_food,,,ref_000291,obs_0000024830|obs_0000018943|obs_0000018373,obs_0000024830,,x
Bit- Bit- und Steckschlüssel-Set Torsion,Parkside Performance,"€ 5,99",,"pro Einheit = 9,99","pro Einheit = 9,99",,Nein,Gültig bis 02.05,2026-04-27,2026-05-02,../images/lidl/lidl_offer_293.jpg,cat_non_food,,,ref_000292,obs_0000023435|obs_0000023094|obs_0000011673|obs_0000013882,,,x
PERFORMANCE Smart-Akku 20 V 8 Ah,Parkside,"€ 39,99",,"pro Einheit = 39,99","pro Einheit = 39,99",,Nein,Gültig bis 02.05,2026-04-27,2026-05-02,../images/lidl/lidl_offer_294.jpg,cat_non_food,,,ref_000293,obs_0000018958|obs_0000023061|obs_0000023426|obs_0000024807|obs_0000022534|obs_0000023429|obs_0000021250|obs_0000021887|obs_0000020431|obs_0000000184,obs_0000024807,,x
Akku-Metallhandkreissäge 20 V,Parkside Performance,"€ 69,99",,"pro Einheit = 99,99","pro Einheit = 99,99",,Nein,Gültig bis 02.05,2026-04-27,2026-05-02,../images/lidl/lidl_offer_295.jpg,cat_non_food,,,ref_000294,obs_0000023058|obs_0000022935|obs_0000000184|obs_0000023061|obs_0000022741|obs_0000024805|obs_0000024831|obs_0000024842|obs_0000023319|obs_0000023425|obs_0000023426|obs_0000023427|obs_0000023430|obs_0000023431|obs_0000023433|obs_0000023437|obs_0000023439,,,x
Kreissägeblatt,Parkside Performance,"€ 7,99",,"pro Einheit = 7,99","pro Einheit = 7,99",,Nein,Gültig bis 02.05,2026-04-27,2026-05-02,../images/lidl/lidl_offer_296.jpg,cat_non_food,,,ref_000295,,,,x
Akku-Ladegerät 20 V 4 5 A,Parkside,"€ 9,99",,"pro Einheit = 9,99","pro Einheit = 9,99",,Nein,Gültig bis 02.05,2026-04-27,2026-05-02,../images/lidl/lidl_offer_297.jpg,cat_non_food,,,ref_000296,obs_0000023429|obs_0000019359|obs_0000022741|obs_0000024831|obs_0000024842|obs_0000023061|obs_0000023319|obs_0000023425|obs_0000023426|obs_0000023427|obs_0000023430|obs_0000023431|obs_0000023433|obs_0000023437|obs_0000023439|obs_0000024805|obs_0000000184|obs_0000018935|obs_0000018341|obs_0000022462|obs_0000022935|obs_0000023058,obs_0000023427,,x
PERFORMANCE Ortungsgerät,Parkside,"€ 44,99",,"pro Einheit = 49,99","pro Einheit = 49,99",,Nein,Gültig bis 02.05,2026-04-27,2026-05-02,../images/lidl/lidl_offer_298.jpg,cat_non_food,,,ref_000297,,,,x
Akku 20 V 4 Ah,Parkside,"€ 19,99",,"pro Einheit = 19,99","pro Einheit = 19,99",,Nein,Gültig bis 02.05,2026-04-27,2026-05-02,../images/lidl/lidl_offer_299.jpg,cat_non_food,,,ref_000298,obs_0000023061|obs_0000023426|obs_0000023429|obs_0000024807|obs_0000022741|obs_0000024831|obs_0000024842|obs_0000023319|obs_0000023425|obs_0000023427|obs_0000023430|obs_0000023431|obs_0000023433|obs_0000023437|obs_0000023439|obs_0000024805|obs_0000000184|obs_0000018958|obs_0000022935|obs_0000023058,obs_0000023061|obs_0000023426,,x
Akku-Winkelschleifer 20 V,Parkside Performance,"€ 39,99",,"pro Einheit = 39,99","pro Einheit = 39,99",,Nein,Gültig bis 02.05,2026-04-27,2026-05-02,../images/lidl/lidl_offer_300.jpg,cat_non_food,,,ref_000299,obs_0000022534|obs_0000023054|obs_0000023058|obs_0000022935|obs_0000002077|obs_0000000184|obs_0000023061|obs_0000022168|obs_0000016595|obs_0000022741|obs_0000024805|obs_0000024831|obs_0000024842|obs_0000023319|obs_0000017704|obs_0000023425|obs_0000023426|obs_0000023427|obs_0000017286|obs_0000023430|obs_0000023431|obs_0000023433|obs_0000023437|obs_0000023439|obs_0000017913|obs_0000019572|obs_0000000080,obs_0000022534,,
Webboxer,ESMARA MEN,"€ 9,99",,"pro Einheit = 2,00","pro Einheit = 2,00",,Nein,Gültig bis 02.05,2026-04-27,2026-05-02,../images/lidl/lidl_offer_301.jpg,cat_non_food,,,ref_000300,,,,
Sneakersocken Damen,ESMARA,"€ 3,79",,"pro Einheit = 0,38","pro Einheit = 0,38",,Nein,Gültig bis 02.05,2026-04-27,2026-05-02,../images/lidl/lidl_offer_302.jpg,cat_non_food,,,ref_000301,obs_0000026059|obs_0000014224|obs_0000012564|obs_0000013011|obs_0000015235|obs_0000013894,,,
Spaghettiträgerhemden,ESMARA,"€ 8,99",,"pro Einheit = 0,90","pro Einheit = 0,90",,Nein,Gültig bis 02.05,2026-04-27,2026-05-02,../images/lidl/lidl_offer_303.jpg,"cat_non_food,diet_vegetarian,sub_nudeln",,,ref_000302,obs_0000012588|obs_0000019954|obs_0000016302|obs_0000008221,obs_0000023880|obs_0000024308,,
Achselhemden,ESMARA MEN,"€ 12,99",,"pro Einheit = 2,17","pro Einheit = 2,17",,Nein,Gültig bis 02.05,2026-04-27,2026-05-02,../images/lidl/lidl_offer_304.jpg,cat_non_food,,,ref_000303,obs_0000022641|obs_0000022647|obs_0000025317|obs_0000016859|obs_0000008029,,,
Socken,ESMARA ESMARA MEN,"€ 14,99",,"pro Einheit = 0,75","pro Einheit = 0,75",,Nein,Gültig bis 02.05,2026-04-27,2026-05-02,../images/lidl/lidl_offer_305.jpg,cat_non_food,,,ref_000304,obs_0000011300|obs_0000001624|obs_0000023153|obs_0000001173|obs_0000024304|obs_0000000756|obs_0000000758|obs_0000000765|obs_0000023885|obs_0000001375|obs_0000001405|obs_0000000967|obs_0000023044|obs_0000002058|obs_0000017451|obs_0000022642|obs_0000001174|obs_0000024258|obs_0000016081|obs_0000024283|obs_0000015615|obs_0000015624|obs_0000012561|obs_0000023836|obs_0000012590|obs_0000023861|obs_0000012599|obs_0000018780|obs_0000003499|obs_0000023493|obs_0000011723|obs_0000011742|obs_0000022041|obs_0000002598|obs_0000016449|obs_0000000593|obs_0000018523|obs_0000010858|obs_0000010866|obs_0000022652|obs_0000025733|obs_0000008358|obs_0000028350|obs_0000016581|obs_0000010467|obs_0000028476|obs_0000002882|obs_0000019870|obs_0000025525|obs_0000019910,obs_0000011300|obs_0000001624|obs_0000023153|obs_0000001173|obs_0000024304|obs_0000000756|obs_0000000758|obs_0000000765|obs_0000023885|obs_0000001375|obs_0000001405|obs_0000000967,,
Renforc -Bettwäsche-Set,LIVARNO HOME,"€ 12,99",,"pro Einheit = 12,99","pro Einheit = 12,99",,Nein,Gültig bis 02.05,2026-04-27,2026-05-02,../images/lidl/lidl_offer_306.jpg,cat_non_food,,,ref_000305,obs_0000008944|obs_0000016078|obs_0000012156|obs_0000025742|obs_0000023897|obs_0000001575|obs_0000024321|obs_0000010547|obs_0000011274|obs_0000025921|obs_0000012228|obs_0000012230|obs_0000026412,obs_0000008944|obs_0000025742|obs_0000023897|obs_0000001575|obs_0000016078|obs_0000024321|obs_0000012156,,
Frischhaltedosen-Set 6 Stück,SilverCrest,"€ 2,99",,"pro Einheit = 2,99","pro Einheit = 2,99",,Nein,Gültig bis 02.05,2026-04-27,2026-05-02,../images/lidl/lidl_offer_307.jpg,cat_non_food,,,ref_000306,obs_0000023553|obs_0000000775|obs_0000016023|obs_0000016027|obs_0000016029|obs_0000012139|obs_0000012984|obs_0000013009|obs_0000019207|obs_0000026533|obs_0000012527|obs_0000012531|obs_0000012547|obs_0000012549,,,x
Geschirrtücher,W5,"€ 5,99",,"pro Einheit = 5,99","pro Einheit = 5,99",,Nein,Gültig bis 02.05,2026-04-27,2026-05-02,../images/lidl/lidl_offer_308.jpg,cat_drogerie,,,ref_000307,obs_0000033290|obs_0000012621|obs_0000001417|obs_0000003785|obs_0000004833|obs_0000004406|obs_0000000314|obs_0000003979,obs_0000033290|obs_0000012621|obs_0000001417,,
Jersey-Spannbettlaken-Set,LIVARNO,"€ 4,99",,"pro Einheit = 2,50","pro Einheit = 2,50",,Nein,Gültig bis 02.05,2026-04-27,2026-05-02,../images/lidl/lidl_offer_309.jpg,cat_non_food,,,ref_000308,obs_0000025922|obs_0000023886|obs_0000024309|obs_0000010246|obs_0000018786|obs_0000018985|obs_0000023136|obs_0000023142|obs_0000009046|obs_0000017364|obs_0000020877|obs_0000025501|obs_0000022075|obs_0000020058|obs_0000018388,obs_0000010246|obs_0000018786|obs_0000018985|obs_0000023136|obs_0000023142|obs_0000009046|obs_0000017364|obs_0000025922|obs_0000023886|obs_0000024309,,
Wärmegürtel Wärmepflaster XXL Regelschmerz-Wärmepflaster,SENSIPLAST,"€ 4,99",,"pro Einheit = 4,99","pro Einheit = 4,99",,Nein,Gültig bis 02.05,2026-04-27,2026-05-02,../images/lidl/lidl_offer_310.jpg,cat_non_food,,,ref_000309,obs_0000016450|obs_0000017817|obs_0000012763|obs_0000010786|obs_0000033432|obs_0000013967,,,
Mignon-NiMH-Akkus,TRONIC,"€ 6,99",,"pro Einheit = 6,99","pro Einheit = 6,99",,Nein,Gültig bis 02.05,2026-04-27,2026-05-02,../images/lidl/lidl_offer_311.jpg,"cat_non_food,diet_vegetarian",,,ref_000310,obs_0000019513|obs_0000016215|obs_0000025483|obs_0000017839|obs_0000009059,,,
Knopfzellen,TRONIC,"€ 3,99",,"pro Einheit = 3,99","pro Einheit = 3,99",,Nein,Gültig bis 02.05,2026-04-27,2026-05-02,../images/lidl/lidl_offer_312.jpg,"cat_non_food,diet_vegetarian",,,ref_000311,obs_0000019097|obs_0000025284|obs_0000003202|obs_0000003751|obs_0000004792|obs_0000004365|obs_0000000291|obs_0000003938|obs_0000010793|obs_0000010796|obs_0000015984|obs_0000015128|obs_0000015136|obs_0000033077|obs_0000009117|obs_0000015983,obs_0000003202|obs_0000019097|obs_0000003751|obs_0000004792|obs_0000025284|obs_0000004365|obs_0000000291|obs_0000003938,,
Pommes Frites XXL,Harvest Basket,"€ 3,99",,"1 kg = 1,14","1 kg = 1,14",,Nein,Gültig bis 02.05,2026-04-27,2026-05-02,../images/lidl/lidl_offer_313.jpg,"cat_drogerie,tag_ultra_processed",,BLS-X654042,ref_000312,obs_0000018274|obs_0000009335|obs_0000003556|obs_0000009805|obs_0000025415|obs_0000025981|obs_0000000182|obs_0000027369|obs_0000000823|obs_0000003690|obs_0000026377|obs_0000034081|obs_0000020548|obs_0000012763|obs_0000021367|obs_0000021782|obs_0000013967,obs_0000009335|obs_0000003556|obs_0000009805|obs_0000018274,,
Steinofenpizza Margherita XXL,Trattoria Alfredo,"€ 3,49",,"1 kg = 2,91","1 kg = 2,91",,Nein,Gültig bis 02.05,2026-04-27,2026-05-02,../images/lidl/lidl_offer_314.jpg,"cat_tiefkuehl,tag_ultra_processed",,,ref_000313,obs_0000021035|obs_0000025509|obs_0000020216|obs_0000025073|obs_0000017928|obs_0000017368|obs_0000016325|obs_0000024681|obs_0000018848|obs_0000012763|obs_0000021159|obs_0000025448|obs_0000017577|obs_0000013967|obs_0000020340|obs_0000008064,obs_0000021035|obs_0000025509|obs_0000020216,,
Lachsfilet-Portionen XXL,Ocean Sea,"€ 9,99",,"1 kg = 16,65","1 kg = 16,65",,Nein,Gültig bis 02.05,2026-04-27,2026-05-02,../images/lidl/lidl_offer_315.jpg,"cat_fisch_meeresfruechte,diet_gluten_free,diet_lactose_free,tag_high_protein,tag_proteinreich",,,ref_000314,obs_0000018827|obs_0000017429|obs_0000010448|obs_0000020721|obs_0000018885|obs_0000009198|obs_0000021540|obs_0000025684|obs_0000019689|obs_0000009680|obs_0000012790|obs_0000011020|obs_0000023812|obs_0000023817|obs_0000001421|obs_0000024238|obs_0000024241|obs_0000008391|obs_0000012763|obs_0000031809|obs_0000034280|obs_0000013967|obs_0000028347|obs_0000014208|obs_0000010175,obs_0000018472|obs_0000010448|obs_0000020721|obs_0000018885|obs_0000021540|obs_0000017477|obs_0000025684|obs_0000019689|obs_0000003619|obs_0000002003,,
Chicken Wings scharf,Chef Select,"€ 4,99",,"pro Einheit = 4,99","pro Einheit = 4,99",,Nein,Gültig bis 02.05,2026-04-27,2026-05-02,../images/lidl/lidl_offer_316.jpg,"cat_fleisch_wurst,diet_gluten_free,diet_lactose_free,sub_gefluegel,tag_high_protein,tag_proteinreich,tag_ultra_processed",,,ref_000315,obs_0000008214|obs_0000023576|obs_0000023577|obs_0000023635|obs_0000018520|obs_0000028927|obs_0000022397|obs_0000000983|obs_0000025608|obs_0000020015|obs_0000018026|obs_0000024871|obs_0000027512|obs_0000023578,,,
Chicken Nuggets XXL,Chef Select,"€ 7,49",,"1 kg = 6,24","1 kg = 6,24",,Nein,Gültig bis 02.05,2026-04-27,2026-05-02,../images/lidl/lidl_offer_317.jpg,"cat_fleisch_wurst,diet_lactose_free,sub_gefluegel,sub_tk_fertiggerichte,tag_ultra_processed",,,ref_000316,obs_0000017874|obs_0000014459|obs_0000016942|obs_0000014916|obs_0000002753|obs_0000013137|obs_0000009447|obs_0000019764|obs_0000015749|obs_0000003555|obs_0000009912|obs_0000032589|obs_0000028498|obs_0000026469|obs_0000028611|obs_0000012280|obs_0000026980|obs_0000029176|obs_0000000509|obs_0000025151|obs_0000021057|obs_0000013038|obs_0000021236|obs_0000027865|obs_0000011493|obs_0000034184|obs_0000021927|obs_0000022059|obs_0000020238|obs_0000020417|obs_0000004259|obs_0000008364|obs_0000000219|obs_0000008511|obs_0000012757|obs_0000029165|obs_0000004686|obs_0000010992|obs_0000025608|obs_0000009626|obs_0000007602|obs_0000020015|obs_0000018026|obs_0000003832|obs_0000034807|obs_0000012763|obs_0000023578|obs_0000013967,obs_0000014459|obs_0000016942|obs_0000014916|obs_0000002753|obs_0000013137|obs_0000009447|obs_0000019764|obs_0000015749|obs_0000017874|obs_0000003555|obs_0000009912|obs_0000032589|obs_0000028498|obs_0000026469|obs_0000028611,,
Delikatess Kochschinken XXL,Dulano,"€ 1,59",,"1 kg = 6,36","1 kg = 6,36",,Nein,Gültig bis 02.05,2026-04-27,2026-05-02,../images/lidl/lidl_offer_318.jpg,"cat_fleisch_wurst,diet_vegetarian,sub_schwein,sub_wurst,tag_ultra_processed",,,ref_000317,obs_0000017620|obs_0000024654|obs_0000018572|obs_0000018611|obs_0000025132|obs_0000023768|obs_0000025973|obs_0000025975|obs_0000025976|obs_0000017968|obs_0000018013|obs_0000024192|obs_0000002633|obs_0000003227|obs_0000009567|obs_0000030320|obs_0000010021|obs_0000026567|obs_0000012763|obs_0000002580|obs_0000002805|obs_0000013967,obs_0000024654|obs_0000018611|obs_0000017620,,
XXL Schnitzel,Chef Select,"€ 3,99",,"1 kg = 7,98","1 kg = 7,98",,Nein,Gültig bis 02.05,2026-04-27,2026-05-02,../images/lidl/lidl_offer_319.jpg,"cat_fleisch_wurst,sub_schwein,tag_ultra_processed",,BLS-U342100,ref_000318,obs_0000027124|obs_0000017973|obs_0000012763|obs_0000000700|obs_0000005251|obs_0000001521|obs_0000013967,,,
Delikatess Schinkenwürfel XXL 280 g,Dulano,"€ 2,29",,"1 kg = 8,18","1 kg = 8,18",,Nein,Gültig bis 02.05,2026-04-27,2026-05-02,../images/lidl/lidl_offer_320.jpg,"cat_fleisch_wurst,sub_schwein,sub_wurst,tag_proteinreich,tag_ultra_processed",,,ref_000319,obs_0000025973|obs_0000024660|obs_0000012763|obs_0000013967,obs_0000025672|obs_0000025973,,
Delikatess Edelsalami XXL,Dulano,"€ 1,49",,"1 kg = 8,76","1 kg = 8,76",,Nein,Gültig bis 02.05,2026-04-27,2026-05-02,../images/lidl/lidl_offer_321.jpg,"cat_fleisch_wurst,diet_vegetarian,sub_wurst,tag_ultra_processed",,,ref_000320,obs_0000018572|obs_0000025132|obs_0000021282|obs_0000021695|obs_0000020463|obs_0000018611|obs_0000017620|obs_0000023768|obs_0000025973|obs_0000025975|obs_0000025976|obs_0000017968|obs_0000018013|obs_0000024192|obs_0000025073|obs_0000009567|obs_0000017928|obs_0000010021|obs_0000026567|obs_0000012763|obs_0000027186|obs_0000028305|obs_0000005598|obs_0000013967,obs_0000018572|obs_0000025132|obs_0000021282|obs_0000021695|obs_0000009567|obs_0000010021|obs_0000020463,,
Snackis XXL,Dulano,"€ 3,99",,"1 kg = 5,70","1 kg = 5,70",,Nein,Gültig bis 02.05,2026-04-27,2026-05-02,../images/lidl/lidl_offer_322.jpg,"cat_knabbern_naschen,sub_schwein,tag_ultra_processed",,,ref_000321,obs_0000012763|obs_0000013967,obs_0000015452,,
Bayerischer Leberkäse XXL Fein,Dulano,"€ 3,49",,"1 kg = 6,98","1 kg = 6,98",,Nein,Gültig bis 02.05,2026-04-27,2026-05-02,../images/lidl/lidl_offer_323.jpg,"cat_fleisch_wurst,sub_kaese,sub_milchprodukte,sub_schwein,sub_wurst,tag_ultra_processed",,,ref_000322,obs_0000022804|obs_0000011415|obs_0000020887|obs_0000018993|obs_0000025260|obs_0000023788|obs_0000021830|obs_0000020068|obs_0000024209|obs_0000026756|obs_0000000704|obs_0000009121|obs_0000009298|obs_0000031883|obs_0000014106|obs_0000001946|obs_0000027097|obs_0000012763|obs_0000008701|obs_0000027967|obs_0000026147|obs_0000013967,obs_0000022804|obs_0000011415,,
Delikatess Hähnchenbrust XXL,Dulano,"€ 1,59",,"1 kg = 13,25","1 kg = 13,25",,Nein,Gültig bis 02.05,2026-04-27,2026-05-02,../images/lidl/lidl_offer_324.jpg,"cat_fleisch_wurst,diet_lactose_free,sub_gefluegel,tag_high_protein,tag_proteinreich,tag_ultra_processed",,,ref_000323,obs_0000017968|obs_0000024652|obs_0000025321|obs_0000023799|obs_0000024225|obs_0000022638|obs_0000018572|obs_0000018611|obs_0000025132|obs_0000017620|obs_0000023768|obs_0000025973|obs_0000025975|obs_0000025976|obs_0000018013|obs_0000024192|obs_0000009567|obs_0000013712|obs_0000010021|obs_0000026567|obs_0000012763|obs_0000019628|obs_0000007426|obs_0000013967,obs_0000024652|obs_0000025321|obs_0000023799|obs_0000017968|obs_0000024225,,
Mandeln XXL,Alesto,"€ 5,49",,"1 kg = 10,98","1 kg = 10,98",,Nein,Gültig bis 02.05,2026-04-27,2026-05-02,../images/lidl/lidl_offer_325.jpg,"cat_knabbern_naschen,diet_gluten_free,diet_lactose_free,diet_vegan,diet_vegetarian,tag_ultra_processed,tag_whole_food",,BLS-Q190000,ref_000324,obs_0000024621|obs_0000021239|obs_0000025444|obs_0000020420|obs_0000018682|obs_0000017392|obs_0000014583|obs_0000012763|obs_0000027112|obs_0000021040|obs_0000031300|obs_0000027212|obs_0000025245|obs_0000002977|obs_0000017648|obs_0000003526|obs_0000020006|obs_0000026220|obs_0000013967|obs_0000026330|obs_0000020221|obs_0000001855|obs_0000010075|obs_0000001886|obs_0000022429|obs_0000018338,,,
Walnusskerne XXL,Alesto,"€ 4,99",,"1 kg = 9,98","1 kg = 9,98",,Nein,Gültig bis 02.05,2026-04-27,2026-05-02,../images/lidl/lidl_offer_326.jpg,"cat_knabbern_naschen,diet_gluten_free,diet_lactose_free,diet_vegan,diet_vegetarian,tag_ultra_processed,tag_whole_food",,,ref_000325,obs_0000011948|obs_0000018330|obs_0000018578|obs_0000003620|obs_0000014358|obs_0000014590|obs_0000006488|obs_0000012763|obs_0000027281|obs_0000000904|obs_0000009666|obs_0000026065|obs_0000026184|obs_0000013967|obs_0000001756|obs_0000026546|obs_0000010176,obs_0000011948,,
Selection Cashewkerne XXL,Alesto,"€ 5,49",,"1 kg = 10,98","1 kg = 10,98",,Nein,Gültig bis 02.05,2026-04-27,2026-05-02,../images/lidl/lidl_offer_327.jpg,"cat_knabbern_naschen,diet_gluten_free,diet_lactose_free,diet_vegan,diet_vegetarian,tag_whole_food",,,ref_000326,obs_0000017933|obs_0000020770|obs_0000019430|obs_0000025645|obs_0000021589|obs_0000023680|obs_0000023729|obs_0000017937|obs_0000024160|obs_0000022497|obs_0000024621|obs_0000021239|obs_0000025444|obs_0000018330|obs_0000020420|obs_0000009587|obs_0000011800|obs_0000010037|obs_0000019047|obs_0000023783|obs_0000024203|obs_0000003559|obs_0000035020|obs_0000004333|obs_0000000269|obs_0000008514|obs_0000022988|obs_0000016848|obs_0000010715|obs_0000012763|obs_0000004760|obs_0000019120|obs_0000003123|obs_0000031828|obs_0000011580|obs_0000026027|obs_0000001471|obs_0000013967|obs_0000003906|obs_0000014187|obs_0000008174,obs_0000019430|obs_0000023680|obs_0000023729|obs_0000017933|obs_0000024160|obs_0000022497,,
Pistazien XXL,Alesto,"€ 5,29",,"1 kg = 10,58","1 kg = 10,58",,Nein,Gültig bis 02.05,2026-04-27,2026-05-02,../images/lidl/lidl_offer_328.jpg,"cat_grundnahrung,diet_vegetarian,tag_ultra_processed",,BLS-H250100,ref_000327,obs_0000027176|obs_0000018770|obs_0000023603|obs_0000017777|obs_0000011959|obs_0000004160|obs_0000000433|obs_0000012763|obs_0000004587|obs_0000005014|obs_0000013967|obs_0000001787,obs_0000027176,,
Selection Nuts Royal XXL,Alesto,"€ 5,99",,"1 kg = 11,98","1 kg = 11,98",,Nein,Gültig bis 02.05,2026-04-27,2026-05-02,../images/lidl/lidl_offer_329.jpg,"cat_getraenke,tag_ultra_processed",,,ref_000328,obs_0000018841|obs_0000025016|obs_0000017514|obs_0000018332|obs_0000016419|obs_0000022957|obs_0000017044|obs_0000010716|obs_0000015249|obs_0000013805|obs_0000010135|obs_0000035020|obs_0000022988|obs_0000016848|obs_0000012763|obs_0000031828|obs_0000011580|obs_0000026027|obs_0000013967,obs_0000016419|obs_0000018841|obs_0000022957|obs_0000025016|obs_0000017044|obs_0000017514|obs_0000018332,,
Cashewkerne XXL,Alesto,"€ 2,99",,"1 kg = 11,96","1 kg = 11,96",,Nein,Gültig bis 02.05,2026-04-27,2026-05-02,../images/lidl/lidl_offer_330.jpg,"cat_knabbern_naschen,diet_gluten_free,diet_lactose_free,diet_vegan,diet_vegetarian,tag_whole_food",,BLS-H170100,ref_000329,obs_0000020770|obs_0000025645|obs_0000021589|obs_0000017937|obs_0000009587|obs_0000011800|obs_0000010037|obs_0000017933|obs_0000019047|obs_0000023783|obs_0000024203|obs_0000003559|obs_0000004333|obs_0000000269|obs_0000008514|obs_0000010715|obs_0000012763|obs_0000004760|obs_0000019120|obs_0000003123|obs_0000001471|obs_0000013967|obs_0000003906|obs_0000014187|obs_0000008174,obs_0000020770|obs_0000019047|obs_0000025645|obs_0000021589|obs_0000023783|obs_0000009587|obs_0000017937|obs_0000011800|obs_0000024203|obs_0000010037,,
Weißkäse in Salzlake XXL,Milbona,"€ 8,49",,"1 kg = 7,08","1 kg = 7,08",,Nein,Gültig bis 02.05,2026-04-27,2026-05-02,../images/lidl/lidl_offer_331.jpg,"cat_molkerei_kaese,diet_vegetarian,sub_kaese,sub_milchprodukte,sub_sahne_creme",,,ref_000330,obs_0000018604|obs_0000018483|obs_0000019319|obs_0000022010|obs_0000024720|obs_0000024949|obs_0000019623|obs_0000020771|obs_0000012763|obs_0000021590|obs_0000013967,obs_0000018483|obs_0000018604|obs_0000019319|obs_0000022010,,
Kondensmilch XXL,Milbona,"€ 0,79",,"1 kg = 1,58","1 kg = 1,58",,Nein,Gültig bis 02.05,2026-04-27,2026-05-02,../images/lidl/lidl_offer_332.jpg,"cat_molkerei_kaese,diet_vegetarian,sub_milchprodukte",,,ref_000331,obs_0000017740|obs_0000018316|obs_0000018712|obs_0000009258|obs_0000009726|obs_0000017037|obs_0000017111|obs_0000017189|obs_0000025429|obs_0000020697|obs_0000021516|obs_0000008676|obs_0000001734|obs_0000001735|obs_0000001736|obs_0000003585|obs_0000012763|obs_0000013967,obs_0000017037|obs_0000017111|obs_0000017189|obs_0000025429|obs_0000009258|obs_0000017740|obs_0000009726|obs_0000018316|obs_0000018712|obs_0000020697|obs_0000021516,,
Joghurt Griechischer Art XXL,Milbona,"€ 2,15",,"1 kg = 1,95","1 kg = 1,95",,Nein,Gültig bis 02.05,2026-04-27,2026-05-02,../images/lidl/lidl_offer_333.jpg,"cat_molkerei_kaese,diet_vegetarian,sub_joghurt_skyr_quark,sub_milchprodukte",,,ref_000332,obs_0000017207|obs_0000023033|obs_0000017296|obs_0000008312|obs_0000034370|obs_0000002086|obs_0000027991|obs_0000031517|obs_0000020355|obs_0000021174|obs_0000021915|obs_0000006103|obs_0000025171|obs_0000017127|obs_0000025392|obs_0000019794|obs_0000020687|obs_0000020689|obs_0000021506|obs_0000021508|obs_0000023030|obs_0000008703|obs_0000033696|obs_0000009180|obs_0000025811|obs_0000009663|obs_0000034580|obs_0000026710|obs_0000028966|obs_0000012763|obs_0000013967|obs_0000023284|obs_0000015673,obs_0000017207|obs_0000023033,,
Natives Olivenöl Extra XXL,PRIMADONNA,"€ 9,99",,"1 l = 6,66","1 l = 6,66",,Nein,Gültig bis 02.05,2026-04-27,2026-05-02,../images/lidl/lidl_offer_334.jpg,"cat_grundnahrung,diet_gluten_free,diet_lactose_free,diet_vegan,diet_vegetarian",,,ref_000333,obs_0000018248|obs_0000012351|obs_0000000095|obs_0000028880|obs_0000025043|obs_0000020986|obs_0000000536|obs_0000014985|obs_0000021137|obs_0000011075|obs_0000025631|obs_0000021940|obs_0000013794|obs_0000015852|obs_0000020167|obs_0000022319|obs_0000020318|obs_0000014304|obs_0000018480|obs_0000028869|obs_0000028952|obs_0000002495|obs_0000018950|obs_0000008793|obs_0000033698|obs_0000005177|obs_0000001216|obs_0000003325|obs_0000018461|obs_0000027421|obs_0000007186|obs_0000005365|obs_0000019705|obs_0000021993|obs_0000002069|obs_0000014367|obs_0000012446|obs_0000012763|obs_0000015088|obs_0000002836|obs_0000019269|obs_0000013180|obs_0000011361|obs_0000015501|obs_0000009444|obs_0000013624|obs_0000011593|obs_0000001438|obs_0000013967|obs_0000009909,obs_0000012351|obs_0000000095|obs_0000028880|obs_0000025043|obs_0000020986|obs_0000000536|obs_0000014985|obs_0000021137|obs_0000011075|obs_0000025631|obs_0000021940|obs_0000013794|obs_0000015852|obs_0000020167|obs_0000022319|obs_0000018248|obs_0000020318|obs_0000014304,,
Kashkaval XXL,Milbona,"€ 8,79",,"1 kg = 5,86","1 kg = 5,86",,Nein,Gültig bis 02.05,2026-04-27,2026-05-02,../images/lidl/lidl_offer_335.jpg,"cat_molkerei_kaese,diet_vegetarian,sub_milchprodukte,sub_sahne_creme",,,ref_000334,obs_0000012763|obs_0000013967,,,
Latte Macchiato Kaffeegetränk XXL,Milbona,"€ 0,99",,"1 l = 2,61","1 l = 2,61",,Nein,Gültig bis 02.05,2026-04-27,2026-05-02,../images/lidl/lidl_offer_336.jpg,"cat_molkerei_kaese,diet_vegetarian,sub_milchprodukte,tag_ultra_processed",,,ref_000335,obs_0000025471|obs_0000020675|obs_0000021494|obs_0000021777|obs_0000018376|obs_0000022489|obs_0000012763|obs_0000013967,,,
KONG STRONG Energy Drink XXL,KONG STRONG Energy Drink XXL,"€ 0,49",,"1 l = 0,98","1 l = 0,98",,Nein,Gültig bis 02.05,2026-04-27,2026-05-02,../images/lidl/lidl_offer_337.jpg,"cat_getraenke,tag_ultra_processed",,,ref_000336,obs_0000026014|obs_0000017647|obs_0000009971|obs_0000009510|obs_0000017916|obs_0000010758|obs_0000022027|obs_0000028180|obs_0000016414|obs_0000020512|obs_0000026684|obs_0000021058|obs_0000011333|obs_0000024154|obs_0000011355|obs_0000002158|obs_0000026742|obs_0000018063|obs_0000031887|obs_0000017046|obs_0000025242|obs_0000002214|obs_0000013993|obs_0000027310|obs_0000023733|obs_0000000193|obs_0000004816|obs_0000033497|obs_0000027877|obs_0000026353|obs_0000019186|obs_0000008960|obs_0000025348|obs_0000023301|obs_0000026886|obs_0000020239|obs_0000018194|obs_0000004389|obs_0000028455|obs_0000024876|obs_0000013614|obs_0000000304|obs_0000034110|obs_0000010050|obs_0000014658|obs_0000022864|obs_0000021331|obs_0000021846|obs_0000018775|obs_0000028526,obs_0000026014,,
Gouda Jung XXL,Milbona,"€ 5,49",,"pro Einheit = 5,49","pro Einheit = 5,49",,Nein,Gültig bis 02.05,2026-04-27,2026-05-02,../images/lidl/lidl_offer_338.jpg,"cat_molkerei_kaese,diet_vegetarian,sub_kaese,sub_milchprodukte,sub_sahne_creme",,NUTR-0007,ref_000337,obs_0000018601|obs_0000016539|obs_0000025639|obs_0000025747|obs_0000020553|obs_0000021372|obs_0000022530|obs_0000022909|obs_0000023805|obs_0000024231|obs_0000019353|obs_0000010903|obs_0000028008|obs_0000003561|obs_0000028238|obs_0000011889|obs_0000028336|obs_0000028452|obs_0000012327|obs_0000015259|obs_0000028324|obs_0000032357|obs_0000034978|obs_0000028379|obs_0000012763|obs_0000013967,obs_0000016539|obs_0000025639|obs_0000025747|obs_0000018601|obs_0000020553|obs_0000021372|obs_0000022530|obs_0000022909|obs_0000023805|obs_0000024231,,
haltbare Schlagsahne XXL,Milbona,"€ 1,79",,"1 kg = 3,58","1 kg = 3,58",,Nein,Gültig bis 02.05,2026-04-27,2026-05-02,../images/lidl/lidl_offer_339.jpg,"cat_molkerei_kaese,diet_vegetarian,sub_fleischersatz,sub_milchprodukte,sub_sahne_creme,sub_tk_gemuese,tag_high_protein",,,ref_000338,obs_0000024616|obs_0000025045|obs_0000017358|obs_0000018785|obs_0000019830|obs_0000020624|obs_0000021443|obs_0000009377|obs_0000009836|obs_0000000427|obs_0000003401|obs_0000011795|obs_0000004149|obs_0000004576|obs_0000005003|obs_0000013680|obs_0000019729|obs_0000023025|obs_0000017188|obs_0000033692|obs_0000001048|obs_0000033987|obs_0000001268|obs_0000025846|obs_0000001322|obs_0000001651|obs_0000001793|obs_0000001826|obs_0000001840|obs_0000001856|obs_0000001899|obs_0000034786|obs_0000034973|obs_0000002266|obs_0000027295|obs_0000011466|obs_0000027873|obs_0000012763|obs_0000012796|obs_0000013967|obs_0000016126,obs_0000024616|obs_0000025045|obs_0000017358|obs_0000009377|obs_0000009836|obs_0000018785|obs_0000019830|obs_0000011795|obs_0000020624|obs_0000021443|obs_0000013680,,
Mozzarella XXL,Milbona,"€ 3,15",,"1 kg = 6,30","1 kg = 6,30",,Nein,Gültig bis 02.05,2026-04-27,2026-05-02,../images/lidl/lidl_offer_340.jpg,"cat_molkerei_kaese,diet_vegetarian,sub_kaese,sub_milchprodukte,sub_sahne_creme",,,ref_000339,obs_0000025413|obs_0000018512|obs_0000018599|obs_0000009408|obs_0000009868|obs_0000011891|obs_0000017736|obs_0000018709|obs_0000018031|obs_0000018430|obs_0000022241|obs_0000022394|obs_0000022609|obs_0000023806|obs_0000024234|obs_0000016326|obs_0000028023|obs_0000003678|obs_0000024894|obs_0000000816|obs_0000009077|obs_0000033882|obs_0000001647|obs_0000018366|obs_0000011043|obs_0000027551|obs_0000027613|obs_0000003623|obs_0000012763|obs_0000013967|obs_0000022485|obs_0000023202,obs_0000025413|obs_0000009408|obs_0000018031|obs_0000009868|obs_0000018430|obs_0000018512|obs_0000018599|obs_0000011891|obs_0000022241|obs_0000022394|obs_0000022609|obs_0000023806|obs_0000024234|obs_0000016326,,
XXL-Basilikum im Topf,XXL-Basilikum im Topf,"€ 1,59",,"pro Einheit = 1,99","pro Einheit = 1,99",,Nein,Gültig bis 02.05,2026-04-27,2026-05-02,../images/lidl/lidl_offer_341.jpg,cat_non_food,,,ref_000340,obs_0000008013|obs_0000012763|obs_0000013967,,,
Paprika Mix,Paprika Mix,"€ 2,49",,"pro Einheit = 2,49","pro Einheit = 2,49",,Nein,Gültig bis 02.05,2026-04-27,2026-05-02,../images/lidl/lidl_offer_342.jpg,"cat_obst_gemuese,diet_gluten_free,diet_lactose_free,diet_vegan,diet_vegetarian,sub_frisches_gemuese,tag_ultra_processed,tag_whole_food",,,ref_000341,obs_0000024866|obs_0000027664|obs_0000006271|obs_0000021669|obs_0000018323|obs_0000028054|obs_0000027101|obs_0000016870|obs_0000027408|obs_0000024700|obs_0000007518|obs_0000007530,obs_0000027664|obs_0000006271|obs_0000021669|obs_0000024866|obs_0000018323|obs_0000028054|obs_0000027101|obs_0000016870,,
Heidelbeeren,Heidelbeeren,"€ 3,59",,"1 kg = 8,98","1 kg = 8,98",,Nein,Gültig bis 02.05,2026-04-27,2026-05-02,../images/lidl/lidl_offer_343.jpg,"cat_obst_gemuese,diet_gluten_free,diet_lactose_free,diet_vegan,diet_vegetarian,sub_frisches_obst,tag_whole_food",,BLS-F304100,ref_000342,obs_0000033682|obs_0000000695|obs_0000034122|obs_0000000880|obs_0000033918|obs_0000002819|obs_0000026376|obs_0000032523|obs_0000027788|obs_0000003088|obs_0000025384|obs_0000025769|obs_0000031149|obs_0000007729|obs_0000000051|obs_0000030262|obs_0000003000|obs_0000016699|obs_0000032326|obs_0000019143|obs_0000026698|obs_0000029138|obs_0000030560|obs_0000028260|obs_0000001513|obs_0000027502|obs_0000034918|obs_0000006409|obs_0000030472|obs_0000034319|obs_0000030138|obs_0000030919|obs_0000022353|obs_0000005509|obs_0000005525|obs_0000005120|obs_0000006958|obs_0000005692|obs_0000007128|obs_0000007143|obs_0000005713|obs_0000005894,obs_0000002819|obs_0000026376|obs_0000032523|obs_0000027788|obs_0000003088|obs_0000033682|obs_0000025384|obs_0000025769|obs_0000031149|obs_0000007729|obs_0000000051|obs_0000030262|obs_0000000695|obs_0000003000|obs_0000016699|obs_0000032326|obs_0000019143|obs_0000026698|obs_0000034122|obs_0000029138|obs_0000030560|obs_0000028260|obs_0000001513|obs_0000027502|obs_0000000880|obs_0000033918|obs_0000034918,,
Avocado lose,Avocado lose,"€ 0,99",,"pro Einheit = 0,99","pro Einheit = 0,99",,Nein,Gültig bis 02.05,2026-04-27,2026-05-02,../images/lidl/lidl_offer_344.jpg,"cat_obst_gemuese,diet_gluten_free,diet_lactose_free,diet_vegan,diet_vegetarian,sub_frisches_gemuese,tag_whole_food",,BLS-F502100,ref_000343,obs_0000024863|obs_0000025778|obs_0000029201|obs_0000008728|obs_0000011817|obs_0000000058|obs_0000014440|obs_0000011409|obs_0000020117|obs_0000000694|obs_0000027854|obs_0000034516|obs_0000014073|obs_0000017166|obs_0000001305|obs_0000034105|obs_0000018748|obs_0000013139|obs_0000030562|obs_0000027541|obs_0000029123|obs_0000012744|obs_0000020936|obs_0000012255,obs_0000025778|obs_0000024863,,
Wachtelbrüste,Nestler,"€ 4,49",,"1 kg = 22,45","1 kg = 22,45",,Nein,Gültig bis 02.05,2026-04-27,2026-05-02,../images/lidl/lidl_offer_345.jpg,"cat_non_food,diet_vegetarian,tag_ultra_processed",,,ref_000344,obs_0000019411|obs_0000022860|obs_0000017728|obs_0000016360,obs_0000019411|obs_0000022860|obs_0000017728|obs_0000016360,,
Hähnchen-Medaillonspiesse,GRILLMEISTER,"€ 4,49",,"1 kg = 11,23","1 kg = 11,23",,Nein,Gültig bis 02.05,2026-04-27,2026-05-02,,"cat_fleisch_wurst,sub_gefluegel,tag_proteinreich",,,ref_000345,,,,x
Junges Hühnchen,SAGRA,"€ 3,33",,"1 kg = 6,66","1 kg = 6,66",,Nein,Gültig bis 02.05,2026-04-27,2026-05-02,../images/lidl/lidl_offer_347.jpg,"cat_fleisch_wurst,sub_gefluegel,tag_ultra_processed",,,ref_000346,,,,
Schweine-Sommersteaks,GRILLMEISTER,"€ 6,99",,"pro Einheit = 6,99","pro Einheit = 6,99",,Nein,Gültig bis 02.05,2026-04-27,2026-05-02,../images/lidl/lidl_offer_348.jpg,"cat_fleisch_wurst,sub_schwein",,BLS-U532100,ref_000347,,,,x
Frische Kalbs-Medaillons,Metzgerfrisch Premium,"€ 5,99",,"1 kg = 24,96","1 kg = 24,96",,Nein,Gültig bis 02.05,2026-04-27,2026-05-02,../images/lidl/lidl_offer_349.jpg,"cat_fleisch_wurst,sub_rind,sub_schwein,tag_high_protein,tag_proteinreich",,,ref_000348,obs_0000030275,,,
Hähnchen-Griller,GRILLMEISTER,"€ 2,49",,"1 kg = 8,30","1 kg = 8,30",,Nein,Gültig bis 02.05,2026-04-27,2026-05-02,../images/lidl/lidl_offer_350.jpg,"cat_fleisch_wurst,sub_gefluegel,tag_proteinreich",,BLS-V634100,ref_000349,,,,x
Belly Pork Ribs,GRILLMEISTER,"€ 5,99",,"pro Einheit = 5,99","pro Einheit = 5,99",,Nein,Gültig bis 02.05,2026-04-27,2026-05-02,../images/lidl/lidl_offer_351.jpg,"cat_non_food,tag_ultra_processed",,,ref_000350,,,,
ASC Norwegische Lachsforellenseite,Fischerstolz,"€ 11,98",,"1 kg = 14,99","1 kg = 14,99",,Nein,Gültig bis 02.05,2026-04-27,2026-05-02,../images/lidl/lidl_offer_352.jpg,"cat_fisch_meeresfruechte,tag_high_protein,tag_proteinreich",,,ref_000351,obs_0000022564|obs_0000021723|obs_0000021259|obs_0000019766|obs_0000016323|obs_0000020440,obs_0000022564,,
Rinder-Keulensteaks,Metzgerfrisch,"€ 12,99",,"1 kg = 16,24","1 kg = 16,24",,Nein,Gültig bis 02.05,2026-04-27,2026-05-02,../images/lidl/lidl_offer_353.jpg,"cat_fleisch_wurst,sub_gefluegel,sub_hackfleisch,sub_rind,sub_schwein,tag_proteinreich",,,ref_000352,obs_0000019021|obs_0000018237,obs_0000019021|obs_0000018237,,
Premium Protection XXL Pack,Pampers,"€ 25,24",,"pro Einheit = 40,99","pro Einheit = 40,99",,Nein,Gültig bis 02.05,2026-04-27,2026-05-02,../images/lidl/lidl_offer_354.jpg,"cat_non_food,tag_high_protein,tag_proteinreich,tag_ultra_processed",,,ref_000353,obs_0000011595|obs_0000012763|obs_0000013830|obs_0000013967,,,
Smarties Minis,Nestlé,"€ 1,99",,"pro Einheit = 3,79","pro Einheit = 3,79",,Nein,Gültig bis 02.05,2026-04-27,2026-05-02,../images/lidl/lidl_offer_355.jpg,"cat_knabbern_naschen,diet_vegetarian,tag_ultra_processed",,,ref_000354,obs_0000027681|obs_0000033009|obs_0000018319|obs_0000010045|obs_0000009594|obs_0000025627|obs_0000025800|obs_0000024884|obs_0000016191|obs_0000012665|obs_0000019413|obs_0000022527|obs_0000019480|obs_0000015901|obs_0000013891|obs_0000019541|obs_0000012394|obs_0000011381|obs_0000015030|obs_0000016128|obs_0000011085|obs_0000022992|obs_0000013779|obs_0000013309,obs_0000027681|obs_0000033009|obs_0000010045|obs_0000009594|obs_0000018319,,x
Knoblauch Brot XXL,Meggle,"€ 1,49",,"pro Einheit = 2,79","pro Einheit = 2,79",,Nein,Gültig bis 02.05,2026-04-27,2026-05-02,../images/lidl/lidl_offer_356.jpg,"cat_grundnahrung,diet_vegetarian,sub_milchprodukte",,BLS-G490100,ref_000355,obs_0000024888|obs_0000025972|obs_0000012763|obs_0000031626|obs_0000013967|obs_0000026282|obs_0000030436|obs_0000032494,obs_0000008700,,
Haltbare Milch 3 5 Fett,Bärenmarke,"€ 0,95",,"pro Einheit = 1,49","pro Einheit = 1,49",,Nein,Gültig bis 02.05,2026-04-27,2026-05-02,../images/lidl/lidl_offer_357.jpg,"cat_molkerei_kaese,diet_vegetarian,sub_fleischersatz,sub_milchprodukte,sub_tk_gemuese,tag_high_protein",,,ref_000356,obs_0000014372|obs_0000010924|obs_0000033979|obs_0000004105|obs_0000018655|obs_0000017120|obs_0000016208|obs_0000004959|obs_0000000398|obs_0000004532|obs_0000022969|obs_0000021992|obs_0000020007|obs_0000024615|obs_0000025642|obs_0000024153|obs_0000025740|obs_0000023736|obs_0000021248|obs_0000003359|obs_0000001831|obs_0000002386|obs_0000010141|obs_0000033695|obs_0000020429|obs_0000016892|obs_0000007169|obs_0000022533|obs_0000023628|obs_0000032344|obs_0000005727|obs_0000001632|obs_0000017142|obs_0000019205|obs_0000029468|obs_0000017221|obs_0000006982|obs_0000032089|obs_0000005531|obs_0000030114|obs_0000015798|obs_0000028092|obs_0000022513|obs_0000003614|obs_0000026178|obs_0000000796,obs_0000014372|obs_0000010924|obs_0000033979|obs_0000015798,,
Waschmittel Pulver,Dash,"€ 8,49",,"pro Einheit = 14,49","pro Einheit = 14,49",,Nein,Gültig bis 02.05,2026-04-27,2026-05-02,../images/lidl/lidl_offer_358.jpg,cat_drogerie,,,ref_000357,obs_0000032848|obs_0000033136|obs_0000034253|obs_0000019384|obs_0000027175|obs_0000018449|obs_0000034866|obs_0000027703|obs_0000012875|obs_0000016462|obs_0000023646|obs_0000024174|obs_0000018542|obs_0000019568|obs_0000013946|obs_0000025217|obs_0000026760|obs_0000021665|obs_0000033445|obs_0000012454|obs_0000002728|obs_0000023748|obs_0000023244|obs_0000025812|obs_0000018152|obs_0000017654|obs_0000015109|obs_0000033069|obs_0000022331|obs_0000022340|obs_0000018794|obs_0000020846|obs_0000019827|obs_0000022410|obs_0000012181|obs_0000003486|obs_0000017352|obs_0000026568|obs_0000022520|obs_0000025598|obs_0000007921,obs_0000028748|obs_0000032848|obs_0000033136|obs_0000034253,,
Auswahl,Whiskas,"€ 19,95",,"pro Einheit = 35,99","pro Einheit = 35,99",,Nein,Gültig bis 02.05,2026-04-27,2026-05-02,../images/lidl/lidl_offer_359.jpg,"cat_getraenke,diet_vegetarian",,,ref_000358,obs_0000019351|obs_0000018382|obs_0000031894|obs_0000031378|obs_0000030369|obs_0000032288,obs_0000019351|obs_0000018382,,
3in1 Duschgel,AXE,"€ 6,49",,"pro Einheit = 7,79","pro Einheit = 7,79",,Nein,Gültig bis 02.05,2026-04-27,2026-05-02,../images/lidl/lidl_offer_360.jpg,"cat_drogerie,tag_ultra_processed",,,ref_000359,obs_0000017459|obs_0000009054|obs_0000009690|obs_0000009211|obs_0000011788|obs_0000015972|obs_0000031850|obs_0000008329|obs_0000015523|obs_0000026290|obs_0000031924|obs_0000026347|obs_0000028939|obs_0000035065|obs_0000013602|obs_0000028963|obs_0000014682|obs_0000011624|obs_0000013165|obs_0000026494|obs_0000011174|obs_0000015524|obs_0000011175,,,
Brotaufstrich,Popp,"€ 1,19",,"pro Einheit = 1,89","pro Einheit = 1,89",,Nein,Gültig bis 02.05,2026-04-27,2026-05-02,../images/lidl/lidl_offer_361.jpg,"cat_sonstiges,diet_vegan,diet_vegetarian,sub_huelsenfruechte",,BLS-S131100,ref_000360,obs_0000034334|obs_0000034763|obs_0000018403|obs_0000010497|obs_0000008458|obs_0000010510|obs_0000015391|obs_0000012207|obs_0000031930|obs_0000013124|obs_0000031182|obs_0000023659|obs_0000014956|obs_0000013042|obs_0000013999|obs_0000010939|obs_0000008542|obs_0000018920|obs_0000013818|obs_0000009622|obs_0000014255|obs_0000008633|obs_0000032207|obs_0000030806|obs_0000019544|obs_0000030811|obs_0000034274|obs_0000011500|obs_0000029804|obs_0000007196|obs_0000019379|obs_0000006143|obs_0000007745|obs_0000014568|obs_0000034818|obs_0000029842|obs_0000005571|obs_0000006122|obs_0000023016|obs_0000031998,obs_0000010497|obs_0000008458|obs_0000010510|obs_0000023318|obs_0000034334|obs_0000015391|obs_0000012207|obs_0000031930|obs_0000013124|obs_0000034763|obs_0000031182|obs_0000018403|obs_0000023659|obs_0000014956|obs_0000013042,,x
The Pink Stuff Reiniger Toilettenreiniger Gel,STAR DROPS,"€ 1,89",,"pro Einheit = 2,49","pro Einheit = 2,49",,Nein,Gültig bis 02.05,2026-04-27,2026-05-02,../images/lidl/lidl_offer_362.jpg,cat_drogerie,,,ref_000361,obs_0000031762|obs_0000013848|obs_0000013362|obs_0000027202|obs_0000015954|obs_0000024166|obs_0000017601|obs_0000023750|obs_0000010953|obs_0000028357|obs_0000012011|obs_0000026432|obs_0000014189|obs_0000027513|obs_0000025004|obs_0000019901|obs_0000003536|obs_0000018411|obs_0000033271,,,
Ofenkäse,Rougette,"€ 3,99",,"pro Einheit = 5,99","pro Einheit = 5,99",,Nein,Gültig bis 02.05,2026-04-27,2026-05-02,../images/lidl/lidl_offer_363.jpg,"cat_molkerei_kaese,sub_kaese,sub_milchprodukte",,,ref_000362,obs_0000014853|obs_0000034181|obs_0000028959|obs_0000010167|obs_0000003012|obs_0000011472|obs_0000018904|obs_0000027738|obs_0000015708|obs_0000023649|obs_0000019767|obs_0000016206|obs_0000028781|obs_0000006974|obs_0000005717|obs_0000032538|obs_0000029098|obs_0000030802|obs_0000032086|obs_0000029795,obs_0000014853|obs_0000034181|obs_0000028959|obs_0000010167|obs_0000006974|obs_0000003012|obs_0000011472|obs_0000005717|obs_0000018904|obs_0000027738|obs_0000015708|obs_0000023649,,
Riegel,Balisto,"€ 1,99",,"pro Einheit = 2,99","pro Einheit = 2,99",,Nein,Gültig bis 02.05,2026-04-27,2026-05-02,../images/lidl/lidl_offer_364.jpg,"cat_knabbern_naschen,tag_ultra_processed",,,ref_000363,obs_0000011786|obs_0000013851|obs_0000016928|obs_0000033364|obs_0000015457|obs_0000010357|obs_0000017107|obs_0000014601|obs_0000030996|obs_0000025377|obs_0000022867|obs_0000012676|obs_0000016822|obs_0000019932|obs_0000019295|obs_0000033810|obs_0000007700|obs_0000028698|obs_0000018459|obs_0000017974|obs_0000002137|obs_0000033369|obs_0000024180|obs_0000027264|obs_0000029327|obs_0000032428|obs_0000011951|obs_0000020666|obs_0000022204|obs_0000005841|obs_0000023761|obs_0000028376|obs_0000017628|obs_0000021773|obs_0000006926|obs_0000029970|obs_0000019229|obs_0000001320|obs_0000033127|obs_0000032238|obs_0000022422|obs_0000002974|obs_0000028578|obs_0000011177|obs_0000022958|obs_0000019427|obs_0000021485|obs_0000003586|obs_0000001097|obs_0000024158,obs_0000011786|obs_0000013851|obs_0000016928|obs_0000033364|obs_0000015457|obs_0000010357|obs_0000017107|obs_0000014601|obs_0000030996|obs_0000025377|obs_0000022867|obs_0000012676|obs_0000016822|obs_0000019932,,
Schlemmersaucen,WERDER,"€ 1,39",,"pro Einheit = 1,79","pro Einheit = 1,79",,Nein,Gültig bis 02.05,2026-04-27,2026-05-02,../images/lidl/lidl_offer_365.jpg,"cat_grundnahrung,tag_ultra_processed",,,ref_000364,,,,
Backofen Pfannen Fisch,Frosta,"€ 2,79",,"pro Einheit = 3,99","pro Einheit = 3,99",,Nein,Gültig bis 02.05,2026-04-27,2026-05-02,../images/lidl/lidl_offer_366.jpg,"cat_fisch_meeresfruechte,sub_tk_fertiggerichte,tag_ultra_processed",,,ref_000365,,,,
Kalinka Kefir,Müller,"€ 0,88",,"pro Einheit = 1,29","pro Einheit = 1,29",,Nein,Gültig bis 02.05,2026-04-27,2026-05-02,../images/lidl/lidl_offer_367.jpg,"cat_molkerei_kaese,diet_vegetarian,sub_joghurt_skyr_quark,sub_milchprodukte,tag_ultra_processed",,,ref_000366,obs_0000024487|obs_0000024063|obs_0000026129|obs_0000017461|obs_0000010395|obs_0000026792|obs_0000002679|obs_0000029118|obs_0000011046,obs_0000024487|obs_0000029118|obs_0000024063,,
Flüssigwaschmittel Nordseebrise,Lenor,"€ 5,49",,"pro Einheit = 6,49","pro Einheit = 6,49",,Nein,Gültig bis 02.05,2026-04-27,2026-05-02,../images/lidl/lidl_offer_368.jpg,cat_drogerie,,,ref_000367,obs_0000002581|obs_0000001316|obs_0000034485|obs_0000002125|obs_0000002941,,,
Reines Rapsöl,Vita D Or,"€ 1,35",,"pro Einheit = 1,59","pro Einheit = 1,59",,Nein,Gültig bis 02.05,2026-04-27,2026-05-02,../images/lidl/lidl_offer_369.jpg,"cat_grundnahrung,diet_gluten_free,diet_lactose_free,diet_vegan,diet_vegetarian",,,ref_000368,obs_0000025803|obs_0000018648|obs_0000014022|obs_0000019704|obs_0000007180|obs_0000012837|obs_0000015413|obs_0000030938|obs_0000027868|obs_0000028391|obs_0000006126,obs_0000014022|obs_0000025803|obs_0000018648,,
Zottarella Minis,Zott,"€ 1,79",,"pro Einheit = 2,29","pro Einheit = 2,29",,Nein,Gültig bis 02.05,2026-04-27,2026-05-02,../images/lidl/lidl_offer_370.jpg,"cat_molkerei_kaese,diet_lactose_free,diet_vegan,diet_vegetarian,sub_milchprodukte,sub_sahne_creme,tag_ultra_processed",,,ref_000369,obs_0000019347|obs_0000019480|obs_0000015901|obs_0000025627|obs_0000019541|obs_0000012394|obs_0000025800|obs_0000024884|obs_0000016191|obs_0000011085|obs_0000022992|obs_0000013779|obs_0000013309|obs_0000022527,obs_0000011796,,
Epic Fresh Bodyspray XXL,AXE,"€ 4,49",,"pro Einheit = 5,99","pro Einheit = 5,99",,Nein,Gültig bis 02.05,2026-04-27,2026-05-02,../images/lidl/lidl_offer_371.jpg,cat_drogerie,,,ref_000370,obs_0000032873|obs_0000026738|obs_0000028961|obs_0000034660|obs_0000012763|obs_0000013967,,,
Jamaica Rum Knusperstück,Ritter Sport,"€ 2,99",,"pro Einheit = 4,29","pro Einheit = 4,29",,Nein,Gültig bis 02.05,2026-04-27,2026-05-02,../images/lidl/lidl_offer_372.jpg,"cat_knabbern_naschen,diet_vegetarian,tag_ultra_processed",,,ref_000371,obs_0000016201|obs_0000019924|obs_0000017633|obs_0000006555|obs_0000025003|obs_0000027570,,,
Dippi,Kiri,"€ 2,89",,"pro Einheit = 3,99","pro Einheit = 3,99",,Nein,Gültig bis 02.05,2026-04-27,2026-05-02,../images/lidl/lidl_offer_373.jpg,cat_non_food,,,ref_000372,obs_0000008065|obs_0000012803|obs_0000018916|obs_0000021607|obs_0000011473|obs_0000011026|obs_0000020788|obs_0000013592|obs_0000022330|obs_0000029535,obs_0000008065|obs_0000012803|obs_0000018916|obs_0000021607|obs_0000011473|obs_0000011026|obs_0000020788|obs_0000013592|obs_0000022330|obs_0000029535,,
Ziegen-Frischkäse,Der Grüne Altenburger,"€ 2,39",,"pro Einheit = 2,99","pro Einheit = 2,99",,Nein,Gültig bis 02.05,2026-04-27,2026-05-02,../images/lidl/lidl_offer_374.jpg,"cat_molkerei_kaese,sub_kaese,sub_milchprodukte,tag_ultra_processed",,,ref_000373,obs_0000015811|obs_0000000519|obs_0000016946|obs_0000026675|obs_0000017482|obs_0000022604|obs_0000017513|obs_0000018043|obs_0000022149|obs_0000028302|obs_0000025259|obs_0000020143|obs_0000018636|obs_0000022250|obs_0000018668|obs_0000027893|obs_0000019721|obs_0000022312|obs_0000024882|obs_0000010048|obs_0000024407|obs_0000009596|obs_0000002951|obs_0000003481|obs_0000019362|obs_0000023986|obs_0000020962|obs_0000017894,obs_0000010367,,
Men care Duschgel,Dove,"€ 6,49",,"pro Einheit = 7,49","pro Einheit = 7,49",,Nein,Gültig bis 02.05,2026-04-27,2026-05-02,../images/lidl/lidl_offer_375.jpg,cat_drogerie,,,ref_000374,obs_0000012473|obs_0000014679|obs_0000010779|obs_0000010285|obs_0000008783|obs_0000016983|obs_0000012903|obs_0000019061|obs_0000020165|obs_0000026356|obs_0000025353|obs_0000014251|obs_0000020984|obs_0000011788|obs_0000017459|obs_0000015972|obs_0000031850|obs_0000008329|obs_0000015523|obs_0000026290|obs_0000031924|obs_0000026347|obs_0000028939|obs_0000035065|obs_0000013602|obs_0000028963|obs_0000014682|obs_0000009054|obs_0000011624|obs_0000013165|obs_0000026494|obs_0000011174,,,
Magnum Mini,Langnese,"€ 4,44",,"pro Einheit = 5,49","pro Einheit = 5,49",,Nein,Gültig bis 02.05,2026-04-27,2026-05-02,../images/lidl/lidl_offer_376.jpg,"cat_tiefkuehl,diet_vegetarian,sub_tk_eis,tag_ultra_processed",,,ref_000375,obs_0000024683|obs_0000020800|obs_0000015273|obs_0000021619|obs_0000011489|obs_0000024079|obs_0000010096|obs_0000024496|obs_0000022474|obs_0000012328|obs_0000006379|obs_0000010932|obs_0000017530|obs_0000026024|obs_0000018128|obs_0000016216|obs_0000031169|obs_0000029342|obs_0000031991|obs_0000030846,,,
Monte XXL,ZOTT,"€ 2,99",,"pro Einheit = 3,69","pro Einheit = 3,69",,Nein,Gültig bis 02.05,2026-04-27,2026-05-02,../images/lidl/lidl_offer_377.jpg,"cat_molkerei_kaese,sub_milchprodukte,sub_sahne_creme,tag_ultra_processed",,,ref_000376,obs_0000012680|obs_0000011038|obs_0000019311|obs_0000009385|obs_0000009846|obs_0000001955|obs_0000012763|obs_0000013967,,,
Feuchttücher Sensitive,Pampers,"€ 8,79",,"pro Einheit = 13,49","pro Einheit = 13,49",,Nein,Gültig bis 02.05,2026-04-27,2026-05-02,../images/lidl/lidl_offer_378.jpg,cat_drogerie,,,ref_000377,obs_0000013188|obs_0000008309|obs_0000019197|obs_0000012889,,,
Smoothie,True Fruits,"€ 2,29",,"pro Einheit = 2,89","pro Einheit = 2,89",,Nein,Gültig bis 02.05,2026-04-27,2026-05-02,../images/lidl/lidl_offer_379.jpg,"cat_getraenke,tag_ultra_processed",,BLS-F034600,ref_000378,obs_0000014395|obs_0000010948|obs_0000013892|obs_0000001630|obs_0000034549|obs_0000012410|obs_0000003462|obs_0000024721|obs_0000002067|obs_0000005025|obs_0000000440|obs_0000009020|obs_0000004171|obs_0000017881|obs_0000004598|obs_0000022009|obs_0000001191|obs_0000024751|obs_0000005275|obs_0000029851|obs_0000031158|obs_0000007096|obs_0000007874|obs_0000028870|obs_0000032617|obs_0000006904|obs_0000012945|obs_0000030870|obs_0000010957|obs_0000029526|obs_0000031958|obs_0000006373|obs_0000006023|obs_0000005464|obs_0000010818,obs_0000003462|obs_0000002829|obs_0000024721|obs_0000002067|obs_0000029851|obs_0000005025|obs_0000000440|obs_0000007096|obs_0000014395|obs_0000009020|obs_0000007874|obs_0000010948|obs_0000013892|obs_0000004171|obs_0000017881|obs_0000001630|obs_0000032617|obs_0000034549|obs_0000004598|obs_0000022009|obs_0000012410,,
Oleanderstamm XL,Oleanderstamm XL,"€ 14,99",,"pro Einheit = 14,99","pro Einheit = 14,99",,Nein,Gültig bis 02.05,2026-04-27,2026-05-02,../images/lidl/lidl_offer_380.jpg,"cat_non_food,tag_ultra_processed",,,ref_000379,,,,
Gartenhortensien,Gartenhortensien,"€ 6,99",,"pro Einheit = 6,99","pro Einheit = 6,99",,Nein,Gültig bis 02.05,2026-04-27,2026-05-02,../images/lidl/lidl_offer_381.jpg,cat_non_food,,,ref_000380,,,,
Tomatenpflanzen,Grandiol,"€ 3,99",,"pro Einheit = 3,99","pro Einheit = 3,99",,Nein,Gültig bis 02.05,2026-04-27,2026-05-02,../images/lidl/lidl_offer_382.jpg,"cat_non_food,diet_gluten_free,diet_lactose_free,diet_vegan,diet_vegetarian,sub_frisches_gemuese,tag_whole_food",,,ref_000381,,,,
Volldünger Blau,Parkside,"€ 3,99",,"1 kg = 1,33","1 kg = 1,33",,Nein,Gültig bis 02.05,2026-04-27,2026-05-02,../images/lidl/lidl_offer_383.jpg,cat_non_food,,,ref_000382,,,,
Gemischter Blumenstrauß,Gemischter Blumenstrauß,"€ 6,99",,"pro Einheit = 6,99","pro Einheit = 6,99",,Nein,Gültig bis 02.05,2026-04-27,2026-05-02,../images/lidl/lidl_offer_384.jpg,cat_non_food,,,ref_000383,,,,
Beet- und Balkonpflanzen,Grandiol,"€ 3,99",,"pro Einheit = 3,99","pro Einheit = 3,99",,Nein,Gültig bis 02.05,2026-04-27,2026-05-02,../images/lidl/lidl_offer_385.jpg,cat_non_food,,,ref_000384,,,,
Große Grünpflanze,Große Grünpflanze,"€ 15,99",,"pro Einheit = 15,99","pro Einheit = 15,99",,Nein,Gültig bis 02.05,2026-04-27,2026-05-02,../images/lidl/lidl_offer_386.jpg,"cat_non_food,diet_vegan,diet_vegetarian",,,ref_000385,obs_0000023673|obs_0000011401|obs_0000011828,obs_0000023673,,
Thunbergia,Thunbergia,"€ 5,99",,"pro Einheit = 5,99","pro Einheit = 5,99",,Nein,Gültig bis 02.05,2026-04-27,2026-05-02,../images/lidl/lidl_offer_387.jpg,"cat_getraenke,tag_ultra_processed",,,ref_000386,,,,
Erdbeerpflanzen,Erdbeerpflanzen,"€ 5,69",,"pro Einheit = 5,69","pro Einheit = 5,69",,Nein,Gültig bis 02.05,2026-04-27,2026-05-02,../images/lidl/lidl_offer_388.jpg,"cat_non_food,diet_lactose_free,diet_vegan,diet_vegetarian",,,ref_000387,obs_0000024526|obs_0000013616,obs_0000024526|obs_0000013616,,
Dipladenia Pyramide,Dipladenia Pyramide,"€ 9,99",,"pro Einheit = 11,99","pro Einheit = 11,99",,Nein,Gültig bis 02.05,2026-04-27,2026-05-02,../images/lidl/lidl_offer_389.jpg,"cat_non_food,tag_ultra_processed",,,ref_000388,obs_0000001593,obs_0000001593,,
Balkon- und Kübelpflanzenerde,Parkside,"€ 4,99",,"1 l = 0,12","1 l = 0,12",,Nein,Gültig bis 02.05,2026-04-27,2026-05-02,../images/lidl/lidl_offer_390.jpg,cat_non_food,,,ref_000389,,,,x
Akku-Schlagbohrschrauber 20 V,Parkside Performance,"€ 39,99",,"pro Einheit = 39,99","pro Einheit = 39,99",,Nein,Gültig bis 02.05,2026-04-27,2026-05-02,../images/lidl/lidl_offer_391.jpg,cat_non_food,,,ref_000390,obs_0000023319|obs_0000023431|obs_0000023058|obs_0000022935|obs_0000000184|obs_0000023061|obs_0000022741|obs_0000024805|obs_0000024831|obs_0000024842|obs_0000023425|obs_0000023426|obs_0000023427|obs_0000023430|obs_0000023433|obs_0000023437|obs_0000023439|obs_0000019542,obs_0000023058|obs_0000023319|obs_0000023431,,x
Thunfisch-Filets Salat,Saupiquet,"€ 3,99",,"pro Einheit = 5,79","pro Einheit = 5,79",,Nein,Gültig bis 02.05,2026-04-27,2026-05-02,../images/lidl/lidl_offer_392.jpg,"cat_fisch_meeresfruechte,sub_salate,tag_ultra_processed",,,ref_000391,obs_0000011810|obs_0000019499|obs_0000031813|obs_0000009827|obs_0000019063|obs_0000020625|obs_0000009368|obs_0000008366|obs_0000022192|obs_0000001218|obs_0000014193|obs_0000021444|obs_0000026575|obs_0000015841|obs_0000034620|obs_0000024173|obs_0000023751|obs_0000025801|obs_0000010669|obs_0000022972|obs_0000013452|obs_0000014147|obs_0000031286|obs_0000029303|obs_0000002838|obs_0000032053|obs_0000032672|obs_0000032675|obs_0000003020|obs_0000013927|obs_0000015656|obs_0000025985,,,
Froop Erdbeere,Müller,"€ 0,35",,"pro Einheit = 0,79","pro Einheit = 0,79",,Nein,Gültig bis 02.05,2026-04-27,2026-05-02,../images/lidl/lidl_offer_393.jpg,"cat_molkerei_kaese,diet_vegetarian,sub_milchprodukte,tag_ultra_processed",,,ref_000392,obs_0000015377|obs_0000006288|obs_0000017585|obs_0000016670,,,
Performance Smart-Akku 20 V 8 Ah,Parkside,"€ 39,99",,"pro Einheit = 39,99","pro Einheit = 39,99",,Nein,Gültig bis 02.05,2026-04-27,2026-05-02,../images/lidl/lidl_offer_394.jpg,cat_non_food,,,ref_000393,obs_0000018958|obs_0000023061|obs_0000023426|obs_0000024807|obs_0000022534|obs_0000023429|obs_0000021250|obs_0000021887|obs_0000020431|obs_0000000184,obs_0000024807,,
Jumpys Paprika,Funny-Frisch,"€ 0,99",,"pro Einheit = 1,99","pro Einheit = 1,99",,Nein,Gültig bis 02.05,2026-04-27,2026-05-02,../images/lidl/lidl_offer_396.jpg,"cat_obst_gemuese,diet_gluten_free,diet_lactose_free,diet_vegan,diet_vegetarian,sub_frisches_gemuese,tag_ultra_processed,tag_whole_food",,,ref_000394,obs_0000028298,obs_0000028298,,
Snickers Ice Cream Riegel,Snickers,"€ 2,22",,"1 l = 8,83","1 l = 8,83",,Nein,Gültig bis 02.05,2026-04-27,2026-05-02,../images/lidl/lidl_offer_397.jpg,"cat_knabbern_naschen,tag_ultra_processed",,,ref_000395,obs_0000024158|obs_0000023738|obs_0000021183|obs_0000021787|obs_0000020364|obs_0000030164|obs_0000031928|obs_0000014030|obs_0000016822|obs_0000019932|obs_0000011786|obs_0000013851|obs_0000016928|obs_0000017462|obs_0000033364|obs_0000015457|obs_0000026737|obs_0000010357|obs_0000017107|obs_0000014601|obs_0000030996|obs_0000025377|obs_0000022867|obs_0000012676|obs_0000026017,,,
Rinder Entrec te,GRILLMEISTER,"€ 4,20",,"1 kg = 20,99","1 kg = 20,99",,Nein,Gültig bis 02.05,2026-04-27,2026-05-02,../images/lidl/lidl_offer_398.jpg,"cat_fleisch_wurst,sub_rind,tag_proteinreich,tag_ultra_processed",,,ref_000396,obs_0000012292|obs_0000009255|obs_0000014472|obs_0000010604|obs_0000030463|obs_0000015746|obs_0000031116|obs_0000015347|obs_0000028464,obs_0000012292|obs_0000009255|obs_0000014472|obs_0000028464|obs_0000010604,,x
