Produkt,Marke,Preis,Vorheriger Preis,Preis_kg,Hinweis,Nur_online,Gueltig_raw,Gueltig_von,Gueltig_bis,Bildpfad,assigned_labels,Einheit,nutrition_link,reference_row_id,rough_match_observation_ids,exact_match_observation_ids
Schmunzelhase,Milka,"€ 0,88",,"pro Einheit = 1,89",,Nein,Gültig bis 04.04,2026-03-30,2026-04-04,../images/lidl/lidl_offer_001.jpg,"cat_knabbern_naschen,diet_vegetarian,sub_milchprodukte,tag_ultra_processed",,,ref_000001,obs_0000013874,obs_0000013874
Caff Ganze Bohnen,Lavazza,"€ 11,49",,"pro Einheit = 12,99",,Nein,Gültig bis 04.04,2026-03-30,2026-04-04,../images/lidl/lidl_offer_002.jpg,"cat_obst_gemuese,diet_gluten_free,diet_lactose_free,diet_vegan,diet_vegetarian,sub_huelsenfruechte,tag_whole_food",,,ref_000002,obs_0000023656|obs_0000022154|obs_0000018081|obs_0000019713|obs_0000033277|obs_0000016405|obs_0000020628|obs_0000022194|obs_0000021447|obs_0000003552,obs_0000023656|obs_0000022154|obs_0000018081|obs_0000019713
Haltbare Milch,BÄRENMARKE,"€ 0,85",,"pro Einheit = 1,49",,Nein,Gültig bis 04.04,2026-03-30,2026-04-04,../images/lidl/lidl_offer_003.jpg,"cat_molkerei_kaese,diet_lactose_free,diet_vegetarian,sub_fleischersatz,sub_milchprodukte,sub_tk_gemuese,tag_high_protein",,,ref_000003,obs_0000004105|obs_0000018655|obs_0000017120|obs_0000016208|obs_0000004959|obs_0000000398|obs_0000004532|obs_0000022969|obs_0000021992|obs_0000020007|obs_0000024615|obs_0000025642|obs_0000024153|obs_0000025740|obs_0000023736|obs_0000021248|obs_0000003359|obs_0000001831|obs_0000002386|obs_0000010141|obs_0000020429|obs_0000016892|obs_0000014372|obs_0000010924|obs_0000007169|obs_0000022533|obs_0000023628|obs_0000032344|obs_0000005727|obs_0000033979|obs_0000017142|obs_0000019205|obs_0000029468|obs_0000017221|obs_0000006982|obs_0000032089|obs_0000005531|obs_0000030114|obs_0000028092|obs_0000022513|obs_0000003614|obs_0000017470|obs_0000026178|obs_0000000796|obs_0000006446|obs_0000017270|obs_0000005144|obs_0000027686|obs_0000034584|obs_0000030532,obs_0000004105|obs_0000020007|obs_0000024615|obs_0000025642|obs_0000024153|obs_0000025740|obs_0000023736|obs_0000018655|obs_0000017120|obs_0000021248|obs_0000003359|obs_0000001831|obs_0000006446|obs_0000016208|obs_0000002386|obs_0000004959|obs_0000000398|obs_0000010141|obs_0000004532|obs_0000022969|obs_0000020429|obs_0000021992|obs_0000016892
Cremissimo Eis,Langnese,"€ 1,49",,"pro Einheit = 3,99",,Nein,Gültig bis 04.04,2026-03-30,2026-04-04,../images/lidl/lidl_offer_004.jpg,"cat_tiefkuehl,sub_fleischersatz,sub_tk_eis,sub_tk_fertiggerichte,tag_high_protein,tag_ultra_processed",,,ref_000004,obs_0000025236|obs_0000022962|obs_0000034092|obs_0000015671|obs_0000011775|obs_0000005767|obs_0000034392|obs_0000025743|obs_0000011490|obs_0000025829|obs_0000018692|obs_0000017710|obs_0000013168,obs_0000005767|obs_0000025236|obs_0000015671|obs_0000022962|obs_0000011775
Doppelschlitz-Toaster,SilverCrest,"€ 12,99",,"pro Einheit = 19,99",,Nein,Gültig bis 04.04,2026-03-30,2026-04-04,../images/lidl/lidl_offer_005.jpg,"cat_non_food,tag_ultra_processed",,,ref_000005,obs_0000023134|obs_0000017676|obs_0000018134|obs_0000020716|obs_0000021535|obs_0000022382|obs_0000018855|obs_0000012908|obs_0000023565|obs_0000017566|obs_0000002036|obs_0000016617,obs_0000024755|obs_0000023134|obs_0000017676|obs_0000011635|obs_0000018134
Sekt,Rotkäppchen,"€ 2,39",,"1 l = 3,19",,Nein,Gültig bis 04.04,2026-03-30,2026-04-04,../images/lidl/lidl_offer_006.jpg,cat_getraenke,,,ref_000006,obs_0000011802|obs_0000017436|obs_0000031833|obs_0000018037|obs_0000000122|obs_0000026289|obs_0000023255|obs_0000018687|obs_0000026425|obs_0000027487|obs_0000002457|obs_0000025002|obs_0000018465|obs_0000017456|obs_0000003634|obs_0000013889|obs_0000019009|obs_0000019561|obs_0000028281|obs_0000012437|obs_0000010911|obs_0000027358|obs_0000016680|obs_0000015666|obs_0000014644|obs_0000024889|obs_0000011590|obs_0000015699|obs_0000008047|obs_0000012694|obs_0000022430|obs_0000001461|obs_0000026048|obs_0000013336|obs_0000015931|obs_0000008276|obs_0000015498|obs_0000010420|obs_0000025796|obs_0000031724|obs_0000008400|obs_0000032264|obs_0000028182|obs_0000015933|obs_0000023645|obs_0000008803|obs_0000024169|obs_0000013971|obs_0000012436|obs_0000010391,obs_0000011802|obs_0000017436|obs_0000018465|obs_0000017456|obs_0000003634|obs_0000013889|obs_0000019009|obs_0000031833|obs_0000019561|obs_0000018037|obs_0000028281|obs_0000000122|obs_0000012437|obs_0000010911|obs_0000026289|obs_0000023255|obs_0000027358|obs_0000018687|obs_0000016680|obs_0000015666|obs_0000014644|obs_0000024889|obs_0000026425|obs_0000011590|obs_0000015699|obs_0000027487|obs_0000008047|obs_0000012694|obs_0000002457|obs_0000022430|obs_0000025002|obs_0000001461|obs_0000026048
Coca-Cola Original Taste,Coca-Cola,"€ 0,79",,"1 l = 0,63",,Nein,Gültig bis 04.04,2026-03-30,2026-04-04,../images/lidl/lidl_offer_007.jpg,"cat_getraenke,sub_tk_fertiggerichte,tag_high_protein,tag_proteinreich,tag_ultra_processed",,,ref_000007,obs_0000024676|obs_0000020930|obs_0000002516|obs_0000019149|obs_0000002852|obs_0000033681|obs_0000025552|obs_0000031744|obs_0000023586|obs_0000001110|obs_0000023740|obs_0000003316|obs_0000034042|obs_0000009482|obs_0000034234|obs_0000024165|obs_0000001642|obs_0000022125|obs_0000018050|obs_0000020111|obs_0000009941|obs_0000014057|obs_0000034648|obs_0000016262|obs_0000034810|obs_0000029418|obs_0000006901|obs_0000006909|obs_0000029979|obs_0000007669|obs_0000032254|obs_0000005638|obs_0000030302|obs_0000032440|obs_0000005827|obs_0000006021|obs_0000032705|obs_0000030680|obs_0000026646|obs_0000004177|obs_0000016686|obs_0000020844|obs_0000016754|obs_0000027015|obs_0000027037|obs_0000000445|obs_0000004604|obs_0000008921|obs_0000000810|obs_0000009023,
Auslese Klassisch,Melitta,"€ 5,55",,"1 kg = 11,10",,Nein,Gültig bis 04.04,2026-03-30,2026-04-04,../images/lidl/lidl_offer_008.jpg,"cat_getraenke,diet_gluten_free,diet_lactose_free,diet_vegan,diet_vegetarian",,,ref_000008,obs_0000025626|obs_0000026267|obs_0000032948|obs_0000017488|obs_0000008547|obs_0000031843|obs_0000027254|obs_0000016511|obs_0000034106|obs_0000035115|obs_0000011953,obs_0000025626|obs_0000026267|obs_0000032948|obs_0000017488|obs_0000008547|obs_0000031843|obs_0000027254|obs_0000016511
Multi-Vitamin,Valensina,"€ 1,29",,"pro Einheit = 2,49",,Nein,Gültig bis 04.04,2026-03-30,2026-04-04,../images/lidl/lidl_offer_009.jpg,cat_non_food,,,ref_000009,obs_0000000390|obs_0000035056|obs_0000004522|obs_0000004949|obs_0000004095,
Fusilli N 98,Barilla,"€ 0,75",,"pro Einheit = 1,99",,Nein,Gültig bis 04.04,2026-03-30,2026-04-04,../images/lidl/lidl_offer_010.jpg,"cat_grundnahrung,diet_lactose_free,diet_vegan,diet_vegetarian,sub_nudeln",,,ref_000010,obs_0000023285|obs_0000004359|obs_0000000287|obs_0000004786|obs_0000020032|obs_0000034624|obs_0000003932|obs_0000020851,obs_0000023285
Tafelschokolade,Milka,"€ 0,77",,"pro Einheit = 1,99",,Nein,Gültig bis 04.04,2026-03-30,2026-04-04,../images/lidl/lidl_offer_011.jpg,"cat_knabbern_naschen,diet_vegetarian,tag_ultra_processed",,BLS-S550000,ref_000011,obs_0000024099|obs_0000003651|obs_0000024149|obs_0000019548|obs_0000023682|obs_0000020110|obs_0000002714|obs_0000033436|obs_0000023725|obs_0000033020|obs_0000001858|obs_0000021864|obs_0000020929|obs_0000016862|obs_0000021564|obs_0000016447|obs_0000017006|obs_0000017084|obs_0000019150|obs_0000019204|obs_0000018183|obs_0000020745|obs_0000022350|obs_0000025469|obs_0000016868|obs_0000024080|obs_0000019014|obs_0000024501|obs_0000033213|obs_0000006756|obs_0000005850|obs_0000006036,obs_0000024099|obs_0000021564|obs_0000016447|obs_0000003651|obs_0000024149|obs_0000019548|obs_0000017006|obs_0000023682|obs_0000020110|obs_0000002714|obs_0000033436|obs_0000023725|obs_0000017084|obs_0000019150|obs_0000033020|obs_0000019204|obs_0000018183|obs_0000020745|obs_0000001858|obs_0000022350|obs_0000021864|obs_0000025469|obs_0000020929|obs_0000016862|obs_0000016868
Nuts Royal,Alesto,"€ 1,99",,"pro Einheit = 2,99",,Nein,Gültig bis 04.04,2026-03-30,2026-04-04,../images/lidl/lidl_offer_012.jpg,"cat_non_food,diet_vegetarian,tag_ultra_processed",,,ref_000012,obs_0000015249|obs_0000010135|obs_0000010716|obs_0000013805|obs_0000016419|obs_0000017044|obs_0000022957|obs_0000017514|obs_0000018841|obs_0000018332|obs_0000025016,obs_0000015249|obs_0000010716|obs_0000013805
Naturelle,Volvic,"€ 0,59",,"pro Einheit = 1,25",,Nein,Gültig bis 04.04,2026-03-30,2026-04-04,../images/lidl/lidl_offer_013.jpg,"cat_getraenke,diet_gluten_free,diet_lactose_free,diet_vegan,diet_vegetarian",,,ref_000013,obs_0000034049|obs_0000025602|obs_0000018575|obs_0000015672|obs_0000022975|obs_0000025814|obs_0000017497|obs_0000026721|obs_0000011749|obs_0000010503|obs_0000031834|obs_0000009721|obs_0000029414|obs_0000030703|obs_0000032128,obs_0000034049|obs_0000025602|obs_0000018575|obs_0000015672|obs_0000022975|obs_0000025814|obs_0000017497|obs_0000026721|obs_0000011749|obs_0000029414|obs_0000030703|obs_0000032128
Amaro,Ramazzotti,"€ 8,88",,"pro Einheit = 13,99",,Nein,Gültig bis 04.04,2026-03-30,2026-04-04,../images/lidl/lidl_offer_014.jpg,"cat_molkerei_kaese,diet_vegetarian,tag_ultra_processed",,BLS-F572100,ref_000014,obs_0000008714|obs_0000024205|obs_0000028837|obs_0000002870|obs_0000018507|obs_0000023775|obs_0000012422|obs_0000013064|obs_0000030757|obs_0000029770|obs_0000008417|obs_0000007906|obs_0000032744|obs_0000010742,obs_0000008714|obs_0000024205|obs_0000028837|obs_0000030757|obs_0000002870|obs_0000029770|obs_0000018507|obs_0000023775|obs_0000007906|obs_0000032744
Müllermilch Shake Banane,Müller,"€ 0,59",,"1 l = 1,48",,Nein,Gültig bis 04.04,2026-03-30,2026-04-04,../images/lidl/lidl_offer_015.jpg,"cat_molkerei_kaese,diet_vegetarian,sub_milchprodukte",,,ref_000015,obs_0000000031|obs_0000003758|obs_0000026666|obs_0000031787|obs_0000021596|obs_0000014942|obs_0000024685|obs_0000011465|obs_0000031450|obs_0000023291|obs_0000017154|obs_0000020777|obs_0000016180|obs_0000015795|obs_0000021950|obs_0000012795,
Fischstäbchen XXL,Iglo,"€ 3,99",,"1 kg = 5,48",,Nein,Gültig bis 04.04,2026-03-30,2026-04-04,../images/lidl/lidl_offer_016.jpg,"cat_tiefkuehl,sub_tk_fertiggerichte,tag_ultra_processed",,,ref_000016,obs_0000018467|obs_0000022596|obs_0000016574|obs_0000017244|obs_0000028007|obs_0000011904|obs_0000012340|obs_0000010512|obs_0000020780|obs_0000022963|obs_0000025168|obs_0000027473|obs_0000017420|obs_0000021599|obs_0000034006|obs_0000009455|obs_0000019723|obs_0000019848|obs_0000026262|obs_0000009919|obs_0000012763|obs_0000012822|obs_0000033884|obs_0000013967|obs_0000028371|obs_0000008173,obs_0000018467|obs_0000012340|obs_0000022596|obs_0000016574|obs_0000010512|obs_0000020780|obs_0000022963|obs_0000025168|obs_0000027473|obs_0000017244|obs_0000017420|obs_0000021599|obs_0000034006|obs_0000009455|obs_0000019723|obs_0000028007|obs_0000019848|obs_0000011904|obs_0000026262|obs_0000009919
Tomatenketchup Das Original,Heinz,"€ 2,99",,"1 l = 2,56",,Nein,Gültig bis 04.04,2026-03-30,2026-04-04,../images/lidl/lidl_offer_017.jpg,"cat_grundnahrung,diet_gluten_free,diet_lactose_free,diet_vegan,diet_vegetarian,tag_ultra_processed",,,ref_000017,obs_0000010427|obs_0000016821|obs_0000013045|obs_0000011027|obs_0000009346|obs_0000017856|obs_0000028786|obs_0000006308|obs_0000017604|obs_0000028730|obs_0000020611|obs_0000012423|obs_0000006283|obs_0000026772|obs_0000004246|obs_0000026832|obs_0000028896|obs_0000035052|obs_0000027005|obs_0000027048|obs_0000021000|obs_0000004673|obs_0000008777|obs_0000021117|obs_0000008906|obs_0000015051|obs_0000021430|obs_0000025547|obs_0000033763|obs_0000017384|obs_0000013325|obs_0000003095|obs_0000019505|obs_0000031800|obs_0000025705|obs_0000009334|obs_0000015502|obs_0000027791|obs_0000033975|obs_0000021758|obs_0000034075|obs_0000009525|obs_0000021868|obs_0000017799|obs_0000026035|obs_0000022184|obs_0000020181|obs_0000003819|obs_0000034561|obs_0000009987,
Unsere Goldstücke,Conditorei Coppenrath Wiese,"€ 1,11",,"1 kg = 2,47",,Nein,Gültig bis 04.04,2026-03-30,2026-04-04,../images/lidl/lidl_offer_018.jpg,"cat_grundnahrung,diet_vegetarian,sub_milchprodukte,tag_ultra_processed",,,ref_000018,obs_0000014854|obs_0000012682|obs_0000010926|obs_0000002587|obs_0000008617|obs_0000027445|obs_0000003165|obs_0000031710|obs_0000009491|obs_0000001315|obs_0000034096|obs_0000009952|obs_0000007395|obs_0000006502|obs_0000030850|obs_0000032387|obs_0000032392|obs_0000031501|obs_0000031507|obs_0000026080|obs_0000032634|obs_0000030845|obs_0000032644|obs_0000005769|obs_0000030166|obs_0000030168,obs_0000014854|obs_0000012682|obs_0000010926
Käsescheiben XXL,Grünländer,"€ 2,49",,"pro Einheit = 4,29",,Nein,Gültig bis 04.04,2026-03-30,2026-04-04,../images/lidl/lidl_offer_019.jpg,"cat_molkerei_kaese,sub_kaese,sub_milchprodukte,tag_ultra_processed",,,ref_000019,obs_0000004115|obs_0000000405|obs_0000004542|obs_0000004969|obs_0000019487|obs_0000002160|obs_0000020768|obs_0000018774|obs_0000021587|obs_0000017591|obs_0000021823|obs_0000002763|obs_0000031666|obs_0000001181|obs_0000026584|obs_0000024639|obs_0000002335|obs_0000020870|obs_0000031123|obs_0000016810|obs_0000012763|obs_0000025113|obs_0000027170|obs_0000002664|obs_0000025206|obs_0000021231|obs_0000000993|obs_0000027787|obs_0000033991|obs_0000017666|obs_0000020051|obs_0000026217|obs_0000013967|obs_0000022214|obs_0000018205|obs_0000034730|obs_0000020412,obs_0000004115|obs_0000000405|obs_0000004542|obs_0000002763|obs_0000004969|obs_0000031666|obs_0000019487|obs_0000001181
Phantasia XXL,Haribo,"€ 0,99",,"1 kg = 2,91",,Nein,Gültig bis 04.04,2026-03-30,2026-04-04,../images/lidl/lidl_offer_020.jpg,"cat_knabbern_naschen,tag_ultra_processed",,,ref_000020,obs_0000012763|obs_0000013967,
Gold,Nescaf,"€ 5,99",,"pro Einheit = 11,99",,Nein,Gültig bis 04.04,2026-03-30,2026-04-04,../images/lidl/lidl_offer_021.jpg,"cat_getraenke,diet_gluten_free,diet_lactose_free,diet_vegan,diet_vegetarian,tag_ultra_processed",,BLS-G230100,ref_000021,obs_0000034007|obs_0000023259|obs_0000012629|obs_0000012669|obs_0000010721|obs_0000031776|obs_0000011104|obs_0000013227|obs_0000015276|obs_0000031712|obs_0000026672|obs_0000018645|obs_0000025395|obs_0000010065|obs_0000009614|obs_0000009158|obs_0000029715|obs_0000020510|obs_0000016424|obs_0000008235|obs_0000013358|obs_0000019528|obs_0000005742|obs_0000025215|obs_0000001674|obs_0000027793|obs_0000017043|obs_0000029362|obs_0000014007|obs_0000021224|obs_0000025350|obs_0000010019|obs_0000022839|obs_0000027964|obs_0000021329|obs_0000009562|obs_0000026466|obs_0000014705|obs_0000008059|obs_0000032649|obs_0000028046|obs_0000026005|obs_0000008606|obs_0000027055|obs_0000020405|obs_0000008631|obs_0000030693|obs_0000006641|obs_0000008230|obs_0000001035,obs_0000029715|obs_0000031776|obs_0000034007|obs_0000023259|obs_0000012629|obs_0000011104|obs_0000012669|obs_0000013227|obs_0000015276|obs_0000031712|obs_0000010721|obs_0000030693
Viennetta Eis Chocolate,Langnese,"€ 1,29",,"1 l = 1,98",,Nein,Gültig bis 04.04,2026-03-30,2026-04-04,../images/lidl/lidl_offer_022.jpg,"cat_tiefkuehl,sub_tk_eis,tag_ultra_processed",,,ref_000022,obs_0000025807|obs_0000034392|obs_0000025743|obs_0000011964|obs_0000011490|obs_0000025829|obs_0000018692|obs_0000017710|obs_0000013168,
Bunte Sahne Platte,Conditorei Coppenrath Wiese,"€ 7,77",,"1 kg = 9,71",,Nein,Gültig bis 04.04,2026-03-30,2026-04-04,../images/lidl/lidl_offer_023.jpg,"cat_molkerei_kaese,diet_vegetarian,sub_milchprodukte,sub_sahne_creme,tag_ultra_processed",,,ref_000023,obs_0000027781|obs_0000018576|obs_0000032388,obs_0000027781
PICK UP,PICK UP,"€ 2,99",,"1 kg = 9,71",,Nein,Gültig bis 04.04,2026-03-30,2026-04-04,../images/lidl/lidl_offer_024.jpg,"cat_fleisch_wurst,tag_ultra_processed",,,ref_000024,obs_0000023309|obs_0000028846|obs_0000023727|obs_0000007492|obs_0000005843|obs_0000024150|obs_0000033288|obs_0000006742|obs_0000032240|obs_0000008501|obs_0000028893,obs_0000023309|obs_0000028846|obs_0000023727|obs_0000007492|obs_0000005843|obs_0000024150
Almighurt,Ehrmann,"€ 0,29",,"1 kg = 1,93",,Nein,Gültig bis 04.04,2026-03-30,2026-04-04,../images/lidl/lidl_offer_025.jpg,"cat_molkerei_kaese,diet_vegetarian,sub_joghurt_skyr_quark,sub_milchprodukte",,,ref_000025,obs_0000003093|obs_0000013502|obs_0000031451|obs_0000004902|obs_0000001348|obs_0000000360|obs_0000028525|obs_0000022905|obs_0000004475|obs_0000014217|obs_0000012194|obs_0000033699|obs_0000015270|obs_0000004048|obs_0000028641|obs_0000000497|obs_0000000513|obs_0000027740|obs_0000033915|obs_0000034514|obs_0000007335|obs_0000005336|obs_0000005901|obs_0000032555|obs_0000032081|obs_0000030116,obs_0000003093|obs_0000007335|obs_0000013502|obs_0000005336|obs_0000031451|obs_0000005901|obs_0000004902|obs_0000032555|obs_0000001348|obs_0000032081|obs_0000000360|obs_0000028525|obs_0000022905|obs_0000004475|obs_0000014217|obs_0000012194|obs_0000033699|obs_0000030116|obs_0000015270|obs_0000004048|obs_0000028641|obs_0000000497
I Love Milka Pralin s,Milka,"€ 1,55",,"pro Einheit = 3,49",,Nein,Gültig bis 04.04,2026-03-30,2026-04-04,../images/lidl/lidl_offer_026.jpg,"cat_knabbern_naschen,diet_vegetarian,tag_ultra_processed",,,ref_000026,obs_0000021653|obs_0000020834|obs_0000021894|obs_0000030282|obs_0000032431|obs_0000032241|obs_0000034394|obs_0000015896|obs_0000012860|obs_0000034397|obs_0000011766,obs_0000021653|obs_0000020834|obs_0000021894
Chips Gesalzen,Lay s,"€ 0,88",,"pro Einheit = 1,99",,Nein,Gültig bis 04.04,2026-03-30,2026-04-04,../images/lidl/lidl_offer_027.jpg,"cat_knabbern_naschen,tag_ultra_processed",,BLS-T411700,ref_000027,obs_0000023296|obs_0000014595|obs_0000014349|obs_0000002584|obs_0000035109|obs_0000003161|obs_0000011110|obs_0000033655|obs_0000034193|obs_0000031705,
Schottischer Räucherlachs,Deluxe,"€ 7,99",,"1 kg = 26,63",,Nein,Gültig bis 04.04,2026-03-30,2026-04-04,../images/lidl/lidl_offer_028.jpg,cat_fisch_meeresfruechte,,,ref_000028,obs_0000024580|obs_0000017031|obs_0000017355|obs_0000025935|obs_0000025992|obs_0000016309|obs_0000016608|obs_0000021070|obs_0000025231|obs_0000017750|obs_0000020251|obs_0000028795|obs_0000008702|obs_0000002571|obs_0000031816|obs_0000003427|obs_0000005956|obs_0000001935|obs_0000001994,obs_0000024580|obs_0000017031|obs_0000017355|obs_0000025935|obs_0000025992|obs_0000016309
Cappuccino Dessert,Deluxe,"€ 2,49",,"1 kg = 19,92",,Nein,Gültig bis 04.04,2026-03-30,2026-04-04,../images/lidl/lidl_offer_029.jpg,cat_grundnahrung,,,ref_000029,obs_0000018839|obs_0000017731|obs_0000012336|obs_0000004175|obs_0000014488|obs_0000010617|obs_0000000443|obs_0000018932|obs_0000004602|obs_0000027211|obs_0000016979|obs_0000027508|obs_0000005029|obs_0000015382|obs_0000013586|obs_0000009519|obs_0000015792|obs_0000017969|obs_0000009845|obs_0000022199,
Doppelschlitz-Toaster,Silvercrest,"€ 12,99",,"pro Einheit = 19,99",,Nein,Gültig bis 04.04,2026-03-30,2026-04-04,../images/lidl/lidl_offer_030.jpg,"cat_non_food,tag_ultra_processed",,,ref_000030,obs_0000023134|obs_0000017676|obs_0000018134|obs_0000020716|obs_0000021535|obs_0000022382|obs_0000018855|obs_0000012908|obs_0000023565|obs_0000017566|obs_0000002036|obs_0000016617,obs_0000024755|obs_0000023134|obs_0000017676|obs_0000011635|obs_0000018134
Auberginen,Auberginen,"€ 1,79",,"pro Einheit = 1,79",,Nein,Gültig bis 04.04,2026-03-30,2026-04-04,../images/lidl/lidl_offer_031.jpg,"cat_obst_gemuese,diet_gluten_free,diet_lactose_free,diet_vegan,diet_vegetarian,sub_frisches_obst,tag_whole_food",,BLS-G510100,ref_000031,obs_0000006269,obs_0000006269
Gurken lose,Gurken lose,"€ 0,49",,"pro Einheit = 0,69",,Nein,Gültig bis 04.04,2026-03-30,2026-04-04,../images/lidl/lidl_offer_032.jpg,"cat_obst_gemuese,diet_gluten_free,diet_lactose_free,diet_vegan,diet_vegetarian,sub_frisches_gemuese,tag_whole_food",,,ref_000032,obs_0000026810|obs_0000017251|obs_0000028052,
Ballhortensie,Ballhortensie,"€ 4,99",,"pro Einheit = 4,99",,Nein,Gültig bis 04.04,2026-03-30,2026-04-04,../images/lidl/lidl_offer_033.jpg,cat_non_food,,,ref_000033,obs_0000024525,obs_0000024525
Tulpen,Tulpen,"€ 2,22",,"pro Einheit = 2,22",,Nein,Gültig bis 04.04,2026-03-30,2026-04-04,../images/lidl/lidl_offer_034.jpg,"cat_non_food,diet_vegetarian,tag_ultra_processed",,,ref_000034,obs_0000034533|obs_0000029749|obs_0000001596|obs_0000034401|obs_0000031365|obs_0000030045,obs_0000034533|obs_0000029749
Honigmelone,Honigmelone,"€ 1,49",,"pro Einheit = 1,49",,Nein,Gültig bis 04.04,2026-03-30,2026-04-04,../images/lidl/lidl_offer_035.jpg,"cat_non_food,diet_gluten_free,diet_lactose_free,diet_vegan,diet_vegetarian,tag_whole_food",,BLS-F533100,ref_000035,obs_0000008870,obs_0000008870
Avocado lose,Avocado lose,"€ 0,95",,"pro Einheit = 0,95",,Nein,Gültig bis 04.04,2026-03-30,2026-04-04,../images/lidl/lidl_offer_036.jpg,"cat_obst_gemuese,diet_gluten_free,diet_lactose_free,diet_vegan,diet_vegetarian,sub_frisches_gemuese,tag_whole_food",,BLS-F502100,ref_000036,obs_0000024863|obs_0000025778|obs_0000029201|obs_0000008728|obs_0000011817|obs_0000000058|obs_0000014440|obs_0000011409|obs_0000020117|obs_0000000694|obs_0000027854|obs_0000034516|obs_0000014073|obs_0000017166|obs_0000001305|obs_0000034105|obs_0000018748|obs_0000013139|obs_0000030562|obs_0000027541|obs_0000029123|obs_0000012744|obs_0000020936|obs_0000012255,obs_0000025778|obs_0000024863
Geranien stehend hängend Fuchsien,Grandiol,"€ 3,99",,"pro Einheit = 3,99",,Nein,Gültig bis 04.04,2026-03-30,2026-04-04,../images/lidl/lidl_offer_037.jpg,cat_non_food,,,ref_000037,,
Spinat,Spinat,"€ 1,99",,"1 kg = 3,98",,Nein,Gültig bis 04.04,2026-03-30,2026-04-04,../images/lidl/lidl_offer_038.jpg,"cat_tiefkuehl,diet_gluten_free,diet_lactose_free,diet_vegan,diet_vegetarian,sub_tk_gemuese,tag_high_protein,tag_whole_food",,BLS-G211100,ref_000038,obs_0000022918|obs_0000026393|obs_0000021424|obs_0000022077|obs_0000018515|obs_0000025711|obs_0000020605|obs_0000014341|obs_0000031624|obs_0000007203|obs_0000010920|obs_0000016840|obs_0000005582|obs_0000023004|obs_0000031858|obs_0000026870|obs_0000010490|obs_0000014848|obs_0000028681|obs_0000028561|obs_0000030504|obs_0000006954|obs_0000007724|obs_0000000688|obs_0000026804|obs_0000027830|obs_0000030134|obs_0000034988|obs_0000000717|obs_0000034522|obs_0000032098|obs_0000032099|obs_0000029163|obs_0000030322|obs_0000029043|obs_0000033927|obs_0000028253|obs_0000000615|obs_0000034914|obs_0000020377|obs_0000031908|obs_0000001445|obs_0000034955|obs_0000034354|obs_0000023994|obs_0000021196|obs_0000033881|obs_0000024416|obs_0000025083|obs_0000005708,obs_0000022918|obs_0000026393|obs_0000021424|obs_0000022077|obs_0000018515|obs_0000025711|obs_0000020605
Apfel Pink,Pink Lady,"€ 1,79",,"1 kg = 2,24",,Nein,Gültig bis 04.04,2026-03-30,2026-04-04,../images/lidl/lidl_offer_039.jpg,"cat_getraenke,diet_gluten_free,diet_lactose_free,diet_vegan,diet_vegetarian,sub_frisches_obst,tag_ultra_processed,tag_whole_food",,,ref_000039,,
Speisekartoffeln Drillinge festkochend,Speisekartoffeln Drillinge festkochend,"€ 1,39",,"pro Einheit = 1,39",,Nein,Gültig bis 04.04,2026-03-30,2026-04-04,../images/lidl/lidl_offer_040.jpg,"cat_obst_gemuese,diet_gluten_free,diet_lactose_free,diet_vegan,diet_vegetarian,sub_frisches_gemuese,sub_kartoffeln,tag_whole_food",,,ref_000040,obs_0000017026|obs_0000003716|obs_0000000006|obs_0000034312|obs_0000030615|obs_0000034910|obs_0000034088|obs_0000026668|obs_0000001070|obs_0000030140|obs_0000016324|obs_0000009672|obs_0000027986|obs_0000033875|obs_0000008539|obs_0000031321|obs_0000009188|obs_0000028399|obs_0000030837|obs_0000027510,
Bepflanzter Osterhase -korb,Bepflanzter Osterhase -korb,"€ 4,99",,"pro Einheit = 4,99",,Nein,Gültig bis 04.04,2026-03-30,2026-04-04,../images/lidl/lidl_offer_041.jpg,"cat_non_food,tag_ultra_processed",,,ref_000041,obs_0000001703|obs_0000001708|obs_0000024716|obs_0000024717|obs_0000013811,
Chicoree,Chicoree,"€ 1,39",,"1 kg = 2,78",,Nein,Gültig bis 04.04,2026-03-30,2026-04-04,../images/lidl/lidl_offer_042.jpg,"cat_obst_gemuese,diet_gluten_free,diet_lactose_free,diet_vegan,diet_vegetarian,sub_frisches_gemuese,sub_salate,tag_ultra_processed,tag_whole_food",,BLS-G101100,ref_000042,obs_0000009073|obs_0000014235|obs_0000034911|obs_0000005883,obs_0000009073|obs_0000014235|obs_0000034911
Verdunkeltes Familienzelt,CRIVIT,"€ 149,00",,"pro Einheit = 149,00",,Nein,Gültig bis 04.04,2026-03-30,2026-04-04,../images/lidl/lidl_offer_043.jpg,"cat_non_food,tag_ultra_processed",,,ref_000043,,
Verdunkeltes Kuppelzelt,CRIVIT,"€ 59,99",,"pro Einheit = 71,99",,Nein,Gültig bis 04.04,2026-03-30,2026-04-04,../images/lidl/lidl_offer_044.jpg,cat_non_food,,,ref_000044,obs_0000022542|obs_0000024545,
E-Lasten-Dreirad,Telefunken,"€ 2,499,00",,"pro Einheit = 90,00",,Nein,Gültig bis 04.04,2026-03-30,2026-04-04,../images/lidl/lidl_offer_045.jpg,cat_non_food,,,ref_000045,,
Aluminium-Campingtisch,Rocktrail,"€ 17,99",,"pro Einheit = 34,99",,Nein,Gültig bis 04.04,2026-03-30,2026-04-04,../images/lidl/lidl_offer_046.jpg,cat_non_food,,,ref_000046,,
Funktionstop,CRIVIT,"€ 3,99",,"pro Einheit = 5,99",,Nein,Gültig bis 04.04,2026-03-30,2026-04-04,../images/lidl/lidl_offer_047.jpg,cat_non_food,,,ref_000047,,
Funktionsjacke,CRIVIT,"€ 11,99",,"pro Einheit = 14,99",,Nein,Gültig bis 04.04,2026-03-30,2026-04-04,../images/lidl/lidl_offer_048.jpg,cat_non_food,,,ref_000048,obs_0000016440|obs_0000019049|obs_0000018614|obs_0000024537|obs_0000019922,
Aktionstights,CRIVIT,"€ 6,99",,"pro Einheit = 8,99",,Nein,Gültig bis 04.04,2026-03-30,2026-04-04,../images/lidl/lidl_offer_049.jpg,cat_non_food,,,ref_000049,,
Funktionsshirt -radler,CRIVIT,"€ 4,99",,"pro Einheit = 5,99",,Nein,Gültig bis 04.04,2026-03-30,2026-04-04,../images/lidl/lidl_offer_050.jpg,cat_non_food,,,ref_000050,obs_0000024270|obs_0000023846|obs_0000013844|obs_0000023152|obs_0000023154,
Shimano CUES,Shimano CUES,"€ 1,111,00",,"pro Einheit = 0,00",,Nein,Gültig bis 04.04,2026-03-30,2026-04-04,../images/lidl/lidl_offer_051.jpg,cat_non_food,,,ref_000051,,
Modell Belt Drive,Modell Belt Drive,"€ 1,111,00",,"pro Einheit = 0,00",,Nein,Gültig bis 04.04,2026-03-30,2026-04-04,../images/lidl/lidl_offer_052.jpg,"cat_non_food,diet_lactose_free,diet_vegan",,,ref_000052,,
Frontgepäckträger inkl Korb Doppelgepäcktasche,CRIVIT,"€ 49,99",,"pro Einheit = 59,99",,Nein,Gültig bis 04.04,2026-03-30,2026-04-04,../images/lidl/lidl_offer_053.jpg,cat_non_food,,,ref_000053,,
Daunen-Kassettenbettdecke,BALETTE,"€ 120,00",,"pro Einheit = 399,00",,Nein,Gültig bis 04.04,2026-03-30,2026-04-04,../images/lidl/lidl_offer_054.jpg,"cat_non_food,diet_vegetarian",,,ref_000054,obs_0000017404|obs_0000022551,obs_0000017404|obs_0000022551
7-Zonen Premium-Lattenrost,BeCo,"€ 59,99",,"pro Einheit = 59,99",,Nein,Gültig bis 04.04,2026-03-30,2026-04-04,../images/lidl/lidl_offer_055.jpg,cat_non_food,,,ref_000055,obs_0000018606|obs_0000018999|obs_0000022452|obs_0000022725|obs_0000011595|obs_0000013830,obs_0000018606|obs_0000018999|obs_0000022452
7-Zonen Taschenfederkern-Matratze,HN8 Schlafsysteme,"€ 149,00",,"pro Einheit = 149,00",,Nein,Gültig bis 04.04,2026-03-30,2026-04-04,../images/lidl/lidl_offer_056.jpg,cat_non_food,,,ref_000056,obs_0000018192|obs_0000018591|obs_0000022207|obs_0000022726|obs_0000023898|obs_0000022496|obs_0000024320|obs_0000019003|obs_0000024756|obs_0000017293|obs_0000016498|obs_0000024764|obs_0000020900|obs_0000025265|obs_0000020081|obs_0000022934|obs_0000020004|obs_0000002046|obs_0000019643|obs_0000025928|obs_0000025929|obs_0000001138|obs_0000023164|obs_0000024763|obs_0000024765,obs_0000018192|obs_0000018591|obs_0000023472|obs_0000022207|obs_0000022726|obs_0000023898|obs_0000022496|obs_0000023166|obs_0000024320
3-Kammer-Kopfkissen,Balette,"€ 24,99",,"pro Einheit = 24,99",,Nein,Gültig bis 04.04,2026-03-30,2026-04-04,../images/lidl/lidl_offer_057.jpg,cat_non_food,,,ref_000057,obs_0000018706|obs_0000020126|obs_0000017468|obs_0000018115|obs_0000020945|obs_0000021720|obs_0000016257|obs_0000018704|obs_0000019600|obs_0000017332|obs_0000019660|obs_0000016993|obs_0000019431|obs_0000019432|obs_0000019831,
FAN Mehrzonen- Komfortschaumkern-Matratze,FAN Mehrzonen- Komfortschaumkern-Matratze,"€ 129,00",,"pro Einheit = 249,90",,Nein,Gültig bis 04.04,2026-03-30,2026-04-04,../images/lidl/lidl_offer_058.jpg,cat_non_food,,,ref_000058,obs_0000016913|obs_0000017059|obs_0000024763|obs_0000024765,
Activia XXL,Danone,"€ 3,33",,"1 kg = 3,62",,Nein,Gültig bis 04.04,2026-03-30,2026-04-04,../images/lidl/lidl_offer_059.jpg,"cat_molkerei_kaese,diet_vegetarian,sub_joghurt_skyr_quark,sub_milchprodukte,tag_ultra_processed",,,ref_000059,obs_0000020663|obs_0000021482|obs_0000022373|obs_0000010348|obs_0000016673|obs_0000019570|obs_0000028006|obs_0000019836|obs_0000028785|obs_0000010916|obs_0000015376|obs_0000026077|obs_0000012763|obs_0000013967,obs_0000020663|obs_0000021482|obs_0000022373
Original Irische Butter,Kerrygold,"€ 1,79",,"1 kg = 7,16",,Nein,Gültig bis 04.04,2026-03-30,2026-04-04,../images/lidl/lidl_offer_060.jpg,"cat_molkerei_kaese,diet_gluten_free,diet_vegetarian,sub_butter_margarine,sub_fleischersatz,sub_gefluegel,sub_kaese,sub_milchprodukte,sub_tk_gemuese,tag_high_protein,tag_ultra_processed",,,ref_000060,obs_0000016451|obs_0000025029|obs_0000023253|obs_0000023732|obs_0000024152|obs_0000028319|obs_0000014084|obs_0000003809|obs_0000000141|obs_0000003593|obs_0000034970|obs_0000013125|obs_0000011467|obs_0000006790|obs_0000015797|obs_0000024620|obs_0000028730|obs_0000000107|obs_0000020611|obs_0000012423|obs_0000006283|obs_0000026772|obs_0000010409|obs_0000026832|obs_0000018644|obs_0000028896|obs_0000035052|obs_0000008456|obs_0000018772|obs_0000008556|obs_0000027005|obs_0000027048|obs_0000027049|obs_0000012797|obs_0000021000|obs_0000002620|obs_0000008777|obs_0000002676|obs_0000021117|obs_0000008906|obs_0000015051|obs_0000011042|obs_0000009075|obs_0000027517|obs_0000021430|obs_0000025547|obs_0000033763|obs_0000000997|obs_0000017384|obs_0000013325,obs_0000016451|obs_0000025029|obs_0000023253|obs_0000023732|obs_0000024152|obs_0000028319|obs_0000014084
Rostbratwurst,GRILLMEISTER,"€ 4,29",,"pro Einheit = 5,49",,Nein,Gültig bis 04.04,2026-03-30,2026-04-04,../images/lidl/lidl_offer_061.jpg,"cat_fleisch_wurst,sub_wurst,tag_ultra_processed",,BLS-W222600,ref_000061,obs_0000013376|obs_0000014464|obs_0000024213|obs_0000005807|obs_0000023630|obs_0000022632|obs_0000023789|obs_0000014109|obs_0000034076|obs_0000030624|obs_0000020645|obs_0000008488|obs_0000009263|obs_0000021808|obs_0000027860|obs_0000021464|obs_0000029275|obs_0000008189|obs_0000018455|obs_0000031271|obs_0000032056|obs_0000022121|obs_0000029932|obs_0000013807,obs_0000013376|obs_0000014464
Brot-Aufstrich,POPP,"€ 1,79",,"1 kg = 7,16",,Nein,Gültig bis 04.04,2026-03-30,2026-04-04,../images/lidl/lidl_offer_062.jpg,"cat_grundnahrung,diet_vegan,diet_vegetarian,sub_huelsenfruechte",,BLS-S131100,ref_000062,obs_0000023318|obs_0000026282|obs_0000013508|obs_0000015253|obs_0000010681,obs_0000034334|obs_0000023318|obs_0000034763|obs_0000018403
Norwegischer Räucherlachs XXL,Nautica,"€ 3,99",,"1 kg = 18,14",,Nein,Gültig bis 04.04,2026-03-30,2026-04-04,../images/lidl/lidl_offer_063.jpg,"cat_fisch_meeresfruechte,tag_high_protein,tag_proteinreich",,,ref_000063,obs_0000025269|obs_0000018333|obs_0000018867|obs_0000018877|obs_0000023258|obs_0000009423|obs_0000001422|obs_0000003507|obs_0000011910|obs_0000009886|obs_0000001784|obs_0000016139|obs_0000028795|obs_0000016608|obs_0000012763|obs_0000008702|obs_0000002571|obs_0000021070|obs_0000025231|obs_0000031816|obs_0000017750|obs_0000003427|obs_0000013967|obs_0000020251|obs_0000005956|obs_0000001935|obs_0000001994,obs_0000018867|obs_0000018877|obs_0000025269|obs_0000023258|obs_0000001422|obs_0000001784|obs_0000018333
Biscuits,Nutella,"€ 2,99",,"pro Einheit = 3,49",,Nein,Gültig bis 04.04,2026-03-30,2026-04-04,../images/lidl/lidl_offer_064.jpg,"cat_knabbern_naschen,diet_vegetarian,tag_ultra_processed",,,ref_000064,obs_0000024073|obs_0000014622|obs_0000024493|obs_0000028301|obs_0000024719|obs_0000027533|obs_0000001187|obs_0000014128|obs_0000017850|obs_0000001529|obs_0000017831|obs_0000018729,obs_0000024073|obs_0000028301|obs_0000024719|obs_0000014622|obs_0000024493
Mini,Babybel,"€ 2,99",,"1 kg = 16,61",,Nein,Gültig bis 04.04,2026-03-30,2026-04-04,../images/lidl/lidl_offer_065.jpg,"cat_knabbern_naschen,diet_gluten_free,diet_lactose_free,diet_vegan,diet_vegetarian,tag_ultra_processed,tag_whole_food",,,ref_000065,obs_0000012328|obs_0000010932|obs_0000006379|obs_0000017530|obs_0000026024|obs_0000018128|obs_0000016216|obs_0000020562|obs_0000019152|obs_0000008972|obs_0000021381|obs_0000025542|obs_0000034182|obs_0000001648|obs_0000002220|obs_0000023295|obs_0000000803|obs_0000020016|obs_0000018433|obs_0000000007|obs_0000002063|obs_0000004119|obs_0000010268|obs_0000024611|obs_0000000041|obs_0000012338|obs_0000020532|obs_0000014403|obs_0000004170|obs_0000024665|obs_0000012389|obs_0000022631|obs_0000022632|obs_0000008299|obs_0000010350|obs_0000000119|obs_0000034913|obs_0000004234|obs_0000026794|obs_0000028842|obs_0000004281|obs_0000022732|obs_0000016594|obs_0000002275|obs_0000026857|obs_0000018679|obs_0000026872|obs_0000028936|obs_0000006422|obs_0000033044,obs_0000012328|obs_0000006379|obs_0000010932|obs_0000017530|obs_0000026024|obs_0000018128|obs_0000016216
Raffaello,Raffaello,"€ 3,49",,"pro Einheit = 4,39",,Nein,Gültig bis 04.04,2026-03-30,2026-04-04,../images/lidl/lidl_offer_066.jpg,cat_non_food,,,ref_000066,obs_0000021458|obs_0000032693|obs_0000025051|obs_0000020639|obs_0000018983|obs_0000006737|obs_0000033213|obs_0000026462|obs_0000015291|obs_0000012387,obs_0000021458|obs_0000032693|obs_0000025051|obs_0000020639
Golden Longs,McCain,"€ 2,99",,"pro Einheit = 2,99",,Nein,Gültig bis 04.04,2026-03-30,2026-04-04,../images/lidl/lidl_offer_067.jpg,"cat_non_food,diet_lactose_free,diet_vegetarian,sub_kartoffeln,tag_ultra_processed",,,ref_000067,obs_0000012819|obs_0000001561|obs_0000010398|obs_0000015825|obs_0000025813|obs_0000003650|obs_0000032218|obs_0000029164,obs_0000012819|obs_0000001561|obs_0000010398|obs_0000015825|obs_0000025813|obs_0000032218|obs_0000029164
Party Mix Minis,SWEET CORNER,"€ 1,99",,"pro Einheit = 2,49",,Nein,Gültig bis 04.04,2026-03-30,2026-04-04,../images/lidl/lidl_offer_068.jpg,"cat_knabbern_naschen,diet_gluten_free,diet_lactose_free,tag_ultra_processed",,,ref_000068,obs_0000025122|obs_0000019062|obs_0000021191|obs_0000017178|obs_0000020372|obs_0000016303|obs_0000023398|obs_0000018637|obs_0000026835|obs_0000027408|obs_0000027431|obs_0000009132|obs_0000013329|obs_0000015466|obs_0000026011|obs_0000007654|obs_0000018166|obs_0000022288|obs_0000022339|obs_0000006005|obs_0000012394|obs_0000024700|obs_0000024884|obs_0000022992|obs_0000011085|obs_0000013309|obs_0000019480|obs_0000025627|obs_0000019541|obs_0000025800|obs_0000013779|obs_0000015901|obs_0000016191|obs_0000022527,obs_0000025122|obs_0000019062|obs_0000021191|obs_0000017178|obs_0000027431|obs_0000020372|obs_0000016303
Ice Tea Pfirsich,Lipton,"€ 1,49",,"pro Einheit = 2,19",,Nein,Gültig bis 04.04,2026-03-30,2026-04-04,../images/lidl/lidl_offer_069.jpg,"cat_getraenke,sub_tk_eis",,,ref_000069,obs_0000009902|obs_0000009437|obs_0000020995|obs_0000020024|obs_0000019013|obs_0000016458|obs_0000031818|obs_0000020176|obs_0000013051|obs_0000025367|obs_0000013713|obs_0000006551|obs_0000027466|obs_0000031815|obs_0000029978|obs_0000030683|obs_0000026737|obs_0000017671|obs_0000018798,obs_0000009902|obs_0000009437
Maxi King,Kinder,"€ 1,49",,"pro Einheit = 1,89",,Nein,Gültig bis 04.04,2026-03-30,2026-04-04,../images/lidl/lidl_offer_070.jpg,"cat_knabbern_naschen,tag_ultra_processed",,,ref_000070,obs_0000024167|obs_0000023743|obs_0000031434|obs_0000025227|obs_0000010506|obs_0000032535|obs_0000027488|obs_0000008052|obs_0000031664,obs_0000024167|obs_0000023743|obs_0000031434|obs_0000032535
Pants Baby Dry Premium Protection,Pampers,"€ 21,59",,"pro Einheit = 26,99",,Nein,Gültig bis 04.04,2026-03-30,2026-04-04,../images/lidl/lidl_offer_071.jpg,"cat_getraenke,tag_high_protein,tag_proteinreich",,,ref_000071,obs_0000010031|obs_0000009580|obs_0000017793|obs_0000002091,
Jumbo Pack Portionsbeutel,Whiskas,"€ 19,95",,"pro Einheit = 35,99",,Nein,Gültig bis 04.04,2026-03-30,2026-04-04,../images/lidl/lidl_offer_072.jpg,"cat_non_food,tag_ultra_processed",,,ref_000072,obs_0000017730|obs_0000022990|obs_0000016372|obs_0000024702,
Tennessee Whiskey Liqueur,Jack Daniel s,"€ 15,99",,"pro Einheit = 19,99",,Nein,Gültig bis 04.04,2026-03-30,2026-04-04,../images/lidl/lidl_offer_073.jpg,"cat_getraenke,tag_ultra_processed",,,ref_000073,obs_0000028331|obs_0000017117|obs_0000016869|obs_0000001910|obs_0000001881|obs_0000002975|obs_0000014635,
Schoko-Bons XXL,Kinder,"€ 6,99",,"1 kg = 13,98",,Nein,Gültig bis 04.04,2026-03-30,2026-04-04,../images/lidl/lidl_offer_074.jpg,"cat_knabbern_naschen,tag_ultra_processed",,,ref_000074,obs_0000024708|obs_0000022964|obs_0000024077|obs_0000024491|obs_0000019198|obs_0000006740|obs_0000021208|obs_0000021701|obs_0000017732|obs_0000028227|obs_0000018145|obs_0000014120|obs_0000020389|obs_0000012763|obs_0000013967,obs_0000024708|obs_0000022964|obs_0000006740|obs_0000024077|obs_0000024491
Ostermischung,Milka,"€ 4,44",,"pro Einheit = 6,59",,Nein,Gültig bis 04.04,2026-03-30,2026-04-04,../images/lidl/lidl_offer_075.jpg,"cat_knabbern_naschen,tag_ultra_processed",,,ref_000075,,
Bailey s,Bailey s,"€ 9,99",,"pro Einheit = 13,99",,Nein,Gültig bis 04.04,2026-03-30,2026-04-04,../images/lidl/lidl_offer_076.jpg,cat_grundnahrung,,,ref_000076,,
Vodka,Absolut,"€ 10,99",,"pro Einheit = 14,99",,Nein,Gültig bis 04.04,2026-03-30,2026-04-04,../images/lidl/lidl_offer_077.jpg,cat_getraenke,,BLS-P712000,ref_000077,obs_0000020363|obs_0000012175|obs_0000009883|obs_0000034845|obs_0000019368|obs_0000015665|obs_0000021182|obs_0000028354|obs_0000009420|obs_0000022378|obs_0000034034|obs_0000035049|obs_0000008713|obs_0000012431|obs_0000013474|obs_0000009791|obs_0000008904|obs_0000002903|obs_0000024028|obs_0000026846|obs_0000009320|obs_0000011132|obs_0000024448|obs_0000003389|obs_0000002273|obs_0000005634|obs_0000019334|obs_0000028940|obs_0000026134|obs_0000013345|obs_0000020001|obs_0000010156|obs_0000014636|obs_0000007087|obs_0000008370|obs_0000005814|obs_0000006212|obs_0000030027|obs_0000006369|obs_0000018913|obs_0000007909|obs_0000006897|obs_0000027000|obs_0000006009|obs_0000029435|obs_0000032135|obs_0000018832|obs_0000026002|obs_0000029083|obs_0000007459,obs_0000035049|obs_0000008713|obs_0000020363|obs_0000012175|obs_0000012431|obs_0000009883|obs_0000034845|obs_0000013474|obs_0000019368|obs_0000015665|obs_0000021182|obs_0000009791|obs_0000028354|obs_0000006212|obs_0000008904|obs_0000030027|obs_0000009420|obs_0000002903|obs_0000024028|obs_0000026846|obs_0000007909|obs_0000009320|obs_0000022378|obs_0000034034|obs_0000011132|obs_0000024448
Veganes Vegetarisches Sortiment,Rügenwalder Mühle,"€ 2,49",,"pro Einheit = 3,29",,Nein,Gültig bis 04.04,2026-03-30,2026-04-04,,"cat_fleisch_wurst,diet_lactose_free,diet_vegan,diet_vegetarian,sub_fleischersatz,sub_wurst,tag_ultra_processed",,,ref_000078,obs_0000025843|obs_0000017345,obs_0000025843
Bueno,Kinder,"€ 4,59",,"1 kg = 17,79",,Nein,Gültig bis 04.04,2026-03-30,2026-04-04,../images/lidl/lidl_offer_079.jpg,"cat_knabbern_naschen,tag_ultra_processed",,,ref_000079,obs_0000015458|obs_0000024693|obs_0000010946|obs_0000013542|obs_0000023306|obs_0000022888|obs_0000006582|obs_0000012221|obs_0000021588|obs_0000006233|obs_0000030306|obs_0000007287|obs_0000033011|obs_0000032006|obs_0000017164|obs_0000020769|obs_0000015141|obs_0000025406|obs_0000029007|obs_0000019282|obs_0000005472|obs_0000018371|obs_0000022487|obs_0000010212|obs_0000016368|obs_0000026264|obs_0000018796|obs_0000009131|obs_0000010193|obs_0000017407|obs_0000028142,obs_0000006233|obs_0000015458|obs_0000030306|obs_0000024693|obs_0000007287|obs_0000010946|obs_0000013542|obs_0000032006|obs_0000023306|obs_0000029007|obs_0000005472|obs_0000022888|obs_0000006582|obs_0000012221
Cremfine,Rama,"€ 0,99",,"pro Einheit = 1,49",,Nein,Gültig bis 04.04,2026-03-30,2026-04-04,../images/lidl/lidl_offer_080.jpg,"cat_molkerei_kaese,diet_vegetarian,sub_butter_margarine,tag_ultra_processed",,,ref_000080,obs_0000024476|obs_0000025837|obs_0000024055|obs_0000034173|obs_0000034896,obs_0000025616|obs_0000008854|obs_0000024476|obs_0000016932|obs_0000023003|obs_0000017373|obs_0000028895|obs_0000010343|obs_0000025837|obs_0000024055|obs_0000034173
Weißkäse,Milbona,"€ 6,19",,"pro Einheit = 7,29",,Nein,Gültig bis 04.04,2026-03-30,2026-04-04,../images/lidl/lidl_offer_081.jpg,"cat_molkerei_kaese,diet_vegetarian,sub_kaese,sub_milchprodukte,sub_sahne_creme",,,ref_000081,obs_0000024720|obs_0000020771|obs_0000024949|obs_0000021590|obs_0000019623|obs_0000018483|obs_0000019319|obs_0000022010|obs_0000018604,obs_0000024720|obs_0000020771|obs_0000024949|obs_0000021590|obs_0000019623
Kashkaval Käse,Milbona,"€ 4,29",,"pro Einheit = 4,99",,Nein,Gültig bis 04.04,2026-03-30,2026-04-04,../images/lidl/lidl_offer_082.jpg,"cat_molkerei_kaese,diet_vegetarian,sub_kaese,sub_milchprodukte,sub_sahne_creme",,,ref_000082,obs_0000023803|obs_0000017890|obs_0000022147|obs_0000024226|obs_0000006457|obs_0000010631|obs_0000008883,obs_0000023803|obs_0000017890|obs_0000022147|obs_0000024226
Smarties Minis,Nestl,"€ 2,79",,"1 kg = 11,74",,Nein,Gültig bis 04.04,2026-03-30,2026-04-04,../images/lidl/lidl_offer_083.jpg,"cat_knabbern_naschen,diet_vegetarian,tag_ultra_processed",,,ref_000083,obs_0000027681|obs_0000033009|obs_0000018319|obs_0000010045|obs_0000009594|obs_0000025627|obs_0000025800|obs_0000024884|obs_0000016191|obs_0000012665|obs_0000019413|obs_0000022527|obs_0000019480|obs_0000015901|obs_0000013891|obs_0000019541|obs_0000012394|obs_0000011381|obs_0000015030|obs_0000016128|obs_0000011085|obs_0000022992|obs_0000013779|obs_0000013309,obs_0000027681|obs_0000033009|obs_0000010045|obs_0000009594|obs_0000018319
Basmati-Reis,reis-fit,"€ 1,29",,"pro Einheit = 1,89",,Nein,Gültig bis 04.04,2026-03-30,2026-04-04,../images/lidl/lidl_offer_084.jpg,"cat_grundnahrung,diet_vegan,sub_reis,tag_ultra_processed",,,ref_000084,obs_0000000654|obs_0000016448|obs_0000034019|obs_0000025848|obs_0000018450|obs_0000021525|obs_0000011928|obs_0000021789|obs_0000019373|obs_0000020706|obs_0000034830|obs_0000025115|obs_0000019357|obs_0000034213,obs_0000000654|obs_0000016448|obs_0000034019|obs_0000025848
Toscana Kräuter,Barilla,"€ 1,79",,"pro Einheit = 3,19",,Nein,Gültig bis 04.04,2026-03-30,2026-04-04,../images/lidl/lidl_offer_085.jpg,"cat_grundnahrung,diet_vegetarian,sub_kaese,sub_kraeuter,sub_milchprodukte,sub_nudeln",,,ref_000085,obs_0000012814|obs_0000000636|obs_0000002274|obs_0000009967|obs_0000002843|obs_0000009506|obs_0000011054|obs_0000034623|obs_0000001352|obs_0000013754,
Gold Knackige Mousse,Nestl,"€ 1,99",,"pro Einheit = 2,79",,Nein,Gültig bis 04.04,2026-03-30,2026-04-04,../images/lidl/lidl_offer_086.jpg,"cat_knabbern_naschen,diet_gluten_free,diet_lactose_free,diet_vegan,diet_vegetarian,tag_ultra_processed",,,ref_000086,obs_0000025835|obs_0000015380|obs_0000019981|obs_0000031776|obs_0000017492|obs_0000034007|obs_0000023259|obs_0000016658|obs_0000018773|obs_0000012629|obs_0000011104|obs_0000024444|obs_0000012669|obs_0000013227|obs_0000015276|obs_0000024017|obs_0000010721|obs_0000031712|obs_0000024558,obs_0000025835
Pesto Rosso,Barilla,"€ 1,88",,"1 kg = 9,40",,Nein,Gültig bis 04.04,2026-03-30,2026-04-04,../images/lidl/lidl_offer_087.jpg,"cat_grundnahrung,diet_lactose_free,diet_vegan,diet_vegetarian,sub_nudeln,tag_ultra_processed",,BLS-X3A7010,ref_000087,obs_0000025099|obs_0000003675|obs_0000018607|obs_0000023299|obs_0000014195|obs_0000015289|obs_0000015872|obs_0000030712|obs_0000001549|obs_0000020017|obs_0000002694|obs_0000000146|obs_0000016639|obs_0000011527|obs_0000019219|obs_0000011089|obs_0000019945,obs_0000030712
Salami Sticks XXL Klassik,Dulano,"€ 1,89",,"1 kg = 15,75",,Nein,Gültig bis 04.04,2026-03-30,2026-04-04,../images/lidl/lidl_offer_088.jpg,"cat_fleisch_wurst,sub_wurst,tag_ultra_processed",,,ref_000088,obs_0000016415|obs_0000025726|obs_0000024649|obs_0000011856|obs_0000011861|obs_0000014924|obs_0000016602|obs_0000008425|obs_0000016755|obs_0000025355|obs_0000017184|obs_0000017375|obs_0000025934|obs_0000034176|obs_0000010234|obs_0000010316|obs_0000002285|obs_0000026898|obs_0000002611|obs_0000019030|obs_0000011010|obs_0000002957|obs_0000003239|obs_0000019666|obs_0000003307|obs_0000028273|obs_0000020407|obs_0000012763|obs_0000021226|obs_0000013967|obs_0000005781|obs_0000014804|obs_0000031198|obs_0000014932|obs_0000023205|obs_0000015885|obs_0000007987|obs_0000008039|obs_0000016328,
Hofstück Riesling QbA Weißwein trocken,Deidesheimer Weinmanufaktur,"€ 3,99",,"pro Einheit = 4,99",,Nein,Gültig bis 04.04,2026-03-30,2026-04-04,../images/lidl/lidl_offer_089.jpg,"cat_getraenke,diet_vegetarian",,,ref_000089,obs_0000001462|obs_0000033826|obs_0000033828|obs_0000025153|obs_0000010309|obs_0000020555|obs_0000019740|obs_0000034633|obs_0000025421|obs_0000008015|obs_0000021374|obs_0000003513,
Red Label Blended Scotch Whisky,Johnnie Walker,"€ 10,99",,"pro Einheit = 15,99",,Nein,Gültig bis 04.04,2026-03-30,2026-04-04,../images/lidl/lidl_offer_090.jpg,cat_getraenke,,,ref_000090,obs_0000015920|obs_0000027198|obs_0000009835|obs_0000009375|obs_0000011578|obs_0000008414|obs_0000019341|obs_0000025014|obs_0000016700|obs_0000019797|obs_0000018908|obs_0000032263|obs_0000006715|obs_0000010241|obs_0000015917|obs_0000015070|obs_0000013536|obs_0000022836|obs_0000012693|obs_0000019878|obs_0000001464|obs_0000021660|obs_0000019683|obs_0000022321|obs_0000025396|obs_0000020841|obs_0000017864,obs_0000032263|obs_0000015920|obs_0000006715|obs_0000027198|obs_0000009835|obs_0000009375|obs_0000008414|obs_0000011578|obs_0000019341|obs_0000025014
Mundspülung,Listerine,"€ 6,49",,"pro Einheit = 7,49",,Nein,Gültig bis 04.04,2026-03-30,2026-04-04,../images/lidl/lidl_offer_091.jpg,cat_drogerie,,,ref_000091,obs_0000019462|obs_0000004878|obs_0000003471|obs_0000021262|obs_0000028825|obs_0000015520|obs_0000011170|obs_0000000811|obs_0000004024|obs_0000025658|obs_0000002627|obs_0000022997|obs_0000008535|obs_0000020443|obs_0000004451|obs_0000033606|obs_0000033399|obs_0000033318|obs_0000034861|obs_0000033842|obs_0000032843|obs_0000016771|obs_0000033539|obs_0000032142|obs_0000006946|obs_0000011615|obs_0000006245|obs_0000033311|obs_0000019235|obs_0000017702|obs_0000007922|obs_0000031051,obs_0000019462|obs_0000004878|obs_0000003471|obs_0000021262|obs_0000032142|obs_0000028825|obs_0000015520|obs_0000011170|obs_0000006946|obs_0000000811|obs_0000004024|obs_0000025658|obs_0000002627|obs_0000033606|obs_0000022997|obs_0000008535|obs_0000020443|obs_0000004451|obs_0000006245|obs_0000033399
Waschmittel XXL,Perwoll,"€ 12,99",,"pro Einheit = 0,17",,Nein,Gültig bis 04.04,2026-03-30,2026-04-04,../images/lidl/lidl_offer_092.jpg,cat_drogerie,,,ref_000092,obs_0000016665|obs_0000016462|obs_0000026760|obs_0000033445|obs_0000017352|obs_0000018481|obs_0000018563|obs_0000016706|obs_0000018843|obs_0000017753|obs_0000017788|obs_0000022438|obs_0000018449|obs_0000034866|obs_0000018542|obs_0000012454|obs_0000033069|obs_0000018794|obs_0000020846|obs_0000012763|obs_0000012875|obs_0000025217|obs_0000002728|obs_0000023244|obs_0000015109|obs_0000019384|obs_0000025598|obs_0000027703|obs_0000023646|obs_0000019568|obs_0000021665|obs_0000023748|obs_0000025812|obs_0000017654|obs_0000019827|obs_0000003486|obs_0000024174|obs_0000013946|obs_0000013967|obs_0000018152|obs_0000022331|obs_0000022340|obs_0000022410|obs_0000012181|obs_0000026568|obs_0000022520,obs_0000016462|obs_0000026760|obs_0000016665|obs_0000033445|obs_0000023314|obs_0000017352
Mini Würstchen XXL,Ferdi Fuchs,"€ 2,19",,"1 kg = 8,76",,Nein,Gültig bis 04.04,2026-03-30,2026-04-04,../images/lidl/lidl_offer_093.jpg,"cat_fleisch_wurst,sub_wurst,tag_ultra_processed",,,ref_000093,obs_0000025844|obs_0000023289|obs_0000017328|obs_0000025702|obs_0000018100|obs_0000013778|obs_0000013994|obs_0000014851|obs_0000017736|obs_0000018709|obs_0000031934|obs_0000017530|obs_0000009369|obs_0000009557|obs_0000026024|obs_0000018128|obs_0000010932|obs_0000012328|obs_0000012763|obs_0000013967|obs_0000006379|obs_0000016216,obs_0000017328|obs_0000025702|obs_0000025844|obs_0000018100|obs_0000005241|obs_0000029856|obs_0000029911|obs_0000013778|obs_0000013994|obs_0000014851|obs_0000023289|obs_0000031956
Knoblauch Brot,Block House,"€ 1,99",,"1 kg = 7,83",,Nein,Gültig bis 04.04,2026-03-30,2026-04-04,../images/lidl/lidl_offer_094.jpg,"cat_grundnahrung,diet_vegetarian",,BLS-G490100,ref_000094,obs_0000025972|obs_0000031626|obs_0000026282|obs_0000030436|obs_0000032494,obs_0000025972
Cashewkerne XXL,Alesto,"€ 5,79",,"1 kg = 11,58",,Nein,Gültig bis 04.04,2026-03-30,2026-04-04,../images/lidl/lidl_offer_095.jpg,"cat_knabbern_naschen,diet_gluten_free,diet_lactose_free,diet_vegan,diet_vegetarian,tag_whole_food",,BLS-H170100,ref_000095,obs_0000020770|obs_0000025645|obs_0000021589|obs_0000017937|obs_0000009587|obs_0000011800|obs_0000010037|obs_0000017933|obs_0000019047|obs_0000023783|obs_0000024203|obs_0000003559|obs_0000004333|obs_0000000269|obs_0000008514|obs_0000010715|obs_0000012763|obs_0000004760|obs_0000019120|obs_0000003123|obs_0000001471|obs_0000013967|obs_0000003906|obs_0000014187|obs_0000008174,obs_0000020770|obs_0000019047|obs_0000025645|obs_0000021589|obs_0000023783|obs_0000009587|obs_0000017937|obs_0000011800|obs_0000024203|obs_0000010037
Käse Flips,Snack Day,"€ 0,79",,"pro Einheit = 0,99",,Nein,Gültig bis 04.04,2026-03-30,2026-04-04,../images/lidl/lidl_offer_096.jpg,"cat_knabbern_naschen,sub_kaese,sub_milchprodukte,tag_ultra_processed",,,ref_000096,obs_0000015451|obs_0000008883|obs_0000006457|obs_0000010631,
Pils,Beck s,"€ 0,79",,"pro Einheit = 1,09",,Nein,Gültig bis 04.04,2026-03-30,2026-04-04,../images/lidl/lidl_offer_097.jpg,cat_getraenke,,BLS-X890662,ref_000097,obs_0000033823|obs_0000028759|obs_0000024176|obs_0000016578|obs_0000019656|obs_0000023756|obs_0000017247|obs_0000014202|obs_0000026062|obs_0000031740|obs_0000010755|obs_0000013338|obs_0000026170|obs_0000015941|obs_0000012871|obs_0000028275|obs_0000034423|obs_0000012448|obs_0000027329|obs_0000028878|obs_0000035035|obs_0000028408|obs_0000028937|obs_0000008467|obs_0000027944|obs_0000004922|obs_0000028500|obs_0000000370|obs_0000010120|obs_0000004495|obs_0000013819|obs_0000034708|obs_0000010165|obs_0000028614|obs_0000031695|obs_0000003041|obs_0000004068|obs_0000013339|obs_0000011995|obs_0000015090|obs_0000010756|obs_0000013836|obs_0000028695|obs_0000030755|obs_0000013350|obs_0000014397|obs_0000028734|obs_0000015938|obs_0000029763|obs_0000033895,obs_0000010755|obs_0000013338|obs_0000033823|obs_0000026170|obs_0000015941|obs_0000012871|obs_0000028759|obs_0000024176|obs_0000028275|obs_0000034423|obs_0000031390|obs_0000012448|obs_0000032443|obs_0000027329|obs_0000016578|obs_0000019656|obs_0000023756|obs_0000028878|obs_0000035035|obs_0000028408|obs_0000028937|obs_0000008467|obs_0000027944|obs_0000004922|obs_0000028500|obs_0000017247|obs_0000000370|obs_0000014202|obs_0000010120|obs_0000004495|obs_0000029071|obs_0000013819|obs_0000034708|obs_0000010165|obs_0000028614|obs_0000026062|obs_0000031695|obs_0000032728|obs_0000003041|obs_0000004068|obs_0000031740
Cashewkerne XXL,Alesto,"€ 5,79",,"1 kg = 11,58",,Nein,Gültig bis 04.04,2026-03-30,2026-04-04,../images/lidl/lidl_offer_098.jpg,"cat_knabbern_naschen,diet_gluten_free,diet_lactose_free,diet_vegan,diet_vegetarian,tag_whole_food",,BLS-H170100,ref_000098,obs_0000020770|obs_0000025645|obs_0000021589|obs_0000017937|obs_0000009587|obs_0000011800|obs_0000010037|obs_0000017933|obs_0000019047|obs_0000023783|obs_0000024203|obs_0000003559|obs_0000004333|obs_0000000269|obs_0000008514|obs_0000010715|obs_0000012763|obs_0000004760|obs_0000019120|obs_0000003123|obs_0000001471|obs_0000013967|obs_0000003906|obs_0000014187|obs_0000008174,obs_0000020770|obs_0000019047|obs_0000025645|obs_0000021589|obs_0000023783|obs_0000009587|obs_0000017937|obs_0000011800|obs_0000024203|obs_0000010037
Speyside Single Malt Scotch Whisky,Ben Bracken,"€ 13,99",,"pro Einheit = 17,99",,Nein,Gültig bis 04.04,2026-03-30,2026-04-04,../images/lidl/lidl_offer_099.jpg,"cat_getraenke,diet_vegetarian",,,ref_000099,obs_0000021544|obs_0000020725|obs_0000021815|obs_0000016229|obs_0000019846|obs_0000020040|obs_0000018230|obs_0000020859|obs_0000025011|obs_0000018878|obs_0000019418|obs_0000017414|obs_0000025948|obs_0000024920|obs_0000017072|obs_0000016202|obs_0000007258|obs_0000007456|obs_0000007090|obs_0000016836|obs_0000015919|obs_0000006718|obs_0000020036|obs_0000017533|obs_0000019629|obs_0000015074|obs_0000015075|obs_0000007908|obs_0000019243|obs_0000009008|obs_0000027476|obs_0000020855|obs_0000006010|obs_0000018845|obs_0000025037|obs_0000032741|obs_0000020037|obs_0000015490|obs_0000015072|obs_0000015073|obs_0000022321|obs_0000022835|obs_0000020856|obs_0000008607|obs_0000018872|obs_0000025019|obs_0000017864|obs_0000027605,obs_0000021544|obs_0000020040|obs_0000020725|obs_0000018230|obs_0000021815|obs_0000016229|obs_0000020859|obs_0000019846|obs_0000025011|obs_0000018878|obs_0000016836|obs_0000019418
ASC White Tiger Garnelen,Deluxe,"€ 9,99",,"1 kg = 13,88",,Nein,Gültig bis 04.04,2026-03-30,2026-04-04,../images/lidl/lidl_offer_100.jpg,cat_fisch_meeresfruechte,,,ref_000100,obs_0000022565|obs_0000023184|obs_0000016643|obs_0000018788|obs_0000017593|obs_0000026001|obs_0000008528|obs_0000008551|obs_0000034724|obs_0000007798|obs_0000000369|obs_0000004494|obs_0000004921|obs_0000001313|obs_0000003502|obs_0000001520|obs_0000003631|obs_0000004067,obs_0000022565|obs_0000016643|obs_0000008528|obs_0000018788|obs_0000008551|obs_0000023184|obs_0000017593|obs_0000026001|obs_0000007798|obs_0000034724
MSC Wildlachsfilet mit Spinatauflage,Deluxe,"€ 6,99",,"1 kg = 9,99",,Nein,Gültig bis 04.04,2026-03-30,2026-04-04,../images/lidl/lidl_offer_101.jpg,"cat_fisch_meeresfruechte,diet_lactose_free,tag_high_protein,tag_proteinreich",,,ref_000101,obs_0000024582|obs_0000024576|obs_0000016612|obs_0000018791|obs_0000019068|obs_0000017331|obs_0000013483,
ASC White Tiger Garnelenring,Deluxe,"€ 4,99",,"1 kg = 18,48",,Nein,Gültig bis 04.04,2026-03-30,2026-04-04,../images/lidl/lidl_offer_102.jpg,cat_fisch_meeresfruechte,,,ref_000102,obs_0000026001|obs_0000018716|obs_0000016819|obs_0000021085|obs_0000025472|obs_0000017738|obs_0000020266|obs_0000022565|obs_0000023184|obs_0000015827,obs_0000022565|obs_0000018716|obs_0000016819|obs_0000021085|obs_0000023184|obs_0000025472|obs_0000017738|obs_0000026001|obs_0000020266
MSC Grönlandgarnelen,Deluxe,"€ 8,99",,"1 kg = 9,99",,Nein,Gültig bis 04.04,2026-03-30,2026-04-04,../images/lidl/lidl_offer_103.jpg,cat_fisch_meeresfruechte,,,ref_000103,obs_0000025995|obs_0000017707|obs_0000016220,obs_0000017707|obs_0000025995|obs_0000016220
Argentinische Rotgarnelen,Deluxe,"€ 19,99",,"pro Einheit = 22,99",,Nein,Gültig bis 04.04,2026-03-30,2026-04-04,../images/lidl/lidl_offer_104.jpg,cat_fisch_meeresfruechte,,,ref_000104,obs_0000024581|obs_0000018790|obs_0000017775,obs_0000024581|obs_0000018790|obs_0000017775
Lachs in Blätterteig Dill,Deluxe,"€ 6,99",,"1 kg = 9,99",,Nein,Gültig bis 04.04,2026-03-30,2026-04-04,../images/lidl/lidl_offer_105.jpg,"cat_knabbern_naschen,tag_ultra_processed",,,ref_000105,obs_0000017378|obs_0000016181|obs_0000028714|obs_0000034939|obs_0000026822|obs_0000031458|obs_0000033739|obs_0000028096|obs_0000028407|obs_0000028591,obs_0000017378|obs_0000016181
ASC Geräucherte Dänische Lachsforelle,Deluxe,"€ 8,99",,"1 kg = 29,97",,Nein,Gültig bis 04.04,2026-03-30,2026-04-04,../images/lidl/lidl_offer_107.jpg,cat_fisch_meeresfruechte,,,ref_000106,obs_0000025986|obs_0000002076|obs_0000004207|obs_0000004634|obs_0000002626|obs_0000000613|obs_0000005061|obs_0000003016|obs_0000003385|obs_0000004109|obs_0000002415|obs_0000000400|obs_0000018868|obs_0000004536|obs_0000004963|obs_0000013294|obs_0000001200,obs_0000025986
Wolfsbarsch Loup de Mer,DELUXE,"€ 13,30",,"1 kg = 18,99",,Nein,Gültig bis 04.04,2026-03-30,2026-04-04,../images/lidl/lidl_offer_108.jpg,cat_fisch_meeresfruechte,,,ref_000107,obs_0000020565|obs_0000006513|obs_0000021384|obs_0000022104,
Zanderfilet-Portionen,Deluxe,"€ 6,99",,"1 kg = 15,53",,Nein,Gültig bis 04.04,2026-03-30,2026-04-04,../images/lidl/lidl_offer_109.jpg,"cat_fisch_meeresfruechte,tag_ultra_processed",,,ref_000108,,obs_0000018671|obs_0000016638|obs_0000017544
Doradenfilet,Deluxe,"€ 5,99",,"1 kg = 17,62",,Nein,Gültig bis 04.04,2026-03-30,2026-04-04,../images/lidl/lidl_offer_110.jpg,"cat_fisch_meeresfruechte,tag_high_protein,tag_proteinreich,tag_ultra_processed",,,ref_000109,,
ASC Isländischer Räucherlachs,Deluxe,"€ 2,69",,"1 kg = 26,90",,Nein,Gültig bis 04.04,2026-03-30,2026-04-04,../images/lidl/lidl_offer_111.jpg,cat_fisch_meeresfruechte,,,ref_000110,obs_0000016608|obs_0000021070|obs_0000025231|obs_0000017750|obs_0000020251|obs_0000028795|obs_0000008702|obs_0000002571|obs_0000031816|obs_0000003427|obs_0000005956|obs_0000001935|obs_0000001994,
MSC Felsenaustern,DELUXE,"€ 8,99",,"pro Einheit = 8,99",,Nein,Gültig bis 04.04,2026-03-30,2026-04-04,../images/lidl/lidl_offer_112.jpg,cat_knabbern_naschen,,,ref_000111,,
Barbarie Entenbrustfilet,Deluxe,"€ 5,10",,"1 kg = 16,99",,Nein,Gültig bis 04.04,2026-03-30,2026-04-04,../images/lidl/lidl_offer_114.jpg,"cat_fleisch_wurst,diet_gluten_free,diet_lactose_free,sub_gefluegel,tag_high_protein,tag_proteinreich",,,ref_000112,obs_0000018435|obs_0000018821|obs_0000017435|obs_0000004273|obs_0000002300|obs_0000004700|obs_0000003384|obs_0000003846|obs_0000028761|obs_0000028099,obs_0000018435|obs_0000004273|obs_0000002300|obs_0000018821|obs_0000004700|obs_0000017435|obs_0000003384|obs_0000003846
Sauerbraten in Sauce,Deluxe,"€ 13,99",,"pro Einheit = 13,99",,Nein,Gültig bis 04.04,2026-03-30,2026-04-04,../images/lidl/lidl_offer_115.jpg,"cat_grundnahrung,diet_vegan,diet_vegetarian",,BLS-Y162212,ref_000113,obs_0000008374|obs_0000035082|obs_0000011628|obs_0000013845|obs_0000012193|obs_0000034889|obs_0000010474|obs_0000008745|obs_0000008982|obs_0000013386|obs_0000011915,
Gemüsefond,Deluxe,"€ 1,39",,"1 l = 3,48",,Nein,Gültig bis 04.04,2026-03-30,2026-04-04,../images/lidl/lidl_offer_116.jpg,"cat_grundnahrung,diet_vegan,diet_vegetarian,sub_tk_gemuese,tag_ultra_processed",,,ref_000114,obs_0000031593,
Merino-Lammlachse,Deluxe,"€ 9,25",,"1 kg = 36,99",,Nein,Gültig bis 04.04,2026-03-30,2026-04-04,../images/lidl/lidl_offer_117.jpg,"cat_fisch_meeresfruechte,tag_proteinreich",,,ref_000115,obs_0000025794|obs_0000019530|obs_0000029207|obs_0000010044,
Deutsche Junge Ente,Deluxe,"€ 11,99",,"1 kg = 5,21",,Nein,Gültig bis 04.04,2026-03-30,2026-04-04,../images/lidl/lidl_offer_118.jpg,"cat_fleisch_wurst,sub_gefluegel,tag_whole_food",,,ref_000116,obs_0000025067|obs_0000021289|obs_0000020470|obs_0000002304|obs_0000028992|obs_0000004502|obs_0000008947|obs_0000004929|obs_0000003303|obs_0000027997|obs_0000004075|obs_0000014455|obs_0000008195|obs_0000005995,obs_0000025067|obs_0000021289|obs_0000020470
Deutsches Rinderfilet,Deluxe,"€ 29,99",,"pro Einheit = 29,99",,Nein,Gültig bis 04.04,2026-03-30,2026-04-04,../images/lidl/lidl_offer_119.jpg,"cat_fisch_meeresfruechte,sub_rind,tag_high_protein,tag_proteinreich",,,ref_000117,obs_0000019724|obs_0000030832|obs_0000028851|obs_0000031469|obs_0000011445|obs_0000009729|obs_0000018165,obs_0000019724
Junge Pute,Deluxe,"€ 19,99",,"1 kg = 5,55",,Nein,Gültig bis 04.04,2026-03-30,2026-04-04,../images/lidl/lidl_offer_120.jpg,"cat_fleisch_wurst,sub_gefluegel",,,ref_000118,obs_0000019330|obs_0000007211,obs_0000019330|obs_0000007211
Knusperente,Deluxe,"€ 5,99",,"1 kg = 18,72",,Nein,Gültig bis 04.04,2026-03-30,2026-04-04,../images/lidl/lidl_offer_121.jpg,"cat_knabbern_naschen,sub_gefluegel,tag_ultra_processed",,,ref_000119,obs_0000016398|obs_0000016564|obs_0000017020|obs_0000019385|obs_0000019677|obs_0000004373|obs_0000002543|obs_0000004800|obs_0000003210|obs_0000003946|obs_0000032500,obs_0000016398|obs_0000016564|obs_0000004373|obs_0000002543|obs_0000017020|obs_0000004800|obs_0000019385|obs_0000003210|obs_0000019677|obs_0000003946
Profiteroles,Deluxe,"€ 2,99",,"1 kg = 6,64",,Nein,Gültig bis 04.04,2026-03-30,2026-04-04,../images/lidl/lidl_offer_122.jpg,"cat_knabbern_naschen,tag_high_protein,tag_ultra_processed",,,ref_000120,obs_0000025036|obs_0000021286|obs_0000020467|obs_0000025940,
Softe Honigkugeln,Deluxe,"€ 4,49",,"1 kg = 19,11",,Nein,Gültig bis 04.04,2026-03-30,2026-04-04,,cat_knabbern_naschen,,,ref_000121,obs_0000018830|obs_0000020892|obs_0000025237|obs_0000017677|obs_0000025993|obs_0000019952|obs_0000020073,obs_0000018830|obs_0000020892|obs_0000025237|obs_0000017677|obs_0000025993|obs_0000019952|obs_0000020073
Frisches italienisches Dessert,Deluxe,"€ 1,49",,"1 kg = 14,90",,Nein,Gültig bis 04.04,2026-03-30,2026-04-04,,"cat_fleisch_wurst,sub_hackfleisch,tag_high_protein,tag_proteinreich",,,ref_000122,obs_0000004279|obs_0000000231|obs_0000004706|obs_0000003101|obs_0000003852|obs_0000018839|obs_0000017731|obs_0000012336|obs_0000004175|obs_0000014488|obs_0000010617|obs_0000000443|obs_0000018932|obs_0000004602|obs_0000016979|obs_0000005029|obs_0000015382|obs_0000013586|obs_0000009519|obs_0000015792|obs_0000017969|obs_0000009845|obs_0000022199,
Eierlikör,Deluxe,"€ 6,99",,"1 l = 13,98",,Nein,Gültig bis 04.04,2026-03-30,2026-04-04,../images/lidl/lidl_offer_125.jpg,"cat_getraenke,tag_ultra_processed",,BLS-P546000,ref_000123,obs_0000016404|obs_0000017254|obs_0000031000|obs_0000031382|obs_0000007082|obs_0000019494|obs_0000007453|obs_0000001697|obs_0000014136|obs_0000024625|obs_0000031010|obs_0000027076|obs_0000006370|obs_0000006896|obs_0000013605|obs_0000005636|obs_0000030390,obs_0000016404|obs_0000017254
Cappuccino Dessert,Deluxe,"€ 2,49",,"1 kg = 19,92",,Nein,Gültig bis 04.04,2026-03-30,2026-04-04,../images/lidl/lidl_offer_126.jpg,cat_grundnahrung,,,ref_000124,obs_0000018839|obs_0000017731|obs_0000012336|obs_0000004175|obs_0000014488|obs_0000010617|obs_0000000443|obs_0000018932|obs_0000004602|obs_0000027211|obs_0000016979|obs_0000027508|obs_0000005029|obs_0000015382|obs_0000013586|obs_0000009519|obs_0000015792|obs_0000017969|obs_0000009845|obs_0000022199,
Mini Dessertvariation,Deluxe,"€ 2,99",,"1 kg = 16,61",,Nein,Gültig bis 04.04,2026-03-30,2026-04-04,../images/lidl/lidl_offer_127.jpg,"cat_knabbern_naschen,tag_ultra_processed",,,ref_000125,obs_0000019378|obs_0000012328|obs_0000006379|obs_0000010932|obs_0000017530|obs_0000026024|obs_0000018128|obs_0000016216,obs_0000019378
Macarons,Deluxe,"€ 9,99",,"1 kg = 21,35",,Nein,Gültig bis 04.04,2026-03-30,2026-04-04,../images/lidl/lidl_offer_128.jpg,"cat_knabbern_naschen,tag_ultra_processed",,,ref_000126,obs_0000020659|obs_0000017092|obs_0000019301|obs_0000021478|obs_0000025630|obs_0000025999|obs_0000016237|obs_0000024555|obs_0000001094|obs_0000024006|obs_0000024430|obs_0000020009|obs_0000024521|obs_0000024623|obs_0000005933,obs_0000020659|obs_0000017092|obs_0000019301|obs_0000021478|obs_0000025630|obs_0000001094|obs_0000025999|obs_0000024006|obs_0000016237|obs_0000024430|obs_0000024555
Pistazien Sahnelikör,Deluxe,"€ 6,99",,"1 l = 13,98",,Nein,Gültig bis 04.04,2026-03-30,2026-04-04,../images/lidl/lidl_offer_129.jpg,"cat_knabbern_naschen,tag_ultra_processed",,,ref_000127,obs_0000016420|obs_0000018742|obs_0000019117|obs_0000017714|obs_0000004160|obs_0000000433|obs_0000004587|obs_0000005014|obs_0000001787,obs_0000016420|obs_0000018742|obs_0000019117|obs_0000017714
Mantuano Rum Geschenkpackung mit Glas,Botucal,"€ 19,99",,"1 l = 28,56",,Nein,Gültig bis 04.04,2026-03-30,2026-04-04,../images/lidl/lidl_offer_130.jpg,"cat_non_food,tag_ultra_processed",,,ref_000128,obs_0000006555|obs_0000025003|obs_0000027570|obs_0000017633,
Steirischer Vulkanland Prosciutto,Deluxe,"€ 2,99",,"1 kg = 29,90",,Nein,Gültig bis 04.04,2026-03-30,2026-04-04,../images/lidl/lidl_offer_131.jpg,"cat_fleisch_wurst,sub_schwein,sub_wurst,tag_high_protein,tag_proteinreich,tag_ultra_processed",,,ref_000129,,
Prosciutto di Parma D O P,Deluxe,"€ 4,99",,"1 kg = 33,27",,Nein,Gültig bis 04.04,2026-03-30,2026-04-04,../images/lidl/lidl_offer_132.jpg,"cat_fleisch_wurst,sub_schwein,sub_wurst,tag_high_protein,tag_proteinreich,tag_ultra_processed",,,ref_000130,obs_0000018819|obs_0000017379|obs_0000010384|obs_0000028839|obs_0000028274|obs_0000024565|obs_0000011451|obs_0000032565|obs_0000033752|obs_0000034569|obs_0000031527,obs_0000011451|obs_0000024565
Ziegenfrischkäse,Deluxe,"€ 3,99",,"1 kg = 26,60",,Nein,Gültig bis 04.04,2026-03-30,2026-04-04,../images/lidl/lidl_offer_133.jpg,"cat_molkerei_kaese,sub_kaese,sub_milchprodukte,tag_ultra_processed",,,ref_000131,obs_0000018925|obs_0000016333|obs_0000030893|obs_0000029502|obs_0000034573,
T te de Moine AOP Rosetten,Deluxe,"€ 3,99",,"1 kg = 39,90",,Nein,Gültig bis 04.04,2026-03-30,2026-04-04,../images/lidl/lidl_offer_134.jpg,"cat_knabbern_naschen,diet_vegetarian,tag_whole_food",,,ref_000132,obs_0000015808|obs_0000016731|obs_0000016893|obs_0000019261|obs_0000017266|obs_0000017302|obs_0000006804|obs_0000007553|obs_0000002207|obs_0000004270|obs_0000000226|obs_0000004697|obs_0000002673|obs_0000003688|obs_0000003843,obs_0000015808
Französische Käseplatte,Französische Käseplatte,"€ 14,99",,"1 kg = 23,06",,Nein,Gültig bis 04.04,2026-03-30,2026-04-04,../images/lidl/lidl_offer_135.jpg,"cat_molkerei_kaese,sub_kaese,sub_milchprodukte",,BLS-D490500,ref_000133,obs_0000019263|obs_0000019348|obs_0000034961|obs_0000016339|obs_0000025941|obs_0000024574|obs_0000021513|obs_0000020694|obs_0000022363,obs_0000019263
Italienische Wurstspezialitäten,Deluxe,"€ 2,79",,"1 kg = 27,90",,Nein,Gültig bis 04.04,2026-03-30,2026-04-04,../images/lidl/lidl_offer_136.jpg,"cat_fisch_meeresfruechte,sub_wurst",,,ref_000134,obs_0000016597|obs_0000019669|obs_0000014343|obs_0000009424|obs_0000011858|obs_0000013966|obs_0000009887,
Latte Macchiato Trüffel,Deluxe,"€ 4,49",,"1 kg = 22,45",,Nein,Gültig bis 04.04,2026-03-30,2026-04-04,../images/lidl/lidl_offer_137.jpg,"cat_knabbern_naschen,diet_vegetarian,sub_milchprodukte,tag_ultra_processed",,,ref_000135,obs_0000020675|obs_0000021494|obs_0000021777|obs_0000014212|obs_0000002395|obs_0000033274|obs_0000003198,
Gentle Men Eau de Parfum,Deluxe,"€ 6,99",,"1 l = 69,90",,Nein,Gültig bis 04.04,2026-03-30,2026-04-04,../images/lidl/lidl_offer_138.jpg,"cat_non_food,tag_ultra_processed",,,ref_000136,obs_0000019046|obs_0000002706,
Exklusive Ostereier-Auswahl,Deluxe,"€ 3,99",,"1 kg = 21,57",,Nein,Gültig bis 04.04,2026-03-30,2026-04-04,../images/lidl/lidl_offer_139.jpg,"cat_knabbern_naschen,diet_vegetarian",,,ref_000137,obs_0000019351|obs_0000018382,
Tartufo Dolce Pralinen Amaretto,Ori di Langa,"€ 3,99",,"1 kg = 39,90",,Nein,Gültig bis 04.04,2026-03-30,2026-04-04,../images/lidl/lidl_offer_140.jpg,"cat_knabbern_naschen,diet_gluten_free,diet_lactose_free,diet_vegan,diet_vegetarian,tag_ultra_processed",,,ref_000138,obs_0000019132|obs_0000026095,
6 Goldene Teeblumen,Deluxe,"€ 7,99",,"pro Einheit = 7,99",,Nein,Gültig bis 04.04,2026-03-30,2026-04-04,../images/lidl/lidl_offer_141.jpg,"cat_non_food,diet_gluten_free,diet_lactose_free,diet_vegan,diet_vegetarian",,,ref_000139,,
Grande R serve Champagner Brut,Nicolas Feuillatte,"€ 27,99",,"pro Einheit = 41,50",,Nein,Gültig bis 04.04,2026-03-30,2026-04-04,../images/lidl/lidl_offer_142.jpg,"cat_getraenke,tag_ultra_processed",,,ref_000140,obs_0000017075|obs_0000016879|obs_0000019747|obs_0000018887|obs_0000019757|obs_0000015932|obs_0000017995,
Pistazien Haselnuss Creme,Deluxe,"€ 2,99",,"1 kg = 15,74",,Nein,Gültig bis 04.04,2026-03-30,2026-04-04,../images/lidl/lidl_offer_143.jpg,"cat_knabbern_naschen,diet_vegetarian,tag_ultra_processed",,,ref_000141,obs_0000001746|obs_0000026774|obs_0000004160|obs_0000022597|obs_0000000433|obs_0000004587|obs_0000033360|obs_0000013141|obs_0000005014|obs_0000001243|obs_0000001787,
Akazienhonig,Deluxe,"€ 7,99",,"1 kg = 15,98",,Nein,Gültig bis 04.04,2026-03-30,2026-04-04,../images/lidl/lidl_offer_144.jpg,"cat_knabbern_naschen,tag_ultra_processed",,,ref_000142,obs_0000016750|obs_0000019173,obs_0000016750|obs_0000019173
Manuka Honig,Deluxe,"€ 16,99",,"1 kg = 67,96",,Nein,Gültig bis 04.04,2026-03-30,2026-04-04,../images/lidl/lidl_offer_145.jpg,cat_knabbern_naschen,,,ref_000143,obs_0000017010|obs_0000019292|obs_0000019951|obs_0000016199|obs_0000004198|obs_0000000463|obs_0000004625|obs_0000005052|obs_0000001190|obs_0000017124,obs_0000004198|obs_0000000463|obs_0000004625|obs_0000017010|obs_0000019292|obs_0000005052|obs_0000001190|obs_0000019951|obs_0000016199
Belgische Pralinenmischung in Geschenkverpackung,J D GROSS,"€ 3,99",,"1 kg = 15,96",,Nein,Gültig bis 04.04,2026-03-30,2026-04-04,../images/lidl/lidl_offer_146.jpg,"cat_knabbern_naschen,tag_ultra_processed",,,ref_000144,obs_0000002121|obs_0000002726,
Ganache Pralin s,Deluxe,"€ 3,99",,"1 kg = 30,69",,Nein,Gültig bis 04.04,2026-03-30,2026-04-04,../images/lidl/lidl_offer_147.jpg,"cat_knabbern_naschen,tag_ultra_processed",,,ref_000145,obs_0000019773|obs_0000012860|obs_0000011766|obs_0000015896|obs_0000034394|obs_0000034397,obs_0000019773
Roasted Beef,Deluxe,"€ 2,99",,"1 kg = 27,18",,Nein,Gültig bis 04.04,2026-03-30,2026-04-04,../images/lidl/lidl_offer_148.jpg,"cat_fleisch_wurst,sub_rind,tag_high_protein,tag_proteinreich",,,ref_000146,obs_0000033864,obs_0000018768|obs_0000017571
Steirische Käsespezialitäten,Deluxe,"€ 3,49",,"1 kg = 12,69",,Nein,Gültig bis 04.04,2026-03-30,2026-04-04,../images/lidl/lidl_offer_149.jpg,"cat_fisch_meeresfruechte,tag_ultra_processed",,,ref_000147,obs_0000016647|obs_0000019959|obs_0000016959|obs_0000019141|obs_0000023988|obs_0000024409,obs_0000016647|obs_0000019959
Spezialitäten vom Ib rico-Schwein,Deluxe,"€ 3,49",,"1 kg = 49,86",,Nein,Gültig bis 04.04,2026-03-30,2026-04-04,../images/lidl/lidl_offer_150.jpg,"cat_fleisch_wurst,sub_schwein,tag_ultra_processed",,,ref_000148,obs_0000019249|obs_0000011835|obs_0000013908|obs_0000001942,obs_0000019249|obs_0000011835|obs_0000013908
Pfeffer Bunt,Deluxe,"€ 3,99",,"1 kg = 46,94",,Nein,Gültig bis 04.04,2026-03-30,2026-04-04,../images/lidl/lidl_offer_151.jpg,"cat_knabbern_naschen,diet_gluten_free,diet_lactose_free,diet_vegan,diet_vegetarian,tag_ultra_processed",,,ref_000149,,
Salami,Deluxe,"€ 1,99",,"1 kg = 24,88",,Nein,Gültig bis 04.04,2026-03-30,2026-04-04,../images/lidl/lidl_offer_152.jpg,"cat_fleisch_wurst,sub_wurst,tag_ultra_processed",,BLS-W149300,ref_000150,obs_0000016602|obs_0000016755|obs_0000019030|obs_0000021226|obs_0000025355|obs_0000017184|obs_0000017375|obs_0000019666|obs_0000025934|obs_0000020407|obs_0000016328|obs_0000010316|obs_0000008425|obs_0000002285|obs_0000026898|obs_0000031198|obs_0000002611|obs_0000014932|obs_0000023205|obs_0000011010|obs_0000002957|obs_0000003239|obs_0000003307|obs_0000034176|obs_0000028273|obs_0000005781|obs_0000007987|obs_0000008039|obs_0000010234|obs_0000016555|obs_0000018890|obs_0000016914|obs_0000017264|obs_0000019326|obs_0000019516|obs_0000024566|obs_0000012289|obs_0000002038|obs_0000006181|obs_0000002087|obs_0000028742|obs_0000024649|obs_0000022633|obs_0000020648|obs_0000030892|obs_0000006334|obs_0000004340|obs_0000000274|obs_0000026927|obs_0000020829,obs_0000010316|obs_0000016602|obs_0000008425|obs_0000002285|obs_0000026898|obs_0000016755|obs_0000031198|obs_0000002611|obs_0000014932|obs_0000019030|obs_0000023205|obs_0000021226|obs_0000011010|obs_0000025355|obs_0000017184|obs_0000002957|obs_0000017375|obs_0000003239|obs_0000019666|obs_0000003307|obs_0000025934|obs_0000034176|obs_0000028273|obs_0000005781|obs_0000007987|obs_0000008039|obs_0000020407|obs_0000016328|obs_0000010234
Jam n Serrano Gran Reserva,Deluxe,"€ 1,99",,"1 kg = 28,43",,Nein,Gültig bis 04.04,2026-03-30,2026-04-04,../images/lidl/lidl_offer_153.jpg,"cat_getraenke,sub_schwein,sub_wurst",,,ref_000151,obs_0000016779|obs_0000019020|obs_0000004268|obs_0000000225|obs_0000004695|obs_0000003516|obs_0000003841|obs_0000019244|obs_0000017765|obs_0000002312|obs_0000034954|obs_0000033095|obs_0000021216|obs_0000013260|obs_0000015367|obs_0000007236|obs_0000021946|obs_0000034353|obs_0000020397|obs_0000034778|obs_0000026600|obs_0000018713|obs_0000021163|obs_0000017541|obs_0000019735|obs_0000022369|obs_0000020344,obs_0000004268|obs_0000000225|obs_0000016779|obs_0000019020|obs_0000004695|obs_0000019244|obs_0000017765|obs_0000003516|obs_0000003841
Bresaola della Valtellina g g A,Deluxe,"€ 2,99",,"1 kg = 37,38",,Nein,Gültig bis 04.04,2026-03-30,2026-04-04,../images/lidl/lidl_offer_154.jpg,"cat_knabbern_naschen,tag_ultra_processed",,,ref_000152,obs_0000019594|obs_0000025989|obs_0000017812|obs_0000004168|obs_0000000438|obs_0000004595|obs_0000002555|obs_0000002781|obs_0000005022|obs_0000003685,obs_0000019594|obs_0000025989|obs_0000017812
Cheddar,Deluxe,"€ 2,69",,"1 kg = 13,45",,Nein,Gültig bis 04.04,2026-03-30,2026-04-04,../images/lidl/lidl_offer_155.jpg,"cat_knabbern_naschen,tag_ultra_processed",,,ref_000153,obs_0000019626|obs_0000023809|obs_0000024233|obs_0000018212|obs_0000022379|obs_0000024569|obs_0000010460|obs_0000010630|obs_0000013135|obs_0000015389|obs_0000028382|obs_0000012197|obs_0000016335|obs_0000012806|obs_0000022106|obs_0000034571|obs_0000018233|obs_0000016330|obs_0000010422|obs_0000012808|obs_0000012841|obs_0000029449|obs_0000011049|obs_0000034271|obs_0000030450|obs_0000032543|obs_0000028451|obs_0000029536|obs_0000007340|obs_0000028410|obs_0000030492|obs_0000032601|obs_0000013324|obs_0000015678,obs_0000010460|obs_0000010630|obs_0000013135|obs_0000015389|obs_0000019626|obs_0000023809|obs_0000024233|obs_0000028382|obs_0000018212|obs_0000022379|obs_0000012197|obs_0000024569
Basilikum Rucola Pesto,Deluxe,"€ 1,99",,"1 kg = 10,47",,Nein,Gültig bis 04.04,2026-03-30,2026-04-04,../images/lidl/lidl_offer_156.jpg,"cat_getraenke,tag_ultra_processed",,,ref_000154,obs_0000019219|obs_0000020017|obs_0000000146|obs_0000018607|obs_0000016639|obs_0000025099|obs_0000023299|obs_0000011089|obs_0000031672|obs_0000015289|obs_0000011527|obs_0000001300|obs_0000030142|obs_0000019945|obs_0000015872|obs_0000001549|obs_0000003675|obs_0000001874|obs_0000014195,
Törtchen,Deluxe,"€ 1,99",,"1 kg = 16,58",,Nein,Gültig bis 04.04,2026-03-30,2026-04-04,../images/lidl/lidl_offer_157.jpg,"cat_knabbern_naschen,tag_ultra_processed",,BLS-D771900,ref_000155,obs_0000017726|obs_0000012844|obs_0000022795|obs_0000027026|obs_0000011922|obs_0000013302|obs_0000007495,obs_0000012844|obs_0000017726
Macadamia in Karamell mit Honig,Deluxe,"€ 2,99",,"1 kg = 23,00",,Nein,Gültig bis 04.04,2026-03-30,2026-04-04,../images/lidl/lidl_offer_158.jpg,"cat_knabbern_naschen,tag_ultra_processed",,,ref_000156,obs_0000016660|obs_0000018905|obs_0000017124,
Walnuss Kernöl,Deluxe,"€ 3,49",,"1 l = 13,96",,Nein,Gültig bis 04.04,2026-03-30,2026-04-04,../images/lidl/lidl_offer_159.jpg,"cat_knabbern_naschen,diet_gluten_free,diet_lactose_free,diet_vegan,diet_vegetarian,tag_ultra_processed,tag_whole_food",,,ref_000157,,
Griechisches Natives Olivenöl Extra Chania Kreta g g A,Renieris Estate,"€ 6,99",,"1 l = 13,98",,Nein,Gültig bis 04.04,2026-03-30,2026-04-04,../images/lidl/lidl_offer_160.jpg,"cat_grundnahrung,diet_gluten_free,diet_lactose_free,diet_vegan,diet_vegetarian,tag_whole_food",,,ref_000158,obs_0000017481|obs_0000025937|obs_0000018783|obs_0000002495|obs_0000028869|obs_0000003325|obs_0000019253|obs_0000014985|obs_0000021137|obs_0000000536|obs_0000025631|obs_0000022319|obs_0000021940|obs_0000012351|obs_0000011075|obs_0000020167|obs_0000028880|obs_0000025043|obs_0000020318|obs_0000000095|obs_0000014304|obs_0000013794|obs_0000015852|obs_0000020986,obs_0000025937
Alter Mirabellenbrand,ZÜNFTLER,"€ 8,49",,"1 l = 16,98",,Nein,Gültig bis 04.04,2026-03-30,2026-04-04,../images/lidl/lidl_offer_161.jpg,"cat_molkerei_kaese,sub_kaese",,,ref_000159,obs_0000017337,obs_0000017337
Avocado-Öl,Deluxe,"€ 4,49",,"1 l = 17,96",,Nein,Gültig bis 04.04,2026-03-30,2026-04-04,../images/lidl/lidl_offer_162.jpg,"cat_knabbern_naschen,tag_ultra_processed",,BLS-F502100,ref_000160,obs_0000000058|obs_0000018748|obs_0000029123|obs_0000020936|obs_0000029201|obs_0000008728|obs_0000000694|obs_0000017166|obs_0000027541|obs_0000027854|obs_0000001305|obs_0000034105|obs_0000020117|obs_0000034516|obs_0000014073|obs_0000030562,obs_0000019731
Osterlikör Vielfalt,Osterlikör Vielfalt,"€ 3,99",,"1 l = 19,95",,Nein,Gültig bis 04.04,2026-03-30,2026-04-04,../images/lidl/lidl_offer_163.jpg,"cat_getraenke,diet_vegetarian,tag_ultra_processed",,,ref_000161,obs_0000011352,
Corte al Passo Nero D Avola DOC Sicilia,Sansibar Deluxe,"€ 6,99",,"pro Einheit = 8,99",,Nein,Gültig bis 04.04,2026-03-30,2026-04-04,../images/lidl/lidl_offer_164.jpg,"cat_getraenke,tag_ultra_processed",,,ref_000162,,
Pinotage Rotwein trocken,Barista,"€ 7,99",,"pro Einheit = 11,00",,Nein,Gültig bis 04.04,2026-03-30,2026-04-04,../images/lidl/lidl_offer_165.jpg,"cat_getraenke,diet_lactose_free,diet_vegan,diet_vegetarian",,,ref_000163,obs_0000035018|obs_0000022167|obs_0000017860|obs_0000022832|obs_0000033826|obs_0000008611,
Premier Cru Champagner brut,Bissinger Co,"€ 24,99",,"pro Einheit = 29,99",,Nein,Gültig bis 04.04,2026-03-30,2026-04-04,../images/lidl/lidl_offer_166.jpg,"cat_getraenke,tag_ultra_processed",,,ref_000164,obs_0000019536|obs_0000019757|obs_0000015932|obs_0000017995,
Cava Schaumwein brut nature,Arestel,"€ 6,99",,"pro Einheit = 9,99",,Nein,Gültig bis 04.04,2026-03-30,2026-04-04,../images/lidl/lidl_offer_167.jpg,cat_getraenke,,,ref_000165,obs_0000008009,
Lugana DOP Weißwein trocken,Ca del Lago,"€ 8,99",,"1 l = 11,99",,Nein,Gültig bis 04.04,2026-03-30,2026-04-04,../images/lidl/lidl_offer_168.jpg,cat_getraenke,,,ref_000166,obs_0000022305|obs_0000016192|obs_0000024925|obs_0000017309|obs_0000017865|obs_0000033826|obs_0000025153|obs_0000021586|obs_0000028821|obs_0000019109|obs_0000020767|obs_0000019745|obs_0000025424|obs_0000003514,
Sessantanni Primitivo di Manduria DOP,San Marzano,"€ 17,90",,"pro Einheit = 19,99",,Nein,Gültig bis 04.04,2026-03-30,2026-04-04,../images/lidl/lidl_offer_169.jpg,"cat_getraenke,diet_vegetarian",,,ref_000167,obs_0000019818|obs_0000026651|obs_0000026260|obs_0000016152|obs_0000019742|obs_0000024916|obs_0000024601|obs_0000023228|obs_0000028938|obs_0000003503|obs_0000027208|obs_0000027780|obs_0000034038|obs_0000026098,obs_0000019818
Planteray Rum XO 20th Anniversary,Planteray Rum XO 20th Anniversary,"€ 39,99",,"1 l = 57,13",,Nein,Gültig bis 04.04,2026-03-30,2026-04-04,../images/lidl/lidl_offer_170.jpg,cat_non_food,,,ref_000168,obs_0000000140|obs_0000017633|obs_0000006555|obs_0000025003|obs_0000027570,
Single Malt Scotch Whisky 10 Jahre,BenRiach,"€ 29,99",,"pro Einheit = 37,99",,Nein,Gültig bis 04.04,2026-03-30,2026-04-04,../images/lidl/lidl_offer_171.jpg,"cat_getraenke,diet_vegetarian",,,ref_000169,obs_0000017533|obs_0000015074|obs_0000018845|obs_0000015919|obs_0000020036|obs_0000019629|obs_0000020855|obs_0000025037|obs_0000024920|obs_0000020037|obs_0000020040|obs_0000017072|obs_0000018230|obs_0000016202|obs_0000020856|obs_0000020859|obs_0000008607|obs_0000025011|obs_0000018872|obs_0000025019|obs_0000018878|obs_0000019418|obs_0000017414|obs_0000021544|obs_0000017449|obs_0000007258|obs_0000020725|obs_0000007456|obs_0000021815|obs_0000025948|obs_0000018807|obs_0000007090|obs_0000016836|obs_0000024593|obs_0000024596|obs_0000006718|obs_0000016479|obs_0000017011|obs_0000015075|obs_0000007908|obs_0000018689|obs_0000009994|obs_0000019243|obs_0000009008|obs_0000009532|obs_0000027476|obs_0000016728|obs_0000016229|obs_0000017255|obs_0000006010,obs_0000020036|obs_0000017533|obs_0000019629|obs_0000015074|obs_0000020855|obs_0000018845|obs_0000025037
Highland Single Malt Scotch Whisky 15 Jahre,Glenfarclas,"€ 59,99",,"pro Einheit = 79,90",,Nein,Gültig bis 04.04,2026-03-30,2026-04-04,../images/lidl/lidl_offer_172.jpg,"cat_getraenke,diet_vegetarian",,,ref_000170,obs_0000015919|obs_0000008607|obs_0000018872|obs_0000017414|obs_0000025948|obs_0000024593|obs_0000024596|obs_0000006718|obs_0000020036|obs_0000017533|obs_0000019629|obs_0000015074|obs_0000020855|obs_0000018845|obs_0000025037|obs_0000018689|obs_0000016728|obs_0000017255|obs_0000017811|obs_0000024920|obs_0000016430|obs_0000020037|obs_0000020040|obs_0000018029|obs_0000017072|obs_0000017141|obs_0000018230|obs_0000016202|obs_0000024915|obs_0000025945|obs_0000020856|obs_0000018810|obs_0000020859|obs_0000025011|obs_0000025019|obs_0000018878|obs_0000019418|obs_0000017398|obs_0000021544|obs_0000017449|obs_0000007258|obs_0000020725|obs_0000007456|obs_0000021815|obs_0000018807|obs_0000014252|obs_0000007090|obs_0000016836|obs_0000023263|obs_0000022895,obs_0000024596|obs_0000020037|obs_0000020856|obs_0000008607|obs_0000018872|obs_0000025019
Islay Dry Gin,The Botanist,"€ 24,99",,"pro Einheit = 37,99",,Nein,Gültig bis 04.04,2026-03-30,2026-04-04,../images/lidl/lidl_offer_173.jpg,cat_getraenke,,,ref_000171,obs_0000035048|obs_0000034843|obs_0000012864|obs_0000021131|obs_0000008342|obs_0000008385|obs_0000017090|obs_0000016107|obs_0000021753|obs_0000014631|obs_0000016177|obs_0000011573|obs_0000020312|obs_0000023420|obs_0000016267|obs_0000017315|obs_0000014250|obs_0000013765|obs_0000009168|obs_0000010741|obs_0000019615|obs_0000026929|obs_0000015697,
Blended Scotch Whisky 12 Jahre,Chivas Regal,"€ 22,99",,"pro Einheit = 29,99",,Nein,Gültig bis 04.04,2026-03-30,2026-04-04,../images/lidl/lidl_offer_174.jpg,cat_non_food,,,ref_000172,obs_0000019464|obs_0000008271|obs_0000010241|obs_0000013536|obs_0000012693|obs_0000015917|obs_0000015070|obs_0000022836|obs_0000019878|obs_0000001464|obs_0000020036|obs_0000019629|obs_0000016700|obs_0000019797|obs_0000020855|obs_0000025037|obs_0000020037|obs_0000021660|obs_0000019683|obs_0000022321|obs_0000025396|obs_0000024915|obs_0000020841|obs_0000020856|obs_0000018810|obs_0000008607|obs_0000018872|obs_0000025019|obs_0000017864|obs_0000017398|obs_0000034840,obs_0000019464|obs_0000008271
Riesling R serve QbA Weißwein trocken,Deidesheimer Weinmanufaktur,"€ 7,77",,"pro Einheit = 12,99",,Nein,Gültig bis 04.04,2026-03-30,2026-04-04,../images/lidl/lidl_offer_175.jpg,cat_getraenke,,,ref_000173,obs_0000001462|obs_0000017231|obs_0000016872|obs_0000033826|obs_0000025153,
Uralt Weinbrand 36 Vol,Asbach,"€ 9,99",,"1 l = 14,27",,Nein,Gültig bis 04.04,2026-03-30,2026-04-04,../images/lidl/lidl_offer_176.jpg,cat_getraenke,,,ref_000174,obs_0000014259|obs_0000028747|obs_0000025953|obs_0000011978|obs_0000013956|obs_0000012429|obs_0000022175|obs_0000008751|obs_0000011322|obs_0000009922|obs_0000017877|obs_0000015064|obs_0000014815|obs_0000010743,
Legacy,Old St Croix,"€ 36,99",,"pro Einheit = 44,99",,Nein,Gültig bis 04.04,2026-03-30,2026-04-04,../images/lidl/lidl_offer_177.jpg,"cat_non_food,diet_lactose_free,diet_vegan,diet_vegetarian,tag_ultra_processed",,,ref_000175,,
51 Anis e,Pastis,"€ 13,99",,"pro Einheit = 17,99",,Nein,Gültig bis 04.04,2026-03-30,2026-04-04,../images/lidl/lidl_offer_178.jpg,"cat_grundnahrung,diet_vegetarian,sub_nudeln",,,ref_000176,,
MSC Hummerschwänze,Sansibar Deluxe,"€ 17,99",,"1 kg = 74,96",,Nein,Gültig bis 04.04,2026-03-30,2026-04-04,../images/lidl/lidl_offer_179.jpg,"cat_fisch_meeresfruechte,tag_ultra_processed",,,ref_000177,,obs_0000019274
Lammkrone,Sansibar Deluxe,"€ 20,00",,"1 kg = 39,99",,Nein,Gültig bis 04.04,2026-03-30,2026-04-04,../images/lidl/lidl_offer_180.jpg,"cat_knabbern_naschen,tag_ultra_processed",,,ref_000178,obs_0000034324|obs_0000033940,obs_0000034324|obs_0000033940
Seeteufel,Sansibar Deluxe,"€ 5,99",,"1 kg = 14,98",,Nein,Gültig bis 04.04,2026-03-30,2026-04-04,../images/lidl/lidl_offer_181.jpg,"cat_knabbern_naschen,tag_ultra_processed",,BLS-T070100,ref_000179,obs_0000031752|obs_0000019703,obs_0000019703
MSC Steinbeisser Filetportionen,Sansibar Deluxe,"€ 7,49",,"1 kg = 16,64",,Nein,Gültig bis 04.04,2026-03-30,2026-04-04,../images/lidl/lidl_offer_182.jpg,"cat_fisch_meeresfruechte,tag_ultra_processed",,,ref_000180,obs_0000019276,obs_0000019276
MSC Schwarzer Heilbutt Filetportionen,Sansibar Deluxe,"€ 5,99",,"1 kg = 15,13",,Nein,Gültig bis 04.04,2026-03-30,2026-04-04,../images/lidl/lidl_offer_183.jpg,"cat_fisch_meeresfruechte,tag_ultra_processed",,,ref_000181,obs_0000019478|obs_0000015787|obs_0000010434|obs_0000008436|obs_0000006677|obs_0000005404,obs_0000019478
Räucherlachs Ländertrio,Sansibar Deluxe,"€ 6,99",,"1 kg = 29,13",,Nein,Gültig bis 04.04,2026-03-30,2026-04-04,../images/lidl/lidl_offer_184.jpg,cat_fisch_meeresfruechte,,,ref_000182,obs_0000002571|obs_0000001935|obs_0000025231|obs_0000020251|obs_0000005956|obs_0000031816|obs_0000001994|obs_0000021070|obs_0000017750|obs_0000016608|obs_0000003427|obs_0000028795|obs_0000008702,
Lachs Carpaccio,Sansibar Deluxe,"€ 3,99",,"1 kg = 26,60",,Nein,Gültig bis 04.04,2026-03-30,2026-04-04,../images/lidl/lidl_offer_185.jpg,"cat_fisch_meeresfruechte,tag_high_protein,tag_proteinreich",,,ref_000183,obs_0000007819|obs_0000002141|obs_0000002789|obs_0000002558|obs_0000034939|obs_0000033739|obs_0000024550|obs_0000007408,obs_0000007819|obs_0000002141|obs_0000002789|obs_0000002558
Feine Schokoladenfiguren,Favorina,"€ 1,39",,"pro Einheit = 1,79",,Nein,Gültig bis 04.04,2026-03-30,2026-04-04,../images/lidl/lidl_offer_186.jpg,"cat_knabbern_naschen,diet_vegetarian,tag_ultra_processed",,,ref_000184,obs_0000016582|obs_0000016692|obs_0000017139|obs_0000017200,obs_0000016582|obs_0000016692|obs_0000017139|obs_0000017200
Sitzhase mit Schleife,Favorina,"€ 2,19",,"pro Einheit = 2,99",,Nein,Gültig bis 04.04,2026-03-30,2026-04-04,../images/lidl/lidl_offer_187.jpg,"cat_knabbern_naschen,tag_ultra_processed",,,ref_000185,,
Kleine Schokoladenkäfer,FAVORINA,"€ 1,89",,"pro Einheit = 2,49",,Nein,Gültig bis 04.04,2026-03-30,2026-04-04,../images/lidl/lidl_offer_188.jpg,"cat_knabbern_naschen,diet_vegetarian,tag_ultra_processed",,,ref_000186,,
Essbares Ostergras,HOCH,"€ 0,79",,"1 kg = 26,33",,Nein,Gültig bis 04.04,2026-03-30,2026-04-04,../images/lidl/lidl_offer_189.jpg,cat_non_food,,,ref_000187,,
Ostereier,Ostereier,"€ 2,99",,"pro Einheit = 3,99",,Nein,Gültig bis 04.04,2026-03-30,2026-04-04,../images/lidl/lidl_offer_190.jpg,"cat_non_food,tag_ultra_processed",,,ref_000188,obs_0000001706|obs_0000001710,
Bloom your room-Grünpflanzen,Bloom your room-Grünpflanzen,"€ 3,99",,"pro Einheit = 3,99",,Nein,Gültig bis 04.04,2026-03-30,2026-04-04,../images/lidl/lidl_offer_191.jpg,cat_non_food,,,ref_000189,obs_0000018120|obs_0000027434|obs_0000010568,
Dipladenia,Dipladenia,"€ 6,99",,"pro Einheit = 6,99",,Nein,Gültig bis 04.04,2026-03-30,2026-04-04,../images/lidl/lidl_offer_192.jpg,"cat_non_food,tag_ultra_processed",,,ref_000190,obs_0000001593,
Bunter Osterstrauß,Bunter Osterstrauß,"€ 9,99",,"pro Einheit = 9,99",,Nein,Gültig bis 04.04,2026-03-30,2026-04-04,../images/lidl/lidl_offer_193.jpg,"cat_non_food,tag_ultra_processed",,,ref_000191,,
Schmetterlingsorchidee,Schmetterlingsorchidee,"€ 7,99",,"pro Einheit = 7,99",,Nein,Gültig bis 04.04,2026-03-30,2026-04-04,../images/lidl/lidl_offer_194.jpg,"cat_non_food,tag_ultra_processed",,,ref_000192,obs_0000024903|obs_0000024110|obs_0000025772|obs_0000022325|obs_0000018587,obs_0000024903|obs_0000025772|obs_0000024110|obs_0000022325|obs_0000018587
Chrysanthemen in Geschenkverpackung,Chrysanthemen in Geschenkverpackung,"€ 5,99",,"pro Einheit = 5,99",,Nein,Gültig bis 04.04,2026-03-30,2026-04-04,../images/lidl/lidl_offer_195.jpg,"cat_non_food,tag_ultra_processed",,,ref_000193,obs_0000008213|obs_0000004636|obs_0000002121|obs_0000004209|obs_0000003226|obs_0000002726|obs_0000002382|obs_0000005063|obs_0000000470,
Margeritenbusch,Margeritenbusch,"€ 4,99",,"pro Einheit = 4,99",,Nein,Gültig bis 04.04,2026-03-30,2026-04-04,../images/lidl/lidl_offer_196.jpg,cat_non_food,,,ref_000194,,
Berliner mit Mehrfruchtfüllung,Berliner mit Mehrfruchtfüllung,"€ 0,90",,"pro Einheit = 1,35",,Nein,Gültig bis 04.04,2026-03-30,2026-04-04,../images/lidl/lidl_offer_198.jpg,"cat_knabbern_naschen,tag_ultra_processed",,,ref_000195,obs_0000016385|obs_0000016175|obs_0000001332|obs_0000030343|obs_0000030604,obs_0000016385
Pizza Donut Margherita,Pizza Donut Margherita,"€ 0,99",,"pro Einheit = 0,99",,Nein,Gültig bis 04.04,2026-03-30,2026-04-04,../images/lidl/lidl_offer_199.jpg,"cat_tiefkuehl,sub_tk_pizza,tag_ultra_processed",,BLS-X912033,ref_000196,obs_0000027771|obs_0000010444|obs_0000028924|obs_0000011520|obs_0000034187|obs_0000013342|obs_0000000038|obs_0000027178|obs_0000003772|obs_0000013341|obs_0000006257|obs_0000023186|obs_0000005308|obs_0000025810|obs_0000005867|obs_0000010530,
Oster Berliner,Oster Berliner,"€ 2,99",,"1 kg = 8,31",,Nein,Gültig bis 04.04,2026-03-30,2026-04-04,../images/lidl/lidl_offer_200.jpg,"cat_knabbern_naschen,tag_ultra_processed",,,ref_000197,obs_0000030343|obs_0000030604|obs_0000001332,
Johannisbeer-Streuseltaler,Johannisbeer-Streuseltaler,"€ 1,99",,"1 kg = 6,63",,Nein,Gültig bis 04.04,2026-03-30,2026-04-04,../images/lidl/lidl_offer_201.jpg,cat_non_food,,,ref_000198,,
Bauernbaguette,Bauernbaguette,"€ 0,59",,"pro Einheit = 0,79",,Nein,Gültig bis 04.04,2026-03-30,2026-04-04,../images/lidl/lidl_offer_202.jpg,"cat_grundnahrung,diet_vegetarian",,,ref_000199,obs_0000008722|obs_0000025854,obs_0000008722|obs_0000025854
Hefeteig-Osterhase,Hefeteig-Osterhase,"€ 1,19",,"pro Einheit = 1,19",,Nein,Gültig bis 04.04,2026-03-30,2026-04-04,../images/lidl/lidl_offer_203.jpg,"cat_knabbern_naschen,tag_ultra_processed",,,ref_000200,obs_0000001703|obs_0000001708|obs_0000024716|obs_0000024717|obs_0000013811,
Norwegische Lachsseite,Fischerstolz,"€ 13,29",,"1 kg = 13,29",,Nein,Gültig bis 04.04,2026-03-30,2026-04-04,../images/lidl/lidl_offer_204.jpg,"cat_fisch_meeresfruechte,tag_high_protein,tag_proteinreich",,,ref_000201,obs_0000023716|obs_0000024141|obs_0000024670|obs_0000017058|obs_0000016331|obs_0000018906|obs_0000018663|obs_0000021994,obs_0000017058|obs_0000023716|obs_0000022953|obs_0000025785|obs_0000016331|obs_0000024141|obs_0000018906|obs_0000024670|obs_0000018663|obs_0000021994
Frische Schweine-Schnitzel,Metzgerfrisch,"€ 3,99",,"pro Einheit = 5,49",,Nein,Gültig bis 04.04,2026-03-30,2026-04-04,../images/lidl/lidl_offer_205.jpg,"cat_fleisch_wurst,sub_gefluegel,sub_schwein",,,ref_000202,obs_0000020926|obs_0000025313|obs_0000020107|obs_0000026970|obs_0000027265|obs_0000026158|obs_0000030904|obs_0000031535|obs_0000031586|obs_0000007837|obs_0000000700|obs_0000005251|obs_0000001521,
Frische Hähnchenbrustfilets,Metzgerfrisch,"€ 12,99",,"1 kg = 8,66",,Nein,Gültig bis 04.04,2026-03-30,2026-04-04,../images/lidl/lidl_offer_206.jpg,"cat_fleisch_wurst,sub_gefluegel,tag_high_protein,tag_proteinreich",,,ref_000203,obs_0000022567,obs_0000029218|obs_0000029274|obs_0000025784
Frisches Hackfleisch gemischt,Metzgerfrisch,"€ 8,69",,"1 kg = 5,79",,Nein,Gültig bis 04.04,2026-03-30,2026-04-04,../images/lidl/lidl_offer_207.jpg,"cat_fleisch_wurst,sub_gefluegel,sub_hackfleisch,sub_rind,sub_schwein,tag_high_protein,tag_proteinreich",,,ref_000204,obs_0000016944|obs_0000021126|obs_0000017204|obs_0000025678|obs_0000023720|obs_0000024142|obs_0000018085|obs_0000022287|obs_0000020307|obs_0000022954|obs_0000025790|obs_0000018612|obs_0000023717|obs_0000019652|obs_0000017754|obs_0000024145|obs_0000014463|obs_0000030894|obs_0000030922|obs_0000006355|obs_0000030962|obs_0000026963|obs_0000008856|obs_0000006874|obs_0000031538|obs_0000031582|obs_0000007077|obs_0000027617|obs_0000009222|obs_0000009248|obs_0000029783|obs_0000033883|obs_0000027808|obs_0000011430|obs_0000029892|obs_0000009575|obs_0000028033|obs_0000030174|obs_0000009702|obs_0000005620|obs_0000030269|obs_0000005797|obs_0000034536|obs_0000012282|obs_0000022568|obs_0000010463|obs_0000012768|obs_0000000505|obs_0000014917|obs_0000029288,obs_0000025790
Schweine-Spare Ribs,Grillmeister,"€ 4,72",,"pro Einheit = 6,29",,Nein,Gültig bis 04.04,2026-03-30,2026-04-04,../images/lidl/lidl_offer_208.jpg,"cat_fleisch_wurst,sub_schwein",,,ref_000205,obs_0000023242|obs_0000016961|obs_0000019179|obs_0000017346|obs_0000023589|obs_0000006708|obs_0000022858,obs_0000023242
Frische Bratwurst Merguez,Grillmeister,"€ 4,44",,"pro Einheit = 5,49",,Nein,Gültig bis 04.04,2026-03-30,2026-04-04,../images/lidl/lidl_offer_209.jpg,"cat_fleisch_wurst,sub_wurst",,,ref_000206,obs_0000016533|obs_0000023367|obs_0000006701|obs_0000026247|obs_0000006539|obs_0000007634,
Maishähnchen-Filet,Deluxe,"€ 4,20",,"1 kg = 13,99",,Nein,Gültig bis 04.04,2026-03-30,2026-04-04,../images/lidl/lidl_offer_210.jpg,"cat_fisch_meeresfruechte,sub_gefluegel,tag_high_protein,tag_proteinreich",,BLS-V416100,ref_000207,obs_0000017174|obs_0000016204|obs_0000028791,obs_0000017174|obs_0000016204
Australische Lamm-Keule,Deluxe,"€ 11,99",,"pro Einheit = 11,99",,Nein,Gültig bis 04.04,2026-03-30,2026-04-04,../images/lidl/lidl_offer_211.jpg,"cat_fleisch_wurst,tag_proteinreich",,,ref_000208,obs_0000032570,obs_0000016804|obs_0000017173|obs_0000017691
Chili,Bioland,"€ 4,38",,"pro Einheit = 19,89",,Nein,Gültig bis 04.04,2026-03-30,2026-04-04,../images/lidl/lidl_offer_212.jpg,"cat_molkerei_kaese,diet_lactose_free,diet_vegetarian,tag_ultra_processed",,,ref_000209,obs_0000010179|obs_0000034590|obs_0000012841|obs_0000028863|obs_0000001103|obs_0000035013|obs_0000019842|obs_0000024470|obs_0000024891|obs_0000025969|obs_0000024053|obs_0000010917|obs_0000034687|obs_0000017478|obs_0000030335|obs_0000007914,
Le Campagnier,Meine Käserei,"€ 3,42",,"1 kg = 23,89",,Nein,Gültig bis 04.04,2026-03-30,2026-04-04,../images/lidl/lidl_offer_213.jpg,"cat_molkerei_kaese,sub_kaese,sub_milchprodukte",,,ref_000210,,
Kronprinz Rudolph,MEINE KÄSEREI,"€ 3,68",,"1 kg = 19,89",,Nein,Gültig bis 04.04,2026-03-30,2026-04-04,../images/lidl/lidl_offer_214.jpg,"cat_molkerei_kaese,sub_kaese,sub_milchprodukte,tag_ultra_processed",,,ref_000211,,
Länder-Käselektion,MEINE KÄSEREI,"€ 4,49",,"1 kg = 24,89",,Nein,Gültig bis 04.04,2026-03-30,2026-04-04,../images/lidl/lidl_offer_215.jpg,"cat_molkerei_kaese,sub_kaese,sub_milchprodukte",,,ref_000212,,obs_0000018956|obs_0000016514|obs_0000017212
Garten Kräuterkäse,Bioland,"€ 4,38",,"1 kg = 19,89",,Nein,Gültig bis 04.04,2026-03-30,2026-04-04,../images/lidl/lidl_offer_216.jpg,"cat_molkerei_kaese,sub_kaese,sub_milchprodukte,sub_schwein",,,ref_000213,,
Leberwurst Grob,Dulano,"€ 1,29",,"1 kg = 7,37",,Nein,Gültig bis 04.04,2026-03-30,2026-04-04,../images/lidl/lidl_offer_217.jpg,"cat_fleisch_wurst,sub_wurst,tag_ultra_processed",,,ref_000214,obs_0000024223|obs_0000023801|obs_0000019440|obs_0000003643|obs_0000014468|obs_0000011436|obs_0000013053|obs_0000026900|obs_0000028438|obs_0000026452|obs_0000028508|obs_0000010597|obs_0000012655|obs_0000013762|obs_0000028622|obs_0000026066|obs_0000031720,
Delikatess Hähnchenbrust,Dulano,"€ 1,59",,"1 kg = 15,90",,Nein,Gültig bis 04.04,2026-03-30,2026-04-04,../images/lidl/lidl_offer_218.jpg,"cat_fleisch_wurst,diet_lactose_free,sub_gefluegel,tag_high_protein,tag_proteinreich,tag_ultra_processed",,,ref_000215,obs_0000024652|obs_0000024225|obs_0000025321|obs_0000023799|obs_0000017968|obs_0000022638|obs_0000019628|obs_0000007426,obs_0000017968|obs_0000024652|obs_0000024225|obs_0000025321|obs_0000023799
Delikatess Lachsschinken,Dulano,"€ 2,39",,"1 kg = 15,93",,Nein,Gültig bis 04.04,2026-03-30,2026-04-04,../images/lidl/lidl_offer_219.jpg,"cat_fleisch_wurst,sub_schwein,sub_wurst,tag_ultra_processed",,,ref_000216,obs_0000025663|obs_0000024691|obs_0000025853|obs_0000019345|obs_0000028711|obs_0000028268|obs_0000001769|obs_0000028588|obs_0000001023|obs_0000006858|obs_0000026709|obs_0000007419|obs_0000027441|obs_0000010598|obs_0000033776,obs_0000028711|obs_0000025663|obs_0000024654|obs_0000028268|obs_0000024691|obs_0000001769|obs_0000025853|obs_0000019345|obs_0000028588|obs_0000001023
Prosciutto Cotto,Dulano Selection,"€ 2,39",,"1 kg = 11,95",,Nein,Gültig bis 04.04,2026-03-30,2026-04-04,../images/lidl/lidl_offer_220.jpg,"cat_fleisch_wurst,sub_schwein,sub_wurst,tag_high_protein,tag_proteinreich,tag_ultra_processed",,,ref_000217,obs_0000027656|obs_0000015759|obs_0000000528|obs_0000026521|obs_0000012287|obs_0000024217|obs_0000023206|obs_0000000042|obs_0000003783|obs_0000024656|obs_0000003295|obs_0000002915|obs_0000002661|obs_0000023797|obs_0000002166|obs_0000007052|obs_0000005780|obs_0000030868|obs_0000032413|obs_0000029101|obs_0000022634|obs_0000007418|obs_0000032375|obs_0000007863,obs_0000027656|obs_0000015759|obs_0000000528|obs_0000024217|obs_0000026521|obs_0000024656|obs_0000023797|obs_0000012287
Delikatess Bacon,Dulano,"€ 2,59",,"1 kg = 10,36",,Nein,Gültig bis 04.04,2026-03-30,2026-04-04,../images/lidl/lidl_offer_221.jpg,"cat_fleisch_wurst,diet_vegetarian,sub_schwein,sub_wurst,tag_ultra_processed",,,ref_000218,obs_0000024661|obs_0000025264|obs_0000019406|obs_0000024192|obs_0000023768|obs_0000025976|obs_0000026814|obs_0000011008|obs_0000014146|obs_0000012775|obs_0000001018|obs_0000001019|obs_0000007234,obs_0000024661|obs_0000024192|obs_0000025264|obs_0000023768|obs_0000025976|obs_0000019406
Cabanossi,Dulano,"€ 3,29",,"1 kg = 10,97",,Nein,Gültig bis 04.04,2026-03-30,2026-04-04,,"cat_fleisch_wurst,sub_schwein,sub_wurst,tag_ultra_processed",,BLS-W218100,ref_000219,obs_0000026511|obs_0000007215|obs_0000029651,obs_0000026511
Delikatess Leichte Schinkenwürfel,Dulano,"€ 2,39",,"1 kg = 15,93",,Nein,Gültig bis 04.04,2026-03-30,2026-04-04,../images/lidl/lidl_offer_223.jpg,"cat_fleisch_wurst,diet_vegetarian,sub_schwein,sub_wurst,tag_proteinreich,tag_ultra_processed",,,ref_000220,obs_0000022618|obs_0000024215|obs_0000023793|obs_0000024660|obs_0000025973,obs_0000022618|obs_0000024215|obs_0000023793
Delikatess Wiener Würstchen,Dulano,"€ 6,79",,"pro Einheit = 6,79",,Nein,Gültig bis 04.04,2026-03-30,2026-04-04,../images/lidl/lidl_offer_224.jpg,"cat_fleisch_wurst,diet_vegetarian,sub_wurst,tag_ultra_processed",,,ref_000221,obs_0000020658|obs_0000021477|obs_0000025857|obs_0000025858|obs_0000021769|obs_0000022620|obs_0000022639|obs_0000025257|obs_0000019218|obs_0000019624|obs_0000023787|obs_0000025855|obs_0000024212|obs_0000006186|obs_0000035106|obs_0000026784|obs_0000028948|obs_0000031274|obs_0000027189|obs_0000033778|obs_0000031737|obs_0000031889|obs_0000034174|obs_0000015758|obs_0000028076|obs_0000028276|obs_0000005789|obs_0000034466|obs_0000034490|obs_0000034811|obs_0000034981|obs_0000030926|obs_0000030949|obs_0000031934|obs_0000034160|obs_0000032355|obs_0000007858|obs_0000030483|obs_0000031788|obs_0000009369|obs_0000009557,obs_0000020658|obs_0000021477|obs_0000025857|obs_0000025858|obs_0000021769
Delikatess Schinkenfleischwurst,Dulano,"€ 3,29",,"1 kg = 5,06",,Nein,Gültig bis 04.04,2026-03-30,2026-04-04,../images/lidl/lidl_offer_225.jpg,"cat_fleisch_wurst,sub_schwein,sub_wurst,tag_proteinreich,tag_ultra_processed",,,ref_000222,obs_0000022612|obs_0000024210|obs_0000023786|obs_0000011006,obs_0000022612|obs_0000024210|obs_0000023786
Vakuumierer,SILVERCREST,"€ 17,99",,"pro Einheit = 17,99",,Nein,Gültig bis 04.04,2026-03-30,2026-04-04,../images/lidl/lidl_offer_227.jpg,cat_non_food,,,ref_000223,obs_0000023109|obs_0000025755|obs_0000027267|obs_0000027897|obs_0000023107|obs_0000018907|obs_0000008324|obs_0000015982|obs_0000025496|obs_0000011206|obs_0000011207|obs_0000011222|obs_0000007975|obs_0000016000,obs_0000023109|obs_0000027267|obs_0000025755|obs_0000027897
Geschirrset,SILVERCREST,"€ 49,99",,"pro Einheit = 49,99",,Nein,Gültig bis 04.04,2026-03-30,2026-04-04,../images/lidl/lidl_offer_228.jpg,cat_non_food,,,ref_000224,obs_0000022717|obs_0000016619|obs_0000025097|obs_0000021060|obs_0000025728|obs_0000020241|obs_0000019819,obs_0000022717
Sushi-Maker-Set,Silvercrest,"€ 9,99",,"pro Einheit = 9,99",,Nein,Gültig bis 04.04,2026-03-30,2026-04-04,,cat_non_food,,,ref_000225,obs_0000034507,
Frischhaltedosen-Set,SILVERCREST,"€ 5,99",,"pro Einheit = 5,99",,Nein,Gültig bis 04.04,2026-03-30,2026-04-04,../images/lidl/lidl_offer_230.jpg,cat_non_food,,,ref_000226,obs_0000023553|obs_0000000775|obs_0000016023|obs_0000016027|obs_0000016029|obs_0000012139|obs_0000012984|obs_0000013009|obs_0000019207|obs_0000026533|obs_0000012527|obs_0000012531|obs_0000012547|obs_0000012549|obs_0000013643|obs_0000016040|obs_0000012559|obs_0000010221,obs_0000019169|obs_0000000775|obs_0000023553|obs_0000016023|obs_0000016027|obs_0000016029|obs_0000012139|obs_0000026533
Schüssel-Set,SILVERCREST,"€ 8,99",,"pro Einheit = 8,99",,Nein,Gültig bis 04.04,2026-03-30,2026-04-04,../images/lidl/lidl_offer_231.jpg,cat_non_food,,,ref_000227,obs_0000023552|obs_0000023967|obs_0000024394|obs_0000010830|obs_0000012603|obs_0000027684,obs_0000023552
Frischhaltedosen-Set,SILVERCREST,"€ 1,59",,"pro Einheit = 1,59",,Nein,Gültig bis 04.04,2026-03-30,2026-04-04,../images/lidl/lidl_offer_232.jpg,cat_non_food,,,ref_000228,obs_0000023553|obs_0000000775|obs_0000016023|obs_0000016027|obs_0000016029|obs_0000012139|obs_0000012984|obs_0000013009|obs_0000019207|obs_0000026533|obs_0000012527|obs_0000012531|obs_0000012547|obs_0000012549|obs_0000013643|obs_0000016040|obs_0000012559|obs_0000010221,obs_0000019169|obs_0000000775|obs_0000023553|obs_0000016023|obs_0000016027|obs_0000016029|obs_0000012139|obs_0000026533
Quiche- und Obstkuchenform,SILVERCREST,"€ 2,99",,"pro Einheit = 2,99",,Nein,Gültig bis 04.04,2026-03-30,2026-04-04,../images/lidl/lidl_offer_233.jpg,cat_non_food,,,ref_000229,,
Reiskocher,SILVERCREST,"€ 17,99",,"pro Einheit = 17,99",,Nein,Gültig bis 04.04,2026-03-30,2026-04-04,../images/lidl/lidl_offer_234.jpg,cat_non_food,,BLS-X820162,ref_000230,obs_0000001416|obs_0000014359|obs_0000020602|obs_0000024956|obs_0000025352|obs_0000021421|obs_0000021714|obs_0000022177|obs_0000018213,obs_0000001416
Edelstahl-Küchensieb-Set,SILVERCREST,"€ 3,99",,"pro Einheit = 3,99",,Nein,Gültig bis 04.04,2026-03-30,2026-04-04,../images/lidl/lidl_offer_235.jpg,cat_non_food,,,ref_000231,obs_0000023963|obs_0000024389|obs_0000020718|obs_0000021537|obs_0000023967|obs_0000022070|obs_0000024394|obs_0000010830|obs_0000019207,obs_0000023963|obs_0000024389
Ramen-Set,SILVERCREST,"€ 6,99",,"pro Einheit = 6,99",,Nein,Gültig bis 04.04,2026-03-30,2026-04-04,../images/lidl/lidl_offer_236.jpg,cat_non_food,,,ref_000232,obs_0000008907,
Kühltasche mit Lunchboxen,Silvercrest,"€ 9,99",,"pro Einheit = 9,99",,Nein,Gültig bis 04.04,2026-03-30,2026-04-04,../images/lidl/lidl_offer_237.jpg,cat_non_food,,,ref_000233,obs_0000010848,obs_0000010848
Mikrowellendose-Set,Sistema,"€ 4,99",,"pro Einheit = 8,99",,Nein,Gültig bis 04.04,2026-03-30,2026-04-04,../images/lidl/lidl_offer_238.jpg,cat_non_food,,,ref_000234,obs_0000018641,obs_0000018641
Mikrowelle,SilverCrest,"€ 69,99",,"pro Einheit = 69,99",,Nein,Gültig bis 04.04,2026-03-30,2026-04-04,,cat_non_food,,BLS-F224100,ref_000235,obs_0000020757|obs_0000023320|obs_0000023559|obs_0000021576|obs_0000021712|obs_0000028799|obs_0000021013|obs_0000016925|obs_0000019036|obs_0000025258|obs_0000017215|obs_0000020194|obs_0000016312|obs_0000010370|obs_0000029728|obs_0000018627|obs_0000013056|obs_0000015155|obs_0000011633|obs_0000010545|obs_0000015550,
Stabmixer-Set,Silvercrest,"€ 9,99",,"pro Einheit = 19,99",,Nein,Gültig bis 04.04,2026-03-30,2026-04-04,../images/lidl/lidl_offer_240.jpg,cat_non_food,,,ref_000236,obs_0000002219|obs_0000025753|obs_0000013426|obs_0000013914|obs_0000017385|obs_0000016291|obs_0000023564|obs_0000010118|obs_0000015129,obs_0000002219|obs_0000025753
Blechkuchen-Springform,Zenker,"€ 7,99",,"pro Einheit = 23,99",,Nein,Gültig bis 04.04,2026-03-30,2026-04-04,../images/lidl/lidl_offer_241.jpg,"cat_non_food,tag_ultra_processed",,,ref_000237,obs_0000025516|obs_0000031045,
Brotkasten,SILVERCREST,"€ 9,99",,"pro Einheit = 9,99",,Nein,Gültig bis 04.04,2026-03-30,2026-04-04,../images/lidl/lidl_offer_242.jpg,"cat_non_food,diet_vegetarian",,,ref_000238,obs_0000020520|obs_0000023349|obs_0000021339|obs_0000022102,obs_0000020520|obs_0000023349|obs_0000021339|obs_0000022102
Doppelschlitz-Toaster,Silvercrest,"€ 12,99",,"pro Einheit = 19,99",,Nein,Gültig bis 04.04,2026-03-30,2026-04-04,../images/lidl/lidl_offer_243.jpg,"cat_non_food,tag_ultra_processed",,,ref_000239,obs_0000023134|obs_0000017676|obs_0000018134|obs_0000020716|obs_0000021535|obs_0000022382|obs_0000018855|obs_0000012908|obs_0000023565|obs_0000017566|obs_0000002036|obs_0000016617,obs_0000024755|obs_0000023134|obs_0000017676|obs_0000011635|obs_0000018134
Doppelschlitz-Toaster,KRUPS,"€ 42,99",,"pro Einheit = 42,99",,Nein,Gültig bis 04.04,2026-03-30,2026-04-04,../images/lidl/lidl_offer_244.jpg,"cat_non_food,tag_ultra_processed",,,ref_000240,obs_0000017676|obs_0000018134|obs_0000023134|obs_0000023565|obs_0000017566|obs_0000021535|obs_0000018855|obs_0000012908|obs_0000020716|obs_0000022382|obs_0000002036|obs_0000016617,obs_0000017676|obs_0000018134|obs_0000023134|obs_0000011635
Sandwichmaker mit Wechselplatten,Silvercrest,"€ 17,99",,"pro Einheit = 17,99",,Nein,Gültig bis 04.04,2026-03-30,2026-04-04,../images/lidl/lidl_offer_245.jpg,"cat_non_food,sub_milchprodukte",,,ref_000241,,
Spülbeckenseiher,SILVERCREST,"€ 4,99",,"pro Einheit = 7,99",,Nein,Gültig bis 04.04,2026-03-30,2026-04-04,../images/lidl/lidl_offer_246.jpg,cat_non_food,,,ref_000242,obs_0000023126,
Wasserkocher,SILVERCREST,"€ 12,99",,"pro Einheit = 19,99",,Nein,Gültig bis 04.04,2026-03-30,2026-04-04,../images/lidl/lidl_offer_247.jpg,cat_non_food,,,ref_000243,obs_0000024753|obs_0000020919|obs_0000023130|obs_0000022100|obs_0000020100|obs_0000018299|obs_0000018438|obs_0000035121|obs_0000018696|obs_0000000766|obs_0000033542|obs_0000023568|obs_0000017568|obs_0000022403|obs_0000001934|obs_0000015141|obs_0000027448|obs_0000033852|obs_0000015545|obs_0000026245|obs_0000017690|obs_0000016195|obs_0000016526|obs_0000012933|obs_0000011202|obs_0000009389|obs_0000009850|obs_0000013949|obs_0000013950|obs_0000008567,obs_0000018438|obs_0000035121|obs_0000024753|obs_0000018696|obs_0000020919|obs_0000023130|obs_0000000766|obs_0000033542|obs_0000023568|obs_0000017568|obs_0000022100|obs_0000020100|obs_0000018299|obs_0000022403|obs_0000001934
Vorratsdosen-Set,SILVERCREST,"€ 7,99",,"pro Einheit = 7,99",,Nein,Gültig bis 04.04,2026-03-30,2026-04-04,../images/lidl/lidl_offer_248.jpg,cat_non_food,,,ref_000244,obs_0000024736|obs_0000010269|obs_0000023106|obs_0000019360|obs_0000019592|obs_0000033524|obs_0000012602,obs_0000010269|obs_0000024736|obs_0000023106|obs_0000019360|obs_0000019592
Espresso Siebträger-Maschine,DeLonghi,"€ 89,99",,"pro Einheit = 119,90",,Nein,Gültig bis 04.04,2026-03-30,2026-04-04,../images/lidl/lidl_offer_249.jpg,cat_non_food,,,ref_000245,obs_0000025376|obs_0000019616,
2 Ersatzflaschen,Sodastream,"€ 14,99",,"pro Einheit = 32,99",,Nein,Gültig bis 04.04,2026-03-30,2026-04-04,../images/lidl/lidl_offer_250.jpg,"cat_non_food,tag_ultra_processed",,,ref_000246,obs_0000019726|obs_0000018834|obs_0000017606,obs_0000019726|obs_0000018834|obs_0000017606
Doppelkammmer-Heißluftfritteuse,MASTERPRO,"€ 49,99",,"pro Einheit = 169,99",,Nein,Gültig bis 04.04,2026-03-30,2026-04-04,../images/lidl/lidl_offer_251.jpg,"cat_non_food,tag_ultra_processed",,,ref_000247,obs_0000000770|obs_0000016517|obs_0000008842|obs_0000025870|obs_0000023705|obs_0000005018|obs_0000001565|obs_0000022702|obs_0000022718|obs_0000024128|obs_0000002370|obs_0000004164|obs_0000018130|obs_0000026718|obs_0000018919|obs_0000003182|obs_0000004591|obs_0000023536,obs_0000026388
Heißluftfritteusen-Silikonform,SILVERCREST,"€ 1,99",,"pro Einheit = 2,99",,Nein,Gültig bis 04.04,2026-03-30,2026-04-04,../images/lidl/lidl_offer_252.jpg,cat_non_food,,,ref_000248,obs_0000019551|obs_0000023554,obs_0000019551
Wassersprudler Modell CRYSTAL 3 0,SodaStream,"€ 69,99",,"pro Einheit = 189,90",,Nein,Gültig bis 04.04,2026-03-30,2026-04-04,../images/lidl/lidl_offer_253.jpg,cat_non_food,,,ref_000249,obs_0000011697|obs_0000018667,obs_0000011697|obs_0000018667
Kaffeevollautomat,Philips,"€ 222,00",,"pro Einheit = 379,99",,Nein,Gültig bis 04.04,2026-03-30,2026-04-04,../images/lidl/lidl_offer_254.jpg,"cat_getraenke,diet_gluten_free,diet_lactose_free,diet_vegan,diet_vegetarian",,,ref_000250,obs_0000023135|obs_0000025871|obs_0000024745|obs_0000024382|obs_0000023960|obs_0000023535|obs_0000016006|obs_0000025484|obs_0000010214|obs_0000019255|obs_0000021939|obs_0000018393|obs_0000019514|obs_0000018057|obs_0000025282|obs_0000016919|obs_0000017940|obs_0000021592|obs_0000022701|obs_0000021795|obs_0000020773|obs_0000017834|obs_0000020589|obs_0000025262|obs_0000010546|obs_0000015160|obs_0000021408|obs_0000017821,obs_0000023135|obs_0000024745|obs_0000025871|obs_0000024382|obs_0000023960|obs_0000023535
Akku-Staubsauger,AEG,"€ 119,00",,"pro Einheit = 399,95",,Nein,Gültig bis 04.04,2026-03-30,2026-04-04,,cat_non_food,,,ref_000251,obs_0000016915|obs_0000023562|obs_0000026719|obs_0000022692|obs_0000023543|obs_0000028195|obs_0000012914|obs_0000008482|obs_0000001373|obs_0000011185|obs_0000017223|obs_0000016811,obs_0000023562|obs_0000016915|obs_0000000082|obs_0000026719|obs_0000022692
Dampfbügelstation,Philips,"€ 69,99",,"pro Einheit = 249,99",,Nein,Gültig bis 04.04,2026-03-30,2026-04-04,../images/lidl/lidl_offer_256.jpg,"cat_non_food,tag_ultra_processed",,,ref_000252,obs_0000022543|obs_0000023544|obs_0000019246|obs_0000017597|obs_0000018702|obs_0000013147|obs_0000014697|obs_0000016506|obs_0000018650|obs_0000022545|obs_0000021510|obs_0000020691|obs_0000021717|obs_0000019438,obs_0000022543|obs_0000023544
Saug- und Wischroboter,ECOVACS,"€ 189,00",,"pro Einheit = 399,00",,Nein,Gültig bis 04.04,2026-03-30,2026-04-04,../images/lidl/lidl_offer_257.jpg,cat_non_food,,,ref_000253,obs_0000016504|obs_0000017590|obs_0000018690|obs_0000018701|obs_0000017374|obs_0000022538|obs_0000018250|obs_0000025759|obs_0000023541,obs_0000022538|obs_0000016504|obs_0000017590|obs_0000018690|obs_0000018701|obs_0000017374
Computer-Nähmaschine,Singer,"€ 169,00",,"pro Einheit = 369,00",,Nein,Gültig bis 04.04,2026-03-30,2026-04-04,../images/lidl/lidl_offer_258.jpg,cat_non_food,,,ref_000254,obs_0000023542|obs_0000025756|obs_0000022933|obs_0000023476,obs_0000023542|obs_0000025756
Teppich- und Polsterreinigungsgerät,Bissell,"€ 79,99",,"pro Einheit = 129,99",,Nein,Gültig bis 04.04,2026-03-30,2026-04-04,../images/lidl/lidl_offer_259.jpg,cat_non_food,,,ref_000255,obs_0000022547|obs_0000016503|obs_0000019663|obs_0000018755|obs_0000017809|obs_0000001576|obs_0000000131|obs_0000021630|obs_0000022666|obs_0000024316|obs_0000020811|obs_0000023892|obs_0000025040,obs_0000022547|obs_0000016503|obs_0000019663|obs_0000018755|obs_0000017809
Nass- und Trockenreiniger,Bissell,"€ 159,00",,"pro Einheit = 349,99",,Nein,Gültig bis 04.04,2026-03-30,2026-04-04,../images/lidl/lidl_offer_260.jpg,cat_drogerie,,,ref_000256,obs_0000022544,obs_0000022544
Zitruspresse,Braun,"€ 19,99",,"pro Einheit = 19,99",,Nein,Gültig bis 04.04,2026-03-30,2026-04-04,../images/lidl/lidl_offer_261.jpg,"cat_drogerie,diet_gluten_free,diet_lactose_free,diet_vegan,diet_vegetarian",,,ref_000257,obs_0000033319|obs_0000025706,obs_0000033319|obs_0000025706
Kapsel Kaffeemaschine,Nescafe Dolce Gusto,"€ 49,99",,"pro Einheit = 139,99",,Nein,Gültig bis 04.04,2026-03-30,2026-04-04,../images/lidl/lidl_offer_262.jpg,"cat_getraenke,diet_gluten_free,diet_lactose_free,diet_vegan,diet_vegetarian,tag_ultra_processed",,,ref_000258,obs_0000018694|obs_0000017426|obs_0000023958|obs_0000024747|obs_0000024383|obs_0000023532|obs_0000023539,
Cocktailglas,alpina,"€ 7,99",,"pro Einheit = 17,99",,Nein,Gültig bis 04.04,2026-03-30,2026-04-04,../images/lidl/lidl_offer_263.jpg,cat_getraenke,,,ref_000259,,
Heißluftfritteuse,Tefal,"€ 59,99",,"pro Einheit = 119,99",,Nein,Gültig bis 04.04,2026-03-30,2026-04-04,../images/lidl/lidl_offer_264.jpg,cat_non_food,,,ref_000260,obs_0000024128|obs_0000023705|obs_0000001565|obs_0000004164|obs_0000026718|obs_0000003182|obs_0000016517|obs_0000008842|obs_0000022702|obs_0000022718|obs_0000018130|obs_0000000770|obs_0000025870|obs_0000002370|obs_0000005018|obs_0000018919|obs_0000004591|obs_0000023536|obs_0000012917|obs_0000023557|obs_0000024749|obs_0000026388|obs_0000017516|obs_0000018751|obs_0000014732|obs_0000011190|obs_0000017993|obs_0000011372|obs_0000015543|obs_0000022218|obs_0000028897|obs_0000004835|obs_0000004408|obs_0000000315|obs_0000030065|obs_0000003981|obs_0000021626|obs_0000020807|obs_0000025464|obs_0000010347|obs_0000015979|obs_0000012944|obs_0000015142|obs_0000022467|obs_0000018410|obs_0000018049|obs_0000017182|obs_0000025482|obs_0000016833|obs_0000018900,obs_0000001565|obs_0000024128|obs_0000004164|obs_0000026718|obs_0000003182|obs_0000016517|obs_0000008842|obs_0000023705|obs_0000022702|obs_0000022718|obs_0000018130|obs_0000000770|obs_0000025870|obs_0000002370|obs_0000005018|obs_0000018919|obs_0000004591|obs_0000023536
Pizzaofen,SEVERIN,"€ 129,00",,"pro Einheit = 269,00",,Nein,Gültig bis 04.04,2026-03-30,2026-04-04,../images/lidl/lidl_offer_265.jpg,"cat_tiefkuehl,sub_tk_pizza,tag_ultra_processed",,,ref_000261,obs_0000023706|obs_0000022705|obs_0000024129|obs_0000023560|obs_0000017685|obs_0000018792|obs_0000020496|obs_0000021315|obs_0000025564,obs_0000023706|obs_0000022705|obs_0000024129
Handmixer,Philips,"€ 19,99",,"pro Einheit = 39,99",,Nein,Gültig bis 04.04,2026-03-30,2026-04-04,../images/lidl/lidl_offer_266.jpg,cat_non_food,,,ref_000262,obs_0000023563|obs_0000008950|obs_0000015549|obs_0000033594|obs_0000025101|obs_0000012045|obs_0000011213|obs_0000016468|obs_0000017542|obs_0000012501|obs_0000013241,obs_0000023563|obs_0000008950
Premium-Wasserkocher,SILVERCREST,"€ 24,99",,"pro Einheit = 29,99",,Nein,Gültig bis 04.04,2026-03-30,2026-04-04,../images/lidl/lidl_offer_267.jpg,cat_non_food,,,ref_000263,obs_0000024753|obs_0000020919|obs_0000023130|obs_0000022100|obs_0000020100|obs_0000018299|obs_0000018438|obs_0000035121|obs_0000018696|obs_0000000766|obs_0000033542|obs_0000023568|obs_0000017568|obs_0000011595|obs_0000013830|obs_0000022403|obs_0000001934|obs_0000016526,
Topf-Set,SILVERCREST,"€ 29,99",,"pro Einheit = 39,99",,Nein,Gültig bis 04.04,2026-03-30,2026-04-04,../images/lidl/lidl_offer_268.jpg,cat_non_food,,,ref_000264,obs_0000016391|obs_0000019403|obs_0000017418|obs_0000024739|obs_0000015173,obs_0000016391|obs_0000019403|obs_0000017418
Cr pe Maker XXL,SILVERCREST,"€ 22,99",,"pro Einheit = 26,99",,Nein,Gültig bis 04.04,2026-03-30,2026-04-04,../images/lidl/lidl_offer_269.jpg,cat_non_food,,,ref_000265,obs_0000017434|obs_0000018777|obs_0000013144|obs_0000012763|obs_0000013967,
Küchenmaschine,Braun,"€ 69,99",,"pro Einheit = 109,90",,Nein,Gültig bis 04.04,2026-03-30,2026-04-04,../images/lidl/lidl_offer_270.jpg,cat_non_food,,,ref_000266,obs_0000008203|obs_0000017556|obs_0000024729|obs_0000018723|obs_0000020388|obs_0000025670|obs_0000021207|obs_0000033506|obs_0000004100|obs_0000010138|obs_0000004527|obs_0000002609|obs_0000013758|obs_0000004954|obs_0000034273|obs_0000003433|obs_0000016799|obs_0000019975|obs_0000018976|obs_0000020120|obs_0000022201|obs_0000020939|obs_0000014718|obs_0000025091|obs_0000019671|obs_0000018200|obs_0000022368,obs_0000008203|obs_0000017556|obs_0000024729|obs_0000018723|obs_0000020388|obs_0000025670|obs_0000021207|obs_0000033506
Aluguss-Bräter,SILVERCREST,"€ 19,99",,"pro Einheit = 24,99",,Nein,Gültig bis 04.04,2026-03-30,2026-04-04,../images/lidl/lidl_offer_271.jpg,cat_non_food,,,ref_000267,obs_0000017819|obs_0000016214|obs_0000019127,obs_0000019127|obs_0000017819|obs_0000016214
Premium-Toaster,SILVERCREST,"€ 24,99",,"pro Einheit = 29,99",,Nein,Gültig bis 04.04,2026-03-30,2026-04-04,../images/lidl/lidl_offer_272.jpg,cat_non_food,,,ref_000268,obs_0000020716|obs_0000021535|obs_0000022382|obs_0000018855|obs_0000023565|obs_0000017566|obs_0000011595|obs_0000013830|obs_0000002036,
Holzkohle-Komfortgrill,GRILLMEISTER,"€ 99,99",,"pro Einheit = 99,99",,Nein,Gültig bis 04.04,2026-03-30,2026-04-04,../images/lidl/lidl_offer_273.jpg,cat_non_food,,,ref_000269,,
Gasgrill Modell Memphis,GRILLMEISTER,"€ 149,00",,"pro Einheit = 149,00",,Nein,Gültig bis 04.04,2026-03-30,2026-04-04,../images/lidl/lidl_offer_274.jpg,cat_non_food,,,ref_000270,obs_0000017519,
Gasgrill Advantage Pro S3,Char-Broil,"€ 449,00",,"pro Einheit = 799,00",,Nein,Gültig bis 04.04,2026-03-30,2026-04-04,../images/lidl/lidl_offer_275.jpg,cat_getraenke,,,ref_000271,,
Bambus-Schneidebrett,GRILLMEISTER,"€ 4,99",,"pro Einheit = 5,99",,Nein,Gültig bis 04.04,2026-03-30,2026-04-04,../images/lidl/lidl_offer_276.jpg,cat_non_food,,,ref_000272,obs_0000016021|obs_0000019618|obs_0000019369|obs_0000033206|obs_0000028914|obs_0000023549,
Grillplatte,GRILLMEISTER,"€ 4,99",,"pro Einheit = 4,99",,Nein,Gültig bis 04.04,2026-03-30,2026-04-04,../images/lidl/lidl_offer_277.jpg,cat_non_food,,,ref_000273,obs_0000011428|obs_0000018040,
Burger-Glocke,Burger-Glocke,"€ 4,99",,"pro Einheit = 4,99",,Nein,Gültig bis 04.04,2026-03-30,2026-04-04,../images/lidl/lidl_offer_278.jpg,cat_grundnahrung,,,ref_000274,obs_0000023609,
Grillguthalter Grillkorb,GRILLMEISTER,"€ 3,99",,"pro Einheit = 3,99",,Nein,Gültig bis 04.04,2026-03-30,2026-04-04,../images/lidl/lidl_offer_279.jpg,"cat_non_food,diet_vegan,diet_vegetarian",,,ref_000275,,
Gasdruckregler mit Manometer,GRILLMEISTER,"€ 6,99",,"pro Einheit = 6,99",,Nein,Gültig bis 04.04,2026-03-30,2026-04-04,../images/lidl/lidl_offer_280.jpg,cat_non_food,,,ref_000276,,
Jetflammen-Feuerzeug,Grillmeister,"€ 3,99",,"pro Einheit = 3,99",,Nein,Gültig bis 04.04,2026-03-30,2026-04-04,../images/lidl/lidl_offer_281.jpg,cat_non_food,,,ref_000277,obs_0000003876|obs_0000000250|obs_0000004303|obs_0000004730,
Grillbürste,GRILLMEISTER,"€ 3,99",,"pro Einheit = 3,99",,Nein,Gültig bis 04.04,2026-03-30,2026-04-04,../images/lidl/lidl_offer_282.jpg,cat_non_food,,,ref_000278,,
Aromabräter,Zenker,"€ 14,99",,"pro Einheit = 39,95",,Nein,Gültig bis 04.04,2026-03-30,2026-04-04,../images/lidl/lidl_offer_283.jpg,"cat_non_food,diet_vegetarian",,,ref_000279,obs_0000019254,
Eisen-Grillpfanne ca 32 cm,GRILLMEISTER,"€ 9,99",,"pro Einheit = 9,99",,Nein,Gültig bis 04.04,2026-03-30,2026-04-04,../images/lidl/lidl_offer_284.jpg,cat_non_food,,,ref_000280,,
Grillzubehör,JES COLLECTION,"€ 0,67",,"pro Einheit = 0,67",,Nein,Gültig bis 04.04,2026-03-30,2026-04-04,../images/lidl/lidl_offer_285.jpg,cat_non_food,,,ref_000281,,
6 Becher,6 Becher,"€ 1,49",,"pro Einheit = 2,99",,Nein,Gültig bis 04.04,2026-03-30,2026-04-04,../images/lidl/lidl_offer_286.jpg,cat_non_food,,,ref_000282,obs_0000026842|obs_0000012523|obs_0000016259|obs_0000009605|obs_0000018441|obs_0000019850|obs_0000019977|obs_0000026004|obs_0000010056|obs_0000014558|obs_0000022114|obs_0000011363|obs_0000033523|obs_0000004768|obs_0000032804|obs_0000003914|obs_0000003149|obs_0000000985|obs_0000004341|obs_0000023132|obs_0000012692,
Isolier-Lunchbehälter,SILVERCREST,"€ 4,99",,"pro Einheit = 4,99",,Nein,Gültig bis 04.04,2026-03-30,2026-04-04,../images/lidl/lidl_offer_287.jpg,cat_non_food,,,ref_000283,,
Gusseisen-Grillpfanne,GRILLMEISTER,"€ 14,99",,"pro Einheit = 14,99",,Nein,Gültig bis 04.04,2026-03-30,2026-04-04,../images/lidl/lidl_offer_288.jpg,"cat_non_food,diet_vegan",,,ref_000284,obs_0000024741,obs_0000024741
Thermo-Einkaufskorb,TOPMOVE,"€ 7,99",,"pro Einheit = 7,99",,Nein,Gültig bis 04.04,2026-03-30,2026-04-04,../images/lidl/lidl_offer_289.jpg,cat_non_food,,,ref_000285,obs_0000016032|obs_0000009784|obs_0000009314|obs_0000013005|obs_0000012086|obs_0000029062,obs_0000016032
Alu-Bratpfanne ca 20 cm,KITCHENAID,"€ 24,99",,"pro Einheit = 39,90",,Nein,Gültig bis 04.04,2026-03-30,2026-04-04,../images/lidl/lidl_offer_290.jpg,cat_non_food,,,ref_000286,obs_0000011705|obs_0000033120|obs_0000015580|obs_0000012525|obs_0000012534|obs_0000012556|obs_0000026060,
Salz- und Pfeffermühle,KITCHENAID,"€ 12,99",,"pro Einheit = 46,99",,Nein,Gültig bis 04.04,2026-03-30,2026-04-04,../images/lidl/lidl_offer_291.jpg,"cat_grundnahrung,diet_lactose_free,diet_vegan,diet_vegetarian,sub_wurst,tag_ultra_processed",,,ref_000287,obs_0000025754,
Küchenhelfer,KITCHENAID,"€ 3,99",,"pro Einheit = 10,75",,Nein,Gültig bis 04.04,2026-03-30,2026-04-04,../images/lidl/lidl_offer_292.jpg,"cat_non_food,tag_ultra_processed",,,ref_000288,obs_0000016898|obs_0000025731|obs_0000017412|obs_0000017673|obs_0000016472,obs_0000016898|obs_0000025731|obs_0000017412|obs_0000017673|obs_0000016472
Gasgrill,Char-Broil,"€ 349,00",,"pro Einheit = 569,00",,Nein,Gültig bis 04.04,2026-03-30,2026-04-04,../images/lidl/lidl_offer_293.jpg,"cat_getraenke,diet_vegetarian",,,ref_000289,obs_0000017519|obs_0000017827,
Gasgrill,Grillmeister,"€ 199,00",,"pro Einheit = 223,24",,Nein,Gültig bis 04.04,2026-03-30,2026-04-04,../images/lidl/lidl_offer_294.jpg,cat_non_food,,,ref_000290,obs_0000017519|obs_0000017827,
Gasgrill,GRILLMEISTER,"€ 89,99",,"pro Einheit = 119,00",,Nein,Gültig bis 04.04,2026-03-30,2026-04-04,../images/lidl/lidl_offer_295.jpg,cat_non_food,,,ref_000291,obs_0000017519|obs_0000017827,
Keramikgrill,GRILLMEISTER,"€ 349,00",,"pro Einheit = 349,00",,Nein,Gültig bis 04.04,2026-03-30,2026-04-04,,cat_non_food,,,ref_000292,,
Abdeckhaube,Char-Broil,"€ 19,99",,"pro Einheit = 54,95",,Nein,Gültig bis 04.04,2026-03-30,2026-04-04,../images/lidl/lidl_offer_297.jpg,"cat_getraenke,diet_vegan,diet_vegetarian,tag_whole_food",,,ref_000293,,
Fass-Holzkohlegrill,GRILLMEISTER,"€ 39,99",,"pro Einheit = 39,99",,Nein,Gültig bis 04.04,2026-03-30,2026-04-04,../images/lidl/lidl_offer_298.jpg,"cat_non_food,diet_gluten_free,diet_vegan,diet_vegetarian",,,ref_000294,obs_0000019396,
Kinderbett,Juskys,"€ 89,99",,"pro Einheit = 179,99",,Nein,Gültig bis 04.04,2026-03-30,2026-04-04,../images/lidl/lidl_offer_299.jpg,"cat_knabbern_naschen,sub_rind,tag_ultra_processed",,,ref_000295,obs_0000024322|obs_0000023900|obs_0000018321|obs_0000019601|obs_0000027956|obs_0000026106|obs_0000026107|obs_0000026470,obs_0000024322|obs_0000023900
Komfortschaummatratze,LIVARNO,"€ 59,99",,"pro Einheit = 59,99",,Nein,Gültig bis 04.04,2026-03-30,2026-04-04,../images/lidl/lidl_offer_300.jpg,cat_non_food,,,ref_000296,obs_0000018313,
Viskoschaum-Matratzentopper,LIVARNO,"€ 49,00",,"pro Einheit = 49,00",,Nein,Gültig bis 04.04,2026-03-30,2026-04-04,../images/lidl/lidl_offer_301.jpg,cat_non_food,,,ref_000297,obs_0000016489|obs_0000022721|obs_0000017202|obs_0000001137|obs_0000018091|obs_0000017669|obs_0000018828,obs_0000016489|obs_0000022721|obs_0000017202
Renforc -Bettwäsche,Bierbaum,"€ 22,99",,"pro Einheit = 44,99",,Nein,Gültig bis 04.04,2026-03-30,2026-04-04,../images/lidl/lidl_offer_302.jpg,cat_non_food,,,ref_000298,obs_0000024321|obs_0000023897|obs_0000025742|obs_0000001575|obs_0000025921|obs_0000016078|obs_0000008944|obs_0000026412|obs_0000012156|obs_0000023140,obs_0000024321|obs_0000025742|obs_0000001575|obs_0000016078|obs_0000017361|obs_0000023897|obs_0000008944
Waschbecken-Unterschrank,LIVARNO,"€ 29,99",,"pro Einheit = 47,99",,Nein,Gültig bis 04.04,2026-03-30,2026-04-04,../images/lidl/lidl_offer_303.jpg,cat_non_food,,,ref_000299,obs_0000023450|obs_0000013945,obs_0000025620|obs_0000021089|obs_0000020270|obs_0000023450
Badezimmergarnitur,LIVARNO,"€ 12,99",,"pro Einheit = 12,99",,Nein,Gültig bis 04.04,2026-03-30,2026-04-04,../images/lidl/lidl_offer_304.jpg,cat_non_food,,,ref_000300,,
Duoplast-WC-Sitz,WENKO,"€ 19,99",,"pro Einheit = 46,99",,Nein,Gültig bis 04.04,2026-03-30,2026-04-04,../images/lidl/lidl_offer_305.jpg,cat_non_food,,,ref_000301,obs_0000023446|obs_0000025224|obs_0000013954|obs_0000017440|obs_0000025898|obs_0000016991|obs_0000021505|obs_0000025638|obs_0000020686,obs_0000021505|obs_0000023446|obs_0000025638|obs_0000020686
Kosmetikeimer,LIVARNO,"€ 6,99",,"pro Einheit = 6,99",,Nein,Gültig bis 04.04,2026-03-30,2026-04-04,../images/lidl/lidl_offer_306.jpg,cat_non_food,,,ref_000302,obs_0000012102|obs_0000013750,obs_0000012102|obs_0000013750
XXL-Überkopfbrause-Set mit Anti-Tropf-System,LIVARNO,"€ 49,99",,"pro Einheit = 49,99",,Nein,Gültig bis 04.04,2026-03-30,2026-04-04,../images/lidl/lidl_offer_307.jpg,cat_non_food,,,ref_000303,,
LED-Handbrause,LIVARNO HOME,"€ 9,99",,"pro Einheit = 9,99",,Nein,Gültig bis 04.04,2026-03-30,2026-04-04,../images/lidl/lidl_offer_308.jpg,cat_non_food,,,ref_000304,obs_0000020681|obs_0000025583|obs_0000021500,obs_0000020681|obs_0000025583|obs_0000021500
Aufbewahrungsbox,LIVARNO,"€ 3,99",,"pro Einheit = 6,99",,Nein,Gültig bis 04.04,2026-03-30,2026-04-04,../images/lidl/lidl_offer_309.jpg,cat_non_food,,,ref_000305,obs_0000013507|obs_0000008925|obs_0000016025|obs_0000012539|obs_0000013073|obs_0000008503|obs_0000019770|obs_0000012092|obs_0000008591|obs_0000023475|obs_0000026857|obs_0000008671|obs_0000008689|obs_0000016019|obs_0000016033,obs_0000013507|obs_0000008925
Zahnbürste-Caddy,LIVARNO,"€ 2,99",,"pro Einheit = 2,99",,Nein,Gültig bis 04.04,2026-03-30,2026-04-04,../images/lidl/lidl_offer_310.jpg,cat_drogerie,,,ref_000306,obs_0000016356,
Duschablage,LIVARNO HOME,"€ 9,99",,"pro Einheit = 9,99",,Nein,Gültig bis 04.04,2026-03-30,2026-04-04,../images/lidl/lidl_offer_311.jpg,cat_non_food,,,ref_000307,,
Frottier-Duschtuch,LIVARNO,"€ 6,99",,"pro Einheit = 6,99",,Nein,Gültig bis 04.04,2026-03-30,2026-04-04,../images/lidl/lidl_offer_312.jpg,cat_non_food,,,ref_000308,obs_0000010251|obs_0000002672|obs_0000019607|obs_0000003369|obs_0000023449|obs_0000001571|obs_0000016079|obs_0000025897|obs_0000012159|obs_0000001948,obs_0000010251|obs_0000002672|obs_0000019607|obs_0000003369
Ionen-Haartrockner,Remington,"€ 14,99",,"pro Einheit = 49,99",,Nein,Gültig bis 04.04,2026-03-30,2026-04-04,../images/lidl/lidl_offer_313.jpg,cat_non_food,,,ref_000309,obs_0000004611|obs_0000027272|obs_0000005038|obs_0000003764|obs_0000000450|obs_0000004184|obs_0000025887|obs_0000023460|obs_0000002143,obs_0000004611|obs_0000027272|obs_0000005038|obs_0000003764|obs_0000000450|obs_0000004184
Aufbewahrungskorb-Set,W5,"€ 4,99",,"pro Einheit = 4,99",,Nein,Gültig bis 04.04,2026-03-30,2026-04-04,../images/lidl/lidl_offer_314.jpg,cat_non_food,,,ref_000310,obs_0000018052|obs_0000022409,
Haarbürste Kamm-Set,CIEN BEAUTY,"€ 0,89",,"pro Einheit = 0,89",,Nein,Gültig bis 04.04,2026-03-30,2026-04-04,../images/lidl/lidl_offer_315.jpg,cat_non_food,,,ref_000311,obs_0000033106,
Shine Therapy-Glätteisen,Remington,"€ 24,99",,"pro Einheit = 24,99",,Nein,Gültig bis 04.04,2026-03-30,2026-04-04,../images/lidl/lidl_offer_316.jpg,"cat_non_food,diet_vegan,diet_vegetarian",,,ref_000312,,
Multi-Haarstyler,CIEN BEAUTY,"€ 19,99",,"pro Einheit = 19,99",,Nein,Gültig bis 04.04,2026-03-30,2026-04-04,../images/lidl/lidl_offer_317.jpg,"cat_non_food,tag_ultra_processed",,,ref_000313,obs_0000035056,
Hängeregal Aufbewahrungskorb-Set,W5,"€ 7,99",,"pro Einheit = 7,99",,Nein,Gültig bis 04.04,2026-03-30,2026-04-04,../images/lidl/lidl_offer_318.jpg,cat_non_food,,,ref_000314,obs_0000021136|obs_0000025648|obs_0000018052|obs_0000020317|obs_0000022409,
Thermo-Hygrometer-Indikator,Bresser,"€ 7,99",,"pro Einheit = 19,99",,Nein,Gültig bis 04.04,2026-03-30,2026-04-04,../images/lidl/lidl_offer_319.jpg,"cat_non_food,diet_lactose_free,diet_vegan,diet_vegetarian",,,ref_000315,obs_0000021106|obs_0000020287|obs_0000021852|obs_0000028518|obs_0000027040|obs_0000028633,
Warmwachs-Set,Cien Beauty,"€ 19,99",,"pro Einheit = 19,99",,Nein,Gültig bis 04.04,2026-03-30,2026-04-04,../images/lidl/lidl_offer_320.jpg,cat_non_food,,,ref_000316,,
Ultraschall-Aroma-Diffuser,LIVARNO HOME,"€ 5,99",,"pro Einheit = 9,99",,Nein,Gültig bis 04.04,2026-03-30,2026-04-04,../images/lidl/lidl_offer_321.jpg,cat_non_food,,,ref_000317,obs_0000025884|obs_0000013939|obs_0000028200|obs_0000001016,obs_0000001016|obs_0000025884
Nasen- und Ohrhaartrimmer,Cien Beauty,"€ 2,69",,"pro Einheit = 2,69",,Nein,Gültig bis 04.04,2026-03-30,2026-04-04,../images/lidl/lidl_offer_322.jpg,cat_non_food,,,ref_000318,obs_0000010824,
Rasierer Typ 1000 S1134 00,Philips,"€ 24,99",,"pro Einheit = 39,99",,Nein,Gültig bis 04.04,2026-03-30,2026-04-04,../images/lidl/lidl_offer_323.jpg,cat_drogerie,,,ref_000319,,
Servierwagen,LIVARNO HOME,"€ 19,99",,"pro Einheit = 22,99",,Nein,Gültig bis 04.04,2026-03-30,2026-04-04,../images/lidl/lidl_offer_324.jpg,cat_non_food,,,ref_000320,,
Nagelschere,CIEN BEAUTY,"€ 1,99",,"pro Einheit = 1,99",,Nein,Gültig bis 04.04,2026-03-30,2026-04-04,../images/lidl/lidl_offer_325.jpg,cat_non_food,,,ref_000321,,
Ersatzbezug,Vileda,"€ 4,49",,"pro Einheit = 11,39",,Nein,Gültig bis 04.04,2026-03-30,2026-04-04,../images/lidl/lidl_offer_326.jpg,cat_non_food,,,ref_000322,obs_0000016028|obs_0000008473,obs_0000020076|obs_0000020895|obs_0000025066
Bügeltisch,Vileda,"€ 29,99",,"pro Einheit = 34,99",,Nein,Gültig bis 04.04,2026-03-30,2026-04-04,../images/lidl/lidl_offer_327.jpg,"cat_fleisch_wurst,tag_ultra_processed",,,ref_000323,obs_0000020572|obs_0000025191|obs_0000016036|obs_0000021391|obs_0000015172|obs_0000011224,
Bügeltischbezug,Vileda,"€ 7,99",,"pro Einheit = 14,99",,Nein,Gültig bis 04.04,2026-03-30,2026-04-04,../images/lidl/lidl_offer_328.jpg,"cat_non_food,tag_ultra_processed",,,ref_000324,obs_0000021605|obs_0000020786|obs_0000025581,
Ersatzbezüge,VILEDA,"€ 4,99",,"pro Einheit = 20,59",,Nein,Gültig bis 04.04,2026-03-30,2026-04-04,../images/lidl/lidl_offer_329.jpg,cat_non_food,,,ref_000325,obs_0000020076|obs_0000020895|obs_0000025066|obs_0000008744|obs_0000015981|obs_0000021189|obs_0000012060|obs_0000024953|obs_0000020370|obs_0000012106|obs_0000021601|obs_0000020782|obs_0000025548,obs_0000020076|obs_0000020895|obs_0000025066
Wischmopp-Set,Vileda,"€ 27,99",,"pro Einheit = 27,99",,Nein,Gültig bis 04.04,2026-03-30,2026-04-04,../images/lidl/lidl_offer_330.jpg,cat_non_food,,,ref_000326,obs_0000020784|obs_0000025163|obs_0000021603|obs_0000009232|obs_0000009711|obs_0000009336|obs_0000009806|obs_0000012955,
Wäscheständer Modell Universal ONE,Vileda,"€ 19,99",,"pro Einheit = 31,99",,Nein,Gültig bis 04.04,2026-03-30,2026-04-04,../images/lidl/lidl_offer_331.jpg,cat_drogerie,,,ref_000327,obs_0000018048|obs_0000022683|obs_0000035079|obs_0000022407,
Glitzi Jumbo Soft XXL,Vileda,"€ 2,99",,"pro Einheit = 2,99",,Nein,Gültig bis 04.04,2026-03-30,2026-04-04,../images/lidl/lidl_offer_332.jpg,cat_non_food,,,ref_000328,obs_0000012763|obs_0000013967,
Ersatzbezug,Vileda,"€ 5,99",,"pro Einheit = 15,99",,Nein,Gültig bis 04.04,2026-03-30,2026-04-04,../images/lidl/lidl_offer_333.jpg,cat_non_food,,,ref_000329,obs_0000016028|obs_0000008473,obs_0000020076|obs_0000020895|obs_0000025066
Bodenwischer-Set,Vileda,"€ 19,99",,"pro Einheit = 47,29",,Nein,Gültig bis 04.04,2026-03-30,2026-04-04,../images/lidl/lidl_offer_334.jpg,cat_non_food,,,ref_000330,obs_0000020997|obs_0000025340|obs_0000020178|obs_0000015176,
Trapez-Kartätsche,PARKSIDE,"€ 7,99",,"pro Einheit = 7,99",,Nein,Gültig bis 04.04,2026-03-30,2026-04-04,../images/lidl/lidl_offer_335.jpg,cat_non_food,,,ref_000331,,
HSS-Spiralbohrer-Set 5-teilig,PARKSIDE,"€ 9,99",,"pro Einheit = 9,99",,Nein,Gültig bis 04.04,2026-03-30,2026-04-04,../images/lidl/lidl_offer_336.jpg,cat_non_food,,,ref_000332,obs_0000016701|obs_0000019896|obs_0000000560|obs_0000012940,
Bit- Bit- und Steckschlüssel-Set,PARKSIDE,"€ 7,99",,"pro Einheit = 7,99",,Nein,Gültig bis 04.04,2026-03-30,2026-04-04,../images/lidl/lidl_offer_337.jpg,cat_non_food,,,ref_000333,obs_0000023435|obs_0000011673|obs_0000013882|obs_0000023094,obs_0000023435
Steckschlüsselsatz,PARKSIDE,"€ 8,99",,"pro Einheit = 8,99",,Nein,Gültig bis 04.04,2026-03-30,2026-04-04,../images/lidl/lidl_offer_338.jpg,cat_non_food,,,ref_000334,obs_0000022773|obs_0000020751|obs_0000022889|obs_0000024948|obs_0000021570,obs_0000022773|obs_0000020751|obs_0000022889|obs_0000024948|obs_0000021570|obs_0000014058|obs_0000014150|obs_0000022374|obs_0000018421
Akku-Bohrschrauber 20 V,PARKSIDE,"€ 26,99",,"pro Einheit = 26,99",,Nein,Gültig bis 04.04,2026-03-30,2026-04-04,../images/lidl/lidl_offer_339.jpg,cat_non_food,,,ref_000335,obs_0000023433|obs_0000022198|obs_0000018154|obs_0000023059|obs_0000020641|obs_0000022741|obs_0000024831|obs_0000024842|obs_0000023061|obs_0000023319|obs_0000023425|obs_0000023426|obs_0000023427|obs_0000023430|obs_0000023431|obs_0000023437|obs_0000023439|obs_0000019366|obs_0000021460|obs_0000021816|obs_0000024805|obs_0000000133|obs_0000000184|obs_0000013500|obs_0000022935|obs_0000023058,obs_0000023319|obs_0000023433|obs_0000023431|obs_0000022198|obs_0000018154
Saugheber,PARKSIDE,"€ 4,99",,"pro Einheit = 4,99",,Nein,Gültig bis 04.04,2026-03-30,2026-04-04,../images/lidl/lidl_offer_340.jpg,cat_non_food,,,ref_000336,obs_0000011668|obs_0000011665,obs_0000011668
Spanplatten-Schrauben,PARKSIDE,"€ 3,99",,"pro Einheit = 3,99",,Nein,Gültig bis 04.04,2026-03-30,2026-04-04,../images/lidl/lidl_offer_341.jpg,"cat_non_food,diet_gluten_free,diet_lactose_free,diet_vegan,diet_vegetarian,sub_frisches_obst,tag_whole_food",,,ref_000337,,obs_0000022779
Transporthilfe mit Ziehgriff,PARKSIDE,"€ 24,99",,"pro Einheit = 24,99",,Nein,Gültig bis 04.04,2026-03-30,2026-04-04,../images/lidl/lidl_offer_342.jpg,cat_non_food,,,ref_000338,obs_0000013458,
Säbelsägeblatt-Set,PARKSIDE,"€ 4,99",,"pro Einheit = 4,99",,Nein,Gültig bis 04.04,2026-03-30,2026-04-04,../images/lidl/lidl_offer_343.jpg,cat_non_food,,,ref_000339,,
Absauganlage,PARKSIDE,"€ 59,99",,"pro Einheit = 69,99",,Nein,Gültig bis 04.04,2026-03-30,2026-04-04,../images/lidl/lidl_offer_344.jpg,cat_non_food,,,ref_000340,obs_0000018592|obs_0000012931|obs_0000026307,
Klemm- und Führungsschiene,Parkside,"€ 7,99",,"pro Einheit = 12,99",,Nein,Gültig bis 04.04,2026-03-30,2026-04-04,../images/lidl/lidl_offer_345.jpg,cat_non_food,,,ref_000341,obs_0000023438|obs_0000013741,obs_0000023438|obs_0000013741
Performance Säbelsäge,Parkside,"€ 69,99",,"pro Einheit = 69,99",,Nein,Gültig bis 04.04,2026-03-30,2026-04-04,../images/lidl/lidl_offer_346.jpg,cat_non_food,,,ref_000342,,
Kapp- und Gehrungssäge,PARKSIDE,"€ 49,99",,"pro Einheit = 49,99",,Nein,Gültig bis 04.04,2026-03-30,2026-04-04,,cat_non_food,,,ref_000343,obs_0000023060|obs_0000012911,
Automatik-Abisolier- und Crimpzangen-Set,PARKSIDE,"€ 7,99",,"pro Einheit = 9,99",,Nein,Gültig bis 04.04,2026-03-30,2026-04-04,../images/lidl/lidl_offer_348.jpg,cat_non_food,,,ref_000344,obs_0000017787,
Sekundenkleber 2-teiliges Klebstoffsystem,Pattex,"€ 1,99",,"pro Einheit = 1,99",,Nein,Gültig bis 04.04,2026-03-30,2026-04-04,../images/lidl/lidl_offer_349.jpg,cat_non_food,,,ref_000345,obs_0000009025|obs_0000012569|obs_0000018894|obs_0000025055,
Gewebe-Klebeband,3M,"€ 2,99",,"pro Einheit = 0,06",,Nein,Gültig bis 04.04,2026-03-30,2026-04-04,../images/lidl/lidl_offer_350.jpg,cat_non_food,,,ref_000346,obs_0000016867|obs_0000020022|obs_0000013657|obs_0000013658|obs_0000025281|obs_0000026892,obs_0000016867|obs_0000020022|obs_0000025084
Infrarot-Temperaturmessgerät,PARKSIDE,"€ 9,99",,"pro Einheit = 9,99",,Nein,Gültig bis 04.04,2026-03-30,2026-04-04,../images/lidl/lidl_offer_351.jpg,cat_non_food,,,ref_000347,obs_0000023082,obs_0000023082
Bitumen- Dichtspray,MR HELPER,"€ 7,99",,"1 l = 15,98",,Nein,Gültig bis 04.04,2026-03-30,2026-04-04,../images/lidl/lidl_offer_352.jpg,cat_drogerie,,,ref_000348,,
Packband-Set,Parkside,"€ 2,49",,"pro Einheit = 0,01",,Nein,Gültig bis 04.04,2026-03-30,2026-04-04,../images/lidl/lidl_offer_353.jpg,cat_non_food,,,ref_000349,obs_0000022782|obs_0000026191|obs_0000002206|obs_0000002757,obs_0000022782
Maßband,PARKSIDE,"€ 3,49",,"pro Einheit = 3,49",,Nein,Gültig bis 04.04,2026-03-30,2026-04-04,../images/lidl/lidl_offer_354.jpg,cat_non_food,,,ref_000350,,
Streich-Sortiment 10 Lasurrollen,PARKSIDE,"€ 1,79",,"pro Einheit = 1,79",,Nein,Gültig bis 04.04,2026-03-30,2026-04-04,../images/lidl/lidl_offer_355.jpg,"cat_non_food,tag_ultra_processed",,,ref_000351,,
Trockenbauspatel,PARKSIDE,"€ 1,99",,"pro Einheit = 1,99",,Nein,Gültig bis 04.04,2026-03-30,2026-04-04,../images/lidl/lidl_offer_356.jpg,cat_non_food,,,ref_000352,,obs_0000011640|obs_0000013937
Außen- und Fassadenfarbe,Alpina,"€ 18,99",,"pro Einheit = 39,95",,Nein,Gültig bis 04.04,2026-03-30,2026-04-04,../images/lidl/lidl_offer_357.jpg,cat_non_food,,,ref_000353,,
Sonnenschutzfolie,PARKSIDE,"€ 4,49",,"pro Einheit = 7,99",,Nein,Gültig bis 04.04,2026-03-30,2026-04-04,../images/lidl/lidl_offer_358.jpg,cat_non_food,,,ref_000354,,
Höhenverstellbarer Unterstellbock,PARKSIDE,"€ 9,99",,"pro Einheit = 9,99",,Nein,Gültig bis 04.04,2026-03-30,2026-04-04,../images/lidl/lidl_offer_359.jpg,cat_non_food,,,ref_000355,obs_0000017851,obs_0000017851
Maler-Starter-Set,PARKSIDE,"€ 2,99",,"pro Einheit = 4,99",,Nein,Gültig bis 04.04,2026-03-30,2026-04-04,../images/lidl/lidl_offer_360.jpg,cat_non_food,,,ref_000356,obs_0000025081|obs_0000020455|obs_0000021274|obs_0000014037|obs_0000008562|obs_0000008431|obs_0000012113|obs_0000013428|obs_0000015588|obs_0000008428|obs_0000013429|obs_0000013768|obs_0000015587,obs_0000025081|obs_0000020455|obs_0000021274|obs_0000014037
Elektro-Drehschlagschrauber,PARKSIDE,"€ 39,99",,"pro Einheit = 39,99",,Nein,Gültig bis 04.04,2026-03-30,2026-04-04,../images/lidl/lidl_offer_361.jpg,cat_non_food,,,ref_000357,obs_0000016607|obs_0000017287,
Akku-Stichsäge 20 V,Parkside,"€ 39,99",,"pro Einheit = 69,99",,Nein,Gültig bis 04.04,2026-03-30,2026-04-04,../images/lidl/lidl_offer_362.jpg,cat_non_food,,,ref_000358,obs_0000022741|obs_0000024831|obs_0000024842|obs_0000023061|obs_0000023319|obs_0000023425|obs_0000023426|obs_0000023427|obs_0000023430|obs_0000023431|obs_0000023433|obs_0000023437|obs_0000023439|obs_0000018143|obs_0000022308|obs_0000024805|obs_0000000184|obs_0000016474|obs_0000019883|obs_0000022935|obs_0000023058,
Kompressor Doppelzylinder,PARKSIDE PERFORMANCE,"€ 199,00",,"pro Einheit = 248,99",,Nein,Gültig bis 04.04,2026-03-30,2026-04-04,,"cat_non_food,tag_ultra_processed",,,ref_000359,obs_0000022738,
Akku-Baustellenradio 20 V,PARKSIDE,"€ 69,99",,"pro Einheit = 79,99",,Nein,Gültig bis 04.04,2026-03-30,2026-04-04,../images/lidl/lidl_offer_364.jpg,cat_non_food,,,ref_000360,obs_0000023437|obs_0000022741|obs_0000024831|obs_0000024842|obs_0000023061|obs_0000023319|obs_0000023425|obs_0000023426|obs_0000023427|obs_0000023430|obs_0000023431|obs_0000023439|obs_0000023433|obs_0000024805|obs_0000000184|obs_0000022935|obs_0000023058,obs_0000023437
Werk- und Spanntisch,PARKSIDE,"€ 19,99",,"pro Einheit = 29,99",,Nein,Gültig bis 04.04,2026-03-30,2026-04-04,../images/lidl/lidl_offer_365.jpg,cat_non_food,,,ref_000361,obs_0000013962,obs_0000013962
Akku-Bohrhammer 20 V,PARKSIDE,"€ 29,99",,"pro Einheit = 39,99",,Nein,Gültig bis 04.04,2026-03-30,2026-04-04,../images/lidl/lidl_offer_366.jpg,cat_non_food,,,ref_000362,obs_0000022741|obs_0000018509|obs_0000024831|obs_0000024842|obs_0000023061|obs_0000023319|obs_0000023425|obs_0000023426|obs_0000023427|obs_0000023430|obs_0000023431|obs_0000023433|obs_0000023437|obs_0000023439|obs_0000022031|obs_0000024805|obs_0000000184|obs_0000022935|obs_0000023058,obs_0000022741
Senkrechtmarkise,LIVARNO HOME,"€ 49,99",,"pro Einheit = 59,99",,Nein,Gültig bis 04.04,2026-03-30,2026-04-04,../images/lidl/lidl_offer_367.jpg,cat_non_food,,,ref_000363,,
Alu-Rope-Gartenmöbel-Set 7-tlg,LIVARNO HOME,"€ 399,00",,"pro Einheit = 399,00",,Nein,Gültig bis 04.04,2026-03-30,2026-04-04,../images/lidl/lidl_offer_368.jpg,cat_non_food,,,ref_000364,obs_0000023913|obs_0000024336,
Loungeecke mit Tisch,LIVARNO HOME,"€ 269,00",,"pro Einheit = 349,00",,Nein,Gültig bis 04.04,2026-03-30,2026-04-04,../images/lidl/lidl_offer_369.jpg,cat_non_food,,,ref_000365,,
Alu-Rope-Relaxsessel,LIVARNO HOME,"€ 34,99",,"pro Einheit = 74,99",,Nein,Gültig bis 04.04,2026-03-30,2026-04-04,../images/lidl/lidl_offer_370.jpg,cat_non_food,,,ref_000366,,
Alu-Rope-Stapelstuhl,LIVARNO HOME,"€ 44,99",,"pro Einheit = 49,99",,Nein,Gültig bis 04.04,2026-03-30,2026-04-04,../images/lidl/lidl_offer_371.jpg,cat_non_food,,,ref_000367,,
Dunkle kernlose Trauben,Dunkle kernlose Trauben,"€ 1,49",,"1 kg = 2,98",,Nein,Gültig bis 04.04,2026-03-30,2026-04-04,../images/lidl/lidl_offer_372.jpg,"cat_obst_gemuese,diet_gluten_free,diet_lactose_free,diet_vegan,diet_vegetarian,sub_frisches_obst,tag_whole_food",,,ref_000368,obs_0000025770|obs_0000023326|obs_0000024111|obs_0000024532|obs_0000027784|obs_0000025488|obs_0000027542|obs_0000026138|obs_0000021533|obs_0000000053|obs_0000020714|obs_0000025589,obs_0000023326|obs_0000025770|obs_0000024111|obs_0000024532
Zitronen,Zitronen,"€ 1,39",,"1 kg = 1,85",,Nein,Gültig bis 04.04,2026-03-30,2026-04-04,../images/lidl/lidl_offer_373.jpg,"cat_obst_gemuese,diet_gluten_free,diet_lactose_free,diet_vegan,diet_vegetarian,sub_frisches_obst,tag_whole_food",,BLS-F601100,ref_000369,obs_0000024462|obs_0000008321|obs_0000027911|obs_0000025087|obs_0000028057|obs_0000021667|obs_0000026542|obs_0000030136|obs_0000031554|obs_0000034117|obs_0000027477|obs_0000031323|obs_0000028262|obs_0000020848|obs_0000009607|obs_0000029581|obs_0000012177|obs_0000026239|obs_0000033715|obs_0000008643|obs_0000029124|obs_0000010058|obs_0000012637|obs_0000030824|obs_0000028912|obs_0000028790|obs_0000018940|obs_0000005138|obs_0000014878|obs_0000001074|obs_0000032058|obs_0000005699|obs_0000005320|obs_0000015312|obs_0000011385|obs_0000005119|obs_0000005507|obs_0000014382|obs_0000006071|obs_0000013905|obs_0000010973|obs_0000013970|obs_0000014575,obs_0000008321|obs_0000027911|obs_0000025087|obs_0000024462|obs_0000028057|obs_0000021667|obs_0000026542|obs_0000030136|obs_0000031554|obs_0000034117|obs_0000027477|obs_0000031323|obs_0000028262|obs_0000020848
Rote Paprika,Rote Paprika,"€ 2,99",,"pro Einheit = 2,99",,Nein,Gültig bis 04.04,2026-03-30,2026-04-04,../images/lidl/lidl_offer_374.jpg,"cat_obst_gemuese,diet_gluten_free,diet_lactose_free,diet_vegan,diet_vegetarian,sub_frisches_gemuese,tag_whole_food",,,ref_000370,obs_0000017917|obs_0000019787|obs_0000031630,obs_0000017917|obs_0000019787
Schweine-Sommersteaks,Grillmeister,"€ 6,66",,"pro Einheit = 6,66",,Nein,Gültig bis 04.04,2026-03-30,2026-04-04,../images/lidl/lidl_offer_376.jpg,"cat_fleisch_wurst,sub_schwein",,BLS-U532100,ref_000371,,
Frisches Schweine-Geschnetzeltes,Metzgerfrisch,"€ 4,99",,"1 kg = 6,24",,Nein,Gültig bis 04.04,2026-03-30,2026-04-04,../images/lidl/lidl_offer_377.jpg,"cat_fleisch_wurst,sub_gefluegel,sub_schwein,tag_high_protein,tag_proteinreich",,,ref_000372,obs_0000023243|obs_0000031567|obs_0000022568|obs_0000029225|obs_0000005622,
Wachtelbrüste -keulen,Nestler,"€ 3,99",,"1 kg = 19,95",,Nein,Gültig bis 04.04,2026-03-30,2026-04-04,../images/lidl/lidl_offer_378.jpg,"cat_fleisch_wurst,tag_ultra_processed",,,ref_000373,obs_0000019411|obs_0000022860|obs_0000017728|obs_0000016360,
Belly Pork Ribs,GRILLMEISTER,"€ 5,99",,"pro Einheit = 5,99",,Nein,Gültig bis 04.04,2026-03-30,2026-04-04,../images/lidl/lidl_offer_379.jpg,"cat_non_food,tag_ultra_processed",,,ref_000374,,
Rinder-Keulensteaks,Metzgerfrisch,"€ 11,99",,"1 kg = 14,99",,Nein,Gültig bis 04.04,2026-03-30,2026-04-04,../images/lidl/lidl_offer_380.jpg,"cat_fleisch_wurst,sub_gefluegel,sub_hackfleisch,sub_rind,sub_schwein,tag_proteinreich",,,ref_000375,obs_0000019021|obs_0000018237,obs_0000019021|obs_0000018237
Frische junge Ente,Metzgerfrisch Premium,"€ 5,49",,"pro Einheit = 5,49",,Nein,Gültig bis 04.04,2026-03-30,2026-04-04,../images/lidl/lidl_offer_381.jpg,"cat_fleisch_wurst,sub_gefluegel,sub_schwein",,,ref_000376,obs_0000008195|obs_0000032361|obs_0000022950|obs_0000003303|obs_0000008947|obs_0000002304|obs_0000028992|obs_0000004929|obs_0000027997|obs_0000004502|obs_0000004075|obs_0000014455|obs_0000021289|obs_0000005995|obs_0000007075|obs_0000025067|obs_0000020470,obs_0000008195|obs_0000022950
Premium US Chuck-Eye-Steak,Metzgerfrisch,"€ 8,00",,"1 kg = 19,99",,Nein,Gültig bis 04.04,2026-03-30,2026-04-04,../images/lidl/lidl_offer_382.jpg,"cat_fleisch_wurst,sub_schwein",,,ref_000377,obs_0000022855|obs_0000025792|obs_0000016734|obs_0000014452,
Frische Kalbs-Medaillons,Metzgerfrisch Premium,"€ 5,99",,"1 kg = 24,96",,Nein,Gültig bis 04.04,2026-03-30,2026-04-04,../images/lidl/lidl_offer_383.jpg,"cat_fleisch_wurst,sub_rind,sub_schwein,tag_high_protein,tag_proteinreich",,,ref_000378,obs_0000030275,
Frische Schweinenackensteaks,Metzgerfrisch,"€ 4,99",,"1 kg = 5,70",,Nein,Gültig bis 04.04,2026-03-30,2026-04-04,../images/lidl/lidl_offer_384.jpg,"cat_fleisch_wurst,sub_gefluegel,sub_schwein",,,ref_000379,obs_0000018446,
ASC Räucherlachs,Nautica,"€ 7,99",,"pro Einheit = 9,99",,Nein,Gültig bis 04.04,2026-03-30,2026-04-04,../images/lidl/lidl_offer_385.jpg,cat_fisch_meeresfruechte,,,ref_000380,obs_0000002571|obs_0000001935|obs_0000025231|obs_0000020251|obs_0000005956|obs_0000031816|obs_0000001994|obs_0000021070|obs_0000017750|obs_0000016608|obs_0000003427|obs_0000028795|obs_0000008702,
ASC White Tiger Garnelen,Fischerstolz,"€ 2,99",,"pro Einheit = 3,99",,Nein,Gültig bis 04.04,2026-03-30,2026-04-04,../images/lidl/lidl_offer_386.jpg,cat_fisch_meeresfruechte,,,ref_000381,obs_0000022565|obs_0000023184|obs_0000017593|obs_0000016643|obs_0000008528|obs_0000018788|obs_0000008551|obs_0000034724|obs_0000007798|obs_0000026001|obs_0000003631|obs_0000001313|obs_0000004921|obs_0000000369|obs_0000004494|obs_0000003502|obs_0000004067|obs_0000001520,obs_0000022565|obs_0000007798|obs_0000023184|obs_0000017593|obs_0000016643|obs_0000008528|obs_0000018788|obs_0000008551|obs_0000026001|obs_0000034724
ASC Frisches Lachsforellenfilet,Fischerstolz,"€ 2,79",,"pro Einheit = 3,79",,Nein,Gültig bis 04.04,2026-03-30,2026-04-04,../images/lidl/lidl_offer_387.jpg,"cat_fisch_meeresfruechte,tag_high_protein,tag_proteinreich",,,ref_000382,obs_0000024239|obs_0000023814|obs_0000018886|obs_0000000699,obs_0000024239|obs_0000023814
ASC Dorade Royal,FISCHERSTOLZ,"€ 5,20",,"1 kg = 10,99",,Nein,Gültig bis 04.04,2026-03-30,2026-04-04,../images/lidl/lidl_offer_388.jpg,"cat_fisch_meeresfruechte,tag_ultra_processed",,,ref_000383,obs_0000024139|obs_0000023721|obs_0000015374|obs_0000011870|obs_0000011023|obs_0000008996|obs_0000006853|obs_0000005405,obs_0000024139|obs_0000023721
Ganze Lachsforelle,FISCHERSTOLZ,"€ 9,99",,"pro Einheit = 9,99",,Nein,Gültig bis 04.04,2026-03-30,2026-04-04,../images/lidl/lidl_offer_389.jpg,cat_fisch_meeresfruechte,,,ref_000384,obs_0000004109|obs_0000001200|obs_0000004963|obs_0000002415|obs_0000000400|obs_0000018868|obs_0000004536|obs_0000013294,
Ofen- und Grilllachs,Fischerstolz,"€ 4,44",,"pro Einheit = 5,25",,Nein,Gültig bis 04.04,2026-03-30,2026-04-04,../images/lidl/lidl_offer_390.jpg,cat_fisch_meeresfruechte,,,ref_000385,obs_0000018882,obs_0000018882|obs_0000023631
Norwegische Lachsfilet-Portionen,Fischerstolz,"€ 7,99",,"pro Einheit = 9,49",,Nein,Gültig bis 04.04,2026-03-30,2026-04-04,../images/lidl/lidl_offer_391.jpg,"cat_fisch_meeresfruechte,diet_gluten_free,diet_lactose_free,tag_high_protein,tag_proteinreich,tag_whole_food",,,ref_000386,obs_0000024241|obs_0000023812|obs_0000001421|obs_0000017429|obs_0000018827|obs_0000021540|obs_0000025684|obs_0000019689|obs_0000020721|obs_0000018885|obs_0000024235|obs_0000024238|obs_0000023815|obs_0000023817|obs_0000010448|obs_0000012790|obs_0000031809|obs_0000028347|obs_0000008391|obs_0000014208|obs_0000010175|obs_0000034280,obs_0000017429|obs_0000017474|obs_0000003679|obs_0000001649|obs_0000024235|obs_0000024241|obs_0000023812|obs_0000023815|obs_0000000821|obs_0000023368|obs_0000002413|obs_0000025479|obs_0000018827|obs_0000001421|obs_0000016809|obs_0000018880|obs_0000018884|obs_0000019936|obs_0000016374|obs_0000012790
Lachsforelle,Nautica,"€ 1,99",,"pro Einheit = 2,49",,Nein,Gültig bis 04.04,2026-03-30,2026-04-04,../images/lidl/lidl_offer_392.jpg,cat_fisch_meeresfruechte,,,ref_000387,obs_0000018868|obs_0000004109|obs_0000000400|obs_0000001200|obs_0000004536|obs_0000004963|obs_0000013294|obs_0000002415|obs_0000004634|obs_0000002076|obs_0000018221|obs_0000003385|obs_0000002626|obs_0000005061|obs_0000003016|obs_0000019029|obs_0000025050|obs_0000000613|obs_0000004207|obs_0000025986,obs_0000004109|obs_0000000400|obs_0000001200|obs_0000018868|obs_0000004536|obs_0000004963|obs_0000013294|obs_0000002415
MSC Premium Matjesfilets,Nautica,"€ 1,99",,"pro Einheit = 2,69",,Nein,Gültig bis 04.04,2026-03-30,2026-04-04,../images/lidl/lidl_offer_393.jpg,cat_fisch_meeresfruechte,,,ref_000388,obs_0000011595|obs_0000015836|obs_0000013830,
Edel-Lachs,OCEAN SEA,"€ 6,49",,"pro Einheit = 9,49",,Nein,Gültig bis 04.04,2026-03-30,2026-04-04,../images/lidl/lidl_offer_394.jpg,"cat_fisch_meeresfruechte,tag_proteinreich",,,ref_000389,obs_0000018869|obs_0000034939|obs_0000033739,obs_0000018869
ASC Party-Garnelen,Nautica,"€ 1,49",,"pro Einheit = 1,99",,Nein,Gültig bis 04.04,2026-03-30,2026-04-04,../images/lidl/lidl_offer_395.jpg,cat_fisch_meeresfruechte,,,ref_000390,obs_0000025977|obs_0000003631|obs_0000001313|obs_0000004921|obs_0000000369|obs_0000004494|obs_0000003502|obs_0000004067|obs_0000001520,obs_0000025977
White Tiger Garnelen-Tapas,Nautica,"€ 1,49",,"pro Einheit = 1,99",,Nein,Gültig bis 04.04,2026-03-30,2026-04-04,../images/lidl/lidl_offer_396.jpg,cat_fisch_meeresfruechte,,,ref_000391,obs_0000017593|obs_0000016643|obs_0000008528|obs_0000018788|obs_0000008551|obs_0000034724|obs_0000022565|obs_0000007798|obs_0000023184|obs_0000003631|obs_0000001313|obs_0000004921|obs_0000000369|obs_0000004494|obs_0000003502|obs_0000004067|obs_0000001520,
MSC Alaska-Seelachs Schlemmerfilet Knusprig Kross,Ocean Sea,"€ 1,99",,"pro Einheit = 2,49",,Nein,Gültig bis 04.04,2026-03-30,2026-04-04,../images/lidl/lidl_offer_397.jpg,"cat_fisch_meeresfruechte,sub_tk_fertiggerichte,tag_ultra_processed",,,ref_000392,,
Stremel-Lachs Dill,Nautica,"€ 2,59",,"1 kg = 20,72",,Nein,Gültig bis 04.04,2026-03-30,2026-04-04,../images/lidl/lidl_offer_398.jpg,cat_fisch_meeresfruechte,,,ref_000393,obs_0000018876|obs_0000034939|obs_0000033739,
Shrimps,Nautica,"€ 1,49",,"pro Einheit = 1,99",,Nein,Gültig bis 04.04,2026-03-30,2026-04-04,../images/lidl/lidl_offer_399.jpg,"cat_non_food,tag_ultra_processed",,,ref_000394,obs_0000034388,
MSC Knusper-Backfisch,FISCHER-STOLZ,"€ 2,59",,"1 kg = 9,25",,Nein,Gültig bis 04.04,2026-03-30,2026-04-04,../images/lidl/lidl_offer_400.jpg,"cat_fisch_meeresfruechte,tag_ultra_processed",,,ref_000395,obs_0000027654|obs_0000026155|obs_0000002293|obs_0000018462|obs_0000014937|obs_0000022416,
Schafkäse Light,Salakis,"€ 1,99",,"pro Einheit = 3,79",,Nein,Gültig bis 04.04,2026-03-30,2026-04-04,../images/lidl/lidl_offer_401.jpg,"cat_molkerei_kaese,sub_kaese,sub_milchprodukte,tag_ultra_processed",,BLS-Y7A2000,ref_000396,obs_0000016653|obs_0000019088|obs_0000017000,
Weichkäse,G ramont,"€ 3,49",,"1 kg = 11,63",,Nein,Gültig bis 04.04,2026-03-30,2026-04-04,../images/lidl/lidl_offer_402.jpg,"cat_molkerei_kaese,sub_kaese,sub_milchprodukte,tag_ultra_processed",,,ref_000397,obs_0000022418|obs_0000018456|obs_0000017509|obs_0000028005|obs_0000012800|obs_0000010262|obs_0000028718|obs_0000023373|obs_0000009810|obs_0000023007|obs_0000009341|obs_0000002902|obs_0000001889|obs_0000008690|obs_0000017036|obs_0000013202|obs_0000020886|obs_0000034594|obs_0000001060|obs_0000012324|obs_0000016552|obs_0000011050|obs_0000003627|obs_0000023987|obs_0000001335|obs_0000015800|obs_0000013638|obs_0000014416|obs_0000024404|obs_0000025428|obs_0000020067|obs_0000010476|obs_0000027117|obs_0000034162|obs_0000011898|obs_0000007547|obs_0000000273|obs_0000004765|obs_0000003512|obs_0000003911|obs_0000004338|obs_0000006285|obs_0000007352|obs_0000005715,obs_0000022418|obs_0000010262|obs_0000018456|obs_0000028718|obs_0000023373|obs_0000009810|obs_0000023007|obs_0000017509|obs_0000028005|obs_0000009341|obs_0000012800
Original Obazda,Alpenhain,"€ 1,49",,"1 kg = 11,92",,Nein,Gültig bis 04.04,2026-03-30,2026-04-04,../images/lidl/lidl_offer_403.jpg,"cat_molkerei_kaese,sub_kaese,sub_milchprodukte,tag_ultra_processed",,,ref_000398,obs_0000018695|obs_0000017330|obs_0000017965|obs_0000010202|obs_0000027915|obs_0000012322|obs_0000028766|obs_0000014946|obs_0000010902|obs_0000034281|obs_0000028730|obs_0000020611|obs_0000012423|obs_0000006283|obs_0000026772|obs_0000026832|obs_0000028896|obs_0000035052|obs_0000027005|obs_0000027048|obs_0000021000|obs_0000008777|obs_0000021117|obs_0000008906|obs_0000015051|obs_0000021430|obs_0000025547|obs_0000033763|obs_0000017384|obs_0000013325|obs_0000019505|obs_0000031800|obs_0000025705|obs_0000009334|obs_0000015502|obs_0000027791|obs_0000033975|obs_0000021758|obs_0000009525|obs_0000021868|obs_0000017799|obs_0000026035|obs_0000022184|obs_0000020181|obs_0000034561|obs_0000009987|obs_0000028429|obs_0000034575|obs_0000016167|obs_0000020298,
Irischer Käse XXL Butterkäse,Kerrygold,"€ 2,79",,"pro Einheit = 2,99",,Nein,Gültig bis 04.04,2026-03-30,2026-04-04,../images/lidl/lidl_offer_404.jpg,"cat_molkerei_kaese,sub_fleischersatz,sub_gefluegel,sub_kaese,sub_milchprodukte,sub_tk_gemuese,tag_high_protein",,,ref_000399,obs_0000023310|obs_0000000815|obs_0000024636|obs_0000035114|obs_0000006457|obs_0000012660|obs_0000010631|obs_0000012763|obs_0000008883|obs_0000019165|obs_0000033775|obs_0000009434|obs_0000013967|obs_0000009899|obs_0000028402|obs_0000028491|obs_0000018295|obs_0000010146|obs_0000022440|obs_0000028601|obs_0000034800,
Buko Balance,Arla,"€ 0,99",,"1 kg = 4,95",,Nein,Gültig bis 04.04,2026-03-30,2026-04-04,../images/lidl/lidl_offer_405.jpg,"cat_molkerei_kaese,sub_milchprodukte,tag_high_protein",,,ref_000400,,
Magnum,Langnese,"€ 4,49",,"1 l = 5,83",,Nein,Gültig bis 04.04,2026-03-30,2026-04-04,../images/lidl/lidl_offer_406.jpg,"cat_tiefkuehl,sub_tk_eis,tag_ultra_processed",,,ref_000401,obs_0000024079|obs_0000015273|obs_0000024496|obs_0000020800|obs_0000022474|obs_0000011489|obs_0000010096|obs_0000021619|obs_0000002227|obs_0000003423|obs_0000008369|obs_0000024683|obs_0000029700|obs_0000005768|obs_0000006667|obs_0000006159|obs_0000007600|obs_0000012090|obs_0000006847|obs_0000015702|obs_0000030853|obs_0000029335|obs_0000026009|obs_0000031992|obs_0000031184|obs_0000029342|obs_0000031169|obs_0000031991|obs_0000030846,obs_0000024079|obs_0000015273|obs_0000024496|obs_0000020800|obs_0000022474|obs_0000011489|obs_0000010096|obs_0000021619
Saftschinken XXL,Herta,"€ 1,99",,"1 kg = 14,21",,Nein,Gültig bis 04.04,2026-03-30,2026-04-04,../images/lidl/lidl_offer_407.jpg,"cat_fleisch_wurst,sub_schwein,sub_wurst,tag_ultra_processed",,,ref_000402,obs_0000025974|obs_0000012763|obs_0000013967,obs_0000025276|obs_0000019707|obs_0000025974
Grill- und Pfannenkäse Natur,GAZI,"€ 1,99",,"1 kg = 9,95",,Nein,Gültig bis 04.04,2026-03-30,2026-04-04,../images/lidl/lidl_offer_408.jpg,"cat_molkerei_kaese,sub_kaese,sub_milchprodukte",,,ref_000403,obs_0000014494|obs_0000014191|obs_0000006444|obs_0000028889|obs_0000001347|obs_0000009644,
Ofenkäse,Rougette,"€ 3,99",,"pro Einheit = 5,99",,Nein,Gültig bis 04.04,2026-03-30,2026-04-04,../images/lidl/lidl_offer_409.jpg,"cat_molkerei_kaese,sub_kaese,sub_milchprodukte",,,ref_000404,obs_0000014853|obs_0000034181|obs_0000028959|obs_0000010167|obs_0000003012|obs_0000011472|obs_0000018904|obs_0000027738|obs_0000015708|obs_0000023649|obs_0000019767|obs_0000016206|obs_0000028781|obs_0000006974|obs_0000005717|obs_0000032538|obs_0000029098|obs_0000030802|obs_0000032086|obs_0000029795,obs_0000014853|obs_0000034181|obs_0000028959|obs_0000010167|obs_0000006974|obs_0000003012|obs_0000011472|obs_0000005717|obs_0000018904|obs_0000027738|obs_0000015708|obs_0000023649
Vegane Salami,Billie Green,"€ 1,29",,"pro Einheit = 1,69",,Nein,Gültig bis 04.04,2026-03-30,2026-04-04,../images/lidl/lidl_offer_410.jpg,"cat_fleisch_wurst,diet_lactose_free,diet_vegan,diet_vegetarian,sub_fleischersatz,sub_wurst,tag_ultra_processed",,,ref_000405,obs_0000023283|obs_0000011062|obs_0000033986|obs_0000034587|obs_0000028469|obs_0000010316|obs_0000016602|obs_0000008425|obs_0000002285|obs_0000026898|obs_0000016755|obs_0000031198|obs_0000002611|obs_0000014932|obs_0000019030|obs_0000023205|obs_0000021226|obs_0000011010|obs_0000025355|obs_0000017184|obs_0000002957|obs_0000017375|obs_0000003239|obs_0000019666|obs_0000003307|obs_0000025934|obs_0000034176|obs_0000030145|obs_0000028273|obs_0000005781|obs_0000007987|obs_0000008039|obs_0000020407|obs_0000016328|obs_0000010234|obs_0000005574|obs_0000030799|obs_0000031425|obs_0000029445|obs_0000032095|obs_0000032536,obs_0000023283|obs_0000011062|obs_0000033986|obs_0000030145
Küchentücher,Floraly s,"€ 2,99",,"pro Einheit = 2,99",,Nein,Gültig bis 04.04,2026-03-30,2026-04-04,../images/lidl/lidl_offer_411.jpg,cat_drogerie,,,ref_000406,obs_0000023316|obs_0000022515|obs_0000017283|obs_0000026500|obs_0000028044|obs_0000034463|obs_0000027452|obs_0000013759|obs_0000020296|obs_0000025544|obs_0000034991|obs_0000002895|obs_0000014417|obs_0000027217|obs_0000010070|obs_0000011370|obs_0000016235|obs_0000022123|obs_0000019566|obs_0000014197|obs_0000021115|obs_0000018046|obs_0000024705|obs_0000008589|obs_0000026915|obs_0000033081|obs_0000008896|obs_0000006390|obs_0000034086|obs_0000033405|obs_0000032032|obs_0000026280|obs_0000012457|obs_0000007116|obs_0000007500|obs_0000033889|obs_0000007925|obs_0000028798,obs_0000024705|obs_0000017283|obs_0000026500|obs_0000028044|obs_0000023316|obs_0000034463|obs_0000027452|obs_0000013759|obs_0000020296|obs_0000025544|obs_0000034991|obs_0000002895|obs_0000014417|obs_0000027217|obs_0000010070|obs_0000011370|obs_0000016235|obs_0000022123|obs_0000019566|obs_0000022515|obs_0000014197|obs_0000021115|obs_0000018046
Eistee,Pfanner,"€ 1,29",,"pro Einheit = 1,99",,Nein,Gültig bis 04.04,2026-03-30,2026-04-04,../images/lidl/lidl_offer_412.jpg,"cat_getraenke,tag_ultra_processed",,BLS-W291200,ref_000407,obs_0000024081|obs_0000023317|obs_0000024502|obs_0000019389|obs_0000017982|obs_0000009061|obs_0000011155|obs_0000008086|obs_0000012452|obs_0000002343|obs_0000013610|obs_0000027985|obs_0000026836|obs_0000003163|obs_0000014050|obs_0000017891|obs_0000027236|obs_0000015096|obs_0000022016|obs_0000008902|obs_0000032713|obs_0000023251|obs_0000000733|obs_0000030317|obs_0000006024|obs_0000007679|obs_0000031392|obs_0000030940|obs_0000007673,obs_0000024081|obs_0000011155|obs_0000023317|obs_0000008086|obs_0000012452|obs_0000002343|obs_0000013610|obs_0000024502|obs_0000019389|obs_0000017982|obs_0000027985|obs_0000026836|obs_0000003163|obs_0000014050|obs_0000017891|obs_0000027236|obs_0000009061|obs_0000015096|obs_0000022016
5 Minuten Terrine,Maggi,"€ 0,99",,"pro Einheit = 1,49",,Nein,Gültig bis 04.04,2026-03-30,2026-04-04,../images/lidl/lidl_offer_413.jpg,"cat_grundnahrung,diet_vegan,diet_vegetarian,tag_ultra_processed",,,ref_000408,obs_0000022281|obs_0000018283|obs_0000019422|obs_0000027128|obs_0000022865|obs_0000031019|obs_0000028475|obs_0000031696|obs_0000030336|obs_0000032112|obs_0000032663|obs_0000029673|obs_0000032235|obs_0000032111|obs_0000005924|obs_0000006644,obs_0000022281|obs_0000018283|obs_0000019422|obs_0000027128
Energy,Monster,"€ 7,99",,"1 l = 1,60",,Nein,Gültig bis 04.04,2026-03-30,2026-04-04,../images/lidl/lidl_offer_414.jpg,"cat_getraenke,tag_ultra_processed",,,ref_000409,obs_0000034434|obs_0000010758|obs_0000014658|obs_0000013175|obs_0000022027|obs_0000028180|obs_0000016414|obs_0000020512|obs_0000034853|obs_0000026684|obs_0000021058|obs_0000011333|obs_0000024154|obs_0000011355|obs_0000002158|obs_0000026742|obs_0000018063|obs_0000031887|obs_0000029845|obs_0000017046|obs_0000025242|obs_0000002214|obs_0000013993|obs_0000027310|obs_0000023733|obs_0000000193|obs_0000004816|obs_0000033497|obs_0000032988|obs_0000027877|obs_0000026353|obs_0000019186|obs_0000008960|obs_0000025348|obs_0000023301|obs_0000026886|obs_0000035055|obs_0000020239|obs_0000035061|obs_0000018194|obs_0000004389|obs_0000028455|obs_0000024876|obs_0000013614|obs_0000000304|obs_0000034110|obs_0000010050|obs_0000022864|obs_0000021331|obs_0000021846,obs_0000034434
Actimel Drink XXXL,Danone,"€ 3,49",,"1 kg = 2,49",,Nein,Gültig bis 04.04,2026-03-30,2026-04-04,../images/lidl/lidl_offer_415.jpg,"cat_molkerei_kaese,diet_vegetarian,sub_joghurt_skyr_quark,sub_milchprodukte,tag_ultra_processed",,,ref_000410,obs_0000018569|obs_0000017405|obs_0000031420|obs_0000006437|obs_0000009022|obs_0000031715|obs_0000011880|obs_0000009842|obs_0000009382|obs_0000015654|obs_0000006796|obs_0000012310|obs_0000033983|obs_0000010619|obs_0000027587|obs_0000030479|obs_0000005536|obs_0000006101|obs_0000026421,obs_0000011880|obs_0000018569|obs_0000015654|obs_0000017405
Monte Maxi,Zott,"€ 1,49",,"pro Einheit = 2,99",,Nein,Gültig bis 04.04,2026-03-30,2026-04-04,../images/lidl/lidl_offer_416.jpg,"cat_molkerei_kaese,sub_milchprodukte,sub_sahne_creme,tag_ultra_processed",,,ref_000411,obs_0000001179|obs_0000002823|obs_0000034166|obs_0000009846|obs_0000009385|obs_0000011038|obs_0000019311|obs_0000012680|obs_0000001955|obs_0000030525|obs_0000029855|obs_0000030592,obs_0000001179|obs_0000002823|obs_0000030525|obs_0000034166
Mixpack Milchschnitte Pingui,Kinder,"€ 2,99",,"1 kg = 11,50",,Nein,Gültig bis 04.04,2026-03-30,2026-04-04,../images/lidl/lidl_offer_417.jpg,"cat_knabbern_naschen,tag_ultra_processed",,,ref_000412,obs_0000011463|obs_0000031540|obs_0000031551|obs_0000023382|obs_0000012794,
Unstoppables Wäscheparfüm XXL,Lenor,"€ 13,99",,"pro Einheit = 14,99",,Nein,Gültig bis 04.04,2026-03-30,2026-04-04,../images/lidl/lidl_offer_418.jpg,cat_drogerie,,,ref_000413,obs_0000012455|obs_0000014663|obs_0000015947|obs_0000024886|obs_0000032879|obs_0000022906|obs_0000014872|obs_0000033365|obs_0000025441|obs_0000011157|obs_0000013488|obs_0000017659|obs_0000009628|obs_0000003535|obs_0000011803|obs_0000010098|obs_0000012763|obs_0000033496|obs_0000013967,obs_0000012455|obs_0000014663|obs_0000015947
Eier-Spätzle,Settele,"€ 2,99",,"pro Einheit = 4,49",,Nein,Gültig bis 04.04,2026-03-30,2026-04-04,../images/lidl/lidl_offer_419.jpg,"cat_grundnahrung,diet_vegetarian,sub_nudeln",,,ref_000414,obs_0000011059|obs_0000014516|obs_0000025828|obs_0000028776|obs_0000014156|obs_0000030537|obs_0000031449|obs_0000002437|obs_0000008570,obs_0000011059|obs_0000014516|obs_0000030537|obs_0000031449|obs_0000025828|obs_0000028776
100 Natürliche Zutaten,Rama,"€ 1,29",,"pro Einheit = 2,29",,Nein,Gültig bis 04.04,2026-03-30,2026-04-04,../images/lidl/lidl_offer_420.jpg,"cat_molkerei_kaese,diet_lactose_free,diet_vegan,diet_vegetarian,sub_butter_margarine,tag_ultra_processed",,,ref_000415,obs_0000006290|obs_0000016775|obs_0000005351,obs_0000016775|obs_0000006290|obs_0000005351
Toffee Nuts,Mister Choc,"€ 0,99",,"pro Einheit = 1,39",,Nein,Gültig bis 04.04,2026-03-30,2026-04-04,../images/lidl/lidl_offer_421.jpg,"cat_knabbern_naschen,diet_vegetarian,tag_ultra_processed",,,ref_000416,,
Universal-Wandfarbe,Alpina,"€ 18,99",,"1 l = 1,73",,Nein,Gültig bis 04.04,2026-03-30,2026-04-04,../images/lidl/lidl_offer_422.jpg,cat_drogerie,,,ref_000417,obs_0000025080|obs_0000035079,obs_0000025080
Gouda Jung,Milbona,"€ 1,99",,"pro Einheit = 2,45",,Nein,Gültig bis 04.04,2026-03-30,2026-04-04,../images/lidl/lidl_offer_423.jpg,"cat_molkerei_kaese,diet_vegetarian,sub_kaese,sub_milchprodukte,sub_sahne_creme",,NUTR-0007,ref_000418,obs_0000022530|obs_0000020553|obs_0000016539|obs_0000022909|obs_0000021372|obs_0000025639|obs_0000025747|obs_0000023805|obs_0000024231|obs_0000012327|obs_0000010903|obs_0000015259|obs_0000028238|obs_0000028336|obs_0000028452|obs_0000018601|obs_0000019353|obs_0000032357|obs_0000028324|obs_0000034978|obs_0000028379,obs_0000022530|obs_0000012327|obs_0000020553|obs_0000016539|obs_0000018601|obs_0000022909|obs_0000010903|obs_0000021372|obs_0000015259|obs_0000025639|obs_0000025747|obs_0000023805|obs_0000028238|obs_0000024231|obs_0000028336|obs_0000028452
Cr me Fra che,Milbona,"€ 0,79",,"pro Einheit = 0,99",,Nein,Gültig bis 04.04,2026-03-30,2026-04-04,../images/lidl/lidl_offer_424.jpg,"cat_molkerei_kaese,diet_vegetarian,sub_milchprodukte,sub_sahne_creme",,,ref_000419,obs_0000020728|obs_0000023029|obs_0000009151|obs_0000021547|obs_0000001813|obs_0000016170|obs_0000034695|obs_0000013569|obs_0000015796|obs_0000011881|obs_0000007332|obs_0000032481,obs_0000020588|obs_0000020728|obs_0000023029|obs_0000021407|obs_0000009151|obs_0000025569|obs_0000021547|obs_0000001813|obs_0000016170|obs_0000034695
Höhenverstellbarer Unterstellbock,PARKSIDE,"€ 9,99",,"pro Einheit = 9,99",,Nein,Gültig bis 04.04,2026-03-30,2026-04-04,../images/lidl/lidl_offer_425.jpg,cat_non_food,,,ref_000420,obs_0000017851,obs_0000017851
Sonnenblumenöl,Vita D Or,"€ 1,35",,"pro Einheit = 1,69",,Nein,Gültig bis 04.04,2026-03-30,2026-04-04,../images/lidl/lidl_offer_426.jpg,"cat_grundnahrung,diet_gluten_free,diet_lactose_free,diet_vegan,diet_vegetarian,tag_whole_food",,BLS-Q320000,ref_000421,obs_0000017349|obs_0000023664|obs_0000034685|obs_0000035016|obs_0000013411|obs_0000011748|obs_0000023230|obs_0000027536|obs_0000026537|obs_0000015706|obs_0000010080|obs_0000028406|obs_0000032671|obs_0000018236|obs_0000005747|obs_0000029299|obs_0000034029|obs_0000007956,obs_0000034685|obs_0000023230|obs_0000017349|obs_0000035016|obs_0000013411|obs_0000011748|obs_0000023664
Disneys DER KÖNIG DER LÖWEN in Hamburg,Disneys DER KÖNIG DER LÖWEN in Hamburg,"€ 109,00",,"pro Einheit = 129,00",,Nein,Gültig bis 04.04,2026-03-30,2026-04-04,../images/lidl/lidl_offer_427.jpg,"cat_non_food,tag_ultra_processed",,,ref_000422,,
MJ Das Michael Jackson Musical in Hamburg,MJ Das Michael Jackson Musical in Hamburg,"€ 99,00",,"pro Einheit = 129,00",,Nein,Gültig bis 04.04,2026-03-30,2026-04-04,,"cat_getraenke,tag_ultra_processed",,,ref_000423,,
ZURÜCK IN DIE ZUKUNFT Das Musical in Hamburg,ZURÜCK IN DIE ZUKUNFT Das Musical in Hamburg,"€ 109,00",,"pro Einheit = 129,00",,Nein,Gültig bis 04.04,2026-03-30,2026-04-04,../images/lidl/lidl_offer_429.jpg,cat_non_food,,,ref_000424,,
Disneys Musical TARZAN in Hamburg,Disneys Musical TARZAN in Hamburg,"€ 99,00",,"pro Einheit = 99,00",,Nein,Gültig bis 04.04,2026-03-30,2026-04-04,../images/lidl/lidl_offer_430.jpg,cat_drogerie,,,ref_000425,,
Fotobuch Digitaldruck A4,Fotobuch Digitaldruck A4,"€ 9,99",,"pro Einheit = 9,99",,Nein,Gültig bis 04.04,2026-03-30,2026-04-04,../images/lidl/lidl_offer_431.jpg,cat_non_food,,,ref_000426,obs_0000016520|obs_0000019065,
Bunte Fototasse,Bunte Fototasse,"€ 6,99",,"pro Einheit = 6,99",,Nein,Gültig bis 04.04,2026-03-30,2026-04-04,../images/lidl/lidl_offer_432.jpg,"cat_knabbern_naschen,diet_vegetarian,tag_ultra_processed",,,ref_000427,,
