Produkt,Marke,Preis,Vorheriger Preis,Preis_kg,Hinweis,Nur_online,Gueltig_raw,Gueltig_von,Gueltig_bis,Bildpfad,assigned_labels,Einheit,nutrition_link,reference_row_id,rough_match_observation_ids,exact_match_observation_ids
Erdbeeren,Keine Marke,"€ 6,3","€ 8,37","pro Einheit = 16,00","Griechenland / Spanien, Kl. I, 500 g Schale oder Heidelbeeren Marokko / Spanien, Kl. I, 125 g Schale oder Brombeeren Mexiko, Kl. I, 125 g Schale",Nein,"Wochenangebote gültig von Montag, 30.03.26 - Samstag, 04.04.26",30.03.26,04.04.26,../images/netto/netto_offer_001.jpg,"cat_obst_gemuese,diet_gluten_free,diet_lactose_free,diet_vegan,diet_vegetarian,sub_exoten,sub_frisches_gemuese,sub_frisches_obst,tag_whole_food",,BLS-F301100,ref_000001,obs_0000022919|obs_0000006408|obs_0000030617|obs_0000027419|obs_0000031261|obs_0000029494|obs_0000030915|obs_0000024529|obs_0000031576|obs_0000030564|obs_0000031462|obs_0000000875|obs_0000006265|obs_0000032512|obs_0000033793|obs_0000012233|obs_0000013901|obs_0000034400|obs_0000030989|obs_0000005687|obs_0000006083|obs_0000006092|obs_0000015717|obs_0000013414|obs_0000013418|obs_0000011389|obs_0000030428,obs_0000022919|obs_0000006408|obs_0000030617|obs_0000027419|obs_0000031261|obs_0000029494|obs_0000030915|obs_0000024529|obs_0000031576|obs_0000030564|obs_0000031462|obs_0000000875|obs_0000006265|obs_0000032512
Eis,Langnese Cremissimo,"€ 5,9","€ 11,97","pro Einheit = 2,22","tiefgekühlt, versch. Sorten Einzelpreis: 3.99 ( 3.07 – 5.32 / l)",Nein,"Wochenangebote gültig von Montag, 30.03.26 - Samstag, 04.04.26",30.03.26,04.04.26,../images/netto/netto_offer_002.jpg,"cat_tiefkuehl,sub_fleischersatz,sub_tk_eis,sub_tk_fertiggerichte,tag_high_protein,tag_ultra_processed",,,ref_000002,obs_0000018692|obs_0000025743|obs_0000017710|obs_0000034392|obs_0000011490|obs_0000025829|obs_0000013168|obs_0000007041|obs_0000013833|obs_0000025236|obs_0000029345|obs_0000030502|obs_0000027306|obs_0000022962|obs_0000028855|obs_0000005945|obs_0000009795|obs_0000025807|obs_0000027474|obs_0000001749|obs_0000001750|obs_0000005210|obs_0000007392|obs_0000008928|obs_0000006504|obs_0000013034|obs_0000009324|obs_0000027503|obs_0000027646|obs_0000005767|obs_0000005768|obs_0000006667|obs_0000006670|obs_0000006159|obs_0000005399|obs_0000005017|obs_0000014373|obs_0000028456|obs_0000012333|obs_0000003118|obs_0000006319|obs_0000000434|obs_0000007599|obs_0000007600|obs_0000008369|obs_0000011056|obs_0000005948|obs_0000006847|obs_0000018370|obs_0000004163,obs_0000018692|obs_0000005767|obs_0000025743|obs_0000025236|obs_0000017710|obs_0000022962|obs_0000034392|obs_0000011490|obs_0000025829|obs_0000013168
Tulpen,Keine Marke,"€ 5,9","€ 5,97","pro Einheit = 5,90","ca. 35 cm, versch. Farben",Nein,"Wochenangebote gültig von Montag, 30.03.26 - Samstag, 04.04.26",30.03.26,04.04.26,../images/netto/netto_offer_003.jpg,"cat_obst_gemuese,diet_gluten_free,diet_lactose_free,diet_vegan,diet_vegetarian,sub_exoten,sub_frisches_gemuese,sub_frisches_obst,tag_ultra_processed,tag_whole_food",,,ref_000003,obs_0000034533|obs_0000029749|obs_0000001596|obs_0000034401|obs_0000031365|obs_0000030045,obs_0000034533|obs_0000029749
Lindt Goldhase,Keine Marke,"€ 1,69","€ 3,29","1 kg = 33,80",versch. Sorten,Nein,"Wochenangebote gültig von Montag, 30.03.26 - Samstag, 04.04.26",30.03.26,04.04.26,../images/netto/netto_offer_004.jpg,"cat_obst_gemuese,diet_gluten_free,diet_lactose_free,diet_vegan,diet_vegetarian,sub_exoten,sub_frisches_obst,tag_ultra_processed,tag_whole_food",,,ref_000004,obs_0000013665,obs_0000013665
Butter oder Streichzart,Weihenstephan,"€ 0,99","€ 2,59","1 kg = 3,96","gekühlt, versch. Sorten",Nein,"Wochenangebote gültig von Montag, 30.03.26 - Samstag, 04.04.26",30.03.26,04.04.26,../images/netto/netto_offer_005.jpg,"cat_molkerei_kaese,diet_gluten_free,diet_vegetarian,sub_butter_margarine,sub_milchprodukte",,,ref_000005,obs_0000031125|obs_0000006970|obs_0000030109|obs_0000031974|obs_0000009075|obs_0000001425|obs_0000018644|obs_0000027049|obs_0000002620|obs_0000019493|obs_0000003267|obs_0000021984|obs_0000022502|obs_0000031786|obs_0000024620|obs_0000000107|obs_0000008456|obs_0000008556|obs_0000024999|obs_0000000442|obs_0000000997|obs_0000017835|obs_0000017986|obs_0000026359|obs_0000018391|obs_0000010409|obs_0000034970|obs_0000018772|obs_0000018910|obs_0000002676|obs_0000011042|obs_0000027517|obs_0000011467|obs_0000003386|obs_0000003591|obs_0000003636|obs_0000004174|obs_0000004601|obs_0000012797|obs_0000013125|obs_0000005028|obs_0000022866,obs_0000012198|obs_0000029454|obs_0000005897|obs_0000006296|obs_0000006434|obs_0000014852|obs_0000007149|obs_0000007562|obs_0000016088|obs_0000032534
Dallmayr Prodomo,Keine Marke,"€ 5,99","€ 10,49","1 kg = 11,98","Kaffee gemahlen oder ganze Bohnen, versch. Sorten",Nein,"Wochenangebote gültig von Montag, 30.03.26 - Samstag, 04.04.26",30.03.26,04.04.26,../images/netto/netto_offer_006.jpg,"cat_getraenke,diet_gluten_free,diet_lactose_free,diet_vegan,diet_vegetarian,tag_whole_food",,,ref_000006,obs_0000032404|obs_0000006812|obs_0000007968|obs_0000000917|obs_0000013354|obs_0000023737|obs_0000015684|obs_0000024151|obs_0000023652,obs_0000032404|obs_0000000917|obs_0000013354|obs_0000023737|obs_0000015684|obs_0000024151|obs_0000023652
Neuseeländische Lammkeule,Keine Marke,"€ 12,90","€ 16,90","pro Einheit = 12,90","mit Röhrenknochen, vakuumverpackt, ca. 1.8 kg",Nein,"Wochenangebote gültig von Montag, 30.03.26 - Samstag, 04.04.26",30.03.26,04.04.26,../images/netto/netto_offer_007.jpg,"cat_fleisch_wurst,diet_lactose_free,diet_vegetarian,tag_ultra_processed,tag_whole_food",,,ref_000007,obs_0000026141|obs_0000009956|obs_0000034545|obs_0000009495,obs_0000026141
Spargel weiß violett,Keine Marke,"€ 3,99","€ 4,49","1 kg = 7,98","Griechenland/Peru, Kl. II",Nein,"Wochenangebote gültig von Montag, 30.03.26 - Samstag, 04.04.26",30.03.26,04.04.26,../images/netto/netto_offer_008.jpg,"cat_obst_gemuese,diet_gluten_free,diet_lactose_free,diet_vegan,diet_vegetarian,sub_frisches_gemuese,tag_whole_food",,,ref_000008,obs_0000006414|obs_0000007314|obs_0000001516,obs_0000006414
Toffifee,Toffifee,"€ 1,4","€ 1,49","1 kg = 8,00",versch. Sorten,Nein,"Wochenangebote gültig von Montag, 30.03.26 - Samstag, 04.04.26",30.03.26,04.04.26,../images/netto/netto_offer_009.jpg,"cat_knabbern_naschen,diet_vegan,diet_vegetarian,tag_ultra_processed",,,ref_000009,obs_0000034826|obs_0000000800|obs_0000027056|obs_0000015039|obs_0000016098|obs_0000013931|obs_0000027374|obs_0000026224|obs_0000001528|obs_0000000139|obs_0000005659|obs_0000032171|obs_0000032691|obs_0000029004|obs_0000006738|obs_0000029689|obs_0000010170,obs_0000034826|obs_0000000800|obs_0000027056|obs_0000015039|obs_0000016098|obs_0000013931|obs_0000027374|obs_0000026224|obs_0000001528
Premium Biere,Keine Marke,"€ 15,98","€ 19,98","1 l = 0,80",versch. Sorten Einzelpreis: 9.99 (1.- / l),Nein,"Wochenangebote gültig von Montag, 30.03.26 - Samstag, 04.04.26",30.03.26,04.04.26,../images/netto/netto_offer_010.jpg,"cat_getraenke,diet_gluten_free,diet_lactose_free,diet_vegan,diet_vegetarian,tag_whole_food",,,ref_000010,obs_0000026342|obs_0000027520|obs_0000013830|obs_0000026248|obs_0000011595,obs_0000026676|obs_0000026342|obs_0000027520
Norwegisches Lachsfilet,Keine Marke,"€ 1,35","€ 1,79","1 kg = 13,49","mit Haut, praktisch grätenfrei, ca. 1 kg",Nein,"Wochenangebote gültig von Montag, 30.03.26 - Samstag, 04.04.26",30.03.26,04.04.26,../images/netto/netto_offer_011.jpg,"cat_fisch_meeresfruechte,diet_gluten_free,diet_lactose_free,tag_high_protein,tag_proteinreich,tag_whole_food",,,ref_000011,obs_0000028079|obs_0000027994|obs_0000023818|obs_0000024240|obs_0000027591|obs_0000028347|obs_0000010175|obs_0000031809|obs_0000008391|obs_0000034280|obs_0000014208,obs_0000028079|obs_0000027591|obs_0000027994
Persil Waschmittel,Keine Marke,"€ 18,99","€ 27,99","pro Einheit = 0,25",versch. Sorten,Nein,"Wochenangebote gültig von Montag, 30.03.26 - Samstag, 04.04.26",30.03.26,04.04.26,../images/netto/netto_offer_012.jpg,"cat_drogerie,diet_gluten_free,diet_lactose_free,diet_vegetarian,tag_whole_food",,,ref_000012,obs_0000018449|obs_0000034866|obs_0000027703|obs_0000012875|obs_0000016462|obs_0000023646|obs_0000018542|obs_0000024174|obs_0000019568|obs_0000013946|obs_0000025217|obs_0000026760|obs_0000021665|obs_0000033445|obs_0000012454|obs_0000002728|obs_0000023748|obs_0000023244|obs_0000025812|obs_0000018152|obs_0000017654|obs_0000015109|obs_0000033069|obs_0000022331|obs_0000022340|obs_0000018794|obs_0000020846|obs_0000019827|obs_0000022410|obs_0000012181|obs_0000003486|obs_0000019384|obs_0000017352|obs_0000026568|obs_0000022520|obs_0000025598|obs_0000007921,obs_0000007709|obs_0000006244|obs_0000006761|obs_0000018542|obs_0000019568|obs_0000012454|obs_0000005289|obs_0000033599|obs_0000025598
Bergader Käsescheiben,Keine Marke,"€ 1,69","€ 2,69","1 kg = 11,27 - 13,52","gekühlt, versch. Sorten",Nein,"Wochenangebote gültig von Montag, 30.03.26 - Samstag, 04.04.26",30.03.26,04.04.26,../images/netto/netto_offer_013.jpg,"cat_molkerei_kaese,diet_vegan,sub_kaese,sub_milchprodukte,tag_ultra_processed,tag_whole_food",,,ref_000013,obs_0000017666|obs_0000020870|obs_0000027787|obs_0000031123|obs_0000025113|obs_0000001181|obs_0000002335|obs_0000018205|obs_0000027170|obs_0000016810|obs_0000034730|obs_0000031666|obs_0000020412|obs_0000024639|obs_0000022214|obs_0000033991|obs_0000002763|obs_0000020051|obs_0000000993|obs_0000002664|obs_0000026217|obs_0000021231|obs_0000025206|obs_0000007782,obs_0000017666|obs_0000027787|obs_0000025113|obs_0000016810|obs_0000020412|obs_0000006985|obs_0000006095|obs_0000005334|obs_0000021231
Wiener Würstchen,Keine Marke,"€ 5,49","€ 6,79","pro Einheit = 5,49",über Buchenholz geräuchert Regionale Verpackungsabweichungen möglich,Nein,"Wochenangebote gültig von Montag, 30.03.26 - Samstag, 04.04.26",30.03.26,04.04.26,../images/netto/netto_offer_014.jpg,"cat_fleisch_wurst,diet_gluten_free,diet_lactose_free,diet_vegan,diet_vegetarian,sub_wurst,tag_ultra_processed,tag_whole_food",,BLS-W211200,ref_000014,obs_0000006186|obs_0000031274|obs_0000027189|obs_0000035106|obs_0000028276|obs_0000031889|obs_0000005789|obs_0000026784|obs_0000028948|obs_0000034174|obs_0000015758|obs_0000028076|obs_0000031737|obs_0000034811|obs_0000032355|obs_0000007858|obs_0000020658|obs_0000031934|obs_0000034981|obs_0000030926|obs_0000030949|obs_0000025857|obs_0000025858|obs_0000021769|obs_0000030483|obs_0000021477|obs_0000031788|obs_0000029297|obs_0000030838|obs_0000009369|obs_0000007849|obs_0000021268|obs_0000032077|obs_0000009557|obs_0000030549|obs_0000021884|obs_0000020449|obs_0000030125,obs_0000006186|obs_0000031274|obs_0000027189|obs_0000035106|obs_0000028276|obs_0000031889|obs_0000005789|obs_0000026784|obs_0000028948|obs_0000034174|obs_0000015758|obs_0000028076|obs_0000031737|obs_0000034811
Coca-Cola,Coca-Cola,"€ 4,99","€ 9,54","1 l = 0,67","teilw. koffeinhaltig, versch. Sorten Einzelpreis: 1.59 zzgl. Pfand 0.25 ( 1.27 / l)",Nein,"Wochenangebote gültig von Montag, 30.03.26 - Samstag, 04.04.26",30.03.26,04.04.26,../images/netto/netto_offer_015.jpg,"cat_getraenke,sub_tk_fertiggerichte,tag_high_protein,tag_proteinreich,tag_ultra_processed",,,ref_000015,obs_0000023586|obs_0000001110|obs_0000024676|obs_0000024165|obs_0000001642|obs_0000023740|obs_0000034042|obs_0000034648|obs_0000033681|obs_0000034234|obs_0000034810|obs_0000005638|obs_0000030302|obs_0000032440|obs_0000005827|obs_0000029418|obs_0000006901|obs_0000006909|obs_0000029979|obs_0000006021|obs_0000032705|obs_0000030680|obs_0000007669|obs_0000032254|obs_0000026646|obs_0000028226|obs_0000004177|obs_0000031900|obs_0000021663|obs_0000026287|obs_0000026323|obs_0000008921|obs_0000017639|obs_0000000810|obs_0000016686|obs_0000009023|obs_0000022338|obs_0000017246|obs_0000020844|obs_0000016754|obs_0000028026|obs_0000027015|obs_0000027037|obs_0000009119|obs_0000019364|obs_0000005031|obs_0000000445|obs_0000018375|obs_0000003042|obs_0000004604,obs_0000005638|obs_0000023586|obs_0000001110|obs_0000030302|obs_0000024676|obs_0000024165|obs_0000001642|obs_0000032440|obs_0000023740|obs_0000005827|obs_0000029418|obs_0000006901|obs_0000034042|obs_0000006909|obs_0000029979|obs_0000034648|obs_0000006021|obs_0000033681|obs_0000034234|obs_0000032705|obs_0000030680|obs_0000007669|obs_0000034810|obs_0000032254
Jack Daniel s Tennessee Whiskey,Keine Marke,"€ 15,99","€ 19,99","1 l = 22,84",40 % Vol.,Nein,"Wochenangebote gültig von Montag, 30.03.26 - Samstag, 04.04.26",30.03.26,04.04.26,../images/netto/netto_offer_016.jpg,"cat_getraenke,diet_gluten_free,diet_lactose_free,diet_vegan,diet_vegetarian,tag_ultra_processed,tag_whole_food",,,ref_000016,obs_0000032446|obs_0000029438|obs_0000032027|obs_0000007454|obs_0000007084|obs_0000028134|obs_0000028331|obs_0000001910,obs_0000028331|obs_0000032446|obs_0000017117|obs_0000029438|obs_0000032027|obs_0000007454|obs_0000016869
Kiwi grün,Keine Marke,"€ 1,1","€ 1,17","pro Einheit = 1,10","Italien/Griechenland, Kl. I Einzelpreis: 0.39",Nein,"Wochenangebote gültig von Montag, 30.03.26 - Samstag, 04.04.26",30.03.26,04.04.26,../images/netto/netto_offer_017.jpg,"cat_obst_gemuese,diet_gluten_free,diet_lactose_free,diet_vegan,diet_vegetarian,sub_exoten,sub_frisches_obst,tag_whole_food",,,ref_000017,obs_0000027156|obs_0000026390|obs_0000001072|obs_0000003522|obs_0000000503|obs_0000034118|obs_0000034917|obs_0000010274,obs_0000027156|obs_0000026390|obs_0000001072|obs_0000003522|obs_0000000503
Kopfsalat,Keine Marke,"€ 1,0",,"pro Einheit = 1,00","Italien, Kl. I",Nein,"Wochenangebote gültig von Montag, 30.03.26 - Samstag, 04.04.26",30.03.26,04.04.26,../images/netto/netto_offer_018.jpg,"cat_obst_gemuese,diet_gluten_free,diet_lactose_free,diet_vegan,diet_vegetarian,sub_frisches_gemuese,sub_salate,tag_whole_food",,BLS-G105100,ref_000018,obs_0000027225|obs_0000007524|obs_0000010982|obs_0000005322|obs_0000006090|obs_0000005520|obs_0000006421|obs_0000006077|obs_0000013717|obs_0000013161|obs_0000012718|obs_0000015313|obs_0000014426,obs_0000027225
Auberginen,Keine Marke,"€ 1,5","€ 1,58","pro Einheit = 0,79","Spanien, Kl. I",Nein,"Wochenangebote gültig von Montag, 30.03.26 - Samstag, 04.04.26",30.03.26,04.04.26,../images/netto/netto_offer_019.jpg,"cat_obst_gemuese,diet_gluten_free,diet_lactose_free,diet_vegan,diet_vegetarian,sub_frisches_obst,tag_ultra_processed,tag_whole_food",,BLS-G510100,ref_000019,obs_0000006269,obs_0000006269
Rote Bete,Keine Marke,"€ 1,4","€ 1,49","1 kg = 2,00",gekocht,Nein,"Wochenangebote gültig von Montag, 30.03.26 - Samstag, 04.04.26",30.03.26,04.04.26,../images/netto/netto_offer_020.jpg,"cat_obst_gemuese,diet_gluten_free,diet_lactose_free,diet_vegan,diet_vegetarian,sub_frisches_gemuese,sub_frisches_obst,tag_whole_food",,,ref_000020,obs_0000001276|obs_0000022850|obs_0000027790|obs_0000027407|obs_0000010671|obs_0000010561|obs_0000015720|obs_0000030205|obs_0000023016,obs_0000001276
Heimat-Logo-Neu Zwiebeln rot,Keine Marke,"€ 1,0",,"pro Einheit = 1,00","Deutschland/Niederlande, Kl. II",Nein,"Wochenangebote gültig von Montag, 30.03.26 - Samstag, 04.04.26",30.03.26,04.04.26,../images/netto/netto_offer_021.jpg,"cat_obst_gemuese,diet_gluten_free,diet_lactose_free,diet_vegan,diet_vegetarian,sub_frisches_gemuese,tag_whole_food",,,ref_000021,obs_0000010332|obs_0000033910|obs_0000027284|obs_0000019110|obs_0000009977|obs_0000008443|obs_0000009515|obs_0000025391|obs_0000027439|obs_0000008014|obs_0000026474|obs_0000028015|obs_0000028061|obs_0000027041,
Lauch,Keine Marke,"€ 0,79",,"pro Einheit = 0,79","Deutschland/Niederlande, Kl. I",Nein,"Wochenangebote gültig von Montag, 30.03.26 - Samstag, 04.04.26",30.03.26,04.04.26,../images/netto/netto_offer_022.jpg,"cat_obst_gemuese,diet_gluten_free,diet_lactose_free,diet_vegan,diet_vegetarian,sub_exoten,sub_frisches_gemuese,sub_frisches_obst,tag_ultra_processed,tag_whole_food",,BLS-T410100,ref_000022,obs_0000034311|obs_0000026094|obs_0000027699|obs_0000033912|obs_0000026201|obs_0000027963,obs_0000034311|obs_0000026094|obs_0000027699|obs_0000033912|obs_0000026201|obs_0000027963
Weißkohl,Keine Marke,"€ 1,0","€ 1,19","pro Einheit = 1,00","Deutschland, Kl. I",Nein,"Wochenangebote gültig von Montag, 30.03.26 - Samstag, 04.04.26",30.03.26,04.04.26,../images/netto/netto_offer_023.jpg,"cat_obst_gemuese,diet_gluten_free,diet_lactose_free,diet_vegan,diet_vegetarian,sub_exoten,sub_frisches_gemuese,sub_frisches_obst,tag_whole_food",,BLS-G342100,ref_000023,obs_0000027011|obs_0000020711|obs_0000027384|obs_0000029196|obs_0000026706|obs_0000025695|obs_0000021530|obs_0000014335|obs_0000010524,obs_0000027011|obs_0000020711|obs_0000027384|obs_0000029196|obs_0000026706|obs_0000025695|obs_0000021530|obs_0000014335
Knoblauch,Keine Marke,"€ 1,0","€ 1,49","1 kg = 6,67","Argentinien/Ägypten, Kl. II",Nein,"Wochenangebote gültig von Montag, 30.03.26 - Samstag, 04.04.26",30.03.26,04.04.26,../images/netto/netto_offer_024.jpg,"cat_obst_gemuese,diet_gluten_free,diet_lactose_free,diet_vegan,diet_vegetarian,tag_ultra_processed,tag_whole_food",,BLS-G490100,ref_000024,obs_0000030436|obs_0000031626|obs_0000032494|obs_0000003240|obs_0000004008|obs_0000026791|obs_0000026956|obs_0000000975|obs_0000001201|obs_0000009009|obs_0000004435|obs_0000025972|obs_0000004862|obs_0000034082|obs_0000003299|obs_0000006857|obs_0000002524|obs_0000001799,obs_0000030436|obs_0000031626|obs_0000032494
Chiquita Mango,Keine Marke,"€ 1,11","€ 1,49","pro Einheit = 1,11","Peru, Kl. I",Nein,"Wochenangebote gültig von Montag, 30.03.26 - Samstag, 04.04.26",30.03.26,04.04.26,../images/netto/netto_offer_025.jpg,"cat_obst_gemuese,diet_gluten_free,diet_lactose_free,diet_vegan,diet_vegetarian,sub_exoten,sub_frisches_obst,tag_ultra_processed,tag_whole_food",,,ref_000025,obs_0000028050|obs_0000009349|obs_0000029722|obs_0000028316|obs_0000021278|obs_0000004393|obs_0000024112|obs_0000033713|obs_0000000306|obs_0000034740|obs_0000027322|obs_0000029883|obs_0000004820|obs_0000026453|obs_0000009816|obs_0000031322|obs_0000016865|obs_0000020459|obs_0000025584|obs_0000026739|obs_0000003966,obs_0000028050|obs_0000027322|obs_0000026739
Chiquita Bananen,Keine Marke,"€ 1,99","€ 2,49","pro Einheit = 1,99",Costa Rica/Panama,Nein,"Wochenangebote gültig von Montag, 30.03.26 - Samstag, 04.04.26",30.03.26,04.04.26,../images/netto/netto_offer_026.jpg,"cat_obst_gemuese,diet_gluten_free,diet_lactose_free,diet_vegan,diet_vegetarian,sub_exoten,sub_frisches_obst,tag_ultra_processed,tag_whole_food",,,ref_000026,obs_0000005880|obs_0000031875|obs_0000027051|obs_0000032185|obs_0000032060|obs_0000029136|obs_0000027736|obs_0000026329|obs_0000028769|obs_0000031472|obs_0000031729|obs_0000009078|obs_0000026492,obs_0000005880|obs_0000027736|obs_0000026329|obs_0000028769|obs_0000009078
Passionsfrucht,Keine Marke,"€ 1,69",,"pro Einheit = 1,69",Kolumbien,Nein,"Wochenangebote gültig von Montag, 30.03.26 - Samstag, 04.04.26",30.03.26,04.04.26,../images/netto/netto_offer_027.jpg,"cat_obst_gemuese,diet_gluten_free,diet_lactose_free,diet_vegan,diet_vegetarian,tag_ultra_processed,tag_whole_food",,BLS-F508100,ref_000027,obs_0000008964|obs_0000003114|obs_0000028626|obs_0000033714|obs_0000030613|obs_0000013976|obs_0000027420|obs_0000028512|obs_0000013440|obs_0000011388|obs_0000006968|obs_0000006963,obs_0000008964|obs_0000003114|obs_0000028626|obs_0000033714|obs_0000030613|obs_0000013976|obs_0000027420|obs_0000028512
Mini Cherryrispentomaten,Keine Marke,"€ 2,49","€ 2,99","1 kg = 12,45","Niederlande, Kl. I",Nein,"Wochenangebote gültig von Montag, 30.03.26 - Samstag, 04.04.26",30.03.26,04.04.26,../images/netto/netto_offer_028.jpg,"cat_obst_gemuese,diet_gluten_free,diet_lactose_free,diet_vegan,diet_vegetarian,sub_frisches_gemuese,tag_whole_food",,,ref_000028,obs_0000026794|obs_0000026165|obs_0000012328|obs_0000006379|obs_0000008462|obs_0000010932|obs_0000017530|obs_0000009425|obs_0000026024|obs_0000009888|obs_0000018128|obs_0000016216,obs_0000026794|obs_0000030918|obs_0000030960|obs_0000029129|obs_0000029204|obs_0000029276|obs_0000031461|obs_0000029588|obs_0000029814|obs_0000030141|obs_0000026165
Speisefrühkartoffeln,Keine Marke,"€ 2,99",,"1 kg = 1,50","Ägypten, Kocheigenschaft: festkochend",Nein,"Wochenangebote gültig von Montag, 30.03.26 - Samstag, 04.04.26",30.03.26,04.04.26,../images/netto/netto_offer_029.jpg,"cat_obst_gemuese,diet_gluten_free,diet_lactose_free,diet_vegan,diet_vegetarian,sub_frisches_gemuese,sub_kartoffeln,tag_ultra_processed,tag_whole_food",,,ref_000029,obs_0000013906|obs_0000008858|obs_0000008524,obs_0000013906|obs_0000008858|obs_0000008524
Orangen,Keine Marke,"€ 2,99","€ 3,99","1 kg = 1,99","Spanien, Kl. I",Nein,"Wochenangebote gültig von Montag, 30.03.26 - Samstag, 04.04.26",30.03.26,04.04.26,../images/netto/netto_offer_030.jpg,"cat_obst_gemuese,diet_gluten_free,diet_lactose_free,diet_vegan,diet_vegetarian,sub_exoten,sub_frisches_obst,tag_ultra_processed,tag_whole_food",,BLS-F603100,ref_000030,obs_0000031118|obs_0000024463|obs_0000028048|obs_0000008977|obs_0000021906|obs_0000028056|obs_0000014361|obs_0000029592|obs_0000024992|obs_0000025768|obs_0000019119|obs_0000008755|obs_0000010164|obs_0000034743|obs_0000026554|obs_0000009787|obs_0000032059|obs_0000032323|obs_0000016457|obs_0000029131|obs_0000027858|obs_0000027355|obs_0000029277|obs_0000009316|obs_0000030565|obs_0000030827|obs_0000017005|obs_0000031473|obs_0000029823|obs_0000034315|obs_0000033934|obs_0000001301|obs_0000029591|obs_0000014877|obs_0000030120|obs_0000031152|obs_0000033716|obs_0000026166|obs_0000033854|obs_0000012742|obs_0000010184|obs_0000015310|obs_0000025425|obs_0000006483|obs_0000016210|obs_0000015711|obs_0000010976|obs_0000013417|obs_0000034020|obs_0000027756,obs_0000031118|obs_0000024463|obs_0000028048|obs_0000008977|obs_0000021906|obs_0000028056|obs_0000014361|obs_0000029592|obs_0000024992|obs_0000025768|obs_0000019119|obs_0000008755|obs_0000010164|obs_0000034743|obs_0000026554|obs_0000009787|obs_0000032059|obs_0000032323|obs_0000016457|obs_0000029131|obs_0000027858|obs_0000027355|obs_0000029277|obs_0000009316|obs_0000030565|obs_0000030827|obs_0000017005|obs_0000031473|obs_0000029823
Mandarinen,Keine Marke,"€ 2,79","€ 3,49","pro Einheit = 2,79","Spanien, Kl. I",Nein,"Wochenangebote gültig von Montag, 30.03.26 - Samstag, 04.04.26",30.03.26,04.04.26,../images/netto/netto_offer_031.jpg,"cat_obst_gemuese,diet_gluten_free,diet_lactose_free,diet_vegan,diet_vegetarian,sub_frisches_obst,tag_whole_food",,BLS-F606100,ref_000031,obs_0000029577|obs_0000002444|obs_0000028686|obs_0000030862|obs_0000019728|obs_0000028566|obs_0000000157|obs_0000019106|obs_0000029478|obs_0000025646|obs_0000006967|obs_0000016695|obs_0000017600|obs_0000009920|obs_0000005319|obs_0000029146|obs_0000030566|obs_0000030443|obs_0000009457|obs_0000010492|obs_0000029576|obs_0000027153|obs_0000021145|obs_0000024101|obs_0000024103|obs_0000032331|obs_0000026960|obs_0000020326|obs_0000005872|obs_0000000501|obs_0000012673|obs_0000005688|obs_0000005871|obs_0000005325|obs_0000006091|obs_0000006263|obs_0000005501,obs_0000029577|obs_0000002444|obs_0000028686|obs_0000030862|obs_0000019728|obs_0000028566|obs_0000000157|obs_0000019106|obs_0000029478|obs_0000025646|obs_0000006967|obs_0000016695|obs_0000017600|obs_0000009920|obs_0000005319|obs_0000029146|obs_0000030566|obs_0000030443|obs_0000009457|obs_0000010492
Apfel rot,Keine Marke,"€ 1,79","€ 2,29","pro Einheit = 1,79","Italien, Kl. I",Nein,"Wochenangebote gültig von Montag, 30.03.26 - Samstag, 04.04.26",30.03.26,04.04.26,../images/netto/netto_offer_032.jpg,"cat_obst_gemuese,diet_gluten_free,diet_lactose_free,diet_vegan,diet_vegetarian,sub_exoten,sub_frisches_gemuese,sub_frisches_obst,tag_ultra_processed,tag_whole_food",,BLS-F110100,ref_000032,,
Mandarin-Orangen,Keine Marke,"€ 1,29","€ 1,49","1 kg = 7,37",leicht gezuckert,Nein,"Wochenangebote gültig von Montag, 30.03.26 - Samstag, 04.04.26",30.03.26,04.04.26,../images/netto/netto_offer_033.jpg,"cat_obst_gemuese,diet_gluten_free,diet_lactose_free,diet_vegan,diet_vegetarian,sub_frisches_obst,tag_whole_food",,,ref_000033,obs_0000010184|obs_0000006483|obs_0000034020|obs_0000011762|obs_0000031118|obs_0000024463|obs_0000028048|obs_0000008977|obs_0000021906|obs_0000028056|obs_0000014361|obs_0000029592|obs_0000024992|obs_0000025768|obs_0000019119|obs_0000008755|obs_0000010164|obs_0000034743|obs_0000026554|obs_0000009787|obs_0000032059|obs_0000032323|obs_0000016457|obs_0000029131|obs_0000027858|obs_0000027355|obs_0000029277|obs_0000009316|obs_0000030565|obs_0000030827|obs_0000017005|obs_0000031473|obs_0000029823,obs_0000010184|obs_0000006483|obs_0000034020|obs_0000011762
Obstkonserven,Keine Marke,"€ 1,99","€ 2,49","1 kg = 6,03 - 6,42",versch. Sorten,Nein,"Wochenangebote gültig von Montag, 30.03.26 - Samstag, 04.04.26",30.03.26,04.04.26,../images/netto/netto_offer_034.jpg,"cat_obst_gemuese,diet_gluten_free,diet_lactose_free,diet_vegan,diet_vegetarian,sub_frisches_gemuese,sub_frisches_obst,tag_ultra_processed,tag_whole_food",,,ref_000034,obs_0000034884,
Nuss-Nougat-Croissant,Keine Marke,"€ 1,50","€ 2,07","pro Einheit = 1,50",Einzelpreis: 0.69 Gilt nur in Filialen mit Backautomat!,Nein,"Wochenangebote gültig von Montag, 30.03.26 - Samstag, 04.04.26",30.03.26,04.04.26,../images/netto/netto_offer_035.jpg,"cat_knabbern_naschen,diet_gluten_free,diet_lactose_free,diet_vegan,diet_vegetarian,tag_ultra_processed,tag_whole_food",,BLS-S451000,ref_000035,obs_0000020121|obs_0000006955|obs_0000023356|obs_0000027987|obs_0000024975|obs_0000020940|obs_0000002265|obs_0000003358|obs_0000027131|obs_0000016184|obs_0000023195|obs_0000025842,obs_0000020121|obs_0000006955|obs_0000023356|obs_0000027987|obs_0000024975|obs_0000020940
Kirschtasche,Keine Marke,"€ 1,7","€ 1,78","pro Einheit = 1,70",Einzelpreis: 0.89 Gilt nur in Filialen mit Backautomat!,Nein,"Wochenangebote gültig von Montag, 30.03.26 - Samstag, 04.04.26",30.03.26,04.04.26,../images/netto/netto_offer_036.jpg,"cat_tiefkuehl,diet_gluten_free,diet_lactose_free,diet_vegan,diet_vegetarian,sub_exoten,tag_whole_food",,BLS-D7A7810,ref_000036,obs_0000027585,obs_0000027585
Schnittbrötchen,Keine Marke,"€ 1,3","€ 1,33","pro Einheit = 1,30",Einzelpreis: 0.19 Gilt nur in Filialen mit Backautomat!,Nein,"Wochenangebote gültig von Montag, 30.03.26 - Samstag, 04.04.26",30.03.26,04.04.26,../images/netto/netto_offer_037.jpg,"cat_grundnahrung,diet_vegetarian,tag_ultra_processed,tag_whole_food",,BLS-D7A5600,ref_000037,obs_0000027882|obs_0000026851|obs_0000026192,obs_0000027882|obs_0000026851|obs_0000026192
Holzofenpinsa Salami,Keine Marke,"€ 1,3","€ 1,39","pro Einheit = 1,30",Gilt nur in Filialen mit Backautomat!,Nein,"Wochenangebote gültig von Montag, 30.03.26 - Samstag, 04.04.26",30.03.26,04.04.26,../images/netto/netto_offer_038.jpg,"cat_sonstiges,diet_gluten_free,diet_lactose_free,diet_vegan,diet_vegetarian,sub_wurst,tag_ultra_processed,tag_whole_food",,,ref_000038,obs_0000028110|obs_0000002611|obs_0000010316|obs_0000014932|obs_0000019030|obs_0000028273|obs_0000005781|obs_0000023205|obs_0000003239|obs_0000019666|obs_0000016602|obs_0000008425|obs_0000021226|obs_0000003307|obs_0000002285|obs_0000011010|obs_0000025355|obs_0000026898|obs_0000017184|obs_0000007987|obs_0000025934|obs_0000008039|obs_0000016755|obs_0000034176|obs_0000002957|obs_0000020407|obs_0000016328|obs_0000017375|obs_0000031198|obs_0000010234,
Weizenvollkornbrot,Keine Marke,"€ 1,49",,"1 kg = 2,98",Gilt nur in Filialen mit Backautomat!,Nein,"Wochenangebote gültig von Montag, 30.03.26 - Samstag, 04.04.26",30.03.26,04.04.26,../images/netto/netto_offer_039.jpg,"cat_grundnahrung,diet_gluten_free,diet_lactose_free,diet_vegan,diet_vegetarian,tag_whole_food",,BLS-B111000,ref_000039,,
Laugenstange,Keine Marke,"€ 1,1","€ 1,17","pro Einheit = 1,10",Gilt nur in Filialen mit Backautomat!,Nein,"Wochenangebote gültig von Montag, 30.03.26 - Samstag, 04.04.26",30.03.26,04.04.26,../images/netto/netto_offer_040.jpg,"cat_grundnahrung,diet_gluten_free,diet_lactose_free,diet_vegan,diet_vegetarian,tag_ultra_processed,tag_whole_food",,,ref_000040,obs_0000026561|obs_0000027394|obs_0000009828|obs_0000005866|obs_0000013295|obs_0000014548|obs_0000005497|obs_0000011519|obs_0000034151|obs_0000034948|obs_0000027990,obs_0000026561|obs_0000027394|obs_0000009828|obs_0000005866|obs_0000013295|obs_0000014548|obs_0000005497|obs_0000011519
Donut,Keine Marke,"€ 0,55",,"pro Einheit = 0,55",versch. Sorten Gilt nur in Filialen mit Backautomat!,Nein,"Wochenangebote gültig von Montag, 30.03.26 - Samstag, 04.04.26",30.03.26,04.04.26,../images/netto/netto_offer_041.jpg,"cat_obst_gemuese,diet_gluten_free,diet_lactose_free,diet_vegan,diet_vegetarian,sub_exoten,sub_frisches_obst,tag_ultra_processed,tag_whole_food",,,ref_000041,obs_0000005308|obs_0000006257|obs_0000004236|obs_0000014228|obs_0000020891|obs_0000034951|obs_0000021677|obs_0000003247|obs_0000026799|obs_0000034482|obs_0000004663|obs_0000001086|obs_0000010049|obs_0000018243|obs_0000005090|obs_0000027234|obs_0000020072|obs_0000006775|obs_0000009597|obs_0000014991|obs_0000008083|obs_0000013342|obs_0000027178|obs_0000031340|obs_0000030706|obs_0000011921|obs_0000022561|obs_0000026424|obs_0000018005|obs_0000022230,obs_0000005308|obs_0000006257
Donut,Keine Marke,"€ 0,44","€ 0,55","pro Einheit = 0,44",versch. Sorten Beim Kauf ab 3 Stück Gilt nur in Filialen mit Backautomat!,Nein,"Wochenangebote gültig von Montag, 30.03.26 - Samstag, 04.04.26",30.03.26,04.04.26,../images/netto/netto_offer_042.jpg,"cat_obst_gemuese,diet_gluten_free,diet_lactose_free,diet_vegan,diet_vegetarian,sub_exoten,sub_frisches_obst,tag_ultra_processed,tag_whole_food",,,ref_000042,obs_0000005308|obs_0000006257|obs_0000004236|obs_0000014228|obs_0000020891|obs_0000034951|obs_0000021677|obs_0000003247|obs_0000026799|obs_0000034482|obs_0000004663|obs_0000001086|obs_0000010049|obs_0000018243|obs_0000005090|obs_0000027234|obs_0000020072|obs_0000006775|obs_0000009597|obs_0000014991|obs_0000008083|obs_0000013342|obs_0000027178|obs_0000031340|obs_0000030706|obs_0000011921|obs_0000022561|obs_0000026424|obs_0000018005|obs_0000022230,obs_0000005308|obs_0000006257
Donut,Keine Marke,"€ 0,33","€ 0,55","pro Einheit = 0,33",versch. Sorten Beim Kauf ab 6 Stück Gilt nur in Filialen mit Backautomat!,Nein,"Wochenangebote gültig von Montag, 30.03.26 - Samstag, 04.04.26",30.03.26,04.04.26,../images/netto/netto_offer_043.jpg,"cat_obst_gemuese,diet_gluten_free,diet_lactose_free,diet_vegan,diet_vegetarian,sub_exoten,sub_frisches_obst,tag_ultra_processed,tag_whole_food",,,ref_000043,obs_0000005308|obs_0000006257|obs_0000004236|obs_0000014228|obs_0000020891|obs_0000034951|obs_0000021677|obs_0000003247|obs_0000026799|obs_0000034482|obs_0000004663|obs_0000001086|obs_0000010049|obs_0000018243|obs_0000005090|obs_0000027234|obs_0000020072|obs_0000006775|obs_0000009597|obs_0000014991|obs_0000008083|obs_0000013342|obs_0000027178|obs_0000031340|obs_0000030706|obs_0000011921|obs_0000022561|obs_0000026424|obs_0000018005|obs_0000022230,obs_0000005308|obs_0000006257
Rouladen vom Rind,Keine Marke,"€ 1,59","€ 1,99","1 kg = 15,90","zart, aus der Keule, ca. 1 kg",Nein,"Wochenangebote gültig von Montag, 30.03.26 - Samstag, 04.04.26",30.03.26,04.04.26,../images/netto/netto_offer_044.jpg,"cat_fleisch_wurst,diet_gluten_free,diet_lactose_free,diet_vegan,diet_vegetarian,sub_rind,tag_ultra_processed,tag_whole_food",,,ref_000044,obs_0000027973|obs_0000017416|obs_0000018470|obs_0000011314|obs_0000011424|obs_0000026813|obs_0000026816|obs_0000026360|obs_0000027939|obs_0000028972|obs_0000019248|obs_0000018766|obs_0000029545|obs_0000015243|obs_0000022424|obs_0000028077|obs_0000027632|obs_0000012275,obs_0000027973
Osterbraten,Keine Marke,"€ 5,99","€ 9,99","pro Einheit = 5,99","vom Schwein, gepökelt und geräuchert, vakuumverpackt, ca. 1.6 kg",Nein,"Wochenangebote gültig von Montag, 30.03.26 - Samstag, 04.04.26",30.03.26,04.04.26,../images/netto/netto_offer_045.jpg,"cat_obst_gemuese,diet_gluten_free,diet_lactose_free,diet_vegan,diet_vegetarian,sub_frisches_gemuese,tag_whole_food",,,ref_000045,,
Bugbraten vom Jungbullen,Keine Marke,"€ 1,39","€ 1,79","1 kg = 13,90","vakuumverpackt, ca. 1 kg",Nein,"Wochenangebote gültig von Montag, 30.03.26 - Samstag, 04.04.26",30.03.26,04.04.26,../images/netto/netto_offer_046.jpg,"cat_fleisch_wurst,diet_gluten_free,diet_lactose_free,diet_vegan,diet_vegetarian,sub_rind,tag_whole_food",,,ref_000046,obs_0000026295|obs_0000012293|obs_0000012294|obs_0000027671|obs_0000013854|obs_0000026669|obs_0000013364|obs_0000014912|obs_0000011844|obs_0000013445|obs_0000014473|obs_0000014474|obs_0000010590|obs_0000012760|obs_0000015351,obs_0000026295
Suppenfleisch vom Rind,Keine Marke,"€ 6,79","€ 8,49","1 kg = 13,58",ohne Knochen,Nein,"Wochenangebote gültig von Montag, 30.03.26 - Samstag, 04.04.26",30.03.26,04.04.26,../images/netto/netto_offer_047.jpg,"cat_fleisch_wurst,diet_gluten_free,diet_lactose_free,diet_vegan,diet_vegetarian,sub_rind,tag_proteinreich,tag_whole_food",,,ref_000047,obs_0000026813|obs_0000028077|obs_0000017416|obs_0000018470|obs_0000011314|obs_0000011424|obs_0000026816|obs_0000026360|obs_0000027939|obs_0000028972|obs_0000019248|obs_0000027973|obs_0000018766|obs_0000029545|obs_0000015243|obs_0000022424|obs_0000027632|obs_0000012275|obs_0000002297|obs_0000009147,obs_0000026813|obs_0000028077
Hackfleisch gemischt,Keine Marke,"€ 5,99","€ 8,99","pro Einheit = 5,99",aus 70% Schwein und 30% Rind,Nein,"Wochenangebote gültig von Montag, 30.03.26 - Samstag, 04.04.26",30.03.26,04.04.26,../images/netto/netto_offer_048.jpg,"cat_fleisch_wurst,diet_lactose_free,diet_vegetarian,sub_hackfleisch,sub_rind,sub_schwein,tag_proteinreich,tag_ultra_processed",,BLS-U020100,ref_000048,obs_0000009222|obs_0000009248|obs_0000016944|obs_0000030269|obs_0000025678|obs_0000029783|obs_0000033883|obs_0000014463|obs_0000021126|obs_0000008856|obs_0000027808|obs_0000005797|obs_0000011430|obs_0000018085|obs_0000030894|obs_0000029892|obs_0000030922|obs_0000006355|obs_0000006874|obs_0000034536|obs_0000030962|obs_0000022287|obs_0000031538|obs_0000017204|obs_0000020307|obs_0000026963|obs_0000031582|obs_0000009575|obs_0000028033|obs_0000007077|obs_0000030174|obs_0000027617|obs_0000009702|obs_0000005620|obs_0000012282|obs_0000014917|obs_0000001646|obs_0000018612|obs_0000019652|obs_0000010463|obs_0000028433|obs_0000009524|obs_0000017754|obs_0000012768|obs_0000000505|obs_0000001083|obs_0000000646|obs_0000025790|obs_0000030444|obs_0000030969,obs_0000009222|obs_0000009248|obs_0000016944|obs_0000030269|obs_0000025678|obs_0000029783|obs_0000033883|obs_0000001646|obs_0000014463|obs_0000021126|obs_0000008856|obs_0000005797|obs_0000011430|obs_0000018085|obs_0000030894|obs_0000018612|obs_0000029892|obs_0000019652|obs_0000030922|obs_0000006355|obs_0000006874|obs_0000010463|obs_0000034536|obs_0000030962|obs_0000022287|obs_0000028433|obs_0000031538|obs_0000017204|obs_0000009524|obs_0000020307|obs_0000017754|obs_0000031582|obs_0000009575|obs_0000028033|obs_0000007077|obs_0000030174|obs_0000009702|obs_0000005620|obs_0000000505|obs_0000012282
Hähnchen-Minutenschnitzel,Keine Marke,"€ 7,99","€ 8,99","1 kg = 9,99",aus dem Brustfilet geschnitten,Nein,"Wochenangebote gültig von Montag, 30.03.26 - Samstag, 04.04.26",30.03.26,04.04.26,../images/netto/netto_offer_049.jpg,"cat_fleisch_wurst,diet_lactose_free,sub_gefluegel,tag_proteinreich,tag_ultra_processed,tag_whole_food",,BLS-V4B5100,ref_000049,obs_0000014456|obs_0000014039|obs_0000027869|obs_0000018252|obs_0000026459|obs_0000010593|obs_0000027062|obs_0000008655|obs_0000027611|obs_0000012765|obs_0000002540|obs_0000001008|obs_0000015353|obs_0000031267|obs_0000008852|obs_0000019114|obs_0000029905|obs_0000019270|obs_0000031623|obs_0000013251|obs_0000029296|obs_0000029854|obs_0000030967|obs_0000030518,obs_0000014456|obs_0000008852|obs_0000019114|obs_0000014039|obs_0000027869|obs_0000018252|obs_0000026459|obs_0000010593|obs_0000027062|obs_0000013251|obs_0000008655|obs_0000027611|obs_0000012765|obs_0000002540|obs_0000001008|obs_0000015353
Hähnchen-Schenkel,Keine Marke,"€ 6,99",,"1 kg = 3,50","mit Rückenstück, Hkl. A",Nein,"Wochenangebote gültig von Montag, 30.03.26 - Samstag, 04.04.26",30.03.26,04.04.26,../images/netto/netto_offer_050.jpg,"cat_fleisch_wurst,diet_gluten_free,diet_lactose_free,sub_gefluegel,tag_proteinreich,tag_whole_food",,BLS-V4A5100,ref_000050,obs_0000019465|obs_0000027696|obs_0000014454|obs_0000027259|obs_0000009863|obs_0000027277|obs_0000016559|obs_0000028345|obs_0000009401|obs_0000000705|obs_0000027367|obs_0000022267|obs_0000018267|obs_0000000882|obs_0000028083|obs_0000014263|obs_0000017341|obs_0000001523|obs_0000014915|obs_0000011849|obs_0000008788|obs_0000030896|obs_0000010525|obs_0000015748|obs_0000031635|obs_0000012213|obs_0000029875|obs_0000031534|obs_0000029909|obs_0000029965|obs_0000032530|obs_0000031272,obs_0000019465|obs_0000027696|obs_0000014454|obs_0000027259|obs_0000009863|obs_0000027277|obs_0000016559|obs_0000028345|obs_0000009401|obs_0000000705|obs_0000027367|obs_0000022267|obs_0000018267|obs_0000000882|obs_0000028083|obs_0000014263|obs_0000017341|obs_0000001523
Wiltman Salami-Sortiment,Keine Marke,"€ 1,29","€ 2,29","1 kg = 16,13",versch. Sorten,Nein,"Wochenangebote gültig von Montag, 30.03.26 - Samstag, 04.04.26",30.03.26,04.04.26,../images/netto/netto_offer_051.jpg,"cat_fleisch_wurst,diet_gluten_free,diet_lactose_free,diet_vegan,diet_vegetarian,sub_wurst,tag_ultra_processed,tag_whole_food",,,ref_000051,obs_0000002611|obs_0000010316|obs_0000014932|obs_0000019030|obs_0000028273|obs_0000005781|obs_0000023205|obs_0000003239|obs_0000019666|obs_0000016602|obs_0000008425|obs_0000021226|obs_0000003307|obs_0000002285|obs_0000011010|obs_0000025355|obs_0000026898|obs_0000010234|obs_0000017184|obs_0000007987|obs_0000025934|obs_0000008039|obs_0000016755|obs_0000034176|obs_0000002957|obs_0000020407|obs_0000016328|obs_0000017375|obs_0000031198,
Italienische handgelegte Aperitivo Platte,Keine Marke,"€ 9,99","€ 12,99","1 kg = 31,22","mit Prosciutto Crudo, Salame Napoli, Coppa, Scamorza geräuchert, Oliven und getrocknete Tomaten",Nein,"Wochenangebote gültig von Montag, 30.03.26 - Samstag, 04.04.26",30.03.26,04.04.26,../images/netto/netto_offer_052.jpg,"cat_getraenke,diet_vegan,diet_vegetarian",,,ref_000052,obs_0000013069|obs_0000008990|obs_0000020899|obs_0000003633|obs_0000009522|obs_0000008244|obs_0000021836|obs_0000010091|obs_0000020080|obs_0000003572|obs_0000015485|obs_0000009984,
Prosciutto Cotto,Keine Marke,"€ 1,99","€ 2,39","1 kg = 9,95",,Nein,"Wochenangebote gültig von Montag, 30.03.26 - Samstag, 04.04.26",30.03.26,04.04.26,../images/netto/netto_offer_053.jpg,"cat_fleisch_wurst,diet_gluten_free,diet_lactose_free,diet_vegan,diet_vegetarian,sub_schwein,sub_wurst,tag_high_protein,tag_proteinreich,tag_ultra_processed,tag_whole_food",,,ref_000053,obs_0000027656|obs_0000015759|obs_0000000528|obs_0000026521|obs_0000012287|obs_0000024217|obs_0000023206|obs_0000000042|obs_0000003783|obs_0000024656|obs_0000003295|obs_0000002915|obs_0000002661|obs_0000023797|obs_0000002166|obs_0000007052|obs_0000005780|obs_0000030868|obs_0000032413|obs_0000029101|obs_0000022634|obs_0000007418|obs_0000032375|obs_0000007863,obs_0000027656|obs_0000015759|obs_0000000528|obs_0000026521|obs_0000012287
Kabanossi,Keine Marke,"€ 1,49","€ 1,99","1 kg = 12,42",versch. Sorten,Nein,"Wochenangebote gültig von Montag, 30.03.26 - Samstag, 04.04.26",30.03.26,04.04.26,../images/netto/netto_offer_054.jpg,"cat_fleisch_wurst,diet_gluten_free,diet_lactose_free,diet_vegan,diet_vegetarian,sub_wurst,tag_ultra_processed,tag_whole_food",,,ref_000054,obs_0000015362|obs_0000010601|obs_0000012779|obs_0000013723|obs_0000000723,obs_0000015362|obs_0000010601|obs_0000012779|obs_0000013723
XXL Frikadellenbällchen,Keine Marke,"€ 3,49","€ 4,49","1 kg = 4,36",kalt und warm ein Genuss,Nein,"Wochenangebote gültig von Montag, 30.03.26 - Samstag, 04.04.26",30.03.26,04.04.26,../images/netto/netto_offer_055.jpg,"cat_obst_gemuese,diet_gluten_free,diet_lactose_free,diet_vegan,diet_vegetarian,tag_ultra_processed,tag_whole_food",,,ref_000055,obs_0000012763|obs_0000013967,
Bacon,Keine Marke,"€ 1,11","€ 1,29","1 kg = 11,10",mild geräucherter Frühstücksspeck Regionale Verpackungsabweichungen möglich,Nein,"Wochenangebote gültig von Montag, 30.03.26 - Samstag, 04.04.26",30.03.26,04.04.26,../images/netto/netto_offer_056.jpg,"cat_obst_gemuese,diet_gluten_free,diet_lactose_free,diet_vegan,diet_vegetarian,sub_exoten,sub_frisches_obst,sub_schwein,tag_ultra_processed,tag_whole_food",,,ref_000056,obs_0000026814|obs_0000014146|obs_0000012775|obs_0000001018|obs_0000001019|obs_0000011008|obs_0000015764|obs_0000002453|obs_0000013086|obs_0000011438|obs_0000032047|obs_0000025264|obs_0000014386|obs_0000010432|obs_0000013513|obs_0000014922|obs_0000019406|obs_0000001491|obs_0000013651|obs_0000024661|obs_0000028908|obs_0000003186|obs_0000007859|obs_0000023768|obs_0000032484|obs_0000024192|obs_0000025976|obs_0000030978|obs_0000007431|obs_0000029467|obs_0000007234|obs_0000029939,obs_0000026814|obs_0000014146|obs_0000012775|obs_0000001018|obs_0000001019|obs_0000011008
Salzburger Dürre,Keine Marke,"€ 2,99","€ 3,49","1 kg = 5,98",nach Art einer Kochsalami,Nein,"Wochenangebote gültig von Montag, 30.03.26 - Samstag, 04.04.26",30.03.26,04.04.26,../images/netto/netto_offer_057.jpg,"cat_getraenke,diet_gluten_free,diet_lactose_free,diet_vegan,diet_vegetarian,tag_whole_food",,,ref_000057,obs_0000027078,obs_0000027078
Echt ungarische Salami,Keine Marke,"€ 4,49","€ 4,99","1 kg = 11,23",,Nein,"Wochenangebote gültig von Montag, 30.03.26 - Samstag, 04.04.26",30.03.26,04.04.26,../images/netto/netto_offer_058.jpg,"cat_fleisch_wurst,diet_lactose_free,diet_vegetarian,sub_wurst,tag_ultra_processed,tag_whole_food",,,ref_000058,obs_0000026053|obs_0000012300|obs_0000008393|obs_0000014108|obs_0000013166|obs_0000034178|obs_0000002611|obs_0000010316|obs_0000014932|obs_0000019030|obs_0000028273|obs_0000005781|obs_0000023205|obs_0000003239|obs_0000019666|obs_0000016602|obs_0000008425|obs_0000021226|obs_0000003307|obs_0000002285|obs_0000011010|obs_0000025355|obs_0000026898|obs_0000017184|obs_0000007987|obs_0000025934|obs_0000008039|obs_0000016755|obs_0000034176|obs_0000002957|obs_0000020407|obs_0000016328|obs_0000017375|obs_0000031198|obs_0000010234,obs_0000008393
Almighurt Joghurt,Ehrmann,"€ 0,39","€ 0,89","1 kg = 2,60","gekühlt, versch. Sorten",Nein,"Wochenangebote gültig von Montag, 30.03.26 - Samstag, 04.04.26",30.03.26,04.04.26,../images/netto/netto_offer_059.jpg,"cat_molkerei_kaese,diet_vegetarian,sub_joghurt_skyr_quark,sub_milchprodukte",,,ref_000059,obs_0000027740|obs_0000003093|obs_0000013502|obs_0000031451|obs_0000004902|obs_0000001348|obs_0000000360|obs_0000028525|obs_0000022905|obs_0000004475|obs_0000014217|obs_0000012194|obs_0000033699|obs_0000015270|obs_0000004048|obs_0000028641|obs_0000000497|obs_0000021506|obs_0000021508|obs_0000025171|obs_0000026710|obs_0000020687|obs_0000020689|obs_0000025811|obs_0000017127|obs_0000023284|obs_0000008703|obs_0000034580|obs_0000028966|obs_0000025392|obs_0000015673|obs_0000019794|obs_0000033696|obs_0000009663|obs_0000009180|obs_0000023030,obs_0000027740
Schofrulade,Keine Marke,"€ 2,99","€ 3,89","1 kg = 23,00","tiefgekühlt, versch. Sorten",Nein,"Wochenangebote gültig von Montag, 30.03.26 - Samstag, 04.04.26",30.03.26,04.04.26,../images/netto/netto_offer_060.jpg,"cat_getraenke,diet_gluten_free,diet_lactose_free,diet_vegan,diet_vegetarian,tag_ultra_processed,tag_whole_food",,BLS-S500000,ref_000060,obs_0000010491|obs_0000012334|obs_0000030428,obs_0000010491|obs_0000012334
Cr me fra che,Keine Marke,"€ 1,50","€ 1,98","1 kg = 3,75","gekühlt, Pur oder Kräuter, 30% Fett Einzelpreis: 0.99 (4.95 / kg)",Nein,"Wochenangebote gültig von Montag, 30.03.26 - Samstag, 04.04.26",30.03.26,04.04.26,../images/netto/netto_offer_061.jpg,"cat_obst_gemuese,diet_gluten_free,diet_lactose_free,diet_vegan,diet_vegetarian,sub_exoten,sub_frisches_gemuese,sub_frisches_obst,tag_ultra_processed,tag_whole_food",,,ref_000061,obs_0000034695|obs_0000001813|obs_0000009151|obs_0000023029|obs_0000016170|obs_0000021547|obs_0000020728|obs_0000013569|obs_0000015796|obs_0000011881|obs_0000007332|obs_0000032481,obs_0000034695|obs_0000001813|obs_0000009151|obs_0000023029
Sahnepudding,Landliebe,"€ 0,45","€ 0,99","1 kg = 3,00","gekühlt, versch. Sorten",Nein,"Wochenangebote gültig von Montag, 30.03.26 - Samstag, 04.04.26",30.03.26,04.04.26,../images/netto/netto_offer_062.jpg,"cat_molkerei_kaese,diet_vegetarian,sub_milchprodukte,sub_sahne_creme,tag_ultra_processed",,BLS-Y869143,ref_000062,obs_0000031130|obs_0000020772|obs_0000021591|obs_0000021849|obs_0000031713|obs_0000010129|obs_0000011462|obs_0000013995|obs_0000023381|obs_0000029475|obs_0000029659|obs_0000032349,obs_0000010129|obs_0000031130|obs_0000020772|obs_0000029475|obs_0000011462|obs_0000021591|obs_0000021849|obs_0000032349|obs_0000031713
Buttermilch Drink,Milram,"€ 1,29","€ 1,79","1 kg = 1,72","gekühlt, versch. Sorten",Nein,"Wochenangebote gültig von Montag, 30.03.26 - Samstag, 04.04.26",30.03.26,04.04.26,../images/netto/netto_offer_063.jpg,"cat_molkerei_kaese,diet_vegetarian,sub_butter_margarine,sub_kaese,sub_milchprodukte,tag_ultra_processed",,BLS-M150000,ref_000063,obs_0000026743|obs_0000010256|obs_0000032559|obs_0000026421,obs_0000026743|obs_0000032559
frische Landmilch,Landliebe,"€ 1,0","€ 1,75","pro Einheit = 1,00","gekühlt, 3,8% Fett",Nein,"Wochenangebote gültig von Montag, 30.03.26 - Samstag, 04.04.26",30.03.26,04.04.26,../images/netto/netto_offer_064.jpg,"cat_molkerei_kaese,diet_vegetarian,sub_kaese,sub_milchprodukte,sub_sahne_creme,tag_high_protein",,,ref_000064,,
Quarkwerk Quark Riegel,Keine Marke,"€ 0,69","€ 0,89","1 kg = 17,25","gekühlt, versch. Sorten",Nein,"Wochenangebote gültig von Montag, 30.03.26 - Samstag, 04.04.26",30.03.26,04.04.26,../images/netto/netto_offer_065.jpg,"cat_getraenke,diet_gluten_free,diet_lactose_free,diet_vegan,diet_vegetarian,sub_joghurt_skyr_quark,tag_ultra_processed,tag_whole_food",,,ref_000065,obs_0000014204|obs_0000011786|obs_0000013851|obs_0000016928|obs_0000027712|obs_0000033364|obs_0000015457|obs_0000010357|obs_0000017107|obs_0000014601|obs_0000030996|obs_0000025377|obs_0000022867|obs_0000010624|obs_0000012676|obs_0000001925|obs_0000016822|obs_0000019932|obs_0000008669|obs_0000012798,
Maxi Dessert Ei,Keine Marke,"€ 3,99","€ 4,99","1 kg = 24,94","Vanillequark, gekühlt Handpuppe ca. 17 cm groß",Nein,"Wochenangebote gültig von Montag, 30.03.26 - Samstag, 04.04.26",30.03.26,04.04.26,../images/netto/netto_offer_066.jpg,"cat_tiefkuehl,diet_gluten_free,diet_lactose_free,diet_vegan,diet_vegetarian,sub_tk_eis,tag_ultra_processed,tag_whole_food",,,ref_000066,obs_0000027668|obs_0000028087|obs_0000026635|obs_0000034715|obs_0000015382|obs_0000012336|obs_0000017969|obs_0000004175|obs_0000016979|obs_0000009845|obs_0000014488|obs_0000022199|obs_0000013586|obs_0000009519|obs_0000017731|obs_0000010617|obs_0000018839|obs_0000005029|obs_0000015792|obs_0000000443|obs_0000018932|obs_0000004602,obs_0000027668|obs_0000028087
Rahm - Spinat,iglo,"€ 1,99","€ 2,693,49","1 kg = 2,65","tiefgekühlt, versch. Sorten",Nein,"Wochenangebote gültig von Montag, 30.03.26 - Samstag, 04.04.26",30.03.26,04.04.26,../images/netto/netto_offer_067.jpg,"cat_tiefkuehl,diet_gluten_free,diet_lactose_free,diet_vegan,diet_vegetarian,sub_hackfleisch,sub_sahne_creme,sub_tk_fertiggerichte,sub_tk_gemuese,tag_high_protein,tag_whole_food",,,ref_000067,obs_0000014341|obs_0000031858|obs_0000010920|obs_0000010490|obs_0000016840|obs_0000023004|obs_0000014848|obs_0000025711|obs_0000020605|obs_0000026393|obs_0000021424|obs_0000030504|obs_0000032098|obs_0000029163|obs_0000033881|obs_0000031908|obs_0000022077|obs_0000018515|obs_0000022918,obs_0000014341|obs_0000004704|obs_0000031858|obs_0000010920|obs_0000004277|obs_0000000707|obs_0000000229|obs_0000010490|obs_0000003850|obs_0000030504|obs_0000032098|obs_0000016840|obs_0000023004|obs_0000029163|obs_0000014848
Flammkuchen oder Steinofen Pizza,Wagner,"€ 1,99","€ 3,49","pro Einheit = 6,63","tiefgekühlt, versch. Sorten",Nein,"Wochenangebote gültig von Montag, 30.03.26 - Samstag, 04.04.26",30.03.26,04.04.26,../images/netto/netto_offer_068.jpg,"cat_tiefkuehl,sub_tk_pizza,tag_ultra_processed",,,ref_000068,obs_0000012202|obs_0000014511|obs_0000015695|obs_0000005579|obs_0000006150|obs_0000006664|obs_0000007601|obs_0000008618|obs_0000026375|obs_0000002169|obs_0000002723|obs_0000025810|obs_0000018047|obs_0000010530|obs_0000027386|obs_0000003616|obs_0000013341|obs_0000005867|obs_0000022366|obs_0000023186|obs_0000023713|obs_0000023992|obs_0000024135|obs_0000024418,
Nestle Schöller Pirulo oder Kaktus-Eis,Keine Marke,"€ 2,22","€ 3,99","1 l = 5,48 - 6,34","tiefgekühlt, versch. Sorten",Nein,"Wochenangebote gültig von Montag, 30.03.26 - Samstag, 04.04.26",30.03.26,04.04.26,../images/netto/netto_offer_069.jpg,"cat_tiefkuehl,diet_gluten_free,diet_lactose_free,diet_vegan,diet_vegetarian,sub_tk_eis,tag_ultra_processed",,,ref_000069,obs_0000006504|obs_0000027503|obs_0000018692|obs_0000025743|obs_0000017710|obs_0000034392|obs_0000011490|obs_0000025829|obs_0000013168,
Gutshofe-Ei Wachteleier,Keine Marke,"€ 2,99","€ 3,39","pro Einheit = 2,99",,Nein,"Wochenangebote gültig von Montag, 30.03.26 - Samstag, 04.04.26",30.03.26,04.04.26,../images/netto/netto_offer_070.jpg,"cat_obst_gemuese,diet_gluten_free,diet_lactose_free,diet_vegan,diet_vegetarian,tag_ultra_processed,tag_whole_food",,,ref_000070,,
Gü Cheesecake,Keine Marke,"€ 2,99","€ 3,49","1 kg = 16,25 - 18,69","gekühlt, versch. Sorten",Nein,"Wochenangebote gültig von Montag, 30.03.26 - Samstag, 04.04.26",30.03.26,04.04.26,../images/netto/netto_offer_071.jpg,"cat_obst_gemuese,diet_gluten_free,diet_lactose_free,diet_vegan,diet_vegetarian,sub_exoten,sub_frisches_gemuese,sub_frisches_obst,tag_ultra_processed,tag_whole_food",,,ref_000071,,
Hirtenkäse,Peynoos,"€ 6,49","€ 7,29","pro Einheit = 6,49",gekühlt,Nein,"Wochenangebote gültig von Montag, 30.03.26 - Samstag, 04.04.26",30.03.26,04.04.26,../images/netto/netto_offer_072.jpg,"cat_molkerei_kaese,sub_kaese,sub_milchprodukte",,,ref_000072,obs_0000010627|obs_0000021261|obs_0000001180|obs_0000016541|obs_0000008866|obs_0000024228|obs_0000006443|obs_0000021676|obs_0000019634|obs_0000018107|obs_0000020442|obs_0000013037|obs_0000023290|obs_0000023807|obs_0000022277|obs_0000018074|obs_0000017720|obs_0000020408|obs_0000022335|obs_0000017351|obs_0000018784|obs_0000024039|obs_0000025577|obs_0000021227|obs_0000000520|obs_0000013707|obs_0000029473|obs_0000001447|obs_0000025401|obs_0000006979|obs_0000029527|obs_0000032094|obs_0000006115,obs_0000010627|obs_0000021261|obs_0000001180|obs_0000016541|obs_0000008866|obs_0000024228|obs_0000006443|obs_0000021676|obs_0000019634|obs_0000018107|obs_0000020442|obs_0000013037|obs_0000023290|obs_0000023807
Petrella Frischkäse -zubereitung,Keine Marke,"€ 1,49","€ 2,29","1 kg = 11,92","gekühlt, versch. Sorten",Nein,"Wochenangebote gültig von Montag, 30.03.26 - Samstag, 04.04.26",30.03.26,04.04.26,../images/netto/netto_offer_073.jpg,"cat_molkerei_kaese,diet_vegetarian,sub_kaese,sub_milchprodukte,tag_ultra_processed",,,ref_000073,obs_0000028125|obs_0000000519|obs_0000016946|obs_0000026675|obs_0000017482|obs_0000022604|obs_0000029267|obs_0000017513|obs_0000018043|obs_0000022149|obs_0000028302|obs_0000025259|obs_0000020143|obs_0000018636|obs_0000022250|obs_0000018668|obs_0000027893|obs_0000019721|obs_0000022312|obs_0000024882|obs_0000010048|obs_0000024407|obs_0000009596|obs_0000002951|obs_0000003481|obs_0000019362|obs_0000023986|obs_0000020962|obs_0000017894,
Gouda gerieben,Keine Marke,"€ 3,33",,"1 kg = 6,66",gekühlt,Nein,"Wochenangebote gültig von Montag, 30.03.26 - Samstag, 04.04.26",30.03.26,04.04.26,../images/netto/netto_offer_074.jpg,"cat_obst_gemuese,diet_gluten_free,diet_lactose_free,diet_vegan,diet_vegetarian,sub_kaese,sub_milchprodukte,tag_whole_food",,,ref_000074,obs_0000034978|obs_0000028379,
Mozzarella Kugel,Keine Marke,"€ 0,69",,"1 kg = 5,52","gekühlt, versch. Sorten",Nein,"Wochenangebote gültig von Montag, 30.03.26 - Samstag, 04.04.26",30.03.26,04.04.26,../images/netto/netto_offer_075.jpg,"cat_molkerei_kaese,diet_gluten_free,diet_lactose_free,diet_vegan,diet_vegetarian,sub_kaese,sub_milchprodukte,tag_ultra_processed,tag_whole_food",,,ref_000075,obs_0000028023|obs_0000022609|obs_0000033882|obs_0000001647|obs_0000018031|obs_0000023202|obs_0000024234|obs_0000022241|obs_0000023806|obs_0000011043|obs_0000000816|obs_0000024894|obs_0000009077|obs_0000022394|obs_0000027551|obs_0000018366|obs_0000016326|obs_0000022485|obs_0000027613|obs_0000018430,
Giovanni Rana Pfannengnocchi,Keine Marke,"€ 2,29","€ 2,99","1 kg = 8,18","gekühlt, versch. Sorten",Nein,"Wochenangebote gültig von Montag, 30.03.26 - Samstag, 04.04.26",30.03.26,04.04.26,../images/netto/netto_offer_076.jpg,"cat_grundnahrung,diet_gluten_free,diet_lactose_free,diet_vegan,diet_vegetarian,sub_kartoffeln,sub_nudeln,tag_ultra_processed,tag_whole_food",,,ref_000076,,
Rama,Rama,"€ 1,29","€ 2,29","1 kg = 3,23",,Nein,"Wochenangebote gültig von Montag, 30.03.26 - Samstag, 04.04.26",30.03.26,04.04.26,../images/netto/netto_offer_077.jpg,"cat_molkerei_kaese,diet_vegetarian,sub_butter_margarine,tag_ultra_processed",,BLS-F559100,ref_000077,obs_0000005541|obs_0000030811|obs_0000032353|obs_0000006100|obs_0000029529|obs_0000030181|obs_0000032613|obs_0000029447|obs_0000032544|obs_0000007774|obs_0000005351|obs_0000031979|obs_0000031980|obs_0000032083|obs_0000029803|obs_0000007770,
Skyr,Arla,"€ 1,49","€ 1,99","1 kg = 3,31","gekühlt, versch. Sorten",Nein,"Wochenangebote gültig von Montag, 30.03.26 - Samstag, 04.04.26",30.03.26,04.04.26,../images/netto/netto_offer_078.jpg,"cat_molkerei_kaese,diet_vegetarian,sub_joghurt_skyr_quark,sub_milchprodukte,tag_high_protein,tag_proteinreich",,,ref_000078,obs_0000028831|obs_0000017572|obs_0000004900|obs_0000001901|obs_0000004473|obs_0000003453|obs_0000004046|obs_0000002541|obs_0000033797|obs_0000014939|obs_0000000634|obs_0000027871|obs_0000011028|obs_0000021512|obs_0000001055|obs_0000005152|obs_0000034383|obs_0000029805|obs_0000006803|obs_0000020693|obs_0000001773|obs_0000025357|obs_0000001329|obs_0000001871|obs_0000019791|obs_0000032090|obs_0000005543|obs_0000017966|obs_0000022196|obs_0000026630|obs_0000009765|obs_0000015423|obs_0000009301|obs_0000011877|obs_0000029839|obs_0000011081|obs_0000032598|obs_0000030179|obs_0000030972|obs_0000000814|obs_0000024892|obs_0000006098|obs_0000032830|obs_0000006304|obs_0000011883|obs_0000005374|obs_0000016130|obs_0000029109,obs_0000005152|obs_0000029805|obs_0000006803|obs_0000028831|obs_0000017572|obs_0000004900|obs_0000032090|obs_0000001901|obs_0000004473|obs_0000003453|obs_0000005543|obs_0000004046|obs_0000002541
Coffee B Kaffeemaschine,Keine Marke,"€ 20,0","€ 99,00","pro Einheit = 20,00",schwarz oder weiß,Nein,"Wochenangebote gültig von Montag, 30.03.26 - Samstag, 04.04.26",30.03.26,04.04.26,../images/netto/netto_offer_079.jpg,"cat_getraenke,diet_gluten_free,diet_lactose_free,diet_vegan,diet_vegetarian,tag_ultra_processed,tag_whole_food",,,ref_000079,obs_0000018694|obs_0000017426|obs_0000023958|obs_0000024747|obs_0000024383|obs_0000023532|obs_0000023539,
coffeeB Balls,Keine Marke,"€ 12,9","€ 15,96","1 kg = 58,82",versch. Sorten Einzelpreis 3.99 ( 78.24 / kg),Nein,"Wochenangebote gültig von Montag, 30.03.26 - Samstag, 04.04.26",30.03.26,04.04.26,../images/netto/netto_offer_080.jpg,"cat_getraenke,diet_gluten_free,diet_lactose_free,diet_vegan,diet_vegetarian,tag_ultra_processed,tag_whole_food",,,ref_000080,,obs_0000028018|obs_0000027444
Ländertee XXL,Teekanne,"€ 2,79","€ 3,19","1 kg = 25,36 - 31,00",versch. Sorten,Nein,"Wochenangebote gültig von Montag, 30.03.26 - Samstag, 04.04.26",30.03.26,04.04.26,../images/netto/netto_offer_081.jpg,"cat_getraenke,diet_vegan,diet_vegetarian,tag_ultra_processed",,,ref_000081,obs_0000012763|obs_0000013967,obs_0000006814|obs_0000030347|obs_0000005920
Nescaf Gold,Keine Marke,"€ 6,99","€ 11,99","1 kg = 34,95","löslicher Bohnenkaffee, versch. Sorten",Nein,"Wochenangebote gültig von Montag, 30.03.26 - Samstag, 04.04.26",30.03.26,04.04.26,../images/netto/netto_offer_082.jpg,"cat_getraenke,diet_gluten_free,diet_lactose_free,diet_vegan,diet_vegetarian,sub_exoten,sub_frisches_obst,tag_ultra_processed,tag_whole_food",,,ref_000082,obs_0000029715|obs_0000030693|obs_0000031776|obs_0000034007|obs_0000023259|obs_0000012629|obs_0000011104|obs_0000012669|obs_0000013227|obs_0000015276|obs_0000031712|obs_0000010721|obs_0000006120,obs_0000029715|obs_0000034007|obs_0000023259|obs_0000012629|obs_0000012669|obs_0000010721|obs_0000030693
Dallmayr Kaffeepads,Keine Marke,"€ 3,49","€ 4,99","1 kg = 17,81",versch. Sorten,Nein,"Wochenangebote gültig von Montag, 30.03.26 - Samstag, 04.04.26",30.03.26,04.04.26,../images/netto/netto_offer_083.jpg,"cat_getraenke,diet_gluten_free,diet_lactose_free,diet_vegan,diet_vegetarian,tag_whole_food",,,ref_000083,obs_0000006121|obs_0000009253|obs_0000000609|obs_0000001776|obs_0000033393|obs_0000009724,obs_0000000609|obs_0000006121
Coppenrath Wiese Cafeteria Kuchenschnitten,Keine Marke,"€ 3,69","€ 5,99","pro Einheit = 8,02","tiefgekühlt, versch. Sorten",Nein,"Wochenangebote gültig von Montag, 30.03.26 - Samstag, 04.04.26",30.03.26,04.04.26,../images/netto/netto_offer_084.jpg,"cat_obst_gemuese,diet_gluten_free,diet_lactose_free,diet_vegetarian,tag_ultra_processed,tag_whole_food",,,ref_000084,obs_0000006318|obs_0000026691|obs_0000005209,obs_0000026691
Magdalenas mit Kakao oder Zitrone,Keine Marke,"€ 2,29","€ 2,69","1 kg = 7,63 - 8,18",,Nein,"Wochenangebote gültig von Montag, 30.03.26 - Samstag, 04.04.26",30.03.26,04.04.26,../images/netto/netto_offer_085.jpg,"cat_getraenke,diet_gluten_free,diet_lactose_free,diet_vegan,diet_vegetarian,sub_frisches_obst,tag_ultra_processed,tag_whole_food",,,ref_000085,obs_0000020798|obs_0000031579|obs_0000029580|obs_0000013300|obs_0000021617|obs_0000021943|obs_0000032505,
Lieblings Hefezopf,Keine Marke,"€ 2,39","€ 2,69","1 kg = 5,43",versch. Sorten,Nein,"Wochenangebote gültig von Montag, 30.03.26 - Samstag, 04.04.26",30.03.26,04.04.26,../images/netto/netto_offer_086.jpg,"cat_fisch_meeresfruechte,diet_gluten_free,diet_lactose_free,diet_vegan,diet_vegetarian,tag_high_protein,tag_proteinreich,tag_ultra_processed,tag_whole_food",,,ref_000086,,
Obstboden oder Tortellets,Keine Marke,"€ 1,49","€ 1,99","1 kg = 7,45 - 10,64",,Nein,"Wochenangebote gültig von Montag, 30.03.26 - Samstag, 04.04.26",30.03.26,04.04.26,../images/netto/netto_offer_087.jpg,"cat_getraenke,diet_gluten_free,diet_lactose_free,diet_vegan,diet_vegetarian,sub_nudeln,tag_ultra_processed",,,ref_000087,,
Kaffeeservice Shanti,Keine Marke,"€ 39,99","€ 91,50","pro Einheit = 39,99","aus hochwertigem Porzellan, spülmaschinengeeignet, 18-teilig",Nein,"Wochenangebote gültig von Montag, 30.03.26 - Samstag, 04.04.26",30.03.26,04.04.26,../images/netto/netto_offer_088.jpg,"cat_getraenke,diet_gluten_free,diet_lactose_free,diet_vegan,diet_vegetarian,tag_whole_food",,,ref_000088,,
Carpaccio,Keine Marke,"€ 3,79","€ 4,79","1 kg = 31,58",vom irischen Weiderind mit nativem Olivenöl extra und Parmigiano Reggiano g.U.,Nein,"Wochenangebote gültig von Montag, 30.03.26 - Samstag, 04.04.26",30.03.26,04.04.26,../images/netto/netto_offer_089.jpg,"cat_obst_gemuese,diet_gluten_free,diet_lactose_free,diet_vegan,diet_vegetarian,sub_exoten,sub_frisches_gemuese,sub_frisches_obst,tag_ultra_processed,tag_whole_food",,,ref_000089,obs_0000024550|obs_0000031490|obs_0000002789|obs_0000007819|obs_0000002141|obs_0000002558|obs_0000004066|obs_0000003687|obs_0000017416|obs_0000004493|obs_0000018766|obs_0000000368|obs_0000019248|obs_0000004920|obs_0000007435|obs_0000007408|obs_0000032614,obs_0000024550
Olivenöl,Keine Marke,"€ 6,99",,"1 l = 13,98",100% Koroneiki-Oliven aus der Region Kalamata,Nein,"Wochenangebote gültig von Montag, 30.03.26 - Samstag, 04.04.26",30.03.26,04.04.26,../images/netto/netto_offer_090.jpg,"cat_obst_gemuese,diet_gluten_free,diet_lactose_free,diet_vegan,diet_vegetarian,tag_whole_food",,BLS-Q120000,ref_000090,obs_0000002836|obs_0000001438|obs_0000009909|obs_0000011361|obs_0000009444|obs_0000013463|obs_0000012838|obs_0000005928|obs_0000015414|obs_0000007366|obs_0000014541|obs_0000009824|obs_0000014985|obs_0000021137|obs_0000000536|obs_0000025631|obs_0000032416|obs_0000022319|obs_0000021940|obs_0000012351|obs_0000011075|obs_0000020167|obs_0000027595|obs_0000028880|obs_0000025043|obs_0000008020|obs_0000020318|obs_0000000095|obs_0000013794|obs_0000014304|obs_0000029674|obs_0000015852|obs_0000008430|obs_0000020986|obs_0000018950|obs_0000034833|obs_0000028952|obs_0000033698|obs_0000034212|obs_0000018480|obs_0000005177|obs_0000002495|obs_0000001216|obs_0000028869|obs_0000018248|obs_0000008793|obs_0000034888|obs_0000034420|obs_0000003325|obs_0000007186,obs_0000002836|obs_0000001438|obs_0000009909|obs_0000011361|obs_0000009444
Antipasti Teller Mix,Keine Marke,"€ 4,99",,"1 kg = 10,73 - 12,79","gekühlt, versch. Sorten",Nein,"Wochenangebote gültig von Montag, 30.03.26 - Samstag, 04.04.26",30.03.26,04.04.26,../images/netto/netto_offer_091.jpg,"cat_obst_gemuese,diet_gluten_free,diet_lactose_free,diet_vegan,diet_vegetarian,sub_frisches_gemuese,tag_ultra_processed,tag_whole_food",,BLS-X572212,ref_000091,obs_0000023214|obs_0000025834|obs_0000032508|obs_0000024700|obs_0000023208|obs_0000027889|obs_0000011506|obs_0000007945|obs_0000012554|obs_0000008008|obs_0000025005|obs_0000028103,
Feinkostsalate,Keine Marke,"€ 1,79",,"1 kg = 14,32","gekühlt, versch. Sorten",Nein,"Wochenangebote gültig von Montag, 30.03.26 - Samstag, 04.04.26",30.03.26,04.04.26,../images/netto/netto_offer_092.jpg,"cat_obst_gemuese,diet_gluten_free,diet_lactose_free,diet_vegan,diet_vegetarian,sub_frisches_gemuese,sub_salate,tag_whole_food",,,ref_000092,obs_0000010178,obs_0000010178
Ziegentaler im Speckmantel,Keine Marke,"€ 2,99",,"1 kg = 24,92",gekühlt,Nein,"Wochenangebote gültig von Montag, 30.03.26 - Samstag, 04.04.26",30.03.26,04.04.26,../images/netto/netto_offer_093.jpg,"cat_obst_gemuese,diet_gluten_free,diet_lactose_free,diet_vegan,diet_vegetarian,tag_whole_food",,,ref_000093,obs_0000014904|obs_0000016975|obs_0000002222|obs_0000019192|obs_0000016333|obs_0000018925,
Manuka Honig aus Neuseeland,Keine Marke,"€ 9,99",,"1 kg = 39,96",,Nein,"Wochenangebote gültig von Montag, 30.03.26 - Samstag, 04.04.26",30.03.26,04.04.26,../images/netto/netto_offer_094.jpg,"cat_getraenke,diet_gluten_free,diet_lactose_free,diet_vegan,diet_vegetarian,tag_whole_food",,,ref_000094,obs_0000004625|obs_0000001190|obs_0000005052|obs_0000016199|obs_0000000463|obs_0000019292|obs_0000004198|obs_0000019951|obs_0000017010|obs_0000017124,
Wildlachsfilet,Keine Marke,"€ 6,99",,"1 kg = 9,99","tiefgekühlt, versch. Sorten",Nein,"Wochenangebote gültig von Montag, 30.03.26 - Samstag, 04.04.26",30.03.26,04.04.26,../images/netto/netto_offer_095.jpg,"cat_fisch_meeresfruechte,diet_gluten_free,diet_lactose_free,diet_vegan,sub_tk_fertiggerichte,tag_high_protein,tag_proteinreich,tag_whole_food",,BLS-T417100,ref_000095,obs_0000016612|obs_0000018791|obs_0000013483|obs_0000017331|obs_0000019068|obs_0000024582|obs_0000011498|obs_0000024576|obs_0000002631|obs_0000002729|obs_0000002956|obs_0000002515|obs_0000003283|obs_0000003286,obs_0000016612|obs_0000018791|obs_0000013483|obs_0000017331|obs_0000019068
Burrata di bufala,Keine Marke,"€ 1,79",,"1 kg = 17,90",gekühlt,Nein,"Wochenangebote gültig von Montag, 30.03.26 - Samstag, 04.04.26",30.03.26,04.04.26,../images/netto/netto_offer_096.jpg,"cat_obst_gemuese,diet_gluten_free,diet_lactose_free,diet_vegan,diet_vegetarian,tag_ultra_processed,tag_whole_food",,,ref_000096,obs_0000031484|obs_0000019558|obs_0000032377|obs_0000031483|obs_0000030585|obs_0000006621|obs_0000000530|obs_0000004135|obs_0000023180|obs_0000000144|obs_0000011029|obs_0000008005|obs_0000004989|obs_0000000420|obs_0000015803|obs_0000004562|obs_0000003048,obs_0000031484
Neuseeländische Lammlachse,Keine Marke,"€ 3,50",,"1 kg = 34,95","mariniert in feiner Kräuterbuttermarinade, ca. 200 g",Nein,"Wochenangebote gültig von Montag, 30.03.26 - Samstag, 04.04.26",30.03.26,04.04.26,../images/netto/netto_offer_097.jpg,"cat_fisch_meeresfruechte,diet_gluten_free,diet_lactose_free,diet_vegetarian,tag_whole_food",,,ref_000097,obs_0000025794|obs_0000029207|obs_0000010044,
Tortelloni oder Ravioli,Keine Marke,"€ 1,99",,"1 kg = 7,96","gekühlt, versch. Sorten",Nein,"Wochenangebote gültig von Montag, 30.03.26 - Samstag, 04.04.26",30.03.26,04.04.26,../images/netto/netto_offer_098.jpg,"cat_grundnahrung,diet_gluten_free,diet_lactose_free,diet_vegan,diet_vegetarian,sub_nudeln,tag_ultra_processed",,,ref_000098,obs_0000008226|obs_0000014375|obs_0000004343|obs_0000000276|obs_0000010656|obs_0000012826|obs_0000008812|obs_0000004770|obs_0000027414|obs_0000011060|obs_0000003071|obs_0000003916|obs_0000010082,
Premium Pesto,Keine Marke,"€ 1,49","€ 1,99","1 kg = 7,84",versch. Sorten,Nein,"Wochenangebote gültig von Montag, 30.03.26 - Samstag, 04.04.26",30.03.26,04.04.26,../images/netto/netto_offer_099.jpg,"cat_getraenke,diet_gluten_free,diet_lactose_free,diet_vegan,diet_vegetarian,tag_ultra_processed,tag_whole_food",,,ref_000099,obs_0000000146|obs_0000018607|obs_0000016639|obs_0000025099|obs_0000023299|obs_0000019219|obs_0000011089|obs_0000015289|obs_0000011527|obs_0000011595|obs_0000019945|obs_0000015872|obs_0000013830|obs_0000001549|obs_0000020017|obs_0000003675|obs_0000014195,
Weizenbaguette,Keine Marke,"€ 1,3","€ 1,38","1 kg = 2,00",Einzelpreis: 0.69 (2.76 / kg Gilt nur in Filialen mit Backautomat!,Nein,"Wochenangebote gültig von Montag, 30.03.26 - Samstag, 04.04.26",30.03.26,04.04.26,../images/netto/netto_offer_100.jpg,"cat_grundnahrung,diet_gluten_free,diet_lactose_free,diet_vegan,diet_vegetarian,tag_whole_food",,BLS-B781200,ref_000100,obs_0000027457|obs_0000028106|obs_0000027968|obs_0000034946,obs_0000027457|obs_0000028106|obs_0000027968
Maille Dijon-Senf,Keine Marke,"€ 1,99","€ 2,79","1 l = 9,95",versch. Sorten,Nein,"Wochenangebote gültig von Montag, 30.03.26 - Samstag, 04.04.26",30.03.26,04.04.26,../images/netto/netto_offer_101.jpg,"cat_grundnahrung,diet_gluten_free,diet_lactose_free,diet_vegan,diet_vegetarian,tag_whole_food",,,ref_000101,obs_0000007952|obs_0000031212|obs_0000031031|obs_0000028473|obs_0000031812,obs_0000028473
Tessiner Senfsaucen,Keine Marke,"€ 2,49","€ 2,99","1 l = 41,50","gekühlt, versch. Sorten",Nein,"Wochenangebote gültig von Montag, 30.03.26 - Samstag, 04.04.26",30.03.26,04.04.26,../images/netto/netto_offer_102.jpg,"cat_getraenke,diet_gluten_free,diet_lactose_free,diet_vegan,diet_vegetarian,tag_ultra_processed,tag_whole_food",,,ref_000102,obs_0000017186|obs_0000019042|obs_0000016337,obs_0000017186|obs_0000019042|obs_0000015848|obs_0000016337|obs_0000024570
Spargel grün,Keine Marke,"€ 4,44",,"1 kg = 11,10","Italien / Spanien, Kl. I",Nein,"Wochenangebote gültig von Montag, 30.03.26 - Samstag, 04.04.26",30.03.26,04.04.26,../images/netto/netto_offer_103.jpg,"cat_obst_gemuese,diet_gluten_free,diet_lactose_free,diet_vegan,diet_vegetarian,sub_exoten,sub_frisches_obst,tag_ultra_processed,tag_whole_food",,BLS-G450100,ref_000103,obs_0000034717|obs_0000006079,obs_0000034717|obs_0000006079
Lacroix Fonds,Keine Marke,"€ 1,99","€ 3,39","1 l = 4,98",versch. Sorten,Nein,"Wochenangebote gültig von Montag, 30.03.26 - Samstag, 04.04.26",30.03.26,04.04.26,../images/netto/netto_offer_104.jpg,"cat_obst_gemuese,diet_gluten_free,diet_lactose_free,diet_vegan,diet_vegetarian,sub_frisches_obst,tag_ultra_processed,tag_whole_food",,,ref_000104,,obs_0000006824
Meica Ragout Fin,Keine Marke,"€ 3,49","€ 4,49","1 kg = 8,73",zartes Geflügel- und Kalbfleisch mit Champignons,Nein,"Wochenangebote gültig von Montag, 30.03.26 - Samstag, 04.04.26",30.03.26,04.04.26,../images/netto/netto_offer_105.jpg,"cat_fleisch_wurst,diet_gluten_free,diet_lactose_free,diet_vegan,diet_vegetarian,tag_ultra_processed,tag_whole_food",,,ref_000105,obs_0000030594|obs_0000032316,
Königinpasteten,Keine Marke,"€ 1,49","€ 1,99","1 kg = 9,93",,Nein,"Wochenangebote gültig von Montag, 30.03.26 - Samstag, 04.04.26",30.03.26,04.04.26,../images/netto/netto_offer_106.jpg,"cat_obst_gemuese,diet_gluten_free,diet_lactose_free,diet_vegan,diet_vegetarian,sub_frisches_gemuese,tag_whole_food",,,ref_000106,,
Italienische Bronze Pasta,Keine Marke,"€ 0,99","€ 1,89","1 kg = 1,98",versch. Ausformungen,Nein,"Wochenangebote gültig von Montag, 30.03.26 - Samstag, 04.04.26",30.03.26,04.04.26,../images/netto/netto_offer_107.jpg,"cat_grundnahrung,diet_gluten_free,diet_lactose_free,diet_vegan,diet_vegetarian,sub_nudeln,sub_tk_gemuese,tag_whole_food",,,ref_000107,obs_0000006302|obs_0000005740|obs_0000007357|obs_0000020003|obs_0000035104|obs_0000028733|obs_0000022097|obs_0000002663|obs_0000034419|obs_0000017082|obs_0000021187|obs_0000034026|obs_0000026899|obs_0000018196|obs_0000016662|obs_0000018708|obs_0000028496|obs_0000011092|obs_0000014165|obs_0000019293|obs_0000019845|obs_0000020368|obs_0000025518|obs_0000028607|obs_0000018893|obs_0000017359|obs_0000016866,
Franken Silvanerdurst Qualitätswein,Keine Marke,"€ 4,99","€ 5,99","1 l = 6,65",,Nein,"Wochenangebote gültig von Montag, 30.03.26 - Samstag, 04.04.26",30.03.26,04.04.26,../images/netto/netto_offer_108.jpg,"cat_getraenke,diet_lactose_free,diet_vegan",,,ref_000108,obs_0000027693|obs_0000005817|obs_0000027206|obs_0000006892|obs_0000028025|obs_0000026878|obs_0000011138|obs_0000008721|obs_0000013843|obs_0000013356|obs_0000014641|obs_0000015923|obs_0000012225|obs_0000011986,
Pircher Spirituosen,Keine Marke,"€ 14,99","€ 18,99","1 l = 21,41","versch. Sorten, 40 % Vol.",Nein,"Wochenangebote gültig von Montag, 30.03.26 - Samstag, 04.04.26",30.03.26,04.04.26,../images/netto/netto_offer_109.jpg,"cat_getraenke,diet_gluten_free,diet_lactose_free,diet_vegan,diet_vegetarian,tag_whole_food",,,ref_000109,,
Cr mant de Bordeaux weiß oder ros Schaumwein brut,Keine Marke,"€ 6,49",,"1 l = 8,65","Schaumwein, brut",Nein,"Wochenangebote gültig von Montag, 30.03.26 - Samstag, 04.04.26",30.03.26,04.04.26,../images/netto/netto_offer_110.jpg,"cat_getraenke,diet_gluten_free,diet_lactose_free,diet_vegan,diet_vegetarian,tag_ultra_processed",,,ref_000110,obs_0000024455|obs_0000001806|obs_0000024035|obs_0000008009,
Bonbons oder Feine Eier,Milka,"€ 1,99","€ 3,29","1 kg = 22,11 - 23,14",versch. Sorten,Nein,"Wochenangebote gültig von Montag, 30.03.26 - Samstag, 04.04.26",30.03.26,04.04.26,../images/netto/netto_offer_111.jpg,"cat_knabbern_naschen,diet_vegetarian,sub_milchprodukte,tag_ultra_processed",,,ref_000111,obs_0000034719|obs_0000006918|obs_0000008570,
Osternest,Milka,"€ 5,99","€ 7,99","1 kg = 30,25",,Nein,"Wochenangebote gültig von Montag, 30.03.26 - Samstag, 04.04.26",30.03.26,04.04.26,../images/netto/netto_offer_112.jpg,"cat_knabbern_naschen,diet_vegetarian,tag_ultra_processed",,,ref_000112,,
Edle Tropfen,Keine Marke,"€ 2,99","€ 3,59","1 kg = 14,95",versch. Sorten,Nein,"Wochenangebote gültig von Montag, 30.03.26 - Samstag, 04.04.26",30.03.26,04.04.26,../images/netto/netto_offer_113.jpg,"cat_obst_gemuese,diet_gluten_free,diet_lactose_free,diet_vegan,diet_vegetarian,sub_exoten,sub_frisches_gemuese,sub_frisches_obst,tag_ultra_processed,tag_whole_food",,,ref_000113,obs_0000008747|obs_0000014600|obs_0000000591|obs_0000015895,obs_0000008747
Funsch Marzipanfiguren,Keine Marke,"€ 1,99",,"1 kg = 39,80",versch. Sorten,Nein,"Wochenangebote gültig von Montag, 30.03.26 - Samstag, 04.04.26",30.03.26,04.04.26,../images/netto/netto_offer_114.jpg,"cat_obst_gemuese,diet_gluten_free,diet_lactose_free,diet_vegan,diet_vegetarian,sub_frisches_gemuese,sub_frisches_obst,tag_ultra_processed,tag_whole_food",,,ref_000114,,
Trolli Hoppla Hopp Fruchtgummi,Keine Marke,"€ 2,49","€ 2,99","1 kg = 6,92",,Nein,"Wochenangebote gültig von Montag, 30.03.26 - Samstag, 04.04.26",30.03.26,04.04.26,../images/netto/netto_offer_115.jpg,"cat_knabbern_naschen,diet_lactose_free,diet_vegan,diet_vegetarian,tag_ultra_processed",,,ref_000115,obs_0000034720|obs_0000017027|obs_0000001930|obs_0000002314|obs_0000019082|obs_0000019722|obs_0000002318|obs_0000020367|obs_0000002320|obs_0000021394|obs_0000024204|obs_0000016918|obs_0000025361|obs_0000016298|obs_0000020778|obs_0000025134|obs_0000020787|obs_0000021688|obs_0000025528|obs_0000011323|obs_0000021186|obs_0000013647|obs_0000016719|obs_0000014289|obs_0000017102|obs_0000017103|obs_0000027215|obs_0000027602|obs_0000021597|obs_0000020575|obs_0000023776|obs_0000021606|obs_0000023399|obs_0000010105|obs_0000002943,
After Eight,After Eight,"€ 2,29","€ 3,99","1 kg = 11,45",versch. Sorten,Nein,"Wochenangebote gültig von Montag, 30.03.26 - Samstag, 04.04.26",30.03.26,04.04.26,../images/netto/netto_offer_116.jpg,"cat_knabbern_naschen,tag_ultra_processed",,,ref_000116,obs_0000006576|obs_0000024899|obs_0000032700|obs_0000019693|obs_0000030673|obs_0000018327|obs_0000032156|obs_0000005470|obs_0000008691,obs_0000006576
Windel Geschenkkorb,Keine Marke,"€ 5,99","€ 8,99","1 kg = 53,48",enthält Alkohol,Nein,"Wochenangebote gültig von Montag, 30.03.26 - Samstag, 04.04.26",30.03.26,04.04.26,../images/netto/netto_offer_117.jpg,"cat_obst_gemuese,diet_gluten_free,diet_lactose_free,diet_vegan,diet_vegetarian,tag_ultra_processed,tag_whole_food",,,ref_000117,,
Osterei,Ferrero,"€ 2,99","€ 3,49","1 kg = 29,90",versch. Sorten,Nein,"Wochenangebote gültig von Montag, 30.03.26 - Samstag, 04.04.26",30.03.26,04.04.26,../images/netto/netto_offer_118.jpg,"cat_knabbern_naschen,diet_vegetarian,tag_ultra_processed",,,ref_000118,obs_0000013810|obs_0000013856|obs_0000024692|obs_0000030987|obs_0000013776,obs_0000013810
Lindt Pralinen Spezialitäten,Keine Marke,"€ 6,99","€ 8,99","1 kg = 55,92",versch. Sorten,Nein,"Wochenangebote gültig von Montag, 30.03.26 - Samstag, 04.04.26",30.03.26,04.04.26,../images/netto/netto_offer_119.jpg,"cat_obst_gemuese,diet_gluten_free,diet_lactose_free,diet_vegan,diet_vegetarian,sub_frisches_obst,tag_ultra_processed,tag_whole_food",,,ref_000119,obs_0000026095,
Lovelies,Merci,"€ 2,49","€ 3,49","1 kg = 13,46",versch. Sorten,Nein,"Wochenangebote gültig von Montag, 30.03.26 - Samstag, 04.04.26",30.03.26,04.04.26,../images/netto/netto_offer_120.jpg,"cat_non_food,tag_ultra_processed",,,ref_000120,obs_0000012392|obs_0000035097|obs_0000034393,obs_0000012392|obs_0000035097
Lindt Ostereier,Keine Marke,"€ 2,99","€ 4,99","1 kg = 29,90 - 35,18","versch. Sorten, enthält teilweise Alkohol",Nein,"Wochenangebote gültig von Montag, 30.03.26 - Samstag, 04.04.26",30.03.26,04.04.26,../images/netto/netto_offer_121.jpg,"cat_getraenke,diet_gluten_free,diet_lactose_free,diet_vegan,diet_vegetarian,tag_ultra_processed,tag_whole_food",,,ref_000121,,
Lindt Osterspezialitäten,Keine Marke,"€ 1,99","€ 2,69","1 kg = 49,75 - 56,86",versch. Sorten,Nein,"Wochenangebote gültig von Montag, 30.03.26 - Samstag, 04.04.26",30.03.26,04.04.26,../images/netto/netto_offer_122.jpg,"cat_fisch_meeresfruechte,diet_gluten_free,diet_lactose_free,diet_vegan,diet_vegetarian,tag_ultra_processed,tag_whole_food",,,ref_000122,,
Osterhase,Nestl,"€ 1,69","€ 2,19","1 kg = 33,80 - 37,56",versch. Sorten,Nein,"Wochenangebote gültig von Montag, 30.03.26 - Samstag, 04.04.26",30.03.26,04.04.26,../images/netto/netto_offer_123.jpg,"cat_knabbern_naschen,tag_ultra_processed",,,ref_000123,obs_0000024716|obs_0000024717|obs_0000001703|obs_0000001708|obs_0000013811|obs_0000013777,obs_0000024716|obs_0000024717|obs_0000001703|obs_0000001708|obs_0000013811
Schüttel mich Ei,Milka,"€ 3,49","€ 3,99","1 kg = 35,98",,Nein,"Wochenangebote gültig von Montag, 30.03.26 - Samstag, 04.04.26",30.03.26,04.04.26,../images/netto/netto_offer_124.jpg,"cat_knabbern_naschen,diet_vegetarian,tag_ultra_processed",,,ref_000124,,
Ritter Sport Schokowürfel,Keine Marke,"€ 2,99","€ 4,29","1 kg = 16,99",versch. Sorten,Nein,"Wochenangebote gültig von Montag, 30.03.26 - Samstag, 04.04.26",30.03.26,04.04.26,../images/netto/netto_offer_125.jpg,"cat_knabbern_naschen,diet_gluten_free,diet_vegetarian,tag_proteinreich,tag_ultra_processed",,,ref_000125,obs_0000005654|obs_0000030307|obs_0000006035|obs_0000032007|obs_0000032690|obs_0000029001|obs_0000032476|obs_0000026946,obs_0000006035|obs_0000005654|obs_0000026946|obs_0000030307
Prinzen Rolle,Keine Marke,"€ 1,69","€ 2,49","1 kg = 3,76 - 4,23",versch. Sorten,Nein,"Wochenangebote gültig von Montag, 30.03.26 - Samstag, 04.04.26",30.03.26,04.04.26,../images/netto/netto_offer_126.jpg,"cat_obst_gemuese,diet_gluten_free,diet_lactose_free,diet_vegan,diet_vegetarian,tag_ultra_processed,tag_whole_food",,,ref_000126,obs_0000025729|obs_0000005023|obs_0000000439|obs_0000004169|obs_0000031709|obs_0000027884|obs_0000033650|obs_0000004596|obs_0000003067|obs_0000005280|obs_0000006232|obs_0000026331|obs_0000007285|obs_0000030670|obs_0000030672,obs_0000025729|obs_0000005023|obs_0000000439|obs_0000004169|obs_0000031709|obs_0000027884|obs_0000033650|obs_0000004596|obs_0000003067
Premium Apfel Direktsaft naturtrüb,Keine Marke,"€ 1,11","€ 1,29","pro Einheit = 1,11",,Nein,"Wochenangebote gültig von Montag, 30.03.26 - Samstag, 04.04.26",30.03.26,04.04.26,../images/netto/netto_offer_127.jpg,"cat_getraenke,diet_gluten_free,diet_lactose_free,diet_vegan,diet_vegetarian,sub_frisches_obst,tag_whole_food",,,ref_000127,obs_0000018765|obs_0000021146|obs_0000020327|obs_0000010908|obs_0000013831|obs_0000018760|obs_0000011595|obs_0000013830,
Säfte,Keine Marke,"€ 1,99","€ 2,45","pro Einheit = 1,99",Ananas oder Orange,Nein,"Wochenangebote gültig von Montag, 30.03.26 - Samstag, 04.04.26",30.03.26,04.04.26,../images/netto/netto_offer_128.jpg,"cat_getraenke,diet_gluten_free,diet_lactose_free,diet_vegan,diet_vegetarian,sub_exoten,sub_frisches_gemuese,sub_frisches_obst,tag_whole_food",,,ref_000128,obs_0000026244|obs_0000027592|obs_0000027100|obs_0000028381|obs_0000024485|obs_0000013865|obs_0000028754|obs_0000024060|obs_0000015483|obs_0000014205|obs_0000031884|obs_0000014003|obs_0000019655|obs_0000026587|obs_0000009064|obs_0000025596|obs_0000005271|obs_0000007269|obs_0000032129|obs_0000029974|obs_0000031344,obs_0000026244|obs_0000027592|obs_0000027100|obs_0000028381
Traubensaft,Keine Marke,"€ 1,11","€ 1,49","pro Einheit = 1,11",,Nein,"Wochenangebote gültig von Montag, 30.03.26 - Samstag, 04.04.26",30.03.26,04.04.26,../images/netto/netto_offer_129.jpg,"cat_obst_gemuese,diet_gluten_free,diet_lactose_free,diet_vegan,diet_vegetarian,sub_frisches_obst,tag_whole_food",,BLS-F310600,ref_000129,obs_0000008061|obs_0000029411,
Gönrgy Energy Drink,Keine Marke,"€ 1,2","€ 1,49","1 l = 2,00","taurin- & koffeinhaltig, versch. Sorten",Nein,"Wochenangebote gültig von Montag, 30.03.26 - Samstag, 04.04.26",30.03.26,04.04.26,../images/netto/netto_offer_130.jpg,"cat_getraenke,diet_lactose_free,diet_vegan,tag_ultra_processed",,,ref_000130,obs_0000030404|obs_0000032717|obs_0000010758|obs_0000022027|obs_0000028180|obs_0000016414|obs_0000020512|obs_0000026684|obs_0000021058|obs_0000011333|obs_0000024154|obs_0000011355|obs_0000002158|obs_0000026742|obs_0000018063|obs_0000031887|obs_0000017046|obs_0000025242|obs_0000002214|obs_0000013993|obs_0000027310|obs_0000023733|obs_0000000193|obs_0000004816|obs_0000033497|obs_0000027877|obs_0000026353|obs_0000019186|obs_0000008960|obs_0000025348|obs_0000023301|obs_0000026886|obs_0000020239|obs_0000018194|obs_0000004389|obs_0000028455|obs_0000024876|obs_0000013614|obs_0000000304|obs_0000034110|obs_0000010050|obs_0000014658|obs_0000022864|obs_0000021331|obs_0000021846|obs_0000018775|obs_0000028526|obs_0000013175|obs_0000003962|obs_0000001917,obs_0000026684|obs_0000030404|obs_0000032717
Valensina Saft oder Nektar,Keine Marke,"€ 1,79","€ 2,49","pro Einheit = 1,79",versch. Sorten,Nein,"Wochenangebote gültig von Montag, 30.03.26 - Samstag, 04.04.26",30.03.26,04.04.26,../images/netto/netto_offer_131.jpg,"cat_getraenke,diet_gluten_free,diet_lactose_free,diet_vegan,diet_vegetarian,tag_ultra_processed",,,ref_000131,obs_0000015054|obs_0000005825|obs_0000006726|obs_0000007092|obs_0000029012|obs_0000005441|obs_0000030301|obs_0000005999|obs_0000006360|obs_0000031003|obs_0000031005|obs_0000006549|obs_0000032441|obs_0000032472|obs_0000032918|obs_0000024985|obs_0000016953|obs_0000017106|obs_0000025618|obs_0000033872|obs_0000034047|obs_0000017915|obs_0000026144|obs_0000034438|obs_0000026383|obs_0000010200|obs_0000026785|obs_0000027142|obs_0000019142|obs_0000027674|obs_0000027982|obs_0000028181|obs_0000020223|obs_0000028431|obs_0000021042|obs_0000022436|obs_0000022514,
Spezi,Paulaner,"€ 0,89","€ 1,15","1 l = 1,78","koffeinhaltig, versch. Sorten",Nein,"Wochenangebote gültig von Montag, 30.03.26 - Samstag, 04.04.26",30.03.26,04.04.26,../images/netto/netto_offer_132.jpg,"cat_getraenke,tag_ultra_processed",,,ref_000132,obs_0000027152|obs_0000010907|obs_0000022812|obs_0000033836|obs_0000012863|obs_0000026321|obs_0000013907|obs_0000000637|obs_0000027903|obs_0000010207|obs_0000034439|obs_0000012187|obs_0000015662|obs_0000006363|obs_0000031347|obs_0000005456|obs_0000030685|obs_0000014342|obs_0000005257|obs_0000007080|obs_0000005812|obs_0000032720,obs_0000027152|obs_0000010907|obs_0000022812|obs_0000033836|obs_0000012863|obs_0000005456|obs_0000026321|obs_0000013907|obs_0000000637|obs_0000027903
Bionade Biologisches Erfrischungsgetränk,Keine Marke,"€ 8,49","€ 11,79","1 l = 2,14",versch. Sorten,Nein,"Wochenangebote gültig von Montag, 30.03.26 - Samstag, 04.04.26",30.03.26,04.04.26,../images/netto/netto_offer_133.jpg,"cat_getraenke,diet_lactose_free,diet_vegan,diet_vegetarian,tag_ultra_processed,tag_whole_food",,,ref_000133,obs_0000011154|obs_0000018552|obs_0000031004|obs_0000010013|obs_0000017948|obs_0000029983|obs_0000014624|obs_0000015906|obs_0000009895|obs_0000009513|obs_0000022058|obs_0000022185|obs_0000023728|obs_0000013619|obs_0000008378|obs_0000011968|obs_0000023744|obs_0000015052|obs_0000023247|obs_0000030930|obs_0000009431|obs_0000024155|obs_0000024168|obs_0000010736|obs_0000015479|obs_0000012664|obs_0000013177|obs_0000012413,
Gerolsteiner Mineralwasser,Keine Marke,"€ 4,99","€ 6,54","1 l = 0,55",versch. Sorten Einzelpreis 0.99 zzgl. Pfand 0.25 ( 0.66 / l),Nein,"Wochenangebote gültig von Montag, 30.03.26 - Samstag, 04.04.26",30.03.26,04.04.26,../images/netto/netto_offer_134.jpg,"cat_getraenke,diet_gluten_free,diet_lactose_free,diet_vegan,diet_vegetarian",,,ref_000134,obs_0000031394|obs_0000029014|obs_0000005642|obs_0000006220|obs_0000027653|obs_0000034851|obs_0000015908|obs_0000031797|obs_0000026205|obs_0000008801|obs_0000003689|obs_0000015481|obs_0000031867|obs_0000012414|obs_0000031871|obs_0000028800|obs_0000034437|obs_0000008841|obs_0000009353|obs_0000028841|obs_0000027836|obs_0000011969|obs_0000021185|obs_0000027856|obs_0000008437|obs_0000034043|obs_0000034044|obs_0000009985|obs_0000028931|obs_0000035059|obs_0000010519|obs_0000031006|obs_0000014625|obs_0000028968|obs_0000026948|obs_0000028493|obs_0000008537|obs_0000011123|obs_0000028537|obs_0000028027|obs_0000020366|obs_0000028603|obs_0000034235|obs_0000034238|obs_0000026570|obs_0000013773|obs_0000025562|obs_0000028654|obs_0000014332,obs_0000027653|obs_0000031867|obs_0000031394|obs_0000027836|obs_0000021185|obs_0000029014|obs_0000020366|obs_0000025562
Corona Lager Extra,Keine Marke,"€ 14,99",,"1 l = 2,11",,Nein,"Wochenangebote gültig von Montag, 30.03.26 - Samstag, 04.04.26",30.03.26,04.04.26,../images/netto/netto_offer_135.jpg,"cat_getraenke,diet_gluten_free,diet_lactose_free,diet_vegan,diet_vegetarian",,,ref_000135,obs_0000030610|obs_0000002069|obs_0000014367|obs_0000015501|obs_0000012446|obs_0000015088|obs_0000008991|obs_0000013624|obs_0000019269|obs_0000011593|obs_0000013180|obs_0000012176|obs_0000026617,
Zinselhof Liköre,Keine Marke,"€ 5,49",,"1 l = 10,98","versch. Sorten, 17 – 20% Vol.",Nein,"Wochenangebote gültig von Montag, 30.03.26 - Samstag, 04.04.26",30.03.26,04.04.26,../images/netto/netto_offer_136.jpg,"cat_getraenke,diet_gluten_free,diet_lactose_free,diet_vegan,diet_vegetarian,tag_whole_food",,,ref_000136,obs_0000015484|obs_0000012224,
Eckes Liköre,Keine Marke,"€ 5,49","€ 6,99","1 l = 10,56 - 10,98","versch. Sorten, 15 - 20 % Vol. 0,02 Liter Weisser Pfirsich GRATIS!",Nein,"Wochenangebote gültig von Montag, 30.03.26 - Samstag, 04.04.26",30.03.26,04.04.26,../images/netto/netto_offer_137.jpg,"cat_getraenke,diet_gluten_free,diet_lactose_free,diet_vegan,diet_vegetarian,tag_ultra_processed,tag_whole_food",,,ref_000137,obs_0000015484|obs_0000012224,obs_0000006564
Krombacher Pils,Keine Marke,"€ 11,99","€ 17,99","1 l = 1,20",,Nein,"Wochenangebote gültig von Montag, 30.03.26 - Samstag, 04.04.26",30.03.26,04.04.26,../images/netto/netto_offer_138.jpg,"cat_getraenke,diet_vegetarian",,,ref_000138,obs_0000030755|obs_0000032735|obs_0000010755|obs_0000013338|obs_0000033823|obs_0000026170|obs_0000015941|obs_0000012871|obs_0000028759|obs_0000024176|obs_0000028275|obs_0000034423|obs_0000012448|obs_0000030400|obs_0000027329|obs_0000016578|obs_0000019656|obs_0000023756|obs_0000028878|obs_0000035035|obs_0000028408|obs_0000028937|obs_0000008467|obs_0000027944|obs_0000004922|obs_0000028500|obs_0000030556|obs_0000017247|obs_0000000370|obs_0000014202|obs_0000010120|obs_0000004495|obs_0000034708|obs_0000010165|obs_0000028614|obs_0000026062|obs_0000031695|obs_0000032730|obs_0000003041|obs_0000004068|obs_0000013819|obs_0000031740,obs_0000030755|obs_0000026170|obs_0000015941|obs_0000012871|obs_0000027329|obs_0000004922|obs_0000000370|obs_0000004495|obs_0000034708|obs_0000010165|obs_0000031695|obs_0000032735|obs_0000003041|obs_0000004068
Weißbier Hell oder Alkoholfrei,Erdinger,"€ 14,99","€ 21,29","1 l = 1,50",,Nein,"Wochenangebote gültig von Montag, 30.03.26 - Samstag, 04.04.26",30.03.26,04.04.26,../images/netto/netto_offer_139.jpg,cat_getraenke,,,ref_000139,obs_0000011368|obs_0000015092|obs_0000034431|obs_0000031617|obs_0000005811|obs_0000006711|obs_0000007680|obs_0000000862|obs_0000035046|obs_0000027553|obs_0000029258|obs_0000007888|obs_0000034223|obs_0000011150|obs_0000008658|obs_0000034225|obs_0000009785|obs_0000034475|obs_0000034487|obs_0000009915|obs_0000034841|obs_0000035037|obs_0000035038|obs_0000010541|obs_0000027336|obs_0000027350|obs_0000028367|obs_0000011994|obs_0000028550|obs_0000028667|obs_0000028886|obs_0000028962|obs_0000028970|obs_0000006377|obs_0000014654|obs_0000031386|obs_0000031388|obs_0000031751|obs_0000031911,obs_0000011368|obs_0000015092
Weingold Rivaner Grauer Burgunder oder Müller-Thurgau Qualitätswein,Keine Marke,"€ 3,49","€ 4,49","1 l = 4,65",,Nein,"Wochenangebote gültig von Montag, 30.03.26 - Samstag, 04.04.26",30.03.26,04.04.26,../images/netto/netto_offer_140.jpg,cat_getraenke,,,ref_000140,obs_0000026591|obs_0000003331|obs_0000009107|obs_0000009237|obs_0000034725|obs_0000002225|obs_0000011585|obs_0000034879|obs_0000014060|obs_0000035029|obs_0000035025|obs_0000034426,
Volvic Tee oder Touch,Keine Marke,"€ 1,29","€ 1,89","1 l = 0,86",versch. Sorten,Nein,"Wochenangebote gültig von Montag, 30.03.26 - Samstag, 04.04.26",30.03.26,04.04.26,../images/netto/netto_offer_141.jpg,"cat_getraenke,diet_gluten_free,diet_lactose_free,diet_vegan,diet_vegetarian,tag_ultra_processed,tag_whole_food",,,ref_000141,obs_0000029416|obs_0000030297|obs_0000005824|obs_0000006723|obs_0000031346|obs_0000034436|obs_0000015053|obs_0000024690|obs_0000016641|obs_0000008687|obs_0000025412|obs_0000001349|obs_0000018054|obs_0000034846|obs_0000026894|obs_0000018960|obs_0000019231|obs_0000028312|obs_0000020428|obs_0000020568|obs_0000021247|obs_0000021387|obs_0000021761|obs_0000022129|obs_0000014277|obs_0000022599|obs_0000023245|obs_0000023661,obs_0000005824|obs_0000006723
Edition Valentin Vogel Weine,Keine Marke,"€ 3,99","€ 4,99","1 l = 5,32",versch. Sorten,Nein,"Wochenangebote gültig von Montag, 30.03.26 - Samstag, 04.04.26",30.03.26,04.04.26,../images/netto/netto_offer_142.jpg,"cat_getraenke,diet_gluten_free,diet_lactose_free,diet_vegan,diet_vegetarian,tag_ultra_processed,tag_whole_food",,,ref_000142,obs_0000027071|obs_0000026968|obs_0000028009,obs_0000027071
Calla,Keine Marke,"€ 6,99",,"pro Einheit = 6,99","ca. 35 cm hoch, versch. Farben Ø = 12 cm",Nein,"Wochenangebote gültig von Montag, 30.03.26 - Samstag, 04.04.26",30.03.26,04.04.26,../images/netto/netto_offer_143.jpg,"cat_obst_gemuese,diet_gluten_free,diet_lactose_free,diet_vegan,diet_vegetarian,sub_exoten,sub_frisches_obst,tag_ultra_processed,tag_whole_food",,BLS-X890933,ref_000143,obs_0000002124|obs_0000012641,obs_0000002124
Kalanchoe,Keine Marke,"€ 5,99",,"pro Einheit = 5,99","in Osterhase, ca. 20 cm hoch, versch. Ausführungen",Nein,"Wochenangebote gültig von Montag, 30.03.26 - Samstag, 04.04.26",30.03.26,04.04.26,../images/netto/netto_offer_144.jpg,"cat_obst_gemuese,diet_gluten_free,diet_lactose_free,diet_vegan,diet_vegetarian,sub_exoten,sub_frisches_gemuese,sub_frisches_obst,tag_ultra_processed,tag_whole_food",,,ref_000144,obs_0000011402|obs_0000014827|obs_0000027150|obs_0000017724|obs_0000018750|obs_0000022062|obs_0000018385|obs_0000012650|obs_0000034920|obs_0000012747,obs_0000011402|obs_0000014827|obs_0000027150|obs_0000017724|obs_0000018750
Narzissen,Keine Marke,"€ 3,99",,"pro Einheit = 3,99","ca. 15 cm hoch, Ø = 16 cm",Nein,"Wochenangebote gültig von Montag, 30.03.26 - Samstag, 04.04.26",30.03.26,04.04.26,../images/netto/netto_offer_145.jpg,"cat_obst_gemuese,diet_gluten_free,diet_lactose_free,diet_vegan,diet_vegetarian,sub_exoten,sub_frisches_obst,tag_ultra_processed,tag_whole_food",,,ref_000145,obs_0000030050|obs_0000030733|obs_0000022590|obs_0000030056,obs_0000030050
Ostergesteck,Keine Marke,"€ 6,99",,"pro Einheit = 6,99","ca. 15 – 30 cm hoch, versch. Ausführungen",Nein,"Wochenangebote gültig von Montag, 30.03.26 - Samstag, 04.04.26",30.03.26,04.04.26,../images/netto/netto_offer_146.jpg,"cat_obst_gemuese,diet_gluten_free,diet_lactose_free,diet_vegan,diet_vegetarian,sub_frisches_gemuese,tag_ultra_processed,tag_whole_food",,,ref_000146,,
Narzisse,Keine Marke,"€ 5,99",,"pro Einheit = 5,99","ca. 20 cm hoch, versch. Varianten Ø = 13 cm",Nein,"Wochenangebote gültig von Montag, 30.03.26 - Samstag, 04.04.26",30.03.26,04.04.26,../images/netto/netto_offer_147.jpg,"cat_getraenke,diet_gluten_free,diet_lactose_free,diet_vegan,diet_vegetarian,sub_exoten,sub_frisches_gemuese,sub_frisches_obst,tag_ultra_processed,tag_whole_food",,,ref_000147,obs_0000029392|obs_0000029064|obs_0000029747|obs_0000031367|obs_0000031069,obs_0000029392
Chrysantheme,Keine Marke,"€ 4,99",,"pro Einheit = 4,99","ca. 30 cm hoch, versch. Farben, Ø = 14 cm, in Geschenkverpackung",Nein,"Wochenangebote gültig von Montag, 30.03.26 - Samstag, 04.04.26",30.03.26,04.04.26,../images/netto/netto_offer_148.jpg,"cat_obst_gemuese,diet_gluten_free,diet_lactose_free,diet_vegan,diet_vegetarian,tag_whole_food",,,ref_000148,obs_0000027625|obs_0000027797|obs_0000003079|obs_0000012640,obs_0000027625|obs_0000027797|obs_0000003079
Orchideengesteck,Keine Marke,"€ 9,99",,"pro Einheit = 9,99","Cymbidien, ca. 20 cm hoch, versch. Ausführungen",Nein,"Wochenangebote gültig von Montag, 30.03.26 - Samstag, 04.04.26",30.03.26,04.04.26,../images/netto/netto_offer_149.jpg,"cat_obst_gemuese,diet_gluten_free,diet_lactose_free,diet_vegan,diet_vegetarian,tag_whole_food",,,ref_000149,,
Chrysantheme,Keine Marke,"€ 2,49",,"pro Einheit = 2,49","ca. 25 cm hoch, versch. Farben Ø = 12 cm",Nein,"Wochenangebote gültig von Montag, 30.03.26 - Samstag, 04.04.26",30.03.26,04.04.26,../images/netto/netto_offer_150.jpg,"cat_obst_gemuese,diet_gluten_free,diet_lactose_free,diet_vegan,diet_vegetarian,tag_whole_food",,,ref_000150,obs_0000027625|obs_0000027797|obs_0000003079|obs_0000012640,obs_0000027625|obs_0000027797|obs_0000003079
Kletterrose,Keine Marke,"€ 3,99",,"pro Einheit = 3,99","ca. 40 cm hoch, versch. Sorten Ø = 11 cm",Nein,"Wochenangebote gültig von Montag, 30.03.26 - Samstag, 04.04.26",30.03.26,04.04.26,../images/netto/netto_offer_151.jpg,"cat_obst_gemuese,diet_gluten_free,diet_lactose_free,diet_vegan,diet_vegetarian,sub_exoten,sub_frisches_gemuese,sub_frisches_obst,tag_whole_food",,,ref_000151,,
Zuchtgarten - Mediterran,Keine Marke,"€ 4,99",,"pro Einheit = 4,99","versch. Sorten, nachhaltig recyclter Anbautopf, gebrauchsfertiger Innenanbau",Nein,"Wochenangebote gültig von Montag, 30.03.26 - Samstag, 04.04.26",30.03.26,04.04.26,../images/netto/netto_offer_152.jpg,"cat_obst_gemuese,diet_gluten_free,diet_lactose_free,diet_vegan,diet_vegetarian,sub_frisches_gemuese,tag_ultra_processed,tag_whole_food",,,ref_000152,,
Hortensien,Keine Marke,"€ 3,99",,"pro Einheit = 3,99","ca. 25 cm hoch, versch. Farben Ø = 10,5 cm",Nein,"Wochenangebote gültig von Montag, 30.03.26 - Samstag, 04.04.26",30.03.26,04.04.26,../images/netto/netto_offer_153.jpg,"cat_obst_gemuese,diet_gluten_free,diet_lactose_free,diet_vegan,diet_vegetarian,tag_whole_food",,,ref_000153,,
Dipladenia Pyramide,Keine Marke,"€ 12,99",,"pro Einheit = 12,99","ca. 80 cm hoch, versch. Farben, Ø = 19 cm",Nein,"Wochenangebote gültig von Montag, 30.03.26 - Samstag, 04.04.26",30.03.26,04.04.26,../images/netto/netto_offer_154.jpg,"cat_obst_gemuese,diet_gluten_free,diet_lactose_free,diet_vegan,diet_vegetarian,tag_ultra_processed,tag_whole_food",,,ref_000154,obs_0000001593,obs_0000001593
Saatteppiche,Keine Marke,"€ 3,99",,"pro Einheit = 3,99","individuell zuschneidbar, ideal für Beet, Balkonkasten oder Hochbeet, in verschiedenen Sorten, einfache Anwendung - einfügen, leicht mit Erde bedecken und gießen",Nein,"Wochenangebote gültig von Montag, 30.03.26 - Samstag, 04.04.26",30.03.26,04.04.26,../images/netto/netto_offer_155.jpg,"cat_obst_gemuese,diet_gluten_free,diet_lactose_free,diet_vegan,diet_vegetarian,tag_whole_food",,,ref_000155,,
Edelgeranie,Keine Marke,"€ 5,99",,"pro Einheit = 5,99","ca. 30 cm hoch, versch. Farben, Ø = 17 cm",Nein,"Wochenangebote gültig von Montag, 30.03.26 - Samstag, 04.04.26",30.03.26,04.04.26,../images/netto/netto_offer_156.jpg,"cat_getraenke,diet_gluten_free,diet_lactose_free,diet_vegan,diet_vegetarian,sub_frisches_obst,tag_ultra_processed,tag_whole_food",,,ref_000156,,
Sämereien,Keine Marke,"€ 0,19",,"pro Einheit = 0,19","z.B. Blumen, Kräuter, Gemüse oder Hülsenfrüchte",Nein,"Wochenangebote gültig von Montag, 30.03.26 - Samstag, 04.04.26",30.03.26,04.04.26,../images/netto/netto_offer_157.jpg,"cat_obst_gemuese,diet_gluten_free,diet_lactose_free,diet_vegan,diet_vegetarian,sub_exoten,sub_frisches_obst,tag_ultra_processed,tag_whole_food",,,ref_000157,obs_0000023273,obs_0000023273
Tränendes Herz,Keine Marke,"€ 4,99",,"pro Einheit = 4,99","ca. 40 cm hoch, Ø = 17 cm",Nein,"Wochenangebote gültig von Montag, 30.03.26 - Samstag, 04.04.26",30.03.26,04.04.26,../images/netto/netto_offer_158.jpg,"cat_obst_gemuese,diet_gluten_free,diet_lactose_free,diet_vegan,diet_vegetarian,sub_frisches_obst,tag_ultra_processed,tag_whole_food",,,ref_000158,obs_0000012386,
Rasenkantenschere GS21,Keine Marke,"€ 15,99","€ 24,99","pro Einheit = 15,99","Klingen aus gehärtetem, rostfreien Stahl, zum Trimmen von Rasenkanten und Hecken, rutschfeste Griffe für bequemen Halt, Länge ca. 31 cm",Nein,"Wochenangebote gültig von Montag, 30.03.26 - Samstag, 04.04.26",30.03.26,04.04.26,../images/netto/netto_offer_159.jpg,"cat_obst_gemuese,diet_gluten_free,diet_lactose_free,diet_vegan,diet_vegetarian,tag_whole_food",,,ref_000159,,
Blumen Gartenschere,Keine Marke,"€ 9,99","€ 12,99","pro Einheit = 9,99","hohe Langlebigkeit dank hochwertiger Karbonstahlklingen, für Rechts- und Linkshänder",Nein,"Wochenangebote gültig von Montag, 30.03.26 - Samstag, 04.04.26",30.03.26,04.04.26,../images/netto/netto_offer_160.jpg,"cat_non_food,diet_gluten_free,diet_lactose_free,diet_vegan,diet_vegetarian,tag_whole_food",,,ref_000160,,
Spaten spitz,Keine Marke,"€ 17,99","€ 27,99","pro Einheit = 17,99","mit scharfem, gehärtetem Spatenblatt, inkl. Trittfläche, Länge ca. 117 cm",Nein,"Wochenangebote gültig von Montag, 30.03.26 - Samstag, 04.04.26",30.03.26,04.04.26,../images/netto/netto_offer_161.jpg,"cat_obst_gemuese,diet_gluten_free,diet_lactose_free,diet_vegan,diet_vegetarian,sub_frisches_gemuese,sub_frisches_obst,tag_whole_food",,,ref_000161,,
Heckenschere HS21,Keine Marke,"€ 17,99","€ 25,99","pro Einheit = 17,99","für Form- und Rückschnitt, robuste Stahlklingen, Länge: ca. 56 cm",Nein,"Wochenangebote gültig von Montag, 30.03.26 - Samstag, 04.04.26",30.03.26,04.04.26,../images/netto/netto_offer_162.jpg,"cat_non_food,diet_gluten_free,diet_lactose_free,diet_vegan,diet_vegetarian,tag_whole_food",,,ref_000162,,
Astschere Bypass,Keine Marke,"€ 17,99","€ 34,99","pro Einheit = 17,99","hochwertige Verarbeitung für frisches Holz bis Ø 3,8 cm, sauberer Schnitt dank Präzisionsklinge, Länge: ca. 81 cm",Nein,"Wochenangebote gültig von Montag, 30.03.26 - Samstag, 04.04.26",30.03.26,04.04.26,../images/netto/netto_offer_163.jpg,"cat_obst_gemuese,diet_gluten_free,diet_lactose_free,diet_vegan,diet_vegetarian,tag_whole_food",,,ref_000163,obs_0000013129|obs_0000001162,
Reinigungspritze Start-Set,Keine Marke,"€ 7,99","€ 14,99","pro Einheit = 7,99","optimal geeignet für die Reinigung und Bewässerung, UV- und frostbeständig, hochwertige Verarbeitung, Black Line Design, Wasserstrahl stufenlos einstellbar",Nein,"Wochenangebote gültig von Montag, 30.03.26 - Samstag, 04.04.26",30.03.26,04.04.26,../images/netto/netto_offer_164.jpg,"cat_getraenke,diet_gluten_free,diet_lactose_free,diet_vegan,diet_vegetarian,tag_whole_food",,,ref_000164,,
Akku-Rasentrimmer 20V,Keine Marke,"€ 59,99","€ 99,99","pro Einheit = 59,99","180° drehbarer Schneidkopf, ausziehbare Teleskopfunktion, Länge von 90 – 120 cm, inkl. 2 Stück Li-Ion-Akkus 2,0 Ah, Auswechselbares Faden- und Messersystem, wechselbares Faden- und Messersystem, inkl. 2.0Ah Akkus und ein 2.4A Schnellladegerät",Nein,"Wochenangebote gültig von Montag, 30.03.26 - Samstag, 04.04.26",30.03.26,04.04.26,../images/netto/netto_offer_165.jpg,"cat_getraenke,diet_gluten_free,diet_lactose_free,diet_vegan,diet_vegetarian,tag_ultra_processed,tag_whole_food",,,ref_000165,,
Schlauchaufroller,Keine Marke,"€ 39,99",,"pro Einheit = 39,99","inkl. 20 m Schlauch, Abroll-Stopp Funktion, automatisches, sicheres und zuverlässiges Aufrollen, stoß- und wetterfestes, UV-beständiges Gehäuse, mit Wandhalterung inkl. Montagematerial",Nein,"Wochenangebote gültig von Montag, 30.03.26 - Samstag, 04.04.26",30.03.26,04.04.26,../images/netto/netto_offer_166.jpg,"cat_getraenke,diet_gluten_free,diet_lactose_free,diet_vegan,diet_vegetarian,tag_ultra_processed,tag_whole_food",,,ref_000166,,
Rasenteppich,Keine Marke,"€ 6,99",,"pro Einheit = 6,99","strapazierfähig, pflegeleicht und wasserfest, guter Wasserablauf durch Noppen-Drainage, Maße: ca. 100 x 200 cm",Nein,"Wochenangebote gültig von Montag, 30.03.26 - Samstag, 04.04.26",30.03.26,04.04.26,../images/netto/netto_offer_167.jpg,"cat_obst_gemuese,diet_gluten_free,diet_lactose_free,diet_vegan,diet_vegetarian,tag_whole_food",,,ref_000167,,
Pflanzkasten mit Spalier,Keine Marke,"€ 14,99",,"pro Einheit = 14,99","einfaches Stecksystem, leichte Montage ohne Werkzeuge, witterungsbeständig, mit 5 Rankenelementen, Maße ca.: 59 x 78 x 29 cm, Füllvolumen: ca. 38 l",Nein,"Wochenangebote gültig von Montag, 30.03.26 - Samstag, 04.04.26",30.03.26,04.04.26,../images/netto/netto_offer_168.jpg,"cat_obst_gemuese,diet_gluten_free,diet_lactose_free,diet_vegan,diet_vegetarian,tag_whole_food",,,ref_000168,,
Rasenmischungen,Keine Marke,"€ 5,99",,"pro Einheit = 5,99","Rasen-Reparatur Mischung: erneuert Rasenflächen in kurzer Zeit, Sport & Spielrasen: 100% RSM Mischung, hohe Strapazier- und Widerstandskraft, begrünt teilschattige Bereiche, z. B. unter Bäumen",Nein,"Wochenangebote gültig von Montag, 30.03.26 - Samstag, 04.04.26",30.03.26,04.04.26,../images/netto/netto_offer_169.jpg,"cat_obst_gemuese,diet_gluten_free,diet_lactose_free,diet_vegan,diet_vegetarian,sub_frisches_obst,tag_ultra_processed,tag_whole_food",,,ref_000169,,
LED Solar Gartenleuchte - 3 Strahler,Keine Marke,"€ 14,99",,"pro Einheit = 14,99","mit Infrarot-Bewegungssensor, Strahler individuell ausrichtbar von ca. 90 - 120 Grad, Maße Strahler: ca. 28 x 14,5 x 9,4 cm, Strahler individuell ausrichtbar",Nein,"Wochenangebote gültig von Montag, 30.03.26 - Samstag, 04.04.26",30.03.26,04.04.26,../images/netto/netto_offer_170.jpg,"cat_non_food,diet_gluten_free,diet_lactose_free,diet_vegan,diet_vegetarian,tag_whole_food",,,ref_000170,obs_0000024826|obs_0000000922,
LED Solar Lichtblüte oder Dekostecker,Keine Marke,"€ 4,99",,"pro Einheit = 4,99","mit Solarpanel und Einschaltautomatik bei einsetzender Dämmerung, witterungsbeständig,  Höhe ca. 76 cm inkl. Erdspieß 1. Varianten Maße (ØxH) ca. 17,5 x 36 cm 2. Varianten Maße (ØxH) ca. 16 x 36 cm",Nein,"Wochenangebote gültig von Montag, 30.03.26 - Samstag, 04.04.26",30.03.26,04.04.26,../images/netto/netto_offer_171.jpg,"cat_getraenke,diet_gluten_free,diet_lactose_free,diet_vegan,diet_vegetarian,tag_ultra_processed",,,ref_000171,obs_0000008409,
Tischdecke Weichschaum,Keine Marke,"€ 9,99",,"pro Einheit = 9,99","wetterbeständig, rutschfest, leicht zu reinigen, ideal für den Außenbereich, Maße 130x160 cm, 130x180 cm oder 160 cm rund",Nein,"Wochenangebote gültig von Montag, 30.03.26 - Samstag, 04.04.26",30.03.26,04.04.26,../images/netto/netto_offer_172.jpg,"cat_getraenke,diet_gluten_free,diet_lactose_free,diet_vegetarian,tag_ultra_processed",,,ref_000172,obs_0000020018|obs_0000025556,
LED Solar Leuchte,Keine Marke,"€ 6,99",,"pro Einheit = 6,99","Einschaltautomatik bei einsetzender Dämmerung, witterungsbeständig, Höhe inkl. Erdspieß: ca. 40 - 45 cm (Figur ca. 15 cm)",Nein,"Wochenangebote gültig von Montag, 30.03.26 - Samstag, 04.04.26",30.03.26,04.04.26,../images/netto/netto_offer_173.jpg,"cat_obst_gemuese,diet_gluten_free,diet_lactose_free,diet_vegan,diet_vegetarian,tag_ultra_processed,tag_whole_food",,,ref_000173,obs_0000026767|obs_0000024821|obs_0000016408|obs_0000020521|obs_0000032892|obs_0000024822|obs_0000024823|obs_0000024826|obs_0000024828|obs_0000021340|obs_0000030039|obs_0000022488,obs_0000026767|obs_0000024828|obs_0000020749|obs_0000021568|obs_0000021696
Hochlehner oder Sitzauflagen,Keine Marke,"€ 4,99",,"pro Einheit = 4,99","hoher Sitzkomfort durch extra weiche Füllung, Hochlehner inkl. Halteband Maße Sitzauflage: ca. 38 x 38 x 8 cm Maße Hochlehner: ca. 120 x 50 x 6 cm",Nein,"Wochenangebote gültig von Montag, 30.03.26 - Samstag, 04.04.26",30.03.26,04.04.26,../images/netto/netto_offer_174.jpg,"cat_getraenke,diet_lactose_free,diet_vegan,diet_vegetarian,tag_ultra_processed",,,ref_000174,,
Sonnenschirm,Keine Marke,"€ 29,99","€ 39,99","pro Einheit = 29,99","stabiler Alu-Mast, UV-Schutz: UV50+ (AS/NZS4399), ca. 2,7 m",Nein,"Wochenangebote gültig von Montag, 30.03.26 - Samstag, 04.04.26",30.03.26,04.04.26,../images/netto/netto_offer_175.jpg,"cat_obst_gemuese,diet_gluten_free,diet_lactose_free,diet_vegan,diet_vegetarian,tag_whole_food",,,ref_000175,obs_0000024812,obs_0000024812
Solar Gartenleuchten Deko,Keine Marke,"€ 9,99",,"pro Einheit = 9,99","Löwenzahn Designleuchte ca. 98 cm, Metall-Kolibri ca. 91 cm, Gartenfackel mit Flammeneffekt ca. 71 cm, Schilf Designleuchte ca. 103 cm, Wegleuchten 4er Set ca. 41 cm",Nein,"Wochenangebote gültig von Montag, 30.03.26 - Samstag, 04.04.26",30.03.26,04.04.26,../images/netto/netto_offer_176.jpg,"cat_non_food,diet_gluten_free,diet_lactose_free,diet_vegan,diet_vegetarian,tag_whole_food",,,ref_000176,obs_0000024822|obs_0000024823,
Nivea,Keine Marke,"€ 2,75",,"pro Einheit = 18,33",Nivea Sun Sonnenspray LSF30 200 ml Nivea Sun Sonnenmilch LSF 50+ 200 ml Nivea Sun Sonnenmilch LSF 50+ 200 ml Nivea Sun Kids Schutz & Sensitive Sonnenspray LSF 50+ 200 ml Nivea Deospray 150 ml Kaufe 1 Nivea SUN Artikel und erhalte 1 Nivea Deospray 150ml GRATIS!,Nein,"Wochenangebote gültig von Montag, 30.03.26 - Samstag, 04.04.26",30.03.26,04.04.26,../images/netto/netto_offer_177.jpg,"cat_obst_gemuese,diet_gluten_free,diet_lactose_free,diet_vegan,diet_vegetarian,sub_exoten,sub_frisches_obst,tag_whole_food",,,ref_000177,obs_0000032275|obs_0000032276|obs_0000032277|obs_0000032284|obs_0000028192|obs_0000005290|obs_0000005295|obs_0000007114|obs_0000007503|obs_0000007293|obs_0000006243|obs_0000029052|obs_0000030750|obs_0000029733|obs_0000005298|obs_0000030777|obs_0000005860|obs_0000006769|obs_0000029053|obs_0000031060,
Duschdas Duschgel,Keine Marke,"€ 1,7","€ 1,79","1 l = 4,44",versch. Sorten,Nein,"Wochenangebote gültig von Montag, 30.03.26 - Samstag, 04.04.26",30.03.26,04.04.26,../images/netto/netto_offer_178.jpg,"cat_drogerie,diet_gluten_free,diet_lactose_free,diet_vegan,diet_vegetarian,tag_whole_food",,,ref_000178,obs_0000032036|obs_0000007920|obs_0000008329|obs_0000028939|obs_0000011788|obs_0000035065|obs_0000013602|obs_0000015523|obs_0000011174|obs_0000026290|obs_0000017459|obs_0000028963|obs_0000031924|obs_0000014682|obs_0000009054|obs_0000015972|obs_0000011624|obs_0000026347|obs_0000031850|obs_0000013165|obs_0000026494,obs_0000011788|obs_0000032036|obs_0000005670|obs_0000031924|obs_0000015972|obs_0000007920|obs_0000026494
Gliss Shampoo oder Spülung,Keine Marke,"€ 2,49","€ 2,99","1 l = 9,96 - 12,45",versch. Sorten,Nein,"Wochenangebote gültig von Montag, 30.03.26 - Samstag, 04.04.26",30.03.26,04.04.26,../images/netto/netto_offer_179.jpg,"cat_drogerie,diet_gluten_free,diet_lactose_free",,,ref_000179,obs_0000012018|obs_0000006589|obs_0000015963|obs_0000011609|obs_0000012017|obs_0000012465|obs_0000012896|obs_0000013405|obs_0000015518|obs_0000016129|obs_0000010773|obs_0000012696|obs_0000013613|obs_0000005485|obs_0000005852|obs_0000015098|obs_0000007501|obs_0000028334|obs_0000014221|obs_0000006246|obs_0000032840|obs_0000032877|obs_0000033059|obs_0000033092|obs_0000033133|obs_0000033168|obs_0000000446|obs_0000033215|obs_0000033227|obs_0000033237|obs_0000033244|obs_0000033372|obs_0000033398|obs_0000033460|obs_0000033529|obs_0000033623|obs_0000033649|obs_0000009325|obs_0000034052|obs_0000009494|obs_0000034239|obs_0000009796|obs_0000009955|obs_0000034662|obs_0000001916|obs_0000010154|obs_0000034854|obs_0000035066|obs_0000002339|obs_0000019053,obs_0000012018|obs_0000012465|obs_0000013405|obs_0000005852|obs_0000006589|obs_0000015963
Autan Multi Insektenschutz,Keine Marke,"€ 4,99","€ 6,79","1 l = 49,90",,Nein,"Wochenangebote gültig von Montag, 30.03.26 - Samstag, 04.04.26",30.03.26,04.04.26,../images/netto/netto_offer_180.jpg,"cat_non_food,diet_gluten_free,diet_lactose_free,diet_vegan,diet_vegetarian,tag_whole_food",,,ref_000180,obs_0000035056,
Softlan Weichspüler,Keine Marke,"€ 1,29","€ 1,79","1 l = 1,29 - 1,98",versch. Sorten,Nein,"Wochenangebote gültig von Montag, 30.03.26 - Samstag, 04.04.26",30.03.26,04.04.26,../images/netto/netto_offer_181.jpg,"cat_drogerie,diet_gluten_free,diet_lactose_free,diet_vegan,diet_vegetarian,tag_whole_food",,,ref_000181,obs_0000006941|obs_0000005663|obs_0000029732|obs_0000013955|obs_0000010761|obs_0000003597|obs_0000015508|obs_0000019865|obs_0000032921|obs_0000015261|obs_0000019489|obs_0000020774|obs_0000009383|obs_0000013480|obs_0000031910|obs_0000033198|obs_0000020279|obs_0000021945|obs_0000008124|obs_0000027580|obs_0000028356|obs_0000010952|obs_0000012876|obs_0000011598|obs_0000025167|obs_0000032849|obs_0000016852|obs_0000022870|obs_0000031701|obs_0000021593|obs_0000026203|obs_0000014305|obs_0000023651|obs_0000021098|obs_0000006387|obs_0000009843|obs_0000026740|obs_0000034675|obs_0000016125|obs_0000033664,obs_0000019865|obs_0000006941|obs_0000005663|obs_0000016852|obs_0000022870|obs_0000026203|obs_0000034675
Perwoll Waschmittel,Keine Marke,"€ 4,99","€ 6,75","pro Einheit = 0,18",versch. Sorten,Nein,"Wochenangebote gültig von Montag, 30.03.26 - Samstag, 04.04.26",30.03.26,04.04.26,../images/netto/netto_offer_182.jpg,"cat_drogerie,tag_whole_food",,,ref_000182,obs_0000018449|obs_0000034866|obs_0000027703|obs_0000012875|obs_0000016462|obs_0000023646|obs_0000024174|obs_0000018542|obs_0000019568|obs_0000013946|obs_0000025217|obs_0000026760|obs_0000021665|obs_0000033445|obs_0000012454|obs_0000002728|obs_0000023748|obs_0000023244|obs_0000025812|obs_0000018152|obs_0000017654|obs_0000015109|obs_0000033069|obs_0000022331|obs_0000022340|obs_0000018794|obs_0000020846|obs_0000019827|obs_0000022410|obs_0000012181|obs_0000003486|obs_0000019384|obs_0000017352|obs_0000026568|obs_0000022520|obs_0000025598,obs_0000016462|obs_0000026760|obs_0000033445|obs_0000005479|obs_0000007112|obs_0000017352
Sagratan Reiniger,Keine Marke,"€ 2,79",,"1 l = 3,72",versch. Sorten Biozidprodukte vorsichtig verwenden. Vor Gebrauch stets Etikett und Produktinformation lesen.,Nein,"Wochenangebote gültig von Montag, 30.03.26 - Samstag, 04.04.26",30.03.26,04.04.26,../images/netto/netto_offer_183.jpg,"cat_drogerie,diet_gluten_free,diet_lactose_free,diet_vegan,diet_vegetarian,tag_whole_food",,,ref_000183,obs_0000031762|obs_0000013848|obs_0000025004|obs_0000013362|obs_0000019901|obs_0000026432|obs_0000017601|obs_0000027202|obs_0000028357|obs_0000023750|obs_0000010953|obs_0000003536|obs_0000015954|obs_0000024166|obs_0000012011|obs_0000018411|obs_0000014189|obs_0000033271|obs_0000027513,obs_0000025004|obs_0000026432|obs_0000017601|obs_0000027202|obs_0000023750|obs_0000003536|obs_0000024166|obs_0000018411
Edelstahl-Pfanne,Keine Marke,"€ 15,99","€ 24,99","pro Einheit = 15,99","mit Wabenstruktur & Antihaftbeschichtung, 4-Lagen für eine optimale Wärmeverteilung, für alle Herdarten geeignet, backofenfest bis 210 °C, extra kratzfest, in 3 Größen erhältlich:  ca. Ø 20 cm 15.99, ca. Ø 24 cm 17.99, ca. Ø 28 cm",Nein,"Wochenangebote gültig von Montag, 30.03.26 - Samstag, 04.04.26",30.03.26,04.04.26,../images/netto/netto_offer_184.jpg,"cat_obst_gemuese,diet_gluten_free,diet_lactose_free,diet_vegan,diet_vegetarian,tag_ultra_processed,tag_whole_food",,,ref_000184,obs_0000021124|obs_0000026411|obs_0000020305|obs_0000022712|obs_0000022713|obs_0000022346|obs_0000017762|obs_0000017769,
Akku-Hochdruckreiniger,Keine Marke,"€ 39,99","€ 99,99","pro Einheit = 39,99","mit oder ohne Wasseranschluss verwendbar, leistungsstarker Li-Ion Akku (21 V, 1800 mAh) für bis zu 45 Min. Reinigungszeit, im Transport-/Aufbewahrungskoffer, 6in1-Multidüse – bis zu 22 bar Druck, kein Wasseranschluss nötig – mit Ansaugfunktion",Nein,"Wochenangebote gültig von Montag, 30.03.26 - Samstag, 04.04.26",30.03.26,04.04.26,../images/netto/netto_offer_185.jpg,"cat_getraenke,diet_gluten_free,diet_lactose_free,diet_vegan,diet_vegetarian,tag_whole_food",,,ref_000185,obs_0000017447|obs_0000022745|obs_0000018678|obs_0000024343|obs_0000023922,
Desinfizierende Anti-Schimmelfarbe,Keine Marke,"€ 17,99","€ 39,99","pro Einheit = 59,97","zum Sprühen, weiß: Sofortwirkung mit 99,999 % antimikrobieller Wirkung, chlorfrei & geruchsarm, Deckkraft Klasse 1 nach DIN EN 13300 zum Streichen, weiß: für ca. 35 m² bei einmaligem Anstrich  Biozidprodukte vorsichtig verwenden. Vor Gebrauch stets Etikett & Produktinformationen lesen!",Nein,"Wochenangebote gültig von Montag, 30.03.26 - Samstag, 04.04.26",30.03.26,04.04.26,../images/netto/netto_offer_186.jpg,"cat_non_food,diet_gluten_free,diet_lactose_free,diet_vegan,diet_vegetarian,tag_whole_food",,,ref_000186,,
Waffeleisen für 2 Belgische Waffeln,Keine Marke,"€ 15,99","€ 29,99","pro Einheit = 15,99","startklar in unter 2 Minuten, max. 750 W, Antihaftbeschichtung, leicht zu reinigen",Nein,"Wochenangebote gültig von Montag, 30.03.26 - Samstag, 04.04.26",30.03.26,04.04.26,../images/netto/netto_offer_187.jpg,"cat_obst_gemuese,diet_gluten_free,diet_lactose_free,diet_vegan,diet_vegetarian,tag_ultra_processed,tag_whole_food",,,ref_000187,obs_0000004162|obs_0000009291|obs_0000009879|obs_0000024737|obs_0000008913|obs_0000033545|obs_0000003360|obs_0000026402|obs_0000005016|obs_0000002492|obs_0000004589,
Silikonformen für Heißluftfritteusen,Keine Marke,"€ 7,99","€ 19,99","pro Einheit = 7,99","je ca. 20 x 14 x 5 cm, hitzebeständig bis 230 °C und spülmaschinenfest, ihre Fritteuse bleibt sauber & fettfrei",Nein,"Wochenangebote gültig von Montag, 30.03.26 - Samstag, 04.04.26",30.03.26,04.04.26,../images/netto/netto_offer_188.jpg,"cat_non_food,diet_gluten_free,diet_lactose_free,diet_vegan,diet_vegetarian,tag_whole_food",,,ref_000188,,
Strumpfhosen-Schutzspray,Keine Marke,"€ 6,99","€ 8,99","1 l = 93,20","bildet einen unsichtbaren Film, der den Nylonfaden stabilisiert, Verhindert Laufmaschen, bevor sie entstehen können!, transparent & schnell trocknend",Nein,"Wochenangebote gültig von Montag, 30.03.26 - Samstag, 04.04.26",30.03.26,04.04.26,../images/netto/netto_offer_189.jpg,cat_non_food,,,ref_000189,,
Sprühflaschen,Keine Marke,"€ 9,99","€ 19,99","pro Einheit = 9,99","für Essig, Öl etc. (je 100 ml), inkl. kleiner Reinigungsbürste, sprühend dosierend",Nein,"Wochenangebote gültig von Montag, 30.03.26 - Samstag, 04.04.26",30.03.26,04.04.26,../images/netto/netto_offer_190.jpg,"cat_tiefkuehl,diet_gluten_free,diet_lactose_free,diet_vegan,diet_vegetarian,sub_tk_fertiggerichte,tag_ultra_processed,tag_whole_food",,,ref_000190,,
Nutri Mixer,Keine Marke,"€ 19,99","€ 29,99","pro Einheit = 19,99","Mixen, Zerkleinern, Rühren etc. 700-ml-Mixbecher, 22.000 U/min, max. 500 Watt, inklusive To-go-Deckel",Nein,"Wochenangebote gültig von Montag, 30.03.26 - Samstag, 04.04.26",30.03.26,04.04.26,../images/netto/netto_offer_191.jpg,"cat_obst_gemuese,diet_gluten_free,diet_lactose_free,diet_vegan,diet_vegetarian,tag_ultra_processed,tag_whole_food",,,ref_000191,,
Großbund Tulpen,Keine Marke,"€ 5,55",,"pro Einheit = 5,55","ca. 35 cm lang, versch. Farben, 17 Stiele",Nein,"Wochenendangebote gültig von Mittwoch, 01.04.26 - Samstag, 04.04.26",01.04.26,04.04.26,../images/netto/netto_offer_192.jpg,"cat_obst_gemuese,diet_gluten_free,diet_lactose_free,diet_vegan,diet_vegetarian,sub_frisches_obst,tag_ultra_processed,tag_whole_food",,,ref_000192,obs_0000031365|obs_0000034533|obs_0000029749,obs_0000031365
Valdo Marca Oro,Keine Marke,"€ 7,99","€ 10,99","1 l = 10,65",versch. Sorten,Nein,"Wochenendangebote gültig von Mittwoch, 01.04.26 - Samstag, 04.04.26",01.04.26,04.04.26,../images/netto/netto_offer_193.jpg,"cat_obst_gemuese,diet_gluten_free,diet_lactose_free,diet_vegan,diet_vegetarian,sub_exoten,sub_frisches_gemuese,sub_frisches_obst,tag_ultra_processed,tag_whole_food",,,ref_000193,obs_0000007896,
Roastbeef vom Jungbullen,Keine Marke,"€ 1,89","€ 2,74","1 kg = 18,90","vakuumverpackt, ca. 1 kg",Nein,"Wochenendangebote gültig von Mittwoch, 01.04.26 - Samstag, 04.04.26",01.04.26,04.04.26,../images/netto/netto_offer_194.jpg,"cat_fleisch_wurst,diet_vegetarian,sub_rind,tag_high_protein,tag_proteinreich,tag_whole_food",,,ref_000194,obs_0000015351|obs_0000012293|obs_0000012294|obs_0000027671|obs_0000013854|obs_0000026669|obs_0000013364|obs_0000014912|obs_0000011844|obs_0000013445|obs_0000014473|obs_0000014474|obs_0000026295|obs_0000010590|obs_0000012760|obs_0000017571|obs_0000032493|obs_0000018768,obs_0000015351
ganze Kaffeebohnen,Lavazza,"€ 12,99","€ 20,99","pro Einheit = 12,99","ganze Kaffeebohnen, versch. Sorten",Nein,"Wochenendangebote gültig von Mittwoch, 01.04.26 - Samstag, 04.04.26",01.04.26,04.04.26,../images/netto/netto_offer_195.jpg,"cat_getraenke,diet_gluten_free,diet_lactose_free,diet_vegan,diet_vegetarian,sub_huelsenfruechte,tag_whole_food",,,ref_000195,obs_0000001526,
Schlagsahne,Keine Marke,"€ 3,5","€ 3,56","1 kg = 3,75","gekühlt, mind. 30% Fett Einzelpreis: 0.89 ( 4.45 / kg)",Nein,"Wochenendangebote gültig von Mittwoch, 01.04.26 - Samstag, 04.04.26",01.04.26,04.04.26,../images/netto/netto_offer_196.jpg,"cat_obst_gemuese,diet_gluten_free,diet_lactose_free,diet_vegan,diet_vegetarian,sub_sahne_creme,tag_ultra_processed,tag_whole_food",,,ref_000196,obs_0000001793|obs_0000019729|obs_0000001048|obs_0000033692|obs_0000027295|obs_0000001826|obs_0000017188|obs_0000001322|obs_0000001840|obs_0000034973|obs_0000001856|obs_0000033987|obs_0000011466|obs_0000002266|obs_0000027873|obs_0000034786|obs_0000001899|obs_0000023025|obs_0000001651|obs_0000001268|obs_0000025846|obs_0000012796|obs_0000016126|obs_0000005003|obs_0000003727|obs_0000011795|obs_0000001053|obs_0000005020|obs_0000021404|obs_0000006438|obs_0000005544|obs_0000000427|obs_0000001324|obs_0000000436|obs_0000004149|obs_0000030521|obs_0000034369|obs_0000004166|obs_0000003401|obs_0000004576|obs_0000025188|obs_0000020585|obs_0000030316|obs_0000013680|obs_0000004593|obs_0000007167|obs_0000020624|obs_0000009377|obs_0000024616|obs_0000021443,obs_0000001793|obs_0000019729|obs_0000001048|obs_0000033692|obs_0000027295|obs_0000001826|obs_0000017188|obs_0000001322|obs_0000001840|obs_0000034973|obs_0000001856|obs_0000033987|obs_0000011466|obs_0000002266|obs_0000027873|obs_0000034786|obs_0000001899|obs_0000023025|obs_0000001651|obs_0000001268|obs_0000025846|obs_0000012796|obs_0000016126
Grand Dessert,Ehrmann,"€ 0,49","€ 1,19","1 kg = 2,58","gekühlt, versch. Sorten",Nein,"Wochenendangebote gültig von Mittwoch, 01.04.26 - Samstag, 04.04.26",01.04.26,04.04.26,../images/netto/netto_offer_197.jpg,"cat_molkerei_kaese,sub_milchprodukte",,,ref_000197,obs_0000014366|obs_0000002161|obs_0000017587|obs_0000027914|obs_0000034107|obs_0000031128|obs_0000013231|obs_0000025025|obs_0000011773|obs_0000026346|obs_0000010055|obs_0000009604|obs_0000002449|obs_0000015382|obs_0000013586|obs_0000007762|obs_0000005900|obs_0000032203|obs_0000007148|obs_0000012336|obs_0000017969|obs_0000004175|obs_0000016979|obs_0000009845|obs_0000014488|obs_0000006809|obs_0000022199|obs_0000009519|obs_0000017731|obs_0000010617|obs_0000018839|obs_0000005029|obs_0000015792|obs_0000000443|obs_0000006112|obs_0000018932|obs_0000004602,obs_0000014366|obs_0000007762|obs_0000002161|obs_0000017587|obs_0000027914|obs_0000005900|obs_0000034107|obs_0000031128|obs_0000013231|obs_0000025025|obs_0000032203|obs_0000007148|obs_0000011773
Bergader Almzeit Weichkäse oder Bavaria Blu,Keine Marke,"€ 1,99","€ 2,99","1 kg = 11,37","gekühlt, versch. Sorten",Nein,"Wochenendangebote gültig von Mittwoch, 01.04.26 - Samstag, 04.04.26",01.04.26,04.04.26,../images/netto/netto_offer_198.jpg,"cat_getraenke,sub_kaese,sub_milchprodukte,tag_ultra_processed",,,ref_000198,obs_0000006285|obs_0000007352|obs_0000005715|obs_0000006971|obs_0000030449|obs_0000031185|obs_0000029534|obs_0000014218|obs_0000028306|obs_0000008044,obs_0000006285|obs_0000007352|obs_0000005715
Gurken,Keine Marke,"€ 0,55","€ 0,69","pro Einheit = 0,55","Niederlande, Kl. I",Nein,"Wochenendangebote gültig von Mittwoch, 01.04.26 - Samstag, 04.04.26",01.04.26,04.04.26,../images/netto/netto_offer_199.jpg,"cat_obst_gemuese,diet_gluten_free,diet_lactose_free,diet_vegan,diet_vegetarian,sub_exoten,sub_frisches_gemuese,sub_frisches_obst,tag_whole_food",,BLS-G520100,ref_000199,obs_0000028052|obs_0000026810|obs_0000017251|obs_0000027526|obs_0000028423|obs_0000020386|obs_0000034736|obs_0000015409|obs_0000034112|obs_0000005701|obs_0000007373|obs_0000005710|obs_0000021205|obs_0000007007|obs_0000005373|obs_0000005122|obs_0000006420|obs_0000025866|obs_0000005323|obs_0000030313,obs_0000028052|obs_0000026810|obs_0000017251
Ritter Sport Bunte Vielfalt,Keine Marke,"€ 0,99","€ 1,99","1 kg = 9,90",versch. Sorten,Nein,"Wochenendangebote gültig von Mittwoch, 01.04.26 - Samstag, 04.04.26",01.04.26,04.04.26,../images/netto/netto_offer_200.jpg,"cat_knabbern_naschen,diet_gluten_free,diet_vegetarian,tag_ultra_processed",,,ref_000200,obs_0000028038|obs_0000007487|obs_0000005836|obs_0000007277|obs_0000023300|obs_0000011352,obs_0000023300|obs_0000028038
Haribo Fruchtgummi,Keine Marke,"€ 0,79",,"1 kg = 4,51 - 4,94",versch. Sorten,Nein,"Wochenendangebote gültig von Mittwoch, 01.04.26 - Samstag, 04.04.26",01.04.26,04.04.26,../images/netto/netto_offer_201.jpg,"cat_knabbern_naschen,diet_gluten_free,diet_lactose_free,diet_vegan,diet_vegetarian,tag_ultra_processed,tag_whole_food",,BLS-S361000,ref_000201,obs_0000007699|obs_0000005837|obs_0000006734|obs_0000006238|obs_0000029998|obs_0000017027|obs_0000001930|obs_0000002314|obs_0000019082|obs_0000002318|obs_0000002320|obs_0000019722|obs_0000020367|obs_0000021394|obs_0000016918|obs_0000025361|obs_0000016298|obs_0000020778|obs_0000024204|obs_0000025134|obs_0000020787|obs_0000021688|obs_0000011323|obs_0000025528|obs_0000021186|obs_0000030287|obs_0000013647|obs_0000014289|obs_0000016719|obs_0000017102|obs_0000017103|obs_0000027215|obs_0000027602|obs_0000021597|obs_0000020575|obs_0000023776|obs_0000021606|obs_0000023399|obs_0000010105|obs_0000032125|obs_0000002943,obs_0000001930|obs_0000002314|obs_0000002318|obs_0000002320|obs_0000007699|obs_0000020367|obs_0000025361|obs_0000020778|obs_0000021688|obs_0000011323|obs_0000021186|obs_0000005837|obs_0000006734|obs_0000014289|obs_0000027215|obs_0000027602|obs_0000021597|obs_0000006238|obs_0000002943
Mineralwasser,Keine Marke,"€ 3,99","€ 4,99","1 l = 0,44",versch. Sorten,Nein,"Wochenendangebote gültig von Mittwoch, 01.04.26 - Samstag, 04.04.26",01.04.26,04.04.26,../images/netto/netto_offer_202.jpg,"cat_getraenke,diet_gluten_free,diet_lactose_free,diet_vegan,diet_vegetarian,tag_whole_food",,,ref_000202,obs_0000027653|obs_0000034851|obs_0000015908|obs_0000031797|obs_0000026205|obs_0000008801|obs_0000003689|obs_0000015481|obs_0000031867|obs_0000012414|obs_0000031871|obs_0000028800|obs_0000034437|obs_0000008841|obs_0000009353|obs_0000028841|obs_0000027836|obs_0000011969|obs_0000021185|obs_0000027856|obs_0000008437|obs_0000034043|obs_0000034044|obs_0000009985|obs_0000028931|obs_0000035059|obs_0000010519|obs_0000031006|obs_0000014625|obs_0000028968|obs_0000026948|obs_0000028493|obs_0000008537|obs_0000011123|obs_0000028537|obs_0000028027|obs_0000020366|obs_0000028603|obs_0000034235|obs_0000034238|obs_0000026570|obs_0000013773|obs_0000025562|obs_0000028654|obs_0000014332|obs_0000031249|obs_0000002068|obs_0000024088|obs_0000029232|obs_0000031834,obs_0000027653|obs_0000034851|obs_0000015908|obs_0000031797|obs_0000026205|obs_0000008801|obs_0000003689|obs_0000015481|obs_0000031867|obs_0000012414|obs_0000031871|obs_0000028800|obs_0000034437|obs_0000008841|obs_0000009353|obs_0000028841|obs_0000027836|obs_0000011969|obs_0000021185|obs_0000027856|obs_0000008437|obs_0000034043|obs_0000034044|obs_0000009985|obs_0000028931|obs_0000035059|obs_0000010519|obs_0000031006|obs_0000014625|obs_0000028968|obs_0000026948|obs_0000028493|obs_0000008537|obs_0000011123|obs_0000028537|obs_0000028027|obs_0000020366|obs_0000028603|obs_0000034235|obs_0000034238|obs_0000026570|obs_0000013773|obs_0000025562|obs_0000028654|obs_0000014332
Turbo Frühjahr-Rasendünger,Keine Marke,"€ 14,99","€ 19,99","1 kg = 6,00",sichtbar kräftiges Wachstum schon nach kurzer Zeit; gezielte Nährstoffkombination stärkt den Rasen nach dem Winter; ideal für die Anwendung im Frühjahr; für ca. 125m²,Nein,"Wochenendangebote gültig von Mittwoch, 01.04.26 - Samstag, 04.04.26",01.04.26,04.04.26,../images/netto/netto_offer_203.jpg,"cat_non_food,diet_gluten_free,diet_lactose_free,diet_vegan,diet_vegetarian,tag_whole_food",,,ref_000203,,
Blumenstrauß Osterfreude,Keine Marke,"€ 9,99",,"pro Einheit = 9,99","ca. 40 cm lang, 13 Stiele",Nein,"Wochenendangebote gültig von Mittwoch, 01.04.26 - Samstag, 04.04.26",01.04.26,04.04.26,../images/netto/netto_offer_204.jpg,"cat_non_food,diet_gluten_free,diet_lactose_free,diet_vegan,diet_vegetarian,tag_whole_food",,,ref_000204,,
Paprika rot,Keine Marke,"€ 1,99","€ 2,79","1 kg = 3,98","Niederlande / Spanien, Kl. I",Nein,"Wochenendangebote gültig von Mittwoch, 01.04.26 - Samstag, 04.04.26",01.04.26,04.04.26,../images/netto/netto_offer_205.jpg,"cat_obst_gemuese,diet_gluten_free,diet_lactose_free,diet_vegan,diet_vegetarian,sub_frisches_gemuese,sub_frisches_obst,tag_ultra_processed,tag_whole_food",,,ref_000205,obs_0000026665|obs_0000003697|obs_0000034909|obs_0000026240|obs_0000002309|obs_0000027930|obs_0000000499|obs_0000033925|obs_0000009958|obs_0000009496|obs_0000033709|obs_0000012231|obs_0000013415|obs_0000010558,obs_0000026665|obs_0000003697|obs_0000034909|obs_0000026240|obs_0000002309|obs_0000027930|obs_0000000499
Trauben dunkel,Keine Marke,"€ 1,49","€ 2,19","1 kg = 2,98","Namibia/Südafrika, Kl. I, kernlos",Nein,"Wochenendangebote gültig von Mittwoch, 01.04.26 - Samstag, 04.04.26",01.04.26,04.04.26,../images/netto/netto_offer_206.jpg,"cat_obst_gemuese,diet_gluten_free,diet_lactose_free,diet_vegan,diet_vegetarian,sub_frisches_obst,tag_whole_food",,,ref_000206,obs_0000001512|obs_0000027784|obs_0000025488|obs_0000027542|obs_0000026138|obs_0000021533|obs_0000000053|obs_0000020714|obs_0000025589,
Mini Rispentomaten,Keine Marke,"€ 2,99","€ 3,49","1 kg = 8,54","Deutschland, Kl. I",Nein,"Wochenendangebote gültig von Mittwoch, 01.04.26 - Samstag, 04.04.26",01.04.26,04.04.26,../images/netto/netto_offer_207.jpg,"cat_obst_gemuese,diet_gluten_free,diet_lactose_free,diet_vegan,diet_vegetarian,sub_frisches_gemuese,tag_whole_food",,,ref_000207,obs_0000006427|obs_0000006431|obs_0000029206|obs_0000031628|obs_0000030260|obs_0000030918|obs_0000030961|obs_0000031140|obs_0000029129|obs_0000029204|obs_0000031461|obs_0000029645|obs_0000030141|obs_0000032515|obs_0000030469|obs_0000030568|obs_0000030614|obs_0000012328|obs_0000008287|obs_0000006379|obs_0000030960|obs_0000006608|obs_0000027139|obs_0000029276|obs_0000010932|obs_0000027413|obs_0000031578|obs_0000000876|obs_0000029588|obs_0000029590|obs_0000007140|obs_0000029814|obs_0000017530|obs_0000007312|obs_0000007325|obs_0000027927|obs_0000005503|obs_0000005527|obs_0000026024|obs_0000026075|obs_0000013997|obs_0000018128|obs_0000005882|obs_0000016216,obs_0000006427|obs_0000006431|obs_0000031140|obs_0000029206|obs_0000031628|obs_0000030260|obs_0000032515|obs_0000030469
Kohlrabi,Keine Marke,"€ 0,59","€ 0,79","pro Einheit = 0,59","Italien, Kl. I",Nein,"Wochenendangebote gültig von Mittwoch, 01.04.26 - Samstag, 04.04.26",01.04.26,04.04.26,../images/netto/netto_offer_208.jpg,"cat_obst_gemuese,diet_gluten_free,diet_lactose_free,diet_vegan,diet_vegetarian,sub_frisches_gemuese,tag_whole_food",,BLS-G331100,ref_000208,obs_0000005521|obs_0000027539|obs_0000028051|obs_0000027802|obs_0000033707|obs_0000020792|obs_0000032328|obs_0000029130|obs_0000028768|obs_0000007523|obs_0000021611|obs_0000005881|obs_0000006267|obs_0000034115|obs_0000034525|obs_0000030572|obs_0000029942|obs_0000012243|obs_0000015323|obs_0000007742,obs_0000005521|obs_0000027539|obs_0000028051|obs_0000027802|obs_0000033707|obs_0000020792|obs_0000032328|obs_0000029130|obs_0000028768|obs_0000007523|obs_0000021611|obs_0000005881|obs_0000006267
Speisekartoffeln,Keine Marke,"€ 2,50","€ 3,49","1 kg = 0,50","Deutschland, versch. Kocheigenschaften",Nein,"Wochenendangebote gültig von Mittwoch, 01.04.26 - Samstag, 04.04.26",01.04.26,04.04.26,../images/netto/netto_offer_209.jpg,"cat_obst_gemuese,diet_gluten_free,diet_lactose_free,diet_vegan,diet_vegetarian,sub_frisches_gemuese,sub_kartoffeln,tag_ultra_processed,tag_whole_food",,BLS-X612152,ref_000209,obs_0000017026|obs_0000003716|obs_0000000006|obs_0000034312|obs_0000030615|obs_0000034088|obs_0000026668|obs_0000030140|obs_0000016324|obs_0000009672|obs_0000027986|obs_0000033875|obs_0000031321|obs_0000008539|obs_0000009188|obs_0000028399|obs_0000030837|obs_0000027510|obs_0000034910|obs_0000022916|obs_0000003856|obs_0000024465|obs_0000005884|obs_0000006957|obs_0000011822|obs_0000029486|obs_0000025777|obs_0000028596|obs_0000004283|obs_0000019772|obs_0000028486|obs_0000032330|obs_0000012236|obs_0000008275|obs_0000010963|obs_0000015314|obs_0000014425|obs_0000004710|obs_0000000233|obs_0000015337|obs_0000010226|obs_0000014326|obs_0000018806|obs_0000005505|obs_0000011394|obs_0000015239|obs_0000026885|obs_0000005136|obs_0000013599|obs_0000027190,obs_0000017026|obs_0000003716|obs_0000000006|obs_0000034312|obs_0000030615|obs_0000034088|obs_0000026668|obs_0000030140|obs_0000016324|obs_0000009672|obs_0000027986|obs_0000033875|obs_0000031321|obs_0000008539|obs_0000009188|obs_0000028399|obs_0000030837|obs_0000027510|obs_0000034910
Mini Blätterteighäppchen,Keine Marke,"€ 2,99",,"1 kg = 9,97","Luftig-knuspriger Blätterteig mit köstlichen Füllungen, tiefgekühlt, versch. Sorten",Nein,"Wochenendangebote gültig von Mittwoch, 01.04.26 - Samstag, 04.04.26",01.04.26,04.04.26,../images/netto/netto_offer_210.jpg,"cat_knabbern_naschen,diet_gluten_free,diet_lactose_free,diet_vegan,diet_vegetarian,tag_ultra_processed,tag_whole_food",,,ref_000210,obs_0000028123|obs_0000012328|obs_0000006379|obs_0000010932|obs_0000017530|obs_0000026024|obs_0000018128|obs_0000016216,obs_0000028123
Eisrolle,Keine Marke,"€ 2,49",,"pro Einheit = 2,49",tiefgekühlt,Nein,"Wochenendangebote gültig von Mittwoch, 01.04.26 - Samstag, 04.04.26",01.04.26,04.04.26,../images/netto/netto_offer_211.jpg,"cat_obst_gemuese,diet_gluten_free,diet_lactose_free,diet_vegan,diet_vegetarian,sub_frisches_gemuese,sub_frisches_obst,sub_tk_eis,tag_ultra_processed,tag_whole_food",,,ref_000211,,
Kaffeemilch,Bärenmarke,"€ 1,0","€ 1,85","1 kg = 2,94",7.5% Fett,Nein,"Wochenendangebote gültig von Mittwoch, 01.04.26 - Samstag, 04.04.26",01.04.26,04.04.26,../images/netto/netto_offer_212.jpg,"cat_getraenke,diet_gluten_free,diet_lactose_free,diet_vegan,diet_vegetarian,sub_milchprodukte",,,ref_000212,,obs_0000013262
Joghurt auf Frucht,Landliebe,"€ 0,49","€ 0,79","1 kg = 3,27","gekühlt, versch. Sorten",Nein,"Wochenendangebote gültig von Mittwoch, 01.04.26 - Samstag, 04.04.26",01.04.26,04.04.26,../images/netto/netto_offer_213.jpg,"cat_molkerei_kaese,diet_vegetarian,sub_joghurt_skyr_quark,sub_milchprodukte,tag_ultra_processed",,,ref_000213,obs_0000002722|obs_0000027682|obs_0000000999|obs_0000026710|obs_0000028966|obs_0000015673|obs_0000020687|obs_0000020689|obs_0000023030|obs_0000008703|obs_0000025171|obs_0000017127|obs_0000023284|obs_0000025392|obs_0000033696|obs_0000009180|obs_0000021506|obs_0000021508|obs_0000025811|obs_0000019794|obs_0000009663|obs_0000034580,obs_0000002722|obs_0000027682
Robby MonsterBacke,Ehrmann,"€ 0,59","€ 0,89","1 kg = 6,56","gekühlt, Fruchtquark zum Quetschen, versch. Sorten",Nein,"Wochenendangebote gültig von Mittwoch, 01.04.26 - Samstag, 04.04.26",01.04.26,04.04.26,../images/netto/netto_offer_214.jpg,cat_non_food,,,ref_000214,obs_0000026859|obs_0000007561,
Rücker Grill- und Pfannenkäse,Keine Marke,"€ 1,99","€ 2,69","1 kg = 13,27 - 15,31","gekühlt, versch. Sorten",Nein,"Wochenendangebote gültig von Mittwoch, 01.04.26 - Samstag, 04.04.26",01.04.26,04.04.26,../images/netto/netto_offer_215.jpg,"cat_molkerei_kaese,diet_gluten_free,diet_lactose_free,diet_vegan,sub_kaese,tag_whole_food",,,ref_000215,obs_0000014494|obs_0000014191|obs_0000006444,
zum Braten,Rama,"€ 1,99",,"1 l = 2,84",Culinesse oder Butternote,Nein,"Wochenendangebote gültig von Mittwoch, 01.04.26 - Samstag, 04.04.26",01.04.26,04.04.26,../images/netto/netto_offer_216.jpg,"cat_fleisch_wurst,diet_vegetarian,sub_butter_margarine,tag_ultra_processed",,,ref_000216,obs_0000030181|obs_0000014338|obs_0000026551|obs_0000008167,obs_0000030181
Fleischsalat,Keine Marke,"€ 1,69",,"1 kg = 3,84",gekühlt,Nein,"Wochenendangebote gültig von Mittwoch, 01.04.26 - Samstag, 04.04.26",01.04.26,04.04.26,../images/netto/netto_offer_217.jpg,"cat_obst_gemuese,diet_gluten_free,diet_lactose_free,diet_vegan,diet_vegetarian,sub_frisches_gemuese,sub_salate,tag_ultra_processed,tag_whole_food",,BLS-W234000,ref_000217,obs_0000028813|obs_0000010665|obs_0000009137|obs_0000033969|obs_0000012215|obs_0000027847|obs_0000030455|obs_0000028926|obs_0000028421|obs_0000012833|obs_0000031785|obs_0000027307|obs_0000011064|obs_0000032620|obs_0000010368|obs_0000034940|obs_0000033951|obs_0000032301|obs_0000026567|obs_0000030156|obs_0000006529|obs_0000030611|obs_0000006695|obs_0000005237,obs_0000028813|obs_0000010665|obs_0000009137|obs_0000033969|obs_0000012215|obs_0000027847|obs_0000030455|obs_0000028926
Wachteln,Keine Marke,"€ 9,99","€ 12,90","pro Einheit = 9,99","4 spanische Wachteln, küchenfertig, ca. 600 g",Nein,"Wochenendangebote gültig von Mittwoch, 01.04.26 - Samstag, 04.04.26",01.04.26,04.04.26,../images/netto/netto_offer_218.jpg,"cat_obst_gemuese,diet_gluten_free,diet_lactose_free,diet_vegan,diet_vegetarian,sub_exoten,sub_frisches_gemuese,sub_frisches_obst,tag_ultra_processed,tag_whole_food",,BLS-E106100,ref_000218,,
Spanferkelkeule,Keine Marke,"€ 7,99","€ 8,99","pro Einheit = 7,99","mit ganzem Knochen und Schwarte, ca. 1.8 kg",Nein,"Wochenendangebote gültig von Mittwoch, 01.04.26 - Samstag, 04.04.26",01.04.26,04.04.26,../images/netto/netto_offer_219.jpg,"cat_obst_gemuese,diet_gluten_free,diet_lactose_free,diet_vegan,diet_vegetarian,sub_frisches_obst,sub_schwein,tag_proteinreich,tag_whole_food",,,ref_000219,,
Bratwürste,Keine Marke,"€ 8,49","€ 10,90","1 kg = 5,31","20 Stück, vom Schwein, grob",Nein,"Wochenendangebote gültig von Mittwoch, 01.04.26 - Samstag, 04.04.26",01.04.26,04.04.26,../images/netto/netto_offer_220.jpg,"cat_fleisch_wurst,diet_gluten_free,diet_lactose_free,diet_vegan,diet_vegetarian,sub_wurst,tag_ultra_processed,tag_whole_food",,BLS-W222600,ref_000220,,
Entrec te Steakpfeffer,Keine Marke,"€ 1,89","€ 2,29","1 kg = 18,90","vom Jungbullen, würzig, ca. 250 g",Nein,"Wochenendangebote gültig von Mittwoch, 01.04.26 - Samstag, 04.04.26",01.04.26,04.04.26,../images/netto/netto_offer_221.jpg,"cat_getraenke,diet_gluten_free,diet_lactose_free,diet_vegan,diet_vegetarian,tag_ultra_processed,tag_whole_food",,,ref_000221,obs_0000015746|obs_0000031116|obs_0000015347|obs_0000030463|obs_0000012292|obs_0000014472|obs_0000009255|obs_0000028464|obs_0000010604,
Thüringer Rostbratwurst XXL,Keine Marke,"€ 5,99","€ 7,49","pro Einheit = 5,99",gebrüht,Nein,"Wochenendangebote gültig von Mittwoch, 01.04.26 - Samstag, 04.04.26",01.04.26,04.04.26,../images/netto/netto_offer_222.jpg,"cat_fleisch_wurst,sub_wurst,tag_ultra_processed",,BLS-W340000,ref_000222,obs_0000018455|obs_0000022121|obs_0000008488|obs_0000029275|obs_0000009263|obs_0000027860|obs_0000034076|obs_0000014109|obs_0000030624|obs_0000008189|obs_0000014464|obs_0000012763|obs_0000013376|obs_0000013967,
Meica Bratmaxe,Keine Marke,"€ 3,99","€ 5,39","1 kg = 12,75",,Nein,"Wochenendangebote gültig von Mittwoch, 01.04.26 - Samstag, 04.04.26",01.04.26,04.04.26,../images/netto/netto_offer_223.jpg,"cat_obst_gemuese,diet_gluten_free,diet_lactose_free,diet_vegan,diet_vegetarian,tag_ultra_processed,tag_whole_food",,,ref_000223,,
Schinkenzwiebelmettwurst,Keine Marke,"€ 1,79","€ 1,99","1 kg = 8,95",versch. Sorten Regionale Verpackungsabweichungen möglich,Nein,"Wochenendangebote gültig von Mittwoch, 01.04.26 - Samstag, 04.04.26",01.04.26,04.04.26,../images/netto/netto_offer_224.jpg,"cat_fleisch_wurst,diet_gluten_free,diet_lactose_free,diet_vegan,diet_vegetarian,sub_frisches_gemuese,sub_schwein,sub_wurst,tag_ultra_processed,tag_whole_food",,BLS-W154000,ref_000224,obs_0000027722|obs_0000026125,obs_0000027722|obs_0000026125
Bauchspeck,Keine Marke,"€ 2,29","€ 2,59","1 kg = 7,63",geräuchert,Nein,"Wochenendangebote gültig von Mittwoch, 01.04.26 - Samstag, 04.04.26",01.04.26,04.04.26,../images/netto/netto_offer_225.jpg,"cat_obst_gemuese,diet_gluten_free,diet_lactose_free,diet_vegan,diet_vegetarian,tag_ultra_processed,tag_whole_food",,,ref_000225,obs_0000001017|obs_0000026598|obs_0000005230,obs_0000001017|obs_0000026598
ESLIZ N Garnacha Vi as Viejas,Keine Marke,"€ 4,99","€ 6,99","1 l = 6,65","Spanien, Campo de Borja, Rotwein, trocken",Nein,"Wochenendangebote gültig von Mittwoch, 01.04.26 - Samstag, 04.04.26",01.04.26,04.04.26,../images/netto/netto_offer_226.jpg,"cat_obst_gemuese,diet_gluten_free,diet_lactose_free,diet_vegan,diet_vegetarian,sub_exoten,sub_frisches_obst,tag_whole_food",,,ref_000226,obs_0000033638,
TorreSanta Moscato IGT,Keine Marke,"€ 4,99","€ 5,99","1 l = 6,65","Italien, Apulien, Weißwein, Lieblich",Nein,"Wochenendangebote gültig von Mittwoch, 01.04.26 - Samstag, 04.04.26",01.04.26,04.04.26,../images/netto/netto_offer_227.jpg,"cat_getraenke,diet_gluten_free,diet_lactose_free,diet_vegan,diet_vegetarian,tag_ultra_processed,tag_whole_food",,,ref_000227,,
Ferrovieri Montepulciano d Abruzzo DOC,Keine Marke,"€ 3,99","€ 4,99","1 l = 5,32","Italien, Abruzzen, Rotwein, trocken",Nein,"Wochenendangebote gültig von Mittwoch, 01.04.26 - Samstag, 04.04.26",01.04.26,04.04.26,../images/netto/netto_offer_228.jpg,"cat_getraenke,diet_gluten_free,diet_lactose_free,diet_vegan,diet_vegetarian,tag_ultra_processed,tag_whole_food",,,ref_000228,obs_0000014246,
Torre Santa Weine,Keine Marke,"€ 22,9","€ 29,94","1 l = 4,88",versch. Sorten Einzelpreis: 4.99 (6.65 / l),Nein,"Wochenendangebote gültig von Mittwoch, 01.04.26 - Samstag, 04.04.26",01.04.26,04.04.26,../images/netto/netto_offer_229.jpg,"cat_getraenke,diet_gluten_free,diet_lactose_free,diet_vegan,diet_vegetarian,tag_ultra_processed,tag_whole_food",,,ref_000229,obs_0000028009|obs_0000026968|obs_0000027071,
Drehmomentschlüssel TRW210,Keine Marke,"€ 19,99","€ 39,00","pro Einheit = 19,99","Steckschlüsselaufnahme ½“ / 12,5 mm Länge 450 mm, Einstellbarer Drehmomentbereich 40-210 Nm",Nein,"Wochenendangebote gültig von Mittwoch, 01.04.26 - Samstag, 04.04.26",01.04.26,04.04.26,../images/netto/netto_offer_230.jpg,"cat_obst_gemuese,diet_gluten_free,diet_lactose_free,diet_vegan,diet_vegetarian,sub_frisches_obst,tag_ultra_processed,tag_whole_food",,,ref_000230,obs_0000002614|obs_0000003470,
KFZ-Verbandtasche,Keine Marke,"€ 4,99","€ 9,99","pro Einheit = 4,99",Inhalt nach DIN 13164:2022,Nein,"Wochenendangebote gültig von Mittwoch, 01.04.26 - Samstag, 04.04.26",01.04.26,04.04.26,../images/netto/netto_offer_231.jpg,"cat_tiefkuehl,diet_gluten_free,diet_lactose_free,diet_vegan,diet_vegetarian,tag_whole_food",,,ref_000231,obs_0000014308|obs_0000012229|obs_0000001067|obs_0000027030|obs_0000024855|obs_0000015194|obs_0000001151,obs_0000014308|obs_0000012229|obs_0000001067|obs_0000027030|obs_0000024855|obs_0000015194|obs_0000017886|obs_0000001151
Akku-Schlagschrauber 20V BC-IW350-X,Keine Marke,"€ 49,99","€ 79,00","pro Einheit = 49,99","kraftvoller bürstenlosen Motor, mit zwei Drehmomentstufen, 180 Nm und 350 Nm, integriertes LED Arbeitslicht, Technische Daten: Drehmoment max.: 350 Nm / 370 Nm im Linkslauf Nenn-Leerlaufdrehzahl: 0 – 1800 min-1 0 – 2800 min-1 Schlagzahl: 0 – 3600 bpm Aufnahme: 1/2“",Nein,"Wochenendangebote gültig von Mittwoch, 01.04.26 - Samstag, 04.04.26",01.04.26,04.04.26,../images/netto/netto_offer_232.jpg,"cat_obst_gemuese,diet_gluten_free,diet_lactose_free,diet_vegan,diet_vegetarian,sub_frisches_obst,tag_whole_food",,,ref_000232,,
Hydraulischer Rangierwagenheber CJ2000HP,Keine Marke,"€ 24,99","€ 49,00","pro Einheit = 24,99","Traglast 2000 kg, Hubhöhe 130 – 330 mm, Abmessung: ca. 44 x 20,1 cm x 14,5 cm",Nein,"Wochenendangebote gültig von Mittwoch, 01.04.26 - Samstag, 04.04.26",01.04.26,04.04.26,../images/netto/netto_offer_233.jpg,"cat_getraenke,diet_gluten_free,diet_lactose_free,diet_vegetarian,tag_whole_food",,,ref_000233,,
Gabel- und Ratschenringschlüssel Set oder Steckschlüssel Set,Keine Marke,"€ 9,99",,"pro Einheit = 9,99","1/2 Zoll, mit Einsätzen von 8–24 mm 1/2“, aus Hochwertiger Chrom-Vanadium-Stahl, mit Gelenk. Schlüsselweiten 8 – 10 – 13 – 14 – 17 m",Nein,"Wochenendangebote gültig von Mittwoch, 01.04.26 - Samstag, 04.04.26",01.04.26,04.04.26,../images/netto/netto_offer_234.jpg,cat_non_food,,,ref_000234,obs_0000012986,
Werkstatt Arbeitsleuchten,Keine Marke,"€ 9,99","€ 12,99","pro Einheit = 9,99","Kopfleuchte: 200 Lumen, 3 Leuchtstufen: 100%/50%/20%, Klemmleuchte: 5W 500 Lumen, nahezu 360° flexibel einstellbar, Stableuchte: Mit Magnetfuß & Haken, 10-600 Lumen",Nein,"Wochenendangebote gültig von Mittwoch, 01.04.26 - Samstag, 04.04.26",01.04.26,04.04.26,../images/netto/netto_offer_235.jpg,"cat_obst_gemuese,diet_gluten_free,diet_lactose_free,diet_vegan,diet_vegetarian,tag_whole_food",,,ref_000235,obs_0000026212,obs_0000026212
KFZ Elektro Zubehör,Keine Marke,"€ 4,99",,"pro Einheit = 4,99","360 Grad Rotation, für 4,7"" bis 11"" Befestigung am Vordersitz, 12-24V Ladegerät: USB-C + USB-A, 360 Grad Rotation, für 4,5“ bis 6,8“",Nein,"Wochenendangebote gültig von Mittwoch, 01.04.26 - Samstag, 04.04.26",01.04.26,04.04.26,../images/netto/netto_offer_236.jpg,"cat_getraenke,diet_gluten_free,diet_lactose_free,diet_vegan,diet_vegetarian,tag_ultra_processed,tag_whole_food",,,ref_000236,obs_0000027724,
Smart Tools,Keine Marke,"€ 7,99","€ 12,99","pro Einheit = 7,99","Reinigungstücher, 150 Stück: entfernt mühelos Öl, Fett, Tinte, Farbe, Dichtungsmittel, 2 Magnetstäbe, flexibler Greiferund Teleskopinspektionsspiegel (Ausziehbar bis zu 91 cm), Innensechskantschlüssel-Set mit Sechskant- Kugelkopf: Größen 1,27 / 1,5 / 2 / 2,5 / 3 / 3,5 / 4 / 4,5 / 5 / 5,5 / 6 / 8 / 10",Nein,"Wochenendangebote gültig von Mittwoch, 01.04.26 - Samstag, 04.04.26",01.04.26,04.04.26,../images/netto/netto_offer_237.jpg,"cat_obst_gemuese,diet_gluten_free,diet_lactose_free,diet_vegan,diet_vegetarian,sub_exoten,sub_frisches_obst,tag_ultra_processed,tag_whole_food",,,ref_000237,obs_0000017563|obs_0000018814|obs_0000017629,
Oktopus-Arme,Keine Marke,"€ 7,99","€ 9,99","1 kg = 39,95","gekocht, küchenfertig",Nein,"Wochenendangebote gültig von Mittwoch, 01.04.26 - Samstag, 04.04.26",01.04.26,04.04.26,../images/netto/netto_offer_238.jpg,"cat_fisch_meeresfruechte,diet_gluten_free,diet_lactose_free,diet_vegan,diet_vegetarian,sub_exoten,sub_frisches_obst,tag_whole_food",,,ref_000238,,
Kingfish,Keine Marke,"€ 1,99","€ 3,29","1 kg = 19,90","küchenfertig, mit Kopf, aus nachhaltiger Aquakultur, ca. 750 g",Nein,"Wochenendangebote gültig von Mittwoch, 01.04.26 - Samstag, 04.04.26",01.04.26,04.04.26,../images/netto/netto_offer_239.jpg,"cat_obst_gemuese,diet_gluten_free,diet_lactose_free,diet_vegan,diet_vegetarian,sub_exoten,sub_frisches_gemuese,sub_frisches_obst,tag_ultra_processed,tag_whole_food",,,ref_000239,,
Regenbogen-Forelle,Keine Marke,"€ 1,19",,"1 kg = 11,90","küchenfertig, ausgenommen, ca. 500 g",Nein,"Wochenendangebote gültig von Mittwoch, 01.04.26 - Samstag, 04.04.26",01.04.26,04.04.26,../images/netto/netto_offer_240.jpg,"cat_fisch_meeresfruechte,diet_gluten_free,diet_lactose_free,diet_vegan,diet_vegetarian,tag_whole_food",,,ref_000240,obs_0000020898|obs_0000007046|obs_0000007610|obs_0000020079|obs_0000034141|obs_0000009595|obs_0000025693|obs_0000010047,obs_0000013360|obs_0000014970
Bio Lachsfilet-Portion,Keine Marke,"€ 4,99","€ 6,99","1 kg = 24,95","mit Haut, praktisch grätenfrei",Nein,"Wochenendangebote gültig von Mittwoch, 01.04.26 - Samstag, 04.04.26",01.04.26,04.04.26,../images/netto/netto_offer_241.jpg,"cat_fisch_meeresfruechte,diet_gluten_free,diet_lactose_free,diet_vegan,diet_vegetarian,tag_high_protein,tag_proteinreich,tag_whole_food",,,ref_000241,obs_0000023816|obs_0000024237|obs_0000033948|obs_0000027591|obs_0000023815|obs_0000023817|obs_0000024235|obs_0000024238|obs_0000008391|obs_0000034280|obs_0000010175|obs_0000028347|obs_0000014208|obs_0000031809,obs_0000000001|obs_0000018244|obs_0000018881|obs_0000003705|obs_0000023816|obs_0000023817|obs_0000024237|obs_0000024238
Dorade-Royal,Keine Marke,"€ 1,29","€ 1,69","1 kg = 12,90","küchenfertig, ausgenommen, ca. 400 g",Nein,"Wochenendangebote gültig von Mittwoch, 01.04.26 - Samstag, 04.04.26",01.04.26,04.04.26,../images/netto/netto_offer_242.jpg,"cat_getraenke,diet_gluten_free,diet_lactose_free,diet_vegan,diet_vegetarian,sub_exoten,sub_frisches_obst,tag_ultra_processed,tag_whole_food",,,ref_000242,obs_0000015374|obs_0000011023|obs_0000008996|obs_0000011870|obs_0000023721|obs_0000024139|obs_0000005405|obs_0000006853,obs_0000015374|obs_0000011023|obs_0000008996|obs_0000028219|obs_0000010182|obs_0000011870
Thunfischsteaks,Keine Marke,"€ 4,49","€ 6,99","1 kg = 22,45","mariniert, ohne Haut, praktisch grätenfrei",Nein,"Wochenendangebote gültig von Mittwoch, 01.04.26 - Samstag, 04.04.26",01.04.26,04.04.26,../images/netto/netto_offer_243.jpg,"cat_fisch_meeresfruechte,diet_gluten_free,diet_lactose_free,diet_vegetarian,tag_ultra_processed,tag_whole_food",,BLS-T121100,ref_000243,,
Crevettes roses,Keine Marke,"€ 2,49","€ 2,99","1 kg = 9,96","mit Kopf und Schale, vorgesalzen und gekocht",Nein,"Wochenendangebote gültig von Mittwoch, 01.04.26 - Samstag, 04.04.26",01.04.26,04.04.26,../images/netto/netto_offer_244.jpg,"cat_tiefkuehl,diet_gluten_free,diet_lactose_free,diet_vegan,diet_vegetarian,sub_frisches_obst,sub_tk_fertiggerichte,tag_ultra_processed,tag_whole_food",,,ref_000244,obs_0000008355|obs_0000011021|obs_0000012303,obs_0000008355|obs_0000011021|obs_0000012303
Sushibox Osterei,Keine Marke,"€ 5,99","€ 7,99","1 kg = 14,09","mit Essstäbchen, Ingwer, Sojasauce, Wasabicreme",Nein,"Wochenendangebote gültig von Mittwoch, 01.04.26 - Samstag, 04.04.26",01.04.26,04.04.26,../images/netto/netto_offer_245.jpg,"cat_obst_gemuese,diet_gluten_free,diet_lactose_free,diet_vegan,diet_vegetarian,tag_ultra_processed,tag_whole_food",,,ref_000245,obs_0000013810,
Meerrettich,Schamel,"€ 1,49","€ 2,39","1 kg = 7,84",versch. Sorten,Nein,"Wochenendangebote gültig von Mittwoch, 01.04.26 - Samstag, 04.04.26",01.04.26,04.04.26,../images/netto/netto_offer_246.jpg,"cat_molkerei_kaese,diet_vegetarian,tag_ultra_processed",,BLS-G630100,ref_000246,obs_0000009351|obs_0000015845|obs_0000022850|obs_0000023016,obs_0000009351
Thomy Les Sauces,Keine Marke,"€ 1,0","€ 1,69","1 l = 4,00",versch. Sorten,Nein,"Wochenendangebote gültig von Mittwoch, 01.04.26 - Samstag, 04.04.26",01.04.26,04.04.26,../images/netto/netto_offer_247.jpg,"cat_getraenke,diet_gluten_free,diet_lactose_free,diet_vegan,diet_vegetarian,tag_whole_food",,,ref_000247,obs_0000006820|obs_0000005925|obs_0000031332|obs_0000032004|obs_0000032678|obs_0000030715|obs_0000010516|obs_0000008664|obs_0000018928,obs_0000006820|obs_0000005925|obs_0000010516|obs_0000008664
Thomy Delikatess Remoulade oder Mayonnaise,Keine Marke,"€ 1,79","€ 2,29","1 l = 8,95",,Nein,"Wochenendangebote gültig von Mittwoch, 01.04.26 - Samstag, 04.04.26",01.04.26,04.04.26,../images/netto/netto_offer_248.jpg,"cat_grundnahrung,diet_gluten_free,diet_lactose_free,diet_vegan,diet_vegetarian,tag_ultra_processed",,,ref_000248,obs_0000029017|obs_0000007001|obs_0000011067|obs_0000013772|obs_0000001763|obs_0000015657|obs_0000025494|obs_0000010673|obs_0000010674|obs_0000015844,
Fischstäbchen,Iglo,"€ 8,4","€ 13,47","1 kg = 5,93",Einzelpreis: 4.49 (9.98 / kg),Nein,"Wochenendangebote gültig von Mittwoch, 01.04.26 - Samstag, 04.04.26",01.04.26,04.04.26,../images/netto/netto_offer_249.jpg,"cat_tiefkuehl,sub_tk_fertiggerichte,tag_ultra_processed",,,ref_000249,obs_0000017420|obs_0000012340|obs_0000025168|obs_0000021599|obs_0000026262|obs_0000009919|obs_0000034006|obs_0000009455|obs_0000019723|obs_0000010512|obs_0000020780|obs_0000027473|obs_0000019848|obs_0000022963|obs_0000012822|obs_0000033884|obs_0000028371|obs_0000008173|obs_0000018467|obs_0000022596|obs_0000011904|obs_0000032385|obs_0000029344|obs_0000016574|obs_0000017244|obs_0000028007|obs_0000006665|obs_0000029781|obs_0000005766|obs_0000032630|obs_0000007597|obs_0000032212|obs_0000007207|obs_0000005208,obs_0000006665|obs_0000017420|obs_0000012822|obs_0000012340|obs_0000025168|obs_0000029781|obs_0000033884|obs_0000021599|obs_0000005766|obs_0000026262|obs_0000009919|obs_0000028371|obs_0000034006|obs_0000009455|obs_0000019723|obs_0000010512|obs_0000020780|obs_0000027473|obs_0000032630|obs_0000019848|obs_0000007597|obs_0000022963|obs_0000008173
Hawesta Heringsfilets,Keine Marke,"€ 1,11","€ 1,99","1 kg = 5,55",versch. Sorten,Nein,"Wochenendangebote gültig von Mittwoch, 01.04.26 - Samstag, 04.04.26",01.04.26,04.04.26,../images/netto/netto_offer_250.jpg,"cat_fisch_meeresfruechte,diet_gluten_free,diet_lactose_free,diet_vegan,diet_vegetarian,tag_whole_food",,,ref_000250,obs_0000028030|obs_0000015371|obs_0000008976|obs_0000002730|obs_0000032302|obs_0000011350|obs_0000027864|obs_0000034021|obs_0000034417|obs_0000006134,obs_0000002730|obs_0000034417|obs_0000028030
Nordsee Backfisch oder Fischfrikadellen Bremer Art,Keine Marke,"€ 2,49","€ 3,49","1 kg = 11,12 - 13,53","gekühlt, versch. Sorten",Nein,"Wochenendangebote gültig von Mittwoch, 01.04.26 - Samstag, 04.04.26",01.04.26,04.04.26,../images/netto/netto_offer_251.jpg,"cat_fisch_meeresfruechte,diet_vegetarian,tag_ultra_processed",,,ref_000251,,
Thunfischfilets,Keine Marke,"€ 1,11",,"1 kg = 5,69 - 7,40",versch. Sorten,Nein,"Wochenendangebote gültig von Mittwoch, 01.04.26 - Samstag, 04.04.26",01.04.26,04.04.26,../images/netto/netto_offer_252.jpg,"cat_fisch_meeresfruechte,diet_gluten_free,diet_lactose_free,tag_ultra_processed",,BLS-T121100,ref_000252,obs_0000026850|obs_0000001796|obs_0000001797|obs_0000026667|obs_0000017324|obs_0000012685|obs_0000015248|obs_0000025622|obs_0000001274|obs_0000002735|obs_0000018236,obs_0000026850|obs_0000001796|obs_0000001797|obs_0000026667|obs_0000017324|obs_0000012685|obs_0000015248|obs_0000025622|obs_0000001274
Dreimaster Fischfeinkost Thunfischsalat,Keine Marke,"€ 1,19","€ 1,39","1 kg = 7,44",versch. Sorten,Nein,"Wochenendangebote gültig von Mittwoch, 01.04.26 - Samstag, 04.04.26",01.04.26,04.04.26,../images/netto/netto_offer_253.jpg,"cat_fisch_meeresfruechte,diet_gluten_free,diet_lactose_free,diet_vegan,diet_vegetarian,sub_salate,tag_ultra_processed",,,ref_000253,obs_0000019972|obs_0000016279|obs_0000027880,
Silberlachs geräuchert,Keine Marke,"€ 2,69",,"1 kg = 26,90",gekühlt,Nein,"Wochenendangebote gültig von Mittwoch, 01.04.26 - Samstag, 04.04.26",01.04.26,04.04.26,../images/netto/netto_offer_254.jpg,"cat_fisch_meeresfruechte,diet_lactose_free,diet_vegetarian,tag_whole_food",,,ref_000254,,
Wildlachs Filets,Frosta,"€ 5,49","€ 6,49","1 kg = 21,96",tiefgekühlt,Nein,"Wochenendangebote gültig von Mittwoch, 01.04.26 - Samstag, 04.04.26",01.04.26,04.04.26,../images/netto/netto_offer_255.jpg,"cat_fisch_meeresfruechte,sub_nudeln,sub_tk_fertiggerichte,tag_high_protein,tag_proteinreich,tag_ultra_processed",,,ref_000255,obs_0000035105|obs_0000034983|obs_0000034185|obs_0000034803|obs_0000031505|obs_0000005771|obs_0000006322,obs_0000035105|obs_0000034983|obs_0000034185|obs_0000034803
Heringsfilets,Keine Marke,"€ 1,79","€ 1,99","1 kg = 4,48","gekühlt, versch. Sorten",Nein,"Wochenendangebote gültig von Mittwoch, 01.04.26 - Samstag, 04.04.26",01.04.26,04.04.26,../images/netto/netto_offer_256.jpg,"cat_fisch_meeresfruechte,diet_gluten_free,diet_lactose_free,diet_vegan,diet_vegetarian,tag_whole_food",,,ref_000256,obs_0000015371|obs_0000008976|obs_0000002730|obs_0000011350|obs_0000027864|obs_0000034021|obs_0000034417|obs_0000005761|obs_0000006146|obs_0000019086|obs_0000013969|obs_0000012835|obs_0000001196|obs_0000029110|obs_0000023376|obs_0000011345|obs_0000008151|obs_0000007389|obs_0000001645|obs_0000014064|obs_0000007036|obs_0000028030|obs_0000012193|obs_0000032556|obs_0000008374|obs_0000030810|obs_0000034144|obs_0000032302|obs_0000035090|obs_0000006134,obs_0000015371|obs_0000008976|obs_0000002730|obs_0000011350|obs_0000027864|obs_0000034021|obs_0000034417
Lachs,Meine Lieblinge,"€ 3,49","€ 4,19","1 kg = 25,66 - 34,90","gekühlt, versch. Sorten",Nein,"Wochenendangebote gültig von Mittwoch, 01.04.26 - Samstag, 04.04.26",01.04.26,04.04.26,../images/netto/netto_offer_257.jpg,"cat_fisch_meeresfruechte,diet_lactose_free,tag_high_protein,tag_proteinreich",,BLS-T410100,ref_000257,obs_0000034939|obs_0000033739|obs_0000034922|obs_0000014471|obs_0000007819|obs_0000007820|obs_0000007070|obs_0000029220|obs_0000029349|obs_0000018869|obs_0000018876|obs_0000018883|obs_0000002141|obs_0000029280|obs_0000002789|obs_0000030953|obs_0000009451|obs_0000012266|obs_0000014061|obs_0000028906|obs_0000029169|obs_0000033782|obs_0000008445|obs_0000002558|obs_0000026241|obs_0000025479|obs_0000034321|obs_0000029461|obs_0000011417|obs_0000030882|obs_0000032547|obs_0000016809|obs_0000032299|obs_0000029100|obs_0000016181|obs_0000028859|obs_0000014527|obs_0000030529|obs_0000018884|obs_0000033736|obs_0000019936|obs_0000017378|obs_0000007402|obs_0000029940|obs_0000034553|obs_0000007815|obs_0000030122|obs_0000023631|obs_0000007396|obs_0000007408,obs_0000034939|obs_0000029461|obs_0000032299|obs_0000033739
Bratröllchen,Keine Marke,"€ 2,22","€ 2,49","1 kg = 4,44",in würziger Marinade,Nein,"Wochenendangebote gültig von Mittwoch, 01.04.26 - Samstag, 04.04.26",01.04.26,04.04.26,../images/netto/netto_offer_258.jpg,"cat_obst_gemuese,diet_gluten_free,diet_lactose_free,diet_vegan,diet_vegetarian,tag_ultra_processed,tag_whole_food",,BLS-X436143,ref_000258,,
Rügenfisch Bratheringe,Keine Marke,"€ 2,22","€ 2,99","1 kg = 4,44",in würziger Marinade,Nein,"Wochenendangebote gültig von Mittwoch, 01.04.26 - Samstag, 04.04.26",01.04.26,04.04.26,../images/netto/netto_offer_259.jpg,"cat_fisch_meeresfruechte,diet_gluten_free,diet_lactose_free,diet_vegan,diet_vegetarian,tag_whole_food",,,ref_000259,obs_0000005220|obs_0000022598|obs_0000015408|obs_0000018613,
Costa Tintenfischringe oder Garnelenpfanne,Keine Marke,"€ 4,99","€ 5,99","1 kg = 16,63 - 22,18","tiefgekühlt, versch. Sorten",Nein,"Wochenendangebote gültig von Mittwoch, 01.04.26 - Samstag, 04.04.26",01.04.26,04.04.26,../images/netto/netto_offer_260.jpg,cat_fisch_meeresfruechte,,,ref_000260,obs_0000025038,
Erdbeeren,Keine Marke,"€ 6,3","€ 8,37","pro Einheit = 16,00","Griechenland / Spanien, Kl. I, 500 g Schale oder Heidelbeeren Marokko / Spanien, Kl. I, 125 g Schale oder Brombeeren Mexiko, Kl. I, 125 g Schale",Nein,"Wochenangebote gültig von Montag, 30.03.26 - Samstag, 04.04.26",30.03.26,04.04.26,../images/netto/netto_offer_261.jpg,"cat_obst_gemuese,diet_gluten_free,diet_lactose_free,diet_vegan,diet_vegetarian,sub_exoten,sub_frisches_gemuese,sub_frisches_obst,tag_whole_food",,BLS-F301100,ref_000261,obs_0000022919|obs_0000006408|obs_0000030617|obs_0000027419|obs_0000031261|obs_0000029494|obs_0000030915|obs_0000024529|obs_0000031576|obs_0000030564|obs_0000031462|obs_0000000875|obs_0000006265|obs_0000032512|obs_0000033793|obs_0000012233|obs_0000013901|obs_0000034400|obs_0000030989|obs_0000005687|obs_0000006083|obs_0000006092|obs_0000015717|obs_0000013414|obs_0000013418|obs_0000011389|obs_0000030428,obs_0000022919|obs_0000006408|obs_0000030617|obs_0000027419|obs_0000031261|obs_0000029494|obs_0000030915|obs_0000024529|obs_0000031576|obs_0000030564|obs_0000031462|obs_0000000875|obs_0000006265|obs_0000032512
Eis,Langnese Cremissimo,"€ 5,9","€ 11,97","pro Einheit = 2,22","tiefgekühlt, versch. Sorten Einzelpreis: 3.99 ( 3.07 – 5.32 / l)",Nein,"Wochenangebote gültig von Montag, 30.03.26 - Samstag, 04.04.26",30.03.26,04.04.26,../images/netto/netto_offer_262.jpg,"cat_tiefkuehl,sub_fleischersatz,sub_tk_eis,sub_tk_fertiggerichte,tag_high_protein,tag_ultra_processed",,,ref_000262,obs_0000018692|obs_0000025743|obs_0000017710|obs_0000034392|obs_0000011490|obs_0000025829|obs_0000013168|obs_0000007041|obs_0000013833|obs_0000025236|obs_0000029345|obs_0000030502|obs_0000027306|obs_0000022962|obs_0000028855|obs_0000005945|obs_0000009795|obs_0000025807|obs_0000027474|obs_0000001749|obs_0000001750|obs_0000005210|obs_0000007392|obs_0000008928|obs_0000006504|obs_0000013034|obs_0000009324|obs_0000027503|obs_0000027646|obs_0000005767|obs_0000005768|obs_0000006667|obs_0000006670|obs_0000006159|obs_0000005399|obs_0000005017|obs_0000014373|obs_0000028456|obs_0000012333|obs_0000003118|obs_0000006319|obs_0000000434|obs_0000007599|obs_0000007600|obs_0000008369|obs_0000011056|obs_0000005948|obs_0000006847|obs_0000018370|obs_0000004163,obs_0000018692|obs_0000005767|obs_0000025743|obs_0000025236|obs_0000017710|obs_0000022962|obs_0000034392|obs_0000011490|obs_0000025829|obs_0000013168
Tulpen,Keine Marke,"€ 5,9","€ 5,97","pro Einheit = 5,90","ca. 35 cm, versch. Farben",Nein,"Wochenangebote gültig von Montag, 30.03.26 - Samstag, 04.04.26",30.03.26,04.04.26,../images/netto/netto_offer_263.jpg,"cat_obst_gemuese,diet_gluten_free,diet_lactose_free,diet_vegan,diet_vegetarian,sub_exoten,sub_frisches_gemuese,sub_frisches_obst,tag_ultra_processed,tag_whole_food",,,ref_000263,obs_0000034533|obs_0000029749|obs_0000001596|obs_0000034401|obs_0000031365|obs_0000030045,obs_0000034533|obs_0000029749
Lindt Goldhase,Keine Marke,"€ 1,69","€ 3,29","1 kg = 33,80",versch. Sorten,Nein,"Wochenangebote gültig von Montag, 30.03.26 - Samstag, 04.04.26",30.03.26,04.04.26,../images/netto/netto_offer_264.jpg,"cat_obst_gemuese,diet_gluten_free,diet_lactose_free,diet_vegan,diet_vegetarian,sub_exoten,sub_frisches_obst,tag_ultra_processed,tag_whole_food",,,ref_000264,obs_0000013665,obs_0000013665
Butter oder Streichzart,Weihenstephan,"€ 0,99","€ 2,59","1 kg = 3,96","gekühlt, versch. Sorten",Nein,"Wochenangebote gültig von Montag, 30.03.26 - Samstag, 04.04.26",30.03.26,04.04.26,../images/netto/netto_offer_265.jpg,"cat_molkerei_kaese,diet_gluten_free,diet_vegetarian,sub_butter_margarine,sub_milchprodukte",,,ref_000265,obs_0000031125|obs_0000006970|obs_0000030109|obs_0000031974|obs_0000009075|obs_0000001425|obs_0000018644|obs_0000027049|obs_0000002620|obs_0000019493|obs_0000003267|obs_0000021984|obs_0000022502|obs_0000031786|obs_0000024620|obs_0000000107|obs_0000008456|obs_0000008556|obs_0000024999|obs_0000000442|obs_0000000997|obs_0000017835|obs_0000017986|obs_0000026359|obs_0000018391|obs_0000010409|obs_0000034970|obs_0000018772|obs_0000018910|obs_0000002676|obs_0000011042|obs_0000027517|obs_0000011467|obs_0000003386|obs_0000003591|obs_0000003636|obs_0000004174|obs_0000004601|obs_0000012797|obs_0000013125|obs_0000005028|obs_0000022866,obs_0000012198|obs_0000029454|obs_0000005897|obs_0000006296|obs_0000006434|obs_0000014852|obs_0000007149|obs_0000007562|obs_0000016088|obs_0000032534
Dallmayr Prodomo,Keine Marke,"€ 5,99","€ 10,49","1 kg = 11,98","Kaffee gemahlen oder ganze Bohnen, versch. Sorten",Nein,"Wochenangebote gültig von Montag, 30.03.26 - Samstag, 04.04.26",30.03.26,04.04.26,../images/netto/netto_offer_266.jpg,"cat_getraenke,diet_gluten_free,diet_lactose_free,diet_vegan,diet_vegetarian,tag_whole_food",,,ref_000266,obs_0000032404|obs_0000006812|obs_0000007968|obs_0000000917|obs_0000013354|obs_0000023737|obs_0000015684|obs_0000024151|obs_0000023652,obs_0000032404|obs_0000000917|obs_0000013354|obs_0000023737|obs_0000015684|obs_0000024151|obs_0000023652
Neuseeländische Lammkeule,Keine Marke,"€ 12,90","€ 16,90","pro Einheit = 12,90","mit Röhrenknochen, vakuumverpackt, ca. 1.8 kg",Nein,"Wochenangebote gültig von Montag, 30.03.26 - Samstag, 04.04.26",30.03.26,04.04.26,../images/netto/netto_offer_267.jpg,"cat_fleisch_wurst,diet_lactose_free,diet_vegetarian,tag_ultra_processed,tag_whole_food",,,ref_000267,obs_0000026141|obs_0000009956|obs_0000034545|obs_0000009495,obs_0000026141
Spargel weiß violett,Keine Marke,"€ 3,99","€ 4,49","1 kg = 7,98","Griechenland/Peru, Kl. II",Nein,"Wochenangebote gültig von Montag, 30.03.26 - Samstag, 04.04.26",30.03.26,04.04.26,../images/netto/netto_offer_268.jpg,"cat_obst_gemuese,diet_gluten_free,diet_lactose_free,diet_vegan,diet_vegetarian,sub_frisches_gemuese,tag_whole_food",,,ref_000268,obs_0000006414|obs_0000007314|obs_0000001516,obs_0000006414
Toffifee,Toffifee,"€ 1,4","€ 1,49","1 kg = 8,00",versch. Sorten,Nein,"Wochenangebote gültig von Montag, 30.03.26 - Samstag, 04.04.26",30.03.26,04.04.26,../images/netto/netto_offer_269.jpg,"cat_knabbern_naschen,diet_vegan,diet_vegetarian,tag_ultra_processed",,,ref_000269,obs_0000034826|obs_0000000800|obs_0000027056|obs_0000015039|obs_0000016098|obs_0000013931|obs_0000027374|obs_0000026224|obs_0000001528|obs_0000000139|obs_0000005659|obs_0000032171|obs_0000032691|obs_0000029004|obs_0000006738|obs_0000029689|obs_0000010170,obs_0000034826|obs_0000000800|obs_0000027056|obs_0000015039|obs_0000016098|obs_0000013931|obs_0000027374|obs_0000026224|obs_0000001528
Premium Biere,Keine Marke,"€ 15,98","€ 19,98","1 l = 0,80",versch. Sorten Einzelpreis: 9.99 (1.- / l),Nein,"Wochenangebote gültig von Montag, 30.03.26 - Samstag, 04.04.26",30.03.26,04.04.26,../images/netto/netto_offer_270.jpg,"cat_getraenke,diet_gluten_free,diet_lactose_free,diet_vegan,diet_vegetarian,tag_whole_food",,,ref_000270,obs_0000026342|obs_0000027520|obs_0000013830|obs_0000026248|obs_0000011595,obs_0000026676|obs_0000026342|obs_0000027520
Norwegisches Lachsfilet,Keine Marke,"€ 1,35","€ 1,79","1 kg = 13,49","mit Haut, praktisch grätenfrei, ca. 1 kg",Nein,"Wochenangebote gültig von Montag, 30.03.26 - Samstag, 04.04.26",30.03.26,04.04.26,../images/netto/netto_offer_271.jpg,"cat_fisch_meeresfruechte,diet_gluten_free,diet_lactose_free,tag_high_protein,tag_proteinreich,tag_whole_food",,,ref_000271,obs_0000028079|obs_0000027994|obs_0000023818|obs_0000024240|obs_0000027591|obs_0000028347|obs_0000010175|obs_0000031809|obs_0000008391|obs_0000034280|obs_0000014208,obs_0000028079|obs_0000027591|obs_0000027994
Persil Waschmittel,Keine Marke,"€ 18,99","€ 27,99","pro Einheit = 0,25",versch. Sorten,Nein,"Wochenangebote gültig von Montag, 30.03.26 - Samstag, 04.04.26",30.03.26,04.04.26,../images/netto/netto_offer_272.jpg,"cat_drogerie,diet_gluten_free,diet_lactose_free,diet_vegetarian,tag_whole_food",,,ref_000272,obs_0000018449|obs_0000034866|obs_0000027703|obs_0000012875|obs_0000016462|obs_0000023646|obs_0000018542|obs_0000024174|obs_0000019568|obs_0000013946|obs_0000025217|obs_0000026760|obs_0000021665|obs_0000033445|obs_0000012454|obs_0000002728|obs_0000023748|obs_0000023244|obs_0000025812|obs_0000018152|obs_0000017654|obs_0000015109|obs_0000033069|obs_0000022331|obs_0000022340|obs_0000018794|obs_0000020846|obs_0000019827|obs_0000022410|obs_0000012181|obs_0000003486|obs_0000019384|obs_0000017352|obs_0000026568|obs_0000022520|obs_0000025598|obs_0000007921,obs_0000007709|obs_0000006244|obs_0000006761|obs_0000018542|obs_0000019568|obs_0000012454|obs_0000005289|obs_0000033599|obs_0000025598
Bergader Käsescheiben,Keine Marke,"€ 1,69","€ 2,69","1 kg = 11,27 - 13,52","gekühlt, versch. Sorten",Nein,"Wochenangebote gültig von Montag, 30.03.26 - Samstag, 04.04.26",30.03.26,04.04.26,../images/netto/netto_offer_273.jpg,"cat_molkerei_kaese,diet_vegan,sub_kaese,sub_milchprodukte,tag_ultra_processed,tag_whole_food",,,ref_000273,obs_0000017666|obs_0000020870|obs_0000027787|obs_0000031123|obs_0000025113|obs_0000001181|obs_0000002335|obs_0000018205|obs_0000027170|obs_0000016810|obs_0000034730|obs_0000031666|obs_0000020412|obs_0000024639|obs_0000022214|obs_0000033991|obs_0000002763|obs_0000020051|obs_0000000993|obs_0000002664|obs_0000026217|obs_0000021231|obs_0000025206|obs_0000007782,obs_0000017666|obs_0000027787|obs_0000025113|obs_0000016810|obs_0000020412|obs_0000006985|obs_0000006095|obs_0000005334|obs_0000021231
Wiener Würstchen,Keine Marke,"€ 5,49","€ 6,79","pro Einheit = 5,49",über Buchenholz geräuchert Regionale Verpackungsabweichungen möglich,Nein,"Wochenangebote gültig von Montag, 30.03.26 - Samstag, 04.04.26",30.03.26,04.04.26,../images/netto/netto_offer_274.jpg,"cat_fleisch_wurst,diet_gluten_free,diet_lactose_free,diet_vegan,diet_vegetarian,sub_wurst,tag_ultra_processed,tag_whole_food",,BLS-W211200,ref_000274,obs_0000006186|obs_0000031274|obs_0000027189|obs_0000035106|obs_0000028276|obs_0000031889|obs_0000005789|obs_0000026784|obs_0000028948|obs_0000034174|obs_0000015758|obs_0000028076|obs_0000031737|obs_0000034811|obs_0000032355|obs_0000007858|obs_0000020658|obs_0000031934|obs_0000034981|obs_0000030926|obs_0000030949|obs_0000025857|obs_0000025858|obs_0000021769|obs_0000030483|obs_0000021477|obs_0000031788|obs_0000029297|obs_0000030838|obs_0000009369|obs_0000007849|obs_0000021268|obs_0000032077|obs_0000009557|obs_0000030549|obs_0000021884|obs_0000020449|obs_0000030125,obs_0000006186|obs_0000031274|obs_0000027189|obs_0000035106|obs_0000028276|obs_0000031889|obs_0000005789|obs_0000026784|obs_0000028948|obs_0000034174|obs_0000015758|obs_0000028076|obs_0000031737|obs_0000034811
Coca-Cola,Coca-Cola,"€ 4,99","€ 9,54","1 l = 0,67","teilw. koffeinhaltig, versch. Sorten Einzelpreis: 1.59 zzgl. Pfand 0.25 ( 1.27 / l)",Nein,"Wochenangebote gültig von Montag, 30.03.26 - Samstag, 04.04.26",30.03.26,04.04.26,../images/netto/netto_offer_275.jpg,"cat_getraenke,sub_tk_fertiggerichte,tag_high_protein,tag_proteinreich,tag_ultra_processed",,,ref_000275,obs_0000023586|obs_0000001110|obs_0000024676|obs_0000024165|obs_0000001642|obs_0000023740|obs_0000034042|obs_0000034648|obs_0000033681|obs_0000034234|obs_0000034810|obs_0000005638|obs_0000030302|obs_0000032440|obs_0000005827|obs_0000029418|obs_0000006901|obs_0000006909|obs_0000029979|obs_0000006021|obs_0000032705|obs_0000030680|obs_0000007669|obs_0000032254|obs_0000026646|obs_0000028226|obs_0000004177|obs_0000031900|obs_0000021663|obs_0000026287|obs_0000026323|obs_0000008921|obs_0000017639|obs_0000000810|obs_0000016686|obs_0000009023|obs_0000022338|obs_0000017246|obs_0000020844|obs_0000016754|obs_0000028026|obs_0000027015|obs_0000027037|obs_0000009119|obs_0000019364|obs_0000005031|obs_0000000445|obs_0000018375|obs_0000003042|obs_0000004604,obs_0000005638|obs_0000023586|obs_0000001110|obs_0000030302|obs_0000024676|obs_0000024165|obs_0000001642|obs_0000032440|obs_0000023740|obs_0000005827|obs_0000029418|obs_0000006901|obs_0000034042|obs_0000006909|obs_0000029979|obs_0000034648|obs_0000006021|obs_0000033681|obs_0000034234|obs_0000032705|obs_0000030680|obs_0000007669|obs_0000034810|obs_0000032254
Jack Daniel s Tennessee Whiskey,Keine Marke,"€ 15,99","€ 19,99","1 l = 22,84",40 % Vol.,Nein,"Wochenangebote gültig von Montag, 30.03.26 - Samstag, 04.04.26",30.03.26,04.04.26,../images/netto/netto_offer_276.jpg,"cat_getraenke,diet_gluten_free,diet_lactose_free,diet_vegan,diet_vegetarian,tag_ultra_processed,tag_whole_food",,,ref_000276,obs_0000032446|obs_0000029438|obs_0000032027|obs_0000007454|obs_0000007084|obs_0000028134|obs_0000028331|obs_0000001910,obs_0000028331|obs_0000032446|obs_0000017117|obs_0000029438|obs_0000032027|obs_0000007454|obs_0000016869
Kiwi grün,Keine Marke,"€ 1,1","€ 1,17","pro Einheit = 1,10","Italien/Griechenland, Kl. I Einzelpreis: 0.39",Nein,"Wochenangebote gültig von Montag, 30.03.26 - Samstag, 04.04.26",30.03.26,04.04.26,../images/netto/netto_offer_277.jpg,"cat_obst_gemuese,diet_gluten_free,diet_lactose_free,diet_vegan,diet_vegetarian,sub_exoten,sub_frisches_obst,tag_whole_food",,,ref_000277,obs_0000027156|obs_0000026390|obs_0000001072|obs_0000003522|obs_0000000503|obs_0000034118|obs_0000034917|obs_0000010274,obs_0000027156|obs_0000026390|obs_0000001072|obs_0000003522|obs_0000000503
Kopfsalat,Keine Marke,"€ 1,0",,"pro Einheit = 1,00","Italien, Kl. I",Nein,"Wochenangebote gültig von Montag, 30.03.26 - Samstag, 04.04.26",30.03.26,04.04.26,../images/netto/netto_offer_278.jpg,"cat_obst_gemuese,diet_gluten_free,diet_lactose_free,diet_vegan,diet_vegetarian,sub_frisches_gemuese,sub_salate,tag_whole_food",,BLS-G105100,ref_000278,obs_0000027225|obs_0000007524|obs_0000010982|obs_0000005322|obs_0000006090|obs_0000005520|obs_0000006421|obs_0000006077|obs_0000013717|obs_0000013161|obs_0000012718|obs_0000015313|obs_0000014426,obs_0000027225
Auberginen,Keine Marke,"€ 1,5","€ 1,58","pro Einheit = 0,79","Spanien, Kl. I",Nein,"Wochenangebote gültig von Montag, 30.03.26 - Samstag, 04.04.26",30.03.26,04.04.26,../images/netto/netto_offer_279.jpg,"cat_obst_gemuese,diet_gluten_free,diet_lactose_free,diet_vegan,diet_vegetarian,sub_frisches_obst,tag_ultra_processed,tag_whole_food",,BLS-G510100,ref_000279,obs_0000006269,obs_0000006269
Rote Bete,Keine Marke,"€ 1,4","€ 1,49","1 kg = 2,00",gekocht,Nein,"Wochenangebote gültig von Montag, 30.03.26 - Samstag, 04.04.26",30.03.26,04.04.26,../images/netto/netto_offer_280.jpg,"cat_obst_gemuese,diet_gluten_free,diet_lactose_free,diet_vegan,diet_vegetarian,sub_frisches_gemuese,sub_frisches_obst,tag_whole_food",,,ref_000280,obs_0000001276|obs_0000022850|obs_0000027790|obs_0000027407|obs_0000010671|obs_0000010561|obs_0000015720|obs_0000030205|obs_0000023016,obs_0000001276
Heimat-Logo-Neu Zwiebeln rot,Keine Marke,"€ 1,0",,"pro Einheit = 1,00","Deutschland/Niederlande, Kl. II",Nein,"Wochenangebote gültig von Montag, 30.03.26 - Samstag, 04.04.26",30.03.26,04.04.26,../images/netto/netto_offer_281.jpg,"cat_obst_gemuese,diet_gluten_free,diet_lactose_free,diet_vegan,diet_vegetarian,sub_frisches_gemuese,tag_whole_food",,,ref_000281,obs_0000010332|obs_0000033910|obs_0000027284|obs_0000019110|obs_0000009977|obs_0000008443|obs_0000009515|obs_0000025391|obs_0000027439|obs_0000008014|obs_0000026474|obs_0000028015|obs_0000028061|obs_0000027041,
Lauch,Keine Marke,"€ 0,79",,"pro Einheit = 0,79","Deutschland/Niederlande, Kl. I",Nein,"Wochenangebote gültig von Montag, 30.03.26 - Samstag, 04.04.26",30.03.26,04.04.26,../images/netto/netto_offer_282.jpg,"cat_obst_gemuese,diet_gluten_free,diet_lactose_free,diet_vegan,diet_vegetarian,sub_exoten,sub_frisches_gemuese,sub_frisches_obst,tag_ultra_processed,tag_whole_food",,BLS-T410100,ref_000282,obs_0000034311|obs_0000026094|obs_0000027699|obs_0000033912|obs_0000026201|obs_0000027963,obs_0000034311|obs_0000026094|obs_0000027699|obs_0000033912|obs_0000026201|obs_0000027963
Weißkohl,Keine Marke,"€ 1,0","€ 1,19","pro Einheit = 1,00","Deutschland, Kl. I",Nein,"Wochenangebote gültig von Montag, 30.03.26 - Samstag, 04.04.26",30.03.26,04.04.26,../images/netto/netto_offer_283.jpg,"cat_obst_gemuese,diet_gluten_free,diet_lactose_free,diet_vegan,diet_vegetarian,sub_exoten,sub_frisches_gemuese,sub_frisches_obst,tag_whole_food",,BLS-G342100,ref_000283,obs_0000027011|obs_0000020711|obs_0000027384|obs_0000029196|obs_0000026706|obs_0000025695|obs_0000021530|obs_0000014335|obs_0000010524,obs_0000027011|obs_0000020711|obs_0000027384|obs_0000029196|obs_0000026706|obs_0000025695|obs_0000021530|obs_0000014335
Knoblauch,Keine Marke,"€ 1,0","€ 1,49","1 kg = 6,67","Argentinien/Ägypten, Kl. II",Nein,"Wochenangebote gültig von Montag, 30.03.26 - Samstag, 04.04.26",30.03.26,04.04.26,../images/netto/netto_offer_284.jpg,"cat_obst_gemuese,diet_gluten_free,diet_lactose_free,diet_vegan,diet_vegetarian,tag_ultra_processed,tag_whole_food",,BLS-G490100,ref_000284,obs_0000030436|obs_0000031626|obs_0000032494|obs_0000003240|obs_0000004008|obs_0000026791|obs_0000026956|obs_0000000975|obs_0000001201|obs_0000009009|obs_0000004435|obs_0000025972|obs_0000004862|obs_0000034082|obs_0000003299|obs_0000006857|obs_0000002524|obs_0000001799,obs_0000030436|obs_0000031626|obs_0000032494
Chiquita Mango,Keine Marke,"€ 1,11","€ 1,49","pro Einheit = 1,11","Peru, Kl. I",Nein,"Wochenangebote gültig von Montag, 30.03.26 - Samstag, 04.04.26",30.03.26,04.04.26,../images/netto/netto_offer_285.jpg,"cat_obst_gemuese,diet_gluten_free,diet_lactose_free,diet_vegan,diet_vegetarian,sub_exoten,sub_frisches_obst,tag_ultra_processed,tag_whole_food",,,ref_000285,obs_0000028050|obs_0000009349|obs_0000029722|obs_0000028316|obs_0000021278|obs_0000004393|obs_0000024112|obs_0000033713|obs_0000000306|obs_0000034740|obs_0000027322|obs_0000029883|obs_0000004820|obs_0000026453|obs_0000009816|obs_0000031322|obs_0000016865|obs_0000020459|obs_0000025584|obs_0000026739|obs_0000003966,obs_0000028050|obs_0000027322|obs_0000026739
Chiquita Bananen,Keine Marke,"€ 1,99","€ 2,49","pro Einheit = 1,99",Costa Rica/Panama,Nein,"Wochenangebote gültig von Montag, 30.03.26 - Samstag, 04.04.26",30.03.26,04.04.26,../images/netto/netto_offer_286.jpg,"cat_obst_gemuese,diet_gluten_free,diet_lactose_free,diet_vegan,diet_vegetarian,sub_exoten,sub_frisches_obst,tag_ultra_processed,tag_whole_food",,,ref_000286,obs_0000005880|obs_0000031875|obs_0000027051|obs_0000032185|obs_0000032060|obs_0000029136|obs_0000027736|obs_0000026329|obs_0000028769|obs_0000031472|obs_0000031729|obs_0000009078|obs_0000026492,obs_0000005880|obs_0000027736|obs_0000026329|obs_0000028769|obs_0000009078
Passionsfrucht,Keine Marke,"€ 1,69",,"pro Einheit = 1,69",Kolumbien,Nein,"Wochenangebote gültig von Montag, 30.03.26 - Samstag, 04.04.26",30.03.26,04.04.26,../images/netto/netto_offer_287.jpg,"cat_obst_gemuese,diet_gluten_free,diet_lactose_free,diet_vegan,diet_vegetarian,tag_ultra_processed,tag_whole_food",,BLS-F508100,ref_000287,obs_0000008964|obs_0000003114|obs_0000028626|obs_0000033714|obs_0000030613|obs_0000013976|obs_0000027420|obs_0000028512|obs_0000013440|obs_0000011388|obs_0000006968|obs_0000006963,obs_0000008964|obs_0000003114|obs_0000028626|obs_0000033714|obs_0000030613|obs_0000013976|obs_0000027420|obs_0000028512
Mini Cherryrispentomaten,Keine Marke,"€ 2,49","€ 2,99","1 kg = 12,45","Niederlande, Kl. I",Nein,"Wochenangebote gültig von Montag, 30.03.26 - Samstag, 04.04.26",30.03.26,04.04.26,../images/netto/netto_offer_288.jpg,"cat_obst_gemuese,diet_gluten_free,diet_lactose_free,diet_vegan,diet_vegetarian,sub_frisches_gemuese,tag_whole_food",,,ref_000288,obs_0000026794|obs_0000026165|obs_0000012328|obs_0000006379|obs_0000008462|obs_0000010932|obs_0000017530|obs_0000009425|obs_0000026024|obs_0000009888|obs_0000018128|obs_0000016216,obs_0000026794|obs_0000030918|obs_0000030960|obs_0000029129|obs_0000029204|obs_0000029276|obs_0000031461|obs_0000029588|obs_0000029814|obs_0000030141|obs_0000026165
Speisefrühkartoffeln,Keine Marke,"€ 2,99",,"1 kg = 1,50","Ägypten, Kocheigenschaft: festkochend",Nein,"Wochenangebote gültig von Montag, 30.03.26 - Samstag, 04.04.26",30.03.26,04.04.26,../images/netto/netto_offer_289.jpg,"cat_obst_gemuese,diet_gluten_free,diet_lactose_free,diet_vegan,diet_vegetarian,sub_frisches_gemuese,sub_kartoffeln,tag_ultra_processed,tag_whole_food",,,ref_000289,obs_0000013906|obs_0000008858|obs_0000008524,obs_0000013906|obs_0000008858|obs_0000008524
Orangen,Keine Marke,"€ 2,99","€ 3,99","1 kg = 1,99","Spanien, Kl. I",Nein,"Wochenangebote gültig von Montag, 30.03.26 - Samstag, 04.04.26",30.03.26,04.04.26,../images/netto/netto_offer_290.jpg,"cat_obst_gemuese,diet_gluten_free,diet_lactose_free,diet_vegan,diet_vegetarian,sub_exoten,sub_frisches_obst,tag_ultra_processed,tag_whole_food",,BLS-F603100,ref_000290,obs_0000031118|obs_0000024463|obs_0000028048|obs_0000008977|obs_0000021906|obs_0000028056|obs_0000014361|obs_0000029592|obs_0000024992|obs_0000025768|obs_0000019119|obs_0000008755|obs_0000010164|obs_0000034743|obs_0000026554|obs_0000009787|obs_0000032059|obs_0000032323|obs_0000016457|obs_0000029131|obs_0000027858|obs_0000027355|obs_0000029277|obs_0000009316|obs_0000030565|obs_0000030827|obs_0000017005|obs_0000031473|obs_0000029823|obs_0000034315|obs_0000033934|obs_0000001301|obs_0000029591|obs_0000014877|obs_0000030120|obs_0000031152|obs_0000033716|obs_0000026166|obs_0000033854|obs_0000012742|obs_0000010184|obs_0000015310|obs_0000025425|obs_0000006483|obs_0000016210|obs_0000015711|obs_0000010976|obs_0000013417|obs_0000034020|obs_0000027756,obs_0000031118|obs_0000024463|obs_0000028048|obs_0000008977|obs_0000021906|obs_0000028056|obs_0000014361|obs_0000029592|obs_0000024992|obs_0000025768|obs_0000019119|obs_0000008755|obs_0000010164|obs_0000034743|obs_0000026554|obs_0000009787|obs_0000032059|obs_0000032323|obs_0000016457|obs_0000029131|obs_0000027858|obs_0000027355|obs_0000029277|obs_0000009316|obs_0000030565|obs_0000030827|obs_0000017005|obs_0000031473|obs_0000029823
Mandarinen,Keine Marke,"€ 2,79","€ 3,49","pro Einheit = 2,79","Spanien, Kl. I",Nein,"Wochenangebote gültig von Montag, 30.03.26 - Samstag, 04.04.26",30.03.26,04.04.26,../images/netto/netto_offer_291.jpg,"cat_obst_gemuese,diet_gluten_free,diet_lactose_free,diet_vegan,diet_vegetarian,sub_frisches_obst,tag_whole_food",,BLS-F606100,ref_000291,obs_0000029577|obs_0000002444|obs_0000028686|obs_0000030862|obs_0000019728|obs_0000028566|obs_0000000157|obs_0000019106|obs_0000029478|obs_0000025646|obs_0000006967|obs_0000016695|obs_0000017600|obs_0000009920|obs_0000005319|obs_0000029146|obs_0000030566|obs_0000030443|obs_0000009457|obs_0000010492|obs_0000029576|obs_0000027153|obs_0000021145|obs_0000024101|obs_0000024103|obs_0000032331|obs_0000026960|obs_0000020326|obs_0000005872|obs_0000000501|obs_0000012673|obs_0000005688|obs_0000005871|obs_0000005325|obs_0000006091|obs_0000006263|obs_0000005501,obs_0000029577|obs_0000002444|obs_0000028686|obs_0000030862|obs_0000019728|obs_0000028566|obs_0000000157|obs_0000019106|obs_0000029478|obs_0000025646|obs_0000006967|obs_0000016695|obs_0000017600|obs_0000009920|obs_0000005319|obs_0000029146|obs_0000030566|obs_0000030443|obs_0000009457|obs_0000010492
Apfel rot,Keine Marke,"€ 1,79","€ 2,29","pro Einheit = 1,79","Italien, Kl. I",Nein,"Wochenangebote gültig von Montag, 30.03.26 - Samstag, 04.04.26",30.03.26,04.04.26,../images/netto/netto_offer_292.jpg,"cat_obst_gemuese,diet_gluten_free,diet_lactose_free,diet_vegan,diet_vegetarian,sub_exoten,sub_frisches_gemuese,sub_frisches_obst,tag_ultra_processed,tag_whole_food",,BLS-F110100,ref_000292,,
Mandarin-Orangen,Keine Marke,"€ 1,29","€ 1,49","1 kg = 7,37",leicht gezuckert,Nein,"Wochenangebote gültig von Montag, 30.03.26 - Samstag, 04.04.26",30.03.26,04.04.26,../images/netto/netto_offer_293.jpg,"cat_obst_gemuese,diet_gluten_free,diet_lactose_free,diet_vegan,diet_vegetarian,sub_frisches_obst,tag_whole_food",,,ref_000293,obs_0000010184|obs_0000006483|obs_0000034020|obs_0000011762|obs_0000031118|obs_0000024463|obs_0000028048|obs_0000008977|obs_0000021906|obs_0000028056|obs_0000014361|obs_0000029592|obs_0000024992|obs_0000025768|obs_0000019119|obs_0000008755|obs_0000010164|obs_0000034743|obs_0000026554|obs_0000009787|obs_0000032059|obs_0000032323|obs_0000016457|obs_0000029131|obs_0000027858|obs_0000027355|obs_0000029277|obs_0000009316|obs_0000030565|obs_0000030827|obs_0000017005|obs_0000031473|obs_0000029823,obs_0000010184|obs_0000006483|obs_0000034020|obs_0000011762
Obstkonserven,Keine Marke,"€ 1,99","€ 2,49","1 kg = 6,03 - 6,42",versch. Sorten,Nein,"Wochenangebote gültig von Montag, 30.03.26 - Samstag, 04.04.26",30.03.26,04.04.26,../images/netto/netto_offer_294.jpg,"cat_obst_gemuese,diet_gluten_free,diet_lactose_free,diet_vegan,diet_vegetarian,sub_frisches_gemuese,sub_frisches_obst,tag_ultra_processed,tag_whole_food",,,ref_000294,obs_0000034884,
Nuss-Nougat-Croissant,Keine Marke,"€ 1,50","€ 2,07","pro Einheit = 1,50",Einzelpreis: 0.69 Gilt nur in Filialen mit Backautomat!,Nein,"Wochenangebote gültig von Montag, 30.03.26 - Samstag, 04.04.26",30.03.26,04.04.26,../images/netto/netto_offer_295.jpg,"cat_knabbern_naschen,diet_gluten_free,diet_lactose_free,diet_vegan,diet_vegetarian,tag_ultra_processed,tag_whole_food",,BLS-S451000,ref_000295,obs_0000020121|obs_0000006955|obs_0000023356|obs_0000027987|obs_0000024975|obs_0000020940|obs_0000002265|obs_0000003358|obs_0000027131|obs_0000016184|obs_0000023195|obs_0000025842,obs_0000020121|obs_0000006955|obs_0000023356|obs_0000027987|obs_0000024975|obs_0000020940
Kirschtasche,Keine Marke,"€ 1,7","€ 1,78","pro Einheit = 1,70",Einzelpreis: 0.89 Gilt nur in Filialen mit Backautomat!,Nein,"Wochenangebote gültig von Montag, 30.03.26 - Samstag, 04.04.26",30.03.26,04.04.26,../images/netto/netto_offer_296.jpg,"cat_tiefkuehl,diet_gluten_free,diet_lactose_free,diet_vegan,diet_vegetarian,sub_exoten,tag_whole_food",,BLS-D7A7810,ref_000296,obs_0000027585,obs_0000027585
Schnittbrötchen,Keine Marke,"€ 1,3","€ 1,33","pro Einheit = 1,30",Einzelpreis: 0.19 Gilt nur in Filialen mit Backautomat!,Nein,"Wochenangebote gültig von Montag, 30.03.26 - Samstag, 04.04.26",30.03.26,04.04.26,../images/netto/netto_offer_297.jpg,"cat_grundnahrung,diet_vegetarian,tag_ultra_processed,tag_whole_food",,BLS-D7A5600,ref_000297,obs_0000027882|obs_0000026851|obs_0000026192,obs_0000027882|obs_0000026851|obs_0000026192
Holzofenpinsa Salami,Keine Marke,"€ 1,3","€ 1,39","pro Einheit = 1,30",Gilt nur in Filialen mit Backautomat!,Nein,"Wochenangebote gültig von Montag, 30.03.26 - Samstag, 04.04.26",30.03.26,04.04.26,../images/netto/netto_offer_298.jpg,"cat_sonstiges,diet_gluten_free,diet_lactose_free,diet_vegan,diet_vegetarian,sub_wurst,tag_ultra_processed,tag_whole_food",,,ref_000298,obs_0000028110|obs_0000002611|obs_0000010316|obs_0000014932|obs_0000019030|obs_0000028273|obs_0000005781|obs_0000023205|obs_0000003239|obs_0000019666|obs_0000016602|obs_0000008425|obs_0000021226|obs_0000003307|obs_0000002285|obs_0000011010|obs_0000025355|obs_0000026898|obs_0000017184|obs_0000007987|obs_0000025934|obs_0000008039|obs_0000016755|obs_0000034176|obs_0000002957|obs_0000020407|obs_0000016328|obs_0000017375|obs_0000031198|obs_0000010234,
Weizenvollkornbrot,Keine Marke,"€ 1,49",,"1 kg = 2,98",Gilt nur in Filialen mit Backautomat!,Nein,"Wochenangebote gültig von Montag, 30.03.26 - Samstag, 04.04.26",30.03.26,04.04.26,../images/netto/netto_offer_299.jpg,"cat_grundnahrung,diet_gluten_free,diet_lactose_free,diet_vegan,diet_vegetarian,tag_whole_food",,BLS-B111000,ref_000299,,
Laugenstange,Keine Marke,"€ 1,1","€ 1,17","pro Einheit = 1,10",Gilt nur in Filialen mit Backautomat!,Nein,"Wochenangebote gültig von Montag, 30.03.26 - Samstag, 04.04.26",30.03.26,04.04.26,../images/netto/netto_offer_300.jpg,"cat_grundnahrung,diet_gluten_free,diet_lactose_free,diet_vegan,diet_vegetarian,tag_ultra_processed,tag_whole_food",,,ref_000300,obs_0000026561|obs_0000027394|obs_0000009828|obs_0000005866|obs_0000013295|obs_0000014548|obs_0000005497|obs_0000011519|obs_0000034151|obs_0000034948|obs_0000027990,obs_0000026561|obs_0000027394|obs_0000009828|obs_0000005866|obs_0000013295|obs_0000014548|obs_0000005497|obs_0000011519
Donut,Keine Marke,"€ 0,55",,"pro Einheit = 0,55",versch. Sorten Gilt nur in Filialen mit Backautomat!,Nein,"Wochenangebote gültig von Montag, 30.03.26 - Samstag, 04.04.26",30.03.26,04.04.26,../images/netto/netto_offer_301.jpg,"cat_obst_gemuese,diet_gluten_free,diet_lactose_free,diet_vegan,diet_vegetarian,sub_exoten,sub_frisches_obst,tag_ultra_processed,tag_whole_food",,,ref_000301,obs_0000005308|obs_0000006257|obs_0000004236|obs_0000014228|obs_0000020891|obs_0000034951|obs_0000021677|obs_0000003247|obs_0000026799|obs_0000034482|obs_0000004663|obs_0000001086|obs_0000010049|obs_0000018243|obs_0000005090|obs_0000027234|obs_0000020072|obs_0000006775|obs_0000009597|obs_0000014991|obs_0000008083|obs_0000013342|obs_0000027178|obs_0000031340|obs_0000030706|obs_0000011921|obs_0000022561|obs_0000026424|obs_0000018005|obs_0000022230,obs_0000005308|obs_0000006257
Donut,Keine Marke,"€ 0,44","€ 0,55","pro Einheit = 0,44",versch. Sorten Beim Kauf ab 3 Stück Gilt nur in Filialen mit Backautomat!,Nein,"Wochenangebote gültig von Montag, 30.03.26 - Samstag, 04.04.26",30.03.26,04.04.26,../images/netto/netto_offer_302.jpg,"cat_obst_gemuese,diet_gluten_free,diet_lactose_free,diet_vegan,diet_vegetarian,sub_exoten,sub_frisches_obst,tag_ultra_processed,tag_whole_food",,,ref_000302,obs_0000005308|obs_0000006257|obs_0000004236|obs_0000014228|obs_0000020891|obs_0000034951|obs_0000021677|obs_0000003247|obs_0000026799|obs_0000034482|obs_0000004663|obs_0000001086|obs_0000010049|obs_0000018243|obs_0000005090|obs_0000027234|obs_0000020072|obs_0000006775|obs_0000009597|obs_0000014991|obs_0000008083|obs_0000013342|obs_0000027178|obs_0000031340|obs_0000030706|obs_0000011921|obs_0000022561|obs_0000026424|obs_0000018005|obs_0000022230,obs_0000005308|obs_0000006257
Donut,Keine Marke,"€ 0,33","€ 0,55","pro Einheit = 0,33",versch. Sorten Beim Kauf ab 6 Stück Gilt nur in Filialen mit Backautomat!,Nein,"Wochenangebote gültig von Montag, 30.03.26 - Samstag, 04.04.26",30.03.26,04.04.26,../images/netto/netto_offer_303.jpg,"cat_obst_gemuese,diet_gluten_free,diet_lactose_free,diet_vegan,diet_vegetarian,sub_exoten,sub_frisches_obst,tag_ultra_processed,tag_whole_food",,,ref_000303,obs_0000005308|obs_0000006257|obs_0000004236|obs_0000014228|obs_0000020891|obs_0000034951|obs_0000021677|obs_0000003247|obs_0000026799|obs_0000034482|obs_0000004663|obs_0000001086|obs_0000010049|obs_0000018243|obs_0000005090|obs_0000027234|obs_0000020072|obs_0000006775|obs_0000009597|obs_0000014991|obs_0000008083|obs_0000013342|obs_0000027178|obs_0000031340|obs_0000030706|obs_0000011921|obs_0000022561|obs_0000026424|obs_0000018005|obs_0000022230,obs_0000005308|obs_0000006257
Rouladen vom Rind,Keine Marke,"€ 1,59","€ 1,99","1 kg = 15,90","zart, aus der Keule, ca. 1 kg",Nein,"Wochenangebote gültig von Montag, 30.03.26 - Samstag, 04.04.26",30.03.26,04.04.26,../images/netto/netto_offer_304.jpg,"cat_fleisch_wurst,diet_gluten_free,diet_lactose_free,diet_vegan,diet_vegetarian,sub_rind,tag_ultra_processed,tag_whole_food",,,ref_000304,obs_0000027973|obs_0000017416|obs_0000018470|obs_0000011314|obs_0000011424|obs_0000026813|obs_0000026816|obs_0000026360|obs_0000027939|obs_0000028972|obs_0000019248|obs_0000018766|obs_0000029545|obs_0000015243|obs_0000022424|obs_0000028077|obs_0000027632|obs_0000012275,obs_0000027973
Osterbraten,Keine Marke,"€ 5,99","€ 9,99","pro Einheit = 5,99","vom Schwein, gepökelt und geräuchert, vakuumverpackt, ca. 1.6 kg",Nein,"Wochenangebote gültig von Montag, 30.03.26 - Samstag, 04.04.26",30.03.26,04.04.26,../images/netto/netto_offer_305.jpg,"cat_obst_gemuese,diet_gluten_free,diet_lactose_free,diet_vegan,diet_vegetarian,sub_frisches_gemuese,tag_whole_food",,,ref_000305,,
Bugbraten vom Jungbullen,Keine Marke,"€ 1,39","€ 1,79","1 kg = 13,90","vakuumverpackt, ca. 1 kg",Nein,"Wochenangebote gültig von Montag, 30.03.26 - Samstag, 04.04.26",30.03.26,04.04.26,../images/netto/netto_offer_306.jpg,"cat_fleisch_wurst,diet_gluten_free,diet_lactose_free,diet_vegan,diet_vegetarian,sub_rind,tag_whole_food",,,ref_000306,obs_0000026295|obs_0000012293|obs_0000012294|obs_0000027671|obs_0000013854|obs_0000026669|obs_0000013364|obs_0000014912|obs_0000011844|obs_0000013445|obs_0000014473|obs_0000014474|obs_0000010590|obs_0000012760|obs_0000015351,obs_0000026295
Suppenfleisch vom Rind,Keine Marke,"€ 6,79","€ 8,49","1 kg = 13,58",ohne Knochen,Nein,"Wochenangebote gültig von Montag, 30.03.26 - Samstag, 04.04.26",30.03.26,04.04.26,../images/netto/netto_offer_307.jpg,"cat_fleisch_wurst,diet_gluten_free,diet_lactose_free,diet_vegan,diet_vegetarian,sub_rind,tag_proteinreich,tag_whole_food",,,ref_000307,obs_0000026813|obs_0000028077|obs_0000017416|obs_0000018470|obs_0000011314|obs_0000011424|obs_0000026816|obs_0000026360|obs_0000027939|obs_0000028972|obs_0000019248|obs_0000027973|obs_0000018766|obs_0000029545|obs_0000015243|obs_0000022424|obs_0000027632|obs_0000012275|obs_0000002297|obs_0000009147,obs_0000026813|obs_0000028077
Hackfleisch gemischt,Keine Marke,"€ 5,99","€ 8,99","pro Einheit = 5,99",aus 70% Schwein und 30% Rind,Nein,"Wochenangebote gültig von Montag, 30.03.26 - Samstag, 04.04.26",30.03.26,04.04.26,../images/netto/netto_offer_308.jpg,"cat_fleisch_wurst,diet_lactose_free,diet_vegetarian,sub_hackfleisch,sub_rind,sub_schwein,tag_proteinreich,tag_ultra_processed",,BLS-U020100,ref_000308,obs_0000009222|obs_0000009248|obs_0000016944|obs_0000030269|obs_0000025678|obs_0000029783|obs_0000033883|obs_0000014463|obs_0000021126|obs_0000008856|obs_0000027808|obs_0000005797|obs_0000011430|obs_0000018085|obs_0000030894|obs_0000029892|obs_0000030922|obs_0000006355|obs_0000006874|obs_0000034536|obs_0000030962|obs_0000022287|obs_0000031538|obs_0000017204|obs_0000020307|obs_0000026963|obs_0000031582|obs_0000009575|obs_0000028033|obs_0000007077|obs_0000030174|obs_0000027617|obs_0000009702|obs_0000005620|obs_0000012282|obs_0000014917|obs_0000001646|obs_0000018612|obs_0000019652|obs_0000010463|obs_0000028433|obs_0000009524|obs_0000017754|obs_0000012768|obs_0000000505|obs_0000001083|obs_0000000646|obs_0000025790|obs_0000030444|obs_0000030969,obs_0000009222|obs_0000009248|obs_0000016944|obs_0000030269|obs_0000025678|obs_0000029783|obs_0000033883|obs_0000001646|obs_0000014463|obs_0000021126|obs_0000008856|obs_0000005797|obs_0000011430|obs_0000018085|obs_0000030894|obs_0000018612|obs_0000029892|obs_0000019652|obs_0000030922|obs_0000006355|obs_0000006874|obs_0000010463|obs_0000034536|obs_0000030962|obs_0000022287|obs_0000028433|obs_0000031538|obs_0000017204|obs_0000009524|obs_0000020307|obs_0000017754|obs_0000031582|obs_0000009575|obs_0000028033|obs_0000007077|obs_0000030174|obs_0000009702|obs_0000005620|obs_0000000505|obs_0000012282
Hähnchen-Minutenschnitzel,Keine Marke,"€ 7,99","€ 8,99","1 kg = 9,99",aus dem Brustfilet geschnitten,Nein,"Wochenangebote gültig von Montag, 30.03.26 - Samstag, 04.04.26",30.03.26,04.04.26,../images/netto/netto_offer_309.jpg,"cat_fleisch_wurst,diet_lactose_free,sub_gefluegel,tag_proteinreich,tag_ultra_processed,tag_whole_food",,BLS-V4B5100,ref_000309,obs_0000014456|obs_0000014039|obs_0000027869|obs_0000018252|obs_0000026459|obs_0000010593|obs_0000027062|obs_0000008655|obs_0000027611|obs_0000012765|obs_0000002540|obs_0000001008|obs_0000015353|obs_0000031267|obs_0000008852|obs_0000019114|obs_0000029905|obs_0000019270|obs_0000031623|obs_0000013251|obs_0000029296|obs_0000029854|obs_0000030967|obs_0000030518,obs_0000014456|obs_0000008852|obs_0000019114|obs_0000014039|obs_0000027869|obs_0000018252|obs_0000026459|obs_0000010593|obs_0000027062|obs_0000013251|obs_0000008655|obs_0000027611|obs_0000012765|obs_0000002540|obs_0000001008|obs_0000015353
Hähnchen-Schenkel,Keine Marke,"€ 6,99",,"1 kg = 3,50","mit Rückenstück, Hkl. A",Nein,"Wochenangebote gültig von Montag, 30.03.26 - Samstag, 04.04.26",30.03.26,04.04.26,../images/netto/netto_offer_310.jpg,"cat_fleisch_wurst,diet_gluten_free,diet_lactose_free,sub_gefluegel,tag_proteinreich,tag_whole_food",,BLS-V4A5100,ref_000310,obs_0000019465|obs_0000027696|obs_0000014454|obs_0000027259|obs_0000009863|obs_0000027277|obs_0000016559|obs_0000028345|obs_0000009401|obs_0000000705|obs_0000027367|obs_0000022267|obs_0000018267|obs_0000000882|obs_0000028083|obs_0000014263|obs_0000017341|obs_0000001523|obs_0000014915|obs_0000011849|obs_0000008788|obs_0000030896|obs_0000010525|obs_0000015748|obs_0000031635|obs_0000012213|obs_0000029875|obs_0000031534|obs_0000029909|obs_0000029965|obs_0000032530|obs_0000031272,obs_0000019465|obs_0000027696|obs_0000014454|obs_0000027259|obs_0000009863|obs_0000027277|obs_0000016559|obs_0000028345|obs_0000009401|obs_0000000705|obs_0000027367|obs_0000022267|obs_0000018267|obs_0000000882|obs_0000028083|obs_0000014263|obs_0000017341|obs_0000001523
Wiltman Salami-Sortiment,Keine Marke,"€ 1,29","€ 2,29","1 kg = 16,13",versch. Sorten,Nein,"Wochenangebote gültig von Montag, 30.03.26 - Samstag, 04.04.26",30.03.26,04.04.26,../images/netto/netto_offer_311.jpg,"cat_fleisch_wurst,diet_gluten_free,diet_lactose_free,diet_vegan,diet_vegetarian,sub_wurst,tag_ultra_processed,tag_whole_food",,,ref_000311,obs_0000002611|obs_0000010316|obs_0000014932|obs_0000019030|obs_0000028273|obs_0000005781|obs_0000023205|obs_0000003239|obs_0000019666|obs_0000016602|obs_0000008425|obs_0000021226|obs_0000003307|obs_0000002285|obs_0000011010|obs_0000025355|obs_0000026898|obs_0000010234|obs_0000017184|obs_0000007987|obs_0000025934|obs_0000008039|obs_0000016755|obs_0000034176|obs_0000002957|obs_0000020407|obs_0000016328|obs_0000017375|obs_0000031198,
Italienische handgelegte Aperitivo Platte,Keine Marke,"€ 9,99","€ 12,99","1 kg = 31,22","mit Prosciutto Crudo, Salame Napoli, Coppa, Scamorza geräuchert, Oliven und getrocknete Tomaten",Nein,"Wochenangebote gültig von Montag, 30.03.26 - Samstag, 04.04.26",30.03.26,04.04.26,../images/netto/netto_offer_312.jpg,"cat_getraenke,diet_vegan,diet_vegetarian",,,ref_000312,obs_0000013069|obs_0000008990|obs_0000020899|obs_0000003633|obs_0000009522|obs_0000008244|obs_0000021836|obs_0000010091|obs_0000020080|obs_0000003572|obs_0000015485|obs_0000009984,
Prosciutto Cotto,Keine Marke,"€ 1,99","€ 2,39","1 kg = 9,95",,Nein,"Wochenangebote gültig von Montag, 30.03.26 - Samstag, 04.04.26",30.03.26,04.04.26,../images/netto/netto_offer_313.jpg,"cat_fleisch_wurst,diet_gluten_free,diet_lactose_free,diet_vegan,diet_vegetarian,sub_schwein,sub_wurst,tag_high_protein,tag_proteinreich,tag_ultra_processed,tag_whole_food",,,ref_000313,obs_0000027656|obs_0000015759|obs_0000000528|obs_0000026521|obs_0000012287|obs_0000024217|obs_0000023206|obs_0000000042|obs_0000003783|obs_0000024656|obs_0000003295|obs_0000002915|obs_0000002661|obs_0000023797|obs_0000002166|obs_0000007052|obs_0000005780|obs_0000030868|obs_0000032413|obs_0000029101|obs_0000022634|obs_0000007418|obs_0000032375|obs_0000007863,obs_0000027656|obs_0000015759|obs_0000000528|obs_0000026521|obs_0000012287
Kabanossi,Keine Marke,"€ 1,49","€ 1,99","1 kg = 12,42",versch. Sorten,Nein,"Wochenangebote gültig von Montag, 30.03.26 - Samstag, 04.04.26",30.03.26,04.04.26,../images/netto/netto_offer_314.jpg,"cat_fleisch_wurst,diet_gluten_free,diet_lactose_free,diet_vegan,diet_vegetarian,sub_wurst,tag_ultra_processed,tag_whole_food",,,ref_000314,obs_0000015362|obs_0000010601|obs_0000012779|obs_0000013723|obs_0000000723,obs_0000015362|obs_0000010601|obs_0000012779|obs_0000013723
XXL Frikadellenbällchen,Keine Marke,"€ 3,49","€ 4,49","1 kg = 4,36",kalt und warm ein Genuss,Nein,"Wochenangebote gültig von Montag, 30.03.26 - Samstag, 04.04.26",30.03.26,04.04.26,../images/netto/netto_offer_315.jpg,"cat_obst_gemuese,diet_gluten_free,diet_lactose_free,diet_vegan,diet_vegetarian,tag_ultra_processed,tag_whole_food",,,ref_000315,obs_0000012763|obs_0000013967,
Bacon,Keine Marke,"€ 1,11","€ 1,29","1 kg = 11,10",mild geräucherter Frühstücksspeck Regionale Verpackungsabweichungen möglich,Nein,"Wochenangebote gültig von Montag, 30.03.26 - Samstag, 04.04.26",30.03.26,04.04.26,../images/netto/netto_offer_316.jpg,"cat_obst_gemuese,diet_gluten_free,diet_lactose_free,diet_vegan,diet_vegetarian,sub_exoten,sub_frisches_obst,sub_schwein,tag_ultra_processed,tag_whole_food",,,ref_000316,obs_0000026814|obs_0000014146|obs_0000012775|obs_0000001018|obs_0000001019|obs_0000011008|obs_0000015764|obs_0000002453|obs_0000013086|obs_0000011438|obs_0000032047|obs_0000025264|obs_0000014386|obs_0000010432|obs_0000013513|obs_0000014922|obs_0000019406|obs_0000001491|obs_0000013651|obs_0000024661|obs_0000028908|obs_0000003186|obs_0000007859|obs_0000023768|obs_0000032484|obs_0000024192|obs_0000025976|obs_0000030978|obs_0000007431|obs_0000029467|obs_0000007234|obs_0000029939,obs_0000026814|obs_0000014146|obs_0000012775|obs_0000001018|obs_0000001019|obs_0000011008
Salzburger Dürre,Keine Marke,"€ 2,99","€ 3,49","1 kg = 5,98",nach Art einer Kochsalami,Nein,"Wochenangebote gültig von Montag, 30.03.26 - Samstag, 04.04.26",30.03.26,04.04.26,../images/netto/netto_offer_317.jpg,"cat_getraenke,diet_gluten_free,diet_lactose_free,diet_vegan,diet_vegetarian,tag_whole_food",,,ref_000317,obs_0000027078,obs_0000027078
Echt ungarische Salami,Keine Marke,"€ 4,49","€ 4,99","1 kg = 11,23",,Nein,"Wochenangebote gültig von Montag, 30.03.26 - Samstag, 04.04.26",30.03.26,04.04.26,../images/netto/netto_offer_318.jpg,"cat_fleisch_wurst,diet_lactose_free,diet_vegetarian,sub_wurst,tag_ultra_processed,tag_whole_food",,,ref_000318,obs_0000026053|obs_0000012300|obs_0000008393|obs_0000014108|obs_0000013166|obs_0000034178|obs_0000002611|obs_0000010316|obs_0000014932|obs_0000019030|obs_0000028273|obs_0000005781|obs_0000023205|obs_0000003239|obs_0000019666|obs_0000016602|obs_0000008425|obs_0000021226|obs_0000003307|obs_0000002285|obs_0000011010|obs_0000025355|obs_0000026898|obs_0000017184|obs_0000007987|obs_0000025934|obs_0000008039|obs_0000016755|obs_0000034176|obs_0000002957|obs_0000020407|obs_0000016328|obs_0000017375|obs_0000031198|obs_0000010234,obs_0000008393
Almighurt Joghurt,Ehrmann,"€ 0,39","€ 0,89","1 kg = 2,60","gekühlt, versch. Sorten",Nein,"Wochenangebote gültig von Montag, 30.03.26 - Samstag, 04.04.26",30.03.26,04.04.26,../images/netto/netto_offer_319.jpg,"cat_molkerei_kaese,diet_vegetarian,sub_joghurt_skyr_quark,sub_milchprodukte",,,ref_000319,obs_0000027740|obs_0000003093|obs_0000013502|obs_0000031451|obs_0000004902|obs_0000001348|obs_0000000360|obs_0000028525|obs_0000022905|obs_0000004475|obs_0000014217|obs_0000012194|obs_0000033699|obs_0000015270|obs_0000004048|obs_0000028641|obs_0000000497|obs_0000021506|obs_0000021508|obs_0000025171|obs_0000026710|obs_0000020687|obs_0000020689|obs_0000025811|obs_0000017127|obs_0000023284|obs_0000008703|obs_0000034580|obs_0000028966|obs_0000025392|obs_0000015673|obs_0000019794|obs_0000033696|obs_0000009663|obs_0000009180|obs_0000023030,obs_0000027740
Schofrulade,Keine Marke,"€ 2,99","€ 3,89","1 kg = 23,00","tiefgekühlt, versch. Sorten",Nein,"Wochenangebote gültig von Montag, 30.03.26 - Samstag, 04.04.26",30.03.26,04.04.26,../images/netto/netto_offer_320.jpg,"cat_getraenke,diet_gluten_free,diet_lactose_free,diet_vegan,diet_vegetarian,tag_ultra_processed,tag_whole_food",,BLS-S500000,ref_000320,obs_0000010491|obs_0000012334|obs_0000030428,obs_0000010491|obs_0000012334
Cr me fra che,Keine Marke,"€ 1,50","€ 1,98","1 kg = 3,75","gekühlt, Pur oder Kräuter, 30% Fett Einzelpreis: 0.99 (4.95 / kg)",Nein,"Wochenangebote gültig von Montag, 30.03.26 - Samstag, 04.04.26",30.03.26,04.04.26,../images/netto/netto_offer_321.jpg,"cat_obst_gemuese,diet_gluten_free,diet_lactose_free,diet_vegan,diet_vegetarian,sub_exoten,sub_frisches_gemuese,sub_frisches_obst,tag_ultra_processed,tag_whole_food",,,ref_000321,obs_0000034695|obs_0000001813|obs_0000009151|obs_0000023029|obs_0000016170|obs_0000021547|obs_0000020728|obs_0000013569|obs_0000015796|obs_0000011881|obs_0000007332|obs_0000032481,obs_0000034695|obs_0000001813|obs_0000009151|obs_0000023029
Sahnepudding,Landliebe,"€ 0,45","€ 0,99","1 kg = 3,00","gekühlt, versch. Sorten",Nein,"Wochenangebote gültig von Montag, 30.03.26 - Samstag, 04.04.26",30.03.26,04.04.26,../images/netto/netto_offer_322.jpg,"cat_molkerei_kaese,diet_vegetarian,sub_milchprodukte,sub_sahne_creme,tag_ultra_processed",,BLS-Y869143,ref_000322,obs_0000031130|obs_0000020772|obs_0000021591|obs_0000021849|obs_0000031713|obs_0000010129|obs_0000011462|obs_0000013995|obs_0000023381|obs_0000029475|obs_0000029659|obs_0000032349,obs_0000010129|obs_0000031130|obs_0000020772|obs_0000029475|obs_0000011462|obs_0000021591|obs_0000021849|obs_0000032349|obs_0000031713
Buttermilch Drink,Milram,"€ 1,29","€ 1,79","1 kg = 1,72","gekühlt, versch. Sorten",Nein,"Wochenangebote gültig von Montag, 30.03.26 - Samstag, 04.04.26",30.03.26,04.04.26,../images/netto/netto_offer_323.jpg,"cat_molkerei_kaese,diet_vegetarian,sub_butter_margarine,sub_kaese,sub_milchprodukte,tag_ultra_processed",,BLS-M150000,ref_000323,obs_0000026743|obs_0000010256|obs_0000032559|obs_0000026421,obs_0000026743|obs_0000032559
frische Landmilch,Landliebe,"€ 1,0","€ 1,75","pro Einheit = 1,00","gekühlt, 3,8% Fett",Nein,"Wochenangebote gültig von Montag, 30.03.26 - Samstag, 04.04.26",30.03.26,04.04.26,../images/netto/netto_offer_324.jpg,"cat_molkerei_kaese,diet_vegetarian,sub_kaese,sub_milchprodukte,sub_sahne_creme,tag_high_protein",,,ref_000324,,
Quarkwerk Quark Riegel,Keine Marke,"€ 0,69","€ 0,89","1 kg = 17,25","gekühlt, versch. Sorten",Nein,"Wochenangebote gültig von Montag, 30.03.26 - Samstag, 04.04.26",30.03.26,04.04.26,../images/netto/netto_offer_325.jpg,"cat_getraenke,diet_gluten_free,diet_lactose_free,diet_vegan,diet_vegetarian,sub_joghurt_skyr_quark,tag_ultra_processed,tag_whole_food",,,ref_000325,obs_0000014204|obs_0000011786|obs_0000013851|obs_0000016928|obs_0000027712|obs_0000033364|obs_0000015457|obs_0000010357|obs_0000017107|obs_0000014601|obs_0000030996|obs_0000025377|obs_0000022867|obs_0000010624|obs_0000012676|obs_0000001925|obs_0000016822|obs_0000019932|obs_0000008669|obs_0000012798,
Maxi Dessert Ei,Keine Marke,"€ 3,99","€ 4,99","1 kg = 24,94","Vanillequark, gekühlt Handpuppe ca. 17 cm groß",Nein,"Wochenangebote gültig von Montag, 30.03.26 - Samstag, 04.04.26",30.03.26,04.04.26,../images/netto/netto_offer_326.jpg,"cat_tiefkuehl,diet_gluten_free,diet_lactose_free,diet_vegan,diet_vegetarian,sub_tk_eis,tag_ultra_processed,tag_whole_food",,,ref_000326,obs_0000027668|obs_0000028087|obs_0000026635|obs_0000034715|obs_0000015382|obs_0000012336|obs_0000017969|obs_0000004175|obs_0000016979|obs_0000009845|obs_0000014488|obs_0000022199|obs_0000013586|obs_0000009519|obs_0000017731|obs_0000010617|obs_0000018839|obs_0000005029|obs_0000015792|obs_0000000443|obs_0000018932|obs_0000004602,obs_0000027668|obs_0000028087
Rahm - Spinat,iglo,"€ 1,99","€ 2,693,49","1 kg = 2,65","tiefgekühlt, versch. Sorten",Nein,"Wochenangebote gültig von Montag, 30.03.26 - Samstag, 04.04.26",30.03.26,04.04.26,../images/netto/netto_offer_327.jpg,"cat_tiefkuehl,diet_gluten_free,diet_lactose_free,diet_vegan,diet_vegetarian,sub_hackfleisch,sub_sahne_creme,sub_tk_fertiggerichte,sub_tk_gemuese,tag_high_protein,tag_whole_food",,,ref_000327,obs_0000014341|obs_0000031858|obs_0000010920|obs_0000010490|obs_0000016840|obs_0000023004|obs_0000014848|obs_0000025711|obs_0000020605|obs_0000026393|obs_0000021424|obs_0000030504|obs_0000032098|obs_0000029163|obs_0000033881|obs_0000031908|obs_0000022077|obs_0000018515|obs_0000022918,obs_0000014341|obs_0000004704|obs_0000031858|obs_0000010920|obs_0000004277|obs_0000000707|obs_0000000229|obs_0000010490|obs_0000003850|obs_0000030504|obs_0000032098|obs_0000016840|obs_0000023004|obs_0000029163|obs_0000014848
Flammkuchen oder Steinofen Pizza,Wagner,"€ 1,99","€ 3,49","pro Einheit = 6,63","tiefgekühlt, versch. Sorten",Nein,"Wochenangebote gültig von Montag, 30.03.26 - Samstag, 04.04.26",30.03.26,04.04.26,../images/netto/netto_offer_328.jpg,"cat_tiefkuehl,sub_tk_pizza,tag_ultra_processed",,,ref_000328,obs_0000012202|obs_0000014511|obs_0000015695|obs_0000005579|obs_0000006150|obs_0000006664|obs_0000007601|obs_0000008618|obs_0000026375|obs_0000002169|obs_0000002723|obs_0000025810|obs_0000018047|obs_0000010530|obs_0000027386|obs_0000003616|obs_0000013341|obs_0000005867|obs_0000022366|obs_0000023186|obs_0000023713|obs_0000023992|obs_0000024135|obs_0000024418,
Nestle Schöller Pirulo oder Kaktus-Eis,Keine Marke,"€ 2,22","€ 3,99","1 l = 5,48 - 6,34","tiefgekühlt, versch. Sorten",Nein,"Wochenangebote gültig von Montag, 30.03.26 - Samstag, 04.04.26",30.03.26,04.04.26,../images/netto/netto_offer_329.jpg,"cat_tiefkuehl,diet_gluten_free,diet_lactose_free,diet_vegan,diet_vegetarian,sub_tk_eis,tag_ultra_processed",,,ref_000329,obs_0000006504|obs_0000027503|obs_0000018692|obs_0000025743|obs_0000017710|obs_0000034392|obs_0000011490|obs_0000025829|obs_0000013168,
Gutshofe-Ei Wachteleier,Keine Marke,"€ 2,99","€ 3,39","pro Einheit = 2,99",,Nein,"Wochenangebote gültig von Montag, 30.03.26 - Samstag, 04.04.26",30.03.26,04.04.26,../images/netto/netto_offer_330.jpg,"cat_obst_gemuese,diet_gluten_free,diet_lactose_free,diet_vegan,diet_vegetarian,tag_ultra_processed,tag_whole_food",,,ref_000330,,
Gü Cheesecake,Keine Marke,"€ 2,99","€ 3,49","1 kg = 16,25 - 18,69","gekühlt, versch. Sorten",Nein,"Wochenangebote gültig von Montag, 30.03.26 - Samstag, 04.04.26",30.03.26,04.04.26,../images/netto/netto_offer_331.jpg,"cat_obst_gemuese,diet_gluten_free,diet_lactose_free,diet_vegan,diet_vegetarian,sub_exoten,sub_frisches_gemuese,sub_frisches_obst,tag_ultra_processed,tag_whole_food",,,ref_000331,,
Hirtenkäse,Peynoos,"€ 6,49","€ 7,29","pro Einheit = 6,49",gekühlt,Nein,"Wochenangebote gültig von Montag, 30.03.26 - Samstag, 04.04.26",30.03.26,04.04.26,../images/netto/netto_offer_332.jpg,"cat_molkerei_kaese,sub_kaese,sub_milchprodukte",,,ref_000332,obs_0000010627|obs_0000021261|obs_0000001180|obs_0000016541|obs_0000008866|obs_0000024228|obs_0000006443|obs_0000021676|obs_0000019634|obs_0000018107|obs_0000020442|obs_0000013037|obs_0000023290|obs_0000023807|obs_0000022277|obs_0000018074|obs_0000017720|obs_0000020408|obs_0000022335|obs_0000017351|obs_0000018784|obs_0000024039|obs_0000025577|obs_0000021227|obs_0000000520|obs_0000013707|obs_0000029473|obs_0000001447|obs_0000025401|obs_0000006979|obs_0000029527|obs_0000032094|obs_0000006115,obs_0000010627|obs_0000021261|obs_0000001180|obs_0000016541|obs_0000008866|obs_0000024228|obs_0000006443|obs_0000021676|obs_0000019634|obs_0000018107|obs_0000020442|obs_0000013037|obs_0000023290|obs_0000023807
Petrella Frischkäse -zubereitung,Keine Marke,"€ 1,49","€ 2,29","1 kg = 11,92","gekühlt, versch. Sorten",Nein,"Wochenangebote gültig von Montag, 30.03.26 - Samstag, 04.04.26",30.03.26,04.04.26,../images/netto/netto_offer_333.jpg,"cat_molkerei_kaese,diet_vegetarian,sub_kaese,sub_milchprodukte,tag_ultra_processed",,,ref_000333,obs_0000028125|obs_0000000519|obs_0000016946|obs_0000026675|obs_0000017482|obs_0000022604|obs_0000029267|obs_0000017513|obs_0000018043|obs_0000022149|obs_0000028302|obs_0000025259|obs_0000020143|obs_0000018636|obs_0000022250|obs_0000018668|obs_0000027893|obs_0000019721|obs_0000022312|obs_0000024882|obs_0000010048|obs_0000024407|obs_0000009596|obs_0000002951|obs_0000003481|obs_0000019362|obs_0000023986|obs_0000020962|obs_0000017894,
Gouda gerieben,Keine Marke,"€ 3,33",,"1 kg = 6,66",gekühlt,Nein,"Wochenangebote gültig von Montag, 30.03.26 - Samstag, 04.04.26",30.03.26,04.04.26,../images/netto/netto_offer_334.jpg,"cat_obst_gemuese,diet_gluten_free,diet_lactose_free,diet_vegan,diet_vegetarian,sub_kaese,sub_milchprodukte,tag_whole_food",,,ref_000334,obs_0000034978|obs_0000028379,
Mozzarella Kugel,Keine Marke,"€ 0,69",,"1 kg = 5,52","gekühlt, versch. Sorten",Nein,"Wochenangebote gültig von Montag, 30.03.26 - Samstag, 04.04.26",30.03.26,04.04.26,../images/netto/netto_offer_335.jpg,"cat_molkerei_kaese,diet_gluten_free,diet_lactose_free,diet_vegan,diet_vegetarian,sub_kaese,sub_milchprodukte,tag_ultra_processed,tag_whole_food",,,ref_000335,obs_0000028023|obs_0000022609|obs_0000033882|obs_0000001647|obs_0000018031|obs_0000023202|obs_0000024234|obs_0000022241|obs_0000023806|obs_0000011043|obs_0000000816|obs_0000024894|obs_0000009077|obs_0000022394|obs_0000027551|obs_0000018366|obs_0000016326|obs_0000022485|obs_0000027613|obs_0000018430,
Giovanni Rana Pfannengnocchi,Keine Marke,"€ 2,29","€ 2,99","1 kg = 8,18","gekühlt, versch. Sorten",Nein,"Wochenangebote gültig von Montag, 30.03.26 - Samstag, 04.04.26",30.03.26,04.04.26,../images/netto/netto_offer_336.jpg,"cat_grundnahrung,diet_gluten_free,diet_lactose_free,diet_vegan,diet_vegetarian,sub_kartoffeln,sub_nudeln,tag_ultra_processed,tag_whole_food",,,ref_000336,,
Rama,Rama,"€ 1,29","€ 2,29","1 kg = 3,23",,Nein,"Wochenangebote gültig von Montag, 30.03.26 - Samstag, 04.04.26",30.03.26,04.04.26,../images/netto/netto_offer_337.jpg,"cat_molkerei_kaese,diet_vegetarian,sub_butter_margarine,tag_ultra_processed",,BLS-F559100,ref_000337,obs_0000005541|obs_0000030811|obs_0000032353|obs_0000006100|obs_0000029529|obs_0000030181|obs_0000032613|obs_0000029447|obs_0000032544|obs_0000007774|obs_0000005351|obs_0000031979|obs_0000031980|obs_0000032083|obs_0000029803|obs_0000007770,
Skyr,Arla,"€ 1,49","€ 1,99","1 kg = 3,31","gekühlt, versch. Sorten",Nein,"Wochenangebote gültig von Montag, 30.03.26 - Samstag, 04.04.26",30.03.26,04.04.26,../images/netto/netto_offer_338.jpg,"cat_molkerei_kaese,diet_vegetarian,sub_joghurt_skyr_quark,sub_milchprodukte,tag_high_protein,tag_proteinreich",,,ref_000338,obs_0000028831|obs_0000017572|obs_0000004900|obs_0000001901|obs_0000004473|obs_0000003453|obs_0000004046|obs_0000002541|obs_0000033797|obs_0000014939|obs_0000000634|obs_0000027871|obs_0000011028|obs_0000021512|obs_0000001055|obs_0000005152|obs_0000034383|obs_0000029805|obs_0000006803|obs_0000020693|obs_0000001773|obs_0000025357|obs_0000001329|obs_0000001871|obs_0000019791|obs_0000032090|obs_0000005543|obs_0000017966|obs_0000022196|obs_0000026630|obs_0000009765|obs_0000015423|obs_0000009301|obs_0000011877|obs_0000029839|obs_0000011081|obs_0000032598|obs_0000030179|obs_0000030972|obs_0000000814|obs_0000024892|obs_0000006098|obs_0000032830|obs_0000006304|obs_0000011883|obs_0000005374|obs_0000016130|obs_0000029109,obs_0000005152|obs_0000029805|obs_0000006803|obs_0000028831|obs_0000017572|obs_0000004900|obs_0000032090|obs_0000001901|obs_0000004473|obs_0000003453|obs_0000005543|obs_0000004046|obs_0000002541
Coffee B Kaffeemaschine,Keine Marke,"€ 20,0","€ 99,00","pro Einheit = 20,00",schwarz oder weiß,Nein,"Wochenangebote gültig von Montag, 30.03.26 - Samstag, 04.04.26",30.03.26,04.04.26,../images/netto/netto_offer_339.jpg,"cat_getraenke,diet_gluten_free,diet_lactose_free,diet_vegan,diet_vegetarian,tag_ultra_processed,tag_whole_food",,,ref_000339,obs_0000018694|obs_0000017426|obs_0000023958|obs_0000024747|obs_0000024383|obs_0000023532|obs_0000023539,
coffeeB Balls,Keine Marke,"€ 12,9","€ 15,96","1 kg = 58,82",versch. Sorten Einzelpreis 3.99 ( 78.24 / kg),Nein,"Wochenangebote gültig von Montag, 30.03.26 - Samstag, 04.04.26",30.03.26,04.04.26,../images/netto/netto_offer_340.jpg,"cat_getraenke,diet_gluten_free,diet_lactose_free,diet_vegan,diet_vegetarian,tag_ultra_processed,tag_whole_food",,,ref_000340,,obs_0000028018|obs_0000027444
Ländertee XXL,Teekanne,"€ 2,79","€ 3,19","1 kg = 25,36 - 31,00",versch. Sorten,Nein,"Wochenangebote gültig von Montag, 30.03.26 - Samstag, 04.04.26",30.03.26,04.04.26,../images/netto/netto_offer_341.jpg,"cat_getraenke,diet_vegan,diet_vegetarian,tag_ultra_processed",,,ref_000341,obs_0000012763|obs_0000013967,obs_0000006814|obs_0000030347|obs_0000005920
Nescaf Gold,Keine Marke,"€ 6,99","€ 11,99","1 kg = 34,95","löslicher Bohnenkaffee, versch. Sorten",Nein,"Wochenangebote gültig von Montag, 30.03.26 - Samstag, 04.04.26",30.03.26,04.04.26,../images/netto/netto_offer_342.jpg,"cat_getraenke,diet_gluten_free,diet_lactose_free,diet_vegan,diet_vegetarian,sub_exoten,sub_frisches_obst,tag_ultra_processed,tag_whole_food",,,ref_000342,obs_0000029715|obs_0000030693|obs_0000031776|obs_0000034007|obs_0000023259|obs_0000012629|obs_0000011104|obs_0000012669|obs_0000013227|obs_0000015276|obs_0000031712|obs_0000010721|obs_0000006120,obs_0000029715|obs_0000034007|obs_0000023259|obs_0000012629|obs_0000012669|obs_0000010721|obs_0000030693
Dallmayr Kaffeepads,Keine Marke,"€ 3,49","€ 4,99","1 kg = 17,81",versch. Sorten,Nein,"Wochenangebote gültig von Montag, 30.03.26 - Samstag, 04.04.26",30.03.26,04.04.26,../images/netto/netto_offer_343.jpg,"cat_getraenke,diet_gluten_free,diet_lactose_free,diet_vegan,diet_vegetarian,tag_whole_food",,,ref_000343,obs_0000006121|obs_0000009253|obs_0000000609|obs_0000001776|obs_0000033393|obs_0000009724,obs_0000000609|obs_0000006121
Coppenrath Wiese Cafeteria Kuchenschnitten,Keine Marke,"€ 3,69","€ 5,99","pro Einheit = 8,02","tiefgekühlt, versch. Sorten",Nein,"Wochenangebote gültig von Montag, 30.03.26 - Samstag, 04.04.26",30.03.26,04.04.26,../images/netto/netto_offer_344.jpg,"cat_obst_gemuese,diet_gluten_free,diet_lactose_free,diet_vegetarian,tag_ultra_processed,tag_whole_food",,,ref_000344,obs_0000006318|obs_0000026691|obs_0000005209,obs_0000026691
Magdalenas mit Kakao oder Zitrone,Keine Marke,"€ 2,29","€ 2,69","1 kg = 7,63 - 8,18",,Nein,"Wochenangebote gültig von Montag, 30.03.26 - Samstag, 04.04.26",30.03.26,04.04.26,../images/netto/netto_offer_345.jpg,"cat_getraenke,diet_gluten_free,diet_lactose_free,diet_vegan,diet_vegetarian,sub_frisches_obst,tag_ultra_processed,tag_whole_food",,,ref_000345,obs_0000020798|obs_0000031579|obs_0000029580|obs_0000013300|obs_0000021617|obs_0000021943|obs_0000032505,
Lieblings Hefezopf,Keine Marke,"€ 2,39","€ 2,69","1 kg = 5,43",versch. Sorten,Nein,"Wochenangebote gültig von Montag, 30.03.26 - Samstag, 04.04.26",30.03.26,04.04.26,../images/netto/netto_offer_346.jpg,"cat_fisch_meeresfruechte,diet_gluten_free,diet_lactose_free,diet_vegan,diet_vegetarian,tag_high_protein,tag_proteinreich,tag_ultra_processed,tag_whole_food",,,ref_000346,,
Obstboden oder Tortellets,Keine Marke,"€ 1,49","€ 1,99","1 kg = 7,45 - 10,64",,Nein,"Wochenangebote gültig von Montag, 30.03.26 - Samstag, 04.04.26",30.03.26,04.04.26,../images/netto/netto_offer_347.jpg,"cat_getraenke,diet_gluten_free,diet_lactose_free,diet_vegan,diet_vegetarian,sub_nudeln,tag_ultra_processed",,,ref_000347,,
Kaffeeservice Shanti,Keine Marke,"€ 39,99","€ 91,50","pro Einheit = 39,99","aus hochwertigem Porzellan, spülmaschinengeeignet, 18-teilig",Nein,"Wochenangebote gültig von Montag, 30.03.26 - Samstag, 04.04.26",30.03.26,04.04.26,../images/netto/netto_offer_348.jpg,"cat_getraenke,diet_gluten_free,diet_lactose_free,diet_vegan,diet_vegetarian,tag_whole_food",,,ref_000348,,
Carpaccio,Keine Marke,"€ 3,79","€ 4,79","1 kg = 31,58",vom irischen Weiderind mit nativem Olivenöl extra und Parmigiano Reggiano g.U.,Nein,"Wochenangebote gültig von Montag, 30.03.26 - Samstag, 04.04.26",30.03.26,04.04.26,../images/netto/netto_offer_349.jpg,"cat_obst_gemuese,diet_gluten_free,diet_lactose_free,diet_vegan,diet_vegetarian,sub_exoten,sub_frisches_gemuese,sub_frisches_obst,tag_ultra_processed,tag_whole_food",,,ref_000349,obs_0000024550|obs_0000031490|obs_0000002789|obs_0000007819|obs_0000002141|obs_0000002558|obs_0000004066|obs_0000003687|obs_0000017416|obs_0000004493|obs_0000018766|obs_0000000368|obs_0000019248|obs_0000004920|obs_0000007435|obs_0000007408|obs_0000032614,obs_0000024550
Olivenöl,Keine Marke,"€ 6,99",,"1 l = 13,98",100% Koroneiki-Oliven aus der Region Kalamata,Nein,"Wochenangebote gültig von Montag, 30.03.26 - Samstag, 04.04.26",30.03.26,04.04.26,../images/netto/netto_offer_350.jpg,"cat_obst_gemuese,diet_gluten_free,diet_lactose_free,diet_vegan,diet_vegetarian,tag_whole_food",,BLS-Q120000,ref_000350,obs_0000002836|obs_0000001438|obs_0000009909|obs_0000011361|obs_0000009444|obs_0000013463|obs_0000012838|obs_0000005928|obs_0000015414|obs_0000007366|obs_0000014541|obs_0000009824|obs_0000014985|obs_0000021137|obs_0000000536|obs_0000025631|obs_0000032416|obs_0000022319|obs_0000021940|obs_0000012351|obs_0000011075|obs_0000020167|obs_0000027595|obs_0000028880|obs_0000025043|obs_0000008020|obs_0000020318|obs_0000000095|obs_0000013794|obs_0000014304|obs_0000029674|obs_0000015852|obs_0000008430|obs_0000020986|obs_0000018950|obs_0000034833|obs_0000028952|obs_0000033698|obs_0000034212|obs_0000018480|obs_0000005177|obs_0000002495|obs_0000001216|obs_0000028869|obs_0000018248|obs_0000008793|obs_0000034888|obs_0000034420|obs_0000003325|obs_0000007186,obs_0000002836|obs_0000001438|obs_0000009909|obs_0000011361|obs_0000009444
Antipasti Teller Mix,Keine Marke,"€ 4,99",,"1 kg = 10,73 - 12,79","gekühlt, versch. Sorten",Nein,"Wochenangebote gültig von Montag, 30.03.26 - Samstag, 04.04.26",30.03.26,04.04.26,../images/netto/netto_offer_351.jpg,"cat_obst_gemuese,diet_gluten_free,diet_lactose_free,diet_vegan,diet_vegetarian,sub_frisches_gemuese,tag_ultra_processed,tag_whole_food",,BLS-X572212,ref_000351,obs_0000023214|obs_0000025834|obs_0000032508|obs_0000024700|obs_0000023208|obs_0000027889|obs_0000011506|obs_0000007945|obs_0000012554|obs_0000008008|obs_0000025005|obs_0000028103,
Feinkostsalate,Keine Marke,"€ 1,79",,"1 kg = 14,32","gekühlt, versch. Sorten",Nein,"Wochenangebote gültig von Montag, 30.03.26 - Samstag, 04.04.26",30.03.26,04.04.26,../images/netto/netto_offer_352.jpg,"cat_obst_gemuese,diet_gluten_free,diet_lactose_free,diet_vegan,diet_vegetarian,sub_frisches_gemuese,sub_salate,tag_whole_food",,,ref_000352,obs_0000010178,obs_0000010178
Ziegentaler im Speckmantel,Keine Marke,"€ 2,99",,"1 kg = 24,92",gekühlt,Nein,"Wochenangebote gültig von Montag, 30.03.26 - Samstag, 04.04.26",30.03.26,04.04.26,../images/netto/netto_offer_353.jpg,"cat_obst_gemuese,diet_gluten_free,diet_lactose_free,diet_vegan,diet_vegetarian,tag_whole_food",,,ref_000353,obs_0000014904|obs_0000016975|obs_0000002222|obs_0000019192|obs_0000016333|obs_0000018925,
Manuka Honig aus Neuseeland,Keine Marke,"€ 9,99",,"1 kg = 39,96",,Nein,"Wochenangebote gültig von Montag, 30.03.26 - Samstag, 04.04.26",30.03.26,04.04.26,../images/netto/netto_offer_354.jpg,"cat_getraenke,diet_gluten_free,diet_lactose_free,diet_vegan,diet_vegetarian,tag_whole_food",,,ref_000354,obs_0000004625|obs_0000001190|obs_0000005052|obs_0000016199|obs_0000000463|obs_0000019292|obs_0000004198|obs_0000019951|obs_0000017010|obs_0000017124,
Wildlachsfilet,Keine Marke,"€ 6,99",,"1 kg = 9,99","tiefgekühlt, versch. Sorten",Nein,"Wochenangebote gültig von Montag, 30.03.26 - Samstag, 04.04.26",30.03.26,04.04.26,../images/netto/netto_offer_355.jpg,"cat_fisch_meeresfruechte,diet_gluten_free,diet_lactose_free,diet_vegan,sub_tk_fertiggerichte,tag_high_protein,tag_proteinreich,tag_whole_food",,BLS-T417100,ref_000355,obs_0000016612|obs_0000018791|obs_0000013483|obs_0000017331|obs_0000019068|obs_0000024582|obs_0000011498|obs_0000024576|obs_0000002631|obs_0000002729|obs_0000002956|obs_0000002515|obs_0000003283|obs_0000003286,obs_0000016612|obs_0000018791|obs_0000013483|obs_0000017331|obs_0000019068
Burrata di bufala,Keine Marke,"€ 1,79",,"1 kg = 17,90",gekühlt,Nein,"Wochenangebote gültig von Montag, 30.03.26 - Samstag, 04.04.26",30.03.26,04.04.26,../images/netto/netto_offer_356.jpg,"cat_obst_gemuese,diet_gluten_free,diet_lactose_free,diet_vegan,diet_vegetarian,tag_ultra_processed,tag_whole_food",,,ref_000356,obs_0000031484|obs_0000019558|obs_0000032377|obs_0000031483|obs_0000030585|obs_0000006621|obs_0000000530|obs_0000004135|obs_0000023180|obs_0000000144|obs_0000011029|obs_0000008005|obs_0000004989|obs_0000000420|obs_0000015803|obs_0000004562|obs_0000003048,obs_0000031484
Neuseeländische Lammlachse,Keine Marke,"€ 3,50",,"1 kg = 34,95","mariniert in feiner Kräuterbuttermarinade, ca. 200 g",Nein,"Wochenangebote gültig von Montag, 30.03.26 - Samstag, 04.04.26",30.03.26,04.04.26,../images/netto/netto_offer_357.jpg,"cat_fisch_meeresfruechte,diet_gluten_free,diet_lactose_free,diet_vegetarian,tag_whole_food",,,ref_000357,obs_0000025794|obs_0000029207|obs_0000010044,
Tortelloni oder Ravioli,Keine Marke,"€ 1,99",,"1 kg = 7,96","gekühlt, versch. Sorten",Nein,"Wochenangebote gültig von Montag, 30.03.26 - Samstag, 04.04.26",30.03.26,04.04.26,../images/netto/netto_offer_358.jpg,"cat_grundnahrung,diet_gluten_free,diet_lactose_free,diet_vegan,diet_vegetarian,sub_nudeln,tag_ultra_processed",,,ref_000358,obs_0000008226|obs_0000014375|obs_0000004343|obs_0000000276|obs_0000010656|obs_0000012826|obs_0000008812|obs_0000004770|obs_0000027414|obs_0000011060|obs_0000003071|obs_0000003916|obs_0000010082,
Premium Pesto,Keine Marke,"€ 1,49","€ 1,99","1 kg = 7,84",versch. Sorten,Nein,"Wochenangebote gültig von Montag, 30.03.26 - Samstag, 04.04.26",30.03.26,04.04.26,../images/netto/netto_offer_359.jpg,"cat_getraenke,diet_gluten_free,diet_lactose_free,diet_vegan,diet_vegetarian,tag_ultra_processed,tag_whole_food",,,ref_000359,obs_0000000146|obs_0000018607|obs_0000016639|obs_0000025099|obs_0000023299|obs_0000019219|obs_0000011089|obs_0000015289|obs_0000011527|obs_0000011595|obs_0000019945|obs_0000015872|obs_0000013830|obs_0000001549|obs_0000020017|obs_0000003675|obs_0000014195,
Weizenbaguette,Keine Marke,"€ 1,3","€ 1,38","1 kg = 2,00",Einzelpreis: 0.69 (2.76 / kg Gilt nur in Filialen mit Backautomat!,Nein,"Wochenangebote gültig von Montag, 30.03.26 - Samstag, 04.04.26",30.03.26,04.04.26,../images/netto/netto_offer_360.jpg,"cat_grundnahrung,diet_gluten_free,diet_lactose_free,diet_vegan,diet_vegetarian,tag_whole_food",,BLS-B781200,ref_000360,obs_0000027457|obs_0000028106|obs_0000027968|obs_0000034946,obs_0000027457|obs_0000028106|obs_0000027968
Maille Dijon-Senf,Keine Marke,"€ 1,99","€ 2,79","1 l = 9,95",versch. Sorten,Nein,"Wochenangebote gültig von Montag, 30.03.26 - Samstag, 04.04.26",30.03.26,04.04.26,../images/netto/netto_offer_361.jpg,"cat_grundnahrung,diet_gluten_free,diet_lactose_free,diet_vegan,diet_vegetarian,tag_whole_food",,,ref_000361,obs_0000007952|obs_0000031212|obs_0000031031|obs_0000028473|obs_0000031812,obs_0000028473
Tessiner Senfsaucen,Keine Marke,"€ 2,49","€ 2,99","1 l = 41,50","gekühlt, versch. Sorten",Nein,"Wochenangebote gültig von Montag, 30.03.26 - Samstag, 04.04.26",30.03.26,04.04.26,../images/netto/netto_offer_362.jpg,"cat_getraenke,diet_gluten_free,diet_lactose_free,diet_vegan,diet_vegetarian,tag_ultra_processed,tag_whole_food",,,ref_000362,obs_0000017186|obs_0000019042|obs_0000016337,obs_0000017186|obs_0000019042|obs_0000015848|obs_0000016337|obs_0000024570
Spargel grün,Keine Marke,"€ 4,44",,"1 kg = 11,10","Italien / Spanien, Kl. I",Nein,"Wochenangebote gültig von Montag, 30.03.26 - Samstag, 04.04.26",30.03.26,04.04.26,../images/netto/netto_offer_363.jpg,"cat_obst_gemuese,diet_gluten_free,diet_lactose_free,diet_vegan,diet_vegetarian,sub_exoten,sub_frisches_obst,tag_ultra_processed,tag_whole_food",,BLS-G450100,ref_000363,obs_0000034717|obs_0000006079,obs_0000034717|obs_0000006079
Lacroix Fonds,Keine Marke,"€ 1,99","€ 3,39","1 l = 4,98",versch. Sorten,Nein,"Wochenangebote gültig von Montag, 30.03.26 - Samstag, 04.04.26",30.03.26,04.04.26,../images/netto/netto_offer_364.jpg,"cat_obst_gemuese,diet_gluten_free,diet_lactose_free,diet_vegan,diet_vegetarian,sub_frisches_obst,tag_ultra_processed,tag_whole_food",,,ref_000364,,obs_0000006824
Meica Ragout Fin,Keine Marke,"€ 3,49","€ 4,49","1 kg = 8,73",zartes Geflügel- und Kalbfleisch mit Champignons,Nein,"Wochenangebote gültig von Montag, 30.03.26 - Samstag, 04.04.26",30.03.26,04.04.26,../images/netto/netto_offer_365.jpg,"cat_fleisch_wurst,diet_gluten_free,diet_lactose_free,diet_vegan,diet_vegetarian,tag_ultra_processed,tag_whole_food",,,ref_000365,obs_0000030594|obs_0000032316,
Königinpasteten,Keine Marke,"€ 1,49","€ 1,99","1 kg = 9,93",,Nein,"Wochenangebote gültig von Montag, 30.03.26 - Samstag, 04.04.26",30.03.26,04.04.26,../images/netto/netto_offer_366.jpg,"cat_obst_gemuese,diet_gluten_free,diet_lactose_free,diet_vegan,diet_vegetarian,sub_frisches_gemuese,tag_whole_food",,,ref_000366,,
Italienische Bronze Pasta,Keine Marke,"€ 0,99","€ 1,89","1 kg = 1,98",versch. Ausformungen,Nein,"Wochenangebote gültig von Montag, 30.03.26 - Samstag, 04.04.26",30.03.26,04.04.26,../images/netto/netto_offer_367.jpg,"cat_grundnahrung,diet_gluten_free,diet_lactose_free,diet_vegan,diet_vegetarian,sub_nudeln,sub_tk_gemuese,tag_whole_food",,,ref_000367,obs_0000006302|obs_0000005740|obs_0000007357|obs_0000020003|obs_0000035104|obs_0000028733|obs_0000022097|obs_0000002663|obs_0000034419|obs_0000017082|obs_0000021187|obs_0000034026|obs_0000026899|obs_0000018196|obs_0000016662|obs_0000018708|obs_0000028496|obs_0000011092|obs_0000014165|obs_0000019293|obs_0000019845|obs_0000020368|obs_0000025518|obs_0000028607|obs_0000018893|obs_0000017359|obs_0000016866,
Franken Silvanerdurst Qualitätswein,Keine Marke,"€ 4,99","€ 5,99","1 l = 6,65",,Nein,"Wochenangebote gültig von Montag, 30.03.26 - Samstag, 04.04.26",30.03.26,04.04.26,../images/netto/netto_offer_368.jpg,"cat_getraenke,diet_lactose_free,diet_vegan",,,ref_000368,obs_0000027693|obs_0000005817|obs_0000027206|obs_0000006892|obs_0000028025|obs_0000026878|obs_0000011138|obs_0000008721|obs_0000013843|obs_0000013356|obs_0000014641|obs_0000015923|obs_0000012225|obs_0000011986,
Pircher Spirituosen,Keine Marke,"€ 14,99","€ 18,99","1 l = 21,41","versch. Sorten, 40 % Vol.",Nein,"Wochenangebote gültig von Montag, 30.03.26 - Samstag, 04.04.26",30.03.26,04.04.26,../images/netto/netto_offer_369.jpg,"cat_getraenke,diet_gluten_free,diet_lactose_free,diet_vegan,diet_vegetarian,tag_whole_food",,,ref_000369,,
Cr mant de Bordeaux weiß oder ros Schaumwein brut,Keine Marke,"€ 6,49",,"1 l = 8,65","Schaumwein, brut",Nein,"Wochenangebote gültig von Montag, 30.03.26 - Samstag, 04.04.26",30.03.26,04.04.26,../images/netto/netto_offer_370.jpg,"cat_getraenke,diet_gluten_free,diet_lactose_free,diet_vegan,diet_vegetarian,tag_ultra_processed",,,ref_000370,obs_0000024455|obs_0000001806|obs_0000024035|obs_0000008009,
Bonbons oder Feine Eier,Milka,"€ 1,99","€ 3,29","1 kg = 22,11 - 23,14",versch. Sorten,Nein,"Wochenangebote gültig von Montag, 30.03.26 - Samstag, 04.04.26",30.03.26,04.04.26,../images/netto/netto_offer_371.jpg,"cat_knabbern_naschen,diet_vegetarian,sub_milchprodukte,tag_ultra_processed",,,ref_000371,obs_0000034719|obs_0000006918|obs_0000008570,
Osternest,Milka,"€ 5,99","€ 7,99","1 kg = 30,25",,Nein,"Wochenangebote gültig von Montag, 30.03.26 - Samstag, 04.04.26",30.03.26,04.04.26,../images/netto/netto_offer_372.jpg,"cat_knabbern_naschen,diet_vegetarian,tag_ultra_processed",,,ref_000372,,
Edle Tropfen,Keine Marke,"€ 2,99","€ 3,59","1 kg = 14,95",versch. Sorten,Nein,"Wochenangebote gültig von Montag, 30.03.26 - Samstag, 04.04.26",30.03.26,04.04.26,../images/netto/netto_offer_373.jpg,"cat_obst_gemuese,diet_gluten_free,diet_lactose_free,diet_vegan,diet_vegetarian,sub_exoten,sub_frisches_gemuese,sub_frisches_obst,tag_ultra_processed,tag_whole_food",,,ref_000373,obs_0000008747|obs_0000014600|obs_0000000591|obs_0000015895,obs_0000008747
Funsch Marzipanfiguren,Keine Marke,"€ 1,99",,"1 kg = 39,80",versch. Sorten,Nein,"Wochenangebote gültig von Montag, 30.03.26 - Samstag, 04.04.26",30.03.26,04.04.26,../images/netto/netto_offer_374.jpg,"cat_obst_gemuese,diet_gluten_free,diet_lactose_free,diet_vegan,diet_vegetarian,sub_frisches_gemuese,sub_frisches_obst,tag_ultra_processed,tag_whole_food",,,ref_000374,,
Trolli Hoppla Hopp Fruchtgummi,Keine Marke,"€ 2,49","€ 2,99","1 kg = 6,92",,Nein,"Wochenangebote gültig von Montag, 30.03.26 - Samstag, 04.04.26",30.03.26,04.04.26,../images/netto/netto_offer_375.jpg,"cat_knabbern_naschen,diet_lactose_free,diet_vegan,diet_vegetarian,tag_ultra_processed",,,ref_000375,obs_0000034720|obs_0000017027|obs_0000001930|obs_0000002314|obs_0000019082|obs_0000019722|obs_0000002318|obs_0000020367|obs_0000002320|obs_0000021394|obs_0000024204|obs_0000016918|obs_0000025361|obs_0000016298|obs_0000020778|obs_0000025134|obs_0000020787|obs_0000021688|obs_0000025528|obs_0000011323|obs_0000021186|obs_0000013647|obs_0000016719|obs_0000014289|obs_0000017102|obs_0000017103|obs_0000027215|obs_0000027602|obs_0000021597|obs_0000020575|obs_0000023776|obs_0000021606|obs_0000023399|obs_0000010105|obs_0000002943,
After Eight,After Eight,"€ 2,29","€ 3,99","1 kg = 11,45",versch. Sorten,Nein,"Wochenangebote gültig von Montag, 30.03.26 - Samstag, 04.04.26",30.03.26,04.04.26,../images/netto/netto_offer_376.jpg,"cat_knabbern_naschen,tag_ultra_processed",,,ref_000376,obs_0000006576|obs_0000024899|obs_0000032700|obs_0000019693|obs_0000030673|obs_0000018327|obs_0000032156|obs_0000005470|obs_0000008691,obs_0000006576
Windel Geschenkkorb,Keine Marke,"€ 5,99","€ 8,99","1 kg = 53,48",enthält Alkohol,Nein,"Wochenangebote gültig von Montag, 30.03.26 - Samstag, 04.04.26",30.03.26,04.04.26,../images/netto/netto_offer_377.jpg,"cat_obst_gemuese,diet_gluten_free,diet_lactose_free,diet_vegan,diet_vegetarian,tag_ultra_processed,tag_whole_food",,,ref_000377,,
Osterei,Ferrero,"€ 2,99","€ 3,49","1 kg = 29,90",versch. Sorten,Nein,"Wochenangebote gültig von Montag, 30.03.26 - Samstag, 04.04.26",30.03.26,04.04.26,../images/netto/netto_offer_378.jpg,"cat_knabbern_naschen,diet_vegetarian,tag_ultra_processed",,,ref_000378,obs_0000013810|obs_0000013856|obs_0000024692|obs_0000030987|obs_0000013776,obs_0000013810
Lindt Pralinen Spezialitäten,Keine Marke,"€ 6,99","€ 8,99","1 kg = 55,92",versch. Sorten,Nein,"Wochenangebote gültig von Montag, 30.03.26 - Samstag, 04.04.26",30.03.26,04.04.26,../images/netto/netto_offer_379.jpg,"cat_obst_gemuese,diet_gluten_free,diet_lactose_free,diet_vegan,diet_vegetarian,sub_frisches_obst,tag_ultra_processed,tag_whole_food",,,ref_000379,obs_0000026095,
Lovelies,Merci,"€ 2,49","€ 3,49","1 kg = 13,46",versch. Sorten,Nein,"Wochenangebote gültig von Montag, 30.03.26 - Samstag, 04.04.26",30.03.26,04.04.26,../images/netto/netto_offer_380.jpg,"cat_non_food,tag_ultra_processed",,,ref_000380,obs_0000012392|obs_0000035097|obs_0000034393,obs_0000012392|obs_0000035097
Lindt Ostereier,Keine Marke,"€ 2,99","€ 4,99","1 kg = 29,90 - 35,18","versch. Sorten, enthält teilweise Alkohol",Nein,"Wochenangebote gültig von Montag, 30.03.26 - Samstag, 04.04.26",30.03.26,04.04.26,../images/netto/netto_offer_381.jpg,"cat_getraenke,diet_gluten_free,diet_lactose_free,diet_vegan,diet_vegetarian,tag_ultra_processed,tag_whole_food",,,ref_000381,,
Lindt Osterspezialitäten,Keine Marke,"€ 1,99","€ 2,69","1 kg = 49,75 - 56,86",versch. Sorten,Nein,"Wochenangebote gültig von Montag, 30.03.26 - Samstag, 04.04.26",30.03.26,04.04.26,../images/netto/netto_offer_382.jpg,"cat_fisch_meeresfruechte,diet_gluten_free,diet_lactose_free,diet_vegan,diet_vegetarian,tag_ultra_processed,tag_whole_food",,,ref_000382,,
Osterhase,Nestl,"€ 1,69","€ 2,19","1 kg = 33,80 - 37,56",versch. Sorten,Nein,"Wochenangebote gültig von Montag, 30.03.26 - Samstag, 04.04.26",30.03.26,04.04.26,../images/netto/netto_offer_383.jpg,"cat_knabbern_naschen,tag_ultra_processed",,,ref_000383,obs_0000024716|obs_0000024717|obs_0000001703|obs_0000001708|obs_0000013811|obs_0000013777,obs_0000024716|obs_0000024717|obs_0000001703|obs_0000001708|obs_0000013811
Schüttel mich Ei,Milka,"€ 3,49","€ 3,99","1 kg = 35,98",,Nein,"Wochenangebote gültig von Montag, 30.03.26 - Samstag, 04.04.26",30.03.26,04.04.26,../images/netto/netto_offer_384.jpg,"cat_knabbern_naschen,diet_vegetarian,tag_ultra_processed",,,ref_000384,,
Ritter Sport Schokowürfel,Keine Marke,"€ 2,99","€ 4,29","1 kg = 16,99",versch. Sorten,Nein,"Wochenangebote gültig von Montag, 30.03.26 - Samstag, 04.04.26",30.03.26,04.04.26,../images/netto/netto_offer_385.jpg,"cat_knabbern_naschen,diet_gluten_free,diet_vegetarian,tag_proteinreich,tag_ultra_processed",,,ref_000385,obs_0000005654|obs_0000030307|obs_0000006035|obs_0000032007|obs_0000032690|obs_0000029001|obs_0000032476|obs_0000026946,obs_0000006035|obs_0000005654|obs_0000026946|obs_0000030307
Prinzen Rolle,Keine Marke,"€ 1,69","€ 2,49","1 kg = 3,76 - 4,23",versch. Sorten,Nein,"Wochenangebote gültig von Montag, 30.03.26 - Samstag, 04.04.26",30.03.26,04.04.26,../images/netto/netto_offer_386.jpg,"cat_obst_gemuese,diet_gluten_free,diet_lactose_free,diet_vegan,diet_vegetarian,tag_ultra_processed,tag_whole_food",,,ref_000386,obs_0000025729|obs_0000005023|obs_0000000439|obs_0000004169|obs_0000031709|obs_0000027884|obs_0000033650|obs_0000004596|obs_0000003067|obs_0000005280|obs_0000006232|obs_0000026331|obs_0000007285|obs_0000030670|obs_0000030672,obs_0000025729|obs_0000005023|obs_0000000439|obs_0000004169|obs_0000031709|obs_0000027884|obs_0000033650|obs_0000004596|obs_0000003067
Premium Apfel Direktsaft naturtrüb,Keine Marke,"€ 1,11","€ 1,29","pro Einheit = 1,11",,Nein,"Wochenangebote gültig von Montag, 30.03.26 - Samstag, 04.04.26",30.03.26,04.04.26,../images/netto/netto_offer_387.jpg,"cat_getraenke,diet_gluten_free,diet_lactose_free,diet_vegan,diet_vegetarian,sub_frisches_obst,tag_whole_food",,,ref_000387,obs_0000018765|obs_0000021146|obs_0000020327|obs_0000010908|obs_0000013831|obs_0000018760|obs_0000011595|obs_0000013830,
Säfte,Keine Marke,"€ 1,99","€ 2,45","pro Einheit = 1,99",Ananas oder Orange,Nein,"Wochenangebote gültig von Montag, 30.03.26 - Samstag, 04.04.26",30.03.26,04.04.26,../images/netto/netto_offer_388.jpg,"cat_getraenke,diet_gluten_free,diet_lactose_free,diet_vegan,diet_vegetarian,sub_exoten,sub_frisches_gemuese,sub_frisches_obst,tag_whole_food",,,ref_000388,obs_0000026244|obs_0000027592|obs_0000027100|obs_0000028381|obs_0000024485|obs_0000013865|obs_0000028754|obs_0000024060|obs_0000015483|obs_0000014205|obs_0000031884|obs_0000014003|obs_0000019655|obs_0000026587|obs_0000009064|obs_0000025596|obs_0000005271|obs_0000007269|obs_0000032129|obs_0000029974|obs_0000031344,obs_0000026244|obs_0000027592|obs_0000027100|obs_0000028381
Traubensaft,Keine Marke,"€ 1,11","€ 1,49","pro Einheit = 1,11",,Nein,"Wochenangebote gültig von Montag, 30.03.26 - Samstag, 04.04.26",30.03.26,04.04.26,../images/netto/netto_offer_389.jpg,"cat_obst_gemuese,diet_gluten_free,diet_lactose_free,diet_vegan,diet_vegetarian,sub_frisches_obst,tag_whole_food",,BLS-F310600,ref_000389,obs_0000008061|obs_0000029411,
Gönrgy Energy Drink,Keine Marke,"€ 1,2","€ 1,49","1 l = 2,00","taurin- & koffeinhaltig, versch. Sorten",Nein,"Wochenangebote gültig von Montag, 30.03.26 - Samstag, 04.04.26",30.03.26,04.04.26,../images/netto/netto_offer_390.jpg,"cat_getraenke,diet_lactose_free,diet_vegan,tag_ultra_processed",,,ref_000390,obs_0000030404|obs_0000032717|obs_0000010758|obs_0000022027|obs_0000028180|obs_0000016414|obs_0000020512|obs_0000026684|obs_0000021058|obs_0000011333|obs_0000024154|obs_0000011355|obs_0000002158|obs_0000026742|obs_0000018063|obs_0000031887|obs_0000017046|obs_0000025242|obs_0000002214|obs_0000013993|obs_0000027310|obs_0000023733|obs_0000000193|obs_0000004816|obs_0000033497|obs_0000027877|obs_0000026353|obs_0000019186|obs_0000008960|obs_0000025348|obs_0000023301|obs_0000026886|obs_0000020239|obs_0000018194|obs_0000004389|obs_0000028455|obs_0000024876|obs_0000013614|obs_0000000304|obs_0000034110|obs_0000010050|obs_0000014658|obs_0000022864|obs_0000021331|obs_0000021846|obs_0000018775|obs_0000028526|obs_0000013175|obs_0000003962|obs_0000001917,obs_0000026684|obs_0000030404|obs_0000032717
Valensina Saft oder Nektar,Keine Marke,"€ 1,79","€ 2,49","pro Einheit = 1,79",versch. Sorten,Nein,"Wochenangebote gültig von Montag, 30.03.26 - Samstag, 04.04.26",30.03.26,04.04.26,../images/netto/netto_offer_391.jpg,"cat_getraenke,diet_gluten_free,diet_lactose_free,diet_vegan,diet_vegetarian,tag_ultra_processed",,,ref_000391,obs_0000015054|obs_0000005825|obs_0000006726|obs_0000007092|obs_0000029012|obs_0000005441|obs_0000030301|obs_0000005999|obs_0000006360|obs_0000031003|obs_0000031005|obs_0000006549|obs_0000032441|obs_0000032472|obs_0000032918|obs_0000024985|obs_0000016953|obs_0000017106|obs_0000025618|obs_0000033872|obs_0000034047|obs_0000017915|obs_0000026144|obs_0000034438|obs_0000026383|obs_0000010200|obs_0000026785|obs_0000027142|obs_0000019142|obs_0000027674|obs_0000027982|obs_0000028181|obs_0000020223|obs_0000028431|obs_0000021042|obs_0000022436|obs_0000022514,
Spezi,Paulaner,"€ 0,89","€ 1,15","1 l = 1,78","koffeinhaltig, versch. Sorten",Nein,"Wochenangebote gültig von Montag, 30.03.26 - Samstag, 04.04.26",30.03.26,04.04.26,../images/netto/netto_offer_392.jpg,"cat_getraenke,tag_ultra_processed",,,ref_000392,obs_0000027152|obs_0000010907|obs_0000022812|obs_0000033836|obs_0000012863|obs_0000026321|obs_0000013907|obs_0000000637|obs_0000027903|obs_0000010207|obs_0000034439|obs_0000012187|obs_0000015662|obs_0000006363|obs_0000031347|obs_0000005456|obs_0000030685|obs_0000014342|obs_0000005257|obs_0000007080|obs_0000005812|obs_0000032720,obs_0000027152|obs_0000010907|obs_0000022812|obs_0000033836|obs_0000012863|obs_0000005456|obs_0000026321|obs_0000013907|obs_0000000637|obs_0000027903
Bionade Biologisches Erfrischungsgetränk,Keine Marke,"€ 8,49","€ 11,79","1 l = 2,14",versch. Sorten,Nein,"Wochenangebote gültig von Montag, 30.03.26 - Samstag, 04.04.26",30.03.26,04.04.26,../images/netto/netto_offer_393.jpg,"cat_getraenke,diet_lactose_free,diet_vegan,diet_vegetarian,tag_ultra_processed,tag_whole_food",,,ref_000393,obs_0000011154|obs_0000018552|obs_0000031004|obs_0000010013|obs_0000017948|obs_0000029983|obs_0000014624|obs_0000015906|obs_0000009895|obs_0000009513|obs_0000022058|obs_0000022185|obs_0000023728|obs_0000013619|obs_0000008378|obs_0000011968|obs_0000023744|obs_0000015052|obs_0000023247|obs_0000030930|obs_0000009431|obs_0000024155|obs_0000024168|obs_0000010736|obs_0000015479|obs_0000012664|obs_0000013177|obs_0000012413,
Gerolsteiner Mineralwasser,Keine Marke,"€ 4,99","€ 6,54","1 l = 0,55",versch. Sorten Einzelpreis 0.99 zzgl. Pfand 0.25 ( 0.66 / l),Nein,"Wochenangebote gültig von Montag, 30.03.26 - Samstag, 04.04.26",30.03.26,04.04.26,../images/netto/netto_offer_394.jpg,"cat_getraenke,diet_gluten_free,diet_lactose_free,diet_vegan,diet_vegetarian",,,ref_000394,obs_0000031394|obs_0000029014|obs_0000005642|obs_0000006220|obs_0000027653|obs_0000034851|obs_0000015908|obs_0000031797|obs_0000026205|obs_0000008801|obs_0000003689|obs_0000015481|obs_0000031867|obs_0000012414|obs_0000031871|obs_0000028800|obs_0000034437|obs_0000008841|obs_0000009353|obs_0000028841|obs_0000027836|obs_0000011969|obs_0000021185|obs_0000027856|obs_0000008437|obs_0000034043|obs_0000034044|obs_0000009985|obs_0000028931|obs_0000035059|obs_0000010519|obs_0000031006|obs_0000014625|obs_0000028968|obs_0000026948|obs_0000028493|obs_0000008537|obs_0000011123|obs_0000028537|obs_0000028027|obs_0000020366|obs_0000028603|obs_0000034235|obs_0000034238|obs_0000026570|obs_0000013773|obs_0000025562|obs_0000028654|obs_0000014332,obs_0000027653|obs_0000031867|obs_0000031394|obs_0000027836|obs_0000021185|obs_0000029014|obs_0000020366|obs_0000025562
Corona Lager Extra,Keine Marke,"€ 14,99",,"1 l = 2,11",,Nein,"Wochenangebote gültig von Montag, 30.03.26 - Samstag, 04.04.26",30.03.26,04.04.26,../images/netto/netto_offer_395.jpg,"cat_getraenke,diet_gluten_free,diet_lactose_free,diet_vegan,diet_vegetarian",,,ref_000395,obs_0000030610|obs_0000002069|obs_0000014367|obs_0000015501|obs_0000012446|obs_0000015088|obs_0000008991|obs_0000013624|obs_0000019269|obs_0000011593|obs_0000013180|obs_0000012176|obs_0000026617,
Zinselhof Liköre,Keine Marke,"€ 5,49",,"1 l = 10,98","versch. Sorten, 17 – 20% Vol.",Nein,"Wochenangebote gültig von Montag, 30.03.26 - Samstag, 04.04.26",30.03.26,04.04.26,../images/netto/netto_offer_396.jpg,"cat_getraenke,diet_gluten_free,diet_lactose_free,diet_vegan,diet_vegetarian,tag_whole_food",,,ref_000396,obs_0000015484|obs_0000012224,
Eckes Liköre,Keine Marke,"€ 5,49","€ 6,99","1 l = 10,56 - 10,98","versch. Sorten, 15 - 20 % Vol. 0,02 Liter Weisser Pfirsich GRATIS!",Nein,"Wochenangebote gültig von Montag, 30.03.26 - Samstag, 04.04.26",30.03.26,04.04.26,../images/netto/netto_offer_397.jpg,"cat_getraenke,diet_gluten_free,diet_lactose_free,diet_vegan,diet_vegetarian,tag_ultra_processed,tag_whole_food",,,ref_000397,obs_0000015484|obs_0000012224,obs_0000006564
Krombacher Pils,Keine Marke,"€ 11,99","€ 17,99","1 l = 1,20",,Nein,"Wochenangebote gültig von Montag, 30.03.26 - Samstag, 04.04.26",30.03.26,04.04.26,../images/netto/netto_offer_398.jpg,"cat_getraenke,diet_vegetarian",,,ref_000398,obs_0000030755|obs_0000032735|obs_0000010755|obs_0000013338|obs_0000033823|obs_0000026170|obs_0000015941|obs_0000012871|obs_0000028759|obs_0000024176|obs_0000028275|obs_0000034423|obs_0000012448|obs_0000030400|obs_0000027329|obs_0000016578|obs_0000019656|obs_0000023756|obs_0000028878|obs_0000035035|obs_0000028408|obs_0000028937|obs_0000008467|obs_0000027944|obs_0000004922|obs_0000028500|obs_0000030556|obs_0000017247|obs_0000000370|obs_0000014202|obs_0000010120|obs_0000004495|obs_0000034708|obs_0000010165|obs_0000028614|obs_0000026062|obs_0000031695|obs_0000032730|obs_0000003041|obs_0000004068|obs_0000013819|obs_0000031740,obs_0000030755|obs_0000026170|obs_0000015941|obs_0000012871|obs_0000027329|obs_0000004922|obs_0000000370|obs_0000004495|obs_0000034708|obs_0000010165|obs_0000031695|obs_0000032735|obs_0000003041|obs_0000004068
Weißbier Hell oder Alkoholfrei,Erdinger,"€ 14,99","€ 21,29","1 l = 1,50",,Nein,"Wochenangebote gültig von Montag, 30.03.26 - Samstag, 04.04.26",30.03.26,04.04.26,../images/netto/netto_offer_399.jpg,cat_getraenke,,,ref_000399,obs_0000011368|obs_0000015092|obs_0000034431|obs_0000031617|obs_0000005811|obs_0000006711|obs_0000007680|obs_0000000862|obs_0000035046|obs_0000027553|obs_0000029258|obs_0000007888|obs_0000034223|obs_0000011150|obs_0000008658|obs_0000034225|obs_0000009785|obs_0000034475|obs_0000034487|obs_0000009915|obs_0000034841|obs_0000035037|obs_0000035038|obs_0000010541|obs_0000027336|obs_0000027350|obs_0000028367|obs_0000011994|obs_0000028550|obs_0000028667|obs_0000028886|obs_0000028962|obs_0000028970|obs_0000006377|obs_0000014654|obs_0000031386|obs_0000031388|obs_0000031751|obs_0000031911,obs_0000011368|obs_0000015092
Weingold Rivaner Grauer Burgunder oder Müller-Thurgau Qualitätswein,Keine Marke,"€ 3,49","€ 4,49","1 l = 4,65",,Nein,"Wochenangebote gültig von Montag, 30.03.26 - Samstag, 04.04.26",30.03.26,04.04.26,../images/netto/netto_offer_400.jpg,cat_getraenke,,,ref_000400,obs_0000026591|obs_0000003331|obs_0000009107|obs_0000009237|obs_0000034725|obs_0000002225|obs_0000011585|obs_0000034879|obs_0000014060|obs_0000035029|obs_0000035025|obs_0000034426,
Volvic Tee oder Touch,Keine Marke,"€ 1,29","€ 1,89","1 l = 0,86",versch. Sorten,Nein,"Wochenangebote gültig von Montag, 30.03.26 - Samstag, 04.04.26",30.03.26,04.04.26,../images/netto/netto_offer_401.jpg,"cat_getraenke,diet_gluten_free,diet_lactose_free,diet_vegan,diet_vegetarian,tag_ultra_processed,tag_whole_food",,,ref_000401,obs_0000029416|obs_0000030297|obs_0000005824|obs_0000006723|obs_0000031346|obs_0000034436|obs_0000015053|obs_0000024690|obs_0000016641|obs_0000008687|obs_0000025412|obs_0000001349|obs_0000018054|obs_0000034846|obs_0000026894|obs_0000018960|obs_0000019231|obs_0000028312|obs_0000020428|obs_0000020568|obs_0000021247|obs_0000021387|obs_0000021761|obs_0000022129|obs_0000014277|obs_0000022599|obs_0000023245|obs_0000023661,obs_0000005824|obs_0000006723
Edition Valentin Vogel Weine,Keine Marke,"€ 3,99","€ 4,99","1 l = 5,32",versch. Sorten,Nein,"Wochenangebote gültig von Montag, 30.03.26 - Samstag, 04.04.26",30.03.26,04.04.26,../images/netto/netto_offer_402.jpg,"cat_getraenke,diet_gluten_free,diet_lactose_free,diet_vegan,diet_vegetarian,tag_ultra_processed,tag_whole_food",,,ref_000402,obs_0000027071|obs_0000026968|obs_0000028009,obs_0000027071
Calla,Keine Marke,"€ 6,99",,"pro Einheit = 6,99","ca. 35 cm hoch, versch. Farben Ø = 12 cm",Nein,"Wochenangebote gültig von Montag, 30.03.26 - Samstag, 04.04.26",30.03.26,04.04.26,../images/netto/netto_offer_403.jpg,"cat_obst_gemuese,diet_gluten_free,diet_lactose_free,diet_vegan,diet_vegetarian,sub_exoten,sub_frisches_obst,tag_ultra_processed,tag_whole_food",,BLS-X890933,ref_000403,obs_0000002124|obs_0000012641,obs_0000002124
Kalanchoe,Keine Marke,"€ 5,99",,"pro Einheit = 5,99","in Osterhase, ca. 20 cm hoch, versch. Ausführungen",Nein,"Wochenangebote gültig von Montag, 30.03.26 - Samstag, 04.04.26",30.03.26,04.04.26,../images/netto/netto_offer_404.jpg,"cat_obst_gemuese,diet_gluten_free,diet_lactose_free,diet_vegan,diet_vegetarian,sub_exoten,sub_frisches_gemuese,sub_frisches_obst,tag_ultra_processed,tag_whole_food",,,ref_000404,obs_0000011402|obs_0000014827|obs_0000027150|obs_0000017724|obs_0000018750|obs_0000022062|obs_0000018385|obs_0000012650|obs_0000034920|obs_0000012747,obs_0000011402|obs_0000014827|obs_0000027150|obs_0000017724|obs_0000018750
Narzissen,Keine Marke,"€ 3,99",,"pro Einheit = 3,99","ca. 15 cm hoch, Ø = 16 cm",Nein,"Wochenangebote gültig von Montag, 30.03.26 - Samstag, 04.04.26",30.03.26,04.04.26,../images/netto/netto_offer_405.jpg,"cat_obst_gemuese,diet_gluten_free,diet_lactose_free,diet_vegan,diet_vegetarian,sub_exoten,sub_frisches_obst,tag_ultra_processed,tag_whole_food",,,ref_000405,obs_0000030050|obs_0000030733|obs_0000022590|obs_0000030056,obs_0000030050
Ostergesteck,Keine Marke,"€ 6,99",,"pro Einheit = 6,99","ca. 15 – 30 cm hoch, versch. Ausführungen",Nein,"Wochenangebote gültig von Montag, 30.03.26 - Samstag, 04.04.26",30.03.26,04.04.26,../images/netto/netto_offer_406.jpg,"cat_obst_gemuese,diet_gluten_free,diet_lactose_free,diet_vegan,diet_vegetarian,sub_frisches_gemuese,tag_ultra_processed,tag_whole_food",,,ref_000406,,
Narzisse,Keine Marke,"€ 5,99",,"pro Einheit = 5,99","ca. 20 cm hoch, versch. Varianten Ø = 13 cm",Nein,"Wochenangebote gültig von Montag, 30.03.26 - Samstag, 04.04.26",30.03.26,04.04.26,../images/netto/netto_offer_407.jpg,"cat_getraenke,diet_gluten_free,diet_lactose_free,diet_vegan,diet_vegetarian,sub_exoten,sub_frisches_gemuese,sub_frisches_obst,tag_ultra_processed,tag_whole_food",,,ref_000407,obs_0000029392|obs_0000029064|obs_0000029747|obs_0000031367|obs_0000031069,obs_0000029392
Chrysantheme,Keine Marke,"€ 4,99",,"pro Einheit = 4,99","ca. 30 cm hoch, versch. Farben, Ø = 14 cm, in Geschenkverpackung",Nein,"Wochenangebote gültig von Montag, 30.03.26 - Samstag, 04.04.26",30.03.26,04.04.26,../images/netto/netto_offer_408.jpg,"cat_obst_gemuese,diet_gluten_free,diet_lactose_free,diet_vegan,diet_vegetarian,tag_whole_food",,,ref_000408,obs_0000027625|obs_0000027797|obs_0000003079|obs_0000012640,obs_0000027625|obs_0000027797|obs_0000003079
Orchideengesteck,Keine Marke,"€ 9,99",,"pro Einheit = 9,99","Cymbidien, ca. 20 cm hoch, versch. Ausführungen",Nein,"Wochenangebote gültig von Montag, 30.03.26 - Samstag, 04.04.26",30.03.26,04.04.26,../images/netto/netto_offer_409.jpg,"cat_obst_gemuese,diet_gluten_free,diet_lactose_free,diet_vegan,diet_vegetarian,tag_whole_food",,,ref_000409,,
Chrysantheme,Keine Marke,"€ 2,49",,"pro Einheit = 2,49","ca. 25 cm hoch, versch. Farben Ø = 12 cm",Nein,"Wochenangebote gültig von Montag, 30.03.26 - Samstag, 04.04.26",30.03.26,04.04.26,../images/netto/netto_offer_410.jpg,"cat_obst_gemuese,diet_gluten_free,diet_lactose_free,diet_vegan,diet_vegetarian,tag_whole_food",,,ref_000410,obs_0000027625|obs_0000027797|obs_0000003079|obs_0000012640,obs_0000027625|obs_0000027797|obs_0000003079
Kletterrose,Keine Marke,"€ 3,99",,"pro Einheit = 3,99","ca. 40 cm hoch, versch. Sorten Ø = 11 cm",Nein,"Wochenangebote gültig von Montag, 30.03.26 - Samstag, 04.04.26",30.03.26,04.04.26,../images/netto/netto_offer_411.jpg,"cat_obst_gemuese,diet_gluten_free,diet_lactose_free,diet_vegan,diet_vegetarian,sub_exoten,sub_frisches_gemuese,sub_frisches_obst,tag_whole_food",,,ref_000411,,
Zuchtgarten - Mediterran,Keine Marke,"€ 4,99",,"pro Einheit = 4,99","versch. Sorten, nachhaltig recyclter Anbautopf, gebrauchsfertiger Innenanbau",Nein,"Wochenangebote gültig von Montag, 30.03.26 - Samstag, 04.04.26",30.03.26,04.04.26,../images/netto/netto_offer_412.jpg,"cat_obst_gemuese,diet_gluten_free,diet_lactose_free,diet_vegan,diet_vegetarian,sub_frisches_gemuese,tag_ultra_processed,tag_whole_food",,,ref_000412,,
Hortensien,Keine Marke,"€ 3,99",,"pro Einheit = 3,99","ca. 25 cm hoch, versch. Farben Ø = 10,5 cm",Nein,"Wochenangebote gültig von Montag, 30.03.26 - Samstag, 04.04.26",30.03.26,04.04.26,../images/netto/netto_offer_413.jpg,"cat_obst_gemuese,diet_gluten_free,diet_lactose_free,diet_vegan,diet_vegetarian,tag_whole_food",,,ref_000413,,
Dipladenia Pyramide,Keine Marke,"€ 12,99",,"pro Einheit = 12,99","ca. 80 cm hoch, versch. Farben, Ø = 19 cm",Nein,"Wochenangebote gültig von Montag, 30.03.26 - Samstag, 04.04.26",30.03.26,04.04.26,../images/netto/netto_offer_414.jpg,"cat_obst_gemuese,diet_gluten_free,diet_lactose_free,diet_vegan,diet_vegetarian,tag_ultra_processed,tag_whole_food",,,ref_000414,obs_0000001593,obs_0000001593
Saatteppiche,Keine Marke,"€ 3,99",,"pro Einheit = 3,99","individuell zuschneidbar, ideal für Beet, Balkonkasten oder Hochbeet, in verschiedenen Sorten, einfache Anwendung - einfügen, leicht mit Erde bedecken und gießen",Nein,"Wochenangebote gültig von Montag, 30.03.26 - Samstag, 04.04.26",30.03.26,04.04.26,../images/netto/netto_offer_415.jpg,"cat_obst_gemuese,diet_gluten_free,diet_lactose_free,diet_vegan,diet_vegetarian,tag_whole_food",,,ref_000415,,
Edelgeranie,Keine Marke,"€ 5,99",,"pro Einheit = 5,99","ca. 30 cm hoch, versch. Farben, Ø = 17 cm",Nein,"Wochenangebote gültig von Montag, 30.03.26 - Samstag, 04.04.26",30.03.26,04.04.26,../images/netto/netto_offer_416.jpg,"cat_getraenke,diet_gluten_free,diet_lactose_free,diet_vegan,diet_vegetarian,sub_frisches_obst,tag_ultra_processed,tag_whole_food",,,ref_000416,,
Sämereien,Keine Marke,"€ 0,19",,"pro Einheit = 0,19","z.B. Blumen, Kräuter, Gemüse oder Hülsenfrüchte",Nein,"Wochenangebote gültig von Montag, 30.03.26 - Samstag, 04.04.26",30.03.26,04.04.26,../images/netto/netto_offer_417.jpg,"cat_obst_gemuese,diet_gluten_free,diet_lactose_free,diet_vegan,diet_vegetarian,sub_exoten,sub_frisches_obst,tag_ultra_processed,tag_whole_food",,,ref_000417,obs_0000023273,obs_0000023273
Tränendes Herz,Keine Marke,"€ 4,99",,"pro Einheit = 4,99","ca. 40 cm hoch, Ø = 17 cm",Nein,"Wochenangebote gültig von Montag, 30.03.26 - Samstag, 04.04.26",30.03.26,04.04.26,../images/netto/netto_offer_418.jpg,"cat_obst_gemuese,diet_gluten_free,diet_lactose_free,diet_vegan,diet_vegetarian,sub_frisches_obst,tag_ultra_processed,tag_whole_food",,,ref_000418,obs_0000012386,
Rasenkantenschere GS21,Keine Marke,"€ 15,99","€ 24,99","pro Einheit = 15,99","Klingen aus gehärtetem, rostfreien Stahl, zum Trimmen von Rasenkanten und Hecken, rutschfeste Griffe für bequemen Halt, Länge ca. 31 cm",Nein,"Wochenangebote gültig von Montag, 30.03.26 - Samstag, 04.04.26",30.03.26,04.04.26,../images/netto/netto_offer_419.jpg,"cat_obst_gemuese,diet_gluten_free,diet_lactose_free,diet_vegan,diet_vegetarian,tag_whole_food",,,ref_000419,,
Blumen Gartenschere,Keine Marke,"€ 9,99","€ 12,99","pro Einheit = 9,99","hohe Langlebigkeit dank hochwertiger Karbonstahlklingen, für Rechts- und Linkshänder",Nein,"Wochenangebote gültig von Montag, 30.03.26 - Samstag, 04.04.26",30.03.26,04.04.26,../images/netto/netto_offer_420.jpg,"cat_non_food,diet_gluten_free,diet_lactose_free,diet_vegan,diet_vegetarian,tag_whole_food",,,ref_000420,,
Spaten spitz,Keine Marke,"€ 17,99","€ 27,99","pro Einheit = 17,99","mit scharfem, gehärtetem Spatenblatt, inkl. Trittfläche, Länge ca. 117 cm",Nein,"Wochenangebote gültig von Montag, 30.03.26 - Samstag, 04.04.26",30.03.26,04.04.26,../images/netto/netto_offer_421.jpg,"cat_obst_gemuese,diet_gluten_free,diet_lactose_free,diet_vegan,diet_vegetarian,sub_frisches_gemuese,sub_frisches_obst,tag_whole_food",,,ref_000421,,
Heckenschere HS21,Keine Marke,"€ 17,99","€ 25,99","pro Einheit = 17,99","für Form- und Rückschnitt, robuste Stahlklingen, Länge: ca. 56 cm",Nein,"Wochenangebote gültig von Montag, 30.03.26 - Samstag, 04.04.26",30.03.26,04.04.26,../images/netto/netto_offer_422.jpg,"cat_non_food,diet_gluten_free,diet_lactose_free,diet_vegan,diet_vegetarian,tag_whole_food",,,ref_000422,,
Astschere Bypass,Keine Marke,"€ 17,99","€ 34,99","pro Einheit = 17,99","hochwertige Verarbeitung für frisches Holz bis Ø 3,8 cm, sauberer Schnitt dank Präzisionsklinge, Länge: ca. 81 cm",Nein,"Wochenangebote gültig von Montag, 30.03.26 - Samstag, 04.04.26",30.03.26,04.04.26,../images/netto/netto_offer_423.jpg,"cat_obst_gemuese,diet_gluten_free,diet_lactose_free,diet_vegan,diet_vegetarian,tag_whole_food",,,ref_000423,obs_0000013129|obs_0000001162,
Reinigungspritze Start-Set,Keine Marke,"€ 7,99","€ 14,99","pro Einheit = 7,99","optimal geeignet für die Reinigung und Bewässerung, UV- und frostbeständig, hochwertige Verarbeitung, Black Line Design, Wasserstrahl stufenlos einstellbar",Nein,"Wochenangebote gültig von Montag, 30.03.26 - Samstag, 04.04.26",30.03.26,04.04.26,../images/netto/netto_offer_424.jpg,"cat_getraenke,diet_gluten_free,diet_lactose_free,diet_vegan,diet_vegetarian,tag_whole_food",,,ref_000424,,
Akku-Rasentrimmer 20V,Keine Marke,"€ 59,99","€ 99,99","pro Einheit = 59,99","180° drehbarer Schneidkopf, ausziehbare Teleskopfunktion, Länge von 90 – 120 cm, inkl. 2 Stück Li-Ion-Akkus 2,0 Ah, Auswechselbares Faden- und Messersystem, wechselbares Faden- und Messersystem, inkl. 2.0Ah Akkus und ein 2.4A Schnellladegerät",Nein,"Wochenangebote gültig von Montag, 30.03.26 - Samstag, 04.04.26",30.03.26,04.04.26,../images/netto/netto_offer_425.jpg,"cat_getraenke,diet_gluten_free,diet_lactose_free,diet_vegan,diet_vegetarian,tag_ultra_processed,tag_whole_food",,,ref_000425,,
Schlauchaufroller,Keine Marke,"€ 39,99",,"pro Einheit = 39,99","inkl. 20 m Schlauch, Abroll-Stopp Funktion, automatisches, sicheres und zuverlässiges Aufrollen, stoß- und wetterfestes, UV-beständiges Gehäuse, mit Wandhalterung inkl. Montagematerial",Nein,"Wochenangebote gültig von Montag, 30.03.26 - Samstag, 04.04.26",30.03.26,04.04.26,../images/netto/netto_offer_426.jpg,"cat_getraenke,diet_gluten_free,diet_lactose_free,diet_vegan,diet_vegetarian,tag_ultra_processed,tag_whole_food",,,ref_000426,,
Rasenteppich,Keine Marke,"€ 6,99",,"pro Einheit = 6,99","strapazierfähig, pflegeleicht und wasserfest, guter Wasserablauf durch Noppen-Drainage, Maße: ca. 100 x 200 cm",Nein,"Wochenangebote gültig von Montag, 30.03.26 - Samstag, 04.04.26",30.03.26,04.04.26,../images/netto/netto_offer_427.jpg,"cat_obst_gemuese,diet_gluten_free,diet_lactose_free,diet_vegan,diet_vegetarian,tag_whole_food",,,ref_000427,,
Pflanzkasten mit Spalier,Keine Marke,"€ 14,99",,"pro Einheit = 14,99","einfaches Stecksystem, leichte Montage ohne Werkzeuge, witterungsbeständig, mit 5 Rankenelementen, Maße ca.: 59 x 78 x 29 cm, Füllvolumen: ca. 38 l",Nein,"Wochenangebote gültig von Montag, 30.03.26 - Samstag, 04.04.26",30.03.26,04.04.26,../images/netto/netto_offer_428.jpg,"cat_obst_gemuese,diet_gluten_free,diet_lactose_free,diet_vegan,diet_vegetarian,tag_whole_food",,,ref_000428,,
Rasenmischungen,Keine Marke,"€ 5,99",,"pro Einheit = 5,99","Rasen-Reparatur Mischung: erneuert Rasenflächen in kurzer Zeit, Sport & Spielrasen: 100% RSM Mischung, hohe Strapazier- und Widerstandskraft, begrünt teilschattige Bereiche, z. B. unter Bäumen",Nein,"Wochenangebote gültig von Montag, 30.03.26 - Samstag, 04.04.26",30.03.26,04.04.26,../images/netto/netto_offer_429.jpg,"cat_obst_gemuese,diet_gluten_free,diet_lactose_free,diet_vegan,diet_vegetarian,sub_frisches_obst,tag_ultra_processed,tag_whole_food",,,ref_000429,,
LED Solar Gartenleuchte - 3 Strahler,Keine Marke,"€ 14,99",,"pro Einheit = 14,99","mit Infrarot-Bewegungssensor, Strahler individuell ausrichtbar von ca. 90 - 120 Grad, Maße Strahler: ca. 28 x 14,5 x 9,4 cm, Strahler individuell ausrichtbar",Nein,"Wochenangebote gültig von Montag, 30.03.26 - Samstag, 04.04.26",30.03.26,04.04.26,../images/netto/netto_offer_430.jpg,"cat_non_food,diet_gluten_free,diet_lactose_free,diet_vegan,diet_vegetarian,tag_whole_food",,,ref_000430,obs_0000024826|obs_0000000922,
LED Solar Lichtblüte oder Dekostecker,Keine Marke,"€ 4,99",,"pro Einheit = 4,99","mit Solarpanel und Einschaltautomatik bei einsetzender Dämmerung, witterungsbeständig,  Höhe ca. 76 cm inkl. Erdspieß 1. Varianten Maße (ØxH) ca. 17,5 x 36 cm 2. Varianten Maße (ØxH) ca. 16 x 36 cm",Nein,"Wochenangebote gültig von Montag, 30.03.26 - Samstag, 04.04.26",30.03.26,04.04.26,../images/netto/netto_offer_431.jpg,"cat_getraenke,diet_gluten_free,diet_lactose_free,diet_vegan,diet_vegetarian,tag_ultra_processed",,,ref_000431,obs_0000008409,
Tischdecke Weichschaum,Keine Marke,"€ 9,99",,"pro Einheit = 9,99","wetterbeständig, rutschfest, leicht zu reinigen, ideal für den Außenbereich, Maße 130x160 cm, 130x180 cm oder 160 cm rund",Nein,"Wochenangebote gültig von Montag, 30.03.26 - Samstag, 04.04.26",30.03.26,04.04.26,../images/netto/netto_offer_432.jpg,"cat_getraenke,diet_gluten_free,diet_lactose_free,diet_vegetarian,tag_ultra_processed",,,ref_000432,obs_0000020018|obs_0000025556,
LED Solar Leuchte,Keine Marke,"€ 6,99",,"pro Einheit = 6,99","Einschaltautomatik bei einsetzender Dämmerung, witterungsbeständig, Höhe inkl. Erdspieß: ca. 40 - 45 cm (Figur ca. 15 cm)",Nein,"Wochenangebote gültig von Montag, 30.03.26 - Samstag, 04.04.26",30.03.26,04.04.26,../images/netto/netto_offer_433.jpg,"cat_obst_gemuese,diet_gluten_free,diet_lactose_free,diet_vegan,diet_vegetarian,tag_ultra_processed,tag_whole_food",,,ref_000433,obs_0000026767|obs_0000024821|obs_0000016408|obs_0000020521|obs_0000032892|obs_0000024822|obs_0000024823|obs_0000024826|obs_0000024828|obs_0000021340|obs_0000030039|obs_0000022488,obs_0000026767|obs_0000024828|obs_0000020749|obs_0000021568|obs_0000021696
Hochlehner oder Sitzauflagen,Keine Marke,"€ 4,99",,"pro Einheit = 4,99","hoher Sitzkomfort durch extra weiche Füllung, Hochlehner inkl. Halteband Maße Sitzauflage: ca. 38 x 38 x 8 cm Maße Hochlehner: ca. 120 x 50 x 6 cm",Nein,"Wochenangebote gültig von Montag, 30.03.26 - Samstag, 04.04.26",30.03.26,04.04.26,../images/netto/netto_offer_434.jpg,"cat_getraenke,diet_lactose_free,diet_vegan,diet_vegetarian,tag_ultra_processed",,,ref_000434,,
Sonnenschirm,Keine Marke,"€ 29,99","€ 39,99","pro Einheit = 29,99","stabiler Alu-Mast, UV-Schutz: UV50+ (AS/NZS4399), ca. 2,7 m",Nein,"Wochenangebote gültig von Montag, 30.03.26 - Samstag, 04.04.26",30.03.26,04.04.26,../images/netto/netto_offer_435.jpg,"cat_obst_gemuese,diet_gluten_free,diet_lactose_free,diet_vegan,diet_vegetarian,tag_whole_food",,,ref_000435,obs_0000024812,obs_0000024812
Solar Gartenleuchten Deko,Keine Marke,"€ 9,99",,"pro Einheit = 9,99","Löwenzahn Designleuchte ca. 98 cm, Metall-Kolibri ca. 91 cm, Gartenfackel mit Flammeneffekt ca. 71 cm, Schilf Designleuchte ca. 103 cm, Wegleuchten 4er Set ca. 41 cm",Nein,"Wochenangebote gültig von Montag, 30.03.26 - Samstag, 04.04.26",30.03.26,04.04.26,../images/netto/netto_offer_436.jpg,"cat_non_food,diet_gluten_free,diet_lactose_free,diet_vegan,diet_vegetarian,tag_whole_food",,,ref_000436,obs_0000024822|obs_0000024823,
Nivea,Keine Marke,"€ 2,75",,"pro Einheit = 18,33",Nivea Sun Sonnenspray LSF30 200 ml Nivea Sun Sonnenmilch LSF 50+ 200 ml Nivea Sun Sonnenmilch LSF 50+ 200 ml Nivea Sun Kids Schutz & Sensitive Sonnenspray LSF 50+ 200 ml Nivea Deospray 150 ml Kaufe 1 Nivea SUN Artikel und erhalte 1 Nivea Deospray 150ml GRATIS!,Nein,"Wochenangebote gültig von Montag, 30.03.26 - Samstag, 04.04.26",30.03.26,04.04.26,../images/netto/netto_offer_437.jpg,"cat_obst_gemuese,diet_gluten_free,diet_lactose_free,diet_vegan,diet_vegetarian,sub_exoten,sub_frisches_obst,tag_whole_food",,,ref_000437,obs_0000032275|obs_0000032276|obs_0000032277|obs_0000032284|obs_0000028192|obs_0000005290|obs_0000005295|obs_0000007114|obs_0000007503|obs_0000007293|obs_0000006243|obs_0000029052|obs_0000030750|obs_0000029733|obs_0000005298|obs_0000030777|obs_0000005860|obs_0000006769|obs_0000029053|obs_0000031060,
Duschdas Duschgel,Keine Marke,"€ 1,7","€ 1,79","1 l = 4,44",versch. Sorten,Nein,"Wochenangebote gültig von Montag, 30.03.26 - Samstag, 04.04.26",30.03.26,04.04.26,../images/netto/netto_offer_438.jpg,"cat_drogerie,diet_gluten_free,diet_lactose_free,diet_vegan,diet_vegetarian,tag_whole_food",,,ref_000438,obs_0000032036|obs_0000007920|obs_0000008329|obs_0000028939|obs_0000011788|obs_0000035065|obs_0000013602|obs_0000015523|obs_0000011174|obs_0000026290|obs_0000017459|obs_0000028963|obs_0000031924|obs_0000014682|obs_0000009054|obs_0000015972|obs_0000011624|obs_0000026347|obs_0000031850|obs_0000013165|obs_0000026494,obs_0000011788|obs_0000032036|obs_0000005670|obs_0000031924|obs_0000015972|obs_0000007920|obs_0000026494
Gliss Shampoo oder Spülung,Keine Marke,"€ 2,49","€ 2,99","1 l = 9,96 - 12,45",versch. Sorten,Nein,"Wochenangebote gültig von Montag, 30.03.26 - Samstag, 04.04.26",30.03.26,04.04.26,../images/netto/netto_offer_439.jpg,"cat_drogerie,diet_gluten_free,diet_lactose_free",,,ref_000439,obs_0000012018|obs_0000006589|obs_0000015963|obs_0000011609|obs_0000012017|obs_0000012465|obs_0000012896|obs_0000013405|obs_0000015518|obs_0000016129|obs_0000010773|obs_0000012696|obs_0000013613|obs_0000005485|obs_0000005852|obs_0000015098|obs_0000007501|obs_0000028334|obs_0000014221|obs_0000006246|obs_0000032840|obs_0000032877|obs_0000033059|obs_0000033092|obs_0000033133|obs_0000033168|obs_0000000446|obs_0000033215|obs_0000033227|obs_0000033237|obs_0000033244|obs_0000033372|obs_0000033398|obs_0000033460|obs_0000033529|obs_0000033623|obs_0000033649|obs_0000009325|obs_0000034052|obs_0000009494|obs_0000034239|obs_0000009796|obs_0000009955|obs_0000034662|obs_0000001916|obs_0000010154|obs_0000034854|obs_0000035066|obs_0000002339|obs_0000019053,obs_0000012018|obs_0000012465|obs_0000013405|obs_0000005852|obs_0000006589|obs_0000015963
Autan Multi Insektenschutz,Keine Marke,"€ 4,99","€ 6,79","1 l = 49,90",,Nein,"Wochenangebote gültig von Montag, 30.03.26 - Samstag, 04.04.26",30.03.26,04.04.26,../images/netto/netto_offer_440.jpg,"cat_non_food,diet_gluten_free,diet_lactose_free,diet_vegan,diet_vegetarian,tag_whole_food",,,ref_000440,obs_0000035056,
Softlan Weichspüler,Keine Marke,"€ 1,29","€ 1,79","1 l = 1,29 - 1,98",versch. Sorten,Nein,"Wochenangebote gültig von Montag, 30.03.26 - Samstag, 04.04.26",30.03.26,04.04.26,../images/netto/netto_offer_441.jpg,"cat_drogerie,diet_gluten_free,diet_lactose_free,diet_vegan,diet_vegetarian,tag_whole_food",,,ref_000441,obs_0000006941|obs_0000005663|obs_0000029732|obs_0000013955|obs_0000010761|obs_0000003597|obs_0000015508|obs_0000019865|obs_0000032921|obs_0000015261|obs_0000019489|obs_0000020774|obs_0000009383|obs_0000013480|obs_0000031910|obs_0000033198|obs_0000020279|obs_0000021945|obs_0000008124|obs_0000027580|obs_0000028356|obs_0000010952|obs_0000012876|obs_0000011598|obs_0000025167|obs_0000032849|obs_0000016852|obs_0000022870|obs_0000031701|obs_0000021593|obs_0000026203|obs_0000014305|obs_0000023651|obs_0000021098|obs_0000006387|obs_0000009843|obs_0000026740|obs_0000034675|obs_0000016125|obs_0000033664,obs_0000019865|obs_0000006941|obs_0000005663|obs_0000016852|obs_0000022870|obs_0000026203|obs_0000034675
Perwoll Waschmittel,Keine Marke,"€ 4,99","€ 6,75","pro Einheit = 0,18",versch. Sorten,Nein,"Wochenangebote gültig von Montag, 30.03.26 - Samstag, 04.04.26",30.03.26,04.04.26,../images/netto/netto_offer_442.jpg,"cat_drogerie,tag_whole_food",,,ref_000442,obs_0000018449|obs_0000034866|obs_0000027703|obs_0000012875|obs_0000016462|obs_0000023646|obs_0000024174|obs_0000018542|obs_0000019568|obs_0000013946|obs_0000025217|obs_0000026760|obs_0000021665|obs_0000033445|obs_0000012454|obs_0000002728|obs_0000023748|obs_0000023244|obs_0000025812|obs_0000018152|obs_0000017654|obs_0000015109|obs_0000033069|obs_0000022331|obs_0000022340|obs_0000018794|obs_0000020846|obs_0000019827|obs_0000022410|obs_0000012181|obs_0000003486|obs_0000019384|obs_0000017352|obs_0000026568|obs_0000022520|obs_0000025598,obs_0000016462|obs_0000026760|obs_0000033445|obs_0000005479|obs_0000007112|obs_0000017352
Sagratan Reiniger,Keine Marke,"€ 2,79",,"1 l = 3,72",versch. Sorten Biozidprodukte vorsichtig verwenden. Vor Gebrauch stets Etikett und Produktinformation lesen.,Nein,"Wochenangebote gültig von Montag, 30.03.26 - Samstag, 04.04.26",30.03.26,04.04.26,../images/netto/netto_offer_443.jpg,"cat_drogerie,diet_gluten_free,diet_lactose_free,diet_vegan,diet_vegetarian,tag_whole_food",,,ref_000443,obs_0000031762|obs_0000013848|obs_0000025004|obs_0000013362|obs_0000019901|obs_0000026432|obs_0000017601|obs_0000027202|obs_0000028357|obs_0000023750|obs_0000010953|obs_0000003536|obs_0000015954|obs_0000024166|obs_0000012011|obs_0000018411|obs_0000014189|obs_0000033271|obs_0000027513,obs_0000025004|obs_0000026432|obs_0000017601|obs_0000027202|obs_0000023750|obs_0000003536|obs_0000024166|obs_0000018411
Edelstahl-Pfanne,Keine Marke,"€ 15,99","€ 24,99","pro Einheit = 15,99","mit Wabenstruktur & Antihaftbeschichtung, 4-Lagen für eine optimale Wärmeverteilung, für alle Herdarten geeignet, backofenfest bis 210 °C, extra kratzfest, in 3 Größen erhältlich:  ca. Ø 20 cm 15.99, ca. Ø 24 cm 17.99, ca. Ø 28 cm",Nein,"Wochenangebote gültig von Montag, 30.03.26 - Samstag, 04.04.26",30.03.26,04.04.26,../images/netto/netto_offer_444.jpg,"cat_obst_gemuese,diet_gluten_free,diet_lactose_free,diet_vegan,diet_vegetarian,tag_ultra_processed,tag_whole_food",,,ref_000444,obs_0000021124|obs_0000026411|obs_0000020305|obs_0000022712|obs_0000022713|obs_0000022346|obs_0000017762|obs_0000017769,
Akku-Hochdruckreiniger,Keine Marke,"€ 39,99","€ 99,99","pro Einheit = 39,99","mit oder ohne Wasseranschluss verwendbar, leistungsstarker Li-Ion Akku (21 V, 1800 mAh) für bis zu 45 Min. Reinigungszeit, im Transport-/Aufbewahrungskoffer, 6in1-Multidüse – bis zu 22 bar Druck, kein Wasseranschluss nötig – mit Ansaugfunktion",Nein,"Wochenangebote gültig von Montag, 30.03.26 - Samstag, 04.04.26",30.03.26,04.04.26,../images/netto/netto_offer_445.jpg,"cat_getraenke,diet_gluten_free,diet_lactose_free,diet_vegan,diet_vegetarian,tag_whole_food",,,ref_000445,obs_0000017447|obs_0000022745|obs_0000018678|obs_0000024343|obs_0000023922,
Desinfizierende Anti-Schimmelfarbe,Keine Marke,"€ 17,99","€ 39,99","pro Einheit = 59,97","zum Sprühen, weiß: Sofortwirkung mit 99,999 % antimikrobieller Wirkung, chlorfrei & geruchsarm, Deckkraft Klasse 1 nach DIN EN 13300 zum Streichen, weiß: für ca. 35 m² bei einmaligem Anstrich  Biozidprodukte vorsichtig verwenden. Vor Gebrauch stets Etikett & Produktinformationen lesen!",Nein,"Wochenangebote gültig von Montag, 30.03.26 - Samstag, 04.04.26",30.03.26,04.04.26,../images/netto/netto_offer_446.jpg,"cat_non_food,diet_gluten_free,diet_lactose_free,diet_vegan,diet_vegetarian,tag_whole_food",,,ref_000446,,
Waffeleisen für 2 Belgische Waffeln,Keine Marke,"€ 15,99","€ 29,99","pro Einheit = 15,99","startklar in unter 2 Minuten, max. 750 W, Antihaftbeschichtung, leicht zu reinigen",Nein,"Wochenangebote gültig von Montag, 30.03.26 - Samstag, 04.04.26",30.03.26,04.04.26,../images/netto/netto_offer_447.jpg,"cat_obst_gemuese,diet_gluten_free,diet_lactose_free,diet_vegan,diet_vegetarian,tag_ultra_processed,tag_whole_food",,,ref_000447,obs_0000004162|obs_0000009291|obs_0000009879|obs_0000024737|obs_0000008913|obs_0000033545|obs_0000003360|obs_0000026402|obs_0000005016|obs_0000002492|obs_0000004589,
Silikonformen für Heißluftfritteusen,Keine Marke,"€ 7,99","€ 19,99","pro Einheit = 7,99","je ca. 20 x 14 x 5 cm, hitzebeständig bis 230 °C und spülmaschinenfest, ihre Fritteuse bleibt sauber & fettfrei",Nein,"Wochenangebote gültig von Montag, 30.03.26 - Samstag, 04.04.26",30.03.26,04.04.26,../images/netto/netto_offer_448.jpg,"cat_non_food,diet_gluten_free,diet_lactose_free,diet_vegan,diet_vegetarian,tag_whole_food",,,ref_000448,,
Strumpfhosen-Schutzspray,Keine Marke,"€ 6,99","€ 8,99","1 l = 93,20","bildet einen unsichtbaren Film, der den Nylonfaden stabilisiert, Verhindert Laufmaschen, bevor sie entstehen können!, transparent & schnell trocknend",Nein,"Wochenangebote gültig von Montag, 30.03.26 - Samstag, 04.04.26",30.03.26,04.04.26,../images/netto/netto_offer_449.jpg,cat_non_food,,,ref_000449,,
Sprühflaschen,Keine Marke,"€ 9,99","€ 19,99","pro Einheit = 9,99","für Essig, Öl etc. (je 100 ml), inkl. kleiner Reinigungsbürste, sprühend dosierend",Nein,"Wochenangebote gültig von Montag, 30.03.26 - Samstag, 04.04.26",30.03.26,04.04.26,../images/netto/netto_offer_450.jpg,"cat_tiefkuehl,diet_gluten_free,diet_lactose_free,diet_vegan,diet_vegetarian,sub_tk_fertiggerichte,tag_ultra_processed,tag_whole_food",,,ref_000450,,
Nutri Mixer,Keine Marke,"€ 19,99","€ 29,99","pro Einheit = 19,99","Mixen, Zerkleinern, Rühren etc. 700-ml-Mixbecher, 22.000 U/min, max. 500 Watt, inklusive To-go-Deckel",Nein,"Wochenangebote gültig von Montag, 30.03.26 - Samstag, 04.04.26",30.03.26,04.04.26,../images/netto/netto_offer_451.jpg,"cat_obst_gemuese,diet_gluten_free,diet_lactose_free,diet_vegan,diet_vegetarian,tag_ultra_processed,tag_whole_food",,,ref_000451,,
Schweinefilet,Keine Marke,"€ 7,77","€ 11,90","pro Einheit = 7,77","vakuumverpackt, ca. 550 g",Nein,"Samstagskracher gültig am Samstag, 04.04.26",04.04.26,04.04.26,../images/netto/netto_offer_452.jpg,"cat_fisch_meeresfruechte,diet_gluten_free,diet_lactose_free,sub_schwein,tag_high_protein,tag_proteinreich,tag_whole_food",,BLS-U622100,ref_000452,obs_0000028417|obs_0000000002|obs_0000028675|obs_0000021627|obs_0000028555|obs_0000027670|obs_0000016537|obs_0000004898|obs_0000020515|obs_0000034085|obs_0000001195|obs_0000014905|obs_0000013883|obs_0000020808|obs_0000009417|obs_0000026057|obs_0000004044|obs_0000007631|obs_0000021967|obs_0000009937|obs_0000016340|obs_0000002901|obs_0000021334|obs_0000017752|obs_0000010461|obs_0000003040|obs_0000019043|obs_0000009573|obs_0000025707|obs_0000002156|obs_0000034542|obs_0000001519|obs_0000034902|obs_0000008821|obs_0000008054|obs_0000004471|obs_0000000507|obs_0000003708|obs_0000015741|obs_0000031106|obs_0000034932|obs_0000024474|obs_0000019356|obs_0000033722|obs_0000024049|obs_0000022952|obs_0000014904|obs_0000011840|obs_0000010579|obs_0000012758,obs_0000028417|obs_0000000002|obs_0000028675|obs_0000021627|obs_0000028555|obs_0000027670|obs_0000016537|obs_0000004898|obs_0000020515|obs_0000034085|obs_0000001195|obs_0000014905|obs_0000013883|obs_0000020808|obs_0000009417|obs_0000026057|obs_0000004044|obs_0000007631|obs_0000021967|obs_0000009937|obs_0000016340|obs_0000002901|obs_0000021334|obs_0000017752|obs_0000010461|obs_0000003040|obs_0000019043|obs_0000009573|obs_0000025707|obs_0000002156|obs_0000034542|obs_0000001519|obs_0000034902|obs_0000008821|obs_0000008054|obs_0000004471|obs_0000000507|obs_0000003708|obs_0000015741
Pink Lady Äpfel,Keine Marke,"€ 3,99","€ 5,98","1 kg = 2,00","Frankreich / Italien, Kl. I Sorte: Cripps Pink Tasche GRATIS!",Nein,"Samstagskracher gültig am Samstag, 04.04.26",04.04.26,04.04.26,../images/netto/netto_offer_453.jpg,"cat_obst_gemuese,diet_gluten_free,diet_lactose_free,diet_vegan,diet_vegetarian,sub_exoten,sub_frisches_obst,tag_ultra_processed,tag_whole_food",,,ref_000453,obs_0000028047|obs_0000002562|obs_0000016900|obs_0000021770|obs_0000033931|obs_0000002961|obs_0000026234|obs_0000027801|obs_0000024988|obs_0000003115|obs_0000027442|obs_0000001075|obs_0000026677|obs_0000027192|obs_0000022211|obs_0000016710|obs_0000027723|obs_0000018124|obs_0000027995|obs_0000034535,obs_0000028047|obs_0000022211|obs_0000027723|obs_0000018124
Holzkohle Briketts,Keine Marke,"€ 2,49","€ 3,49","1 kg = 0,83",lange und intensive Hitze FSC zertifiziert,Nein,"Samstagskracher gültig am Samstag, 04.04.26",04.04.26,04.04.26,../images/netto/netto_offer_454.jpg,"cat_obst_gemuese,diet_gluten_free,diet_lactose_free,diet_vegan,diet_vegetarian,sub_frisches_gemuese,tag_ultra_processed,tag_whole_food",,,ref_000454,,
Kräuterlikör oder Limoncello,Ramazzotti,"€ 8,88","€ 13,99","1 l = 12,69",29 - 30 % Vol.,Nein,"Samstagskracher gültig am Samstag, 04.04.26",04.04.26,04.04.26,../images/netto/netto_offer_455.jpg,"cat_getraenke,tag_ultra_processed",,,ref_000455,obs_0000026661|obs_0000004114|obs_0000034837|obs_0000026933|obs_0000000404|obs_0000004541|obs_0000012865|obs_0000004968|obs_0000027496|obs_0000011572|obs_0000017953|obs_0000022189,
Kulmbacher Edelherb Pils oder Löwenbräu Original,Keine Marke,"€ 9,99","€ 15,9918,49","1 l = 1,00",je nach regionaler Verfügbarkeit,Nein,"Samstagskracher gültig am Samstag, 04.04.26",04.04.26,04.04.26,../images/netto/netto_offer_456.jpg,"cat_getraenke,diet_gluten_free,tag_ultra_processed",,,ref_000456,obs_0000026752|obs_0000029760|obs_0000030401|obs_0000028730|obs_0000028759|obs_0000020611|obs_0000012423|obs_0000006283|obs_0000026772|obs_0000012448|obs_0000016578|obs_0000028878|obs_0000026832|obs_0000028896|obs_0000035035|obs_0000035052|obs_0000028937|obs_0000008467|obs_0000014657|obs_0000000370|obs_0000027005|obs_0000004495|obs_0000027048|obs_0000010755|obs_0000021000|obs_0000012871|obs_0000008777|obs_0000021117|obs_0000027329|obs_0000008906|obs_0000015051|obs_0000004922|obs_0000017247|obs_0000027498|obs_0000011149|obs_0000021430|obs_0000025547|obs_0000031695|obs_0000003041|obs_0000033763|obs_0000017384|obs_0000031740|obs_0000013325|obs_0000013338|obs_0000033823|obs_0000019505|obs_0000031800|obs_0000025705|obs_0000009334|obs_0000015502,
