Produkt,Marke,Preis,Vorheriger Preis,Preis_kg,Hinweis,Nur_online,Gueltig_raw,Gueltig_von,Gueltig_bis,Bildpfad,assigned_labels,nutrition_link,reference_row_id,rough_match_observation_ids,exact_match_observation_ids
Kirschtasche,Keine Marke,"€ 0,99","€ 2,67",Kein Mengenpreis,Einzelpreis: 0.89 Gilt nur in Filialen mit Backautomat!,Nein,"Wochenangebote gültig von Montag, 16.03.26 - Samstag, 21.03.26",16.03.26,21.03.26,images_netto/netto_offer_001.png,"cat_tiefkuehl,diet_gluten_free,diet_lactose_free,diet_vegan,diet_vegetarian,sub_exoten,tag_whole_food",BLS-D7A7810,ref_000001,obs_0000025712,obs_0000025712
Berchtesgadener Land Frische Bergbauern Milch,Keine Marke,"€ 3,33","€ 5,565,96",Kein Mengenpreis,"gekühlt, 1,5% oder 3,5% Fett Einzelpreis: 1.39 – 1.49",Nein,"Wochenangebote gültig von Montag, 16.03.26 - Samstag, 21.03.26",16.03.26,21.03.26,images_netto/netto_offer_002.png,"cat_getraenke,diet_lactose_free,diet_vegetarian,sub_milchprodukte",,ref_000002,obs_0000028240|obs_0000004930|obs_0000029181|obs_0000000188|obs_0000000992|obs_0000002646|obs_0000002682|obs_0000024498|obs_0000026055|obs_0000026967,
Lachsschinken,Keine Marke,"€ 3,33","€ 4,78",11.10 / kg,über Buchenholz geräuchert versch. Sorten Einzelpreis: 2.39 (15.93 / kg),Nein,"Wochenangebote gültig von Montag, 16.03.26 - Samstag, 21.03.26",16.03.26,21.03.26,images_netto/netto_offer_003.png,"cat_fleisch_wurst,diet_gluten_free,diet_lactose_free,diet_vegan,diet_vegetarian,sub_schwein,sub_wurst,tag_proteinreich,tag_ultra_processed,tag_whole_food",BLS-W443000,ref_000003,obs_0000006304|obs_0000006865|obs_0000010044|obs_0000024836|obs_0000025568|obs_0000031240|obs_0000001023|obs_0000001555|obs_0000017870|obs_0000023790|obs_0000023980|obs_0000026395|obs_0000026715|obs_0000026838,obs_0000006304|obs_0000006865|obs_0000010044|obs_0000024836|obs_0000025568|obs_0000031240
Gustavo Gusto Pizza,Keine Marke,"€ 9,0","€ 14,07",6.52 – 7.32 / kg,"tiefgekühlt, versch. Sorten Einzelpreis: 4.69 (10.20 – 11.44 / kg)",Nein,"Wochenangebote gültig von Montag, 16.03.26 - Samstag, 21.03.26",16.03.26,21.03.26,images_netto/netto_offer_004.png,"cat_tiefkuehl,diet_gluten_free,diet_lactose_free,diet_vegetarian,sub_kraeuter,sub_tk_pizza,tag_ultra_processed,tag_whole_food",,ref_000004,obs_0000028452|obs_0000028635|obs_0000007240|obs_0000006294|obs_0000027148|obs_0000027288|obs_0000005732|obs_0000005653|obs_0000009976|obs_0000021711|obs_0000023937,
Butter oder Streichzart,Landliebe,"€ 0,99","€ 2,59",3.96 / kg,gekühlt,Nein,"Wochenangebote gültig von Montag, 16.03.26 - Samstag, 21.03.26",16.03.26,21.03.26,images_netto/netto_offer_005.png,"cat_molkerei_kaese,diet_vegetarian,sub_butter_margarine,sub_milchprodukte,tag_ultra_processed",,ref_000005,obs_0000006416|obs_0000029438|obs_0000028236|obs_0000002462|obs_0000016916|obs_0000000997|obs_0000025644|obs_0000009855|obs_0000024486|obs_0000020509|obs_0000000107|obs_0000016511|obs_0000010488|obs_0000004387|obs_0000008521|obs_0000002406|obs_0000000442|obs_0000021027|obs_0000029250|obs_0000023126|obs_0000025176|obs_0000010913|obs_0000004814|obs_0000017169|obs_0000021391|obs_0000017297|obs_0000003053|obs_0000017435|obs_0000003172|obs_0000003377|obs_0000003422|obs_0000001425|obs_0000032259|obs_0000018018|obs_0000007902|obs_0000008002|obs_0000003960|obs_0000012243|obs_0000016360,obs_0000014613|obs_0000013377|obs_0000011644
Bauer Fruchtjoghurt,Keine Marke,"€ 0,39","€ 0,99",1.56 / kg,"gekühlt, versch. Sorten",Nein,"Wochenangebote gültig von Montag, 16.03.26 - Samstag, 21.03.26",16.03.26,21.03.26,images_netto/netto_offer_006.png,"cat_molkerei_kaese,diet_lactose_free,diet_vegan,diet_vegetarian,sub_joghurt_skyr_quark,sub_milchprodukte,tag_ultra_processed",,ref_000006,obs_0000000675|obs_0000002351|obs_0000002588|obs_0000009011|obs_0000009615|obs_0000010061|obs_0000010491|obs_0000011220|obs_0000012238|obs_0000013011|obs_0000013357|obs_0000018840|obs_0000019659|obs_0000021759|obs_0000022152|obs_0000031644,
Schokolade,Milka,"€ 0,77","€ 1,99",8.11 - 8.85 / kg,versch. Sorten,Nein,"Wochenangebote gültig von Montag, 16.03.26 - Samstag, 21.03.26",16.03.26,21.03.26,images_netto/netto_offer_007.png,"cat_knabbern_naschen,diet_vegetarian,tag_ultra_processed",BLS-S500000,ref_000007,obs_0000014418|obs_0000024683|obs_0000008307|obs_0000031872|obs_0000013979|obs_0000025827|obs_0000013551|obs_0000031477|obs_0000026359|obs_0000016130|obs_0000016680|obs_0000023866|obs_0000010558|obs_0000017223|obs_0000012629|obs_0000008056|obs_0000011665|obs_0000021504|obs_0000017954|obs_0000003112|obs_0000004659|obs_0000003637|obs_0000018997|obs_0000002122|obs_0000000091|obs_0000029313|obs_0000031875|obs_0000004232|obs_0000000138|obs_0000016064|obs_0000003805|obs_0000000230|obs_0000009968|obs_0000016120|obs_0000020224|obs_0000026371|obs_0000026376|obs_0000023348|obs_0000030520|obs_0000019816|obs_0000008041|obs_0000015216|obs_0000004491|obs_0000009612|obs_0000008595|obs_0000011211|obs_0000011229|obs_0000004064|obs_0000016382|obs_0000007703,obs_0000017954|obs_0000003112|obs_0000004659|obs_0000003637|obs_0000018997|obs_0000002122|obs_0000014418|obs_0000000091|obs_0000024683|obs_0000008307|obs_0000031872|obs_0000029313|obs_0000031875|obs_0000004232|obs_0000000138|obs_0000013979|obs_0000016064|obs_0000003805|obs_0000025827|obs_0000000230|obs_0000013551|obs_0000009968|obs_0000031477|obs_0000026359|obs_0000016120|obs_0000020224|obs_0000016130|obs_0000026371|obs_0000026376|obs_0000016680|obs_0000023348|obs_0000030520|obs_0000023866|obs_0000010558|obs_0000017223|obs_0000012629|obs_0000019816|obs_0000008041|obs_0000015216|obs_0000008056|obs_0000006015|obs_0000004491|obs_0000009612|obs_0000011665|obs_0000008595|obs_0000005065|obs_0000011211|obs_0000011229|obs_0000004064|obs_0000016382
Erdbeeren,Keine Marke,"€ 2,29","€ 3,99",4.58 / kg,"Griechenland/Spanien, Kl. I",Nein,"Wochenangebote gültig von Montag, 16.03.26 - Samstag, 21.03.26",16.03.26,21.03.26,images_netto/netto_offer_008.png,"cat_obst_gemuese,diet_gluten_free,diet_lactose_free,diet_vegan,diet_vegetarian,sub_exoten,sub_frisches_gemuese,sub_frisches_obst,tag_whole_food",BLS-F301100,ref_000008,obs_0000025546|obs_0000027621|obs_0000028691|obs_0000028744|obs_0000029042|obs_0000029976|obs_0000000875|obs_0000021444|obs_0000011679|obs_0000010835|obs_0000014242|obs_0000031257|obs_0000031864|obs_0000028555|obs_0000005473|obs_0000005869|obs_0000005878,obs_0000000875|obs_0000011804|obs_0000021444|obs_0000025546|obs_0000027621|obs_0000028691|obs_0000028744|obs_0000029042|obs_0000029976
Kaffee,Mövenpick,"€ 13,99","€ 19,49",Kein Mengenpreis,"ganze Kaffeebohnen, versch Sorten",Nein,"Wochenangebote gültig von Montag, 16.03.26 - Samstag, 21.03.26",16.03.26,21.03.26,images_netto/netto_offer_009.png,"cat_getraenke,diet_gluten_free,diet_lactose_free,diet_vegan,diet_vegetarian,tag_ultra_processed",BLS-N410100,ref_000009,obs_0000012302|obs_0000011821|obs_0000021042|obs_0000011400|obs_0000013118|obs_0000010165|obs_0000013804|obs_0000009792|obs_0000024759|obs_0000008421|obs_0000001036|obs_0000005148|obs_0000011824|obs_0000029238|obs_0000014411|obs_0000012889|obs_0000011398|obs_0000006802|obs_0000017110|obs_0000009505|obs_0000000848|obs_0000032079|obs_0000004954|obs_0000009054|obs_0000025969|obs_0000022915|obs_0000031166|obs_0000025539|obs_0000011210|obs_0000006618|obs_0000022496|obs_0000011238|obs_0000026091|obs_0000008183|obs_0000021001|obs_0000001035|obs_0000001037|obs_0000001038|obs_0000001039|obs_0000027154|obs_0000010790|obs_0000025648|obs_0000001591|obs_0000020048|obs_0000006258|obs_0000006263|obs_0000007809|obs_0000001183|obs_0000027840|obs_0000000202,obs_0000012302|obs_0000011821|obs_0000021042|obs_0000011400|obs_0000013118|obs_0000010165|obs_0000013804
Blanc oder Rose,Lillet,"€ 10,99","€ 16,49",14.65 / l,"Aperitif, 17 % Vol.",Nein,"Wochenangebote gültig von Montag, 16.03.26 - Samstag, 21.03.26",16.03.26,21.03.26,images_netto/netto_offer_010.png,cat_getraenke,,ref_000010,obs_0000016452|obs_0000031686|obs_0000024398|obs_0000025417,
Schweine-Rücken,Keine Marke,"€ 4,44","€ 6,99",Kein Mengenpreis,"ohne Knochen, vakuumverpackt, ca. 1,2 kg",Nein,"Wochenangebote gültig von Montag, 16.03.26 - Samstag, 21.03.26",16.03.26,21.03.26,images_netto/netto_offer_011.png,"cat_fleisch_wurst,diet_gluten_free,diet_lactose_free,diet_vegan,diet_vegetarian,sub_schwein,tag_high_protein,tag_proteinreich,tag_whole_food",,ref_000011,obs_0000024782|obs_0000024939,obs_0000007279|obs_0000024476|obs_0000024782|obs_0000024939|obs_0000025596|obs_0000026036|obs_0000028016|obs_0000028558|obs_0000028704|obs_0000029802
Biere,Mönchshof,"€ 12,99","€ 17,99",1.30 / l,versch. Sorten,Nein,"Wochenangebote gültig von Montag, 16.03.26 - Samstag, 21.03.26",16.03.26,21.03.26,images_netto/netto_offer_012.png,"cat_getraenke,diet_vegetarian",BLS-D610200,ref_000012,obs_0000024375|obs_0000025647|obs_0000024469|obs_0000026167,obs_0000024375
Waschmittel,Keine Marke,"€ 4,99","€ 6,95",0.25 - 0.31 / wl,versch. Sorten,Nein,"Wochenangebote gültig von Montag, 16.03.26 - Samstag, 21.03.26",16.03.26,21.03.26,images_netto/netto_offer_013.png,"cat_drogerie,diet_gluten_free,diet_lactose_free,diet_vegan,diet_vegetarian,tag_whole_food",,ref_000013,obs_0000002514|obs_0000003272|obs_0000011627|obs_0000011900|obs_0000012321|obs_0000013634|obs_0000014987|obs_0000015877|obs_0000016179|obs_0000016677|obs_0000016974|obs_0000017067|obs_0000017319|obs_0000017909|obs_0000018093|obs_0000018352|obs_0000019371|obs_0000020190|obs_0000020856|obs_0000020865|obs_0000020935|obs_0000021045|obs_0000021769|obs_0000022171|obs_0000022273|obs_0000022699|obs_0000023344|obs_0000023725|obs_0000023939|obs_0000024695|obs_0000024887|obs_0000025830|obs_0000030533|obs_0000030909|obs_0000006737|obs_0000006944|obs_0000027858|obs_0000029494|obs_0000028903|obs_0000030229|obs_0000001139|obs_0000005448|obs_0000014779|obs_0000015190|obs_0000018936|obs_0000019755|obs_0000020261|obs_0000021419|obs_0000021839|obs_0000030312,obs_0000002514|obs_0000003272|obs_0000011627|obs_0000011900|obs_0000012321|obs_0000013634|obs_0000014987|obs_0000015877|obs_0000016179|obs_0000016677|obs_0000016974|obs_0000017067|obs_0000017319|obs_0000017909|obs_0000018093|obs_0000018352|obs_0000019371|obs_0000020190|obs_0000020856|obs_0000020865|obs_0000020935|obs_0000021045|obs_0000021769|obs_0000022171|obs_0000022273|obs_0000022699|obs_0000023344|obs_0000023725|obs_0000023939|obs_0000024695|obs_0000024887|obs_0000025830|obs_0000027701|obs_0000030533|obs_0000030909
Rama,Rama,"€ 1,49","€ 2,29",2.06 / kg,,Nein,"Wochenangebote gültig von Montag, 16.03.26 - Samstag, 21.03.26",16.03.26,21.03.26,images_netto/netto_offer_014.png,"cat_molkerei_kaese,diet_vegetarian,sub_butter_margarine,tag_ultra_processed",BLS-F559100,ref_000014,obs_0000028938|obs_0000005327|obs_0000029817|obs_0000027656|obs_0000028308|obs_0000030077|obs_0000005886|obs_0000029443|obs_0000029444|obs_0000005137|obs_0000007220|obs_0000027574|obs_0000030008|obs_0000027930|obs_0000029547|obs_0000007216,
Dänische Buttercookies,Keine Marke,"€ 4,99","€ 6,99",6.65 / kg,,Nein,"Wochenangebote gültig von Montag, 16.03.26 - Samstag, 21.03.26",16.03.26,21.03.26,images_netto/netto_offer_015.png,"cat_obst_gemuese,diet_gluten_free,diet_vegetarian,sub_butter_margarine,sub_tk_gemuese,tag_whole_food",,ref_000015,obs_0000025840,obs_0000025840
Lindt Goldhase,Keine Marke,"€ 5,49","€ 8,99",27.45 / kg,versch. Sorten,Nein,"Wochenangebote gültig von Montag, 16.03.26 - Samstag, 21.03.26",16.03.26,21.03.26,images_netto/netto_offer_016.png,"cat_obst_gemuese,diet_gluten_free,diet_lactose_free,diet_vegan,diet_vegetarian,sub_exoten,sub_frisches_obst,tag_ultra_processed,tag_whole_food",,ref_000016,,
Doppio Passo Weine,Keine Marke,"€ 4,99","€ 6,997,99",6.65 / l,versch. Sorten,Nein,"Wochenangebote gültig von Montag, 16.03.26 - Samstag, 21.03.26",16.03.26,21.03.26,images_netto/netto_offer_017.png,"cat_getraenke,diet_gluten_free,diet_lactose_free,diet_vegan,diet_vegetarian,sub_frisches_obst,tag_whole_food",,ref_000017,obs_0000025095|obs_0000025198|obs_0000026136,
Äpfel rot,Keine Marke,"€ 1,50","€ 2,49",0.75 / kg,"Deutschland, Kl. II",Nein,"Wochenangebote gültig von Montag, 16.03.26 - Samstag, 21.03.26",16.03.26,21.03.26,images_netto/netto_offer_018.png,"cat_obst_gemuese,diet_gluten_free,diet_lactose_free,diet_vegan,diet_vegetarian,sub_exoten,sub_frisches_gemuese,sub_frisches_obst,tag_whole_food",BLS-F110100,ref_000018,obs_0000002901|obs_0000015235|obs_0000015425|obs_0000020295|obs_0000023115|obs_0000024804|obs_0000025928|obs_0000001075|obs_0000002348|obs_0000002747|obs_0000016649|obs_0000020736|obs_0000024361|obs_0000025319|obs_0000025569|obs_0000025850|obs_0000026122|obs_0000031395|obs_0000031999,
Speisekartoffeln,Keine Marke,"€ 2,50","€ 3,49",0.50 / kg,"Deutschland, verschiedene Kocheigenschaften",Nein,"Wochenangebote gültig von Montag, 16.03.26 - Samstag, 21.03.26",16.03.26,21.03.26,images_netto/netto_offer_019.png,"cat_obst_gemuese,diet_gluten_free,diet_lactose_free,diet_vegan,diet_vegetarian,sub_frisches_gemuese,sub_kartoffeln,tag_ultra_processed,tag_whole_food",BLS-X612152,ref_000019,obs_0000000006|obs_0000003502|obs_0000007985|obs_0000008634|obs_0000009118|obs_0000014849|obs_0000015551|obs_0000026526|obs_0000028267|obs_0000028742|obs_0000028964|obs_0000024795|obs_0000025637|obs_0000026113|obs_0000031339|obs_0000031552|obs_0000031776|obs_0000032199|obs_0000006403|obs_0000007721|obs_0000009672|obs_0000010409|obs_0000011268|obs_0000011682|obs_0000012851|obs_0000013839|obs_0000013862|obs_0000017331|obs_0000018297|obs_0000026613|obs_0000026723|obs_0000027613|obs_0000029794|obs_0000006047|obs_0000006230|obs_0000010010|obs_0000010017|obs_0000010840|obs_0000011705|obs_0000013764|obs_0000014252|obs_0000028572|obs_0000029973|obs_0000000233|obs_0000003642|obs_0000004069|obs_0000004496|obs_0000005670|obs_0000012950|obs_0000021441,obs_0000000006|obs_0000003502|obs_0000007721|obs_0000007985|obs_0000008304|obs_0000008634|obs_0000009118|obs_0000009672|obs_0000010409|obs_0000011268|obs_0000011682|obs_0000012851|obs_0000013862|obs_0000014849|obs_0000015551|obs_0000017331|obs_0000018297|obs_0000024795|obs_0000025637|obs_0000026113|obs_0000026526|obs_0000026613|obs_0000026723|obs_0000027613|obs_0000028267|obs_0000028742|obs_0000028964|obs_0000031339|obs_0000031552|obs_0000031776|obs_0000032199
Minirispentomaten,Keine Marke,"€ 1,50","€ 1,99",3.75 / kg,"Italien/Niederlande, Kl. I",Nein,"Wochenangebote gültig von Montag, 16.03.26 - Samstag, 21.03.26",16.03.26,21.03.26,images_netto/netto_offer_020.png,"cat_obst_gemuese,diet_gluten_free,diet_lactose_free,diet_vegan,diet_vegetarian,sub_frisches_gemuese,tag_whole_food",,ref_000020,,obs_0000007733|obs_0000012522|obs_0000024202|obs_0000025540|obs_0000026054|obs_0000027333|obs_0000027717|obs_0000027772|obs_0000028387|obs_0000028596|obs_0000028695|obs_0000029088|obs_0000029979
Heidelbeeren,Keine Marke,"€ 1,50","€ 1,69",12.- / kg,"Marokko/Spanien, Kl. I",Nein,"Wochenangebote gültig von Montag, 16.03.26 - Samstag, 21.03.26",16.03.26,21.03.26,images_netto/netto_offer_021.png,"cat_obst_gemuese,diet_gluten_free,diet_lactose_free,diet_vegan,diet_vegetarian,sub_exoten,sub_frisches_obst,tag_whole_food",BLS-F304100,ref_000021,obs_0000000051|obs_0000002605|obs_0000002786|obs_0000002874|obs_0000007175|obs_0000015224|obs_0000017668|obs_0000023511|obs_0000024503|obs_0000024825|obs_0000025629|obs_0000025915|obs_0000026387|obs_0000027265|obs_0000028389|obs_0000028687|obs_0000029790|obs_0000029987|obs_0000000695|obs_0000000880|obs_0000023896|obs_0000031146|obs_0000031382|obs_0000031586|obs_0000032207|obs_0000020878|obs_0000028265|obs_0000028599|obs_0000029046|obs_0000006404|obs_0000006574|obs_0000006589|obs_0000031783|obs_0000004906|obs_0000005295|obs_0000005311|obs_0000005478|obs_0000005499|obs_0000005680,obs_0000000051|obs_0000000695|obs_0000000880|obs_0000002605|obs_0000002786|obs_0000002874|obs_0000007175|obs_0000015224|obs_0000017668|obs_0000020878|obs_0000023511|obs_0000023896|obs_0000024503|obs_0000024825|obs_0000025629|obs_0000025915|obs_0000026387|obs_0000027265|obs_0000028265|obs_0000028389|obs_0000028599|obs_0000028687|obs_0000029046|obs_0000029790|obs_0000029987|obs_0000031146|obs_0000031382|obs_0000031586|obs_0000032207
Bananen,Keine Marke,"€ 1,0","€ 1,29",Kein Mengenpreis,Costa Rica/Ecuador,Nein,"Wochenangebote gültig von Montag, 16.03.26 - Samstag, 21.03.26",16.03.26,21.03.26,images_netto/netto_offer_022.png,"cat_obst_gemuese,diet_gluten_free,diet_lactose_free,diet_vegan,diet_vegetarian,sub_exoten,sub_frisches_obst,tag_whole_food",NUTR-0008,ref_000022,obs_0000027263|obs_0000029193|obs_0000029524|obs_0000029649|obs_0000008524|obs_0000024456|obs_0000024619|obs_0000025178|obs_0000025863|obs_0000026896|obs_0000029339|obs_0000028958|obs_0000000375|obs_0000001629|obs_0000003862|obs_0000004289|obs_0000004716|obs_0000005666|obs_0000021439|obs_0000022214|obs_0000025524|obs_0000029268|obs_0000006407|obs_0000006581|obs_0000006767|obs_0000010415|obs_0000010832|obs_0000012100|obs_0000011265|obs_0000013408|obs_0000004901|obs_0000005096|obs_0000005290|obs_0000005314|obs_0000005475|obs_0000005497|obs_0000005859,obs_0000008524|obs_0000024456|obs_0000024619|obs_0000025178|obs_0000025863|obs_0000026896|obs_0000027263|obs_0000028079|obs_0000028958|obs_0000029193|obs_0000029339|obs_0000029524|obs_0000029649
Lauch,Keine Marke,"€ 1,3","€ 1,38",Kein Mengenpreis,"Deutschland/Niederlande, Kl. I",Nein,"Wochenangebote gültig von Montag, 16.03.26 - Samstag, 21.03.26",16.03.26,21.03.26,images_netto/netto_offer_023.png,"cat_obst_gemuese,diet_gluten_free,diet_lactose_free,diet_vegan,diet_vegetarian,sub_exoten,sub_frisches_gemuese,sub_frisches_obst,tag_ultra_processed,tag_whole_food",BLS-T410100,ref_000023,obs_0000024221|obs_0000024328|obs_0000026090|obs_0000025826|obs_0000031376|obs_0000031775,obs_0000024221|obs_0000024328|obs_0000025826|obs_0000026090|obs_0000031376|obs_0000031775
Salat mit Wurzelballen,Keine Marke,"€ 1,0","€ 1,59",Kein Mengenpreis,Deutschland hält länger frisch,Nein,"Wochenangebote gültig von Montag, 16.03.26 - Samstag, 21.03.26",16.03.26,21.03.26,images_netto/netto_offer_024.png,"cat_obst_gemuese,diet_gluten_free,diet_lactose_free,diet_vegan,diet_vegetarian,sub_frisches_gemuese,sub_salate,tag_ultra_processed,tag_whole_food",,ref_000024,obs_0000025102|obs_0000024112,obs_0000025102
Apfel Kanzi,Keine Marke,"€ 1,0","€ 2,99",1.92 / kg,"Deutschland/Italien, Kl. I",Nein,"Wochenangebote gültig von Montag, 16.03.26 - Samstag, 21.03.26",16.03.26,21.03.26,images_netto/netto_offer_025.png,"cat_obst_gemuese,diet_gluten_free,diet_lactose_free,diet_vegan,diet_vegetarian,sub_exoten,sub_frisches_obst,tag_ultra_processed,tag_whole_food",,ref_000025,,
Radieschen,Radieschen,"€ 1,5","€ 1,58",2.50 / kg,"Italien/Niederlande, Kl. I Einzelpreis: 0.79 (3.95 / kg)",Nein,"Wochenangebote gültig von Montag, 16.03.26 - Samstag, 21.03.26",16.03.26,21.03.26,images_netto/netto_offer_026.png,"cat_fleisch_wurst,tag_ultra_processed",BLS-G691100,ref_000026,obs_0000012674|obs_0000027267|obs_0000028565,obs_0000012674|obs_0000027267|obs_0000028565
Zitronen,Keine Marke,"€ 1,0","€ 1,49",2.- / kg,"Italien/Spanien, Kl. II",Nein,"Wochenangebote gültig von Montag, 16.03.26 - Samstag, 21.03.26",16.03.26,21.03.26,images_netto/netto_offer_027.png,"cat_obst_gemuese,diet_gluten_free,diet_lactose_free,diet_vegan,diet_vegetarian,sub_frisches_obst,tag_whole_food",BLS-F601100,ref_000027,obs_0000007767|obs_0000019373|obs_0000020192|obs_0000023214|obs_0000026184|obs_0000026389|obs_0000028263|obs_0000022987|obs_0000024669|obs_0000025604|obs_0000026038|obs_0000031581|obs_0000009053|obs_0000009504|obs_0000011623|obs_0000012083|obs_0000017465|obs_0000024366|obs_0000027251|obs_0000027708|obs_0000028951|obs_0000010831|obs_0000013403|obs_0000013837|obs_0000029522|obs_0000008089|obs_0000026917|obs_0000027039|obs_0000031179|obs_0000010419|obs_0000001074|obs_0000004905|obs_0000004924|obs_0000005106|obs_0000005485|obs_0000005293|obs_0000005857|obs_0000012907|obs_0000013100,obs_0000007767|obs_0000009053|obs_0000009504|obs_0000017465|obs_0000019373|obs_0000020192|obs_0000022987|obs_0000023214|obs_0000024366|obs_0000024669|obs_0000025604|obs_0000026038|obs_0000026184|obs_0000026389|obs_0000027251|obs_0000027707|obs_0000027708|obs_0000028263|obs_0000028951|obs_0000029969|obs_0000031581
Zwiebeln rot,Keine Marke,"€ 1,0","€ 1,19",Kein Mengenpreis,"Deutschland, Kl. II",Nein,"Wochenangebote gültig von Montag, 16.03.26 - Samstag, 21.03.26",16.03.26,21.03.26,images_netto/netto_offer_028.png,"cat_obst_gemuese,diet_gluten_free,diet_lactose_free,diet_vegan,diet_vegetarian,sub_frisches_gemuese,tag_whole_food",BLS-X548163,ref_000028,obs_0000014251|obs_0000007460|obs_0000007889|obs_0000008961|obs_0000009423|obs_0000009778|obs_0000011628|obs_0000012173|obs_0000013414|obs_0000017635|obs_0000023518|obs_0000024601|obs_0000025168|obs_0000026188|obs_0000025411|obs_0000025566|obs_0000026142|obs_0000031374|obs_0000014246,obs_0000006222|obs_0000007460|obs_0000007889|obs_0000008961|obs_0000009423|obs_0000009778|obs_0000017635|obs_0000023518|obs_0000024601|obs_0000025168|obs_0000026188
Minipflaumentomaten,Keine Marke,"€ 1,0","€ 1,49",5.- / kg,"Marokko, Kl. I",Nein,"Wochenangebote gültig von Montag, 16.03.26 - Samstag, 21.03.26",16.03.26,21.03.26,images_netto/netto_offer_029.png,"cat_obst_gemuese,diet_gluten_free,diet_lactose_free,diet_vegan,diet_vegetarian,sub_frisches_gemuese,sub_frisches_obst,tag_whole_food",,ref_000029,obs_0000024785,obs_0000006962|obs_0000024785|obs_0000026088
Grünpflanze,Keine Marke,"€ 5,99",,Kein Mengenpreis,"Monstera oder Glücksfeder, ca. 45 cm hoch, Ø = 14 cm",Nein,"Wochenangebote gültig von Montag, 16.03.26 - Samstag, 21.03.26",16.03.26,21.03.26,images_netto/netto_offer_030.png,"cat_obst_gemuese,diet_gluten_free,diet_lactose_free,diet_vegan,diet_vegetarian,sub_exoten,sub_frisches_obst,tag_whole_food",,ref_000030,obs_0000010847|obs_0000011274|obs_0000011271|obs_0000027190|obs_0000002220|obs_0000002978|obs_0000022198|obs_0000022344|obs_0000022772|obs_0000022200|obs_0000023898,obs_0000010014|obs_0000010847|obs_0000011271|obs_0000011274|obs_0000016645|obs_0000025561|obs_0000027190
Orchidee,Keine Marke,"€ 8,88",,Kein Mengenpreis,"ca. 55 cm hoch, versch. Farben, Ø = 12 cm, mit 2 Blütenrispen",Nein,"Wochenangebote gültig von Montag, 16.03.26 - Samstag, 21.03.26",16.03.26,21.03.26,images_netto/netto_offer_031.png,"cat_obst_gemuese,diet_gluten_free,diet_lactose_free,diet_vegan,diet_vegetarian,tag_ultra_processed,tag_whole_food",,ref_000031,obs_0000008124|obs_0000008221|obs_0000008326|obs_0000008330|obs_0000009761|obs_0000010850|obs_0000012513|obs_0000024343|obs_0000002574|obs_0000002663|obs_0000028510|obs_0000029242|obs_0000029926|obs_0000011704|obs_0000014255|obs_0000000021|obs_0000003525|obs_0000010429|obs_0000012163|obs_0000012166|obs_0000012170|obs_0000013856|obs_0000007182|obs_0000029753|obs_0000014528,obs_0000002574|obs_0000002663|obs_0000008124|obs_0000008221|obs_0000008326|obs_0000008330|obs_0000009761|obs_0000010850|obs_0000012513|obs_0000024343|obs_0000024834|obs_0000025364|obs_0000030260
Tulpen,Keine Marke,"€ 1,99",,Kein Mengenpreis,"ca. 35 cm lang, versch. Farben",Nein,"Wochenangebote gültig von Montag, 16.03.26 - Samstag, 21.03.26",16.03.26,21.03.26,images_netto/netto_offer_032.png,"cat_obst_gemuese,diet_gluten_free,diet_lactose_free,diet_vegan,diet_vegetarian,sub_exoten,sub_frisches_gemuese,sub_frisches_obst,tag_ultra_processed,tag_whole_food",,ref_000032,obs_0000027876|obs_0000031997|obs_0000028172|obs_0000031865,obs_0000011700|obs_0000027876|obs_0000031997
Frühlingszweige,Keine Marke,"€ 2,99",,Kein Mengenpreis,"ca. 50 cm lang, z.B. Kirsche, Weide oder Weidekätzchen",Nein,"Wochenangebote gültig von Montag, 16.03.26 - Samstag, 21.03.26",16.03.26,21.03.26,images_netto/netto_offer_033.png,"cat_obst_gemuese,diet_gluten_free,diet_lactose_free,diet_vegan,diet_vegetarian,sub_frisches_gemuese,tag_whole_food",,ref_000033,,
Beetpflanzen,Keine Marke,"€ 2,49",,Kein Mengenpreis,"ca. 15 cm hoch, versch. Sorten Stiefmütterchen, Hornveilchen oder Gänseblümchen",Nein,"Wochenangebote gültig von Montag, 16.03.26 - Samstag, 21.03.26",16.03.26,21.03.26,images_netto/netto_offer_034.png,"cat_obst_gemuese,diet_gluten_free,diet_lactose_free,diet_vegan,diet_vegetarian,sub_frisches_obst,tag_whole_food",,ref_000034,,
Hornveilchen,Keine Marke,"€ 1,99",,Kein Mengenpreis,"Viola Tricolor, ca. 15 cm hoch, Ø = 12 cm 3 versch. Farben im Topf",Nein,"Wochenangebote gültig von Montag, 16.03.26 - Samstag, 21.03.26",16.03.26,21.03.26,images_netto/netto_offer_035.png,"cat_obst_gemuese,diet_gluten_free,diet_lactose_free,diet_vegan,diet_vegetarian,tag_ultra_processed,tag_whole_food",BLS-D771500,ref_000035,,
Frühlings Mix,Keine Marke,"€ 2,99",,Kein Mengenpreis,"3 versch. Pflanzen im Topf ca. 15 cm hoch, versch. Sorten, Ø = 12 cm",Nein,"Wochenangebote gültig von Montag, 16.03.26 - Samstag, 21.03.26",16.03.26,21.03.26,images_netto/netto_offer_036.png,"cat_obst_gemuese,diet_gluten_free,diet_lactose_free,diet_vegan,diet_vegetarian,sub_frisches_gemuese,tag_ultra_processed,tag_whole_food",,ref_000036,,
Laugenbreze,Keine Marke,"€ 1,5","€ 1,56",Kein Mengenpreis,Gilt nur in Filialen mit Backautomat! Einzelpreis: 0.39,Nein,"Wochenangebote gültig von Montag, 16.03.26 - Samstag, 21.03.26",16.03.26,21.03.26,images_netto/netto_offer_037.png,"cat_obst_gemuese,diet_gluten_free,diet_lactose_free,diet_vegan,diet_vegetarian,tag_ultra_processed,tag_whole_food",,ref_000037,obs_0000026235|obs_0000025464,obs_0000013517|obs_0000025464|obs_0000026235
Börekstick,Keine Marke,"€ 1,5","€ 1,381,58",Kein Mengenpreis,Hackfleisch oder Spinat-Feta Gilt nur in Filialen mit Backautomat! Einzelpreis: 0.69 – 0.79,Nein,"Wochenangebote gültig von Montag, 16.03.26 - Samstag, 21.03.26",16.03.26,21.03.26,images_netto/netto_offer_038.png,"cat_knabbern_naschen,diet_gluten_free,diet_lactose_free,diet_vegan,diet_vegetarian,tag_ultra_processed,tag_whole_food",,ref_000038,obs_0000010964|obs_0000007629|obs_0000008628|obs_0000009111|obs_0000024931|obs_0000025957,obs_0000007629|obs_0000008628|obs_0000009111|obs_0000010964
Vollkorn-Schnittbrötchen,Keine Marke,"€ 0,25","€ 0,29",Kein Mengenpreis,Gilt nur in Filialen mit Backautomat!,Nein,"Wochenangebote gültig von Montag, 16.03.26 - Samstag, 21.03.26",16.03.26,21.03.26,images_netto/netto_offer_039.png,"cat_grundnahrung,diet_vegan,diet_vegetarian,tag_ultra_processed,tag_whole_food",,ref_000039,obs_0000024319|obs_0000024978|obs_0000026009,
Rustikales Steinofenbaguette,Keine Marke,"€ 1,11","€ 1,29",2.78 / kg,Gilt nur in Filialen mit Backautomat!,Nein,"Wochenangebote gültig von Montag, 16.03.26 - Samstag, 21.03.26",16.03.26,21.03.26,images_netto/netto_offer_040.png,"cat_grundnahrung,diet_gluten_free,diet_lactose_free,diet_vegetarian,tag_ultra_processed,tag_whole_food",,ref_000040,obs_0000024616|obs_0000025018|obs_0000012293|obs_0000014385|obs_0000026249|obs_0000007606|obs_0000026564,obs_0000024616|obs_0000025018
Würstchen Dog,Keine Marke,"€ 2,5","€ 2,58",Kein Mengenpreis,Gilt nur in Filialen mit Backautomat! Einzelpreis: 1.29,Nein,"Wochenangebote gültig von Montag, 16.03.26 - Samstag, 21.03.26",16.03.26,21.03.26,images_netto/netto_offer_041.png,"cat_fleisch_wurst,diet_gluten_free,diet_lactose_free,diet_vegan,diet_vegetarian,sub_wurst,tag_ultra_processed,tag_whole_food",,ref_000041,obs_0000026147|obs_0000001235|obs_0000001479|obs_0000003107|obs_0000003790|obs_0000004217|obs_0000004644|obs_0000022109|obs_0000007552|obs_0000008815|obs_0000009003,obs_0000006569|obs_0000026147
Oster Dots,Keine Marke,"€ 2,29",,12.51 / kg,2er Pack Gilt nur in Filialen mit Backautomat!,Nein,"Wochenangebote gültig von Montag, 16.03.26 - Samstag, 21.03.26",16.03.26,21.03.26,images_netto/netto_offer_042.png,"cat_getraenke,diet_gluten_free,diet_lactose_free,diet_vegan,diet_vegetarian,sub_frisches_obst,tag_ultra_processed,tag_whole_food",,ref_000042,,
Bio Vitalbrot,Keine Marke,"€ 1,79","€ 1,99",3.58 / kg,Gilt nur in Filialen mit Backautomat!,Nein,"Wochenangebote gültig von Montag, 16.03.26 - Samstag, 21.03.26",16.03.26,21.03.26,images_netto/netto_offer_043.png,"cat_obst_gemuese,diet_gluten_free,diet_lactose_free,diet_vegan,diet_vegetarian,sub_exoten,sub_frisches_gemuese,sub_frisches_obst,tag_whole_food",,ref_000043,obs_0000025589,obs_0000025589
Weizenmischbrot,Keine Marke,"€ 0,89","€ 0,99",1.78 / kg,Gilt nur in Filialen mit Backautomat!,Nein,"Wochenangebote gültig von Montag, 16.03.26 - Samstag, 21.03.26",16.03.26,21.03.26,images_netto/netto_offer_044.png,"cat_grundnahrung,diet_gluten_free,diet_lactose_free,diet_vegan,diet_vegetarian,sub_frisches_gemuese,tag_whole_food",BLS-B251000,ref_000044,obs_0000010137|obs_0000012294|obs_0000013518|obs_0000026234|obs_0000026078|obs_0000028382,obs_0000010137|obs_0000012294|obs_0000013518|obs_0000026078|obs_0000026234
Hähnchen-Schenkel,Keine Marke,"€ 3,99","€ 5,29",3.63 / kg,"mit Rückenstück, natur, Hkl. A",Nein,"Wochenangebote gültig von Montag, 16.03.26 - Samstag, 21.03.26",16.03.26,21.03.26,images_netto/netto_offer_045.png,"cat_fleisch_wurst,diet_gluten_free,diet_lactose_free,sub_gefluegel,tag_proteinreich,tag_whole_food",BLS-V4A5100,ref_000045,obs_0000026210|obs_0000000705|obs_0000000882|obs_0000008847|obs_0000009309|obs_0000012788|obs_0000012979|obs_0000015084|obs_0000015866|obs_0000016792|obs_0000017990|obs_0000020792|obs_0000025386|obs_0000025404|obs_0000025494|obs_0000025823|obs_0000026472|obs_0000029023|obs_0000028002|obs_0000008234|obs_0000009971|obs_0000011295|obs_0000011659|obs_0000013440|obs_0000014273|obs_0000028036|obs_0000028092|obs_0000029994,obs_0000000705|obs_0000000882|obs_0000007081|obs_0000008847|obs_0000009309|obs_0000012788|obs_0000012979|obs_0000015084|obs_0000015866|obs_0000016792|obs_0000017990|obs_0000020792|obs_0000025386|obs_0000025404|obs_0000025494|obs_0000025823|obs_0000026210|obs_0000026472|obs_0000029301|obs_0000029324
Schweinefilet,Keine Marke,"€ 8,49","€ 11,90",Kein Mengenpreis,"vakuumverpackt, ca. 550 g",Nein,"Wochenangebote gültig von Montag, 16.03.26 - Samstag, 21.03.26",16.03.26,21.03.26,images_netto/netto_offer_046.png,"cat_fisch_meeresfruechte,diet_gluten_free,diet_lactose_free,sub_schwein,tag_high_protein,tag_proteinreich,tag_whole_food",BLS-U622100,ref_000046,obs_0000007077|obs_0000024184|obs_0000025797|obs_0000026544|obs_0000026682|obs_0000026802|obs_0000000002|obs_0000000507|obs_0000001195|obs_0000001942|obs_0000002687|obs_0000002826|obs_0000003494|obs_0000003830|obs_0000004257|obs_0000004684|obs_0000007500|obs_0000008267|obs_0000008863|obs_0000009019|obs_0000009383|obs_0000009907|obs_0000013430|obs_0000014266|obs_0000014865|obs_0000015062|obs_0000016277|obs_0000017568|obs_0000019040|obs_0000019333|obs_0000019859|obs_0000020152|obs_0000020492|obs_0000023834|obs_0000031549|obs_0000032006|obs_0000032191|obs_0000017881|obs_0000022574|obs_0000022999|obs_0000031186|obs_0000032221|obs_0000029828|obs_0000010025|obs_0000011286|obs_0000012204|obs_0000013429|obs_0000013870|obs_0000021477,obs_0000000002|obs_0000000507|obs_0000001195|obs_0000001942|obs_0000002687|obs_0000002826|obs_0000003494|obs_0000003830|obs_0000004257|obs_0000004684|obs_0000007077|obs_0000007500|obs_0000008267|obs_0000008863|obs_0000009019|obs_0000009383|obs_0000009907|obs_0000013430|obs_0000014266|obs_0000014865|obs_0000015062|obs_0000016277|obs_0000017568|obs_0000019040|obs_0000019333|obs_0000019859|obs_0000020152|obs_0000020492|obs_0000023834|obs_0000024184|obs_0000025797|obs_0000025942|obs_0000026513|obs_0000026544|obs_0000026682|obs_0000026802|obs_0000027992|obs_0000028037|obs_0000028087|obs_0000028561|obs_0000028749|obs_0000031549|obs_0000032006|obs_0000032191
Schinken-Gulasch,Keine Marke,"€ 2,99","€ 3,89",5.98 / kg,"besonders mager, vom Schwein",Nein,"Wochenangebote gültig von Montag, 16.03.26 - Samstag, 21.03.26",16.03.26,21.03.26,images_netto/netto_offer_047.png,"cat_fleisch_wurst,diet_lactose_free,diet_vegetarian,sub_schwein,sub_wurst,tag_ultra_processed,tag_whole_food",BLS-U554100,ref_000047,obs_0000024228|obs_0000025638|obs_0000000631|obs_0000000644|obs_0000000645|obs_0000000702|obs_0000000888|obs_0000001197|obs_0000015149|obs_0000016182|obs_0000026514|obs_0000031842,obs_0000024228|obs_0000025638
Schweine-Schnitzel,Keine Marke,"€ 3,99","€ 4,59",7.98 / kg,aus der Oberschale,Nein,"Wochenangebote gültig von Montag, 16.03.26 - Samstag, 21.03.26",16.03.26,21.03.26,images_netto/netto_offer_048.png,"cat_fleisch_wurst,diet_gluten_free,diet_lactose_free,sub_schwein,tag_whole_food",BLS-U543100,ref_000048,obs_0000025392|obs_0000018632|obs_0000019451|obs_0000023440|obs_0000024285|obs_0000025097|obs_0000007283|obs_0000027695|obs_0000027774|obs_0000027744|obs_0000028349|obs_0000028658|obs_0000000700|obs_0000005037,obs_0000006332|obs_0000006501|obs_0000006513|obs_0000006886|obs_0000018632|obs_0000019451|obs_0000023440|obs_0000024285|obs_0000025097|obs_0000025392
Original Thüringer Rostbratwurst,Keine Marke,"€ 2,79","€ 3,49",6.98 / kg,roh,Nein,"Wochenangebote gültig von Montag, 16.03.26 - Samstag, 21.03.26",16.03.26,21.03.26,images_netto/netto_offer_049.png,"cat_fleisch_wurst,sub_wurst,tag_ultra_processed",,ref_000049,obs_0000007635|obs_0000007934|obs_0000008709|obs_0000012634|obs_0000025987|obs_0000016980|obs_0000020646|obs_0000027402|obs_0000028751|obs_0000031540|obs_0000008223|obs_0000008352|obs_0000008780|obs_0000008971|obs_0000009433|obs_0000009563|obs_0000011869|obs_0000012774|obs_0000012989|obs_0000013576|obs_0000014027|obs_0000014692|obs_0000015909|obs_0000016324|obs_0000018030|obs_0000018706|obs_0000018823|obs_0000019136|obs_0000019525|obs_0000019642|obs_0000019955|obs_0000020283|obs_0000020393|obs_0000020709|obs_0000023674|obs_0000023832|obs_0000024162|obs_0000024899|obs_0000024959|obs_0000025132|obs_0000025175|obs_0000025918|obs_0000026556|obs_0000026643|obs_0000026757|obs_0000026857|obs_0000027023|obs_0000029264|obs_0000031227|obs_0000031439,obs_0000007635|obs_0000007934|obs_0000008709|obs_0000012634|obs_0000016980|obs_0000020646|obs_0000025987
Brust vom Jungbullen,Keine Marke,"€ 1,29","€ 1,69",12.90 / kg,"ohne Knochen, vakuumverpackt, ca. 1 kg",Nein,"Wochenangebote gültig von Montag, 16.03.26 - Samstag, 21.03.26",16.03.26,21.03.26,images_netto/netto_offer_050.png,"cat_fleisch_wurst,diet_gluten_free,diet_lactose_free,diet_vegan,diet_vegetarian,sub_rind,tag_whole_food",,ref_000050,obs_0000024422|obs_0000024796|obs_0000025798|obs_0000010036|obs_0000011290|obs_0000011739|obs_0000011740|obs_0000012206|obs_0000012998|obs_0000012999|obs_0000013437|obs_0000013876,
Mais-Hähnchen,Keine Marke,"€ 4,29","€ 5,49",Kein Mengenpreis,"ganz, Hkl. A, ca. 1,4 kg",Nein,"Wochenangebote gültig von Montag, 16.03.26 - Samstag, 21.03.26",16.03.26,21.03.26,images_netto/netto_offer_051.png,"cat_tiefkuehl,diet_gluten_free,diet_lactose_free,diet_vegan,diet_vegetarian,sub_gefluegel,sub_tk_fertiggerichte,tag_proteinreich,tag_ultra_processed,tag_whole_food",,ref_000051,obs_0000024819|obs_0000024859|obs_0000025488,obs_0000024819|obs_0000024859|obs_0000025488
Hackfleisch gemischt,Keine Marke,"€ 3,49","€ 4,79",6.98 / kg,aus 50% Schwein und 50% Rind,Nein,"Wochenangebote gültig von Montag, 16.03.26 - Samstag, 21.03.26",16.03.26,21.03.26,images_netto/netto_offer_052.png,"cat_fleisch_wurst,diet_lactose_free,diet_vegetarian,sub_hackfleisch,sub_rind,sub_schwein,tag_proteinreich,tag_ultra_processed",BLS-U020100,ref_000052,obs_0000006320|obs_0000006523|obs_0000008694|obs_0000026160|obs_0000027910|obs_0000028019|obs_0000028301|obs_0000028396|obs_0000029021|obs_0000029049|obs_0000029089|obs_0000005406|obs_0000005583|obs_0000008302|obs_0000008668|obs_0000009021|obs_0000009148|obs_0000010876|obs_0000011728|obs_0000012988|obs_0000015469|obs_0000015729|obs_0000016610|obs_0000018832|obs_0000019651|obs_0000020812|obs_0000023805|obs_0000025090|obs_0000025744|obs_0000025935|obs_0000031347|obs_0000032000|obs_0000027693|obs_0000028571|obs_0000029096|obs_0000029102|obs_0000000505|obs_0000008970|obs_0000009909|obs_0000012214|obs_0000013442|obs_0000016279|obs_0000017137|obs_0000018177|obs_0000026560|obs_0000000646|obs_0000000826|obs_0000001083|obs_0000021479|obs_0000023917,obs_0000000505|obs_0000005406|obs_0000005583|obs_0000006320|obs_0000006523|obs_0000008302|obs_0000008668|obs_0000008694|obs_0000008970|obs_0000009021|obs_0000009148|obs_0000009909|obs_0000010876|obs_0000011728|obs_0000012988|obs_0000015469|obs_0000015729|obs_0000016279|obs_0000016610|obs_0000017137|obs_0000018177|obs_0000018832|obs_0000019651|obs_0000020812|obs_0000023805|obs_0000026160|obs_0000026560|obs_0000027910|obs_0000028019|obs_0000028301|obs_0000028396|obs_0000029021|obs_0000029049|obs_0000029089|obs_0000031347|obs_0000032000
Meica Curry King,Keine Marke,"€ 1,99","€ 2,69",9.05 / kg,versch. Sorten,Nein,"Wochenangebote gültig von Montag, 16.03.26 - Samstag, 21.03.26",16.03.26,21.03.26,images_netto/netto_offer_053.png,"cat_obst_gemuese,diet_gluten_free,diet_lactose_free,diet_vegan,diet_vegetarian,tag_ultra_processed,tag_whole_food",,ref_000053,obs_0000027281|obs_0000011237|obs_0000013050|obs_0000014358|obs_0000018442|obs_0000019066|obs_0000019885|obs_0000021512|obs_0000023190|obs_0000029271|obs_0000016978|obs_0000020940,obs_0000027281
Südtiroler Schinkenspeck,Keine Marke,"€ 1,49","€ 1,99",14.90 / kg,22 Wochen gereift,Nein,"Wochenangebote gültig von Montag, 16.03.26 - Samstag, 21.03.26",16.03.26,21.03.26,images_netto/netto_offer_054.png,"cat_fleisch_wurst,diet_lactose_free,diet_vegetarian,sub_schwein,sub_wurst,tag_ultra_processed",,ref_000054,obs_0000029183,
Schinkenwürfel,Keine Marke,"€ 1,99","€ 2,39",7.96 - 13.27 / kg,versch. Sorten,Nein,"Wochenangebote gültig von Montag, 16.03.26 - Samstag, 21.03.26",16.03.26,21.03.26,images_netto/netto_offer_055.png,"cat_fleisch_wurst,diet_gluten_free,diet_lactose_free,diet_vegan,diet_vegetarian,sub_schwein,sub_wurst,tag_proteinreich,tag_ultra_processed,tag_whole_food",BLS-D623400,ref_000055,obs_0000007302|obs_0000027594|obs_0000028066|obs_0000021143|obs_0000022318|obs_0000022740|obs_0000024100,
Leberkäse,Keine Marke,"€ 2,99","€ 3,49",7.48 / kg,versch. Sorten,Nein,"Wochenangebote gültig von Montag, 16.03.26 - Samstag, 21.03.26",16.03.26,21.03.26,images_netto/netto_offer_056.png,"cat_fleisch_wurst,diet_gluten_free,diet_lactose_free,diet_vegan,diet_vegetarian,sub_kaese,sub_schwein,sub_wurst,tag_ultra_processed,tag_whole_food",BLS-W256100,ref_000056,obs_0000026094|obs_0000008147|obs_0000024274|obs_0000025224|obs_0000024801|obs_0000026198|obs_0000028782|obs_0000000704|obs_0000001732|obs_0000008567|obs_0000008703|obs_0000008744|obs_0000010877|obs_0000012631|obs_0000017518|obs_0000018593|obs_0000019412|obs_0000020355|obs_0000022313|obs_0000022734|obs_0000023387|obs_0000024883|obs_0000025250|obs_0000025278|obs_0000026907|obs_0000029347|obs_0000031819|obs_0000028245|obs_0000010861|obs_0000021329|obs_0000021899|obs_0000031198|obs_0000031413|obs_0000031606|obs_0000031805|obs_0000032018|obs_0000032227,obs_0000008147|obs_0000024274|obs_0000025224|obs_0000026094
Wiener Würstchen,Keine Marke,"€ 2,69","€ 2,99",6.73 / kg,über Buchenholz geräuchert Regionale Verpackungsabweichungen möglich,Nein,"Wochenangebote gültig von Montag, 16.03.26 - Samstag, 21.03.26",16.03.26,21.03.26,images_netto/netto_offer_057.png,"cat_fleisch_wurst,diet_gluten_free,diet_lactose_free,diet_vegan,diet_vegetarian,sub_wurst,tag_ultra_processed,tag_whole_food",BLS-W211200,ref_000057,obs_0000026203|obs_0000005575|obs_0000005972|obs_0000014283|obs_0000024911|obs_0000025316|obs_0000026403|obs_0000027075|obs_0000029201|obs_0000029353|obs_0000031638|obs_0000032395|obs_0000007304|obs_0000028610|obs_0000029053|obs_0000029076|obs_0000029819|obs_0000007295|obs_0000027424|obs_0000028676|obs_0000028965|obs_0000029541|obs_0000019183|obs_0000020002|obs_0000020294|obs_0000023984|obs_0000023985|obs_0000029398|obs_0000032270|obs_0000028252|obs_0000008815|obs_0000009003|obs_0000018974|obs_0000019793|obs_0000020409|obs_0000029252,obs_0000005575|obs_0000005972|obs_0000014283|obs_0000024911|obs_0000025316|obs_0000026203|obs_0000026403|obs_0000027075|obs_0000029201|obs_0000029353|obs_0000031638|obs_0000032395
Geflügelmortadella,Keine Marke,"€ 1,11","€ 1,29",5.55 / kg,versch. Sorten,Nein,"Wochenangebote gültig von Montag, 16.03.26 - Samstag, 21.03.26",16.03.26,21.03.26,images_netto/netto_offer_058.png,"cat_fleisch_wurst,diet_gluten_free,diet_lactose_free,diet_vegan,diet_vegetarian,sub_gefluegel,sub_wurst,tag_ultra_processed,tag_whole_food",BLS-W288100,ref_000058,obs_0000025298,obs_0000025298
Käse- oder Pfeffersalami,Keine Marke,"€ 1,49","€ 1,99",14.90 / kg,geräuchert,Nein,"Wochenangebote gültig von Montag, 16.03.26 - Samstag, 21.03.26",16.03.26,21.03.26,images_netto/netto_offer_059.png,"cat_getraenke,diet_gluten_free,diet_lactose_free,diet_vegan,diet_vegetarian,sub_wurst,tag_ultra_processed,tag_whole_food",,ref_000059,obs_0000008329|obs_0000010077,
Salami Drops,Keine Marke,"€ 1,99","€ 2,49",28.43 / kg,versch. Sorten,Nein,"Wochenangebote gültig von Montag, 16.03.26 - Samstag, 21.03.26",16.03.26,21.03.26,images_netto/netto_offer_060.png,"cat_tiefkuehl,diet_gluten_free,diet_lactose_free,diet_vegan,diet_vegetarian,sub_frisches_gemuese,sub_tk_fertiggerichte,sub_wurst,tag_ultra_processed,tag_whole_food",,ref_000060,obs_0000002071|obs_0000002397|obs_0000002743|obs_0000003025|obs_0000003093|obs_0000005567|obs_0000007433|obs_0000007485|obs_0000007871|obs_0000009680|obs_0000009762|obs_0000010456|obs_0000013457|obs_0000014853|obs_0000015127|obs_0000015280|obs_0000015709|obs_0000015900|obs_0000017555|obs_0000018191|obs_0000018932|obs_0000019751|obs_0000021730|obs_0000023482|obs_0000024061|obs_0000025025|obs_0000026400|obs_0000031640,obs_0000021432|obs_0000021695
Eis,Mövenpick,"€ 5,55","€ 11,97",2.06 - 2.31 / l,"tiefgekühlt, versch. Sorten Einzelpreis: 3.99 (4.43 – 4.99 / l)",Nein,"Wochenangebote gültig von Montag, 16.03.26 - Samstag, 21.03.26",16.03.26,21.03.26,images_netto/netto_offer_061.png,"cat_molkerei_kaese,diet_gluten_free,diet_lactose_free,diet_vegan,diet_vegetarian,sub_milchprodukte,tag_ultra_processed",,ref_000061,obs_0000010936|obs_0000023870|obs_0000017217|obs_0000016235|obs_0000031856|obs_0000023956|obs_0000016895|obs_0000004803|obs_0000004376|obs_0000002904|obs_0000003949|obs_0000000434|obs_0000026583|obs_0000025601|obs_0000009241|obs_0000025630|obs_0000008770|obs_0000005731|obs_0000025773|obs_0000008374|obs_0000006838|obs_0000012480|obs_0000023363|obs_0000027472|obs_0000006487|obs_0000025433|obs_0000026982|obs_0000023934|obs_0000004996|obs_0000028629|obs_0000021487|obs_0000001535|obs_0000001536|obs_0000011779|obs_0000005185|obs_0000011345|obs_0000012898|obs_0000005734|obs_0000007815|obs_0000006293|obs_0000006844|obs_0000010502|obs_0000005945|obs_0000006486|obs_0000007045|obs_0000007046|obs_0000005553|obs_0000005554|obs_0000006113|obs_0000006116,obs_0000005731|obs_0000031856|obs_0000010936|obs_0000023870|obs_0000017217|obs_0000016235|obs_0000004996|obs_0000023956
Obstgarten,Ehrmann,"€ 0,44","€ 0,79",3.52 - 3.67 / kg,"gekühlt, versch. Sorten",Nein,"Wochenangebote gültig von Montag, 16.03.26 - Samstag, 21.03.26",16.03.26,21.03.26,images_netto/netto_offer_062.png,"cat_non_food,diet_vegetarian",,ref_000062,obs_0000013469|obs_0000009811|obs_0000010069|obs_0000011758|obs_0000001184|obs_0000024746,obs_0000013469|obs_0000009811|obs_0000010069|obs_0000011758
Grütze mit Soße oder Sahnepudding,Dr Oetker,"€ 0,99","€ 1,39",4.95 - 6.19 / kg,"gekühlt, versch. Sorten",Nein,"Wochenangebote gültig von Montag, 16.03.26 - Samstag, 21.03.26",16.03.26,21.03.26,images_netto/netto_offer_063.png,"cat_molkerei_kaese,sub_milchprodukte,sub_sahne_creme,tag_ultra_processed",,ref_000063,obs_0000012477|obs_0000029177|obs_0000010908|obs_0000013087|obs_0000019297|obs_0000009575|obs_0000009802|obs_0000020116|obs_0000020374,
Zott Monte Snack,Keine Marke,"€ 1,99","€ 2,99",8.58 / kg,"gekühlt, versch. Sorten",Nein,"Wochenangebote gültig von Montag, 16.03.26 - Samstag, 21.03.26",16.03.26,21.03.26,images_netto/netto_offer_064.png,"cat_obst_gemuese,diet_gluten_free,diet_lactose_free,diet_vegan,diet_vegetarian,sub_frisches_gemuese,sub_sahne_creme,tag_ultra_processed,tag_whole_food",,ref_000064,obs_0000005699|obs_0000006071|obs_0000028652|obs_0000005128|obs_0000010383|obs_0000015505|obs_0000018504|obs_0000019352|obs_0000020171|obs_0000023455|obs_0000001741|obs_0000008831|obs_0000009292|obs_0000010484|obs_0000012126|obs_0000013349|obs_0000014218|obs_0000016223|obs_0000017329|obs_0000017836|obs_0000023929,obs_0000005699
Coppenrath Wiese kernig kräftig Brötchen,Keine Marke,"€ 2,22","€ 3,29",4.53 – 5.55 / kg,"tiefgekühlt, versch. Sorten",Nein,"Wochenangebote gültig von Montag, 16.03.26 - Samstag, 21.03.26",16.03.26,21.03.26,images_netto/netto_offer_065.png,"cat_grundnahrung,diet_vegetarian,tag_ultra_processed,tag_whole_food",,ref_000065,obs_0000005555,
Hähnchenschenkel,Keine Marke,"€ 3,33","€ 3,99",Kein Mengenpreis,"tiefgekühlt, mit Rückenstück, ungewürzt, Hkl. A",Nein,"Wochenangebote gültig von Montag, 16.03.26 - Samstag, 21.03.26",16.03.26,21.03.26,images_netto/netto_offer_066.png,"cat_fleisch_wurst,diet_gluten_free,diet_lactose_free,sub_gefluegel,tag_proteinreich,tag_whole_food",BLS-Y599012,ref_000066,obs_0000007081|obs_0000029301|obs_0000000293|obs_0000003727|obs_0000004154|obs_0000004581|obs_0000024599|obs_0000025595|obs_0000027637|obs_0000028589|obs_0000029324|obs_0000002354|obs_0000003200|obs_0000016957|obs_0000022248|obs_0000022671|obs_0000031167|obs_0000032213|obs_0000023916,obs_0000000293|obs_0000003727|obs_0000004154|obs_0000004581|obs_0000007081|obs_0000024599|obs_0000025595|obs_0000026210|obs_0000029301|obs_0000029324
Zott Sahnepudding,Keine Marke,"€ 0,49","€ 0,69",3.27 / kg,"gekühlt, versch. Sorten",Nein,"Wochenangebote gültig von Montag, 16.03.26 - Samstag, 21.03.26",16.03.26,21.03.26,images_netto/netto_offer_067.png,"cat_molkerei_kaese,diet_gluten_free,diet_lactose_free,diet_vegan,diet_vegetarian,sub_milchprodukte,sub_sahne_creme,tag_ultra_processed,tag_whole_food",,ref_000067,obs_0000009575|obs_0000010908|obs_0000019297|obs_0000020116|obs_0000020374|obs_0000029177,
Quiche- Tarteteig,Tante Fanny,"€ 1,49","€ 1,99",4.97 / kg,gekühlt,Nein,"Wochenangebote gültig von Montag, 16.03.26 - Samstag, 21.03.26",16.03.26,21.03.26,images_netto/netto_offer_068.png,"cat_grundnahrung,diet_vegetarian",,ref_000068,obs_0000028621,
Mini Muuh Käsesnack,Keine Marke,"€ 1,79","€ 2,29",21.31 / kg,gekühlt,Nein,"Wochenangebote gültig von Montag, 16.03.26 - Samstag, 21.03.26",16.03.26,21.03.26,images_netto/netto_offer_069.png,"cat_obst_gemuese,diet_gluten_free,diet_lactose_free,diet_vegan,diet_vegetarian,sub_frisches_gemuese,sub_kaese,tag_ultra_processed,tag_whole_food",,ref_000069,obs_0000010378|obs_0000011774|obs_0000014741|obs_0000016055|obs_0000016653|obs_0000024151,
Nostalgie Edition,Rotkäppchen,"€ 1,79","€ 1,99",14.32 / kg,"gekühlt, versch. Sorten",Nein,"Wochenangebote gültig von Montag, 16.03.26 - Samstag, 21.03.26",16.03.26,21.03.26,images_netto/netto_offer_070.png,"cat_knabbern_naschen,tag_ultra_processed",,ref_000070,,
Tasty Grill,Old Amsterdam,"€ 2,69","€ 3,49",19.21 / kg,"gekühlt, versch. Sorten",Nein,"Wochenangebote gültig von Montag, 16.03.26 - Samstag, 21.03.26",16.03.26,21.03.26,images_netto/netto_offer_071.png,cat_non_food,,ref_000071,,
GAZI Feta Ziegen- oder Schafskäse,Keine Marke,"€ 1,99","€ 2,89",13.27 / kg,gekühlt,Nein,"Wochenangebote gültig von Montag, 16.03.26 - Samstag, 21.03.26",16.03.26,21.03.26,images_netto/netto_offer_072.png,"cat_molkerei_kaese,sub_kaese,sub_milchprodukte,tag_ultra_processed",,ref_000072,obs_0000002236|obs_0000002948|obs_0000010490|obs_0000012864|obs_0000013911|obs_0000022597|obs_0000023025|obs_0000023310|obs_0000029355,
Antipasti Cremes,Keine Marke,"€ 1,29","€ 1,59",8.60 / kg,"gekühlt, versch. Sorten",Nein,"Wochenangebote gültig von Montag, 16.03.26 - Samstag, 21.03.26",16.03.26,21.03.26,images_netto/netto_offer_073.png,"cat_obst_gemuese,diet_gluten_free,diet_lactose_free,diet_vegan,diet_vegetarian,sub_frisches_gemuese,tag_whole_food",,ref_000073,obs_0000007391|obs_0000026230|obs_0000007454|obs_0000010952|obs_0000021733|obs_0000023132|obs_0000026016,obs_0000008042
Speisequark Magerstufe,Keine Marke,"€ 0,49","€ 0,59",1.96 / kg,"gekühlt 0,2% Fett",Nein,"Wochenangebote gültig von Montag, 16.03.26 - Samstag, 21.03.26",16.03.26,21.03.26,images_netto/netto_offer_074.png,"cat_obst_gemuese,diet_gluten_free,diet_lactose_free,diet_vegan,diet_vegetarian,sub_frisches_gemuese,tag_ultra_processed,tag_whole_food",,ref_000074,obs_0000001061|obs_0000001323|obs_0000002440|obs_0000003163|obs_0000003938|obs_0000004365|obs_0000004792|obs_0000024446|obs_0000000224|obs_0000001652|obs_0000001653|obs_0000001654|obs_0000003626|obs_0000004053|obs_0000004480|obs_0000014906|obs_0000018399|obs_0000018493|obs_0000019022|obs_0000019841|obs_0000023072|obs_0000031244|obs_0000031442,obs_0000001061|obs_0000001323|obs_0000002440|obs_0000003163|obs_0000003938|obs_0000004365|obs_0000004792|obs_0000024446
Naturjoghurt,Weihenstephan,"€ 0,89","€ 1,49",1.78 / kg,"gekühlt, 1,5% oder 3,5% Fett",Nein,"Wochenangebote gültig von Montag, 16.03.26 - Samstag, 21.03.26",16.03.26,21.03.26,images_netto/netto_offer_075.png,"cat_molkerei_kaese,diet_gluten_free,diet_vegetarian,sub_joghurt_skyr_quark,sub_milchprodukte",,ref_000075,obs_0000029326|obs_0000001182|obs_0000021411|obs_0000002505|obs_0000000260|obs_0000004102|obs_0000004529|obs_0000003675|obs_0000000898|obs_0000004227|obs_0000023317|obs_0000004654|obs_0000000831|obs_0000000339|obs_0000003800|obs_0000024690|obs_0000030012|obs_0000005131|obs_0000006599,obs_0000000260|obs_0000004102|obs_0000029326|obs_0000001182|obs_0000021411|obs_0000004529|obs_0000002505|obs_0000003675
Käsescheiben,Old Amsterdam,"€ 1,99","€ 3,49",13.72 - 17.30 / kg,gekühlt,Nein,"Wochenangebote gültig von Montag, 16.03.26 - Samstag, 21.03.26",16.03.26,21.03.26,images_netto/netto_offer_076.png,"cat_molkerei_kaese,sub_kaese,sub_milchprodukte",,ref_000076,obs_0000000993|obs_0000020739|obs_0000018576|obs_0000002450|obs_0000024344|obs_0000001181|obs_0000023333|obs_0000019756|obs_0000025914|obs_0000016191|obs_0000019395|obs_0000023240|obs_0000002121|obs_0000029130|obs_0000025297|obs_0000016730|obs_0000031455|obs_0000015335|obs_0000002549|obs_0000018937|obs_0000020112|obs_0000004755|obs_0000017299|obs_0000000405|obs_0000027921|obs_0000001946|obs_0000024991|obs_0000023334|obs_0000003901|obs_0000015299|obs_0000015686|obs_0000006608|obs_0000013018|obs_0000018012|obs_0000019293|obs_0000004328|obs_0000017896|obs_0000029544|obs_0000029803|obs_0000016116|obs_0000020348|obs_0000007423|obs_0000024711|obs_0000024914|obs_0000006616|obs_0000007228|obs_0000028309,obs_0000020739|obs_0000018576|obs_0000002450|obs_0000024344|obs_0000001181|obs_0000023333|obs_0000019756|obs_0000025914|obs_0000016191|obs_0000019395|obs_0000023240|obs_0000002121|obs_0000029130|obs_0000025297|obs_0000016730|obs_0000031455|obs_0000000993|obs_0000015335|obs_0000002549|obs_0000018937
Steinhaus Pasta Rustica,Keine Marke,"€ 1,89","€ 2,49",9.45 / kg,"gekühlt, versch. Sorten",Nein,"Wochenangebote gültig von Montag, 16.03.26 - Samstag, 21.03.26",16.03.26,21.03.26,images_netto/netto_offer_077.png,"cat_grundnahrung,diet_gluten_free,diet_lactose_free,diet_vegan,diet_vegetarian,sub_nudeln,tag_ultra_processed,tag_whole_food",,ref_000077,obs_0000026993|obs_0000002449|obs_0000010538|obs_0000012690|obs_0000015187|obs_0000015391|obs_0000015607|obs_0000015884|obs_0000016721|obs_0000017233|obs_0000017418|obs_0000017818|obs_0000018370|obs_0000018528|obs_0000018893|obs_0000019712|obs_0000020622|obs_0000023645|obs_0000025026|obs_0000026623|obs_0000026734|obs_0000026860|obs_0000031490|obs_0000031883|obs_0000032393,
Frischer Kakao,Keine Marke,"€ 1,49","€ 2,19",Kein Mengenpreis,gekühlt,Nein,"Wochenangebote gültig von Montag, 16.03.26 - Samstag, 21.03.26",16.03.26,21.03.26,images_netto/netto_offer_078.png,"cat_getraenke,diet_lactose_free,diet_vegetarian,tag_ultra_processed,tag_whole_food",,ref_000078,obs_0000026231|obs_0000010762|obs_0000013399,obs_0000026231
Caff Freddo,Mövenpick,"€ 1,0","€ 1,59",5.- / kg,gekühlt,Nein,"Wochenangebote gültig von Montag, 16.03.26 - Samstag, 21.03.26",16.03.26,21.03.26,images_netto/netto_offer_079.png,"cat_getraenke,diet_gluten_free,diet_lactose_free,diet_vegan,diet_vegetarian,sub_milchprodukte,tag_ultra_processed",,ref_000079,,
Lachs Carpaccio,Keine Marke,"€ 3,99",,32.18 / kg,gekühlt,Nein,"Wochenangebote gültig von Montag, 16.03.26 - Samstag, 21.03.26",16.03.26,21.03.26,images_netto/netto_offer_080.png,"cat_fisch_meeresfruechte,diet_gluten_free,diet_lactose_free,diet_vegan,diet_vegetarian,tag_whole_food",,ref_000080,obs_0000007265|obs_0000001927|obs_0000002344|obs_0000002575|obs_0000006854|obs_0000031203|obs_0000032228,obs_0000001927|obs_0000002344|obs_0000002575|obs_0000007265
Fuet Ib rico,Keine Marke,"€ 2,29","€ 2,99",15.27 / kg,Original Spanische Salami,Nein,"Wochenangebote gültig von Montag, 16.03.26 - Samstag, 21.03.26",16.03.26,21.03.26,images_netto/netto_offer_081.png,"cat_obst_gemuese,diet_gluten_free,diet_lactose_free,diet_vegan,diet_vegetarian,sub_frisches_obst,tag_ultra_processed,tag_whole_food",,ref_000081,obs_0000001728,
T te de Moine Rosetten,Keine Marke,"€ 3,99",,39.90 / kg,gekühlt,Nein,"Wochenangebote gültig von Montag, 16.03.26 - Samstag, 21.03.26",16.03.26,21.03.26,images_netto/netto_offer_082.png,"cat_obst_gemuese,diet_gluten_free,diet_lactose_free,diet_vegan,diet_vegetarian,sub_exoten,sub_frisches_gemuese,sub_frisches_obst,tag_ultra_processed,tag_whole_food",,ref_000082,obs_0000014333|obs_0000000226|obs_0000001993|obs_0000002459|obs_0000003474|obs_0000003629|obs_0000004056|obs_0000004483|obs_0000015256|obs_0000015418|obs_0000015791|obs_0000015827|obs_0000017786|obs_0000006250|obs_0000006785|obs_0000006999,obs_0000014333
Französische Käseplatte,Keine Marke,"€ 6,99",,23.30 / kg,gekühlt,Nein,"Wochenangebote gültig von Montag, 16.03.26 - Samstag, 21.03.26",16.03.26,21.03.26,images_netto/netto_offer_083.png,"cat_molkerei_kaese,sub_kaese,sub_milchprodukte",BLS-D490500,ref_000083,obs_0000017788|obs_0000014864|obs_0000017873|obs_0000024068|obs_0000032250|obs_0000019219|obs_0000020038|obs_0000020888,obs_0000017788
Feiner Fleischsalat,Keine Marke,"€ 1,49",,7.45 / kg,"gekühlt, versch. Sorten",Nein,"Wochenangebote gültig von Montag, 16.03.26 - Samstag, 21.03.26",16.03.26,21.03.26,images_netto/netto_offer_084.png,"cat_obst_gemuese,diet_gluten_free,diet_lactose_free,diet_vegan,diet_vegetarian,sub_frisches_gemuese,sub_salate,tag_ultra_processed,tag_whole_food",,ref_000084,obs_0000027053|obs_0000028582|obs_0000008583|obs_0000010111|obs_0000011661|obs_0000025974|obs_0000026940|obs_0000031433,obs_0000026548|obs_0000029249
Nuss-Nougat-Creme,Keine Marke,"€ 2,22","€ 3,29",5.55 / kg,,Nein,"Wochenangebote gültig von Montag, 16.03.26 - Samstag, 21.03.26",16.03.26,21.03.26,images_netto/netto_offer_085.png,"cat_knabbern_naschen,diet_gluten_free,diet_lactose_free,diet_vegan,diet_vegetarian,tag_ultra_processed,tag_whole_food",BLS-S145000,ref_000085,obs_0000028390|obs_0000009306|obs_0000010542|obs_0000016619|obs_0000025716|obs_0000006401|obs_0000002051|obs_0000003144|obs_0000025258|obs_0000007518|obs_0000001830|obs_0000010980|obs_0000012299|obs_0000013091|obs_0000014709|obs_0000018646|obs_0000019465|obs_0000021881|obs_0000023102|obs_0000026114|obs_0000030824,obs_0000010980|obs_0000012299|obs_0000013091
Herzwaffeln,Keine Marke,"€ 1,49","€ 1,79",9.03 / kg,versch. Sorten,Nein,"Wochenangebote gültig von Montag, 16.03.26 - Samstag, 21.03.26",16.03.26,21.03.26,images_netto/netto_offer_086.png,"cat_obst_gemuese,diet_gluten_free,diet_lactose_free,diet_vegan,diet_vegetarian,sub_frisches_gemuese,sub_frisches_obst,tag_ultra_processed,tag_whole_food",BLS-D621800,ref_000086,obs_0000026242,obs_0000026242
Frischkäse -zubereitung,Keine Marke,"€ 1,79",,19.89 / kg,"gekühlt, versch. Sorten",Nein,"Wochenangebote gültig von Montag, 16.03.26 - Samstag, 21.03.26",16.03.26,21.03.26,images_netto/netto_offer_087.png,"cat_molkerei_kaese,diet_vegetarian,sub_kaese,sub_milchprodukte,tag_ultra_processed",,ref_000087,obs_0000026252|obs_0000006596|obs_0000006777|obs_0000006245|obs_0000000519|obs_0000002737|obs_0000003267|obs_0000004927|obs_0000005321|obs_0000005900|obs_0000009042|obs_0000009494|obs_0000015471|obs_0000016007|obs_0000016038|obs_0000016419|obs_0000016568|obs_0000017161|obs_0000017193|obs_0000017887|obs_0000018246|obs_0000018668|obs_0000019487|obs_0000020674|obs_0000020775|obs_0000020837|obs_0000021129|obs_0000022511|obs_0000022932|obs_0000023386|obs_0000024802|obs_0000026020|obs_0000026429|obs_0000005502,obs_0000006602|obs_0000006789|obs_0000026252
Kuchenwürfel,Keine Marke,"€ 1,99","€ 2,49",13.27 / kg,Punsch oder Eierlikör,Nein,"Wochenangebote gültig von Montag, 16.03.26 - Samstag, 21.03.26",16.03.26,21.03.26,images_netto/netto_offer_088.png,"cat_obst_gemuese,diet_gluten_free,diet_lactose_free,diet_vegan,diet_vegetarian,sub_frisches_obst,tag_proteinreich,tag_ultra_processed,tag_whole_food",,ref_000088,,
Steinofenbaguette,Keine Marke,"€ 1,19","€ 1,39",4.76 / kg,,Nein,"Wochenangebote gültig von Montag, 16.03.26 - Samstag, 21.03.26",16.03.26,21.03.26,images_netto/netto_offer_089.png,"cat_grundnahrung,diet_gluten_free,diet_lactose_free,diet_vegan,diet_vegetarian,tag_ultra_processed,tag_whole_food",BLS-B781200,ref_000089,obs_0000012293|obs_0000014385|obs_0000026249|obs_0000007606|obs_0000026564|obs_0000027747|obs_0000029060|obs_0000001971|obs_0000024616|obs_0000025018|obs_0000031807,obs_0000007606|obs_0000012293|obs_0000014385|obs_0000026249|obs_0000026564|obs_0000027747|obs_0000029873
Konditor Dinkelmehl Type 630,Keine Marke,"€ 1,49","€ 1,79",Kein Mengenpreis,,Nein,"Wochenangebote gültig von Montag, 16.03.26 - Samstag, 21.03.26",16.03.26,21.03.26,images_netto/netto_offer_090.png,"cat_grundnahrung,diet_gluten_free,diet_lactose_free,diet_vegan,diet_vegetarian,tag_ultra_processed,tag_whole_food",BLS-C234000,ref_000090,obs_0000032171|obs_0000001611|obs_0000024676,
Säfte,Keine Marke,"€ 2,19","€ 2,45",Kein Mengenpreis,Ananas oder Orangen-Direksaft,Nein,"Wochenangebote gültig von Montag, 16.03.26 - Samstag, 21.03.26",16.03.26,21.03.26,images_netto/netto_offer_091.png,"cat_getraenke,diet_gluten_free,diet_lactose_free,diet_vegan,diet_vegetarian,sub_exoten,sub_frisches_gemuese,sub_frisches_obst,tag_whole_food",,ref_000091,obs_0000024371|obs_0000025227|obs_0000025719|obs_0000026508|obs_0000012730|obs_0000014008|obs_0000022585|obs_0000023010|obs_0000026881|obs_0000006715|obs_0000028101|obs_0000029593|obs_0000008510|obs_0000012528|obs_0000018180|obs_0000023723|obs_0000024714|obs_0000029348|obs_0000005057,obs_0000024371|obs_0000025227|obs_0000025719|obs_0000026508
Kalbs-Medaillons,Keine Marke,"€ 2,49","€ 3,19",24.90 / kg,"zart und saftig, ca. 240 g",Nein,"Wochenangebote gültig von Montag, 16.03.26 - Samstag, 21.03.26",16.03.26,21.03.26,images_netto/netto_offer_092.png,"cat_obst_gemuese,diet_gluten_free,diet_lactose_free,diet_vegan,diet_vegetarian,tag_proteinreich,tag_whole_food",,ref_000092,,
Fonds,Keine Marke,"€ 1,49","€ 2,29",3.73 / l,versch. Sorten,Nein,"Wochenangebote gültig von Montag, 16.03.26 - Samstag, 21.03.26",16.03.26,21.03.26,images_netto/netto_offer_093.png,"cat_obst_gemuese,diet_gluten_free,diet_lactose_free,diet_vegan,diet_vegetarian,sub_exoten,sub_frisches_gemuese,sub_frisches_obst,tag_ultra_processed,tag_whole_food",,ref_000093,,obs_0000007415
Wildreis,Keine Marke,"€ 1,79","€ 1,99",3.58 / kg,,Nein,"Wochenangebote gültig von Montag, 16.03.26 - Samstag, 21.03.26",16.03.26,21.03.26,images_netto/netto_offer_094.png,"cat_tiefkuehl,diet_gluten_free,diet_lactose_free,diet_vegan,diet_vegetarian,sub_reis,tag_ultra_processed,tag_whole_food",BLS-C353100,ref_000094,,
Rotkohl,Keine Marke,"€ 0,99",,2.48 / kg,,Nein,"Wochenangebote gültig von Montag, 16.03.26 - Samstag, 21.03.26",16.03.26,21.03.26,images_netto/netto_offer_095.png,"cat_obst_gemuese,diet_gluten_free,diet_lactose_free,diet_vegan,diet_vegetarian,sub_frisches_gemuese,sub_frisches_obst,tag_whole_food",BLS-G341100,ref_000095,obs_0000007807|obs_0000012670|obs_0000017009|obs_0000023239|obs_0000026464|obs_0000027971|obs_0000029117|obs_0000029985|obs_0000009722|obs_0000012614|obs_0000030134|obs_0000006847|obs_0000014342|obs_0000032189|obs_0000027365|obs_0000009970|obs_0000014200|obs_0000018907|obs_0000019726|obs_0000023818|obs_0000005157,obs_0000006576|obs_0000006766|obs_0000007445|obs_0000007807|obs_0000008842|obs_0000009303|obs_0000009722|obs_0000012614|obs_0000012670|obs_0000016641|obs_0000017009|obs_0000023128|obs_0000023239|obs_0000024496|obs_0000025698|obs_0000026108|obs_0000026464|obs_0000026570|obs_0000027616|obs_0000027971|obs_0000029117|obs_0000029399|obs_0000029985
Eintöpfe,Keine Marke,"€ 3,99",,11.08 / kg,"gekühlt, versch. Sorten",Nein,"Wochenangebote gültig von Montag, 16.03.26 - Samstag, 21.03.26",16.03.26,21.03.26,images_netto/netto_offer_096.png,"cat_obst_gemuese,diet_gluten_free,diet_lactose_free,diet_vegan,diet_vegetarian,sub_exoten,sub_frisches_gemuese,sub_frisches_obst,tag_ultra_processed,tag_whole_food",,ref_000096,obs_0000025989|obs_0000026931|obs_0000031010,
Spargelspitzen,Keine Marke,"€ 1,99",,12.06 / kg,,Nein,"Wochenangebote gültig von Montag, 16.03.26 - Samstag, 21.03.26",16.03.26,21.03.26,images_netto/netto_offer_097.png,"cat_obst_gemuese,diet_gluten_free,diet_lactose_free,diet_vegan,diet_vegetarian,sub_frisches_gemuese,sub_frisches_obst,tag_whole_food",BLS-X444913,ref_000097,,
Parmigiano Reggiano,Keine Marke,"€ 3,99",,26.60 / kg,gekühlt,Nein,"Wochenangebote gültig von Montag, 16.03.26 - Samstag, 21.03.26",16.03.26,21.03.26,images_netto/netto_offer_098.png,"cat_molkerei_kaese,diet_gluten_free,diet_lactose_free,diet_vegan,diet_vegetarian,sub_kaese,sub_milchprodukte,tag_whole_food",,ref_000098,obs_0000007224|obs_0000003356|obs_0000008403|obs_0000008712|obs_0000009178|obs_0000014694|obs_0000017793|obs_0000018163|obs_0000011775|obs_0000013922|obs_0000021697|obs_0000031436|obs_0000030073|obs_0000005697,obs_0000003356|obs_0000007224|obs_0000008403|obs_0000008712|obs_0000009178|obs_0000011775|obs_0000013922|obs_0000014694|obs_0000017793|obs_0000018163|obs_0000021697|obs_0000031436
Knusprige Ente,Keine Marke,"€ 4,99",,15.59 / kg,"tiefgekühlt, halbe Ente mit Haut, ohne Knochen, flüssig gewürzt, vorgebraten",Nein,"Wochenangebote gültig von Montag, 16.03.26 - Samstag, 21.03.26",16.03.26,21.03.26,images_netto/netto_offer_099.png,"cat_obst_gemuese,diet_gluten_free,diet_lactose_free,diet_vegan,diet_vegetarian,sub_gefluegel,tag_ultra_processed,tag_whole_food",,ref_000099,,
Festtagssaucen,Keine Marke,"€ 1,29",,4.69 / kg,versch. Sorten,Nein,"Wochenangebote gültig von Montag, 16.03.26 - Samstag, 21.03.26",16.03.26,21.03.26,images_netto/netto_offer_100.png,"cat_obst_gemuese,diet_gluten_free,diet_lactose_free,diet_vegan,diet_vegetarian,tag_whole_food",,ref_000100,,
Pfifferlinge oder Feine Pilzmischung,Keine Marke,"€ 2,29",,22.90 / kg,,Nein,"Wochenangebote gültig von Montag, 16.03.26 - Samstag, 21.03.26",16.03.26,21.03.26,images_netto/netto_offer_101.png,"cat_getraenke,diet_gluten_free,diet_lactose_free,diet_vegan,diet_vegetarian,tag_ultra_processed",,ref_000101,,
Thunfischsteaks,Keine Marke,"€ 3,99",,15.96 / kg,tiefgekühlt,Nein,"Wochenangebote gültig von Montag, 16.03.26 - Samstag, 21.03.26",16.03.26,21.03.26,images_netto/netto_offer_102.png,"cat_fisch_meeresfruechte,diet_gluten_free,diet_lactose_free,diet_vegetarian,tag_ultra_processed,tag_whole_food",BLS-T121100,ref_000102,,obs_0000007253
Biscoteria Feiner Biskuit-Tortenboden,Keine Marke,"€ 1,99",,7.96 / kg,,Nein,"Wochenangebote gültig von Montag, 16.03.26 - Samstag, 21.03.26",16.03.26,21.03.26,images_netto/netto_offer_103.png,"cat_obst_gemuese,diet_gluten_free,diet_lactose_free,diet_vegan,diet_vegetarian,tag_ultra_processed,tag_whole_food",,ref_000103,,
Barista Dessert,Keine Marke,"€ 1,79",,23.87 / kg,"gekühlt, versch. Sorten, wiederverwendbares Espresso Glas",Nein,"Wochenangebote gültig von Montag, 16.03.26 - Samstag, 21.03.26",16.03.26,21.03.26,images_netto/netto_offer_104.png,"cat_getraenke,diet_gluten_free,diet_lactose_free,diet_vegan,diet_vegetarian",,ref_000104,obs_0000026244|obs_0000000443|obs_0000003961|obs_0000004388|obs_0000004815|obs_0000008965|obs_0000009291|obs_0000010063|obs_0000011782|obs_0000013013|obs_0000013907|obs_0000014317|obs_0000015504|obs_0000016256|obs_0000016494|obs_0000017364|obs_0000017457|obs_0000020724,obs_0000026244
Coppenrath Wiese Coppenrath Wiese Lust auf Kuchen,Keine Marke,"€ 3,79","€ 4,99",6.53 - 8.15 / kg,"tiefgekühlt, versch. Sorten",Nein,"Wochenangebote gültig von Montag, 16.03.26 - Samstag, 21.03.26",16.03.26,21.03.26,images_netto/netto_offer_105.png,"cat_grundnahrung,diet_vegetarian,sub_sahne_creme,tag_ultra_processed",,ref_000105,obs_0000027826|obs_0000006112|obs_0000006654|obs_0000005181|obs_0000005941|obs_0000009015|obs_0000009468|obs_0000011243,
Lindt Lindor Pralinenkugeln,Keine Marke,"€ 7,99","€ 11,99",21.31 / kg,versch. Sorten,Nein,"Wochenangebote gültig von Montag, 16.03.26 - Samstag, 21.03.26",16.03.26,21.03.26,images_netto/netto_offer_106.png,"cat_knabbern_naschen,diet_gluten_free,diet_lactose_free,diet_vegan,diet_vegetarian,tag_ultra_processed,tag_whole_food",,ref_000106,obs_0000029638|obs_0000030161|obs_0000006726|obs_0000025139|obs_0000005820|obs_0000007622|obs_0000008911|obs_0000009375|obs_0000011406|obs_0000011837,
Kuchenmeister Osterlamm,Keine Marke,"€ 2,99","€ 3,99",7.48 / kg,,Nein,"Wochenangebote gültig von Montag, 16.03.26 - Samstag, 21.03.26",16.03.26,21.03.26,images_netto/netto_offer_107.png,"cat_tiefkuehl,diet_gluten_free,tag_ultra_processed",,ref_000107,,
Premium Backmischung,Dr Oetker,"€ 2,49","€ 4,49",5.72 - 7.39 / kg,versch. Sorten,Nein,"Wochenangebote gültig von Montag, 16.03.26 - Samstag, 21.03.26",16.03.26,21.03.26,images_netto/netto_offer_108.png,"cat_grundnahrung,tag_ultra_processed",,ref_000108,obs_0000012917|obs_0000015223|obs_0000016011|obs_0000011041|obs_0000018358,
Kräuter- oder Früchtetee,Meßmer,"€ 1,49","€ 2,35",19.87 - 39.73 / kg,versch. Sorten,Nein,"Wochenangebote gültig von Montag, 16.03.26 - Samstag, 21.03.26",16.03.26,21.03.26,images_netto/netto_offer_109.png,"cat_getraenke,diet_vegetarian,tag_ultra_processed",,ref_000109,obs_0000002777|obs_0000001934|obs_0000006441|obs_0000005145|obs_0000009994|obs_0000002060|obs_0000004287|obs_0000010500|obs_0000000374|obs_0000002629|obs_0000004714|obs_0000000636|obs_0000029310|obs_0000008952|obs_0000009413|obs_0000001352|obs_0000032087|obs_0000003860|obs_0000012260,obs_0000002777|obs_0000005145|obs_0000001934
Nesquik XXL,Keine Marke,"€ 4,99","€ 6,89",7.13 / kg,Nachfüllbeutel,Nein,"Wochenangebote gültig von Montag, 16.03.26 - Samstag, 21.03.26",16.03.26,21.03.26,images_netto/netto_offer_110.png,"cat_getraenke,diet_gluten_free,diet_lactose_free,diet_vegan,diet_vegetarian,sub_frisches_obst,tag_ultra_processed,tag_whole_food",,ref_000110,obs_0000019145|obs_0000019964|obs_0000020306|obs_0000021421|obs_0000012209|obs_0000032293,
Krüger Chai oder Matcha Latte,Keine Marke,"€ 2,29","€ 2,99",9.16 / kg,versch. Sorten,Nein,"Wochenangebote gültig von Montag, 16.03.26 - Samstag, 21.03.26",16.03.26,21.03.26,images_netto/netto_offer_111.png,"cat_getraenke,diet_gluten_free,diet_lactose_free,diet_vegan,diet_vegetarian,tag_ultra_processed",,ref_000111,obs_0000025208,
Kaffeepads,Melitta,"€ 2,29","€ 3,59",20.45 - 21.40 / kg,versch. Sorten,Nein,"Wochenangebote gültig von Montag, 16.03.26 - Samstag, 21.03.26",16.03.26,21.03.26,images_netto/netto_offer_112.png,"cat_getraenke,diet_gluten_free,diet_lactose_free,diet_vegan,diet_vegetarian",BLS-N410100,ref_000112,obs_0000030857|obs_0000001562|obs_0000009170|obs_0000000609|obs_0000008699|obs_0000012740|obs_0000005907|obs_0000010552|obs_0000009531|obs_0000000201|obs_0000003313|obs_0000002957|obs_0000002320|obs_0000000150|obs_0000001563|obs_0000030111|obs_0000007589|obs_0000029224|obs_0000028846|obs_0000027494,obs_0000030857|obs_0000001562|obs_0000011824|obs_0000009170|obs_0000000609|obs_0000008699
Latino Fairtrade Organic Ganze Kaffeebohnen,Keine Marke,"€ 14,95",,Kein Mengenpreis,,Nein,"Wochenangebote gültig von Montag, 16.03.26 - Samstag, 21.03.26",16.03.26,21.03.26,images_netto/netto_offer_113.png,"cat_getraenke,diet_gluten_free,diet_lactose_free,diet_vegan,diet_vegetarian,tag_whole_food",,ref_000113,,
Lambertz Gebäck,Keine Marke,"€ 1,49","€ 1,99",11.92 - 13.19 / kg,versch. Sorten,Nein,"Wochenangebote gültig von Montag, 16.03.26 - Samstag, 21.03.26",16.03.26,21.03.26,images_netto/netto_offer_114.png,"cat_knabbern_naschen,diet_gluten_free,diet_lactose_free,diet_vegan,diet_vegetarian,tag_ultra_processed,tag_whole_food",,ref_000114,obs_0000017692|obs_0000031275|obs_0000031764,
Loacker Chocolaterie,Keine Marke,"€ 1,99","€ 3,29",13.72 / kg,versch. Sorten,Nein,"Wochenangebote gültig von Montag, 16.03.26 - Samstag, 21.03.26",16.03.26,21.03.26,images_netto/netto_offer_115.png,"cat_knabbern_naschen,diet_gluten_free,diet_lactose_free,diet_vegan,diet_vegetarian,sub_frisches_gemuese,tag_ultra_processed,tag_whole_food",,ref_000115,obs_0000025257,
Lotus Biscoff Doppelkeks,Keine Marke,"€ 1,49","€ 1,89",9.93 / kg,versch. Sorten,Nein,"Wochenangebote gültig von Montag, 16.03.26 - Samstag, 21.03.26",16.03.26,21.03.26,images_netto/netto_offer_116.png,"cat_knabbern_naschen,diet_gluten_free,diet_lactose_free,diet_vegan,diet_vegetarian,tag_ultra_processed,tag_whole_food",,ref_000116,obs_0000007529|obs_0000007773|obs_0000008554|obs_0000008729|obs_0000008993|obs_0000009192|obs_0000009453|obs_0000012906|obs_0000025884,
Coppenrath Klassikgebäcke,Keine Marke,"€ 1,69","€ 2,49",4.23 - 6.76 / kg,versch. Sorten,Nein,"Wochenangebote gültig von Montag, 16.03.26 - Samstag, 21.03.26",16.03.26,21.03.26,images_netto/netto_offer_117.png,"cat_getraenke,diet_gluten_free,diet_lactose_free,diet_vegan,diet_vegetarian,tag_ultra_processed,tag_whole_food",,ref_000117,,
Duplo Knusperlen,Keine Marke,"€ 2,49","€ 2,79",25.54 / kg,,Nein,"Wochenangebote gültig von Montag, 16.03.26 - Samstag, 21.03.26",16.03.26,21.03.26,images_netto/netto_offer_118.png,"cat_obst_gemuese,diet_gluten_free,diet_lactose_free,diet_vegan,diet_vegetarian,sub_frisches_obst,tag_ultra_processed,tag_whole_food",,ref_000118,obs_0000015013|obs_0000018387|obs_0000027497|obs_0000029899|obs_0000013140|obs_0000014984|obs_0000021527|obs_0000026141,obs_0000006381|obs_0000015013|obs_0000018387|obs_0000026272
Cards,Kinder,"€ 2,29","€ 2,99",17.89 / kg,,Nein,"Wochenangebote gültig von Montag, 16.03.26 - Samstag, 21.03.26",16.03.26,21.03.26,images_netto/netto_offer_119.png,"cat_knabbern_naschen,tag_ultra_processed",,ref_000119,obs_0000021908|obs_0000011004|obs_0000009737|obs_0000001430|obs_0000030744|obs_0000026275|obs_0000007752|obs_0000005068,obs_0000021908|obs_0000011004
Hanuta Minis oder Hanuta Riegel,Keine Marke,"€ 2,49","€ 2,993,19",11.32 - 12.45 / kg,versch. Sorten,Nein,"Wochenangebote gültig von Montag, 16.03.26 - Samstag, 21.03.26",16.03.26,21.03.26,images_netto/netto_offer_120.png,"cat_knabbern_naschen,diet_gluten_free,diet_lactose_free,diet_vegan,diet_vegetarian,tag_ultra_processed",,ref_000120,obs_0000001320|obs_0000016984|obs_0000019082|obs_0000019901|obs_0000020947|obs_0000021483|obs_0000023338|obs_0000025391|obs_0000029703|obs_0000009803|obs_0000010531|obs_0000011232|obs_0000011840|obs_0000012122|obs_0000013126|obs_0000013982|obs_0000014426|obs_0000014716|obs_0000015347|obs_0000015453|obs_0000015632|obs_0000018005|obs_0000018066|obs_0000018457|obs_0000021030|obs_0000021052|obs_0000021392|obs_0000021517|obs_0000022267|obs_0000022697|obs_0000023504|obs_0000023754|obs_0000023927|obs_0000030828,
Harry Hase,Kinder,"€ 1,49","€ 1,79",27.09 / kg,,Nein,"Wochenangebote gültig von Montag, 16.03.26 - Samstag, 21.03.26",16.03.26,21.03.26,images_netto/netto_offer_121.png,"cat_knabbern_naschen,diet_vegetarian,tag_ultra_processed",,ref_000121,,
Überraschungs Ei,Kinder,"€ 0,77","€ 1,19",38.50 / kg,,Nein,"Wochenangebote gültig von Montag, 16.03.26 - Samstag, 21.03.26",16.03.26,21.03.26,images_netto/netto_offer_122.png,"cat_knabbern_naschen,tag_ultra_processed",,ref_000122,obs_0000020997|obs_0000019723|obs_0000029629|obs_0000008279|obs_0000018904,obs_0000012307
Cerealien,Nestl,"€ 2,49","€ 3,79",5.19 - 12.45 / kg,versch. Sorten,Nein,"Wochenangebote gültig von Montag, 16.03.26 - Samstag, 21.03.26",16.03.26,21.03.26,images_netto/netto_offer_123.png,"cat_grundnahrung,diet_vegetarian,tag_ultra_processed",,ref_000123,obs_0000026140|obs_0000010350|obs_0000024219|obs_0000018170|obs_0000019605|obs_0000013094|obs_0000002359|obs_0000018234|obs_0000018786|obs_0000020432|obs_0000009707|obs_0000017952|obs_0000017531|obs_0000011397|obs_0000026971|obs_0000011245|obs_0000013966|obs_0000005350|obs_0000010983|obs_0000006639|obs_0000009410|obs_0000008949,obs_0000026140|obs_0000010350|obs_0000019605|obs_0000024219|obs_0000005350|obs_0000018170|obs_0000013094|obs_0000002359|obs_0000018234|obs_0000018786|obs_0000020432|obs_0000009707
Bueno oder Kinder Schokolade Minis,Kinder,"€ 2,22","€ 2,55",20.56 / kg,,Nein,"Wochenangebote gültig von Montag, 16.03.26 - Samstag, 21.03.26",16.03.26,21.03.26,images_netto/netto_offer_124.png,"cat_knabbern_naschen,tag_ultra_processed",,ref_000124,obs_0000028794|obs_0000027130|obs_0000006189|obs_0000018508|obs_0000010392|obs_0000025061|obs_0000027134|obs_0000016896|obs_0000021012|obs_0000014877|obs_0000014893|obs_0000006733|obs_0000019141|obs_0000029470|obs_0000019294|obs_0000021413|obs_0000023533|obs_0000005258|obs_0000021831|obs_0000015689|obs_0000017807|obs_0000011667|obs_0000009658|obs_0000019960|obs_0000020113|obs_0000013983|obs_0000009910|obs_0000005831|obs_0000030475|obs_0000028433|obs_0000030547|obs_0000006019|obs_0000020437|obs_0000002122|obs_0000014418|obs_0000014426|obs_0000000091|obs_0000024683|obs_0000008307|obs_0000004232|obs_0000000138|obs_0000000230|obs_0000010531|obs_0000016680|obs_0000010558|obs_0000012629|obs_0000014716|obs_0000004491|obs_0000008595|obs_0000004659,
Bueno Eggs,Kinder,"€ 2,22","€ 2,49",27.75 / kg,,Nein,"Wochenangebote gültig von Montag, 16.03.26 - Samstag, 21.03.26",16.03.26,21.03.26,images_netto/netto_offer_125.png,"cat_knabbern_naschen,tag_ultra_processed",,ref_000125,obs_0000011667|obs_0000010392|obs_0000013983|obs_0000021413|obs_0000021831|obs_0000009639|obs_0000024391,
Kölln Haferflocken,Keine Marke,"€ 1,19","€ 1,69",2.38 / kg,versch. Sorten,Nein,"Wochenangebote gültig von Montag, 16.03.26 - Samstag, 21.03.26",16.03.26,21.03.26,images_netto/netto_offer_126.png,"cat_grundnahrung,diet_gluten_free,diet_lactose_free,diet_vegan,diet_vegetarian,tag_whole_food",BLS-C133000,ref_000126,obs_0000027844|obs_0000028094|obs_0000002644|obs_0000002784|obs_0000007578|obs_0000010156|obs_0000010543|obs_0000012478|obs_0000014183|obs_0000014404|obs_0000024541,obs_0000027844|obs_0000028094
Schwartau Konfitüre Extra oder Samt,Keine Marke,"€ 1,99","€ 2,69",4.85 - 7.37 / kg,versch. Sorten,Nein,"Wochenangebote gültig von Montag, 16.03.26 - Samstag, 21.03.26",16.03.26,21.03.26,images_netto/netto_offer_127.png,"cat_grundnahrung,diet_gluten_free,diet_lactose_free,diet_vegan,diet_vegetarian,tag_ultra_processed",,ref_000127,obs_0000030114|obs_0000006469|obs_0000027487|obs_0000005925|obs_0000010153|obs_0000012134|obs_0000012719|obs_0000013534|obs_0000024979|obs_0000024981|obs_0000025861|obs_0000000136|obs_0000001855|obs_0000007648|obs_0000010389|obs_0000011039|obs_0000011622|obs_0000011892|obs_0000012892|obs_0000013330|obs_0000013535|obs_0000013613|obs_0000014026|obs_0000014649|obs_0000017794|obs_0000018310|obs_0000024320,
Clarky s Nusskernmischung Mandeln naturbelassen oder Cashewkerne,Keine Marke,"€ 2,49","€ 2,99",12.45 / kg,,Nein,"Wochenangebote gültig von Montag, 16.03.26 - Samstag, 21.03.26",16.03.26,21.03.26,images_netto/netto_offer_128.png,"cat_knabbern_naschen,diet_gluten_free,diet_lactose_free,diet_vegan,diet_vegetarian,tag_ultra_processed,tag_whole_food",,ref_000128,obs_0000000269|obs_0000001471|obs_0000001641|obs_0000001672|obs_0000002763|obs_0000002909|obs_0000003312|obs_0000003692|obs_0000004119|obs_0000004546|obs_0000007620|obs_0000007960|obs_0000009521|obs_0000010161|obs_0000012712|obs_0000013108|obs_0000016173|obs_0000016863|obs_0000017572|obs_0000017645|obs_0000018531|obs_0000018746|obs_0000019565|obs_0000020954|obs_0000022308|obs_0000022728|obs_0000023372|obs_0000024347|obs_0000024457|obs_0000025239|obs_0000025339,
Ben s Original Express-Reis,Keine Marke,"€ 1,49","€ 2,29",5.96 - 6.77 / kg,versch. Sorten,Nein,"Wochenangebote gültig von Montag, 16.03.26 - Samstag, 21.03.26",16.03.26,21.03.26,images_netto/netto_offer_129.png,"cat_getraenke,diet_gluten_free,diet_lactose_free,diet_vegan,diet_vegetarian,sub_reis,tag_ultra_processed,tag_whole_food",,ref_000129,obs_0000027802|obs_0000029570|obs_0000005154|obs_0000028140|obs_0000005713|obs_0000002540|obs_0000008522|obs_0000011376|obs_0000017530|obs_0000018958|obs_0000019777|obs_0000020211|obs_0000021811|obs_0000022582|obs_0000023000|obs_0000029312|obs_0000008223|obs_0000008352|obs_0000008780|obs_0000008971|obs_0000009433|obs_0000009563|obs_0000011869|obs_0000012774|obs_0000013576|obs_0000014027|obs_0000014692|obs_0000015909|obs_0000016324|obs_0000017882|obs_0000018030|obs_0000018706|obs_0000018823|obs_0000019136|obs_0000019525|obs_0000019642|obs_0000019955|obs_0000020283|obs_0000020393|obs_0000020709|obs_0000023674|obs_0000023832|obs_0000024162|obs_0000024899|obs_0000024959|obs_0000025132|obs_0000025175|obs_0000025918|obs_0000026556|obs_0000026643,obs_0000005154|obs_0000027802|obs_0000029570
Hengstenberg Knax Gewürzgurken,Keine Marke,"€ 1,79","€ 2,99",4.97 / kg,,Nein,"Wochenangebote gültig von Montag, 16.03.26 - Samstag, 21.03.26",16.03.26,21.03.26,images_netto/netto_offer_130.png,"cat_obst_gemuese,diet_gluten_free,diet_lactose_free,diet_vegan,diet_vegetarian,sub_frisches_gemuese,tag_whole_food",,ref_000130,obs_0000027804|obs_0000001198|obs_0000014367|obs_0000026679|obs_0000026796|obs_0000031277,obs_0000027804
Hela Curry Gewürzketchup,Keine Marke,"€ 1,99","€ 3,39",2.49 / l,versch. Sorten,Nein,"Wochenangebote gültig von Montag, 16.03.26 - Samstag, 21.03.26",16.03.26,21.03.26,images_netto/netto_offer_131.png,"cat_obst_gemuese,diet_gluten_free,diet_lactose_free,diet_vegan,diet_vegetarian,tag_ultra_processed,tag_whole_food",BLS-R141200,ref_000131,obs_0000029861,obs_0000029861
Mazola Keimöl,Keine Marke,"€ 3,49","€ 4,49",4.65 / l,,Nein,"Wochenangebote gültig von Montag, 16.03.26 - Samstag, 21.03.26",16.03.26,21.03.26,images_netto/netto_offer_132.png,"cat_getraenke,diet_gluten_free,diet_lactose_free,diet_vegan,diet_vegetarian,sub_exoten,sub_frisches_obst,sub_tk_gemuese,tag_high_protein,tag_proteinreich,tag_ultra_processed,tag_whole_food",,ref_000132,obs_0000028814|obs_0000007791|obs_0000011798|obs_0000014639|obs_0000024892,obs_0000028814
Mineralwasser,Adelholzener,"€ 11,98","€ 15,98",0.50 / l,Classic oder SanftEinzelpreis: 7.99 (0.67 / l),Nein,"Wochenangebote gültig von Montag, 16.03.26 - Samstag, 21.03.26",16.03.26,21.03.26,images_netto/netto_offer_133.png,"cat_getraenke,diet_gluten_free,diet_lactose_free,diet_vegan,diet_vegetarian",,ref_000133,obs_0000026968|obs_0000026664|obs_0000026154|obs_0000008247|obs_0000012857|obs_0000029261|obs_0000011860|obs_0000008799|obs_0000008287|obs_0000014433|obs_0000026730|obs_0000032348|obs_0000024697|obs_0000023689|obs_0000029331|obs_0000011415|obs_0000029335|obs_0000026781|obs_0000031901|obs_0000025780|obs_0000014006|obs_0000007883|obs_0000009431|obs_0000009965|obs_0000019710|obs_0000024332|obs_0000031507|obs_0000031508|obs_0000007983|obs_0000026927|obs_0000010569|obs_0000013150|obs_0000025963|obs_0000025983|obs_0000003475|obs_0000027058|obs_0000018891|obs_0000031699|obs_0000031702|obs_0000027095|obs_0000025075|obs_0000026620|obs_0000027141|obs_0000022613|obs_0000027760|obs_0000029298|obs_0000028811|obs_0000007326|obs_0000006336|obs_0000017600,obs_0000026664|obs_0000026154|obs_0000008247|obs_0000012857|obs_0000029261|obs_0000011860|obs_0000008799|obs_0000008287|obs_0000014433|obs_0000026730|obs_0000032348|obs_0000024697|obs_0000023689|obs_0000029331|obs_0000011415|obs_0000029335|obs_0000026781|obs_0000031901|obs_0000025780|obs_0000014006|obs_0000007883|obs_0000009431|obs_0000009965|obs_0000019710|obs_0000024332|obs_0000031507|obs_0000031508|obs_0000007983|obs_0000026927|obs_0000010569|obs_0000026968|obs_0000013150|obs_0000025963|obs_0000025983|obs_0000003475|obs_0000027058|obs_0000018891|obs_0000031699|obs_0000031702|obs_0000027095|obs_0000025075|obs_0000026620
Löwenbräu Original oder Kulmbacher Edelherb Pils,Keine Marke,"€ 21,98","€ 31,9836,98",1.70 / l,je nach regionaler VerfügbarkeitEinzelpreis: 15.99 - 18.49 (1.60 - 1.85 / l),Nein,"Wochenangebote gültig von Montag, 16.03.26 - Samstag, 21.03.26",16.03.26,21.03.26,images_netto/netto_offer_134.png,"cat_getraenke,diet_gluten_free,tag_ultra_processed",,ref_000134,obs_0000027887|obs_0000028528|obs_0000024879|obs_0000000370|obs_0000002827|obs_0000003854|obs_0000004281|obs_0000004708|obs_0000007913|obs_0000008223|obs_0000008352|obs_0000008780|obs_0000008971|obs_0000009433|obs_0000009563|obs_0000009566|obs_0000009611|obs_0000010201|obs_0000010595|obs_0000011869|obs_0000011894|obs_0000012317|obs_0000012727|obs_0000012774|obs_0000013182|obs_0000013576|obs_0000014027|obs_0000014466|obs_0000014692|obs_0000015103|obs_0000015772|obs_0000015909|obs_0000016324|obs_0000018030|obs_0000018181|obs_0000018706|obs_0000018823|obs_0000019136|obs_0000019525|obs_0000019642|obs_0000019955|obs_0000020283|obs_0000020393|obs_0000020709|obs_0000022281|obs_0000022701|obs_0000023674|obs_0000023832|obs_0000024162|obs_0000024189,
Schneider Weisse Original,Keine Marke,"€ 14,99","€ 20,99",1.50 / l,,Nein,"Wochenangebote gültig von Montag, 16.03.26 - Samstag, 21.03.26",16.03.26,21.03.26,images_netto/netto_offer_135.png,"cat_getraenke,diet_gluten_free,diet_lactose_free,diet_vegan,diet_vegetarian,tag_ultra_processed",,ref_000135,obs_0000027548|obs_0000008223|obs_0000008352|obs_0000008780|obs_0000008971|obs_0000009433|obs_0000009563|obs_0000011869|obs_0000012774|obs_0000013576|obs_0000014027|obs_0000014692|obs_0000015909|obs_0000016324|obs_0000018030|obs_0000018706|obs_0000018823|obs_0000019136|obs_0000019525|obs_0000019642|obs_0000019955|obs_0000020283|obs_0000020393|obs_0000020709|obs_0000023674|obs_0000023832|obs_0000024162|obs_0000024899|obs_0000024959|obs_0000025132|obs_0000025175|obs_0000025918|obs_0000026556|obs_0000026643|obs_0000026757|obs_0000026857|obs_0000027023|obs_0000029264|obs_0000031227|obs_0000031439|obs_0000032025|obs_0000032039|obs_0000032341,obs_0000027548
Karamalz,Keine Marke,"€ 11,99","€ 13,99",1.20 / l,alkoholfreies Malzgetränk,Nein,"Wochenangebote gültig von Montag, 16.03.26 - Samstag, 21.03.26",16.03.26,21.03.26,images_netto/netto_offer_136.png,"cat_getraenke,diet_gluten_free,diet_lactose_free,diet_vegan,diet_vegetarian,tag_ultra_processed,tag_whole_food",,ref_000136,obs_0000028331|obs_0000028681|obs_0000029906,obs_0000028331|obs_0000028681|obs_0000029906
Albi Saft oder Nektar,Keine Marke,"€ 1,49","€ 2,49",Kein Mengenpreis,versch. Sorten,Nein,"Wochenangebote gültig von Montag, 16.03.26 - Samstag, 21.03.26",16.03.26,21.03.26,images_netto/netto_offer_137.png,"cat_getraenke,diet_gluten_free,diet_lactose_free,diet_vegan,diet_vegetarian,tag_ultra_processed,tag_whole_food",,ref_000137,obs_0000006172|obs_0000006538|obs_0000005611|obs_0000005227|obs_0000005785|obs_0000013579|obs_0000028428|obs_0000029905|obs_0000009646|obs_0000015478|obs_0000015631|obs_0000016440|obs_0000017667|obs_0000018748|obs_0000019567|obs_0000020961|obs_0000023112|obs_0000023745|obs_0000024271|obs_0000024510|obs_0000024912|obs_0000025269|obs_0000025801|obs_0000026109|obs_0000026558|obs_0000030382|obs_0000031336|obs_0000031511|obs_0000031902,obs_0000005611|obs_0000006172|obs_0000006538
Chiemseer Hell,Keine Marke,"€ 1,2","€ 1,29",2.- / l,,Nein,"Wochenangebote gültig von Montag, 16.03.26 - Samstag, 21.03.26",16.03.26,21.03.26,images_netto/netto_offer_138.png,"cat_getraenke,diet_gluten_free,diet_lactose_free,diet_vegan,diet_vegetarian,sub_frisches_obst,tag_ultra_processed,tag_whole_food",,ref_000138,obs_0000008222|obs_0000024442|obs_0000025838|obs_0000029205|obs_0000008104|obs_0000009231|obs_0000009361|obs_0000009987|obs_0000011440|obs_0000013179|obs_0000025477|obs_0000026677|obs_0000026794|obs_0000031939|obs_0000031951|obs_0000032327,obs_0000008222|obs_0000024442
Spezi Cola oder Limonaden,Paulaner,"€ 0,69","€ 0,85",2.09 / l,"teilw. koffeinhaltig, versch. Sorten",Nein,"Wochenangebote gültig von Montag, 16.03.26 - Samstag, 21.03.26",16.03.26,21.03.26,images_netto/netto_offer_139.png,"cat_getraenke,tag_ultra_processed",,ref_000139,obs_0000012309|obs_0000010353|obs_0000031300|obs_0000000637|obs_0000025279|obs_0000021337|obs_0000026030|obs_0000024448|obs_0000008218|obs_0000008367|obs_0000024773|obs_0000012503|obs_0000008469|obs_0000004390|obs_0000008565|obs_0000020863|obs_0000000445|obs_0000016900|obs_0000025142|obs_0000025164|obs_0000029364|obs_0000004817|obs_0000002828|obs_0000000810|obs_0000015211|obs_0000019369|obs_0000015279|obs_0000001014|obs_0000025941|obs_0000015771|obs_0000017889|obs_0000026099|obs_0000026153|obs_0000007851|obs_0000026303|obs_0000020188|obs_0000026353|obs_0000016164|obs_0000024414|obs_0000003963|obs_0000024450|obs_0000024565,obs_0000005043|obs_0000005598
Capri Sun,Keine Marke,"€ 3,49","€ 4,29",1.75 / l,versch. Sorten,Nein,"Wochenangebote gültig von Montag, 16.03.26 - Samstag, 21.03.26",16.03.26,21.03.26,images_netto/netto_offer_140.png,"cat_obst_gemuese,diet_gluten_free,diet_lactose_free,diet_vegan,diet_vegetarian,sub_frisches_gemuese,tag_ultra_processed,tag_whole_food",,ref_000140,obs_0000005244,obs_0000005244
Fanta Sprite oder Mezzo Mix,Keine Marke,"€ 1,29","€ 1,59",1.03 / l,"teilw. koffeinhaltig, versch. Sorten",Nein,"Wochenangebote gültig von Montag, 16.03.26 - Samstag, 21.03.26",16.03.26,21.03.26,images_netto/netto_offer_141.png,"cat_getraenke,diet_gluten_free,diet_lactose_free,diet_vegan,diet_vegetarian,tag_ultra_processed",,ref_000141,obs_0000026170|obs_0000027137|obs_0000028111|obs_0000028806|obs_0000029483|obs_0000029722|obs_0000030168|obs_0000006697|obs_0000006897|obs_0000032195|obs_0000010566|obs_0000014430|obs_0000005228|obs_0000000515|obs_0000021501|obs_0000021832|obs_0000023925|obs_0000013574,obs_0000026170
Bree Weine,Keine Marke,"€ 2,99","€ 5,49",3.99 / l,"versch. Sorten, Frankreich, Weißwein, halbtrocken",Nein,"Wochenangebote gültig von Montag, 16.03.26 - Samstag, 21.03.26",16.03.26,21.03.26,images_netto/netto_offer_142.png,"cat_getraenke,diet_gluten_free,diet_lactose_free,diet_vegan,diet_vegetarian,sub_exoten,sub_frisches_gemuese,sub_frisches_obst,tag_whole_food",,ref_000142,obs_0000025095|obs_0000025198|obs_0000026136,
Tullamore Dew Irish Whiskey,Keine Marke,"€ 13,99","€ 18,99",19.99 / l,40 % Vol.,Nein,"Wochenangebote gültig von Montag, 16.03.26 - Samstag, 21.03.26",16.03.26,21.03.26,images_netto/netto_offer_143.png,"cat_getraenke,diet_gluten_free,diet_lactose_free,diet_vegan,diet_vegetarian,tag_ultra_processed,tag_whole_food",,ref_000143,obs_0000006344|obs_0000005417|obs_0000007817|obs_0000008202|obs_0000009782|obs_0000010190|obs_0000010756|obs_0000012077|obs_0000013591|obs_0000016741|obs_0000017850|obs_0000017967|obs_0000019111|obs_0000019930|obs_0000020421|obs_0000021363|obs_0000024704|obs_0000025592|obs_0000026938|obs_0000031886,obs_0000005417|obs_0000006344
Premium Vodka,Keine Marke,"€ 4,99","€ 6,49",9.98 / l,40 % Vol.,Nein,"Wochenangebote gültig von Montag, 16.03.26 - Samstag, 21.03.26",16.03.26,21.03.26,images_netto/netto_offer_144.png,"cat_getraenke,diet_gluten_free,diet_lactose_free,diet_vegan,diet_vegetarian,tag_whole_food",,ref_000144,obs_0000024261|obs_0000016170|obs_0000017357|obs_0000002689|obs_0000008159|obs_0000008350|obs_0000008766|obs_0000008866|obs_0000009237|obs_0000009329|obs_0000010578|obs_0000011041|obs_0000011621|obs_0000011877|obs_0000014190|obs_0000017893|obs_0000018888|obs_0000019707|obs_0000020903|obs_0000022553|obs_0000022973|obs_0000024973|obs_0000026481|obs_0000031498|obs_0000032338|obs_0000005238,obs_0000024261
Sheridan s Original Coffee Layered Liqueur,Keine Marke,"€ 9,99","€ 13,99",19.98 / l,"15,5 % Vol.",Nein,"Wochenangebote gültig von Montag, 16.03.26 - Samstag, 21.03.26",16.03.26,21.03.26,images_netto/netto_offer_145.png,"cat_getraenke,diet_gluten_free,diet_lactose_free,diet_vegan,diet_vegetarian,tag_ultra_processed",,ref_000145,obs_0000008223|obs_0000008352|obs_0000008780|obs_0000008971|obs_0000009433|obs_0000009563|obs_0000011869|obs_0000012774|obs_0000013160|obs_0000013576|obs_0000014027|obs_0000014692|obs_0000015909|obs_0000016324|obs_0000018030|obs_0000018706|obs_0000018823|obs_0000019136|obs_0000019525|obs_0000019642|obs_0000019955|obs_0000020283|obs_0000020393|obs_0000020709|obs_0000023674|obs_0000023832|obs_0000024162|obs_0000024899|obs_0000024959|obs_0000025132|obs_0000025175|obs_0000025918|obs_0000026556|obs_0000026643|obs_0000026757|obs_0000026857|obs_0000027023|obs_0000029264|obs_0000031227|obs_0000031439|obs_0000032025|obs_0000032039|obs_0000032341,
Apfelschorle,Keine Marke,"€ 0,79",,Kein Mengenpreis,,Nein,"Wochenangebote gültig von Montag, 16.03.26 - Samstag, 21.03.26",16.03.26,21.03.26,images_netto/netto_offer_146.png,"cat_obst_gemuese,diet_gluten_free,diet_lactose_free,diet_vegan,diet_vegetarian,sub_frisches_obst,tag_ultra_processed,tag_whole_food",BLS-D7A7800,ref_000146,obs_0000000865|obs_0000001226|obs_0000001227|obs_0000001229|obs_0000001230|obs_0000001473|obs_0000001474|obs_0000001476|obs_0000001478|obs_0000002250|obs_0000002942|obs_0000010570|obs_0000011011|obs_0000013151|obs_0000026434|obs_0000027758|obs_0000005808,obs_0000000865|obs_0000001226|obs_0000001227|obs_0000001229|obs_0000001230|obs_0000001473|obs_0000001474|obs_0000001476|obs_0000001478|obs_0000002250|obs_0000002942|obs_0000010570|obs_0000011011|obs_0000013151|obs_0000026434|obs_0000027758
Mineralwasser,Keine Marke,"€ 0,49",,0.33 / l,versch. Sorten,Nein,"Wochenangebote gültig von Montag, 16.03.26 - Samstag, 21.03.26",16.03.26,21.03.26,images_netto/netto_offer_147.png,"cat_getraenke,diet_gluten_free,diet_lactose_free,diet_vegan,diet_vegetarian,tag_whole_food",,ref_000147,obs_0000003475|obs_0000007883|obs_0000007983|obs_0000008247|obs_0000008287|obs_0000008799|obs_0000009431|obs_0000009965|obs_0000010569|obs_0000011415|obs_0000011860|obs_0000012857|obs_0000013150|obs_0000014006|obs_0000014433|obs_0000018891|obs_0000019710|obs_0000023689|obs_0000024332|obs_0000024697|obs_0000025075|obs_0000025780|obs_0000025963|obs_0000025983|obs_0000026154|obs_0000026620|obs_0000026664|obs_0000026730|obs_0000026781|obs_0000026927|obs_0000026968|obs_0000027058|obs_0000027095|obs_0000029261|obs_0000029331|obs_0000029335|obs_0000031507|obs_0000031508|obs_0000031699|obs_0000031702|obs_0000031901|obs_0000032348|obs_0000006336|obs_0000007326|obs_0000027141|obs_0000027359|obs_0000027542|obs_0000027760|obs_0000028478|obs_0000028811,obs_0000003475|obs_0000007883|obs_0000007983|obs_0000008247|obs_0000008287|obs_0000008799|obs_0000009431|obs_0000009965|obs_0000010569|obs_0000011415|obs_0000011860|obs_0000012857|obs_0000013150|obs_0000014006|obs_0000014433|obs_0000018891|obs_0000019710|obs_0000023689|obs_0000024332|obs_0000024697|obs_0000025075|obs_0000025780|obs_0000025963|obs_0000025983|obs_0000026154|obs_0000026620|obs_0000026664|obs_0000026730|obs_0000026781|obs_0000026927|obs_0000026968|obs_0000027058|obs_0000027095|obs_0000027760|obs_0000029025|obs_0000029261|obs_0000029331|obs_0000029335|obs_0000031507|obs_0000031508|obs_0000031699|obs_0000031702|obs_0000031901|obs_0000032348
Pepsi oder Schwip Schwap,Keine Marke,"€ 0,88","€ 1,49",0.70 / l,"koffeinhaltig, versch. Sorten",Nein,"Wochenangebote gültig von Montag, 16.03.26 - Samstag, 21.03.26",16.03.26,21.03.26,images_netto/netto_offer_148.png,"cat_getraenke,diet_gluten_free,diet_lactose_free,diet_vegetarian,tag_ultra_processed",,ref_000148,obs_0000006537|obs_0000006171|obs_0000006001|obs_0000026305|obs_0000027851|obs_0000029484|obs_0000029762|obs_0000021034,
Ready to Drink,Keine Marke,"€ 1,99","€ 2,69",6.03 / l,versch. Sorten 10 % Vol.,Nein,"Wochenangebote gültig von Montag, 16.03.26 - Samstag, 21.03.26",16.03.26,21.03.26,images_netto/netto_offer_149.png,"cat_getraenke,diet_gluten_free,diet_lactose_free,diet_vegan,diet_vegetarian,tag_ultra_processed,tag_whole_food",,ref_000149,obs_0000025667|obs_0000024770|obs_0000031938|obs_0000014002|obs_0000021407|obs_0000024548,obs_0000025667
WC-Frisch Duftspüler,Keine Marke,"€ 4,79","€ 6,89",23.95 / kg,versch. Sorten,Nein,"Wochenangebote gültig von Montag, 16.03.26 - Samstag, 21.03.26",16.03.26,21.03.26,images_netto/netto_offer_150.png,"cat_drogerie,diet_lactose_free,diet_vegetarian,tag_whole_food",,ref_000150,obs_0000027212|obs_0000005842|obs_0000008726|obs_0000009190|obs_0000013195|obs_0000025120,
Axe Bodyspray,Keine Marke,"€ 3,49","€ 3,95",23.27 / l,versch. Sorten,Nein,"Wochenangebote gültig von Montag, 16.03.26 - Samstag, 21.03.26",16.03.26,21.03.26,images_netto/netto_offer_151.png,"cat_drogerie,diet_gluten_free,diet_lactose_free,diet_vegan,diet_vegetarian,tag_whole_food",,ref_000151,obs_0000007369|obs_0000029503|obs_0000006390|obs_0000005641|obs_0000024865|obs_0000027088|obs_0000030337|obs_0000032124,obs_0000007369|obs_0000029503
Axe Dusche,Keine Marke,"€ 2,99","€ 3,55",7.48 / l,versch. Sorten,Nein,"Wochenangebote gültig von Montag, 16.03.26 - Samstag, 21.03.26",16.03.26,21.03.26,images_netto/netto_offer_152.png,"cat_obst_gemuese,diet_gluten_free,diet_lactose_free,diet_vegan,diet_vegetarian,sub_exoten,tag_whole_food",,ref_000152,obs_0000024190|obs_0000024961|obs_0000025576|obs_0000030261|obs_0000030411|obs_0000030636|obs_0000030663|obs_0000030835|obs_0000030838|obs_0000030842|obs_0000030986|obs_0000031043|obs_0000032129,obs_0000005642|obs_0000006389
Vernel Weichspüler,Keine Marke,"€ 2,49",,2.26 - 2.46 / l,versch. Sorten,Nein,"Wochenangebote gültig von Montag, 16.03.26 - Samstag, 21.03.26",16.03.26,21.03.26,images_netto/netto_offer_153.png,"cat_getraenke,diet_gluten_free,diet_lactose_free,diet_vegan,diet_vegetarian,tag_whole_food",,ref_000153,obs_0000006208|obs_0000027502|obs_0000005644|obs_0000003383|obs_0000007570|obs_0000008829|obs_0000009289|obs_0000010207|obs_0000010398|obs_0000011044|obs_0000012322|obs_0000012830|obs_0000013786|obs_0000014033|obs_0000014650|obs_0000015377|obs_0000018014|obs_0000018390|obs_0000018804|obs_0000019299|obs_0000019623|obs_0000020118|obs_0000020470|obs_0000021395|obs_0000022176|obs_0000023294|obs_0000024330|obs_0000024867|obs_0000025707|obs_0000026483|obs_0000029165|obs_0000029374|obs_0000030313|obs_0000030385|obs_0000030662|obs_0000031128|obs_0000032139,obs_0000005644|obs_0000006208|obs_0000027502
Colgate Zahncreme,Keine Marke,"€ 4,99","€ 7,49",16.63 / l,versch. Sorten 75 ml GRATIS!,Nein,"Wochenangebote gültig von Montag, 16.03.26 - Samstag, 21.03.26",16.03.26,21.03.26,images_netto/netto_offer_154.png,"cat_drogerie,diet_gluten_free,diet_lactose_free,diet_vegan,diet_vegetarian,tag_whole_food",,ref_000154,obs_0000006745|obs_0000028878|obs_0000007159|obs_0000007761|obs_0000011470|obs_0000011913|obs_0000012345|obs_0000013639|obs_0000021397|obs_0000025487|obs_0000029378,
Dick Durstig Küchentücher,Keine Marke,"€ 3,49","€ 5,49",Kein Mengenpreis,2-lagig,Nein,"Wochenangebote gültig von Montag, 16.03.26 - Samstag, 21.03.26",16.03.26,21.03.26,images_netto/netto_offer_155.png,cat_drogerie,,ref_000155,obs_0000026171|obs_0000002681|obs_0000009516|obs_0000010816|obs_0000012722|obs_0000012942|obs_0000014760|obs_0000015808|obs_0000016571|obs_0000018091|obs_0000018821|obs_0000019640|obs_0000020648|obs_0000021040|obs_0000021841|obs_0000023671|obs_0000024627|obs_0000025344|obs_0000025579|obs_0000031927|obs_0000032280,
Elnett Haarspray,Keine Marke,"€ 3,99","€ 4,49",13.30 / l,versch. Sorten,Nein,"Wochenangebote gültig von Montag, 16.03.26 - Samstag, 21.03.26",16.03.26,21.03.26,images_netto/netto_offer_156.png,"cat_drogerie,diet_gluten_free,diet_lactose_free,diet_vegan,diet_vegetarian,tag_whole_food",,ref_000156,obs_0000027524|obs_0000030453|obs_0000011057|obs_0000013624|obs_0000014661|obs_0000030379|obs_0000030451|obs_0000030608|obs_0000030623|obs_0000030879,obs_0000027524|obs_0000030453
Slipeinlagen,Carefree,"€ 2,29","€ 2,95",Kein Mengenpreis,versch. Sorten,Nein,"Wochenangebote gültig von Montag, 16.03.26 - Samstag, 21.03.26",16.03.26,21.03.26,images_netto/netto_offer_157.png,cat_drogerie,,ref_000157,obs_0000031133|obs_0000011047|obs_0000007653|obs_0000014477|obs_0000030742|obs_0000030459|obs_0000012328|obs_0000030908|obs_0000011455|obs_0000031924|obs_0000012803|obs_0000026385|obs_0000029742|obs_0000005841|obs_0000006744|obs_0000027501|obs_0000007157|obs_0000009989|obs_0000024478|obs_0000012084|obs_0000030650|obs_0000014034|obs_0000030457|obs_0000009595|obs_0000030235|obs_0000030243|obs_0000028211|obs_0000028212|obs_0000026839|obs_0000026716|obs_0000002683|obs_0000001757,obs_0000014477|obs_0000030742|obs_0000030459|obs_0000031133|obs_0000011047|obs_0000012328|obs_0000030908|obs_0000011455|obs_0000005841|obs_0000007653
Akku-Zyklonstaubsauger,Keine Marke,"€ 59,99","€ 119,99",Kein Mengenpreis,"mit EPA-11-Filter, ideal für Allergiker und Li-Ion-Akku (2000 mAh) für bis zu 35 Min. Laufzeit, inkl. Wandhalterung, Boden-, Fugen- & Bürstendüse",Nein,"Wochenangebote gültig von Montag, 16.03.26 - Samstag, 21.03.26",16.03.26,21.03.26,images_netto/netto_offer_158.png,"cat_obst_gemuese,diet_gluten_free,diet_lactose_free,diet_vegan,diet_vegetarian,tag_whole_food",,ref_000158,obs_0000024651,obs_0000007928|obs_0000026322
Akkubesen mit LED-Beleuchtung,Keine Marke,"€ 39,99","€ 79,99",Kein Mengenpreis,"mit Li-Ion-Akku (2500 mAh), Spezialbürste und 2 seitlichen Borsten mit 1.200 U/min, für Fliesen, Teppich, Parkett, Laminat u.v.m., mit Knickgelenk, 3-teiliger Teleskopstange, 300 ml Schmutzbehälter und 2 Ersatzbürsten, mit Fußschalter - ganz ohne Bücken",Nein,"Wochenangebote gültig von Montag, 16.03.26 - Samstag, 21.03.26",16.03.26,21.03.26,images_netto/netto_offer_159.png,"cat_obst_gemuese,diet_gluten_free,diet_lactose_free,diet_vegan,diet_vegetarian,tag_ultra_processed,tag_whole_food",,ref_000159,obs_0000008026,
Klemab das Maßband zum Kleben inkl Abroller und Klingenschutz,Keine Marke,"€ 7,99","€ 19,99",Kein Mengenpreis,"mit fortlaufender 10-cm-Skala & beschreibbarer Oberfläche, rückstandslos ablösbar, Länge ca. 50 m, einfach abreißen, aufkleben, loslegen",Nein,"Wochenangebote gültig von Montag, 16.03.26 - Samstag, 21.03.26",16.03.26,21.03.26,images_netto/netto_offer_160.png,"cat_non_food,diet_vegetarian",,ref_000160,,
Akku-Handstaubsauger,Keine Marke,"€ 19,99","€ 39,99",Kein Mengenpreis,"leistungsstarker Akku (2000 mAh) und waschbarem EPA-Filter 11, inkl. Fugendüse, USB-Ladekabel und LED-Licht",Nein,"Wochenangebote gültig von Montag, 16.03.26 - Samstag, 21.03.26",16.03.26,21.03.26,images_netto/netto_offer_161.png,"cat_getraenke,diet_gluten_free,diet_lactose_free,diet_vegan,diet_vegetarian,tag_whole_food",,ref_000161,obs_0000026323|obs_0000021218|obs_0000025035|obs_0000025378|obs_0000026010|obs_0000016553|obs_0000016843|obs_0000020770,obs_0000021218|obs_0000025035|obs_0000025378|obs_0000026010|obs_0000026323
Spray-Mopp,Keine Marke,"€ 9,99","€ 19,99",Kein Mengenpreis,"Sprühen & Wischen mit einem Gerät – ohne Eimer und ohne Bücken, mit 600-ml-Tank, Ersatz-Mikrofaser-Bodentücher 2er-Set, separat in deiner Filiale erhältlich",Nein,"Wochenangebote gültig von Montag, 16.03.26 - Samstag, 21.03.26",16.03.26,21.03.26,images_netto/netto_offer_162.png,"cat_obst_gemuese,diet_gluten_free,diet_lactose_free,diet_vegan,diet_vegetarian,sub_exoten,sub_frisches_gemuese,sub_frisches_obst,tag_whole_food",,ref_000162,obs_0000024957,obs_0000024957
Akku-Fensterreiniger,Keine Marke,"€ 29,99","€ 59,99",Kein Mengenpreis,"Schmutzwasser wird direkt abgesaugt – kein Herabtropfen, 2 Saugstärken,  Li-Ionen-Akku (1500 mAh)",Nein,"Wochenangebote gültig von Montag, 16.03.26 - Samstag, 21.03.26",16.03.26,21.03.26,images_netto/netto_offer_163.png,"cat_obst_gemuese,diet_gluten_free,diet_lactose_free,diet_vegan,diet_vegetarian,tag_whole_food",,ref_000163,obs_0000024863,obs_0000024863
Abflussreiniger-Sticks mit Apfel-Duft,Keine Marke,"€ 9,99","€ 29,99",Kein Mengenpreis,"gegen Fett-, Seifen- & Speisereste, Schluss mit verstopften Abflüssen",Nein,"Wochenangebote gültig von Montag, 16.03.26 - Samstag, 21.03.26",16.03.26,21.03.26,images_netto/netto_offer_164.png,"cat_obst_gemuese,diet_gluten_free,diet_lactose_free,diet_vegan,diet_vegetarian,sub_frisches_obst,tag_ultra_processed,tag_whole_food",,ref_000164,obs_0000026003|obs_0000024658|obs_0000013329|obs_0000014410,
BackDani Rückentrainer,Keine Marke,"€ 14,99","€ 29,99",Kein Mengenpreis,"bringt Bewegung in den Rücken, sanfte Rotation, große Wirkung: mobilisiert tiefliegende Muskeln und Faszien im Rücken, nur 2 Minuten morgens und abends, inkl. Übungsposter, Maße: ca. L 80 cm x Ø 8 cm",Nein,"Wochenangebote gültig von Montag, 16.03.26 - Samstag, 21.03.26",16.03.26,21.03.26,images_netto/netto_offer_165.png,"cat_getraenke,diet_gluten_free,diet_lactose_free,diet_vegan,diet_vegetarian,tag_ultra_processed,tag_whole_food",,ref_000165,,
Camper Set oder Pferdeanhänger Set,Keine Marke,"€ 19,99","€ 32,99",Kein Mengenpreis,"Horse Trailer Set, Mercedes-Benz AMG 4 × 4 mit Pferdeanhänger, mit viel ZubehörMaße: ca. 42 cm",Nein,"Wochenangebote gültig von Montag, 16.03.26 - Samstag, 21.03.26",16.03.26,21.03.26,images_netto/netto_offer_166.png,"cat_getraenke,diet_gluten_free,diet_lactose_free,diet_vegan,diet_vegetarian",,ref_000166,,
5er Geschenkset,Keine Marke,"€ 12,99","€ 19,99",Kein Mengenpreis,"Freilauf Länge: ca. 7,5 cm",Nein,"Wochenangebote gültig von Montag, 16.03.26 - Samstag, 21.03.26",16.03.26,21.03.26,images_netto/netto_offer_167.png,"cat_obst_gemuese,diet_gluten_free,diet_lactose_free,diet_vegan,diet_vegetarian,tag_whole_food",,ref_000167,obs_0000011924|obs_0000014056,
Dinosaurier,Keine Marke,"€ 4,99",,Kein Mengenpreis,4 verschiedene Dinofiguren erhältlichMaße: 26 cm,Nein,"Wochenangebote gültig von Montag, 16.03.26 - Samstag, 21.03.26",16.03.26,21.03.26,images_netto/netto_offer_168.png,"cat_getraenke,diet_gluten_free,diet_lactose_free,diet_vegan,diet_vegetarian,sub_frisches_obst,tag_ultra_processed,tag_whole_food",,ref_000168,,
Mini Baufahrzeug,Keine Marke,"€ 4,99",,Kein Mengenpreis,Reifen aus SoftmaterialMaße: ca. 23 cm,Nein,"Wochenangebote gültig von Montag, 16.03.26 - Samstag, 21.03.26",16.03.26,21.03.26,images_netto/netto_offer_169.png,"cat_obst_gemuese,diet_gluten_free,diet_lactose_free,diet_vegan,diet_vegetarian,sub_frisches_gemuese,tag_ultra_processed,tag_whole_food",,ref_000169,obs_0000010378|obs_0000011774|obs_0000014741|obs_0000016055|obs_0000016653|obs_0000024151,
Mitbringspiel,Keine Marke,"€ 4,99",,Kein Mengenpreis,versch. Spiele,Nein,"Wochenangebote gültig von Montag, 16.03.26 - Samstag, 21.03.26",16.03.26,21.03.26,images_netto/netto_offer_170.png,"cat_obst_gemuese,diet_gluten_free,diet_lactose_free,diet_vegan,diet_vegetarian,sub_frisches_obst,tag_ultra_processed,tag_whole_food",,ref_000170,,
Plüsch Capybara,Keine Marke,"€ 4,99",,Kein Mengenpreis,"Extra weiche Plüschmaterialie, Waschbar bis 30 GradMaße: ca. 25 cm",Nein,"Wochenangebote gültig von Montag, 16.03.26 - Samstag, 21.03.26",16.03.26,21.03.26,images_netto/netto_offer_171.png,"cat_obst_gemuese,diet_gluten_free,diet_lactose_free,diet_vegan,diet_vegetarian,sub_exoten,sub_frisches_obst,tag_whole_food",,ref_000171,,
Perlen-Geschenkset,Keine Marke,"€ 7,99",,Kein Mengenpreis,"Bügelperlenset: 5.000 Bügelperlen inkl. 5 Steckplatten • Perlenset: 10.000 Perlen und Schnüre, Verschlüsse und Fädelgarn",Nein,"Wochenangebote gültig von Montag, 16.03.26 - Samstag, 21.03.26",16.03.26,21.03.26,images_netto/netto_offer_172.png,"cat_obst_gemuese,diet_gluten_free,diet_lactose_free,diet_vegetarian,tag_whole_food",,ref_000172,obs_0000011924|obs_0000014056,
Kleinkindauto,Keine Marke,"€ 7,99",,Kein Mengenpreis,"großer Spielspaß, Freilaufca. 27 cm",Nein,"Wochenangebote gültig von Montag, 16.03.26 - Samstag, 21.03.26",16.03.26,21.03.26,images_netto/netto_offer_173.png,"cat_obst_gemuese,diet_gluten_free,diet_lactose_free,diet_vegan,diet_vegetarian,sub_frisches_obst,tag_ultra_processed,tag_whole_food",,ref_000173,,
LEGO Artikel,Keine Marke,"€ 7,99",,Kein Mengenpreis,versch. Artikel,Nein,"Wochenangebote gültig von Montag, 16.03.26 - Samstag, 21.03.26",16.03.26,21.03.26,images_netto/netto_offer_174.png,"cat_obst_gemuese,diet_gluten_free,diet_lactose_free,diet_vegan,diet_vegetarian,tag_ultra_processed,tag_whole_food",,ref_000174,obs_0000026286,
Funktions Racer kabelgesteuert,Keine Marke,"€ 7,99",,Kein Mengenpreis,"mit Kabelfernsteuerung, Toplicht bei Fahrt vorwärts, inkl. 2x AA Batterieca. 14 cm",Nein,"Wochenangebote gültig von Montag, 16.03.26 - Samstag, 21.03.26",16.03.26,21.03.26,images_netto/netto_offer_175.png,"cat_non_food,diet_gluten_free,diet_lactose_free,diet_vegan,diet_vegetarian,tag_ultra_processed,tag_whole_food",,ref_000175,,
Plüsch Bär,Keine Marke,"€ 9,99",,Kein Mengenpreis,"Extra weiche Plüschmaterialien, Waschbar bis 30 Grad, ca. 80 cm",Nein,"Wochenangebote gültig von Montag, 16.03.26 - Samstag, 21.03.26",16.03.26,21.03.26,images_netto/netto_offer_176.png,"cat_obst_gemuese,diet_gluten_free,diet_lactose_free,diet_vegan,diet_vegetarian,sub_exoten,sub_frisches_gemuese,sub_frisches_obst,tag_ultra_processed,tag_whole_food",,ref_000176,,
Chi Chi Love,Keine Marke,"€ 9,99",,Kein Mengenpreis,"Funktionsplüsch, kabelgesteuert, läuft, bellt und wackelt mit dem Schwanz17 cm",Nein,"Wochenangebote gültig von Montag, 16.03.26 - Samstag, 21.03.26",16.03.26,21.03.26,images_netto/netto_offer_177.png,"cat_obst_gemuese,diet_gluten_free,diet_lactose_free,diet_vegan,diet_vegetarian,sub_frisches_gemuese,sub_frisches_obst,tag_ultra_processed,tag_whole_food",,ref_000177,obs_0000024835,
Bademantel,Kinder,"€ 9,99",,Kein Mengenpreis,"mit Kapuze, aufgesetzten Taschen und Lizenzpatch",Nein,"Wochenangebote gültig von Montag, 16.03.26 - Samstag, 21.03.26",16.03.26,21.03.26,images_netto/netto_offer_178.png,"cat_knabbern_naschen,tag_ultra_processed",,ref_000178,obs_0000015372|obs_0000018849|obs_0000023746|obs_0000016709|obs_0000019668|obs_0000021978|obs_0000015715|obs_0000016739|obs_0000001383|obs_0000020988|obs_0000017490|obs_0000011610|obs_0000009698|obs_0000024043|obs_0000014586|obs_0000004502|obs_0000003648|obs_0000011611|obs_0000003560|obs_0000000237|obs_0000004075|obs_0000025427|obs_0000027880,obs_0000015372|obs_0000018849|obs_0000023746|obs_0000016709|obs_0000019668|obs_0000021978|obs_0000015715|obs_0000016739|obs_0000001383|obs_0000020988
LEGO Osterspaß,Keine Marke,"€ 9,99",,Kein Mengenpreis,"mit zahlreichen Bauelementen und grenzenlosen Bauideen, enthält Bauelemente, Sticker und Bastelstanzbögen",Nein,"Wochenangebote gültig von Montag, 16.03.26 - Samstag, 21.03.26",16.03.26,21.03.26,images_netto/netto_offer_179.png,"cat_obst_gemuese,diet_gluten_free,diet_lactose_free,diet_vegan,diet_vegetarian,tag_ultra_processed,tag_whole_food",,ref_000179,obs_0000026286,
Funko-Pop Vinylfigur,Keine Marke,"€ 9,99",,Kein Mengenpreis,versch. Figuren,Nein,"Wochenangebote gültig von Montag, 16.03.26 - Samstag, 21.03.26",16.03.26,21.03.26,images_netto/netto_offer_180.png,"cat_obst_gemuese,diet_gluten_free,diet_lactose_free,diet_vegan,diet_vegetarian,sub_frisches_gemuese,sub_frisches_obst,tag_ultra_processed,tag_whole_food",,ref_000180,,
Großbund Tulpen,Keine Marke,"€ 5,55",,Kein Mengenpreis,"ca. 35 cm lang, versch. Farben",Nein,"Wochenendangebote gültig von Donnerstag, 19.03.26 - Samstag, 21.03.26",19.03.26,21.03.26,images_netto/netto_offer_181.png,"cat_obst_gemuese,diet_gluten_free,diet_lactose_free,diet_vegan,diet_vegetarian,sub_frisches_obst,tag_ultra_processed,tag_whole_food",,ref_000181,obs_0000027876|obs_0000031997,
Spezi oder Limo,Paulaner,"€ 10,99","€ 15,49",1.10 / l,"versch. Sorten, teilweise koffeinhaltig",Nein,"Wochenendangebote gültig von Donnerstag, 19.03.26 - Samstag, 21.03.26",19.03.26,21.03.26,images_netto/netto_offer_182.png,"cat_getraenke,tag_ultra_processed",,ref_000182,obs_0000011633|obs_0000014187|obs_0000031903|obs_0000012309|obs_0000010353|obs_0000031300|obs_0000000637|obs_0000025279|obs_0000021337|obs_0000026030|obs_0000024448,obs_0000005043|obs_0000011633|obs_0000005598|obs_0000014187
Corny Müsliriegel,Keine Marke,"€ 1,69","€ 2,29",11.27 - 14.08 / kg,versch. Sorten,Nein,"Wochenendangebote gültig von Donnerstag, 19.03.26 - Samstag, 21.03.26",19.03.26,21.03.26,images_netto/netto_offer_183.png,"cat_knabbern_naschen,diet_gluten_free,diet_lactose_free,diet_vegan,diet_vegetarian,tag_ultra_processed,tag_whole_food",BLS-S830000,ref_000183,obs_0000006468|obs_0000006824|obs_0000004973|obs_0000015515|obs_0000015528|obs_0000026891|obs_0000027162|obs_0000028819|obs_0000027153|obs_0000028835|obs_0000025066|obs_0000026929|obs_0000031874,obs_0000004973|obs_0000006468|obs_0000006824|obs_0000015515|obs_0000015528|obs_0000026891
Zott Sahnejoghurt,Keine Marke,"€ 0,39","€ 0,99",2.79 / kg,"gekühlt, versch. Sorten",Nein,"Wochenendangebote gültig von Donnerstag, 19.03.26 - Samstag, 21.03.26",19.03.26,21.03.26,images_netto/netto_offer_184.png,"cat_molkerei_kaese,diet_gluten_free,diet_lactose_free,diet_vegan,diet_vegetarian,sub_joghurt_skyr_quark,sub_milchprodukte,sub_sahne_creme,tag_ultra_processed,tag_whole_food",,ref_000184,obs_0000007226|obs_0000002246|obs_0000003268|obs_0000007720|obs_0000008789|obs_0000009258|obs_0000014943|obs_0000017464|obs_0000018553|obs_0000018944|obs_0000019763|obs_0000023299|obs_0000024741,obs_0000006237|obs_0000027587|obs_0000028655
Crunchips,Lorenz,"€ 1,0","€ 1,99",6.67 – 7.69 / kg,versch. Sorten,Nein,"Wochenendangebote gültig von Donnerstag, 19.03.26 - Samstag, 21.03.26",19.03.26,21.03.26,images_netto/netto_offer_185.png,"cat_knabbern_naschen,sub_kartoffeln,tag_ultra_processed",,ref_000185,obs_0000000817|obs_0000004366|obs_0000023198|obs_0000000430|obs_0000019887|obs_0000004793|obs_0000019068|obs_0000015558|obs_0000031947|obs_0000016467|obs_0000003939|obs_0000002926|obs_0000014838|obs_0000029472|obs_0000028410|obs_0000002096|obs_0000006552,obs_0000000817
Eilles,Keine Marke,"€ 5,99","€ 9,69",11.98 / kg,Kaffee gemahlen oder Ganze Bohnen,Nein,"Wochenendangebote gültig von Donnerstag, 19.03.26 - Samstag, 21.03.26",19.03.26,21.03.26,images_netto/netto_offer_186.png,"cat_getraenke,diet_gluten_free,diet_lactose_free,diet_vegan,diet_vegetarian,sub_exoten,sub_frisches_gemuese,sub_frisches_obst,tag_ultra_processed,tag_whole_food",,ref_000186,obs_0000006437|obs_0000026492|obs_0000005340|obs_0000005903,
Trauben dunkel,Keine Marke,"€ 1,79","€ 2,19",3.58 / kg,"Namibia/Südafrika, Kl. I, kernlos",Nein,"Wochenendangebote gültig von Donnerstag, 19.03.26 - Samstag, 21.03.26",19.03.26,21.03.26,images_netto/netto_offer_187.png,"cat_obst_gemuese,diet_gluten_free,diet_lactose_free,diet_vegan,diet_vegetarian,sub_frisches_obst,tag_whole_food",,ref_000187,obs_0000000053|obs_0000019239|obs_0000020058|obs_0000023615|obs_0000023716|obs_0000024265|obs_0000025669|obs_0000025911,
Hähnchen-Innenfilet,Keine Marke,"€ 3,99","€ 4,99",9.98 / kg,zart und mager,Nein,"Wochenendangebote gültig von Donnerstag, 19.03.26 - Samstag, 21.03.26",19.03.26,21.03.26,images_netto/netto_offer_188.png,"cat_fisch_meeresfruechte,diet_gluten_free,diet_lactose_free,sub_gefluegel,tag_high_protein,tag_proteinreich,tag_whole_food",BLS-V604100,ref_000188,,obs_0000000424|obs_0000000506|obs_0000001309|obs_0000002903|obs_0000003929|obs_0000004356|obs_0000004783|obs_0000024525|obs_0000025466|obs_0000025805
Gurken,Keine Marke,"€ 0,66","€ 0,89",Kein Mengenpreis,"Spanien/Niederlande, Kl. I",Nein,"Wochenendangebote gültig von Donnerstag, 19.03.26 - Samstag, 21.03.26",19.03.26,21.03.26,images_netto/netto_offer_189.png,"cat_obst_gemuese,diet_gluten_free,diet_lactose_free,diet_vegan,diet_vegetarian,sub_exoten,sub_frisches_gemuese,sub_frisches_obst,tag_whole_food",BLS-G520100,ref_000189,obs_0000015776|obs_0000024937|obs_0000026179|obs_0000006453|obs_0000006819|obs_0000018911|obs_0000019730|obs_0000005159|obs_0000005487|obs_0000005496|obs_0000013934|obs_0000025653|obs_0000026550|obs_0000031576|obs_0000028440|obs_0000004908|obs_0000005109|obs_0000023993,obs_0000002349|obs_0000003482|obs_0000015776|obs_0000024254|obs_0000024937|obs_0000025220|obs_0000026179
Frischkäse- zubereitung,Philadelphia,"€ 1,11","€ 2,29",5.69 / kg,"gekühlt, versch. Sorten",Nein,"Wochenendangebote gültig von Donnerstag, 19.03.26 - Samstag, 21.03.26",19.03.26,21.03.26,images_netto/netto_offer_190.png,"cat_molkerei_kaese,diet_vegetarian,sub_kaese,sub_milchprodukte,sub_sahne_creme,tag_ultra_processed",,ref_000190,obs_0000026252|obs_0000002737|obs_0000003267|obs_0000000519|obs_0000019487|obs_0000016419|obs_0000015471|obs_0000006777|obs_0000016007|obs_0000021129|obs_0000016038|obs_0000016568|obs_0000020674|obs_0000005321|obs_0000024802|obs_0000018668|obs_0000017161|obs_0000005900|obs_0000009494|obs_0000020775|obs_0000017193|obs_0000026429|obs_0000004927|obs_0000018246|obs_0000009042|obs_0000023386|obs_0000020837|obs_0000022932|obs_0000026020|obs_0000006596|obs_0000017887|obs_0000022511|obs_0000006245|obs_0000005502,obs_0000007725|obs_0000011338|obs_0000026252|obs_0000005900|obs_0000004927|obs_0000014199
Freixenet Freixenet Carta Premium Sparkling Wine,Keine Marke,"€ 3,79","€ 6,49",5.05 / l,versch. Sorten,Nein,"Wochenendangebote gültig von Donnerstag, 19.03.26 - Samstag, 21.03.26",19.03.26,21.03.26,images_netto/netto_offer_191.png,cat_getraenke,,ref_000191,obs_0000006334|obs_0000007112|obs_0000005782|obs_0000024194|obs_0000026092|obs_0000031501,
Knoppers Waffel oder Knoppers Riegel,Keine Marke,"€ 3,33","€ 4,98",8.33 / kg,Einzelpreis: 2.49 (12.45 / kg),Nein,"Wochenendangebote gültig von Donnerstag, 19.03.26 - Samstag, 21.03.26",19.03.26,21.03.26,images_netto/netto_offer_192.png,"cat_knabbern_naschen,diet_gluten_free,diet_vegetarian,tag_ultra_processed",,ref_000192,obs_0000030591|obs_0000009803|obs_0000011232|obs_0000012122|obs_0000013126|obs_0000013982|obs_0000015347|obs_0000015453|obs_0000015632|obs_0000018457|obs_0000021392|obs_0000023504|obs_0000029391|obs_0000030828,
LEGO Bausteine Koffer,Keine Marke,"€ 12,99","€ 19,99",Kein Mengenpreis,"Lass deiner Kreativität freien Lauf mit den LEGO® Classic Sets! 213 Teile, Maße: ca. 26 x 28 cm",Nein,"Wochenendangebote gültig von Donnerstag, 19.03.26 - Samstag, 21.03.26",19.03.26,21.03.26,images_netto/netto_offer_193.png,"cat_getraenke,diet_gluten_free,diet_lactose_free,diet_vegan,diet_vegetarian,tag_ultra_processed,tag_whole_food",,ref_000193,obs_0000026286,
Spargel grün,Keine Marke,"€ 3,99","€ 4,49",9.98 / kg,"Mexiko, Kl. I",Nein,"Wochenendangebote gültig von Donnerstag, 19.03.26 - Samstag, 21.03.26",19.03.26,21.03.26,images_netto/netto_offer_194.png,"cat_obst_gemuese,diet_gluten_free,diet_lactose_free,diet_vegan,diet_vegetarian,sub_exoten,sub_frisches_obst,tag_ultra_processed,tag_whole_food",BLS-G450100,ref_000194,obs_0000005865,obs_0000005865
Champignon braun,Keine Marke,"€ 1,79","€ 2,19",4.48 / kg,"Polen, Kl. I",Nein,"Wochenendangebote gültig von Donnerstag, 19.03.26 - Samstag, 21.03.26",19.03.26,21.03.26,images_netto/netto_offer_195.png,"cat_obst_gemuese,diet_gluten_free,diet_lactose_free,diet_vegan,diet_vegetarian,sub_frisches_gemuese,sub_pilze,tag_ultra_processed,tag_whole_food",BLS-K701100,ref_000195,obs_0000026182,obs_0000026182|obs_0000031575
Lauchzwiebeln,Keine Marke,"€ 0,79","€ 0,99",Kein Mengenpreis,Deutschland,Nein,"Wochenendangebote gültig von Donnerstag, 19.03.26 - Samstag, 21.03.26",19.03.26,21.03.26,images_netto/netto_offer_196.png,"cat_obst_gemuese,diet_gluten_free,diet_lactose_free,diet_vegan,diet_vegetarian,sub_frisches_gemuese,tag_whole_food",,ref_000196,obs_0000012862|obs_0000027623|obs_0000028950|obs_0000005864|obs_0000011199,obs_0000005864|obs_0000012862|obs_0000027623|obs_0000028950
Paprika rot,Keine Marke,"€ 2,22","€ 2,49",4.44 / kg,"Spanien, Kl. I",Nein,"Wochenendangebote gültig von Donnerstag, 19.03.26 - Samstag, 21.03.26",19.03.26,21.03.26,images_netto/netto_offer_197.png,"cat_obst_gemuese,diet_gluten_free,diet_lactose_free,diet_vegan,diet_vegetarian,sub_frisches_gemuese,sub_frisches_obst,tag_ultra_processed,tag_whole_food",,ref_000197,obs_0000002095|obs_0000003483|obs_0000024367|obs_0000000499|obs_0000024792|obs_0000026057|obs_0000032198|obs_0000008942|obs_0000009404|obs_0000011677|obs_0000031173|obs_0000031389|obs_0000010004,obs_0000000499|obs_0000002095|obs_0000003483|obs_0000008942|obs_0000009404|obs_0000024367|obs_0000024792|obs_0000026057|obs_0000032198
Mandarinen,Keine Marke,"€ 2,99","€ 3,49",Kein Mengenpreis,"Spanien, Kl. I",Nein,"Wochenendangebote gültig von Donnerstag, 19.03.26 - Samstag, 21.03.26",19.03.26,21.03.26,images_netto/netto_offer_198.png,"cat_obst_gemuese,diet_gluten_free,diet_lactose_free,diet_vegan,diet_vegetarian,sub_frisches_obst,tag_whole_food",BLS-F606100,ref_000198,obs_0000000157|obs_0000002230|obs_0000006413|obs_0000008903|obs_0000009366|obs_0000009938|obs_0000015220|obs_0000016125|obs_0000017631|obs_0000018253|obs_0000023773|obs_0000027273|obs_0000027605|obs_0000027704|obs_0000028570|obs_0000028693|obs_0000028989|obs_0000005105|obs_0000026693|obs_0000026813|obs_0000018851|obs_0000019670|obs_0000025087|obs_0000025280|obs_0000027703|obs_0000029795|obs_0000012119|obs_0000000501|obs_0000005658|obs_0000022626|obs_0000022628|obs_0000005474|obs_0000005657|obs_0000005111|obs_0000005877|obs_0000005287,obs_0000000157|obs_0000002230|obs_0000005105|obs_0000006413|obs_0000008903|obs_0000009366|obs_0000009938|obs_0000015220|obs_0000016125|obs_0000017631|obs_0000018253|obs_0000023773|obs_0000026693|obs_0000026813|obs_0000027273|obs_0000027605|obs_0000027703|obs_0000027704|obs_0000028570|obs_0000028693|obs_0000028989
Birnen,Keine Marke,"€ 1,49","€ 1,79",Kein Mengenpreis,"Belgien/Niederlande, Kl. I",Nein,"Wochenendangebote gültig von Donnerstag, 19.03.26 - Samstag, 21.03.26",19.03.26,21.03.26,images_netto/netto_offer_199.png,"cat_obst_gemuese,diet_gluten_free,diet_lactose_free,diet_vegan,diet_vegetarian,sub_frisches_obst,tag_whole_food",BLS-F130100,ref_000199,obs_0000015263|obs_0000016045|obs_0000016635|obs_0000016675|obs_0000019142|obs_0000019961|obs_0000023767|obs_0000024363|obs_0000025761|obs_0000026120|obs_0000022211|obs_0000015238|obs_0000023316|obs_0000023329|obs_0000015021|obs_0000017671|obs_0000019154|obs_0000019973|obs_0000021438|obs_0000007180|obs_0000001537|obs_0000013686|obs_0000013645|obs_0000013662,obs_0000015263|obs_0000016045|obs_0000016635|obs_0000016675|obs_0000019142|obs_0000019961|obs_0000022211|obs_0000023767|obs_0000024363|obs_0000025761|obs_0000026120
Rahm-Spinat,iglo,"€ 2,49","€ 3,99",Kein Mengenpreis,tiefgekühlt,Nein,"Wochenendangebote gültig von Donnerstag, 19.03.26 - Samstag, 21.03.26",19.03.26,21.03.26,images_netto/netto_offer_200.png,"cat_tiefkuehl,diet_vegetarian,sub_hackfleisch,sub_sahne_creme,sub_tk_fertiggerichte,sub_tk_gemuese,tag_high_protein",,ref_000200,obs_0000015365|obs_0000021529|obs_0000013373|obs_0000012866|obs_0000010366|obs_0000029322|obs_0000009936|obs_0000019130|obs_0000023838|obs_0000024520|obs_0000019949|obs_0000027290|obs_0000029562|obs_0000028631|obs_0000031345|obs_0000029372|obs_0000020602|obs_0000017040|obs_0000021443,obs_0000015365|obs_0000021529|obs_0000003636|obs_0000013373|obs_0000012866|obs_0000010366|obs_0000029322|obs_0000000707|obs_0000009936|obs_0000000229|obs_0000004490|obs_0000004063
Fischstäbchen oder iglo Filegro,iglo,"€ 4,49","€ 7,49",5.35 - 9.35 / kg,"tiefgekühlt, versch. Sorten",Nein,"Wochenendangebote gültig von Donnerstag, 19.03.26 - Samstag, 21.03.26",19.03.26,21.03.26,images_netto/netto_offer_201.png,"cat_tiefkuehl,sub_tk_fertiggerichte,sub_tk_gemuese,tag_ultra_processed",,ref_000201,obs_0000006289|obs_0000005367|obs_0000005938|obs_0000024784|obs_0000010789|obs_0000012913|obs_0000008901|obs_0000031470|obs_0000023295|obs_0000019305|obs_0000019350|obs_0000021488|obs_0000025600|obs_0000009365|obs_0000011786|obs_0000015945|obs_0000020124|obs_0000020169|obs_0000009958|obs_0000024389|obs_0000018248|obs_0000020346|obs_0000018373|obs_0000012271|obs_0000031348|obs_0000007619|obs_0000026498|obs_0000012268,
Zottarella Minis,Keine Marke,"€ 1,79","€ 2,29",14.32 / kg,"gekühlt, versch. Sorten",Nein,"Wochenendangebote gültig von Donnerstag, 19.03.26 - Samstag, 21.03.26",19.03.26,21.03.26,images_netto/netto_offer_202.png,"cat_obst_gemuese,diet_gluten_free,diet_lactose_free,diet_vegan,diet_vegetarian,tag_ultra_processed,tag_whole_food",,ref_000202,obs_0000017872|obs_0000010531|obs_0000011840|obs_0000014426|obs_0000014716|obs_0000018005|obs_0000018066|obs_0000021052|obs_0000021517|obs_0000023754|obs_0000023927,obs_0000011242
Antipasti oder Oliven,Keine Marke,"€ 1,99",,13.27 - 16.58 / kg,"gekühlt, versch. Sorten",Nein,"Wochenendangebote gültig von Donnerstag, 19.03.26 - Samstag, 21.03.26",19.03.26,21.03.26,images_netto/netto_offer_203.png,"cat_obst_gemuese,diet_gluten_free,diet_lactose_free,diet_vegan,diet_vegetarian,sub_frisches_gemuese,tag_whole_food",,ref_000203,obs_0000007391|obs_0000026230|obs_0000007454|obs_0000007640|obs_0000008127|obs_0000010952|obs_0000016740|obs_0000020905|obs_0000021733|obs_0000023132|obs_0000023992|obs_0000024810|obs_0000026016|obs_0000026694|obs_0000026814|obs_0000032016,
Maultaschen,Bürger,"€ 1,69","€ 2,29",4.69 - 5.63 / kg,"gekühlt, versch. Sorten",Nein,"Wochenendangebote gültig von Donnerstag, 19.03.26 - Samstag, 21.03.26",19.03.26,21.03.26,images_netto/netto_offer_204.png,cat_non_food,BLS-D7A5000,ref_000204,obs_0000031370|obs_0000011787|obs_0000013498|obs_0000000711|obs_0000029278|obs_0000016113|obs_0000009977|obs_0000027923|obs_0000019102|obs_0000028579|obs_0000005168|obs_0000019921|obs_0000006102|obs_0000007384|obs_0000023410|obs_0000029329|obs_0000014749|obs_0000018482,obs_0000031370|obs_0000011787|obs_0000005168|obs_0000013498|obs_0000000711|obs_0000029278|obs_0000016113|obs_0000009977
Exquisa Quark-Genuss,Keine Marke,"€ 1,49","€ 2,39",2.98 - 3.97 / kg,"gekühlt, versch. Sorten",Nein,"Wochenendangebote gültig von Donnerstag, 19.03.26 - Samstag, 21.03.26",19.03.26,21.03.26,images_netto/netto_offer_205.png,"cat_molkerei_kaese,diet_gluten_free,diet_lactose_free,diet_vegan,diet_vegetarian,sub_joghurt_skyr_quark,sub_milchprodukte,tag_whole_food",,ref_000205,obs_0000028312|obs_0000029670|obs_0000008637|obs_0000009120|obs_0000011759|obs_0000026708|obs_0000026831|obs_0000017095|obs_0000020594|obs_0000021408|obs_0000001711|obs_0000008115|obs_0000010070|obs_0000012244|obs_0000025839,obs_0000028312|obs_0000029670
Müllermilch,Müller,"€ 0,79","€ 1,49",1.98 / l,"gekühlt, versch. Sorten",Nein,"Wochenendangebote gültig von Donnerstag, 19.03.26 - Samstag, 21.03.26",19.03.26,21.03.26,images_netto/netto_offer_206.png,"cat_molkerei_kaese,diet_vegetarian,sub_milchprodukte,tag_ultra_processed",,ref_000206,obs_0000029251|obs_0000020121|obs_0000013467|obs_0000010911|obs_0000024793|obs_0000021816|obs_0000015679|obs_0000019302|obs_0000014705|obs_0000012241|obs_0000014320|obs_0000020475|obs_0000000031|obs_0000003544|obs_0000029436|obs_0000030010|obs_0000006060|obs_0000004948,obs_0000029251|obs_0000020121|obs_0000013467|obs_0000010911|obs_0000024793|obs_0000021816|obs_0000015679|obs_0000019302|obs_0000014705|obs_0000012241|obs_0000014320|obs_0000020475
Smoothie,Innocent,"€ 1,49","€ 2,29",5.96 / l,"gekühlt, versch. Sorten",Nein,"Wochenendangebote gültig von Donnerstag, 19.03.26 - Samstag, 21.03.26",19.03.26,21.03.26,images_netto/netto_offer_207.png,cat_getraenke,BLS-F034600,ref_000207,obs_0000008466|obs_0000016406|obs_0000004384|obs_0000003248|obs_0000020534|obs_0000000440|obs_0000001853|obs_0000004811|obs_0000003957|obs_0000032013|obs_0000010394|obs_0000011856|obs_0000012920|obs_0000026997|obs_0000001191|obs_0000030081|obs_0000006542|obs_0000007320|obs_0000005061|obs_0000027978|obs_0000006350|obs_0000027653|obs_0000010403|obs_0000028997|obs_0000012391|obs_0000029422|obs_0000005250|obs_0000005809|obs_0000010264,obs_0000032013|obs_0000008466|obs_0000016406|obs_0000010394|obs_0000004384|obs_0000003248|obs_0000020534|obs_0000000440|obs_0000001853|obs_0000004811|obs_0000011856|obs_0000003957|obs_0000012920
Osterpaket vom Schwein,Keine Marke,"€ 4,99","€ 6,99",Kein Mengenpreis,"bestehend aus 2x Schweinefilet à ca. 550 g, Schweinenacken ca. 2,6 kg, Schweinerücken mit Schwarte ca. 1,5 kg Bitte in deiner Filiale oder Online vorbestellen!",Nein,"Wochenendangebote gültig von Donnerstag, 19.03.26 - Samstag, 21.03.26",19.03.26,21.03.26,images_netto/netto_offer_208.png,"cat_fleisch_wurst,diet_gluten_free,diet_lactose_free,diet_vegetarian,sub_schwein,tag_ultra_processed,tag_whole_food",,ref_000208,obs_0000016696|obs_0000001603|obs_0000002352|obs_0000003024|obs_0000010029|obs_0000010338|obs_0000013431,
Saftbraten vom Jungbullen,Keine Marke,"€ 1,29","€ 1,79",12.90 / kg,"aus der Hochrippe, saftig, vakuumverpackt, ca. 1 kg",Nein,"Wochenendangebote gültig von Donnerstag, 19.03.26 - Samstag, 21.03.26",19.03.26,21.03.26,images_netto/netto_offer_209.png,"cat_fleisch_wurst,diet_gluten_free,diet_lactose_free,diet_vegan,diet_vegetarian,sub_rind,tag_whole_food",,ref_000209,obs_0000024422|obs_0000024796|obs_0000025798|obs_0000010036|obs_0000011290|obs_0000011739|obs_0000011740|obs_0000012206|obs_0000012998|obs_0000012999|obs_0000013437|obs_0000013876,obs_0000024422
Schweine-Schinkenbraten,Keine Marke,"€ 4,99","€ 7,49",Kein Mengenpreis,"aus der Nuss, vakuumverpackt, ca. 1,2 kg",Nein,"Wochenendangebote gültig von Donnerstag, 19.03.26 - Samstag, 21.03.26",19.03.26,21.03.26,images_netto/netto_offer_210.png,"cat_fleisch_wurst,diet_gluten_free,diet_lactose_free,diet_vegetarian,sub_schwein,sub_wurst,tag_ultra_processed,tag_whole_food",BLS-U579100,ref_000210,obs_0000026059|obs_0000026207|obs_0000009299|obs_0000011718|obs_0000012904,obs_0000007279|obs_0000026059|obs_0000026207
Lachsforelle,Keine Marke,"€ 1,29","€ 1,79",12.90 / kg,"küchenfertig, rotfleischig, ca. 750 g",Nein,"Wochenendangebote gültig von Donnerstag, 19.03.26 - Samstag, 21.03.26",19.03.26,21.03.26,images_netto/netto_offer_211.png,"cat_fisch_meeresfruechte,diet_gluten_free,diet_lactose_free,diet_vegan,diet_vegetarian,tag_whole_food",,ref_000211,obs_0000000400|obs_0000001200|obs_0000002201|obs_0000003895|obs_0000004322|obs_0000004749|obs_0000017393|obs_0000000613|obs_0000001862|obs_0000002412|obs_0000002802|obs_0000003171|obs_0000003993|obs_0000004420|obs_0000004847|obs_0000016746|obs_0000017554|obs_0000023177|obs_0000024113,obs_0000000400|obs_0000001200|obs_0000002201|obs_0000003895|obs_0000004322|obs_0000004749|obs_0000006144|obs_0000017393
Hähnchen-Oberkeulensteaks,Keine Marke,"€ 2,99","€ 3,79",7.48 / kg,"ohne Haut und ohne Knochen, natur",Nein,"Wochenendangebote gültig von Donnerstag, 19.03.26 - Samstag, 21.03.26",19.03.26,21.03.26,images_netto/netto_offer_212.png,"cat_fleisch_wurst,diet_gluten_free,diet_lactose_free,sub_gefluegel,tag_proteinreich,tag_whole_food",,ref_000212,obs_0000021886|obs_0000024646|obs_0000025675,obs_0000021886|obs_0000024646|obs_0000025675
Hähnchen-Minutenschnitzel,Keine Marke,"€ 3,99","€ 4,99",9.98 / kg,aus dem Brustfilet geschnitten,Nein,"Wochenendangebote gültig von Donnerstag, 19.03.26 - Samstag, 21.03.26",19.03.26,21.03.26,images_netto/netto_offer_213.png,"cat_fleisch_wurst,diet_lactose_free,sub_gefluegel,tag_proteinreich,tag_ultra_processed,tag_whole_food",BLS-V4B5100,ref_000213,obs_0000001008|obs_0000002326|obs_0000008101|obs_0000010039|obs_0000012211|obs_0000012564|obs_0000012981|obs_0000013878|obs_0000016777|obs_0000024586|obs_0000025189|obs_0000025738|obs_0000025996|obs_0000028032|obs_0000008298|obs_0000017639|obs_0000017795|obs_0000027423|obs_0000027981|obs_0000028645|obs_0000029094,obs_0000001008|obs_0000002326|obs_0000008101|obs_0000008298|obs_0000010039|obs_0000012211|obs_0000012564|obs_0000012981|obs_0000013878|obs_0000016777|obs_0000017639|obs_0000024586|obs_0000025189|obs_0000025738|obs_0000025996|obs_0000028032
Cabanossi,Keine Marke,"€ 5,5","€ 5,58",8.33 / kg,"gebrüht, geräuchert regionale Verpackungsabweichungen möglich Einzelpreis: 2.79 (9.30 / kg)",Nein,"Wochenendangebote gültig von Donnerstag, 19.03.26 - Samstag, 21.03.26",19.03.26,21.03.26,images_netto/netto_offer_214.png,"cat_fleisch_wurst,diet_gluten_free,diet_lactose_free,diet_vegan,diet_vegetarian,sub_wurst,tag_ultra_processed,tag_whole_food",BLS-W218100,ref_000214,obs_0000024638|obs_0000006661|obs_0000027778,obs_0000024638
Bauernschinken,Keine Marke,"€ 1,79","€ 1,99",17.90 / kg,über Buchenholz geräuchert,Nein,"Wochenendangebote gültig von Donnerstag, 19.03.26 - Samstag, 21.03.26",19.03.26,21.03.26,images_netto/netto_offer_215.png,"cat_fleisch_wurst,diet_gluten_free,diet_lactose_free,diet_vegan,diet_vegetarian,sub_schwein,sub_wurst,tag_ultra_processed,tag_whole_food",BLS-W271000,ref_000215,obs_0000009871|obs_0000010880|obs_0000012220|obs_0000021160|obs_0000025869|obs_0000026467,obs_0000009871|obs_0000010880|obs_0000012220|obs_0000021160|obs_0000025869|obs_0000026467
Leber- oder Teewurst,Keine Marke,"€ 2,5","€ 2,58",5.71 – 8.- / kg,versch. Sorten Einzelpreis: 1.29 (7.37 – 10.32 / kg),Nein,"Wochenendangebote gültig von Donnerstag, 19.03.26 - Samstag, 21.03.26",19.03.26,21.03.26,images_netto/netto_offer_216.png,"cat_fleisch_wurst,diet_gluten_free,diet_lactose_free,diet_vegan,diet_vegetarian,sub_wurst,tag_ultra_processed",,ref_000216,obs_0000026201|obs_0000010381|obs_0000001033|obs_0000002427|obs_0000002750|obs_0000003242|obs_0000008715|obs_0000009181|obs_0000009568|obs_0000011645|obs_0000012223|obs_0000012895|obs_0000032055,obs_0000026201
Bierschinken,Keine Marke,"€ 1,1","€ 1,19",6.67 / kg,Regionale Verpackungsabweichungen möglich!,Nein,"Wochenendangebote gültig von Donnerstag, 19.03.26 - Samstag, 21.03.26",19.03.26,21.03.26,images_netto/netto_offer_217.png,"cat_fleisch_wurst,diet_gluten_free,diet_lactose_free,diet_vegan,diet_vegetarian,sub_schwein,sub_wurst,tag_ultra_processed,tag_whole_food",BLS-W271000,ref_000217,obs_0000001020|obs_0000001030|obs_0000009006|obs_0000009047|obs_0000009498|obs_0000019085|obs_0000019904|obs_0000021161|obs_0000022319|obs_0000022739|obs_0000023381|obs_0000031238|obs_0000027410|obs_0000007066|obs_0000005021|obs_0000005755|obs_0000010343|obs_0000012216|obs_0000012992,obs_0000001020|obs_0000001030|obs_0000009006|obs_0000009047|obs_0000009498|obs_0000019085|obs_0000019904|obs_0000021161|obs_0000022319|obs_0000022739|obs_0000023381|obs_0000026799|obs_0000027322|obs_0000028613|obs_0000031238
Regensburger Knacker,Keine Marke,"€ 2,49","€ 3,19",8.30 / kg,,Nein,"Wochenendangebote gültig von Donnerstag, 19.03.26 - Samstag, 21.03.26",19.03.26,21.03.26,images_netto/netto_offer_218.png,"cat_getraenke,diet_vegetarian,tag_ultra_processed",,ref_000218,obs_0000006670|obs_0000018160|obs_0000021146|obs_0000023187,
Crispy Chicken Burger,Keine Marke,"€ 4,99","€ 6,99",8.32 / kg,mit knuspriger Cornflakespanade,Nein,"Wochenendangebote gültig von Donnerstag, 19.03.26 - Samstag, 21.03.26",19.03.26,21.03.26,images_netto/netto_offer_219.png,"cat_fleisch_wurst,diet_gluten_free,diet_lactose_free,diet_vegan,diet_vegetarian,sub_gefluegel,tag_high_protein,tag_proteinreich,tag_ultra_processed,tag_whole_food",BLS-Y9A1000,ref_000219,obs_0000017178|obs_0000020637|obs_0000000219|obs_0000003618|obs_0000004045|obs_0000004472|obs_0000009527|obs_0000009843|obs_0000016882|obs_0000021004|obs_0000022103|obs_0000022134,obs_0000017178|obs_0000020637
XXL Schweine- oder Hähnchenschnitzel,Keine Marke,"€ 2,79","€ 3,19",11.16 / kg,,Nein,"Wochenendangebote gültig von Donnerstag, 19.03.26 - Samstag, 21.03.26",19.03.26,21.03.26,images_netto/netto_offer_220.png,"cat_fleisch_wurst,diet_lactose_free,sub_gefluegel,sub_schwein,tag_proteinreich,tag_ultra_processed,tag_whole_food",,ref_000220,obs_0000016590|obs_0000023203|obs_0000012209,
Hähnchenbrustfilet,Keine Marke,"€ 1,99","€ 2,49",13.27 / kg,hogegart und gebraten,Nein,"Wochenendangebote gültig von Donnerstag, 19.03.26 - Samstag, 21.03.26",19.03.26,21.03.26,images_netto/netto_offer_221.png,"cat_fleisch_wurst,diet_gluten_free,diet_lactose_free,sub_gefluegel,tag_high_protein,tag_proteinreich,tag_whole_food",NUTR-0002,ref_000221,obs_0000002328|obs_0000005399|obs_0000010407|obs_0000024400|obs_0000025800|obs_0000026910|obs_0000027779|obs_0000000109|obs_0000001034|obs_0000001079|obs_0000003009|obs_0000003612|obs_0000004039|obs_0000004466|obs_0000008045|obs_0000010449|obs_0000011725|obs_0000014272|obs_0000015451|obs_0000015817|obs_0000017614|obs_0000025152|obs_0000031567|obs_0000031572|obs_0000031974|obs_0000002008|obs_0000007665|obs_0000008834|obs_0000009295,obs_0000000109|obs_0000001034|obs_0000002328|obs_0000003009|obs_0000003612|obs_0000004039|obs_0000004466|obs_0000005399|obs_0000006872|obs_0000010407|obs_0000015451|obs_0000015817|obs_0000024400|obs_0000025800|obs_0000026910|obs_0000027779|obs_0000031572|obs_0000031974
Mini Berner Würstl,Keine Marke,"€ 2,49","€ 2,99",9.96 / kg,mit Emmentaler und Bauchspeck Regionale Verpackungsabweichungen möglich,Nein,"Wochenendangebote gültig von Donnerstag, 19.03.26 - Samstag, 21.03.26",19.03.26,21.03.26,images_netto/netto_offer_222.png,"cat_getraenke,diet_gluten_free,diet_lactose_free,diet_vegan,diet_vegetarian,sub_wurst,tag_ultra_processed,tag_whole_food",,ref_000222,obs_0000024653|obs_0000025978|obs_0000010378|obs_0000011774|obs_0000014741|obs_0000016055|obs_0000016653|obs_0000024151,obs_0000024653|obs_0000025978
Bettwäsche,Keine Marke,"€ 17,99",,Kein Mengenpreis,Material: 100% Baumwolle mit Wendedesign Kissenbezug: ca. 80 x 80 cm Deckenbezug: ca. 135 x 200 cm,Nein,"Wochenendangebote gültig von Donnerstag, 19.03.26 - Samstag, 21.03.26",19.03.26,21.03.26,images_netto/netto_offer_223.png,"cat_obst_gemuese,diet_gluten_free,diet_lactose_free,diet_vegan,diet_vegetarian,sub_exoten,sub_frisches_gemuese,tag_whole_food",BLS-R421300,ref_000223,obs_0000024539|obs_0000009993|obs_0000011674|obs_0000011676|obs_0000000127|obs_0000000323|obs_0000000474|obs_0000000955|obs_0000001133|obs_0000001767|obs_0000002017|obs_0000002491|obs_0000002892|obs_0000003777|obs_0000003998|obs_0000004204|obs_0000004425|obs_0000004631|obs_0000004852|obs_0000014956|obs_0000015763|obs_0000015886|obs_0000016073|obs_0000017119|obs_0000017195|obs_0000017653|obs_0000017656|obs_0000018783|obs_0000019602|obs_0000022422|obs_0000022846|obs_0000023394|obs_0000023869|obs_0000024247|obs_0000011602|obs_0000008111|obs_0000008390|obs_0000014603|obs_0000015427|obs_0000015731|obs_0000016698|obs_0000018158|obs_0000020657|obs_0000021664|obs_0000022412|obs_0000022835|obs_0000024048|obs_0000009800|obs_0000002315|obs_0000003066,obs_0000024539
Dekokissen,Keine Marke,"€ 5,99",,Kein Mengenpreis,waschbar bei ca. 30°C Schonwäsche Maße: ca. 40 x 40 cm,Nein,"Wochenendangebote gültig von Donnerstag, 19.03.26 - Samstag, 21.03.26",19.03.26,21.03.26,images_netto/netto_offer_224.png,"cat_obst_gemuese,diet_gluten_free,diet_lactose_free,diet_vegan,diet_vegetarian,sub_frisches_obst,tag_whole_food",,ref_000224,obs_0000018244|obs_0000024250|obs_0000024950|obs_0000028898,obs_0000018244|obs_0000024250|obs_0000024950
Plüsch,Keine Marke,"€ 9,99",,Kein Mengenpreis,"kuschelweich, Höhe: ca. 25 cm",Nein,"Wochenendangebote gültig von Donnerstag, 19.03.26 - Samstag, 21.03.26",19.03.26,21.03.26,images_netto/netto_offer_225.png,"cat_obst_gemuese,diet_gluten_free,diet_lactose_free,diet_vegan,diet_vegetarian,sub_exoten,sub_frisches_gemuese,sub_frisches_obst,tag_ultra_processed,tag_whole_food",,ref_000225,obs_0000001906|obs_0000026291|obs_0000000597|obs_0000000237|obs_0000001676|obs_0000003560|obs_0000003648|obs_0000004075|obs_0000004502|obs_0000007781|obs_0000019036|obs_0000019855|obs_0000020449|obs_0000024828,obs_0000008088|obs_0000008391
Damen Bigshirt oder Shorty,Keine Marke,"€ 7,99",,Kein Mengenpreis,Material: 100% Baumwolle Größen: M - XXL,Nein,"Wochenendangebote gültig von Donnerstag, 19.03.26 - Samstag, 21.03.26",19.03.26,21.03.26,images_netto/netto_offer_226.png,"cat_getraenke,diet_gluten_free,diet_lactose_free,diet_vegan,diet_vegetarian,tag_ultra_processed",,ref_000226,,
Damen oder Herren Socken oder Kinder Socken,Keine Marke,"€ 3,99",,Kein Mengenpreis,hoher Baumwollanteil Größen Kinder: 23/26 - 31/34 Größen Damen oder Herren: 35/38 - 43/46,Nein,"Wochenendangebote gültig von Donnerstag, 19.03.26 - Samstag, 21.03.26",19.03.26,21.03.26,images_netto/netto_offer_227.png,"cat_non_food,tag_ultra_processed",,ref_000227,obs_0000028164|obs_0000027880|obs_0000001844|obs_0000003285|obs_0000010746|obs_0000011169|obs_0000011188|obs_0000012007|obs_0000014140|obs_0000014149|obs_0000014606|obs_0000000756|obs_0000000758|obs_0000000765|obs_0000000967|obs_0000001173|obs_0000001375|obs_0000001405|obs_0000021678|obs_0000022410|obs_0000022829,
Baby Konfektions-Set,Keine Marke,"€ 12,99",,Kein Mengenpreis,"Material: 100% Baumwolle bestehend aus Shirt, Hose, Dreieckstuch und Mütze Größen: 62/68 - 86/92",Nein,"Wochenendangebote gültig von Donnerstag, 19.03.26 - Samstag, 21.03.26",19.03.26,21.03.26,images_netto/netto_offer_228.png,"cat_non_food,diet_gluten_free,diet_lactose_free,diet_vegan,diet_vegetarian,tag_whole_food",,ref_000228,,
3D-Tasse,Keine Marke,"€ 9,99",,Kein Mengenpreis,versch. Ausführungen Fassungsvermögen: ca. 300 - 420 ml,Nein,"Wochenendangebote gültig von Donnerstag, 19.03.26 - Samstag, 21.03.26",19.03.26,21.03.26,images_netto/netto_offer_229.png,"cat_getraenke,diet_gluten_free,diet_lactose_free,diet_vegan,diet_vegetarian,sub_exoten,sub_frisches_obst,tag_ultra_processed,tag_whole_food",,ref_000229,,
Trinkflasche,Keine Marke,"€ 9,99",,Kein Mengenpreis,aus Edelstahl (einwandig) lebensmittelecht Fassungsvermögen: ca. 780 ml,Nein,"Wochenendangebote gültig von Donnerstag, 19.03.26 - Samstag, 21.03.26",19.03.26,21.03.26,images_netto/netto_offer_230.png,"cat_getraenke,diet_gluten_free,diet_lactose_free,diet_vegan,diet_vegetarian,tag_ultra_processed,tag_whole_food",,ref_000230,obs_0000024929|obs_0000007708|obs_0000022367|obs_0000022790|obs_0000026129|obs_0000007992|obs_0000008906|obs_0000009370|obs_0000010277|obs_0000010278|obs_0000000771,obs_0000007708|obs_0000022367|obs_0000022790|obs_0000024929|obs_0000026129|obs_0000028195
Cap,Keine Marke,"€ 7,99","€ 14,95",Kein Mengenpreis,mit Logo-Applikation Onesize,Nein,"Wochenendangebote gültig von Donnerstag, 19.03.26 - Samstag, 21.03.26",19.03.26,21.03.26,images_netto/netto_offer_231.png,"cat_obst_gemuese,diet_gluten_free,diet_lactose_free,diet_vegan,diet_vegetarian,sub_exoten,sub_frisches_gemuese,sub_frisches_obst,tag_ultra_processed,tag_whole_food",,ref_000231,obs_0000008517|obs_0000010730,obs_0000008517
Herren Retroshorts,Keine Marke,"€ 14,99","€ 24,95",Kein Mengenpreis,mit elastischem Bund Größen: M – XXL,Nein,"Wochenendangebote gültig von Donnerstag, 19.03.26 - Samstag, 21.03.26",19.03.26,21.03.26,images_netto/netto_offer_232.png,"cat_non_food,diet_gluten_free,diet_lactose_free,diet_vegan,diet_vegetarian,tag_whole_food",,ref_000232,obs_0000011594|obs_0000014581|obs_0000007585|obs_0000024337|obs_0000009085|obs_0000024761,obs_0000011594|obs_0000014581
Herren Trainingsjacke,Keine Marke,"€ 9,99",,Kein Mengenpreis,mit angerauter Innenseite schnelltrocknend Größen: L - XXL,Nein,"Wochenendangebote gültig von Donnerstag, 19.03.26 - Samstag, 21.03.26",19.03.26,21.03.26,images_netto/netto_offer_233.png,"cat_obst_gemuese,diet_gluten_free,diet_lactose_free,diet_vegan,diet_vegetarian,sub_frisches_obst,tag_ultra_processed,tag_whole_food",,ref_000233,obs_0000023577,
Herren Trainingsshirt,Keine Marke,"€ 4,99",,Kein Mengenpreis,"atmungsaktiv, schweißableitend, leicht und schnelltrocknend Größen: M - XXL",Nein,"Wochenendangebote gültig von Donnerstag, 19.03.26 - Samstag, 21.03.26",19.03.26,21.03.26,images_netto/netto_offer_234.png,"cat_obst_gemuese,diet_gluten_free,diet_lactose_free,diet_vegan,diet_vegetarian,sub_frisches_obst,tag_whole_food",,ref_000234,,
Sneakersocken oder Sportsocken,Keine Marke,"€ 7,99","€ 16,99",Kein Mengenpreis,hoher Baumwollanteil Größen: 39/42 - 43/46,Nein,"Wochenendangebote gültig von Donnerstag, 19.03.26 - Samstag, 21.03.26",19.03.26,21.03.26,images_netto/netto_offer_235.png,"cat_non_food,diet_gluten_free,diet_lactose_free,diet_vegan,diet_vegetarian,tag_ultra_processed,tag_whole_food",,ref_000235,obs_0000012010|obs_0000012457|obs_0000013760,
Herren Trainingshose,Keine Marke,"€ 6,99",,Kein Mengenpreis,mit elastischem Bund mit Kordelzug seitliche Eingrifftaschen Größen: M - XXL,Nein,"Wochenendangebote gültig von Donnerstag, 19.03.26 - Samstag, 21.03.26",19.03.26,21.03.26,images_netto/netto_offer_236.png,"cat_obst_gemuese,diet_gluten_free,diet_lactose_free,diet_vegan,diet_vegetarian,sub_frisches_gemuese,sub_frisches_obst,tag_whole_food",,ref_000236,obs_0000008308|obs_0000014776,obs_0000008308|obs_0000014776
Herren Trainingsshorts,Keine Marke,"€ 5,99",,Kein Mengenpreis,angenehmer Tragekomfort mit elastischem Bund Größen: M - XXL,Nein,"Wochenendangebote gültig von Donnerstag, 19.03.26 - Samstag, 21.03.26",19.03.26,21.03.26,images_netto/netto_offer_237.png,"cat_obst_gemuese,diet_gluten_free,diet_lactose_free,diet_vegan,diet_vegetarian,sub_frisches_obst,tag_whole_food",,ref_000237,,obs_0000008308|obs_0000014776
Herren Sneaker,Keine Marke,"€ 7,99","€ 29,99",Kein Mengenpreis,mit flexibler Sohle Größen: 41 - 45,Nein,"Wochenendangebote gültig von Donnerstag, 19.03.26 - Samstag, 21.03.26",19.03.26,21.03.26,images_netto/netto_offer_238.png,"cat_obst_gemuese,diet_gluten_free,diet_lactose_free,diet_vegan,diet_vegetarian,tag_whole_food",,ref_000238,obs_0000012017|obs_0000012512|obs_0000028164|obs_0000001144,obs_0000012017|obs_0000012512
Kirschtasche,Keine Marke,"€ 0,99","€ 2,67",Kein Mengenpreis,Einzelpreis: 0.89 Gilt nur in Filialen mit Backautomat!,Nein,"Wochenangebote gültig von Montag, 16.03.26 - Samstag, 21.03.26",16.03.26,21.03.26,images_netto/netto_offer_239.png,"cat_tiefkuehl,diet_gluten_free,diet_lactose_free,diet_vegan,diet_vegetarian,sub_exoten,tag_whole_food",BLS-D7A7810,ref_000239,obs_0000025712,obs_0000025712
Berchtesgadener Land Frische Bergbauern Milch,Keine Marke,"€ 3,33","€ 5,565,96",Kein Mengenpreis,"gekühlt, 1,5% oder 3,5% Fett Einzelpreis: 1.39 – 1.49",Nein,"Wochenangebote gültig von Montag, 16.03.26 - Samstag, 21.03.26",16.03.26,21.03.26,images_netto/netto_offer_240.png,"cat_getraenke,diet_lactose_free,diet_vegetarian,sub_milchprodukte",,ref_000240,obs_0000028240|obs_0000004930|obs_0000029181|obs_0000000188|obs_0000000992|obs_0000002646|obs_0000002682|obs_0000024498|obs_0000026055|obs_0000026967,
Lachsschinken,Keine Marke,"€ 3,33","€ 4,78",11.10 / kg,über Buchenholz geräuchert versch. Sorten Einzelpreis: 2.39 (15.93 / kg),Nein,"Wochenangebote gültig von Montag, 16.03.26 - Samstag, 21.03.26",16.03.26,21.03.26,images_netto/netto_offer_241.png,"cat_fleisch_wurst,diet_gluten_free,diet_lactose_free,diet_vegan,diet_vegetarian,sub_schwein,sub_wurst,tag_proteinreich,tag_ultra_processed,tag_whole_food",BLS-W443000,ref_000241,obs_0000006304|obs_0000006865|obs_0000010044|obs_0000024836|obs_0000025568|obs_0000031240|obs_0000001023|obs_0000001555|obs_0000017870|obs_0000023790|obs_0000023980|obs_0000026395|obs_0000026715|obs_0000026838,obs_0000006304|obs_0000006865|obs_0000010044|obs_0000024836|obs_0000025568|obs_0000031240
Gustavo Gusto Pizza,Keine Marke,"€ 9,0","€ 14,07",6.52 – 7.32 / kg,"tiefgekühlt, versch. Sorten Einzelpreis: 4.69 (10.20 – 11.44 / kg)",Nein,"Wochenangebote gültig von Montag, 16.03.26 - Samstag, 21.03.26",16.03.26,21.03.26,images_netto/netto_offer_242.png,"cat_tiefkuehl,diet_gluten_free,diet_lactose_free,diet_vegetarian,sub_kraeuter,sub_tk_pizza,tag_ultra_processed,tag_whole_food",,ref_000242,obs_0000028452|obs_0000028635|obs_0000007240|obs_0000006294|obs_0000027148|obs_0000027288|obs_0000005732|obs_0000005653|obs_0000009976|obs_0000021711|obs_0000023937,
Butter oder Streichzart,Landliebe,"€ 0,99","€ 2,59",3.96 / kg,gekühlt,Nein,"Wochenangebote gültig von Montag, 16.03.26 - Samstag, 21.03.26",16.03.26,21.03.26,images_netto/netto_offer_243.png,"cat_molkerei_kaese,diet_vegetarian,sub_butter_margarine,sub_milchprodukte,tag_ultra_processed",,ref_000243,obs_0000006416|obs_0000029438|obs_0000028236|obs_0000002462|obs_0000016916|obs_0000000997|obs_0000025644|obs_0000009855|obs_0000024486|obs_0000020509|obs_0000000107|obs_0000016511|obs_0000010488|obs_0000004387|obs_0000008521|obs_0000002406|obs_0000000442|obs_0000021027|obs_0000029250|obs_0000023126|obs_0000025176|obs_0000010913|obs_0000004814|obs_0000017169|obs_0000021391|obs_0000017297|obs_0000003053|obs_0000017435|obs_0000003172|obs_0000003377|obs_0000003422|obs_0000001425|obs_0000032259|obs_0000018018|obs_0000007902|obs_0000008002|obs_0000003960|obs_0000012243|obs_0000016360,obs_0000014613|obs_0000013377|obs_0000011644
Bauer Fruchtjoghurt,Keine Marke,"€ 0,39","€ 0,99",1.56 / kg,"gekühlt, versch. Sorten",Nein,"Wochenangebote gültig von Montag, 16.03.26 - Samstag, 21.03.26",16.03.26,21.03.26,images_netto/netto_offer_244.png,"cat_molkerei_kaese,diet_lactose_free,diet_vegan,diet_vegetarian,sub_joghurt_skyr_quark,sub_milchprodukte,tag_ultra_processed",,ref_000244,obs_0000000675|obs_0000002351|obs_0000002588|obs_0000009011|obs_0000009615|obs_0000010061|obs_0000010491|obs_0000011220|obs_0000012238|obs_0000013011|obs_0000013357|obs_0000018840|obs_0000019659|obs_0000021759|obs_0000022152|obs_0000031644,
Schokolade,Milka,"€ 0,77","€ 1,99",8.11 - 8.85 / kg,versch. Sorten,Nein,"Wochenangebote gültig von Montag, 16.03.26 - Samstag, 21.03.26",16.03.26,21.03.26,images_netto/netto_offer_245.png,"cat_knabbern_naschen,diet_vegetarian,tag_ultra_processed",BLS-S500000,ref_000245,obs_0000014418|obs_0000024683|obs_0000008307|obs_0000031872|obs_0000013979|obs_0000025827|obs_0000013551|obs_0000031477|obs_0000026359|obs_0000016130|obs_0000016680|obs_0000023866|obs_0000010558|obs_0000017223|obs_0000012629|obs_0000008056|obs_0000011665|obs_0000021504|obs_0000017954|obs_0000003112|obs_0000004659|obs_0000003637|obs_0000018997|obs_0000002122|obs_0000000091|obs_0000029313|obs_0000031875|obs_0000004232|obs_0000000138|obs_0000016064|obs_0000003805|obs_0000000230|obs_0000009968|obs_0000016120|obs_0000020224|obs_0000026371|obs_0000026376|obs_0000023348|obs_0000030520|obs_0000019816|obs_0000008041|obs_0000015216|obs_0000004491|obs_0000009612|obs_0000008595|obs_0000011211|obs_0000011229|obs_0000004064|obs_0000016382|obs_0000007703,obs_0000017954|obs_0000003112|obs_0000004659|obs_0000003637|obs_0000018997|obs_0000002122|obs_0000014418|obs_0000000091|obs_0000024683|obs_0000008307|obs_0000031872|obs_0000029313|obs_0000031875|obs_0000004232|obs_0000000138|obs_0000013979|obs_0000016064|obs_0000003805|obs_0000025827|obs_0000000230|obs_0000013551|obs_0000009968|obs_0000031477|obs_0000026359|obs_0000016120|obs_0000020224|obs_0000016130|obs_0000026371|obs_0000026376|obs_0000016680|obs_0000023348|obs_0000030520|obs_0000023866|obs_0000010558|obs_0000017223|obs_0000012629|obs_0000019816|obs_0000008041|obs_0000015216|obs_0000008056|obs_0000006015|obs_0000004491|obs_0000009612|obs_0000011665|obs_0000008595|obs_0000005065|obs_0000011211|obs_0000011229|obs_0000004064|obs_0000016382
Erdbeeren,Keine Marke,"€ 2,29","€ 3,99",4.58 / kg,"Griechenland/Spanien, Kl. I",Nein,"Wochenangebote gültig von Montag, 16.03.26 - Samstag, 21.03.26",16.03.26,21.03.26,images_netto/netto_offer_246.png,"cat_obst_gemuese,diet_gluten_free,diet_lactose_free,diet_vegan,diet_vegetarian,sub_exoten,sub_frisches_gemuese,sub_frisches_obst,tag_whole_food",BLS-F301100,ref_000246,obs_0000025546|obs_0000027621|obs_0000028691|obs_0000028744|obs_0000029042|obs_0000029976|obs_0000000875|obs_0000021444|obs_0000011679|obs_0000010835|obs_0000014242|obs_0000031257|obs_0000031864|obs_0000028555|obs_0000005473|obs_0000005869|obs_0000005878,obs_0000000875|obs_0000011804|obs_0000021444|obs_0000025546|obs_0000027621|obs_0000028691|obs_0000028744|obs_0000029042|obs_0000029976
Kaffee,Mövenpick,"€ 13,99","€ 19,49",Kein Mengenpreis,"ganze Kaffeebohnen, versch Sorten",Nein,"Wochenangebote gültig von Montag, 16.03.26 - Samstag, 21.03.26",16.03.26,21.03.26,images_netto/netto_offer_247.png,"cat_getraenke,diet_gluten_free,diet_lactose_free,diet_vegan,diet_vegetarian,tag_ultra_processed",BLS-N410100,ref_000247,obs_0000012302|obs_0000011821|obs_0000021042|obs_0000011400|obs_0000013118|obs_0000010165|obs_0000013804|obs_0000009792|obs_0000024759|obs_0000008421|obs_0000001036|obs_0000005148|obs_0000011824|obs_0000029238|obs_0000014411|obs_0000012889|obs_0000011398|obs_0000006802|obs_0000017110|obs_0000009505|obs_0000000848|obs_0000032079|obs_0000004954|obs_0000009054|obs_0000025969|obs_0000022915|obs_0000031166|obs_0000025539|obs_0000011210|obs_0000006618|obs_0000022496|obs_0000011238|obs_0000026091|obs_0000008183|obs_0000021001|obs_0000001035|obs_0000001037|obs_0000001038|obs_0000001039|obs_0000027154|obs_0000010790|obs_0000025648|obs_0000001591|obs_0000020048|obs_0000006258|obs_0000006263|obs_0000007809|obs_0000001183|obs_0000027840|obs_0000000202,obs_0000012302|obs_0000011821|obs_0000021042|obs_0000011400|obs_0000013118|obs_0000010165|obs_0000013804
Blanc oder Rose,Lillet,"€ 10,99","€ 16,49",14.65 / l,"Aperitif, 17 % Vol.",Nein,"Wochenangebote gültig von Montag, 16.03.26 - Samstag, 21.03.26",16.03.26,21.03.26,images_netto/netto_offer_248.png,cat_getraenke,,ref_000248,obs_0000016452|obs_0000031686|obs_0000024398|obs_0000025417,
Schweine-Rücken,Keine Marke,"€ 4,44","€ 6,99",Kein Mengenpreis,"ohne Knochen, vakuumverpackt, ca. 1,2 kg",Nein,"Wochenangebote gültig von Montag, 16.03.26 - Samstag, 21.03.26",16.03.26,21.03.26,images_netto/netto_offer_249.png,"cat_fleisch_wurst,diet_gluten_free,diet_lactose_free,diet_vegan,diet_vegetarian,sub_schwein,tag_high_protein,tag_proteinreich,tag_whole_food",,ref_000249,obs_0000024782|obs_0000024939,obs_0000007279|obs_0000024476|obs_0000024782|obs_0000024939|obs_0000025596|obs_0000026036|obs_0000028016|obs_0000028558|obs_0000028704|obs_0000029802
Biere,Mönchshof,"€ 12,99","€ 17,99",1.30 / l,versch. Sorten,Nein,"Wochenangebote gültig von Montag, 16.03.26 - Samstag, 21.03.26",16.03.26,21.03.26,images_netto/netto_offer_250.png,"cat_getraenke,diet_vegetarian",BLS-D610200,ref_000250,obs_0000024375|obs_0000025647|obs_0000024469|obs_0000026167,obs_0000024375
Waschmittel,Keine Marke,"€ 4,99","€ 6,95",0.25 - 0.31 / wl,versch. Sorten,Nein,"Wochenangebote gültig von Montag, 16.03.26 - Samstag, 21.03.26",16.03.26,21.03.26,images_netto/netto_offer_251.png,"cat_drogerie,diet_gluten_free,diet_lactose_free,diet_vegan,diet_vegetarian,tag_whole_food",,ref_000251,obs_0000002514|obs_0000003272|obs_0000011627|obs_0000011900|obs_0000012321|obs_0000013634|obs_0000014987|obs_0000015877|obs_0000016179|obs_0000016677|obs_0000016974|obs_0000017067|obs_0000017319|obs_0000017909|obs_0000018093|obs_0000018352|obs_0000019371|obs_0000020190|obs_0000020856|obs_0000020865|obs_0000020935|obs_0000021045|obs_0000021769|obs_0000022171|obs_0000022273|obs_0000022699|obs_0000023344|obs_0000023725|obs_0000023939|obs_0000024695|obs_0000024887|obs_0000025830|obs_0000030533|obs_0000030909|obs_0000006737|obs_0000006944|obs_0000027858|obs_0000029494|obs_0000028903|obs_0000030229|obs_0000001139|obs_0000005448|obs_0000014779|obs_0000015190|obs_0000018936|obs_0000019755|obs_0000020261|obs_0000021419|obs_0000021839|obs_0000030312,obs_0000002514|obs_0000003272|obs_0000011627|obs_0000011900|obs_0000012321|obs_0000013634|obs_0000014987|obs_0000015877|obs_0000016179|obs_0000016677|obs_0000016974|obs_0000017067|obs_0000017319|obs_0000017909|obs_0000018093|obs_0000018352|obs_0000019371|obs_0000020190|obs_0000020856|obs_0000020865|obs_0000020935|obs_0000021045|obs_0000021769|obs_0000022171|obs_0000022273|obs_0000022699|obs_0000023344|obs_0000023725|obs_0000023939|obs_0000024695|obs_0000024887|obs_0000025830|obs_0000027701|obs_0000030533|obs_0000030909
Rama,Rama,"€ 1,49","€ 2,29",2.06 / kg,,Nein,"Wochenangebote gültig von Montag, 16.03.26 - Samstag, 21.03.26",16.03.26,21.03.26,images_netto/netto_offer_252.png,"cat_molkerei_kaese,diet_vegetarian,sub_butter_margarine,tag_ultra_processed",BLS-F559100,ref_000252,obs_0000028938|obs_0000005327|obs_0000029817|obs_0000027656|obs_0000028308|obs_0000030077|obs_0000005886|obs_0000029443|obs_0000029444|obs_0000005137|obs_0000007220|obs_0000027574|obs_0000030008|obs_0000027930|obs_0000029547|obs_0000007216,
Dänische Buttercookies,Keine Marke,"€ 4,99","€ 6,99",6.65 / kg,,Nein,"Wochenangebote gültig von Montag, 16.03.26 - Samstag, 21.03.26",16.03.26,21.03.26,images_netto/netto_offer_253.png,"cat_obst_gemuese,diet_gluten_free,diet_vegetarian,sub_butter_margarine,sub_tk_gemuese,tag_whole_food",,ref_000253,obs_0000025840,obs_0000025840
Lindt Goldhase,Keine Marke,"€ 5,49","€ 8,99",27.45 / kg,versch. Sorten,Nein,"Wochenangebote gültig von Montag, 16.03.26 - Samstag, 21.03.26",16.03.26,21.03.26,images_netto/netto_offer_254.png,"cat_obst_gemuese,diet_gluten_free,diet_lactose_free,diet_vegan,diet_vegetarian,sub_exoten,sub_frisches_obst,tag_ultra_processed,tag_whole_food",,ref_000254,,
Doppio Passo Weine,Keine Marke,"€ 4,99","€ 6,997,99",6.65 / l,versch. Sorten,Nein,"Wochenangebote gültig von Montag, 16.03.26 - Samstag, 21.03.26",16.03.26,21.03.26,images_netto/netto_offer_255.png,"cat_getraenke,diet_gluten_free,diet_lactose_free,diet_vegan,diet_vegetarian,sub_frisches_obst,tag_whole_food",,ref_000255,obs_0000025095|obs_0000025198|obs_0000026136,
Äpfel rot,Keine Marke,"€ 1,50","€ 2,49",0.75 / kg,"Deutschland, Kl. II",Nein,"Wochenangebote gültig von Montag, 16.03.26 - Samstag, 21.03.26",16.03.26,21.03.26,images_netto/netto_offer_256.png,"cat_obst_gemuese,diet_gluten_free,diet_lactose_free,diet_vegan,diet_vegetarian,sub_exoten,sub_frisches_gemuese,sub_frisches_obst,tag_whole_food",BLS-F110100,ref_000256,obs_0000002901|obs_0000015235|obs_0000015425|obs_0000020295|obs_0000023115|obs_0000024804|obs_0000025928|obs_0000001075|obs_0000002348|obs_0000002747|obs_0000016649|obs_0000020736|obs_0000024361|obs_0000025319|obs_0000025569|obs_0000025850|obs_0000026122|obs_0000031395|obs_0000031999,
Speisekartoffeln,Keine Marke,"€ 2,50","€ 3,49",0.50 / kg,"Deutschland, verschiedene Kocheigenschaften",Nein,"Wochenangebote gültig von Montag, 16.03.26 - Samstag, 21.03.26",16.03.26,21.03.26,images_netto/netto_offer_257.png,"cat_obst_gemuese,diet_gluten_free,diet_lactose_free,diet_vegan,diet_vegetarian,sub_frisches_gemuese,sub_kartoffeln,tag_ultra_processed,tag_whole_food",BLS-X612152,ref_000257,obs_0000000006|obs_0000003502|obs_0000007985|obs_0000008634|obs_0000009118|obs_0000014849|obs_0000015551|obs_0000026526|obs_0000028267|obs_0000028742|obs_0000028964|obs_0000024795|obs_0000025637|obs_0000026113|obs_0000031339|obs_0000031552|obs_0000031776|obs_0000032199|obs_0000006403|obs_0000007721|obs_0000009672|obs_0000010409|obs_0000011268|obs_0000011682|obs_0000012851|obs_0000013839|obs_0000013862|obs_0000017331|obs_0000018297|obs_0000026613|obs_0000026723|obs_0000027613|obs_0000029794|obs_0000006047|obs_0000006230|obs_0000010010|obs_0000010017|obs_0000010840|obs_0000011705|obs_0000013764|obs_0000014252|obs_0000028572|obs_0000029973|obs_0000000233|obs_0000003642|obs_0000004069|obs_0000004496|obs_0000005670|obs_0000012950|obs_0000021441,obs_0000000006|obs_0000003502|obs_0000007721|obs_0000007985|obs_0000008304|obs_0000008634|obs_0000009118|obs_0000009672|obs_0000010409|obs_0000011268|obs_0000011682|obs_0000012851|obs_0000013862|obs_0000014849|obs_0000015551|obs_0000017331|obs_0000018297|obs_0000024795|obs_0000025637|obs_0000026113|obs_0000026526|obs_0000026613|obs_0000026723|obs_0000027613|obs_0000028267|obs_0000028742|obs_0000028964|obs_0000031339|obs_0000031552|obs_0000031776|obs_0000032199
Minirispentomaten,Keine Marke,"€ 1,50","€ 1,99",3.75 / kg,"Italien/Niederlande, Kl. I",Nein,"Wochenangebote gültig von Montag, 16.03.26 - Samstag, 21.03.26",16.03.26,21.03.26,images_netto/netto_offer_258.png,"cat_obst_gemuese,diet_gluten_free,diet_lactose_free,diet_vegan,diet_vegetarian,sub_frisches_gemuese,tag_whole_food",,ref_000258,,obs_0000007733|obs_0000012522|obs_0000024202|obs_0000025540|obs_0000026054|obs_0000027333|obs_0000027717|obs_0000027772|obs_0000028387|obs_0000028596|obs_0000028695|obs_0000029088|obs_0000029979
Heidelbeeren,Keine Marke,"€ 1,50","€ 1,69",12.- / kg,"Marokko/Spanien, Kl. I",Nein,"Wochenangebote gültig von Montag, 16.03.26 - Samstag, 21.03.26",16.03.26,21.03.26,images_netto/netto_offer_259.png,"cat_obst_gemuese,diet_gluten_free,diet_lactose_free,diet_vegan,diet_vegetarian,sub_exoten,sub_frisches_obst,tag_whole_food",BLS-F304100,ref_000259,obs_0000000051|obs_0000002605|obs_0000002786|obs_0000002874|obs_0000007175|obs_0000015224|obs_0000017668|obs_0000023511|obs_0000024503|obs_0000024825|obs_0000025629|obs_0000025915|obs_0000026387|obs_0000027265|obs_0000028389|obs_0000028687|obs_0000029790|obs_0000029987|obs_0000000695|obs_0000000880|obs_0000023896|obs_0000031146|obs_0000031382|obs_0000031586|obs_0000032207|obs_0000020878|obs_0000028265|obs_0000028599|obs_0000029046|obs_0000006404|obs_0000006574|obs_0000006589|obs_0000031783|obs_0000004906|obs_0000005295|obs_0000005311|obs_0000005478|obs_0000005499|obs_0000005680,obs_0000000051|obs_0000000695|obs_0000000880|obs_0000002605|obs_0000002786|obs_0000002874|obs_0000007175|obs_0000015224|obs_0000017668|obs_0000020878|obs_0000023511|obs_0000023896|obs_0000024503|obs_0000024825|obs_0000025629|obs_0000025915|obs_0000026387|obs_0000027265|obs_0000028265|obs_0000028389|obs_0000028599|obs_0000028687|obs_0000029046|obs_0000029790|obs_0000029987|obs_0000031146|obs_0000031382|obs_0000031586|obs_0000032207
Bananen,Keine Marke,"€ 1,0","€ 1,29",Kein Mengenpreis,Costa Rica/Ecuador,Nein,"Wochenangebote gültig von Montag, 16.03.26 - Samstag, 21.03.26",16.03.26,21.03.26,images_netto/netto_offer_260.png,"cat_obst_gemuese,diet_gluten_free,diet_lactose_free,diet_vegan,diet_vegetarian,sub_exoten,sub_frisches_obst,tag_whole_food",NUTR-0008,ref_000260,obs_0000027263|obs_0000029193|obs_0000029524|obs_0000029649|obs_0000008524|obs_0000024456|obs_0000024619|obs_0000025178|obs_0000025863|obs_0000026896|obs_0000029339|obs_0000028958|obs_0000000375|obs_0000001629|obs_0000003862|obs_0000004289|obs_0000004716|obs_0000005666|obs_0000021439|obs_0000022214|obs_0000025524|obs_0000029268|obs_0000006407|obs_0000006581|obs_0000006767|obs_0000010415|obs_0000010832|obs_0000012100|obs_0000011265|obs_0000013408|obs_0000004901|obs_0000005096|obs_0000005290|obs_0000005314|obs_0000005475|obs_0000005497|obs_0000005859,obs_0000008524|obs_0000024456|obs_0000024619|obs_0000025178|obs_0000025863|obs_0000026896|obs_0000027263|obs_0000028079|obs_0000028958|obs_0000029193|obs_0000029339|obs_0000029524|obs_0000029649
Lauch,Keine Marke,"€ 1,3","€ 1,38",Kein Mengenpreis,"Deutschland/Niederlande, Kl. I",Nein,"Wochenangebote gültig von Montag, 16.03.26 - Samstag, 21.03.26",16.03.26,21.03.26,images_netto/netto_offer_261.png,"cat_obst_gemuese,diet_gluten_free,diet_lactose_free,diet_vegan,diet_vegetarian,sub_exoten,sub_frisches_gemuese,sub_frisches_obst,tag_ultra_processed,tag_whole_food",BLS-T410100,ref_000261,obs_0000024221|obs_0000024328|obs_0000026090|obs_0000025826|obs_0000031376|obs_0000031775,obs_0000024221|obs_0000024328|obs_0000025826|obs_0000026090|obs_0000031376|obs_0000031775
Salat mit Wurzelballen,Keine Marke,"€ 1,0","€ 1,59",Kein Mengenpreis,Deutschland hält länger frisch,Nein,"Wochenangebote gültig von Montag, 16.03.26 - Samstag, 21.03.26",16.03.26,21.03.26,images_netto/netto_offer_262.png,"cat_obst_gemuese,diet_gluten_free,diet_lactose_free,diet_vegan,diet_vegetarian,sub_frisches_gemuese,sub_salate,tag_ultra_processed,tag_whole_food",,ref_000262,obs_0000025102|obs_0000024112,obs_0000025102
Apfel Kanzi,Keine Marke,"€ 1,0","€ 2,99",1.92 / kg,"Deutschland/Italien, Kl. I",Nein,"Wochenangebote gültig von Montag, 16.03.26 - Samstag, 21.03.26",16.03.26,21.03.26,images_netto/netto_offer_263.png,"cat_obst_gemuese,diet_gluten_free,diet_lactose_free,diet_vegan,diet_vegetarian,sub_exoten,sub_frisches_obst,tag_ultra_processed,tag_whole_food",,ref_000263,,
Radieschen,Radieschen,"€ 1,5","€ 1,58",2.50 / kg,"Italien/Niederlande, Kl. I Einzelpreis: 0.79 (3.95 / kg)",Nein,"Wochenangebote gültig von Montag, 16.03.26 - Samstag, 21.03.26",16.03.26,21.03.26,images_netto/netto_offer_264.png,"cat_fleisch_wurst,tag_ultra_processed",BLS-G691100,ref_000264,obs_0000012674|obs_0000027267|obs_0000028565,obs_0000012674|obs_0000027267|obs_0000028565
Zitronen,Keine Marke,"€ 1,0","€ 1,49",2.- / kg,"Italien/Spanien, Kl. II",Nein,"Wochenangebote gültig von Montag, 16.03.26 - Samstag, 21.03.26",16.03.26,21.03.26,images_netto/netto_offer_265.png,"cat_obst_gemuese,diet_gluten_free,diet_lactose_free,diet_vegan,diet_vegetarian,sub_frisches_obst,tag_whole_food",BLS-F601100,ref_000265,obs_0000007767|obs_0000019373|obs_0000020192|obs_0000023214|obs_0000026184|obs_0000026389|obs_0000028263|obs_0000022987|obs_0000024669|obs_0000025604|obs_0000026038|obs_0000031581|obs_0000009053|obs_0000009504|obs_0000011623|obs_0000012083|obs_0000017465|obs_0000024366|obs_0000027251|obs_0000027708|obs_0000028951|obs_0000010831|obs_0000013403|obs_0000013837|obs_0000029522|obs_0000008089|obs_0000026917|obs_0000027039|obs_0000031179|obs_0000010419|obs_0000001074|obs_0000004905|obs_0000004924|obs_0000005106|obs_0000005485|obs_0000005293|obs_0000005857|obs_0000012907|obs_0000013100,obs_0000007767|obs_0000009053|obs_0000009504|obs_0000017465|obs_0000019373|obs_0000020192|obs_0000022987|obs_0000023214|obs_0000024366|obs_0000024669|obs_0000025604|obs_0000026038|obs_0000026184|obs_0000026389|obs_0000027251|obs_0000027707|obs_0000027708|obs_0000028263|obs_0000028951|obs_0000029969|obs_0000031581
Zwiebeln rot,Keine Marke,"€ 1,0","€ 1,19",Kein Mengenpreis,"Deutschland, Kl. II",Nein,"Wochenangebote gültig von Montag, 16.03.26 - Samstag, 21.03.26",16.03.26,21.03.26,images_netto/netto_offer_266.png,"cat_obst_gemuese,diet_gluten_free,diet_lactose_free,diet_vegan,diet_vegetarian,sub_frisches_gemuese,tag_whole_food",BLS-X548163,ref_000266,obs_0000014251|obs_0000007460|obs_0000007889|obs_0000008961|obs_0000009423|obs_0000009778|obs_0000011628|obs_0000012173|obs_0000013414|obs_0000017635|obs_0000023518|obs_0000024601|obs_0000025168|obs_0000026188|obs_0000025411|obs_0000025566|obs_0000026142|obs_0000031374|obs_0000014246,obs_0000006222|obs_0000007460|obs_0000007889|obs_0000008961|obs_0000009423|obs_0000009778|obs_0000017635|obs_0000023518|obs_0000024601|obs_0000025168|obs_0000026188
Minipflaumentomaten,Keine Marke,"€ 1,0","€ 1,49",5.- / kg,"Marokko, Kl. I",Nein,"Wochenangebote gültig von Montag, 16.03.26 - Samstag, 21.03.26",16.03.26,21.03.26,images_netto/netto_offer_267.png,"cat_obst_gemuese,diet_gluten_free,diet_lactose_free,diet_vegan,diet_vegetarian,sub_frisches_gemuese,sub_frisches_obst,tag_whole_food",,ref_000267,obs_0000024785,obs_0000006962|obs_0000024785|obs_0000026088
Grünpflanze,Keine Marke,"€ 5,99",,Kein Mengenpreis,"Monstera oder Glücksfeder, ca. 45 cm hoch, Ø = 14 cm",Nein,"Wochenangebote gültig von Montag, 16.03.26 - Samstag, 21.03.26",16.03.26,21.03.26,images_netto/netto_offer_268.png,"cat_obst_gemuese,diet_gluten_free,diet_lactose_free,diet_vegan,diet_vegetarian,sub_exoten,sub_frisches_obst,tag_whole_food",,ref_000268,obs_0000010847|obs_0000011274|obs_0000011271|obs_0000027190|obs_0000002220|obs_0000002978|obs_0000022198|obs_0000022344|obs_0000022772|obs_0000022200|obs_0000023898,obs_0000010014|obs_0000010847|obs_0000011271|obs_0000011274|obs_0000016645|obs_0000025561|obs_0000027190
Orchidee,Keine Marke,"€ 8,88",,Kein Mengenpreis,"ca. 55 cm hoch, versch. Farben, Ø = 12 cm, mit 2 Blütenrispen",Nein,"Wochenangebote gültig von Montag, 16.03.26 - Samstag, 21.03.26",16.03.26,21.03.26,images_netto/netto_offer_269.png,"cat_obst_gemuese,diet_gluten_free,diet_lactose_free,diet_vegan,diet_vegetarian,tag_ultra_processed,tag_whole_food",,ref_000269,obs_0000008124|obs_0000008221|obs_0000008326|obs_0000008330|obs_0000009761|obs_0000010850|obs_0000012513|obs_0000024343|obs_0000002574|obs_0000002663|obs_0000028510|obs_0000029242|obs_0000029926|obs_0000011704|obs_0000014255|obs_0000000021|obs_0000003525|obs_0000010429|obs_0000012163|obs_0000012166|obs_0000012170|obs_0000013856|obs_0000007182|obs_0000029753|obs_0000014528,obs_0000002574|obs_0000002663|obs_0000008124|obs_0000008221|obs_0000008326|obs_0000008330|obs_0000009761|obs_0000010850|obs_0000012513|obs_0000024343|obs_0000024834|obs_0000025364|obs_0000030260
Tulpen,Keine Marke,"€ 1,99",,Kein Mengenpreis,"ca. 35 cm lang, versch. Farben",Nein,"Wochenangebote gültig von Montag, 16.03.26 - Samstag, 21.03.26",16.03.26,21.03.26,images_netto/netto_offer_270.png,"cat_obst_gemuese,diet_gluten_free,diet_lactose_free,diet_vegan,diet_vegetarian,sub_exoten,sub_frisches_gemuese,sub_frisches_obst,tag_ultra_processed,tag_whole_food",,ref_000270,obs_0000027876|obs_0000031997|obs_0000028172|obs_0000031865,obs_0000011700|obs_0000027876|obs_0000031997
Frühlingszweige,Keine Marke,"€ 2,99",,Kein Mengenpreis,"ca. 50 cm lang, z.B. Kirsche, Weide oder Weidekätzchen",Nein,"Wochenangebote gültig von Montag, 16.03.26 - Samstag, 21.03.26",16.03.26,21.03.26,images_netto/netto_offer_271.png,"cat_obst_gemuese,diet_gluten_free,diet_lactose_free,diet_vegan,diet_vegetarian,sub_frisches_gemuese,tag_whole_food",,ref_000271,,
Beetpflanzen,Keine Marke,"€ 2,49",,Kein Mengenpreis,"ca. 15 cm hoch, versch. Sorten Stiefmütterchen, Hornveilchen oder Gänseblümchen",Nein,"Wochenangebote gültig von Montag, 16.03.26 - Samstag, 21.03.26",16.03.26,21.03.26,images_netto/netto_offer_272.png,"cat_obst_gemuese,diet_gluten_free,diet_lactose_free,diet_vegan,diet_vegetarian,sub_frisches_obst,tag_whole_food",,ref_000272,,
Hornveilchen,Keine Marke,"€ 1,99",,Kein Mengenpreis,"Viola Tricolor, ca. 15 cm hoch, Ø = 12 cm 3 versch. Farben im Topf",Nein,"Wochenangebote gültig von Montag, 16.03.26 - Samstag, 21.03.26",16.03.26,21.03.26,images_netto/netto_offer_273.png,"cat_obst_gemuese,diet_gluten_free,diet_lactose_free,diet_vegan,diet_vegetarian,tag_ultra_processed,tag_whole_food",BLS-D771500,ref_000273,,
Frühlings Mix,Keine Marke,"€ 2,99",,Kein Mengenpreis,"3 versch. Pflanzen im Topf ca. 15 cm hoch, versch. Sorten, Ø = 12 cm",Nein,"Wochenangebote gültig von Montag, 16.03.26 - Samstag, 21.03.26",16.03.26,21.03.26,images_netto/netto_offer_274.png,"cat_obst_gemuese,diet_gluten_free,diet_lactose_free,diet_vegan,diet_vegetarian,sub_frisches_gemuese,tag_ultra_processed,tag_whole_food",,ref_000274,,
Laugenbreze,Keine Marke,"€ 1,5","€ 1,56",Kein Mengenpreis,Gilt nur in Filialen mit Backautomat! Einzelpreis: 0.39,Nein,"Wochenangebote gültig von Montag, 16.03.26 - Samstag, 21.03.26",16.03.26,21.03.26,images_netto/netto_offer_275.png,"cat_obst_gemuese,diet_gluten_free,diet_lactose_free,diet_vegan,diet_vegetarian,tag_ultra_processed,tag_whole_food",,ref_000275,obs_0000026235|obs_0000025464,obs_0000013517|obs_0000025464|obs_0000026235
Börekstick,Keine Marke,"€ 1,5","€ 1,381,58",Kein Mengenpreis,Hackfleisch oder Spinat-Feta Gilt nur in Filialen mit Backautomat! Einzelpreis: 0.69 – 0.79,Nein,"Wochenangebote gültig von Montag, 16.03.26 - Samstag, 21.03.26",16.03.26,21.03.26,images_netto/netto_offer_276.png,"cat_knabbern_naschen,diet_gluten_free,diet_lactose_free,diet_vegan,diet_vegetarian,tag_ultra_processed,tag_whole_food",,ref_000276,obs_0000010964|obs_0000007629|obs_0000008628|obs_0000009111|obs_0000024931|obs_0000025957,obs_0000007629|obs_0000008628|obs_0000009111|obs_0000010964
Vollkorn-Schnittbrötchen,Keine Marke,"€ 0,25","€ 0,29",Kein Mengenpreis,Gilt nur in Filialen mit Backautomat!,Nein,"Wochenangebote gültig von Montag, 16.03.26 - Samstag, 21.03.26",16.03.26,21.03.26,images_netto/netto_offer_277.png,"cat_grundnahrung,diet_vegan,diet_vegetarian,tag_ultra_processed,tag_whole_food",,ref_000277,obs_0000024319|obs_0000024978|obs_0000026009,
Rustikales Steinofenbaguette,Keine Marke,"€ 1,11","€ 1,29",2.78 / kg,Gilt nur in Filialen mit Backautomat!,Nein,"Wochenangebote gültig von Montag, 16.03.26 - Samstag, 21.03.26",16.03.26,21.03.26,images_netto/netto_offer_278.png,"cat_grundnahrung,diet_gluten_free,diet_lactose_free,diet_vegetarian,tag_ultra_processed,tag_whole_food",,ref_000278,obs_0000024616|obs_0000025018|obs_0000012293|obs_0000014385|obs_0000026249|obs_0000007606|obs_0000026564,obs_0000024616|obs_0000025018
Würstchen Dog,Keine Marke,"€ 2,5","€ 2,58",Kein Mengenpreis,Gilt nur in Filialen mit Backautomat! Einzelpreis: 1.29,Nein,"Wochenangebote gültig von Montag, 16.03.26 - Samstag, 21.03.26",16.03.26,21.03.26,images_netto/netto_offer_279.png,"cat_fleisch_wurst,diet_gluten_free,diet_lactose_free,diet_vegan,diet_vegetarian,sub_wurst,tag_ultra_processed,tag_whole_food",,ref_000279,obs_0000026147|obs_0000001235|obs_0000001479|obs_0000003107|obs_0000003790|obs_0000004217|obs_0000004644|obs_0000022109|obs_0000007552|obs_0000008815|obs_0000009003,obs_0000006569|obs_0000026147
Oster Dots,Keine Marke,"€ 2,29",,12.51 / kg,2er Pack Gilt nur in Filialen mit Backautomat!,Nein,"Wochenangebote gültig von Montag, 16.03.26 - Samstag, 21.03.26",16.03.26,21.03.26,images_netto/netto_offer_280.png,"cat_getraenke,diet_gluten_free,diet_lactose_free,diet_vegan,diet_vegetarian,sub_frisches_obst,tag_ultra_processed,tag_whole_food",,ref_000280,,
Bio Vitalbrot,Keine Marke,"€ 1,79","€ 1,99",3.58 / kg,Gilt nur in Filialen mit Backautomat!,Nein,"Wochenangebote gültig von Montag, 16.03.26 - Samstag, 21.03.26",16.03.26,21.03.26,images_netto/netto_offer_281.png,"cat_obst_gemuese,diet_gluten_free,diet_lactose_free,diet_vegan,diet_vegetarian,sub_exoten,sub_frisches_gemuese,sub_frisches_obst,tag_whole_food",,ref_000281,obs_0000025589,obs_0000025589
Weizenmischbrot,Keine Marke,"€ 0,89","€ 0,99",1.78 / kg,Gilt nur in Filialen mit Backautomat!,Nein,"Wochenangebote gültig von Montag, 16.03.26 - Samstag, 21.03.26",16.03.26,21.03.26,images_netto/netto_offer_282.png,"cat_grundnahrung,diet_gluten_free,diet_lactose_free,diet_vegan,diet_vegetarian,sub_frisches_gemuese,tag_whole_food",BLS-B251000,ref_000282,obs_0000010137|obs_0000012294|obs_0000013518|obs_0000026234|obs_0000026078|obs_0000028382,obs_0000010137|obs_0000012294|obs_0000013518|obs_0000026078|obs_0000026234
Hähnchen-Schenkel,Keine Marke,"€ 3,99","€ 5,29",3.63 / kg,"mit Rückenstück, natur, Hkl. A",Nein,"Wochenangebote gültig von Montag, 16.03.26 - Samstag, 21.03.26",16.03.26,21.03.26,images_netto/netto_offer_283.png,"cat_fleisch_wurst,diet_gluten_free,diet_lactose_free,sub_gefluegel,tag_proteinreich,tag_whole_food",BLS-V4A5100,ref_000283,obs_0000026210|obs_0000000705|obs_0000000882|obs_0000008847|obs_0000009309|obs_0000012788|obs_0000012979|obs_0000015084|obs_0000015866|obs_0000016792|obs_0000017990|obs_0000020792|obs_0000025386|obs_0000025404|obs_0000025494|obs_0000025823|obs_0000026472|obs_0000029023|obs_0000028002|obs_0000008234|obs_0000009971|obs_0000011295|obs_0000011659|obs_0000013440|obs_0000014273|obs_0000028036|obs_0000028092|obs_0000029994,obs_0000000705|obs_0000000882|obs_0000007081|obs_0000008847|obs_0000009309|obs_0000012788|obs_0000012979|obs_0000015084|obs_0000015866|obs_0000016792|obs_0000017990|obs_0000020792|obs_0000025386|obs_0000025404|obs_0000025494|obs_0000025823|obs_0000026210|obs_0000026472|obs_0000029301|obs_0000029324
Schweinefilet,Keine Marke,"€ 8,49","€ 11,90",Kein Mengenpreis,"vakuumverpackt, ca. 550 g",Nein,"Wochenangebote gültig von Montag, 16.03.26 - Samstag, 21.03.26",16.03.26,21.03.26,images_netto/netto_offer_284.png,"cat_fisch_meeresfruechte,diet_gluten_free,diet_lactose_free,sub_schwein,tag_high_protein,tag_proteinreich,tag_whole_food",BLS-U622100,ref_000284,obs_0000007077|obs_0000024184|obs_0000025797|obs_0000026544|obs_0000026682|obs_0000026802|obs_0000000002|obs_0000000507|obs_0000001195|obs_0000001942|obs_0000002687|obs_0000002826|obs_0000003494|obs_0000003830|obs_0000004257|obs_0000004684|obs_0000007500|obs_0000008267|obs_0000008863|obs_0000009019|obs_0000009383|obs_0000009907|obs_0000013430|obs_0000014266|obs_0000014865|obs_0000015062|obs_0000016277|obs_0000017568|obs_0000019040|obs_0000019333|obs_0000019859|obs_0000020152|obs_0000020492|obs_0000023834|obs_0000031549|obs_0000032006|obs_0000032191|obs_0000017881|obs_0000022574|obs_0000022999|obs_0000031186|obs_0000032221|obs_0000029828|obs_0000010025|obs_0000011286|obs_0000012204|obs_0000013429|obs_0000013870|obs_0000021477,obs_0000000002|obs_0000000507|obs_0000001195|obs_0000001942|obs_0000002687|obs_0000002826|obs_0000003494|obs_0000003830|obs_0000004257|obs_0000004684|obs_0000007077|obs_0000007500|obs_0000008267|obs_0000008863|obs_0000009019|obs_0000009383|obs_0000009907|obs_0000013430|obs_0000014266|obs_0000014865|obs_0000015062|obs_0000016277|obs_0000017568|obs_0000019040|obs_0000019333|obs_0000019859|obs_0000020152|obs_0000020492|obs_0000023834|obs_0000024184|obs_0000025797|obs_0000025942|obs_0000026513|obs_0000026544|obs_0000026682|obs_0000026802|obs_0000027992|obs_0000028037|obs_0000028087|obs_0000028561|obs_0000028749|obs_0000031549|obs_0000032006|obs_0000032191
Schinken-Gulasch,Keine Marke,"€ 2,99","€ 3,89",5.98 / kg,"besonders mager, vom Schwein",Nein,"Wochenangebote gültig von Montag, 16.03.26 - Samstag, 21.03.26",16.03.26,21.03.26,images_netto/netto_offer_285.png,"cat_fleisch_wurst,diet_lactose_free,diet_vegetarian,sub_schwein,sub_wurst,tag_ultra_processed,tag_whole_food",BLS-U554100,ref_000285,obs_0000024228|obs_0000025638|obs_0000000631|obs_0000000644|obs_0000000645|obs_0000000702|obs_0000000888|obs_0000001197|obs_0000015149|obs_0000016182|obs_0000026514|obs_0000031842,obs_0000024228|obs_0000025638
Schweine-Schnitzel,Keine Marke,"€ 3,99","€ 4,59",7.98 / kg,aus der Oberschale,Nein,"Wochenangebote gültig von Montag, 16.03.26 - Samstag, 21.03.26",16.03.26,21.03.26,images_netto/netto_offer_286.png,"cat_fleisch_wurst,diet_gluten_free,diet_lactose_free,sub_schwein,tag_whole_food",BLS-U543100,ref_000286,obs_0000025392|obs_0000018632|obs_0000019451|obs_0000023440|obs_0000024285|obs_0000025097|obs_0000007283|obs_0000027695|obs_0000027774|obs_0000027744|obs_0000028349|obs_0000028658|obs_0000000700|obs_0000005037,obs_0000006332|obs_0000006501|obs_0000006513|obs_0000006886|obs_0000018632|obs_0000019451|obs_0000023440|obs_0000024285|obs_0000025097|obs_0000025392
Original Thüringer Rostbratwurst,Keine Marke,"€ 2,79","€ 3,49",6.98 / kg,roh,Nein,"Wochenangebote gültig von Montag, 16.03.26 - Samstag, 21.03.26",16.03.26,21.03.26,images_netto/netto_offer_287.png,"cat_fleisch_wurst,sub_wurst,tag_ultra_processed",,ref_000287,obs_0000007635|obs_0000007934|obs_0000008709|obs_0000012634|obs_0000025987|obs_0000016980|obs_0000020646|obs_0000027402|obs_0000028751|obs_0000031540|obs_0000008223|obs_0000008352|obs_0000008780|obs_0000008971|obs_0000009433|obs_0000009563|obs_0000011869|obs_0000012774|obs_0000012989|obs_0000013576|obs_0000014027|obs_0000014692|obs_0000015909|obs_0000016324|obs_0000018030|obs_0000018706|obs_0000018823|obs_0000019136|obs_0000019525|obs_0000019642|obs_0000019955|obs_0000020283|obs_0000020393|obs_0000020709|obs_0000023674|obs_0000023832|obs_0000024162|obs_0000024899|obs_0000024959|obs_0000025132|obs_0000025175|obs_0000025918|obs_0000026556|obs_0000026643|obs_0000026757|obs_0000026857|obs_0000027023|obs_0000029264|obs_0000031227|obs_0000031439,obs_0000007635|obs_0000007934|obs_0000008709|obs_0000012634|obs_0000016980|obs_0000020646|obs_0000025987
Brust vom Jungbullen,Keine Marke,"€ 1,29","€ 1,69",12.90 / kg,"ohne Knochen, vakuumverpackt, ca. 1 kg",Nein,"Wochenangebote gültig von Montag, 16.03.26 - Samstag, 21.03.26",16.03.26,21.03.26,images_netto/netto_offer_288.png,"cat_fleisch_wurst,diet_gluten_free,diet_lactose_free,diet_vegan,diet_vegetarian,sub_rind,tag_whole_food",,ref_000288,obs_0000024422|obs_0000024796|obs_0000025798|obs_0000010036|obs_0000011290|obs_0000011739|obs_0000011740|obs_0000012206|obs_0000012998|obs_0000012999|obs_0000013437|obs_0000013876,
Mais-Hähnchen,Keine Marke,"€ 4,29","€ 5,49",Kein Mengenpreis,"ganz, Hkl. A, ca. 1,4 kg",Nein,"Wochenangebote gültig von Montag, 16.03.26 - Samstag, 21.03.26",16.03.26,21.03.26,images_netto/netto_offer_289.png,"cat_tiefkuehl,diet_gluten_free,diet_lactose_free,diet_vegan,diet_vegetarian,sub_gefluegel,sub_tk_fertiggerichte,tag_proteinreich,tag_ultra_processed,tag_whole_food",,ref_000289,obs_0000024819|obs_0000024859|obs_0000025488,obs_0000024819|obs_0000024859|obs_0000025488
Hackfleisch gemischt,Keine Marke,"€ 3,49","€ 4,79",6.98 / kg,aus 50% Schwein und 50% Rind,Nein,"Wochenangebote gültig von Montag, 16.03.26 - Samstag, 21.03.26",16.03.26,21.03.26,images_netto/netto_offer_290.png,"cat_fleisch_wurst,diet_lactose_free,diet_vegetarian,sub_hackfleisch,sub_rind,sub_schwein,tag_proteinreich,tag_ultra_processed",BLS-U020100,ref_000290,obs_0000006320|obs_0000006523|obs_0000008694|obs_0000026160|obs_0000027910|obs_0000028019|obs_0000028301|obs_0000028396|obs_0000029021|obs_0000029049|obs_0000029089|obs_0000005406|obs_0000005583|obs_0000008302|obs_0000008668|obs_0000009021|obs_0000009148|obs_0000010876|obs_0000011728|obs_0000012988|obs_0000015469|obs_0000015729|obs_0000016610|obs_0000018832|obs_0000019651|obs_0000020812|obs_0000023805|obs_0000025090|obs_0000025744|obs_0000025935|obs_0000031347|obs_0000032000|obs_0000027693|obs_0000028571|obs_0000029096|obs_0000029102|obs_0000000505|obs_0000008970|obs_0000009909|obs_0000012214|obs_0000013442|obs_0000016279|obs_0000017137|obs_0000018177|obs_0000026560|obs_0000000646|obs_0000000826|obs_0000001083|obs_0000021479|obs_0000023917,obs_0000000505|obs_0000005406|obs_0000005583|obs_0000006320|obs_0000006523|obs_0000008302|obs_0000008668|obs_0000008694|obs_0000008970|obs_0000009021|obs_0000009148|obs_0000009909|obs_0000010876|obs_0000011728|obs_0000012988|obs_0000015469|obs_0000015729|obs_0000016279|obs_0000016610|obs_0000017137|obs_0000018177|obs_0000018832|obs_0000019651|obs_0000020812|obs_0000023805|obs_0000026160|obs_0000026560|obs_0000027910|obs_0000028019|obs_0000028301|obs_0000028396|obs_0000029021|obs_0000029049|obs_0000029089|obs_0000031347|obs_0000032000
Meica Curry King,Keine Marke,"€ 1,99","€ 2,69",9.05 / kg,versch. Sorten,Nein,"Wochenangebote gültig von Montag, 16.03.26 - Samstag, 21.03.26",16.03.26,21.03.26,images_netto/netto_offer_291.png,"cat_obst_gemuese,diet_gluten_free,diet_lactose_free,diet_vegan,diet_vegetarian,tag_ultra_processed,tag_whole_food",,ref_000291,obs_0000027281|obs_0000011237|obs_0000013050|obs_0000014358|obs_0000018442|obs_0000019066|obs_0000019885|obs_0000021512|obs_0000023190|obs_0000029271|obs_0000016978|obs_0000020940,obs_0000027281
Südtiroler Schinkenspeck,Keine Marke,"€ 1,49","€ 1,99",14.90 / kg,22 Wochen gereift,Nein,"Wochenangebote gültig von Montag, 16.03.26 - Samstag, 21.03.26",16.03.26,21.03.26,images_netto/netto_offer_292.png,"cat_fleisch_wurst,diet_lactose_free,diet_vegetarian,sub_schwein,sub_wurst,tag_ultra_processed",,ref_000292,obs_0000029183,
Schinkenwürfel,Keine Marke,"€ 1,99","€ 2,39",7.96 - 13.27 / kg,versch. Sorten,Nein,"Wochenangebote gültig von Montag, 16.03.26 - Samstag, 21.03.26",16.03.26,21.03.26,images_netto/netto_offer_293.png,"cat_fleisch_wurst,diet_gluten_free,diet_lactose_free,diet_vegan,diet_vegetarian,sub_schwein,sub_wurst,tag_proteinreich,tag_ultra_processed,tag_whole_food",BLS-D623400,ref_000293,obs_0000007302|obs_0000027594|obs_0000028066|obs_0000021143|obs_0000022318|obs_0000022740|obs_0000024100,
Leberkäse,Keine Marke,"€ 2,99","€ 3,49",7.48 / kg,versch. Sorten,Nein,"Wochenangebote gültig von Montag, 16.03.26 - Samstag, 21.03.26",16.03.26,21.03.26,images_netto/netto_offer_294.png,"cat_fleisch_wurst,diet_gluten_free,diet_lactose_free,diet_vegan,diet_vegetarian,sub_kaese,sub_schwein,sub_wurst,tag_ultra_processed,tag_whole_food",BLS-W256100,ref_000294,obs_0000026094|obs_0000008147|obs_0000024274|obs_0000025224|obs_0000024801|obs_0000026198|obs_0000028782|obs_0000000704|obs_0000001732|obs_0000008567|obs_0000008703|obs_0000008744|obs_0000010877|obs_0000012631|obs_0000017518|obs_0000018593|obs_0000019412|obs_0000020355|obs_0000022313|obs_0000022734|obs_0000023387|obs_0000024883|obs_0000025250|obs_0000025278|obs_0000026907|obs_0000029347|obs_0000031819|obs_0000028245|obs_0000010861|obs_0000021329|obs_0000021899|obs_0000031198|obs_0000031413|obs_0000031606|obs_0000031805|obs_0000032018|obs_0000032227,obs_0000008147|obs_0000024274|obs_0000025224|obs_0000026094
Wiener Würstchen,Keine Marke,"€ 2,69","€ 2,99",6.73 / kg,über Buchenholz geräuchert Regionale Verpackungsabweichungen möglich,Nein,"Wochenangebote gültig von Montag, 16.03.26 - Samstag, 21.03.26",16.03.26,21.03.26,images_netto/netto_offer_295.png,"cat_fleisch_wurst,diet_gluten_free,diet_lactose_free,diet_vegan,diet_vegetarian,sub_wurst,tag_ultra_processed,tag_whole_food",BLS-W211200,ref_000295,obs_0000026203|obs_0000005575|obs_0000005972|obs_0000014283|obs_0000024911|obs_0000025316|obs_0000026403|obs_0000027075|obs_0000029201|obs_0000029353|obs_0000031638|obs_0000032395|obs_0000007304|obs_0000028610|obs_0000029053|obs_0000029076|obs_0000029819|obs_0000007295|obs_0000027424|obs_0000028676|obs_0000028965|obs_0000029541|obs_0000019183|obs_0000020002|obs_0000020294|obs_0000023984|obs_0000023985|obs_0000029398|obs_0000032270|obs_0000028252|obs_0000008815|obs_0000009003|obs_0000018974|obs_0000019793|obs_0000020409|obs_0000029252,obs_0000005575|obs_0000005972|obs_0000014283|obs_0000024911|obs_0000025316|obs_0000026203|obs_0000026403|obs_0000027075|obs_0000029201|obs_0000029353|obs_0000031638|obs_0000032395
Geflügelmortadella,Keine Marke,"€ 1,11","€ 1,29",5.55 / kg,versch. Sorten,Nein,"Wochenangebote gültig von Montag, 16.03.26 - Samstag, 21.03.26",16.03.26,21.03.26,images_netto/netto_offer_296.png,"cat_fleisch_wurst,diet_gluten_free,diet_lactose_free,diet_vegan,diet_vegetarian,sub_gefluegel,sub_wurst,tag_ultra_processed,tag_whole_food",BLS-W288100,ref_000296,obs_0000025298,obs_0000025298
Käse- oder Pfeffersalami,Keine Marke,"€ 1,49","€ 1,99",14.90 / kg,geräuchert,Nein,"Wochenangebote gültig von Montag, 16.03.26 - Samstag, 21.03.26",16.03.26,21.03.26,images_netto/netto_offer_297.png,"cat_getraenke,diet_gluten_free,diet_lactose_free,diet_vegan,diet_vegetarian,sub_wurst,tag_ultra_processed,tag_whole_food",,ref_000297,obs_0000008329|obs_0000010077,
Salami Drops,Keine Marke,"€ 1,99","€ 2,49",28.43 / kg,versch. Sorten,Nein,"Wochenangebote gültig von Montag, 16.03.26 - Samstag, 21.03.26",16.03.26,21.03.26,images_netto/netto_offer_298.png,"cat_tiefkuehl,diet_gluten_free,diet_lactose_free,diet_vegan,diet_vegetarian,sub_frisches_gemuese,sub_tk_fertiggerichte,sub_wurst,tag_ultra_processed,tag_whole_food",,ref_000298,obs_0000002071|obs_0000002397|obs_0000002743|obs_0000003025|obs_0000003093|obs_0000005567|obs_0000007433|obs_0000007485|obs_0000007871|obs_0000009680|obs_0000009762|obs_0000010456|obs_0000013457|obs_0000014853|obs_0000015127|obs_0000015280|obs_0000015709|obs_0000015900|obs_0000017555|obs_0000018191|obs_0000018932|obs_0000019751|obs_0000021730|obs_0000023482|obs_0000024061|obs_0000025025|obs_0000026400|obs_0000031640,obs_0000021432|obs_0000021695
Eis,Mövenpick,"€ 5,55","€ 11,97",2.06 - 2.31 / l,"tiefgekühlt, versch. Sorten Einzelpreis: 3.99 (4.43 – 4.99 / l)",Nein,"Wochenangebote gültig von Montag, 16.03.26 - Samstag, 21.03.26",16.03.26,21.03.26,images_netto/netto_offer_299.png,"cat_molkerei_kaese,diet_gluten_free,diet_lactose_free,diet_vegan,diet_vegetarian,sub_milchprodukte,tag_ultra_processed",,ref_000299,obs_0000010936|obs_0000023870|obs_0000017217|obs_0000016235|obs_0000031856|obs_0000023956|obs_0000016895|obs_0000004803|obs_0000004376|obs_0000002904|obs_0000003949|obs_0000000434|obs_0000026583|obs_0000025601|obs_0000009241|obs_0000025630|obs_0000008770|obs_0000005731|obs_0000025773|obs_0000008374|obs_0000006838|obs_0000012480|obs_0000023363|obs_0000027472|obs_0000006487|obs_0000025433|obs_0000026982|obs_0000023934|obs_0000004996|obs_0000028629|obs_0000021487|obs_0000001535|obs_0000001536|obs_0000011779|obs_0000005185|obs_0000011345|obs_0000012898|obs_0000005734|obs_0000007815|obs_0000006293|obs_0000006844|obs_0000010502|obs_0000005945|obs_0000006486|obs_0000007045|obs_0000007046|obs_0000005553|obs_0000005554|obs_0000006113|obs_0000006116,obs_0000005731|obs_0000031856|obs_0000010936|obs_0000023870|obs_0000017217|obs_0000016235|obs_0000004996|obs_0000023956
Obstgarten,Ehrmann,"€ 0,44","€ 0,79",3.52 - 3.67 / kg,"gekühlt, versch. Sorten",Nein,"Wochenangebote gültig von Montag, 16.03.26 - Samstag, 21.03.26",16.03.26,21.03.26,images_netto/netto_offer_300.png,"cat_non_food,diet_vegetarian",,ref_000300,obs_0000013469|obs_0000009811|obs_0000010069|obs_0000011758|obs_0000001184|obs_0000024746,obs_0000013469|obs_0000009811|obs_0000010069|obs_0000011758
Grütze mit Soße oder Sahnepudding,Dr Oetker,"€ 0,99","€ 1,39",4.95 - 6.19 / kg,"gekühlt, versch. Sorten",Nein,"Wochenangebote gültig von Montag, 16.03.26 - Samstag, 21.03.26",16.03.26,21.03.26,images_netto/netto_offer_301.png,"cat_molkerei_kaese,sub_milchprodukte,sub_sahne_creme,tag_ultra_processed",,ref_000301,obs_0000012477|obs_0000029177|obs_0000010908|obs_0000013087|obs_0000019297|obs_0000009575|obs_0000009802|obs_0000020116|obs_0000020374,
Zott Monte Snack,Keine Marke,"€ 1,99","€ 2,99",8.58 / kg,"gekühlt, versch. Sorten",Nein,"Wochenangebote gültig von Montag, 16.03.26 - Samstag, 21.03.26",16.03.26,21.03.26,images_netto/netto_offer_302.png,"cat_obst_gemuese,diet_gluten_free,diet_lactose_free,diet_vegan,diet_vegetarian,sub_frisches_gemuese,sub_sahne_creme,tag_ultra_processed,tag_whole_food",,ref_000302,obs_0000005699|obs_0000006071|obs_0000028652|obs_0000005128|obs_0000010383|obs_0000015505|obs_0000018504|obs_0000019352|obs_0000020171|obs_0000023455|obs_0000001741|obs_0000008831|obs_0000009292|obs_0000010484|obs_0000012126|obs_0000013349|obs_0000014218|obs_0000016223|obs_0000017329|obs_0000017836|obs_0000023929,obs_0000005699
Coppenrath Wiese kernig kräftig Brötchen,Keine Marke,"€ 2,22","€ 3,29",4.53 – 5.55 / kg,"tiefgekühlt, versch. Sorten",Nein,"Wochenangebote gültig von Montag, 16.03.26 - Samstag, 21.03.26",16.03.26,21.03.26,images_netto/netto_offer_303.png,"cat_grundnahrung,diet_vegetarian,tag_ultra_processed,tag_whole_food",,ref_000303,obs_0000005555,
Hähnchenschenkel,Keine Marke,"€ 3,33","€ 3,99",Kein Mengenpreis,"tiefgekühlt, mit Rückenstück, ungewürzt, Hkl. A",Nein,"Wochenangebote gültig von Montag, 16.03.26 - Samstag, 21.03.26",16.03.26,21.03.26,images_netto/netto_offer_304.png,"cat_fleisch_wurst,diet_gluten_free,diet_lactose_free,sub_gefluegel,tag_proteinreich,tag_whole_food",BLS-Y599012,ref_000304,obs_0000007081|obs_0000029301|obs_0000000293|obs_0000003727|obs_0000004154|obs_0000004581|obs_0000024599|obs_0000025595|obs_0000027637|obs_0000028589|obs_0000029324|obs_0000002354|obs_0000003200|obs_0000016957|obs_0000022248|obs_0000022671|obs_0000031167|obs_0000032213|obs_0000023916,obs_0000000293|obs_0000003727|obs_0000004154|obs_0000004581|obs_0000007081|obs_0000024599|obs_0000025595|obs_0000026210|obs_0000029301|obs_0000029324
Zott Sahnepudding,Keine Marke,"€ 0,49","€ 0,69",3.27 / kg,"gekühlt, versch. Sorten",Nein,"Wochenangebote gültig von Montag, 16.03.26 - Samstag, 21.03.26",16.03.26,21.03.26,images_netto/netto_offer_305.png,"cat_molkerei_kaese,diet_gluten_free,diet_lactose_free,diet_vegan,diet_vegetarian,sub_milchprodukte,sub_sahne_creme,tag_ultra_processed,tag_whole_food",,ref_000305,obs_0000009575|obs_0000010908|obs_0000019297|obs_0000020116|obs_0000020374|obs_0000029177,
Quiche- Tarteteig,Tante Fanny,"€ 1,49","€ 1,99",4.97 / kg,gekühlt,Nein,"Wochenangebote gültig von Montag, 16.03.26 - Samstag, 21.03.26",16.03.26,21.03.26,images_netto/netto_offer_306.png,"cat_grundnahrung,diet_vegetarian",,ref_000306,obs_0000028621,
Mini Muuh Käsesnack,Keine Marke,"€ 1,79","€ 2,29",21.31 / kg,gekühlt,Nein,"Wochenangebote gültig von Montag, 16.03.26 - Samstag, 21.03.26",16.03.26,21.03.26,images_netto/netto_offer_307.png,"cat_obst_gemuese,diet_gluten_free,diet_lactose_free,diet_vegan,diet_vegetarian,sub_frisches_gemuese,sub_kaese,tag_ultra_processed,tag_whole_food",,ref_000307,obs_0000010378|obs_0000011774|obs_0000014741|obs_0000016055|obs_0000016653|obs_0000024151,
Nostalgie Edition,Rotkäppchen,"€ 1,79","€ 1,99",14.32 / kg,"gekühlt, versch. Sorten",Nein,"Wochenangebote gültig von Montag, 16.03.26 - Samstag, 21.03.26",16.03.26,21.03.26,images_netto/netto_offer_308.png,"cat_knabbern_naschen,tag_ultra_processed",,ref_000308,,
Tasty Grill,Old Amsterdam,"€ 2,69","€ 3,49",19.21 / kg,"gekühlt, versch. Sorten",Nein,"Wochenangebote gültig von Montag, 16.03.26 - Samstag, 21.03.26",16.03.26,21.03.26,images_netto/netto_offer_309.png,cat_non_food,,ref_000309,,
GAZI Feta Ziegen- oder Schafskäse,Keine Marke,"€ 1,99","€ 2,89",13.27 / kg,gekühlt,Nein,"Wochenangebote gültig von Montag, 16.03.26 - Samstag, 21.03.26",16.03.26,21.03.26,images_netto/netto_offer_310.png,"cat_molkerei_kaese,sub_kaese,sub_milchprodukte,tag_ultra_processed",,ref_000310,obs_0000002236|obs_0000002948|obs_0000010490|obs_0000012864|obs_0000013911|obs_0000022597|obs_0000023025|obs_0000023310|obs_0000029355,
Antipasti Cremes,Keine Marke,"€ 1,29","€ 1,59",8.60 / kg,"gekühlt, versch. Sorten",Nein,"Wochenangebote gültig von Montag, 16.03.26 - Samstag, 21.03.26",16.03.26,21.03.26,images_netto/netto_offer_311.png,"cat_obst_gemuese,diet_gluten_free,diet_lactose_free,diet_vegan,diet_vegetarian,sub_frisches_gemuese,tag_whole_food",,ref_000311,obs_0000007391|obs_0000026230|obs_0000007454|obs_0000010952|obs_0000021733|obs_0000023132|obs_0000026016,obs_0000008042
Speisequark Magerstufe,Keine Marke,"€ 0,49","€ 0,59",1.96 / kg,"gekühlt 0,2% Fett",Nein,"Wochenangebote gültig von Montag, 16.03.26 - Samstag, 21.03.26",16.03.26,21.03.26,images_netto/netto_offer_312.png,"cat_obst_gemuese,diet_gluten_free,diet_lactose_free,diet_vegan,diet_vegetarian,sub_frisches_gemuese,tag_ultra_processed,tag_whole_food",,ref_000312,obs_0000001061|obs_0000001323|obs_0000002440|obs_0000003163|obs_0000003938|obs_0000004365|obs_0000004792|obs_0000024446|obs_0000000224|obs_0000001652|obs_0000001653|obs_0000001654|obs_0000003626|obs_0000004053|obs_0000004480|obs_0000014906|obs_0000018399|obs_0000018493|obs_0000019022|obs_0000019841|obs_0000023072|obs_0000031244|obs_0000031442,obs_0000001061|obs_0000001323|obs_0000002440|obs_0000003163|obs_0000003938|obs_0000004365|obs_0000004792|obs_0000024446
Naturjoghurt,Weihenstephan,"€ 0,89","€ 1,49",1.78 / kg,"gekühlt, 1,5% oder 3,5% Fett",Nein,"Wochenangebote gültig von Montag, 16.03.26 - Samstag, 21.03.26",16.03.26,21.03.26,images_netto/netto_offer_313.png,"cat_molkerei_kaese,diet_gluten_free,diet_vegetarian,sub_joghurt_skyr_quark,sub_milchprodukte",,ref_000313,obs_0000029326|obs_0000001182|obs_0000021411|obs_0000002505|obs_0000000260|obs_0000004102|obs_0000004529|obs_0000003675|obs_0000000898|obs_0000004227|obs_0000023317|obs_0000004654|obs_0000000831|obs_0000000339|obs_0000003800|obs_0000024690|obs_0000030012|obs_0000005131|obs_0000006599,obs_0000000260|obs_0000004102|obs_0000029326|obs_0000001182|obs_0000021411|obs_0000004529|obs_0000002505|obs_0000003675
Käsescheiben,Old Amsterdam,"€ 1,99","€ 3,49",13.72 - 17.30 / kg,gekühlt,Nein,"Wochenangebote gültig von Montag, 16.03.26 - Samstag, 21.03.26",16.03.26,21.03.26,images_netto/netto_offer_314.png,"cat_molkerei_kaese,sub_kaese,sub_milchprodukte",,ref_000314,obs_0000000993|obs_0000020739|obs_0000018576|obs_0000002450|obs_0000024344|obs_0000001181|obs_0000023333|obs_0000019756|obs_0000025914|obs_0000016191|obs_0000019395|obs_0000023240|obs_0000002121|obs_0000029130|obs_0000025297|obs_0000016730|obs_0000031455|obs_0000015335|obs_0000002549|obs_0000018937|obs_0000020112|obs_0000004755|obs_0000017299|obs_0000000405|obs_0000027921|obs_0000001946|obs_0000024991|obs_0000023334|obs_0000003901|obs_0000015299|obs_0000015686|obs_0000006608|obs_0000013018|obs_0000018012|obs_0000019293|obs_0000004328|obs_0000017896|obs_0000029544|obs_0000029803|obs_0000016116|obs_0000020348|obs_0000007423|obs_0000024711|obs_0000024914|obs_0000006616|obs_0000007228|obs_0000028309,obs_0000020739|obs_0000018576|obs_0000002450|obs_0000024344|obs_0000001181|obs_0000023333|obs_0000019756|obs_0000025914|obs_0000016191|obs_0000019395|obs_0000023240|obs_0000002121|obs_0000029130|obs_0000025297|obs_0000016730|obs_0000031455|obs_0000000993|obs_0000015335|obs_0000002549|obs_0000018937
Steinhaus Pasta Rustica,Keine Marke,"€ 1,89","€ 2,49",9.45 / kg,"gekühlt, versch. Sorten",Nein,"Wochenangebote gültig von Montag, 16.03.26 - Samstag, 21.03.26",16.03.26,21.03.26,images_netto/netto_offer_315.png,"cat_grundnahrung,diet_gluten_free,diet_lactose_free,diet_vegan,diet_vegetarian,sub_nudeln,tag_ultra_processed,tag_whole_food",,ref_000315,obs_0000026993|obs_0000002449|obs_0000010538|obs_0000012690|obs_0000015187|obs_0000015391|obs_0000015607|obs_0000015884|obs_0000016721|obs_0000017233|obs_0000017418|obs_0000017818|obs_0000018370|obs_0000018528|obs_0000018893|obs_0000019712|obs_0000020622|obs_0000023645|obs_0000025026|obs_0000026623|obs_0000026734|obs_0000026860|obs_0000031490|obs_0000031883|obs_0000032393,
Frischer Kakao,Keine Marke,"€ 1,49","€ 2,19",Kein Mengenpreis,gekühlt,Nein,"Wochenangebote gültig von Montag, 16.03.26 - Samstag, 21.03.26",16.03.26,21.03.26,images_netto/netto_offer_316.png,"cat_getraenke,diet_lactose_free,diet_vegetarian,tag_ultra_processed,tag_whole_food",,ref_000316,obs_0000026231|obs_0000010762|obs_0000013399,obs_0000026231
Caff Freddo,Mövenpick,"€ 1,0","€ 1,59",5.- / kg,gekühlt,Nein,"Wochenangebote gültig von Montag, 16.03.26 - Samstag, 21.03.26",16.03.26,21.03.26,images_netto/netto_offer_317.png,"cat_getraenke,diet_gluten_free,diet_lactose_free,diet_vegan,diet_vegetarian,sub_milchprodukte,tag_ultra_processed",,ref_000317,,
Lachs Carpaccio,Keine Marke,"€ 3,99",,32.18 / kg,gekühlt,Nein,"Wochenangebote gültig von Montag, 16.03.26 - Samstag, 21.03.26",16.03.26,21.03.26,images_netto/netto_offer_318.png,"cat_fisch_meeresfruechte,diet_gluten_free,diet_lactose_free,diet_vegan,diet_vegetarian,tag_whole_food",,ref_000318,obs_0000007265|obs_0000001927|obs_0000002344|obs_0000002575|obs_0000006854|obs_0000031203|obs_0000032228,obs_0000001927|obs_0000002344|obs_0000002575|obs_0000007265
Fuet Ib rico,Keine Marke,"€ 2,29","€ 2,99",15.27 / kg,Original Spanische Salami,Nein,"Wochenangebote gültig von Montag, 16.03.26 - Samstag, 21.03.26",16.03.26,21.03.26,images_netto/netto_offer_319.png,"cat_obst_gemuese,diet_gluten_free,diet_lactose_free,diet_vegan,diet_vegetarian,sub_frisches_obst,tag_ultra_processed,tag_whole_food",,ref_000319,obs_0000001728,
T te de Moine Rosetten,Keine Marke,"€ 3,99",,39.90 / kg,gekühlt,Nein,"Wochenangebote gültig von Montag, 16.03.26 - Samstag, 21.03.26",16.03.26,21.03.26,images_netto/netto_offer_320.png,"cat_obst_gemuese,diet_gluten_free,diet_lactose_free,diet_vegan,diet_vegetarian,sub_exoten,sub_frisches_gemuese,sub_frisches_obst,tag_ultra_processed,tag_whole_food",,ref_000320,obs_0000014333|obs_0000000226|obs_0000001993|obs_0000002459|obs_0000003474|obs_0000003629|obs_0000004056|obs_0000004483|obs_0000015256|obs_0000015418|obs_0000015791|obs_0000015827|obs_0000017786|obs_0000006250|obs_0000006785|obs_0000006999,obs_0000014333
Französische Käseplatte,Keine Marke,"€ 6,99",,23.30 / kg,gekühlt,Nein,"Wochenangebote gültig von Montag, 16.03.26 - Samstag, 21.03.26",16.03.26,21.03.26,images_netto/netto_offer_321.png,"cat_molkerei_kaese,sub_kaese,sub_milchprodukte",BLS-D490500,ref_000321,obs_0000017788|obs_0000014864|obs_0000017873|obs_0000024068|obs_0000032250|obs_0000019219|obs_0000020038|obs_0000020888,obs_0000017788
Feiner Fleischsalat,Keine Marke,"€ 1,49",,7.45 / kg,"gekühlt, versch. Sorten",Nein,"Wochenangebote gültig von Montag, 16.03.26 - Samstag, 21.03.26",16.03.26,21.03.26,images_netto/netto_offer_322.png,"cat_obst_gemuese,diet_gluten_free,diet_lactose_free,diet_vegan,diet_vegetarian,sub_frisches_gemuese,sub_salate,tag_ultra_processed,tag_whole_food",,ref_000322,obs_0000027053|obs_0000028582|obs_0000008583|obs_0000010111|obs_0000011661|obs_0000025974|obs_0000026940|obs_0000031433,obs_0000026548|obs_0000029249
Nuss-Nougat-Creme,Keine Marke,"€ 2,22","€ 3,29",5.55 / kg,,Nein,"Wochenangebote gültig von Montag, 16.03.26 - Samstag, 21.03.26",16.03.26,21.03.26,images_netto/netto_offer_323.png,"cat_knabbern_naschen,diet_gluten_free,diet_lactose_free,diet_vegan,diet_vegetarian,tag_ultra_processed,tag_whole_food",BLS-S145000,ref_000323,obs_0000028390|obs_0000009306|obs_0000010542|obs_0000016619|obs_0000025716|obs_0000006401|obs_0000002051|obs_0000003144|obs_0000025258|obs_0000007518|obs_0000001830|obs_0000010980|obs_0000012299|obs_0000013091|obs_0000014709|obs_0000018646|obs_0000019465|obs_0000021881|obs_0000023102|obs_0000026114|obs_0000030824,obs_0000010980|obs_0000012299|obs_0000013091
Herzwaffeln,Keine Marke,"€ 1,49","€ 1,79",9.03 / kg,versch. Sorten,Nein,"Wochenangebote gültig von Montag, 16.03.26 - Samstag, 21.03.26",16.03.26,21.03.26,images_netto/netto_offer_324.png,"cat_obst_gemuese,diet_gluten_free,diet_lactose_free,diet_vegan,diet_vegetarian,sub_frisches_gemuese,sub_frisches_obst,tag_ultra_processed,tag_whole_food",BLS-D621800,ref_000324,obs_0000026242,obs_0000026242
Frischkäse -zubereitung,Keine Marke,"€ 1,79",,19.89 / kg,"gekühlt, versch. Sorten",Nein,"Wochenangebote gültig von Montag, 16.03.26 - Samstag, 21.03.26",16.03.26,21.03.26,images_netto/netto_offer_325.png,"cat_molkerei_kaese,diet_vegetarian,sub_kaese,sub_milchprodukte,tag_ultra_processed",,ref_000325,obs_0000026252|obs_0000006596|obs_0000006777|obs_0000006245|obs_0000000519|obs_0000002737|obs_0000003267|obs_0000004927|obs_0000005321|obs_0000005900|obs_0000009042|obs_0000009494|obs_0000015471|obs_0000016007|obs_0000016038|obs_0000016419|obs_0000016568|obs_0000017161|obs_0000017193|obs_0000017887|obs_0000018246|obs_0000018668|obs_0000019487|obs_0000020674|obs_0000020775|obs_0000020837|obs_0000021129|obs_0000022511|obs_0000022932|obs_0000023386|obs_0000024802|obs_0000026020|obs_0000026429|obs_0000005502,obs_0000006602|obs_0000006789|obs_0000026252
Kuchenwürfel,Keine Marke,"€ 1,99","€ 2,49",13.27 / kg,Punsch oder Eierlikör,Nein,"Wochenangebote gültig von Montag, 16.03.26 - Samstag, 21.03.26",16.03.26,21.03.26,images_netto/netto_offer_326.png,"cat_obst_gemuese,diet_gluten_free,diet_lactose_free,diet_vegan,diet_vegetarian,sub_frisches_obst,tag_proteinreich,tag_ultra_processed,tag_whole_food",,ref_000326,,
Steinofenbaguette,Keine Marke,"€ 1,19","€ 1,39",4.76 / kg,,Nein,"Wochenangebote gültig von Montag, 16.03.26 - Samstag, 21.03.26",16.03.26,21.03.26,images_netto/netto_offer_327.png,"cat_grundnahrung,diet_gluten_free,diet_lactose_free,diet_vegan,diet_vegetarian,tag_ultra_processed,tag_whole_food",BLS-B781200,ref_000327,obs_0000012293|obs_0000014385|obs_0000026249|obs_0000007606|obs_0000026564|obs_0000027747|obs_0000029060|obs_0000001971|obs_0000024616|obs_0000025018|obs_0000031807,obs_0000007606|obs_0000012293|obs_0000014385|obs_0000026249|obs_0000026564|obs_0000027747|obs_0000029873
Konditor Dinkelmehl Type 630,Keine Marke,"€ 1,49","€ 1,79",Kein Mengenpreis,,Nein,"Wochenangebote gültig von Montag, 16.03.26 - Samstag, 21.03.26",16.03.26,21.03.26,images_netto/netto_offer_328.png,"cat_grundnahrung,diet_gluten_free,diet_lactose_free,diet_vegan,diet_vegetarian,tag_ultra_processed,tag_whole_food",BLS-C234000,ref_000328,obs_0000032171|obs_0000001611|obs_0000024676,
Säfte,Keine Marke,"€ 2,19","€ 2,45",Kein Mengenpreis,Ananas oder Orangen-Direksaft,Nein,"Wochenangebote gültig von Montag, 16.03.26 - Samstag, 21.03.26",16.03.26,21.03.26,images_netto/netto_offer_329.png,"cat_getraenke,diet_gluten_free,diet_lactose_free,diet_vegan,diet_vegetarian,sub_exoten,sub_frisches_gemuese,sub_frisches_obst,tag_whole_food",,ref_000329,obs_0000024371|obs_0000025227|obs_0000025719|obs_0000026508|obs_0000012730|obs_0000014008|obs_0000022585|obs_0000023010|obs_0000026881|obs_0000006715|obs_0000028101|obs_0000029593|obs_0000008510|obs_0000012528|obs_0000018180|obs_0000023723|obs_0000024714|obs_0000029348|obs_0000005057,obs_0000024371|obs_0000025227|obs_0000025719|obs_0000026508
Kalbs-Medaillons,Keine Marke,"€ 2,49","€ 3,19",24.90 / kg,"zart und saftig, ca. 240 g",Nein,"Wochenangebote gültig von Montag, 16.03.26 - Samstag, 21.03.26",16.03.26,21.03.26,images_netto/netto_offer_330.png,"cat_obst_gemuese,diet_gluten_free,diet_lactose_free,diet_vegan,diet_vegetarian,tag_proteinreich,tag_whole_food",,ref_000330,,
Fonds,Keine Marke,"€ 1,49","€ 2,29",3.73 / l,versch. Sorten,Nein,"Wochenangebote gültig von Montag, 16.03.26 - Samstag, 21.03.26",16.03.26,21.03.26,images_netto/netto_offer_331.png,"cat_obst_gemuese,diet_gluten_free,diet_lactose_free,diet_vegan,diet_vegetarian,sub_exoten,sub_frisches_gemuese,sub_frisches_obst,tag_ultra_processed,tag_whole_food",,ref_000331,,obs_0000007415
Wildreis,Keine Marke,"€ 1,79","€ 1,99",3.58 / kg,,Nein,"Wochenangebote gültig von Montag, 16.03.26 - Samstag, 21.03.26",16.03.26,21.03.26,images_netto/netto_offer_332.png,"cat_tiefkuehl,diet_gluten_free,diet_lactose_free,diet_vegan,diet_vegetarian,sub_reis,tag_ultra_processed,tag_whole_food",BLS-C353100,ref_000332,,
Rotkohl,Keine Marke,"€ 0,99",,2.48 / kg,,Nein,"Wochenangebote gültig von Montag, 16.03.26 - Samstag, 21.03.26",16.03.26,21.03.26,images_netto/netto_offer_333.png,"cat_obst_gemuese,diet_gluten_free,diet_lactose_free,diet_vegan,diet_vegetarian,sub_frisches_gemuese,sub_frisches_obst,tag_whole_food",BLS-G341100,ref_000333,obs_0000007807|obs_0000012670|obs_0000017009|obs_0000023239|obs_0000026464|obs_0000027971|obs_0000029117|obs_0000029985|obs_0000009722|obs_0000012614|obs_0000030134|obs_0000006847|obs_0000014342|obs_0000032189|obs_0000027365|obs_0000009970|obs_0000014200|obs_0000018907|obs_0000019726|obs_0000023818|obs_0000005157,obs_0000006576|obs_0000006766|obs_0000007445|obs_0000007807|obs_0000008842|obs_0000009303|obs_0000009722|obs_0000012614|obs_0000012670|obs_0000016641|obs_0000017009|obs_0000023128|obs_0000023239|obs_0000024496|obs_0000025698|obs_0000026108|obs_0000026464|obs_0000026570|obs_0000027616|obs_0000027971|obs_0000029117|obs_0000029399|obs_0000029985
Eintöpfe,Keine Marke,"€ 3,99",,11.08 / kg,"gekühlt, versch. Sorten",Nein,"Wochenangebote gültig von Montag, 16.03.26 - Samstag, 21.03.26",16.03.26,21.03.26,images_netto/netto_offer_334.png,"cat_obst_gemuese,diet_gluten_free,diet_lactose_free,diet_vegan,diet_vegetarian,sub_exoten,sub_frisches_gemuese,sub_frisches_obst,tag_ultra_processed,tag_whole_food",,ref_000334,obs_0000025989|obs_0000026931|obs_0000031010,
Spargelspitzen,Keine Marke,"€ 1,99",,12.06 / kg,,Nein,"Wochenangebote gültig von Montag, 16.03.26 - Samstag, 21.03.26",16.03.26,21.03.26,images_netto/netto_offer_335.png,"cat_obst_gemuese,diet_gluten_free,diet_lactose_free,diet_vegan,diet_vegetarian,sub_frisches_gemuese,sub_frisches_obst,tag_whole_food",BLS-X444913,ref_000335,,
Parmigiano Reggiano,Keine Marke,"€ 3,99",,26.60 / kg,gekühlt,Nein,"Wochenangebote gültig von Montag, 16.03.26 - Samstag, 21.03.26",16.03.26,21.03.26,images_netto/netto_offer_336.png,"cat_molkerei_kaese,diet_gluten_free,diet_lactose_free,diet_vegan,diet_vegetarian,sub_kaese,sub_milchprodukte,tag_whole_food",,ref_000336,obs_0000007224|obs_0000003356|obs_0000008403|obs_0000008712|obs_0000009178|obs_0000014694|obs_0000017793|obs_0000018163|obs_0000011775|obs_0000013922|obs_0000021697|obs_0000031436|obs_0000030073|obs_0000005697,obs_0000003356|obs_0000007224|obs_0000008403|obs_0000008712|obs_0000009178|obs_0000011775|obs_0000013922|obs_0000014694|obs_0000017793|obs_0000018163|obs_0000021697|obs_0000031436
Knusprige Ente,Keine Marke,"€ 4,99",,15.59 / kg,"tiefgekühlt, halbe Ente mit Haut, ohne Knochen, flüssig gewürzt, vorgebraten",Nein,"Wochenangebote gültig von Montag, 16.03.26 - Samstag, 21.03.26",16.03.26,21.03.26,images_netto/netto_offer_337.png,"cat_obst_gemuese,diet_gluten_free,diet_lactose_free,diet_vegan,diet_vegetarian,sub_gefluegel,tag_ultra_processed,tag_whole_food",,ref_000337,,
Festtagssaucen,Keine Marke,"€ 1,29",,4.69 / kg,versch. Sorten,Nein,"Wochenangebote gültig von Montag, 16.03.26 - Samstag, 21.03.26",16.03.26,21.03.26,images_netto/netto_offer_338.png,"cat_obst_gemuese,diet_gluten_free,diet_lactose_free,diet_vegan,diet_vegetarian,tag_whole_food",,ref_000338,,
Pfifferlinge oder Feine Pilzmischung,Keine Marke,"€ 2,29",,22.90 / kg,,Nein,"Wochenangebote gültig von Montag, 16.03.26 - Samstag, 21.03.26",16.03.26,21.03.26,images_netto/netto_offer_339.png,"cat_getraenke,diet_gluten_free,diet_lactose_free,diet_vegan,diet_vegetarian,tag_ultra_processed",,ref_000339,,
Thunfischsteaks,Keine Marke,"€ 3,99",,15.96 / kg,tiefgekühlt,Nein,"Wochenangebote gültig von Montag, 16.03.26 - Samstag, 21.03.26",16.03.26,21.03.26,images_netto/netto_offer_340.png,"cat_fisch_meeresfruechte,diet_gluten_free,diet_lactose_free,diet_vegetarian,tag_ultra_processed,tag_whole_food",BLS-T121100,ref_000340,,obs_0000007253
Biscoteria Feiner Biskuit-Tortenboden,Keine Marke,"€ 1,99",,7.96 / kg,,Nein,"Wochenangebote gültig von Montag, 16.03.26 - Samstag, 21.03.26",16.03.26,21.03.26,images_netto/netto_offer_341.png,"cat_obst_gemuese,diet_gluten_free,diet_lactose_free,diet_vegan,diet_vegetarian,tag_ultra_processed,tag_whole_food",,ref_000341,,
Barista Dessert,Keine Marke,"€ 1,79",,23.87 / kg,"gekühlt, versch. Sorten, wiederverwendbares Espresso Glas",Nein,"Wochenangebote gültig von Montag, 16.03.26 - Samstag, 21.03.26",16.03.26,21.03.26,images_netto/netto_offer_342.png,"cat_getraenke,diet_gluten_free,diet_lactose_free,diet_vegan,diet_vegetarian",,ref_000342,obs_0000026244|obs_0000000443|obs_0000003961|obs_0000004388|obs_0000004815|obs_0000008965|obs_0000009291|obs_0000010063|obs_0000011782|obs_0000013013|obs_0000013907|obs_0000014317|obs_0000015504|obs_0000016256|obs_0000016494|obs_0000017364|obs_0000017457|obs_0000020724,obs_0000026244
Coppenrath Wiese Coppenrath Wiese Lust auf Kuchen,Keine Marke,"€ 3,79","€ 4,99",6.53 - 8.15 / kg,"tiefgekühlt, versch. Sorten",Nein,"Wochenangebote gültig von Montag, 16.03.26 - Samstag, 21.03.26",16.03.26,21.03.26,images_netto/netto_offer_343.png,"cat_grundnahrung,diet_vegetarian,sub_sahne_creme,tag_ultra_processed",,ref_000343,obs_0000027826|obs_0000006112|obs_0000006654|obs_0000005181|obs_0000005941|obs_0000009015|obs_0000009468|obs_0000011243,
Lindt Lindor Pralinenkugeln,Keine Marke,"€ 7,99","€ 11,99",21.31 / kg,versch. Sorten,Nein,"Wochenangebote gültig von Montag, 16.03.26 - Samstag, 21.03.26",16.03.26,21.03.26,images_netto/netto_offer_344.png,"cat_knabbern_naschen,diet_gluten_free,diet_lactose_free,diet_vegan,diet_vegetarian,tag_ultra_processed,tag_whole_food",,ref_000344,obs_0000029638|obs_0000030161|obs_0000006726|obs_0000025139|obs_0000005820|obs_0000007622|obs_0000008911|obs_0000009375|obs_0000011406|obs_0000011837,
Kuchenmeister Osterlamm,Keine Marke,"€ 2,99","€ 3,99",7.48 / kg,,Nein,"Wochenangebote gültig von Montag, 16.03.26 - Samstag, 21.03.26",16.03.26,21.03.26,images_netto/netto_offer_345.png,"cat_tiefkuehl,diet_gluten_free,tag_ultra_processed",,ref_000345,,
Premium Backmischung,Dr Oetker,"€ 2,49","€ 4,49",5.72 - 7.39 / kg,versch. Sorten,Nein,"Wochenangebote gültig von Montag, 16.03.26 - Samstag, 21.03.26",16.03.26,21.03.26,images_netto/netto_offer_346.png,"cat_grundnahrung,tag_ultra_processed",,ref_000346,obs_0000012917|obs_0000015223|obs_0000016011|obs_0000011041|obs_0000018358,
Kräuter- oder Früchtetee,Meßmer,"€ 1,49","€ 2,35",19.87 - 39.73 / kg,versch. Sorten,Nein,"Wochenangebote gültig von Montag, 16.03.26 - Samstag, 21.03.26",16.03.26,21.03.26,images_netto/netto_offer_347.png,"cat_getraenke,diet_vegetarian,tag_ultra_processed",,ref_000347,obs_0000002777|obs_0000001934|obs_0000006441|obs_0000005145|obs_0000009994|obs_0000002060|obs_0000004287|obs_0000010500|obs_0000000374|obs_0000002629|obs_0000004714|obs_0000000636|obs_0000029310|obs_0000008952|obs_0000009413|obs_0000001352|obs_0000032087|obs_0000003860|obs_0000012260,obs_0000002777|obs_0000005145|obs_0000001934
Nesquik XXL,Keine Marke,"€ 4,99","€ 6,89",7.13 / kg,Nachfüllbeutel,Nein,"Wochenangebote gültig von Montag, 16.03.26 - Samstag, 21.03.26",16.03.26,21.03.26,images_netto/netto_offer_348.png,"cat_getraenke,diet_gluten_free,diet_lactose_free,diet_vegan,diet_vegetarian,sub_frisches_obst,tag_ultra_processed,tag_whole_food",,ref_000348,obs_0000019145|obs_0000019964|obs_0000020306|obs_0000021421|obs_0000012209|obs_0000032293,
Krüger Chai oder Matcha Latte,Keine Marke,"€ 2,29","€ 2,99",9.16 / kg,versch. Sorten,Nein,"Wochenangebote gültig von Montag, 16.03.26 - Samstag, 21.03.26",16.03.26,21.03.26,images_netto/netto_offer_349.png,"cat_getraenke,diet_gluten_free,diet_lactose_free,diet_vegan,diet_vegetarian,tag_ultra_processed",,ref_000349,obs_0000025208,
Kaffeepads,Melitta,"€ 2,29","€ 3,59",20.45 - 21.40 / kg,versch. Sorten,Nein,"Wochenangebote gültig von Montag, 16.03.26 - Samstag, 21.03.26",16.03.26,21.03.26,images_netto/netto_offer_350.png,"cat_getraenke,diet_gluten_free,diet_lactose_free,diet_vegan,diet_vegetarian",BLS-N410100,ref_000350,obs_0000030857|obs_0000001562|obs_0000009170|obs_0000000609|obs_0000008699|obs_0000012740|obs_0000005907|obs_0000010552|obs_0000009531|obs_0000000201|obs_0000003313|obs_0000002957|obs_0000002320|obs_0000000150|obs_0000001563|obs_0000030111|obs_0000007589|obs_0000029224|obs_0000028846|obs_0000027494,obs_0000030857|obs_0000001562|obs_0000011824|obs_0000009170|obs_0000000609|obs_0000008699
Latino Fairtrade Organic Ganze Kaffeebohnen,Keine Marke,"€ 14,95",,Kein Mengenpreis,,Nein,"Wochenangebote gültig von Montag, 16.03.26 - Samstag, 21.03.26",16.03.26,21.03.26,images_netto/netto_offer_351.png,"cat_getraenke,diet_gluten_free,diet_lactose_free,diet_vegan,diet_vegetarian,tag_whole_food",,ref_000351,,
Lambertz Gebäck,Keine Marke,"€ 1,49","€ 1,99",11.92 - 13.19 / kg,versch. Sorten,Nein,"Wochenangebote gültig von Montag, 16.03.26 - Samstag, 21.03.26",16.03.26,21.03.26,images_netto/netto_offer_352.png,"cat_knabbern_naschen,diet_gluten_free,diet_lactose_free,diet_vegan,diet_vegetarian,tag_ultra_processed,tag_whole_food",,ref_000352,obs_0000017692|obs_0000031275|obs_0000031764,
Loacker Chocolaterie,Keine Marke,"€ 1,99","€ 3,29",13.72 / kg,versch. Sorten,Nein,"Wochenangebote gültig von Montag, 16.03.26 - Samstag, 21.03.26",16.03.26,21.03.26,images_netto/netto_offer_353.png,"cat_knabbern_naschen,diet_gluten_free,diet_lactose_free,diet_vegan,diet_vegetarian,sub_frisches_gemuese,tag_ultra_processed,tag_whole_food",,ref_000353,obs_0000025257,
Lotus Biscoff Doppelkeks,Keine Marke,"€ 1,49","€ 1,89",9.93 / kg,versch. Sorten,Nein,"Wochenangebote gültig von Montag, 16.03.26 - Samstag, 21.03.26",16.03.26,21.03.26,images_netto/netto_offer_354.png,"cat_knabbern_naschen,diet_gluten_free,diet_lactose_free,diet_vegan,diet_vegetarian,tag_ultra_processed,tag_whole_food",,ref_000354,obs_0000007529|obs_0000007773|obs_0000008554|obs_0000008729|obs_0000008993|obs_0000009192|obs_0000009453|obs_0000012906|obs_0000025884,
Coppenrath Klassikgebäcke,Keine Marke,"€ 1,69","€ 2,49",4.23 - 6.76 / kg,versch. Sorten,Nein,"Wochenangebote gültig von Montag, 16.03.26 - Samstag, 21.03.26",16.03.26,21.03.26,images_netto/netto_offer_355.png,"cat_getraenke,diet_gluten_free,diet_lactose_free,diet_vegan,diet_vegetarian,tag_ultra_processed,tag_whole_food",,ref_000355,,
Duplo Knusperlen,Keine Marke,"€ 2,49","€ 2,79",25.54 / kg,,Nein,"Wochenangebote gültig von Montag, 16.03.26 - Samstag, 21.03.26",16.03.26,21.03.26,images_netto/netto_offer_356.png,"cat_obst_gemuese,diet_gluten_free,diet_lactose_free,diet_vegan,diet_vegetarian,sub_frisches_obst,tag_ultra_processed,tag_whole_food",,ref_000356,obs_0000015013|obs_0000018387|obs_0000027497|obs_0000029899|obs_0000013140|obs_0000014984|obs_0000021527|obs_0000026141,obs_0000006381|obs_0000015013|obs_0000018387|obs_0000026272
Cards,Kinder,"€ 2,29","€ 2,99",17.89 / kg,,Nein,"Wochenangebote gültig von Montag, 16.03.26 - Samstag, 21.03.26",16.03.26,21.03.26,images_netto/netto_offer_357.png,"cat_knabbern_naschen,tag_ultra_processed",,ref_000357,obs_0000021908|obs_0000011004|obs_0000009737|obs_0000001430|obs_0000030744|obs_0000026275|obs_0000007752|obs_0000005068,obs_0000021908|obs_0000011004
Hanuta Minis oder Hanuta Riegel,Keine Marke,"€ 2,49","€ 2,993,19",11.32 - 12.45 / kg,versch. Sorten,Nein,"Wochenangebote gültig von Montag, 16.03.26 - Samstag, 21.03.26",16.03.26,21.03.26,images_netto/netto_offer_358.png,"cat_knabbern_naschen,diet_gluten_free,diet_lactose_free,diet_vegan,diet_vegetarian,tag_ultra_processed",,ref_000358,obs_0000001320|obs_0000016984|obs_0000019082|obs_0000019901|obs_0000020947|obs_0000021483|obs_0000023338|obs_0000025391|obs_0000029703|obs_0000009803|obs_0000010531|obs_0000011232|obs_0000011840|obs_0000012122|obs_0000013126|obs_0000013982|obs_0000014426|obs_0000014716|obs_0000015347|obs_0000015453|obs_0000015632|obs_0000018005|obs_0000018066|obs_0000018457|obs_0000021030|obs_0000021052|obs_0000021392|obs_0000021517|obs_0000022267|obs_0000022697|obs_0000023504|obs_0000023754|obs_0000023927|obs_0000030828,
Harry Hase,Kinder,"€ 1,49","€ 1,79",27.09 / kg,,Nein,"Wochenangebote gültig von Montag, 16.03.26 - Samstag, 21.03.26",16.03.26,21.03.26,images_netto/netto_offer_359.png,"cat_knabbern_naschen,diet_vegetarian,tag_ultra_processed",,ref_000359,,
Überraschungs Ei,Kinder,"€ 0,77","€ 1,19",38.50 / kg,,Nein,"Wochenangebote gültig von Montag, 16.03.26 - Samstag, 21.03.26",16.03.26,21.03.26,images_netto/netto_offer_360.png,"cat_knabbern_naschen,tag_ultra_processed",,ref_000360,obs_0000020997|obs_0000019723|obs_0000029629|obs_0000008279|obs_0000018904,obs_0000012307
Cerealien,Nestl,"€ 2,49","€ 3,79",5.19 - 12.45 / kg,versch. Sorten,Nein,"Wochenangebote gültig von Montag, 16.03.26 - Samstag, 21.03.26",16.03.26,21.03.26,images_netto/netto_offer_361.png,"cat_grundnahrung,diet_vegetarian,tag_ultra_processed",,ref_000361,obs_0000026140|obs_0000010350|obs_0000024219|obs_0000018170|obs_0000019605|obs_0000013094|obs_0000002359|obs_0000018234|obs_0000018786|obs_0000020432|obs_0000009707|obs_0000017952|obs_0000017531|obs_0000011397|obs_0000026971|obs_0000011245|obs_0000013966|obs_0000005350|obs_0000010983|obs_0000006639|obs_0000009410|obs_0000008949,obs_0000026140|obs_0000010350|obs_0000019605|obs_0000024219|obs_0000005350|obs_0000018170|obs_0000013094|obs_0000002359|obs_0000018234|obs_0000018786|obs_0000020432|obs_0000009707
Bueno oder Kinder Schokolade Minis,Kinder,"€ 2,22","€ 2,55",20.56 / kg,,Nein,"Wochenangebote gültig von Montag, 16.03.26 - Samstag, 21.03.26",16.03.26,21.03.26,images_netto/netto_offer_362.png,"cat_knabbern_naschen,tag_ultra_processed",,ref_000362,obs_0000028794|obs_0000027130|obs_0000006189|obs_0000018508|obs_0000010392|obs_0000025061|obs_0000027134|obs_0000016896|obs_0000021012|obs_0000014877|obs_0000014893|obs_0000006733|obs_0000019141|obs_0000029470|obs_0000019294|obs_0000021413|obs_0000023533|obs_0000005258|obs_0000021831|obs_0000015689|obs_0000017807|obs_0000011667|obs_0000009658|obs_0000019960|obs_0000020113|obs_0000013983|obs_0000009910|obs_0000005831|obs_0000030475|obs_0000028433|obs_0000030547|obs_0000006019|obs_0000020437|obs_0000002122|obs_0000014418|obs_0000014426|obs_0000000091|obs_0000024683|obs_0000008307|obs_0000004232|obs_0000000138|obs_0000000230|obs_0000010531|obs_0000016680|obs_0000010558|obs_0000012629|obs_0000014716|obs_0000004491|obs_0000008595|obs_0000004659,
Bueno Eggs,Kinder,"€ 2,22","€ 2,49",27.75 / kg,,Nein,"Wochenangebote gültig von Montag, 16.03.26 - Samstag, 21.03.26",16.03.26,21.03.26,images_netto/netto_offer_363.png,"cat_knabbern_naschen,tag_ultra_processed",,ref_000363,obs_0000011667|obs_0000010392|obs_0000013983|obs_0000021413|obs_0000021831|obs_0000009639|obs_0000024391,
Kölln Haferflocken,Keine Marke,"€ 1,19","€ 1,69",2.38 / kg,versch. Sorten,Nein,"Wochenangebote gültig von Montag, 16.03.26 - Samstag, 21.03.26",16.03.26,21.03.26,images_netto/netto_offer_364.png,"cat_grundnahrung,diet_gluten_free,diet_lactose_free,diet_vegan,diet_vegetarian,tag_whole_food",BLS-C133000,ref_000364,obs_0000027844|obs_0000028094|obs_0000002644|obs_0000002784|obs_0000007578|obs_0000010156|obs_0000010543|obs_0000012478|obs_0000014183|obs_0000014404|obs_0000024541,obs_0000027844|obs_0000028094
Schwartau Konfitüre Extra oder Samt,Keine Marke,"€ 1,99","€ 2,69",4.85 - 7.37 / kg,versch. Sorten,Nein,"Wochenangebote gültig von Montag, 16.03.26 - Samstag, 21.03.26",16.03.26,21.03.26,images_netto/netto_offer_365.png,"cat_grundnahrung,diet_gluten_free,diet_lactose_free,diet_vegan,diet_vegetarian,tag_ultra_processed",,ref_000365,obs_0000030114|obs_0000006469|obs_0000027487|obs_0000005925|obs_0000010153|obs_0000012134|obs_0000012719|obs_0000013534|obs_0000024979|obs_0000024981|obs_0000025861|obs_0000000136|obs_0000001855|obs_0000007648|obs_0000010389|obs_0000011039|obs_0000011622|obs_0000011892|obs_0000012892|obs_0000013330|obs_0000013535|obs_0000013613|obs_0000014026|obs_0000014649|obs_0000017794|obs_0000018310|obs_0000024320,
Clarky s Nusskernmischung Mandeln naturbelassen oder Cashewkerne,Keine Marke,"€ 2,49","€ 2,99",12.45 / kg,,Nein,"Wochenangebote gültig von Montag, 16.03.26 - Samstag, 21.03.26",16.03.26,21.03.26,images_netto/netto_offer_366.png,"cat_knabbern_naschen,diet_gluten_free,diet_lactose_free,diet_vegan,diet_vegetarian,tag_ultra_processed,tag_whole_food",,ref_000366,obs_0000000269|obs_0000001471|obs_0000001641|obs_0000001672|obs_0000002763|obs_0000002909|obs_0000003312|obs_0000003692|obs_0000004119|obs_0000004546|obs_0000007620|obs_0000007960|obs_0000009521|obs_0000010161|obs_0000012712|obs_0000013108|obs_0000016173|obs_0000016863|obs_0000017572|obs_0000017645|obs_0000018531|obs_0000018746|obs_0000019565|obs_0000020954|obs_0000022308|obs_0000022728|obs_0000023372|obs_0000024347|obs_0000024457|obs_0000025239|obs_0000025339,
Ben s Original Express-Reis,Keine Marke,"€ 1,49","€ 2,29",5.96 - 6.77 / kg,versch. Sorten,Nein,"Wochenangebote gültig von Montag, 16.03.26 - Samstag, 21.03.26",16.03.26,21.03.26,images_netto/netto_offer_367.png,"cat_getraenke,diet_gluten_free,diet_lactose_free,diet_vegan,diet_vegetarian,sub_reis,tag_ultra_processed,tag_whole_food",,ref_000367,obs_0000027802|obs_0000029570|obs_0000005154|obs_0000028140|obs_0000005713|obs_0000002540|obs_0000008522|obs_0000011376|obs_0000017530|obs_0000018958|obs_0000019777|obs_0000020211|obs_0000021811|obs_0000022582|obs_0000023000|obs_0000029312|obs_0000008223|obs_0000008352|obs_0000008780|obs_0000008971|obs_0000009433|obs_0000009563|obs_0000011869|obs_0000012774|obs_0000013576|obs_0000014027|obs_0000014692|obs_0000015909|obs_0000016324|obs_0000017882|obs_0000018030|obs_0000018706|obs_0000018823|obs_0000019136|obs_0000019525|obs_0000019642|obs_0000019955|obs_0000020283|obs_0000020393|obs_0000020709|obs_0000023674|obs_0000023832|obs_0000024162|obs_0000024899|obs_0000024959|obs_0000025132|obs_0000025175|obs_0000025918|obs_0000026556|obs_0000026643,obs_0000005154|obs_0000027802|obs_0000029570
Hengstenberg Knax Gewürzgurken,Keine Marke,"€ 1,79","€ 2,99",4.97 / kg,,Nein,"Wochenangebote gültig von Montag, 16.03.26 - Samstag, 21.03.26",16.03.26,21.03.26,images_netto/netto_offer_368.png,"cat_obst_gemuese,diet_gluten_free,diet_lactose_free,diet_vegan,diet_vegetarian,sub_frisches_gemuese,tag_whole_food",,ref_000368,obs_0000027804|obs_0000001198|obs_0000014367|obs_0000026679|obs_0000026796|obs_0000031277,obs_0000027804
Hela Curry Gewürzketchup,Keine Marke,"€ 1,99","€ 3,39",2.49 / l,versch. Sorten,Nein,"Wochenangebote gültig von Montag, 16.03.26 - Samstag, 21.03.26",16.03.26,21.03.26,images_netto/netto_offer_369.png,"cat_obst_gemuese,diet_gluten_free,diet_lactose_free,diet_vegan,diet_vegetarian,tag_ultra_processed,tag_whole_food",BLS-R141200,ref_000369,obs_0000029861,obs_0000029861
Mazola Keimöl,Keine Marke,"€ 3,49","€ 4,49",4.65 / l,,Nein,"Wochenangebote gültig von Montag, 16.03.26 - Samstag, 21.03.26",16.03.26,21.03.26,images_netto/netto_offer_370.png,"cat_getraenke,diet_gluten_free,diet_lactose_free,diet_vegan,diet_vegetarian,sub_exoten,sub_frisches_obst,sub_tk_gemuese,tag_high_protein,tag_proteinreich,tag_ultra_processed,tag_whole_food",,ref_000370,obs_0000028814|obs_0000007791|obs_0000011798|obs_0000014639|obs_0000024892,obs_0000028814
Mineralwasser,Adelholzener,"€ 11,98","€ 15,98",0.50 / l,Classic oder SanftEinzelpreis: 7.99 (0.67 / l),Nein,"Wochenangebote gültig von Montag, 16.03.26 - Samstag, 21.03.26",16.03.26,21.03.26,images_netto/netto_offer_371.png,"cat_getraenke,diet_gluten_free,diet_lactose_free,diet_vegan,diet_vegetarian",,ref_000371,obs_0000026968|obs_0000026664|obs_0000026154|obs_0000008247|obs_0000012857|obs_0000029261|obs_0000011860|obs_0000008799|obs_0000008287|obs_0000014433|obs_0000026730|obs_0000032348|obs_0000024697|obs_0000023689|obs_0000029331|obs_0000011415|obs_0000029335|obs_0000026781|obs_0000031901|obs_0000025780|obs_0000014006|obs_0000007883|obs_0000009431|obs_0000009965|obs_0000019710|obs_0000024332|obs_0000031507|obs_0000031508|obs_0000007983|obs_0000026927|obs_0000010569|obs_0000013150|obs_0000025963|obs_0000025983|obs_0000003475|obs_0000027058|obs_0000018891|obs_0000031699|obs_0000031702|obs_0000027095|obs_0000025075|obs_0000026620|obs_0000027141|obs_0000022613|obs_0000027760|obs_0000029298|obs_0000028811|obs_0000007326|obs_0000006336|obs_0000017600,obs_0000026664|obs_0000026154|obs_0000008247|obs_0000012857|obs_0000029261|obs_0000011860|obs_0000008799|obs_0000008287|obs_0000014433|obs_0000026730|obs_0000032348|obs_0000024697|obs_0000023689|obs_0000029331|obs_0000011415|obs_0000029335|obs_0000026781|obs_0000031901|obs_0000025780|obs_0000014006|obs_0000007883|obs_0000009431|obs_0000009965|obs_0000019710|obs_0000024332|obs_0000031507|obs_0000031508|obs_0000007983|obs_0000026927|obs_0000010569|obs_0000026968|obs_0000013150|obs_0000025963|obs_0000025983|obs_0000003475|obs_0000027058|obs_0000018891|obs_0000031699|obs_0000031702|obs_0000027095|obs_0000025075|obs_0000026620
Löwenbräu Original oder Kulmbacher Edelherb Pils,Keine Marke,"€ 21,98","€ 31,9836,98",1.70 / l,je nach regionaler VerfügbarkeitEinzelpreis: 15.99 - 18.49 (1.60 - 1.85 / l),Nein,"Wochenangebote gültig von Montag, 16.03.26 - Samstag, 21.03.26",16.03.26,21.03.26,images_netto/netto_offer_372.png,"cat_getraenke,diet_gluten_free,tag_ultra_processed",,ref_000372,obs_0000027887|obs_0000028528|obs_0000024879|obs_0000000370|obs_0000002827|obs_0000003854|obs_0000004281|obs_0000004708|obs_0000007913|obs_0000008223|obs_0000008352|obs_0000008780|obs_0000008971|obs_0000009433|obs_0000009563|obs_0000009566|obs_0000009611|obs_0000010201|obs_0000010595|obs_0000011869|obs_0000011894|obs_0000012317|obs_0000012727|obs_0000012774|obs_0000013182|obs_0000013576|obs_0000014027|obs_0000014466|obs_0000014692|obs_0000015103|obs_0000015772|obs_0000015909|obs_0000016324|obs_0000018030|obs_0000018181|obs_0000018706|obs_0000018823|obs_0000019136|obs_0000019525|obs_0000019642|obs_0000019955|obs_0000020283|obs_0000020393|obs_0000020709|obs_0000022281|obs_0000022701|obs_0000023674|obs_0000023832|obs_0000024162|obs_0000024189,
Schneider Weisse Original,Keine Marke,"€ 14,99","€ 20,99",1.50 / l,,Nein,"Wochenangebote gültig von Montag, 16.03.26 - Samstag, 21.03.26",16.03.26,21.03.26,images_netto/netto_offer_373.png,"cat_getraenke,diet_gluten_free,diet_lactose_free,diet_vegan,diet_vegetarian,tag_ultra_processed",,ref_000373,obs_0000027548|obs_0000008223|obs_0000008352|obs_0000008780|obs_0000008971|obs_0000009433|obs_0000009563|obs_0000011869|obs_0000012774|obs_0000013576|obs_0000014027|obs_0000014692|obs_0000015909|obs_0000016324|obs_0000018030|obs_0000018706|obs_0000018823|obs_0000019136|obs_0000019525|obs_0000019642|obs_0000019955|obs_0000020283|obs_0000020393|obs_0000020709|obs_0000023674|obs_0000023832|obs_0000024162|obs_0000024899|obs_0000024959|obs_0000025132|obs_0000025175|obs_0000025918|obs_0000026556|obs_0000026643|obs_0000026757|obs_0000026857|obs_0000027023|obs_0000029264|obs_0000031227|obs_0000031439|obs_0000032025|obs_0000032039|obs_0000032341,obs_0000027548
Karamalz,Keine Marke,"€ 11,99","€ 13,99",1.20 / l,alkoholfreies Malzgetränk,Nein,"Wochenangebote gültig von Montag, 16.03.26 - Samstag, 21.03.26",16.03.26,21.03.26,images_netto/netto_offer_374.png,"cat_getraenke,diet_gluten_free,diet_lactose_free,diet_vegan,diet_vegetarian,tag_ultra_processed,tag_whole_food",,ref_000374,obs_0000028331|obs_0000028681|obs_0000029906,obs_0000028331|obs_0000028681|obs_0000029906
Albi Saft oder Nektar,Keine Marke,"€ 1,49","€ 2,49",Kein Mengenpreis,versch. Sorten,Nein,"Wochenangebote gültig von Montag, 16.03.26 - Samstag, 21.03.26",16.03.26,21.03.26,images_netto/netto_offer_375.png,"cat_getraenke,diet_gluten_free,diet_lactose_free,diet_vegan,diet_vegetarian,tag_ultra_processed,tag_whole_food",,ref_000375,obs_0000006172|obs_0000006538|obs_0000005611|obs_0000005227|obs_0000005785|obs_0000013579|obs_0000028428|obs_0000029905|obs_0000009646|obs_0000015478|obs_0000015631|obs_0000016440|obs_0000017667|obs_0000018748|obs_0000019567|obs_0000020961|obs_0000023112|obs_0000023745|obs_0000024271|obs_0000024510|obs_0000024912|obs_0000025269|obs_0000025801|obs_0000026109|obs_0000026558|obs_0000030382|obs_0000031336|obs_0000031511|obs_0000031902,obs_0000005611|obs_0000006172|obs_0000006538
Chiemseer Hell,Keine Marke,"€ 1,2","€ 1,29",2.- / l,,Nein,"Wochenangebote gültig von Montag, 16.03.26 - Samstag, 21.03.26",16.03.26,21.03.26,images_netto/netto_offer_376.png,"cat_getraenke,diet_gluten_free,diet_lactose_free,diet_vegan,diet_vegetarian,sub_frisches_obst,tag_ultra_processed,tag_whole_food",,ref_000376,obs_0000008222|obs_0000024442|obs_0000025838|obs_0000029205|obs_0000008104|obs_0000009231|obs_0000009361|obs_0000009987|obs_0000011440|obs_0000013179|obs_0000025477|obs_0000026677|obs_0000026794|obs_0000031939|obs_0000031951|obs_0000032327,obs_0000008222|obs_0000024442
Spezi Cola oder Limonaden,Paulaner,"€ 0,69","€ 0,85",2.09 / l,"teilw. koffeinhaltig, versch. Sorten",Nein,"Wochenangebote gültig von Montag, 16.03.26 - Samstag, 21.03.26",16.03.26,21.03.26,images_netto/netto_offer_377.png,"cat_getraenke,tag_ultra_processed",,ref_000377,obs_0000012309|obs_0000010353|obs_0000031300|obs_0000000637|obs_0000025279|obs_0000021337|obs_0000026030|obs_0000024448|obs_0000008218|obs_0000008367|obs_0000024773|obs_0000012503|obs_0000008469|obs_0000004390|obs_0000008565|obs_0000020863|obs_0000000445|obs_0000016900|obs_0000025142|obs_0000025164|obs_0000029364|obs_0000004817|obs_0000002828|obs_0000000810|obs_0000015211|obs_0000019369|obs_0000015279|obs_0000001014|obs_0000025941|obs_0000015771|obs_0000017889|obs_0000026099|obs_0000026153|obs_0000007851|obs_0000026303|obs_0000020188|obs_0000026353|obs_0000016164|obs_0000024414|obs_0000003963|obs_0000024450|obs_0000024565,obs_0000005043|obs_0000005598
Capri Sun,Keine Marke,"€ 3,49","€ 4,29",1.75 / l,versch. Sorten,Nein,"Wochenangebote gültig von Montag, 16.03.26 - Samstag, 21.03.26",16.03.26,21.03.26,images_netto/netto_offer_378.png,"cat_obst_gemuese,diet_gluten_free,diet_lactose_free,diet_vegan,diet_vegetarian,sub_frisches_gemuese,tag_ultra_processed,tag_whole_food",,ref_000378,obs_0000005244,obs_0000005244
Fanta Sprite oder Mezzo Mix,Keine Marke,"€ 1,29","€ 1,59",1.03 / l,"teilw. koffeinhaltig, versch. Sorten",Nein,"Wochenangebote gültig von Montag, 16.03.26 - Samstag, 21.03.26",16.03.26,21.03.26,images_netto/netto_offer_379.png,"cat_getraenke,diet_gluten_free,diet_lactose_free,diet_vegan,diet_vegetarian,tag_ultra_processed",,ref_000379,obs_0000026170|obs_0000027137|obs_0000028111|obs_0000028806|obs_0000029483|obs_0000029722|obs_0000030168|obs_0000006697|obs_0000006897|obs_0000032195|obs_0000010566|obs_0000014430|obs_0000005228|obs_0000000515|obs_0000021501|obs_0000021832|obs_0000023925|obs_0000013574,obs_0000026170
Bree Weine,Keine Marke,"€ 2,99","€ 5,49",3.99 / l,"versch. Sorten, Frankreich, Weißwein, halbtrocken",Nein,"Wochenangebote gültig von Montag, 16.03.26 - Samstag, 21.03.26",16.03.26,21.03.26,images_netto/netto_offer_380.png,"cat_getraenke,diet_gluten_free,diet_lactose_free,diet_vegan,diet_vegetarian,sub_exoten,sub_frisches_gemuese,sub_frisches_obst,tag_whole_food",,ref_000380,obs_0000025095|obs_0000025198|obs_0000026136,
Tullamore Dew Irish Whiskey,Keine Marke,"€ 13,99","€ 18,99",19.99 / l,40 % Vol.,Nein,"Wochenangebote gültig von Montag, 16.03.26 - Samstag, 21.03.26",16.03.26,21.03.26,images_netto/netto_offer_381.png,"cat_getraenke,diet_gluten_free,diet_lactose_free,diet_vegan,diet_vegetarian,tag_ultra_processed,tag_whole_food",,ref_000381,obs_0000006344|obs_0000005417|obs_0000007817|obs_0000008202|obs_0000009782|obs_0000010190|obs_0000010756|obs_0000012077|obs_0000013591|obs_0000016741|obs_0000017850|obs_0000017967|obs_0000019111|obs_0000019930|obs_0000020421|obs_0000021363|obs_0000024704|obs_0000025592|obs_0000026938|obs_0000031886,obs_0000005417|obs_0000006344
Premium Vodka,Keine Marke,"€ 4,99","€ 6,49",9.98 / l,40 % Vol.,Nein,"Wochenangebote gültig von Montag, 16.03.26 - Samstag, 21.03.26",16.03.26,21.03.26,images_netto/netto_offer_382.png,"cat_getraenke,diet_gluten_free,diet_lactose_free,diet_vegan,diet_vegetarian,tag_whole_food",,ref_000382,obs_0000024261|obs_0000016170|obs_0000017357|obs_0000002689|obs_0000008159|obs_0000008350|obs_0000008766|obs_0000008866|obs_0000009237|obs_0000009329|obs_0000010578|obs_0000011041|obs_0000011621|obs_0000011877|obs_0000014190|obs_0000017893|obs_0000018888|obs_0000019707|obs_0000020903|obs_0000022553|obs_0000022973|obs_0000024973|obs_0000026481|obs_0000031498|obs_0000032338|obs_0000005238,obs_0000024261
Sheridan s Original Coffee Layered Liqueur,Keine Marke,"€ 9,99","€ 13,99",19.98 / l,"15,5 % Vol.",Nein,"Wochenangebote gültig von Montag, 16.03.26 - Samstag, 21.03.26",16.03.26,21.03.26,images_netto/netto_offer_383.png,"cat_getraenke,diet_gluten_free,diet_lactose_free,diet_vegan,diet_vegetarian,tag_ultra_processed",,ref_000383,obs_0000008223|obs_0000008352|obs_0000008780|obs_0000008971|obs_0000009433|obs_0000009563|obs_0000011869|obs_0000012774|obs_0000013160|obs_0000013576|obs_0000014027|obs_0000014692|obs_0000015909|obs_0000016324|obs_0000018030|obs_0000018706|obs_0000018823|obs_0000019136|obs_0000019525|obs_0000019642|obs_0000019955|obs_0000020283|obs_0000020393|obs_0000020709|obs_0000023674|obs_0000023832|obs_0000024162|obs_0000024899|obs_0000024959|obs_0000025132|obs_0000025175|obs_0000025918|obs_0000026556|obs_0000026643|obs_0000026757|obs_0000026857|obs_0000027023|obs_0000029264|obs_0000031227|obs_0000031439|obs_0000032025|obs_0000032039|obs_0000032341,
Apfelschorle,Keine Marke,"€ 0,79",,Kein Mengenpreis,,Nein,"Wochenangebote gültig von Montag, 16.03.26 - Samstag, 21.03.26",16.03.26,21.03.26,images_netto/netto_offer_384.png,"cat_obst_gemuese,diet_gluten_free,diet_lactose_free,diet_vegan,diet_vegetarian,sub_frisches_obst,tag_ultra_processed,tag_whole_food",BLS-D7A7800,ref_000384,obs_0000000865|obs_0000001226|obs_0000001227|obs_0000001229|obs_0000001230|obs_0000001473|obs_0000001474|obs_0000001476|obs_0000001478|obs_0000002250|obs_0000002942|obs_0000010570|obs_0000011011|obs_0000013151|obs_0000026434|obs_0000027758|obs_0000005808,obs_0000000865|obs_0000001226|obs_0000001227|obs_0000001229|obs_0000001230|obs_0000001473|obs_0000001474|obs_0000001476|obs_0000001478|obs_0000002250|obs_0000002942|obs_0000010570|obs_0000011011|obs_0000013151|obs_0000026434|obs_0000027758
Mineralwasser,Keine Marke,"€ 0,49",,0.33 / l,versch. Sorten,Nein,"Wochenangebote gültig von Montag, 16.03.26 - Samstag, 21.03.26",16.03.26,21.03.26,images_netto/netto_offer_385.png,"cat_getraenke,diet_gluten_free,diet_lactose_free,diet_vegan,diet_vegetarian,tag_whole_food",,ref_000385,obs_0000003475|obs_0000007883|obs_0000007983|obs_0000008247|obs_0000008287|obs_0000008799|obs_0000009431|obs_0000009965|obs_0000010569|obs_0000011415|obs_0000011860|obs_0000012857|obs_0000013150|obs_0000014006|obs_0000014433|obs_0000018891|obs_0000019710|obs_0000023689|obs_0000024332|obs_0000024697|obs_0000025075|obs_0000025780|obs_0000025963|obs_0000025983|obs_0000026154|obs_0000026620|obs_0000026664|obs_0000026730|obs_0000026781|obs_0000026927|obs_0000026968|obs_0000027058|obs_0000027095|obs_0000029261|obs_0000029331|obs_0000029335|obs_0000031507|obs_0000031508|obs_0000031699|obs_0000031702|obs_0000031901|obs_0000032348|obs_0000006336|obs_0000007326|obs_0000027141|obs_0000027359|obs_0000027542|obs_0000027760|obs_0000028478|obs_0000028811,obs_0000003475|obs_0000007883|obs_0000007983|obs_0000008247|obs_0000008287|obs_0000008799|obs_0000009431|obs_0000009965|obs_0000010569|obs_0000011415|obs_0000011860|obs_0000012857|obs_0000013150|obs_0000014006|obs_0000014433|obs_0000018891|obs_0000019710|obs_0000023689|obs_0000024332|obs_0000024697|obs_0000025075|obs_0000025780|obs_0000025963|obs_0000025983|obs_0000026154|obs_0000026620|obs_0000026664|obs_0000026730|obs_0000026781|obs_0000026927|obs_0000026968|obs_0000027058|obs_0000027095|obs_0000027760|obs_0000029025|obs_0000029261|obs_0000029331|obs_0000029335|obs_0000031507|obs_0000031508|obs_0000031699|obs_0000031702|obs_0000031901|obs_0000032348
Pepsi oder Schwip Schwap,Keine Marke,"€ 0,88","€ 1,49",0.70 / l,"koffeinhaltig, versch. Sorten",Nein,"Wochenangebote gültig von Montag, 16.03.26 - Samstag, 21.03.26",16.03.26,21.03.26,images_netto/netto_offer_386.png,"cat_getraenke,diet_gluten_free,diet_lactose_free,diet_vegetarian,tag_ultra_processed",,ref_000386,obs_0000006537|obs_0000006171|obs_0000006001|obs_0000026305|obs_0000027851|obs_0000029484|obs_0000029762|obs_0000021034,
Ready to Drink,Keine Marke,"€ 1,99","€ 2,69",6.03 / l,versch. Sorten 10 % Vol.,Nein,"Wochenangebote gültig von Montag, 16.03.26 - Samstag, 21.03.26",16.03.26,21.03.26,images_netto/netto_offer_387.png,"cat_getraenke,diet_gluten_free,diet_lactose_free,diet_vegan,diet_vegetarian,tag_ultra_processed,tag_whole_food",,ref_000387,obs_0000025667|obs_0000024770|obs_0000031938|obs_0000014002|obs_0000021407|obs_0000024548,obs_0000025667
WC-Frisch Duftspüler,Keine Marke,"€ 4,79","€ 6,89",23.95 / kg,versch. Sorten,Nein,"Wochenangebote gültig von Montag, 16.03.26 - Samstag, 21.03.26",16.03.26,21.03.26,images_netto/netto_offer_388.png,"cat_drogerie,diet_lactose_free,diet_vegetarian,tag_whole_food",,ref_000388,obs_0000027212|obs_0000005842|obs_0000008726|obs_0000009190|obs_0000013195|obs_0000025120,
Axe Bodyspray,Keine Marke,"€ 3,49","€ 3,95",23.27 / l,versch. Sorten,Nein,"Wochenangebote gültig von Montag, 16.03.26 - Samstag, 21.03.26",16.03.26,21.03.26,images_netto/netto_offer_389.png,"cat_drogerie,diet_gluten_free,diet_lactose_free,diet_vegan,diet_vegetarian,tag_whole_food",,ref_000389,obs_0000007369|obs_0000029503|obs_0000006390|obs_0000005641|obs_0000024865|obs_0000027088|obs_0000030337|obs_0000032124,obs_0000007369|obs_0000029503
Axe Dusche,Keine Marke,"€ 2,99","€ 3,55",7.48 / l,versch. Sorten,Nein,"Wochenangebote gültig von Montag, 16.03.26 - Samstag, 21.03.26",16.03.26,21.03.26,images_netto/netto_offer_390.png,"cat_obst_gemuese,diet_gluten_free,diet_lactose_free,diet_vegan,diet_vegetarian,sub_exoten,tag_whole_food",,ref_000390,obs_0000024190|obs_0000024961|obs_0000025576|obs_0000030261|obs_0000030411|obs_0000030636|obs_0000030663|obs_0000030835|obs_0000030838|obs_0000030842|obs_0000030986|obs_0000031043|obs_0000032129,obs_0000005642|obs_0000006389
Vernel Weichspüler,Keine Marke,"€ 2,49",,2.26 - 2.46 / l,versch. Sorten,Nein,"Wochenangebote gültig von Montag, 16.03.26 - Samstag, 21.03.26",16.03.26,21.03.26,images_netto/netto_offer_391.png,"cat_getraenke,diet_gluten_free,diet_lactose_free,diet_vegan,diet_vegetarian,tag_whole_food",,ref_000391,obs_0000006208|obs_0000027502|obs_0000005644|obs_0000003383|obs_0000007570|obs_0000008829|obs_0000009289|obs_0000010207|obs_0000010398|obs_0000011044|obs_0000012322|obs_0000012830|obs_0000013786|obs_0000014033|obs_0000014650|obs_0000015377|obs_0000018014|obs_0000018390|obs_0000018804|obs_0000019299|obs_0000019623|obs_0000020118|obs_0000020470|obs_0000021395|obs_0000022176|obs_0000023294|obs_0000024330|obs_0000024867|obs_0000025707|obs_0000026483|obs_0000029165|obs_0000029374|obs_0000030313|obs_0000030385|obs_0000030662|obs_0000031128|obs_0000032139,obs_0000005644|obs_0000006208|obs_0000027502
Colgate Zahncreme,Keine Marke,"€ 4,99","€ 7,49",16.63 / l,versch. Sorten 75 ml GRATIS!,Nein,"Wochenangebote gültig von Montag, 16.03.26 - Samstag, 21.03.26",16.03.26,21.03.26,images_netto/netto_offer_392.png,"cat_drogerie,diet_gluten_free,diet_lactose_free,diet_vegan,diet_vegetarian,tag_whole_food",,ref_000392,obs_0000006745|obs_0000028878|obs_0000007159|obs_0000007761|obs_0000011470|obs_0000011913|obs_0000012345|obs_0000013639|obs_0000021397|obs_0000025487|obs_0000029378,
Dick Durstig Küchentücher,Keine Marke,"€ 3,49","€ 5,49",Kein Mengenpreis,2-lagig,Nein,"Wochenangebote gültig von Montag, 16.03.26 - Samstag, 21.03.26",16.03.26,21.03.26,images_netto/netto_offer_393.png,cat_drogerie,,ref_000393,obs_0000026171|obs_0000002681|obs_0000009516|obs_0000010816|obs_0000012722|obs_0000012942|obs_0000014760|obs_0000015808|obs_0000016571|obs_0000018091|obs_0000018821|obs_0000019640|obs_0000020648|obs_0000021040|obs_0000021841|obs_0000023671|obs_0000024627|obs_0000025344|obs_0000025579|obs_0000031927|obs_0000032280,
Elnett Haarspray,Keine Marke,"€ 3,99","€ 4,49",13.30 / l,versch. Sorten,Nein,"Wochenangebote gültig von Montag, 16.03.26 - Samstag, 21.03.26",16.03.26,21.03.26,images_netto/netto_offer_394.png,"cat_drogerie,diet_gluten_free,diet_lactose_free,diet_vegan,diet_vegetarian,tag_whole_food",,ref_000394,obs_0000027524|obs_0000030453|obs_0000011057|obs_0000013624|obs_0000014661|obs_0000030379|obs_0000030451|obs_0000030608|obs_0000030623|obs_0000030879,obs_0000027524|obs_0000030453
Slipeinlagen,Carefree,"€ 2,29","€ 2,95",Kein Mengenpreis,versch. Sorten,Nein,"Wochenangebote gültig von Montag, 16.03.26 - Samstag, 21.03.26",16.03.26,21.03.26,images_netto/netto_offer_395.png,cat_drogerie,,ref_000395,obs_0000031133|obs_0000011047|obs_0000007653|obs_0000014477|obs_0000030742|obs_0000030459|obs_0000012328|obs_0000030908|obs_0000011455|obs_0000031924|obs_0000012803|obs_0000026385|obs_0000029742|obs_0000005841|obs_0000006744|obs_0000027501|obs_0000007157|obs_0000009989|obs_0000024478|obs_0000012084|obs_0000030650|obs_0000014034|obs_0000030457|obs_0000009595|obs_0000030235|obs_0000030243|obs_0000028211|obs_0000028212|obs_0000026839|obs_0000026716|obs_0000002683|obs_0000001757,obs_0000014477|obs_0000030742|obs_0000030459|obs_0000031133|obs_0000011047|obs_0000012328|obs_0000030908|obs_0000011455|obs_0000005841|obs_0000007653
Akku-Zyklonstaubsauger,Keine Marke,"€ 59,99","€ 119,99",Kein Mengenpreis,"mit EPA-11-Filter, ideal für Allergiker und Li-Ion-Akku (2000 mAh) für bis zu 35 Min. Laufzeit, inkl. Wandhalterung, Boden-, Fugen- & Bürstendüse",Nein,"Wochenangebote gültig von Montag, 16.03.26 - Samstag, 21.03.26",16.03.26,21.03.26,images_netto/netto_offer_396.png,"cat_obst_gemuese,diet_gluten_free,diet_lactose_free,diet_vegan,diet_vegetarian,tag_whole_food",,ref_000396,obs_0000024651,obs_0000007928|obs_0000026322
Akkubesen mit LED-Beleuchtung,Keine Marke,"€ 39,99","€ 79,99",Kein Mengenpreis,"mit Li-Ion-Akku (2500 mAh), Spezialbürste und 2 seitlichen Borsten mit 1.200 U/min, für Fliesen, Teppich, Parkett, Laminat u.v.m., mit Knickgelenk, 3-teiliger Teleskopstange, 300 ml Schmutzbehälter und 2 Ersatzbürsten, mit Fußschalter - ganz ohne Bücken",Nein,"Wochenangebote gültig von Montag, 16.03.26 - Samstag, 21.03.26",16.03.26,21.03.26,images_netto/netto_offer_397.png,"cat_obst_gemuese,diet_gluten_free,diet_lactose_free,diet_vegan,diet_vegetarian,tag_ultra_processed,tag_whole_food",,ref_000397,obs_0000008026,
Klemab das Maßband zum Kleben inkl Abroller und Klingenschutz,Keine Marke,"€ 7,99","€ 19,99",Kein Mengenpreis,"mit fortlaufender 10-cm-Skala & beschreibbarer Oberfläche, rückstandslos ablösbar, Länge ca. 50 m, einfach abreißen, aufkleben, loslegen",Nein,"Wochenangebote gültig von Montag, 16.03.26 - Samstag, 21.03.26",16.03.26,21.03.26,images_netto/netto_offer_398.png,"cat_non_food,diet_vegetarian",,ref_000398,,
Akku-Handstaubsauger,Keine Marke,"€ 19,99","€ 39,99",Kein Mengenpreis,"leistungsstarker Akku (2000 mAh) und waschbarem EPA-Filter 11, inkl. Fugendüse, USB-Ladekabel und LED-Licht",Nein,"Wochenangebote gültig von Montag, 16.03.26 - Samstag, 21.03.26",16.03.26,21.03.26,images_netto/netto_offer_399.png,"cat_getraenke,diet_gluten_free,diet_lactose_free,diet_vegan,diet_vegetarian,tag_whole_food",,ref_000399,obs_0000026323|obs_0000021218|obs_0000025035|obs_0000025378|obs_0000026010|obs_0000016553|obs_0000016843|obs_0000020770,obs_0000021218|obs_0000025035|obs_0000025378|obs_0000026010|obs_0000026323
Spray-Mopp,Keine Marke,"€ 9,99","€ 19,99",Kein Mengenpreis,"Sprühen & Wischen mit einem Gerät – ohne Eimer und ohne Bücken, mit 600-ml-Tank, Ersatz-Mikrofaser-Bodentücher 2er-Set, separat in deiner Filiale erhältlich",Nein,"Wochenangebote gültig von Montag, 16.03.26 - Samstag, 21.03.26",16.03.26,21.03.26,images_netto/netto_offer_400.png,"cat_obst_gemuese,diet_gluten_free,diet_lactose_free,diet_vegan,diet_vegetarian,sub_exoten,sub_frisches_gemuese,sub_frisches_obst,tag_whole_food",,ref_000400,obs_0000024957,obs_0000024957
Akku-Fensterreiniger,Keine Marke,"€ 29,99","€ 59,99",Kein Mengenpreis,"Schmutzwasser wird direkt abgesaugt – kein Herabtropfen, 2 Saugstärken,  Li-Ionen-Akku (1500 mAh)",Nein,"Wochenangebote gültig von Montag, 16.03.26 - Samstag, 21.03.26",16.03.26,21.03.26,images_netto/netto_offer_401.png,"cat_obst_gemuese,diet_gluten_free,diet_lactose_free,diet_vegan,diet_vegetarian,tag_whole_food",,ref_000401,obs_0000024863,obs_0000024863
Abflussreiniger-Sticks mit Apfel-Duft,Keine Marke,"€ 9,99","€ 29,99",Kein Mengenpreis,"gegen Fett-, Seifen- & Speisereste, Schluss mit verstopften Abflüssen",Nein,"Wochenangebote gültig von Montag, 16.03.26 - Samstag, 21.03.26",16.03.26,21.03.26,images_netto/netto_offer_402.png,"cat_obst_gemuese,diet_gluten_free,diet_lactose_free,diet_vegan,diet_vegetarian,sub_frisches_obst,tag_ultra_processed,tag_whole_food",,ref_000402,obs_0000026003|obs_0000024658|obs_0000013329|obs_0000014410,
BackDani Rückentrainer,Keine Marke,"€ 14,99","€ 29,99",Kein Mengenpreis,"bringt Bewegung in den Rücken, sanfte Rotation, große Wirkung: mobilisiert tiefliegende Muskeln und Faszien im Rücken, nur 2 Minuten morgens und abends, inkl. Übungsposter, Maße: ca. L 80 cm x Ø 8 cm",Nein,"Wochenangebote gültig von Montag, 16.03.26 - Samstag, 21.03.26",16.03.26,21.03.26,images_netto/netto_offer_403.png,"cat_getraenke,diet_gluten_free,diet_lactose_free,diet_vegan,diet_vegetarian,tag_ultra_processed,tag_whole_food",,ref_000403,,
Camper Set oder Pferdeanhänger Set,Keine Marke,"€ 19,99","€ 32,99",Kein Mengenpreis,"Horse Trailer Set, Mercedes-Benz AMG 4 × 4 mit Pferdeanhänger, mit viel ZubehörMaße: ca. 42 cm",Nein,"Wochenangebote gültig von Montag, 16.03.26 - Samstag, 21.03.26",16.03.26,21.03.26,images_netto/netto_offer_404.png,"cat_getraenke,diet_gluten_free,diet_lactose_free,diet_vegan,diet_vegetarian",,ref_000404,,
5er Geschenkset,Keine Marke,"€ 12,99","€ 19,99",Kein Mengenpreis,"Freilauf Länge: ca. 7,5 cm",Nein,"Wochenangebote gültig von Montag, 16.03.26 - Samstag, 21.03.26",16.03.26,21.03.26,images_netto/netto_offer_405.png,"cat_obst_gemuese,diet_gluten_free,diet_lactose_free,diet_vegan,diet_vegetarian,tag_whole_food",,ref_000405,obs_0000011924|obs_0000014056,
Dinosaurier,Keine Marke,"€ 4,99",,Kein Mengenpreis,4 verschiedene Dinofiguren erhältlichMaße: 26 cm,Nein,"Wochenangebote gültig von Montag, 16.03.26 - Samstag, 21.03.26",16.03.26,21.03.26,images_netto/netto_offer_406.png,"cat_getraenke,diet_gluten_free,diet_lactose_free,diet_vegan,diet_vegetarian,sub_frisches_obst,tag_ultra_processed,tag_whole_food",,ref_000406,,
Mini Baufahrzeug,Keine Marke,"€ 4,99",,Kein Mengenpreis,Reifen aus SoftmaterialMaße: ca. 23 cm,Nein,"Wochenangebote gültig von Montag, 16.03.26 - Samstag, 21.03.26",16.03.26,21.03.26,images_netto/netto_offer_407.png,"cat_obst_gemuese,diet_gluten_free,diet_lactose_free,diet_vegan,diet_vegetarian,sub_frisches_gemuese,tag_ultra_processed,tag_whole_food",,ref_000407,obs_0000010378|obs_0000011774|obs_0000014741|obs_0000016055|obs_0000016653|obs_0000024151,
Mitbringspiel,Keine Marke,"€ 4,99",,Kein Mengenpreis,versch. Spiele,Nein,"Wochenangebote gültig von Montag, 16.03.26 - Samstag, 21.03.26",16.03.26,21.03.26,images_netto/netto_offer_408.png,"cat_obst_gemuese,diet_gluten_free,diet_lactose_free,diet_vegan,diet_vegetarian,sub_frisches_obst,tag_ultra_processed,tag_whole_food",,ref_000408,,
Plüsch Capybara,Keine Marke,"€ 4,99",,Kein Mengenpreis,"Extra weiche Plüschmaterialie, Waschbar bis 30 GradMaße: ca. 25 cm",Nein,"Wochenangebote gültig von Montag, 16.03.26 - Samstag, 21.03.26",16.03.26,21.03.26,images_netto/netto_offer_409.png,"cat_obst_gemuese,diet_gluten_free,diet_lactose_free,diet_vegan,diet_vegetarian,sub_exoten,sub_frisches_obst,tag_whole_food",,ref_000409,,
Perlen-Geschenkset,Keine Marke,"€ 7,99",,Kein Mengenpreis,"Bügelperlenset: 5.000 Bügelperlen inkl. 5 Steckplatten • Perlenset: 10.000 Perlen und Schnüre, Verschlüsse und Fädelgarn",Nein,"Wochenangebote gültig von Montag, 16.03.26 - Samstag, 21.03.26",16.03.26,21.03.26,images_netto/netto_offer_410.png,"cat_obst_gemuese,diet_gluten_free,diet_lactose_free,diet_vegetarian,tag_whole_food",,ref_000410,obs_0000011924|obs_0000014056,
Kleinkindauto,Keine Marke,"€ 7,99",,Kein Mengenpreis,"großer Spielspaß, Freilaufca. 27 cm",Nein,"Wochenangebote gültig von Montag, 16.03.26 - Samstag, 21.03.26",16.03.26,21.03.26,images_netto/netto_offer_411.png,"cat_obst_gemuese,diet_gluten_free,diet_lactose_free,diet_vegan,diet_vegetarian,sub_frisches_obst,tag_ultra_processed,tag_whole_food",,ref_000411,,
LEGO Artikel,Keine Marke,"€ 7,99",,Kein Mengenpreis,versch. Artikel,Nein,"Wochenangebote gültig von Montag, 16.03.26 - Samstag, 21.03.26",16.03.26,21.03.26,images_netto/netto_offer_412.png,"cat_obst_gemuese,diet_gluten_free,diet_lactose_free,diet_vegan,diet_vegetarian,tag_ultra_processed,tag_whole_food",,ref_000412,obs_0000026286,
Funktions Racer kabelgesteuert,Keine Marke,"€ 7,99",,Kein Mengenpreis,"mit Kabelfernsteuerung, Toplicht bei Fahrt vorwärts, inkl. 2x AA Batterieca. 14 cm",Nein,"Wochenangebote gültig von Montag, 16.03.26 - Samstag, 21.03.26",16.03.26,21.03.26,images_netto/netto_offer_413.png,"cat_non_food,diet_gluten_free,diet_lactose_free,diet_vegan,diet_vegetarian,tag_ultra_processed,tag_whole_food",,ref_000413,,
Plüsch Bär,Keine Marke,"€ 9,99",,Kein Mengenpreis,"Extra weiche Plüschmaterialien, Waschbar bis 30 Grad, ca. 80 cm",Nein,"Wochenangebote gültig von Montag, 16.03.26 - Samstag, 21.03.26",16.03.26,21.03.26,images_netto/netto_offer_414.png,"cat_obst_gemuese,diet_gluten_free,diet_lactose_free,diet_vegan,diet_vegetarian,sub_exoten,sub_frisches_gemuese,sub_frisches_obst,tag_ultra_processed,tag_whole_food",,ref_000414,,
Chi Chi Love,Keine Marke,"€ 9,99",,Kein Mengenpreis,"Funktionsplüsch, kabelgesteuert, läuft, bellt und wackelt mit dem Schwanz17 cm",Nein,"Wochenangebote gültig von Montag, 16.03.26 - Samstag, 21.03.26",16.03.26,21.03.26,images_netto/netto_offer_415.png,"cat_obst_gemuese,diet_gluten_free,diet_lactose_free,diet_vegan,diet_vegetarian,sub_frisches_gemuese,sub_frisches_obst,tag_ultra_processed,tag_whole_food",,ref_000415,obs_0000024835,
Bademantel,Kinder,"€ 9,99",,Kein Mengenpreis,"mit Kapuze, aufgesetzten Taschen und Lizenzpatch",Nein,"Wochenangebote gültig von Montag, 16.03.26 - Samstag, 21.03.26",16.03.26,21.03.26,images_netto/netto_offer_416.png,"cat_knabbern_naschen,tag_ultra_processed",,ref_000416,obs_0000015372|obs_0000018849|obs_0000023746|obs_0000016709|obs_0000019668|obs_0000021978|obs_0000015715|obs_0000016739|obs_0000001383|obs_0000020988|obs_0000017490|obs_0000011610|obs_0000009698|obs_0000024043|obs_0000014586|obs_0000004502|obs_0000003648|obs_0000011611|obs_0000003560|obs_0000000237|obs_0000004075|obs_0000025427|obs_0000027880,obs_0000015372|obs_0000018849|obs_0000023746|obs_0000016709|obs_0000019668|obs_0000021978|obs_0000015715|obs_0000016739|obs_0000001383|obs_0000020988
LEGO Osterspaß,Keine Marke,"€ 9,99",,Kein Mengenpreis,"mit zahlreichen Bauelementen und grenzenlosen Bauideen, enthält Bauelemente, Sticker und Bastelstanzbögen",Nein,"Wochenangebote gültig von Montag, 16.03.26 - Samstag, 21.03.26",16.03.26,21.03.26,images_netto/netto_offer_417.png,"cat_obst_gemuese,diet_gluten_free,diet_lactose_free,diet_vegan,diet_vegetarian,tag_ultra_processed,tag_whole_food",,ref_000417,obs_0000026286,
Funko-Pop Vinylfigur,Keine Marke,"€ 9,99",,Kein Mengenpreis,versch. Figuren,Nein,"Wochenangebote gültig von Montag, 16.03.26 - Samstag, 21.03.26",16.03.26,21.03.26,images_netto/netto_offer_418.png,"cat_obst_gemuese,diet_gluten_free,diet_lactose_free,diet_vegan,diet_vegetarian,sub_frisches_gemuese,sub_frisches_obst,tag_ultra_processed,tag_whole_food",,ref_000418,,
Bayerische Puten-Schnitzel,Keine Marke,"€ 4,44","€ 5,59",8.88 / kg,"mager, dünn geschnitten",Nein,"Samstagskracher gültig am Samstag, 21.03.26",21.03.26,21.03.26,images_netto/netto_offer_419.png,"cat_fleisch_wurst,sub_gefluegel,tag_whole_food",,ref_000419,obs_0000028348|obs_0000027768|obs_0000029031|obs_0000000159|obs_0000024362|obs_0000025747|obs_0000027100|obs_0000029377|obs_0000025469|obs_0000000700|obs_0000005037,obs_0000027911|obs_0000029031
Sauerkirschen,Keine Marke,"€ 5,3","€ 7,38",7.14 / kg,leicht gezuckert Einzelpreis: 3.69 (10.54 / kg),Nein,"Samstagskracher gültig am Samstag, 21.03.26",21.03.26,21.03.26,images_netto/netto_offer_420.png,"cat_obst_gemuese,diet_gluten_free,diet_lactose_free,diet_vegan,diet_vegetarian,sub_tk_fertiggerichte,tag_ultra_processed,tag_whole_food",BLS-F212100,ref_000420,obs_0000026338,obs_0000026338
Spargel weiß violett,Keine Marke,"€ 3,99","€ 4,99",7.98 / kg,"Griechenland/Peru, Kl. II",Nein,"Samstagskracher gültig am Samstag, 21.03.26",21.03.26,21.03.26,images_netto/netto_offer_421.png,"cat_obst_gemuese,diet_gluten_free,diet_lactose_free,diet_vegan,diet_vegetarian,sub_frisches_gemuese,tag_whole_food",,ref_000421,obs_0000006760,
Bueno oder Kinder Country,Kinder,"€ 1,79","€ 3,29",7.62 - 15.30 / kg,versch. Sorten,Nein,"Samstagskracher gültig am Samstag, 21.03.26",21.03.26,21.03.26,images_netto/netto_offer_422.png,"cat_knabbern_naschen,tag_ultra_processed",,ref_000422,obs_0000016896|obs_0000017002|obs_0000009073|obs_0000017807|obs_0000009658|obs_0000027134|obs_0000027221|obs_0000019294|obs_0000020113|obs_0000028433|obs_0000028554|obs_0000020960|obs_0000021012|obs_0000029469|obs_0000029470|obs_0000005258|obs_0000030475|obs_0000006019|obs_0000006021|obs_0000014893|obs_0000006732|obs_0000006733|obs_0000023253|obs_0000023533|obs_0000015689|obs_0000024468|obs_0000010351|obs_0000010392|obs_0000011667|obs_0000021119|obs_0000021413|obs_0000013353|obs_0000021831|obs_0000013983,
Felix Katzennahrung,Keine Marke,"€ 10,99","€ 14,29",3.23 / kg,versch. Sorten,Nein,"Samstagskracher gültig am Samstag, 21.03.26",21.03.26,21.03.26,images_netto/netto_offer_423.png,cat_tiernahrung,,ref_000423,obs_0000030244|obs_0000024898|obs_0000026488|obs_0000006219|obs_0000029506|obs_0000005649|obs_0000005463|obs_0000007573|obs_0000011937|obs_0000012832|obs_0000012923|obs_0000014058|obs_0000014226|obs_0000024568|obs_0000025948|obs_0000031005|obs_0000031920|obs_0000008050,obs_0000024898|obs_0000026488|obs_0000030244
Hasseröder Premium Pils,Keine Marke,"€ 8,88","€ 17,99",0.89 / l,,Nein,"Samstagskracher gültig am Samstag, 21.03.26",21.03.26,21.03.26,images_netto/netto_offer_424.png,"cat_getraenke,diet_gluten_free,diet_lactose_free,diet_vegetarian",,ref_000424,obs_0000027370|obs_0000028054|obs_0000028522|obs_0000028734|obs_0000027325|obs_0000007633|obs_0000008059|obs_0000009149|obs_0000009925|obs_0000010202|obs_0000010592|obs_0000010594|obs_0000011040|obs_0000011891|obs_0000012108|obs_0000012922|obs_0000014463|obs_0000015086|obs_0000025010|obs_0000025687|obs_0000025972|obs_0000026647|obs_0000026702|obs_0000026762|obs_0000026822|obs_0000026861|obs_0000031359|obs_0000031896|obs_0000007452|obs_0000024135|obs_0000000370|obs_0000002827|obs_0000003854|obs_0000004281|obs_0000004708|obs_0000007913|obs_0000009566|obs_0000009611|obs_0000010201|obs_0000011041|obs_0000011894|obs_0000012317|obs_0000012727|obs_0000014466|obs_0000015103|obs_0000015772|obs_0000018181|obs_0000022281|obs_0000022701|obs_0000024189,obs_0000027370|obs_0000028054|obs_0000028522|obs_0000028734
