Produkt,Marke,Preis,Vorheriger Preis,Preis_kg,Hinweis,Nur_online,Gueltig_raw,Gueltig_von,Gueltig_bis,Bildpfad,assigned_labels
Haribo Fruchtgummi,Keine Marke,"€ 3,7","€ 4,76",4.29 – 4.69 / kg,versch. Sorten Einzelpreis: 1.19 (6.80 – 7.44 / kg),Nein,"Wochenangebote gültig von Montag, 09.03.26 - Samstag, 14.03.26",09.03.26,14.03.26,images_netto/netto_offer_001.png,"cat_knabbern_naschen,diet_gluten_free,diet_lactose_free,diet_vegan,diet_vegetarian,tag_ultra_processed,tag_whole_food"
Rapso Rapsöl,Keine Marke,"€ 10,9","€ 14,97",4.44 / l,Einzelpreis: 4.99 (6.65 / l),Nein,"Wochenangebote gültig von Montag, 09.03.26 - Samstag, 14.03.26",09.03.26,14.03.26,images_netto/netto_offer_002.png,"cat_grundnahrung,diet_gluten_free,diet_lactose_free,diet_vegan,diet_vegetarian,tag_whole_food"
Eintöpfe,Keine Marke,"€ 7,4","€ 9,45",1.75 / kg,versch. Sorten Einzelpreis: 1.89 (2.36 / kg),Nein,"Wochenangebote gültig von Montag, 09.03.26 - Samstag, 14.03.26",09.03.26,14.03.26,images_netto/netto_offer_003.png,"cat_obst_gemuese,diet_gluten_free,diet_lactose_free,diet_vegan,diet_vegetarian,sub_exoten,sub_frisches_gemuese,sub_frisches_obst,tag_ultra_processed,tag_whole_food"
Gewürzgurken,Keine Marke,"€ 12,2","€ 14,28",2.78 / kg,Einzelpreis: 1.19 (3.31 / kg),Nein,"Wochenangebote gültig von Montag, 09.03.26 - Samstag, 14.03.26",09.03.26,14.03.26,images_netto/netto_offer_004.png,"cat_obst_gemuese,diet_gluten_free,diet_lactose_free,diet_vegan,diet_vegetarian,sub_frisches_gemuese,tag_whole_food"
Chiquita Avocado,Keine Marke,"€ 0,88","€ 1,39",Kein Mengenpreis,"Israel/Marokko, Kl. I, Sorte: Hass",Nein,"Wochenangebote gültig von Montag, 09.03.26 - Samstag, 14.03.26",09.03.26,14.03.26,images_netto/netto_offer_005.png,"cat_obst_gemuese,diet_gluten_free,diet_lactose_free,diet_vegan,diet_vegetarian,sub_frisches_obst,tag_ultra_processed,tag_whole_food"
Albi Saft oder Nektar,Keine Marke,"€ 1,49","€ 2,49",Kein Mengenpreis,versch. Sorten,Nein,"Wochenangebote gültig von Montag, 09.03.26 - Samstag, 14.03.26",09.03.26,14.03.26,images_netto/netto_offer_006.png,"cat_getraenke,diet_gluten_free,diet_lactose_free,diet_vegan,diet_vegetarian,tag_ultra_processed,tag_whole_food"
Hähnchen-Brustfilet,Keine Marke,"€ 7,99","€ 9,99",Kein Mengenpreis,mager,Nein,"Wochenangebote gültig von Montag, 09.03.26 - Samstag, 14.03.26",09.03.26,14.03.26,images_netto/netto_offer_007.png,"cat_fleisch_wurst,diet_gluten_free,diet_lactose_free,sub_gefluegel,tag_high_protein,tag_proteinreich,tag_whole_food"
Milchschnitte,Ferrero,"€ 1,99","€ 2,99",7.11 / kg,"gekühlt, versch. Sorten",Nein,"Wochenangebote gültig von Montag, 09.03.26 - Samstag, 14.03.26",09.03.26,14.03.26,images_netto/netto_offer_008.png,"cat_knabbern_naschen,diet_vegetarian,sub_milchprodukte,tag_ultra_processed"
Käsescheiben,Milram,"€ 1,49","€ 2,59",9.93 / kg,"gekühlt, versch. Sorten",Nein,"Wochenangebote gültig von Montag, 09.03.26 - Samstag, 14.03.26",09.03.26,14.03.26,images_netto/netto_offer_009.png,"cat_molkerei_kaese,sub_kaese,sub_milchprodukte"
Premium Biere,Keine Marke,"€ 7,99","€ 9,99",0.80 / l,versch. Sorten,Nein,"Wochenangebote gültig von Montag, 09.03.26 - Samstag, 14.03.26",09.03.26,14.03.26,images_netto/netto_offer_010.png,"cat_getraenke,diet_gluten_free,diet_lactose_free,diet_vegan,diet_vegetarian,tag_whole_food"
Schnittbrötchen,Keine Marke,"€ 1,3","€ 1,33",Kein Mengenpreis,Einzelpreis: 0.19 Gilt nur in Filialen mit Backautomat!,Nein,"Wochenangebote gültig von Montag, 09.03.26 - Samstag, 14.03.26",09.03.26,14.03.26,images_netto/netto_offer_011.png,"cat_grundnahrung,diet_vegetarian,tag_ultra_processed,tag_whole_food"
Fix,Maggi,"€ 0,49","€ 1,09",5.33 - 18.85 / kg,versch. Sorten,Nein,"Wochenangebote gültig von Montag, 09.03.26 - Samstag, 14.03.26",09.03.26,14.03.26,images_netto/netto_offer_012.png,"cat_grundnahrung,tag_ultra_processed"
Ritter Sport Bunte Vielfalt,Keine Marke,"€ 1,11","€ 1,99",11.10 / kg,versch. Sorten,Nein,"Wochenangebote gültig von Montag, 09.03.26 - Samstag, 14.03.26",09.03.26,14.03.26,images_netto/netto_offer_013.png,"cat_knabbern_naschen,diet_gluten_free,diet_vegetarian,tag_ultra_processed"
Glücksblatt Toilettenpapier,Keine Marke,"€ 5,99","€ 7,29",Kein Mengenpreis,3-lagig,Nein,"Wochenangebote gültig von Montag, 09.03.26 - Samstag, 14.03.26",09.03.26,14.03.26,images_netto/netto_offer_014.png,"cat_drogerie,diet_gluten_free,diet_lactose_free,diet_vegan,diet_vegetarian,tag_whole_food"
Auslese Harmonie oder Barista,Melitta,"€ 6,49","€ 9,29",12.98 / kg,"Kaffee gemahlen, versch. Sorten",Nein,"Wochenangebote gültig von Montag, 09.03.26 - Samstag, 14.03.26",09.03.26,14.03.26,images_netto/netto_offer_015.png,"cat_getraenke,diet_gluten_free,diet_lactose_free,diet_vegan,diet_vegetarian,tag_ultra_processed"
Schmutzfangmatte,Keine Marke,"€ 3,99",,Kein Mengenpreis,"robuste Kunstfasern für lange Lebensdauer, geeignet für den Innen- und überdachten Außenbereich, optimale Schmutzaufnahme und rutschfest versch. Größen: ca. 38 x 58 cm, ca. 59 x 89 cm, ca. 90 x 150 cm",Nein,"Wochenangebote gültig von Montag, 09.03.26 - Samstag, 14.03.26",09.03.26,14.03.26,images_netto/netto_offer_016.png,"cat_obst_gemuese,diet_gluten_free,diet_lactose_free,diet_vegan,diet_vegetarian,tag_whole_food"
Suppengemüse,Keine Marke,"€ 1,0","€ 1,29",2.- / kg,,Nein,"Wochenangebote gültig von Montag, 09.03.26 - Samstag, 14.03.26",09.03.26,14.03.26,images_netto/netto_offer_017.png,"cat_obst_gemuese,diet_gluten_free,diet_lactose_free,diet_vegan,diet_vegetarian,sub_frisches_gemuese,sub_tk_gemuese,tag_whole_food"
Mini-Romana Salat,Keine Marke,"€ 1,0","€ 1,29",Kein Mengenpreis,"Spanien, Kl. I",Nein,"Wochenangebote gültig von Montag, 09.03.26 - Samstag, 14.03.26",09.03.26,14.03.26,images_netto/netto_offer_018.png,"cat_obst_gemuese,diet_gluten_free,diet_lactose_free,diet_vegan,diet_vegetarian,sub_frisches_gemuese,sub_salate,tag_ultra_processed,tag_whole_food"
Buchenpilze,Keine Marke,"€ 1,0","€ 1,49",6.67 / kg,"China, Kl. I",Nein,"Wochenangebote gültig von Montag, 09.03.26 - Samstag, 14.03.26",09.03.26,14.03.26,images_netto/netto_offer_019.png,"cat_obst_gemuese,diet_gluten_free,diet_lactose_free,diet_vegan,diet_vegetarian,tag_ultra_processed,tag_whole_food"
Speisekartoffeln,Keine Marke,"€ 1,0","€ 1,49",0.67 / kg,Deutschland,Nein,"Wochenangebote gültig von Montag, 09.03.26 - Samstag, 14.03.26",09.03.26,14.03.26,images_netto/netto_offer_020.png,"cat_obst_gemuese,diet_gluten_free,diet_lactose_free,diet_vegan,diet_vegetarian,sub_frisches_gemuese,sub_kartoffeln,tag_ultra_processed,tag_whole_food"
Zwiebeln,Keine Marke,"€ 1,0",,1.33 / kg,Deutschland,Nein,"Wochenangebote gültig von Montag, 09.03.26 - Samstag, 14.03.26",09.03.26,14.03.26,images_netto/netto_offer_021.png,"cat_obst_gemuese,diet_gluten_free,diet_lactose_free,diet_vegan,diet_vegetarian,sub_frisches_gemuese,tag_whole_food"
Apfel Kanzi,Keine Marke,"€ 1,0","€ 1,49",1.92 / kg,"Deutschland/Italien, Kl. I",Nein,"Wochenangebote gültig von Montag, 09.03.26 - Samstag, 14.03.26",09.03.26,14.03.26,images_netto/netto_offer_022.png,"cat_obst_gemuese,diet_gluten_free,diet_lactose_free,diet_vegan,diet_vegetarian,sub_exoten,sub_frisches_obst,tag_ultra_processed,tag_whole_food"
Zitronen,Keine Marke,"€ 1,0","€ 1,39",2.- / kg,"Italien/Spanien, Kl. I",Nein,"Wochenangebote gültig von Montag, 09.03.26 - Samstag, 14.03.26",09.03.26,14.03.26,images_netto/netto_offer_023.png,"cat_obst_gemuese,diet_gluten_free,diet_lactose_free,diet_vegan,diet_vegetarian,sub_frisches_obst,tag_whole_food"
Möhren,Keine Marke,"€ 1,0","€ 1,59",0.50 / kg,"Deutschland, Kl. I",Nein,"Wochenangebote gültig von Montag, 09.03.26 - Samstag, 14.03.26",09.03.26,14.03.26,images_netto/netto_offer_024.png,"cat_obst_gemuese,diet_gluten_free,diet_lactose_free,diet_vegan,diet_vegetarian,sub_exoten,sub_frisches_gemuese,sub_frisches_obst,tag_whole_food"
Chiquita Mango,Keine Marke,"€ 1,19","€ 1,69",Kein Mengenpreis,"Brasilien/Peru, Kl. I",Nein,"Wochenangebote gültig von Montag, 09.03.26 - Samstag, 14.03.26",09.03.26,14.03.26,images_netto/netto_offer_025.png,"cat_obst_gemuese,diet_gluten_free,diet_lactose_free,diet_vegan,diet_vegetarian,sub_exoten,sub_frisches_obst,tag_ultra_processed,tag_whole_food"
Chiquita Passionsfrüchte,Keine Marke,"€ 1,69","€ 1,99",Kein Mengenpreis,Kolumbien,Nein,"Wochenangebote gültig von Montag, 09.03.26 - Samstag, 14.03.26",09.03.26,14.03.26,images_netto/netto_offer_026.png,"cat_obst_gemuese,diet_gluten_free,diet_lactose_free,diet_vegan,diet_vegetarian,sub_exoten,sub_frisches_obst,tag_ultra_processed,tag_whole_food"
Chiquita Trockenfrüchte,Keine Marke,"€ 1,99","€ 2,49",19.90 / kg,"getrocknet, versch. Sorten",Nein,"Wochenangebote gültig von Montag, 09.03.26 - Samstag, 14.03.26",09.03.26,14.03.26,images_netto/netto_offer_027.png,"cat_obst_gemuese,diet_gluten_free,diet_lactose_free,diet_vegan,diet_vegetarian,sub_exoten,sub_frisches_obst,tag_ultra_processed,tag_whole_food"
Salami-Sortiment,Keine Marke,"€ 2,22","€ 4,58",13.88 / kg,versch. Sorten Einzelpreis: 2.29 (28.63 / kg),Nein,"Wochenangebote gültig von Montag, 09.03.26 - Samstag, 14.03.26",09.03.26,14.03.26,images_netto/netto_offer_028.png,"cat_fleisch_wurst,diet_gluten_free,diet_lactose_free,diet_vegan,diet_vegetarian,sub_wurst,tag_ultra_processed,tag_whole_food"
Pfälzer Leberwurst,Keine Marke,"€ 1,49","€ 1,69",7.45 / kg,,Nein,"Wochenangebote gültig von Montag, 09.03.26 - Samstag, 14.03.26",09.03.26,14.03.26,images_netto/netto_offer_029.png,"cat_fleisch_wurst,diet_gluten_free,diet_lactose_free,diet_vegan,diet_vegetarian,sub_wurst,tag_ultra_processed,tag_whole_food"
Snack It Kabanossi to go,Keine Marke,"€ 0,88","€ 0,99",17.60 / kg,versch. Sorten,Nein,"Wochenangebote gültig von Montag, 09.03.26 - Samstag, 14.03.26",09.03.26,14.03.26,images_netto/netto_offer_030.png,"cat_fleisch_wurst,diet_gluten_free,diet_lactose_free,diet_vegan,diet_vegetarian,sub_schwein,sub_wurst,tag_ultra_processed,tag_whole_food"
Käsekrainer oder Debrecziner,Keine Marke,"€ 3,49","€ 4,49",8.73 / kg,,Nein,"Wochenangebote gültig von Montag, 09.03.26 - Samstag, 14.03.26",09.03.26,14.03.26,images_netto/netto_offer_031.png,"cat_getraenke,diet_gluten_free,diet_lactose_free,diet_vegan,diet_vegetarian,sub_kaese,tag_ultra_processed"
Frikadellen,Keine Marke,"€ 2,49","€ 2,99",4.98 / kg,versch. Sorten Regionale Verpackungsabweichungen möglich,Nein,"Wochenangebote gültig von Montag, 09.03.26 - Samstag, 14.03.26",09.03.26,14.03.26,images_netto/netto_offer_032.png,"cat_obst_gemuese,diet_gluten_free,diet_lactose_free,diet_vegan,diet_vegetarian,sub_frisches_gemuese,tag_ultra_processed,tag_whole_food"
Chicken Nuggets,Keine Marke,"€ 4,49","€ 5,99",5.99 / kg,paniert und gebraten,Nein,"Wochenangebote gültig von Montag, 09.03.26 - Samstag, 14.03.26",09.03.26,14.03.26,images_netto/netto_offer_033.png,"cat_tiefkuehl,diet_gluten_free,diet_lactose_free,diet_vegan,diet_vegetarian,sub_gefluegel,sub_tk_fertiggerichte,tag_ultra_processed,tag_whole_food"
Tulip Frühstücksfleisch,Keine Marke,"€ 2,4","€ 2,49",5.88 / kg,,Nein,"Wochenangebote gültig von Montag, 09.03.26 - Samstag, 14.03.26",09.03.26,14.03.26,images_netto/netto_offer_034.png,"cat_fleisch_wurst,diet_gluten_free,diet_lactose_free,diet_vegan,diet_vegetarian,tag_ultra_processed,tag_whole_food"
Bockwurst,Keine Marke,"€ 4,99","€ 6,99",5.87 / kg,goldgelb geräuchert,Nein,"Wochenangebote gültig von Montag, 09.03.26 - Samstag, 14.03.26",09.03.26,14.03.26,images_netto/netto_offer_035.png,"cat_obst_gemuese,diet_gluten_free,diet_lactose_free,diet_vegan,diet_vegetarian,sub_exoten,sub_frisches_obst,sub_wurst,tag_ultra_processed,tag_whole_food"
Rinder Hackfleisch,Keine Marke,"€ 5,49","€ 6,19",10.98 / kg,zum Braten,Nein,"Wochenangebote gültig von Montag, 09.03.26 - Samstag, 14.03.26",09.03.26,14.03.26,images_netto/netto_offer_036.png,"cat_fleisch_wurst,sub_hackfleisch,sub_rind,tag_proteinreich,tag_ultra_processed,tag_whole_food"
Mais-Hähnchenschenkel,Keine Marke,"€ 3,99","€ 4,99",3.63 / kg,"natur, Hkl. A",Nein,"Wochenangebote gültig von Montag, 09.03.26 - Samstag, 14.03.26",09.03.26,14.03.26,images_netto/netto_offer_037.png,"cat_fleisch_wurst,diet_gluten_free,diet_lactose_free,sub_gefluegel,tag_proteinreich,tag_whole_food"
Bayerisches Puten-Geschnetzeltes,Keine Marke,"€ 3,79","€ 4,59",9.48 / kg,aus der mageren Brust geschnitten,Nein,"Wochenangebote gültig von Montag, 09.03.26 - Samstag, 14.03.26",09.03.26,14.03.26,images_netto/netto_offer_038.png,"cat_fleisch_wurst,diet_lactose_free,sub_gefluegel,tag_high_protein,tag_proteinreich,tag_whole_food"
Schweine-Rouladen,Keine Marke,"€ 5,99","€ 7,99",7.49 / kg,zart und mager,Nein,"Wochenangebote gültig von Montag, 09.03.26 - Samstag, 14.03.26",09.03.26,14.03.26,images_netto/netto_offer_039.png,"cat_fleisch_wurst,diet_gluten_free,diet_lactose_free,diet_vegan,diet_vegetarian,sub_schwein,tag_proteinreich,tag_whole_food"
Wade vom Jungbullen,Keine Marke,"€ 1,29","€ 1,79",12.90 / kg,"vakuumverpackt, ca. 1 kg",Nein,"Wochenangebote gültig von Montag, 09.03.26 - Samstag, 14.03.26",09.03.26,14.03.26,images_netto/netto_offer_040.png,"cat_fleisch_wurst,diet_gluten_free,diet_lactose_free,diet_vegan,diet_vegetarian,sub_rind,tag_ultra_processed,tag_whole_food"
Hähnchen-Minutenschnitzel,Keine Marke,"€ 4,99",,6.24 / kg,paniert,Nein,"Wochenangebote gültig von Montag, 09.03.26 - Samstag, 14.03.26",09.03.26,14.03.26,images_netto/netto_offer_041.png,"cat_fleisch_wurst,diet_lactose_free,sub_gefluegel,tag_proteinreich,tag_ultra_processed,tag_whole_food"
Prager Schinken,Keine Marke,"€ 5,99","€ 9,99",Kein Mengenpreis,"vom Schwein, gepökelt und geräuchert, vakuumverpackt, ca. 1,6 kg",Nein,"Wochenangebote gültig von Montag, 09.03.26 - Samstag, 14.03.26",09.03.26,14.03.26,images_netto/netto_offer_042.png,"cat_fleisch_wurst,diet_gluten_free,diet_lactose_free,diet_vegan,diet_vegetarian,sub_schwein,sub_wurst,tag_ultra_processed,tag_whole_food"
Milchreis,Müller,"€ 0,44","€ 0,99",2.20 – 2.44 / kg,"gekühlt, versch. Sorten",Nein,"Wochenangebote gültig von Montag, 09.03.26 - Samstag, 14.03.26",09.03.26,14.03.26,images_netto/netto_offer_043.png,"cat_molkerei_kaese,diet_vegetarian,sub_milchprodukte,sub_reis,tag_ultra_processed"
Bresso Frischkäse,Keine Marke,"€ 2,50","€ 4,78",8.33 / kg,"gekühlt, versch. Sorten Einzelpreis: 2.39 (15.93 / kg)",Nein,"Wochenangebote gültig von Montag, 09.03.26 - Samstag, 14.03.26",09.03.26,14.03.26,images_netto/netto_offer_044.png,"cat_molkerei_kaese,diet_lactose_free,diet_vegan,diet_vegetarian,sub_kaese,sub_milchprodukte,tag_ultra_processed"
Almighurt Mousse,Keine Marke,"€ 1,0","€ 1,49",5.- / kg,"gekühlt, versch. Sorten",Nein,"Wochenangebote gültig von Montag, 09.03.26 - Samstag, 14.03.26",09.03.26,14.03.26,images_netto/netto_offer_045.png,"cat_molkerei_kaese,diet_gluten_free,diet_lactose_free,diet_vegan,diet_vegetarian,sub_joghurt_skyr_quark,sub_milchprodukte,tag_ultra_processed,tag_whole_food"
Lätta,Keine Marke,"€ 1,29","€ 2,29",2.87 / kg,versch. Sorten,Nein,"Wochenangebote gültig von Montag, 09.03.26 - Samstag, 14.03.26",09.03.26,14.03.26,images_netto/netto_offer_046.png,"cat_obst_gemuese,diet_gluten_free,diet_lactose_free,diet_vegan,diet_vegetarian,sub_exoten,sub_frisches_gemuese,sub_frisches_obst,tag_ultra_processed,tag_whole_food"
Coppenrath Wiese Meistertorte,Keine Marke,"€ 5,49","€ 8,49",4.58 - 8.85 / kg,"tiefgekühlt, versch. Sorten",Nein,"Wochenangebote gültig von Montag, 09.03.26 - Samstag, 14.03.26",09.03.26,14.03.26,images_netto/netto_offer_047.png,"cat_grundnahrung,diet_gluten_free,diet_lactose_free,diet_vegan,diet_vegetarian,tag_ultra_processed"
Gemüse,Keine Marke,"€ 1,99","€ 2,39",Kein Mengenpreis,"tiefgekühlt, versch. Sorten",Nein,"Wochenangebote gültig von Montag, 09.03.26 - Samstag, 14.03.26",09.03.26,14.03.26,images_netto/netto_offer_048.png,"cat_tiefkuehl,diet_gluten_free,diet_lactose_free,diet_vegan,diet_vegetarian,sub_exoten,sub_frisches_gemuese,sub_frisches_obst,sub_tk_fertiggerichte,sub_tk_gemuese,tag_ultra_processed,tag_whole_food"
Robby Monsterbacke Fruchtquark,Keine Marke,"€ 1,29","€ 1,59",4.30 / kg,"gekühlt, versch. Sorten",Nein,"Wochenangebote gültig von Montag, 09.03.26 - Samstag, 14.03.26",09.03.26,14.03.26,images_netto/netto_offer_049.png,"cat_obst_gemuese,diet_gluten_free,diet_lactose_free,diet_vegan,diet_vegetarian,tag_ultra_processed"
Henglein frische Teigwaren,Keine Marke,"€ 2,99","€ 4,49",Kein Mengenpreis,"gekühlt, versch. Sorten",Nein,"Wochenangebote gültig von Montag, 09.03.26 - Samstag, 14.03.26",09.03.26,14.03.26,images_netto/netto_offer_050.png,"cat_grundnahrung,diet_lactose_free,diet_vegan,diet_vegetarian,sub_kartoffeln,sub_nudeln,tag_whole_food"
Knack Back Pizza-Kit,Keine Marke,"€ 2,29","€ 2,99",3.82 / kg,"gekühlt, mit Tomatensauce",Nein,"Wochenangebote gültig von Montag, 09.03.26 - Samstag, 14.03.26",09.03.26,14.03.26,images_netto/netto_offer_051.png,"cat_tiefkuehl,diet_lactose_free,diet_vegetarian,tag_ultra_processed"
Schokoladenmilch,Milka,"€ 1,99","€ 2,49",2.65 / l,,Nein,"Wochenangebote gültig von Montag, 09.03.26 - Samstag, 14.03.26",09.03.26,14.03.26,images_netto/netto_offer_052.png,"cat_knabbern_naschen,diet_vegetarian,sub_milchprodukte,tag_ultra_processed"
Frische Milch,Weihenstephan,"€ 1,0",,Kein Mengenpreis,"gekühlt, 1,5% oder 3,5% Fett",Nein,"Wochenangebote gültig von Montag, 09.03.26 - Samstag, 14.03.26",09.03.26,14.03.26,images_netto/netto_offer_053.png,"cat_molkerei_kaese,diet_gluten_free,diet_vegetarian,sub_milchprodukte"
Kalinka Kefir oder Ayran,Müller,"€ 0,89","€ 1,29",1.78 / kg,gekühlt,Nein,"Wochenangebote gültig von Montag, 09.03.26 - Samstag, 14.03.26",09.03.26,14.03.26,images_netto/netto_offer_054.png,"cat_getraenke,diet_vegetarian,sub_joghurt_skyr_quark,sub_milchprodukte,tag_ultra_processed"
Gewürzquark,Milram,"€ 1,99","€ 2,95",5.25 / kg,"gekühlt, versch. Sorten",Nein,"Wochenangebote gültig von Montag, 09.03.26 - Samstag, 14.03.26",09.03.26,14.03.26,images_netto/netto_offer_055.png,"cat_molkerei_kaese,diet_vegetarian,sub_kaese,sub_milchprodukte"
Quäse Minis,Loose,"€ 1,69","€ 2,99",14.70 / kg,"gekühlt, versch. Sorten",Nein,"Wochenangebote gültig von Montag, 09.03.26 - Samstag, 14.03.26",09.03.26,14.03.26,images_netto/netto_offer_056.png,"cat_molkerei_kaese,diet_gluten_free,diet_lactose_free,diet_vegan,diet_vegetarian,sub_kaese,sub_milchprodukte,tag_ultra_processed"
Olympus Feta oder Schafskäse,Keine Marke,"€ 1,99","€ 2,59",13.27 / kg,"gekühlt, versch. Sorten",Nein,"Wochenangebote gültig von Montag, 09.03.26 - Samstag, 14.03.26",09.03.26,14.03.26,images_netto/netto_offer_057.png,"cat_molkerei_kaese,diet_gluten_free,diet_lactose_free,diet_vegan,diet_vegetarian,sub_kaese,sub_milchprodukte,tag_ultra_processed"
Ferdi Fuchs Käse,Keine Marke,"€ 1,49","€ 1,79",18.63 / kg,"gekühlt, versch. Sorten",Nein,"Wochenangebote gültig von Montag, 09.03.26 - Samstag, 14.03.26",09.03.26,14.03.26,images_netto/netto_offer_058.png,"cat_molkerei_kaese,diet_gluten_free,diet_lactose_free,diet_vegan,diet_vegetarian,sub_kaese,sub_milchprodukte,tag_ultra_processed,tag_whole_food"
Weichkäse,Le Rustique,"€ 2,79","€ 3,99",11.16 - 13.95 / kg,"gekühlt, versch. Sorten",Nein,"Wochenangebote gültig von Montag, 09.03.26 - Samstag, 14.03.26",09.03.26,14.03.26,images_netto/netto_offer_059.png,"cat_molkerei_kaese,sub_kaese,sub_milchprodukte"
Fischstäbchen oder Backfischstäbchen,Iglo,"€ 2,99","€ 4,49",6.64 - 8.21 / kg,tiefgekühlt,Nein,"Wochenangebote gültig von Montag, 09.03.26 - Samstag, 14.03.26",09.03.26,14.03.26,images_netto/netto_offer_060.png,"cat_tiefkuehl,sub_tk_fertiggerichte,tag_ultra_processed"
Rügenwalder veganer Aufschnitt,Keine Marke,"€ 1,39","€ 1,59",17.38 – 19.86 / kg,"gekühlt, versch. Sorten",Nein,"Wochenangebote gültig von Montag, 09.03.26 - Samstag, 14.03.26",09.03.26,14.03.26,images_netto/netto_offer_061.png,"cat_fleisch_wurst,diet_lactose_free,diet_vegan,diet_vegetarian,sub_fleischersatz,sub_wurst,tag_ultra_processed"
Italpizza Numero Uno,Keine Marke,"€ 2,22","€ 3,69",5.05 - 5.41 / kg,"tiefgekühlt, versch. Sorten",Nein,"Wochenangebote gültig von Montag, 09.03.26 - Samstag, 14.03.26",09.03.26,14.03.26,images_netto/netto_offer_062.png,"cat_tiefkuehl,diet_gluten_free,diet_lactose_free,diet_vegan,diet_vegetarian,sub_exoten,sub_frisches_obst,sub_tk_pizza,tag_ultra_processed,tag_whole_food"
Agromonte Tomatensoße,Keine Marke,"€ 1,49","€ 2,49",4.52 / kg,versch. Sorten,Nein,"Wochenangebote gültig von Montag, 09.03.26 - Samstag, 14.03.26",09.03.26,14.03.26,images_netto/netto_offer_063.png,"cat_obst_gemuese,diet_gluten_free,diet_lactose_free,diet_vegan,diet_vegetarian,sub_frisches_gemuese,tag_ultra_processed,tag_whole_food"
Lavazza,Lavazza,"€ 13,99","€ 20,99",Kein Mengenpreis,"ganze Kaffeebohnen, versch. Sorten",Nein,"Wochenangebote gültig von Montag, 09.03.26 - Samstag, 14.03.26",09.03.26,14.03.26,images_netto/netto_offer_064.png,"cat_tiefkuehl,tag_ultra_processed"
Casa Zarrella Bruschetta Tomate,Keine Marke,"€ 2,49","€ 2,99",13.83 / kg,,Nein,"Wochenangebote gültig von Montag, 09.03.26 - Samstag, 14.03.26",09.03.26,14.03.26,images_netto/netto_offer_065.png,"cat_obst_gemuese,diet_gluten_free,diet_lactose_free,diet_vegan,diet_vegetarian,sub_frisches_gemuese,tag_whole_food"
Casa Zarrella Taggiasca Oliven,Keine Marke,"€ 4,99","€ 5,99",31.19 / kg,in Olivenöl eingelegt,Nein,"Wochenangebote gültig von Montag, 09.03.26 - Samstag, 14.03.26",09.03.26,14.03.26,images_netto/netto_offer_066.png,"cat_obst_gemuese,diet_gluten_free,diet_lactose_free,diet_vegan,diet_vegetarian,tag_ultra_processed,tag_whole_food"
Ciabatta,Keine Marke,"€ 1,5","€ 1,58",1.67 / kg,nach traditioneller italienischer ArtEinzelpreis: 0.79 (2.63 / kg) Gilt nur in Filialen mit Backautomat!,Nein,"Wochenangebote gültig von Montag, 09.03.26 - Samstag, 14.03.26",09.03.26,14.03.26,images_netto/netto_offer_067.png,"cat_getraenke,diet_gluten_free,diet_lactose_free,diet_vegan,diet_vegetarian,tag_ultra_processed,tag_whole_food"
Pizza Margherita,Keine Marke,"€ 0,50","€ 0,95",Kein Mengenpreis,Gilt nur in Filialen mit Backautomat!,Nein,"Wochenangebote gültig von Montag, 09.03.26 - Samstag, 14.03.26",09.03.26,14.03.26,images_netto/netto_offer_068.png,"cat_tiefkuehl,diet_gluten_free,diet_lactose_free,diet_vegan,diet_vegetarian,sub_frisches_obst,sub_tk_pizza,tag_ultra_processed,tag_whole_food"
Pinsa Cesare,Keine Marke,"€ 1,49","€ 1,99",6.48 / kg,,Nein,"Wochenangebote gültig von Montag, 09.03.26 - Samstag, 14.03.26",09.03.26,14.03.26,images_netto/netto_offer_069.png,"cat_getraenke,diet_gluten_free,diet_lactose_free,diet_vegan,diet_vegetarian,tag_whole_food"
Casa Zarrella Artischocken,Keine Marke,"€ 2,99","€ 3,99",10.68 / kg,schonend gegrillt,Nein,"Wochenangebote gültig von Montag, 09.03.26 - Samstag, 14.03.26",09.03.26,14.03.26,images_netto/netto_offer_070.png,"cat_obst_gemuese,diet_gluten_free,diet_lactose_free,diet_vegan,diet_vegetarian,tag_ultra_processed,tag_whole_food"
Prosciutto Cotto,Keine Marke,"€ 2,29","€ 2,99",25.44 / kg,versch. Sorten,Nein,"Wochenangebote gültig von Montag, 09.03.26 - Samstag, 14.03.26",09.03.26,14.03.26,images_netto/netto_offer_071.png,"cat_fleisch_wurst,diet_gluten_free,diet_lactose_free,diet_vegan,diet_vegetarian,sub_schwein,sub_wurst,tag_high_protein,tag_proteinreich,tag_ultra_processed,tag_whole_food"
Prosciutto Crudo,Keine Marke,"€ 1,99","€ 2,29",24.88 / kg,"luftgetrocknet, 11 Monate gereift",Nein,"Wochenangebote gültig von Montag, 09.03.26 - Samstag, 14.03.26",09.03.26,14.03.26,images_netto/netto_offer_072.png,"cat_fleisch_wurst,diet_gluten_free,diet_lactose_free,diet_vegan,diet_vegetarian,sub_schwein,sub_wurst,tag_high_protein,tag_proteinreich,tag_ultra_processed,tag_whole_food"
Burrata,Keine Marke,"€ 1,49","€ 1,79",14.90 / kg,gekühlt,Nein,"Wochenangebote gültig von Montag, 09.03.26 - Samstag, 14.03.26",09.03.26,14.03.26,images_netto/netto_offer_073.png,"cat_obst_gemuese,diet_gluten_free,diet_lactose_free,diet_vegan,diet_vegetarian,tag_whole_food"
Panificio Italiano Veritas Tramezzini,Keine Marke,"€ 1,99","€ 2,49",7.96 / kg,,Nein,"Wochenangebote gültig von Montag, 09.03.26 - Samstag, 14.03.26",09.03.26,14.03.26,images_netto/netto_offer_074.png,"cat_obst_gemuese,diet_gluten_free,diet_lactose_free,diet_vegan,diet_vegetarian,sub_exoten,sub_frisches_obst,tag_whole_food"
Antipasti,Keine Marke,"€ 3,49",,11.63 / kg,"gekühlt, versch. Sorten",Nein,"Wochenangebote gültig von Montag, 09.03.26 - Samstag, 14.03.26",09.03.26,14.03.26,images_netto/netto_offer_075.png,"cat_obst_gemuese,diet_gluten_free,diet_lactose_free,diet_vegan,diet_vegetarian,sub_frisches_gemuese,tag_whole_food"
Thunfischfilet,Keine Marke,"€ 1,79","€ 1,99",7.46 - 10.65 / kg,versch. Sorten,Nein,"Wochenangebote gültig von Montag, 09.03.26 - Samstag, 14.03.26",09.03.26,14.03.26,images_netto/netto_offer_076.png,"cat_fisch_meeresfruechte,diet_gluten_free,diet_lactose_free,tag_high_protein,tag_proteinreich,tag_ultra_processed,tag_whole_food"
Sardellen,Keine Marke,"€ 2,22","€ 2,49",27.75 / kg,versch. Sorten,Nein,"Wochenangebote gültig von Montag, 09.03.26 - Samstag, 14.03.26",09.03.26,14.03.26,images_netto/netto_offer_077.png,"cat_obst_gemuese,diet_gluten_free,diet_lactose_free,diet_vegan,diet_vegetarian,tag_ultra_processed,tag_whole_food"
Mozzarella,Keine Marke,"€ 0,99","€ 1,29",7.92 / kg,gekühlt,Nein,"Wochenangebote gültig von Montag, 09.03.26 - Samstag, 14.03.26",09.03.26,14.03.26,images_netto/netto_offer_078.png,"cat_molkerei_kaese,diet_gluten_free,diet_lactose_free,diet_vegan,diet_vegetarian,sub_kaese,sub_milchprodukte,tag_ultra_processed,tag_whole_food"
Guanciale,Keine Marke,"€ 2,49","€ 3,29",24.90 / kg,luftgetrocknete Schweinebacke in Streifen geschnitten,Nein,"Wochenangebote gültig von Montag, 09.03.26 - Samstag, 14.03.26",09.03.26,14.03.26,images_netto/netto_offer_079.png,"cat_obst_gemuese,diet_gluten_free,diet_lactose_free,diet_vegan,diet_vegetarian,sub_exoten,sub_frisches_gemuese,sub_frisches_obst,tag_ultra_processed,tag_whole_food"
Pasta Rey 1851 Pasta,Keine Marke,"€ 1,50","€ 1,89",1.50 / kg,versch. AusformungenEinzelpreis: 1.89 (3.78 / kg),Nein,"Wochenangebote gültig von Montag, 09.03.26 - Samstag, 14.03.26",09.03.26,14.03.26,images_netto/netto_offer_080.png,"cat_grundnahrung,diet_gluten_free,diet_lactose_free,diet_vegan,diet_vegetarian,sub_nudeln,tag_whole_food"
Bertolli Olivenöl,Keine Marke,"€ 5,99","€ 7,99",11.98 / l,versch. Sorten,Nein,"Wochenangebote gültig von Montag, 09.03.26 - Samstag, 14.03.26",09.03.26,14.03.26,images_netto/netto_offer_081.png,"cat_obst_gemuese,diet_gluten_free,diet_lactose_free,diet_vegan,diet_vegetarian,tag_whole_food"
Giovanni Rana frische gefüllte Pasta,Keine Marke,"€ 3,99","€ 6,99",7.98 / kg,"gekühlt, versch. Sorten",Nein,"Wochenangebote gültig von Montag, 09.03.26 - Samstag, 14.03.26",09.03.26,14.03.26,images_netto/netto_offer_082.png,"cat_grundnahrung,diet_lactose_free,diet_vegan,diet_vegetarian,sub_nudeln"
Pesto,Barilla,"€ 1,99",,9.95 - 10.47 / kg,versch. Sorten,Nein,"Wochenangebote gültig von Montag, 09.03.26 - Samstag, 14.03.26",09.03.26,14.03.26,images_netto/netto_offer_083.png,"cat_grundnahrung,diet_lactose_free,diet_vegan,diet_vegetarian,sub_nudeln,tag_ultra_processed"
Frutti di Mare,Keine Marke,"€ 3,29","€ 3,99",13.16 / kg,tiefgekühlt,Nein,"Wochenangebote gültig von Montag, 09.03.26 - Samstag, 14.03.26",09.03.26,14.03.26,images_netto/netto_offer_084.png,"cat_getraenke,diet_gluten_free,diet_lactose_free,diet_vegan,diet_vegetarian,sub_frisches_obst,tag_ultra_processed,tag_whole_food"
italienische Käsestücke,Keine Marke,"€ 2,99",,19.93 / kg,"gekühlt, versch. Sorten",Nein,"Wochenangebote gültig von Montag, 09.03.26 - Samstag, 14.03.26",09.03.26,14.03.26,images_netto/netto_offer_085.png,"cat_tiefkuehl,diet_vegan,diet_vegetarian,sub_kaese,sub_tk_gemuese,tag_whole_food"
Hackfleisch gemischt Bolognese,Keine Marke,"€ 3,49","€ 4,99",8.73 / kg,"vom Schwein und Rind, original italienisch gewürzt",Nein,"Wochenangebote gültig von Montag, 09.03.26 - Samstag, 14.03.26",09.03.26,14.03.26,images_netto/netto_offer_086.png,"cat_fleisch_wurst,sub_hackfleisch,sub_rind,sub_schwein,tag_proteinreich,tag_ultra_processed"
Oryza Risotto Reis,Keine Marke,"€ 1,99","€ 2,29",3.98 / kg,,Nein,"Wochenangebote gültig von Montag, 09.03.26 - Samstag, 14.03.26",09.03.26,14.03.26,images_netto/netto_offer_087.png,"cat_tiefkuehl,diet_gluten_free,diet_lactose_free,diet_vegan,diet_vegetarian,sub_reis,tag_ultra_processed,tag_whole_food"
Oro di Parma Tomatenmark,Keine Marke,"€ 1,29","€ 1,99",6.45 / kg,versch. Sorten,Nein,"Wochenangebote gültig von Montag, 09.03.26 - Samstag, 14.03.26",09.03.26,14.03.26,images_netto/netto_offer_088.png,"cat_obst_gemuese,diet_gluten_free,diet_lactose_free,diet_vegan,diet_vegetarian,sub_frisches_gemuese,tag_whole_food"
Condeli Lasagne,Keine Marke,"€ 3,99",,Kein Mengenpreis,"gekühlt, versch. Sorten",Nein,"Wochenangebote gültig von Montag, 09.03.26 - Samstag, 14.03.26",09.03.26,14.03.26,images_netto/netto_offer_089.png,"cat_tiefkuehl,diet_gluten_free,diet_lactose_free,diet_vegan,diet_vegetarian,sub_exoten,sub_frisches_obst,tag_ultra_processed,tag_whole_food"
Doppio Rosso Primitivo Merlot IGT,Keine Marke,"€ 3,99","€ 4,99",5.32 / l,"Italien, Rotwein, halbtrocken",Nein,"Wochenangebote gültig von Montag, 09.03.26 - Samstag, 14.03.26",09.03.26,14.03.26,images_netto/netto_offer_090.png,"cat_getraenke,diet_gluten_free,diet_lactose_free,diet_vegan,diet_vegetarian,tag_whole_food"
Mascarpone,Keine Marke,"€ 1,49","€ 1,79",5.96 / kg,gekühlt,Nein,"Wochenangebote gültig von Montag, 09.03.26 - Samstag, 14.03.26",09.03.26,14.03.26,images_netto/netto_offer_091.png,"cat_obst_gemuese,diet_gluten_free,diet_lactose_free,diet_vegan,diet_vegetarian,sub_kaese,sub_milchprodukte,sub_sahne_creme,tag_whole_food"
Italienisches Dessert,Keine Marke,"€ 1,79",,8.95 / kg,"gekühlt, versch. Sorten",Nein,"Wochenangebote gültig von Montag, 09.03.26 - Samstag, 14.03.26",09.03.26,14.03.26,images_netto/netto_offer_092.png,"cat_tiefkuehl,diet_gluten_free,diet_lactose_free,diet_vegan,diet_vegetarian,sub_tk_gemuese,tag_high_protein,tag_proteinreich,tag_whole_food"
Belli Cantuccini Mandel,Keine Marke,"€ 2,99","€ 3,79",11.96 / kg,,Nein,"Wochenangebote gültig von Montag, 09.03.26 - Samstag, 14.03.26",09.03.26,14.03.26,images_netto/netto_offer_093.png,"cat_obst_gemuese,diet_gluten_free,diet_lactose_free,diet_vegan,diet_vegetarian,sub_frisches_obst,tag_ultra_processed,tag_whole_food"
Baiocchi Kekse,Keine Marke,"€ 1,99","€ 2,49",11.85 / kg,versch. Sorten,Nein,"Wochenangebote gültig von Montag, 09.03.26 - Samstag, 14.03.26",09.03.26,14.03.26,images_netto/netto_offer_094.png,"cat_obst_gemuese,diet_gluten_free,diet_lactose_free,diet_vegan,diet_vegetarian,tag_ultra_processed,tag_whole_food"
Balconi Rollino,Keine Marke,"€ 1,49",,6.71 / kg,versch. Sorten,Nein,"Wochenangebote gültig von Montag, 09.03.26 - Samstag, 14.03.26",09.03.26,14.03.26,images_netto/netto_offer_095.png,"cat_getraenke,diet_gluten_free,diet_lactose_free,diet_vegan,diet_vegetarian,tag_ultra_processed,tag_whole_food"
Coppenrath Wiese Zeit für Genuss,Keine Marke,"€ 2,49","€ 2,99",9.58 - 10.83 / kg,"tiefgekühlt, versch. Sorten",Nein,"Wochenangebote gültig von Montag, 09.03.26 - Samstag, 14.03.26",09.03.26,14.03.26,images_netto/netto_offer_096.png,"cat_obst_gemuese,diet_gluten_free,diet_lactose_free,diet_vegan,diet_vegetarian,tag_ultra_processed,tag_whole_food"
Balconi Kuchen Dessert,Keine Marke,"€ 2,29","€ 2,99",5.73 / kg,versch. Sorten,Nein,"Wochenangebote gültig von Montag, 09.03.26 - Samstag, 14.03.26",09.03.26,14.03.26,images_netto/netto_offer_097.png,"cat_tiefkuehl,diet_gluten_free,diet_lactose_free,diet_vegan,diet_vegetarian,tag_ultra_processed,tag_whole_food"
TorreSanta I ro Bianco IGT,Keine Marke,"€ 3,49","€ 4,99",4.65 / l,"Italien, Apulien, Rotwein, trocken",Nein,"Wochenangebote gültig von Montag, 09.03.26 - Samstag, 14.03.26",09.03.26,14.03.26,images_netto/netto_offer_098.png,"cat_getraenke,diet_gluten_free,diet_lactose_free,diet_vegan,diet_vegetarian,tag_ultra_processed,tag_whole_food"
Italienische Limonade,Keine Marke,"€ 0,79",,2.39 / l,versch. Sorten,Nein,"Wochenangebote gültig von Montag, 09.03.26 - Samstag, 14.03.26",09.03.26,14.03.26,images_netto/netto_offer_099.png,"cat_getraenke,diet_lactose_free,diet_vegan,diet_vegetarian,sub_exoten,sub_tk_gemuese,tag_ultra_processed,tag_whole_food"
Leonardo Thermogläser,Keine Marke,"€ 9,99","€ 22,00",Kein Mengenpreis,spülmaschinenfest und mikrowellengeeignet Füllmenge: ca. 360 ml,Nein,"Wochenangebote gültig von Montag, 09.03.26 - Samstag, 14.03.26",09.03.26,14.03.26,images_netto/netto_offer_100.png,"cat_getraenke,diet_gluten_free,diet_lactose_free,diet_vegan,diet_vegetarian,tag_whole_food"
Doppio Passo Prosecco DOC,Keine Marke,"€ 5,99","€ 10,99",7.99 / l,Spumante Extra Dry,Nein,"Wochenangebote gültig von Montag, 09.03.26 - Samstag, 14.03.26",09.03.26,14.03.26,images_netto/netto_offer_101.png,"cat_getraenke,diet_gluten_free,diet_lactose_free,diet_vegan,diet_vegetarian,tag_ultra_processed,tag_whole_food"
Limoncello Di Alfino,Keine Marke,"€ 4,79","€ 5,49",9.58 / l,30% Vol.,Nein,"Wochenangebote gültig von Montag, 09.03.26 - Samstag, 14.03.26",09.03.26,14.03.26,images_netto/netto_offer_102.png,"cat_getraenke,diet_gluten_free,diet_lactose_free,diet_vegan,diet_vegetarian,sub_exoten,sub_frisches_obst,tag_ultra_processed,tag_whole_food"
Coca Cola,Keine Marke,"€ 0,99","€ 1,59",0.79 / l,"teilw. koffeinhaltig, versch. Sorten",Nein,"Wochenangebote gültig von Montag, 09.03.26 - Samstag, 14.03.26",09.03.26,14.03.26,images_netto/netto_offer_103.png,"cat_getraenke,diet_gluten_free,diet_lactose_free,diet_vegan,diet_vegetarian,sub_tk_fertiggerichte,tag_ultra_processed,tag_whole_food"
Valensina Saft oder Nektar,Keine Marke,"€ 1,79","€ 2,49",Kein Mengenpreis,versch. Sorten,Nein,"Wochenangebote gültig von Montag, 09.03.26 - Samstag, 14.03.26",09.03.26,14.03.26,images_netto/netto_offer_104.png,"cat_getraenke,diet_gluten_free,diet_lactose_free,diet_vegan,diet_vegetarian,tag_ultra_processed"
Volvic Juicy,Keine Marke,"€ 1,29","€ 1,89",Kein Mengenpreis,versch. Sorten,Nein,"Wochenangebote gültig von Montag, 09.03.26 - Samstag, 14.03.26",09.03.26,14.03.26,images_netto/netto_offer_105.png,"cat_getraenke,diet_gluten_free,diet_lactose_free,diet_vegan,diet_vegetarian,tag_ultra_processed,tag_whole_food"
Johnnie Walker Red Label,Keine Marke,"€ 10,99","€ 15,99",15.70 / l,"Blended Scotch Whisky, 40% Vol.",Nein,"Wochenangebote gültig von Montag, 09.03.26 - Samstag, 14.03.26",09.03.26,14.03.26,images_netto/netto_offer_106.png,"cat_getraenke,diet_gluten_free,diet_lactose_free,diet_vegan,diet_vegetarian,tag_ultra_processed,tag_whole_food"
Original Spiced Gold,Captain Morgan,"€ 9,99","€ 12,99",14.27 / l,35% Vol.,Nein,"Wochenangebote gültig von Montag, 09.03.26 - Samstag, 14.03.26",09.03.26,14.03.26,images_netto/netto_offer_107.png,"cat_getraenke,diet_gluten_free,diet_lactose_free,diet_vegan,diet_vegetarian,tag_high_protein,tag_ultra_processed"
Puschkin,Keine Marke,"€ 5,99","€ 8,49",8.56 / l,"versch. Sorten 15 – 37,5 % Vol.",Nein,"Wochenangebote gültig von Montag, 09.03.26 - Samstag, 14.03.26",09.03.26,14.03.26,images_netto/netto_offer_108.png,"cat_obst_gemuese,diet_gluten_free,diet_lactose_free,diet_vegan,diet_vegetarian,sub_exoten,sub_frisches_gemuese,sub_frisches_obst,tag_ultra_processed,tag_whole_food"
Warsteiner,Keine Marke,"€ 0,79","€ 0,99",1.58 / l,versch. Sorten,Nein,"Wochenangebote gültig von Montag, 09.03.26 - Samstag, 14.03.26",09.03.26,14.03.26,images_netto/netto_offer_109.png,"cat_getraenke,diet_gluten_free,diet_lactose_free,diet_vegan,diet_vegetarian,tag_ultra_processed,tag_whole_food"
Weißbier,Erdinger,"€ 13,99","€ 21,29",1.40 / l,Hell oder Alkoholfrei,Nein,"Wochenangebote gültig von Montag, 09.03.26 - Samstag, 14.03.26",09.03.26,14.03.26,images_netto/netto_offer_110.png,"cat_getraenke,diet_vegetarian"
Scherdel Premium Pilsner,Keine Marke,"€ 11,99","€ 14,99",1.20 / l,,Nein,"Wochenangebote gültig von Montag, 09.03.26 - Samstag, 14.03.26",09.03.26,14.03.26,images_netto/netto_offer_111.png,cat_getraenke
Original Münchner Hell oder Alkoholfrei,Paulaner,"€ 13,99","€ 19,69",1.40 / l,,Nein,"Wochenangebote gültig von Montag, 09.03.26 - Samstag, 14.03.26",09.03.26,14.03.26,images_netto/netto_offer_112.png,"cat_getraenke,tag_ultra_processed"
Apfelsaft klar Apfeldirektsaft naturtrüb oder Apfel-Kirsch,Keine Marke,"€ 7,99","€ 8,99",1.33 / l,,Nein,"Wochenangebote gültig von Montag, 09.03.26 - Samstag, 14.03.26",09.03.26,14.03.26,images_netto/netto_offer_113.png,"cat_getraenke,diet_gluten_free,diet_lactose_free,diet_vegan,diet_vegetarian,sub_frisches_obst,tag_whole_food"
Residenz Quelle Natürliches Mineralwasser,Keine Marke,"€ 5,49","€ 6,99",0.46 / l,Spitzig oder Medium,Nein,"Wochenangebote gültig von Montag, 09.03.26 - Samstag, 14.03.26",09.03.26,14.03.26,images_netto/netto_offer_114.png,"cat_getraenke,diet_gluten_free,diet_lactose_free,diet_vegan,diet_vegetarian"
Monster Energy Drink,Keine Marke,"€ 3,99","€ 5,96",2.- / l,"taurin- & koffeinhaltig, versch. Sorten Einzelpreis: 1.49 (2.98 / l) zzgl. Pfand 0.25",Nein,"Wochenangebote gültig von Montag, 09.03.26 - Samstag, 14.03.26",09.03.26,14.03.26,images_netto/netto_offer_115.png,"cat_getraenke,diet_gluten_free,diet_lactose_free,tag_ultra_processed"
oder Fanta,Coca-Cola,"€ 8,99",,1.51 / l,"teilw. koffeinhaltig, versch. Sorten",Nein,"Wochenangebote gültig von Montag, 09.03.26 - Samstag, 14.03.26",09.03.26,14.03.26,images_netto/netto_offer_116.png,"cat_getraenke,sub_tk_fertiggerichte,tag_high_protein,tag_proteinreich,tag_ultra_processed"
Pepsi oder Schwip Schwap,Keine Marke,"€ 3,99","€ 7,14",1.33 / l,"koffeinhaltig, versch. Sorten",Nein,"Wochenangebote gültig von Montag, 09.03.26 - Samstag, 14.03.26",09.03.26,14.03.26,images_netto/netto_offer_117.png,"cat_getraenke,diet_gluten_free,diet_lactose_free,diet_vegetarian,tag_ultra_processed"
Donut,Keine Marke,"€ 2,22",,5.44 - 7.55 / kg,versch. Sorten Gilt nur in Filialen mit Backautomat!,Nein,"Wochenangebote gültig von Montag, 09.03.26 - Samstag, 14.03.26",09.03.26,14.03.26,images_netto/netto_offer_118.png,"cat_obst_gemuese,diet_gluten_free,diet_lactose_free,diet_vegan,diet_vegetarian,sub_exoten,sub_frisches_obst,tag_ultra_processed,tag_whole_food"
Bio Dinkelbrot,Keine Marke,"€ 1,49","€ 1,79",5.96 / kg,Gilt nur in Filialen mit Backautomat!,Nein,"Wochenangebote gültig von Montag, 09.03.26 - Samstag, 14.03.26",09.03.26,14.03.26,images_netto/netto_offer_119.png,"cat_grundnahrung,diet_gluten_free,diet_lactose_free,diet_vegan,diet_vegetarian,sub_frisches_obst,tag_whole_food"
Geflügelrolle,Keine Marke,"€ 2,58","€ 3,87",Kein Mengenpreis,Einzelpreis: 1.29  Geflügelrolle GRATIS! Gilt nur in Filialen mit Backautomat!,Nein,"Wochenangebote gültig von Montag, 09.03.26 - Samstag, 14.03.26",09.03.26,14.03.26,images_netto/netto_offer_120.png,"cat_fleisch_wurst,diet_gluten_free,diet_lactose_free,diet_vegan,diet_vegetarian,sub_gefluegel,sub_wurst,tag_ultra_processed,tag_whole_food"
Käse-Schinken-Croissant,Keine Marke,"€ 0,69","€ 0,79",Kein Mengenpreis,Gilt nur in Filialen mit Backautomat!,Nein,"Wochenangebote gültig von Montag, 09.03.26 - Samstag, 14.03.26",09.03.26,14.03.26,images_netto/netto_offer_121.png,"cat_fleisch_wurst,diet_vegetarian,sub_schwein,sub_wurst,tag_ultra_processed"
Weizenmischbrot,Keine Marke,"€ 1,49","€ 1,85",Kein Mengenpreis,Gilt nur in Filialen mit Backautomat!,Nein,"Wochenangebote gültig von Montag, 09.03.26 - Samstag, 14.03.26",09.03.26,14.03.26,images_netto/netto_offer_122.png,"cat_grundnahrung,diet_gluten_free,diet_lactose_free,diet_vegan,diet_vegetarian,sub_frisches_gemuese,tag_whole_food"
Vanillestange,Keine Marke,"€ 0,69","€ 0,79",Kein Mengenpreis,Gilt nur in Filialen mit Backautomat!,Nein,"Wochenangebote gültig von Montag, 09.03.26 - Samstag, 14.03.26",09.03.26,14.03.26,images_netto/netto_offer_123.png,"cat_grundnahrung,diet_gluten_free,diet_lactose_free,diet_vegan,diet_vegetarian,sub_tk_eis,tag_whole_food"
Quarktasche,Keine Marke,"€ 0,69","€ 0,99",Kein Mengenpreis,Gilt nur in Filialen mit Backautomat!,Nein,"Wochenangebote gültig von Montag, 09.03.26 - Samstag, 14.03.26",09.03.26,14.03.26,images_netto/netto_offer_124.png,"cat_tiefkuehl,diet_gluten_free,diet_lactose_free,diet_vegan,diet_vegetarian,sub_exoten,tag_whole_food"
Käse-Laugen Breze,Keine Marke,"€ 0,89","€ 0,99",Kein Mengenpreis,Gilt nur in Filialen mit Backautomat!,Nein,"Wochenangebote gültig von Montag, 09.03.26 - Samstag, 14.03.26",09.03.26,14.03.26,images_netto/netto_offer_125.png,"cat_obst_gemuese,diet_gluten_free,diet_lactose_free,diet_vegan,diet_vegetarian,sub_kaese,tag_ultra_processed,tag_whole_food"
Thermoschüssel-Set,Keine Marke,"€ 9,99","€ 29,99",Kein Mengenpreis,"mit Edelstahleinsatz und praktischem Dreh-Deckel, hält Speisen bis zu 4 Stunden warm/kalt Füllmengen: ca. 550 ml, 800 ml & 1300 ml",Nein,"Wochenangebote gültig von Montag, 09.03.26 - Samstag, 14.03.26",09.03.26,14.03.26,images_netto/netto_offer_126.png,"cat_non_food,diet_gluten_free,diet_lactose_free,diet_vegan,diet_vegetarian,tag_whole_food"
Doppelkammer-Heißluftfritteuse,Keine Marke,"€ 79,99","€ 149,99",Kein Mengenpreis,"2 unabhängige Garzonen, 10 voreingestellte Programme, Touch-Display , 60-Minuten- Timer- & Warmhaltefunktion, 7 Liter Volumen (2 x 3,5 l), max. 2400 W",Nein,"Wochenangebote gültig von Montag, 09.03.26 - Samstag, 14.03.26",09.03.26,14.03.26,images_netto/netto_offer_127.png,"cat_non_food,diet_gluten_free,diet_lactose_free,diet_vegan,diet_vegetarian,tag_ultra_processed"
Frischhaltedosen Set XXL,Keine Marke,"€ 9,99","€ 24,99",Kein Mengenpreis,"je 2 x 170 ml, 300 ml, 615 ml, 1025 ml, 1800 ml, 2900 ml & 5000 ml, gefrier- & spülmaschinengeeignet platzsparend ineinander stapelbar",Nein,"Wochenangebote gültig von Montag, 09.03.26 - Samstag, 14.03.26",09.03.26,14.03.26,images_netto/netto_offer_128.png,"cat_obst_gemuese,diet_gluten_free,diet_lactose_free,diet_vegan,diet_vegetarian,tag_whole_food"
Backpapier Schalen,Keine Marke,"€ 6,99","€ 14,99",Kein Mengenpreis,"für Garkörbe mit 3 – 5 l, öl-, wasser- und hitzebeständig bis 220° C Maße: ca. 22 x 14 cm",Nein,"Wochenangebote gültig von Montag, 09.03.26 - Samstag, 14.03.26",09.03.26,14.03.26,images_netto/netto_offer_129.png,"cat_getraenke,diet_lactose_free,diet_vegan,diet_vegetarian,tag_whole_food"
Glas-Wasserkocher,Keine Marke,"€ 15,99","€ 29,99",Kein Mengenpreis,"1,8 Liter Fassungsvermögen, max. 1.800 W, mit Abschaltautomatik",Nein,"Wochenangebote gültig von Montag, 09.03.26 - Samstag, 14.03.26",09.03.26,14.03.26,images_netto/netto_offer_130.png,"cat_getraenke,diet_gluten_free,diet_lactose_free,diet_vegan,diet_vegetarian,tag_whole_food"
Sandwich-Maker,Keine Marke,"€ 9,99","€ 19,99",Kein Mengenpreis,"toastet & halbiert 2 Sandwiches gleichzeitig – für 4 Portionen, Leistung: max. 750 W",Nein,"Wochenangebote gültig von Montag, 09.03.26 - Samstag, 14.03.26",09.03.26,14.03.26,images_netto/netto_offer_131.png,"cat_obst_gemuese,diet_gluten_free,diet_lactose_free,diet_vegan,diet_vegetarian,sub_frisches_gemuese,tag_ultra_processed,tag_whole_food"
Silikon-Backform für Heißluftfritteusen,Keine Marke,"€ 9,99","€ 19,99",Kein Mengenpreis,"hitzebeständig bis 230°C und spülmaschinenfest, rund, quadratisch oder eckig",Nein,"Wochenangebote gültig von Montag, 09.03.26 - Samstag, 14.03.26",09.03.26,14.03.26,images_netto/netto_offer_132.png,"cat_non_food,diet_vegetarian"
Smartwaxx Wachs-Sticks,Keine Marke,"€ 7,99","€ 19,99",Kein Mengenpreis,"Nasen- & Ohrenhaare effektiv entfernen, mit hautpflegenden Inhaltsstoffen wie z.B. Aloe Vera & Shea Butter",Nein,"Wochenangebote gültig von Montag, 09.03.26 - Samstag, 14.03.26",09.03.26,14.03.26,images_netto/netto_offer_133.png,"cat_obst_gemuese,diet_gluten_free,diet_lactose_free,diet_vegan,diet_vegetarian,tag_ultra_processed,tag_whole_food"
Pflanzturm,Keine Marke,"€ 9,99",,Kein Mengenpreis,"mit durchlässigem Boden für einfache Bewässerung und Schutz vor Staunässe, aus hochwertigem Kunststoff, UV- und witterungsbeständig, 12 seitliche Pflanzvertiefungen für die Bepflanzung auf mehreren Ebenen Maße: ca. 43 x 43 x 60,5 cm",Nein,"Wochenangebote gültig von Montag, 09.03.26 - Samstag, 14.03.26",09.03.26,14.03.26,images_netto/netto_offer_134.png,"cat_obst_gemuese,diet_gluten_free,diet_lactose_free,diet_vegan,diet_vegetarian,sub_exoten,sub_frisches_obst,tag_whole_food"
Hochbeet,Keine Marke,"€ 19,99",,Kein Mengenpreis,"aus robustem Kunststoffmaterial, leicht zu reinigen, UV- und witterungsbeständig, inkl. lichtdurchlässiger Abdeckhaube Fassungsvermögen: ca. 48 Liter Maße mit Beinen: 76 x 38 x 79 cm Maße ohne Beine: 76 x 38 x 25,5 cm",Nein,"Wochenangebote gültig von Montag, 09.03.26 - Samstag, 14.03.26",09.03.26,14.03.26,images_netto/netto_offer_135.png,"cat_obst_gemuese,diet_gluten_free,diet_lactose_free,diet_vegan,diet_vegetarian,sub_exoten,sub_frisches_gemuese,sub_frisches_obst,tag_ultra_processed,tag_whole_food"
Zuchtgarten Erdbeere,Keine Marke,"€ 4,99",,Kein Mengenpreis,"nachhaltig recycelter Anbautopf, gebrauchsfertiger Innenanbau, versch. Sorten",Nein,"Wochenangebote gültig von Montag, 09.03.26 - Samstag, 14.03.26",09.03.26,14.03.26,images_netto/netto_offer_136.png,"cat_obst_gemuese,diet_gluten_free,diet_lactose_free,diet_vegan,diet_vegetarian,sub_frisches_obst,tag_whole_food"
Hochbeetdünger,Keine Marke,"€ 3,99",,2.- / kg,"Naturdünger aus rein natürlichen organischen Rohstoffen, ausgewogene Nährstoffkombination, optimal auf die Bedürfnisse von Kräutern und Gemüse abgestimmt",Nein,"Wochenangebote gültig von Montag, 09.03.26 - Samstag, 14.03.26",09.03.26,14.03.26,images_netto/netto_offer_137.png,"cat_obst_gemuese,diet_gluten_free,diet_lactose_free,diet_vegan,diet_vegetarian,sub_frisches_obst,tag_whole_food"
Seramis Zimmerpflanzen Granulat oder Vitalnahrung,Keine Marke,"€ 3,99","€ 5,99",1.60 / l,"Vitalnahrung Orchideen: für eine lang anhaltende Blütenpracht, 0,2 Liter (19.95 / l)Spezial-Substrat Orchideen: Tonkörnchen, hochwertige Pinienrinde sowie Spurenelemente, 2,5 Liter (1,60 / l) Spezial-Substrat Kakteen-Sukkulenten: ideal für Kakteen & Sukkulenten, 2,5 Liter (1,60 / l)Vitalnahrung Grünpflanzen und Palmen: für ein kräftiges und gesundes Wachstum, 0,2 Liter (19.95/ l)Spezial-Substrat Zimmerpflanze: für eine hohe Wasser und Nährstoffspeicherung, 2,5 Liter (1,60 / l)",Nein,"Wochenangebote gültig von Montag, 09.03.26 - Samstag, 14.03.26",09.03.26,14.03.26,images_netto/netto_offer_138.png,"cat_tiernahrung,diet_gluten_free,diet_lactose_free,diet_vegan,diet_vegetarian,tag_whole_food"
LED Solar Häuschen,Keine Marke,"€ 7,99",,Kein Mengenpreis,"solarbetrieben, Leuchtdauer bis zu 8 Stunden, witterungsbeständigHöhe ca. 15 cm, Höhe inkl. Erdspieß ca. 30 cm",Nein,"Wochenangebote gültig von Montag, 09.03.26 - Samstag, 14.03.26",09.03.26,14.03.26,images_netto/netto_offer_139.png,"cat_tiefkuehl,diet_gluten_free,diet_lactose_free,diet_vegan,diet_vegetarian,tag_ultra_processed,tag_whole_food"
Solar Windspiel,Keine Marke,"€ 5,99",,Kein Mengenpreis,"6 LEDs, mit Farbwechselfunktion, mit Solarpanel und Einschaltautomatik Maße ca. 90 cm",Nein,"Wochenangebote gültig von Montag, 09.03.26 - Samstag, 14.03.26",09.03.26,14.03.26,images_netto/netto_offer_140.png,"cat_getraenke,diet_gluten_free,diet_lactose_free,diet_vegan,diet_vegetarian,tag_ultra_processed,tag_whole_food"
Metall Dekostecker,Keine Marke,"€ 2,99",,Kein Mengenpreis,mit dekorativen Zierornamentenca. 14 cm inkl. Erdspieß: ca. 56 cm,Nein,"Wochenangebote gültig von Montag, 09.03.26 - Samstag, 14.03.26",09.03.26,14.03.26,images_netto/netto_offer_141.png,"cat_getraenke,diet_gluten_free,diet_lactose_free,diet_vegan,diet_vegetarian,tag_ultra_processed,tag_whole_food"
LED Solar Wandlicht,Keine Marke,"€ 14,99","€ 19,99",Kein Mengenpreis,"Bewegungsmelder, 6 – 10m Reichweite, mit versch. Leuchtfunkionen, Solarmodul, Kabellänge ca. 4,8 m, leistungsstarke 120 LEDs, 600 Lumen Maße ca. 148 x 112 x 58 mm",Nein,"Wochenangebote gültig von Montag, 09.03.26 - Samstag, 14.03.26",09.03.26,14.03.26,images_netto/netto_offer_142.png,"cat_getraenke,diet_gluten_free,diet_lactose_free,diet_vegan,diet_vegetarian,tag_ultra_processed,tag_whole_food"
Solar Spot-Scheinwerfer,Keine Marke,"€ 6,99",,Kein Mengenpreis,"28 LEDs, warmweiß oder farbwechsel, mit Dämmerungssensor, Schutzart IP65, wasserbeständig, inkl. Erdspieß und WandhalterungMaße ca. 9,5 x 33 x 11 cm",Nein,"Wochenangebote gültig von Montag, 09.03.26 - Samstag, 14.03.26",09.03.26,14.03.26,images_netto/netto_offer_143.png,"cat_getraenke,diet_gluten_free,diet_lactose_free,diet_vegan,diet_vegetarian,tag_ultra_processed,tag_whole_food"
Bruchglas-Solarleuchte,Keine Marke,"€ 2,99",,Kein Mengenpreis,"mit Einschaltautomatik bei einsetzender Dämmerung, Edelstahl- GehäuseBodenlicht: Ø ca. 10 cmHängeleuchte: Ø Kugel ca. 8 cmSteckleuchte: Ø Kugel: ca. 8 cm",Nein,"Wochenangebote gültig von Montag, 09.03.26 - Samstag, 14.03.26",09.03.26,14.03.26,images_netto/netto_offer_144.png,"cat_obst_gemuese,diet_gluten_free,diet_lactose_free,diet_vegan,diet_vegetarian,tag_ultra_processed,tag_whole_food"
Pflanzensäcke,Keine Marke,"€ 9,99",,Kein Mengenpreis,"ideal geeignet für Kartoffeln, Karotten, Beeren, Auberginen, mit praktischem Sichtfenster, wiederverwendbar Kartoffel 3er Set: Maße: Ø ca. 34 cm, Höhe ca. 35 cm Erdbeere 2er Set: Maße: Ø ca. 45 cm, Höhe ca. 35 cm",Nein,"Wochenangebote gültig von Montag, 09.03.26 - Samstag, 14.03.26",09.03.26,14.03.26,images_netto/netto_offer_145.png,"cat_obst_gemuese,diet_gluten_free,diet_lactose_free,diet_vegan,diet_vegetarian,sub_frisches_obst,tag_ultra_processed,tag_whole_food"
Romberg Zimmergewächshaus- oder Anzuchtschalen Set,Keine Marke,"€ 6,99",,Kein Mengenpreis,"inkl. Kokoserde, 15 x Anzuchttöpfe und HolzstecketikettenMaße: ca. 29 x 19 x 19 cm",Nein,"Wochenangebote gültig von Montag, 09.03.26 - Samstag, 14.03.26",09.03.26,14.03.26,images_netto/netto_offer_146.png,"cat_getraenke,diet_vegan,diet_vegetarian"
Blumenerde,Keine Marke,"€ 1,49","€ 1,99",0.07 / l,,Nein,"Wochenangebote gültig von Montag, 09.03.26 - Samstag, 14.03.26",09.03.26,14.03.26,images_netto/netto_offer_147.png,"cat_getraenke,diet_gluten_free,diet_lactose_free,diet_vegan,diet_vegetarian,sub_frisches_obst,tag_ultra_processed,tag_whole_food"
Gemüsepflanzen,Keine Marke,"€ 1,99",,Kein Mengenpreis,"ca. 15 cm hoch, versch. Sorten Ø = 12 cm Salat-, Snack- oder Einlegegurke, gelb, rot oder grüne Paprika",Nein,"Wochenangebote gültig von Montag, 09.03.26 - Samstag, 14.03.26",09.03.26,14.03.26,images_netto/netto_offer_148.png,"cat_tiefkuehl,diet_gluten_free,diet_lactose_free,diet_vegan,diet_vegetarian,sub_frisches_gemuese,sub_tk_gemuese,tag_whole_food"
Erdbeerpflanze,Keine Marke,"€ 0,99",,Kein Mengenpreis,"ca. 15 cm hoch, Ø = ca. 9 cm",Nein,"Wochenangebote gültig von Montag, 09.03.26 - Samstag, 14.03.26",09.03.26,14.03.26,images_netto/netto_offer_149.png,"cat_obst_gemuese,diet_gluten_free,diet_lactose_free,diet_vegan,diet_vegetarian,sub_frisches_obst,tag_whole_food"
Salatpflanzen,Keine Marke,"€ 1,99",,Kein Mengenpreis,"ca. 10 cm hoch, versch. Sorten Kopfsalat, Lollo Mix, Feldsalat oder Endivien",Nein,"Wochenangebote gültig von Montag, 09.03.26 - Samstag, 14.03.26",09.03.26,14.03.26,images_netto/netto_offer_150.png,"cat_obst_gemuese,diet_gluten_free,diet_lactose_free,diet_vegan,diet_vegetarian,sub_frisches_gemuese,sub_salate,tag_ultra_processed,tag_whole_food"
Pflanzregal,Keine Marke,"€ 14,99",,Kein Mengenpreis,aus robustem Kunststoff inkl. Wasserspeicher für eine optimale Wasserversorgung dank simplem Stecksystem erweiterbar Maße: ca. 49 x 32 x 89 cm,Nein,"Wochenangebote gültig von Montag, 09.03.26 - Samstag, 14.03.26",09.03.26,14.03.26,images_netto/netto_offer_151.png,"cat_obst_gemuese,diet_gluten_free,diet_lactose_free,diet_vegan,diet_vegetarian,sub_frisches_obst,tag_whole_food"
Blühpflanzen,Keine Marke,"€ 5,99",,Kein Mengenpreis,"ca. 15 cm hoch, versch. Farben und Sorten",Nein,"Wochenangebote gültig von Montag, 09.03.26 - Samstag, 14.03.26",09.03.26,14.03.26,images_netto/netto_offer_152.png,"cat_obst_gemuese,diet_gluten_free,diet_lactose_free,diet_vegan,diet_vegetarian,sub_frisches_obst,tag_ultra_processed,tag_whole_food"
Veilchen,Keine Marke,"€ 1,99",,Kein Mengenpreis,"Veilchen, ca. 10 cm hoch, versch. Farben",Nein,"Wochenangebote gültig von Montag, 09.03.26 - Samstag, 14.03.26",09.03.26,14.03.26,images_netto/netto_offer_153.png,"cat_obst_gemuese,diet_gluten_free,diet_lactose_free,diet_vegan,diet_vegetarian,tag_ultra_processed,tag_whole_food"
Rosenbogen,Keine Marke,"€ 9,99",,Kein Mengenpreis,"für alle Kletterpflanzen Pulverbeschichteter Stahl, witterungsbeständig montiert: ca. 133 x 260 x 38,5 cm",Nein,"Wochenangebote gültig von Montag, 09.03.26 - Samstag, 14.03.26",09.03.26,14.03.26,images_netto/netto_offer_154.png,"cat_obst_gemuese,diet_gluten_free,diet_lactose_free,diet_vegan,diet_vegetarian,sub_frisches_gemuese,sub_frisches_obst,tag_ultra_processed,tag_whole_food"
Tulpen,Keine Marke,"€ 3,99",,Kein Mengenpreis,"ca. 15 cm hoch, versch. Farben, Ø = 12 cm",Nein,"Wochenangebote gültig von Montag, 09.03.26 - Samstag, 14.03.26",09.03.26,14.03.26,images_netto/netto_offer_155.png,"cat_obst_gemuese,diet_gluten_free,diet_lactose_free,diet_vegan,diet_vegetarian,sub_exoten,sub_frisches_gemuese,sub_frisches_obst,tag_ultra_processed,tag_whole_food"
Edelnelken,Keine Marke,"€ 5,99",,Kein Mengenpreis,"ca. 15 cm hoch, versch. Farben",Nein,"Wochenangebote gültig von Montag, 09.03.26 - Samstag, 14.03.26",09.03.26,14.03.26,images_netto/netto_offer_156.png,"cat_obst_gemuese,diet_gluten_free,diet_lactose_free,diet_vegan,diet_vegetarian,sub_exoten,sub_frisches_gemuese,sub_frisches_obst,tag_ultra_processed,tag_whole_food"
Primeln,Keine Marke,"€ 3,99",,Kein Mengenpreis,"ca. 15 cm hoch, versch. Farben",Nein,"Wochenangebote gültig von Montag, 09.03.26 - Samstag, 14.03.26",09.03.26,14.03.26,images_netto/netto_offer_157.png,"cat_obst_gemuese,diet_gluten_free,diet_lactose_free,diet_vegan,diet_vegetarian,sub_exoten,sub_frisches_gemuese,sub_frisches_obst,tag_ultra_processed,tag_whole_food"
Blumenzwiebeln,Keine Marke,"€ 3,99",,Kein Mengenpreis,"ca. 15 cm hoch, versch. Sorten, Pflegeleichte Narzissen, Hyazinthen oder Muscari",Nein,"Wochenangebote gültig von Montag, 09.03.26 - Samstag, 14.03.26",09.03.26,14.03.26,images_netto/netto_offer_158.png,"cat_obst_gemuese,diet_gluten_free,diet_lactose_free,diet_vegan,diet_vegetarian,sub_frisches_gemuese,tag_whole_food"
Fructis oder Wahre Schätze Shampoo,Keine Marke,"€ 7,99",,Kein Mengenpreis,versch. Sorten,Nein,"Wochenendangebote gültig von Donnerstag, 12.03.26 - Samstag, 14.03.26",12.03.26,14.03.26,images_netto/netto_offer_159.png,"cat_drogerie,diet_vegetarian,tag_ultra_processed"
Taft Haarspray oder -lack,Keine Marke,"€ 2,99","€ 3,45",11.96 / l,versch. Sorten,Nein,"Wochenendangebote gültig von Donnerstag, 12.03.26 - Samstag, 14.03.26",12.03.26,14.03.26,images_netto/netto_offer_160.png,"cat_drogerie,diet_gluten_free,diet_lactose_free,diet_vegan"
WC Ente WC Gel,Keine Marke,"€ 1,99","€ 2,25",2.65 / l,versch. Sorten Biozidprodukte vorsichtig verwenden. Vor Gebrauch stets Etikett und Produktinformation lesen.,Nein,"Wochenendangebote gültig von Donnerstag, 12.03.26 - Samstag, 14.03.26",12.03.26,14.03.26,images_netto/netto_offer_161.png,"cat_obst_gemuese,diet_gluten_free,diet_lactose_free,diet_vegan,diet_vegetarian,sub_frisches_obst,tag_ultra_processed,tag_whole_food"
Palmolive Spülmittel,Keine Marke,"€ 1,29","€ 1,69",1.72 - 2.58 / l,versch. Sorten,Nein,"Wochenendangebote gültig von Donnerstag, 12.03.26 - Samstag, 14.03.26",12.03.26,14.03.26,images_netto/netto_offer_162.png,"cat_drogerie,diet_gluten_free,diet_lactose_free,diet_vegan,diet_vegetarian,tag_whole_food"
Kitekat Multipack,Keine Marke,"€ 2,99","€ 3,99",2.93 / kg,versch. Sorten,Nein,"Wochenendangebote gültig von Donnerstag, 12.03.26 - Samstag, 14.03.26",12.03.26,14.03.26,images_netto/netto_offer_163.png,"cat_tiefkuehl,diet_gluten_free,diet_lactose_free,diet_vegan,diet_vegetarian,sub_frisches_gemuese,sub_tk_eis,tag_ultra_processed,tag_whole_food"
DanKlorix Hygiene-Reiniger,Keine Marke,"€ 1,99","€ 2,99",1.33 / l,versch. Sorten Biozidprodukte vorsichtig verwenden. Vor Gebrauch stets Etikett und Produktinformation lesen.,Nein,"Wochenendangebote gültig von Donnerstag, 12.03.26 - Samstag, 14.03.26",12.03.26,14.03.26,images_netto/netto_offer_164.png,"cat_drogerie,diet_gluten_free,diet_lactose_free,diet_vegan,diet_vegetarian,tag_whole_food"
Somat Geschirrreiniger Tabs,Keine Marke,"€ 6,99","€ 9,45",0.12 - 0.16 / wl,versch. Sorten,Nein,"Wochenendangebote gültig von Donnerstag, 12.03.26 - Samstag, 14.03.26",12.03.26,14.03.26,images_netto/netto_offer_165.png,"cat_drogerie,diet_gluten_free,diet_lactose_free,diet_vegan,diet_vegetarian,tag_whole_food"
Felix Doppeltlecker Katzennahrung,Keine Marke,"€ 2,49","€ 2,99",3.11 / kg,versch. Sorten,Nein,"Wochenendangebote gültig von Donnerstag, 12.03.26 - Samstag, 14.03.26",12.03.26,14.03.26,images_netto/netto_offer_166.png,"cat_tiernahrung,tag_ultra_processed"
Tafelspitz vom Jungbullen,Keine Marke,"€ 1,39","€ 1,89",13.90 / kg,"vakuumverpackt, ca. 1,2 kg",Nein,"Wochenendangebote gültig von Donnerstag, 12.03.26 - Samstag, 14.03.26",12.03.26,14.03.26,images_netto/netto_offer_167.png,"cat_obst_gemuese,diet_gluten_free,diet_lactose_free,diet_vegan,diet_vegetarian,sub_frisches_obst,sub_rind,tag_whole_food"
Rahm- oder Mascarpone Joghurt,Keine Marke,"€ 1,9","€ 1,98",3.33 / kg,"gekühlt, versch. Sorten Einzelpreis: 0.99 (6.60 / kg)",Nein,"Wochenendangebote gültig von Donnerstag, 12.03.26 - Samstag, 14.03.26",12.03.26,14.03.26,images_netto/netto_offer_168.png,"cat_molkerei_kaese,diet_vegetarian,sub_joghurt_skyr_quark,sub_milchprodukte,sub_sahne_creme"
Feine Butter oder Streichzart,Meggle,"€ 0,99","€ 2,99",5.16 / kg,"gekühlt, versch. Sorten",Nein,"Wochenendangebote gültig von Donnerstag, 12.03.26 - Samstag, 14.03.26",12.03.26,14.03.26,images_netto/netto_offer_169.png,"cat_molkerei_kaese,diet_gluten_free,diet_vegetarian,sub_butter_margarine,sub_milchprodukte"
Tchibo Feine Milde,Keine Marke,"€ 8,99","€ 9,99",17.98 / kg,versch. Sorten,Nein,"Wochenendangebote gültig von Donnerstag, 12.03.26 - Samstag, 14.03.26",12.03.26,14.03.26,images_netto/netto_offer_170.png,"cat_obst_gemuese,diet_gluten_free,diet_lactose_free,diet_vegan,diet_vegetarian,sub_exoten,sub_frisches_obst,tag_ultra_processed,tag_whole_food"
Finello Reibekäse,Arla,"€ 1,49","€ 2,59",9.93 / kg,"gekühlt, versch. Sorten",Nein,"Wochenendangebote gültig von Donnerstag, 12.03.26 - Samstag, 14.03.26",12.03.26,14.03.26,images_netto/netto_offer_171.png,"cat_molkerei_kaese,sub_kaese,sub_milchprodukte,tag_ultra_processed"
Erdbeeren,Keine Marke,"€ 2,49","€ 4,49",4.98 / kg,"Griechenland/Spanien, Kl. I",Nein,"Wochenendangebote gültig von Donnerstag, 12.03.26 - Samstag, 14.03.26",12.03.26,14.03.26,images_netto/netto_offer_172.png,"cat_obst_gemuese,diet_gluten_free,diet_lactose_free,diet_vegan,diet_vegetarian,sub_exoten,sub_frisches_gemuese,sub_frisches_obst,tag_whole_food"
Herren Trainingsjacke oder Trainingshose Entrada,Keine Marke,"€ 15,0","€ 35,00",Kein Mengenpreis,"regulär geschnitten, aus funktionellem Material",Nein,"Wochenendangebote gültig von Donnerstag, 12.03.26 - Samstag, 14.03.26",12.03.26,14.03.26,images_netto/netto_offer_173.png,"cat_getraenke,diet_gluten_free,diet_lactose_free,diet_vegan,diet_vegetarian,tag_ultra_processed,tag_whole_food"
Limetto Limonaden,Keine Marke,"€ 6,49","€ 8,49",0.65 / l,Zitrone oder Orange,Nein,"Wochenendangebote gültig von Donnerstag, 12.03.26 - Samstag, 14.03.26",12.03.26,14.03.26,images_netto/netto_offer_174.png,"cat_getraenke,diet_gluten_free,diet_lactose_free,diet_vegan,diet_vegetarian,sub_exoten,sub_frisches_obst,tag_ultra_processed,tag_whole_food"
Tulpen-Strauß Harlekin,Keine Marke,"€ 3,69",,Kein Mengenpreis,ca. 35 cm lang,Nein,"Wochenendangebote gültig von Donnerstag, 12.03.26 - Samstag, 14.03.26",12.03.26,14.03.26,images_netto/netto_offer_175.png,"cat_obst_gemuese,diet_gluten_free,diet_lactose_free,diet_vegan,diet_vegetarian,tag_ultra_processed,tag_whole_food"
Tulpen Sondersorten,Keine Marke,"€ 3,99",,Kein Mengenpreis,"ca. 35 cm lang, versch. Farben gefüllte, gefranste & Papageientulpen",Nein,"Wochenendangebote gültig von Donnerstag, 12.03.26 - Samstag, 14.03.26",12.03.26,14.03.26,images_netto/netto_offer_176.png,"cat_obst_gemuese,diet_gluten_free,diet_lactose_free,diet_vegan,diet_vegetarian,tag_ultra_processed,tag_whole_food"
Äpfel rot,Keine Marke,"€ 1,50","€ 2,49",0.75 / kg,"Deutschland, Kl. II",Nein,"Wochenendangebote gültig von Donnerstag, 12.03.26 - Samstag, 14.03.26",12.03.26,14.03.26,images_netto/netto_offer_177.png,"cat_obst_gemuese,diet_gluten_free,diet_lactose_free,diet_vegan,diet_vegetarian,sub_exoten,sub_frisches_gemuese,sub_frisches_obst,tag_whole_food"
Bananen,Keine Marke,"€ 1,0","€ 1,29",Kein Mengenpreis,Costa Rica/Ecuador,Nein,"Wochenendangebote gültig von Donnerstag, 12.03.26 - Samstag, 14.03.26",12.03.26,14.03.26,images_netto/netto_offer_178.png,"cat_obst_gemuese,diet_gluten_free,diet_lactose_free,diet_vegan,diet_vegetarian,sub_exoten,sub_frisches_obst,tag_whole_food"
Minirispentomaten,Keine Marke,"€ 1,50","€ 1,99",3.75 / kg,"Italien/Niederlande, Kl. I",Nein,"Wochenendangebote gültig von Donnerstag, 12.03.26 - Samstag, 14.03.26",12.03.26,14.03.26,images_netto/netto_offer_179.png,"cat_obst_gemuese,diet_gluten_free,diet_lactose_free,diet_vegan,diet_vegetarian,sub_frisches_gemuese,tag_whole_food"
Heidelbeeren,Keine Marke,"€ 1,50","€ 1,69",12.- / kg,"Marokko/Spanien, Kl. I",Nein,"Wochenendangebote gültig von Donnerstag, 12.03.26 - Samstag, 14.03.26",12.03.26,14.03.26,images_netto/netto_offer_180.png,"cat_obst_gemuese,diet_gluten_free,diet_lactose_free,diet_vegan,diet_vegetarian,sub_exoten,sub_frisches_obst,tag_whole_food"
Speisekartoffeln,Keine Marke,"€ 2,50","€ 3,49",0.50 / kg,"Deutschland, verschiedene Kocheigenschaften",Nein,"Wochenendangebote gültig von Donnerstag, 12.03.26 - Samstag, 14.03.26",12.03.26,14.03.26,images_netto/netto_offer_181.png,"cat_obst_gemuese,diet_gluten_free,diet_lactose_free,diet_vegan,diet_vegetarian,sub_frisches_gemuese,sub_kartoffeln,tag_ultra_processed,tag_whole_food"
Ganzer Steinbutt,Keine Marke,"€ 2,49","€ 3,89",24.90 / kg,"edler Plattfisch, küchenfertig ausgenommen, aus nachhaltiger Aquakultur Spaniens, ca. 1,5 kg Bitte in deiner Filiale oder online vorbestellen!",Nein,"Wochenendangebote gültig von Donnerstag, 12.03.26 - Samstag, 14.03.26",12.03.26,14.03.26,images_netto/netto_offer_182.png,"cat_obst_gemuese,diet_gluten_free,diet_lactose_free,diet_vegan,diet_vegetarian,tag_ultra_processed,tag_whole_food"
Schinkenfleischwurst,Keine Marke,"€ 2,79","€ 3,29",4.29 / kg,geräuchert,Nein,"Wochenendangebote gültig von Donnerstag, 12.03.26 - Samstag, 14.03.26",12.03.26,14.03.26,images_netto/netto_offer_183.png,"cat_fleisch_wurst,diet_lactose_free,sub_schwein,sub_wurst,tag_proteinreich,tag_ultra_processed"
Spanferkel-Schulter,Keine Marke,"€ 6,99","€ 8,99",Kein Mengenpreis,"mit Knochen und Schwarte, ca. 1,3 kg",Nein,"Wochenendangebote gültig von Donnerstag, 12.03.26 - Samstag, 14.03.26",12.03.26,14.03.26,images_netto/netto_offer_184.png,"cat_obst_gemuese,diet_gluten_free,diet_lactose_free,diet_vegan,diet_vegetarian,sub_schwein,tag_proteinreich,tag_whole_food"
Bratwürste,Keine Marke,"€ 7,99","€ 10,99",4.99 / kg,"20 Stück, vom Schwein, grob",Nein,"Wochenendangebote gültig von Donnerstag, 12.03.26 - Samstag, 14.03.26",12.03.26,14.03.26,images_netto/netto_offer_185.png,"cat_fleisch_wurst,diet_gluten_free,diet_lactose_free,diet_vegan,diet_vegetarian,sub_wurst,tag_ultra_processed,tag_whole_food"
Schinkenzwiebelmettwurst,Keine Marke,"€ 1,79","€ 1,99",8.95 / kg,versch. Sorten Regionale Verpackungsabweichungen möglich,Nein,"Wochenendangebote gültig von Donnerstag, 12.03.26 - Samstag, 14.03.26",12.03.26,14.03.26,images_netto/netto_offer_186.png,"cat_fleisch_wurst,diet_gluten_free,diet_lactose_free,diet_vegan,diet_vegetarian,sub_frisches_gemuese,sub_schwein,sub_wurst,tag_ultra_processed,tag_whole_food"
Krustenschinken,Keine Marke,"€ 1,49","€ 1,69",14.90 / kg,gebacken Regionale Verpackungsabweichungen möglich,Nein,"Wochenendangebote gültig von Donnerstag, 12.03.26 - Samstag, 14.03.26",12.03.26,14.03.26,images_netto/netto_offer_187.png,"cat_fleisch_wurst,diet_gluten_free,diet_lactose_free,diet_vegan,diet_vegetarian,sub_schwein,sub_wurst,tag_ultra_processed,tag_whole_food"
Salami Sticks,Keine Marke,"€ 3,50","€ 3,98",17.50 / kg,classic Einzelpreis: 1.99 (19.90 / kg),Nein,"Wochenendangebote gültig von Donnerstag, 12.03.26 - Samstag, 14.03.26",12.03.26,14.03.26,images_netto/netto_offer_188.png,"cat_fleisch_wurst,diet_gluten_free,diet_lactose_free,diet_vegan,diet_vegetarian,sub_frisches_gemuese,sub_wurst,tag_ultra_processed,tag_whole_food"
Frucht Butter Milch,Müller,"€ 1,50","€ 2,78",1.50 / kg,"gekühlt, versch. Sorten Einzelpreis: 1.39 (2.78 / kg)",Nein,"Wochenendangebote gültig von Donnerstag, 12.03.26 - Samstag, 14.03.26",12.03.26,14.03.26,images_netto/netto_offer_189.png,"cat_molkerei_kaese,diet_vegetarian,sub_butter_margarine,sub_milchprodukte,tag_ultra_processed"
Kaffee,Müller,"€ 1,2",,4.- / l,"gekühlt, versch. Sorten",Nein,"Wochenendangebote gültig von Donnerstag, 12.03.26 - Samstag, 14.03.26",12.03.26,14.03.26,images_netto/netto_offer_190.png,"cat_getraenke,diet_gluten_free,diet_lactose_free,diet_vegan,diet_vegetarian,tag_ultra_processed"
Quarki Quark Frischkäse,Keine Marke,"€ 1,69","€ 1,99",6.76 / kg,"gekühlt, versch. Sorten",Nein,"Wochenendangebote gültig von Donnerstag, 12.03.26 - Samstag, 14.03.26",12.03.26,14.03.26,images_netto/netto_offer_191.png,"cat_molkerei_kaese,diet_vegetarian,sub_joghurt_skyr_quark,sub_kaese,sub_milchprodukte,tag_ultra_processed"
Nuss Nougat Eisbecher,Keine Marke,"€ 3,49",,7.43 / l,tiefgekühlt,Nein,"Wochenendangebote gültig von Donnerstag, 12.03.26 - Samstag, 14.03.26",12.03.26,14.03.26,images_netto/netto_offer_192.png,"cat_knabbern_naschen,diet_gluten_free,diet_lactose_free,diet_vegan,diet_vegetarian,sub_frisches_gemuese,tag_ultra_processed,tag_whole_food"
Medusa Meeresfrüchtesalat oder gegrillte Miesmuscheln,Keine Marke,"€ 2,99","€ 3,99",24.92 / kg,gekühlt,Nein,"Wochenendangebote gültig von Donnerstag, 12.03.26 - Samstag, 14.03.26",12.03.26,14.03.26,images_netto/netto_offer_193.png,"cat_obst_gemuese,diet_gluten_free,diet_lactose_free,diet_vegan,diet_vegetarian,sub_frisches_gemuese,sub_salate,tag_whole_food"
Chicken Nuggets,Keine Marke,"€ 1,99","€ 2,49",6.63 / kg,"tiefgekühlt, mit Süß-Sauer und Curry Sauce",Nein,"Wochenendangebote gültig von Donnerstag, 12.03.26 - Samstag, 14.03.26",12.03.26,14.03.26,images_netto/netto_offer_194.png,"cat_tiefkuehl,diet_gluten_free,diet_lactose_free,diet_vegan,diet_vegetarian,sub_gefluegel,sub_tk_fertiggerichte,tag_ultra_processed,tag_whole_food"
Pahmeyer Reibekuchen oder Reibekuchen Minis,Keine Marke,"€ 1,49","€ 1,99",4.97 / kg,gekühlt,Nein,"Wochenendangebote gültig von Donnerstag, 12.03.26 - Samstag, 14.03.26",12.03.26,14.03.26,images_netto/netto_offer_195.png,"cat_tiefkuehl,diet_vegetarian,tag_ultra_processed"
Cookie Bros,Keine Marke,"€ 2,99","€ 3,39",18.69 - 19.93 / kg,"gekühlt, Keksteig zum Naschen, versch. Sorten",Nein,"Wochenendangebote gültig von Donnerstag, 12.03.26 - Samstag, 14.03.26",12.03.26,14.03.26,images_netto/netto_offer_196.png,"cat_obst_gemuese,diet_gluten_free,diet_lactose_free,diet_vegan,diet_vegetarian,sub_exoten,sub_frisches_gemuese,sub_frisches_obst,tag_ultra_processed,tag_whole_food"
Nic Nac s XL Fun Pack,Lorenz,"€ 2,22","€ 2,99",13.06 / kg,versch. Sorten,Nein,"Wochenendangebote gültig von Donnerstag, 12.03.26 - Samstag, 14.03.26",12.03.26,14.03.26,images_netto/netto_offer_197.png,"cat_knabbern_naschen,tag_ultra_processed"
Großtafel,Milka,"€ 3,29","€ 4,99",10.97 - 13.16 / kg,versch. Sorten,Nein,"Wochenendangebote gültig von Donnerstag, 12.03.26 - Samstag, 14.03.26",12.03.26,14.03.26,images_netto/netto_offer_198.png,"cat_knabbern_naschen,diet_gluten_free,diet_lactose_free,diet_vegan,diet_vegetarian,sub_frisches_obst,tag_ultra_processed,tag_whole_food"
Lambertz Mozartkugeln,Keine Marke,"€ 2,22","€ 2,99",11.10 / kg,versch. Sorten,Nein,"Wochenendangebote gültig von Donnerstag, 12.03.26 - Samstag, 14.03.26",12.03.26,14.03.26,images_netto/netto_offer_199.png,"cat_obst_gemuese,diet_gluten_free,diet_lactose_free,diet_vegan,diet_vegetarian,tag_ultra_processed,tag_whole_food"
Prinzen Rolle Cremys,Keine Marke,"€ 1,69",,9.83 / kg,versch. Sorten,Nein,"Wochenendangebote gültig von Donnerstag, 12.03.26 - Samstag, 14.03.26",12.03.26,14.03.26,images_netto/netto_offer_200.png,"cat_knabbern_naschen,diet_gluten_free,diet_lactose_free,diet_vegan,diet_vegetarian,tag_ultra_processed,tag_whole_food"
Elephant Twisted Pretzels,Keine Marke,"€ 1,69",,9.39 / kg,versch. Sorten,Nein,"Wochenendangebote gültig von Donnerstag, 12.03.26 - Samstag, 14.03.26",12.03.26,14.03.26,images_netto/netto_offer_201.png,"cat_getraenke,diet_gluten_free,diet_lactose_free,diet_vegan,diet_vegetarian,tag_ultra_processed,tag_whole_food"
Fruity Souls,Keine Marke,"€ 2,22",,27.75 / kg,versch. Sorten,Nein,"Wochenendangebote gültig von Donnerstag, 12.03.26 - Samstag, 14.03.26",12.03.26,14.03.26,images_netto/netto_offer_202.png,"cat_getraenke,diet_gluten_free,diet_lactose_free,diet_vegan,diet_vegetarian,tag_ultra_processed,tag_whole_food"
Tronky,Kinder,"€ 1,99",,22.11 / kg,,Nein,"Wochenendangebote gültig von Donnerstag, 12.03.26 - Samstag, 14.03.26",12.03.26,14.03.26,images_netto/netto_offer_203.png,"cat_knabbern_naschen,tag_ultra_processed"
Nippon Häppchen,Keine Marke,"€ 2,22","€ 2,69",11.10 / kg,"Puffreis-Schokolade, versch. Sorten",Nein,"Wochenendangebote gültig von Donnerstag, 12.03.26 - Samstag, 14.03.26",12.03.26,14.03.26,images_netto/netto_offer_204.png,"cat_getraenke,diet_gluten_free,diet_lactose_free,diet_vegan,diet_vegetarian,tag_ultra_processed,tag_whole_food"
Wawi Schoko-Reis,Keine Marke,"€ 2,22","€ 2,99",11.10 / kg,,Nein,"Wochenendangebote gültig von Donnerstag, 12.03.26 - Samstag, 14.03.26",12.03.26,14.03.26,images_netto/netto_offer_205.png,"cat_knabbern_naschen,diet_gluten_free,diet_lactose_free,diet_vegan,diet_vegetarian,sub_exoten,tag_ultra_processed,tag_whole_food"
Duschtuch Handtuch Gästetuch oder Waschhandschuhe,Keine Marke,"€ 4,99",,Kein Mengenpreis,"weich und Saugstark 100% Bio-Bauwolle - GOTS zertifiziert Waschhandschuhe, 6er Pack 4.99 Gästetücher, 4er Pack, ca. 30 x 50 cm 4.99 Handtücher, 2er Pack, ca. 50 x 100 cm 7.99 Duschtuch XXL 100 x 200 cm 12.99",Nein,"Wochenendangebote gültig von Donnerstag, 12.03.26 - Samstag, 14.03.26",12.03.26,14.03.26,images_netto/netto_offer_206.png,cat_non_food
WC Sitz mit Absenkautomatik,Keine Marke,"€ 14,99",,Kein Mengenpreis,passend für alle handelsüblichen WCs inkl. Befestigungsmaterial,Nein,"Wochenendangebote gültig von Donnerstag, 12.03.26 - Samstag, 14.03.26",12.03.26,14.03.26,images_netto/netto_offer_207.png,"cat_obst_gemuese,diet_gluten_free,diet_lactose_free,diet_vegan,diet_vegetarian,sub_frisches_gemuese,tag_whole_food"
Chenille Badematte oder WC Garnitur Set,Keine Marke,"€ 9,99",,Kein Mengenpreis,besonders weicher Floor rutschhemmende Rückseite für Fußbodenheizung geeignet versch. Ausführungen Maße Badematte: ca. 50 x 80 cm WC Garnitur: Vorleger + Deckelbezug,Nein,"Wochenendangebote gültig von Donnerstag, 12.03.26 - Samstag, 14.03.26",12.03.26,14.03.26,images_netto/netto_offer_208.png,"cat_getraenke,diet_gluten_free,diet_lactose_free,diet_vegan,diet_vegetarian"
Maniküre und Pediküre-Set,Keine Marke,"€ 9,99",,Kein Mengenpreis,mit edlem Aufbewahrungsetui,Nein,"Wochenendangebote gültig von Donnerstag, 12.03.26 - Samstag, 14.03.26",12.03.26,14.03.26,images_netto/netto_offer_209.png,"cat_obst_gemuese,diet_gluten_free,diet_lactose_free,diet_vegan,diet_vegetarian,tag_whole_food"
LED Akku Wandleuchte,Keine Marke,"€ 7,99",,Kein Mengenpreis,inkl. Montagematerial warmweisses Licht mit Bewegungs- und Dämmerungssensor,Nein,"Wochenendangebote gültig von Donnerstag, 12.03.26 - Samstag, 14.03.26",12.03.26,14.03.26,images_netto/netto_offer_210.png,"cat_obst_gemuese,diet_gluten_free,diet_lactose_free,diet_vegan,diet_vegetarian,tag_ultra_processed,tag_whole_food"
Haartrockner D2000,Keine Marke,"€ 9,99","€ 29,99",Kein Mengenpreis,"inkl. Stylingdüse, 2 Heiz- und Gebläsestufen ca. 1.900 Watt",Nein,"Wochenendangebote gültig von Donnerstag, 12.03.26 - Samstag, 14.03.26",12.03.26,14.03.26,images_netto/netto_offer_211.png,"cat_getraenke,diet_gluten_free,diet_lactose_free,diet_vegan,diet_vegetarian,sub_exoten,tag_ultra_processed,tag_whole_food"
Damen Badepantoletten,Keine Marke,"€ 6,99",,Kein Mengenpreis,mit bequemer Laufsohle Größen: 36/37 – 40/41,Nein,"Wochenendangebote gültig von Donnerstag, 12.03.26 - Samstag, 14.03.26",12.03.26,14.03.26,images_netto/netto_offer_212.png,"cat_obst_gemuese,diet_gluten_free,diet_lactose_free,diet_vegan,diet_vegetarian,sub_frisches_gemuese,tag_whole_food"
Badaccessiores,Keine Marke,"€ 2,99",,Kein Mengenpreis,"inkl. Befestigungsmaterial Duschabzieher, Edelstahl-WC-Papierrollenhalter, Seifenspender aus Keramik, 2er Set Handtuchhaken, Kunststofftoilettenbürste",Nein,"Wochenendangebote gültig von Donnerstag, 12.03.26 - Samstag, 14.03.26",12.03.26,14.03.26,images_netto/netto_offer_213.png,"cat_obst_gemuese,diet_gluten_free,diet_lactose_free,diet_vegan,diet_vegetarian,sub_exoten,sub_frisches_obst,tag_ultra_processed,tag_whole_food"
Haribo Fruchtgummi,Keine Marke,"€ 3,7","€ 4,76",4.29 – 4.69 / kg,versch. Sorten Einzelpreis: 1.19 (6.80 – 7.44 / kg),Nein,"Wochenangebote gültig von Montag, 09.03.26 - Samstag, 14.03.26",09.03.26,14.03.26,images_netto/netto_offer_214.png,"cat_knabbern_naschen,diet_gluten_free,diet_lactose_free,diet_vegan,diet_vegetarian,tag_ultra_processed,tag_whole_food"
Rapso Rapsöl,Keine Marke,"€ 10,9","€ 14,97",4.44 / l,Einzelpreis: 4.99 (6.65 / l),Nein,"Wochenangebote gültig von Montag, 09.03.26 - Samstag, 14.03.26",09.03.26,14.03.26,images_netto/netto_offer_215.png,"cat_grundnahrung,diet_gluten_free,diet_lactose_free,diet_vegan,diet_vegetarian,tag_whole_food"
Eintöpfe,Keine Marke,"€ 7,4","€ 9,45",1.75 / kg,versch. Sorten Einzelpreis: 1.89 (2.36 / kg),Nein,"Wochenangebote gültig von Montag, 09.03.26 - Samstag, 14.03.26",09.03.26,14.03.26,images_netto/netto_offer_216.png,"cat_obst_gemuese,diet_gluten_free,diet_lactose_free,diet_vegan,diet_vegetarian,sub_exoten,sub_frisches_gemuese,sub_frisches_obst,tag_ultra_processed,tag_whole_food"
Gewürzgurken,Keine Marke,"€ 12,2","€ 14,28",2.78 / kg,Einzelpreis: 1.19 (3.31 / kg),Nein,"Wochenangebote gültig von Montag, 09.03.26 - Samstag, 14.03.26",09.03.26,14.03.26,images_netto/netto_offer_217.png,"cat_obst_gemuese,diet_gluten_free,diet_lactose_free,diet_vegan,diet_vegetarian,sub_frisches_gemuese,tag_whole_food"
Chiquita Avocado,Keine Marke,"€ 0,88","€ 1,39",Kein Mengenpreis,"Israel/Marokko, Kl. I, Sorte: Hass",Nein,"Wochenangebote gültig von Montag, 09.03.26 - Samstag, 14.03.26",09.03.26,14.03.26,images_netto/netto_offer_218.png,"cat_obst_gemuese,diet_gluten_free,diet_lactose_free,diet_vegan,diet_vegetarian,sub_frisches_obst,tag_ultra_processed,tag_whole_food"
Albi Saft oder Nektar,Keine Marke,"€ 1,49","€ 2,49",Kein Mengenpreis,versch. Sorten,Nein,"Wochenangebote gültig von Montag, 09.03.26 - Samstag, 14.03.26",09.03.26,14.03.26,images_netto/netto_offer_219.png,"cat_getraenke,diet_gluten_free,diet_lactose_free,diet_vegan,diet_vegetarian,tag_ultra_processed,tag_whole_food"
Hähnchen-Brustfilet,Keine Marke,"€ 7,99","€ 9,99",Kein Mengenpreis,mager,Nein,"Wochenangebote gültig von Montag, 09.03.26 - Samstag, 14.03.26",09.03.26,14.03.26,images_netto/netto_offer_220.png,"cat_fleisch_wurst,diet_gluten_free,diet_lactose_free,sub_gefluegel,tag_high_protein,tag_proteinreich,tag_whole_food"
Milchschnitte,Ferrero,"€ 1,99","€ 2,99",7.11 / kg,"gekühlt, versch. Sorten",Nein,"Wochenangebote gültig von Montag, 09.03.26 - Samstag, 14.03.26",09.03.26,14.03.26,images_netto/netto_offer_221.png,"cat_knabbern_naschen,diet_vegetarian,sub_milchprodukte,tag_ultra_processed"
Käsescheiben,Milram,"€ 1,49","€ 2,59",9.93 / kg,"gekühlt, versch. Sorten",Nein,"Wochenangebote gültig von Montag, 09.03.26 - Samstag, 14.03.26",09.03.26,14.03.26,images_netto/netto_offer_222.png,"cat_molkerei_kaese,sub_kaese,sub_milchprodukte"
Premium Biere,Keine Marke,"€ 7,99","€ 9,99",0.80 / l,versch. Sorten,Nein,"Wochenangebote gültig von Montag, 09.03.26 - Samstag, 14.03.26",09.03.26,14.03.26,images_netto/netto_offer_223.png,"cat_getraenke,diet_gluten_free,diet_lactose_free,diet_vegan,diet_vegetarian,tag_whole_food"
Schnittbrötchen,Keine Marke,"€ 1,3","€ 1,33",Kein Mengenpreis,Einzelpreis: 0.19 Gilt nur in Filialen mit Backautomat!,Nein,"Wochenangebote gültig von Montag, 09.03.26 - Samstag, 14.03.26",09.03.26,14.03.26,images_netto/netto_offer_224.png,"cat_grundnahrung,diet_vegetarian,tag_ultra_processed,tag_whole_food"
Fix,Maggi,"€ 0,49","€ 1,09",5.33 - 18.85 / kg,versch. Sorten,Nein,"Wochenangebote gültig von Montag, 09.03.26 - Samstag, 14.03.26",09.03.26,14.03.26,images_netto/netto_offer_225.png,"cat_grundnahrung,tag_ultra_processed"
Ritter Sport Bunte Vielfalt,Keine Marke,"€ 1,11","€ 1,99",11.10 / kg,versch. Sorten,Nein,"Wochenangebote gültig von Montag, 09.03.26 - Samstag, 14.03.26",09.03.26,14.03.26,images_netto/netto_offer_226.png,"cat_knabbern_naschen,diet_gluten_free,diet_vegetarian,tag_ultra_processed"
Glücksblatt Toilettenpapier,Keine Marke,"€ 5,99","€ 7,29",Kein Mengenpreis,3-lagig,Nein,"Wochenangebote gültig von Montag, 09.03.26 - Samstag, 14.03.26",09.03.26,14.03.26,images_netto/netto_offer_227.png,"cat_drogerie,diet_gluten_free,diet_lactose_free,diet_vegan,diet_vegetarian,tag_whole_food"
Auslese Harmonie oder Barista,Melitta,"€ 6,49","€ 9,29",12.98 / kg,"Kaffee gemahlen, versch. Sorten",Nein,"Wochenangebote gültig von Montag, 09.03.26 - Samstag, 14.03.26",09.03.26,14.03.26,images_netto/netto_offer_228.png,"cat_getraenke,diet_gluten_free,diet_lactose_free,diet_vegan,diet_vegetarian,tag_ultra_processed"
Schmutzfangmatte,Keine Marke,"€ 3,99",,Kein Mengenpreis,"robuste Kunstfasern für lange Lebensdauer, geeignet für den Innen- und überdachten Außenbereich, optimale Schmutzaufnahme und rutschfest versch. Größen: ca. 38 x 58 cm, ca. 59 x 89 cm, ca. 90 x 150 cm",Nein,"Wochenangebote gültig von Montag, 09.03.26 - Samstag, 14.03.26",09.03.26,14.03.26,images_netto/netto_offer_229.png,"cat_obst_gemuese,diet_gluten_free,diet_lactose_free,diet_vegan,diet_vegetarian,tag_whole_food"
Suppengemüse,Keine Marke,"€ 1,0","€ 1,29",2.- / kg,,Nein,"Wochenangebote gültig von Montag, 09.03.26 - Samstag, 14.03.26",09.03.26,14.03.26,images_netto/netto_offer_230.png,"cat_obst_gemuese,diet_gluten_free,diet_lactose_free,diet_vegan,diet_vegetarian,sub_frisches_gemuese,sub_tk_gemuese,tag_whole_food"
Mini-Romana Salat,Keine Marke,"€ 1,0","€ 1,29",Kein Mengenpreis,"Spanien, Kl. I",Nein,"Wochenangebote gültig von Montag, 09.03.26 - Samstag, 14.03.26",09.03.26,14.03.26,images_netto/netto_offer_231.png,"cat_obst_gemuese,diet_gluten_free,diet_lactose_free,diet_vegan,diet_vegetarian,sub_frisches_gemuese,sub_salate,tag_ultra_processed,tag_whole_food"
Buchenpilze,Keine Marke,"€ 1,0","€ 1,49",6.67 / kg,"China, Kl. I",Nein,"Wochenangebote gültig von Montag, 09.03.26 - Samstag, 14.03.26",09.03.26,14.03.26,images_netto/netto_offer_232.png,"cat_obst_gemuese,diet_gluten_free,diet_lactose_free,diet_vegan,diet_vegetarian,tag_ultra_processed,tag_whole_food"
Speisekartoffeln,Keine Marke,"€ 1,0","€ 1,49",0.67 / kg,Deutschland,Nein,"Wochenangebote gültig von Montag, 09.03.26 - Samstag, 14.03.26",09.03.26,14.03.26,images_netto/netto_offer_233.png,"cat_obst_gemuese,diet_gluten_free,diet_lactose_free,diet_vegan,diet_vegetarian,sub_frisches_gemuese,sub_kartoffeln,tag_ultra_processed,tag_whole_food"
Zwiebeln,Keine Marke,"€ 1,0",,1.33 / kg,Deutschland,Nein,"Wochenangebote gültig von Montag, 09.03.26 - Samstag, 14.03.26",09.03.26,14.03.26,images_netto/netto_offer_234.png,"cat_obst_gemuese,diet_gluten_free,diet_lactose_free,diet_vegan,diet_vegetarian,sub_frisches_gemuese,tag_whole_food"
Apfel Kanzi,Keine Marke,"€ 1,0","€ 1,49",1.92 / kg,"Deutschland/Italien, Kl. I",Nein,"Wochenangebote gültig von Montag, 09.03.26 - Samstag, 14.03.26",09.03.26,14.03.26,images_netto/netto_offer_235.png,"cat_obst_gemuese,diet_gluten_free,diet_lactose_free,diet_vegan,diet_vegetarian,sub_exoten,sub_frisches_obst,tag_ultra_processed,tag_whole_food"
Zitronen,Keine Marke,"€ 1,0","€ 1,39",2.- / kg,"Italien/Spanien, Kl. I",Nein,"Wochenangebote gültig von Montag, 09.03.26 - Samstag, 14.03.26",09.03.26,14.03.26,images_netto/netto_offer_236.png,"cat_obst_gemuese,diet_gluten_free,diet_lactose_free,diet_vegan,diet_vegetarian,sub_frisches_obst,tag_whole_food"
Möhren,Keine Marke,"€ 1,0","€ 1,59",0.50 / kg,"Deutschland, Kl. I",Nein,"Wochenangebote gültig von Montag, 09.03.26 - Samstag, 14.03.26",09.03.26,14.03.26,images_netto/netto_offer_237.png,"cat_obst_gemuese,diet_gluten_free,diet_lactose_free,diet_vegan,diet_vegetarian,sub_exoten,sub_frisches_gemuese,sub_frisches_obst,tag_whole_food"
Chiquita Mango,Keine Marke,"€ 1,19","€ 1,69",Kein Mengenpreis,"Brasilien/Peru, Kl. I",Nein,"Wochenangebote gültig von Montag, 09.03.26 - Samstag, 14.03.26",09.03.26,14.03.26,images_netto/netto_offer_238.png,"cat_obst_gemuese,diet_gluten_free,diet_lactose_free,diet_vegan,diet_vegetarian,sub_exoten,sub_frisches_obst,tag_ultra_processed,tag_whole_food"
Chiquita Passionsfrüchte,Keine Marke,"€ 1,69","€ 1,99",Kein Mengenpreis,Kolumbien,Nein,"Wochenangebote gültig von Montag, 09.03.26 - Samstag, 14.03.26",09.03.26,14.03.26,images_netto/netto_offer_239.png,"cat_obst_gemuese,diet_gluten_free,diet_lactose_free,diet_vegan,diet_vegetarian,sub_exoten,sub_frisches_obst,tag_ultra_processed,tag_whole_food"
Chiquita Trockenfrüchte,Keine Marke,"€ 1,99","€ 2,49",19.90 / kg,"getrocknet, versch. Sorten",Nein,"Wochenangebote gültig von Montag, 09.03.26 - Samstag, 14.03.26",09.03.26,14.03.26,images_netto/netto_offer_240.png,"cat_obst_gemuese,diet_gluten_free,diet_lactose_free,diet_vegan,diet_vegetarian,sub_exoten,sub_frisches_obst,tag_ultra_processed,tag_whole_food"
Salami-Sortiment,Keine Marke,"€ 2,22","€ 4,58",13.88 / kg,versch. Sorten Einzelpreis: 2.29 (28.63 / kg),Nein,"Wochenangebote gültig von Montag, 09.03.26 - Samstag, 14.03.26",09.03.26,14.03.26,images_netto/netto_offer_241.png,"cat_fleisch_wurst,diet_gluten_free,diet_lactose_free,diet_vegan,diet_vegetarian,sub_wurst,tag_ultra_processed,tag_whole_food"
Pfälzer Leberwurst,Keine Marke,"€ 1,49","€ 1,69",7.45 / kg,,Nein,"Wochenangebote gültig von Montag, 09.03.26 - Samstag, 14.03.26",09.03.26,14.03.26,images_netto/netto_offer_242.png,"cat_fleisch_wurst,diet_gluten_free,diet_lactose_free,diet_vegan,diet_vegetarian,sub_wurst,tag_ultra_processed,tag_whole_food"
Snack It Kabanossi to go,Keine Marke,"€ 0,88","€ 0,99",17.60 / kg,versch. Sorten,Nein,"Wochenangebote gültig von Montag, 09.03.26 - Samstag, 14.03.26",09.03.26,14.03.26,images_netto/netto_offer_243.png,"cat_fleisch_wurst,diet_gluten_free,diet_lactose_free,diet_vegan,diet_vegetarian,sub_schwein,sub_wurst,tag_ultra_processed,tag_whole_food"
Käsekrainer oder Debrecziner,Keine Marke,"€ 3,49","€ 4,49",8.73 / kg,,Nein,"Wochenangebote gültig von Montag, 09.03.26 - Samstag, 14.03.26",09.03.26,14.03.26,images_netto/netto_offer_244.png,"cat_getraenke,diet_gluten_free,diet_lactose_free,diet_vegan,diet_vegetarian,sub_kaese,tag_ultra_processed"
Frikadellen,Keine Marke,"€ 2,49","€ 2,99",4.98 / kg,versch. Sorten Regionale Verpackungsabweichungen möglich,Nein,"Wochenangebote gültig von Montag, 09.03.26 - Samstag, 14.03.26",09.03.26,14.03.26,images_netto/netto_offer_245.png,"cat_obst_gemuese,diet_gluten_free,diet_lactose_free,diet_vegan,diet_vegetarian,sub_frisches_gemuese,tag_ultra_processed,tag_whole_food"
Chicken Nuggets,Keine Marke,"€ 4,49","€ 5,99",5.99 / kg,paniert und gebraten,Nein,"Wochenangebote gültig von Montag, 09.03.26 - Samstag, 14.03.26",09.03.26,14.03.26,images_netto/netto_offer_246.png,"cat_tiefkuehl,diet_gluten_free,diet_lactose_free,diet_vegan,diet_vegetarian,sub_gefluegel,sub_tk_fertiggerichte,tag_ultra_processed,tag_whole_food"
Tulip Frühstücksfleisch,Keine Marke,"€ 2,4","€ 2,49",5.88 / kg,,Nein,"Wochenangebote gültig von Montag, 09.03.26 - Samstag, 14.03.26",09.03.26,14.03.26,images_netto/netto_offer_247.png,"cat_fleisch_wurst,diet_gluten_free,diet_lactose_free,diet_vegan,diet_vegetarian,tag_ultra_processed,tag_whole_food"
Bockwurst,Keine Marke,"€ 4,99","€ 6,99",5.87 / kg,goldgelb geräuchert,Nein,"Wochenangebote gültig von Montag, 09.03.26 - Samstag, 14.03.26",09.03.26,14.03.26,images_netto/netto_offer_248.png,"cat_obst_gemuese,diet_gluten_free,diet_lactose_free,diet_vegan,diet_vegetarian,sub_exoten,sub_frisches_obst,sub_wurst,tag_ultra_processed,tag_whole_food"
Rinder Hackfleisch,Keine Marke,"€ 5,49","€ 6,19",10.98 / kg,zum Braten,Nein,"Wochenangebote gültig von Montag, 09.03.26 - Samstag, 14.03.26",09.03.26,14.03.26,images_netto/netto_offer_249.png,"cat_fleisch_wurst,sub_hackfleisch,sub_rind,tag_proteinreich,tag_ultra_processed,tag_whole_food"
Mais-Hähnchenschenkel,Keine Marke,"€ 3,99","€ 4,99",3.63 / kg,"natur, Hkl. A",Nein,"Wochenangebote gültig von Montag, 09.03.26 - Samstag, 14.03.26",09.03.26,14.03.26,images_netto/netto_offer_250.png,"cat_fleisch_wurst,diet_gluten_free,diet_lactose_free,sub_gefluegel,tag_proteinreich,tag_whole_food"
Bayerisches Puten-Geschnetzeltes,Keine Marke,"€ 3,79","€ 4,59",9.48 / kg,aus der mageren Brust geschnitten,Nein,"Wochenangebote gültig von Montag, 09.03.26 - Samstag, 14.03.26",09.03.26,14.03.26,images_netto/netto_offer_251.png,"cat_fleisch_wurst,diet_lactose_free,sub_gefluegel,tag_high_protein,tag_proteinreich,tag_whole_food"
Schweine-Rouladen,Keine Marke,"€ 5,99","€ 7,99",7.49 / kg,zart und mager,Nein,"Wochenangebote gültig von Montag, 09.03.26 - Samstag, 14.03.26",09.03.26,14.03.26,images_netto/netto_offer_252.png,"cat_fleisch_wurst,diet_gluten_free,diet_lactose_free,diet_vegan,diet_vegetarian,sub_schwein,tag_proteinreich,tag_whole_food"
Wade vom Jungbullen,Keine Marke,"€ 1,29","€ 1,79",12.90 / kg,"vakuumverpackt, ca. 1 kg",Nein,"Wochenangebote gültig von Montag, 09.03.26 - Samstag, 14.03.26",09.03.26,14.03.26,images_netto/netto_offer_253.png,"cat_fleisch_wurst,diet_gluten_free,diet_lactose_free,diet_vegan,diet_vegetarian,sub_rind,tag_ultra_processed,tag_whole_food"
Hähnchen-Minutenschnitzel,Keine Marke,"€ 4,99",,6.24 / kg,paniert,Nein,"Wochenangebote gültig von Montag, 09.03.26 - Samstag, 14.03.26",09.03.26,14.03.26,images_netto/netto_offer_254.png,"cat_fleisch_wurst,diet_lactose_free,sub_gefluegel,tag_proteinreich,tag_ultra_processed,tag_whole_food"
Prager Schinken,Keine Marke,"€ 5,99","€ 9,99",Kein Mengenpreis,"vom Schwein, gepökelt und geräuchert, vakuumverpackt, ca. 1,6 kg",Nein,"Wochenangebote gültig von Montag, 09.03.26 - Samstag, 14.03.26",09.03.26,14.03.26,images_netto/netto_offer_255.png,"cat_fleisch_wurst,diet_gluten_free,diet_lactose_free,diet_vegan,diet_vegetarian,sub_schwein,sub_wurst,tag_ultra_processed,tag_whole_food"
Milchreis,Müller,"€ 0,44","€ 0,99",2.20 – 2.44 / kg,"gekühlt, versch. Sorten",Nein,"Wochenangebote gültig von Montag, 09.03.26 - Samstag, 14.03.26",09.03.26,14.03.26,images_netto/netto_offer_256.png,"cat_molkerei_kaese,diet_vegetarian,sub_milchprodukte,sub_reis,tag_ultra_processed"
Bresso Frischkäse,Keine Marke,"€ 2,50","€ 4,78",8.33 / kg,"gekühlt, versch. Sorten Einzelpreis: 2.39 (15.93 / kg)",Nein,"Wochenangebote gültig von Montag, 09.03.26 - Samstag, 14.03.26",09.03.26,14.03.26,images_netto/netto_offer_257.png,"cat_molkerei_kaese,diet_lactose_free,diet_vegan,diet_vegetarian,sub_kaese,sub_milchprodukte,tag_ultra_processed"
Almighurt Mousse,Keine Marke,"€ 1,0","€ 1,49",5.- / kg,"gekühlt, versch. Sorten",Nein,"Wochenangebote gültig von Montag, 09.03.26 - Samstag, 14.03.26",09.03.26,14.03.26,images_netto/netto_offer_258.png,"cat_molkerei_kaese,diet_gluten_free,diet_lactose_free,diet_vegan,diet_vegetarian,sub_joghurt_skyr_quark,sub_milchprodukte,tag_ultra_processed,tag_whole_food"
Lätta,Keine Marke,"€ 1,29","€ 2,29",2.87 / kg,versch. Sorten,Nein,"Wochenangebote gültig von Montag, 09.03.26 - Samstag, 14.03.26",09.03.26,14.03.26,images_netto/netto_offer_259.png,"cat_obst_gemuese,diet_gluten_free,diet_lactose_free,diet_vegan,diet_vegetarian,sub_exoten,sub_frisches_gemuese,sub_frisches_obst,tag_ultra_processed,tag_whole_food"
Coppenrath Wiese Meistertorte,Keine Marke,"€ 5,49","€ 8,49",4.58 - 8.85 / kg,"tiefgekühlt, versch. Sorten",Nein,"Wochenangebote gültig von Montag, 09.03.26 - Samstag, 14.03.26",09.03.26,14.03.26,images_netto/netto_offer_260.png,"cat_grundnahrung,diet_gluten_free,diet_lactose_free,diet_vegan,diet_vegetarian,tag_ultra_processed"
Gemüse,Keine Marke,"€ 1,99","€ 2,39",Kein Mengenpreis,"tiefgekühlt, versch. Sorten",Nein,"Wochenangebote gültig von Montag, 09.03.26 - Samstag, 14.03.26",09.03.26,14.03.26,images_netto/netto_offer_261.png,"cat_tiefkuehl,diet_gluten_free,diet_lactose_free,diet_vegan,diet_vegetarian,sub_exoten,sub_frisches_gemuese,sub_frisches_obst,sub_tk_fertiggerichte,sub_tk_gemuese,tag_ultra_processed,tag_whole_food"
Robby Monsterbacke Fruchtquark,Keine Marke,"€ 1,29","€ 1,59",4.30 / kg,"gekühlt, versch. Sorten",Nein,"Wochenangebote gültig von Montag, 09.03.26 - Samstag, 14.03.26",09.03.26,14.03.26,images_netto/netto_offer_262.png,"cat_obst_gemuese,diet_gluten_free,diet_lactose_free,diet_vegan,diet_vegetarian,tag_ultra_processed"
Henglein frische Teigwaren,Keine Marke,"€ 2,99","€ 4,49",Kein Mengenpreis,"gekühlt, versch. Sorten",Nein,"Wochenangebote gültig von Montag, 09.03.26 - Samstag, 14.03.26",09.03.26,14.03.26,images_netto/netto_offer_263.png,"cat_grundnahrung,diet_lactose_free,diet_vegan,diet_vegetarian,sub_kartoffeln,sub_nudeln,tag_whole_food"
Knack Back Pizza-Kit,Keine Marke,"€ 2,29","€ 2,99",3.82 / kg,"gekühlt, mit Tomatensauce",Nein,"Wochenangebote gültig von Montag, 09.03.26 - Samstag, 14.03.26",09.03.26,14.03.26,images_netto/netto_offer_264.png,"cat_tiefkuehl,diet_lactose_free,diet_vegetarian,tag_ultra_processed"
Schokoladenmilch,Milka,"€ 1,99","€ 2,49",2.65 / l,,Nein,"Wochenangebote gültig von Montag, 09.03.26 - Samstag, 14.03.26",09.03.26,14.03.26,images_netto/netto_offer_265.png,"cat_knabbern_naschen,diet_vegetarian,sub_milchprodukte,tag_ultra_processed"
Frische Milch,Weihenstephan,"€ 1,0",,Kein Mengenpreis,"gekühlt, 1,5% oder 3,5% Fett",Nein,"Wochenangebote gültig von Montag, 09.03.26 - Samstag, 14.03.26",09.03.26,14.03.26,images_netto/netto_offer_266.png,"cat_molkerei_kaese,diet_gluten_free,diet_vegetarian,sub_milchprodukte"
Kalinka Kefir oder Ayran,Müller,"€ 0,89","€ 1,29",1.78 / kg,gekühlt,Nein,"Wochenangebote gültig von Montag, 09.03.26 - Samstag, 14.03.26",09.03.26,14.03.26,images_netto/netto_offer_267.png,"cat_getraenke,diet_vegetarian,sub_joghurt_skyr_quark,sub_milchprodukte,tag_ultra_processed"
Gewürzquark,Milram,"€ 1,99","€ 2,95",5.25 / kg,"gekühlt, versch. Sorten",Nein,"Wochenangebote gültig von Montag, 09.03.26 - Samstag, 14.03.26",09.03.26,14.03.26,images_netto/netto_offer_268.png,"cat_molkerei_kaese,diet_vegetarian,sub_kaese,sub_milchprodukte"
Quäse Minis,Loose,"€ 1,69","€ 2,99",14.70 / kg,"gekühlt, versch. Sorten",Nein,"Wochenangebote gültig von Montag, 09.03.26 - Samstag, 14.03.26",09.03.26,14.03.26,images_netto/netto_offer_269.png,"cat_molkerei_kaese,diet_gluten_free,diet_lactose_free,diet_vegan,diet_vegetarian,sub_kaese,sub_milchprodukte,tag_ultra_processed"
Olympus Feta oder Schafskäse,Keine Marke,"€ 1,99","€ 2,59",13.27 / kg,"gekühlt, versch. Sorten",Nein,"Wochenangebote gültig von Montag, 09.03.26 - Samstag, 14.03.26",09.03.26,14.03.26,images_netto/netto_offer_270.png,"cat_molkerei_kaese,diet_gluten_free,diet_lactose_free,diet_vegan,diet_vegetarian,sub_kaese,sub_milchprodukte,tag_ultra_processed"
Ferdi Fuchs Käse,Keine Marke,"€ 1,49","€ 1,79",18.63 / kg,"gekühlt, versch. Sorten",Nein,"Wochenangebote gültig von Montag, 09.03.26 - Samstag, 14.03.26",09.03.26,14.03.26,images_netto/netto_offer_271.png,"cat_molkerei_kaese,diet_gluten_free,diet_lactose_free,diet_vegan,diet_vegetarian,sub_kaese,sub_milchprodukte,tag_ultra_processed,tag_whole_food"
Weichkäse,Le Rustique,"€ 2,79","€ 3,99",11.16 - 13.95 / kg,"gekühlt, versch. Sorten",Nein,"Wochenangebote gültig von Montag, 09.03.26 - Samstag, 14.03.26",09.03.26,14.03.26,images_netto/netto_offer_272.png,"cat_molkerei_kaese,sub_kaese,sub_milchprodukte"
Fischstäbchen oder Backfischstäbchen,Iglo,"€ 2,99","€ 4,49",6.64 - 8.21 / kg,tiefgekühlt,Nein,"Wochenangebote gültig von Montag, 09.03.26 - Samstag, 14.03.26",09.03.26,14.03.26,images_netto/netto_offer_273.png,"cat_tiefkuehl,sub_tk_fertiggerichte,tag_ultra_processed"
Rügenwalder veganer Aufschnitt,Keine Marke,"€ 1,39","€ 1,59",17.38 – 19.86 / kg,"gekühlt, versch. Sorten",Nein,"Wochenangebote gültig von Montag, 09.03.26 - Samstag, 14.03.26",09.03.26,14.03.26,images_netto/netto_offer_274.png,"cat_fleisch_wurst,diet_lactose_free,diet_vegan,diet_vegetarian,sub_fleischersatz,sub_wurst,tag_ultra_processed"
Italpizza Numero Uno,Keine Marke,"€ 2,22","€ 3,69",5.05 - 5.41 / kg,"tiefgekühlt, versch. Sorten",Nein,"Wochenangebote gültig von Montag, 09.03.26 - Samstag, 14.03.26",09.03.26,14.03.26,images_netto/netto_offer_275.png,"cat_tiefkuehl,diet_gluten_free,diet_lactose_free,diet_vegan,diet_vegetarian,sub_exoten,sub_frisches_obst,sub_tk_pizza,tag_ultra_processed,tag_whole_food"
Agromonte Tomatensoße,Keine Marke,"€ 1,49","€ 2,49",4.52 / kg,versch. Sorten,Nein,"Wochenangebote gültig von Montag, 09.03.26 - Samstag, 14.03.26",09.03.26,14.03.26,images_netto/netto_offer_276.png,"cat_obst_gemuese,diet_gluten_free,diet_lactose_free,diet_vegan,diet_vegetarian,sub_frisches_gemuese,tag_ultra_processed,tag_whole_food"
Lavazza,Lavazza,"€ 13,99","€ 20,99",Kein Mengenpreis,"ganze Kaffeebohnen, versch. Sorten",Nein,"Wochenangebote gültig von Montag, 09.03.26 - Samstag, 14.03.26",09.03.26,14.03.26,images_netto/netto_offer_277.png,"cat_tiefkuehl,tag_ultra_processed"
Casa Zarrella Bruschetta Tomate,Keine Marke,"€ 2,49","€ 2,99",13.83 / kg,,Nein,"Wochenangebote gültig von Montag, 09.03.26 - Samstag, 14.03.26",09.03.26,14.03.26,images_netto/netto_offer_278.png,"cat_obst_gemuese,diet_gluten_free,diet_lactose_free,diet_vegan,diet_vegetarian,sub_frisches_gemuese,tag_whole_food"
Casa Zarrella Taggiasca Oliven,Keine Marke,"€ 4,99","€ 5,99",31.19 / kg,in Olivenöl eingelegt,Nein,"Wochenangebote gültig von Montag, 09.03.26 - Samstag, 14.03.26",09.03.26,14.03.26,images_netto/netto_offer_279.png,"cat_obst_gemuese,diet_gluten_free,diet_lactose_free,diet_vegan,diet_vegetarian,tag_ultra_processed,tag_whole_food"
Ciabatta,Keine Marke,"€ 1,5","€ 1,58",1.67 / kg,nach traditioneller italienischer ArtEinzelpreis: 0.79 (2.63 / kg) Gilt nur in Filialen mit Backautomat!,Nein,"Wochenangebote gültig von Montag, 09.03.26 - Samstag, 14.03.26",09.03.26,14.03.26,images_netto/netto_offer_280.png,"cat_getraenke,diet_gluten_free,diet_lactose_free,diet_vegan,diet_vegetarian,tag_ultra_processed,tag_whole_food"
Pizza Margherita,Keine Marke,"€ 0,50","€ 0,95",Kein Mengenpreis,Gilt nur in Filialen mit Backautomat!,Nein,"Wochenangebote gültig von Montag, 09.03.26 - Samstag, 14.03.26",09.03.26,14.03.26,images_netto/netto_offer_281.png,"cat_tiefkuehl,diet_gluten_free,diet_lactose_free,diet_vegan,diet_vegetarian,sub_frisches_obst,sub_tk_pizza,tag_ultra_processed,tag_whole_food"
Pinsa Cesare,Keine Marke,"€ 1,49","€ 1,99",6.48 / kg,,Nein,"Wochenangebote gültig von Montag, 09.03.26 - Samstag, 14.03.26",09.03.26,14.03.26,images_netto/netto_offer_282.png,"cat_getraenke,diet_gluten_free,diet_lactose_free,diet_vegan,diet_vegetarian,tag_whole_food"
Casa Zarrella Artischocken,Keine Marke,"€ 2,99","€ 3,99",10.68 / kg,schonend gegrillt,Nein,"Wochenangebote gültig von Montag, 09.03.26 - Samstag, 14.03.26",09.03.26,14.03.26,images_netto/netto_offer_283.png,"cat_obst_gemuese,diet_gluten_free,diet_lactose_free,diet_vegan,diet_vegetarian,tag_ultra_processed,tag_whole_food"
Prosciutto Cotto,Keine Marke,"€ 2,29","€ 2,99",25.44 / kg,versch. Sorten,Nein,"Wochenangebote gültig von Montag, 09.03.26 - Samstag, 14.03.26",09.03.26,14.03.26,images_netto/netto_offer_284.png,"cat_fleisch_wurst,diet_gluten_free,diet_lactose_free,diet_vegan,diet_vegetarian,sub_schwein,sub_wurst,tag_high_protein,tag_proteinreich,tag_ultra_processed,tag_whole_food"
Prosciutto Crudo,Keine Marke,"€ 1,99","€ 2,29",24.88 / kg,"luftgetrocknet, 11 Monate gereift",Nein,"Wochenangebote gültig von Montag, 09.03.26 - Samstag, 14.03.26",09.03.26,14.03.26,images_netto/netto_offer_285.png,"cat_fleisch_wurst,diet_gluten_free,diet_lactose_free,diet_vegan,diet_vegetarian,sub_schwein,sub_wurst,tag_high_protein,tag_proteinreich,tag_ultra_processed,tag_whole_food"
Burrata,Keine Marke,"€ 1,49","€ 1,79",14.90 / kg,gekühlt,Nein,"Wochenangebote gültig von Montag, 09.03.26 - Samstag, 14.03.26",09.03.26,14.03.26,images_netto/netto_offer_286.png,"cat_obst_gemuese,diet_gluten_free,diet_lactose_free,diet_vegan,diet_vegetarian,tag_whole_food"
Panificio Italiano Veritas Tramezzini,Keine Marke,"€ 1,99","€ 2,49",7.96 / kg,,Nein,"Wochenangebote gültig von Montag, 09.03.26 - Samstag, 14.03.26",09.03.26,14.03.26,images_netto/netto_offer_287.png,"cat_obst_gemuese,diet_gluten_free,diet_lactose_free,diet_vegan,diet_vegetarian,sub_exoten,sub_frisches_obst,tag_whole_food"
Antipasti,Keine Marke,"€ 3,49",,11.63 / kg,"gekühlt, versch. Sorten",Nein,"Wochenangebote gültig von Montag, 09.03.26 - Samstag, 14.03.26",09.03.26,14.03.26,images_netto/netto_offer_288.png,"cat_obst_gemuese,diet_gluten_free,diet_lactose_free,diet_vegan,diet_vegetarian,sub_frisches_gemuese,tag_whole_food"
Thunfischfilet,Keine Marke,"€ 1,79","€ 1,99",7.46 - 10.65 / kg,versch. Sorten,Nein,"Wochenangebote gültig von Montag, 09.03.26 - Samstag, 14.03.26",09.03.26,14.03.26,images_netto/netto_offer_289.png,"cat_fisch_meeresfruechte,diet_gluten_free,diet_lactose_free,tag_high_protein,tag_proteinreich,tag_ultra_processed,tag_whole_food"
Sardellen,Keine Marke,"€ 2,22","€ 2,49",27.75 / kg,versch. Sorten,Nein,"Wochenangebote gültig von Montag, 09.03.26 - Samstag, 14.03.26",09.03.26,14.03.26,images_netto/netto_offer_290.png,"cat_obst_gemuese,diet_gluten_free,diet_lactose_free,diet_vegan,diet_vegetarian,tag_ultra_processed,tag_whole_food"
Mozzarella,Keine Marke,"€ 0,99","€ 1,29",7.92 / kg,gekühlt,Nein,"Wochenangebote gültig von Montag, 09.03.26 - Samstag, 14.03.26",09.03.26,14.03.26,images_netto/netto_offer_291.png,"cat_molkerei_kaese,diet_gluten_free,diet_lactose_free,diet_vegan,diet_vegetarian,sub_kaese,sub_milchprodukte,tag_ultra_processed,tag_whole_food"
Guanciale,Keine Marke,"€ 2,49","€ 3,29",24.90 / kg,luftgetrocknete Schweinebacke in Streifen geschnitten,Nein,"Wochenangebote gültig von Montag, 09.03.26 - Samstag, 14.03.26",09.03.26,14.03.26,images_netto/netto_offer_292.png,"cat_obst_gemuese,diet_gluten_free,diet_lactose_free,diet_vegan,diet_vegetarian,sub_exoten,sub_frisches_gemuese,sub_frisches_obst,tag_ultra_processed,tag_whole_food"
Pasta Rey 1851 Pasta,Keine Marke,"€ 1,50","€ 1,89",1.50 / kg,versch. AusformungenEinzelpreis: 1.89 (3.78 / kg),Nein,"Wochenangebote gültig von Montag, 09.03.26 - Samstag, 14.03.26",09.03.26,14.03.26,images_netto/netto_offer_293.png,"cat_grundnahrung,diet_gluten_free,diet_lactose_free,diet_vegan,diet_vegetarian,sub_nudeln,tag_whole_food"
Bertolli Olivenöl,Keine Marke,"€ 5,99","€ 7,99",11.98 / l,versch. Sorten,Nein,"Wochenangebote gültig von Montag, 09.03.26 - Samstag, 14.03.26",09.03.26,14.03.26,images_netto/netto_offer_294.png,"cat_obst_gemuese,diet_gluten_free,diet_lactose_free,diet_vegan,diet_vegetarian,tag_whole_food"
Giovanni Rana frische gefüllte Pasta,Keine Marke,"€ 3,99","€ 6,99",7.98 / kg,"gekühlt, versch. Sorten",Nein,"Wochenangebote gültig von Montag, 09.03.26 - Samstag, 14.03.26",09.03.26,14.03.26,images_netto/netto_offer_295.png,"cat_grundnahrung,diet_lactose_free,diet_vegan,diet_vegetarian,sub_nudeln"
Pesto,Barilla,"€ 1,99",,9.95 - 10.47 / kg,versch. Sorten,Nein,"Wochenangebote gültig von Montag, 09.03.26 - Samstag, 14.03.26",09.03.26,14.03.26,images_netto/netto_offer_296.png,"cat_grundnahrung,diet_lactose_free,diet_vegan,diet_vegetarian,sub_nudeln,tag_ultra_processed"
Frutti di Mare,Keine Marke,"€ 3,29","€ 3,99",13.16 / kg,tiefgekühlt,Nein,"Wochenangebote gültig von Montag, 09.03.26 - Samstag, 14.03.26",09.03.26,14.03.26,images_netto/netto_offer_297.png,"cat_getraenke,diet_gluten_free,diet_lactose_free,diet_vegan,diet_vegetarian,sub_frisches_obst,tag_ultra_processed,tag_whole_food"
italienische Käsestücke,Keine Marke,"€ 2,99",,19.93 / kg,"gekühlt, versch. Sorten",Nein,"Wochenangebote gültig von Montag, 09.03.26 - Samstag, 14.03.26",09.03.26,14.03.26,images_netto/netto_offer_298.png,"cat_tiefkuehl,diet_vegan,diet_vegetarian,sub_kaese,sub_tk_gemuese,tag_whole_food"
Hackfleisch gemischt Bolognese,Keine Marke,"€ 3,49","€ 4,99",8.73 / kg,"vom Schwein und Rind, original italienisch gewürzt",Nein,"Wochenangebote gültig von Montag, 09.03.26 - Samstag, 14.03.26",09.03.26,14.03.26,images_netto/netto_offer_299.png,"cat_fleisch_wurst,sub_hackfleisch,sub_rind,sub_schwein,tag_proteinreich,tag_ultra_processed"
Oryza Risotto Reis,Keine Marke,"€ 1,99","€ 2,29",3.98 / kg,,Nein,"Wochenangebote gültig von Montag, 09.03.26 - Samstag, 14.03.26",09.03.26,14.03.26,images_netto/netto_offer_300.png,"cat_tiefkuehl,diet_gluten_free,diet_lactose_free,diet_vegan,diet_vegetarian,sub_reis,tag_ultra_processed,tag_whole_food"
Oro di Parma Tomatenmark,Keine Marke,"€ 1,29","€ 1,99",6.45 / kg,versch. Sorten,Nein,"Wochenangebote gültig von Montag, 09.03.26 - Samstag, 14.03.26",09.03.26,14.03.26,images_netto/netto_offer_301.png,"cat_obst_gemuese,diet_gluten_free,diet_lactose_free,diet_vegan,diet_vegetarian,sub_frisches_gemuese,tag_whole_food"
Condeli Lasagne,Keine Marke,"€ 3,99",,Kein Mengenpreis,"gekühlt, versch. Sorten",Nein,"Wochenangebote gültig von Montag, 09.03.26 - Samstag, 14.03.26",09.03.26,14.03.26,images_netto/netto_offer_302.png,"cat_tiefkuehl,diet_gluten_free,diet_lactose_free,diet_vegan,diet_vegetarian,sub_exoten,sub_frisches_obst,tag_ultra_processed,tag_whole_food"
Doppio Rosso Primitivo Merlot IGT,Keine Marke,"€ 3,99","€ 4,99",5.32 / l,"Italien, Rotwein, halbtrocken",Nein,"Wochenangebote gültig von Montag, 09.03.26 - Samstag, 14.03.26",09.03.26,14.03.26,images_netto/netto_offer_303.png,"cat_getraenke,diet_gluten_free,diet_lactose_free,diet_vegan,diet_vegetarian,tag_whole_food"
Mascarpone,Keine Marke,"€ 1,49","€ 1,79",5.96 / kg,gekühlt,Nein,"Wochenangebote gültig von Montag, 09.03.26 - Samstag, 14.03.26",09.03.26,14.03.26,images_netto/netto_offer_304.png,"cat_obst_gemuese,diet_gluten_free,diet_lactose_free,diet_vegan,diet_vegetarian,sub_kaese,sub_milchprodukte,sub_sahne_creme,tag_whole_food"
Italienisches Dessert,Keine Marke,"€ 1,79",,8.95 / kg,"gekühlt, versch. Sorten",Nein,"Wochenangebote gültig von Montag, 09.03.26 - Samstag, 14.03.26",09.03.26,14.03.26,images_netto/netto_offer_305.png,"cat_tiefkuehl,diet_gluten_free,diet_lactose_free,diet_vegan,diet_vegetarian,sub_tk_gemuese,tag_high_protein,tag_proteinreich,tag_whole_food"
Belli Cantuccini Mandel,Keine Marke,"€ 2,99","€ 3,79",11.96 / kg,,Nein,"Wochenangebote gültig von Montag, 09.03.26 - Samstag, 14.03.26",09.03.26,14.03.26,images_netto/netto_offer_306.png,"cat_obst_gemuese,diet_gluten_free,diet_lactose_free,diet_vegan,diet_vegetarian,sub_frisches_obst,tag_ultra_processed,tag_whole_food"
Baiocchi Kekse,Keine Marke,"€ 1,99","€ 2,49",11.85 / kg,versch. Sorten,Nein,"Wochenangebote gültig von Montag, 09.03.26 - Samstag, 14.03.26",09.03.26,14.03.26,images_netto/netto_offer_307.png,"cat_obst_gemuese,diet_gluten_free,diet_lactose_free,diet_vegan,diet_vegetarian,tag_ultra_processed,tag_whole_food"
Balconi Rollino,Keine Marke,"€ 1,49",,6.71 / kg,versch. Sorten,Nein,"Wochenangebote gültig von Montag, 09.03.26 - Samstag, 14.03.26",09.03.26,14.03.26,images_netto/netto_offer_308.png,"cat_getraenke,diet_gluten_free,diet_lactose_free,diet_vegan,diet_vegetarian,tag_ultra_processed,tag_whole_food"
Coppenrath Wiese Zeit für Genuss,Keine Marke,"€ 2,49","€ 2,99",9.58 - 10.83 / kg,"tiefgekühlt, versch. Sorten",Nein,"Wochenangebote gültig von Montag, 09.03.26 - Samstag, 14.03.26",09.03.26,14.03.26,images_netto/netto_offer_309.png,"cat_obst_gemuese,diet_gluten_free,diet_lactose_free,diet_vegan,diet_vegetarian,tag_ultra_processed,tag_whole_food"
Balconi Kuchen Dessert,Keine Marke,"€ 2,29","€ 2,99",5.73 / kg,versch. Sorten,Nein,"Wochenangebote gültig von Montag, 09.03.26 - Samstag, 14.03.26",09.03.26,14.03.26,images_netto/netto_offer_310.png,"cat_tiefkuehl,diet_gluten_free,diet_lactose_free,diet_vegan,diet_vegetarian,tag_ultra_processed,tag_whole_food"
TorreSanta I ro Bianco IGT,Keine Marke,"€ 3,49","€ 4,99",4.65 / l,"Italien, Apulien, Rotwein, trocken",Nein,"Wochenangebote gültig von Montag, 09.03.26 - Samstag, 14.03.26",09.03.26,14.03.26,images_netto/netto_offer_311.png,"cat_getraenke,diet_gluten_free,diet_lactose_free,diet_vegan,diet_vegetarian,tag_ultra_processed,tag_whole_food"
Italienische Limonade,Keine Marke,"€ 0,79",,2.39 / l,versch. Sorten,Nein,"Wochenangebote gültig von Montag, 09.03.26 - Samstag, 14.03.26",09.03.26,14.03.26,images_netto/netto_offer_312.png,"cat_getraenke,diet_lactose_free,diet_vegan,diet_vegetarian,sub_exoten,sub_tk_gemuese,tag_ultra_processed,tag_whole_food"
Leonardo Thermogläser,Keine Marke,"€ 9,99","€ 22,00",Kein Mengenpreis,spülmaschinenfest und mikrowellengeeignet Füllmenge: ca. 360 ml,Nein,"Wochenangebote gültig von Montag, 09.03.26 - Samstag, 14.03.26",09.03.26,14.03.26,images_netto/netto_offer_313.png,"cat_getraenke,diet_gluten_free,diet_lactose_free,diet_vegan,diet_vegetarian,tag_whole_food"
Doppio Passo Prosecco DOC,Keine Marke,"€ 5,99","€ 10,99",7.99 / l,Spumante Extra Dry,Nein,"Wochenangebote gültig von Montag, 09.03.26 - Samstag, 14.03.26",09.03.26,14.03.26,images_netto/netto_offer_314.png,"cat_getraenke,diet_gluten_free,diet_lactose_free,diet_vegan,diet_vegetarian,tag_ultra_processed,tag_whole_food"
Limoncello Di Alfino,Keine Marke,"€ 4,79","€ 5,49",9.58 / l,30% Vol.,Nein,"Wochenangebote gültig von Montag, 09.03.26 - Samstag, 14.03.26",09.03.26,14.03.26,images_netto/netto_offer_315.png,"cat_getraenke,diet_gluten_free,diet_lactose_free,diet_vegan,diet_vegetarian,sub_exoten,sub_frisches_obst,tag_ultra_processed,tag_whole_food"
Coca Cola,Keine Marke,"€ 0,99","€ 1,59",0.79 / l,"teilw. koffeinhaltig, versch. Sorten",Nein,"Wochenangebote gültig von Montag, 09.03.26 - Samstag, 14.03.26",09.03.26,14.03.26,images_netto/netto_offer_316.png,"cat_getraenke,diet_gluten_free,diet_lactose_free,diet_vegan,diet_vegetarian,sub_tk_fertiggerichte,tag_ultra_processed,tag_whole_food"
Valensina Saft oder Nektar,Keine Marke,"€ 1,79","€ 2,49",Kein Mengenpreis,versch. Sorten,Nein,"Wochenangebote gültig von Montag, 09.03.26 - Samstag, 14.03.26",09.03.26,14.03.26,images_netto/netto_offer_317.png,"cat_getraenke,diet_gluten_free,diet_lactose_free,diet_vegan,diet_vegetarian,tag_ultra_processed"
Volvic Juicy,Keine Marke,"€ 1,29","€ 1,89",Kein Mengenpreis,versch. Sorten,Nein,"Wochenangebote gültig von Montag, 09.03.26 - Samstag, 14.03.26",09.03.26,14.03.26,images_netto/netto_offer_318.png,"cat_getraenke,diet_gluten_free,diet_lactose_free,diet_vegan,diet_vegetarian,tag_ultra_processed,tag_whole_food"
Johnnie Walker Red Label,Keine Marke,"€ 10,99","€ 15,99",15.70 / l,"Blended Scotch Whisky, 40% Vol.",Nein,"Wochenangebote gültig von Montag, 09.03.26 - Samstag, 14.03.26",09.03.26,14.03.26,images_netto/netto_offer_319.png,"cat_getraenke,diet_gluten_free,diet_lactose_free,diet_vegan,diet_vegetarian,tag_ultra_processed,tag_whole_food"
Original Spiced Gold,Captain Morgan,"€ 9,99","€ 12,99",14.27 / l,35% Vol.,Nein,"Wochenangebote gültig von Montag, 09.03.26 - Samstag, 14.03.26",09.03.26,14.03.26,images_netto/netto_offer_320.png,"cat_getraenke,diet_gluten_free,diet_lactose_free,diet_vegan,diet_vegetarian,tag_high_protein,tag_ultra_processed"
Puschkin,Keine Marke,"€ 5,99","€ 8,49",8.56 / l,"versch. Sorten 15 – 37,5 % Vol.",Nein,"Wochenangebote gültig von Montag, 09.03.26 - Samstag, 14.03.26",09.03.26,14.03.26,images_netto/netto_offer_321.png,"cat_obst_gemuese,diet_gluten_free,diet_lactose_free,diet_vegan,diet_vegetarian,sub_exoten,sub_frisches_gemuese,sub_frisches_obst,tag_ultra_processed,tag_whole_food"
Warsteiner,Keine Marke,"€ 0,79","€ 0,99",1.58 / l,versch. Sorten,Nein,"Wochenangebote gültig von Montag, 09.03.26 - Samstag, 14.03.26",09.03.26,14.03.26,images_netto/netto_offer_322.png,"cat_getraenke,diet_gluten_free,diet_lactose_free,diet_vegan,diet_vegetarian,tag_ultra_processed,tag_whole_food"
Weißbier,Erdinger,"€ 13,99","€ 21,29",1.40 / l,Hell oder Alkoholfrei,Nein,"Wochenangebote gültig von Montag, 09.03.26 - Samstag, 14.03.26",09.03.26,14.03.26,images_netto/netto_offer_323.png,"cat_getraenke,diet_vegetarian"
Scherdel Premium Pilsner,Keine Marke,"€ 11,99","€ 14,99",1.20 / l,,Nein,"Wochenangebote gültig von Montag, 09.03.26 - Samstag, 14.03.26",09.03.26,14.03.26,images_netto/netto_offer_324.png,cat_getraenke
Original Münchner Hell oder Alkoholfrei,Paulaner,"€ 13,99","€ 19,69",1.40 / l,,Nein,"Wochenangebote gültig von Montag, 09.03.26 - Samstag, 14.03.26",09.03.26,14.03.26,images_netto/netto_offer_325.png,"cat_getraenke,tag_ultra_processed"
Apfelsaft klar Apfeldirektsaft naturtrüb oder Apfel-Kirsch,Keine Marke,"€ 7,99","€ 8,99",1.33 / l,,Nein,"Wochenangebote gültig von Montag, 09.03.26 - Samstag, 14.03.26",09.03.26,14.03.26,images_netto/netto_offer_326.png,"cat_getraenke,diet_gluten_free,diet_lactose_free,diet_vegan,diet_vegetarian,sub_frisches_obst,tag_whole_food"
Residenz Quelle Natürliches Mineralwasser,Keine Marke,"€ 5,49","€ 6,99",0.46 / l,Spitzig oder Medium,Nein,"Wochenangebote gültig von Montag, 09.03.26 - Samstag, 14.03.26",09.03.26,14.03.26,images_netto/netto_offer_327.png,"cat_getraenke,diet_gluten_free,diet_lactose_free,diet_vegan,diet_vegetarian"
Monster Energy Drink,Keine Marke,"€ 3,99","€ 5,96",2.- / l,"taurin- & koffeinhaltig, versch. Sorten Einzelpreis: 1.49 (2.98 / l) zzgl. Pfand 0.25",Nein,"Wochenangebote gültig von Montag, 09.03.26 - Samstag, 14.03.26",09.03.26,14.03.26,images_netto/netto_offer_328.png,"cat_getraenke,diet_gluten_free,diet_lactose_free,tag_ultra_processed"
oder Fanta,Coca-Cola,"€ 8,99",,1.51 / l,"teilw. koffeinhaltig, versch. Sorten",Nein,"Wochenangebote gültig von Montag, 09.03.26 - Samstag, 14.03.26",09.03.26,14.03.26,images_netto/netto_offer_329.png,"cat_getraenke,sub_tk_fertiggerichte,tag_high_protein,tag_proteinreich,tag_ultra_processed"
Pepsi oder Schwip Schwap,Keine Marke,"€ 3,99","€ 7,14",1.33 / l,"koffeinhaltig, versch. Sorten",Nein,"Wochenangebote gültig von Montag, 09.03.26 - Samstag, 14.03.26",09.03.26,14.03.26,images_netto/netto_offer_330.png,"cat_getraenke,diet_gluten_free,diet_lactose_free,diet_vegetarian,tag_ultra_processed"
Donut,Keine Marke,"€ 2,22",,5.44 - 7.55 / kg,versch. Sorten Gilt nur in Filialen mit Backautomat!,Nein,"Wochenangebote gültig von Montag, 09.03.26 - Samstag, 14.03.26",09.03.26,14.03.26,images_netto/netto_offer_331.png,"cat_obst_gemuese,diet_gluten_free,diet_lactose_free,diet_vegan,diet_vegetarian,sub_exoten,sub_frisches_obst,tag_ultra_processed,tag_whole_food"
Bio Dinkelbrot,Keine Marke,"€ 1,49","€ 1,79",5.96 / kg,Gilt nur in Filialen mit Backautomat!,Nein,"Wochenangebote gültig von Montag, 09.03.26 - Samstag, 14.03.26",09.03.26,14.03.26,images_netto/netto_offer_332.png,"cat_grundnahrung,diet_gluten_free,diet_lactose_free,diet_vegan,diet_vegetarian,sub_frisches_obst,tag_whole_food"
Geflügelrolle,Keine Marke,"€ 2,58","€ 3,87",Kein Mengenpreis,Einzelpreis: 1.29  Geflügelrolle GRATIS! Gilt nur in Filialen mit Backautomat!,Nein,"Wochenangebote gültig von Montag, 09.03.26 - Samstag, 14.03.26",09.03.26,14.03.26,images_netto/netto_offer_333.png,"cat_fleisch_wurst,diet_gluten_free,diet_lactose_free,diet_vegan,diet_vegetarian,sub_gefluegel,sub_wurst,tag_ultra_processed,tag_whole_food"
Käse-Schinken-Croissant,Keine Marke,"€ 0,69","€ 0,79",Kein Mengenpreis,Gilt nur in Filialen mit Backautomat!,Nein,"Wochenangebote gültig von Montag, 09.03.26 - Samstag, 14.03.26",09.03.26,14.03.26,images_netto/netto_offer_334.png,"cat_fleisch_wurst,diet_vegetarian,sub_schwein,sub_wurst,tag_ultra_processed"
Weizenmischbrot,Keine Marke,"€ 1,49","€ 1,85",Kein Mengenpreis,Gilt nur in Filialen mit Backautomat!,Nein,"Wochenangebote gültig von Montag, 09.03.26 - Samstag, 14.03.26",09.03.26,14.03.26,images_netto/netto_offer_335.png,"cat_grundnahrung,diet_gluten_free,diet_lactose_free,diet_vegan,diet_vegetarian,sub_frisches_gemuese,tag_whole_food"
Vanillestange,Keine Marke,"€ 0,69","€ 0,79",Kein Mengenpreis,Gilt nur in Filialen mit Backautomat!,Nein,"Wochenangebote gültig von Montag, 09.03.26 - Samstag, 14.03.26",09.03.26,14.03.26,images_netto/netto_offer_336.png,"cat_grundnahrung,diet_gluten_free,diet_lactose_free,diet_vegan,diet_vegetarian,sub_tk_eis,tag_whole_food"
Quarktasche,Keine Marke,"€ 0,69","€ 0,99",Kein Mengenpreis,Gilt nur in Filialen mit Backautomat!,Nein,"Wochenangebote gültig von Montag, 09.03.26 - Samstag, 14.03.26",09.03.26,14.03.26,images_netto/netto_offer_337.png,"cat_tiefkuehl,diet_gluten_free,diet_lactose_free,diet_vegan,diet_vegetarian,sub_exoten,tag_whole_food"
Käse-Laugen Breze,Keine Marke,"€ 0,89","€ 0,99",Kein Mengenpreis,Gilt nur in Filialen mit Backautomat!,Nein,"Wochenangebote gültig von Montag, 09.03.26 - Samstag, 14.03.26",09.03.26,14.03.26,images_netto/netto_offer_338.png,"cat_obst_gemuese,diet_gluten_free,diet_lactose_free,diet_vegan,diet_vegetarian,sub_kaese,tag_ultra_processed,tag_whole_food"
Thermoschüssel-Set,Keine Marke,"€ 9,99","€ 29,99",Kein Mengenpreis,"mit Edelstahleinsatz und praktischem Dreh-Deckel, hält Speisen bis zu 4 Stunden warm/kalt Füllmengen: ca. 550 ml, 800 ml & 1300 ml",Nein,"Wochenangebote gültig von Montag, 09.03.26 - Samstag, 14.03.26",09.03.26,14.03.26,images_netto/netto_offer_339.png,"cat_non_food,diet_gluten_free,diet_lactose_free,diet_vegan,diet_vegetarian,tag_whole_food"
Doppelkammer-Heißluftfritteuse,Keine Marke,"€ 79,99","€ 149,99",Kein Mengenpreis,"2 unabhängige Garzonen, 10 voreingestellte Programme, Touch-Display , 60-Minuten- Timer- & Warmhaltefunktion, 7 Liter Volumen (2 x 3,5 l), max. 2400 W",Nein,"Wochenangebote gültig von Montag, 09.03.26 - Samstag, 14.03.26",09.03.26,14.03.26,images_netto/netto_offer_340.png,"cat_non_food,diet_gluten_free,diet_lactose_free,diet_vegan,diet_vegetarian,tag_ultra_processed"
Frischhaltedosen Set XXL,Keine Marke,"€ 9,99","€ 24,99",Kein Mengenpreis,"je 2 x 170 ml, 300 ml, 615 ml, 1025 ml, 1800 ml, 2900 ml & 5000 ml, gefrier- & spülmaschinengeeignet platzsparend ineinander stapelbar",Nein,"Wochenangebote gültig von Montag, 09.03.26 - Samstag, 14.03.26",09.03.26,14.03.26,images_netto/netto_offer_341.png,"cat_obst_gemuese,diet_gluten_free,diet_lactose_free,diet_vegan,diet_vegetarian,tag_whole_food"
Backpapier Schalen,Keine Marke,"€ 6,99","€ 14,99",Kein Mengenpreis,"für Garkörbe mit 3 – 5 l, öl-, wasser- und hitzebeständig bis 220° C Maße: ca. 22 x 14 cm",Nein,"Wochenangebote gültig von Montag, 09.03.26 - Samstag, 14.03.26",09.03.26,14.03.26,images_netto/netto_offer_342.png,"cat_getraenke,diet_lactose_free,diet_vegan,diet_vegetarian,tag_whole_food"
Glas-Wasserkocher,Keine Marke,"€ 15,99","€ 29,99",Kein Mengenpreis,"1,8 Liter Fassungsvermögen, max. 1.800 W, mit Abschaltautomatik",Nein,"Wochenangebote gültig von Montag, 09.03.26 - Samstag, 14.03.26",09.03.26,14.03.26,images_netto/netto_offer_343.png,"cat_getraenke,diet_gluten_free,diet_lactose_free,diet_vegan,diet_vegetarian,tag_whole_food"
Sandwich-Maker,Keine Marke,"€ 9,99","€ 19,99",Kein Mengenpreis,"toastet & halbiert 2 Sandwiches gleichzeitig – für 4 Portionen, Leistung: max. 750 W",Nein,"Wochenangebote gültig von Montag, 09.03.26 - Samstag, 14.03.26",09.03.26,14.03.26,images_netto/netto_offer_344.png,"cat_obst_gemuese,diet_gluten_free,diet_lactose_free,diet_vegan,diet_vegetarian,sub_frisches_gemuese,tag_ultra_processed,tag_whole_food"
Silikon-Backform für Heißluftfritteusen,Keine Marke,"€ 9,99","€ 19,99",Kein Mengenpreis,"hitzebeständig bis 230°C und spülmaschinenfest, rund, quadratisch oder eckig",Nein,"Wochenangebote gültig von Montag, 09.03.26 - Samstag, 14.03.26",09.03.26,14.03.26,images_netto/netto_offer_345.png,"cat_non_food,diet_vegetarian"
Smartwaxx Wachs-Sticks,Keine Marke,"€ 7,99","€ 19,99",Kein Mengenpreis,"Nasen- & Ohrenhaare effektiv entfernen, mit hautpflegenden Inhaltsstoffen wie z.B. Aloe Vera & Shea Butter",Nein,"Wochenangebote gültig von Montag, 09.03.26 - Samstag, 14.03.26",09.03.26,14.03.26,images_netto/netto_offer_346.png,"cat_obst_gemuese,diet_gluten_free,diet_lactose_free,diet_vegan,diet_vegetarian,tag_ultra_processed,tag_whole_food"
Pflanzturm,Keine Marke,"€ 9,99",,Kein Mengenpreis,"mit durchlässigem Boden für einfache Bewässerung und Schutz vor Staunässe, aus hochwertigem Kunststoff, UV- und witterungsbeständig, 12 seitliche Pflanzvertiefungen für die Bepflanzung auf mehreren Ebenen Maße: ca. 43 x 43 x 60,5 cm",Nein,"Wochenangebote gültig von Montag, 09.03.26 - Samstag, 14.03.26",09.03.26,14.03.26,images_netto/netto_offer_347.png,"cat_obst_gemuese,diet_gluten_free,diet_lactose_free,diet_vegan,diet_vegetarian,sub_exoten,sub_frisches_obst,tag_whole_food"
Hochbeet,Keine Marke,"€ 19,99",,Kein Mengenpreis,"aus robustem Kunststoffmaterial, leicht zu reinigen, UV- und witterungsbeständig, inkl. lichtdurchlässiger Abdeckhaube Fassungsvermögen: ca. 48 Liter Maße mit Beinen: 76 x 38 x 79 cm Maße ohne Beine: 76 x 38 x 25,5 cm",Nein,"Wochenangebote gültig von Montag, 09.03.26 - Samstag, 14.03.26",09.03.26,14.03.26,images_netto/netto_offer_348.png,"cat_obst_gemuese,diet_gluten_free,diet_lactose_free,diet_vegan,diet_vegetarian,sub_exoten,sub_frisches_gemuese,sub_frisches_obst,tag_ultra_processed,tag_whole_food"
Zuchtgarten Erdbeere,Keine Marke,"€ 4,99",,Kein Mengenpreis,"nachhaltig recycelter Anbautopf, gebrauchsfertiger Innenanbau, versch. Sorten",Nein,"Wochenangebote gültig von Montag, 09.03.26 - Samstag, 14.03.26",09.03.26,14.03.26,images_netto/netto_offer_349.png,"cat_obst_gemuese,diet_gluten_free,diet_lactose_free,diet_vegan,diet_vegetarian,sub_frisches_obst,tag_whole_food"
Hochbeetdünger,Keine Marke,"€ 3,99",,2.- / kg,"Naturdünger aus rein natürlichen organischen Rohstoffen, ausgewogene Nährstoffkombination, optimal auf die Bedürfnisse von Kräutern und Gemüse abgestimmt",Nein,"Wochenangebote gültig von Montag, 09.03.26 - Samstag, 14.03.26",09.03.26,14.03.26,images_netto/netto_offer_350.png,"cat_obst_gemuese,diet_gluten_free,diet_lactose_free,diet_vegan,diet_vegetarian,sub_frisches_obst,tag_whole_food"
Seramis Zimmerpflanzen Granulat oder Vitalnahrung,Keine Marke,"€ 3,99","€ 5,99",1.60 / l,"Vitalnahrung Orchideen: für eine lang anhaltende Blütenpracht, 0,2 Liter (19.95 / l)Spezial-Substrat Orchideen: Tonkörnchen, hochwertige Pinienrinde sowie Spurenelemente, 2,5 Liter (1,60 / l) Spezial-Substrat Kakteen-Sukkulenten: ideal für Kakteen & Sukkulenten, 2,5 Liter (1,60 / l)Vitalnahrung Grünpflanzen und Palmen: für ein kräftiges und gesundes Wachstum, 0,2 Liter (19.95/ l)Spezial-Substrat Zimmerpflanze: für eine hohe Wasser und Nährstoffspeicherung, 2,5 Liter (1,60 / l)",Nein,"Wochenangebote gültig von Montag, 09.03.26 - Samstag, 14.03.26",09.03.26,14.03.26,images_netto/netto_offer_351.png,"cat_tiernahrung,diet_gluten_free,diet_lactose_free,diet_vegan,diet_vegetarian,tag_whole_food"
LED Solar Häuschen,Keine Marke,"€ 7,99",,Kein Mengenpreis,"solarbetrieben, Leuchtdauer bis zu 8 Stunden, witterungsbeständigHöhe ca. 15 cm, Höhe inkl. Erdspieß ca. 30 cm",Nein,"Wochenangebote gültig von Montag, 09.03.26 - Samstag, 14.03.26",09.03.26,14.03.26,images_netto/netto_offer_352.png,"cat_tiefkuehl,diet_gluten_free,diet_lactose_free,diet_vegan,diet_vegetarian,tag_ultra_processed,tag_whole_food"
Solar Windspiel,Keine Marke,"€ 5,99",,Kein Mengenpreis,"6 LEDs, mit Farbwechselfunktion, mit Solarpanel und Einschaltautomatik Maße ca. 90 cm",Nein,"Wochenangebote gültig von Montag, 09.03.26 - Samstag, 14.03.26",09.03.26,14.03.26,images_netto/netto_offer_353.png,"cat_getraenke,diet_gluten_free,diet_lactose_free,diet_vegan,diet_vegetarian,tag_ultra_processed,tag_whole_food"
Metall Dekostecker,Keine Marke,"€ 2,99",,Kein Mengenpreis,mit dekorativen Zierornamentenca. 14 cm inkl. Erdspieß: ca. 56 cm,Nein,"Wochenangebote gültig von Montag, 09.03.26 - Samstag, 14.03.26",09.03.26,14.03.26,images_netto/netto_offer_354.png,"cat_getraenke,diet_gluten_free,diet_lactose_free,diet_vegan,diet_vegetarian,tag_ultra_processed,tag_whole_food"
LED Solar Wandlicht,Keine Marke,"€ 14,99","€ 19,99",Kein Mengenpreis,"Bewegungsmelder, 6 – 10m Reichweite, mit versch. Leuchtfunkionen, Solarmodul, Kabellänge ca. 4,8 m, leistungsstarke 120 LEDs, 600 Lumen Maße ca. 148 x 112 x 58 mm",Nein,"Wochenangebote gültig von Montag, 09.03.26 - Samstag, 14.03.26",09.03.26,14.03.26,images_netto/netto_offer_355.png,"cat_getraenke,diet_gluten_free,diet_lactose_free,diet_vegan,diet_vegetarian,tag_ultra_processed,tag_whole_food"
Solar Spot-Scheinwerfer,Keine Marke,"€ 6,99",,Kein Mengenpreis,"28 LEDs, warmweiß oder farbwechsel, mit Dämmerungssensor, Schutzart IP65, wasserbeständig, inkl. Erdspieß und WandhalterungMaße ca. 9,5 x 33 x 11 cm",Nein,"Wochenangebote gültig von Montag, 09.03.26 - Samstag, 14.03.26",09.03.26,14.03.26,images_netto/netto_offer_356.png,"cat_getraenke,diet_gluten_free,diet_lactose_free,diet_vegan,diet_vegetarian,tag_ultra_processed,tag_whole_food"
Bruchglas-Solarleuchte,Keine Marke,"€ 2,99",,Kein Mengenpreis,"mit Einschaltautomatik bei einsetzender Dämmerung, Edelstahl- GehäuseBodenlicht: Ø ca. 10 cmHängeleuchte: Ø Kugel ca. 8 cmSteckleuchte: Ø Kugel: ca. 8 cm",Nein,"Wochenangebote gültig von Montag, 09.03.26 - Samstag, 14.03.26",09.03.26,14.03.26,images_netto/netto_offer_357.png,"cat_obst_gemuese,diet_gluten_free,diet_lactose_free,diet_vegan,diet_vegetarian,tag_ultra_processed,tag_whole_food"
Pflanzensäcke,Keine Marke,"€ 9,99",,Kein Mengenpreis,"ideal geeignet für Kartoffeln, Karotten, Beeren, Auberginen, mit praktischem Sichtfenster, wiederverwendbar Kartoffel 3er Set: Maße: Ø ca. 34 cm, Höhe ca. 35 cm Erdbeere 2er Set: Maße: Ø ca. 45 cm, Höhe ca. 35 cm",Nein,"Wochenangebote gültig von Montag, 09.03.26 - Samstag, 14.03.26",09.03.26,14.03.26,images_netto/netto_offer_358.png,"cat_obst_gemuese,diet_gluten_free,diet_lactose_free,diet_vegan,diet_vegetarian,sub_frisches_obst,tag_ultra_processed,tag_whole_food"
Romberg Zimmergewächshaus- oder Anzuchtschalen Set,Keine Marke,"€ 6,99",,Kein Mengenpreis,"inkl. Kokoserde, 15 x Anzuchttöpfe und HolzstecketikettenMaße: ca. 29 x 19 x 19 cm",Nein,"Wochenangebote gültig von Montag, 09.03.26 - Samstag, 14.03.26",09.03.26,14.03.26,images_netto/netto_offer_359.png,"cat_getraenke,diet_vegan,diet_vegetarian"
Blumenerde,Keine Marke,"€ 1,49","€ 1,99",0.07 / l,,Nein,"Wochenangebote gültig von Montag, 09.03.26 - Samstag, 14.03.26",09.03.26,14.03.26,images_netto/netto_offer_360.png,"cat_getraenke,diet_gluten_free,diet_lactose_free,diet_vegan,diet_vegetarian,sub_frisches_obst,tag_ultra_processed,tag_whole_food"
Gemüsepflanzen,Keine Marke,"€ 1,99",,Kein Mengenpreis,"ca. 15 cm hoch, versch. Sorten Ø = 12 cm Salat-, Snack- oder Einlegegurke, gelb, rot oder grüne Paprika",Nein,"Wochenangebote gültig von Montag, 09.03.26 - Samstag, 14.03.26",09.03.26,14.03.26,images_netto/netto_offer_361.png,"cat_tiefkuehl,diet_gluten_free,diet_lactose_free,diet_vegan,diet_vegetarian,sub_frisches_gemuese,sub_tk_gemuese,tag_whole_food"
Erdbeerpflanze,Keine Marke,"€ 0,99",,Kein Mengenpreis,"ca. 15 cm hoch, Ø = ca. 9 cm",Nein,"Wochenangebote gültig von Montag, 09.03.26 - Samstag, 14.03.26",09.03.26,14.03.26,images_netto/netto_offer_362.png,"cat_obst_gemuese,diet_gluten_free,diet_lactose_free,diet_vegan,diet_vegetarian,sub_frisches_obst,tag_whole_food"
Salatpflanzen,Keine Marke,"€ 1,99",,Kein Mengenpreis,"ca. 10 cm hoch, versch. Sorten Kopfsalat, Lollo Mix, Feldsalat oder Endivien",Nein,"Wochenangebote gültig von Montag, 09.03.26 - Samstag, 14.03.26",09.03.26,14.03.26,images_netto/netto_offer_363.png,"cat_obst_gemuese,diet_gluten_free,diet_lactose_free,diet_vegan,diet_vegetarian,sub_frisches_gemuese,sub_salate,tag_ultra_processed,tag_whole_food"
Pflanzregal,Keine Marke,"€ 14,99",,Kein Mengenpreis,aus robustem Kunststoff inkl. Wasserspeicher für eine optimale Wasserversorgung dank simplem Stecksystem erweiterbar Maße: ca. 49 x 32 x 89 cm,Nein,"Wochenangebote gültig von Montag, 09.03.26 - Samstag, 14.03.26",09.03.26,14.03.26,images_netto/netto_offer_364.png,"cat_obst_gemuese,diet_gluten_free,diet_lactose_free,diet_vegan,diet_vegetarian,sub_frisches_obst,tag_whole_food"
Blühpflanzen,Keine Marke,"€ 5,99",,Kein Mengenpreis,"ca. 15 cm hoch, versch. Farben und Sorten",Nein,"Wochenangebote gültig von Montag, 09.03.26 - Samstag, 14.03.26",09.03.26,14.03.26,images_netto/netto_offer_365.png,"cat_obst_gemuese,diet_gluten_free,diet_lactose_free,diet_vegan,diet_vegetarian,sub_frisches_obst,tag_ultra_processed,tag_whole_food"
Veilchen,Keine Marke,"€ 1,99",,Kein Mengenpreis,"Veilchen, ca. 10 cm hoch, versch. Farben",Nein,"Wochenangebote gültig von Montag, 09.03.26 - Samstag, 14.03.26",09.03.26,14.03.26,images_netto/netto_offer_366.png,"cat_obst_gemuese,diet_gluten_free,diet_lactose_free,diet_vegan,diet_vegetarian,tag_ultra_processed,tag_whole_food"
Rosenbogen,Keine Marke,"€ 9,99",,Kein Mengenpreis,"für alle Kletterpflanzen Pulverbeschichteter Stahl, witterungsbeständig montiert: ca. 133 x 260 x 38,5 cm",Nein,"Wochenangebote gültig von Montag, 09.03.26 - Samstag, 14.03.26",09.03.26,14.03.26,images_netto/netto_offer_367.png,"cat_obst_gemuese,diet_gluten_free,diet_lactose_free,diet_vegan,diet_vegetarian,sub_frisches_gemuese,sub_frisches_obst,tag_ultra_processed,tag_whole_food"
Tulpen,Keine Marke,"€ 3,99",,Kein Mengenpreis,"ca. 15 cm hoch, versch. Farben, Ø = 12 cm",Nein,"Wochenangebote gültig von Montag, 09.03.26 - Samstag, 14.03.26",09.03.26,14.03.26,images_netto/netto_offer_368.png,"cat_obst_gemuese,diet_gluten_free,diet_lactose_free,diet_vegan,diet_vegetarian,sub_exoten,sub_frisches_gemuese,sub_frisches_obst,tag_ultra_processed,tag_whole_food"
Edelnelken,Keine Marke,"€ 5,99",,Kein Mengenpreis,"ca. 15 cm hoch, versch. Farben",Nein,"Wochenangebote gültig von Montag, 09.03.26 - Samstag, 14.03.26",09.03.26,14.03.26,images_netto/netto_offer_369.png,"cat_obst_gemuese,diet_gluten_free,diet_lactose_free,diet_vegan,diet_vegetarian,sub_exoten,sub_frisches_gemuese,sub_frisches_obst,tag_ultra_processed,tag_whole_food"
Primeln,Keine Marke,"€ 3,99",,Kein Mengenpreis,"ca. 15 cm hoch, versch. Farben",Nein,"Wochenangebote gültig von Montag, 09.03.26 - Samstag, 14.03.26",09.03.26,14.03.26,images_netto/netto_offer_370.png,"cat_obst_gemuese,diet_gluten_free,diet_lactose_free,diet_vegan,diet_vegetarian,sub_exoten,sub_frisches_gemuese,sub_frisches_obst,tag_ultra_processed,tag_whole_food"
Blumenzwiebeln,Keine Marke,"€ 3,99",,Kein Mengenpreis,"ca. 15 cm hoch, versch. Sorten, Pflegeleichte Narzissen, Hyazinthen oder Muscari",Nein,"Wochenangebote gültig von Montag, 09.03.26 - Samstag, 14.03.26",09.03.26,14.03.26,images_netto/netto_offer_371.png,"cat_obst_gemuese,diet_gluten_free,diet_lactose_free,diet_vegan,diet_vegetarian,sub_frisches_gemuese,tag_whole_food"
Schweine-Bauch,Keine Marke,"€ 3,99","€ 4,49",Kein Mengenpreis,"mit Knochen, vakuumverpackt, ca. 2,5 kg",Nein,"Samstagskracher gültig am Samstag, 14.03.26",14.03.26,14.03.26,images_netto/netto_offer_372.png,"cat_fleisch_wurst,diet_gluten_free,diet_lactose_free,diet_vegan,diet_vegetarian,sub_schwein,tag_whole_food"
funny-frisch Chipsfrisch,Keine Marke,"€ 0,99","€ 1,99",6.60 / kg,versch. Sorten,Nein,"Samstagskracher gültig am Samstag, 14.03.26",14.03.26,14.03.26,images_netto/netto_offer_373.png,"cat_knabbern_naschen,diet_lactose_free,diet_vegetarian,sub_huelsenfruechte,tag_ultra_processed"
Trauben hell,Keine Marke,"€ 1,49","€ 1,79",2.98 / kg,"Südafrika, Kl. I",Nein,"Samstagskracher gültig am Samstag, 14.03.26",14.03.26,14.03.26,images_netto/netto_offer_374.png,"cat_obst_gemuese,diet_gluten_free,diet_lactose_free,diet_vegan,diet_vegetarian,sub_frisches_obst,tag_whole_food"
Krönung,Jacobs,"€ 4,99","€ 9,29",9.98 / kg,"Kaffee gemahlen oder Ganze Bohnen, versch. Sorten",Nein,"Samstagskracher gültig am Samstag, 14.03.26",14.03.26,14.03.26,images_netto/netto_offer_375.png,"cat_getraenke,diet_gluten_free,diet_lactose_free,diet_vegan,diet_vegetarian"
Hacker Pschorr Münchner Hell oder Kapuziner Weißbier Naturtrüb,Keine Marke,"€ 10,99","€ 16,9919,49",1.10 / l,je nach regionaler Verfügbarkeit,Nein,"Samstagskracher gültig am Samstag, 14.03.26",14.03.26,14.03.26,images_netto/netto_offer_376.png,"cat_getraenke,diet_vegetarian,tag_ultra_processed"
