Produkt,Marke,Preis,Vorheriger Preis,Preis_kg,RAW_Preis_kg,Hinweis,Nur_online,Gueltig_raw,Gueltig_von,Gueltig_bis,Bildpfad,assigned_labels,source_market,Einheit,nutrition_link,reference_row_id,rough_match_observation_ids,exact_match_observation_ids,brand_extracted,brand_normalized
Rindfleisch-Tortelloni,Rewe Beste Wahl,"€ 1,59",,"1 kg = 6,36","1 kg = 6,36",je 250-g-Btl.,Nein,2026-04-13 bis 2026-04-19,2026-04-13,2026-04-19,../images/rewe/bamberg_offer_001.jpg,"cat_fleisch_wurst,diet_gluten_free,diet_lactose_free,diet_vegan,diet_vegetarian,sub_nudeln,sub_rind,tag_ultra_processed,tag_whole_food",bamberg,,,ref_000001,obs_0000000725|obs_0000012826|obs_0000008226|obs_0000008812|obs_0000004770|obs_0000004343|obs_0000000276|obs_0000011060|obs_0000003916|obs_0000010656|obs_0000003071,,,x
Fix Spaghetti Bolognese,Maggi,"€ 0,44",,"1 kg = 12,22","1 kg = 12,22",je 36-g-Btl.,Nein,2026-04-13 bis 2026-04-19,2026-04-13,2026-04-19,../images/rewe/bamberg_offer_181.jpg,"cat_grundnahrung,diet_vegetarian,sub_nudeln,tag_ultra_processed",bamberg,,,ref_000002,obs_0000027095|obs_0000034217|obs_0000021014|obs_0000020195|obs_0000026433|obs_0000009155|obs_0000025048|obs_0000018941|obs_0000010238|obs_0000033820|obs_0000020035|obs_0000026187|obs_0000012367|obs_0000001650|obs_0000009872|obs_0000004761|obs_0000015001|obs_0000009412|obs_0000016596|obs_0000004334|obs_0000001286|obs_0000000270|obs_0000009999|obs_0000006464|obs_0000003907|obs_0000009537|obs_0000017240|obs_0000020854|obs_0000022908|obs_0000013189|obs_0000010701|obs_0000001508,obs_0000034217|obs_0000027095,,
Pasta Sauce,Barilla,"€ 1,99",,"1 kg = 4,98","1 kg = 4,98","Basilico, je 400-g-Glas",Nein,2026-04-13 bis 2026-04-19,2026-04-13,2026-04-19,../images/rewe/bamberg_offer_182.jpg,"cat_grundnahrung,diet_lactose_free,diet_vegan,diet_vegetarian,sub_hackfleisch,sub_nudeln",bamberg,,,ref_000003,obs_0000018497|obs_0000010415|obs_0000014564|obs_0000011526|obs_0000016655|obs_0000000535|obs_0000015003|obs_0000011088|obs_0000018196|obs_0000019845|obs_0000025518|obs_0000016866|obs_0000001282|obs_0000032233|obs_0000020003|obs_0000035104|obs_0000028733|obs_0000013386|obs_0000022097|obs_0000034889|obs_0000002663|obs_0000034419|obs_0000011915|obs_0000017082|obs_0000021187|obs_0000010474|obs_0000034026|obs_0000018708|obs_0000008982|obs_0000016662|obs_0000026899|obs_0000006481|obs_0000011092|obs_0000014165|obs_0000028496|obs_0000019293|obs_0000020368|obs_0000028607|obs_0000018893|obs_0000017359|obs_0000007181|obs_0000005743|obs_0000007368,obs_0000000535|obs_0000018497|obs_0000015003|obs_0000010415|obs_0000014564|obs_0000011526|obs_0000016655|obs_0000011088|obs_0000032233,,
italienische Tomaten,Oro Di Parma,"€ 1,29",,"1 kg = 3,23","1 kg = 3,23","Stückig, je 400-g-Dose",Nein,2026-04-13 bis 2026-04-19,2026-04-13,2026-04-19,../images/rewe/bamberg_offer_183.jpg,"cat_grundnahrung,diet_gluten_free,diet_lactose_free,diet_vegan,diet_vegetarian,sub_frisches_gemuese,sub_tk_gemuese,tag_whole_food",bamberg,,,ref_000004,obs_0000032116|obs_0000031310|obs_0000032475|obs_0000008847|obs_0000008475|obs_0000014153|obs_0000016967|obs_0000007374|obs_0000032115|obs_0000001993|obs_0000026278|obs_0000034023|obs_0000026407|obs_0000019909,obs_0000032116,x,
Thunfisch,deutsche see,"€ 1,99",,"1 kg = 14,21","1 kg = 14,21","in Aufguss, je 185-g-Dose, 140 g Abtropfgewicht",Nein,2026-04-13 bis 2026-04-19,2026-04-13,2026-04-19,../images/rewe/bamberg_offer_184.jpg,"cat_grundnahrung,tag_ultra_processed",bamberg,,,ref_000005,obs_0000030014|obs_0000031269|obs_0000030272|obs_0000029287|obs_0000030968|obs_0000030495|obs_0000030540|obs_0000029555|obs_0000030632|obs_0000013927|obs_0000013452|obs_0000015656|obs_0000014147,obs_0000013927|obs_0000015656|obs_0000030014,x,
Knoppers Nussriegel oder Knoppers,Storck,"€ 1,69",,"1 kg = 8,45","1 kg = 8,45",je 5 x 40 / 8 x 25-g-Pckg.,Nein,2026-04-13 bis 2026-04-19,2026-04-13,2026-04-19,../images/rewe/bamberg_offer_185.jpg,"cat_knabbern_naschen,diet_vegetarian,tag_ultra_processed",bamberg,,,ref_000006,obs_0000000710|obs_0000031296|obs_0000029326|obs_0000030665|obs_0000032429|obs_0000031303|obs_0000031927|obs_0000005475|obs_0000028234,obs_0000032429,,
Crunchips,Lorenz,"€ 1,19",,"1 kg = 7,93","1 kg = 7,93","Paprika, je 150-g-Btl.",Nein,2026-04-13 bis 2026-04-19,2026-04-13,2026-04-19,../images/rewe/bamberg_offer_186.jpg,"cat_knabbern_naschen,sub_kartoffeln,tag_ultra_processed",bamberg,,,ref_000007,obs_0000030984|obs_0000000817|obs_0000013142|obs_0000017033|obs_0000005007|obs_0000017942|obs_0000000430|obs_0000006578|obs_0000034483|obs_0000004153|obs_0000016313|obs_0000020543|obs_0000003140|obs_0000004580|obs_0000025071|obs_0000021362|obs_0000032008|obs_0000030283|obs_0000002310|obs_0000007106,obs_0000030984|obs_0000032008|obs_0000000817|obs_0000030283|obs_0000013142,,
Erdnüsse,Ültje,"€ 1,69",,"1 kg = 9,39","1 kg = 9,39","geröstet & gesalzen, je 180-g-Dose",Nein,2026-04-13 bis 2026-04-19,2026-04-13,2026-04-19,../images/rewe/bamberg_offer_187.jpg,"cat_knabbern_naschen,diet_gluten_free,diet_lactose_free,diet_vegan,diet_vegetarian,sub_huelsenfruechte,tag_high_protein,tag_proteinreich,tag_ultra_processed,tag_whole_food",bamberg,,,ref_000008,obs_0000007489|obs_0000030669|obs_0000006234|obs_0000000013|obs_0000003728|obs_0000011550|obs_0000008481|obs_0000019492|obs_0000001319|obs_0000026796|obs_0000013618|obs_0000032179|obs_0000027959|obs_0000031681|obs_0000026308|obs_0000019397|obs_0000027867|obs_0000010727,obs_0000000013|obs_0000003728|obs_0000011550|obs_0000008481|obs_0000001319|obs_0000013618|obs_0000027959|obs_0000007489|obs_0000019397|obs_0000030669|obs_0000006234,x,
Schokolade,Ritter Sport,"€ 1,99",,"1 kg = 19,90","1 kg = 19,90","Roasted Peanut, vegan, je 100-g-Tafel",Nein,2026-04-13 bis 2026-04-19,2026-04-13,2026-04-19,../images/rewe/bamberg_offer_188.jpg,"cat_knabbern_naschen,diet_vegetarian,tag_ultra_processed",bamberg,,BLS-S500000,ref_000009,obs_0000031849|obs_0000002336|obs_0000016691|obs_0000017857|obs_0000011765|obs_0000011783|obs_0000015893|obs_0000027700|obs_0000013879|obs_0000028232|obs_0000013394|obs_0000028244|obs_0000028249|obs_0000000091|obs_0000015454|obs_0000004705|obs_0000034408|obs_0000034411|obs_0000017539|obs_0000025221|obs_0000000138|obs_0000025739|obs_0000008861|obs_0000015026|obs_0000004278|obs_0000017595|obs_0000021699|obs_0000017605|obs_0000034013|obs_0000000230|obs_0000018155|obs_0000003326|obs_0000004873|obs_0000018698|obs_0000003851|obs_0000014104|obs_0000010522|obs_0000033056|obs_0000031011|obs_0000021291|obs_0000004446|obs_0000011112|obs_0000008595|obs_0000008610|obs_0000004019|obs_0000006579|obs_0000010166|obs_0000012219|obs_0000026556|obs_0000009149,obs_0000011783|obs_0000015893|obs_0000027700|obs_0000013879|obs_0000028232|obs_0000013394|obs_0000028244|obs_0000028249|obs_0000000091|obs_0000015454|obs_0000004705|obs_0000034408|obs_0000031849|obs_0000034411|obs_0000017539|obs_0000025221|obs_0000000138|obs_0000025739|obs_0000008861|obs_0000015026|obs_0000004278|obs_0000017595|obs_0000021699|obs_0000017605|obs_0000034013|obs_0000000230|obs_0000018155|obs_0000003326|obs_0000032007|obs_0000004873|obs_0000018698|obs_0000003851|obs_0000014104|obs_0000010522|obs_0000002336|obs_0000033056|obs_0000031011|obs_0000021291|obs_0000016691|obs_0000029001|obs_0000004446|obs_0000011112|obs_0000008595|obs_0000008610|obs_0000032690|obs_0000004019|obs_0000006579|obs_0000010166|obs_0000012219|obs_0000026556,,
Tony s Schokolade,Keine Marke,"€ 2,79",,"1 kg = 15,50","1 kg = 15,50","versch. Sorten, je 180-g-Tafel",Nein,2026-04-13 bis 2026-04-19,2026-04-13,2026-04-19,../images/rewe/bamberg_offer_189.jpg,"cat_knabbern_naschen,diet_gluten_free,diet_lactose_free,diet_vegan,diet_vegetarian,tag_ultra_processed,tag_whole_food",bamberg,,,ref_000010,obs_0000030279|obs_0000011783|obs_0000015893|obs_0000027700|obs_0000013879|obs_0000028232|obs_0000013394|obs_0000028244|obs_0000028249|obs_0000000091|obs_0000015454|obs_0000004705|obs_0000034408|obs_0000031849|obs_0000034411|obs_0000017539|obs_0000025221|obs_0000000138|obs_0000025739|obs_0000008861|obs_0000015026|obs_0000004278|obs_0000017595|obs_0000021699|obs_0000017605|obs_0000034013|obs_0000000230|obs_0000018155|obs_0000003326|obs_0000004873|obs_0000018698|obs_0000003851|obs_0000014104|obs_0000010522|obs_0000002336|obs_0000033056|obs_0000031011|obs_0000021291|obs_0000016691|obs_0000004446|obs_0000011112|obs_0000008595|obs_0000008610|obs_0000004019|obs_0000006579|obs_0000010166|obs_0000012219|obs_0000009149|obs_0000026556|obs_0000017857,obs_0000030279,,
Minis oder Kunterbunt Choco,Leibniz,"€ 1,49",,"1 kg = 11,92","1 kg = 11,92",je 125-g-Btl.,Nein,2026-04-13 bis 2026-04-19,2026-04-13,2026-04-19,../images/rewe/bamberg_offer_190.jpg,"cat_knabbern_naschen,tag_ultra_processed",bamberg,,,ref_000011,obs_0000011118|obs_0000012408|obs_0000013552|obs_0000015901|obs_0000024884|obs_0000025627|obs_0000025800|obs_0000011085|obs_0000019480|obs_0000019541|obs_0000012394|obs_0000013309|obs_0000013779|obs_0000022527|obs_0000022992|obs_0000016191,,,
Mint Kaubonbons,Mentos,"€ 1,29",,"1 kg = 11,32","1 kg = 11,32",je 3 x 38-g-Rollen-Pckg.,Nein,2026-04-13 bis 2026-04-19,2026-04-13,2026-04-19,../images/rewe/bamberg_offer_191.jpg,"cat_knabbern_naschen,diet_gluten_free,diet_lactose_free,diet_vegan,diet_vegetarian,tag_ultra_processed,tag_whole_food",bamberg,,,ref_000012,obs_0000011555|obs_0000015899,,x,
Studentenfutter,Maryland,"€ 2,89",,"1 kg = 10,51","1 kg = 10,51","Berry, je 275-g-Becher",Nein,2026-04-13 bis 2026-04-19,2026-04-13,2026-04-19,../images/rewe/bamberg_offer_192.jpg,"cat_knabbern_naschen,diet_gluten_free,diet_lactose_free,diet_vegetarian,tag_ultra_processed,tag_whole_food",bamberg,,BLS-H810000,ref_000013,obs_0000014822|obs_0000012180|obs_0000013434,,x,
Schulte Alpengruss Prussien,Keine Marke,"€ 1,99",,"1 kg = 9,05","1 kg = 9,05",je 220-g-Pckg.,Nein,2026-04-13 bis 2026-04-19,2026-04-13,2026-04-19,../images/rewe/bamberg_offer_193.jpg,"cat_knabbern_naschen,diet_gluten_free,diet_lactose_free,diet_vegan,diet_vegetarian,tag_ultra_processed,tag_whole_food",bamberg,,,ref_000014,,,,
Lollipops The Best of,Chupa Chups,"€ 1,29",,"1 kg = 10,75","1 kg = 10,75",je 120-g-Btl.,Nein,2026-04-13 bis 2026-04-19,2026-04-13,2026-04-19,../images/rewe/bamberg_offer_194.jpg,"cat_knabbern_naschen,diet_gluten_free,diet_lactose_free,diet_vegan,diet_vegetarian,sub_frisches_gemuese,tag_ultra_processed,tag_whole_food",bamberg,,,ref_000015,,,x,
Hafer Cookies,REWE Bio,"€ 1,19",,"1 kg = 3,97","1 kg = 3,97",je 300-g-Pckg.,Nein,2026-04-13 bis 2026-04-19,2026-04-13,2026-04-19,../images/rewe/bamberg_offer_196.jpg,"cat_knabbern_naschen,diet_gluten_free,diet_lactose_free,diet_vegan,diet_vegetarian,tag_whole_food",bamberg,,BLS-C138000,ref_000016,obs_0000024042|obs_0000020132|obs_0000017610|obs_0000011117|obs_0000021920|obs_0000020951|obs_0000029228|obs_0000020539|obs_0000030857|obs_0000029995|obs_0000002400|obs_0000021358|obs_0000025068|obs_0000029319|obs_0000030203|obs_0000005093,obs_0000029228|obs_0000030857|obs_0000024042,,
Giotto,Giotto,"€ 2,69",,"1 kg = 17,38","1 kg = 17,38","Haselnuss, je 4 x 38,7-g-Pckg.",Nein,2026-04-13 bis 2026-04-19,2026-04-13,2026-04-19,../images/rewe/bamberg_offer_197.jpg,"cat_knabbern_naschen,tag_ultra_processed",bamberg,,,ref_000017,obs_0000030783|obs_0000001112,obs_0000030783|obs_0000001112,,
Saft,Valensina,"€ 1,79",,"pro Einheit = 1,79","pro Einheit = 1,79","versch. Sorten, aus Fruchtsaft- konzentrat, je 1-l-Fl., zzgl. 0,25 € Pfand",Nein,2026-04-13 bis 2026-04-19,2026-04-13,2026-04-19,../images/rewe/bamberg_offer_211.jpg,"cat_getraenke,diet_gluten_free,diet_lactose_free,diet_vegan,diet_vegetarian,tag_whole_food",bamberg,,,ref_000018,obs_0000031005|obs_0000029012|obs_0000032472|obs_0000027142|obs_0000034438|obs_0000026383|obs_0000028431|obs_0000025618|obs_0000028181|obs_0000024985|obs_0000027674|obs_0000032918|obs_0000034047|obs_0000026144|obs_0000026785|obs_0000022436|obs_0000021042|obs_0000016953|obs_0000019142|obs_0000027982|obs_0000033872|obs_0000017106|obs_0000010200|obs_0000022514|obs_0000017915|obs_0000020223,obs_0000025618|obs_0000031005|obs_0000022436|obs_0000016953|obs_0000017106|obs_0000029012|obs_0000032472|obs_0000017915,x,
Softdrink oder Mixer,Fever Tree,"€ 1,89",,"1 l = 3,78","1 l = 3,78","versch. Sorten, je 0,5-l-Fl., zzgl. 0,15 € Pfand",Nein,2026-04-13 bis 2026-04-19,2026-04-13,2026-04-19,../images/rewe/bamberg_offer_210.jpg,"cat_getraenke,diet_gluten_free,diet_lactose_free,diet_vegan,diet_vegetarian,tag_ultra_processed",bamberg,,,ref_000019,obs_0000032721,,x,
Eistee,Rauch,"€ 1,29",,"1 l = 1,03","1 l = 1,03","versch. Sorten, je 1,25-l-Fl., zzgl. 0,25 € Pfand",Nein,2026-04-13 bis 2026-04-19,2026-04-13,2026-04-19,../images/rewe/bamberg_offer_209.jpg,"cat_getraenke,tag_ultra_processed",bamberg,,BLS-W291200,ref_000020,obs_0000013610|obs_0000024081|obs_0000011155|obs_0000023317|obs_0000008086|obs_0000012452|obs_0000002343|obs_0000024502|obs_0000019389|obs_0000017982|obs_0000027985|obs_0000026836|obs_0000003163|obs_0000014050|obs_0000017891|obs_0000027236|obs_0000009061|obs_0000015096|obs_0000022016|obs_0000008902|obs_0000032713|obs_0000023251|obs_0000000733|obs_0000030317|obs_0000006024|obs_0000007679|obs_0000031392|obs_0000030940|obs_0000007673,obs_0000024081|obs_0000011155|obs_0000023317|obs_0000008086|obs_0000012452|obs_0000002343|obs_0000013610|obs_0000024502|obs_0000019389|obs_0000017982|obs_0000032713|obs_0000027985|obs_0000026836|obs_0000003163|obs_0000014050|obs_0000017891|obs_0000027236|obs_0000009061|obs_0000015096|obs_0000022016,,
Frankenbrunnen Medium Lemon oder Brombeere,Franken Brunnen,"€ 0,59",,"1 l = 0,79","1 l = 0,79","je 0,75-l-Fl., zzgl. 0,25 € Pfand",Nein,2026-04-13 bis 2026-04-19,2026-04-13,2026-04-19,../images/rewe/bamberg_offer_208.jpg,"cat_getraenke,diet_gluten_free,diet_lactose_free,diet_vegan,diet_vegetarian,sub_frisches_obst,tag_ultra_processed,tag_whole_food",bamberg,,,ref_000021,obs_0000033835|obs_0000026334,,x,
Pure Tea,Pfanner,"€ 0,79",,"pro Einheit = 0,79","pro Einheit = 0,79","Bio grüner Tee, je 1-l-Fl., zzgl. 0,25 € Pfand",Nein,2026-04-13 bis 2026-04-19,2026-04-13,2026-04-19,../images/rewe/bamberg_offer_207.jpg,"cat_getraenke,diet_gluten_free,diet_lactose_free,diet_vegan,diet_vegetarian,tag_ultra_processed,tag_whole_food",bamberg,,,ref_000022,obs_0000017671|obs_0000018798,,x,
Energy Drink,Gönrgy,"€ 0,99",,"1 l = 1,98","1 l = 1,98","versch. Sorten, koffeinhaltig, je 0,5-l-Dose, zzgl. 0,25 € Pfand",Nein,2026-04-13 bis 2026-04-19,2026-04-13,2026-04-19,../images/rewe/bamberg_offer_206.jpg,"cat_getraenke,tag_ultra_processed",bamberg,,,ref_000023,obs_0000026684|obs_0000010758|obs_0000022027|obs_0000028180|obs_0000016414|obs_0000020512|obs_0000021058|obs_0000011333|obs_0000024154|obs_0000011355|obs_0000002158|obs_0000026742|obs_0000018063|obs_0000031887|obs_0000017046|obs_0000025242|obs_0000002214|obs_0000013993|obs_0000027310|obs_0000023733|obs_0000000193|obs_0000004816|obs_0000033497|obs_0000027877|obs_0000026353|obs_0000019186|obs_0000008960|obs_0000025348|obs_0000023301|obs_0000026886|obs_0000020239|obs_0000018194|obs_0000004389|obs_0000028455|obs_0000024876|obs_0000013614|obs_0000000304|obs_0000034110|obs_0000010050|obs_0000014658|obs_0000022864|obs_0000021331|obs_0000021846|obs_0000018775|obs_0000028526|obs_0000013175|obs_0000003962|obs_0000001917|obs_0000027531|obs_0000009616,obs_0000010758|obs_0000022027|obs_0000028180|obs_0000016414|obs_0000020512|obs_0000026684|obs_0000021058|obs_0000011333|obs_0000024154|obs_0000011355|obs_0000002158|obs_0000026742|obs_0000018063|obs_0000031887|obs_0000017046|obs_0000025242|obs_0000002214|obs_0000013993|obs_0000027310|obs_0000023733|obs_0000000193|obs_0000030404|obs_0000004816|obs_0000033497|obs_0000027877|obs_0000026353|obs_0000019186|obs_0000008960|obs_0000025348|obs_0000023301|obs_0000026886|obs_0000020239|obs_0000018194|obs_0000004389|obs_0000028455|obs_0000024876|obs_0000013614|obs_0000000304|obs_0000034110|obs_0000010050|obs_0000014658|obs_0000022864|obs_0000021331|obs_0000021846|obs_0000018775|obs_0000028526|obs_0000013175|obs_0000003962|obs_0000001917|obs_0000027531,,
Tomatenmark,REWE Bio,"€ 0,95",,"1 kg = 4,75","1 kg = 4,75",je 200-g-Tube,Nein,2026-04-13 bis 2026-04-19,2026-04-13,2026-04-19,../images/rewe/bamberg_offer_179.jpg,"cat_grundnahrung,diet_gluten_free,diet_lactose_free,diet_vegan,diet_vegetarian,sub_frisches_gemuese,tag_whole_food",bamberg,,BLS-R160000,ref_000024,obs_0000013455|obs_0000000539|obs_0000008099|obs_0000011066|obs_0000011509|obs_0000000804|obs_0000031033|obs_0000001993|obs_0000007374|obs_0000015709|obs_0000032115|obs_0000011510,obs_0000013455|obs_0000000539|obs_0000008099|obs_0000011066,,
Mineralwasser,RhönSprudel,"€ 5,99",,"1 l = 0,50","1 l = 0,50","versch. Sorten, je 12 x 1-l-Fl.-Kasten, zzgl. 3,30 € Pfand",Nein,2026-04-13 bis 2026-04-19,2026-04-13,2026-04-19,../images/rewe/bamberg_offer_205.jpg,"cat_getraenke,diet_gluten_free,diet_lactose_free,diet_vegan,diet_vegetarian",bamberg,,,ref_000025,obs_0000029415|obs_0000032710|obs_0000030684|obs_0000027653|obs_0000034851|obs_0000015908|obs_0000031797|obs_0000026205|obs_0000008801|obs_0000003689|obs_0000015481|obs_0000031867|obs_0000012414|obs_0000031871|obs_0000028800|obs_0000034437|obs_0000008841|obs_0000009353|obs_0000028841|obs_0000027836|obs_0000011969|obs_0000021185|obs_0000027856|obs_0000008437|obs_0000034043|obs_0000034044|obs_0000009985|obs_0000028931|obs_0000035059|obs_0000010519|obs_0000031006|obs_0000014625|obs_0000028968|obs_0000026948|obs_0000028493|obs_0000008537|obs_0000011123|obs_0000028537|obs_0000028027|obs_0000020366|obs_0000028603|obs_0000034235|obs_0000034238|obs_0000026570|obs_0000013773|obs_0000025562|obs_0000028654|obs_0000014332,obs_0000029415|obs_0000035059|obs_0000034653|obs_0000034238|obs_0000032710|obs_0000026570|obs_0000030684,x,
Energy Drink,Rockstar,"€ 0,99",,"1 l = 1,98","1 l = 1,98","versch. Sorten, koffeinhaltig, je 0,5-l-Dose, zzgl. 0,25 € Pfand",Nein,2026-04-13 bis 2026-04-19,2026-04-13,2026-04-19,../images/rewe/bamberg_offer_203.jpg,"cat_getraenke,diet_lactose_free,tag_ultra_processed",bamberg,,,ref_000026,obs_0000029725|obs_0000006216|obs_0000005274|obs_0000032707|obs_0000010758|obs_0000022027|obs_0000028180|obs_0000016414|obs_0000020512|obs_0000026684|obs_0000021058|obs_0000011333|obs_0000024154|obs_0000011355|obs_0000002158|obs_0000026742|obs_0000018063|obs_0000031887|obs_0000017046|obs_0000025242|obs_0000002214|obs_0000013993|obs_0000027310|obs_0000023733|obs_0000000193|obs_0000004816|obs_0000033497|obs_0000027877|obs_0000026353|obs_0000019186|obs_0000008960|obs_0000025348|obs_0000023301|obs_0000026886|obs_0000020239|obs_0000018194|obs_0000004389|obs_0000028455|obs_0000024876|obs_0000013614|obs_0000000304|obs_0000034110|obs_0000010050|obs_0000014658|obs_0000022864|obs_0000021331|obs_0000021846|obs_0000018775|obs_0000028526|obs_0000013175,obs_0000029725|obs_0000020512|obs_0000006216|obs_0000017046|obs_0000005274|obs_0000025348|obs_0000018194|obs_0000028455|obs_0000024876|obs_0000013614|obs_0000022864|obs_0000021331|obs_0000016807|obs_0000012204|obs_0000032707|obs_0000022523,x,
Fanta oder Sprite,Coca-Cola,"€ 0,69",,"1 l = 2,09","1 l = 2,09","versch. Sorten, teilw. koffeinhaltig, je 0,33-l-Dose, zzgl. 0,25 € Pfand",Nein,2026-04-13 bis 2026-04-19,2026-04-13,2026-04-19,../images/rewe/bamberg_offer_202.jpg,"cat_getraenke,tag_ultra_processed",bamberg,,,ref_000027,obs_0000031294|obs_0000031043|obs_0000013322|obs_0000015049|obs_0000034906|obs_0000028043|obs_0000029419|obs_0000030303|obs_0000032052|obs_0000029010|obs_0000029984|obs_0000030679|obs_0000032019|obs_0000032258|obs_0000032704|obs_0000005442|obs_0000006553|obs_0000007251|obs_0000007451,obs_0000029419|obs_0000030303|obs_0000031294|obs_0000032052,,
Fanta oder Sprite,Coca-Cola,"€ 1,29",,"1 l = 0,86","1 l = 0,86","versch. Sorten, teilw. koffeinhaltig, je 1,5-l-Fl., zzgl. 0,25 € Pfand",Nein,2026-04-13 bis 2026-04-19,2026-04-13,2026-04-19,../images/rewe/bamberg_offer_201.jpg,"cat_getraenke,tag_ultra_processed",bamberg,,,ref_000028,obs_0000031294|obs_0000031043|obs_0000013322|obs_0000015049|obs_0000034906|obs_0000028043|obs_0000029419|obs_0000030303|obs_0000032052|obs_0000029010|obs_0000029984|obs_0000030679|obs_0000032019|obs_0000032258|obs_0000032704|obs_0000005442|obs_0000006553|obs_0000007251|obs_0000007451,obs_0000029419|obs_0000030303|obs_0000031294|obs_0000032052,,
Fusion Peanuts,Ültje,"€ 1,69",,"1 kg = 11,27","1 kg = 11,27","Paprika Flamed Style, je 150-g-Btl.",Nein,2026-04-13 bis 2026-04-19,2026-04-13,2026-04-19,../images/rewe/bamberg_offer_200.jpg,"cat_knabbern_naschen,diet_gluten_free,diet_lactose_free,diet_vegan,diet_vegetarian,tag_ultra_processed,tag_whole_food",bamberg,,,ref_000029,obs_0000030677|obs_0000010730|obs_0000001247,obs_0000030677,x,
Pommels,Lorenz,"€ 1,19",,"1 kg = 15,87","1 kg = 15,87",je 75-g-Btl.,Nein,2026-04-13 bis 2026-04-19,2026-04-13,2026-04-19,../images/rewe/bamberg_offer_199.jpg,"cat_knabbern_naschen,sub_kartoffeln,tag_ultra_processed",bamberg,,,ref_000030,obs_0000030993|obs_0000028435|obs_0000018257|obs_0000022263|obs_0000032009|obs_0000030309,obs_0000032009|obs_0000030993|obs_0000028435|obs_0000030309,,
Raffaello,Keine Marke,"€ 2,69",,"1 kg = 17,93","1 kg = 17,93",je 150-g-Pckg.,Nein,2026-04-13 bis 2026-04-19,2026-04-13,2026-04-19,../images/rewe/bamberg_offer_198.jpg,"cat_knabbern_naschen,diet_gluten_free,diet_lactose_free,diet_vegan,diet_vegetarian,sub_exoten,sub_frisches_gemuese,sub_frisches_obst,tag_ultra_processed,tag_whole_food",bamberg,,,ref_000031,obs_0000021458|obs_0000032693|obs_0000025051|obs_0000020639|obs_0000018983|obs_0000006737|obs_0000033213|obs_0000026462|obs_0000015291|obs_0000012387,obs_0000021458|obs_0000032693|obs_0000025051|obs_0000020639,,
Mineralwasser,Franken Brunnen,"€ 4,49",,"1 l = 0,53","1 l = 0,53","versch. Sorten, je 12 x 0,7-l-Fl.-Kasten, zzgl. 3,30 € Pfand",Nein,2026-04-13 bis 2026-04-19,2026-04-13,2026-04-19,../images/rewe/bamberg_offer_204.jpg,"cat_getraenke,diet_gluten_free,diet_lactose_free,diet_vegan,diet_vegetarian,tag_whole_food",bamberg,,,ref_000032,obs_0000006205|obs_0000005254|obs_0000029412|obs_0000007475|obs_0000007476|obs_0000029013|obs_0000032715|obs_0000006571|obs_0000005626|obs_0000027653|obs_0000034851|obs_0000015908|obs_0000031797|obs_0000026205|obs_0000008801|obs_0000003689|obs_0000015481|obs_0000031867|obs_0000012414|obs_0000031871|obs_0000028800|obs_0000034437|obs_0000008841|obs_0000009353|obs_0000028841|obs_0000027836|obs_0000011969|obs_0000021185|obs_0000027856|obs_0000008437|obs_0000034043|obs_0000034044|obs_0000009985|obs_0000028931|obs_0000035059|obs_0000010519|obs_0000031006|obs_0000014625|obs_0000028968|obs_0000026948|obs_0000028493|obs_0000008537|obs_0000011123|obs_0000028537|obs_0000028027|obs_0000020366|obs_0000028603|obs_0000034235|obs_0000034238|obs_0000026570,obs_0000031797|obs_0000006205|obs_0000026205|obs_0000005254|obs_0000008841|obs_0000031396|obs_0000029412|obs_0000008437|obs_0000009985|obs_0000014625|obs_0000007475|obs_0000007476|obs_0000029013|obs_0000011123|obs_0000032715,x,
Hühner Brühe,Maggi,"€ 1,59",,"pro Einheit = 1,59","pro Einheit = 1,59","ausreichend für 4,8 Liter, je 1-gl-as",Nein,2026-04-13 bis 2026-04-19,2026-04-13,2026-04-19,../images/rewe/bamberg_offer_178.jpg,"cat_grundnahrung,tag_ultra_processed",bamberg,,BLS-X411243,ref_000033,obs_0000031783|obs_0000028449|obs_0000014561|obs_0000030022|obs_0000030663,obs_0000031783|obs_0000028449|obs_0000030022|obs_0000030663,,
Kidney-Bohnen,REWE Bio,"€ 0,69",,"1 kg = 2,71","1 kg = 2,71","je 400-g-Dose, 255 g Abtropfgewicht",Nein,2026-04-13 bis 2026-04-19,2026-04-13,2026-04-19,../images/rewe/bamberg_offer_177.jpg,"cat_grundnahrung,diet_gluten_free,diet_lactose_free,diet_vegan,diet_vegetarian,sub_frisches_obst,sub_huelsenfruechte,tag_whole_food",bamberg,,BLS-H742100,ref_000034,obs_0000031037|obs_0000028216|obs_0000028278|obs_0000008897|obs_0000028471|obs_0000032313|obs_0000016102|obs_0000030020,obs_0000028216|obs_0000028278|obs_0000008897|obs_0000028471|obs_0000031037,,
Kokosmilch,REWE Bio,"€ 1,49",,"1 kg = 3,73","1 kg = 3,73","mit rotem oder gelbem Curry, je 400-g-Dose",Nein,2026-04-13 bis 2026-04-19,2026-04-13,2026-04-19,../images/rewe/bamberg_offer_176.jpg,"cat_grundnahrung,diet_gluten_free,diet_lactose_free,diet_vegan,diet_vegetarian,sub_milchprodukte,tag_whole_food",bamberg,,,ref_000035,obs_0000010676|obs_0000034508|obs_0000022885|obs_0000000623|obs_0000029316|obs_0000030927|obs_0000007955|obs_0000012195|obs_0000013306,obs_0000029316|obs_0000010676|obs_0000030927,,
Mehrkornbrötchen,REWE Bio,"€ 2,19",,"1 kg = 7,30","1 kg = 7,30","4 Stück, zum Fertigbacken, je 300-g-Pckg.",Nein,2026-04-13 bis 2026-04-19,2026-04-13,2026-04-19,../images/rewe/bamberg_offer_157.jpg,"cat_grundnahrung,diet_vegan,diet_vegetarian,tag_whole_food",bamberg,,BLS-B591000,ref_000036,obs_0000006952|obs_0000034153|obs_0000029036,obs_0000006952|obs_0000029036,,
Buttertoast,Harry,"€ 1,49",,"1 kg = 2,98","1 kg = 2,98",je 500-g-Pckg.,Nein,2026-04-13 bis 2026-04-19,2026-04-13,2026-04-19,../images/rewe/bamberg_offer_156.jpg,"cat_grundnahrung,diet_vegetarian,sub_butter_margarine,sub_milchprodukte,tag_ultra_processed",bamberg,,,ref_000037,obs_0000026629|obs_0000014125,obs_0000026629|obs_0000014125,,
Mehrkornschnitten,Rewe Beste Wahl,"€ 1,49",,"1 kg = 2,98","1 kg = 2,98",je 500-g-Pckg.,Nein,2026-04-13 bis 2026-04-19,2026-04-13,2026-04-19,../images/rewe/bamberg_offer_155.jpg,"cat_grundnahrung,diet_gluten_free,diet_lactose_free,diet_vegan,diet_vegetarian,tag_ultra_processed,tag_whole_food",bamberg,,BLS-C492000,ref_000038,,,,x
2in1 Classic,Jacobs,"€ 1,99",,"1 kg = 16,05","1 kg = 16,05",je 124-g-Pckg.,Nein,2026-04-13 bis 2026-04-19,2026-04-13,2026-04-19,../images/rewe/bamberg_offer_154.jpg,"cat_grundnahrung,diet_gluten_free,diet_lactose_free,diet_vegan,diet_vegetarian,tag_ultra_processed",bamberg,,,ref_000039,obs_0000031336|obs_0000029354|obs_0000032658|obs_0000030704|obs_0000025668|obs_0000028751|obs_0000001628|obs_0000001643|obs_0000020596|obs_0000015018|obs_0000026884|obs_0000011543|obs_0000024877|obs_0000035101|obs_0000034649|obs_0000021415|obs_0000031658,obs_0000031314|obs_0000031336|obs_0000029354|obs_0000029361|obs_0000032651|obs_0000032658|obs_0000030694|obs_0000030704,,
Panificio Wurzelbrot Walnuss,Keine Marke,"€ 1,79",,"1 kg = 5,11","1 kg = 5,11",je 350-g-Btl.,Nein,2026-04-13 bis 2026-04-19,2026-04-13,2026-04-19,../images/rewe/bamberg_offer_153.jpg,"cat_grundnahrung,diet_gluten_free,diet_lactose_free,diet_vegan,diet_vegetarian,tag_ultra_processed,tag_whole_food",bamberg,,,ref_000040,obs_0000032055|obs_0000006778,obs_0000032055,,
Flotte Biene Blütenhonig,Langnese,"€ 2,99",,"1 kg = 11,96","1 kg = 11,96","versch. Sorten, je 250-g-Fl.",Nein,2026-04-13 bis 2026-04-19,2026-04-13,2026-04-19,../images/rewe/bamberg_offer_152.jpg,"cat_grundnahrung,diet_gluten_free,diet_lactose_free,diet_vegan,diet_vegetarian,sub_tk_eis,tag_ultra_processed,tag_whole_food",bamberg,,,ref_000041,obs_0000030337|obs_0000002966|obs_0000013110|obs_0000015439|obs_0000017371|obs_0000024043,obs_0000030337|obs_0000002966|obs_0000010136|obs_0000014875|obs_0000011941,x,
Bio-Kräutertee,Teekanne,"€ 2,29",,"1 kg = 74,84","1 kg = 74,84","Träum schön, je 30,6-g-Pckg.",Nein,2026-04-13 bis 2026-04-19,2026-04-13,2026-04-19,../images/rewe/bamberg_offer_158.jpg,"cat_grundnahrung,diet_gluten_free,diet_lactose_free,diet_vegan,diet_vegetarian",bamberg,,,ref_000042,obs_0000032880|obs_0000000486|obs_0000009166|obs_0000009648|obs_0000026464|obs_0000003225|obs_0000028523|obs_0000028638|obs_0000004226|obs_0000004653|obs_0000005080|obs_0000026150|obs_0000002412|obs_0000003001|obs_0000003234,obs_0000032880|obs_0000000486|obs_0000009166|obs_0000009648|obs_0000026464|obs_0000003225|obs_0000028523|obs_0000028638|obs_0000004226|obs_0000004653|obs_0000005080,,
Frühstücks-Konfitüre,Zentis,"€ 1,49",,"1 kg = 6,48","1 kg = 6,48","versch. Sorten, je 230-g-Glas",Nein,2026-04-13 bis 2026-04-19,2026-04-13,2026-04-19,../images/rewe/bamberg_offer_151.jpg,"cat_grundnahrung,diet_gluten_free,diet_lactose_free,diet_vegan,diet_vegetarian,tag_ultra_processed,tag_whole_food",bamberg,,,ref_000043,obs_0000006832|obs_0000029031|obs_0000005754|obs_0000028974|obs_0000000136|obs_0000008202|obs_0000013749|obs_0000026193|obs_0000014805|obs_0000016124,obs_0000028974|obs_0000006832|obs_0000029031|obs_0000005754,x,
Haferflocken,Kölln,"€ 1,19",,"1 kg = 2,38","1 kg = 2,38","versch. Sorten, je 500-g-Pckg.",Nein,2026-04-13 bis 2026-04-19,2026-04-13,2026-04-19,../images/rewe/bamberg_offer_149.jpg,"cat_grundnahrung,diet_gluten_free,diet_lactose_free,diet_vegan,diet_vegetarian,tag_whole_food",bamberg,,BLS-C133000,ref_000044,obs_0000029717|obs_0000029967|obs_0000015879|obs_0000002858|obs_0000015658|obs_0000026414|obs_0000002998|obs_0000008132|obs_0000010710|obs_0000011097|obs_0000013032,obs_0000015879|obs_0000029967|obs_0000029717|obs_0000002858|obs_0000026414|obs_0000002998|obs_0000008132|obs_0000011097|obs_0000013032,x,
3in1 Classic,Jacobs,"€ 1,99",,"1 kg = 16,58","1 kg = 16,58",je 120-g-Pckg.,Nein,2026-04-13 bis 2026-04-19,2026-04-13,2026-04-19,../images/rewe/bamberg_offer_148.jpg,"cat_grundnahrung,diet_gluten_free,diet_lactose_free,diet_vegan,diet_vegetarian,tag_ultra_processed",bamberg,,,ref_000045,obs_0000031314|obs_0000031857|obs_0000029361|obs_0000032651|obs_0000030694|obs_0000025668|obs_0000028751|obs_0000001628|obs_0000001643|obs_0000020596|obs_0000015018|obs_0000026884|obs_0000011543|obs_0000024877|obs_0000035101|obs_0000034649|obs_0000021415|obs_0000031658,obs_0000031314|obs_0000031336|obs_0000029354|obs_0000029361|obs_0000032651|obs_0000032658|obs_0000030694|obs_0000030704,,
Espresso Concentrate,Nescafé,"€ 4,49",,"1 l = 8,98","1 l = 8,98","versch. Sorten, je 0,5-l-Fl.",Nein,2026-04-13 bis 2026-04-19,2026-04-13,2026-04-19,../images/rewe/bamberg_offer_146.jpg,"cat_grundnahrung,diet_gluten_free,diet_lactose_free,diet_vegan,diet_vegetarian,tag_ultra_processed",bamberg,,,ref_000046,,,,x
Qualita Rossa,Lavazza,"€ 15,99",,"pro Einheit = 15,99","pro Einheit = 15,99","ganze Bohnen, je 1000-g-Pckg.",Nein,2026-04-13 bis 2026-04-19,2026-04-13,2026-04-19,../images/rewe/bamberg_offer_145.jpg,cat_grundnahrung,bamberg,,,ref_000047,obs_0000028346,obs_0000028346,,
Kaffee Classic,Dallmayr,"€ 6,99",,"1 kg = 13,98","1 kg = 13,98","gemahlener Bohnenkaffee, je 500-g-Pckg.",Nein,2026-04-13 bis 2026-04-19,2026-04-13,2026-04-19,../images/rewe/bamberg_offer_144.jpg,"cat_grundnahrung,diet_gluten_free,diet_lactose_free,diet_vegan,diet_vegetarian,tag_ultra_processed",bamberg,,,ref_000048,obs_0000027412|obs_0000014364|obs_0000001628|obs_0000015018|obs_0000011543|obs_0000024909|obs_0000001037|obs_0000001672|obs_0000001183|obs_0000029366|obs_0000031999|obs_0000000849|obs_0000012856|obs_0000025668|obs_0000028751|obs_0000012375|obs_0000001643|obs_0000020596|obs_0000011954|obs_0000014593|obs_0000026884|obs_0000024877|obs_0000035101|obs_0000034649|obs_0000013724|obs_0000021415|obs_0000031658|obs_0000015279|obs_0000010719|obs_0000022517,obs_0000014364|obs_0000029366|obs_0000031999,,
Mymuesli,mymuesli,"€ 5,99",,"1 kg = 11,98","1 kg = 11,98","versch. Sorten, je 500-g-Dose",Nein,2026-04-13 bis 2026-04-19,2026-04-13,2026-04-19,../images/rewe/bamberg_offer_150.jpg,"cat_grundnahrung,diet_gluten_free,diet_lactose_free,diet_vegan,diet_vegetarian,sub_exoten,sub_frisches_gemuese,sub_frisches_obst,tag_ultra_processed,tag_whole_food",bamberg,,,ref_000049,,,x,
Bayreuther Hell,Keine Marke,"€ 14,99",,"1 l = 1,50","1 l = 1,50","je 20 x 0,5-l-Fl.-Kasten, zzgl. 3,10 € Pfand",Nein,2026-04-13 bis 2026-04-19,2026-04-13,2026-04-19,../images/rewe/bamberg_offer_212.jpg,"cat_getraenke,diet_gluten_free,diet_lactose_free,diet_vegan,diet_vegetarian,tag_whole_food",bamberg,,,ref_000050,obs_0000028174|obs_0000030242|obs_0000029985|obs_0000006027|obs_0000034226|obs_0000032722|obs_0000034841|obs_0000006711|obs_0000009785|obs_0000031386|obs_0000034475|obs_0000005811|obs_0000034487|obs_0000009915|obs_0000027350|obs_0000011994|obs_0000006377|obs_0000035038|obs_0000010541|obs_0000014654|obs_0000028550|obs_0000008658|obs_0000028667|obs_0000007680,obs_0000028174|obs_0000030242|obs_0000029985|obs_0000010541|obs_0000006027|obs_0000034226|obs_0000032722,,
Bio Bierstange,Naturland,"€ 1,49",,"pro Einheit = 1,49","pro Einheit = 1,49",je 1-St.,Nein,2026-04-13 bis 2026-04-19,2026-04-13,2026-04-19,../images/rewe/bamberg_offer_159.jpg,"cat_grundnahrung,diet_gluten_free,diet_lactose_free,diet_vegan,diet_vegetarian,sub_milchprodukte,tag_whole_food",bamberg,,BLS-F603100,ref_000051,,,,
Classic Pasta,Barilla,"€ 0,99",,"1 kg = 1,98","1 kg = 1,98","versch. Ausformungen, je 500-g-Pckg.",Nein,2026-04-13 bis 2026-04-19,2026-04-13,2026-04-19,../images/rewe/bamberg_offer_161.jpg,"cat_grundnahrung,diet_lactose_free,diet_vegan,diet_vegetarian,sub_nudeln,tag_ultra_processed",bamberg,,,ref_000052,obs_0000015874|obs_0000011935|obs_0000009660|obs_0000010706|obs_0000008149|obs_0000009176|obs_0000018196|obs_0000019845|obs_0000025518|obs_0000016866|obs_0000032414|obs_0000029671|obs_0000020003|obs_0000035104|obs_0000028733|obs_0000025668|obs_0000022097|obs_0000028751|obs_0000001628|obs_0000002663|obs_0000001643|obs_0000034419|obs_0000020596|obs_0000015018|obs_0000017082|obs_0000021187|obs_0000034026|obs_0000034649|obs_0000026884|obs_0000026899|obs_0000018708|obs_0000016662|obs_0000011543|obs_0000024877|obs_0000035101|obs_0000011092|obs_0000014165|obs_0000028496|obs_0000019293|obs_0000020368|obs_0000021415|obs_0000031658|obs_0000028607|obs_0000018893|obs_0000017359,obs_0000015874|obs_0000011935|obs_0000032414|obs_0000010706|obs_0000029671,,
Namdong Chicken Jjigae,Keine Marke,"€ 0,99",,"1 kg = 11,79","1 kg = 11,79","K-Noodles, je 84-g-Becher",Nein,2026-04-13 bis 2026-04-19,2026-04-13,2026-04-19,../images/rewe/bamberg_offer_175.jpg,"cat_grundnahrung,diet_gluten_free,diet_lactose_free,diet_vegan,diet_vegetarian,sub_frisches_gemuese,sub_gefluegel,sub_tk_fertiggerichte,tag_high_protein,tag_proteinreich,tag_ultra_processed,tag_whole_food",bamberg,,,ref_000053,obs_0000031030|obs_0000023578,,,
Knödel,Pfanni,"€ 1,49",,"1 kg = 7,45","1 kg = 7,45","versch. Sorten, je 200-g-Pckg.",Nein,2026-04-13 bis 2026-04-19,2026-04-13,2026-04-19,../images/rewe/bamberg_offer_174.jpg,"cat_grundnahrung,diet_vegetarian,sub_kartoffeln,tag_ultra_processed",bamberg,,BLS-X985162,ref_000054,obs_0000034190|obs_0000027214|obs_0000034892|obs_0000033816|obs_0000001965|obs_0000013746|obs_0000001046|obs_0000015535|obs_0000000850|obs_0000029305|obs_0000022807|obs_0000006822|obs_0000032490,obs_0000034190|obs_0000027214|obs_0000034892|obs_0000029305,,
Bio Dijon Senf,Löwensenf,"€ 1,29",,"1 l = 5,16","1 l = 5,16",je 250-ml-Glas,Nein,2026-04-13 bis 2026-04-19,2026-04-13,2026-04-19,../images/rewe/bamberg_offer_173.jpg,"cat_grundnahrung,diet_gluten_free,diet_lactose_free,diet_vegan,diet_vegetarian,sub_frisches_obst,tag_whole_food",bamberg,,,ref_000055,obs_0000028473|obs_0000031812,,x,
Gemüse Brühe,Maggi,"€ 1,59",,"pro Einheit = 1,59","pro Einheit = 1,59","ausreichend für 8,4 Liter, je 1-gl-as",Nein,2026-04-13 bis 2026-04-19,2026-04-13,2026-04-19,../images/rewe/bamberg_offer_171.jpg,"cat_grundnahrung,diet_vegan,diet_vegetarian,sub_frisches_gemuese,sub_tk_gemuese,tag_ultra_processed,tag_whole_food",bamberg,,BLS-X416243,ref_000056,obs_0000014561|obs_0000030015|obs_0000030660|obs_0000012813|obs_0000018942|obs_0000017491|obs_0000033909|obs_0000011900|obs_0000014506|obs_0000025597|obs_0000011055|obs_0000018735|obs_0000016753|obs_0000010642|obs_0000015818|obs_0000014837,obs_0000030015|obs_0000030660,,
Spreelinge Gewürzgurken,Spreewaldhof,"€ 1,69",,"1 kg = 4,69","1 kg = 4,69","je 670-g-Glas, 360 g Abtropfgewicht",Nein,2026-04-13 bis 2026-04-19,2026-04-13,2026-04-19,../images/rewe/bamberg_offer_170.jpg,"cat_grundnahrung,diet_gluten_free,diet_lactose_free,diet_vegan,diet_vegetarian,sub_frisches_gemuese,tag_whole_food",bamberg,,,ref_000057,obs_0000030688|obs_0000027912|obs_0000028552|obs_0000033813|obs_0000028669,obs_0000027912|obs_0000030688,x,
Pesto Rosso,Barilla,"€ 1,99",,"1 kg = 9,95","1 kg = 9,95",je 200-g-Glas,Nein,2026-04-13 bis 2026-04-19,2026-04-13,2026-04-19,../images/rewe/bamberg_offer_160.jpg,"cat_grundnahrung,diet_lactose_free,diet_vegan,diet_vegetarian,sub_nudeln,tag_ultra_processed",bamberg,,BLS-X3A7010,ref_000058,obs_0000025099|obs_0000003675|obs_0000018607|obs_0000023299|obs_0000014195|obs_0000015289|obs_0000015872|obs_0000030712|obs_0000001549|obs_0000020017|obs_0000002694|obs_0000000146|obs_0000016639|obs_0000011527|obs_0000019219|obs_0000011089|obs_0000019945,obs_0000030712,,
Schlemmersauce,Knorr,"€ 0,99",,"1 l = 3,96","1 l = 3,96","versch. Sorten, je 250-ml-Fl.",Nein,2026-04-13 bis 2026-04-19,2026-04-13,2026-04-19,../images/rewe/bamberg_offer_169.jpg,"cat_grundnahrung,tag_ultra_processed",bamberg,,,ref_000059,obs_0000031288|obs_0000007951|obs_0000032486,obs_0000007951|obs_0000031288|obs_0000032486,,
Les Sauces Hollandaise,Thomy,"€ 0,99",,"1 l = 3,30","1 l = 3,30","versch. Sorten, je 300-ml-Pckg.",Nein,2026-04-13 bis 2026-04-19,2026-04-13,2026-04-19,../images/rewe/bamberg_offer_167.jpg,"cat_grundnahrung,diet_vegetarian",bamberg,,,ref_000060,obs_0000018928|obs_0000010516|obs_0000008664|obs_0000032004|obs_0000032678|obs_0000031332|obs_0000030715|obs_0000006820|obs_0000005925,obs_0000032004|obs_0000032678|obs_0000015434|obs_0000031332|obs_0000018928|obs_0000030715,,
Spaghetteria Pasta Spinaci Käse,Knorr,"€ 1,49",,"1 kg = 8,37","1 kg = 8,37",je 178-g-Btl.,Nein,2026-04-13 bis 2026-04-19,2026-04-13,2026-04-19,../images/rewe/bamberg_offer_166.jpg,"cat_grundnahrung,diet_vegetarian,sub_kaese,sub_milchprodukte,sub_nudeln",bamberg,,,ref_000061,obs_0000031020|obs_0000031698|obs_0000029018|obs_0000030717|obs_0000035104|obs_0000028733|obs_0000026899|obs_0000018708|obs_0000016662|obs_0000006457|obs_0000010631|obs_0000018893|obs_0000016866|obs_0000002663|obs_0000008883|obs_0000017082|obs_0000021187|obs_0000011092|obs_0000019293|obs_0000025518|obs_0000017359|obs_0000034026|obs_0000019845|obs_0000020003|obs_0000022097|obs_0000034419|obs_0000018196|obs_0000028496|obs_0000014165|obs_0000020368|obs_0000028607,obs_0000031020|obs_0000029018|obs_0000031698|obs_0000030717,,
Delikatess Sauce,Maggi,"€ 0,79",,"pro Einheit = 0,79","pro Einheit = 0,79","versch. Sorten, ausreichend für 2 x 0,25 Liter, je 1-Pckg.",Nein,2026-04-13 bis 2026-04-19,2026-04-13,2026-04-19,../images/rewe/bamberg_offer_164.jpg,"cat_grundnahrung,diet_vegetarian,tag_ultra_processed",bamberg,,,ref_000062,obs_0000031675|obs_0000007185|obs_0000007367|obs_0000032000|obs_0000005558|obs_0000013386|obs_0000034889|obs_0000011915|obs_0000010474|obs_0000008982,obs_0000017954|obs_0000031874|obs_0000022221|obs_0000032000|obs_0000031675,,
Tomatenmark,Oro Di Parma,"€ 1,29",,"1 kg = 6,45","1 kg = 6,45","3-fach konzentriert, je 200-g-Tube",Nein,2026-04-13 bis 2026-04-19,2026-04-13,2026-04-19,../images/rewe/bamberg_offer_163.jpg,"cat_grundnahrung,diet_gluten_free,diet_lactose_free,diet_vegan,diet_vegetarian,sub_frisches_gemuese,tag_whole_food",bamberg,,,ref_000063,obs_0000007374|obs_0000032115|obs_0000001993|obs_0000031310|obs_0000032475|obs_0000008847|obs_0000008475|obs_0000014153|obs_0000032116|obs_0000000539|obs_0000013455|obs_0000011066|obs_0000008099,obs_0000031310|obs_0000007374|obs_0000032475|obs_0000032115|obs_0000001993,x,
Pasta Spezialitäten Collezione oder Al Bronzo,Barilla,"€ 1,69",,"1 kg = 3,38","1 kg = 3,38","versch. Ausformungen, je 500-g-Pckg.",Nein,2026-04-13 bis 2026-04-19,2026-04-13,2026-04-19,../images/rewe/bamberg_offer_162.jpg,"cat_grundnahrung,diet_vegan,diet_vegetarian,sub_nudeln,tag_ultra_processed",bamberg,,,ref_000064,obs_0000013138|obs_0000029308|obs_0000032415|obs_0000032236|obs_0000030713|obs_0000015436|obs_0000005176|obs_0000014389|obs_0000034219|obs_0000002845|obs_0000002962|obs_0000010325|obs_0000018196|obs_0000019845|obs_0000025518|obs_0000016866,obs_0000029308|obs_0000032415|obs_0000032236|obs_0000030713,,
Passierte Tomaten,Pomito,"€ 0,99",,"1 kg = 1,98","1 kg = 1,98",je 500-g-Pckg.,Nein,2026-04-13 bis 2026-04-19,2026-04-13,2026-04-19,../images/rewe/bamberg_offer_168.jpg,"cat_grundnahrung,diet_gluten_free,diet_lactose_free,diet_vegan,diet_vegetarian,sub_frisches_gemuese,tag_whole_food",bamberg,,,ref_000065,obs_0000023181|obs_0000013331|obs_0000028468|obs_0000028214|obs_0000027890|obs_0000030784|obs_0000029636|obs_0000010073|obs_0000026278|obs_0000026407|obs_0000019909|obs_0000034023,,x,
Chili Con Quinoa,Frosta,"€ 3,29",,"1 kg = 6,58","1 kg = 6,58","tiefgefroren, je 500-g-Btl.",Nein,2026-04-13 bis 2026-04-19,2026-04-13,2026-04-19,../images/rewe/bamberg_offer_143.jpg,"cat_tiefkuehl,sub_nudeln,sub_tk_fertiggerichte,tag_ultra_processed",bamberg,,,ref_000066,obs_0000035013,,,
Kulmbacher Edelherb,Keine Marke,"€ 10,99",,"1 l = 1,10","1 l = 1,10","je 20 x 0,5-l-Fl.-Kasten, zzgl. 3,10 € Pfand",Nein,2026-04-13 bis 2026-04-19,2026-04-13,2026-04-19,../images/rewe/bamberg_offer_213.jpg,"cat_getraenke,diet_gluten_free,diet_lactose_free,diet_vegan,diet_vegetarian,sub_wurst,tag_whole_food",bamberg,,,ref_000067,obs_0000030401|obs_0000029760|obs_0000014657|obs_0000028328|obs_0000027498|obs_0000011149,obs_0000030401|obs_0000014657|obs_0000028328|obs_0000027498|obs_0000011149|obs_0000029760,,
Münchner Hell,Paulaner,"€ 13,99",,"1 l = 1,40","1 l = 1,40","je 20 x 0,5-l-Fl.-Kasten, zzgl. 3,10 € Pfand",Nein,2026-04-13 bis 2026-04-19,2026-04-13,2026-04-19,../images/rewe/bamberg_offer_215.jpg,"cat_getraenke,tag_ultra_processed",bamberg,,,ref_000068,obs_0000035040|obs_0000035050|obs_0000012642|obs_0000013313|obs_0000033822|obs_0000028250|obs_0000015504|obs_0000034636|obs_0000010094|obs_0000003504|obs_0000005646|obs_0000030393|obs_0000030402|obs_0000029407|obs_0000006908|obs_0000029993|obs_0000029045|obs_0000031617|obs_0000034841|obs_0000009785|obs_0000031386|obs_0000034475|obs_0000034487|obs_0000009915|obs_0000027350|obs_0000011994|obs_0000006377|obs_0000035038|obs_0000010541|obs_0000014654|obs_0000028550|obs_0000008658|obs_0000028667|obs_0000029258,obs_0000013313|obs_0000005646|obs_0000033822|obs_0000028250|obs_0000015504|obs_0000030402|obs_0000029407|obs_0000035040|obs_0000006908|obs_0000035050|obs_0000029993|obs_0000034636|obs_0000012642|obs_0000010094|obs_0000003504,,
Megaperls,Weißer Riese,"€ 3,49",,"pro Einheit = 0,21","pro Einheit = 0,21",je 17-WL-Btl.,Nein,2026-04-13 bis 2026-04-19,2026-04-13,2026-04-19,../images/rewe/bamberg_offer_252.jpg,"cat_drogerie,diet_gluten_free,diet_lactose_free,diet_vegan,diet_vegetarian,tag_ultra_processed,tag_whole_food",bamberg,,,ref_000069,obs_0000031050|obs_0000032775|obs_0000029402|obs_0000034258,obs_0000031050|obs_0000034258,x,
frei von Gnocchi Glutenfrei,REWE,"€ 1,49",,"1 kg = 3,73","1 kg = 3,73",je 400-g-Pckg.,Nein,2026-04-13 bis 2026-04-19,2026-04-13,2026-04-19,../images/rewe/bamberg_offer_253.jpg,"cat_drogerie,diet_vegetarian,sub_kartoffeln",bamberg,,,ref_000070,obs_0000004877|obs_0000012829|obs_0000027805|obs_0000004023|obs_0000034976|obs_0000010940|obs_0000034386|obs_0000000344|obs_0000013663|obs_0000004450|obs_0000014820|obs_0000008809|obs_0000011501|obs_0000003072,,,
All in 1 Pods,Ariel,"€ 4,99",,"pro Einheit = 0,33","pro Einheit = 0,33",je 15-WL-Pckg.,Nein,2026-04-13 bis 2026-04-19,2026-04-13,2026-04-19,../images/rewe/bamberg_offer_254.jpg,cat_drogerie,bamberg,,,ref_000071,obs_0000028287|obs_0000030722|obs_0000029740|obs_0000031669,obs_0000028287,,
frei von Softwaffeln Glutenfrei Laktosefrei,REWE,"€ 1,59",,"1 kg = 15,90","1 kg = 15,90",je 100-g-Pckg.,Nein,2026-04-13 bis 2026-04-19,2026-04-13,2026-04-19,../images/rewe/bamberg_offer_255.jpg,"cat_drogerie,diet_gluten_free,diet_lactose_free,diet_vegan,diet_vegetarian",bamberg,,,ref_000072,obs_0000031882,,,
Universal 4 in 1 Discs,Persil,"€ 18,99",,"pro Einheit = 0,25","pro Einheit = 0,25",je 76-WL-Btl.,Nein,2026-04-13 bis 2026-04-19,2026-04-13,2026-04-19,../images/rewe/bamberg_offer_256.jpg,cat_drogerie,bamberg,,,ref_000073,obs_0000002834|obs_0000002909|obs_0000029057|obs_0000030083|obs_0000035079,obs_0000002834|obs_0000002909|obs_0000029057|obs_0000030083,,
oder Aronal Zahncreme,elmex,"€ 7,59",,"1 l = 50,60","1 l = 50,60",je 75-ml-Tuben-Pckg.,Nein,2026-04-13 bis 2026-04-19,2026-04-13,2026-04-19,../images/rewe/bamberg_offer_257.jpg,"cat_drogerie,diet_lactose_free,diet_vegan",bamberg,,,ref_000074,obs_0000028191|obs_0000008315|obs_0000027360|obs_0000012024|obs_0000012467|obs_0000012899|obs_0000022872|obs_0000015114|obs_0000031914,,x,
frei von Spaghetti oder Fusilli Glutenfrei,REWE,"€ 1,29",,"1 kg = 2,58","1 kg = 2,58",je 500-g-Pckg.,Nein,2026-04-13 bis 2026-04-19,2026-04-13,2026-04-19,../images/rewe/bamberg_offer_258.jpg,"cat_drogerie,diet_lactose_free,diet_vegan,diet_vegetarian,sub_nudeln",bamberg,,,ref_000075,obs_0000004359|obs_0000000287|obs_0000004786|obs_0000020032|obs_0000034624|obs_0000003932|obs_0000020851,,,
frei von Laugenstangen Glutenfrei Laktosefrei,REWE,"€ 1,69",,"1 kg = 11,27","1 kg = 11,27",je 150-g-Pckg.,Nein,2026-04-13 bis 2026-04-19,2026-04-13,2026-04-19,../images/rewe/bamberg_offer_259.jpg,"cat_drogerie,diet_gluten_free,diet_lactose_free,diet_vegetarian",bamberg,,,ref_000076,,,,
frei von Bio-Schokomüsli Glutenfrei Laktosefrei,REWE,"€ 2,49",,"1 kg = 6,23","1 kg = 6,23",je 400-g-Btl.,Nein,2026-04-13 bis 2026-04-19,2026-04-13,2026-04-19,../images/rewe/bamberg_offer_260.jpg,"cat_drogerie,diet_gluten_free,diet_lactose_free,diet_vegetarian",bamberg,,,ref_000077,obs_0000029537,,,
frei von Saatenbrötchen Glutenfrei Laktosefrei,REWE,"€ 1,88",,"1 kg = 7,83","1 kg = 7,83",je 240-g-Pckg.,Nein,2026-04-13 bis 2026-04-19,2026-04-13,2026-04-19,../images/rewe/bamberg_offer_261.jpg,"cat_drogerie,diet_lactose_free,diet_vegetarian",bamberg,,,ref_000078,,,,
Gemischte oder Klassische Auswahl Katzennahrung,Whiskas,"€ 4,19",,"1 kg = 4,11","1 kg = 4,11",je 12 x 85-g-Btl.-Multipckg.,Nein,2026-04-13 bis 2026-04-19,2026-04-13,2026-04-19,../images/rewe/bamberg_offer_262.jpg,cat_tiernahrung,bamberg,,,ref_000079,obs_0000031378|obs_0000032288|obs_0000031894|obs_0000030369|obs_0000019351|obs_0000034456|obs_0000018382|obs_0000014307|obs_0000033541|obs_0000013736|obs_0000015533|obs_0000027821|obs_0000014398|obs_0000008127|obs_0000026441|obs_0000012491|obs_0000015701,obs_0000031378|obs_0000032288,,
Gourmet Revelations Katzennahrung,Purina,"€ 2,99",,"1 kg = 13,11","1 kg = 13,11","versch. Sorten, je 4 x 57-g-Multipckg.",Nein,2026-04-13 bis 2026-04-19,2026-04-13,2026-04-19,../images/rewe/bamberg_offer_263.jpg,cat_tiernahrung,bamberg,,,ref_000080,obs_0000031863|obs_0000014398|obs_0000034456|obs_0000015533|obs_0000027821|obs_0000012491|obs_0000033541|obs_0000026441|obs_0000015701|obs_0000013668|obs_0000013736|obs_0000008127|obs_0000014307,,,
Knuspertaschen oder Dreamies Snack,Whiskas,"€ 0,99",,"1 kg = 16,50","1 kg = 16,50","versch. Sorten, je 60-g-Btl.",Nein,2026-04-13 bis 2026-04-19,2026-04-13,2026-04-19,../images/rewe/bamberg_offer_264.jpg,"cat_tiernahrung,tag_ultra_processed",bamberg,,,ref_000081,obs_0000031377|obs_0000030386|obs_0000032285|obs_0000032459|obs_0000009199|obs_0000025802|obs_0000017698|obs_0000009681|obs_0000018804|obs_0000014824|obs_0000015693,obs_0000030386|obs_0000031377|obs_0000032285|obs_0000032459,,
Auto-Schondecke,ZooRoyal,"€ 6,99",,"pro Einheit = 6,99","pro Einheit = 6,99","ca. 163 x 125 cm waschbar einfache Befestigung an den Kopfstützen, je 1-St.",Nein,2026-04-13 bis 2026-04-19,2026-04-13,2026-04-19,../images/rewe/bamberg_offer_265.jpg,"cat_tiernahrung,diet_gluten_free,diet_lactose_free,diet_vegan,diet_vegetarian,tag_ultra_processed,tag_whole_food",bamberg,,,ref_000082,,,x,
Kratztonne Lotta,ZooRoyal,"€ 39,99",,"pro Einheit = 39,99","pro Einheit = 39,99","ca. 40 x 75 x 40 cm Korpus umwickelt mit Seegras und Sisal mit drei Kuschelhöhlen, je 1-St.",Nein,2026-04-13 bis 2026-04-19,2026-04-13,2026-04-19,../images/rewe/bamberg_offer_266.jpg,"cat_tiernahrung,diet_gluten_free,diet_lactose_free,diet_vegan,diet_vegetarian,tag_whole_food",bamberg,,,ref_000083,,,x,
D licieux Duos,Felix,"€ 2,49",,"1 kg = 3,11","1 kg = 3,11",je 800-g-Pckg.,Nein,2026-04-13 bis 2026-04-19,2026-04-13,2026-04-19,../images/rewe/bamberg_offer_267.jpg,"cat_tiernahrung,diet_gluten_free,diet_lactose_free,diet_vegan,diet_vegetarian,sub_frisches_obst,tag_ultra_processed,tag_whole_food",bamberg,,,ref_000084,,,x,
Herren Shorts,adidas,"€ 11,99",,"pro Einheit = 11,99","pro Einheit = 11,99","Größen: M-XL, je 1-St.",Nein,2026-04-13 bis 2026-04-19,2026-04-13,2026-04-19,../images/rewe/bamberg_offer_268.jpg,"cat_obst_gemuese,diet_gluten_free,diet_lactose_free,diet_vegan,diet_vegetarian,tag_whole_food",bamberg,,,ref_000085,obs_0000025053|obs_0000030036|obs_0000000969|obs_0000023570|obs_0000001224,obs_0000025053,x,
Geranie oder REWE Beste Wahl Nelke Oscar,Keine Marke,"€ 1,99",,"pro Einheit = 1,99","pro Einheit = 1,99","versch. Sorten und Farben, für Beet und Balkon, je 1-Topf",Nein,2026-04-13 bis 2026-04-19,2026-04-13,2026-04-19,../images/rewe/bamberg_offer_282.jpg,"cat_getraenke,diet_gluten_free,diet_lactose_free,diet_vegan,diet_vegetarian,sub_frisches_gemuese,tag_ultra_processed,tag_whole_food",bamberg,,,ref_000086,,,,
Staudenmix Gipfelstürmer,Keine Marke,"€ 6,99",,"pro Einheit = 6,99","pro Einheit = 6,99","versch. dekorative Sorten, im praktischen 6er Tray, je 1-Tray",Nein,2026-04-13 bis 2026-04-19,2026-04-13,2026-04-19,../images/rewe/bamberg_offer_281.jpg,"cat_obst_gemuese,diet_gluten_free,diet_lactose_free,diet_vegan,diet_vegetarian,sub_frisches_gemuese,sub_frisches_obst,tag_ultra_processed,tag_whole_food",bamberg,,,ref_000087,,,,
Zauberglöckchen oder Lavendel,Keine Marke,"€ 2,29",,"pro Einheit = 2,29","pro Einheit = 2,29","für Beet und Balkon, je 1-Topf",Nein,2026-04-13 bis 2026-04-19,2026-04-13,2026-04-19,../images/rewe/bamberg_offer_280.jpg,"cat_getraenke,diet_gluten_free,diet_lactose_free,diet_vegan,diet_vegetarian,tag_ultra_processed,tag_whole_food",bamberg,,,ref_000088,,,,
Rosen,Keine Marke,"€ 3,79",,"pro Einheit = 3,79","pro Einheit = 3,79","versch. Farben, mit Floralife Schnittblumen­nahrung, je 1-Bund",Nein,2026-04-13 bis 2026-04-19,2026-04-13,2026-04-19,../images/rewe/bamberg_offer_279.jpg,"cat_obst_gemuese,diet_gluten_free,diet_lactose_free,diet_vegan,diet_vegetarian,sub_exoten,sub_frisches_gemuese,sub_frisches_obst,tag_whole_food",bamberg,,BLS-G332100,ref_000089,obs_0000011400|obs_0000008095|obs_0000031904|obs_0000012707|obs_0000014890|obs_0000014126|obs_0000025007|obs_0000001204|obs_0000001208|obs_0000001210|obs_0000013372|obs_0000013374|obs_0000012738|obs_0000000078|obs_0000029391|obs_0000002257|obs_0000003313|obs_0000030373|obs_0000030376|obs_0000031836|obs_0000030046|obs_0000015988|obs_0000013373|obs_0000012733|obs_0000007737,,,
Tomatenpflanze,Keine Marke,"€ 0,89",,"pro Einheit = 0,89","pro Einheit = 0,89","versch. Sorten, für die eigene Ernte, je 1-Topf",Nein,2026-04-13 bis 2026-04-19,2026-04-13,2026-04-19,../images/rewe/bamberg_offer_278.jpg,"cat_obst_gemuese,diet_gluten_free,diet_lactose_free,diet_vegan,diet_vegetarian,sub_frisches_gemuese,tag_whole_food",bamberg,,,ref_000090,,,,
LED Tischlampe,Vivess,"€ 8,99",,"pro Einheit = 8,99","pro Einheit = 8,99","Ø ca. 15 cm, Höhe ca. 21,7 cm wiederaufladbar inkl. USB-Ladekabel 3-stufig dimmbar ca. 90 lm, je 1-St.",Nein,2026-04-13 bis 2026-04-19,2026-04-13,2026-04-19,../images/rewe/bamberg_offer_277.jpg,"cat_obst_gemuese,diet_gluten_free,diet_lactose_free,diet_vegan,diet_vegetarian,tag_ultra_processed,tag_whole_food",bamberg,,,ref_000091,obs_0000030739,obs_0000030739,x,
Zahncreme,Blend a med,"€ 0,89",,"1 l = 11,87","1 l = 11,87","Classic oder Frisch, je 75-ml-Tube",Nein,2026-04-13 bis 2026-04-19,2026-04-13,2026-04-19,../images/rewe/bamberg_offer_251.jpg,"cat_drogerie,diet_gluten_free,diet_lactose_free,diet_vegan,diet_vegetarian,tag_whole_food",bamberg,,,ref_000092,obs_0000031348|obs_0000029055|obs_0000032773|obs_0000007111|obs_0000031055|obs_0000005488|obs_0000006397|obs_0000015114|obs_0000031914|obs_0000012467|obs_0000022872|obs_0000027360|obs_0000012899|obs_0000012024|obs_0000008315,obs_0000031348|obs_0000029055,x,
Herren Trikothose,adidas,"€ 17,99",,"pro Einheit = 17,99","pro Einheit = 17,99",je 1-St.,Nein,2026-04-13 bis 2026-04-19,2026-04-13,2026-04-19,../images/rewe/bamberg_offer_276.jpg,"cat_obst_gemuese,diet_gluten_free,diet_lactose_free,diet_vegan,diet_vegetarian,sub_frisches_obst,tag_whole_food",bamberg,,,ref_000093,obs_0000030036,,x,
Damen oder Herren Badepantolette Aqua,adidas,"€ 18,99",,"pro Einheit = 18,99","pro Einheit = 18,99","Größen: 39-43 schwarz oder blau, je 1-Paar",Nein,2026-04-13 bis 2026-04-19,2026-04-13,2026-04-19,../images/rewe/bamberg_offer_274.jpg,"cat_non_food,diet_gluten_free,diet_lactose_free,diet_vegan,diet_vegetarian",bamberg,,,ref_000094,obs_0000030037|obs_0000030038,,x,
Damen oder Herren Sneakersocken,adidas,"€ 8,99",,"pro Einheit = 8,99","pro Einheit = 8,99","Größen: 37/39-43/46, je 1-Pckg.",Nein,2026-04-13 bis 2026-04-19,2026-04-13,2026-04-19,../images/rewe/bamberg_offer_273.jpg,"cat_non_food,diet_gluten_free,diet_lactose_free,diet_vegan,diet_vegetarian",bamberg,,,ref_000095,obs_0000030037|obs_0000030038|obs_0000029753|obs_0000012564|obs_0000013011|obs_0000015235|obs_0000013894,obs_0000030037,x,
Damen oder Herren Sportsocken,adidas,"€ 9,99",,"pro Einheit = 9,99","pro Einheit = 9,99","Größen: 37/39-43/46, je 1-Pckg.",Nein,2026-04-13 bis 2026-04-19,2026-04-13,2026-04-19,../images/rewe/bamberg_offer_272.jpg,"cat_non_food,diet_gluten_free,diet_lactose_free,diet_vegan,diet_vegetarian,tag_whole_food",bamberg,,,ref_000096,obs_0000030038|obs_0000030037|obs_0000029753|obs_0000013703|obs_0000016076,obs_0000030038,x,
Herren Sweathose,adidas,"€ 29,99",,"pro Einheit = 29,99","pro Einheit = 29,99","Größen: M-XL, je 1-St.",Nein,2026-04-13 bis 2026-04-19,2026-04-13,2026-04-19,../images/rewe/bamberg_offer_271.jpg,"cat_obst_gemuese,diet_gluten_free,diet_lactose_free,diet_vegan,diet_vegetarian,sub_frisches_obst,tag_whole_food",bamberg,,,ref_000097,obs_0000016566|obs_0000012609|obs_0000016714|obs_0000010856|obs_0000021119|obs_0000013025|obs_0000008971|obs_0000015193|obs_0000017453|obs_0000025647|obs_0000015619|obs_0000021859|obs_0000019813|obs_0000019916|obs_0000017972|obs_0000018021|obs_0000016047|obs_0000022246|obs_0000014079|obs_0000022289|obs_0000020300|obs_0000030036|obs_0000012149|obs_0000022660|obs_0000023037|obs_0000023484|obs_0000023494,obs_0000016566|obs_0000025455|obs_0000025647|obs_0000019813,x,
Herren Boxershorts,adidas,"€ 19,99",,"pro Einheit = 19,99","pro Einheit = 19,99","Größen: M-XXL, je 1-Pckg.",Nein,2026-04-13 bis 2026-04-19,2026-04-13,2026-04-19,../images/rewe/bamberg_offer_270.jpg,"cat_non_food,diet_gluten_free,diet_lactose_free,diet_vegan,diet_vegetarian,tag_whole_food",bamberg,,,ref_000098,obs_0000030036|obs_0000012566|obs_0000015180|obs_0000016053|obs_0000013691|obs_0000023495,obs_0000030036,x,
Herren T-Shirt,adidas,"€ 12,99",,"pro Einheit = 12,99","pro Einheit = 12,99","100% Baumwolle Größen: M-XL, je 1-St.",Nein,2026-04-13 bis 2026-04-19,2026-04-13,2026-04-19,../images/rewe/bamberg_offer_269.jpg,"cat_obst_gemuese,diet_gluten_free,diet_lactose_free,diet_vegan,diet_vegetarian,tag_whole_food",bamberg,,,ref_000099,obs_0000012620|obs_0000012700|obs_0000014797|obs_0000009161|obs_0000011260|obs_0000017457|obs_0000031856|obs_0000013704|obs_0000031708|obs_0000030035|obs_0000030036|obs_0000012150|obs_0000000755|obs_0000023324|obs_0000023466|obs_0000000968|obs_0000023573|obs_0000001225,,x,
Zinkjardiniere Florastyle,Keine Marke,"€ 7,99",,"pro Einheit = 7,99","pro Einheit = 7,99","mit Blüh- und Grünpflanze, je 1-Topf",Nein,2026-04-13 bis 2026-04-19,2026-04-13,2026-04-19,../images/rewe/bamberg_offer_275.jpg,"cat_obst_gemuese,diet_gluten_free,diet_lactose_free,diet_vegan,diet_vegetarian,sub_frisches_gemuese,tag_ultra_processed,tag_whole_food",bamberg,,,ref_000100,,,,
Pflegende Reinigungstücher,bebe,"€ 1,99",,"pro Einheit = 1,99","pro Einheit = 1,99",je 25-St.-Pckg.,Nein,2026-04-13 bis 2026-04-19,2026-04-13,2026-04-19,../images/rewe/bamberg_offer_250.jpg,"cat_drogerie,diet_gluten_free,diet_lactose_free,diet_vegan,diet_vegetarian",bamberg,,,ref_000101,obs_0000031706|obs_0000012898|obs_0000033125|obs_0000014677|obs_0000011167,obs_0000031706,x,
Duschgel,Axe,"€ 2,22",,"1 l = 8,88","1 l = 8,88","Alaska, je 250-ml-Fl.",Nein,2026-04-13 bis 2026-04-19,2026-04-13,2026-04-19,../images/rewe/bamberg_offer_249.jpg,"cat_drogerie,diet_gluten_free,diet_lactose_free,diet_vegan,diet_vegetarian,tag_ultra_processed,tag_whole_food",bamberg,,,ref_000102,obs_0000005856|obs_0000006943|obs_0000011788|obs_0000017459|obs_0000015972|obs_0000031850|obs_0000008329|obs_0000015523|obs_0000026290|obs_0000031924|obs_0000026347|obs_0000028939|obs_0000035065|obs_0000013602|obs_0000028963|obs_0000014682|obs_0000009054|obs_0000011624|obs_0000013165|obs_0000026494|obs_0000011174,obs_0000017459|obs_0000005856|obs_0000006943|obs_0000009054,x,
Duschgel,Duschdas,"€ 0,99",,"1 l = 4,40","1 l = 4,40","versch. Sorten, je 225-ml-Fl.",Nein,2026-04-13 bis 2026-04-19,2026-04-13,2026-04-19,../images/rewe/bamberg_offer_248.jpg,"cat_drogerie,diet_gluten_free,diet_lactose_free,diet_vegan,diet_vegetarian,tag_whole_food",bamberg,,,ref_000103,obs_0000032036|obs_0000007920|obs_0000008329|obs_0000028939|obs_0000011788|obs_0000035065|obs_0000013602|obs_0000015523|obs_0000011174|obs_0000026290|obs_0000017459|obs_0000028963|obs_0000031924|obs_0000014682|obs_0000009054|obs_0000015972|obs_0000011624|obs_0000026347|obs_0000031850|obs_0000013165|obs_0000026494,obs_0000011788|obs_0000032036|obs_0000005670|obs_0000031924|obs_0000015972|obs_0000007920|obs_0000026494,x,
Limoncello Spritz oder Bellini Pfirsich No 1323,Keine Marke,"€ 2,99",,"1 l = 3,99","1 l = 3,99","weinhaltiger Cocktail, je 0,75-l-Fl.",Nein,2026-04-13 bis 2026-04-19,2026-04-13,2026-04-19,../images/rewe/bamberg_offer_229.jpg,"cat_getraenke,diet_gluten_free,diet_lactose_free,diet_vegan,diet_vegetarian,tag_ultra_processed,tag_whole_food",bamberg,,,ref_000104,obs_0000016150|obs_0000019758|obs_0000011572|obs_0000011575,,,
Goldkrone,Wilthener,"€ 4,69",,"1 l = 6,70","1 l = 6,70","28% Vol., je 0,7-l-Fl.",Nein,2026-04-13 bis 2026-04-19,2026-04-13,2026-04-19,../images/rewe/bamberg_offer_228.jpg,"cat_getraenke,diet_gluten_free,diet_lactose_free,diet_vegan,diet_vegetarian,tag_ultra_processed,tag_whole_food",bamberg,,,ref_000105,obs_0000030251,obs_0000030251,x,
Lamberti,Lamberti,"€ 3,99",,"1 l = 5,32","1 l = 5,32","trocken, je 0,75-l-Fl.",Nein,2026-04-13 bis 2026-04-19,2026-04-13,2026-04-19,../images/rewe/bamberg_offer_227.jpg,"cat_getraenke,diet_gluten_free,diet_lactose_free,diet_vegan,diet_vegetarian,tag_ultra_processed,tag_whole_food",bamberg,,,ref_000106,obs_0000032751,,x,
Southern Comfort Whiskey Liqueur,Keine Marke,"€ 8,99",,"1 l = 12,84","1 l = 12,84","35% Vol., je 0,7-l-Fl.",Nein,2026-04-13 bis 2026-04-19,2026-04-13,2026-04-19,../images/rewe/bamberg_offer_226.jpg,"cat_getraenke,diet_gluten_free,diet_lactose_free,diet_vegan,diet_vegetarian,tag_whole_food",bamberg,,,ref_000107,obs_0000014635,obs_0000011579,,
Finlandia Vodka,Keine Marke,"€ 12,99",,"1 l = 18,56","1 l = 18,56","40% Vol., je 0,7-l-Fl.",Nein,2026-04-13 bis 2026-04-19,2026-04-13,2026-04-19,../images/rewe/bamberg_offer_225.jpg,"cat_getraenke,diet_gluten_free,diet_lactose_free,diet_vegan,diet_vegetarian,tag_whole_food",bamberg,,,ref_000108,obs_0000035049|obs_0000008713|obs_0000020363|obs_0000012175|obs_0000012431|obs_0000009883|obs_0000034845|obs_0000013474|obs_0000019368|obs_0000015665|obs_0000021182|obs_0000009791|obs_0000028354|obs_0000008904|obs_0000009420|obs_0000002903|obs_0000024028|obs_0000026846|obs_0000009320|obs_0000022378|obs_0000034034|obs_0000011132|obs_0000024448,,,
Sekt oder Light Live alkoholfrei,Faber,"€ 2,79",,"1 l = 3,72","1 l = 3,72","je 0,75-l-Fl.",Nein,2026-04-13 bis 2026-04-19,2026-04-13,2026-04-19,../images/rewe/bamberg_offer_224.jpg,"cat_getraenke,diet_lactose_free",bamberg,,,ref_000109,obs_0000029432|obs_0000032754|obs_0000005263|obs_0000028182|obs_0000001809|obs_0000000863|obs_0000011150|obs_0000034225,obs_0000029432|obs_0000032754,x,
Nederburg,Keine Marke,"€ 3,99",,"1 l = 5,32","1 l = 5,32","trocken, je 0,75-l-Fl.",Nein,2026-04-13 bis 2026-04-19,2026-04-13,2026-04-19,../images/rewe/bamberg_offer_230.jpg,"cat_getraenke,diet_gluten_free,diet_lactose_free,diet_vegan,diet_vegetarian,sub_frisches_obst,tag_ultra_processed,tag_whole_food",bamberg,,,ref_000110,obs_0000007254,,,
Black Label Blended Scotch Whisky,Johnnie Walker,"€ 19,99",,"1 l = 28,56","1 l = 28,56","40% Vol., je 0,7-l-Fl.",Nein,2026-04-13 bis 2026-04-19,2026-04-13,2026-04-19,../images/rewe/bamberg_offer_223.jpg,cat_getraenke,bamberg,,,ref_000111,obs_0000029774|obs_0000032263|obs_0000006715|obs_0000019341|obs_0000025014|obs_0000008414|obs_0000016700|obs_0000019797|obs_0000028137|obs_0000018945|obs_0000009375|obs_0000015920|obs_0000011578|obs_0000027198|obs_0000009835|obs_0000011307|obs_0000013108,obs_0000018945|obs_0000032263|obs_0000019341|obs_0000009375|obs_0000015920|obs_0000025014|obs_0000011578|obs_0000006715|obs_0000016700|obs_0000027198|obs_0000019797|obs_0000008414|obs_0000009835,x,
Wodka Original,Gorbatschow,"€ 6,49",,"1 l = 9,27","1 l = 9,27","37,5% Vol., je 0,7-l-Fl.",Nein,2026-04-13 bis 2026-04-19,2026-04-13,2026-04-19,../images/rewe/bamberg_offer_221.jpg,"cat_getraenke,tag_high_protein,tag_ultra_processed",bamberg,,,ref_000112,obs_0000031413|obs_0000015076|obs_0000011767|obs_0000013965|obs_0000034639|obs_0000032026|obs_0000030405|obs_0000028730|obs_0000020611|obs_0000012423|obs_0000006283|obs_0000026772|obs_0000026832|obs_0000028896|obs_0000035052|obs_0000027005|obs_0000027048|obs_0000021000|obs_0000008777|obs_0000021117|obs_0000008906|obs_0000015051|obs_0000021430|obs_0000025547|obs_0000033763|obs_0000017384|obs_0000013325|obs_0000019505|obs_0000031800|obs_0000025705|obs_0000009334|obs_0000015502|obs_0000027791|obs_0000033975|obs_0000021758|obs_0000009525|obs_0000021868|obs_0000017799|obs_0000026035|obs_0000022184|obs_0000020181|obs_0000034561|obs_0000009987|obs_0000028429|obs_0000034575|obs_0000016167|obs_0000020298|obs_0000028516|obs_0000010117|obs_0000014249,obs_0000028940|obs_0000031413|obs_0000032026|obs_0000020001|obs_0000030405|obs_0000010156,,
Beck s,BECK S,"€ 3,99",,"1 l = 2,02","1 l = 2,02","versch. Sorten, je 6 x 0,33-l-Fl.-Sixpack, zzgl. 0,48 € Pfand",Nein,2026-04-13 bis 2026-04-19,2026-04-13,2026-04-19,../images/rewe/bamberg_offer_220.jpg,cat_getraenke,bamberg,,,ref_000113,obs_0000007886|obs_0000032738|obs_0000029071|obs_0000031390|obs_0000032443|obs_0000005830|obs_0000032728|obs_0000032269|obs_0000031091,obs_0000007886|obs_0000032738,,
Elephant Premium Beer,Carlsberg,"€ 0,99",,"1 l = 1,98","1 l = 1,98","je 0,5-l-Dose, zzgl. 0,25 € Pfand",Nein,2026-04-13 bis 2026-04-19,2026-04-13,2026-04-19,../images/rewe/bamberg_offer_219.jpg,"cat_getraenke,diet_gluten_free,diet_vegetarian",bamberg,,,ref_000114,obs_0000031558|obs_0000032736|obs_0000031791|obs_0000031749|obs_0000028724|obs_0000006905|obs_0000034221|obs_0000013830|obs_0000029256|obs_0000011595,obs_0000031791|obs_0000031558|obs_0000032736,x,
Premium Beer,Heineken,"€ 15,99",,"1 l = 2,00","1 l = 2,00","je 20 x 0,4 / 28 x 0,25-l-Fl.-Kasten, zzgl. 3,10 € / 3,74 € Pfand",Nein,2026-04-13 bis 2026-04-19,2026-04-13,2026-04-19,../images/rewe/bamberg_offer_218.jpg,"cat_getraenke,diet_gluten_free,diet_lactose_free,diet_vegan,diet_vegetarian,sub_frisches_obst,tag_whole_food",bamberg,,,ref_000115,obs_0000031398|obs_0000030397|obs_0000032725|obs_0000031749|obs_0000028724|obs_0000029762|obs_0000032131|obs_0000013349|obs_0000031791|obs_0000015667|obs_0000013830|obs_0000011595,obs_0000031749|obs_0000028724|obs_0000031398|obs_0000030397|obs_0000032725,x,
Neumarkter Lammsbräu,Neumarkter Lammsbräu,"€ 9,49",,"1 l = 2,88","1 l = 2,88","versch. Sorten, je 10 x 0,33-l-Fl.-Kasten, zzgl. 2,30 € Pfand",Nein,2026-04-13 bis 2026-04-19,2026-04-13,2026-04-19,../images/rewe/bamberg_offer_217.jpg,"cat_getraenke,diet_gluten_free,diet_lactose_free,diet_vegan,diet_vegetarian,tag_ultra_processed,tag_whole_food",bamberg,,,ref_000116,,,x,
Pils,Warsteiner,"€ 10,99",,"1 l = 1,10","1 l = 1,10","je 20 x 0,5-l-Fl.-Kasten, zzgl. 3,10 € Pfand",Nein,2026-04-13 bis 2026-04-19,2026-04-13,2026-04-19,../images/rewe/bamberg_offer_216.jpg,"cat_getraenke,diet_gluten_free,diet_lactose_free,diet_vegan,diet_vegetarian,tag_whole_food",bamberg,,,ref_000117,obs_0000031397|obs_0000029986|obs_0000029072|obs_0000010755|obs_0000013338|obs_0000033823|obs_0000026170|obs_0000015941|obs_0000012871|obs_0000028759|obs_0000024176|obs_0000028275|obs_0000034423|obs_0000012448|obs_0000027329|obs_0000016578|obs_0000019656|obs_0000023756|obs_0000028878|obs_0000035035|obs_0000028408|obs_0000028937|obs_0000008467|obs_0000027944|obs_0000004922|obs_0000028500|obs_0000017247|obs_0000000370|obs_0000014202|obs_0000010120|obs_0000004495|obs_0000034708|obs_0000010165|obs_0000028614|obs_0000026062|obs_0000031695|obs_0000003041|obs_0000004068|obs_0000013819|obs_0000031740,obs_0000031397|obs_0000028937|obs_0000029986|obs_0000027944|obs_0000029072,x,
Jules Mumm Sekt,Keine Marke,"€ 3,99",,"1 l = 5,32","1 l = 5,32","versch. Sorten, je 0,75-l-Fl.",Nein,2026-04-13 bis 2026-04-19,2026-04-13,2026-04-19,../images/rewe/bamberg_offer_222.jpg,"cat_getraenke,diet_gluten_free,diet_lactose_free,diet_vegan,diet_vegetarian,tag_whole_food",bamberg,,,ref_000118,obs_0000032294|obs_0000030758|obs_0000006713|obs_0000011802|obs_0000017436|obs_0000018465|obs_0000017456|obs_0000003634|obs_0000013889|obs_0000019009|obs_0000031833|obs_0000019561|obs_0000018037|obs_0000028281|obs_0000000122|obs_0000012437|obs_0000010911|obs_0000026289|obs_0000023255|obs_0000027358|obs_0000018687|obs_0000016680|obs_0000015666|obs_0000014644|obs_0000024889|obs_0000026425|obs_0000011590|obs_0000015699|obs_0000027487|obs_0000008047|obs_0000012694|obs_0000002457|obs_0000022430|obs_0000025002|obs_0000001461|obs_0000026048,obs_0000018465|obs_0000032294|obs_0000030758|obs_0000006713|obs_0000013889|obs_0000019009|obs_0000014644|obs_0000022430,,
Zirndorfer Bier,Keine Marke,"€ 11,99",,"1 l = 1,20","1 l = 1,20","versch. Sorten, je 20 x 0,5-l-Fl.-Kasten, zzgl. 3,10 € Pfand",Nein,2026-04-13 bis 2026-04-19,2026-04-13,2026-04-19,../images/rewe/bamberg_offer_214.jpg,"cat_getraenke,diet_gluten_free,diet_lactose_free,diet_vegan,diet_vegetarian,tag_whole_food",bamberg,,,ref_000119,obs_0000029987|obs_0000029044|obs_0000028805|obs_0000009359|obs_0000023315|obs_0000009768|obs_0000026797|obs_0000009403|obs_0000027326|obs_0000028602|obs_0000028492|obs_0000031827|obs_0000031616|obs_0000009190|obs_0000014056|obs_0000028288,obs_0000029987|obs_0000028602|obs_0000028492|obs_0000029044,,
Cavit Mastri Vernacoli,Keine Marke,"€ 4,99",,"1 l = 6,65","1 l = 6,65","versch. Sorten, trocken, je 0,75-l-Fl.",Nein,2026-04-13 bis 2026-04-19,2026-04-13,2026-04-19,../images/rewe/bamberg_offer_231.jpg,"cat_getraenke,diet_gluten_free,diet_lactose_free,diet_vegan,diet_vegetarian,tag_whole_food",bamberg,,,ref_000120,obs_0000030420|obs_0000032752,obs_0000030420,,
Contessa Marina 14 IGT,Keine Marke,"€ 4,99",,"1 l = 6,65","1 l = 6,65","trocken, je 0,75-l-Fl.",Nein,2026-04-13 bis 2026-04-19,2026-04-13,2026-04-19,../images/rewe/bamberg_offer_233.jpg,"cat_getraenke,diet_gluten_free,diet_lactose_free,diet_vegan,diet_vegetarian,tag_ultra_processed,tag_whole_food",bamberg,,,ref_000121,,,,
Oxi Action Pulver,Vanish,"€ 4,79",,"1 kg = 8,71","1 kg = 8,71","versch. Sorten, je 550-g-Dose",Nein,2026-04-13 bis 2026-04-19,2026-04-13,2026-04-19,../images/rewe/bamberg_offer_247.jpg,"cat_drogerie,diet_gluten_free,diet_lactose_free,diet_vegetarian,tag_ultra_processed",bamberg,,,ref_000122,obs_0000028194|obs_0000028396|obs_0000016131|obs_0000009392|obs_0000009854,obs_0000028396,x,
Haarspray,Syoss,"€ 4,49",,"1 l = 11,23","1 l = 11,23","versch. Sorten, je 400-ml-Dose",Nein,2026-04-13 bis 2026-04-19,2026-04-13,2026-04-19,../images/rewe/bamberg_offer_246.jpg,"cat_drogerie,diet_gluten_free,diet_lactose_free,diet_vegan,diet_vegetarian,tag_whole_food",bamberg,,,ref_000123,obs_0000033159|obs_0000016136|obs_0000033415|obs_0000032915|obs_0000015099|obs_0000032987|obs_0000011611|obs_0000033144,obs_0000033159|obs_0000016136|obs_0000015099|obs_0000032987|obs_0000011611,x,
Zahncreme,Sensodyne,"€ 3,49",,"1 l = 46,53","1 l = 46,53","Multicare und ProSchmelz, je 75-ml-Tuben-Pckg.",Nein,2026-04-13 bis 2026-04-19,2026-04-13,2026-04-19,../images/rewe/bamberg_offer_245.jpg,"cat_drogerie,diet_gluten_free,diet_lactose_free,diet_vegan,diet_vegetarian,tag_whole_food",bamberg,,,ref_000124,obs_0000030353|obs_0000006945|obs_0000006052|obs_0000015114|obs_0000031914|obs_0000012467|obs_0000022872|obs_0000027360|obs_0000012899|obs_0000008315|obs_0000012024|obs_0000032456,obs_0000015114|obs_0000030353|obs_0000012024,x,
Color,Coral,"€ 3,99",,"pro Einheit = 0,15","pro Einheit = 0,15",je 26-WL-Fl.,Nein,2026-04-13 bis 2026-04-19,2026-04-13,2026-04-19,../images/rewe/bamberg_offer_244.jpg,"cat_drogerie,diet_gluten_free,diet_lactose_free,diet_vegan,diet_vegetarian,tag_ultra_processed,tag_whole_food",bamberg,,,ref_000125,obs_0000031058,obs_0000031058,x,
Bodyspray,Axe,"€ 3,49",,"1 l = 23,27","1 l = 23,27","Alaska, je 150-ml-Dose",Nein,2026-04-13 bis 2026-04-19,2026-04-13,2026-04-19,../images/rewe/bamberg_offer_243.jpg,"cat_drogerie,diet_gluten_free,diet_lactose_free,diet_vegan,diet_vegetarian,tag_whole_food",bamberg,,,ref_000126,obs_0000032039|obs_0000007923|obs_0000006389|obs_0000006944|obs_0000005855|obs_0000028961|obs_0000034660|obs_0000032873|obs_0000026738,obs_0000028961|obs_0000034660|obs_0000032039|obs_0000032873|obs_0000026738|obs_0000007923,x,
Color Gel,Spee,"€ 3,49",,"pro Einheit = 0,17","pro Einheit = 0,17",je 20-WL-Fl.,Nein,2026-04-13 bis 2026-04-19,2026-04-13,2026-04-19,../images/rewe/bamberg_offer_242.jpg,"cat_drogerie,diet_gluten_free,diet_lactose_free,diet_vegan,diet_vegetarian,sub_frisches_gemuese,tag_ultra_processed,tag_whole_food",bamberg,,,ref_000127,obs_0000031071|obs_0000029738|obs_0000030354,obs_0000031071,x,
Weinfreunde Piwi Cabernet Blanc Qualitätswein,Keine Marke,"€ 3,49",,"1 l = 4,65","1 l = 4,65","trocken, je 0,75-l-Fl.",Nein,2026-04-13 bis 2026-04-19,2026-04-13,2026-04-19,../images/rewe/bamberg_offer_232.jpg,"cat_getraenke,diet_gluten_free",bamberg,,,ref_000128,obs_0000017927|obs_0000008721|obs_0000013843|obs_0000013356|obs_0000015923|obs_0000027290|obs_0000026271|obs_0000011986|obs_0000014641|obs_0000011138|obs_0000034222|obs_0000012225,,,
Colorwaschmittel Kraft-Gel,Persil,"€ 18,99",,"pro Einheit = 0,19","pro Einheit = 0,19",je 100-WL-Fl.,Nein,2026-04-13 bis 2026-04-19,2026-04-13,2026-04-19,../images/rewe/bamberg_offer_241.jpg,cat_drogerie,bamberg,,,ref_000129,obs_0000032273|obs_0000031362|obs_0000030074|obs_0000029050|obs_0000032138|obs_0000010247|obs_0000008736|obs_0000029738|obs_0000030354|obs_0000032919|obs_0000029574,obs_0000032273|obs_0000031362|obs_0000030074|obs_0000029050|obs_0000032138,,
Power Reiniger,Bref,"€ 1,99",,"1 l = 2,65","1 l = 2,65",je 750-ml-Fl.,Nein,2026-04-13 bis 2026-04-19,2026-04-13,2026-04-19,../images/rewe/bamberg_offer_239.jpg,"cat_getraenke,diet_gluten_free,diet_lactose_free,diet_vegan,diet_vegetarian,tag_ultra_processed,tag_whole_food",bamberg,,,ref_000130,obs_0000013540|obs_0000031762|obs_0000013848|obs_0000013362|obs_0000027202|obs_0000015954|obs_0000024166|obs_0000017601|obs_0000028357|obs_0000010953|obs_0000023750|obs_0000012011|obs_0000026432|obs_0000014189|obs_0000027513|obs_0000025004|obs_0000019901|obs_0000003536|obs_0000018411|obs_0000033271,,x,
Kraft-Aktiv,WC Frisch,"€ 1,39",,"1 kg = 27,80","1 kg = 27,80","Lemon, je 50-g-Pckg.",Nein,2026-04-13 bis 2026-04-19,2026-04-13,2026-04-19,../images/rewe/bamberg_offer_238.jpg,"cat_drogerie,diet_lactose_free,diet_vegetarian",bamberg,,,ref_000131,obs_0000007928|obs_0000006056|obs_0000024718|obs_0000017598|obs_0000023308|obs_0000026031|obs_0000004613|obs_0000010769|obs_0000032802|obs_0000015959|obs_0000004186|obs_0000008795|obs_0000033437|obs_0000015106|obs_0000000812|obs_0000011605|obs_0000005040|obs_0000000452|obs_0000015308|obs_0000014287,obs_0000004613|obs_0000010769|obs_0000032802|obs_0000015959|obs_0000004186|obs_0000008795|obs_0000015106|obs_0000000812|obs_0000011605|obs_0000005040|obs_0000000452|obs_0000015308|obs_0000014287,x,
Geschirrspülmittel,Pril,"€ 1,39",,"1 l = 2,06","1 l = 2,06","Original, je 675-ml-Fl.",Nein,2026-04-13 bis 2026-04-19,2026-04-13,2026-04-19,../images/rewe/bamberg_offer_237.jpg,cat_drogerie,bamberg,,,ref_000132,obs_0000015118|obs_0000008401|obs_0000011604|obs_0000015958|obs_0000031355|obs_0000034453|obs_0000011161|obs_0000010271|obs_0000013986|obs_0000028221|obs_0000034995|obs_0000013654|obs_0000008305|obs_0000013052|obs_0000020019|obs_0000016850|obs_0000032274|obs_0000006050|obs_0000005293|obs_0000029778|obs_0000005857|obs_0000006247|obs_0000006763|obs_0000030063|obs_0000032757|obs_0000007927|obs_0000024713|obs_0000025820|obs_0000013224,obs_0000015118|obs_0000032274|obs_0000034453|obs_0000011161|obs_0000010271|obs_0000013986|obs_0000006050|obs_0000005293|obs_0000020019|obs_0000028221|obs_0000034995|obs_0000008401|obs_0000016850|obs_0000011604|obs_0000013654|obs_0000015958|obs_0000005857|obs_0000006763|obs_0000030063|obs_0000008305|obs_0000007927|obs_0000031355|obs_0000013052,,
Ultimate Plus Citrus,finish,"€ 6,99",,"pro Einheit = 0,19","pro Einheit = 0,19",je 36-Tab-Pckg.,Nein,2026-04-13 bis 2026-04-19,2026-04-13,2026-04-19,../images/rewe/bamberg_offer_236.jpg,"cat_obst_gemuese,diet_gluten_free,diet_lactose_free,diet_vegan,diet_vegetarian,tag_whole_food",bamberg,,,ref_000133,obs_0000030365|obs_0000029377|obs_0000032760|obs_0000025204|obs_0000018247|obs_0000013344|obs_0000011970|obs_0000014628|obs_0000011126,,x,
4 in 1 Tabs Wasserenthärter,Calgon,"€ 7,99",,"pro Einheit = 0,17","pro Einheit = 0,17",je 47-Tab-Pckg.,Nein,2026-04-13 bis 2026-04-19,2026-04-13,2026-04-19,../images/rewe/bamberg_offer_235.jpg,"cat_drogerie,diet_gluten_free,diet_lactose_free,diet_vegan,diet_vegetarian,tag_whole_food",bamberg,,,ref_000134,obs_0000011812|obs_0000033257|obs_0000016629|obs_0000027390|obs_0000034071,,x,
Ultimate Fresh,finish,"€ 6,99",,"pro Einheit = 0,17","pro Einheit = 0,17",je 40-Tab-Pckg.,Nein,2026-04-13 bis 2026-04-19,2026-04-13,2026-04-19,../images/rewe/bamberg_offer_234.jpg,"cat_obst_gemuese,diet_gluten_free,diet_lactose_free,diet_vegan,diet_vegetarian,tag_whole_food",bamberg,,,ref_000135,,,x,
Colorwaschmittel flüssig,Ariel,"€ 4,99",,"pro Einheit = 0,25","pro Einheit = 0,25",je 20-WL-Fl.,Nein,2026-04-13 bis 2026-04-19,2026-04-13,2026-04-19,../images/rewe/bamberg_offer_240.jpg,cat_drogerie,bamberg,,,ref_000136,obs_0000031932|obs_0000029058|obs_0000030086|obs_0000029376|obs_0000029574|obs_0000032919,obs_0000029058|obs_0000030086|obs_0000031932|obs_0000029376,,
Ristorante Pizza Spinaci,Dr. Oetker,"€ 1,99",,"1 kg = 5,10","1 kg = 5,10","tiefgefroren, je 390-g-Pckg.",Nein,2026-04-13 bis 2026-04-19,2026-04-13,2026-04-19,../images/rewe/bamberg_offer_142.jpg,"cat_tiefkuehl,sub_tk_pizza,sub_wurst,tag_ultra_processed",bamberg,,,ref_000137,obs_0000031500|obs_0000012815|obs_0000011305|obs_0000017705|obs_0000034384|obs_0000000038|obs_0000026731|obs_0000016637|obs_0000028985|obs_0000006501|obs_0000031512|obs_0000019919|obs_0000003772|obs_0000010231|obs_0000030849|obs_0000029705|obs_0000010530|obs_0000023186|obs_0000013341|obs_0000025810|obs_0000005867,obs_0000030849|obs_0000031500|obs_0000029705,,x
Fix Air Fryer Knusper-Hähnchen,Maggi,"€ 0,44",,"1 kg = 11,28","1 kg = 11,28","Paprika & Knoblauch, je 39-g-Btl.",Nein,2026-04-13 bis 2026-04-19,2026-04-13,2026-04-19,../images/rewe/bamberg_offer_180.jpg,"cat_grundnahrung,sub_gefluegel,tag_ultra_processed",bamberg,,,ref_000138,obs_0000029329|obs_0000030289|obs_0000021014|obs_0000023239|obs_0000020195|obs_0000026433|obs_0000019291|obs_0000025048|obs_0000018941|obs_0000010238|obs_0000026187|obs_0000012367|obs_0000015001|obs_0000016596|obs_0000009999|obs_0000006464|obs_0000009537|obs_0000017240|obs_0000013189|obs_0000010701,obs_0000030289|obs_0000029329,,
White Tiger Garnelen,REWE Bio,"€ 6,29",,"1 kg = 24,57","1 kg = 24,57","tiefgefroren, je 256-g-Btl.",Nein,2026-04-13 bis 2026-04-19,2026-04-13,2026-04-19,../images/rewe/bamberg_offer_140.jpg,"cat_tiefkuehl,diet_lactose_free,diet_vegan",bamberg,,,ref_000139,obs_0000017593|obs_0000016643|obs_0000008528|obs_0000018788|obs_0000008551|obs_0000034724|obs_0000022565|obs_0000007798|obs_0000023184|obs_0000012824|obs_0000021085|obs_0000018716|obs_0000020266|obs_0000017738|obs_0000025472|obs_0000016819|obs_0000003631|obs_0000001313|obs_0000004921|obs_0000000369|obs_0000004494|obs_0000003502|obs_0000004067|obs_0000001520,obs_0000022565|obs_0000021085|obs_0000023184|obs_0000017593|obs_0000016643|obs_0000018716|obs_0000020266|obs_0000017738|obs_0000008528|obs_0000018788|obs_0000008551|obs_0000025472|obs_0000034724|obs_0000016819,,
Krautsalat,Keine Marke,"€ 0,69",,"pro Einheit = 0,69","pro Einheit = 0,69",je 100-g-,Nein,2026-04-13 bis 2026-04-19,2026-04-13,2026-04-19,../images/rewe/bamberg_offer_038.jpg,"cat_obst_gemuese,diet_gluten_free,diet_lactose_free,diet_vegan,diet_vegetarian,sub_frisches_gemuese,sub_frisches_obst,sub_salate,tag_ultra_processed,tag_whole_food",bamberg,,BLS-G109100,ref_000140,obs_0000024977|obs_0000014059|obs_0000028315|obs_0000029787,obs_0000024977|obs_0000014059|obs_0000028315,,
Höhenrainer Putenkäse Griller oder Puten Chili Käse Griller,Keine Marke,"€ 1,19",,"pro Einheit = 1,19","pro Einheit = 1,19",je 100-g-,Nein,2026-04-13 bis 2026-04-19,2026-04-13,2026-04-19,../images/rewe/bamberg_offer_039.jpg,"cat_molkerei_kaese,sub_gefluegel,sub_kaese,sub_milchprodukte,tag_ultra_processed",bamberg,,,ref_000141,obs_0000008883|obs_0000006457|obs_0000010631,,,
Emmentaler,Goldsteig,"€ 0,99",,"pro Einheit = 0,99","pro Einheit = 0,99","Hartkäse, 45% Fett i.Tr., je 100-g-",Nein,2026-04-13 bis 2026-04-19,2026-04-13,2026-04-19,../images/rewe/bamberg_offer_040.jpg,"cat_molkerei_kaese,sub_kaese,sub_milchprodukte",bamberg,,,ref_000142,obs_0000010030|obs_0000031831|obs_0000031880|obs_0000001559|obs_0000018426|obs_0000002340|obs_0000018479|obs_0000025531|obs_0000003417|obs_0000022237|obs_0000009063|obs_0000022007|obs_0000007555|obs_0000029188|obs_0000030458|obs_0000029871|obs_0000028338|obs_0000022611|obs_0000031446|obs_0000006108|obs_0000006629|obs_0000028397|obs_0000011890|obs_0000019573|obs_0000010637|obs_0000005907|obs_0000006807|obs_0000030876|obs_0000015396|obs_0000012330|obs_0000034090|obs_0000020664|obs_0000006459|obs_0000024642|obs_0000032193|obs_0000021483|obs_0000025075|obs_0000006293|obs_0000005548|obs_0000007350|obs_0000006977|obs_0000032320,obs_0000007555|obs_0000029188|obs_0000031880|obs_0000030458|obs_0000001559|obs_0000018426|obs_0000002340|obs_0000010030|obs_0000018479|obs_0000025531|obs_0000031446|obs_0000031831|obs_0000003417|obs_0000022237|obs_0000009063|obs_0000022007,,
Pustertaler,Keine Marke,"€ 1,79",,"pro Einheit = 1,79","pro Einheit = 1,79","ital. Schnittkäse, 50% Fett i.Tr., je 100-g-",Nein,2026-04-13 bis 2026-04-19,2026-04-13,2026-04-19,../images/rewe/bamberg_offer_041.jpg,"cat_obst_gemuese,diet_gluten_free,diet_lactose_free,diet_vegan,diet_vegetarian,tag_ultra_processed,tag_whole_food",bamberg,,,ref_000143,obs_0000031431|obs_0000014500|obs_0000011486|obs_0000030879,obs_0000031431|obs_0000014500|obs_0000011486|obs_0000030879,,
Imperial Hähnchensalami oder Hähnchensalami mit Pfeffer,Keine Marke,"€ 1,79",,"pro Einheit = 1,79","pro Einheit = 1,79",je 100-g-,Nein,2026-04-13 bis 2026-04-19,2026-04-13,2026-04-19,../images/rewe/bamberg_offer_042.jpg,"cat_fleisch_wurst,diet_gluten_free,diet_lactose_free,sub_gefluegel,sub_wurst,tag_proteinreich,tag_ultra_processed,tag_whole_food",bamberg,,,ref_000144,obs_0000028442|obs_0000011439,,,
Schiller GQB Lachsschinken,Keine Marke,"€ 1,89",,"pro Einheit = 1,89","pro Einheit = 1,89",je 100-g-,Nein,2026-04-13 bis 2026-04-19,2026-04-13,2026-04-19,../images/rewe/bamberg_offer_043.jpg,"cat_fleisch_wurst,diet_lactose_free,sub_schwein,sub_wurst,tag_ultra_processed",bamberg,,,ref_000145,obs_0000027441|obs_0000006858|obs_0000026709|obs_0000010598|obs_0000033776|obs_0000007419,,,
Scheiben mild nussig oder Naturfreunde Tilsiter Scheiben,Grünländer,"€ 1,59",,"1 kg = 11,36","1 kg = 11,36",je 140-g-Pckg.,Nein,2026-04-13 bis 2026-04-19,2026-04-13,2026-04-19,../images/rewe/bamberg_offer_044.jpg,"cat_molkerei_kaese,diet_vegetarian,sub_kaese,sub_milchprodukte,tag_ultra_processed",bamberg,,,ref_000146,obs_0000030108|obs_0000030491|obs_0000032061|obs_0000031201|obs_0000028722|obs_0000009655|obs_0000009173|obs_0000027519|obs_0000010629|obs_0000022944|obs_0000024640|obs_0000022627|obs_0000028259,,x,
Der Sahnige,Exquisa,"€ 1,11",,"1 kg = 5,55","1 kg = 5,55","65% Fett i.Tr., je 200-g-Pckg.",Nein,2026-04-13 bis 2026-04-19,2026-04-13,2026-04-19,../images/rewe/bamberg_offer_045.jpg,"cat_molkerei_kaese,diet_gluten_free,diet_lactose_free,diet_vegan,diet_vegetarian,sub_joghurt_skyr_quark,sub_milchprodukte,tag_ultra_processed,tag_whole_food",bamberg,,,ref_000147,obs_0000031427|obs_0000032199|obs_0000034592|obs_0000014319|obs_0000000086,obs_0000031427|obs_0000034592|obs_0000032199|obs_0000014319,x,
Rügenwalder Vegane Mühlen Salami oder Veganer Schinken Spicker Mortadella,Keine Marke,"€ 1,11",,"1 kg = 13,88","1 kg = 13,88",je 80-g-Pckg.,Nein,2026-04-13 bis 2026-04-19,2026-04-13,2026-04-19,../images/rewe/bamberg_offer_046.jpg,"cat_molkerei_kaese,diet_lactose_free,diet_vegan,diet_vegetarian,sub_fleischersatz,sub_schwein,sub_wurst,tag_ultra_processed",bamberg,,,ref_000148,obs_0000030799|obs_0000031425|obs_0000029445|obs_0000032536|obs_0000032095|obs_0000005204|obs_0000005942|obs_0000014002|obs_0000008190|obs_0000028469|obs_0000031443|obs_0000008615|obs_0000015358,obs_0000030799|obs_0000031425|obs_0000029445|obs_0000032536|obs_0000032095,,
Like vegane Fleischalternative,Keine Marke,"€ 2,49",,"1 kg = 13,83","1 kg = 13,83","versch. Sorten, je 180-g-Pckg.",Nein,2026-04-13 bis 2026-04-19,2026-04-13,2026-04-19,../images/rewe/bamberg_offer_047.jpg,"cat_molkerei_kaese,diet_gluten_free,diet_lactose_free,diet_vegan,diet_vegetarian,sub_fleischersatz",bamberg,,,ref_000149,obs_0000030800|obs_0000031421|obs_0000031984|obs_0000029452|obs_0000032539|obs_0000028325|obs_0000029450|obs_0000030144,obs_0000030800|obs_0000028325|obs_0000031421|obs_0000031984|obs_0000029452|obs_0000032539,,
Grand Dessert,Ehrmann,"€ 0,59",,"1 kg = 3,11","1 kg = 3,11","versch. Sorten, je 190-g-Becher",Nein,2026-04-13 bis 2026-04-19,2026-04-13,2026-04-19,../images/rewe/bamberg_offer_048.jpg,"cat_molkerei_kaese,sub_milchprodukte",bamberg,,,ref_000150,obs_0000014366|obs_0000002161|obs_0000017587|obs_0000027914|obs_0000034107|obs_0000031128|obs_0000013231|obs_0000025025|obs_0000011773|obs_0000026346|obs_0000010055|obs_0000009604|obs_0000002449|obs_0000015382|obs_0000013586|obs_0000007762|obs_0000005900|obs_0000032203|obs_0000007148|obs_0000012336|obs_0000017969|obs_0000004175|obs_0000016979|obs_0000009845|obs_0000014488|obs_0000006809|obs_0000022199|obs_0000009519|obs_0000017731|obs_0000010617|obs_0000018839|obs_0000005029|obs_0000015792|obs_0000000443|obs_0000006112|obs_0000018932|obs_0000004602,obs_0000014366|obs_0000007762|obs_0000002161|obs_0000017587|obs_0000027914|obs_0000005900|obs_0000034107|obs_0000031128|obs_0000013231|obs_0000025025|obs_0000032203|obs_0000007148|obs_0000011773,,
Frische Bio Alpenmilch oder Haltbare Bio Alpenmilch,Berchtesgadener Land,"€ 1,29",,"pro Einheit = 1,29","pro Einheit = 1,29","3,5% Fett, je 1-l-Pckg.",Nein,2026-04-13 bis 2026-04-19,2026-04-13,2026-04-19,../images/rewe/bamberg_offer_049.jpg,"cat_molkerei_kaese,diet_lactose_free,diet_vegetarian,sub_fleischersatz,sub_kaese,sub_milchprodukte,tag_high_protein",bamberg,,,ref_000151,obs_0000030112|obs_0000030476|obs_0000033767|obs_0000035112|obs_0000005542|obs_0000017303|obs_0000008635|obs_0000027727|obs_0000031782,obs_0000030112|obs_0000030476,,
Allgäuer Limburger,St. Mang,"€ 1,99",,"1 kg = 9,95","1 kg = 9,95","Weichkäse, 40% Fett i.Tr., je 200-g-Pckg.",Nein,2026-04-13 bis 2026-04-19,2026-04-13,2026-04-19,../images/rewe/bamberg_offer_050.jpg,"cat_molkerei_kaese,diet_gluten_free,diet_lactose_free,diet_vegan,diet_vegetarian,sub_exoten,sub_frisches_obst,tag_whole_food",bamberg,,,ref_000152,obs_0000029800|obs_0000029834|obs_0000006793|obs_0000005161|obs_0000006097|obs_0000028299,obs_0000028299|obs_0000029800,x,
Bio-Alpenbutter,Berchtesgadener Land,"€ 2,99",,"1 kg = 11,96","1 kg = 11,96","mild gesäuert, je 250-g-Pckg.",Nein,2026-04-13 bis 2026-04-19,2026-04-13,2026-04-19,../images/rewe/bamberg_offer_051.jpg,"cat_molkerei_kaese,diet_vegetarian,sub_butter_margarine,sub_milchprodukte",bamberg,,,ref_000153,,,,
Kaerg rden,Arla,"€ 1,59",,"1 kg = 7,95","1 kg = 7,95","versch. Sorten, je 200-g-Becher",Nein,2026-04-13 bis 2026-04-19,2026-04-13,2026-04-19,../images/rewe/bamberg_offer_052.jpg,"cat_molkerei_kaese,diet_vegetarian,sub_butter_margarine,sub_milchprodukte,tag_ultra_processed",bamberg,,,ref_000154,obs_0000032200|obs_0000030448,obs_0000028612|obs_0000032200|obs_0000028499|obs_0000030448,,
Sandwich Scheiben Gouda,Hochland,"€ 1,79",,"1 kg = 11,93","1 kg = 11,93","Schmelzkäse, 45% Fett i.Tr., je 150-g-Pckg.",Nein,2026-04-13 bis 2026-04-19,2026-04-13,2026-04-19,../images/rewe/bamberg_offer_053.jpg,"cat_molkerei_kaese,diet_vegan,diet_vegetarian,sub_kaese,sub_milchprodukte,tag_whole_food",bamberg,,,ref_000155,obs_0000030501|obs_0000028784|obs_0000026140|obs_0000024644|obs_0000024229|obs_0000023804|obs_0000016746|obs_0000025532|obs_0000016389|obs_0000012342|obs_0000021569|obs_0000014517|obs_0000034978|obs_0000028379|obs_0000017155|obs_0000020750|obs_0000031017|obs_0000025059,obs_0000028784|obs_0000030501,x,
Grillkäse,Rougette,"€ 2,69",,"1 kg = 14,94","1 kg = 14,94","versch. Sorten, je 180-g-Pckg.",Nein,2026-04-13 bis 2026-04-19,2026-04-13,2026-04-19,../images/rewe/bamberg_offer_054.jpg,"cat_molkerei_kaese,sub_kaese,sub_milchprodukte",bamberg,,,ref_000156,obs_0000008323|obs_0000014261|obs_0000025177,obs_0000008323|obs_0000014261,,
Schaf- oder Ziegenkäse,Gazi,"€ 2,19",,"1 kg = 14,60","1 kg = 14,60","50% Fett i.Tr., je 150-g-Pckg.",Nein,2026-04-13 bis 2026-04-19,2026-04-13,2026-04-19,../images/rewe/bamberg_offer_068.jpg,"cat_molkerei_kaese,diet_gluten_free,diet_lactose_free,diet_vegan,sub_kaese,sub_milchprodukte,tag_ultra_processed",bamberg,,,ref_000157,obs_0000002734|obs_0000031660|obs_0000024014|obs_0000011888|obs_0000024434|obs_0000034779,,x,
Demeter Bio Kefir,Berchtesgadener Land,"€ 0,99",,"1 kg = 2,48","1 kg = 2,48",je 400-g-Pckg.,Nein,2026-04-13 bis 2026-04-19,2026-04-13,2026-04-19,../images/rewe/bamberg_offer_067.jpg,"cat_molkerei_kaese,diet_gluten_free,diet_lactose_free,diet_vegan,diet_vegetarian,sub_milchprodukte,tag_whole_food",bamberg,,,ref_000158,obs_0000008169|obs_0000031188|obs_0000034195|obs_0000034788|obs_0000029890|obs_0000011046,obs_0000031188,,
Buttermilch oder Kefir Drink,Milram,"€ 1,29",,"1 kg = 1,72","1 kg = 1,72",je 750-g-Pckg.,Nein,2026-04-13 bis 2026-04-19,2026-04-13,2026-04-19,../images/rewe/bamberg_offer_066.jpg,"cat_molkerei_kaese,diet_vegetarian,sub_butter_margarine,sub_kaese,sub_milchprodukte,tag_ultra_processed",bamberg,,,ref_000159,obs_0000025524|obs_0000026743|obs_0000020831|obs_0000021650|obs_0000006452|obs_0000026421|obs_0000011046,,,
Kräuter-Butter,Meggle,"€ 1,49",,"1 kg = 11,92","1 kg = 11,92",je 125-g-Rolle,Nein,2026-04-13 bis 2026-04-19,2026-04-13,2026-04-19,../images/rewe/bamberg_offer_065.jpg,"cat_molkerei_kaese,diet_vegetarian,sub_butter_margarine,sub_milchprodukte",bamberg,,BLS-Y790160,ref_000160,obs_0000009961|obs_0000009500|obs_0000025201|obs_0000021206|obs_0000020387|obs_0000015797|obs_0000008456|obs_0000011042|obs_0000012797|obs_0000032300|obs_0000032048|obs_0000003591|obs_0000012814|obs_0000019493|obs_0000031786|obs_0000024620|obs_0000003636|obs_0000002620|obs_0000000107|obs_0000002676|obs_0000000636|obs_0000010409|obs_0000034970|obs_0000003267|obs_0000011467|obs_0000018644|obs_0000002274|obs_0000009967|obs_0000026359|obs_0000002843|obs_0000009506|obs_0000011054|obs_0000034623|obs_0000013125|obs_0000001352|obs_0000018772|obs_0000008556|obs_0000009075|obs_0000027517|obs_0000001425|obs_0000027049|obs_0000017835|obs_0000013754|obs_0000018391|obs_0000021984|obs_0000000997|obs_0000022502,obs_0000032300|obs_0000025201|obs_0000021206|obs_0000009961|obs_0000009500|obs_0000032048|obs_0000020387,,
Koch- Sahne,Weihenstephan,"€ 1,29",,"1 kg = 5,16","1 kg = 5,16",je 250-g-Pckg.,Nein,2026-04-13 bis 2026-04-19,2026-04-13,2026-04-19,../images/rewe/bamberg_offer_064.jpg,"cat_molkerei_kaese,diet_gluten_free,diet_vegetarian,sub_joghurt_skyr_quark,sub_milchprodukte,sub_sahne_creme",bamberg,,,ref_000161,,,,
Schinken Nuggetz,Reinert,"€ 1,99",,"1 kg = 13,27","1 kg = 13,27","herzhaft oder extra mager, je 150-g-Pckg.",Nein,2026-04-13 bis 2026-04-19,2026-04-13,2026-04-19,../images/rewe/bamberg_offer_063.jpg,"cat_molkerei_kaese,diet_gluten_free,diet_lactose_free,diet_vegan,diet_vegetarian,sub_schwein,sub_wurst,tag_ultra_processed,tag_whole_food",bamberg,,,ref_000162,obs_0000029826|obs_0000031186|obs_0000009917|obs_0000009453|obs_0000008017|obs_0000034179|obs_0000034378|obs_0000028387|obs_0000016624|obs_0000017657,obs_0000029826|obs_0000009917|obs_0000009453|obs_0000008017|obs_0000034179|obs_0000031186,x,
Kalbsfilet,Keine Marke,"€ 4,44",,"pro Einheit = 4,44","pro Einheit = 4,44",je 100-g-,Nein,2026-04-13 bis 2026-04-19,2026-04-13,2026-04-19,../images/rewe/bamberg_offer_037.jpg,"cat_fisch_meeresfruechte,diet_gluten_free,diet_lactose_free,diet_vegan,diet_vegetarian,sub_rind,tag_high_protein,tag_proteinreich,tag_whole_food",bamberg,,BLS-U333100,ref_000163,,,,
Rahmjoghurt,Weihenstephan,"€ 0,49",,"1 kg = 3,27","1 kg = 3,27","versch. Sorten, je 150-g-Becher",Nein,2026-04-13 bis 2026-04-19,2026-04-13,2026-04-19,../images/rewe/bamberg_offer_062.jpg,"cat_molkerei_kaese,diet_gluten_free,diet_vegetarian,sub_joghurt_skyr_quark,sub_milchprodukte",bamberg,,,ref_000164,obs_0000001426|obs_0000010914|obs_0000017291,obs_0000017291|obs_0000001426|obs_0000010914,,
Quark Genuss,Exquisa,"€ 1,49",,"1 kg = 2,98","1 kg = 2,98","versch. Sorten, je 500-g-Becher",Nein,2026-04-13 bis 2026-04-19,2026-04-13,2026-04-19,../images/rewe/bamberg_offer_060.jpg,"cat_molkerei_kaese,diet_gluten_free,diet_lactose_free,diet_vegan,diet_vegetarian,sub_joghurt_skyr_quark,sub_milchprodukte,tag_whole_food",bamberg,,,ref_000165,obs_0000031131|obs_0000032206|obs_0000030185|obs_0000012313|obs_0000028704|obs_0000028581|obs_0000009674|obs_0000009191|obs_0000018570|obs_0000022069|obs_0000022883|obs_0000012798|obs_0000001925|obs_0000027712|obs_0000008669|obs_0000010624,obs_0000012313|obs_0000031131|obs_0000028704|obs_0000028581|obs_0000009674|obs_0000032206|obs_0000009191|obs_0000030185,x,
Bio-Graved Lachs oder Bio-Lachs,Meine Lieblinge,"€ 3,69",,"1 kg = 46,13","1 kg = 46,13",je 80-g-Pckg.,Nein,2026-04-13 bis 2026-04-19,2026-04-13,2026-04-19,../images/rewe/bamberg_offer_059.jpg,"cat_molkerei_kaese,diet_lactose_free,tag_high_protein,tag_proteinreich",bamberg,,,ref_000166,obs_0000030170|obs_0000014976|obs_0000018883|obs_0000033739|obs_0000034939,obs_0000030170,,
Vegane Fleischalternative,Greenforce,"€ 2,49",,"1 kg = 13,83","1 kg = 13,83","versch. Sorten, je 180-g-Pckg.",Nein,2026-04-13 bis 2026-04-19,2026-04-13,2026-04-19,../images/rewe/bamberg_offer_058.jpg,"cat_molkerei_kaese,diet_gluten_free,diet_lactose_free,diet_vegan,diet_vegetarian,sub_fleischersatz",bamberg,,,ref_000167,obs_0000029450|obs_0000030144|obs_0000030800|obs_0000028325|obs_0000031421|obs_0000031984|obs_0000029452|obs_0000032539,obs_0000029450|obs_0000030144,x,
Iced Coffee,Mövenpick,"€ 0,99",,"1 l = 4,50","1 l = 4,50","koffeinhaltig, versch. Sorten, je 220-ml-Becher",Nein,2026-04-13 bis 2026-04-19,2026-04-13,2026-04-19,../images/rewe/bamberg_offer_057.jpg,"cat_molkerei_kaese,diet_gluten_free,diet_lactose_free,diet_vegan,diet_vegetarian,tag_ultra_processed",bamberg,,,ref_000168,obs_0000008786|obs_0000029398|obs_0000009938|obs_0000009475|obs_0000033100|obs_0000009089,,,
Naturjoghurt,Weihenstephan,"€ 0,99",,"1 kg = 1,98","1 kg = 1,98","versch. Sorten, je 500-g-Becher",Nein,2026-04-13 bis 2026-04-19,2026-04-13,2026-04-19,../images/rewe/bamberg_offer_056.jpg,"cat_molkerei_kaese,diet_gluten_free,diet_vegetarian,sub_joghurt_skyr_quark,sub_milchprodukte",bamberg,,,ref_000169,obs_0000001182|obs_0000002719|obs_0000022886|obs_0000031862|obs_0000000260|obs_0000004743|obs_0000003889|obs_0000004316|obs_0000000898|obs_0000004868|obs_0000004014|obs_0000000831|obs_0000026563|obs_0000000339|obs_0000004441|obs_0000025190|obs_0000032548|obs_0000005345|obs_0000007153,obs_0000000260|obs_0000004743|obs_0000001182|obs_0000002719|obs_0000032548|obs_0000003889|obs_0000004316|obs_0000022886|obs_0000031862,,
Finello Reibekäse,Arla,"€ 1,49",,"1 kg = 9,93","1 kg = 9,93","versch. Sorten, je 150-g-Pckg.",Nein,2026-04-13 bis 2026-04-19,2026-04-13,2026-04-19,../images/rewe/bamberg_offer_055.jpg,"cat_molkerei_kaese,sub_kaese,sub_milchprodukte,tag_ultra_processed",bamberg,,,ref_000170,obs_0000026544|obs_0000027614|obs_0000033880|obs_0000012807|obs_0000010922|obs_0000005021|obs_0000008365|obs_0000000437|obs_0000003383|obs_0000004167|obs_0000004594,obs_0000026544|obs_0000027614,,
Allgäuer Hof Bio Bergkäse,Keine Marke,"€ 3,29",,"1 kg = 21,93","1 kg = 21,93",je 150-g-Pckg.,Nein,2026-04-13 bis 2026-04-19,2026-04-13,2026-04-19,../images/rewe/bamberg_offer_061.jpg,"cat_molkerei_kaese,diet_gluten_free,diet_lactose_free,diet_vegan,diet_vegetarian,sub_kaese,sub_milchprodukte,tag_whole_food",bamberg,,,ref_000171,obs_0000033758|obs_0000034282|obs_0000008766|obs_0000033971|obs_0000022817|obs_0000022831|obs_0000016093,,,
Duroc Schweinebraten,Keine Marke,"€ 1,99",,"pro Einheit = 1,99","pro Einheit = 1,99","aus dem Nacken, je 100-g-",Nein,2026-04-13 bis 2026-04-19,2026-04-13,2026-04-19,../images/rewe/bamberg_offer_036.jpg,"cat_fleisch_wurst,diet_gluten_free,diet_lactose_free,diet_vegan,diet_vegetarian,sub_frisches_gemuese,sub_schwein,tag_whole_food",bamberg,,,ref_000172,obs_0000011777|obs_0000018217|obs_0000008953,,,
Frisches Hähnchenbrustfilet,Keine Marke,"€ 1,59",,"pro Einheit = 1,59","pro Einheit = 1,59",je 100-g-,Nein,2026-04-13 bis 2026-04-19,2026-04-13,2026-04-19,../images/rewe/bamberg_offer_035.jpg,"cat_fleisch_wurst,diet_gluten_free,diet_lactose_free,sub_gefluegel,tag_high_protein,tag_proteinreich,tag_whole_food",bamberg,,,ref_000173,obs_0000027673|obs_0000026273|obs_0000010961|obs_0000005613|obs_0000002542,obs_0000029186|obs_0000030219|obs_0000031243|obs_0000030256|obs_0000030925|obs_0000030952|obs_0000029597|obs_0000031200,,
Strohschwein Krustenbraten,Keine Marke,"€ 0,66",,"pro Einheit = 0,66","pro Einheit = 0,66","aus der Schulter, je 100-g-",Nein,2026-04-13 bis 2026-04-19,2026-04-13,2026-04-19,../images/rewe/bamberg_offer_034.jpg,"cat_fleisch_wurst,diet_gluten_free,diet_lactose_free,sub_schwein,tag_ultra_processed,tag_whole_food",bamberg,,,ref_000174,obs_0000030099|obs_0000030788|obs_0000031464|obs_0000015780|obs_0000013284,obs_0000030099|obs_0000030788|obs_0000031464,,
Spargel-Kartoffeln,Keine Marke,"€ 1,79",,"1 kg = 1,19","1 kg = 1,19","Ursprung, Sorte und Kocheigenschaft: siehe Etikett, Qualität I, je 1,5-kg-Btl.",Nein,2026-04-13 bis 2026-04-19,2026-04-13,2026-04-19,../images/rewe/bamberg_offer_015.jpg,"cat_obst_gemuese,diet_gluten_free,diet_lactose_free,diet_vegan,diet_vegetarian,sub_frisches_gemuese,sub_kartoffeln,tag_ultra_processed,tag_whole_food",bamberg,,,ref_000175,,,,
Rote Tafeläpfel,Keine Marke,"€ 2,49",,"pro Einheit = 2,49","pro Einheit = 2,49","»Cripps Pink«, Kl. I, je 1 / 1-kg-Schale",Nein,2026-04-13 bis 2026-04-19,2026-04-13,2026-04-19,../images/rewe/bamberg_offer_014.jpg,"cat_obst_gemuese,diet_gluten_free,diet_lactose_free,diet_vegan,diet_vegetarian,sub_frisches_gemuese,sub_frisches_obst,tag_whole_food",bamberg,,,ref_000176,obs_0000029712|obs_0000031770|obs_0000030963|obs_0000031476|obs_0000029944|obs_0000029483|obs_0000030090|obs_0000029594|obs_0000031139|obs_0000031229|obs_0000029133|obs_0000030819|obs_0000030914|obs_0000028684|obs_0000032327|obs_0000005704|obs_0000028564,obs_0000029712|obs_0000031770|obs_0000030963|obs_0000031476|obs_0000029944|obs_0000029483|obs_0000030090|obs_0000029594|obs_0000031139|obs_0000031229|obs_0000029133,,
Rucola,Keine Marke,"€ 0,75",,"1 kg = 6,00","1 kg = 6,00","Kl. I, je 125-g-Schale",Nein,2026-04-13 bis 2026-04-19,2026-04-13,2026-04-19,../images/rewe/bamberg_offer_013.jpg,"cat_getraenke,diet_gluten_free,diet_lactose_free,diet_vegan,diet_vegetarian,sub_frisches_obst,tag_ultra_processed,tag_whole_food",bamberg,,BLS-G130100,ref_000177,obs_0000001300|obs_0000031672|obs_0000030142|obs_0000001874|obs_0000033923|obs_0000029203|obs_0000029500|obs_0000032072|obs_0000028749|obs_0000034818|obs_0000015263|obs_0000013257|obs_0000012651|obs_0000031503|obs_0000005712|obs_0000029021|obs_0000005890|obs_0000005895|obs_0000005708,obs_0000001300|obs_0000031672|obs_0000030142|obs_0000001874,,
Gorgonzola,Galbani,"€ 1,69",,"pro Einheit = 1,69","pro Einheit = 1,69","ital. Weichkäse mit Blauschimmel, 48% Fett i.Tr., je 100-g-",Nein,2026-04-13 bis 2026-04-19,2026-04-13,2026-04-19,../images/rewe/bamberg_offer_012.jpg,"cat_molkerei_kaese,diet_gluten_free,diet_lactose_free,diet_vegan,diet_vegetarian,sub_kaese,sub_milchprodukte,tag_whole_food",bamberg,,,ref_000178,obs_0000034570|obs_0000000281|obs_0000003100|obs_0000008093|obs_0000004775|obs_0000003921|obs_0000033759|obs_0000003568|obs_0000004348,,x,
Pastasauce,Rewe Beste Wahl,"€ 1,49",,"1 kg = 7,45","1 kg = 7,45","Tomaten-Basilikum, je 200-g-Btl.",Nein,2026-04-13 bis 2026-04-19,2026-04-13,2026-04-19,../images/rewe/bamberg_offer_010.jpg,"cat_grundnahrung,diet_gluten_free,diet_lactose_free,diet_vegan,diet_vegetarian,tag_whole_food",bamberg,,,ref_000179,obs_0000026636|obs_0000034835|obs_0000033694|obs_0000010702|obs_0000005178|obs_0000005745|obs_0000005748|obs_0000007364|obs_0000007365,obs_0000026636|obs_0000034835|obs_0000033694|obs_0000010702,,x
Dunkle Pflaumen,Keine Marke,"€ 3,33",,"pro Einheit = 3,33","pro Einheit = 3,33","Sorte: siehe Etikett, Kl. I, je 1-kg-",Nein,2026-04-13 bis 2026-04-19,2026-04-13,2026-04-19,../images/rewe/bamberg_offer_016.jpg,"cat_obst_gemuese,diet_gluten_free,diet_lactose_free,diet_vegan,diet_vegetarian,sub_frisches_obst,tag_whole_food",bamberg,,,ref_000180,obs_0000030569|obs_0000031475|obs_0000009067|obs_0000027247,obs_0000030569|obs_0000031475,,
Pelmeni Teigtaschen mit Putenfleisch,Dovgan,"€ 1,99",,"1 kg = 3,98","1 kg = 3,98","tiefgefroren, je 500-g-Btl.",Nein,2026-04-13 bis 2026-04-19,2026-04-13,2026-04-19,../images/rewe/bamberg_offer_005.jpg,"cat_fleisch_wurst,sub_gefluegel,sub_tk_fertiggerichte",bamberg,,,ref_000181,obs_0000008386,,,
Körniger Bio-Frischkäse,Andechser Natur,"€ 1,49",,"1 kg = 7,45","1 kg = 7,45",je 200-g-Becher,Nein,2026-04-13 bis 2026-04-19,2026-04-13,2026-04-19,../images/rewe/bamberg_offer_069.jpg,"cat_molkerei_kaese,diet_vegetarian,sub_joghurt_skyr_quark,sub_kaese,sub_milchprodukte",bamberg,,,ref_000182,obs_0000031499|obs_0000000666|obs_0000033993|obs_0000031907|obs_0000008311|obs_0000009275|obs_0000001493|obs_0000009739|obs_0000026562|obs_0000018437|obs_0000002331|obs_0000002443|obs_0000003254|obs_0000022111|obs_0000030188|obs_0000010634|obs_0000011477|obs_0000019964|obs_0000030175|obs_0000022581|obs_0000030858|obs_0000023770|obs_0000024194|obs_0000024882|obs_0000000519|obs_0000016946|obs_0000025259|obs_0000017482|obs_0000017513|obs_0000009596|obs_0000017894|obs_0000018043|obs_0000010048|obs_0000026675|obs_0000018636|obs_0000018668|obs_0000002951|obs_0000019362|obs_0000027893|obs_0000019721|obs_0000003481|obs_0000028302|obs_0000020143|obs_0000020962|obs_0000022149|obs_0000022250|obs_0000022312|obs_0000022604|obs_0000023986|obs_0000024407,obs_0000008311|obs_0000000666|obs_0000009275|obs_0000033993|obs_0000009739|obs_0000026562|obs_0000018437|obs_0000002331|obs_0000002443|obs_0000003254|obs_0000030188|obs_0000022111|obs_0000031499,,
Kernlose Tafeltrauben,Keine Marke,"€ 4,99",,"pro Einheit = 4,99","pro Einheit = 4,99","Sorte: siehe Etikett, Kl. I, je 1-kg-",Nein,2026-04-13 bis 2026-04-19,2026-04-13,2026-04-19,../images/rewe/bamberg_offer_017.jpg,"cat_obst_gemuese,diet_gluten_free,diet_lactose_free,diet_vegan,diet_vegetarian,sub_frisches_obst,tag_whole_food",bamberg,,,ref_000183,obs_0000029586|obs_0000029122|obs_0000031474|obs_0000031873|obs_0000008710|obs_0000014088|obs_0000009624|obs_0000028835|obs_0000028335|obs_0000028721|obs_0000008765|obs_0000010312|obs_0000008527|obs_0000008792|obs_0000010211,obs_0000029586|obs_0000029122|obs_0000031474,,
Bio Avocado,Keine Marke,"€ 1,59",,"pro Einheit = 1,59","pro Einheit = 1,59","»Hass«, Kl. II, je 1-St.",Nein,2026-04-13 bis 2026-04-19,2026-04-13,2026-04-19,../images/rewe/bamberg_offer_019.jpg,"cat_obst_gemuese,diet_gluten_free,diet_lactose_free,diet_vegan,diet_vegetarian,sub_exoten,sub_frisches_gemuese,sub_frisches_obst,tag_ultra_processed,tag_whole_food",bamberg,,,ref_000184,obs_0000033717|obs_0000034744|obs_0000028796|obs_0000030124|obs_0000030212|obs_0000030257|obs_0000030466|obs_0000030959|obs_0000032517|obs_0000000058|obs_0000008728|obs_0000000694|obs_0000017166|obs_0000001305|obs_0000034105|obs_0000034516|obs_0000018748|obs_0000027541|obs_0000027854|obs_0000020117|obs_0000029123|obs_0000020936|obs_0000029201|obs_0000014073|obs_0000030562|obs_0000000895,obs_0000033717|obs_0000034744|obs_0000028796|obs_0000030124|obs_0000030212|obs_0000030257|obs_0000030466|obs_0000030959|obs_0000032517,,
Cafeteria fein sahnig Erdbeer Joghurt,Coppenrath Wiese,"€ 3,49",,"1 kg = 5,82","1 kg = 5,82","tiefgefroren, je 600-g-Pckg.",Nein,2026-04-13 bis 2026-04-19,2026-04-13,2026-04-19,../images/rewe/bamberg_offer_141.jpg,"cat_tiefkuehl,diet_vegetarian,sub_joghurt_skyr_quark,sub_milchprodukte,sub_sahne_creme",bamberg,,,ref_000185,obs_0000013546|obs_0000012674|obs_0000014357|obs_0000035124,,,
Lammlach oder Lammfilet,Keine Marke,"€ 3,79",,"pro Einheit = 3,79","pro Einheit = 3,79","natur oder mariniert, je 100-g-",Nein,2026-04-13 bis 2026-04-19,2026-04-13,2026-04-19,../images/rewe/bamberg_offer_032.jpg,"cat_fisch_meeresfruechte,diet_gluten_free,diet_lactose_free,tag_ultra_processed",bamberg,,,ref_000186,obs_0000030786|obs_0000031454,obs_0000030786|obs_0000031454,,
Sartori Bellavitano Espresso,Keine Marke,"€ 2,99",,"pro Einheit = 2,99","pro Einheit = 2,99","Hartkäse aus den USA, 45% Fett i.Tr., je 100-g-",Nein,2026-04-13 bis 2026-04-19,2026-04-13,2026-04-19,../images/rewe/bamberg_offer_031.jpg,"cat_obst_gemuese,diet_gluten_free,diet_lactose_free,diet_vegan,diet_vegetarian,tag_ultra_processed,tag_whole_food",bamberg,,,ref_000187,,,,
Schwarzwälder Schinken g g A,Adler,"€ 1,49",,"pro Einheit = 1,49","pro Einheit = 1,49","aus dem Kernstück, je 100-g-",Nein,2026-04-13 bis 2026-04-19,2026-04-13,2026-04-19,../images/rewe/bamberg_offer_030.jpg,"cat_fleisch_wurst,sub_schwein,sub_wurst,tag_ultra_processed",bamberg,,BLS-W442000,ref_000188,obs_0000031183|obs_0000007217|obs_0000001644|obs_0000014479|obs_0000007844|obs_0000033965|obs_0000028343|obs_0000011450|obs_0000027841|obs_0000010447|obs_0000026362|obs_0000005410|obs_0000002630|obs_0000011855|obs_0000004753|obs_0000004326|obs_0000003311|obs_0000003899|obs_0000025522|obs_0000019960|obs_0000034378|obs_0000029286|obs_0000028387|obs_0000016624|obs_0000030964|obs_0000017657|obs_0000006532,obs_0000031183,,
Käsekrainer oder Debrecziner,Berger,"€ 1,19",,"pro Einheit = 1,19","pro Einheit = 1,19",je 100-g-,Nein,2026-04-13 bis 2026-04-19,2026-04-13,2026-04-19,../images/rewe/bamberg_offer_029.jpg,"cat_getraenke,diet_lactose_free,sub_kaese,tag_ultra_processed",bamberg,,,ref_000189,obs_0000029809|obs_0000032594|obs_0000030459|obs_0000006862|obs_0000027546|obs_0000005788,obs_0000029809|obs_0000032594,x,
Schiller Stroschwein Gelbwurst,Keine Marke,"€ 0,99",,"pro Einheit = 0,99","pro Einheit = 0,99","mit oder ohne Petersilie, je 100-g-",Nein,2026-04-13 bis 2026-04-19,2026-04-13,2026-04-19,../images/rewe/bamberg_offer_028.jpg,"cat_fleisch_wurst,sub_schwein,sub_wurst,tag_ultra_processed",bamberg,,,ref_000190,obs_0000015364|obs_0000028782|obs_0000008832,obs_0000029870|obs_0000031547,,
Orangen,Keine Marke,"€ 2,49",,"1 kg = 1,66","1 kg = 1,66","Sorte: siehe Etikett, Kl. I, je 1,5-kg-Netz",Nein,2026-04-13 bis 2026-04-19,2026-04-13,2026-04-19,../images/rewe/bamberg_offer_018.jpg,"cat_obst_gemuese,diet_gluten_free,diet_lactose_free,diet_vegan,diet_vegetarian,sub_exoten,sub_frisches_obst,tag_ultra_processed,tag_whole_food",bamberg,,BLS-F603100,ref_000191,obs_0000031118|obs_0000024463|obs_0000028048|obs_0000008977|obs_0000021906|obs_0000028056|obs_0000014361|obs_0000029592|obs_0000024992|obs_0000025768|obs_0000019119|obs_0000008755|obs_0000010164|obs_0000034743|obs_0000026554|obs_0000009787|obs_0000032059|obs_0000032323|obs_0000016457|obs_0000029131|obs_0000027858|obs_0000027355|obs_0000029277|obs_0000009316|obs_0000030565|obs_0000030827|obs_0000017005|obs_0000031473|obs_0000029823|obs_0000034315|obs_0000033934|obs_0000001301|obs_0000029591|obs_0000014877|obs_0000030120|obs_0000031152|obs_0000033716|obs_0000026166|obs_0000033854|obs_0000012742|obs_0000010184|obs_0000015310|obs_0000025425|obs_0000006483|obs_0000016210|obs_0000015711|obs_0000010976|obs_0000013417|obs_0000034020|obs_0000027756,obs_0000031118|obs_0000024463|obs_0000028048|obs_0000008977|obs_0000021906|obs_0000028056|obs_0000014361|obs_0000029592|obs_0000024992|obs_0000025768|obs_0000019119|obs_0000008755|obs_0000010164|obs_0000034743|obs_0000026554|obs_0000009787|obs_0000032059|obs_0000032323|obs_0000016457|obs_0000029131|obs_0000027858|obs_0000027355|obs_0000029277|obs_0000009316|obs_0000030565|obs_0000030827|obs_0000017005|obs_0000031473|obs_0000029823,,
Strohschwein Tomahawk Kotelett,Keine Marke,"€ 0,89",,"pro Einheit = 0,89","pro Einheit = 0,89",je 100-g-,Nein,2026-04-13 bis 2026-04-19,2026-04-13,2026-04-19,../images/rewe/bamberg_offer_027.jpg,"cat_fleisch_wurst,diet_gluten_free,diet_lactose_free,diet_vegan,diet_vegetarian,sub_frisches_gemuese,sub_schwein,tag_ultra_processed,tag_whole_food",bamberg,,,ref_000192,,,,
Cantaloupemelone,Keine Marke,"€ 2,22",,"pro Einheit = 2,22","pro Einheit = 2,22","Kl. I, je 1-kg-",Nein,2026-04-13 bis 2026-04-19,2026-04-13,2026-04-19,../images/rewe/bamberg_offer_025.jpg,"cat_obst_gemuese,diet_gluten_free,diet_lactose_free,diet_vegan,diet_vegetarian,sub_exoten,sub_frisches_obst,tag_ultra_processed,tag_whole_food",bamberg,,,ref_000193,obs_0000013562,,,
Bio Ingwer,Keine Marke,"€ 0,49",,"pro Einheit = 0,49","pro Einheit = 0,49",je 100-g-,Nein,2026-04-13 bis 2026-04-19,2026-04-13,2026-04-19,../images/rewe/bamberg_offer_024.jpg,"cat_obst_gemuese,diet_gluten_free,diet_lactose_free,diet_vegan,diet_vegetarian,sub_exoten,sub_frisches_gemuese,sub_frisches_obst,tag_whole_food",bamberg,,,ref_000194,obs_0000018532|obs_0000027116|obs_0000019159|obs_0000029134|obs_0000030103|obs_0000024994|obs_0000000896|obs_0000001073|obs_0000034651|obs_0000010970|obs_0000020545|obs_0000021364|obs_0000021779|obs_0000015322|obs_0000033839|obs_0000034135|obs_0000028059|obs_0000029948|obs_0000006223|obs_0000023232|obs_0000007272|obs_0000007992,obs_0000018532|obs_0000027116|obs_0000019159|obs_0000029134|obs_0000030103,,
Himbeeren,Keine Marke,"€ 1,99",,"1 kg = 15,92","1 kg = 15,92","Kl. I, je 125-g-Schale",Nein,2026-04-13 bis 2026-04-19,2026-04-13,2026-04-19,../images/rewe/bamberg_offer_022.jpg,"cat_obst_gemuese,diet_gluten_free,diet_lactose_free,diet_vegan,diet_vegetarian,sub_exoten,sub_frisches_obst,tag_whole_food",bamberg,,BLS-F302100,ref_000195,obs_0000032513|obs_0000030214|obs_0000006412|obs_0000000524|obs_0000029585|obs_0000027154|obs_0000029205|obs_0000013981|obs_0000030130|obs_0000030258|obs_0000026169|obs_0000032322|obs_0000029127|obs_0000026967|obs_0000016741|obs_0000010473|obs_0000000498|obs_0000001270|obs_0000028022|obs_0000029817|obs_0000005511|obs_0000002727|obs_0000005696|obs_0000005315|obs_0000005328|obs_0000002907|obs_0000007521|obs_0000007532|obs_0000010894|obs_0000011789|obs_0000030995|obs_0000010921|obs_0000006959|obs_0000030324|obs_0000007799|obs_0000030428|obs_0000007801|obs_0000005894,obs_0000032513|obs_0000030214|obs_0000006412|obs_0000000524|obs_0000029585|obs_0000027154|obs_0000029205|obs_0000013981|obs_0000030130|obs_0000030258|obs_0000026169|obs_0000032322|obs_0000029127|obs_0000026967|obs_0000016741|obs_0000010473|obs_0000000498|obs_0000001270|obs_0000028022|obs_0000029817,,
Lauchzwiebeln,Keine Marke,"€ 0,69",,"pro Einheit = 0,69","pro Einheit = 0,69",je 1-Bund,Nein,2026-04-13 bis 2026-04-19,2026-04-13,2026-04-19,../images/rewe/bamberg_offer_021.jpg,"cat_obst_gemuese,diet_gluten_free,diet_lactose_free,diet_vegan,diet_vegetarian,sub_frisches_gemuese,tag_whole_food",bamberg,,,ref_000196,obs_0000014337|obs_0000030823|obs_0000029496|obs_0000006078|obs_0000011753|obs_0000013256,obs_0000014337|obs_0000030823|obs_0000029496|obs_0000006078,,
Rispentomaten,Keine Marke,"€ 2,99",,"1 kg = 4,60","1 kg = 4,60","Kl. I, je 650-g-Schale",Nein,2026-04-13 bis 2026-04-19,2026-04-13,2026-04-19,../images/rewe/bamberg_offer_020.jpg,"cat_obst_gemuese,diet_gluten_free,diet_lactose_free,diet_vegan,diet_vegetarian,sub_frisches_gemuese,tag_whole_food",bamberg,,,ref_000197,obs_0000027139|obs_0000027413|obs_0000029590|obs_0000027927|obs_0000013997|obs_0000031578|obs_0000026075|obs_0000008287|obs_0000000876|obs_0000030210|obs_0000026758|obs_0000011399|obs_0000006281|obs_0000008970|obs_0000031628|obs_0000001302|obs_0000028053|obs_0000006427|obs_0000029206|obs_0000012189|obs_0000006431|obs_0000031226|obs_0000030260|obs_0000014134|obs_0000010557|obs_0000029646|obs_0000010451|obs_0000013027|obs_0000030825|obs_0000006270|obs_0000032515|obs_0000030469|obs_0000029204|obs_0000031140|obs_0000030614|obs_0000030141|obs_0000030918|obs_0000029129|obs_0000006783|obs_0000029645|obs_0000015321|obs_0000007136|obs_0000031461|obs_0000030568|obs_0000030961|obs_0000007312|obs_0000005527|obs_0000007325|obs_0000012235|obs_0000006608,obs_0000027139|obs_0000027413|obs_0000029590|obs_0000027927|obs_0000013997|obs_0000031578|obs_0000026075|obs_0000008287|obs_0000000876,,
Gelbe Bio Speisezwiebeln,Keine Marke,"€ 1,11",,"1 kg = 1,48","1 kg = 1,48","Kl. II, je 750-g-Netz",Nein,2026-04-13 bis 2026-04-19,2026-04-13,2026-04-19,../images/rewe/bamberg_offer_026.jpg,"cat_obst_gemuese,diet_gluten_free,diet_lactose_free,diet_vegan,diet_vegetarian,sub_frisches_gemuese,sub_frisches_obst,tag_whole_food",bamberg,,,ref_000198,obs_0000029479|obs_0000028321|obs_0000028446|obs_0000031417|obs_0000031727|obs_0000032506|obs_0000031134,obs_0000029479|obs_0000031417|obs_0000032506,,
BayBio Joghurt,Andechser Natur,"€ 1,59",,"1 kg = 3,18","1 kg = 3,18","versch. Sorten, je 500-g-Glas, zzgl. 0,15 € Pfand",Nein,2026-04-13 bis 2026-04-19,2026-04-13,2026-04-19,../images/rewe/bamberg_offer_070.jpg,"cat_molkerei_kaese,diet_vegetarian,sub_joghurt_skyr_quark,sub_milchprodukte,tag_proteinreich",bamberg,,,ref_000199,obs_0000031692|obs_0000021506|obs_0000021508|obs_0000025171|obs_0000026710|obs_0000020687|obs_0000020689|obs_0000025811|obs_0000017127|obs_0000023284|obs_0000034580|obs_0000028966|obs_0000025392|obs_0000015673|obs_0000019794|obs_0000033696|obs_0000009663|obs_0000009180|obs_0000023030|obs_0000008703,obs_0000026121|obs_0000005340|obs_0000031692|obs_0000006618,,
Rinderfilet,Keine Marke,"€ 5,55",,"pro Einheit = 5,55","pro Einheit = 5,55","am Stück oder in Scheiben, je 100-g-",Nein,2026-04-13 bis 2026-04-19,2026-04-13,2026-04-19,../images/rewe/bamberg_offer_033.jpg,"cat_fisch_meeresfruechte,diet_gluten_free,diet_lactose_free,sub_rind,sub_tk_fertiggerichte,tag_proteinreich,tag_ultra_processed,tag_whole_food",bamberg,,,ref_000200,obs_0000009729|obs_0000031469|obs_0000030832|obs_0000028851|obs_0000011445|obs_0000018165|obs_0000019724|obs_0000001638|obs_0000001010|obs_0000001945|obs_0000014910|obs_0000008496,obs_0000009729|obs_0000031469|obs_0000030832|obs_0000028851|obs_0000011445|obs_0000018165,,
Edelcreme Sahne,Adler,"€ 1,49",,"1 kg = 14,90","1 kg = 14,90","Schmelzkäse, 60% Fett i.Tr., je 100-g-Pckg.",Nein,2026-04-13 bis 2026-04-19,2026-04-13,2026-04-19,../images/rewe/bamberg_offer_072.jpg,"cat_molkerei_kaese,sub_milchprodukte,sub_sahne_creme",bamberg,,,ref_000201,obs_0000031528|obs_0000012804|obs_0000015694|obs_0000011760,obs_0000031528,,
Edel-Salami,Aoste,"€ 3,19",,"1 kg = 21,27","1 kg = 21,27","luftgetrocknet, je 150-g-Pckg.",Nein,2026-04-13 bis 2026-04-19,2026-04-13,2026-04-19,../images/rewe/bamberg_offer_119.jpg,"cat_molkerei_kaese,sub_wurst,tag_ultra_processed",bamberg,,,ref_000202,obs_0000026927|obs_0000014923|obs_0000032550|obs_0000002611|obs_0000010316|obs_0000014932|obs_0000019030|obs_0000028273|obs_0000005781|obs_0000003239|obs_0000023205|obs_0000019666|obs_0000016602|obs_0000008425|obs_0000021226|obs_0000003307|obs_0000002285|obs_0000011010|obs_0000025355|obs_0000026898|obs_0000017184|obs_0000007987|obs_0000025934|obs_0000008039|obs_0000016755|obs_0000034176|obs_0000002957|obs_0000020407|obs_0000016328|obs_0000017375|obs_0000031198|obs_0000010234,obs_0000032550|obs_0000026927,,
frei von H-Vollmilch Laktosefrei,REWE,"€ 0,99",,"pro Einheit = 0,99","pro Einheit = 0,99","1,5/3,5% Fett, je 1-l-Pckg.",Nein,2026-04-13 bis 2026-04-19,2026-04-13,2026-04-19,../images/rewe/bamberg_offer_118.jpg,"cat_molkerei_kaese,diet_gluten_free,diet_lactose_free,diet_vegetarian,sub_milchprodukte",bamberg,,,ref_000203,obs_0000024991|obs_0000017187|obs_0000019892|obs_0000020797|obs_0000021616|obs_0000001050|obs_0000031903,obs_0000031733,,
mild-würzig,Appenzeller,"€ 1,99",,"pro Einheit = 1,99","pro Einheit = 1,99","Schweizer Hartkäse, mind. 48% Fett i.Tr., je 100-g-",Nein,2026-04-13 bis 2026-04-19,2026-04-13,2026-04-19,../images/rewe/bamberg_offer_116.jpg,"cat_molkerei_kaese,diet_gluten_free,diet_lactose_free,diet_vegan,diet_vegetarian,sub_kaese,sub_milchprodukte,tag_ultra_processed,tag_whole_food",bamberg,,,ref_000204,obs_0000011897|obs_0000013070|obs_0000015815|obs_0000008426|obs_0000031242|obs_0000012811|obs_0000015395|obs_0000011483|obs_0000011051|obs_0000034288,obs_0000011897|obs_0000013070|obs_0000015815,x,
Internationales Fertiggericht,Youcook,"€ 3,79",,"1 kg = 9,02","1 kg = 9,02","versch. Sorten, je 420-g-Pckg.",Nein,2026-04-13 bis 2026-04-19,2026-04-13,2026-04-19,../images/rewe/bamberg_offer_122.jpg,"cat_non_food,sub_tk_fertiggerichte,tag_ultra_processed",bamberg,,,ref_000205,obs_0000006306|obs_0000023763|obs_0000014071|obs_0000024188|obs_0000029810|obs_0000001537|obs_0000013186|obs_0000010900|obs_0000010919|obs_0000015278|obs_0000012214|obs_0000013632|obs_0000011360|obs_0000023662|obs_0000012670,obs_0000029810,,
Chorizo Griller,Campofrio,"€ 3,19",,"1 kg = 9,67","1 kg = 9,67","mild, je 330-g-Pckg.",Nein,2026-04-13 bis 2026-04-19,2026-04-13,2026-04-19,../images/rewe/bamberg_offer_115.jpg,"cat_molkerei_kaese,diet_gluten_free,diet_lactose_free,diet_vegan,diet_vegetarian,tag_ultra_processed,tag_whole_food",bamberg,,,ref_000206,obs_0000021222|obs_0000008586|obs_0000022226|obs_0000020403,,x,
Müritzer Original,Milram,"€ 0,99",,"pro Einheit = 0,99","pro Einheit = 0,99","Schnittkäse, 55% Fett i.Tr., je 100-g-",Nein,2026-04-13 bis 2026-04-19,2026-04-13,2026-04-19,../images/rewe/bamberg_offer_113.jpg,"cat_molkerei_kaese,sub_kaese,sub_milchprodukte,tag_high_protein,tag_ultra_processed",bamberg,,,ref_000207,obs_0000033685|obs_0000001420|obs_0000011485|obs_0000009636|obs_0000030891|obs_0000028730|obs_0000020611|obs_0000012423|obs_0000006283|obs_0000026772|obs_0000026832|obs_0000028896|obs_0000035052|obs_0000027005|obs_0000027048|obs_0000021000|obs_0000008777|obs_0000021117|obs_0000008906|obs_0000015051|obs_0000021430|obs_0000025547|obs_0000033763|obs_0000017384|obs_0000013325|obs_0000019505|obs_0000031800|obs_0000025705|obs_0000009334|obs_0000015502|obs_0000027791|obs_0000033975|obs_0000021758|obs_0000009525|obs_0000021868|obs_0000017799|obs_0000026035|obs_0000022184|obs_0000020181|obs_0000034561|obs_0000009987|obs_0000028429|obs_0000034575|obs_0000016167|obs_0000020298|obs_0000028516|obs_0000010117|obs_0000014249|obs_0000028630,obs_0000030891|obs_0000033685|obs_0000001420,,
Hackfleisch gemischt,Keine Marke,"€ 3,33",,"1 kg = 13,32","1 kg = 13,32","vom Rind und Schwein, je 250-g-Pckg.",Nein,2026-04-13 bis 2026-04-19,2026-04-13,2026-04-19,../images/rewe/bamberg_offer_112.jpg,"cat_molkerei_kaese,diet_lactose_free,diet_vegetarian,sub_hackfleisch,sub_rind,sub_schwein,tag_proteinreich,tag_ultra_processed",bamberg,,BLS-U020100,ref_000208,obs_0000009222|obs_0000009248|obs_0000016944|obs_0000030269|obs_0000025678|obs_0000029783|obs_0000033883|obs_0000014463|obs_0000021126|obs_0000008856|obs_0000027808|obs_0000005797|obs_0000011430|obs_0000018085|obs_0000030894|obs_0000029892|obs_0000030922|obs_0000006355|obs_0000006874|obs_0000034536|obs_0000030962|obs_0000022287|obs_0000031538|obs_0000017204|obs_0000020307|obs_0000026963|obs_0000031582|obs_0000009575|obs_0000028033|obs_0000007077|obs_0000030174|obs_0000027617|obs_0000009702|obs_0000005620|obs_0000012282|obs_0000014917|obs_0000001646|obs_0000018612|obs_0000019652|obs_0000010463|obs_0000028433|obs_0000009524|obs_0000017754|obs_0000012768|obs_0000000505|obs_0000001083|obs_0000000646|obs_0000025790|obs_0000030444|obs_0000030969,obs_0000009222|obs_0000009248|obs_0000016944|obs_0000030269|obs_0000025678|obs_0000029783|obs_0000033883|obs_0000001646|obs_0000014463|obs_0000021126|obs_0000008856|obs_0000005797|obs_0000011430|obs_0000018085|obs_0000030894|obs_0000018612|obs_0000029892|obs_0000019652|obs_0000030922|obs_0000006355|obs_0000006874|obs_0000010463|obs_0000034536|obs_0000030962|obs_0000022287|obs_0000028433|obs_0000031538|obs_0000017204|obs_0000009524|obs_0000020307|obs_0000017754|obs_0000031582|obs_0000009575|obs_0000028033|obs_0000007077|obs_0000030174|obs_0000009702|obs_0000005620|obs_0000000505|obs_0000012282,,
vegan Mandeldrink,REWE Bio,"€ 1,29",,"pro Einheit = 1,29","pro Einheit = 1,29","ohne Zucker, je 1-l-Pckg.",Nein,2026-04-13 bis 2026-04-19,2026-04-13,2026-04-19,../images/rewe/bamberg_offer_111.jpg,"cat_molkerei_kaese,diet_gluten_free,diet_lactose_free,diet_vegan,diet_vegetarian,tag_ultra_processed,tag_whole_food",bamberg,,,ref_000209,obs_0000031931|obs_0000030979|obs_0000027979,obs_0000030979,,
Parmigiano Reggiano,REWE Bio,"€ 3,99",,"1 kg = 26,60","1 kg = 26,60",je 150-g-Schale,Nein,2026-04-13 bis 2026-04-19,2026-04-13,2026-04-19,../images/rewe/bamberg_offer_110.jpg,"cat_molkerei_kaese,diet_lactose_free,diet_vegan,diet_vegetarian,sub_kaese,sub_milchprodukte,tag_whole_food",bamberg,,,ref_000210,obs_0000009732|obs_0000034722|obs_0000016169|obs_0000009266|obs_0000019638|obs_0000019268|obs_0000007778|obs_0000003570|obs_0000008957|obs_0000023172|obs_0000015397|obs_0000012329|obs_0000033972|obs_0000013813|obs_0000032609|obs_0000005911|obs_0000006456,obs_0000009732|obs_0000023172|obs_0000034722|obs_0000015397|obs_0000016169|obs_0000012329|obs_0000009266|obs_0000019638|obs_0000033972|obs_0000019268|obs_0000007778|obs_0000003570|obs_0000013813|obs_0000008957,,
Schmand,REWE Bio,"€ 0,79",,"1 kg = 5,27","1 kg = 5,27","24% Fett, je 150-g-Becher",Nein,2026-04-13 bis 2026-04-19,2026-04-13,2026-04-19,../images/rewe/bamberg_offer_109.jpg,"cat_molkerei_kaese,diet_gluten_free,diet_lactose_free,diet_vegan,diet_vegetarian,sub_milchprodukte,sub_sahne_creme,tag_whole_food",bamberg,,,ref_000211,obs_0000034373|obs_0000031866|obs_0000003203|obs_0000014489|obs_0000001733|obs_0000009974|obs_0000011034|obs_0000004910|obs_0000001870|obs_0000002418|obs_0000004483|obs_0000004056|obs_0000034793|obs_0000010416|obs_0000031453|obs_0000005914|obs_0000029482|obs_0000001902|obs_0000001486|obs_0000011031|obs_0000012648|obs_0000013207|obs_0000007769|obs_0000006448|obs_0000006451|obs_0000005540,obs_0000034373|obs_0000031866|obs_0000003203|obs_0000014489|obs_0000001733|obs_0000009974|obs_0000011034|obs_0000004910|obs_0000001870|obs_0000002418|obs_0000004483|obs_0000004056|obs_0000034793,,
Joghurt mild,REWE Bio,"€ 0,99",,"1 kg = 1,98","1 kg = 1,98","1,8%/3,8% Fett, je 500-g-Becher",Nein,2026-04-13 bis 2026-04-19,2026-04-13,2026-04-19,../images/rewe/bamberg_offer_108.jpg,"cat_molkerei_kaese,diet_lactose_free,diet_vegan,diet_vegetarian,sub_joghurt_skyr_quark,sub_kaese,sub_milchprodukte",bamberg,,BLS-X3A9010,ref_000212,obs_0000002511|obs_0000023026|obs_0000017128|obs_0000027610|obs_0000011458|obs_0000015790|obs_0000006440|obs_0000000620|obs_0000023380|obs_0000031735|obs_0000031944|obs_0000026021|obs_0000001980|obs_0000026710|obs_0000030867|obs_0000020687|obs_0000020689|obs_0000030973|obs_0000020739|obs_0000028966|obs_0000023030|obs_0000008703|obs_0000025171|obs_0000017127|obs_0000023284|obs_0000025392|obs_0000000833|obs_0000006980|obs_0000033696|obs_0000009180|obs_0000021506|obs_0000021508|obs_0000021558|obs_0000033980|obs_0000025811|obs_0000015673|obs_0000019794|obs_0000007538|obs_0000009663|obs_0000034580|obs_0000014336,obs_0000030867|obs_0000030973|obs_0000002511|obs_0000023026|obs_0000017128|obs_0000027610|obs_0000011458|obs_0000015790,,
Mir e Französische Kräuter,Keine Marke,"€ 1,11",,"1 kg = 7,40","1 kg = 7,40","65% Fett i.Tr., je 150-g-Becher",Nein,2026-04-13 bis 2026-04-19,2026-04-13,2026-04-19,../images/rewe/bamberg_offer_114.jpg,"cat_molkerei_kaese,diet_vegetarian,sub_kaese,sub_kraeuter,sub_milchprodukte",bamberg,,,ref_000213,obs_0000031531|obs_0000032198|obs_0000028294|obs_0000033779|obs_0000012814|obs_0000000636|obs_0000002274|obs_0000009967|obs_0000002843|obs_0000009506|obs_0000011054|obs_0000034623|obs_0000001352|obs_0000013754,obs_0000028294|obs_0000031531|obs_0000032198|obs_0000033779,,
Feta,REWE Bio,"€ 2,39",,"1 kg = 11,95","1 kg = 11,95","mind. 45% Fett i.Tr., je 200-g-Pckg.",Nein,2026-04-13 bis 2026-04-19,2026-04-13,2026-04-19,../images/rewe/bamberg_offer_107.jpg,"cat_molkerei_kaese,diet_gluten_free,diet_lactose_free,diet_vegan,diet_vegetarian,sub_kaese,sub_milchprodukte,tag_whole_food",bamberg,,,ref_000214,obs_0000030983|obs_0000014339|obs_0000024072|obs_0000015386|obs_0000003162|obs_0000025183|obs_0000031891|obs_0000011044|obs_0000002450|obs_0000024500|obs_0000003622|obs_0000027730|obs_0000005735|obs_0000026959|obs_0000024973|obs_0000001453|obs_0000017363|obs_0000001495|obs_0000000520|obs_0000022608|obs_0000026804|obs_0000027830|obs_0000018123|obs_0000013707|obs_0000018938,obs_0000014339|obs_0000024072|obs_0000003162|obs_0000025183|obs_0000031891|obs_0000030983|obs_0000002450|obs_0000024500,,
Nudel- oder Pellkartoffelsalat,Homann,"€ 1,79",,"1 kg = 4,48","1 kg = 4,48",je 400-g-Pckg.,Nein,2026-04-13 bis 2026-04-19,2026-04-13,2026-04-19,../images/rewe/bamberg_offer_124.jpg,"cat_obst_gemuese,diet_gluten_free,diet_lactose_free,diet_vegan,diet_vegetarian,sub_frisches_gemuese,sub_kartoffeln,sub_salate,tag_ultra_processed,tag_whole_food",bamberg,,,ref_000215,obs_0000030851|obs_0000031496|obs_0000029841|obs_0000032065|obs_0000032189|obs_0000032380,obs_0000030851|obs_0000031496|obs_0000029841|obs_0000032065|obs_0000032189|obs_0000032380,x,
Saft Orange,Innocent,"€ 1,69",,"1 l = 5,12","1 l = 5,12","ohne Fruchtfleisch, je 330-ml-Fl., zzgl. 0,25 € Pfand",Nein,2026-04-13 bis 2026-04-19,2026-04-13,2026-04-19,../images/rewe/bamberg_offer_126.jpg,"cat_getraenke,diet_gluten_free,diet_vegan,diet_vegetarian,tag_whole_food",bamberg,,BLS-F603100,ref_000216,obs_0000031164|obs_0000030841|obs_0000029441|obs_0000027142|obs_0000025618|obs_0000027674|obs_0000026144|obs_0000021042|obs_0000016953|obs_0000033872|obs_0000034438|obs_0000032918|obs_0000026785|obs_0000000709|obs_0000019142|obs_0000017106|obs_0000020223|obs_0000034047|obs_0000026383|obs_0000028431|obs_0000001318|obs_0000027982|obs_0000024985|obs_0000022436|obs_0000010200|obs_0000031736|obs_0000017915,obs_0000030841|obs_0000029441|obs_0000031164,,
Bio Käse,Andechser Natur,"€ 2,49",,"1 kg = 16,60","1 kg = 16,60","versch. Sorten, je 150-g-Pckg.",Nein,2026-04-13 bis 2026-04-19,2026-04-13,2026-04-19,../images/rewe/bamberg_offer_071.jpg,"cat_molkerei_kaese,diet_vegetarian,sub_joghurt_skyr_quark,sub_kaese,sub_milchprodukte,tag_proteinreich",bamberg,,BLS-F110100,ref_000217,obs_0000000890|obs_0000020651|obs_0000021470|obs_0000021743|obs_0000008883|obs_0000025400|obs_0000034164|obs_0000017885|obs_0000010631|obs_0000029465|obs_0000022145|obs_0000030523|obs_0000006457,obs_0000000890|obs_0000029465|obs_0000030523,,
Cuja Mara Split,Langnese,"€ 2,59",,"1 l = 6,17","1 l = 6,17",je 420-ml-Pckg.,Nein,2026-04-13 bis 2026-04-19,2026-04-13,2026-04-19,../images/rewe/bamberg_offer_139.jpg,"cat_tiefkuehl,diet_gluten_free,diet_lactose_free,diet_vegan,diet_vegetarian,sub_tk_eis,sub_tk_fertiggerichte,tag_ultra_processed,tag_whole_food",bamberg,,,ref_000218,obs_0000030089|obs_0000028454,obs_0000030089|obs_0000028454,x,
Vanilla Chocolate Swirl oder Nuii Ice Cream Australian Macadamia,Milka,"€ 2,22",,"1 l = 8,22","1 l = 8,22",je 270-ml-Pckg.,Nein,2026-04-13 bis 2026-04-19,2026-04-13,2026-04-19,../images/rewe/bamberg_offer_138.jpg,"cat_tiefkuehl,tag_ultra_processed",bamberg,,,ref_000219,obs_0000029816|obs_0000016660|obs_0000018905,,,
Flutschfinger,Langnese,"€ 2,59",,"1 l = 5,06","1 l = 5,06",je 512-ml-Pckg.,Nein,2026-04-13 bis 2026-04-19,2026-04-13,2026-04-19,../images/rewe/bamberg_offer_137.jpg,"cat_tiefkuehl,diet_gluten_free,diet_lactose_free,diet_vegetarian,sub_tk_eis,tag_ultra_processed",bamberg,,,ref_000220,obs_0000030165,obs_0000030165,x,
Eis,Nutella,"€ 3,99",,"1 l = 8,49","1 l = 8,49",je 470-ml-Becher,Nein,2026-04-13 bis 2026-04-19,2026-04-13,2026-04-19,../images/rewe/bamberg_offer_135.jpg,"cat_tiefkuehl,diet_vegetarian,sub_tk_eis,tag_ultra_processed",bamberg,,,ref_000221,obs_0000018692|obs_0000025743|obs_0000017710|obs_0000034392|obs_0000011490|obs_0000025829|obs_0000013168|obs_0000007041|obs_0000013833|obs_0000025236|obs_0000029345|obs_0000030502|obs_0000027306|obs_0000022962|obs_0000005945|obs_0000028855|obs_0000009795|obs_0000025807|obs_0000027474|obs_0000001749|obs_0000001750|obs_0000005210|obs_0000007392|obs_0000008928|obs_0000006504|obs_0000013034|obs_0000009324|obs_0000027503|obs_0000027646|obs_0000005767|obs_0000005768|obs_0000006667|obs_0000006159|obs_0000006670|obs_0000005399|obs_0000005017|obs_0000014373|obs_0000028456|obs_0000003118|obs_0000006319|obs_0000000434|obs_0000007599|obs_0000007600|obs_0000008369|obs_0000011056|obs_0000005948|obs_0000006847|obs_0000004163|obs_0000018370|obs_0000012333,obs_0000018692|obs_0000025743|obs_0000017710|obs_0000034392|obs_0000011490|obs_0000025829|obs_0000013168,,
Feinster Fleischsalat,Popp,"€ 1,29",,"1 kg = 6,45","1 kg = 6,45","versch. Sorten, je 200-g-Becher",Nein,2026-04-13 bis 2026-04-19,2026-04-13,2026-04-19,../images/rewe/bamberg_offer_125.jpg,"cat_obst_gemuese,diet_gluten_free,diet_lactose_free,diet_vegan,diet_vegetarian,sub_frisches_gemuese,sub_salate,tag_ultra_processed,tag_whole_food",bamberg,,,ref_000222,obs_0000032301|obs_0000030156|obs_0000028421|obs_0000031785|obs_0000028813|obs_0000010665|obs_0000009137|obs_0000033969|obs_0000012215|obs_0000027847|obs_0000030455|obs_0000028926,obs_0000028421|obs_0000031785|obs_0000032301|obs_0000030156,x,
Bami Goreng,Frosta,"€ 3,29",,"1 kg = 7,31","1 kg = 7,31","tiefgefroren, je 450-g-Btl.",Nein,2026-04-13 bis 2026-04-19,2026-04-13,2026-04-19,../images/rewe/bamberg_offer_134.jpg,"cat_tiefkuehl,sub_nudeln,sub_tk_fertiggerichte,tag_ultra_processed",bamberg,,BLS-X891212,ref_000223,obs_0000032393,obs_0000032393,,
Cafeteria fein sahnig Mandel-Bienenstich,Coppenrath Wiese,"€ 3,49",,"1 kg = 6,58","1 kg = 6,58","tiefgefroren, je 530-g-Pckg.",Nein,2026-04-13 bis 2026-04-19,2026-04-13,2026-04-19,../images/rewe/bamberg_offer_132.jpg,"cat_tiefkuehl,diet_gluten_free,diet_lactose_free,diet_vegan,diet_vegetarian,sub_milchprodukte,sub_sahne_creme,tag_ultra_processed",bamberg,,,ref_000224,obs_0000028390|obs_0000013546|obs_0000012674|obs_0000030817|obs_0000031508|obs_0000032631|obs_0000014357|obs_0000035124,obs_0000030817|obs_0000028390|obs_0000031508|obs_0000032631,,
Filegro Ofen-Backfisch,Iglo,"€ 2,79",,"1 kg = 11,63","1 kg = 11,63","tiefgefroren, je 240-g-Pckg.",Nein,2026-04-13 bis 2026-04-19,2026-04-13,2026-04-19,../images/rewe/bamberg_offer_131.jpg,"cat_tiefkuehl,tag_ultra_processed",bamberg,,,ref_000225,obs_0000028673|obs_0000031419|obs_0000028553|obs_0000022503|obs_0000029702|obs_0000030852|obs_0000012825|obs_0000026657|obs_0000014388|obs_0000011343|obs_0000021644|obs_0000021821|obs_0000020825,obs_0000028673|obs_0000029702|obs_0000030852|obs_0000031419|obs_0000028553|obs_0000022503,,
Ristorante Pizza Salame,Dr. Oetker,"€ 1,99",,"1 kg = 6,22","1 kg = 6,22","tiefgefroren, je 320-g-Pckg.",Nein,2026-04-13 bis 2026-04-19,2026-04-13,2026-04-19,../images/rewe/bamberg_offer_130.jpg,"cat_tiefkuehl,sub_tk_pizza,sub_wurst,tag_ultra_processed",bamberg,,,ref_000226,obs_0000026731|obs_0000016637|obs_0000028985|obs_0000031512|obs_0000019919|obs_0000012815|obs_0000011305|obs_0000017705|obs_0000034384|obs_0000000038|obs_0000006501|obs_0000031500|obs_0000003772|obs_0000010231|obs_0000030843|obs_0000029849|obs_0000010530|obs_0000023186|obs_0000013341|obs_0000025810|obs_0000005867,obs_0000026731|obs_0000030843|obs_0000016637|obs_0000028985|obs_0000031512|obs_0000029849|obs_0000019919|obs_0000010231,,x
Fruchtmix,Keine Marke,"€ 1,59",,"1 kg = 10,60","1 kg = 10,60",je 150-g-Schale,Nein,2026-04-13 bis 2026-04-19,2026-04-13,2026-04-19,../images/rewe/bamberg_offer_129.jpg,"cat_obst_gemuese,diet_gluten_free,diet_lactose_free,diet_vegan,diet_vegetarian,sub_exoten,sub_frisches_gemuese,sub_frisches_obst,tag_ultra_processed,tag_whole_food",bamberg,,BLS-S361000,ref_000227,obs_0000029573|obs_0000031498|obs_0000031730|obs_0000028006|obs_0000009313|obs_0000009783|obs_0000008797,obs_0000029573|obs_0000031498|obs_0000031730,,
Karottini,Keine Marke,"€ 0,79",,"1 kg = 3,16","1 kg = 3,16",je 250-g-Btl.,Nein,2026-04-13 bis 2026-04-19,2026-04-13,2026-04-19,../images/rewe/bamberg_offer_128.jpg,"cat_obst_gemuese,diet_gluten_free,diet_lactose_free,diet_vegan,diet_vegetarian,sub_frisches_gemuese,tag_ultra_processed,tag_whole_food",bamberg,,,ref_000228,obs_0000028658|obs_0000028541|obs_0000030842,obs_0000028658|obs_0000028541|obs_0000030842,,
Salatschale Orzo oder Korea-Style Salat,Keine Marke,"€ 2,29",,"1 kg = 7,39","1 kg = 7,39",je 310-g-Schale,Nein,2026-04-13 bis 2026-04-19,2026-04-13,2026-04-19,../images/rewe/bamberg_offer_127.jpg,"cat_obst_gemuese,diet_gluten_free,diet_lactose_free,diet_vegan,diet_vegetarian,sub_frisches_gemuese,sub_salate,tag_ultra_processed,tag_whole_food",bamberg,,,ref_000229,obs_0000029950|obs_0000025985,,,
Pizza Amore Napoli Salame,Gustavo Gusto,"€ 2,99",,"1 kg = 9,49","1 kg = 9,49","tiefgefroren, je 315-g-Pckg.",Nein,2026-04-13 bis 2026-04-19,2026-04-13,2026-04-19,../images/rewe/bamberg_offer_133.jpg,"cat_tiefkuehl,diet_vegetarian,sub_tk_pizza,tag_ultra_processed",bamberg,,,ref_000230,obs_0000031510|obs_0000029161|obs_0000031503|obs_0000029021|obs_0000028255|obs_0000030325|obs_0000014967,obs_0000031510|obs_0000028255|obs_0000029161,x,
Mozzarella,REWE Bio,"€ 1,11",,"1 kg = 8,88","1 kg = 8,88","45% Fett i.Tr., je 200-g-Btl., 125 g Abtropfgewicht",Nein,2026-04-13 bis 2026-04-19,2026-04-13,2026-04-19,../images/rewe/bamberg_offer_106.jpg,"cat_molkerei_kaese,diet_gluten_free,diet_lactose_free,diet_vegan,diet_vegetarian,sub_kaese,sub_milchprodukte,tag_whole_food",bamberg,,BLS-X208312,ref_000231,obs_0000022609|obs_0000033882|obs_0000001647|obs_0000018031|obs_0000023202|obs_0000024234|obs_0000022241|obs_0000023806|obs_0000011043|obs_0000000816|obs_0000024894|obs_0000009077|obs_0000022394|obs_0000027551|obs_0000018366|obs_0000016326|obs_0000022485|obs_0000027613|obs_0000018430|obs_0000012801|obs_0000018433|obs_0000025133|obs_0000031811|obs_0000018512|obs_0000022110|obs_0000033891|obs_0000022631|obs_0000030318|obs_0000011891|obs_0000009868|obs_0000032402|obs_0000020638|obs_0000023201|obs_0000018599|obs_0000028850|obs_0000034980|obs_0000009408|obs_0000011471|obs_0000031442|obs_0000034515|obs_0000008404|obs_0000021741|obs_0000023292|obs_0000027907|obs_0000031521|obs_0000028470|obs_0000019264|obs_0000025413|obs_0000007546|obs_0000034175,obs_0000022609|obs_0000033882|obs_0000001647|obs_0000018031|obs_0000023202|obs_0000024234|obs_0000022241|obs_0000023806|obs_0000011043|obs_0000000816|obs_0000024894|obs_0000009077|obs_0000022394|obs_0000027551|obs_0000018366|obs_0000016326|obs_0000022485|obs_0000027613|obs_0000018430,,
Smoothie Mango Maracuja,Innocent,"€ 1,69",,"1 l = 6,76","1 l = 6,76","je 250-ml-Fl., zzgl. 0,25 € Pfand",Nein,2026-04-13 bis 2026-04-19,2026-04-13,2026-04-19,../images/rewe/bamberg_offer_123.jpg,"cat_getraenke,diet_vegetarian",bamberg,,,ref_000232,obs_0000028870|obs_0000031158|obs_0000030870|obs_0000031958|obs_0000029526|obs_0000002067|obs_0000004171|obs_0000024721|obs_0000009020|obs_0000003462|obs_0000005025|obs_0000000440|obs_0000017881|obs_0000004598|obs_0000022009|obs_0000029722|obs_0000024112|obs_0000014395|obs_0000013892|obs_0000009816|obs_0000031322|obs_0000001630|obs_0000026739|obs_0000012410|obs_0000009349|obs_0000028316|obs_0000027322|obs_0000029883|obs_0000010948|obs_0000004820|obs_0000034549|obs_0000021278|obs_0000004393|obs_0000000306|obs_0000026453|obs_0000003966|obs_0000033713|obs_0000034740|obs_0000016865|obs_0000020459|obs_0000025584,obs_0000030870|obs_0000028870|obs_0000031958|obs_0000029526|obs_0000031158,,
Speisequark,REWE Bio,"€ 0,89",,"1 kg = 3,56","1 kg = 3,56","versch. Sorten, je 250-g-Becher",Nein,2026-04-13 bis 2026-04-19,2026-04-13,2026-04-19,../images/rewe/bamberg_offer_104.jpg,"cat_molkerei_kaese,diet_gluten_free,diet_lactose_free,diet_vegan,diet_vegetarian,sub_frisches_gemuese,sub_milchprodukte,tag_whole_food",bamberg,,,ref_000233,obs_0000031203|obs_0000020497|obs_0000004694|obs_0000004267|obs_0000033978|obs_0000000224|obs_0000003840|obs_0000021316|obs_0000001866|obs_0000001867|obs_0000001868|obs_0000024945|obs_0000019874|obs_0000033780|obs_0000016381|obs_0000019968|obs_0000001061|obs_0000004152|obs_0000002654|obs_0000026319|obs_0000001323|obs_0000034093|obs_0000003377|obs_0000013107|obs_0000005006|obs_0000004579|obs_0000024041|obs_0000003562|obs_0000007157|obs_0000032579,obs_0000020497|obs_0000004694|obs_0000004267|obs_0000033978|obs_0000000224|obs_0000003840|obs_0000021316|obs_0000001866|obs_0000001867|obs_0000001868|obs_0000024945|obs_0000019874|obs_0000031203|obs_0000033780|obs_0000016381|obs_0000019968,,
Frischkäse,REWE Bio,"€ 0,99",,"1 kg = 5,66","1 kg = 5,66","Doppelrahmstufe, je 175-g-Pckg.",Nein,2026-04-13 bis 2026-04-19,2026-04-13,2026-04-19,../images/rewe/bamberg_offer_086.jpg,"cat_molkerei_kaese,diet_lactose_free,diet_vegetarian,sub_kaese,sub_milchprodukte,sub_wurst,tag_whole_food",bamberg,,BLS-D3A6000,ref_000234,obs_0000000519|obs_0000016946|obs_0000026675|obs_0000017482|obs_0000022604|obs_0000017513|obs_0000018043|obs_0000022149|obs_0000028302|obs_0000025259|obs_0000020143|obs_0000018636|obs_0000022250|obs_0000018668|obs_0000027893|obs_0000019721|obs_0000022312|obs_0000024882|obs_0000010048|obs_0000024407|obs_0000009596|obs_0000002951|obs_0000003481|obs_0000019362|obs_0000023986|obs_0000020962|obs_0000017894|obs_0000018437|obs_0000018441|obs_0000009739|obs_0000002064|obs_0000019510|obs_0000009275|obs_0000024137|obs_0000022111|obs_0000022114|obs_0000008311|obs_0000000665|obs_0000023715|obs_0000031907|obs_0000003254|obs_0000002331|obs_0000002429|obs_0000002443|obs_0000026562|obs_0000022984|obs_0000013780|obs_0000001493|obs_0000028125|obs_0000000998,obs_0000000519|obs_0000016946|obs_0000026675|obs_0000017482|obs_0000022604|obs_0000017513|obs_0000018043|obs_0000022149|obs_0000030858|obs_0000028302|obs_0000025259|obs_0000020143|obs_0000018636|obs_0000022250|obs_0000018668|obs_0000027893|obs_0000019721|obs_0000022312|obs_0000024882|obs_0000010048|obs_0000024407|obs_0000009596|obs_0000002951|obs_0000003481|obs_0000019362|obs_0000023986|obs_0000020962|obs_0000017894,,
Bio-Frischkäse mit Joghurt,Andechser Natur,"€ 1,49",,"1 kg = 8,51","1 kg = 8,51","Natur, je 175-g-Pckg.",Nein,2026-04-13 bis 2026-04-19,2026-04-13,2026-04-19,../images/rewe/bamberg_offer_085.jpg,"cat_molkerei_kaese,diet_vegetarian,sub_joghurt_skyr_quark,sub_kaese,sub_milchprodukte,tag_proteinreich",bamberg,,,ref_000235,obs_0000031543|obs_0000031907|obs_0000030191|obs_0000017910|obs_0000016386|obs_0000000488|obs_0000000671|obs_0000001493|obs_0000002441|obs_0000003781|obs_0000004230|obs_0000004657|obs_0000005084|obs_0000013780|obs_0000024882|obs_0000008703|obs_0000000519|obs_0000016946|obs_0000025171|obs_0000025259|obs_0000017127|obs_0000025392|obs_0000033696|obs_0000009180|obs_0000017482|obs_0000017513|obs_0000025811|obs_0000009596|obs_0000009663|obs_0000017894|obs_0000018043|obs_0000034580|obs_0000010048|obs_0000026675|obs_0000026710|obs_0000018636|obs_0000018668|obs_0000002951|obs_0000019362|obs_0000027893|obs_0000019721|obs_0000019794|obs_0000003481|obs_0000028302|obs_0000020143|obs_0000020687|obs_0000020689|obs_0000028966|obs_0000020962|obs_0000021506,obs_0000030191|obs_0000031543,,
Schulte Edelsalami,Keine Marke,"€ 1,99",,"pro Einheit = 1,99","pro Einheit = 1,99","mit Rind, je 100-g-",Nein,2026-04-13 bis 2026-04-19,2026-04-13,2026-04-19,../images/rewe/bamberg_offer_084.jpg,"cat_molkerei_kaese,diet_gluten_free,diet_lactose_free,diet_vegan,diet_vegetarian,sub_wurst,tag_ultra_processed,tag_whole_food",bamberg,,,ref_000236,obs_0000031533|obs_0000032356|obs_0000028305|obs_0000027186|obs_0000005598,obs_0000028305|obs_0000031533|obs_0000032356,,
Schiller Wacholder-Schinken,Keine Marke,"€ 1,49",,"pro Einheit = 1,49","pro Einheit = 1,49","zart-saftig und edelrauchig, je 100-g-",Nein,2026-04-13 bis 2026-04-19,2026-04-13,2026-04-19,../images/rewe/bamberg_offer_083.jpg,"cat_molkerei_kaese,diet_lactose_free,diet_vegetarian,sub_schwein,sub_wurst,tag_ultra_processed",bamberg,,,ref_000237,obs_0000034378|obs_0000028387|obs_0000016624|obs_0000017657,,,
Räucherlachs,REWE Bio,"€ 3,99",,"1 kg = 39,90","1 kg = 39,90","in Scheiben, je 100-g-Pckg.",Nein,2026-04-13 bis 2026-04-19,2026-04-13,2026-04-19,../images/rewe/bamberg_offer_081.jpg,"cat_molkerei_kaese,diet_gluten_free,diet_lactose_free,diet_vegan,diet_vegetarian,tag_whole_food",bamberg,,,ref_000238,obs_0000002571|obs_0000031816|obs_0000021070|obs_0000028795|obs_0000025231|obs_0000016608|obs_0000020251|obs_0000005956|obs_0000017750|obs_0000003427|obs_0000001935|obs_0000001994|obs_0000008702|obs_0000024580|obs_0000022586|obs_0000007814|obs_0000011910|obs_0000017031|obs_0000009886|obs_0000009423|obs_0000023258|obs_0000011507|obs_0000001784|obs_0000027905|obs_0000016139|obs_0000032552|obs_0000025935|obs_0000025992|obs_0000001422|obs_0000018865|obs_0000003507|obs_0000018867|obs_0000016309|obs_0000018877|obs_0000017355|obs_0000006165|obs_0000029293|obs_0000007817|obs_0000025269|obs_0000030538|obs_0000018333,obs_0000002571|obs_0000031816|obs_0000021070|obs_0000029293|obs_0000028795|obs_0000025231|obs_0000016608|obs_0000020251|obs_0000005956|obs_0000030538|obs_0000017750|obs_0000003427|obs_0000001935|obs_0000001994|obs_0000008702,,
Höhenrainer Geflügel-Aufschnitt,Keine Marke,"€ 1,49",,"pro Einheit = 1,49","pro Einheit = 1,49","versch. Sorten, je 100-g-",Nein,2026-04-13 bis 2026-04-19,2026-04-13,2026-04-19,../images/rewe/bamberg_offer_080.jpg,"cat_molkerei_kaese,sub_gefluegel,sub_wurst,tag_ultra_processed",bamberg,,,ref_000239,obs_0000030548|obs_0000029548|obs_0000028930|obs_0000030265|obs_0000003644|obs_0000030888|obs_0000031962|obs_0000006531|obs_0000031187|obs_0000005611,obs_0000028930|obs_0000030548|obs_0000029548,,
Bio Lachsfilet,deutsche see,"€ 5,99",,"1 kg = 29,95","1 kg = 29,95","mit Haut, praktisch grätenfrei, je 200-g-Schale",Nein,2026-04-13 bis 2026-04-19,2026-04-13,2026-04-19,../images/rewe/bamberg_offer_087.jpg,"cat_molkerei_kaese,diet_gluten_free,diet_lactose_free,diet_vegan,tag_high_protein,tag_proteinreich,tag_whole_food",bamberg,,,ref_000240,obs_0000029555|obs_0000030540|obs_0000033948|obs_0000029559|obs_0000008391|obs_0000034280|obs_0000010175|obs_0000028347|obs_0000014208|obs_0000031809,obs_0000029555|obs_0000030540,x,
Geflügel-Nuggets,REWE Bio,"€ 3,99",,"1 kg = 19,95","1 kg = 19,95",je 200-g-Pckg.,Nein,2026-04-13 bis 2026-04-19,2026-04-13,2026-04-19,../images/rewe/bamberg_offer_079.jpg,"cat_molkerei_kaese,diet_gluten_free,diet_lactose_free,diet_vegan,diet_vegetarian,sub_gefluegel,sub_wurst,tag_ultra_processed,tag_whole_food",bamberg,,,ref_000241,,,,
Andechser Bio Milkis,Keine Marke,"€ 0,99",,"1 kg = 9,90","1 kg = 9,90","versch. Sorten, je 100-g-Pckg.",Nein,2026-04-13 bis 2026-04-19,2026-04-13,2026-04-19,../images/rewe/bamberg_offer_077.jpg,"cat_molkerei_kaese,diet_gluten_free,diet_lactose_free,diet_vegan,diet_vegetarian,sub_frisches_obst,sub_milchprodukte,tag_proteinreich,tag_ultra_processed,tag_whole_food",bamberg,,,ref_000242,,,,
Chocomel,Keine Marke,"€ 1,49",,"pro Einheit = 1,49","pro Einheit = 1,49","Kakaogetränk, je 1-l-Pckg.",Nein,2026-04-13 bis 2026-04-19,2026-04-13,2026-04-19,../images/rewe/bamberg_offer_076.jpg,"cat_molkerei_kaese,diet_gluten_free,diet_lactose_free,diet_vegan,diet_vegetarian,sub_exoten,sub_frisches_obst,tag_ultra_processed,tag_whole_food",bamberg,,,ref_000243,,,,
Pick Paprika Kolbasz Paare,Keine Marke,"€ 2,49",,"1 kg = 12,45","1 kg = 12,45",je 200-g-Pckg.,Nein,2026-04-13 bis 2026-04-19,2026-04-13,2026-04-19,../images/rewe/bamberg_offer_075.jpg,"cat_molkerei_kaese,diet_gluten_free,diet_lactose_free,diet_vegan,diet_vegetarian,sub_frisches_gemuese,tag_ultra_processed,tag_whole_food",bamberg,,,ref_000244,,,,
Bio Jogurt griech Art,Andechser Natur,"€ 1,39",,"1 kg = 3,48","1 kg = 3,48","0,2% Fett oder Bio Joghurt Mango Vanille, je 400-g-Becher",Nein,2026-04-13 bis 2026-04-19,2026-04-13,2026-04-19,../images/rewe/bamberg_offer_074.jpg,"cat_molkerei_kaese,diet_vegetarian,sub_joghurt_skyr_quark,sub_milchprodukte,tag_proteinreich",bamberg,,,ref_000245,obs_0000026121,,,
Schlagsahne,REWE Bio,"€ 2,69",,"1 kg = 5,38","1 kg = 5,38","mind. 30% Fett, je 500-g-Fl.",Nein,2026-04-13 bis 2026-04-19,2026-04-13,2026-04-19,../images/rewe/bamberg_offer_105.jpg,"cat_molkerei_kaese,diet_gluten_free,diet_lactose_free,diet_vegan,diet_vegetarian,sub_milchprodukte,sub_sahne_creme,tag_whole_food",bamberg,,,ref_000246,obs_0000001048|obs_0000001651|obs_0000027295|obs_0000034973|obs_0000033987|obs_0000011466|obs_0000002266|obs_0000027873|obs_0000001268|obs_0000025846|obs_0000016126|obs_0000001793|obs_0000019729|obs_0000001826|obs_0000017188|obs_0000001322|obs_0000001840|obs_0000001856|obs_0000001899|obs_0000033692|obs_0000034786|obs_0000023025|obs_0000012796|obs_0000011795|obs_0000001053|obs_0000004149|obs_0000034369|obs_0000004166|obs_0000025188|obs_0000020585|obs_0000030316|obs_0000003727|obs_0000007167|obs_0000006438|obs_0000001324|obs_0000030521|obs_0000003401|obs_0000013680|obs_0000005003|obs_0000005020|obs_0000021404|obs_0000005544|obs_0000000427|obs_0000000436|obs_0000004576|obs_0000004593|obs_0000024616|obs_0000009836|obs_0000020624|obs_0000009377,obs_0000001048|obs_0000001651|obs_0000027295|obs_0000034973|obs_0000033987|obs_0000011466|obs_0000002266|obs_0000027873|obs_0000001268|obs_0000025846|obs_0000016126|obs_0000001793|obs_0000019729|obs_0000001826|obs_0000017188|obs_0000001322|obs_0000001840|obs_0000001856|obs_0000001899|obs_0000033692|obs_0000034786|obs_0000023025|obs_0000012796,,
Feinmarinaden,Lysell,"€ 1,69",,"1 kg = 13,52","1 kg = 13,52","versch. Sorten, je 125-g-Dose",Nein,2026-04-13 bis 2026-04-19,2026-04-13,2026-04-19,../images/rewe/bamberg_offer_073.jpg,"cat_molkerei_kaese,diet_gluten_free,diet_lactose_free,diet_vegan,diet_vegetarian,sub_frisches_obst,tag_ultra_processed,tag_whole_food",bamberg,,,ref_000247,obs_0000032564,obs_0000032564,x,
Schweine-Filet,Keine Marke,"€ 0,88",,"pro Einheit = 0,88","pro Einheit = 0,88",je 100-g-,Nein,2026-04-13 bis 2026-04-19,2026-04-13,2026-04-19,../images/rewe/bamberg_offer_078.jpg,"cat_molkerei_kaese,diet_gluten_free,diet_lactose_free,sub_schwein,tag_high_protein,tag_proteinreich,tag_whole_food",bamberg,,BLS-U611100,ref_000248,obs_0000031236|obs_0000027815|obs_0000029865|obs_0000029910|obs_0000028386|obs_0000030434|obs_0000029960|obs_0000030622|obs_0000031221|obs_0000031227,obs_0000031236|obs_0000027815|obs_0000029865|obs_0000029910|obs_0000028386|obs_0000030434|obs_0000029960|obs_0000030622|obs_0000031221,,
Butcher s Barbecue Merguez Rinder-Bratwurst,Keine Marke,"€ 3,99",,"1 kg = 15,96","1 kg = 15,96",je 250-g-Pckg.,Nein,2026-04-13 bis 2026-04-19,2026-04-13,2026-04-19,../images/rewe/bamberg_offer_088.jpg,"cat_molkerei_kaese,sub_rind,sub_wurst,tag_ultra_processed,tag_whole_food",bamberg,,,ref_000249,obs_0000006701|obs_0000026247|obs_0000006539|obs_0000007634,,,
Chicken Nuggets,Keine Marke,"€ 5,99",,"pro Einheit = 5,99","pro Einheit = 5,99",je 1000-g-Pckg.,Nein,2026-04-13 bis 2026-04-19,2026-04-13,2026-04-19,../images/rewe/bamberg_offer_099.jpg,"cat_molkerei_kaese,diet_gluten_free,diet_lactose_free,diet_vegan,diet_vegetarian,sub_gefluegel,sub_tk_fertiggerichte,tag_ultra_processed,tag_whole_food",bamberg,,,ref_000250,obs_0000022059|obs_0000025151|obs_0000021057|obs_0000027865|obs_0000011493|obs_0000013038|obs_0000021236|obs_0000020238|obs_0000026980|obs_0000029176|obs_0000034184|obs_0000021927|obs_0000020417|obs_0000000509|obs_0000016942|obs_0000014916|obs_0000014459|obs_0000008364|obs_0000009912|obs_0000002753|obs_0000009447|obs_0000019764|obs_0000032589|obs_0000013137|obs_0000028498|obs_0000026469|obs_0000015749|obs_0000009626|obs_0000007602|obs_0000028611|obs_0000017874|obs_0000003555|obs_0000029165|obs_0000034807|obs_0000023578|obs_0000023581|obs_0000018122|obs_0000022399|obs_0000012280|obs_0000018297|obs_0000022443|obs_0000018617|obs_0000017782,obs_0000022059|obs_0000025151|obs_0000021057|obs_0000027865|obs_0000011493|obs_0000013038|obs_0000021236|obs_0000020238|obs_0000026980|obs_0000029176|obs_0000034184|obs_0000021927|obs_0000020417|obs_0000000509,,
Alta Badia,Keine Marke,"€ 1,99",,"pro Einheit = 1,99","pro Einheit = 1,99","ital. Hartkäse, mind. 50% Fett i.Tr., je 100-g-",Nein,2026-04-13 bis 2026-04-19,2026-04-13,2026-04-19,../images/rewe/bamberg_offer_089.jpg,"cat_molkerei_kaese,diet_gluten_free,diet_lactose_free,diet_vegan,diet_vegetarian,sub_exoten,sub_frisches_obst,tag_ultra_processed,tag_whole_food",bamberg,,,ref_000251,obs_0000031430|obs_0000030794|obs_0000029557|obs_0000005149,obs_0000031430|obs_0000030794|obs_0000029557,,
Mini Berner Würstchen,REWE Bio,"€ 2,99",,"1 kg = 16,16","1 kg = 16,16",je 185-g-Pckg.,Nein,2026-04-13 bis 2026-04-19,2026-04-13,2026-04-19,../images/rewe/bamberg_offer_102.jpg,"cat_molkerei_kaese,diet_gluten_free,diet_lactose_free,diet_vegan,diet_vegetarian,sub_wurst,tag_ultra_processed,tag_whole_food",bamberg,,BLS-W211400,ref_000252,obs_0000014851|obs_0000013778|obs_0000013994|obs_0000023289|obs_0000027851|obs_0000025844|obs_0000026526|obs_0000012328|obs_0000006379|obs_0000010932|obs_0000017530|obs_0000009369|obs_0000009557|obs_0000026024|obs_0000018128|obs_0000016216,obs_0000030125,,
Hähnchenbrustfilet,REWE Bio,"€ 3,29",,"1 kg = 32,90","1 kg = 32,90",je 100-g-Pckg.,Nein,2026-04-13 bis 2026-04-19,2026-04-13,2026-04-19,../images/rewe/bamberg_offer_101.jpg,"cat_molkerei_kaese,diet_gluten_free,diet_lactose_free,sub_gefluegel,tag_high_protein,tag_proteinreich,tag_whole_food",bamberg,,NUTR-0002,ref_000253,obs_0000027673|obs_0000026273|obs_0000010961|obs_0000005613|obs_0000002542|obs_0000001543|obs_0000001034|obs_0000016926|obs_0000001079|obs_0000004680|obs_0000000109|obs_0000028783|obs_0000019089|obs_0000003223|obs_0000004253|obs_0000034510|obs_0000003826|obs_0000011003|obs_0000034103|obs_0000034108|obs_0000015747|obs_0000017292|obs_0000027025|obs_0000008599|obs_0000029652|obs_0000012279|obs_0000008219|obs_0000009849|obs_0000009388|obs_0000002222,obs_0000001543|obs_0000001034|obs_0000027673|obs_0000016926|obs_0000004680|obs_0000000109|obs_0000028783|obs_0000003223|obs_0000004253|obs_0000026273|obs_0000034510|obs_0000010961|obs_0000003826|obs_0000034108|obs_0000017292|obs_0000029652|obs_0000005613|obs_0000002542,,
Mailänder Salami Strafino,Citterio,"€ 1,99",,"pro Einheit = 1,99","pro Einheit = 1,99",je 100-g-,Nein,2026-04-13 bis 2026-04-19,2026-04-13,2026-04-19,../images/rewe/bamberg_offer_100.jpg,"cat_molkerei_kaese,diet_lactose_free,diet_vegan,diet_vegetarian,sub_wurst,tag_ultra_processed",bamberg,,,ref_000254,obs_0000030623|obs_0000030187|obs_0000002611|obs_0000010316|obs_0000014932|obs_0000019030|obs_0000028273|obs_0000005781|obs_0000023205|obs_0000003239|obs_0000019666|obs_0000016602|obs_0000008425|obs_0000021226|obs_0000003307|obs_0000002285|obs_0000011010|obs_0000025355|obs_0000026898|obs_0000017184|obs_0000007987|obs_0000025934|obs_0000008039|obs_0000016755|obs_0000034176|obs_0000002957|obs_0000020407|obs_0000016328|obs_0000017375|obs_0000031198|obs_0000010234,obs_0000030623|obs_0000030187,x,
Butcher s Barbecue Spare Ribs,Keine Marke,"€ 8,88",,"pro Einheit = 8,88","pro Einheit = 8,88","mit BBQ Marinade, SB-verpackt, je 1-kg-",Nein,2026-04-13 bis 2026-04-19,2026-04-13,2026-04-19,../images/rewe/bamberg_offer_098.jpg,"cat_molkerei_kaese,diet_gluten_free,diet_lactose_free,diet_vegan,diet_vegetarian,tag_whole_food",bamberg,,,ref_000255,obs_0000023589|obs_0000006708,,,
Butcher s Barbecue Schweine-Grillfackeln,Keine Marke,"€ 5,99",,"1 kg = 13,31","1 kg = 13,31","mit Smoked Paprika Marinade, je 450-g-Pckg.",Nein,2026-04-13 bis 2026-04-19,2026-04-13,2026-04-19,../images/rewe/bamberg_offer_097.jpg,"cat_molkerei_kaese,diet_gluten_free,diet_lactose_free,diet_vegan,diet_vegetarian,sub_schwein,tag_whole_food",bamberg,,,ref_000256,,,,
Serranoschinken,REWE Bio,"€ 3,19",,"1 kg = 39,88","1 kg = 39,88",je 80-g-Pckg.,Nein,2026-04-13 bis 2026-04-19,2026-04-13,2026-04-19,../images/rewe/bamberg_offer_103.jpg,"cat_molkerei_kaese,diet_gluten_free,diet_lactose_free,diet_vegan,diet_vegetarian,sub_schwein,sub_wurst,tag_ultra_processed,tag_whole_food",bamberg,,,ref_000257,,,,
Butcher s Barbecue Puten-Minutenschnitze,Keine Marke,"€ 17,90",,"pro Einheit = 17,90","pro Einheit = 17,90","versch. Marinaden, SB-verpackt, je 1-kg-",Nein,2026-04-13 bis 2026-04-19,2026-04-13,2026-04-19,../images/rewe/bamberg_offer_096.jpg,"cat_molkerei_kaese,sub_gefluegel",bamberg,,,ref_000258,,,,
Schweine-Schnitzel Oberschale,Rewe Regional,"€ 6,66",,"1 kg = 11,10","1 kg = 11,10",je 600-g-Pckg.,Nein,2026-04-13 bis 2026-04-19,2026-04-13,2026-04-19,../images/rewe/bamberg_offer_094.jpg,"cat_molkerei_kaese,sub_schwein,tag_whole_food",bamberg,,BLS-U541100,ref_000259,obs_0000026158|obs_0000027265|obs_0000020107|obs_0000025313|obs_0000026970|obs_0000020926|obs_0000030531|obs_0000007837|obs_0000005251|obs_0000000700|obs_0000001521,obs_0000030531,,x
Butcher s Barbecue Greek Style Spare Ribs,Keine Marke,"€ 7,77",,"1 kg = 14,13","1 kg = 14,13","schonend gegarte Schweinerippchen mit Marinade, je 550-g-Pckg.",Nein,2026-04-13 bis 2026-04-19,2026-04-13,2026-04-19,../images/rewe/bamberg_offer_093.jpg,"cat_molkerei_kaese,diet_gluten_free,diet_lactose_free,diet_vegan,diet_vegetarian,tag_ultra_processed,tag_whole_food",bamberg,,,ref_000260,obs_0000023589|obs_0000006708,,,
Hähnchen-Schnitte Wiener Art,REWE Bio,"€ 5,99",,"1 kg = 23,96","1 kg = 23,96","paniert und gegart, je 250-g-Pckg.",Nein,2026-04-13 bis 2026-04-19,2026-04-13,2026-04-19,../images/rewe/bamberg_offer_092.jpg,"cat_molkerei_kaese,diet_lactose_free,sub_gefluegel,tag_proteinreich,tag_ultra_processed,tag_whole_food",bamberg,,,ref_000261,obs_0000004217|obs_0000000478|obs_0000004644|obs_0000002774|obs_0000005071|obs_0000031788,obs_0000014284,,
Böhnlein Weißwurst,Keine Marke,"€ 1,19",,"pro Einheit = 1,19","pro Einheit = 1,19",je 100-g-,Nein,2026-04-13 bis 2026-04-19,2026-04-13,2026-04-19,../images/rewe/bamberg_offer_091.jpg,"cat_molkerei_kaese,diet_gluten_free,diet_lactose_free,diet_vegan,diet_vegetarian,sub_frisches_gemuese,sub_wurst,tag_ultra_processed,tag_whole_food",bamberg,,,ref_000262,obs_0000032584|obs_0000031432|obs_0000030454|obs_0000013960|obs_0000007980|obs_0000009040|obs_0000028239|obs_0000010595|obs_0000012286,obs_0000032584|obs_0000031432|obs_0000030454,,
Meisterschinken,Keine Marke,"€ 1,59",,"pro Einheit = 1,59","pro Einheit = 1,59","gegart, je 100-g-",Nein,2026-04-13 bis 2026-04-19,2026-04-13,2026-04-19,../images/rewe/bamberg_offer_090.jpg,"cat_molkerei_kaese,diet_gluten_free,diet_lactose_free,diet_vegan,diet_vegetarian,sub_frisches_gemuese,sub_schwein,sub_wurst,tag_ultra_processed,tag_whole_food",bamberg,,BLS-W271000,ref_000263,obs_0000029195|obs_0000030486|obs_0000028672,obs_0000029195|obs_0000030486|obs_0000028672,,
Butcher s Barbecue Hähnchen-Grillplatte,Keine Marke,"€ 3,99",,"1 kg = 4,99","1 kg = 4,99","mit Paprika-Würzung, je 800-g-Pckg.",Nein,2026-04-13 bis 2026-04-19,2026-04-13,2026-04-19,../images/rewe/bamberg_offer_095.jpg,"cat_molkerei_kaese,diet_gluten_free,diet_lactose_free,diet_vegetarian,sub_gefluegel,tag_proteinreich,tag_whole_food",bamberg,,,ref_000264,obs_0000011428,,,
Tasty Snacks Rounds,Wasa,"€ 1,99",,"1 kg = 8,47","1 kg = 8,47",je 235-g-Pckg.,Nein,2026-04-13 bis 2026-04-19,2026-04-13,2026-04-19,../images/rewe/immenstaad_offer_091.jpg,"cat_grundnahrung,tag_ultra_processed",immenstaad,,,ref_000265,obs_0000015426|obs_0000030004|obs_0000032224|obs_0000009748|obs_0000028823|obs_0000009285,obs_0000030004|obs_0000032224,,
Tasty Snacks Crisps,Wasa,"€ 1,99",,"1 kg = 10,47","1 kg = 10,47",je 190-g-Pckg.,Nein,2026-04-13 bis 2026-04-19,2026-04-13,2026-04-19,../images/rewe/immenstaad_offer_092.jpg,"cat_grundnahrung,tag_ultra_processed",immenstaad,,,ref_000266,obs_0000009748|obs_0000028823|obs_0000009285|obs_0000015426|obs_0000030005|obs_0000032225|obs_0000008773,obs_0000009748|obs_0000028823|obs_0000030005|obs_0000009285|obs_0000032225,,
Zwiebel Baguette,Rewe Beste Wahl,"€ 1,59",,"1 kg = 6,36","1 kg = 6,36",je 250-g-Pckg.,Nein,2026-04-13 bis 2026-04-19,2026-04-13,2026-04-19,../images/rewe/immenstaad_offer_093.jpg,"cat_grundnahrung,diet_gluten_free,diet_lactose_free,diet_vegan,diet_vegetarian,sub_frisches_gemuese,tag_whole_food",immenstaad,,,ref_000267,obs_0000029716|obs_0000012827|obs_0000007723|obs_0000006255|obs_0000007301|obs_0000008956|obs_0000013087|obs_0000014164|obs_0000012656|obs_0000028548|obs_0000028665,,,x
Tequila Beer,Salitos,"€ 4,99",,"1 l = 3,78","1 l = 3,78","je 4 x 0,33-l-Fl.-Pckg., zzgl. 0,32 € Pfand",Nein,2026-04-13 bis 2026-04-19,2026-04-13,2026-04-19,../images/rewe/immenstaad_offer_121.jpg,"cat_getraenke,diet_gluten_free,diet_lactose_free,diet_vegan,diet_vegetarian,sub_frisches_obst,tag_ultra_processed,tag_whole_food",immenstaad,,,ref_000268,obs_0000031893,,x,
Kronenbourg Blanc 1664,Keine Marke,"€ 5,99",,"1 l = 3,03","1 l = 3,03","je 6 x 0,33-l-Fl.-Sixpack, zzgl. 0,48 € Pfand",Nein,2026-04-13 bis 2026-04-19,2026-04-13,2026-04-19,../images/rewe/immenstaad_offer_122.jpg,"cat_getraenke,diet_gluten_free,diet_lactose_free,diet_vegan,diet_vegetarian,sub_frisches_obst,tag_ultra_processed,tag_whole_food",immenstaad,,,ref_000269,obs_0000030756|obs_0000032732|obs_0000017927|obs_0000027290|obs_0000026271|obs_0000034222,obs_0000030756|obs_0000032732,,
Weißbier,Franziskaner,"€ 4,29",,"1 l = 2,17","1 l = 2,17","versch. Sorten, je 6 x 0,33-l-Fl.-Sixpack, zzgl. 0,48 € Pfand",Nein,2026-04-13 bis 2026-04-19,2026-04-13,2026-04-19,../images/rewe/immenstaad_offer_124.jpg,"cat_getraenke,diet_gluten_free,diet_lactose_free,diet_vegan,diet_vegetarian",immenstaad,,,ref_000270,obs_0000030899|obs_0000031751|obs_0000031388|obs_0000028962|obs_0000031911|obs_0000028970|obs_0000034223|obs_0000027336|obs_0000028367|obs_0000028886|obs_0000035037,obs_0000030766|obs_0000030899|obs_0000029759|obs_0000028367|obs_0000032726|obs_0000006364|obs_0000030945|obs_0000029929|obs_0000031102,x,
Premium Pils,Turmbräu,"€ 0,49",,"1 l = 0,98","1 l = 0,98","je 0,5-l-Dose, zzgl. 0,25 € Pfand",Nein,2026-04-13 bis 2026-04-19,2026-04-13,2026-04-19,../images/rewe/immenstaad_offer_125.jpg,"cat_getraenke,diet_lactose_free",immenstaad,,,ref_000271,obs_0000029198|obs_0000028695|obs_0000014397|obs_0000028734|obs_0000012445|obs_0000016561|obs_0000010479|obs_0000026883|obs_0000012662|obs_0000008613|obs_0000010756|obs_0000011146|obs_0000011148|obs_0000027560|obs_0000013350|obs_0000033895|obs_0000027845|obs_0000011594|obs_0000009703|obs_0000013836|obs_0000015938|obs_0000034432|obs_0000028520|obs_0000028575|obs_0000028635|obs_0000008187|obs_0000031079|obs_0000031248|obs_0000029243|obs_0000031389|obs_0000029927|obs_0000026008|obs_0000030395|obs_0000008006|obs_0000030607|obs_0000028759|obs_0000012448|obs_0000016578|obs_0000028878|obs_0000035035|obs_0000028937|obs_0000008467|obs_0000000370|obs_0000004495|obs_0000010755|obs_0000012871|obs_0000027329|obs_0000004922|obs_0000017247|obs_0000031695,obs_0000029198,x,
Heidelbeeren,Keine Marke,"€ 1,49",,"1 kg = 11,92","1 kg = 11,92","Kl. I, je 125-g-Schale",Nein,2026-04-13 bis 2026-04-19,2026-04-13,2026-04-19,../images/rewe/immenstaad_offer_022.jpg,"cat_obst_gemuese,diet_gluten_free,diet_lactose_free,diet_vegan,diet_vegetarian,sub_exoten,sub_frisches_obst,tag_whole_food",immenstaad,,BLS-F304100,ref_000272,obs_0000002819|obs_0000026376|obs_0000032523|obs_0000027788|obs_0000003088|obs_0000033682|obs_0000025384|obs_0000025769|obs_0000031149|obs_0000007729|obs_0000000051|obs_0000030262|obs_0000000695|obs_0000003000|obs_0000016699|obs_0000032326|obs_0000019143|obs_0000026698|obs_0000034122|obs_0000029138|obs_0000030560|obs_0000028260|obs_0000001513|obs_0000027502|obs_0000000880|obs_0000033918|obs_0000034918|obs_0000006409|obs_0000030472|obs_0000034319|obs_0000030138|obs_0000030919|obs_0000022353|obs_0000005509|obs_0000005525|obs_0000005120|obs_0000006958|obs_0000005692|obs_0000007128|obs_0000007143|obs_0000005713|obs_0000005894,obs_0000002819|obs_0000026376|obs_0000032523|obs_0000027788|obs_0000003088|obs_0000033682|obs_0000025384|obs_0000025769|obs_0000031149|obs_0000007729|obs_0000000051|obs_0000030262|obs_0000000695|obs_0000003000|obs_0000016699|obs_0000032326|obs_0000019143|obs_0000026698|obs_0000034122|obs_0000029138|obs_0000030560|obs_0000028260|obs_0000001513|obs_0000027502|obs_0000000880|obs_0000033918|obs_0000034918,,
Schweine-Stielkotelett,Keine Marke,"€ 0,77",,"pro Einheit = 0,77","pro Einheit = 0,77","Haltungsform 2, je 100-g-",Nein,2026-04-13 bis 2026-04-19,2026-04-13,2026-04-19,../images/rewe/immenstaad_offer_027.jpg,"cat_fleisch_wurst,diet_gluten_free,diet_lactose_free,diet_vegetarian,sub_schwein,tag_whole_food",immenstaad,,BLS-U522100,ref_000273,obs_0000007248,,,
Bio Staudensellerie,Keine Marke,"€ 1,29",,"pro Einheit = 1,29","pro Einheit = 1,29","Kl. II, je 1-St.",Nein,2026-04-13 bis 2026-04-19,2026-04-13,2026-04-19,../images/rewe/immenstaad_offer_020.jpg,"cat_obst_gemuese,diet_gluten_free,diet_lactose_free,diet_vegan,diet_vegetarian,sub_frisches_gemuese,tag_whole_food",immenstaad,,,ref_000274,obs_0000030437|obs_0000019554|obs_0000028538|obs_0000028655|obs_0000030261|obs_0000005694|obs_0000032336,obs_0000030437,,
Freiraum Pute Puten-Schnitzel,Keine Marke,"€ 1,49",,"pro Einheit = 1,49","pro Einheit = 1,49","natur oder mariniert, Haltungsform 3, je 100-g-",Nein,2026-04-13 bis 2026-04-19,2026-04-13,2026-04-19,../images/rewe/immenstaad_offer_028.jpg,"cat_fleisch_wurst,diet_lactose_free,diet_vegetarian,sub_gefluegel,tag_ultra_processed,tag_whole_food",immenstaad,,,ref_000275,obs_0000030221|obs_0000026235|obs_0000000159|obs_0000031913|obs_0000028973|obs_0000027620|obs_0000005251|obs_0000000700|obs_0000001521,,,
Schweine-Rückensteaks,Keine Marke,"€ 0,99",,"pro Einheit = 0,99","pro Einheit = 0,99","versch. mariniert, Haltungsform 2, je 100-g-",Nein,2026-04-13 bis 2026-04-19,2026-04-13,2026-04-19,../images/rewe/immenstaad_offer_031.jpg,"cat_fleisch_wurst,diet_gluten_free,diet_lactose_free,diet_vegetarian,sub_schwein,tag_high_protein,tag_proteinreich,tag_whole_food",immenstaad,,BLS-U605000,ref_000276,,obs_0000031319|obs_0000024672|obs_0000007445,,
Duroc Schweine-Braten,Keine Marke,"€ 1,77",,"pro Einheit = 1,77","pro Einheit = 1,77","aus dem Nacken, je 100-g-",Nein,2026-04-13 bis 2026-04-19,2026-04-13,2026-04-19,../images/rewe/immenstaad_offer_032.jpg,"cat_fleisch_wurst,diet_gluten_free,diet_lactose_free,diet_vegan,diet_vegetarian,sub_frisches_gemuese,sub_schwein,tag_whole_food",immenstaad,,,ref_000277,obs_0000030581|obs_0000031225,,,
Lammhüfte,Keine Marke,"€ 2,79",,"pro Einheit = 2,79","pro Einheit = 2,79","natur oder mariniert, je 100-g-",Nein,2026-04-13 bis 2026-04-19,2026-04-13,2026-04-19,../images/rewe/immenstaad_offer_033.jpg,"cat_obst_gemuese,diet_gluten_free,diet_lactose_free,diet_vegan,diet_vegetarian,tag_ultra_processed,tag_whole_food",immenstaad,,,ref_000278,obs_0000029194|obs_0000034124|obs_0000030906|obs_0000034751,obs_0000029194|obs_0000034124|obs_0000030906|obs_0000034751,,
Landbauern Rind Rinder-Filet,Keine Marke,"€ 4,99",,"pro Einheit = 4,99","pro Einheit = 4,99","am Stück oder in Scheiben, Haltungsform 3, je 100-g-",Nein,2026-04-13 bis 2026-04-19,2026-04-13,2026-04-19,../images/rewe/immenstaad_offer_034.jpg,"cat_fleisch_wurst,diet_gluten_free,diet_lactose_free,sub_rind,tag_high_protein,tag_proteinreich,tag_whole_food",immenstaad,,,ref_000279,obs_0000030900|obs_0000029891|obs_0000031562|obs_0000031563,obs_0000030900|obs_0000029891,,
Kalbsnacken,Keine Marke,"€ 1,77",,"pro Einheit = 1,77","pro Einheit = 1,77","ohne Knochen, je 100-g-",Nein,2026-04-13 bis 2026-04-19,2026-04-13,2026-04-19,../images/rewe/immenstaad_offer_035.jpg,"cat_obst_gemuese,diet_gluten_free,diet_lactose_free,diet_vegan,diet_vegetarian,sub_frisches_gemuese,tag_ultra_processed,tag_whole_food",immenstaad,,,ref_000280,,,,
Paprini,Keine Marke,"€ 1,99",,"pro Einheit = 1,99","pro Einheit = 1,99","gefüllt mit Frischkäse, je 100-g-",Nein,2026-04-13 bis 2026-04-19,2026-04-13,2026-04-19,../images/rewe/immenstaad_offer_036.jpg,"cat_obst_gemuese,diet_gluten_free,diet_lactose_free,diet_vegan,diet_vegetarian,sub_exoten,sub_frisches_gemuese,sub_frisches_obst,tag_ultra_processed,tag_whole_food",immenstaad,,,ref_000281,,,,
Sonthofer Bergkäse,Keine Marke,"€ 1,59",,"pro Einheit = 1,59","pro Einheit = 1,59","Hartkäse, 50% Fett i.Tr., je 100-g-",Nein,2026-04-13 bis 2026-04-19,2026-04-13,2026-04-19,../images/rewe/immenstaad_offer_029.jpg,"cat_getraenke,diet_gluten_free,diet_lactose_free,diet_vegan,diet_vegetarian,sub_kaese,sub_milchprodukte,tag_ultra_processed,tag_whole_food",immenstaad,,,ref_000282,obs_0000030106|obs_0000030909|obs_0000022817|obs_0000022831|obs_0000033971|obs_0000008766|obs_0000016093,obs_0000030106|obs_0000030909,,
Rostbratwürstchen,Werz,"€ 1,29",,"pro Einheit = 1,29","pro Einheit = 1,29",je 100-g-,Nein,2026-04-13 bis 2026-04-19,2026-04-13,2026-04-19,../images/rewe/immenstaad_offer_037.jpg,"cat_fleisch_wurst,sub_wurst,tag_ultra_processed",immenstaad,,BLS-W222600,ref_000283,,,,
Himbeeren,Keine Marke,"€ 2,22",,"1 kg = 17,76","1 kg = 17,76","Kl. I, je 125-g-Schale",Nein,2026-04-13 bis 2026-04-19,2026-04-13,2026-04-19,../images/rewe/immenstaad_offer_017.jpg,"cat_obst_gemuese,diet_gluten_free,diet_lactose_free,diet_vegan,diet_vegetarian,sub_exoten,sub_frisches_obst,tag_whole_food",immenstaad,,BLS-F302100,ref_000284,obs_0000032513|obs_0000030214|obs_0000006412|obs_0000000524|obs_0000029585|obs_0000027154|obs_0000029205|obs_0000013981|obs_0000030130|obs_0000030258|obs_0000026169|obs_0000032322|obs_0000029127|obs_0000026967|obs_0000016741|obs_0000010473|obs_0000000498|obs_0000001270|obs_0000028022|obs_0000029817|obs_0000005511|obs_0000002727|obs_0000005696|obs_0000005315|obs_0000005328|obs_0000002907|obs_0000007521|obs_0000007532|obs_0000010894|obs_0000011789|obs_0000030995|obs_0000010921|obs_0000006959|obs_0000030324|obs_0000007799|obs_0000030428|obs_0000007801|obs_0000005894,obs_0000032513|obs_0000030214|obs_0000006412|obs_0000000524|obs_0000029585|obs_0000027154|obs_0000029205|obs_0000013981|obs_0000030130|obs_0000030258|obs_0000026169|obs_0000032322|obs_0000029127|obs_0000026967|obs_0000016741|obs_0000010473|obs_0000000498|obs_0000001270|obs_0000028022|obs_0000029817,,
Essreife Avocado,Keine Marke,"€ 1,99",,"pro Einheit = 1,99","pro Einheit = 1,99","»Hass«, Kl. I, je 1-St.",Nein,2026-04-13 bis 2026-04-19,2026-04-13,2026-04-19,../images/rewe/immenstaad_offer_018.jpg,"cat_obst_gemuese,diet_gluten_free,diet_lactose_free,diet_vegan,diet_vegetarian,sub_exoten,sub_frisches_obst,tag_ultra_processed,tag_whole_food",immenstaad,,,ref_000285,obs_0000031260|obs_0000030826|obs_0000028218|obs_0000017166|obs_0000029201|obs_0000020117|obs_0000027541|obs_0000008728|obs_0000001305|obs_0000000694|obs_0000034105|obs_0000000058|obs_0000018748|obs_0000029123|obs_0000020936|obs_0000027854|obs_0000034516|obs_0000030562|obs_0000014073,obs_0000031260|obs_0000030826,,
Erdbeeren,Keine Marke,"€ 2,79",,"1 kg = 6,98","1 kg = 6,98","»Calinda«, Kl. I, je 400-g-Schale",Nein,2026-04-13 bis 2026-04-19,2026-04-13,2026-04-19,../images/rewe/immenstaad_offer_016.jpg,"cat_obst_gemuese,diet_gluten_free,diet_lactose_free,diet_vegan,diet_vegetarian,sub_exoten,sub_frisches_gemuese,sub_frisches_obst,tag_whole_food",immenstaad,,BLS-F301100,ref_000286,obs_0000022919|obs_0000006408|obs_0000030617|obs_0000027419|obs_0000031261|obs_0000029494|obs_0000030915|obs_0000024529|obs_0000031576|obs_0000030564|obs_0000031462|obs_0000000875|obs_0000006265|obs_0000032512|obs_0000033793|obs_0000012233|obs_0000013901|obs_0000034400|obs_0000030989|obs_0000005687|obs_0000006083|obs_0000006092|obs_0000015717|obs_0000013414|obs_0000013418|obs_0000011389|obs_0000030428,obs_0000022919|obs_0000006408|obs_0000030617|obs_0000027419|obs_0000031261|obs_0000029494|obs_0000030915|obs_0000024529|obs_0000031576|obs_0000030564|obs_0000031462|obs_0000000875|obs_0000006265|obs_0000032512,,
Schwarzwaldcreme Mexicana,Keine Marke,"€ 1,49",,"pro Einheit = 1,49","pro Einheit = 1,49","Milchmischerzeugnis, je 100-g-",Nein,2026-04-13 bis 2026-04-19,2026-04-13,2026-04-19,../images/rewe/immenstaad_offer_038.jpg,"cat_obst_gemuese,diet_gluten_free,diet_lactose_free,diet_vegan,diet_vegetarian,tag_whole_food",immenstaad,,,ref_000287,,,,
Spießbratenwürstchen,Keine Marke,"€ 1,29",,"pro Einheit = 1,29","pro Einheit = 1,29",je 100-g-,Nein,2026-04-13 bis 2026-04-19,2026-04-13,2026-04-19,../images/rewe/immenstaad_offer_040.jpg,"cat_fleisch_wurst,diet_gluten_free,diet_lactose_free,diet_vegan,diet_vegetarian,sub_wurst,tag_ultra_processed,tag_whole_food",immenstaad,,,ref_000288,,,,
Butcher s Barbecue Puten-Minutenschnitzel,Keine Marke,"€ 16,90",,"pro Einheit = 16,90","pro Einheit = 16,90","versch. mariniert, SB-verpackt, je 1-kg-",Nein,2026-04-13 bis 2026-04-19,2026-04-13,2026-04-19,../images/rewe/immenstaad_offer_061.jpg,"cat_molkerei_kaese,sub_gefluegel",immenstaad,,,ref_000289,obs_0000018402,,,
Wilhelm Brandenburg Hackfleisch gemischt,Keine Marke,"€ 2,99",,"1 kg = 11,96","1 kg = 11,96","vom Rind und Schwein, je 250-g-Pckg.",Nein,2026-04-13 bis 2026-04-19,2026-04-13,2026-04-19,../images/rewe/immenstaad_offer_062.jpg,"cat_molkerei_kaese,sub_hackfleisch,sub_rind,sub_schwein,sub_wurst,tag_proteinreich,tag_ultra_processed",immenstaad,,,ref_000290,obs_0000030574|obs_0000030626|obs_0000009222|obs_0000009248|obs_0000016944|obs_0000030269|obs_0000025678|obs_0000029783|obs_0000033883|obs_0000014463|obs_0000021126|obs_0000008856|obs_0000027808|obs_0000005797|obs_0000011430|obs_0000018085|obs_0000030894|obs_0000029892|obs_0000030922|obs_0000006355|obs_0000006874|obs_0000034536|obs_0000030962|obs_0000022287|obs_0000031538|obs_0000017204|obs_0000020307|obs_0000026963|obs_0000031582|obs_0000009575|obs_0000028033|obs_0000007077|obs_0000030174|obs_0000027617|obs_0000009702|obs_0000005620|obs_0000012282|obs_0000001083|obs_0000000646|obs_0000030444|obs_0000000826,,,
Nothwang Berner-Würstchen,Keine Marke,"€ 1,49",,"pro Einheit = 1,49","pro Einheit = 1,49",je 100-g-,Nein,2026-04-13 bis 2026-04-19,2026-04-13,2026-04-19,../images/rewe/immenstaad_offer_039.jpg,"cat_fleisch_wurst,diet_gluten_free,diet_lactose_free,diet_vegan,diet_vegetarian,sub_wurst,tag_ultra_processed,tag_whole_food",immenstaad,,BLS-W211400,ref_000291,obs_0000009369|obs_0000009557,,,
Landbauern Kalbsburger,Keine Marke,"€ 4,99",,"1 kg = 24,95","1 kg = 24,95",je 200-g-Pckg.,Nein,2026-04-13 bis 2026-04-19,2026-04-13,2026-04-19,../images/rewe/immenstaad_offer_060.jpg,"cat_molkerei_kaese,diet_gluten_free,diet_lactose_free,diet_vegetarian,tag_high_protein",immenstaad,,,ref_000292,obs_0000010240,,,
Thurgauer Rahmkäse,Keine Marke,"€ 1,99",,"pro Einheit = 1,99","pro Einheit = 1,99","Schweizer Schnittkäse, 57% Fett i.Tr., je 100-g-",Nein,2026-04-13 bis 2026-04-19,2026-04-13,2026-04-19,../images/rewe/immenstaad_offer_041.jpg,"cat_getraenke,diet_gluten_free,diet_lactose_free,diet_vegan,diet_vegetarian,sub_kaese,sub_milchprodukte",immenstaad,,,ref_000293,obs_0000030907,obs_0000030907,,
Schweine-Filet,Keine Marke,"€ 8,80",,"pro Einheit = 8,80","pro Einheit = 8,80","SB-verpackt, je 1-kg-",Nein,2026-04-13 bis 2026-04-19,2026-04-13,2026-04-19,../images/rewe/immenstaad_offer_056.jpg,"cat_molkerei_kaese,diet_gluten_free,diet_lactose_free,sub_schwein,tag_high_protein,tag_proteinreich,tag_whole_food",immenstaad,,BLS-U611100,ref_000294,obs_0000031236|obs_0000027815|obs_0000029865|obs_0000029910|obs_0000028386|obs_0000030434|obs_0000029960|obs_0000030622|obs_0000031221|obs_0000031227,obs_0000031236|obs_0000027815|obs_0000029865|obs_0000029910|obs_0000028386|obs_0000030434|obs_0000029960|obs_0000030622|obs_0000031221,,
Schweine-Schnitzel,Keine Marke,"€ 7,77",,"pro Einheit = 7,77","pro Einheit = 7,77","aus der Oberschale, SB-verpackt, je 1-kg-",Nein,2026-04-13 bis 2026-04-19,2026-04-13,2026-04-19,../images/rewe/immenstaad_offer_055.jpg,"cat_molkerei_kaese,diet_gluten_free,diet_lactose_free,sub_schwein,tag_whole_food",immenstaad,,BLS-U543100,ref_000295,obs_0000026158|obs_0000027265|obs_0000020107|obs_0000025313|obs_0000026970|obs_0000020926|obs_0000007837|obs_0000005251|obs_0000000700|obs_0000029568|obs_0000029647|obs_0000001521|obs_0000030222|obs_0000030531|obs_0000031566|obs_0000029617,obs_0000026158|obs_0000027265|obs_0000020107|obs_0000025313|obs_0000026970|obs_0000020926,,
Schiller Bayrischer Wacholderschinken,Keine Marke,"€ 1,49",,"pro Einheit = 1,49","pro Einheit = 1,49",je 100-g-,Nein,2026-04-13 bis 2026-04-19,2026-04-13,2026-04-19,../images/rewe/immenstaad_offer_054.jpg,"cat_molkerei_kaese,sub_schwein,sub_wurst,tag_ultra_processed",immenstaad,,,ref_000296,obs_0000027297|obs_0000010607,,,
Höhenrainer Geflügel-Aufschnitt,Keine Marke,"€ 1,59",,"pro Einheit = 1,59","pro Einheit = 1,59","versch. Sorten, je 100-g-",Nein,2026-04-13 bis 2026-04-19,2026-04-13,2026-04-19,../images/rewe/immenstaad_offer_053.jpg,"cat_molkerei_kaese,sub_gefluegel,sub_wurst,tag_ultra_processed",immenstaad,,,ref_000297,obs_0000030548|obs_0000029548|obs_0000028930|obs_0000030265|obs_0000003644|obs_0000030888|obs_0000031962|obs_0000006531|obs_0000031187|obs_0000005611,obs_0000028930|obs_0000030548|obs_0000029548,,
Dresdner Russisch Brot,Dr. Quendt,"€ 0,79",,"1 kg = 7,90","1 kg = 7,90",je 100-g-Btl.,Nein,2026-04-13 bis 2026-04-19,2026-04-13,2026-04-19,../images/rewe/neubrandenburg_offer_174.jpg,"cat_knabbern_naschen,diet_gluten_free,diet_lactose_free,diet_vegan,diet_vegetarian,tag_ultra_processed,tag_whole_food",neubrandenburg,,,ref_000298,obs_0000002638|obs_0000002760|obs_0000027942|obs_0000026282,,x,
Erdnussflips,Wurzener,"€ 0,99",,"1 kg = 5,50","1 kg = 5,50",je 180-g-Btl.,Nein,2026-04-13 bis 2026-04-19,2026-04-13,2026-04-19,../images/rewe/neubrandenburg_offer_171.jpg,"cat_knabbern_naschen,diet_gluten_free,diet_lactose_free,diet_vegan,diet_vegetarian,tag_ultra_processed,tag_whole_food",neubrandenburg,,,ref_000299,obs_0000026957,,x,
O s,Halloren,"€ 1,29",,"1 kg = 10,32","1 kg = 10,32","versch. Sorten, je 125-g-Pckg.",Nein,2026-04-13 bis 2026-04-19,2026-04-13,2026-04-19,../images/rewe/neubrandenburg_offer_170.jpg,"cat_knabbern_naschen,diet_gluten_free,diet_lactose_free,diet_vegan,diet_vegetarian,sub_exoten,sub_frisches_gemuese,sub_frisches_obst,tag_ultra_processed,tag_whole_food",neubrandenburg,,,ref_000300,,obs_0000017848,x,
Fresh n Fruity Fresh n Juicy oder Fresh n Fruitea,Lichtenauer,"€ 0,89",,"1 l = 0,59","1 l = 0,59","versch. Sorten, je 1,5-l-Fl., zzgl. 0,25 € Pfand",Nein,2026-04-13 bis 2026-04-19,2026-04-13,2026-04-19,../images/rewe/neubrandenburg_offer_189.jpg,"cat_getraenke,tag_ultra_processed",neubrandenburg,,,ref_000301,obs_0000031247|obs_0000010949|obs_0000014826|obs_0000009197|obs_0000009679|obs_0000010738,obs_0000031247,x,
Güstrower Schlossquell,Keine Marke,"€ 5,49",,"1 l = 0,46","1 l = 0,46","versch. Sorten, je 12 x 1-l-Fl.-Kasten, zzgl. 4,50 € Pfand",Nein,2026-04-13 bis 2026-04-19,2026-04-13,2026-04-19,../images/rewe/neubrandenburg_offer_185.jpg,"cat_getraenke,diet_gluten_free,diet_lactose_free,diet_vegan,diet_vegetarian,tag_ultra_processed,tag_whole_food",neubrandenburg,,,ref_000302,obs_0000030233,obs_0000030233,,
Cola oder Limo,Vita,"€ 8,49",,"1 l = 0,71","1 l = 0,71","versch. Sorten, teilw. koffeinhaltig, je 12 x 1-l-Fl.-Kasten, zzgl. 3,30 € Pfand",Nein,2026-04-13 bis 2026-04-19,2026-04-13,2026-04-19,../images/rewe/neubrandenburg_offer_187.jpg,"cat_getraenke,diet_gluten_free,diet_lactose_free,diet_vegan,diet_vegetarian,sub_exoten,sub_frisches_obst,tag_ultra_processed,tag_whole_food",neubrandenburg,,,ref_000303,obs_0000030234|obs_0000008405|obs_0000016686|obs_0000016754|obs_0000000445|obs_0000008772|obs_0000008921|obs_0000000810|obs_0000009023|obs_0000017246|obs_0000009119|obs_0000001014|obs_0000017639|obs_0000026287|obs_0000026323|obs_0000026438|obs_0000018375|obs_0000026646|obs_0000034850|obs_0000027015|obs_0000027037|obs_0000019364|obs_0000003042|obs_0000027814|obs_0000027972|obs_0000028026|obs_0000028226|obs_0000004177|obs_0000020844|obs_0000004604|obs_0000005031|obs_0000021663|obs_0000013978|obs_0000022338|obs_0000031900,,x,
Ileburger Brause,Keine Marke,"€ 0,79",,"1 l = 0,53","1 l = 0,53","versch. Sorten, je 1,5-l-Fl., zzgl. 0,25 € Pfand",Nein,2026-04-13 bis 2026-04-19,2026-04-13,2026-04-19,../images/rewe/neubrandenburg_offer_192.jpg,"cat_getraenke,diet_gluten_free,diet_lactose_free,diet_vegan,diet_vegetarian,tag_whole_food",neubrandenburg,,,ref_000304,,,,
Knusperflocken,Zetti,"€ 1,79",,"1 kg = 13,77","1 kg = 13,77","klassik, je 130-g-Btl.",Nein,2026-04-13 bis 2026-04-19,2026-04-13,2026-04-19,../images/rewe/neubrandenburg_offer_168.jpg,"cat_knabbern_naschen,diet_gluten_free,diet_lactose_free,diet_vegan,diet_vegetarian,tag_ultra_processed,tag_whole_food",neubrandenburg,,,ref_000305,obs_0000031297|obs_0000030247|obs_0000009913|obs_0000009448,obs_0000031297|obs_0000009913|obs_0000030247|obs_0000009448,x,
Pils,Lübzer,"€ 10,99",,"1 l = 1,10","1 l = 1,10","versch. Sorten, je 20 x 0,5-l-Fl.-Kasten, zzgl. 3,10 € Pfand",Nein,2026-04-13 bis 2026-04-19,2026-04-13,2026-04-19,../images/rewe/neubrandenburg_offer_195.jpg,"cat_getraenke,diet_gluten_free,diet_lactose_free,diet_vegan,diet_vegetarian,sub_exoten,sub_frisches_obst,tag_whole_food",neubrandenburg,,,ref_000306,obs_0000031614|obs_0000010755|obs_0000013338|obs_0000033823|obs_0000026170|obs_0000015941|obs_0000012871|obs_0000028759|obs_0000024176|obs_0000028275|obs_0000034423|obs_0000012448|obs_0000027329|obs_0000016578|obs_0000019656|obs_0000023756|obs_0000028878|obs_0000035035|obs_0000028408|obs_0000028937|obs_0000008467|obs_0000027944|obs_0000004922|obs_0000028500|obs_0000017247|obs_0000000370|obs_0000014202|obs_0000010120|obs_0000004495|obs_0000034708|obs_0000010165|obs_0000028614|obs_0000026062|obs_0000031695|obs_0000003041|obs_0000004068|obs_0000013819|obs_0000031740,obs_0000031614,x,
Edel Pils,Köstritzer,"€ 10,49",,"1 l = 1,05","1 l = 1,05","je 20 x 0,5-l-Fl.-Kasten, zzgl. 3,10 € Pfand",Nein,2026-04-13 bis 2026-04-19,2026-04-13,2026-04-19,../images/rewe/neubrandenburg_offer_196.jpg,"cat_getraenke,diet_gluten_free,diet_lactose_free,diet_vegan,diet_vegetarian,tag_ultra_processed,tag_whole_food",neubrandenburg,,,ref_000307,obs_0000031613|obs_0000030608|obs_0000029638|obs_0000010755|obs_0000013338|obs_0000033823|obs_0000026170|obs_0000015941|obs_0000012871|obs_0000028759|obs_0000024176|obs_0000028275|obs_0000034423|obs_0000012448|obs_0000027329|obs_0000016578|obs_0000019656|obs_0000023756|obs_0000028878|obs_0000035035|obs_0000028408|obs_0000028937|obs_0000008467|obs_0000027944|obs_0000004922|obs_0000028500|obs_0000017247|obs_0000000370|obs_0000014202|obs_0000010120|obs_0000004495|obs_0000034708|obs_0000010165|obs_0000028614|obs_0000026062|obs_0000031695|obs_0000003041|obs_0000004068|obs_0000013819|obs_0000031740,obs_0000031613|obs_0000030608|obs_0000029638,x,
Letscho Premium,Spreewaldhof,"€ 1,89",,"1 kg = 2,78","1 kg = 2,78",je 680-g-Glas,Nein,2026-04-13 bis 2026-04-19,2026-04-13,2026-04-19,../images/rewe/neubrandenburg_offer_143.jpg,"cat_grundnahrung,diet_gluten_free,diet_lactose_free,diet_vegan,diet_vegetarian",neubrandenburg,,,ref_000308,obs_0000030243|obs_0000013830|obs_0000011595,obs_0000030243,x,
Riesa Teigwaren aus Hartweizen,Keine Marke,"€ 0,89",,"1 kg = 1,78","1 kg = 1,78","versch. Ausformungen, je 500-g-Btl.",Nein,2026-04-13 bis 2026-04-19,2026-04-13,2026-04-19,../images/rewe/neubrandenburg_offer_146.jpg,"cat_grundnahrung,diet_gluten_free,diet_lactose_free,diet_vegan,diet_vegetarian,sub_nudeln,tag_whole_food",neubrandenburg,,,ref_000309,obs_0000008738|obs_0000015404|obs_0000026301,,,
Papageienkuchen,Kathi,"€ 2,49",,"1 kg = 2,96","1 kg = 2,96",je 840-g-Pckg.,Nein,2026-04-13 bis 2026-04-19,2026-04-13,2026-04-19,../images/rewe/neubrandenburg_offer_153.jpg,"cat_grundnahrung,diet_gluten_free,diet_lactose_free,diet_vegan,diet_vegetarian,sub_exoten,sub_frisches_obst,sub_tk_fertiggerichte,tag_ultra_processed,tag_whole_food",neubrandenburg,,,ref_000310,obs_0000030246,obs_0000030246,x,
5 Bockwürste,Halberstädter,"€ 4,79",,"1 kg = 11,98","1 kg = 11,98","je 680-g-Glas, 400 g Abtropfgewicht",Nein,2026-04-13 bis 2026-04-19,2026-04-13,2026-04-19,../images/rewe/neubrandenburg_offer_154.jpg,"cat_grundnahrung,diet_gluten_free,diet_lactose_free,diet_vegan,diet_vegetarian,sub_wurst,tag_ultra_processed,tag_whole_food",neubrandenburg,,,ref_000311,obs_0000030593,obs_0000030593,x,
Spargelhof Klaistow Klaistower Kurze,Keine Marke,"€ 1,19",,"1 kg = 7,00","1 kg = 7,00","je 280-g-Glas, 170 g Abtropfgewicht",Nein,2026-04-13 bis 2026-04-19,2026-04-13,2026-04-19,../images/rewe/neubrandenburg_offer_157.jpg,"cat_grundnahrung,diet_gluten_free,diet_lactose_free,diet_vegan,diet_vegetarian,tag_ultra_processed,tag_whole_food",neubrandenburg,,,ref_000312,,,,
Pilsner oder Export,Feldschlößchen,"€ 9,99",,"1 l = 1,00","1 l = 1,00","je 20 x 0,5-l-Fl.-Kasten, zzgl. 3,10 € Pfand",Nein,2026-04-13 bis 2026-04-19,2026-04-13,2026-04-19,../images/rewe/neubrandenburg_offer_200.jpg,"cat_getraenke,diet_gluten_free,diet_lactose_free,diet_vegetarian,tag_ultra_processed",neubrandenburg,,,ref_000313,obs_0000030249|obs_0000026911|obs_0000031680|obs_0000033919|obs_0000027852|obs_0000015943|obs_0000026430,obs_0000030249,x,
Das herzhaft-kräftige Zwiebelbrot,Keine Marke,"€ 1,69",,"1 kg = 2,25","1 kg = 2,25","Weizenmischbrot mit Röstzwiebeln, je 750-g-St.",Nein,2026-04-13 bis 2026-04-19,2026-04-13,2026-04-19,../images/rewe/neubrandenburg_offer_134.jpg,"cat_grundnahrung,diet_gluten_free,diet_lactose_free,diet_vegan,diet_vegetarian,sub_frisches_gemuese,tag_whole_food",neubrandenburg,,,ref_000314,obs_0000005864|obs_0000006776,,,
Kosmonaut Naturtrübes Radler,Keine Marke,"€ 11,99",,"1 l = 1,20","1 l = 1,20","je 20 x 0,5-l-Fl.-Kasten, zzgl. 3,10 € Pfand",Nein,2026-04-13 bis 2026-04-19,2026-04-13,2026-04-19,../images/rewe/neubrandenburg_offer_203.jpg,"cat_getraenke,diet_gluten_free,diet_lactose_free,diet_vegan,diet_vegetarian,tag_whole_food",neubrandenburg,,,ref_000315,obs_0000027348|obs_0000029930|obs_0000013844,,,
Sekt oder Fruchtsecco,Rotkäppchen,"€ 3,29",,"1 l = 4,39","1 l = 4,39","versch. Sorten, je 0,75-l-Fl.",Nein,2026-04-13 bis 2026-04-19,2026-04-13,2026-04-19,../images/rewe/neubrandenburg_offer_205.jpg,"cat_getraenke,diet_vegetarian,tag_ultra_processed",neubrandenburg,,,ref_000316,obs_0000029437|obs_0000029767|obs_0000030392|obs_0000005625|obs_0000005998|obs_0000007078|obs_0000007450|obs_0000007657|obs_0000000122|obs_0000025002|obs_0000025209|obs_0000017436|obs_0000018037|obs_0000026289|obs_0000026425|obs_0000018687|obs_0000002457|obs_0000027487|obs_0000011144|obs_0000011802|obs_0000020626|obs_0000012441|obs_0000012870|obs_0000021445|obs_0000023255|obs_0000015084|obs_0000023384|obs_0000031833|obs_0000015935|obs_0000001810|obs_0000016680|obs_0000024889|obs_0000017456|obs_0000001461|obs_0000026048|obs_0000018465|obs_0000019009|obs_0000010911|obs_0000027358|obs_0000019561|obs_0000011590|obs_0000003634|obs_0000028281|obs_0000012437|obs_0000012694|obs_0000013889|obs_0000022430|obs_0000014644|obs_0000015666|obs_0000015699,obs_0000029437|obs_0000029767|obs_0000030392,,
Sambalita Exotic-Likör 18 Vol oder Wilthener Gebirgskräuter,Wilthener,"€ 5,99",,"1 l = 8,56","1 l = 8,56","30% Vol., je 0,7-l-Fl.",Nein,2026-04-13 bis 2026-04-19,2026-04-13,2026-04-19,../images/rewe/neubrandenburg_offer_206.jpg,"cat_getraenke,diet_vegetarian,tag_ultra_processed",neubrandenburg,,,ref_000317,,,x,
Nordhäuser Reiche Ernte Williams,Keine Marke,"€ 5,99",,"1 l = 11,98","1 l = 11,98","30% Vol., je 0,5-l-Fl.",Nein,2026-04-13 bis 2026-04-19,2026-04-13,2026-04-19,../images/rewe/neubrandenburg_offer_211.jpg,"cat_getraenke,diet_gluten_free,diet_lactose_free,diet_vegan,diet_vegetarian,tag_whole_food",neubrandenburg,,,ref_000318,obs_0000030948|obs_0000006565|obs_0000012427|obs_0000013361|obs_0000015664|obs_0000034294,,,
Darguner Pilsener Naturradler Zitrone oder Mecklenburger hell,Keine Marke,"€ 9,99",,"1 l = 1,00","1 l = 1,00","je 20 x 0,5-l-Fl.-Kasten, zzgl. 3,10 € Pfand",Nein,2026-04-13 bis 2026-04-19,2026-04-13,2026-04-19,../images/rewe/neubrandenburg_offer_199.jpg,"cat_getraenke,diet_gluten_free,diet_lactose_free,diet_vegan,diet_vegetarian",neubrandenburg,,,ref_000319,obs_0000030250|obs_0000031615|obs_0000029580|obs_0000033832|obs_0000031579|obs_0000034296|obs_0000032505,obs_0000030250|obs_0000031615,,
Vermouth Bianco,Gotano,"€ 3,99",,"1 l = 5,32","1 l = 5,32","15% Vol., je 0,75-l-Fl.",Nein,2026-04-13 bis 2026-04-19,2026-04-13,2026-04-19,../images/rewe/neubrandenburg_offer_215.jpg,"cat_getraenke,diet_gluten_free,diet_lactose_free,diet_vegan,diet_vegetarian,tag_whole_food",neubrandenburg,,,ref_000320,obs_0000033580|obs_0000019796|obs_0000016478,,x,
Alter Schwede,Rücker,"€ 1,59",,"1 kg = 15,90","1 kg = 15,90","Schnittkäse, 50% Fett i.Tr., je 100-g-Pckg.",Nein,2026-04-13 bis 2026-04-19,2026-04-13,2026-04-19,../images/rewe/neubrandenburg_offer_047.jpg,"cat_molkerei_kaese,diet_gluten_free,diet_lactose_free,diet_vegan,diet_vegetarian,sub_kaese,tag_ultra_processed,tag_whole_food",neubrandenburg,,,ref_000321,obs_0000029268,obs_0000029268,x,
Landmilch,Thüringer Land,"€ 1,49",,"pro Einheit = 1,49","pro Einheit = 1,49","3,8% Fett, je 1-l-Fl., zzgl. 0,15 € Pfand",Nein,2026-04-13 bis 2026-04-19,2026-04-13,2026-04-19,../images/rewe/neubrandenburg_offer_049.jpg,"cat_molkerei_kaese,diet_gluten_free,diet_lactose_free,diet_vegetarian",neubrandenburg,,,ref_000322,obs_0000030638|obs_0000029269,obs_0000030638|obs_0000029269,x,
Radeberger mit Bockshornklee,Heinrichsthaler,"€ 1,69",,"1 kg = 13,52","1 kg = 13,52",je 125-g-Pckg.,Nein,2026-04-13 bis 2026-04-19,2026-04-13,2026-04-19,../images/rewe/neubrandenburg_offer_050.jpg,"cat_molkerei_kaese,diet_vegetarian,tag_ultra_processed",neubrandenburg,,,ref_000323,obs_0000030640,obs_0000030640,x,
Leckermäulchen,Frischli,"€ 0,59",,"1 kg = 3,93","1 kg = 3,93","Vanille, je 150-g-Becher",Nein,2026-04-13 bis 2026-04-19,2026-04-13,2026-04-19,../images/rewe/neubrandenburg_offer_051.jpg,"cat_molkerei_kaese,diet_gluten_free,diet_lactose_free,diet_vegan,diet_vegetarian,tag_ultra_processed,tag_whole_food",neubrandenburg,,,ref_000324,obs_0000030620,obs_0000030620,x,
Bio Rostbratwurst,Thüringer Landstolz,"€ 6,49",,"1 kg = 16,23","1 kg = 16,23",je 400-g-Pckg.,Nein,2026-04-13 bis 2026-04-19,2026-04-13,2026-04-19,../images/rewe/neubrandenburg_offer_055.jpg,"cat_molkerei_kaese,diet_lactose_free,diet_vegetarian,sub_wurst,tag_ultra_processed",neubrandenburg,,,ref_000325,obs_0000029275|obs_0000030624|obs_0000013376|obs_0000014464,,x,
Radeberger Premium-Lachsschinken,Keine Marke,"€ 2,99",,"1 kg = 19,93","1 kg = 19,93",je 150-g-Pckg.,Nein,2026-04-13 bis 2026-04-19,2026-04-13,2026-04-19,../images/rewe/neubrandenburg_offer_056.jpg,"cat_molkerei_kaese,sub_schwein,sub_wurst",neubrandenburg,,,ref_000326,obs_0000013830|obs_0000026709|obs_0000006858|obs_0000007419|obs_0000027441|obs_0000011595|obs_0000010598|obs_0000033776,,,
Wolf Appetiter Streich-Mettwurst,Keine Marke,"€ 2,59",,"1 kg = 10,36","1 kg = 10,36",je 2 x 125-g-Pckg.,Nein,2026-04-13 bis 2026-04-19,2026-04-13,2026-04-19,../images/rewe/neubrandenburg_offer_058.jpg,"cat_molkerei_kaese,diet_gluten_free,diet_lactose_free,diet_vegetarian,sub_wurst,tag_ultra_processed",neubrandenburg,,,ref_000327,obs_0000030644|obs_0000009613|obs_0000012704|obs_0000006180|obs_0000007229|obs_0000010064|obs_0000005971|obs_0000014808,obs_0000030644,,
Rostbratwurst,Die Thüringer,"€ 1,99",,"1 kg = 9,95","1 kg = 9,95",je 2 x 100-g-Pckg.,Nein,2026-04-13 bis 2026-04-19,2026-04-13,2026-04-19,../images/rewe/neubrandenburg_offer_059.jpg,"cat_molkerei_kaese,sub_wurst,tag_ultra_processed",neubrandenburg,,BLS-W340000,ref_000328,obs_0000009263|obs_0000029275|obs_0000027860|obs_0000034076|obs_0000014109|obs_0000008488|obs_0000030624|obs_0000030650|obs_0000008189|obs_0000013376|obs_0000014464,,x,
Frühlings-Kartoffelsalat,Golßener,"€ 3,19",,"1 kg = 4,56","1 kg = 4,56",je 700-g-Pckg.,Nein,2026-04-13 bis 2026-04-19,2026-04-13,2026-04-19,../images/rewe/neubrandenburg_offer_060.jpg,"cat_molkerei_kaese,diet_gluten_free,diet_lactose_free,diet_vegan,diet_vegetarian,sub_frisches_gemuese,sub_kartoffeln,sub_salate,tag_ultra_processed,tag_whole_food",neubrandenburg,,,ref_000329,obs_0000030107|obs_0000031132|obs_0000026272|obs_0000010201,,x,
Bio Joghurt Griechischer Art,Gläserne Molkerei,"€ 1,39",,"1 kg = 3,48","1 kg = 3,48","7,5% Fett, je 400-g-Becher",Nein,2026-04-13 bis 2026-04-19,2026-04-13,2026-04-19,../images/rewe/neubrandenburg_offer_061.jpg,"cat_molkerei_kaese,diet_gluten_free,diet_lactose_free,diet_vegan,diet_vegetarian,sub_joghurt_skyr_quark,sub_milchprodukte,tag_whole_food",neubrandenburg,,,ref_000330,obs_0000031258|obs_0000030652|obs_0000006103|obs_0000023033,,x,
Quäse mild,Loose,"€ 2,49",,"1 kg = 11,32","1 kg = 11,32","Sauermilchkäse, je 220-g-Pckg.",Nein,2026-04-13 bis 2026-04-19,2026-04-13,2026-04-19,../images/rewe/neubrandenburg_offer_062.jpg,"cat_molkerei_kaese,diet_vegan,diet_vegetarian,sub_kaese,sub_milchprodukte",neubrandenburg,,,ref_000331,obs_0000026745|obs_0000018510|obs_0000000605|obs_0000010454|obs_0000029270,obs_0000029270|obs_0000026745,,
Rostocker Mini-Knacker,Keine Marke,"€ 5,99",,"1 kg = 11,98","1 kg = 11,98",je 500-g-Pckg.,Nein,2026-04-13 bis 2026-04-19,2026-04-13,2026-04-19,../images/rewe/neubrandenburg_offer_033.jpg,"cat_molkerei_kaese,diet_gluten_free,diet_lactose_free,diet_vegan,diet_vegetarian,sub_wurst,tag_ultra_processed,tag_whole_food",neubrandenburg,,,ref_000332,obs_0000030637|obs_0000012328|obs_0000022621|obs_0000006379|obs_0000025060|obs_0000010932|obs_0000007224|obs_0000017530|obs_0000019635|obs_0000026024|obs_0000018128|obs_0000016216,obs_0000030637,,
Bio Salatgurke,Keine Marke,"€ 0,79",,"pro Einheit = 0,79","pro Einheit = 0,79","Kl. II, je 1-St.",Nein,2026-04-13 bis 2026-04-19,2026-04-13,2026-04-19,../images/rewe/neubrandenburg_offer_016.jpg,"cat_obst_gemuese,diet_gluten_free,diet_lactose_free,diet_vegan,diet_vegetarian,sub_exoten,sub_frisches_gemuese,sub_frisches_obst,sub_salate,tag_whole_food",neubrandenburg,,BLS-G520100,ref_000333,obs_0000031262|obs_0000006068|obs_0000006407|obs_0000006429|obs_0000031142,obs_0000031262,,
Bio Erdbeeren,Keine Marke,"€ 2,49",,"1 kg = 9,96","1 kg = 9,96","Kl. I, je 250-g-Schale",Nein,2026-04-13 bis 2026-04-19,2026-04-13,2026-04-19,../images/rewe/neubrandenburg_offer_018.jpg,"cat_obst_gemuese,diet_gluten_free,diet_lactose_free,diet_vegan,diet_vegetarian,sub_exoten,sub_frisches_gemuese,sub_frisches_obst,tag_whole_food",neubrandenburg,,,ref_000334,obs_0000013414|obs_0000000875|obs_0000027419|obs_0000029494|obs_0000030564|obs_0000030617|obs_0000006265|obs_0000030915|obs_0000006408|obs_0000022919|obs_0000031261|obs_0000031462|obs_0000031576|obs_0000032512|obs_0000024529,,,
Snack Möhren,Keine Marke,"€ 0,99",,"1 kg = 3,96","1 kg = 3,96","Kl. I, je 250-g-Btl.",Nein,2026-04-13 bis 2026-04-19,2026-04-13,2026-04-19,../images/rewe/neubrandenburg_offer_020.jpg,"cat_obst_gemuese,diet_gluten_free,diet_lactose_free,diet_vegan,diet_vegetarian,sub_frisches_gemuese,tag_ultra_processed,tag_whole_food",neubrandenburg,,,ref_000335,obs_0000030259|obs_0000031230|obs_0000030143|obs_0000017480|obs_0000005706|obs_0000027745|obs_0000008865|obs_0000025802|obs_0000026853|obs_0000026344|obs_0000010486|obs_0000008450|obs_0000006415|obs_0000025364|obs_0000017698|obs_0000015693|obs_0000018804|obs_0000028058|obs_0000014824,obs_0000030259|obs_0000031230,,
Wurzelsalat,Keine Marke,"€ 1,19",,"pro Einheit = 1,19","pro Einheit = 1,19","»Salattrio«, je 1-St.",Nein,2026-04-13 bis 2026-04-19,2026-04-13,2026-04-19,../images/rewe/neubrandenburg_offer_021.jpg,"cat_obst_gemuese,diet_gluten_free,diet_lactose_free,diet_vegan,diet_vegetarian,sub_frisches_gemuese,sub_salate,tag_ultra_processed,tag_whole_food",neubrandenburg,,,ref_000336,,,,
Edelsaftschinken,Meister,"€ 1,59",,"pro Einheit = 1,59","pro Einheit = 1,59",je 100-g-,Nein,2026-04-13 bis 2026-04-19,2026-04-13,2026-04-19,../images/rewe/neubrandenburg_offer_029.jpg,"cat_fleisch_wurst,diet_gluten_free,diet_lactose_free,diet_vegan,diet_vegetarian,sub_schwein,sub_wurst,tag_ultra_processed,tag_whole_food",neubrandenburg,,,ref_000337,obs_0000030913,,x,
Haselnuss-Nougat-Brotaufstrich,Nudossi,"€ 1,29",,"1 kg = 6,45","1 kg = 6,45","36% Haselnuss, je 200-g-Becher",Nein,2026-04-13 bis 2026-04-19,2026-04-13,2026-04-19,../images/rewe/neubrandenburg_offer_132.jpg,"cat_grundnahrung,diet_lactose_free,diet_vegan,diet_vegetarian,tag_ultra_processed,tag_whole_food",neubrandenburg,,,ref_000338,obs_0000034334|obs_0000015391|obs_0000022597|obs_0000023659|obs_0000014956|obs_0000031930|obs_0000001243|obs_0000013042|obs_0000010497|obs_0000008458|obs_0000010510|obs_0000013124|obs_0000012207|obs_0000034763|obs_0000031182|obs_0000018403,,x,
Salami,Greußener,"€ 1,29",,"1 kg = 16,13","1 kg = 16,13",je 80-g-Pckg.,Nein,2026-04-13 bis 2026-04-19,2026-04-13,2026-04-19,../images/rewe/neubrandenburg_offer_064.jpg,"cat_molkerei_kaese,diet_gluten_free,diet_lactose_free,diet_vegan,diet_vegetarian,sub_frisches_gemuese,sub_wurst,tag_ultra_processed,tag_whole_food",neubrandenburg,,,ref_000339,obs_0000030649|obs_0000002611|obs_0000010316|obs_0000014932|obs_0000019030|obs_0000028273|obs_0000005781|obs_0000023205|obs_0000003239|obs_0000019666|obs_0000016602|obs_0000008425|obs_0000021226|obs_0000003307|obs_0000002285|obs_0000011010|obs_0000025355|obs_0000026898|obs_0000017184|obs_0000007987|obs_0000025934|obs_0000008039|obs_0000016755|obs_0000034176|obs_0000002957|obs_0000020407|obs_0000016328|obs_0000017375|obs_0000031198|obs_0000010234,obs_0000030649,x,
Vanille Chocolate,Florida Eis,"€ 1,69",,"1 l = 11,27","1 l = 11,27",je 150-ml-Becher,Nein,2026-04-13 bis 2026-04-19,2026-04-13,2026-04-19,../images/rewe/neubrandenburg_offer_117.jpg,"cat_tiefkuehl,diet_gluten_free,diet_lactose_free,diet_vegan,diet_vegetarian,sub_frisches_gemuese,sub_tk_eis,sub_tk_fertiggerichte,tag_ultra_processed,tag_whole_food",neubrandenburg,,,ref_000340,obs_0000034392|obs_0000025743|obs_0000011964|obs_0000011490|obs_0000025829|obs_0000018692|obs_0000017710|obs_0000013168,,x,
Thüringer Pflaumenmus,Mühlhäuser,"€ 1,69",,"1 kg = 3,76","1 kg = 3,76","versch. Sorten, je 450-g-Glas",Nein,2026-04-13 bis 2026-04-19,2026-04-13,2026-04-19,../images/rewe/neubrandenburg_offer_127.jpg,"cat_grundnahrung,diet_gluten_free,diet_lactose_free,diet_vegan,diet_vegetarian,sub_frisches_obst,tag_whole_food",neubrandenburg,,,ref_000341,obs_0000034302,obs_0000034302,x,
Jagdwurst,Friki Geflügel,"€ 4,99",,"1 kg = 6,65","1 kg = 6,65",je 750-g-St.,Nein,2026-04-13 bis 2026-04-19,2026-04-13,2026-04-19,../images/rewe/neubrandenburg_offer_067.jpg,"cat_molkerei_kaese,diet_vegetarian,sub_gefluegel,sub_wurst,tag_ultra_processed",neubrandenburg,,,ref_000342,obs_0000030654|obs_0000034380,,x,
Schokopudding,Hemme Milch,"€ 0,95",,"1 kg = 4,75","1 kg = 4,75",je 200-g-Becher,Nein,2026-04-13 bis 2026-04-19,2026-04-13,2026-04-19,../images/rewe/neubrandenburg_offer_068.jpg,"cat_molkerei_kaese,diet_gluten_free,diet_lactose_free,diet_vegetarian,sub_milchprodukte,sub_sahne_creme,tag_ultra_processed",neubrandenburg,,,ref_000343,obs_0000003614|obs_0000026178|obs_0000000796,,x,
DDR Leberkäse,Rätzel,"€ 3,49",,"1 kg = 11,63","1 kg = 11,63",je 300-g-St.,Nein,2026-04-13 bis 2026-04-19,2026-04-13,2026-04-19,../images/rewe/neubrandenburg_offer_070.jpg,"cat_molkerei_kaese,diet_lactose_free,sub_kaese,sub_schwein,sub_wurst,tag_ultra_processed,tag_whole_food",neubrandenburg,,,ref_000344,obs_0000030655|obs_0000026147|obs_0000027967|obs_0000027097|obs_0000008701,obs_0000030655,x,
Lobetaler Bio Fruchtjoghurt mild,Keine Marke,"€ 0,65",,"1 kg = 4,33","1 kg = 4,33","3,7% Fett, Mango-Vanille, je 150-g-Becher",Nein,2026-04-13 bis 2026-04-19,2026-04-13,2026-04-19,../images/rewe/neubrandenburg_offer_072.jpg,"cat_molkerei_kaese,diet_gluten_free,diet_lactose_free,diet_vegan,diet_vegetarian,sub_joghurt_skyr_quark,sub_milchprodukte,tag_ultra_processed,tag_whole_food",neubrandenburg,,,ref_000345,obs_0000030642|obs_0000025592|obs_0000017723|obs_0000000675|obs_0000009565|obs_0000034180|obs_0000010169|obs_0000010615|obs_0000002565|obs_0000002802|obs_0000011045|obs_0000020315|obs_0000012792|obs_0000021134|obs_0000014486|obs_0000023234|obs_0000023627,obs_0000030642,,
Havelländer Frischwurst-Aufschnitt,Keine Marke,"€ 0,99",,"pro Einheit = 0,99","pro Einheit = 0,99","versch. Sorten, je 100-g-",Nein,2026-04-13 bis 2026-04-19,2026-04-13,2026-04-19,../images/rewe/neubrandenburg_offer_077.jpg,"cat_molkerei_kaese,sub_wurst,tag_ultra_processed",neubrandenburg,,,ref_000346,obs_0000031631|obs_0000030635|obs_0000029650|obs_0000015363|obs_0000028037|obs_0000009229|obs_0000000916|obs_0000026919|obs_0000001726|obs_0000011865|obs_0000009055|obs_0000030217|obs_0000003644|obs_0000028409,obs_0000031631|obs_0000030635|obs_0000029650,,
Butcher s Barbecue Puten-Minuten-Schnitzel,Keine Marke,"€ 12,90",,"pro Einheit = 12,90","pro Einheit = 12,90","in versch. Marinaden, SB-verpackt, je 1-kg-",Nein,2026-04-13 bis 2026-04-19,2026-04-13,2026-04-19,../images/rewe/neubrandenburg_offer_079.jpg,"cat_molkerei_kaese,sub_gefluegel",neubrandenburg,,,ref_000347,obs_0000030221|obs_0000026235|obs_0000000159|obs_0000031913|obs_0000028973|obs_0000027620|obs_0000005251|obs_0000000700|obs_0000001521,,,
Schweine-Nackensteaks,REWE Bio,"€ 22,90",,"pro Einheit = 22,90","pro Einheit = 22,90","SB-verpackt, je 1-kg-",Nein,2026-04-13 bis 2026-04-19,2026-04-13,2026-04-19,../images/rewe/neubrandenburg_offer_083.jpg,"cat_molkerei_kaese,diet_gluten_free,diet_lactose_free,diet_vegetarian,sub_schwein,tag_whole_food",neubrandenburg,,BLS-U605000,ref_000348,obs_0000031319|obs_0000024672|obs_0000007445|obs_0000032401|obs_0000029921|obs_0000023636|obs_0000000649|obs_0000022890,obs_0000031319|obs_0000024672|obs_0000032401|obs_0000029921|obs_0000007445,,
Gulasch gemischt,Keine Marke,"€ 5,99",,"1 kg = 11,98","1 kg = 11,98","vom Rind und Schwein, je 500-g-Pckg.",Nein,2026-04-13 bis 2026-04-19,2026-04-13,2026-04-19,../images/rewe/neubrandenburg_offer_084.jpg,"cat_molkerei_kaese,diet_gluten_free,diet_lactose_free,diet_vegan,diet_vegetarian,sub_rind,sub_schwein,tag_ultra_processed,tag_whole_food",neubrandenburg,,BLS-Y182912,ref_000349,obs_0000031234|obs_0000007241|obs_0000009293|obs_0000029290|obs_0000008317|obs_0000006347|obs_0000030923|obs_0000030950|obs_0000014163|obs_0000005978|obs_0000013674|obs_0000031193|obs_0000024145|obs_0000023717|obs_0000020673|obs_0000019678|obs_0000025475|obs_0000021492|obs_0000000631|obs_0000000644|obs_0000000645|obs_0000030869|obs_0000001197|obs_0000000702|obs_0000024868|obs_0000000888|obs_0000001518|obs_0000029179|obs_0000011454,obs_0000031234|obs_0000007241|obs_0000009293|obs_0000029290|obs_0000008317|obs_0000006347|obs_0000030923|obs_0000030950|obs_0000014163|obs_0000005978|obs_0000013674|obs_0000031193,,
Crevetten,deutsche see,"€ 3,49",,"1 kg = 24,93","1 kg = 24,93","mit Cocktail Dip, je 140-g-Pckg.",Nein,2026-04-13 bis 2026-04-19,2026-04-13,2026-04-19,../images/rewe/neubrandenburg_offer_085.jpg,"cat_molkerei_kaese,diet_gluten_free,diet_lactose_free,diet_vegan,diet_vegetarian,tag_whole_food",neubrandenburg,,,ref_000350,obs_0000030968|obs_0000030495|obs_0000031269|obs_0000030632|obs_0000030014|obs_0000030272|obs_0000030540|obs_0000029287|obs_0000029555,obs_0000030968,x,
Leberp t,Pluma,"€ 1,29",,"pro Einheit = 1,29","pro Einheit = 1,29",je 100-g-,Nein,2026-04-13 bis 2026-04-19,2026-04-13,2026-04-19,../images/rewe/neubrandenburg_offer_088.jpg,"cat_molkerei_kaese,diet_gluten_free,diet_lactose_free,diet_vegan,diet_vegetarian,sub_frisches_obst,tag_ultra_processed,tag_whole_food",neubrandenburg,,,ref_000351,obs_0000029667|obs_0000031640,obs_0000029667|obs_0000031640,x,
