Produkt,Marke,Preis,Vorheriger Preis,Preis_kg,Hinweis,Nur_online,Gueltig_raw,Gueltig_von,Gueltig_bis,Bildpfad,assigned_labels,source_market,nutrition_link,reference_row_id,rough_match_observation_ids,exact_match_observation_ids
Tulip Bacon XXL,Keine Marke,"€ 4,44",,"1 kg = 11,84",je 3 x 125-g-Pckg.,Nein,2026-03-23 bis 2026-03-29,2026-03-23,2026-03-29,images_rewe/bamberg_offer_001.jpg,"cat_fleisch_wurst,diet_gluten_free,diet_lactose_free,diet_vegan,diet_vegetarian,sub_schwein,sub_wurst,tag_ultra_processed,tag_whole_food",bamberg,,ref_000001,obs_0000032484|obs_0000032047|obs_0000023768|obs_0000024192|obs_0000025976|obs_0000001018|obs_0000001019|obs_0000011008|obs_0000012763|obs_0000012775|obs_0000013967|obs_0000014146|obs_0000026814,obs_0000032047|obs_0000032484
Cards,Kinder,"€ 2,22",,"1 kg = 17,34","je 5 x 25,6-g-Pckg.",Nein,2026-03-23 bis 2026-03-29,2026-03-23,2026-03-29,images_rewe/bamberg_offer_197.jpg,"cat_knabbern_naschen,tag_ultra_processed",bamberg,,ref_000002,obs_0000011558|obs_0000023383|obs_0000006384|obs_0000010291|obs_0000008306|obs_0000001430|obs_0000028148|obs_0000033280|obs_0000005282,obs_0000011558|obs_0000023383
Schokololli-Hasen,REWE Beste Wahl,"€ 0,99",,"1 kg = 43,04","versch. Sorten, je 23-g-Btl.",Nein,2026-03-23 bis 2026-03-29,2026-03-23,2026-03-29,images_rewe/bamberg_offer_196.jpg,"cat_knabbern_naschen,diet_gluten_free,diet_lactose_free,diet_vegan,diet_vegetarian,tag_ultra_processed,tag_whole_food",bamberg,,ref_000003,,
Bueno,Kinder,"€ 1,99",,"1 kg = 15,43","je 6 x 21,5-g-Pckg.",Nein,2026-03-23 bis 2026-03-29,2026-03-23,2026-03-29,images_rewe/bamberg_offer_195.jpg,"cat_knabbern_naschen,tag_ultra_processed",bamberg,,ref_000004,obs_0000015458|obs_0000024693|obs_0000010946|obs_0000013542|obs_0000023306|obs_0000022888|obs_0000006582|obs_0000012221|obs_0000021588|obs_0000006233|obs_0000030306|obs_0000007287|obs_0000033011|obs_0000032006|obs_0000017164|obs_0000020769|obs_0000015141|obs_0000025406|obs_0000029007|obs_0000019282|obs_0000005472|obs_0000018371|obs_0000022487|obs_0000010212|obs_0000016368|obs_0000026264|obs_0000018796|obs_0000009131|obs_0000010193|obs_0000017407|obs_0000028142,obs_0000006233|obs_0000015458|obs_0000024693|obs_0000010946|obs_0000013542|obs_0000023306|obs_0000005472|obs_0000022888|obs_0000006582|obs_0000012221
Küsschen,Ferrero,"€ 2,39",,"1 kg = 13,43",je 178-g-Pckg.,Nein,2026-03-23 bis 2026-03-29,2026-03-23,2026-03-29,images_rewe/bamberg_offer_194.jpg,"cat_knabbern_naschen,diet_vegetarian,tag_ultra_processed",bamberg,BLS-D440500,ref_000005,obs_0000033892|obs_0000012388|obs_0000028524|obs_0000028639|obs_0000024703|obs_0000019298|obs_0000005652|obs_0000007279|obs_0000032119|obs_0000028144|obs_0000012387|obs_0000015291,obs_0000005652|obs_0000033892|obs_0000012388
After Eight,Nestl,"€ 2,29",,"1 kg = 11,45",je 200-g-Pckg.,Nein,2026-03-23 bis 2026-03-29,2026-03-23,2026-03-29,images_rewe/bamberg_offer_193.jpg,"cat_knabbern_naschen,tag_ultra_processed",bamberg,,ref_000006,obs_0000006576|obs_0000019693|obs_0000024899|obs_0000018327|obs_0000008691|obs_0000005470|obs_0000032156|obs_0000032700|obs_0000030673,obs_0000005470|obs_0000006576
Funny-frisch Frit-Sticks,Keine Marke,"€ 0,99",,"1 kg = 9,90","ungarisch, je 100-g-Btl.",Nein,2026-03-23 bis 2026-03-29,2026-03-23,2026-03-29,images_rewe/bamberg_offer_192.jpg,"cat_knabbern_naschen,diet_gluten_free,diet_lactose_free,diet_vegetarian,tag_ultra_processed",bamberg,,ref_000007,obs_0000014804|obs_0000015885,
Osterhase,REWE Beste Wahl,"€ 0,99",,"1 kg = 14,14","versch. Sorten, je 70-g-St.",Nein,2026-03-23 bis 2026-03-29,2026-03-23,2026-03-29,images_rewe/bamberg_offer_199.jpg,"cat_knabbern_naschen,diet_gluten_free,diet_lactose_free,diet_vegan,diet_vegetarian,sub_frisches_gemuese,tag_ultra_processed,tag_whole_food",bamberg,,ref_000008,obs_0000024716|obs_0000024717|obs_0000001703|obs_0000001708|obs_0000013811|obs_0000013777,obs_0000024716|obs_0000024717|obs_0000001703|obs_0000001708|obs_0000013811
Erdnuß Locken,Lorenz,"€ 1,11",,"1 kg = 7,40","Western Style, je 150-g-Btl.",Nein,2026-03-23 bis 2026-03-29,2026-03-23,2026-03-29,images_rewe/bamberg_offer_191.jpg,"cat_knabbern_naschen,diet_lactose_free,diet_vegan,diet_vegetarian,tag_ultra_processed",bamberg,,ref_000009,obs_0000002833|obs_0000007702|obs_0000006042,obs_0000002833|obs_0000006042|obs_0000013617
DeBeukelaer Prinzen Rolle,Keine Marke,"€ 1,69",,"1 kg = 4,80","Vollkorn, je 352-g-Rolle",Nein,2026-03-23 bis 2026-03-29,2026-03-23,2026-03-29,images_rewe/bamberg_offer_189.jpg,"cat_knabbern_naschen,diet_gluten_free,diet_lactose_free,diet_vegan,diet_vegetarian,tag_ultra_processed,tag_whole_food",bamberg,,ref_000010,obs_0000007285|obs_0000005280|obs_0000006232|obs_0000030670|obs_0000030672|obs_0000000439|obs_0000033650|obs_0000003067|obs_0000004169|obs_0000004596|obs_0000005023|obs_0000025729|obs_0000027884|obs_0000031709|obs_0000026331,obs_0000005280|obs_0000006232|obs_0000007285|obs_0000030670|obs_0000030672
Elit Dubaischokolade Riegel,Keine Marke,"€ 1,99",,"1 kg = 66,33",je 30-g-Riegel,Nein,2026-03-23 bis 2026-03-29,2026-03-23,2026-03-29,images_rewe/bamberg_offer_188.jpg,"cat_knabbern_naschen,diet_vegetarian,tag_ultra_processed",bamberg,,ref_000011,obs_0000029006|obs_0000033364|obs_0000010357|obs_0000011786|obs_0000012676|obs_0000013851|obs_0000014601|obs_0000015457|obs_0000016822|obs_0000016928|obs_0000017107|obs_0000019932|obs_0000022867|obs_0000025377|obs_0000030996,obs_0000029006
Funny-frisch Jumpys,Keine Marke,"€ 0,99",,"1 kg = 13,20","Paprika, je 75-g-Btl.",Nein,2026-03-23 bis 2026-03-29,2026-03-23,2026-03-29,images_rewe/bamberg_offer_187.jpg,"cat_knabbern_naschen,diet_gluten_free,diet_lactose_free,diet_vegan,diet_vegetarian,tag_ultra_processed,tag_whole_food",bamberg,,ref_000012,obs_0000006736|obs_0000007283|obs_0000007289|obs_0000007696|obs_0000007704|obs_0000029688|obs_0000030305|obs_0000030674|obs_0000032121|obs_0000032692|obs_0000005473|obs_0000006032|obs_0000006046,
Überraschung Maxi-Ei,Kinder,"€ 2,99",,"1 kg = 29,90","versch. Sorten, je 100-g-St.",Nein,2026-03-23 bis 2026-03-29,2026-03-23,2026-03-29,images_rewe/bamberg_offer_186.jpg,"cat_knabbern_naschen,tag_ultra_processed",bamberg,,ref_000013,obs_0000024695|obs_0000019990|obs_0000013973|obs_0000015038|obs_0000023378|obs_0000012861|obs_0000030986|obs_0000026635|obs_0000027668|obs_0000034715|obs_0000028087,obs_0000024695
Smarties oder Kitkat Osterhase,Nestl,"€ 1,79",,"1 kg = 21,06",je 85-g-St.,Nein,2026-03-23 bis 2026-03-29,2026-03-23,2026-03-29,images_rewe/bamberg_offer_185.jpg,"cat_knabbern_naschen,tag_ultra_processed",bamberg,,ref_000014,obs_0000012395|obs_0000016824|obs_0000017118|obs_0000019413|obs_0000028765|obs_0000012665|obs_0000024716|obs_0000024717|obs_0000001703|obs_0000001708|obs_0000011381|obs_0000013811|obs_0000013891|obs_0000015030|obs_0000016128,
Lindt Blätterkrokant,Keine Marke,"€ 3,49",,"1 kg = 41,06",je 85-g-Btl.,Nein,2026-03-23 bis 2026-03-29,2026-03-23,2026-03-29,images_rewe/bamberg_offer_184.jpg,"cat_knabbern_naschen,diet_gluten_free,diet_lactose_free,diet_vegan,diet_vegetarian,tag_ultra_processed,tag_whole_food",bamberg,,ref_000015,obs_0000032173|obs_0000016532|obs_0000017518|obs_0000018634|obs_0000022122,obs_0000032173
Duo,Kinder,"€ 2,22",,"1 kg = 14,80","je 12 x 12,5-g-St.",Nein,2026-03-23 bis 2026-03-29,2026-03-23,2026-03-29,images_rewe/bamberg_offer_190.jpg,"cat_knabbern_naschen,tag_ultra_processed",bamberg,,ref_000016,obs_0000011965|obs_0000023297|obs_0000006384|obs_0000021084|obs_0000008288|obs_0000031371|obs_0000020265|obs_0000031070|obs_0000024431|obs_0000028530|obs_0000002932|obs_0000022926|obs_0000021908|obs_0000009652|obs_0000024011|obs_0000009170|obs_0000018401|obs_0000014309|obs_0000028647|obs_0000031838|obs_0000016605|obs_0000017145|obs_0000008027|obs_0000030619|obs_0000027080|obs_0000019436|obs_0000005282|obs_0000015589|obs_0000016221|obs_0000022993|obs_0000013495|obs_0000015590|obs_0000017130|obs_0000016715|obs_0000027293|obs_0000002897|obs_0000001971,obs_0000011965|obs_0000023297|obs_0000023002
Cantuccini Toscani IGP,REWE Feine Welt,"€ 2,29",,"1 kg = 11,45",je 200-g-Btl.,Nein,2026-03-23 bis 2026-03-29,2026-03-23,2026-03-29,images_rewe/bamberg_offer_200.jpg,"cat_knabbern_naschen,diet_gluten_free,diet_lactose_free,diet_vegan,diet_vegetarian,sub_milchprodukte,tag_whole_food",bamberg,,ref_000017,obs_0000019589|obs_0000023173|obs_0000011541|obs_0000024553,
Schoko-Eier,REWE Beste Wahl,"€ 2,39",,"1 kg = 11,95",je 200-g-Netz,Nein,2026-03-23 bis 2026-03-29,2026-03-23,2026-03-29,images_rewe/bamberg_offer_202.jpg,"cat_knabbern_naschen,diet_gluten_free,diet_lactose_free,diet_vegan,diet_vegetarian,tag_ultra_processed,tag_whole_food",bamberg,BLS-D7A7600,ref_000018,obs_0000008570,
Vitamin Water,Hohes C,"€ 1,39",,"1 l = 1,85","versch. Sorten, je 0,75-l-Fl., zzgl. 0,25 € Pfand",Nein,2026-03-23 bis 2026-03-29,2026-03-23,2026-03-29,images_rewe/bamberg_offer_216.jpg,cat_getraenke,bamberg,,ref_000019,obs_0000027816|obs_0000028723|obs_0000033837|obs_0000005641|obs_0000000390|obs_0000004522|obs_0000004949|obs_0000006362|obs_0000004095,obs_0000005641|obs_0000027816|obs_0000028723
Fuze Tea,Fuze Tea,"€ 1,29",,"1 l = 1,03","versch. Sorten, je 1,25-l-Fl., zzgl. 0,25 € Pfand",Nein,2026-03-23 bis 2026-03-29,2026-03-23,2026-03-29,images_rewe/bamberg_offer_215.jpg,"cat_getraenke,tag_ultra_processed",bamberg,,ref_000020,obs_0000034655|obs_0000029754|obs_0000007267|obs_0000017671|obs_0000018798,obs_0000029754|obs_0000034655|obs_0000007267
Pfanner IceTea,Keine Marke,"€ 1,29",,"1 l = 0,65","versch. Sorten, je 2-l-Pckg.",Nein,2026-03-23 bis 2026-03-29,2026-03-23,2026-03-29,images_rewe/bamberg_offer_214.jpg,"cat_getraenke,diet_gluten_free,diet_lactose_free,diet_vegan,diet_vegetarian,tag_ultra_processed,tag_whole_food",bamberg,,ref_000021,obs_0000030299,obs_0000030299
Volvic Mineralwasser,Keine Marke,"€ 3,99",,"1 l = 0,44","Naturelle, je 6 x 1,5-l-Fl.-Pckg., zzgl. 1,50 € Pfand",Nein,2026-03-23 bis 2026-03-29,2026-03-23,2026-03-29,images_rewe/bamberg_offer_213.jpg,"cat_getraenke,diet_gluten_free,diet_lactose_free,diet_vegan,diet_vegetarian,tag_whole_food",bamberg,BLS-N120000,ref_000022,obs_0000032706|obs_0000007093|obs_0000005270|obs_0000034043|obs_0000034044|obs_0000001349|obs_0000034235|obs_0000034238|obs_0000034437|obs_0000034851|obs_0000035059|obs_0000003689|obs_0000008437|obs_0000008537|obs_0000008801|obs_0000008841|obs_0000009353|obs_0000009985|obs_0000010519|obs_0000011123|obs_0000011969|obs_0000012414|obs_0000013773|obs_0000014332|obs_0000014625|obs_0000015481|obs_0000015908|obs_0000020366|obs_0000021185|obs_0000025562|obs_0000026205|obs_0000026570|obs_0000026948|obs_0000027653|obs_0000027836|obs_0000027856|obs_0000028027|obs_0000028493|obs_0000028537|obs_0000028603|obs_0000028654|obs_0000028800|obs_0000028841|obs_0000028931|obs_0000028968|obs_0000031006|obs_0000031797|obs_0000031867|obs_0000031871,obs_0000032706
Gönrgy Energy Drink,Keine Marke,"€ 0,99",,"1 l = 1,98","versch. Sorten, koffeinhaltig, je 0,5-l-Dose, zzgl. 0,25 € Pfand",Nein,2026-03-23 bis 2026-03-29,2026-03-23,2026-03-29,images_rewe/bamberg_offer_212.jpg,"cat_getraenke,diet_lactose_free,diet_vegan,tag_ultra_processed",bamberg,,ref_000023,obs_0000030404|obs_0000032717|obs_0000006567|obs_0000028180|obs_0000006550|obs_0000006727|obs_0000007094|obs_0000007266|obs_0000007466|obs_0000007672|obs_0000007877|obs_0000007885|obs_0000029420|obs_0000029725|obs_0000029976|obs_0000030678|obs_0000031002|obs_0000032127|obs_0000032255|obs_0000032438|obs_0000032707|obs_0000032711|obs_0000000193|obs_0000000304|obs_0000033497|obs_0000034110|obs_0000001917|obs_0000002158|obs_0000002214|obs_0000002490|obs_0000003962|obs_0000004389|obs_0000004816|obs_0000008960|obs_0000009616|obs_0000010050|obs_0000010758|obs_0000011333|obs_0000011355|obs_0000012204|obs_0000013175|obs_0000013614|obs_0000013993|obs_0000014658|obs_0000016414|obs_0000016807|obs_0000017046|obs_0000017338|obs_0000018063|obs_0000018194,obs_0000030404|obs_0000032717
Saft,Hohes C,"€ 1,49",,"pro Einheit = 1,49","versch. Sorten, ausgenommen 100% Orangensaft, je 1-l-Fl., zzgl. 0,25 € Pfand",Nein,2026-03-23 bis 2026-03-29,2026-03-23,2026-03-29,images_rewe/bamberg_offer_211.jpg,cat_getraenke,bamberg,BLS-F514600,ref_000024,obs_0000021042|obs_0000026785|obs_0000019142|obs_0000020223|obs_0000026383|obs_0000028431|obs_0000027982|obs_0000024985|obs_0000027142|obs_0000025618|obs_0000027674|obs_0000026144|obs_0000016953|obs_0000033872|obs_0000034438|obs_0000032918|obs_0000017106|obs_0000034047|obs_0000022436|obs_0000010200|obs_0000017915|obs_0000015913|obs_0000015914|obs_0000030300|obs_0000029845|obs_0000008343|obs_0000032472|obs_0000029417|obs_0000032021|obs_0000031005|obs_0000011568|obs_0000011569|obs_0000007474|obs_0000029012|obs_0000034650|obs_0000000868|obs_0000007095|obs_0000031164|obs_0000032190|obs_0000008148|obs_0000030841|obs_0000015054|obs_0000029441|obs_0000026036|obs_0000006726|obs_0000032384|obs_0000005825|obs_0000027407|obs_0000007092|obs_0000030171,obs_0000027142|obs_0000025618|obs_0000027674|obs_0000026144|obs_0000021042|obs_0000016953|obs_0000033872|obs_0000034438|obs_0000032918|obs_0000026785|obs_0000019142|obs_0000017106|obs_0000034047|obs_0000020223|obs_0000026383|obs_0000028431|obs_0000027982|obs_0000024985|obs_0000022436|obs_0000010200|obs_0000017915
Gefüllte Eier,REWE Beste Wahl,"€ 1,39",,"1 kg = 13,90","versch. Sorten, je 100-g-Btl.",Nein,2026-03-23 bis 2026-03-29,2026-03-23,2026-03-29,images_rewe/bamberg_offer_201.jpg,"cat_knabbern_naschen,diet_gluten_free,diet_lactose_free,diet_vegan,diet_vegetarian,tag_ultra_processed,tag_whole_food",bamberg,,ref_000025,obs_0000031104|obs_0000001704|obs_0000008570,
Fanta Sprite oder Mezzo Mix,Coca-Cola,"€ 9,99",,"1 l = 0,83","versch. Sorten, teilw. koffeinhaltig, je 12 x 1-l-Fl.-Kasten, zzgl. 3,30 € Pfand",Nein,2026-03-23 bis 2026-03-29,2026-03-23,2026-03-29,images_rewe/bamberg_offer_210.jpg,"cat_getraenke,diet_gluten_free,diet_lactose_free,diet_vegan,diet_vegetarian,tag_ultra_processed",bamberg,,ref_000026,obs_0000031043|obs_0000028043|obs_0000034906|obs_0000031294|obs_0000023307|obs_0000022976|obs_0000032258|obs_0000032019|obs_0000029984|obs_0000029010|obs_0000032704|obs_0000030679|obs_0000015905|obs_0000011120|obs_0000007251|obs_0000007451|obs_0000005442|obs_0000006553|obs_0000000515|obs_0000025798|obs_0000013322|obs_0000015049|obs_0000024700,obs_0000031043|obs_0000028043
Gelee Hasen Eier gezuckert oder Fondant Hasen,REWE Beste Wahl,"€ 0,99",,"1 kg = 6,60",je 150-g-Pckg.,Nein,2026-03-23 bis 2026-03-29,2026-03-23,2026-03-29,images_rewe/bamberg_offer_208.jpg,"cat_knabbern_naschen,diet_gluten_free,diet_lactose_free,diet_vegan,diet_vegetarian,tag_ultra_processed",bamberg,,ref_000027,obs_0000002602|obs_0000027316|obs_0000008570,
Oster Häschen,REWE Beste Wahl,"€ 1,99",,"1 kg = 15,92",je 125-g-Dose,Nein,2026-03-23 bis 2026-03-29,2026-03-23,2026-03-29,images_rewe/bamberg_offer_207.jpg,"cat_knabbern_naschen,diet_gluten_free,diet_lactose_free,diet_vegan,diet_vegetarian,tag_ultra_processed,tag_whole_food",bamberg,,ref_000028,,
Mandel-Haselnuss Florentiner,REWE Feine Welt,"€ 2,39",,"1 kg = 19,12","mit Zartbitter­schokolade, je 125-g-Pckg.",Nein,2026-03-23 bis 2026-03-29,2026-03-23,2026-03-29,images_rewe/bamberg_offer_206.jpg,"cat_knabbern_naschen,diet_gluten_free,diet_lactose_free,diet_vegan,diet_vegetarian,tag_ultra_processed,tag_whole_food",bamberg,,ref_000029,obs_0000025187|obs_0000022597|obs_0000001243,
Glückskäfer,REWE Beste Wahl,"€ 1,99",,"1 kg = 19,90",je 100-g-Box,Nein,2026-03-23 bis 2026-03-29,2026-03-23,2026-03-29,images_rewe/bamberg_offer_204.jpg,"cat_knabbern_naschen,diet_gluten_free,diet_lactose_free,diet_vegan,diet_vegetarian,tag_whole_food",bamberg,,ref_000030,obs_0000030997|obs_0000001711|obs_0000013662,obs_0000030997|obs_0000001711|obs_0000013662
Nougat Eier,REWE Beste Wahl,"€ 1,99",,"1 kg = 18,95","versch. Sorten, je 105-g-Btl.",Nein,2026-03-23 bis 2026-03-29,2026-03-23,2026-03-29,images_rewe/bamberg_offer_203.jpg,"cat_knabbern_naschen,diet_gluten_free,diet_lactose_free,diet_vegan,diet_vegetarian,sub_frisches_gemuese,tag_ultra_processed,tag_whole_food",bamberg,,ref_000031,obs_0000001547|obs_0000030990|obs_0000008570,obs_0000001547|obs_0000030990
Blätterkrokant,REWE Beste Wahl,"€ 1,69",,"1 kg = 11,27",je 150-g-Btl.,Nein,2026-03-23 bis 2026-03-29,2026-03-23,2026-03-29,images_rewe/bamberg_offer_209.jpg,"cat_knabbern_naschen,diet_gluten_free,diet_lactose_free,diet_vegan,diet_vegetarian,tag_ultra_processed,tag_whole_food",bamberg,,ref_000032,obs_0000022122|obs_0000017518|obs_0000016532|obs_0000018634|obs_0000001709|obs_0000009039|obs_0000032173,obs_0000022122|obs_0000017518|obs_0000016532|obs_0000018634
Rhönsprudel Mineralwasser,Keine Marke,"€ 5,49",,"1 l = 0,61","versch. Sorten, je 12 x 0,75-l-Fl.-Kasten, zzgl. 3,30 € Pfand",Nein,2026-03-23 bis 2026-03-29,2026-03-23,2026-03-29,images_rewe/bamberg_offer_217.jpg,"cat_getraenke,diet_gluten_free,diet_lactose_free,diet_vegan,diet_vegetarian",bamberg,,ref_000033,obs_0000029415|obs_0000030684|obs_0000032710|obs_0000034043|obs_0000034044|obs_0000034235|obs_0000034238|obs_0000034437|obs_0000034851|obs_0000035059|obs_0000003689|obs_0000008437|obs_0000008537|obs_0000008801|obs_0000008841|obs_0000009353|obs_0000009985|obs_0000010519|obs_0000011123|obs_0000011969|obs_0000012414|obs_0000013773|obs_0000014332|obs_0000014625|obs_0000015481|obs_0000015908|obs_0000020366|obs_0000021185|obs_0000025562|obs_0000026205|obs_0000026570|obs_0000026948|obs_0000027653|obs_0000027836|obs_0000027856|obs_0000028027|obs_0000028493|obs_0000028537|obs_0000028603|obs_0000028654|obs_0000028800|obs_0000028841|obs_0000028931|obs_0000028968|obs_0000031006|obs_0000031797|obs_0000031867|obs_0000031871,obs_0000034653|obs_0000029415|obs_0000030684|obs_0000032710
Manner Törtchen oder Schnittchen,Keine Marke,"€ 2,49",,"1 kg = 6,23",je 400-g-Pckg.,Nein,2026-03-23 bis 2026-03-29,2026-03-23,2026-03-29,images_rewe/bamberg_offer_182.jpg,"cat_knabbern_naschen,diet_vegetarian,tag_ultra_processed",bamberg,,ref_000034,obs_0000012844|obs_0000017726,
Eier,Milka,"€ 1,99",,"1 kg = 23,14","versch. Sorten, je 86-g-Btl.",Nein,2026-03-23 bis 2026-03-29,2026-03-23,2026-03-29,images_rewe/bamberg_offer_180.jpg,"cat_knabbern_naschen,diet_vegetarian,tag_ultra_processed",bamberg,,ref_000035,obs_0000008570|obs_0000034719|obs_0000001547|obs_0000028776|obs_0000008826|obs_0000027789|obs_0000000672|obs_0000001697|obs_0000001698|obs_0000010403|obs_0000011937|obs_0000001709|obs_0000034966|obs_0000014516|obs_0000013520|obs_0000025828|obs_0000013587|obs_0000030998|obs_0000031000|obs_0000011059|obs_0000034713|obs_0000027566|obs_0000003510|obs_0000001985|obs_0000013815|obs_0000027683|obs_0000001705|obs_0000026801|obs_0000031449|obs_0000030990|obs_0000030537|obs_0000014156|obs_0000001704|obs_0000035014|obs_0000031104|obs_0000005762|obs_0000034712,obs_0000008570
Schnell gewürzt Kochpaste,Knorr,"€ 1,99",,"1 kg = 12,06","Gerösteter Knoblauch, Pilz & Weißwein, je 165-g-Glas",Nein,2026-03-23 bis 2026-03-29,2026-03-23,2026-03-29,images_rewe/bamberg_offer_161.jpg,"cat_grundnahrung,tag_ultra_processed",bamberg,,ref_000036,,
Hellmann s cremige Mayonnaise,Keine Marke,"€ 1,99",,"1 l = 4,63",je 430-ml-Fl.,Nein,2026-03-23 bis 2026-03-29,2026-03-23,2026-03-29,images_rewe/bamberg_offer_160.jpg,"cat_grundnahrung,diet_gluten_free,diet_lactose_free,diet_vegan,diet_vegetarian,tag_whole_food",bamberg,,ref_000037,obs_0000006311|obs_0000031023|obs_0000001763|obs_0000010674|obs_0000015657|obs_0000015844,
Paradies Creme,Dr Oetker,"€ 0,79",,"1 kg = 13,17","Vanille, je 60-g-Pckg.",Nein,2026-03-23 bis 2026-03-29,2026-03-23,2026-03-29,images_rewe/bamberg_offer_159.jpg,"cat_grundnahrung,tag_ultra_processed",bamberg,,ref_000038,obs_0000026747|obs_0000033360|obs_0000013141|obs_0000005755,obs_0000012645|obs_0000008723|obs_0000015015|obs_0000002821|obs_0000005755|obs_0000016101
Thomy Delikatess Mayonnaise,Keine Marke,"€ 1,79",,"1 l = 8,95",je 200-ml-Tube,Nein,2026-03-23 bis 2026-03-29,2026-03-23,2026-03-29,images_rewe/bamberg_offer_158.jpg,"cat_grundnahrung,diet_gluten_free,diet_lactose_free,diet_vegan,diet_vegetarian,tag_ultra_processed,tag_whole_food",bamberg,,ref_000039,obs_0000007001|obs_0000029017|obs_0000030294|obs_0000032488|obs_0000034025|obs_0000001763|obs_0000010674|obs_0000015657|obs_0000015844,
Lacroix Fond oder Suppe,Keine Marke,"€ 1,99",,"1 l = 4,98","versch. Sorten, je 400-ml-Glas / 400-ml-Dose",Nein,2026-03-23 bis 2026-03-29,2026-03-23,2026-03-29,images_rewe/bamberg_offer_157.jpg,"cat_grundnahrung,diet_gluten_free,diet_lactose_free,diet_vegan,diet_vegetarian,tag_ultra_processed,tag_whole_food",bamberg,,ref_000040,obs_0000006824|obs_0000007969|obs_0000034285|obs_0000002959|obs_0000013636|obs_0000015871|obs_0000016626|obs_0000016761|obs_0000017023|obs_0000019387|obs_0000027223|obs_0000031330,
Delikatess Soße,Maggi,"€ 0,79",,"pro Einheit = 0,79","versch. Sorten, ausreichend für 2 x 0,25 Liter, je 1-Pckg.",Nein,2026-03-23 bis 2026-03-29,2026-03-23,2026-03-29,images_rewe/bamberg_offer_156.jpg,"cat_grundnahrung,diet_vegetarian,tag_ultra_processed",bamberg,,ref_000041,obs_0000028884|obs_0000010356|obs_0000014562|obs_0000013031,obs_0000028884
Kartoffel Püree,Pfanni,"€ 1,49",,"1 kg = 5,26","das Komplette, je 283,5-g-Pckg.",Nein,2026-03-23 bis 2026-03-29,2026-03-23,2026-03-29,images_rewe/bamberg_offer_162.jpg,"cat_grundnahrung,diet_gluten_free,diet_lactose_free,diet_vegan,diet_vegetarian,sub_kartoffeln,tag_ultra_processed,tag_whole_food",bamberg,,ref_000042,obs_0000034083|obs_0000028736|obs_0000032487|obs_0000032113|obs_0000029682,obs_0000015875|obs_0000010132|obs_0000015008|obs_0000034083|obs_0000028736
Choi s Bibimmyeon Nudeln Carbonara,Keine Marke,"€ 1,49",,"1 kg = 11,37",je 131-g-Btl.,Nein,2026-03-23 bis 2026-03-29,2026-03-23,2026-03-29,images_rewe/bamberg_offer_155.jpg,"cat_grundnahrung,diet_gluten_free,diet_lactose_free,diet_vegan,diet_vegetarian,tag_ultra_processed,tag_whole_food",bamberg,,ref_000043,obs_0000008075|obs_0000008784|obs_0000013802|obs_0000015006,
Fix Lachs-Sahne Gratin,Maggi,"€ 0,44",,"1 kg = 16,92",je 26-g-Btl.,Nein,2026-03-23 bis 2026-03-29,2026-03-23,2026-03-29,images_rewe/bamberg_offer_153.jpg,"cat_grundnahrung,sub_sahne_creme,tag_ultra_processed",bamberg,,ref_000044,obs_0000032108|obs_0000021014|obs_0000020195|obs_0000026433|obs_0000025048|obs_0000018941|obs_0000010238|obs_0000026187|obs_0000012367|obs_0000034939|obs_0000015001|obs_0000016596|obs_0000009999|obs_0000006464|obs_0000009537|obs_0000017240|obs_0000013189|obs_0000033739|obs_0000010701,
Incahuasi Crema,REWE Feine Welt,"€ 16,99",,"pro Einheit = 16,99","ganze Bohnen, je 1000-g-Pckg.",Nein,2026-03-23 bis 2026-03-29,2026-03-23,2026-03-29,images_rewe/bamberg_offer_152.jpg,"cat_grundnahrung,diet_gluten_free,diet_lactose_free,diet_vegan,diet_vegetarian,sub_milchprodukte,tag_whole_food",bamberg,,ref_000045,obs_0000008359,
Wasa Vollkorn Roggen,Keine Marke,"€ 1,79",,"1 kg = 6,88",je 260-g-Pckg.,Nein,2026-03-23 bis 2026-03-29,2026-03-23,2026-03-29,images_rewe/bamberg_offer_151.jpg,"cat_grundnahrung,diet_gluten_free,diet_lactose_free,diet_vegan,diet_vegetarian,tag_whole_food",bamberg,,ref_000046,obs_0000029029|obs_0000029696|obs_0000032661|obs_0000029033|obs_0000029709|obs_0000032662|obs_0000008045,obs_0000029029|obs_0000029696|obs_0000032661
Wasa Sesam Vollkorn,Keine Marke,"€ 1,79",,"1 kg = 8,95",je 200-g-Pckg.,Nein,2026-03-23 bis 2026-03-29,2026-03-23,2026-03-29,images_rewe/bamberg_offer_150.jpg,"cat_grundnahrung,diet_gluten_free,diet_lactose_free,diet_vegan,diet_vegetarian,tag_whole_food",bamberg,,ref_000047,obs_0000029033|obs_0000029709|obs_0000032662|obs_0000029029|obs_0000029696|obs_0000032661|obs_0000028544|obs_0000028661,obs_0000029033|obs_0000029709|obs_0000032662
Bonne Maman Weniger Zucker mehr Frucht Konfitüre,Keine Marke,"€ 2,49",,"1 kg = 7,43","Erdbeere, je 335-g-Glas",Nein,2026-03-23 bis 2026-03-29,2026-03-23,2026-03-29,images_rewe/bamberg_offer_149.jpg,"cat_grundnahrung,diet_vegetarian,tag_ultra_processed",bamberg,,ref_000048,obs_0000030710|obs_0000006313|obs_0000030695|obs_0000005567|obs_0000028522|obs_0000028637,obs_0000030710
Kölln Cereals Risps,Keine Marke,"€ 2,49",,"1 kg = 6,64",je 375-g-Pckg.,Nein,2026-03-23 bis 2026-03-29,2026-03-23,2026-03-29,images_rewe/bamberg_offer_148.jpg,"cat_grundnahrung,diet_gluten_free,diet_lactose_free,diet_vegan,diet_vegetarian,tag_ultra_processed,tag_whole_food",bamberg,,ref_000049,,
Hawesta extra zarte Heringsfilets,Keine Marke,"€ 1,11",,"1 kg = 5,55","versch. Sorten, je 200-g-Dose",Nein,2026-03-23 bis 2026-03-29,2026-03-23,2026-03-29,images_rewe/bamberg_offer_154.jpg,"cat_grundnahrung,diet_gluten_free,diet_lactose_free,diet_vegan,diet_vegetarian,tag_whole_food",bamberg,,ref_000050,obs_0000032302|obs_0000006134|obs_0000028030|obs_0000008151|obs_0000011345|obs_0000012835|obs_0000013969|obs_0000014064|obs_0000015371|obs_0000034021|obs_0000034417|obs_0000002069|obs_0000002730|obs_0000008976|obs_0000011350|obs_0000011593|obs_0000012176|obs_0000012446|obs_0000013180|obs_0000013624|obs_0000014367|obs_0000015088|obs_0000015501|obs_0000019269|obs_0000027864,obs_0000006134|obs_0000032302
Tuc Cracker,Keine Marke,"€ 0,89",,"1 kg = 8,90","versch. Sorten, je 100-g-Pckg.",Nein,2026-03-23 bis 2026-03-29,2026-03-23,2026-03-29,images_rewe/bamberg_offer_181.jpg,"cat_knabbern_naschen,diet_gluten_free,diet_lactose_free,diet_vegan,diet_vegetarian,tag_ultra_processed,tag_whole_food",bamberg,BLS-D050000,ref_000051,obs_0000007685|obs_0000008909|obs_0000008024|obs_0000014294|obs_0000018964|obs_0000003528|obs_0000010537|obs_0000011380|obs_0000012384|obs_0000013564|obs_0000015892|obs_0000026987,obs_0000007685|obs_0000008909
Franken Gold Weizenmehl,Keine Marke,"€ 0,99",,"pro Einheit = 0,99","Type 405, je 1000-g-Pckg.",Nein,2026-03-23 bis 2026-03-29,2026-03-23,2026-03-29,images_rewe/bamberg_offer_163.jpg,"cat_grundnahrung,diet_gluten_free,diet_lactose_free,diet_vegan,diet_vegetarian,tag_whole_food",bamberg,,ref_000052,obs_0000034007|obs_0000034218|obs_0000034621|obs_0000001854|obs_0000002617|obs_0000003343|obs_0000010442|obs_0000010721|obs_0000011104|obs_0000012629|obs_0000012669|obs_0000013227|obs_0000015276|obs_0000023259|obs_0000026310|obs_0000027275|obs_0000028845|obs_0000031712|obs_0000031776,
Hellmann s Tomato Ketchup,Keine Marke,"€ 1,99",,"1 l = 3,98",je 500-ml-Fl.,Nein,2026-03-23 bis 2026-03-29,2026-03-23,2026-03-29,images_rewe/bamberg_offer_165.jpg,"cat_grundnahrung,diet_gluten_free,diet_lactose_free,diet_vegan,diet_vegetarian,sub_frisches_gemuese,tag_ultra_processed,tag_whole_food",bamberg,,ref_000053,obs_0000032677|obs_0000034616|obs_0000008294|obs_0000010249|obs_0000011348|obs_0000014295|obs_0000014833|obs_0000015843|obs_0000018347|obs_0000022471|obs_0000002118|obs_0000014529,obs_0000032677
Finest Selection,Merci,"€ 5,99",,"1 kg = 14,98",je 400-g-Pckg.,Nein,2026-03-23 bis 2026-03-29,2026-03-23,2026-03-29,images_rewe/bamberg_offer_179.jpg,"cat_knabbern_naschen,tag_ultra_processed",bamberg,,ref_000054,obs_0000015264|obs_0000030284|obs_0000008926|obs_0000032160|obs_0000014288|obs_0000031828|obs_0000035020|obs_0000011580|obs_0000026027|obs_0000022988|obs_0000016848,
Saltletts Sticks,Lorenz,"€ 1,11",,"1 kg = 4,44",je 250-g-Pckg.,Nein,2026-03-23 bis 2026-03-29,2026-03-23,2026-03-29,images_rewe/bamberg_offer_178.jpg,"cat_knabbern_naschen,tag_ultra_processed",bamberg,,ref_000055,obs_0000017410|obs_0000033807|obs_0000010511|obs_0000019303|obs_0000000911|obs_0000001531|obs_0000007701|obs_0000006043|obs_0000015885|obs_0000014804,obs_0000006043
Choco Crossies,Nestl,"€ 2,29",,"1 kg = 15,27",je 150-g-Pckg.,Nein,2026-03-23 bis 2026-03-29,2026-03-23,2026-03-29,images_rewe/bamberg_offer_177.jpg,"cat_knabbern_naschen,tag_ultra_processed",bamberg,,ref_000056,obs_0000033498|obs_0000010066|obs_0000008018|obs_0000025427|obs_0000032157|obs_0000032694|obs_0000030666|obs_0000010930|obs_0000012408|obs_0000013552|obs_0000011118|obs_0000028149|obs_0000005655|obs_0000006231|obs_0000007105,obs_0000033498|obs_0000010066|obs_0000008018|obs_0000025427
Schmunzelhase,Milka,"€ 1,19",,"1 kg = 26,44","versch. Sorten, je 45-g-St.",Nein,2026-03-23 bis 2026-03-29,2026-03-23,2026-03-29,images_rewe/bamberg_offer_176.jpg,"cat_knabbern_naschen,diet_vegetarian,sub_milchprodukte,tag_ultra_processed",bamberg,,ref_000057,obs_0000013874,obs_0000013874
Chips,Pringles,"€ 1,79",,"1 kg = 10,85","versch. Sorten, je 165-g-Dose",Nein,2026-03-23 bis 2026-03-29,2026-03-23,2026-03-29,images_rewe/bamberg_offer_175.jpg,"cat_knabbern_naschen,tag_ultra_processed",bamberg,,ref_000058,obs_0000002584|obs_0000003161|obs_0000033655|obs_0000031705|obs_0000014349|obs_0000035109|obs_0000023296|obs_0000014595|obs_0000011110|obs_0000034193|obs_0000015889|obs_0000010270|obs_0000000033|obs_0000008236|obs_0000002126|obs_0000021584|obs_0000034402|obs_0000010390|obs_0000032432|obs_0000003763|obs_0000028868|obs_0000026827|obs_0000008911|obs_0000022229|obs_0000001764|obs_0000028950|obs_0000020765|obs_0000033679|obs_0000001941|obs_0000034206|obs_0000013222|obs_0000015272|obs_0000026589|obs_0000010725|obs_0000001536|obs_0000010237|obs_0000007686|obs_0000018514|obs_0000025700|obs_0000028803|obs_0000028815|obs_0000014102|obs_0000011548|obs_0000035085|obs_0000011109|obs_0000030104|obs_0000033689|obs_0000022996|obs_0000002551|obs_0000007684,obs_0000014349|obs_0000002584|obs_0000035109|obs_0000003161|obs_0000023296|obs_0000014595|obs_0000011110|obs_0000033655|obs_0000034193|obs_0000031705
Lindt Goldhase,Keine Marke,"€ 2,22",,"1 kg = 22,20",je 100-g-St.,Nein,2026-03-23 bis 2026-03-29,2026-03-23,2026-03-29,images_rewe/bamberg_offer_174.jpg,"cat_knabbern_naschen,diet_gluten_free,diet_lactose_free,diet_vegan,diet_vegetarian,sub_exoten,sub_frisches_obst,tag_ultra_processed,tag_whole_food",bamberg,,ref_000059,obs_0000013665,
Maier Gewürzgurken oder Gurkensticks,Keine Marke,"€ 1,69",,"1 kg = 4,69","je 670-g-Glas, 360 g Abtropfgewicht",Nein,2026-03-23 bis 2026-03-29,2026-03-23,2026-03-29,images_rewe/bamberg_offer_164.jpg,"cat_grundnahrung,diet_gluten_free,diet_lactose_free,diet_vegan,diet_vegetarian,sub_frisches_gemuese,tag_ultra_processed,tag_whole_food",bamberg,,ref_000060,obs_0000033813|obs_0000028552|obs_0000028669,
Mon Ch ri,Keine Marke,"€ 2,39",,"1 kg = 15,22",je 157-g-Pckg.,Nein,2026-03-23 bis 2026-03-29,2026-03-23,2026-03-29,images_rewe/bamberg_offer_173.jpg,"cat_knabbern_naschen,diet_gluten_free,diet_lactose_free,diet_vegan,diet_vegetarian,sub_exoten,sub_frisches_gemuese,sub_frisches_obst,tag_ultra_processed,tag_whole_food",bamberg,,ref_000061,obs_0000032118|obs_0000032466|obs_0000034395|obs_0000026133|obs_0000007278|obs_0000007486|obs_0000006028|obs_0000009167|obs_0000012387|obs_0000015291,obs_0000034395|obs_0000026133|obs_0000032118|obs_0000032466
Haribo Goldbären oder Rote Tüte,Keine Marke,"€ 0,79",,"1 kg = 4,51",je 175-g-Btl.,Nein,2026-03-23 bis 2026-03-29,2026-03-23,2026-03-29,images_rewe/bamberg_offer_171.jpg,"cat_knabbern_naschen,diet_gluten_free,diet_lactose_free,diet_vegan,diet_vegetarian,sub_frisches_gemuese,sub_frisches_obst,tag_ultra_processed,tag_whole_food",bamberg,,ref_000062,obs_0000028828,
Ritter Sport Schokolade,Keine Marke,"€ 1,11",,"1 kg = 11,10","versch. Sorten, je 100-g-Tafel",Nein,2026-03-23 bis 2026-03-29,2026-03-23,2026-03-29,images_rewe/bamberg_offer_170.jpg,"cat_knabbern_naschen,diet_vegetarian,tag_ultra_processed",bamberg,BLS-S570000,ref_000063,obs_0000029001|obs_0000032007|obs_0000032690|obs_0000006816|obs_0000030285|obs_0000031301|obs_0000007277|obs_0000007487|obs_0000030307|obs_0000032476|obs_0000006748|obs_0000005836|obs_0000005654|obs_0000005468|obs_0000006037|obs_0000000091|obs_0000000138|obs_0000000230|obs_0000033056|obs_0000034013|obs_0000001524|obs_0000034408|obs_0000034411|obs_0000002336|obs_0000003326|obs_0000003851|obs_0000004019|obs_0000004278|obs_0000004446|obs_0000004705|obs_0000004873|obs_0000006579|obs_0000008595|obs_0000008610|obs_0000008861|obs_0000009149|obs_0000010166|obs_0000010522|obs_0000011112|obs_0000011765|obs_0000011783|obs_0000012219|obs_0000013394|obs_0000013879|obs_0000014104|obs_0000015026|obs_0000015454|obs_0000015893|obs_0000016691|obs_0000017539,obs_0000006816|obs_0000029001|obs_0000032007|obs_0000032690
Seelenwärmer Tassen - Cremepudding,Dr Oetker,"€ 0,79",,"1 kg = 13,62","Schoko, je 58-g-Pckg.",Nein,2026-03-23 bis 2026-03-29,2026-03-23,2026-03-29,images_rewe/bamberg_offer_168.jpg,"cat_grundnahrung,sub_milchprodukte,sub_sahne_creme,tag_ultra_processed",bamberg,,ref_000064,obs_0000001888|obs_0000003003|obs_0000031779|obs_0000031916|obs_0000013887|obs_0000011101,obs_0000031779|obs_0000001888|obs_0000003003
Semmel Knödel,Pfanni,"€ 1,49",,"1 kg = 7,45",je 200-g-Pckg.,Nein,2026-03-23 bis 2026-03-29,2026-03-23,2026-03-29,images_rewe/bamberg_offer_167.jpg,"cat_grundnahrung,diet_vegetarian,sub_kartoffeln,tag_ultra_processed",bamberg,BLS-E606000,ref_000065,obs_0000033816|obs_0000001965|obs_0000006822|obs_0000032490|obs_0000034190|obs_0000027214|obs_0000034892,obs_0000033816|obs_0000001965
Fix Airfryer Paprika Pommes Frites,Maggi,"€ 0,44",,"1 kg = 12,94",je 34-g-Btl.,Nein,2026-03-23 bis 2026-03-29,2026-03-23,2026-03-29,images_rewe/bamberg_offer_166.jpg,"cat_grundnahrung,diet_gluten_free,diet_lactose_free,diet_vegan,diet_vegetarian,sub_frisches_gemuese,tag_ultra_processed,tag_whole_food",bamberg,,ref_000066,obs_0000032423|obs_0000032107|obs_0000032230|obs_0000021014|obs_0000003690|obs_0000000182|obs_0000020195|obs_0000027369|obs_0000026377|obs_0000000823|obs_0000026433|obs_0000025048|obs_0000018941|obs_0000010238|obs_0000020548|obs_0000026187|obs_0000012367|obs_0000015001|obs_0000016596|obs_0000009999|obs_0000021782|obs_0000006464|obs_0000009537|obs_0000017240|obs_0000021367|obs_0000013189|obs_0000010701,obs_0000032423|obs_0000032107
Country,Kinder,"€ 1,99",,"1 kg = 9,41","je 9 x 23,5-g-Pckg.",Nein,2026-03-23 bis 2026-03-29,2026-03-23,2026-03-29,images_rewe/bamberg_offer_172.jpg,"cat_knabbern_naschen,tag_ultra_processed",bamberg,,ref_000067,obs_0000022594|obs_0000010905|obs_0000013563|obs_0000014828|obs_0000025126|obs_0000018477|obs_0000006235|obs_0000007286|obs_0000014513|obs_0000030427|obs_0000026341|obs_0000032005|obs_0000009627|obs_0000022435|obs_0000029094|obs_0000029046,obs_0000022594|obs_0000006235|obs_0000010905|obs_0000013563|obs_0000014828
San Pellegrino Mineralwasser,Keine Marke,"€ 5,99",,"1 l = 1,00","je 6 x 1-l-Fl.-Kasten, zzgl. 2,40 € Pfand",Nein,2026-03-23 bis 2026-03-29,2026-03-23,2026-03-29,images_rewe/bamberg_offer_218.jpg,"cat_getraenke,diet_gluten_free,diet_lactose_free,diet_vegan,diet_vegetarian",bamberg,,ref_000068,obs_0000032718|obs_0000011563|obs_0000015663|obs_0000006218|obs_0000034043|obs_0000034044|obs_0000034235|obs_0000034238|obs_0000034437|obs_0000034851|obs_0000035059|obs_0000003689|obs_0000008437|obs_0000008537|obs_0000008801|obs_0000008841|obs_0000009353|obs_0000009985|obs_0000010519|obs_0000011123|obs_0000011969|obs_0000012414|obs_0000013773|obs_0000014332|obs_0000014625|obs_0000015481|obs_0000015908|obs_0000020366|obs_0000021185|obs_0000025562|obs_0000026205|obs_0000026570|obs_0000026948|obs_0000027653|obs_0000027836|obs_0000027856|obs_0000028027|obs_0000028493|obs_0000028537|obs_0000028603|obs_0000028654|obs_0000028800|obs_0000028841|obs_0000028931|obs_0000028968|obs_0000031006|obs_0000031797|obs_0000031867|obs_0000031871,obs_0000011563|obs_0000015663|obs_0000032718
Oettinger Pils oder Export,Keine Marke,"€ 6,99",,"1 l = 0,70","je 20 x 0,5-l-Fl.-Kasten, zzgl. 3,10 € Pfand",Nein,2026-03-23 bis 2026-03-29,2026-03-23,2026-03-29,images_rewe/bamberg_offer_219.jpg,"cat_getraenke,diet_lactose_free,diet_vegetarian,tag_ultra_processed",bamberg,,ref_000069,obs_0000029409|obs_0000030720|obs_0000011320|obs_0000000370|obs_0000033823|obs_0000034423|obs_0000034708|obs_0000035035|obs_0000003041|obs_0000004068|obs_0000004495|obs_0000004922|obs_0000008467|obs_0000010120|obs_0000010165|obs_0000010755|obs_0000012448|obs_0000012871|obs_0000013338|obs_0000013819|obs_0000014202|obs_0000015941|obs_0000016578|obs_0000017247|obs_0000019656|obs_0000023756|obs_0000024176|obs_0000026062|obs_0000026170|obs_0000027329|obs_0000027944|obs_0000028275|obs_0000028408|obs_0000028500|obs_0000028614|obs_0000028759|obs_0000028878|obs_0000028937|obs_0000031695|obs_0000031740,obs_0000029409|obs_0000030720
Franziskaner Weissbier,Keine Marke,"€ 13,99",,"1 l = 1,40","versch. Sorten, je 20 x 0,5-l-Fl.-Kasten, zzgl. 3,10 € Pfand",Nein,2026-03-23 bis 2026-03-29,2026-03-23,2026-03-29,images_rewe/bamberg_offer_220.jpg,"cat_getraenke,diet_lactose_free,diet_vegan,diet_vegetarian",bamberg,,ref_000070,obs_0000006364|obs_0000029759|obs_0000029929|obs_0000030766|obs_0000030945|obs_0000031102|obs_0000032726,obs_0000006364|obs_0000029759|obs_0000029929|obs_0000030766|obs_0000030899|obs_0000030945|obs_0000031102|obs_0000032726
Colorwaschmittel flüssig,Ariel,"€ 4,99",,"pro Einheit = 0,25",je 20-WL-Fl.,Nein,2026-03-23 bis 2026-03-29,2026-03-23,2026-03-29,images_rewe/bamberg_offer_271.jpg,cat_drogerie,bamberg,,ref_000071,obs_0000031932|obs_0000029058|obs_0000030086|obs_0000029376|obs_0000029574|obs_0000032919,obs_0000031932
Oral-B Aufsteckbürsten,Keine Marke,"€ 12,99",,"pro Einheit = 12,99","Pro Tiefenreinigung, je 4-St.-Pckg.",Nein,2026-03-23 bis 2026-03-29,2026-03-23,2026-03-29,images_rewe/bamberg_offer_270.jpg,"cat_drogerie,diet_gluten_free,diet_lactose_free,diet_vegan,diet_vegetarian,tag_whole_food",bamberg,,ref_000072,obs_0000032038,obs_0000032038
All in 1 Pods,Ariel,"€ 4,99",,"pro Einheit = 0,33",je 15-WL-Pckg.,Nein,2026-03-23 bis 2026-03-29,2026-03-23,2026-03-29,images_rewe/bamberg_offer_269.jpg,cat_drogerie,bamberg,,ref_000073,obs_0000028287|obs_0000030722|obs_0000029740|obs_0000031669,obs_0000028287
Always Discreet Inkontinenz-Einlagen,Keine Marke,"€ 2,99",,"pro Einheit = 2,99","Normal, je 12-St.-Pckg.",Nein,2026-03-23 bis 2026-03-29,2026-03-23,2026-03-29,images_rewe/bamberg_offer_267.jpg,"cat_drogerie,diet_gluten_free,diet_lactose_free,diet_vegan,diet_vegetarian,tag_whole_food",bamberg,,ref_000074,obs_0000030060|obs_0000032767|obs_0000020421|obs_0000021240|obs_0000022336|obs_0000011382|obs_0000012705,obs_0000030060|obs_0000032767
Pampers Sparpack Baby Dry Junior,Keine Marke,"€ 12,99",,"pro Einheit = 12,99",je 39-St.-Pckg.,Nein,2026-03-23 bis 2026-03-29,2026-03-23,2026-03-29,images_rewe/bamberg_offer_266.jpg,"cat_drogerie,diet_gluten_free,diet_lactose_free,diet_vegan,diet_vegetarian,tag_ultra_processed,tag_whole_food",bamberg,,ref_000075,obs_0000002091|obs_0000032835,
Weichspüler,Lenor,"€ 1,99",,"1 l = 2,49","versch. Sorten, je 798-ml-Fl.",Nein,2026-03-23 bis 2026-03-29,2026-03-23,2026-03-29,images_rewe/bamberg_offer_272.jpg,cat_drogerie,bamberg,,ref_000076,obs_0000003597|obs_0000019489|obs_0000025167|obs_0000032849|obs_0000021593|obs_0000009843|obs_0000009383|obs_0000028356|obs_0000010952|obs_0000020774|obs_0000033198|obs_0000008124|obs_0000027580|obs_0000031701|obs_0000010761|obs_0000012876|obs_0000026203|obs_0000023651|obs_0000021098|obs_0000026740|obs_0000013955|obs_0000015508|obs_0000032921|obs_0000031910|obs_0000013480|obs_0000006387|obs_0000016125|obs_0000020279|obs_0000011598|obs_0000022870|obs_0000034675|obs_0000033664|obs_0000019865|obs_0000015261|obs_0000021945|obs_0000016852|obs_0000014305|obs_0000012004|obs_0000000802|obs_0000032282|obs_0000005663|obs_0000030775|obs_0000008789|obs_0000006762|obs_0000005297|obs_0000029375|obs_0000005858|obs_0000006941|obs_0000030075|obs_0000033155,obs_0000010761|obs_0000003597|obs_0000019489|obs_0000012876|obs_0000025167|obs_0000032849|obs_0000021593|obs_0000026203|obs_0000023651|obs_0000021098|obs_0000009843|obs_0000026740|obs_0000013955|obs_0000015508|obs_0000032921|obs_0000031910|obs_0000009383|obs_0000013480|obs_0000028356|obs_0000010952|obs_0000006387|obs_0000016125|obs_0000020774|obs_0000020279|obs_0000011598|obs_0000022870|obs_0000034675|obs_0000033664|obs_0000019865|obs_0000015261|obs_0000033198|obs_0000021945|obs_0000008124|obs_0000027580|obs_0000016852|obs_0000031701|obs_0000014305
Gillette Mach3 Klingen,Keine Marke,"€ 29,98",,"pro Einheit = 29,98","Triopack, je 3 x 6-St.-Pckg.",Nein,2026-03-23 bis 2026-03-29,2026-03-23,2026-03-29,images_rewe/bamberg_offer_265.jpg,"cat_drogerie,diet_gluten_free,diet_lactose_free,diet_vegan,diet_vegetarian,sub_frisches_obst,tag_whole_food",bamberg,,ref_000077,,
Persil Universal 4 in 1 Discs,Keine Marke,"€ 18,99",,"pro Einheit = 0,25",je 76-WL-Btl.,Nein,2026-03-23 bis 2026-03-29,2026-03-23,2026-03-29,images_rewe/bamberg_offer_263.jpg,"cat_drogerie,diet_gluten_free,diet_lactose_free,diet_vegan,diet_vegetarian,tag_whole_food",bamberg,,ref_000078,obs_0000029057|obs_0000030083|obs_0000002834|obs_0000002909|obs_0000035079,obs_0000029057|obs_0000030083
feuchtes Toilettenpapier,Tempo,"€ 1,39",,"pro Einheit = 1,39","versch. Sorten, je 42-St.-Pckg.",Nein,2026-03-23 bis 2026-03-29,2026-03-23,2026-03-29,images_rewe/bamberg_offer_262.jpg,cat_drogerie,bamberg,,ref_000079,obs_0000028827|obs_0000015949|obs_0000008297|obs_0000031364|obs_0000033456|obs_0000014068|obs_0000001788|obs_0000013633|obs_0000006588|obs_0000033222|obs_0000026585|obs_0000007710|obs_0000029735|obs_0000032929|obs_0000032150|obs_0000033229|obs_0000000527|obs_0000003599|obs_0000001568|obs_0000010282|obs_0000033855|obs_0000002116|obs_0000026693|obs_0000024163|obs_0000013932|obs_0000004745|obs_0000013454|obs_0000027323|obs_0000023741|obs_0000034994|obs_0000028373|obs_0000025816|obs_0000028891|obs_0000026332|obs_0000004318|obs_0000033514|obs_0000000748|obs_0000033004|obs_0000000261|obs_0000008992|obs_0000000809|obs_0000003891|obs_0000001341|obs_0000014665|obs_0000033636|obs_0000033135|obs_0000028024|obs_0000006587|obs_0000011770|obs_0000032934,obs_0000015949|obs_0000008297|obs_0000031364|obs_0000028827|obs_0000033456|obs_0000014068|obs_0000001788|obs_0000013633|obs_0000006588|obs_0000033222|obs_0000033229|obs_0000026585
Pantene Pro-V Spülung,Keine Marke,"€ 2,99",,"1 l = 14,95","Repair & Care, je 200-ml-Fl.",Nein,2026-03-23 bis 2026-03-29,2026-03-23,2026-03-29,images_rewe/bamberg_offer_261.jpg,"cat_drogerie,diet_gluten_free,diet_lactose_free,diet_vegan,diet_vegetarian,tag_whole_food",bamberg,,ref_000080,obs_0000030042|obs_0000032147|obs_0000030082|obs_0000032148|obs_0000002339,obs_0000030042|obs_0000032147
Nivea Men Deospray,Keine Marke,"€ 2,22",,"1 l = 14,80","Fresh Active, je 150-ml-Dose",Nein,2026-03-23 bis 2026-03-29,2026-03-23,2026-03-29,images_rewe/bamberg_offer_260.jpg,"cat_drogerie,diet_gluten_free,diet_lactose_free,diet_vegan,diet_vegetarian,tag_whole_food",bamberg,,ref_000081,obs_0000029052|obs_0000032276|obs_0000005295|obs_0000033457|obs_0000032800|obs_0000032945|obs_0000033019|obs_0000033454|obs_0000033577|obs_0000034658|obs_0000035064|obs_0000002346|obs_0000003229|obs_0000013583|obs_0000015110|obs_0000026145|obs_0000026277|obs_0000026566|obs_0000027389|obs_0000031852,obs_0000029052|obs_0000032276
Nivea Pflegedusche,Keine Marke,"€ 1,79",,"1 l = 7,16","Creme Soft, je 250-ml-Fl.",Nein,2026-03-23 bis 2026-03-29,2026-03-23,2026-03-29,images_rewe/bamberg_offer_259.jpg,"cat_drogerie,diet_gluten_free,diet_lactose_free,diet_vegan,diet_vegetarian,tag_whole_food",bamberg,,ref_000082,obs_0000029733|obs_0000030777|obs_0000003590|obs_0000010213|obs_0000010781|obs_0000012474|obs_0000016421|obs_0000019782,obs_0000031056
Nivea Deo Roll-On,Keine Marke,"€ 2,89",,"1 l = 57,80","Dry Comfort, je 50-ml-Roller",Nein,2026-03-23 bis 2026-03-29,2026-03-23,2026-03-29,images_rewe/bamberg_offer_258.jpg,"cat_drogerie,diet_gluten_free,diet_lactose_free,diet_vegan,diet_vegetarian,tag_whole_food",bamberg,,ref_000083,obs_0000006769|obs_0000029053|obs_0000034449|obs_0000009543|obs_0000010004|obs_0000012472|obs_0000031854|obs_0000033194|obs_0000012028|obs_0000014681|obs_0000031853,obs_0000006769|obs_0000029053
Gillette Venus Comfort Klingen,Keine Marke,"€ 29,98",,"pro Einheit = 29,98","Triopack, je 3 x 4-St.-Pckg.",Nein,2026-03-23 bis 2026-03-29,2026-03-23,2026-03-29,images_rewe/bamberg_offer_264.jpg,"cat_drogerie,diet_gluten_free,diet_lactose_free,diet_vegan,diet_vegetarian,tag_whole_food",bamberg,,ref_000084,,
Duschgel,Bruno Banani,"€ 2,29",,"1 l = 9,16","Man, je 250-ml-Fl.",Nein,2026-03-23 bis 2026-03-29,2026-03-23,2026-03-29,images_rewe/bamberg_offer_257.jpg,"cat_drogerie,diet_vegan,diet_vegetarian,tag_whole_food",bamberg,,ref_000085,obs_0000011788|obs_0000017459|obs_0000015972|obs_0000031850|obs_0000008329|obs_0000015523|obs_0000026290|obs_0000031924|obs_0000026347|obs_0000028939|obs_0000035065|obs_0000013602|obs_0000028963|obs_0000014682|obs_0000009054|obs_0000011624|obs_0000013165|obs_0000026494|obs_0000011174|obs_0000032769|obs_0000009734|obs_0000032774|obs_0000032275|obs_0000032279|obs_0000009268|obs_0000033843|obs_0000033845|obs_0000033348|obs_0000006243|obs_0000012904|obs_0000005290|obs_0000012473|obs_0000029373|obs_0000005856|obs_0000007920|obs_0000015116|obs_0000006943|obs_0000032036|obs_0000028459|obs_0000007503|obs_0000014679|obs_0000030078|obs_0000032141|obs_0000034246|obs_0000007114|obs_0000010779|obs_0000005670|obs_0000010285|obs_0000034863|obs_0000032819,obs_0000011788|obs_0000017459|obs_0000015972|obs_0000031850|obs_0000008329|obs_0000015523|obs_0000026290|obs_0000031924|obs_0000026347|obs_0000028939|obs_0000035065|obs_0000013602|obs_0000028963|obs_0000014682|obs_0000009054|obs_0000011624|obs_0000013165|obs_0000026494|obs_0000011174
Pampers Sparpack Premium Protection,Keine Marke,"€ 12,99",,"pro Einheit = 12,99","Größe 3, Midi, je 48-St.-Pckg.",Nein,2026-03-23 bis 2026-03-29,2026-03-23,2026-03-29,images_rewe/bamberg_offer_275.jpg,"cat_drogerie,diet_vegetarian,tag_high_protein,tag_proteinreich,tag_ultra_processed,tag_whole_food",bamberg,,ref_000086,obs_0000011595|obs_0000013830,
Nelken Trio oder Schopflavendel,Keine Marke,"€ 3,33",,"pro Einheit = 3,33","die Klassiker in leuchtenden Farben, je 1-Topf",Nein,2026-03-23 bis 2026-03-29,2026-03-23,2026-03-29,images_rewe/bamberg_offer_289.jpg,"cat_getraenke,diet_gluten_free,diet_lactose_free,diet_vegan,diet_vegetarian,tag_ultra_processed,tag_whole_food",bamberg,,ref_000087,,
Narzissen Hornveilchen oder Vergissmeinnicht,Keine Marke,"€ 2,99",,"pro Einheit = 2,99","versch. Farben, je 1-Topf",Nein,2026-03-23 bis 2026-03-29,2026-03-23,2026-03-29,images_rewe/bamberg_offer_288.jpg,"cat_getraenke,diet_lactose_free,diet_vegan,diet_vegetarian,tag_ultra_processed",bamberg,,ref_000088,obs_0000030050|obs_0000030728,
Ranunkeln,Keine Marke,"€ 4,99",,"pro Einheit = 4,99","versch. Farben, je 1-Bund",Nein,2026-03-23 bis 2026-03-29,2026-03-23,2026-03-29,images_rewe/bamberg_offer_287.jpg,"cat_obst_gemuese,diet_gluten_free,diet_lactose_free,diet_vegan,diet_vegetarian,sub_exoten,sub_frisches_gemuese,sub_frisches_obst,tag_ultra_processed,tag_whole_food",bamberg,,ref_000089,,
Frühlingsmix Spring Deluxe,Keine Marke,"€ 2,29",,"pro Einheit = 2,29","versch. Sorten, je 1-Topf",Nein,2026-03-23 bis 2026-03-29,2026-03-23,2026-03-29,images_rewe/bamberg_offer_286.jpg,"cat_fisch_meeresfruechte,diet_gluten_free,diet_lactose_free,diet_vegan,diet_vegetarian,sub_frisches_gemuese,tag_ultra_processed,tag_whole_food",bamberg,,ref_000090,,
Blaukissen oder Ranunkeln,Keine Marke,"€ 1,99",,"pro Einheit = 1,99","versch. Farben, je 1-Topf",Nein,2026-03-23 bis 2026-03-29,2026-03-23,2026-03-29,images_rewe/bamberg_offer_285.jpg,"cat_getraenke,diet_gluten_free,diet_lactose_free,diet_vegan,diet_vegetarian,tag_ultra_processed,tag_whole_food",bamberg,,ref_000091,,
Blumenerde,Keine Marke,"€ 6,99",,"1 l = 0,14",je 50-l-Btl.,Nein,2026-03-23 bis 2026-03-29,2026-03-23,2026-03-29,images_rewe/bamberg_offer_284.jpg,"cat_getraenke,diet_gluten_free,diet_lactose_free,diet_vegan,diet_vegetarian,sub_frisches_obst,tag_ultra_processed,tag_whole_food",bamberg,,ref_000092,obs_0000024531|obs_0000027996|obs_0000034462|obs_0000013466,obs_0000024531|obs_0000027996
Always Slipeinlagen Daily Fresh,Keine Marke,"€ 2,59",,"pro Einheit = 2,59","Normal, je 56-St.-Pckg.",Nein,2026-03-23 bis 2026-03-29,2026-03-23,2026-03-29,images_rewe/bamberg_offer_274.jpg,"cat_drogerie,diet_lactose_free,diet_vegan,diet_vegetarian",bamberg,,ref_000093,obs_0000032771|obs_0000030085|obs_0000032779|obs_0000030084|obs_0000032995|obs_0000033278|obs_0000033444|obs_0000033669|obs_0000008207|obs_0000011601|obs_0000012009|obs_0000012882|obs_0000015952,obs_0000032771|obs_0000032779|obs_0000030084|obs_0000030085
Technaxx Flaschenkopf-Tischleuchte,Keine Marke,"€ 7,99",,"pro Einheit = 7,99","ca. 12 x 12 x 13 cm 3 Lichtfarben mit Touch-Dimmer für Helligkeit und Farbwechsel passend für gängige Flaschenhälse, je 1-St.",Nein,2026-03-23 bis 2026-03-29,2026-03-23,2026-03-29,images_rewe/bamberg_offer_283.jpg,"cat_obst_gemuese,diet_lactose_free,diet_vegan,diet_vegetarian,tag_ultra_processed,tag_whole_food",bamberg,,ref_000094,,
Biene Maja und ihr Freund Willi Insektenhotel,Keine Marke,"€ 8,99",,"pro Einheit = 8,99","ca. 15,5 x 11,8 x 17,8 cm versch. Ausführungen, je 1-St.",Nein,2026-03-23 bis 2026-03-29,2026-03-23,2026-03-29,images_rewe/bamberg_offer_281.jpg,"cat_tiernahrung,diet_gluten_free,diet_lactose_free,diet_vegan,diet_vegetarian,tag_whole_food",bamberg,,ref_000095,,
Purina One Hydralife Katzennahrung,Keine Marke,"€ 2,99",,"1 kg = 9,97","Huhn, je 6 x 50-g-Multipckg.",Nein,2026-03-23 bis 2026-03-29,2026-03-23,2026-03-29,images_rewe/bamberg_offer_280.jpg,cat_tiernahrung,bamberg,,ref_000096,obs_0000013992|obs_0000028826|obs_0000033541|obs_0000034456|obs_0000008127|obs_0000012491|obs_0000013736|obs_0000014307|obs_0000014398|obs_0000015533|obs_0000015701|obs_0000026441|obs_0000027821,
Dokas Kaustange,Keine Marke,"€ 3,99",,"1 kg = 19,95","versch. Sorten, je 200-g-Btl.",Nein,2026-03-23 bis 2026-03-29,2026-03-23,2026-03-29,images_rewe/bamberg_offer_279.jpg,"cat_tiernahrung,diet_gluten_free,diet_lactose_free,diet_vegan,diet_vegetarian,sub_frisches_obst,tag_ultra_processed,tag_whole_food",bamberg,,ref_000097,,
Purina One Katzentrockennahrung,Keine Marke,"€ 2,99",,"1 kg = 3,99",je 750-g-Btl.,Nein,2026-03-23 bis 2026-03-29,2026-03-23,2026-03-29,images_rewe/bamberg_offer_278.jpg,cat_tiernahrung,bamberg,,ref_000098,obs_0000016240|obs_0000031061,obs_0000032781|obs_0000006251|obs_0000007119
Purina One Katzennahrung,Keine Marke,"€ 0,59",,"1 kg = 6,94","versch. Sorten, je 85-g-Btl.",Nein,2026-03-23 bis 2026-03-29,2026-03-23,2026-03-29,images_rewe/bamberg_offer_277.jpg,cat_tiernahrung,bamberg,,ref_000099,obs_0000006773|obs_0000013992|obs_0000028826|obs_0000005863|obs_0000033541|obs_0000034456|obs_0000008127|obs_0000012491|obs_0000013736|obs_0000014307|obs_0000014398|obs_0000015533|obs_0000015701|obs_0000026441|obs_0000027821,obs_0000032781|obs_0000006773|obs_0000007119|obs_0000007508
Always Slipeinlagen Daily Protect,Keine Marke,"€ 2,59",,"pro Einheit = 2,59","XL mit Duft, je 40-St.-Pckg.",Nein,2026-03-23 bis 2026-03-29,2026-03-23,2026-03-29,images_rewe/bamberg_offer_276.jpg,"cat_drogerie,diet_gluten_free,diet_lactose_free,diet_vegan,diet_vegetarian,tag_high_protein,tag_proteinreich",bamberg,,ref_000100,obs_0000032779|obs_0000030084|obs_0000032771|obs_0000030085|obs_0000010149|obs_0000026351|obs_0000028589|obs_0000028712|obs_0000035075|obs_0000032995|obs_0000033278|obs_0000033444|obs_0000033669|obs_0000008207|obs_0000011601|obs_0000012009|obs_0000012882|obs_0000015952,obs_0000032771|obs_0000032779|obs_0000030084|obs_0000030085
Profagus Holzkohle oder Briketts 3 kg,Keine Marke,"€ 7,99",,"1 kg = 2,66","hergestellt in Deutschland, je 3-kg-Beutel",Nein,2026-03-23 bis 2026-03-29,2026-03-23,2026-03-29,images_rewe/bamberg_offer_282.jpg,"cat_getraenke,diet_gluten_free,diet_lactose_free,diet_vegan,diet_vegetarian,tag_ultra_processed,tag_whole_food",bamberg,,ref_000101,,
Pantene Pro-V Shampoo,Keine Marke,"€ 2,99",,"1 l = 9,97","Repair & Care, je 300-ml-Fl.",Nein,2026-03-23 bis 2026-03-29,2026-03-23,2026-03-29,images_rewe/bamberg_offer_256.jpg,"cat_drogerie,diet_gluten_free,diet_lactose_free,diet_vegan,diet_vegetarian,tag_whole_food",bamberg,,ref_000102,obs_0000030082|obs_0000032148|obs_0000030042|obs_0000032147|obs_0000032840|obs_0000032877|obs_0000033059|obs_0000033092|obs_0000033133|obs_0000033168|obs_0000000446|obs_0000033215|obs_0000033227|obs_0000033237|obs_0000033244|obs_0000033372|obs_0000033398|obs_0000033460|obs_0000033529|obs_0000033623|obs_0000033649|obs_0000034052|obs_0000034239|obs_0000034662|obs_0000001916|obs_0000034854|obs_0000035066|obs_0000004179|obs_0000004606|obs_0000005033|obs_0000008067|obs_0000009325|obs_0000009494|obs_0000009796|obs_0000009955|obs_0000010154|obs_0000010913|obs_0000011610|obs_0000019053|obs_0000020828|obs_0000021647|obs_0000021764|obs_0000023755|obs_0000024178|obs_0000028560|obs_0000028680,obs_0000030082|obs_0000032148
Garnier Wahre Schätze Shampoo,Keine Marke,"€ 1,99",,"1 l = 7,96","versch. Sorten, je 250-ml-Fl.",Nein,2026-03-23 bis 2026-03-29,2026-03-23,2026-03-29,images_rewe/bamberg_offer_255.jpg,cat_drogerie,bamberg,,ref_000103,obs_0000006393|obs_0000033504|obs_0000029372|obs_0000005671|obs_0000032840|obs_0000032877|obs_0000033059|obs_0000033092|obs_0000033133|obs_0000033168|obs_0000000446|obs_0000033215|obs_0000033227|obs_0000033237|obs_0000033244|obs_0000033372|obs_0000033398|obs_0000033460|obs_0000033529|obs_0000033623|obs_0000033649|obs_0000034052|obs_0000034239|obs_0000034662|obs_0000001916|obs_0000034854|obs_0000035066|obs_0000004179|obs_0000004606|obs_0000005033|obs_0000008067|obs_0000009325|obs_0000009494|obs_0000009796|obs_0000009955|obs_0000010154|obs_0000010913|obs_0000011610|obs_0000019053|obs_0000020828|obs_0000021647|obs_0000021764|obs_0000023755|obs_0000024178|obs_0000028560|obs_0000028680,
Deospray,Bruno Banani,"€ 2,79",,"1 l = 18,60","versch. Sorten, je 150-ml-Dose",Nein,2026-03-23 bis 2026-03-29,2026-03-23,2026-03-29,images_rewe/bamberg_offer_254.jpg,"cat_drogerie,diet_vegan",bamberg,,ref_000104,obs_0000033454|obs_0000015110|obs_0000032800|obs_0000026145|obs_0000031852|obs_0000003229|obs_0000026277|obs_0000032945|obs_0000033019|obs_0000027389|obs_0000013583|obs_0000035064|obs_0000033577|obs_0000002346|obs_0000034658|obs_0000026566|obs_0000034053|obs_0000032772|obs_0000032276|obs_0000034445|obs_0000005295|obs_0000029400|obs_0000031052|obs_0000005487|obs_0000029052|obs_0000030081|obs_0000032140|obs_0000014231|obs_0000008104|obs_0000003531|obs_0000033258|obs_0000034859|obs_0000033848|obs_0000033366|obs_0000015115|obs_0000013584|obs_0000033576|obs_0000007505|obs_0000033117|obs_0000033457|obs_0000033196|obs_0000034242|obs_0000032778|obs_0000029739|obs_0000025255|obs_0000021251|obs_0000020432|obs_0000007295,obs_0000032800|obs_0000026145|obs_0000031852|obs_0000003229|obs_0000026277|obs_0000033454|obs_0000032945|obs_0000033019|obs_0000027389|obs_0000015110|obs_0000013583|obs_0000035064|obs_0000033577|obs_0000002346|obs_0000034658|obs_0000026566
Verpoorten Eierlikör,Keine Marke,"€ 10,99",,"1 l = 15,70","20% Vol., je 0,7-l-Fl.",Nein,2026-03-23 bis 2026-03-29,2026-03-23,2026-03-29,images_rewe/bamberg_offer_234.jpg,"cat_getraenke,diet_gluten_free,diet_lactose_free,diet_vegan,diet_vegetarian,tag_ultra_processed,tag_whole_food",bamberg,,ref_000105,obs_0000007082|obs_0000007453|obs_0000016404|obs_0000017254|obs_0000030390,obs_0000007082|obs_0000007453
Erben Wein Qualitätswein,Keine Marke,"€ 3,49",,"1 l = 4,65","halbtrocken, je 0,75-l-Fl.",Nein,2026-03-23 bis 2026-03-29,2026-03-23,2026-03-29,images_rewe/bamberg_offer_233.jpg,"cat_getraenke,diet_gluten_free,diet_lactose_free,diet_vegan,diet_vegetarian,tag_whole_food",bamberg,,ref_000106,obs_0000029777|obs_0000034424|obs_0000006548|obs_0000008721|obs_0000010394|obs_0000011138|obs_0000011986|obs_0000012225|obs_0000013356|obs_0000013843|obs_0000014641|obs_0000015923,obs_0000029777
Puschkin Vodka,Keine Marke,"€ 6,49",,"1 l = 9,27","37,5% Vol., je 0,7-l-Fl.",Nein,2026-03-23 bis 2026-03-29,2026-03-23,2026-03-29,images_rewe/bamberg_offer_232.jpg,"cat_getraenke,diet_gluten_free,diet_lactose_free,diet_vegan,diet_vegetarian,tag_whole_food",bamberg,,ref_000107,obs_0000034034|obs_0000034845|obs_0000035049|obs_0000002903|obs_0000005259|obs_0000008713|obs_0000008904|obs_0000009320|obs_0000009420|obs_0000009791|obs_0000009883|obs_0000011132|obs_0000012175|obs_0000012431|obs_0000013474|obs_0000015665|obs_0000019368|obs_0000020363|obs_0000021182|obs_0000022378|obs_0000024028|obs_0000024448|obs_0000026846|obs_0000028354,
Kentucky Straight Bourbon Whiskey,Jim Beam,"€ 10,99",,"1 l = 15,70","40%Vol., je 0,7-l-Fl.",Nein,2026-03-23 bis 2026-03-29,2026-03-23,2026-03-29,images_rewe/bamberg_offer_231.jpg,cat_getraenke,bamberg,,ref_000108,obs_0000009760|obs_0000009295|obs_0000016989|obs_0000031872|obs_0000008891|obs_0000026006|obs_0000002752|obs_0000031781|obs_0000027737|obs_0000004739|obs_0000004312|obs_0000000256|obs_0000003885|obs_0000023602|obs_0000028901|obs_0000006008|obs_0000032745|obs_0000012430|obs_0000018163|obs_0000021965|obs_0000000988|obs_0000001467,obs_0000009760|obs_0000031781|obs_0000009295|obs_0000027737|obs_0000016989|obs_0000031872|obs_0000004739|obs_0000012430|obs_0000008891|obs_0000002752|obs_0000004312|obs_0000028901|obs_0000018163|obs_0000000256|obs_0000003885|obs_0000006008|obs_0000026006|obs_0000021965|obs_0000000988
Hennessy Very Special Cognac,Keine Marke,"€ 26,99",,"1 l = 38,56","40% Vol., je 0,7-l-Fl.",Nein,2026-03-23 bis 2026-03-29,2026-03-23,2026-03-29,images_rewe/bamberg_offer_230.jpg,"cat_getraenke,diet_gluten_free,diet_lactose_free,diet_vegan,diet_vegetarian,tag_ultra_processed,tag_whole_food",bamberg,,ref_000109,obs_0000006716|obs_0000007667|obs_0000032468|obs_0000019798|obs_0000024033|obs_0000024457|obs_0000024038|obs_0000024459,obs_0000006716|obs_0000007667|obs_0000032468
Maybach Qualitätswein,Keine Marke,"€ 2,99",,"1 l = 3,99","versch. Sorten, teilw. alkoholfrei, trocken, je 0,75-l-Fl.",Nein,2026-03-23 bis 2026-03-29,2026-03-23,2026-03-29,images_rewe/bamberg_offer_229.jpg,"cat_getraenke,diet_gluten_free,diet_lactose_free,diet_vegan,diet_vegetarian",bamberg,,ref_000110,obs_0000008721|obs_0000011138|obs_0000011986|obs_0000012225|obs_0000013356|obs_0000013843|obs_0000014641|obs_0000015923,
Mumm Jahrgangssekt,Keine Marke,"€ 3,69",,"1 l = 4,92","versch. Sorten, je 0,75-l-Fl.",Nein,2026-03-23 bis 2026-03-29,2026-03-23,2026-03-29,images_rewe/bamberg_offer_235.jpg,"cat_getraenke,diet_gluten_free,diet_lactose_free,diet_vegan,diet_vegetarian,tag_whole_food",bamberg,,ref_000111,obs_0000032740|obs_0000033701|obs_0000013259|obs_0000014032|obs_0000015083,obs_0000032740
Mo t Chandon Champagner Brut Imperial,Keine Marke,"€ 34,99",,"1 l = 46,65","je 0,75-l-Fl.",Nein,2026-03-23 bis 2026-03-29,2026-03-23,2026-03-29,images_rewe/bamberg_offer_228.jpg,"cat_getraenke,diet_gluten_free,diet_lactose_free,diet_vegan,tag_ultra_processed,tag_whole_food",bamberg,,ref_000112,obs_0000032743|obs_0000015932|obs_0000017995|obs_0000019757,obs_0000032743
Aperol Aperitif Bitter,Keine Marke,"€ 9,49",,"1 l = 13,56","11% Vol., je 0,7-l-Fl.",Nein,2026-03-23 bis 2026-03-29,2026-03-23,2026-03-29,images_rewe/bamberg_offer_226.jpg,"cat_getraenke,diet_gluten_free,diet_lactose_free,diet_vegetarian,sub_tk_fertiggerichte,tag_high_protein,tag_ultra_processed",bamberg,,ref_000113,obs_0000029439|obs_0000031405|obs_0000032739|obs_0000031671|obs_0000001111|obs_0000011143|obs_0000013043|obs_0000031400,obs_0000029439|obs_0000031405|obs_0000032739
Heineken Premium Beer oder alkoholfrei 0 0,Keine Marke,"€ 4,99",,"1 l = 2,52","versch. Sorten, je 6 x 0,33-l-Fl.-Sixpack, zzgl. 0,48 € Pfand",Nein,2026-03-23 bis 2026-03-29,2026-03-23,2026-03-29,images_rewe/bamberg_offer_225.jpg,"cat_getraenke,diet_lactose_free,diet_vegan",bamberg,,ref_000114,obs_0000029762|obs_0000032131|obs_0000030397|obs_0000031398|obs_0000032725|obs_0000028724|obs_0000031749|obs_0000034225|obs_0000011150|obs_0000011595|obs_0000013830,obs_0000029762|obs_0000032131
Veltins Pilsener,Keine Marke,"€ 11,99",,"1 l = 1,20","je 20 x 0,5-l-Fl.-Kasten, zzgl. 3,10 € Pfand",Nein,2026-03-23 bis 2026-03-29,2026-03-23,2026-03-29,images_rewe/bamberg_offer_224.jpg,"cat_getraenke,diet_gluten_free,diet_lactose_free,diet_vegan,diet_vegetarian,tag_ultra_processed,tag_whole_food",bamberg,,ref_000115,obs_0000029764|obs_0000029928|obs_0000030754|obs_0000029887|obs_0000031557|obs_0000032304|obs_0000034091|obs_0000034637|obs_0000034836|obs_0000034842|obs_0000035044|obs_0000035045|obs_0000006020|obs_0000008415|obs_0000013820|obs_0000014011|obs_0000014656|obs_0000015503|obs_0000015939|obs_0000026503|obs_0000028405|obs_0000028547|obs_0000028664|obs_0000028988,obs_0000029764|obs_0000029928|obs_0000030754
Kloster Scheyern Klostergold,Keine Marke,"€ 13,99",,"1 l = 1,40","je 20 x 0,5-l-Fl.-Kasten, zzgl. 3,10 € Pfand",Nein,2026-03-23 bis 2026-03-29,2026-03-23,2026-03-29,images_rewe/bamberg_offer_223.jpg,"cat_getraenke,diet_gluten_free,diet_lactose_free,diet_vegan,diet_vegetarian,tag_ultra_processed",bamberg,,ref_000116,obs_0000029408|obs_0000028949,
Grüner Hell oder Naturradler,Keine Marke,"€ 13,49",,"1 l = 1,35","je 20 x 0,5-l-Fl.-Kasten, zzgl. 3,10 € Pfand",Nein,2026-03-23 bis 2026-03-29,2026-03-23,2026-03-29,images_rewe/bamberg_offer_222.jpg,"cat_getraenke,diet_gluten_free,diet_lactose_free,diet_vegan,diet_vegetarian",bamberg,,ref_000117,obs_0000029990|obs_0000033832|obs_0000034296|obs_0000034475|obs_0000034487|obs_0000034841|obs_0000035038|obs_0000006377|obs_0000008658|obs_0000009785|obs_0000009915|obs_0000010541|obs_0000011994|obs_0000014654|obs_0000027350|obs_0000028550|obs_0000028667|obs_0000031386,obs_0000029990
Spaten Münchner Hell,Keine Marke,"€ 14,99",,"1 l = 1,50","je 20 x 0,5-l-Fl.-Kasten, zzgl. 3,10 € Pfand",Nein,2026-03-23 bis 2026-03-29,2026-03-23,2026-03-29,images_rewe/bamberg_offer_221.jpg,"cat_getraenke,diet_gluten_free,diet_lactose_free,diet_vegan,diet_vegetarian,sub_frisches_gemuese,tag_whole_food",bamberg,,ref_000118,obs_0000029045|obs_0000030393|obs_0000006908|obs_0000007097|obs_0000029407|obs_0000029993|obs_0000030402|obs_0000033822|obs_0000034636|obs_0000035040|obs_0000035050|obs_0000003504|obs_0000010094|obs_0000012642|obs_0000013313|obs_0000015504|obs_0000028250|obs_0000005646|obs_0000034475|obs_0000034487|obs_0000034841|obs_0000035038|obs_0000006377|obs_0000008658|obs_0000009785|obs_0000009915|obs_0000010541|obs_0000011994|obs_0000014654|obs_0000027350|obs_0000028550|obs_0000028667|obs_0000031386,obs_0000007097|obs_0000029045|obs_0000030393
Original Irish Cream Liqueur,Baileys,"€ 9,99",,"1 l = 14,27","17% Vol., je 0,7-l-Fl.",Nein,2026-03-23 bis 2026-03-29,2026-03-23,2026-03-29,images_rewe/bamberg_offer_227.jpg,"cat_getraenke,tag_high_protein,tag_ultra_processed",bamberg,,ref_000119,obs_0000009609|obs_0000010060|obs_0000011571|obs_0000029074|obs_0000020937|obs_0000021673|obs_0000028012|obs_0000032265|obs_0000020118|obs_0000028185|obs_0000029084|obs_0000028730|obs_0000020611|obs_0000012423|obs_0000006283|obs_0000026772|obs_0000026832|obs_0000028896|obs_0000035052|obs_0000014635|obs_0000027005|obs_0000027048|obs_0000021000|obs_0000008777|obs_0000021117|obs_0000008906|obs_0000015051|obs_0000021430|obs_0000025547|obs_0000033763|obs_0000017384|obs_0000013325|obs_0000019505|obs_0000017462|obs_0000031800|obs_0000025705|obs_0000009334|obs_0000015502|obs_0000027791|obs_0000033975|obs_0000021758|obs_0000009525|obs_0000021868|obs_0000017799|obs_0000026035|obs_0000022184|obs_0000020181|obs_0000034561|obs_0000009987|obs_0000028429,obs_0000020937|obs_0000021673|obs_0000028012|obs_0000009609|obs_0000020118|obs_0000010060
Brut Dargent Chardonnay,Keine Marke,"€ 5,99",,"1 l = 7,99","je 0,75-l-Fl.",Nein,2026-03-23 bis 2026-03-29,2026-03-23,2026-03-29,images_rewe/bamberg_offer_236.jpg,"cat_getraenke,diet_gluten_free,diet_lactose_free,diet_vegan,diet_vegetarian,tag_whole_food",bamberg,,ref_000120,obs_0000007899|obs_0000002164|obs_0000035022|obs_0000017557|obs_0000018693|obs_0000020741|obs_0000021560|obs_0000021890|obs_0000026501,
Chocolate Irish Cream Liqueur,Baileys,"€ 9,99",,"1 l = 19,98","15,7% Vol., je 0,5-l-Fl.",Nein,2026-03-23 bis 2026-03-29,2026-03-23,2026-03-29,images_rewe/bamberg_offer_237.jpg,"cat_getraenke,tag_ultra_processed",bamberg,,ref_000121,obs_0000011571|obs_0000029084|obs_0000010060|obs_0000009609|obs_0000032265|obs_0000029074|obs_0000017462|obs_0000011964|obs_0000014635,
Zewa Wisch Weg Sparblatt,Keine Marke,"€ 2,49",,"pro Einheit = 2,49",je 4 x 74-Blatt-Pckg.,Nein,2026-03-23 bis 2026-03-29,2026-03-23,2026-03-29,images_rewe/bamberg_offer_238.jpg,"cat_obst_gemuese,diet_gluten_free,diet_lactose_free,diet_vegan,diet_vegetarian,tag_whole_food",bamberg,,ref_000122,obs_0000007116|obs_0000007500|obs_0000007925|obs_0000029729|obs_0000032862|obs_0000011159,
Persil Colorwaschmittel Kraft-Gel,Keine Marke,"€ 18,99",,"pro Einheit = 0,19",je 100-WL-Fl.,Nein,2026-03-23 bis 2026-03-29,2026-03-23,2026-03-29,images_rewe/bamberg_offer_253.jpg,cat_drogerie,bamberg,,ref_000123,obs_0000029050|obs_0000030074|obs_0000031362|obs_0000032138|obs_0000032273|obs_0000029574|obs_0000032919,obs_0000029050|obs_0000030074|obs_0000031362|obs_0000032138|obs_0000032273
Swiffer Nachfüllpackung,Keine Marke,"€ 2,99",,"pro Einheit = 2,99","versch. Ausführungen, je 1-Pckg.",Nein,2026-03-23 bis 2026-03-29,2026-03-23,2026-03-29,images_rewe/bamberg_offer_252.jpg,"cat_getraenke,diet_gluten_free,diet_lactose_free,diet_vegan,diet_vegetarian,tag_ultra_processed,tag_whole_food",bamberg,,ref_000124,obs_0000030072,
Fairy Geschirrspülmittel,Keine Marke,"€ 1,39",,"1 l = 3,09","versch. Sorten, je 450-ml-Fl.",Nein,2026-03-23 bis 2026-03-29,2026-03-23,2026-03-29,images_rewe/bamberg_offer_251.jpg,"cat_drogerie,diet_lactose_free,diet_vegetarian",bamberg,,ref_000125,obs_0000029778|obs_0000032757|obs_0000034453|obs_0000034995|obs_0000008305|obs_0000008401|obs_0000010271|obs_0000011161|obs_0000011604|obs_0000013052|obs_0000013654|obs_0000013986|obs_0000015118|obs_0000015958|obs_0000028221|obs_0000031355,obs_0000005293|obs_0000006050|obs_0000006763|obs_0000007927|obs_0000029778|obs_0000030063|obs_0000032274|obs_0000032757
Culex Fliegengitter,Keine Marke,"€ 1,99",,"pro Einheit = 1,99","für Fenster ca. 130 x 150 cm 1.99 für Türen ca. 100 x 210 cm 3.99, je 1-Pckg.",Nein,2026-03-23 bis 2026-03-29,2026-03-23,2026-03-29,images_rewe/bamberg_offer_250.jpg,"cat_obst_gemuese,diet_gluten_free,diet_lactose_free,diet_vegan,diet_vegetarian,tag_ultra_processed,tag_whole_food",bamberg,,ref_000126,,
Tefal Pfanne Dark Essencials,Keine Marke,"€ 14,99",,"pro Einheit = 14,99",je 1-St.,Nein,2026-03-23 bis 2026-03-29,2026-03-23,2026-03-29,images_rewe/bamberg_offer_249.jpg,"cat_obst_gemuese,diet_gluten_free,diet_lactose_free,diet_vegan,diet_vegetarian,tag_whole_food",bamberg,,ref_000127,obs_0000022712|obs_0000022713,
Kesper Salatschale,Keine Marke,"€ 12,99",,"pro Einheit = 12,99","ca. 24 x 24 x 13 cm mit Besteck im Deckel, je 1-Pckg.",Nein,2026-03-23 bis 2026-03-29,2026-03-23,2026-03-29,images_rewe/bamberg_offer_248.jpg,"cat_obst_gemuese,diet_gluten_free,diet_lactose_free,diet_vegan,diet_vegetarian,sub_frisches_gemuese,sub_salate,tag_whole_food",bamberg,,ref_000128,,
Dekokisten,Keine Marke,"€ 6,99",,"pro Einheit = 6,99","aus Kiefernholz ca. 30 x 20 x 15 cm 6.99 UVP 14.99 ca. 40 x 30 x 15 cm 8.99 UVP 24.99 ca. 40 x 30 x 23 cm 9.99 UVP 29.99, je 1-St.",Nein,2026-03-23 bis 2026-03-29,2026-03-23,2026-03-29,images_rewe/bamberg_offer_247.jpg,"cat_obst_gemuese,diet_gluten_free,diet_lactose_free,diet_vegan,diet_vegetarian,sub_frisches_gemuese,sub_frisches_obst,tag_ultra_processed,tag_whole_food",bamberg,,ref_000129,,
XXL Trinkbecher,Keine Marke,"€ 7,99",,"pro Einheit = 7,99","ca. 1,2 l, je 1-St.",Nein,2026-03-23 bis 2026-03-29,2026-03-23,2026-03-29,images_rewe/bamberg_offer_246.jpg,"cat_getraenke,diet_gluten_free,diet_lactose_free,diet_vegan,diet_vegetarian,tag_ultra_processed,tag_whole_food",bamberg,,ref_000130,obs_0000012763|obs_0000013967,
Kesper Brotdose Bären Hunger,Keine Marke,"€ 3,99",,"pro Einheit = 3,99","ca. 18,5 x 10,5 x 5,5 cm, je 1-St.",Nein,2026-03-23 bis 2026-03-29,2026-03-23,2026-03-29,images_rewe/bamberg_offer_245.jpg,"cat_obst_gemuese,diet_gluten_free,diet_lactose_free,diet_vegan,diet_vegetarian,sub_frisches_gemuese,tag_whole_food",bamberg,,ref_000131,obs_0000027016,
Meister Proper Reiniger,Keine Marke,"€ 1,59",,"pro Einheit = 1,59","versch. Sorten, je 1-l-Fl.",Nein,2026-03-23 bis 2026-03-29,2026-03-23,2026-03-29,images_rewe/bamberg_offer_244.jpg,"cat_getraenke,diet_gluten_free",bamberg,,ref_000132,obs_0000029086|obs_0000033271|obs_0000003536|obs_0000010953|obs_0000012011|obs_0000013362|obs_0000013848|obs_0000014189|obs_0000015954|obs_0000017601|obs_0000018411|obs_0000019901|obs_0000023750|obs_0000024166|obs_0000025004|obs_0000026432|obs_0000027202|obs_0000027513|obs_0000028357|obs_0000031762,obs_0000029086
Kesper Schneidebrett Bambus,Keine Marke,"€ 2,49",,"pro Einheit = 2,49","ca. 23 x 15 cm 2.49 UVP 4.99 ca. 27 x 19 cm 3.99 UVP 7.99 ca. 35 x 26 cm 5.99 UVP 12.99, je 1-St.",Nein,2026-03-23 bis 2026-03-29,2026-03-23,2026-03-29,images_rewe/bamberg_offer_243.jpg,"cat_getraenke,diet_gluten_free,diet_lactose_free,diet_vegan,diet_vegetarian,tag_whole_food",bamberg,,ref_000133,obs_0000029068|obs_0000028914|obs_0000033206|obs_0000016021|obs_0000019369|obs_0000019618|obs_0000023549,
Kesper Obst- und Salatschale,Keine Marke,"€ 1,99",,"pro Einheit = 1,99","Ø ca. 14,5 cm, je 1-St.",Nein,2026-03-23 bis 2026-03-29,2026-03-23,2026-03-29,images_rewe/bamberg_offer_242.jpg,"cat_obst_gemuese,diet_gluten_free,diet_lactose_free,diet_vegan,diet_vegetarian,sub_frisches_gemuese,tag_whole_food",bamberg,,ref_000134,,
Neutral oder Essig Reiniger,Frosch,"€ 1,79",,"pro Einheit = 1,79","versch. Sorten, je 1-l-Fl.",Nein,2026-03-23 bis 2026-03-29,2026-03-23,2026-03-29,images_rewe/bamberg_offer_241.jpg,cat_drogerie,bamberg,,ref_000135,obs_0000032034|obs_0000031762|obs_0000025004|obs_0000033271|obs_0000017601|obs_0000026432|obs_0000018411|obs_0000027202|obs_0000010953|obs_0000027513|obs_0000019901|obs_0000003536|obs_0000028357|obs_0000012011|obs_0000013362|obs_0000013848|obs_0000014189|obs_0000023750|obs_0000015850|obs_0000015954|obs_0000024166,
Reiniger,Frosch,"€ 1,79",,"1 l = 3,58","versch. Sorten, je 500-ml-Fl.",Nein,2026-03-23 bis 2026-03-29,2026-03-23,2026-03-29,images_rewe/bamberg_offer_240.jpg,cat_drogerie,bamberg,,ref_000136,obs_0000031762|obs_0000013848|obs_0000025004|obs_0000013362|obs_0000019901|obs_0000026432|obs_0000017601|obs_0000027202|obs_0000028357|obs_0000023750|obs_0000010953|obs_0000003536|obs_0000015954|obs_0000024166|obs_0000012011|obs_0000018411|obs_0000014189|obs_0000033271|obs_0000027513|obs_0000033073|obs_0000034865|obs_0000033203|obs_0000032996|obs_0000015234|obs_0000015113|obs_0000032033|obs_0000033185|obs_0000013477|obs_0000016583|obs_0000015960|obs_0000027111|obs_0000008302|obs_0000027756|obs_0000001943|obs_0000002840|obs_0000029085|obs_0000029086|obs_0000032031|obs_0000006948|obs_0000005292|obs_0000033074|obs_0000006593|obs_0000002247|obs_0000007499|obs_0000033351|obs_0000034992|obs_0000007504|obs_0000030064|obs_0000031094|obs_0000009778,obs_0000031762|obs_0000013848|obs_0000025004|obs_0000033073|obs_0000013362|obs_0000034865|obs_0000019901|obs_0000026432|obs_0000017601|obs_0000027202|obs_0000028357|obs_0000023750|obs_0000010953|obs_0000003536|obs_0000015954|obs_0000024166|obs_0000012011|obs_0000018411|obs_0000014189|obs_0000033271|obs_0000027513
WC Frisch Kraft Aktiv,Keine Marke,"€ 1,49",,"1 kg = 29,80","versch. Sorten, je 50-g-Pckg.",Nein,2026-03-23 bis 2026-03-29,2026-03-23,2026-03-29,images_rewe/bamberg_offer_239.jpg,"cat_drogerie,diet_lactose_free,diet_vegetarian,tag_whole_food",bamberg,,ref_000137,obs_0000007928|obs_0000006056|obs_0000017598|obs_0000023308|obs_0000024718|obs_0000026031|obs_0000032802|obs_0000000452|obs_0000033437|obs_0000000812|obs_0000004186|obs_0000004613|obs_0000005040|obs_0000008795|obs_0000010769|obs_0000011605|obs_0000014287|obs_0000015106|obs_0000015308|obs_0000015959,
Schwarztee Earl Grey,Meßmer,"€ 1,59",,"1 kg = 36,34","je 43,75-g-Pckg.",Nein,2026-03-23 bis 2026-03-29,2026-03-23,2026-03-29,images_rewe/bamberg_offer_147.jpg,"cat_grundnahrung,diet_gluten_free,diet_lactose_free,diet_vegan,diet_vegetarian",bamberg,,ref_000138,obs_0000032656|obs_0000029034|obs_0000031994,
Ibis Brioche Sandwich-Brötchen,Keine Marke,"€ 1,59",,"1 kg = 5,89","vorgeschnitten, je 270-g-Btl.",Nein,2026-03-23 bis 2026-03-29,2026-03-23,2026-03-29,images_rewe/bamberg_offer_146.jpg,"cat_grundnahrung,diet_vegan,diet_vegetarian,tag_ultra_processed,tag_whole_food",bamberg,,ref_000139,obs_0000012342|obs_0000014517|obs_0000016389|obs_0000017155|obs_0000031017,
Reiterbeutel,REWE Beste Wahl,"€ 1,19",,"1 kg = 23,80","versch. Sorten, je 50-g-Btl.",Nein,2026-03-23 bis 2026-03-29,2026-03-23,2026-03-29,images_rewe/bamberg_offer_198.jpg,"cat_knabbern_naschen,diet_gluten_free,diet_lactose_free,diet_vegan,diet_vegetarian,tag_whole_food",bamberg,,ref_000140,obs_0000026763,
Cupper Tee,Keine Marke,"€ 1,99",,"1 kg = 66,33","versch. Sorten, je 30-g-Pckg.",Nein,2026-03-23 bis 2026-03-29,2026-03-23,2026-03-29,images_rewe/bamberg_offer_144.jpg,"cat_grundnahrung,diet_gluten_free,diet_lactose_free,diet_vegan,diet_vegetarian,sub_exoten,sub_frisches_gemuese,sub_frisches_obst,tag_ultra_processed,tag_whole_food",bamberg,,ref_000141,obs_0000029718|obs_0000008687|obs_0000014277|obs_0000016641|obs_0000018054|obs_0000018960|obs_0000020428|obs_0000021247|obs_0000022129|obs_0000023245|obs_0000023661|obs_0000025412|obs_0000026894|obs_0000028312,obs_0000029718
Schweinebauchscheiben,Keine Marke,"€ 0,88",,"pro Einheit = 0,88","ohne Knochen, in versch. Marinaden, je 100-g-",Nein,2026-03-23 bis 2026-03-29,2026-03-23,2026-03-29,images_rewe/bamberg_offer_052.jpg,"cat_fleisch_wurst,diet_gluten_free,diet_lactose_free,diet_vegan,diet_vegetarian,sub_schwein,tag_ultra_processed,tag_whole_food",bamberg,,ref_000142,obs_0000013041|obs_0000014203,obs_0000013041|obs_0000014203
Schweine-Filet,Keine Marke,"€ 0,99",,"pro Einheit = 0,99",je 100-g-,Nein,2026-03-23 bis 2026-03-29,2026-03-23,2026-03-29,images_rewe/bamberg_offer_051.jpg,"cat_fisch_meeresfruechte,diet_gluten_free,diet_lactose_free,sub_schwein,tag_high_protein,tag_proteinreich,tag_whole_food",bamberg,BLS-U611100,ref_000143,obs_0000027815|obs_0000028386|obs_0000029865|obs_0000029910|obs_0000029960|obs_0000030434|obs_0000030622|obs_0000031221|obs_0000031236|obs_0000031227,obs_0000007631|obs_0000026057|obs_0000027670|obs_0000027815|obs_0000028386|obs_0000028417|obs_0000028555|obs_0000028675|obs_0000029865|obs_0000029910|obs_0000029960|obs_0000030434|obs_0000030622|obs_0000031221|obs_0000031236
Houdek Kabanos oder Knabber-Kabanos,Keine Marke,"€ 1,49",,"pro Einheit = 1,49",je 100-g-,Nein,2026-03-23 bis 2026-03-29,2026-03-23,2026-03-29,images_rewe/bamberg_offer_050.jpg,"cat_fleisch_wurst,sub_wurst,tag_ultra_processed",bamberg,,ref_000144,obs_0000006873|obs_0000029807|obs_0000030519|obs_0000030911|obs_0000031478|obs_0000032560|obs_0000000616|obs_0000006189|obs_0000011011|obs_0000012778|obs_0000016109,
Ostermeier GQB Strohschwein Bauernsalami,Keine Marke,"€ 1,89",,"pro Einheit = 1,89",je 100-g-,Nein,2026-03-23 bis 2026-03-29,2026-03-23,2026-03-29,images_rewe/bamberg_offer_049.jpg,"cat_fleisch_wurst,sub_schwein,sub_wurst,tag_ultra_processed",bamberg,,ref_000145,obs_0000029544|obs_0000029117|obs_0000030095|obs_0000031121|obs_0000031549|obs_0000030432|obs_0000006335,obs_0000029544
Schiller GQB Strohschwein Backleberkäse,Keine Marke,"€ 0,99",,"pro Einheit = 0,99","versch. Sorten, je 100-g-",Nein,2026-03-23 bis 2026-03-29,2026-03-23,2026-03-29,images_rewe/bamberg_offer_048.jpg,"cat_fleisch_wurst,sub_schwein,sub_wurst,tag_ultra_processed",bamberg,,ref_000146,obs_0000029187|obs_0000029556|obs_0000029558|obs_0000029792|obs_0000029808|obs_0000029870|obs_0000030093|obs_0000030543|obs_0000030833|obs_0000031107|obs_0000031108|obs_0000031192|obs_0000031468|obs_0000031547|obs_0000032597|obs_0000029119|obs_0000030199|obs_0000032571|obs_0000028317,
Hackfleisch,Keine Marke,"€ 1,22",,"pro Einheit = 1,22","gemischt, vom Rind und Schwein, je 100-g-",Nein,2026-03-23 bis 2026-03-29,2026-03-23,2026-03-29,images_rewe/bamberg_offer_047.jpg,"cat_fleisch_wurst,diet_gluten_free,diet_lactose_free,diet_vegan,diet_vegetarian,sub_hackfleisch,sub_rind,sub_schwein,tag_proteinreich,tag_whole_food",bamberg,BLS-U020100,ref_000147,obs_0000030444|obs_0000000646|obs_0000000826|obs_0000001083|obs_0000006355|obs_0000006874|obs_0000007077|obs_0000009248|obs_0000028033|obs_0000028809|obs_0000029783|obs_0000029892|obs_0000029904|obs_0000029964|obs_0000030174|obs_0000030269|obs_0000030894|obs_0000030922|obs_0000030962|obs_0000031538|obs_0000031541|obs_0000031582|obs_0000032583|obs_0000029288|obs_0000029603|obs_0000030630|obs_0000031638|obs_0000000054|obs_0000000886|obs_0000033883|obs_0000034536|obs_0000002149|obs_0000002216|obs_0000002403|obs_0000002648|obs_0000002681|obs_0000002767|obs_0000002849|obs_0000003415|obs_0000003580|obs_0000005620|obs_0000005797|obs_0000008380|obs_0000008856|obs_0000009222|obs_0000009575|obs_0000009702|obs_0000011430|obs_0000012282|obs_0000014463,obs_0000000646|obs_0000000826|obs_0000001083|obs_0000030444
Maishähnchenbrustfilet,Keine Marke,"€ 1,59",,"pro Einheit = 1,59",je 100-g-,Nein,2026-03-23 bis 2026-03-29,2026-03-23,2026-03-29,images_rewe/bamberg_offer_053.jpg,"cat_fleisch_wurst,diet_gluten_free,diet_lactose_free,sub_gefluegel,tag_high_protein,tag_proteinreich,tag_whole_food",bamberg,NUTR-0002,ref_000148,,obs_0000028783|obs_0000029652
Helle Tafeltrauben,Keine Marke,"€ 1,49",,"1 kg = 2,98","Sorte: siehe Etikett, Kl. I, je 500-g-Schale",Nein,2026-03-23 bis 2026-03-29,2026-03-23,2026-03-29,images_rewe/bamberg_offer_046.jpg,"cat_obst_gemuese,diet_gluten_free,diet_lactose_free,diet_vegan,diet_vegetarian,sub_frisches_obst,tag_whole_food",bamberg,,ref_000149,obs_0000029495|obs_0000030129|obs_0000030563|obs_0000030859|obs_0000032321|obs_0000029493|obs_0000008527|obs_0000008710|obs_0000008765|obs_0000010211|obs_0000010312|obs_0000014088|obs_0000028335|obs_0000028835|obs_0000031873|obs_0000008792|obs_0000009624|obs_0000028721,obs_0000029493|obs_0000029495|obs_0000030129|obs_0000030563|obs_0000030859|obs_0000032321
Gelbfleischige Nektarinen,Keine Marke,"€ 3,49",,"pro Einheit = 3,49","Kl. I, je 1-kg-",Nein,2026-03-23 bis 2026-03-29,2026-03-23,2026-03-29,images_rewe/bamberg_offer_044.jpg,"cat_obst_gemuese,diet_gluten_free,diet_lactose_free,diet_vegan,diet_vegetarian,sub_frisches_obst,tag_ultra_processed,tag_whole_food",bamberg,,ref_000150,obs_0000031228|obs_0000009436|obs_0000009901,obs_0000031150|obs_0000031228
Gelbe Bio Speisezwiebeln,Keine Marke,"€ 1,11",,"1 kg = 1,48","Kl. II, je 750-g-Netz",Nein,2026-03-23 bis 2026-03-29,2026-03-23,2026-03-29,images_rewe/bamberg_offer_043.jpg,"cat_obst_gemuese,diet_gluten_free,diet_lactose_free,diet_vegan,diet_vegetarian,sub_frisches_gemuese,sub_frisches_obst,tag_whole_food",bamberg,,ref_000151,obs_0000029479|obs_0000028321|obs_0000031417|obs_0000032506|obs_0000031134|obs_0000028446|obs_0000031727,obs_0000028321|obs_0000029479|obs_0000031134|obs_0000031417|obs_0000032506
Bio Zitrone,Keine Marke,"€ 0,69",,"pro Einheit = 0,69","Sorte: siehe Etikett, Kl. I, je 1-St.",Nein,2026-03-23 bis 2026-03-29,2026-03-23,2026-03-29,images_rewe/bamberg_offer_042.jpg,"cat_obst_gemuese,diet_gluten_free,diet_lactose_free,diet_vegan,diet_vegetarian,sub_exoten,sub_frisches_obst,tag_whole_food",bamberg,BLS-F601100,ref_000152,obs_0000029941|obs_0000030917|obs_0000029580|obs_0000031579|obs_0000032505|obs_0000033932|obs_0000034741|obs_0000011971,obs_0000033715|obs_0000008643|obs_0000018940|obs_0000028790|obs_0000029124|obs_0000029580|obs_0000029581|obs_0000029941|obs_0000030824|obs_0000030917|obs_0000031579|obs_0000032505
Heidelbeeren,Keine Marke,"€ 3,33",,"1 kg = 16,65","Kl. I, je 200-g-Schale",Nein,2026-03-23 bis 2026-03-29,2026-03-23,2026-03-29,images_rewe/bamberg_offer_041.jpg,"cat_obst_gemuese,diet_gluten_free,diet_lactose_free,diet_vegan,diet_vegetarian,sub_exoten,sub_frisches_obst,tag_whole_food",bamberg,BLS-F304100,ref_000153,obs_0000000051|obs_0000002819|obs_0000003000|obs_0000003088|obs_0000007729|obs_0000016699|obs_0000019143|obs_0000025384|obs_0000026376|obs_0000026698|obs_0000027502|obs_0000027788|obs_0000028260|obs_0000029138|obs_0000030262|obs_0000030560|obs_0000031149|obs_0000032326|obs_0000032523|obs_0000000695|obs_0000000880|obs_0000033682|obs_0000033918|obs_0000034122|obs_0000001513|obs_0000034918|obs_0000025769|obs_0000006409|obs_0000022353|obs_0000030138|obs_0000030472|obs_0000030919|obs_0000006958|obs_0000007128|obs_0000007143|obs_0000034319|obs_0000005120|obs_0000005509|obs_0000005525|obs_0000005692|obs_0000005713|obs_0000005894,obs_0000000051|obs_0000000695|obs_0000000880|obs_0000033682|obs_0000033918|obs_0000034122|obs_0000001513|obs_0000034918|obs_0000002819|obs_0000003000|obs_0000003088|obs_0000007729|obs_0000016699|obs_0000019143|obs_0000022353|obs_0000025384|obs_0000025769|obs_0000026376|obs_0000026698|obs_0000027502|obs_0000027788|obs_0000028260|obs_0000029138|obs_0000030138|obs_0000030262|obs_0000030472|obs_0000030560|obs_0000030919|obs_0000031149|obs_0000032326|obs_0000032523
Avocado,Keine Marke,"€ 0,99",,"pro Einheit = 0,99","»Hass«, Ursprung: siehe Etikett, Kl. I, je 1-St.",Nein,2026-03-23 bis 2026-03-29,2026-03-23,2026-03-29,images_rewe/bamberg_offer_040.jpg,"cat_obst_gemuese,diet_gluten_free,diet_lactose_free,diet_vegan,diet_vegetarian,sub_exoten,sub_frisches_gemuese,sub_frisches_obst,tag_ultra_processed,tag_whole_food",bamberg,BLS-F502100,ref_000154,obs_0000000058|obs_0000008728|obs_0000017166|obs_0000018748|obs_0000020117|obs_0000020936|obs_0000029123|obs_0000029201|obs_0000030562|obs_0000000694|obs_0000001305|obs_0000034105|obs_0000034516|obs_0000014073|obs_0000027541|obs_0000027854|obs_0000007317|obs_0000030124|obs_0000030212|obs_0000030257|obs_0000030466|obs_0000030826|obs_0000030959|obs_0000031260|obs_0000032517|obs_0000033717|obs_0000034744|obs_0000006430|obs_0000024863|obs_0000025778|obs_0000028796|obs_0000006605|obs_0000011409|obs_0000011817|obs_0000012255|obs_0000012744|obs_0000013139|obs_0000006785|obs_0000007527|obs_0000030016|obs_0000006418|obs_0000015526|obs_0000028218|obs_0000028463|obs_0000014440|obs_0000028383|obs_0000000895,obs_0000000058|obs_0000000694|obs_0000001305|obs_0000034105|obs_0000034516|obs_0000008728|obs_0000014073|obs_0000017166|obs_0000018748|obs_0000020117|obs_0000020936|obs_0000027541|obs_0000027854|obs_0000029123|obs_0000029201|obs_0000030124|obs_0000030212|obs_0000030257|obs_0000030466|obs_0000030562|obs_0000030959|obs_0000032517
Erdbeeren,Keine Marke,"€ 5,55",,"1 kg = 6,17","Kl. I, je 900-g-Kiste",Nein,2026-03-23 bis 2026-03-29,2026-03-23,2026-03-29,images_rewe/bamberg_offer_039.jpg,"cat_obst_gemuese,diet_gluten_free,diet_lactose_free,diet_vegan,diet_vegetarian,sub_exoten,sub_frisches_gemuese,sub_frisches_obst,tag_whole_food",bamberg,BLS-F301100,ref_000155,obs_0000027419|obs_0000029494|obs_0000030564|obs_0000030617|obs_0000030915|obs_0000031261|obs_0000031462|obs_0000031576|obs_0000032512|obs_0000000875|obs_0000006265|obs_0000006408|obs_0000022919|obs_0000024529|obs_0000012233|obs_0000013901|obs_0000011389|obs_0000013414|obs_0000013418|obs_0000015717|obs_0000030989|obs_0000033793|obs_0000034400|obs_0000030428|obs_0000005687|obs_0000006083|obs_0000006092,obs_0000000875|obs_0000006265|obs_0000006408|obs_0000012358|obs_0000022919|obs_0000024529|obs_0000027419|obs_0000029494|obs_0000030564|obs_0000030617|obs_0000030915|obs_0000031261|obs_0000031462|obs_0000031576|obs_0000032512
Passionsfrucht,Keine Marke,"€ 2,00",,"pro Einheit = 2,00","Ursprung: siehe Etikett, je 1-St.",Nein,2026-03-23 bis 2026-03-29,2026-03-23,2026-03-29,images_rewe/bamberg_offer_045.jpg,"cat_obst_gemuese,diet_gluten_free,diet_lactose_free,diet_vegan,diet_vegetarian,tag_ultra_processed,tag_whole_food",bamberg,BLS-F508100,ref_000156,obs_0000008964|obs_0000013976|obs_0000027420|obs_0000028512|obs_0000028626|obs_0000030613|obs_0000033714|obs_0000003114|obs_0000013440|obs_0000006963|obs_0000006968|obs_0000011388,obs_0000033714|obs_0000003114|obs_0000008964|obs_0000013976|obs_0000027420|obs_0000028512|obs_0000028626|obs_0000030613
Orangen,Keine Marke,"€ 2,29",,"1 kg = 1,15","Sorte: siehe Etikett, Kl. I, je 2-kg-Netz",Nein,2026-03-23 bis 2026-03-29,2026-03-23,2026-03-29,images_rewe/bamberg_offer_038.jpg,"cat_obst_gemuese,diet_gluten_free,diet_lactose_free,diet_vegan,diet_vegetarian,sub_exoten,sub_frisches_obst,tag_ultra_processed,tag_whole_food",bamberg,BLS-F603100,ref_000157,obs_0000008755|obs_0000008977|obs_0000009316|obs_0000009787|obs_0000010164|obs_0000014361|obs_0000016457|obs_0000017005|obs_0000019119|obs_0000021906|obs_0000024992|obs_0000026554|obs_0000027355|obs_0000027858|obs_0000028048|obs_0000028056|obs_0000029131|obs_0000029277|obs_0000029592|obs_0000029823|obs_0000030565|obs_0000030827|obs_0000031118|obs_0000031473|obs_0000032059|obs_0000032323|obs_0000034743|obs_0000024463|obs_0000025768|obs_0000010976|obs_0000012742|obs_0000013417|obs_0000014877|obs_0000015310|obs_0000015711|obs_0000026166|obs_0000029591|obs_0000029943|obs_0000030120|obs_0000031152|obs_0000007526|obs_0000010521|obs_0000012208|obs_0000031952|obs_0000033716|obs_0000033854|obs_0000033934|obs_0000034020|obs_0000001301|obs_0000034315,obs_0000034743|obs_0000008755|obs_0000008977|obs_0000009316|obs_0000009787|obs_0000010164|obs_0000014361|obs_0000016457|obs_0000017005|obs_0000019119|obs_0000021906|obs_0000024463|obs_0000024992|obs_0000025768|obs_0000026166|obs_0000026554|obs_0000027355|obs_0000027858|obs_0000028048|obs_0000028056|obs_0000029131|obs_0000029277|obs_0000029591|obs_0000029592|obs_0000029595|obs_0000029820|obs_0000029823|obs_0000029943|obs_0000030120|obs_0000030442|obs_0000030565|obs_0000030827|obs_0000031118|obs_0000031152|obs_0000031473|obs_0000032059|obs_0000032323
Duroc Schweinebraten,Keine Marke,"€ 1,99",,"pro Einheit = 1,99","aus dem Nacken, je 100-g-",Nein,2026-03-23 bis 2026-03-29,2026-03-23,2026-03-29,images_rewe/bamberg_offer_054.jpg,"cat_fleisch_wurst,diet_gluten_free,diet_lactose_free,diet_vegan,diet_vegetarian,sub_frisches_gemuese,sub_schwein,tag_whole_food",bamberg,,ref_000158,obs_0000008953|obs_0000011777|obs_0000018217,obs_0000028701
Schweinenackensteaks,Keine Marke,"€ 0,99",,"pro Einheit = 0,99","versch. mariniert, je 100-g-",Nein,2026-03-23 bis 2026-03-29,2026-03-23,2026-03-29,images_rewe/bamberg_offer_056.jpg,"cat_fleisch_wurst,diet_gluten_free,diet_lactose_free,diet_vegan,diet_vegetarian,sub_schwein,tag_whole_food",bamberg,,ref_000159,obs_0000018446|obs_0000018458|obs_0000022262,obs_0000007445|obs_0000018446|obs_0000018458|obs_0000022262|obs_0000029921|obs_0000030101|obs_0000032401
Milkana Frischeschale Sahne,Keine Marke,"€ 1,99",,"1 kg = 10,47","Schmelzkäse, je 190-g-Schale",Nein,2026-03-23 bis 2026-03-29,2026-03-23,2026-03-29,images_rewe/bamberg_offer_070.jpg,"cat_molkerei_kaese,diet_lactose_free,diet_vegetarian,sub_milchprodukte,sub_sahne_creme,tag_ultra_processed,tag_whole_food",bamberg,,ref_000160,obs_0000030117|obs_0000031748,
Buko Frischkäse,Arla,"€ 0,99",,"1 kg = 4,95","versch. Sorten, je 200-g-Becher",Nein,2026-03-23 bis 2026-03-29,2026-03-23,2026-03-29,images_rewe/bamberg_offer_069.jpg,"cat_molkerei_kaese,sub_kaese,sub_milchprodukte,tag_ultra_processed",bamberg,,ref_000161,obs_0000002064|obs_0000019510|obs_0000002429|obs_0000022984|obs_0000000998|obs_0000029798|obs_0000032541|obs_0000000519|obs_0000016946|obs_0000026675|obs_0000017482|obs_0000022604|obs_0000017513|obs_0000018043|obs_0000022149|obs_0000028302|obs_0000025259|obs_0000020143|obs_0000018636|obs_0000022250|obs_0000018668|obs_0000027893|obs_0000019721|obs_0000022312|obs_0000024882|obs_0000010048|obs_0000024407|obs_0000009596|obs_0000002951|obs_0000003481|obs_0000019362|obs_0000023986|obs_0000020962|obs_0000017894|obs_0000005716|obs_0000006799,obs_0000002064|obs_0000019510|obs_0000002429|obs_0000022984|obs_0000000998
Almette Frischkäse,Keine Marke,"€ 1,11",,"1 kg = 7,40","versch. Sorten, je 150-g-Pckg.",Nein,2026-03-23 bis 2026-03-29,2026-03-23,2026-03-29,images_rewe/bamberg_offer_068.jpg,"cat_molkerei_kaese,diet_gluten_free,diet_lactose_free,diet_vegetarian,sub_kaese,sub_milchprodukte,tag_ultra_processed,tag_whole_food",bamberg,,ref_000162,obs_0000000519|obs_0000002951|obs_0000003481|obs_0000009596|obs_0000010048|obs_0000016946|obs_0000017482|obs_0000017513|obs_0000017894|obs_0000018043|obs_0000018636|obs_0000018668|obs_0000019362|obs_0000019721|obs_0000020143|obs_0000020962|obs_0000022149|obs_0000022250|obs_0000022312|obs_0000022604|obs_0000023986|obs_0000024407|obs_0000024882|obs_0000025259|obs_0000026675|obs_0000027893|obs_0000028302,
Rougette Ofenkäse fein-würzig,Keine Marke,"€ 3,99",,"1 kg = 12,47","Weichkäse, 60% Fett i.Tr., je 320-g-Pckg.",Nein,2026-03-23 bis 2026-03-29,2026-03-23,2026-03-29,images_rewe/bamberg_offer_067.jpg,"cat_molkerei_kaese,diet_gluten_free,diet_lactose_free,diet_vegan,diet_vegetarian,sub_kaese,sub_milchprodukte",bamberg,,ref_000163,obs_0000029098|obs_0000029795|obs_0000030802|obs_0000032086|obs_0000032538|obs_0000016206|obs_0000019767|obs_0000028781|obs_0000006974|obs_0000005717|obs_0000034181|obs_0000003012|obs_0000010167|obs_0000011472|obs_0000014853|obs_0000015708|obs_0000018904|obs_0000023649|obs_0000027738|obs_0000028959,obs_0000029098|obs_0000029795|obs_0000030802|obs_0000032086|obs_0000032538
Joghurt,Landliebe,"€ 1,11",,"1 kg = 2,22","versch. Sorten, je 500-g-Glas, zzgl. 0,15 € Pfand",Nein,2026-03-23 bis 2026-03-29,2026-03-23,2026-03-29,images_rewe/bamberg_offer_066.jpg,"cat_molkerei_kaese,diet_vegetarian,sub_joghurt_skyr_quark,sub_milchprodukte,sub_sahne_creme,tag_ultra_processed",bamberg,BLS-X3A9010,ref_000164,obs_0000026710|obs_0000028966|obs_0000015673|obs_0000021506|obs_0000021508|obs_0000025171|obs_0000020687|obs_0000020689|obs_0000025811|obs_0000017127|obs_0000023284|obs_0000008703|obs_0000034580|obs_0000025392|obs_0000019794|obs_0000033696|obs_0000009663|obs_0000009180|obs_0000023030|obs_0000027682|obs_0000002722|obs_0000006440|obs_0000016386|obs_0000031756|obs_0000020500|obs_0000004133|obs_0000018991|obs_0000004657|obs_0000019507|obs_0000020030|obs_0000007763|obs_0000027740|obs_0000002653|obs_0000005728|obs_0000029797|obs_0000025213|obs_0000003199|obs_0000004230|obs_0000017054|obs_0000000671|obs_0000004783|obs_0000021174|obs_0000011458|obs_0000003781|obs_0000003287|obs_0000031971|obs_0000017128|obs_0000001772|obs_0000004356|obs_0000001804,obs_0000021506|obs_0000021508|obs_0000025171|obs_0000026710|obs_0000005728|obs_0000020687|obs_0000020689|obs_0000025811|obs_0000017127|obs_0000023284|obs_0000008703|obs_0000034580|obs_0000028966|obs_0000025392|obs_0000015673|obs_0000019794|obs_0000033696|obs_0000009663|obs_0000009180|obs_0000023030
Bergader Bergbauern Käse mild-nussig,Keine Marke,"€ 1,69",,"1 kg = 11,27","Schnittkäse, 48% Fett i.Tr., je 150-g-Pckg.",Nein,2026-03-23 bis 2026-03-29,2026-03-23,2026-03-29,images_rewe/bamberg_offer_065.jpg,"cat_molkerei_kaese,diet_gluten_free,diet_lactose_free,diet_vegan,diet_vegetarian,sub_kaese,sub_milchprodukte,tag_ultra_processed",bamberg,,ref_000165,obs_0000029453|obs_0000030813|obs_0000032191|obs_0000001530|obs_0000028542|obs_0000028659|obs_0000031444|obs_0000024913|obs_0000009173|obs_0000009655|obs_0000010376|obs_0000019500|obs_0000026022|obs_0000027519|obs_0000028722,obs_0000029453|obs_0000030813|obs_0000032191
Kalbsfilet,Keine Marke,"€ 4,44",,"pro Einheit = 4,44",je 100-g-,Nein,2026-03-23 bis 2026-03-29,2026-03-23,2026-03-29,images_rewe/bamberg_offer_055.jpg,"cat_fisch_meeresfruechte,diet_gluten_free,diet_lactose_free,diet_vegan,diet_vegetarian,sub_rind,tag_high_protein,tag_proteinreich,tag_whole_food",bamberg,BLS-U333100,ref_000166,,obs_0000028327
Butter oder die Streichzarte,Weihenstephan,"€ 1,39",,"1 kg = 5,56","versch. Sorten, je 250-g-Pckg. / 250-g-Becher",Nein,2026-03-23 bis 2026-03-29,2026-03-23,2026-03-29,images_rewe/bamberg_offer_064.jpg,"cat_molkerei_kaese,diet_gluten_free,diet_vegetarian,sub_butter_margarine,sub_milchprodukte",bamberg,,ref_000167,obs_0000006434|obs_0000014852|obs_0000016088|obs_0000012198|obs_0000006296|obs_0000029454|obs_0000005897|obs_0000007149|obs_0000007562|obs_0000032534|obs_0000009075|obs_0000001425|obs_0000018644|obs_0000027049|obs_0000002620|obs_0000019493|obs_0000003267|obs_0000021984|obs_0000022502|obs_0000031786|obs_0000024620|obs_0000000107|obs_0000008456|obs_0000008556|obs_0000000997|obs_0000017835|obs_0000026359|obs_0000018391|obs_0000010409|obs_0000034970|obs_0000018772|obs_0000002676|obs_0000011042|obs_0000027517|obs_0000011467|obs_0000003591|obs_0000003636|obs_0000012797|obs_0000013125,obs_0000012198|obs_0000005897|obs_0000006296|obs_0000006434|obs_0000014852|obs_0000016088
Bauer Butterkäse,Keine Marke,"€ 0,89",,"pro Einheit = 0,89","halbf. Schnittkäse, 45% Fett i.Tr., je 100-g-",Nein,2026-03-23 bis 2026-03-29,2026-03-23,2026-03-29,images_rewe/bamberg_offer_062.jpg,"cat_molkerei_kaese,diet_gluten_free,diet_vegetarian,sub_butter_margarine,sub_kaese,sub_milchprodukte,tag_ultra_processed",bamberg,,ref_000168,obs_0000006806|obs_0000029171|obs_0000005908|obs_0000033775|obs_0000034800|obs_0000035114|obs_0000009434|obs_0000009899|obs_0000010146|obs_0000012660|obs_0000018295|obs_0000019165|obs_0000022440|obs_0000024636|obs_0000028402|obs_0000028491|obs_0000028601,obs_0000005908|obs_0000006806|obs_0000029171
Old Amsterdam,Old Amsterdam,"€ 1,69",,"pro Einheit = 1,69","niederl. Hartkäse, 48% Fett i.Tr., je 100-g-",Nein,2026-03-23 bis 2026-03-29,2026-03-23,2026-03-29,images_rewe/bamberg_offer_061.jpg,"cat_non_food,sub_milchprodukte",bamberg,,ref_000169,obs_0000010275|obs_0000028792|obs_0000008193|obs_0000005350|obs_0000005550|obs_0000019632|obs_0000007759,obs_0000010275|obs_0000028792
Fleischsalat,Keine Marke,"€ 1,39",,"pro Einheit = 1,39",je 100-g-,Nein,2026-03-23 bis 2026-03-29,2026-03-23,2026-03-29,images_rewe/bamberg_offer_060.jpg,"cat_obst_gemuese,diet_gluten_free,diet_lactose_free,diet_vegan,diet_vegetarian,sub_frisches_gemuese,sub_salate,tag_ultra_processed,tag_whole_food",bamberg,BLS-W234000,ref_000170,obs_0000028926|obs_0000030455|obs_0000033969|obs_0000009137|obs_0000010665|obs_0000012215|obs_0000027847|obs_0000028813|obs_0000032620|obs_0000030156|obs_0000032301|obs_0000010368|obs_0000011064|obs_0000012833|obs_0000027307|obs_0000028421|obs_0000031785|obs_0000006529|obs_0000006695|obs_0000030611|obs_0000033951|obs_0000034940|obs_0000026567|obs_0000005237,obs_0000033969|obs_0000009137|obs_0000010665|obs_0000012215|obs_0000027847|obs_0000028813|obs_0000028926|obs_0000030455
Berger Römer- oder Zitronen Pfefferschinken,Keine Marke,"€ 1,79",,"pro Einheit = 1,79",je 100-g-,Nein,2026-03-23 bis 2026-03-29,2026-03-23,2026-03-29,images_rewe/bamberg_offer_059.jpg,"cat_obst_gemuese,diet_gluten_free,diet_lactose_free,diet_vegan,diet_vegetarian,sub_frisches_obst,sub_schwein,sub_wurst,tag_ultra_processed,tag_whole_food",bamberg,,ref_000171,obs_0000008321|obs_0000020848|obs_0000021667|obs_0000025087|obs_0000028057|obs_0000028262|obs_0000028912|obs_0000030136|obs_0000031323|obs_0000031554|obs_0000034117|obs_0000005411|obs_0000024462|obs_0000026542|obs_0000027477|obs_0000027911,
Wasner GQB Schwarzgeräucherte Schlegelstücke,Keine Marke,"€ 1,99",,"pro Einheit = 1,99",je 100-g-,Nein,2026-03-23 bis 2026-03-29,2026-03-23,2026-03-29,images_rewe/bamberg_offer_058.jpg,"cat_fisch_meeresfruechte,diet_vegetarian,tag_ultra_processed",bamberg,,ref_000172,obs_0000006530|obs_0000005961,
Rinder-Roastbeef,Keine Marke,"€ 2,99",,"pro Einheit = 2,99","am Stück oder in Scheiben, je 100-g-",Nein,2026-03-23 bis 2026-03-29,2026-03-23,2026-03-29,images_rewe/bamberg_offer_057.jpg,"cat_fleisch_wurst,diet_lactose_free,diet_vegetarian,sub_rind,tag_high_protein,tag_proteinreich,tag_whole_food",bamberg,BLS-U221100,ref_000173,obs_0000013852|obs_0000015774|obs_0000031768|obs_0000032493|obs_0000017571|obs_0000018768,obs_0000008240|obs_0000013852|obs_0000015774|obs_0000030091|obs_0000031768
Wasner GQB Leberwurst oder Hausmacher Leberwurst,Keine Marke,"€ 1,49",,"pro Einheit = 1,49","im Ring, je 100-g-",Nein,2026-03-23 bis 2026-03-29,2026-03-23,2026-03-29,images_rewe/bamberg_offer_063.jpg,"cat_fleisch_wurst,sub_wurst,tag_ultra_processed",bamberg,,ref_000174,obs_0000029505|obs_0000003643|obs_0000010597|obs_0000011436|obs_0000012655|obs_0000013053|obs_0000013762|obs_0000014468|obs_0000019440|obs_0000023801|obs_0000024223|obs_0000026066|obs_0000026452|obs_0000026900|obs_0000028438|obs_0000028508|obs_0000028622|obs_0000031720,obs_0000029505
Eisbergsalat,Keine Marke,"€ 0,99",,"pro Einheit = 0,99","Kl. I, je 1-St.",Nein,2026-03-23 bis 2026-03-29,2026-03-23,2026-03-29,images_rewe/bamberg_offer_037.jpg,"cat_obst_gemuese,diet_gluten_free,diet_lactose_free,diet_vegan,diet_vegetarian,sub_frisches_gemuese,sub_salate,tag_ultra_processed,tag_whole_food",bamberg,BLS-G103100,ref_000175,obs_0000008541|obs_0000029710|obs_0000032519|obs_0000000692|obs_0000003639|obs_0000024865|obs_0000026602|obs_0000027417|obs_0000015244|obs_0000006781|obs_0000007310|obs_0000007323|obs_0000030512,obs_0000000692|obs_0000003639|obs_0000008541|obs_0000015244|obs_0000024865|obs_0000026602|obs_0000027417|obs_0000029710|obs_0000031428|obs_0000032519
Vorgegarter Bio Zuckermais,Keine Marke,"€ 1,79",,"1 kg = 4,48",je 400-g-Pckg.,Nein,2026-03-23 bis 2026-03-29,2026-03-23,2026-03-29,images_rewe/bamberg_offer_036.jpg,"cat_obst_gemuese,diet_gluten_free,diet_lactose_free,diet_vegan,diet_vegetarian,sub_frisches_obst,tag_whole_food",bamberg,,ref_000176,obs_0000010140,
Speisekartoffeln,Keine Marke,"€ 1,99",,"1 kg = 1,00","Sorte und Kocheigenschaft: siehe Etikett, Qualität I, je 2-kg-Btl.",Nein,2026-03-23 bis 2026-03-29,2026-03-23,2026-03-29,images_rewe/bamberg_offer_035.jpg,"cat_obst_gemuese,diet_gluten_free,diet_lactose_free,diet_vegan,diet_vegetarian,sub_frisches_gemuese,sub_kartoffeln,tag_ultra_processed,tag_whole_food",bamberg,BLS-X612152,ref_000177,obs_0000000006|obs_0000003716|obs_0000008539|obs_0000009188|obs_0000009672|obs_0000016324|obs_0000017026|obs_0000028399|obs_0000030140|obs_0000030615|obs_0000030837|obs_0000031321|obs_0000033875|obs_0000034088|obs_0000034312|obs_0000034910|obs_0000026668|obs_0000027510|obs_0000027986|obs_0000006957|obs_0000008275|obs_0000010226|obs_0000010963|obs_0000011822|obs_0000012236|obs_0000014326|obs_0000015314|obs_0000015337|obs_0000018806|obs_0000019772|obs_0000028486|obs_0000028596|obs_0000029486|obs_0000032330|obs_0000006601|obs_0000006784|obs_0000010564|obs_0000010571|obs_0000011394|obs_0000012259|obs_0000013599|obs_0000015239|obs_0000015727|obs_0000030445|obs_0000031156|obs_0000032509|obs_0000000233|obs_0000003856|obs_0000004283|obs_0000004710,obs_0000000006|obs_0000033875|obs_0000034088|obs_0000034312|obs_0000034910|obs_0000003716|obs_0000008275|obs_0000008539|obs_0000008858|obs_0000009188|obs_0000009672|obs_0000010226|obs_0000010963|obs_0000011822|obs_0000012236|obs_0000013906|obs_0000014326|obs_0000015337|obs_0000016324|obs_0000017026|obs_0000018806|obs_0000019772|obs_0000026668|obs_0000027510|obs_0000027986|obs_0000028399|obs_0000028486|obs_0000028596|obs_0000029486|obs_0000030140|obs_0000030615|obs_0000030837|obs_0000031321
Krone Räucher-Lachs,Keine Marke,"€ 4,19",,"1 kg = 27,93",je 150-g-Pckg.,Nein,2026-03-23 bis 2026-03-29,2026-03-23,2026-03-29,images_rewe/bamberg_offer_014.jpg,"cat_fisch_meeresfruechte,diet_gluten_free,diet_lactose_free,diet_vegan,diet_vegetarian,tag_whole_food",bamberg,,ref_000178,obs_0000029100|obs_0000030529|obs_0000032547|obs_0000033739|obs_0000034939,obs_0000029100|obs_0000030529|obs_0000032547
Brunch Brotaufstrich,Keine Marke,"€ 1,29",,"1 kg = 6,97","versch. Sorten, je 185-g-Becher",Nein,2026-03-23 bis 2026-03-29,2026-03-23,2026-03-29,images_rewe/bamberg_offer_013.jpg,"cat_sonstiges,diet_gluten_free,diet_lactose_free,diet_vegan,diet_vegetarian,sub_huelsenfruechte,tag_whole_food",bamberg,,ref_000179,obs_0000029804|obs_0000030806|obs_0000032207|obs_0000006616|obs_0000007540|obs_0000034334|obs_0000034763|obs_0000008458|obs_0000010497|obs_0000010510|obs_0000012207|obs_0000013042|obs_0000013124|obs_0000014956|obs_0000015391|obs_0000018403|obs_0000023659|obs_0000031182|obs_0000031930,obs_0000029804|obs_0000030806|obs_0000032207
Kölln Knusper Schoko Keks,Keine Marke,"€ 2,49",,"1 kg = 5,66",je 440-g-Pckg.,Nein,2026-03-23 bis 2026-03-29,2026-03-23,2026-03-29,images_rewe/bamberg_offer_008.jpg,"cat_knabbern_naschen,diet_lactose_free,diet_vegan,diet_vegetarian,tag_ultra_processed,tag_whole_food",bamberg,,ref_000180,obs_0000032102|obs_0000032410|obs_0000028495|obs_0000028605,
Kohlrabi,Keine Marke,"€ 0,55",,"pro Einheit = 0,55","Kl. I, je 1-St.",Nein,2026-03-23 bis 2026-03-29,2026-03-23,2026-03-29,images_rewe/bamberg_offer_034.jpg,"cat_obst_gemuese,diet_gluten_free,diet_lactose_free,diet_vegan,diet_vegetarian,sub_frisches_gemuese,tag_whole_food",bamberg,BLS-G331100,ref_000181,obs_0000006267|obs_0000007523|obs_0000020792|obs_0000021611|obs_0000028051|obs_0000029130|obs_0000032328|obs_0000033707|obs_0000005521|obs_0000005881|obs_0000027539|obs_0000027802|obs_0000028768|obs_0000029942|obs_0000030572|obs_0000012243|obs_0000015323|obs_0000034115|obs_0000034525|obs_0000007742,obs_0000033707|obs_0000005521|obs_0000005881|obs_0000006267|obs_0000007523|obs_0000020792|obs_0000021611|obs_0000027539|obs_0000027802|obs_0000028051|obs_0000028768|obs_0000029130|obs_0000029942|obs_0000030572|obs_0000032328
Rote Tafeläpfel,Keine Marke,"€ 1,99",,"pro Einheit = 1,99","»Nicoter«, Kl. I, je 1-kg-Schale",Nein,2026-03-23 bis 2026-03-29,2026-03-23,2026-03-29,images_rewe/bamberg_offer_033.jpg,"cat_obst_gemuese,diet_gluten_free,diet_lactose_free,diet_vegan,diet_vegetarian,sub_frisches_gemuese,sub_frisches_obst,tag_whole_food",bamberg,,ref_000182,obs_0000029133|obs_0000029483|obs_0000029594|obs_0000029712|obs_0000029944|obs_0000030090|obs_0000030963|obs_0000031139|obs_0000031229|obs_0000031476|obs_0000031770|obs_0000030819|obs_0000030914|obs_0000032327|obs_0000005704|obs_0000028564|obs_0000028684,obs_0000009386|obs_0000009847|obs_0000029133|obs_0000029483|obs_0000029594|obs_0000029712|obs_0000029944|obs_0000030090|obs_0000030963|obs_0000031139|obs_0000031229|obs_0000031476|obs_0000031770
Mini Gurken,Keine Marke,"€ 4,44",,"pro Einheit = 4,44","Kl. I, je 1-kg-",Nein,2026-03-23 bis 2026-03-29,2026-03-23,2026-03-29,images_rewe/bamberg_offer_032.jpg,"cat_obst_gemuese,diet_gluten_free,diet_lactose_free,diet_vegan,diet_vegetarian,sub_frisches_gemuese,tag_ultra_processed,tag_whole_food",bamberg,BLS-G520100,ref_000183,obs_0000034112|obs_0000034736|obs_0000005701|obs_0000005710|obs_0000028423|obs_0000017251|obs_0000026810|obs_0000028052|obs_0000005122|obs_0000006379|obs_0000006420|obs_0000010932|obs_0000012328|obs_0000016216|obs_0000017530|obs_0000018128|obs_0000026024|obs_0000005323,obs_0000034112|obs_0000034736|obs_0000034913|obs_0000005701|obs_0000005710|obs_0000027526|obs_0000028423|obs_0000031588
Fromi Comt,Keine Marke,"€ 2,79",,"pro Einheit = 2,79","frz. Hartkäse, 8 Monate gereift, mind. 50% Fett i.Tr., je 100-g-",Nein,2026-03-23 bis 2026-03-29,2026-03-23,2026-03-29,images_rewe/bamberg_offer_030.jpg,"cat_getraenke,diet_gluten_free,diet_lactose_free,diet_vegan,diet_vegetarian,tag_ultra_processed,tag_whole_food",bamberg,,ref_000184,obs_0000032503,obs_0000032503
Buttertoast,Harry,"€ 0,99",,"1 kg = 3,96",je 250-g-Pckg.,Nein,2026-03-23 bis 2026-03-29,2026-03-23,2026-03-29,images_rewe/bamberg_offer_145.jpg,"cat_grundnahrung,diet_vegetarian,sub_butter_margarine,sub_milchprodukte,tag_ultra_processed",bamberg,,ref_000185,obs_0000026629|obs_0000014125,obs_0000026629|obs_0000014125
Lekka Veganer Aufschnitt,Keine Marke,"€ 1,19",,"1 kg = 17,00","versch. Sorten, je 70-g-Pckg.",Nein,2026-03-23 bis 2026-03-29,2026-03-23,2026-03-29,images_rewe/bamberg_offer_020.jpg,"cat_fleisch_wurst,diet_lactose_free,diet_vegan,diet_vegetarian,sub_fleischersatz,sub_wurst,tag_ultra_processed",bamberg,BLS-H930000,ref_000186,obs_0000029861|obs_0000001816|obs_0000018287|obs_0000023014|obs_0000006148,obs_0000029861
Joghurt mit der Ecke,Müller,"€ 0,33",,"1 kg = 2,20","versch. Sorten, je 150-g-Becher",Nein,2026-03-23 bis 2026-03-29,2026-03-23,2026-03-29,images_rewe/bamberg_offer_072.jpg,"cat_molkerei_kaese,diet_vegetarian,sub_joghurt_skyr_quark,sub_milchprodukte,tag_ultra_processed",bamberg,,ref_000187,obs_0000008461|obs_0000014831|obs_0000023257|obs_0000023683|obs_0000023724|obs_0000031933|obs_0000015791|obs_0000011758|obs_0000026097|obs_0000024096|obs_0000024148|obs_0000000372|obs_0000004499|obs_0000004926|obs_0000004072|obs_0000005142|obs_0000028035|obs_0000032204|obs_0000030520|obs_0000001115|obs_0000027149|obs_0000026710|obs_0000020687|obs_0000020689|obs_0000028966|obs_0000023030|obs_0000008703|obs_0000025171|obs_0000017127|obs_0000023284|obs_0000025392|obs_0000033696|obs_0000009180|obs_0000021506|obs_0000021508|obs_0000025811|obs_0000015673|obs_0000019794|obs_0000009663|obs_0000034580,obs_0000008461|obs_0000014831|obs_0000023257|obs_0000005142|obs_0000023683|obs_0000023724|obs_0000031933|obs_0000015791|obs_0000011758|obs_0000026097|obs_0000024096|obs_0000024148
Garden Gourmet Vegane Filetstreifen,Keine Marke,"€ 2,49",,"1 kg = 14,23",je 175-g-Pckg.,Nein,2026-03-23 bis 2026-03-29,2026-03-23,2026-03-29,images_rewe/bamberg_offer_074.jpg,"cat_molkerei_kaese,diet_gluten_free,diet_lactose_free,diet_vegan,diet_vegetarian,sub_fleischersatz,sub_gefluegel,tag_ultra_processed,tag_whole_food",bamberg,,ref_000188,obs_0000029152|obs_0000013668,obs_0000029152
Rahm-Königsgemüse,Iglo,"€ 2,39",,"1 kg = 4,78","tiefgefroren, je 500-g-Pckg.",Nein,2026-03-23 bis 2026-03-29,2026-03-23,2026-03-29,images_rewe/bamberg_offer_124.jpg,"cat_tiefkuehl,diet_vegetarian,sub_tk_fertiggerichte,sub_tk_gemuese",bamberg,,ref_000189,obs_0000032389,
Fischstäbchen,Frosta,"€ 2,79",,"1 kg = 6,20","tiefgefroren, je 450-g-Pckg.",Nein,2026-03-23 bis 2026-03-29,2026-03-23,2026-03-29,images_rewe/bamberg_offer_123.jpg,"cat_tiefkuehl,sub_nudeln,sub_tk_fertiggerichte,tag_ultra_processed",bamberg,,ref_000190,obs_0000012822|obs_0000033884|obs_0000008173|obs_0000017420|obs_0000012340|obs_0000025168|obs_0000021599|obs_0000026262|obs_0000009919|obs_0000028371|obs_0000034006|obs_0000009455|obs_0000019723|obs_0000010512|obs_0000020780|obs_0000027473|obs_0000019848|obs_0000022963|obs_0000018467|obs_0000022596|obs_0000011904|obs_0000032385|obs_0000029344|obs_0000016574|obs_0000017244|obs_0000028007|obs_0000006665|obs_0000029781|obs_0000005766|obs_0000032630|obs_0000007597|obs_0000032212|obs_0000007207|obs_0000005208,obs_0000017420|obs_0000012822|obs_0000012340|obs_0000025168|obs_0000033884|obs_0000021599|obs_0000026262|obs_0000009919|obs_0000028371|obs_0000034006|obs_0000009455|obs_0000019723|obs_0000010512|obs_0000020780|obs_0000027473|obs_0000019848|obs_0000022963|obs_0000008173
Eis,Mövenpick,"€ 1,88",,"1 l = 2,09","versch. Sorten, je 900-ml-Becher",Nein,2026-03-23 bis 2026-03-29,2026-03-23,2026-03-29,images_rewe/bamberg_offer_122.jpg,"cat_tiefkuehl,diet_gluten_free,diet_lactose_free,diet_vegan,diet_vegetarian,sub_milchprodukte,tag_ultra_processed",bamberg,,ref_000191,obs_0000025743|obs_0000011490|obs_0000018692|obs_0000017710|obs_0000034392|obs_0000025829|obs_0000013168|obs_0000003118|obs_0000004163|obs_0000028456|obs_0000005017|obs_0000000434|obs_0000018370|obs_0000004590|obs_0000013833|obs_0000009795|obs_0000005210|obs_0000009324|obs_0000025236|obs_0000029345|obs_0000027306|obs_0000028855|obs_0000025807|obs_0000001749|obs_0000001750|obs_0000007392|obs_0000008928|obs_0000013034|obs_0000030502|obs_0000005945|obs_0000027474|obs_0000006504|obs_0000027503|obs_0000007041|obs_0000022962|obs_0000027646|obs_0000006667|obs_0000006670|obs_0000006159|obs_0000014373|obs_0000012333|obs_0000011899|obs_0000005767|obs_0000005768|obs_0000006319|obs_0000008369|obs_0000006847|obs_0000007398|obs_0000005399|obs_0000011056,obs_0000034392|obs_0000005210|obs_0000025743|obs_0000011490|obs_0000025829|obs_0000018692|obs_0000017710|obs_0000005945|obs_0000013168
Pfannengericht,Frosta,"€ 2,79",,"1 kg = 5,85","versch. Sorten, tiefgefroren, je 500-g-Btl.",Nein,2026-03-23 bis 2026-03-29,2026-03-23,2026-03-29,images_rewe/bamberg_offer_121.jpg,"cat_tiefkuehl,sub_nudeln,sub_tk_fertiggerichte,tag_ultra_processed",bamberg,,ref_000192,obs_0000030161|obs_0000005389|obs_0000007388,
Steinofen Pizza Salami,Original Wagner,"€ 1,79",,"1 kg = 5,59","tiefgefroren, je 320-g-Pckg.",Nein,2026-03-23 bis 2026-03-29,2026-03-23,2026-03-29,images_rewe/bamberg_offer_120.jpg,"cat_tiefkuehl,sub_tk_fertiggerichte,sub_tk_pizza,sub_wurst,tag_ultra_processed",bamberg,,ref_000193,obs_0000022498|obs_0000008618|obs_0000002723|obs_0000026375|obs_0000000012|obs_0000003725|obs_0000009035|obs_0000013826|obs_0000011919|obs_0000031990|obs_0000030162|obs_0000007794|obs_0000032628|obs_0000022563|obs_0000000533|obs_0000010316|obs_0000016602|obs_0000008425|obs_0000002285|obs_0000026898|obs_0000010530|obs_0000016755|obs_0000031198|obs_0000002611|obs_0000014932|obs_0000019030|obs_0000023186|obs_0000023205|obs_0000021226|obs_0000011010|obs_0000025355|obs_0000017184|obs_0000002957|obs_0000017375|obs_0000013341|obs_0000003239|obs_0000025810|obs_0000019666|obs_0000003307|obs_0000025934|obs_0000034176|obs_0000028273|obs_0000005781|obs_0000005867|obs_0000007987|obs_0000008039|obs_0000020407|obs_0000016328|obs_0000010234,obs_0000022498
Family-Mix,REWE Beste Wahl,"€ 1,59",,"1 kg = 5,30",je 300-g-Btl.,Nein,2026-03-23 bis 2026-03-29,2026-03-23,2026-03-29,images_rewe/bamberg_offer_119.jpg,"cat_knabbern_naschen,diet_gluten_free,diet_lactose_free,diet_vegan,diet_vegetarian,sub_frisches_gemuese,tag_ultra_processed,tag_whole_food",bamberg,,ref_000194,obs_0000028511|obs_0000028625|obs_0000024700|obs_0000029347|obs_0000032382,obs_0000028511|obs_0000028625
Coppenrath Wiese Meistertorte,Keine Marke,"€ 5,99",,"1 kg = 7,49","Mandel-Bienenstich, tiefgefroren, je 800-g-Pckg.",Nein,2026-03-23 bis 2026-03-29,2026-03-23,2026-03-29,images_rewe/bamberg_offer_125.jpg,"cat_tiefkuehl,diet_gluten_free,diet_lactose_free,diet_vegan,diet_vegetarian,tag_ultra_processed",bamberg,,ref_000195,obs_0000030467|obs_0000006324|obs_0000007394|obs_0000010652|obs_0000012335|obs_0000014968|obs_0000025225|obs_0000025847|obs_0000027180,obs_0000005952|obs_0000006844|obs_0000030467
Zum Dorfkrug Caesar Salatsauce oder Sylter Salatfrische,Keine Marke,"€ 0,99",,"1 l = 9,90",je 100-ml-Fl.,Nein,2026-03-23 bis 2026-03-29,2026-03-23,2026-03-29,images_rewe/bamberg_offer_118.jpg,"cat_obst_gemuese,diet_lactose_free,diet_vegan,diet_vegetarian,sub_frisches_gemuese,sub_salate,tag_ultra_processed",bamberg,,ref_000196,,
True Fruits Smoothie,Keine Marke,"€ 2,29",,"1 l = 9,16","versch. Sorten, je 250-ml-Fl.",Nein,2026-03-23 bis 2026-03-29,2026-03-23,2026-03-29,images_rewe/bamberg_offer_116.jpg,"cat_getraenke,diet_gluten_free,diet_lactose_free,diet_vegan,diet_vegetarian,tag_ultra_processed,tag_whole_food",bamberg,,ref_000197,obs_0000007096|obs_0000007874|obs_0000029851|obs_0000032617|obs_0000000440|obs_0000001630|obs_0000034549|obs_0000002067|obs_0000003462|obs_0000004171|obs_0000004598|obs_0000005025|obs_0000009020|obs_0000010948|obs_0000012410|obs_0000013892|obs_0000014395|obs_0000017881|obs_0000022009|obs_0000024721,obs_0000007096|obs_0000007874|obs_0000029851|obs_0000032617
Popp Brot-Aufstrich,Keine Marke,"€ 1,19",,"1 kg = 7,93","versch. Sorten, je 150-g-Becher",Nein,2026-03-23 bis 2026-03-29,2026-03-23,2026-03-29,images_rewe/bamberg_offer_115.jpg,"cat_obst_gemuese,diet_gluten_free,diet_lactose_free,diet_vegan,diet_vegetarian,sub_frisches_gemuese,tag_whole_food",bamberg,,ref_000198,obs_0000023318|obs_0000010681|obs_0000013508|obs_0000015253|obs_0000026282,
Garden Gourmet Vegetarische Gemüsebällchen,Keine Marke,"€ 2,49",,"1 kg = 12,45",je 200-g-Pckg.,Nein,2026-03-23 bis 2026-03-29,2026-03-23,2026-03-29,images_rewe/bamberg_offer_114.jpg,"cat_molkerei_kaese,diet_lactose_free,diet_vegan,diet_vegetarian,sub_fleischersatz,sub_tk_gemuese,tag_whole_food",bamberg,,ref_000199,obs_0000030526|obs_0000032092|obs_0000029152|obs_0000013668,obs_0000030526|obs_0000032092
Tarczynski Polnischer Kesselschinken,Keine Marke,"€ 1,79",,"pro Einheit = 1,79",je 100-g-,Nein,2026-03-23 bis 2026-03-29,2026-03-23,2026-03-29,images_rewe/bamberg_offer_113.jpg,"cat_molkerei_kaese,diet_lactose_free,diet_vegan,diet_vegetarian,sub_schwein,sub_wurst,tag_ultra_processed",bamberg,,ref_000200,obs_0000029533|obs_0000028631,obs_0000029533
Cr me br l e,REWE Feine Welt,"€ 1,11",,"1 kg = 11,10",je 100-g-Glas-Pckg.,Nein,2026-03-23 bis 2026-03-29,2026-03-23,2026-03-29,images_rewe/bamberg_offer_112.jpg,"cat_molkerei_kaese,diet_gluten_free,diet_lactose_free,diet_vegan,diet_vegetarian,sub_milchprodukte,tag_whole_food",bamberg,BLS-Y8A5000,ref_000201,obs_0000019209|obs_0000019809|obs_0000016849|obs_0000001786|obs_0000032586,obs_0000019209|obs_0000019809|obs_0000016849
Pahmeyer Kartoffelauflauf,Keine Marke,"€ 2,29",,"1 kg = 7,63","versch. Sorten, je 300-g-Pckg.",Nein,2026-03-23 bis 2026-03-29,2026-03-23,2026-03-29,images_rewe/bamberg_offer_117.jpg,"cat_obst_gemuese,diet_gluten_free,diet_lactose_free,diet_vegan,diet_vegetarian,sub_frisches_gemuese,sub_kartoffeln,tag_ultra_processed,tag_whole_food",bamberg,,ref_000202,,
Suprema Calabrese Nduja Tipo,Dr Oetker,"€ 3,99",,"1 kg = 7,67","tiefgefroren, je 520-g-Pckg.",Nein,2026-03-23 bis 2026-03-29,2026-03-23,2026-03-29,images_rewe/bamberg_offer_126.jpg,"cat_tiefkuehl,tag_ultra_processed",bamberg,,ref_000203,,
Schöller Multipackung Pirulo Watermelon,Keine Marke,"€ 2,22",,"1 l = 6,08",je 365-ml-Pckg.,Nein,2026-03-23 bis 2026-03-29,2026-03-23,2026-03-29,images_rewe/bamberg_offer_127.jpg,"cat_tiefkuehl,diet_gluten_free,diet_lactose_free,diet_vegan,diet_vegetarian,sub_tk_eis,tag_ultra_processed",bamberg,,ref_000204,obs_0000029780|obs_0000032221|obs_0000032391|obs_0000028918|obs_0000029706|obs_0000032220|obs_0000032394,obs_0000028918|obs_0000029780|obs_0000032221|obs_0000032391
Suprema Salame Romano,Dr Oetker,"€ 3,99",,"1 kg = 8,19","tiefgefroren, je 487-g-Pckg.",Nein,2026-03-23 bis 2026-03-29,2026-03-23,2026-03-29,images_rewe/bamberg_offer_128.jpg,"cat_tiefkuehl,sub_tk_pizza,sub_wurst,tag_ultra_processed",bamberg,,ref_000205,,
Maintal Erdbeere Konfitüre,Keine Marke,"€ 1,89",,"1 kg = 5,56",je 340-g-Glas,Nein,2026-03-23 bis 2026-03-29,2026-03-23,2026-03-29,images_rewe/bamberg_offer_143.jpg,"cat_grundnahrung,diet_gluten_free,diet_lactose_free,diet_vegan,diet_vegetarian,sub_frisches_obst,tag_whole_food",bamberg,,ref_000206,obs_0000010128|obs_0000034610|obs_0000000136|obs_0000008202|obs_0000013749|obs_0000014805|obs_0000016124|obs_0000026193,
Bonne Maman Konfitüre,Keine Marke,"€ 2,49",,"1 kg = 6,73","Aprikosen, je 370-g-Glas",Nein,2026-03-23 bis 2026-03-29,2026-03-23,2026-03-29,images_rewe/bamberg_offer_142.jpg,"cat_grundnahrung,diet_gluten_free,diet_lactose_free,diet_vegan,diet_vegetarian,tag_ultra_processed,tag_whole_food",bamberg,,ref_000207,obs_0000006313|obs_0000030695|obs_0000005567|obs_0000030710|obs_0000000136|obs_0000008202|obs_0000013749|obs_0000014805|obs_0000016124|obs_0000026193,obs_0000005567|obs_0000006313|obs_0000030695
Kaffee-Milch,Bärenmarke,"€ 0,99",,"1 kg = 2,91","versch. Sorten, je 340-g-Dose",Nein,2026-03-23 bis 2026-03-29,2026-03-23,2026-03-29,images_rewe/bamberg_offer_141.jpg,"cat_grundnahrung,diet_gluten_free,diet_lactose_free,diet_vegan,diet_vegetarian,sub_milchprodukte",bamberg,,ref_000208,obs_0000013262|obs_0000011344|obs_0000013621|obs_0000015682|obs_0000029027|obs_0000003614|obs_0000012856|obs_0000026178|obs_0000012375|obs_0000011954|obs_0000014593|obs_0000000796|obs_0000024909|obs_0000013724|obs_0000015279|obs_0000010719|obs_0000022517,obs_0000013262
Kräutertee Pfefferminze,Meßmer,"€ 1,59",,"1 kg = 28,27","je 56,25-g-Pckg.",Nein,2026-03-23 bis 2026-03-29,2026-03-23,2026-03-29,images_rewe/bamberg_offer_140.jpg,"cat_grundnahrung,diet_gluten_free,diet_lactose_free,diet_vegan,diet_vegetarian,tag_ultra_processed",bamberg,,ref_000209,obs_0000026150|obs_0000003001|obs_0000001006|obs_0000032648|obs_0000029363|obs_0000029025|obs_0000031995|obs_0000004226|obs_0000003225|obs_0000003234|obs_0000004653|obs_0000009648|obs_0000009166|obs_0000005080|obs_0000028638|obs_0000026464|obs_0000000486|obs_0000028523|obs_0000002412,
Bella Crema,Melitta,"€ 13,99",,"pro Einheit = 13,99","versch. Sorten, ganze Bohnen, je 1000-g-Btl.",Nein,2026-03-23 bis 2026-03-29,2026-03-23,2026-03-29,images_rewe/bamberg_offer_138.jpg,"cat_grundnahrung,diet_gluten_free,diet_lactose_free,diet_vegan,diet_vegetarian",bamberg,,ref_000210,obs_0000006300|obs_0000025809|obs_0000032405|obs_0000006811|obs_0000029365|obs_0000031996|obs_0000005919|obs_0000005555|obs_0000030659|obs_0000008359|obs_0000007962,obs_0000017536|obs_0000006300|obs_0000025809|obs_0000005919|obs_0000012702|obs_0000005555|obs_0000010720
Nutella,Nutella,"€ 2,49",,"1 kg = 4,98",je 500-g-Glas,Nein,2026-03-23 bis 2026-03-29,2026-03-23,2026-03-29,images_rewe/bamberg_offer_137.jpg,"cat_grundnahrung,diet_vegetarian,tag_ultra_processed",bamberg,,ref_000211,obs_0000023311|obs_0000022500|obs_0000024686|obs_0000018181|obs_0000033678|obs_0000032403|obs_0000000918|obs_0000022348|obs_0000032100|obs_0000019310|obs_0000017649|obs_0000016258|obs_0000026249|obs_0000027533|obs_0000016787|obs_0000001187|obs_0000017196|obs_0000014128|obs_0000017850|obs_0000018501|obs_0000022091|obs_0000017239|obs_0000017241|obs_0000016611|obs_0000007026|obs_0000001525|obs_0000001529|obs_0000026750|obs_0000008340|obs_0000029028|obs_0000014101|obs_0000002746|obs_0000027589|obs_0000016475|obs_0000027761,obs_0000018181|obs_0000033678|obs_0000023311|obs_0000032403|obs_0000000918|obs_0000022348|obs_0000022500|obs_0000032100|obs_0000019310|obs_0000024686|obs_0000017649
Auslese Kaffee,Melitta,"€ 5,99",,"1 kg = 11,98","versch. Sorten, gemahlener Bohnenkaffee, je 500-g-Pckg.",Nein,2026-03-23 bis 2026-03-29,2026-03-23,2026-03-29,images_rewe/bamberg_offer_136.jpg,"cat_grundnahrung,diet_gluten_free,diet_lactose_free,diet_vegan,diet_vegetarian",bamberg,,ref_000212,obs_0000031774|obs_0000008737|obs_0000018585|obs_0000035115|obs_0000012375|obs_0000034106|obs_0000015279|obs_0000010719|obs_0000022517|obs_0000029713|obs_0000030782|obs_0000032103|obs_0000032646|obs_0000012856|obs_0000011954|obs_0000014593|obs_0000024909|obs_0000013724,obs_0000014215
Eiscreme Schwarzer Sesam,REWE Feine Welt,"€ 2,29",,"1 l = 4,58",je 500-ml-Becher,Nein,2026-03-23 bis 2026-03-29,2026-03-23,2026-03-29,images_rewe/bamberg_offer_135.jpg,"cat_tiefkuehl,diet_gluten_free,diet_lactose_free,diet_vegan,diet_vegetarian,sub_milchprodukte",bamberg,,ref_000213,obs_0000031993|obs_0000014210|obs_0000010899|obs_0000008734|obs_0000013609|obs_0000014505|obs_0000008291|obs_0000012668,
Macarons,REWE Feine Welt,"€ 2,29",,"1 kg = 31,81","tiefgefroren, je 72-g-Pckg.",Nein,2026-03-23 bis 2026-03-29,2026-03-23,2026-03-29,images_rewe/bamberg_offer_133.jpg,"cat_tiefkuehl,diet_gluten_free,diet_lactose_free,diet_vegan,diet_vegetarian,tag_whole_food",bamberg,,ref_000214,obs_0000025999|obs_0000025630|obs_0000020659|obs_0000017092|obs_0000001094|obs_0000024006|obs_0000019301|obs_0000021478|obs_0000024555|obs_0000016237|obs_0000024430|obs_0000020009|obs_0000024521|obs_0000005933|obs_0000024623,obs_0000025999|obs_0000025630|obs_0000020659|obs_0000017092|obs_0000001094|obs_0000024006|obs_0000019301|obs_0000021478|obs_0000024555|obs_0000016237|obs_0000024430
Schöller Multipackung Pirulo Kaktus,Keine Marke,"€ 2,22",,"1 l = 5,48",je 405-ml-Pckg.,Nein,2026-03-23 bis 2026-03-29,2026-03-23,2026-03-29,images_rewe/bamberg_offer_132.jpg,"cat_tiefkuehl,sub_tk_eis,tag_ultra_processed",bamberg,,ref_000215,obs_0000029706|obs_0000032220|obs_0000032394|obs_0000029780|obs_0000032221|obs_0000032391|obs_0000028918,obs_0000029706|obs_0000032220|obs_0000032394
Flammkuchen Elsässer Art,Original Wagner,"€ 1,79",,"1 kg = 5,97","tiefgefroren, je 300-g-Pckg.",Nein,2026-03-23 bis 2026-03-29,2026-03-23,2026-03-29,images_rewe/bamberg_offer_131.jpg,"cat_tiefkuehl,sub_tk_fertiggerichte,sub_tk_pizza,tag_ultra_processed",bamberg,BLS-X934412,ref_000216,obs_0000021004|obs_0000020185|obs_0000033686|obs_0000025086|obs_0000025032|obs_0000011901|obs_0000013174|obs_0000031989|obs_0000032637|obs_0000030169|obs_0000027386|obs_0000023294|obs_0000003616|obs_0000024135|obs_0000018047|obs_0000023713|obs_0000022366|obs_0000024418|obs_0000023992,obs_0000021004|obs_0000020185|obs_0000033686|obs_0000025032|obs_0000025086
Schlemmerfilet,Frosta,"€ 2,79",,"1 kg = 7,75","Brokkoli Mandel, tiefgefroren, je 360-g-Pckg.",Nein,2026-03-23 bis 2026-03-29,2026-03-23,2026-03-29,images_rewe/bamberg_offer_130.jpg,"cat_tiefkuehl,sub_tk_fertiggerichte,tag_ultra_processed",bamberg,,ref_000217,obs_0000010408|obs_0000000915|obs_0000028098|obs_0000024900|obs_0000023771|obs_0000016996|obs_0000027256|obs_0000016380|obs_0000024190|obs_0000034099|obs_0000015285|obs_0000013391|obs_0000028778|obs_0000032395|obs_0000029368|obs_0000022508|obs_0000031509|obs_0000029850|obs_0000030844|obs_0000032222|obs_0000032627|obs_0000007207|obs_0000005208,obs_0000000915|obs_0000010408|obs_0000028098|obs_0000024900|obs_0000023771|obs_0000016996|obs_0000027256|obs_0000016380|obs_0000024190
Gemüse-Ideen Italienische Art,Iglo,"€ 2,39",,"1 kg = 4,98","tiefgefroren, je 480-g-Pckg.",Nein,2026-03-23 bis 2026-03-29,2026-03-23,2026-03-29,images_rewe/bamberg_offer_129.jpg,"cat_tiefkuehl,diet_vegan,diet_vegetarian,sub_tk_gemuese",bamberg,,ref_000218,obs_0000028318|obs_0000018651|obs_0000025833|obs_0000021989|obs_0000011900|obs_0000014506|obs_0000012813|obs_0000017491|obs_0000033909|obs_0000011055|obs_0000018735|obs_0000016753|obs_0000010642|obs_0000015818|obs_0000014837|obs_0000025597|obs_0000018942,
Wilhelm Brandenburg Zungenrotwurst,Keine Marke,"€ 1,39",,"pro Einheit = 1,39",je 100-g-,Nein,2026-03-23 bis 2026-03-29,2026-03-23,2026-03-29,images_rewe/bamberg_offer_110.jpg,"cat_molkerei_kaese,diet_vegetarian,sub_wurst,tag_ultra_processed,tag_whole_food",bamberg,,ref_000219,obs_0000030542|obs_0000029613|obs_0000029831|obs_0000030576|obs_0000031245|obs_0000032192|obs_0000032612,obs_0000030542
Grießpudding,Müller,"€ 0,35",,"1 kg = 2,19","Himbeere, je 160-g-Becher",Nein,2026-03-23 bis 2026-03-29,2026-03-23,2026-03-29,images_rewe/bamberg_offer_109.jpg,"cat_molkerei_kaese,diet_vegetarian,sub_milchprodukte,sub_sahne_creme,tag_ultra_processed",bamberg,,ref_000220,obs_0000019140|obs_0000029193|obs_0000012195|obs_0000013306|obs_0000001056|obs_0000002635|obs_0000001325,obs_0000019140
Pistazieneiscreme,REWE Feine Welt,"€ 2,29",,"1 l = 4,77",je 480-ml-Becher,Nein,2026-03-23 bis 2026-03-29,2026-03-23,2026-03-29,images_rewe/bamberg_offer_134.jpg,"cat_tiefkuehl,diet_gluten_free,diet_lactose_free,diet_vegan,diet_vegetarian",bamberg,,ref_000221,,
Puten-Innenfilet,REWE Regional,"€ 5,29",,"1 kg = 13,23","geschnitten, je 400-g-Pckg.",Nein,2026-03-23 bis 2026-03-29,2026-03-23,2026-03-29,images_rewe/bamberg_offer_107.jpg,"cat_molkerei_kaese,diet_vegan,sub_gefluegel,tag_whole_food",bamberg,,ref_000222,obs_0000031641,
Steinhaus Krakauer oder Krakauer mit Käse,Keine Marke,"€ 4,44",,"1 kg = 8,88","über Buchenholz geräuchert, je 500-g-Pckg.",Nein,2026-03-23 bis 2026-03-29,2026-03-23,2026-03-29,images_rewe/bamberg_offer_088.jpg,"cat_molkerei_kaese,diet_vegetarian,sub_kaese,sub_milchprodukte,tag_ultra_processed",bamberg,,ref_000223,obs_0000006526|obs_0000005236|obs_0000006457|obs_0000008147|obs_0000008883|obs_0000009582|obs_0000010032|obs_0000010631|obs_0000011015|obs_0000012296|obs_0000013753|obs_0000014155,
Dessertsoße Vanille,Milram,"€ 1,99",,"1 l = 3,98","sahnig lecker, je 500-ml-Pckg.",Nein,2026-03-23 bis 2026-03-29,2026-03-23,2026-03-29,images_rewe/bamberg_offer_087.jpg,"cat_molkerei_kaese,diet_vegetarian,sub_milchprodukte",bamberg,,ref_000224,,
Sanella Streichfett,Keine Marke,"€ 0,99",,"1 kg = 3,96",je 250-g-Pckg.,Nein,2026-03-23 bis 2026-03-29,2026-03-23,2026-03-29,images_rewe/bamberg_offer_086.jpg,"cat_molkerei_kaese,diet_gluten_free,diet_lactose_free,diet_vegan,diet_vegetarian,sub_butter_margarine,tag_ultra_processed,tag_whole_food",bamberg,,ref_000225,obs_0000030178|obs_0000031275|obs_0000031943|obs_0000006442|obs_0000010144|obs_0000013920|obs_0000014498|obs_0000023304|obs_0000028280,obs_0000030178|obs_0000031275|obs_0000031943
Wolf Bayerische Gelbwurst,Keine Marke,"€ 2,99",,"1 kg = 8,54",je 350-g-Pckg.,Nein,2026-03-23 bis 2026-03-29,2026-03-23,2026-03-29,images_rewe/bamberg_offer_085.jpg,"cat_molkerei_kaese,diet_lactose_free,diet_vegetarian,sub_wurst,tag_whole_food",bamberg,,ref_000226,obs_0000008832|obs_0000015364|obs_0000028782,
Zimbo Zwiebelmett,Keine Marke,"€ 1,49",,"1 kg = 12,42","versch. Sorten, je 120-g-Pckg.",Nein,2026-03-23 bis 2026-03-29,2026-03-23,2026-03-29,images_rewe/bamberg_offer_084.jpg,"cat_molkerei_kaese,diet_gluten_free,diet_lactose_free,diet_vegan,diet_vegetarian,sub_frisches_gemuese,sub_hackfleisch,sub_schwein,tag_whole_food",bamberg,,ref_000227,obs_0000031968,obs_0000031968
Andros So Good - so Veggie,Keine Marke,"€ 1,49",,"1 kg = 4,26","aus Kokosmilch, versch. Sorten, je 350-g-Becher",Nein,2026-03-23 bis 2026-03-29,2026-03-23,2026-03-29,images_rewe/bamberg_offer_083.jpg,"cat_molkerei_kaese,diet_gluten_free,diet_lactose_free,diet_vegan,diet_vegetarian,tag_whole_food",bamberg,,ref_000228,obs_0000029113|obs_0000028353,obs_0000029113
Wilhelm Brandenburg Wiener Würstchen,Keine Marke,"€ 0,88",,"pro Einheit = 0,88","heiß und kalt zu genießen, je 100-g-",Nein,2026-03-23 bis 2026-03-29,2026-03-23,2026-03-29,images_rewe/bamberg_offer_089.jpg,"cat_molkerei_kaese,diet_vegetarian,sub_wurst,tag_ultra_processed",bamberg,,ref_000229,obs_0000030838|obs_0000028076|obs_0000034174|obs_0000034811|obs_0000035106|obs_0000005789|obs_0000006186|obs_0000015758|obs_0000026784|obs_0000027189|obs_0000028276|obs_0000028948|obs_0000031274|obs_0000031737|obs_0000031889|obs_0000009369|obs_0000009557|obs_0000031788,obs_0000030838
Ponnath Käsekrainer,Keine Marke,"€ 2,79",,"1 kg = 13,95",je 200-g-Pckg.,Nein,2026-03-23 bis 2026-03-29,2026-03-23,2026-03-29,images_rewe/bamberg_offer_082.jpg,"cat_molkerei_kaese,diet_gluten_free,diet_lactose_free,diet_vegan,diet_vegetarian,sub_kaese,tag_ultra_processed,tag_whole_food",bamberg,,ref_000230,obs_0000027546,
Billie Green Veganer Snack Salami-Style,Keine Marke,"€ 1,99",,"1 kg = 26,53","versch. Sorten, je 75-g-Btl.",Nein,2026-03-23 bis 2026-03-29,2026-03-23,2026-03-29,images_rewe/bamberg_offer_079.jpg,"cat_molkerei_kaese,diet_lactose_free,diet_vegan,diet_vegetarian,sub_fleischersatz,sub_wurst,tag_ultra_processed,tag_whole_food",bamberg,,ref_000231,obs_0000028986|obs_0000034368,
Berief Bio Haferdrink,Keine Marke,"€ 1,49",,"pro Einheit = 1,49","versch. Sorten, je 1-l-Pckg.",Nein,2026-03-23 bis 2026-03-29,2026-03-23,2026-03-29,images_rewe/bamberg_offer_078.jpg,"cat_molkerei_kaese,diet_gluten_free,diet_lactose_free,diet_vegan,diet_vegetarian,sub_frisches_obst,tag_ultra_processed,tag_whole_food",bamberg,,ref_000232,obs_0000029825|obs_0000032211|obs_0000001842|obs_0000022247|obs_0000023020|obs_0000010936,obs_0000029825|obs_0000032211
Mousse,Nestl,"€ 1,99",,"1 kg = 8,73","versch. Sorten, je 4 x 57-g-Becher-Pckg.",Nein,2026-03-23 bis 2026-03-29,2026-03-23,2026-03-29,images_rewe/bamberg_offer_077.jpg,"cat_molkerei_kaese,diet_vegetarian,tag_ultra_processed",bamberg,BLS-X6A3020,ref_000233,obs_0000015380|obs_0000019981|obs_0000017492|obs_0000016658|obs_0000018773|obs_0000024444|obs_0000024017|obs_0000024558|obs_0000025835|obs_0000017448|obs_0000034878|obs_0000032351|obs_0000031548|obs_0000030534|obs_0000016272|obs_0000016394|obs_0000024622|obs_0000000087|obs_0000002144|obs_0000028284|obs_0000020652|obs_0000010929|obs_0000006834|obs_0000001241|obs_0000001758|obs_0000026346|obs_0000002317|obs_0000006453|obs_0000025433|obs_0000024440|obs_0000017800|obs_0000024022|obs_0000021471|obs_0000001539|obs_0000001096|obs_0000034905|obs_0000033428|obs_0000006809|obs_0000004880|obs_0000005912|obs_0000002857|obs_0000032084|obs_0000000346|obs_0000004453|obs_0000004026|obs_0000006112|obs_0000032489|obs_0000032501|obs_0000005341|obs_0000031986,obs_0000019981|obs_0000015380|obs_0000017492|obs_0000016658|obs_0000018773|obs_0000024444|obs_0000024017|obs_0000024558
Fruchtzwerge,Danone,"€ 1,49",,"1 kg = 4,97","versch. Sorten, je 6 x 50-g-Becher",Nein,2026-03-23 bis 2026-03-29,2026-03-23,2026-03-29,images_rewe/bamberg_offer_076.jpg,"cat_molkerei_kaese,diet_vegetarian,sub_joghurt_skyr_quark,sub_milchprodukte,tag_ultra_processed",bamberg,BLS-S118000,ref_000234,obs_0000034583|obs_0000011040|obs_0000006450|obs_0000023647|obs_0000022892|obs_0000019507|obs_0000008117|obs_0000029107|obs_0000030808|obs_0000005729,obs_0000034583|obs_0000011040|obs_0000016416|obs_0000018471|obs_0000006450|obs_0000022460|obs_0000028351|obs_0000010306|obs_0000023647|obs_0000005729|obs_0000022892|obs_0000017527
Frische Hähnchen-Ministeaks,REWE Regional,"€ 5,29",,"1 kg = 13,23",je 400-g-Pckg.,Nein,2026-03-23 bis 2026-03-29,2026-03-23,2026-03-29,images_rewe/bamberg_offer_108.jpg,"cat_molkerei_kaese,sub_gefluegel,tag_whole_food",bamberg,,ref_000235,obs_0000031542|obs_0000027174|obs_0000028084|obs_0000029296|obs_0000004158|obs_0000030896|obs_0000022949|obs_0000000432|obs_0000004585|obs_0000029218|obs_0000031267|obs_0000029224|obs_0000014914|obs_0000029274|obs_0000029291|obs_0000031584|obs_0000031623|obs_0000031635|obs_0000005012|obs_0000029596|obs_0000029666|obs_0000011427|obs_0000025784|obs_0000029905,obs_0000023362
Milchreis,Müller,"€ 0,35",,"1 kg = 1,75","Zimt, je 200-g-Becher",Nein,2026-03-23 bis 2026-03-29,2026-03-23,2026-03-29,images_rewe/bamberg_offer_075.jpg,"cat_molkerei_kaese,diet_vegetarian,sub_milchprodukte,sub_reis,tag_ultra_processed",bamberg,,ref_000236,obs_0000034374|obs_0000025832|obs_0000024897|obs_0000004670|obs_0000021102|obs_0000004243|obs_0000003816|obs_0000003371|obs_0000020283|obs_0000025419|obs_0000002532|obs_0000002445|obs_0000009625|obs_0000032002|obs_0000028996|obs_0000012195|obs_0000013306|obs_0000015444|obs_0000031026|obs_0000029680|obs_0000011946|obs_0000032343|obs_0000009829|obs_0000009370|obs_0000007542|obs_0000008101|obs_0000006099|obs_0000029451|obs_0000007548,obs_0000002065|obs_0000025633|obs_0000019503|obs_0000004670|obs_0000034374|obs_0000021102|obs_0000004243|obs_0000016573|obs_0000003816|obs_0000025832|obs_0000003371|obs_0000020283|obs_0000024897|obs_0000025419|obs_0000002532
Butcher s Barbecue Schweine-Rückensteaks,Keine Marke,"€ 4,99",,"1 kg = 11,09","in versch. Marinaden, je 450-g-Pckg.",Nein,2026-03-23 bis 2026-03-29,2026-03-23,2026-03-29,images_rewe/bamberg_offer_090.jpg,"cat_molkerei_kaese,diet_gluten_free,diet_lactose_free,diet_vegetarian,sub_schwein,tag_high_protein,tag_proteinreich,tag_whole_food",bamberg,,ref_000237,,
Metten Rindfleischsalami,Keine Marke,"€ 2,49",,"pro Einheit = 2,49",je 100-g-,Nein,2026-03-23 bis 2026-03-29,2026-03-23,2026-03-29,images_rewe/bamberg_offer_092.jpg,"cat_molkerei_kaese,diet_gluten_free,diet_lactose_free,diet_vegan,diet_vegetarian,sub_rind,sub_wurst,tag_ultra_processed,tag_whole_food",bamberg,,ref_000238,,
Rinder-Beinscheiben,REWE Regional,"€ 12,99",,"pro Einheit = 12,99","SB-verpackt, je 1-kg-",Nein,2026-03-23 bis 2026-03-29,2026-03-23,2026-03-29,images_rewe/bamberg_offer_105.jpg,"cat_molkerei_kaese,diet_vegan,sub_rind,tag_proteinreich,tag_whole_food",bamberg,BLS-W273100,ref_000239,obs_0000028264|obs_0000016530|obs_0000021290|obs_0000017742|obs_0000031636|obs_0000029610|obs_0000029649|obs_0000020471|obs_0000025082|obs_0000002139|obs_0000029562,obs_0000028264|obs_0000016530|obs_0000021290|obs_0000017742|obs_0000031636|obs_0000029610|obs_0000029649|obs_0000020471|obs_0000025082
Original,Leerdammer,"€ 1,11",,"pro Einheit = 1,11","holl. Schnittkäse, 45% Fett i.Tr., je 100-g-",Nein,2026-03-23 bis 2026-03-29,2026-03-23,2026-03-29,images_rewe/bamberg_offer_091.jpg,"cat_molkerei_kaese,sub_kaese,sub_milchprodukte,tag_ultra_processed",bamberg,,ref_000240,obs_0000006283|obs_0000008777|obs_0000033975|obs_0000034575|obs_0000028516|obs_0000028630|obs_0000028730|obs_0000020611|obs_0000012423|obs_0000026772|obs_0000026832|obs_0000028896|obs_0000035052|obs_0000027005|obs_0000027048|obs_0000021000|obs_0000021117|obs_0000008906|obs_0000015051|obs_0000021430|obs_0000025547|obs_0000033763|obs_0000017384|obs_0000013325|obs_0000019505|obs_0000031800|obs_0000025705|obs_0000009334|obs_0000015502|obs_0000027791|obs_0000021758|obs_0000009525|obs_0000021868|obs_0000017799|obs_0000026035|obs_0000022184|obs_0000020181|obs_0000034561|obs_0000009987|obs_0000028429|obs_0000016167|obs_0000020298|obs_0000010117|obs_0000014249|obs_0000018547|obs_0000002394|obs_0000016774|obs_0000017161|obs_0000003478|obs_0000022055,obs_0000028730|obs_0000018547|obs_0000020611|obs_0000012423|obs_0000006283|obs_0000026772|obs_0000026832|obs_0000028896|obs_0000035052|obs_0000002394|obs_0000027005|obs_0000027048|obs_0000021000|obs_0000008777|obs_0000021117|obs_0000008906|obs_0000015051|obs_0000021430|obs_0000025547|obs_0000033763|obs_0000017384|obs_0000013325|obs_0000019505|obs_0000031800|obs_0000025705|obs_0000009334|obs_0000015502|obs_0000027791|obs_0000033975|obs_0000021758|obs_0000021868|obs_0000017799|obs_0000003478|obs_0000026035|obs_0000022055|obs_0000022184|obs_0000020181|obs_0000034561|obs_0000028429|obs_0000034575|obs_0000016167|obs_0000020298|obs_0000028516|obs_0000010117|obs_0000014249|obs_0000028630
Schweine-Bratwurst,REWE Bio,"€ 5,99",,"1 kg = 19,97","grob, je 300-g-Pckg.",Nein,2026-03-23 bis 2026-03-29,2026-03-23,2026-03-29,images_rewe/bamberg_offer_106.jpg,"cat_molkerei_kaese,diet_gluten_free,diet_lactose_free,sub_schwein,sub_wurst,tag_whole_food",bamberg,BLS-U065100,ref_000241,obs_0000028609|obs_0000006701|obs_0000026247|obs_0000030880|obs_0000006539|obs_0000007634,obs_0000028609
Hähnchen Bucket Chicken Nuggets oder Chicken Tenders,Keine Marke,"€ 5,55",,"1 kg = 14,61","Hähnchenbrustfilet-Stücke in Cornflakes-Panade, je 380-g-Pckg.",Nein,2026-03-23 bis 2026-03-29,2026-03-23,2026-03-29,images_rewe/bamberg_offer_104.jpg,"cat_molkerei_kaese,diet_gluten_free,diet_lactose_free,sub_gefluegel,sub_tk_fertiggerichte,tag_high_protein,tag_proteinreich,tag_ultra_processed,tag_whole_food",bamberg,,ref_000242,obs_0000027865|obs_0000029176|obs_0000000509|obs_0000034184|obs_0000011493|obs_0000013038|obs_0000018649|obs_0000020238|obs_0000020417|obs_0000021057|obs_0000021236|obs_0000021927|obs_0000021968|obs_0000022059|obs_0000025151|obs_0000026980|obs_0000028252|obs_0000028385|obs_0000023578,
Butcher s Barbecue Schweine-Hüftsteaks,Keine Marke,"€ 3,33",,"1 kg = 11,10","in versch. Marinaden, je 300-g-Pckg.",Nein,2026-03-23 bis 2026-03-29,2026-03-23,2026-03-29,images_rewe/bamberg_offer_103.jpg,"cat_molkerei_kaese,diet_gluten_free,diet_lactose_free,diet_vegetarian,sub_schwein,tag_whole_food",bamberg,,ref_000243,obs_0000031569,
Rinder-Leber,Keine Marke,"€ 6,90",,"pro Einheit = 6,90","SB-verpackt, je 1-kg-",Nein,2026-03-23 bis 2026-03-29,2026-03-23,2026-03-29,images_rewe/bamberg_offer_101.jpg,"cat_molkerei_kaese,diet_gluten_free,diet_lactose_free,diet_vegan,diet_vegetarian,sub_rind,tag_ultra_processed,tag_whole_food",bamberg,BLS-V531100,ref_000244,obs_0000002641|obs_0000002964|obs_0000003456,
Rinder-Brust,REWE Regional,"€ 17,90",,"pro Einheit = 17,90","ohne Knochen, SB-verpackt, je 1-kg-",Nein,2026-03-23 bis 2026-03-29,2026-03-23,2026-03-29,images_rewe/bamberg_offer_100.jpg,"cat_molkerei_kaese,diet_vegan,sub_rind,tag_whole_food",bamberg,BLS-U209100,ref_000245,obs_0000028467|obs_0000028528|obs_0000028645,obs_0000028467|obs_0000028528|obs_0000028645
Butcher s Barbecue Hähnchen-Minuten-Schnitzel,Keine Marke,"€ 13,33",,"pro Einheit = 13,33","in versch. Marinaden, SB-verpackt, je 1-kg-",Nein,2026-03-23 bis 2026-03-29,2026-03-23,2026-03-29,images_rewe/bamberg_offer_099.jpg,"cat_molkerei_kaese,sub_gefluegel",bamberg,,ref_000246,obs_0000000700|obs_0000001521|obs_0000005251,
Chicken Nuggets,Keine Marke,"€ 5,99",,"pro Einheit = 5,99",je 1000-g-Pckg.,Nein,2026-03-23 bis 2026-03-29,2026-03-23,2026-03-29,images_rewe/bamberg_offer_102.jpg,"cat_molkerei_kaese,diet_gluten_free,diet_lactose_free,diet_vegan,diet_vegetarian,sub_gefluegel,sub_tk_fertiggerichte,tag_ultra_processed,tag_whole_food",bamberg,,ref_000247,obs_0000027865|obs_0000029176|obs_0000000509|obs_0000034184|obs_0000011493|obs_0000013038|obs_0000020238|obs_0000020417|obs_0000021057|obs_0000021236|obs_0000021927|obs_0000022059|obs_0000025151|obs_0000026980|obs_0000007602|obs_0000009447|obs_0000009912|obs_0000013137|obs_0000014916|obs_0000015749|obs_0000028498|obs_0000028611|obs_0000029165|obs_0000032589|obs_0000012280|obs_0000034807|obs_0000002753|obs_0000003555|obs_0000008364|obs_0000009626|obs_0000014459|obs_0000016942|obs_0000017874|obs_0000019764|obs_0000026469|obs_0000018297|obs_0000022443|obs_0000018122|obs_0000022399|obs_0000023578|obs_0000023581|obs_0000017782|obs_0000018617,obs_0000000509|obs_0000034184|obs_0000007602|obs_0000009447|obs_0000009912|obs_0000011493|obs_0000013038|obs_0000013137|obs_0000014916|obs_0000015749|obs_0000020238|obs_0000020417|obs_0000021057|obs_0000021236|obs_0000021927|obs_0000022059|obs_0000025151|obs_0000026980|obs_0000027865|obs_0000028498|obs_0000028611|obs_0000029165|obs_0000029176|obs_0000032589
Käserei Champignon Cambozola oder Rougette,Keine Marke,"€ 1,79",,"pro Einheit = 1,79","Weichkäse, versch. Sorten, je 100-g-",Nein,2026-03-23 bis 2026-03-29,2026-03-23,2026-03-29,images_rewe/bamberg_offer_097.jpg,"cat_molkerei_kaese,diet_gluten_free,diet_lactose_free,diet_vegan,diet_vegetarian,sub_frisches_gemuese,sub_kaese,sub_milchprodukte,sub_pilze,tag_ultra_processed,tag_whole_food",bamberg,,ref_000248,obs_0000029829|obs_0000030874|obs_0000031959|obs_0000032606|obs_0000005909|obs_0000034358,obs_0000029829|obs_0000030874|obs_0000031959|obs_0000032606
Schweine-Braten,REWE Regional,"€ 7,90",,"pro Einheit = 7,90","aus der Nuss, SB-verpackt, je 1-kg-",Nein,2026-03-23 bis 2026-03-29,2026-03-23,2026-03-29,images_rewe/bamberg_offer_093.jpg,"cat_molkerei_kaese,diet_gluten_free,diet_vegan,sub_schwein,tag_whole_food",bamberg,BLS-U065100,ref_000249,obs_0000029223|obs_0000030905|obs_0000029647|obs_0000030222|obs_0000031566|obs_0000029617,
Schweizer Emmentaler AOP,Keine Marke,"€ 1,99",,"pro Einheit = 1,99","Hartkäse, mind. 45% Fett i.Tr., je 100-g-",Nein,2026-03-23 bis 2026-03-29,2026-03-23,2026-03-29,images_rewe/bamberg_offer_098.jpg,"cat_molkerei_kaese,sub_kaese,sub_milchprodukte,tag_whole_food",bamberg,,ref_000250,obs_0000010637|obs_0000012330|obs_0000015396|obs_0000030876|obs_0000032193|obs_0000001559|obs_0000002340|obs_0000003417|obs_0000009063|obs_0000010030|obs_0000018426|obs_0000018479|obs_0000022007|obs_0000022237|obs_0000025531|obs_0000031831|obs_0000031880,obs_0000010637|obs_0000012330|obs_0000015396|obs_0000030876|obs_0000032193
Imperial Hähnchen-Salami oder Hähnchen-Salami mit Pfeffer,Keine Marke,"€ 1,99",,"pro Einheit = 1,99",je 100-g-,Nein,2026-03-23 bis 2026-03-29,2026-03-23,2026-03-29,images_rewe/bamberg_offer_095.jpg,"cat_molkerei_kaese,diet_lactose_free,sub_gefluegel,sub_wurst,tag_proteinreich,tag_ultra_processed",bamberg,,ref_000251,obs_0000034518|obs_0000034176|obs_0000002285|obs_0000002611|obs_0000002957|obs_0000003239|obs_0000003307|obs_0000005781|obs_0000007987|obs_0000008039|obs_0000008425|obs_0000010234|obs_0000010316|obs_0000011010|obs_0000014932|obs_0000016328|obs_0000016602|obs_0000016755|obs_0000017184|obs_0000017375|obs_0000019030|obs_0000019666|obs_0000020407|obs_0000021226|obs_0000023205|obs_0000025355|obs_0000025934|obs_0000026898|obs_0000028273|obs_0000031198,
Butcher s Barbecue Hähnchenspiesse,Keine Marke,"€ 9,99",,"pro Einheit = 9,99","aus der Oberkeule, mit Joghurt BBQ Marinade, SB-verpackt, je 1-kg-",Nein,2026-03-23 bis 2026-03-29,2026-03-23,2026-03-29,images_rewe/bamberg_offer_094.jpg,"cat_molkerei_kaese,diet_gluten_free,diet_lactose_free,diet_vegetarian,sub_gefluegel,tag_proteinreich,tag_whole_food",bamberg,,ref_000252,,
Schiller GQB Strohschwein Schinkenspeck,Keine Marke,"€ 1,69",,"pro Einheit = 1,69",je 100-g-,Nein,2026-03-23 bis 2026-03-29,2026-03-23,2026-03-29,images_rewe/bamberg_offer_096.jpg,"cat_molkerei_kaese,sub_schwein,sub_wurst,tag_ultra_processed",bamberg,,ref_000253,obs_0000030543|obs_0000030833|obs_0000029187|obs_0000029556|obs_0000029558|obs_0000029792|obs_0000029808|obs_0000029870|obs_0000030093|obs_0000031107|obs_0000031108|obs_0000031192|obs_0000031468|obs_0000031547|obs_0000032597|obs_0000029119|obs_0000030199|obs_0000032571|obs_0000028317|obs_0000031766|obs_0000031719,obs_0000030543|obs_0000030833
Delikatess Sauce,Maggi,"€ 0,79",,"pro Einheit = 0,79","versch. Sorten, ausreichend für 2 x 0,25 Liter, je 1-Pckg.",Nein,2026-03-23 bis 2026-03-29,2026-03-23,2026-03-29,images_rewe/immenstaad_offer_131.jpg,"cat_grundnahrung,diet_vegetarian,tag_ultra_processed",immenstaad,,ref_000254,obs_0000031675|obs_0000007185|obs_0000007367|obs_0000032000|obs_0000005558|obs_0000013386|obs_0000034889|obs_0000011915|obs_0000010474|obs_0000008982,obs_0000017954|obs_0000031874|obs_0000022221|obs_0000031675
Gillette Venus comfortglide Spa Breeze Rasierklingen,Keine Marke,"€ 11,99",,"pro Einheit = 11,99",je 4-St.-Pckg.,Nein,2026-03-23 bis 2026-03-29,2026-03-23,2026-03-29,images_rewe/immenstaad_offer_197.jpg,"cat_drogerie,diet_gluten_free,diet_lactose_free,diet_vegan,diet_vegetarian,tag_whole_food",immenstaad,,ref_000255,obs_0000028562|obs_0000028682,
Gillette Mach 3 Rasierklingen,Keine Marke,"€ 11,99",,"pro Einheit = 11,99",je 6-St.-Pckg.,Nein,2026-03-23 bis 2026-03-29,2026-03-23,2026-03-29,images_rewe/immenstaad_offer_198.jpg,"cat_drogerie,diet_gluten_free,diet_lactose_free,diet_vegan,diet_vegetarian,tag_whole_food",immenstaad,,ref_000256,obs_0000015971,
Schichtnougat Eier,REWE Beste Wahl,"€ 1,99",,"1 kg = 18,95",je 105-g-Btl.,Nein,2026-03-23 bis 2026-03-29,2026-03-23,2026-03-29,images_rewe/immenstaad_offer_166.jpg,"cat_knabbern_naschen,diet_gluten_free,diet_lactose_free,diet_vegan,diet_vegetarian,tag_ultra_processed,tag_whole_food",immenstaad,,ref_000257,obs_0000008570,
S Pellegrino Mineralwasser,Keine Marke,"€ 0,79",,"pro Einheit = 0,79","je 1-l-Fl., zzgl. 0,25 € Pfand",Nein,2026-03-23 bis 2026-03-29,2026-03-23,2026-03-29,images_rewe/immenstaad_offer_179.jpg,"cat_getraenke,diet_gluten_free,diet_lactose_free,diet_vegan,diet_vegetarian",immenstaad,,ref_000258,obs_0000032718|obs_0000011563|obs_0000015663|obs_0000034043|obs_0000034044|obs_0000034235|obs_0000034238|obs_0000034437|obs_0000034851|obs_0000035059|obs_0000003689|obs_0000008437|obs_0000008537|obs_0000008801|obs_0000008841|obs_0000009353|obs_0000009985|obs_0000010519|obs_0000011123|obs_0000011969|obs_0000012414|obs_0000013773|obs_0000014332|obs_0000014625|obs_0000015481|obs_0000015908|obs_0000020366|obs_0000021185|obs_0000025562|obs_0000026205|obs_0000026570|obs_0000026948|obs_0000027653|obs_0000027836|obs_0000027856|obs_0000028027|obs_0000028493|obs_0000028537|obs_0000028603|obs_0000028654|obs_0000028800|obs_0000028841|obs_0000028931|obs_0000028968|obs_0000031006|obs_0000031797|obs_0000031867|obs_0000031871,obs_0000011563|obs_0000015663|obs_0000032718
Natur Radler,Gösser,"€ 0,99",,"1 l = 1,98","je 0,5-l-Dose, zzgl. 0,25 € Pfand",Nein,2026-03-23 bis 2026-03-29,2026-03-23,2026-03-29,images_rewe/immenstaad_offer_181.jpg,"cat_getraenke,diet_vegetarian,sub_joghurt_skyr_quark,sub_milchprodukte",immenstaad,BLS-F603100,ref_000259,obs_0000001442|obs_0000032261|obs_0000030555|obs_0000013844|obs_0000028889|obs_0000001347|obs_0000009644,obs_0000033832|obs_0000001442|obs_0000034296
Mini Cherry Rispentomaten,Keine Marke,"€ 2,79",,"1 kg = 13,95","»Delizioso«, Kl. I, je 200-g-Schale",Nein,2026-03-23 bis 2026-03-29,2026-03-23,2026-03-29,images_rewe/immenstaad_offer_031.jpg,"cat_obst_gemuese,diet_gluten_free,diet_lactose_free,diet_vegan,diet_vegetarian,sub_frisches_gemuese,tag_whole_food",immenstaad,,ref_000260,obs_0000029129|obs_0000029204|obs_0000030141|obs_0000030918|obs_0000031461|obs_0000029276|obs_0000029588|obs_0000029814|obs_0000030960|obs_0000029206|obs_0000030260|obs_0000031628|obs_0000029645|obs_0000030469|obs_0000030568|obs_0000030614|obs_0000030961|obs_0000031140|obs_0000032515|obs_0000006270|obs_0000006281|obs_0000006427|obs_0000006431|obs_0000008287|obs_0000013997|obs_0000026075|obs_0000027413|obs_0000027927|obs_0000029590|obs_0000031578|obs_0000000876|obs_0000006379|obs_0000010932|obs_0000012328|obs_0000016216|obs_0000017530|obs_0000018128|obs_0000026024|obs_0000026189|obs_0000027139|obs_0000027304,obs_0000008462|obs_0000009425|obs_0000009888|obs_0000026165|obs_0000026794|obs_0000029129|obs_0000029204|obs_0000029276|obs_0000029588|obs_0000029814|obs_0000030141|obs_0000030918|obs_0000030960|obs_0000031461
Dunkle Tafeltrauben,Keine Marke,"€ 2,99",,"1 kg = 4,98","Kl. I, je 600-g-Pckg.",Nein,2026-03-23 bis 2026-03-29,2026-03-23,2026-03-29,images_rewe/immenstaad_offer_033.jpg,"cat_obst_gemuese,diet_gluten_free,diet_lactose_free,diet_vegan,diet_vegetarian,sub_frisches_obst,tag_whole_food",immenstaad,,ref_000261,obs_0000029202|obs_0000030474|obs_0000030561|obs_0000031580|obs_0000008527|obs_0000008710|obs_0000008765|obs_0000010211|obs_0000010312|obs_0000014088|obs_0000028335|obs_0000028835|obs_0000031873|obs_0000008792|obs_0000009624|obs_0000028721,obs_0000029202|obs_0000030474|obs_0000030561|obs_0000031580
Spargel grün,Keine Marke,"€ 3,99",,"1 kg = 11,40","Kl. I, je 350-g-Bund",Nein,2026-03-23 bis 2026-03-29,2026-03-23,2026-03-29,images_rewe/immenstaad_offer_034.jpg,"cat_obst_gemuese,diet_gluten_free,diet_lactose_free,diet_vegan,diet_vegetarian,sub_exoten,sub_frisches_obst,tag_ultra_processed,tag_whole_food",immenstaad,BLS-G450100,ref_000262,obs_0000034717|obs_0000006079,obs_0000034717|obs_0000006079
Mini Roma-Rispentomaten,Keine Marke,"€ 1,99",,"1 kg = 7,37","»Küsse«, Kl. I, je 270-g-Schale",Nein,2026-03-23 bis 2026-03-29,2026-03-23,2026-03-29,images_rewe/immenstaad_offer_035.jpg,"cat_obst_gemuese,diet_gluten_free,diet_lactose_free,diet_vegan,diet_vegetarian,sub_frisches_gemuese,tag_whole_food",immenstaad,,ref_000263,obs_0000029645|obs_0000030568|obs_0000030961|obs_0000029206|obs_0000030260|obs_0000031628|obs_0000029129|obs_0000029204|obs_0000030141|obs_0000030469|obs_0000030614|obs_0000030918|obs_0000031140|obs_0000031461|obs_0000032515|obs_0000006427|obs_0000006431|obs_0000008287|obs_0000013997|obs_0000026075|obs_0000027413|obs_0000027927|obs_0000029590|obs_0000031578|obs_0000000876|obs_0000006379|obs_0000010932|obs_0000012328|obs_0000016216|obs_0000017530|obs_0000018128|obs_0000026024|obs_0000027139,obs_0000029206|obs_0000029645|obs_0000030260|obs_0000030568|obs_0000030961|obs_0000031628
Heidelbeeren,Keine Marke,"€ 2,29",,"1 kg = 17,62","»Jumbo«, Kl. I, je 130-g-Schale",Nein,2026-03-23 bis 2026-03-29,2026-03-23,2026-03-29,images_rewe/immenstaad_offer_036.jpg,"cat_obst_gemuese,diet_gluten_free,diet_lactose_free,diet_vegan,diet_vegetarian,sub_exoten,sub_frisches_obst,tag_whole_food",immenstaad,BLS-F304100,ref_000264,obs_0000000051|obs_0000002819|obs_0000003000|obs_0000003088|obs_0000007729|obs_0000016699|obs_0000019143|obs_0000025384|obs_0000026376|obs_0000026698|obs_0000027502|obs_0000027788|obs_0000028260|obs_0000029138|obs_0000030262|obs_0000030560|obs_0000031149|obs_0000032326|obs_0000032523|obs_0000000695|obs_0000000880|obs_0000033682|obs_0000033918|obs_0000034122|obs_0000001513|obs_0000034918|obs_0000025769|obs_0000006409|obs_0000022353|obs_0000030138|obs_0000030472|obs_0000030919|obs_0000006958|obs_0000007128|obs_0000007143|obs_0000034319|obs_0000005120|obs_0000005509|obs_0000005525|obs_0000005692|obs_0000005713|obs_0000005894,obs_0000000051|obs_0000000695|obs_0000000880|obs_0000033682|obs_0000033918|obs_0000034122|obs_0000001513|obs_0000034918|obs_0000002819|obs_0000003000|obs_0000003088|obs_0000007729|obs_0000016699|obs_0000019143|obs_0000022353|obs_0000025384|obs_0000025769|obs_0000026376|obs_0000026698|obs_0000027502|obs_0000027788|obs_0000028260|obs_0000029138|obs_0000030138|obs_0000030262|obs_0000030472|obs_0000030560|obs_0000030919|obs_0000031149|obs_0000032326|obs_0000032523
Erdbeeren,Keine Marke,"€ 3,49",,"1 kg = 8,73","Kl. I, je 400-g-Schale",Nein,2026-03-23 bis 2026-03-29,2026-03-23,2026-03-29,images_rewe/immenstaad_offer_037.jpg,"cat_obst_gemuese,diet_gluten_free,diet_lactose_free,diet_vegan,diet_vegetarian,sub_exoten,sub_frisches_gemuese,sub_frisches_obst,tag_whole_food",immenstaad,BLS-F301100,ref_000265,obs_0000027419|obs_0000029494|obs_0000030564|obs_0000030617|obs_0000030915|obs_0000031261|obs_0000031462|obs_0000031576|obs_0000032512|obs_0000000875|obs_0000006265|obs_0000006408|obs_0000022919|obs_0000024529|obs_0000012233|obs_0000013901|obs_0000011389|obs_0000013414|obs_0000013418|obs_0000015717|obs_0000030989|obs_0000033793|obs_0000034400|obs_0000030428|obs_0000005687|obs_0000006083|obs_0000006092,obs_0000000875|obs_0000006265|obs_0000006408|obs_0000012358|obs_0000022919|obs_0000024529|obs_0000027419|obs_0000029494|obs_0000030564|obs_0000030617|obs_0000030915|obs_0000031261|obs_0000031462|obs_0000031576|obs_0000032512
Avocado,Keine Marke,"€ 2,29",,"pro Einheit = 2,29","Ursprung: siehe Etikett, Kl. I, je 1-St.",Nein,2026-03-23 bis 2026-03-29,2026-03-23,2026-03-29,images_rewe/immenstaad_offer_038.jpg,"cat_obst_gemuese,diet_gluten_free,diet_lactose_free,diet_vegan,diet_vegetarian,sub_exoten,sub_frisches_gemuese,sub_frisches_obst,tag_ultra_processed,tag_whole_food",immenstaad,BLS-F502100,ref_000266,obs_0000000058|obs_0000008728|obs_0000017166|obs_0000018748|obs_0000020117|obs_0000020936|obs_0000029123|obs_0000029201|obs_0000030562|obs_0000000694|obs_0000001305|obs_0000034105|obs_0000034516|obs_0000014073|obs_0000027541|obs_0000027854|obs_0000007317|obs_0000030124|obs_0000030212|obs_0000030257|obs_0000030466|obs_0000030826|obs_0000030959|obs_0000031260|obs_0000032517|obs_0000033717|obs_0000034744|obs_0000006430|obs_0000024863|obs_0000025778|obs_0000028796|obs_0000006605|obs_0000011409|obs_0000011817|obs_0000012255|obs_0000012744|obs_0000013139|obs_0000006785|obs_0000007527|obs_0000030016|obs_0000006418|obs_0000015526|obs_0000028218|obs_0000028463|obs_0000014440|obs_0000028383|obs_0000000895,obs_0000000058|obs_0000000694|obs_0000001305|obs_0000034105|obs_0000034516|obs_0000008728|obs_0000014073|obs_0000017166|obs_0000018748|obs_0000020117|obs_0000020936|obs_0000027541|obs_0000027854|obs_0000029123|obs_0000029201|obs_0000030124|obs_0000030212|obs_0000030257|obs_0000030466|obs_0000030562|obs_0000030959|obs_0000032517
Ananas,Keine Marke,"€ 1,99",,"pro Einheit = 1,99","»extra sweet«, Kl. I, je 1-kg-",Nein,2026-03-23 bis 2026-03-29,2026-03-23,2026-03-29,images_rewe/immenstaad_offer_039.jpg,"cat_obst_gemuese,diet_gluten_free,diet_lactose_free,diet_vegan,diet_vegetarian,sub_exoten,sub_frisches_obst,tag_whole_food",immenstaad,BLS-F501100,ref_000267,obs_0000007137|obs_0000027077|obs_0000005512|obs_0000014138|obs_0000028967|obs_0000007731|obs_0000015338|obs_0000020098|obs_0000020917|obs_0000029882|obs_0000031235|obs_0000030465|obs_0000000868|obs_0000001306|obs_0000034745|obs_0000008196|obs_0000014436|obs_0000035090,obs_0000005512|obs_0000007137|obs_0000014138|obs_0000027077|obs_0000028967
Mango,Mango,"€ 2,99",,"pro Einheit = 2,99","Kl. I, je 1-St.",Nein,2026-03-23 bis 2026-03-29,2026-03-23,2026-03-29,images_rewe/immenstaad_offer_040.jpg,"cat_obst_gemuese,diet_gluten_free,diet_lactose_free,diet_vegan,diet_vegetarian,sub_exoten,sub_frisches_obst,tag_whole_food",immenstaad,BLS-F516100,ref_000268,obs_0000024112|obs_0000033713|obs_0000034740|obs_0000031322|obs_0000009349|obs_0000029722|obs_0000028316|obs_0000021278|obs_0000004393|obs_0000000306|obs_0000027322|obs_0000029883|obs_0000004820|obs_0000026453|obs_0000009816|obs_0000016865|obs_0000020459|obs_0000025584|obs_0000026739|obs_0000003966|obs_0000030475|obs_0000028050|obs_0000006424|obs_0000031148|obs_0000034121|obs_0000034389|obs_0000034531|obs_0000028656|obs_0000028539|obs_0000006276|obs_0000006280|obs_0000010640|obs_0000031632|obs_0000034579|obs_0000034046|obs_0000031158|obs_0000027838|obs_0000028870|obs_0000028628|obs_0000010971|obs_0000015714|obs_0000028514|obs_0000005129|obs_0000011787|obs_0000013333|obs_0000024470|obs_0000030870|obs_0000015282|obs_0000014421|obs_0000029526,obs_0000009349|obs_0000029722|obs_0000028316|obs_0000021278|obs_0000004393|obs_0000024112|obs_0000033713|obs_0000000306|obs_0000034740|obs_0000027322|obs_0000029883|obs_0000004820|obs_0000026453|obs_0000009816|obs_0000031322|obs_0000016865|obs_0000020459|obs_0000025584|obs_0000026739|obs_0000003966
Speisekartoffeln,Keine Marke,"€ 1,79",,"1 kg = 1,19","»Venezia«, Kocheigenschaft: festkochend, Qualität I, je 1,5-kg-Btl.",Nein,2026-03-23 bis 2026-03-29,2026-03-23,2026-03-29,images_rewe/immenstaad_offer_042.jpg,"cat_obst_gemuese,diet_gluten_free,diet_lactose_free,diet_vegan,diet_vegetarian,sub_frisches_gemuese,sub_kartoffeln,tag_ultra_processed,tag_whole_food",immenstaad,BLS-X612152,ref_000269,obs_0000000006|obs_0000003716|obs_0000008539|obs_0000009188|obs_0000009672|obs_0000016324|obs_0000017026|obs_0000028399|obs_0000030140|obs_0000030615|obs_0000030837|obs_0000031321|obs_0000033875|obs_0000034088|obs_0000034312|obs_0000034910|obs_0000026668|obs_0000027510|obs_0000027986|obs_0000006957|obs_0000008275|obs_0000010226|obs_0000010963|obs_0000011822|obs_0000012236|obs_0000014326|obs_0000015314|obs_0000015337|obs_0000018806|obs_0000019772|obs_0000028486|obs_0000028596|obs_0000029486|obs_0000032330|obs_0000006601|obs_0000006784|obs_0000010564|obs_0000010571|obs_0000011394|obs_0000012259|obs_0000013599|obs_0000015239|obs_0000015727|obs_0000030445|obs_0000031156|obs_0000032509|obs_0000000233|obs_0000003856|obs_0000004283|obs_0000004710,obs_0000000006|obs_0000033875|obs_0000034088|obs_0000034312|obs_0000034910|obs_0000003716|obs_0000008275|obs_0000008539|obs_0000008858|obs_0000009188|obs_0000009672|obs_0000010226|obs_0000010963|obs_0000011822|obs_0000012236|obs_0000013906|obs_0000014326|obs_0000015337|obs_0000016324|obs_0000017026|obs_0000018806|obs_0000019772|obs_0000026668|obs_0000027510|obs_0000027986|obs_0000028399|obs_0000028486|obs_0000028596|obs_0000029486|obs_0000030140|obs_0000030615|obs_0000030837|obs_0000031321
Mini Gurke,Keine Marke,"€ 0,49",,"pro Einheit = 0,49","Kl. I, je 1-St.",Nein,2026-03-23 bis 2026-03-29,2026-03-23,2026-03-29,images_rewe/immenstaad_offer_043.jpg,"cat_obst_gemuese,diet_gluten_free,diet_lactose_free,diet_vegan,diet_vegetarian,sub_exoten,sub_frisches_gemuese,tag_ultra_processed,tag_whole_food",immenstaad,BLS-G520100,ref_000270,obs_0000031588|obs_0000034913|obs_0000002563|obs_0000003696|obs_0000026127|obs_0000027093|obs_0000007517|obs_0000001511|obs_0000034521|obs_0000006379|obs_0000010932|obs_0000012328|obs_0000016216|obs_0000017530|obs_0000018128|obs_0000026024,obs_0000034112|obs_0000034736|obs_0000034913|obs_0000005701|obs_0000005710|obs_0000028423|obs_0000031588
Weißer Spargel,Keine Marke,"€ 4,49",,"1 kg = 8,98","Kl. I, je 500-g-Bund",Nein,2026-03-23 bis 2026-03-29,2026-03-23,2026-03-29,images_rewe/immenstaad_offer_044.jpg,"cat_obst_gemuese,diet_gluten_free,diet_lactose_free,diet_vegan,diet_vegetarian,sub_frisches_gemuese,tag_whole_food",immenstaad,,ref_000271,,
Mango,Mango,"€ 1,19",,"pro Einheit = 1,19","Sorte: siehe Etikett, Kl. I, je 1-St.",Nein,2026-03-23 bis 2026-03-29,2026-03-23,2026-03-29,images_rewe/immenstaad_offer_046.jpg,"cat_obst_gemuese,diet_gluten_free,diet_lactose_free,diet_vegan,diet_vegetarian,sub_exoten,sub_frisches_obst,tag_whole_food",immenstaad,BLS-F516100,ref_000272,obs_0000024112|obs_0000033713|obs_0000034740|obs_0000031322|obs_0000009349|obs_0000029722|obs_0000028316|obs_0000021278|obs_0000004393|obs_0000000306|obs_0000027322|obs_0000029883|obs_0000004820|obs_0000026453|obs_0000009816|obs_0000016865|obs_0000020459|obs_0000025584|obs_0000026739|obs_0000003966|obs_0000030475|obs_0000028050|obs_0000006424|obs_0000031148|obs_0000034121|obs_0000034389|obs_0000034531|obs_0000028656|obs_0000028539|obs_0000006276|obs_0000006280|obs_0000010640|obs_0000031632|obs_0000034579|obs_0000034046|obs_0000031158|obs_0000027838|obs_0000028870|obs_0000028628|obs_0000010971|obs_0000015714|obs_0000028514|obs_0000005129|obs_0000011787|obs_0000013333|obs_0000024470|obs_0000030870|obs_0000015282|obs_0000014421|obs_0000029526,obs_0000009349|obs_0000029722|obs_0000028316|obs_0000021278|obs_0000004393|obs_0000024112|obs_0000033713|obs_0000000306|obs_0000034740|obs_0000027322|obs_0000029883|obs_0000004820|obs_0000026453|obs_0000009816|obs_0000031322|obs_0000016865|obs_0000020459|obs_0000025584|obs_0000026739|obs_0000003966
Bio Erdbeeren,Keine Marke,"€ 2,49",,"1 kg = 9,96","Kl. II, je 250-g-Schale",Nein,2026-03-23 bis 2026-03-29,2026-03-23,2026-03-29,images_rewe/immenstaad_offer_048.jpg,"cat_obst_gemuese,diet_gluten_free,diet_lactose_free,diet_vegan,diet_vegetarian,sub_exoten,sub_frisches_gemuese,sub_frisches_obst,tag_whole_food",immenstaad,,ref_000273,obs_0000013414|obs_0000027419|obs_0000029494|obs_0000030564|obs_0000030617|obs_0000030915|obs_0000031261|obs_0000031462|obs_0000031576|obs_0000032512|obs_0000000875|obs_0000006265|obs_0000006408|obs_0000022919|obs_0000024529,obs_0000013414|obs_0000022353|obs_0000027419|obs_0000029494|obs_0000030138|obs_0000030341|obs_0000030472|obs_0000030564|obs_0000030617|obs_0000030915|obs_0000030919|obs_0000031261|obs_0000031462|obs_0000031576|obs_0000032512
Tulip Bacon,Keine Marke,"€ 1,69",,"1 kg = 13,52","in Scheiben, je 125-g-Pckg.",Nein,2026-03-23 bis 2026-03-29,2026-03-23,2026-03-29,images_rewe/immenstaad_offer_016.jpg,"cat_fleisch_wurst,diet_gluten_free,diet_lactose_free,diet_vegan,diet_vegetarian,sub_schwein,sub_wurst,tag_ultra_processed,tag_whole_food",immenstaad,,ref_000274,obs_0000032047|obs_0000032484|obs_0000007431|obs_0000001018|obs_0000001019|obs_0000011008|obs_0000012775|obs_0000014146|obs_0000026814,obs_0000032047|obs_0000032484
Freiraum Pute Puten-Schnitzel,Keine Marke,"€ 1,49",,"pro Einheit = 1,49","natur oder mariniert, Haltungsform 3, je 100-g-",Nein,2026-03-23 bis 2026-03-29,2026-03-23,2026-03-29,images_rewe/immenstaad_offer_055.jpg,"cat_fleisch_wurst,diet_lactose_free,diet_vegetarian,sub_gefluegel,tag_ultra_processed,tag_whole_food",immenstaad,,ref_000275,obs_0000030221|obs_0000000159|obs_0000026235|obs_0000027620|obs_0000028973|obs_0000031913|obs_0000000700|obs_0000001521|obs_0000005251,
Meister Wiener Würstchen,Keine Marke,"€ 0,88",,"pro Einheit = 0,88","heiß oder kalt zu genießen, je 100-g-",Nein,2026-03-23 bis 2026-03-29,2026-03-23,2026-03-29,images_rewe/immenstaad_offer_084.jpg,"cat_molkerei_kaese,diet_gluten_free,diet_vegetarian,sub_wurst,tag_ultra_processed",immenstaad,BLS-W211200,ref_000276,obs_0000030926|obs_0000032355|obs_0000028076|obs_0000007858|obs_0000030483|obs_0000030949|obs_0000034174|obs_0000034811|obs_0000035106|obs_0000005789|obs_0000006186|obs_0000015758|obs_0000026784|obs_0000027189|obs_0000028276|obs_0000028948|obs_0000031274|obs_0000031737|obs_0000031889|obs_0000034981|obs_0000020658|obs_0000021477|obs_0000021769|obs_0000025857|obs_0000025858|obs_0000031934|obs_0000009369|obs_0000009557|obs_0000031788,obs_0000030483|obs_0000030926|obs_0000032355
Schweine-Filet,Keine Marke,"€ 8,80",,"pro Einheit = 8,80",je 1-kg-,Nein,2026-03-23 bis 2026-03-29,2026-03-23,2026-03-29,images_rewe/immenstaad_offer_086.jpg,"cat_molkerei_kaese,diet_gluten_free,diet_lactose_free,sub_schwein,tag_high_protein,tag_proteinreich,tag_whole_food",immenstaad,BLS-U611100,ref_000277,obs_0000027815|obs_0000028386|obs_0000029865|obs_0000029910|obs_0000029960|obs_0000030434|obs_0000030622|obs_0000031221|obs_0000031236|obs_0000031227,obs_0000007631|obs_0000026057|obs_0000027670|obs_0000027815|obs_0000028386|obs_0000028417|obs_0000028555|obs_0000028675|obs_0000029865|obs_0000029910|obs_0000029960|obs_0000030434|obs_0000030622|obs_0000031221|obs_0000031236
Mini Wiener Würstchen,REWE Bio,"€ 2,39",,"1 kg = 14,94",je 160-g-Pckg.,Nein,2026-03-23 bis 2026-03-29,2026-03-23,2026-03-29,images_rewe/immenstaad_offer_090.jpg,"cat_molkerei_kaese,diet_gluten_free,diet_lactose_free,diet_vegan,diet_vegetarian,sub_wurst,tag_ultra_processed,tag_whole_food",immenstaad,BLS-W211200,ref_000278,obs_0000031274|obs_0000006186|obs_0000035106|obs_0000026784|obs_0000028948|obs_0000014851|obs_0000027189|obs_0000002801|obs_0000031737|obs_0000031889|obs_0000034174|obs_0000015758|obs_0000028076|obs_0000013778|obs_0000028276|obs_0000005789|obs_0000013994|obs_0000008081|obs_0000034811|obs_0000030125|obs_0000022620|obs_0000020658|obs_0000034981|obs_0000030926|obs_0000030949|obs_0000025257|obs_0000023289|obs_0000021477|obs_0000019624|obs_0000031934|obs_0000025844|obs_0000025857|obs_0000025858|obs_0000021769|obs_0000032355|obs_0000007858|obs_0000030483|obs_0000012328|obs_0000006379|obs_0000010932|obs_0000031788|obs_0000017530|obs_0000009369|obs_0000009557|obs_0000026024|obs_0000018128|obs_0000016216,obs_0000031274
Schweine-Steaks,Keine Marke,"€ 16,60",,"pro Einheit = 16,60","aus der Keule, in versch. Marinaden, SB-verpackt, je 1-kg-",Nein,2026-03-23 bis 2026-03-29,2026-03-23,2026-03-29,images_rewe/immenstaad_offer_093.jpg,"cat_molkerei_kaese,diet_gluten_free,diet_lactose_free,diet_vegan,diet_vegetarian,sub_schwein,tag_whole_food",immenstaad,BLS-U532100,ref_000279,,obs_0000006350|obs_0000007445|obs_0000031569
Landbauern Rind Roastbeef,Keine Marke,"€ 2,99",,"pro Einheit = 2,99","am Stück oder in Scheiben, Haltungsform 3, je 100-g-",Nein,2026-03-23 bis 2026-03-29,2026-03-23,2026-03-29,images_rewe/immenstaad_offer_054.jpg,"cat_fleisch_wurst,diet_gluten_free,diet_lactose_free,diet_vegetarian,sub_rind,tag_high_protein,tag_proteinreich,tag_whole_food",immenstaad,,ref_000280,obs_0000030216|obs_0000029216|obs_0000029603|obs_0000030215|obs_0000031562|obs_0000032493|obs_0000017571|obs_0000018768,obs_0000030215|obs_0000030216
Freiraum Pute Putenfackel,Keine Marke,"€ 1,79",,"pro Einheit = 1,79","mariniert, Haltungsform 3, je 100-g-",Nein,2026-03-23 bis 2026-03-29,2026-03-23,2026-03-29,images_rewe/immenstaad_offer_056.jpg,"cat_obst_gemuese,diet_gluten_free,diet_lactose_free,diet_vegan,diet_vegetarian,sub_gefluegel,tag_ultra_processed,tag_whole_food",immenstaad,,ref_000281,,
Feuerwurst,Werz,"€ 1,11",,"pro Einheit = 1,11",je 100-g-,Nein,2026-03-23 bis 2026-03-29,2026-03-23,2026-03-29,images_rewe/immenstaad_offer_057.jpg,"cat_fleisch_wurst,sub_wurst",immenstaad,BLS-W380400,ref_000282,obs_0000029609|obs_0000030584,obs_0000029609|obs_0000030584
Dicke Schweinerippe,Keine Marke,"€ 0,44",,"pro Einheit = 0,44","am Stück oder in Scheiben, Haltungsform 2, je 100-g-",Nein,2026-03-23 bis 2026-03-29,2026-03-23,2026-03-29,images_rewe/immenstaad_offer_058.jpg,"cat_getraenke,diet_gluten_free,diet_lactose_free,diet_vegan,diet_vegetarian,sub_schwein,tag_ultra_processed,tag_whole_food",immenstaad,,ref_000283,,
Kalbs-Tafelspitz,Keine Marke,"€ 1,99",,"pro Einheit = 1,99",je 100-g-,Nein,2026-03-23 bis 2026-03-29,2026-03-23,2026-03-29,images_rewe/immenstaad_offer_059.jpg,"cat_obst_gemuese,diet_gluten_free,diet_lactose_free,diet_vegan,diet_vegetarian,sub_frisches_gemuese,sub_frisches_obst,tag_whole_food",immenstaad,,ref_000284,obs_0000028922|obs_0000008818|obs_0000017489|obs_0000018409,obs_0000028922|obs_0000029785
Duroc Schweine-Braten,Keine Marke,"€ 1,77",,"pro Einheit = 1,77","aus dem Nacken, je 100-g-",Nein,2026-03-23 bis 2026-03-29,2026-03-23,2026-03-29,images_rewe/immenstaad_offer_060.jpg,"cat_fleisch_wurst,diet_gluten_free,diet_lactose_free,diet_vegan,diet_vegetarian,sub_frisches_gemuese,sub_schwein,tag_whole_food",immenstaad,,ref_000285,obs_0000030581|obs_0000031225,
Bärlauchschinken,Keine Marke,"€ 1,49",,"pro Einheit = 1,49",je 100-g-,Nein,2026-03-23 bis 2026-03-29,2026-03-23,2026-03-29,images_rewe/immenstaad_offer_062.jpg,"cat_fleisch_wurst,diet_gluten_free,diet_lactose_free,diet_vegan,diet_vegetarian,sub_schwein,sub_wurst,tag_ultra_processed,tag_whole_food",immenstaad,BLS-W443000,ref_000286,,obs_0000006858|obs_0000007419
Berner-Würstchen,Keine Marke,"€ 1,49",,"pro Einheit = 1,49",je 100-g-,Nein,2026-03-23 bis 2026-03-29,2026-03-23,2026-03-29,images_rewe/immenstaad_offer_063.jpg,"cat_fleisch_wurst,diet_gluten_free,diet_lactose_free,diet_vegan,diet_vegetarian,sub_wurst,tag_ultra_processed,tag_whole_food",immenstaad,BLS-W211400,ref_000287,obs_0000009369|obs_0000009557,obs_0000028076
Weideglück Donautaler Tilsiter,Keine Marke,"€ 0,79",,"pro Einheit = 0,79","Schnittkäse, 45% Fett i.Tr., je 100-g-",Nein,2026-03-23 bis 2026-03-29,2026-03-23,2026-03-29,images_rewe/immenstaad_offer_064.jpg,"cat_getraenke,diet_gluten_free,diet_lactose_free,diet_vegan,diet_vegetarian,sub_frisches_obst,tag_whole_food",immenstaad,,ref_000288,obs_0000010629|obs_0000022627|obs_0000022944|obs_0000024640|obs_0000028259,
Ulmer Spatz,Keine Marke,"€ 2,19",,"pro Einheit = 2,19","Schnittkäse, mind. 45% Fett i.Tr., je 100-g-",Nein,2026-03-23 bis 2026-03-29,2026-03-23,2026-03-29,images_rewe/immenstaad_offer_065.jpg,"cat_obst_gemuese,diet_gluten_free,diet_lactose_free,diet_vegan,diet_vegetarian,sub_exoten,sub_frisches_gemuese,sub_frisches_obst,tag_ultra_processed,tag_whole_food",immenstaad,,ref_000289,obs_0000029896,obs_0000029896
Toggenburger Sonntagskäse,Keine Marke,"€ 1,79",,"pro Einheit = 1,79","Schweizer Hartkäse, mind. 45% Fett i.Tr., je 100-g-",Nein,2026-03-23 bis 2026-03-29,2026-03-23,2026-03-29,images_rewe/immenstaad_offer_066.jpg,"cat_getraenke,sub_kaese",immenstaad,,ref_000290,obs_0000031119,obs_0000031119
Höll Spießbratenwürstchen,Keine Marke,"€ 1,29",,"pro Einheit = 1,29",je 100-g-,Nein,2026-03-23 bis 2026-03-29,2026-03-23,2026-03-29,images_rewe/immenstaad_offer_067.jpg,"cat_fleisch_wurst,diet_gluten_free,diet_lactose_free,diet_vegan,diet_vegetarian,sub_wurst,tag_ultra_processed,tag_whole_food",immenstaad,,ref_000291,,
Hackfleisch gemischt,Keine Marke,"€ 1,11",,"pro Einheit = 1,11","vom Rind und Schwein, je 100-g-",Nein,2026-03-23 bis 2026-03-29,2026-03-23,2026-03-29,images_rewe/immenstaad_offer_061.jpg,"cat_fleisch_wurst,diet_lactose_free,diet_vegetarian,sub_hackfleisch,sub_rind,sub_schwein,tag_proteinreich,tag_ultra_processed",immenstaad,BLS-U020100,ref_000292,obs_0000006355|obs_0000006874|obs_0000007077|obs_0000009248|obs_0000028033|obs_0000029783|obs_0000029892|obs_0000030174|obs_0000030269|obs_0000030894|obs_0000030922|obs_0000030962|obs_0000031538|obs_0000031582|obs_0000033883|obs_0000034536|obs_0000005620|obs_0000005797|obs_0000008856|obs_0000009222|obs_0000009575|obs_0000009702|obs_0000011430|obs_0000012282|obs_0000014463|obs_0000016944|obs_0000017204|obs_0000018085|obs_0000020307|obs_0000021126|obs_0000022287|obs_0000025678|obs_0000026963|obs_0000027617|obs_0000027808|obs_0000029566|obs_0000030444|obs_0000030969|obs_0000030975|obs_0000000505|obs_0000001646|obs_0000009524|obs_0000010463|obs_0000012768|obs_0000014917|obs_0000017754|obs_0000018612|obs_0000019652|obs_0000028433|obs_0000000646,obs_0000000505|obs_0000033883|obs_0000001646|obs_0000034536|obs_0000005620|obs_0000005797|obs_0000006355|obs_0000006874|obs_0000007077|obs_0000008856|obs_0000009222|obs_0000009248|obs_0000009524|obs_0000009575|obs_0000009702|obs_0000010463|obs_0000011430|obs_0000012282|obs_0000014463|obs_0000016944|obs_0000017204|obs_0000017754|obs_0000018085|obs_0000018612|obs_0000019652|obs_0000020307|obs_0000021126|obs_0000022287|obs_0000025678|obs_0000028033|obs_0000028433|obs_0000029783|obs_0000029892|obs_0000030174|obs_0000030269|obs_0000030894|obs_0000030922|obs_0000030962|obs_0000031538|obs_0000031582
Weizenbrötchen,Weizenbrötchen,"€ 0,19",,"pro Einheit = 0,19",je 1-St.,Nein,2026-03-23 bis 2026-03-29,2026-03-23,2026-03-29,images_rewe/neubrandenburg_offer_148.jpg,"cat_grundnahrung,diet_vegetarian,tag_ultra_processed",neubrandenburg,BLS-B511000,ref_000293,obs_0000034146|obs_0000033956|obs_0000034350|obs_0000034771|obs_0000033748|obs_0000034558|obs_0000019915|obs_0000006062|obs_0000006063|obs_0000034943|obs_0000027409|obs_0000028000|obs_0000031710|obs_0000014552|obs_0000002587|obs_0000003165|obs_0000032634,obs_0000034146|obs_0000033956|obs_0000019915|obs_0000006062|obs_0000006063|obs_0000034350|obs_0000034771|obs_0000033748|obs_0000034943|obs_0000034558
Laugenbrezel,Keine Marke,"€ 0,39",,"pro Einheit = 0,39",je 1-St.,Nein,2026-03-23 bis 2026-03-29,2026-03-23,2026-03-29,images_rewe/neubrandenburg_offer_153.jpg,"cat_grundnahrung,diet_gluten_free,diet_lactose_free,diet_vegan,diet_vegetarian,tag_ultra_processed,tag_whole_food",neubrandenburg,,ref_000294,obs_0000014992|obs_0000001555|obs_0000006064|obs_0000014330|obs_0000026070|obs_0000026328|obs_0000033746|obs_0000034277|obs_0000035107,obs_0000001555|obs_0000006064|obs_0000014330|obs_0000014992|obs_0000026070|obs_0000026328|obs_0000028108
Apfeldreieck,Keine Marke,"€ 0,69",,"pro Einheit = 0,69",je 1-St.,Nein,2026-03-23 bis 2026-03-29,2026-03-23,2026-03-29,images_rewe/neubrandenburg_offer_152.jpg,"cat_grundnahrung,diet_gluten_free,diet_lactose_free,diet_vegan,diet_vegetarian,sub_exoten,sub_frisches_obst,tag_ultra_processed,tag_whole_food",neubrandenburg,,ref_000295,,
Butter-Croissant,Keine Marke,"€ 0,49",,"pro Einheit = 0,49",je 1-St.,Nein,2026-03-23 bis 2026-03-29,2026-03-23,2026-03-29,images_rewe/neubrandenburg_offer_151.jpg,"cat_grundnahrung,diet_gluten_free,diet_lactose_free,diet_vegan,diet_vegetarian,sub_butter_margarine,tag_ultra_processed,tag_whole_food",neubrandenburg,,ref_000296,obs_0000000107|obs_0000000997|obs_0000001425|obs_0000034970|obs_0000002620|obs_0000002676|obs_0000003267|obs_0000003591|obs_0000003636|obs_0000008456|obs_0000008556|obs_0000009075|obs_0000010409|obs_0000011042|obs_0000011467|obs_0000012797|obs_0000013125|obs_0000017835|obs_0000018391|obs_0000018644|obs_0000018772|obs_0000019493|obs_0000021984|obs_0000022502|obs_0000023195|obs_0000024620|obs_0000025842|obs_0000026359|obs_0000027049|obs_0000027517|obs_0000031786,obs_0000012842|obs_0000013126|obs_0000015419|obs_0000028113
Laugenbrötchen,Keine Marke,"€ 0,39",,"pro Einheit = 0,39",je 1-St.,Nein,2026-03-23 bis 2026-03-29,2026-03-23,2026-03-29,images_rewe/neubrandenburg_offer_150.jpg,"cat_grundnahrung,diet_gluten_free,diet_lactose_free,diet_vegetarian,tag_ultra_processed,tag_whole_food",neubrandenburg,BLS-B521000,ref_000297,obs_0000018253|obs_0000022491,obs_0000011524|obs_0000018253|obs_0000022491
Kaiserbrötchen,Keine Marke,"€ 0,19",,"pro Einheit = 0,19",je 1-St.,Nein,2026-03-23 bis 2026-03-29,2026-03-23,2026-03-29,images_rewe/neubrandenburg_offer_149.jpg,"cat_grundnahrung,diet_gluten_free,diet_lactose_free,diet_vegan,diet_vegetarian,tag_ultra_processed,tag_whole_food",neubrandenburg,BLS-B531000,ref_000298,obs_0000007722|obs_0000009358|obs_0000009820|obs_0000018255|obs_0000022090|obs_0000023710|obs_0000024136|obs_0000027586|obs_0000010893|obs_0000033684,obs_0000006599|obs_0000007122|obs_0000007722|obs_0000009358|obs_0000009820|obs_0000018255|obs_0000022090|obs_0000023710|obs_0000024136|obs_0000027586
Nuss-Nougat Croissant,Keine Marke,"€ 0,69",,"pro Einheit = 0,69",je 1-St.,Nein,2026-03-23 bis 2026-03-29,2026-03-23,2026-03-29,images_rewe/neubrandenburg_offer_154.jpg,"cat_grundnahrung,diet_gluten_free,diet_lactose_free,diet_vegan,diet_vegetarian,tag_ultra_processed,tag_whole_food",neubrandenburg,BLS-S451000,ref_000299,obs_0000006955|obs_0000020121|obs_0000020940|obs_0000023356|obs_0000024975|obs_0000027987|obs_0000002265|obs_0000003358|obs_0000027131|obs_0000016184|obs_0000023195|obs_0000025842,obs_0000006955|obs_0000020121|obs_0000020940|obs_0000023356|obs_0000024975|obs_0000027987
Kürbiskernbrötchen,Keine Marke,"€ 0,49",,"pro Einheit = 0,49",je 1-St.,Nein,2026-03-23 bis 2026-03-29,2026-03-23,2026-03-29,images_rewe/neubrandenburg_offer_147.jpg,"cat_grundnahrung,diet_gluten_free,diet_lactose_free,diet_vegan,diet_vegetarian,tag_ultra_processed,tag_whole_food",neubrandenburg,,ref_000300,obs_0000006065|obs_0000006066|obs_0000018428|obs_0000023355|obs_0000024662,obs_0000006065|obs_0000006066|obs_0000018428|obs_0000023355|obs_0000024662
Veltins Pilsener,Keine Marke,"€ 11,49",,"1 l = 1,15","je 20 x 0,5-l-Fl.-Kasten, zzgl. 3,10 € Pfand",Nein,2026-03-23 bis 2026-03-29,2026-03-23,2026-03-29,images_rewe/neubrandenburg_offer_225.jpg,"cat_getraenke,diet_gluten_free,diet_lactose_free,diet_vegan,diet_vegetarian,tag_ultra_processed,tag_whole_food",neubrandenburg,,ref_000301,obs_0000029764|obs_0000029928|obs_0000030754|obs_0000029887|obs_0000031557|obs_0000032304|obs_0000034091|obs_0000034637|obs_0000034836|obs_0000034842|obs_0000035044|obs_0000035045|obs_0000006020|obs_0000008415|obs_0000013820|obs_0000014011|obs_0000014656|obs_0000015503|obs_0000015939|obs_0000026503|obs_0000028405|obs_0000028547|obs_0000028664|obs_0000028988,obs_0000029764|obs_0000029928|obs_0000030754
Hasseröder Premium Pils,Keine Marke,"€ 8,99",,"1 l = 0,90","je 20 x 0,5-l-Fl.-Kasten, zzgl. 3,10 € Pfand",Nein,2026-03-23 bis 2026-03-29,2026-03-23,2026-03-29,images_rewe/neubrandenburg_offer_224.jpg,"cat_getraenke,diet_gluten_free,diet_lactose_free,diet_vegetarian",neubrandenburg,,ref_000302,obs_0000029243|obs_0000029927|obs_0000030395|obs_0000030607|obs_0000031079|obs_0000031248|obs_0000029198|obs_0000031389|obs_0000033895|obs_0000034432|obs_0000008187|obs_0000008613|obs_0000009703|obs_0000010479|obs_0000010756|obs_0000011146|obs_0000011148|obs_0000011594|obs_0000012445|obs_0000012662|obs_0000013350|obs_0000013836|obs_0000014397|obs_0000015938|obs_0000016561|obs_0000026883|obs_0000027560|obs_0000027845|obs_0000028520|obs_0000028575|obs_0000028635|obs_0000028695|obs_0000028734|obs_0000008006|obs_0000026008|obs_0000000370|obs_0000033823|obs_0000034423|obs_0000034708|obs_0000035035|obs_0000003041|obs_0000004068|obs_0000004495|obs_0000004922|obs_0000008467|obs_0000010120|obs_0000010165|obs_0000010755|obs_0000011595|obs_0000012448,obs_0000029243|obs_0000029927|obs_0000030395|obs_0000030607|obs_0000031079|obs_0000031248
Glashäger plus,Keine Marke,"€ 0,79",,"pro Einheit = 0,79","versch. Sorten, je 1-l-Fl., zzgl. 0,25 € Pfand",Nein,2026-03-23 bis 2026-03-29,2026-03-23,2026-03-29,images_rewe/neubrandenburg_offer_223.jpg,"cat_getraenke,diet_gluten_free,diet_lactose_free,diet_vegan,diet_vegetarian,tag_whole_food",neubrandenburg,,ref_000303,obs_0000029925|obs_0000011970|obs_0000013344|obs_0000014628,obs_0000029925
Franziskaner Weissbier,Keine Marke,"€ 14,99",,"1 l = 1,50","versch. Sorten, je 20 x 0,5-l-Fl.-Kasten, zzgl. 3,10 € Pfand",Nein,2026-03-23 bis 2026-03-29,2026-03-23,2026-03-29,images_rewe/neubrandenburg_offer_227.jpg,"cat_getraenke,diet_lactose_free,diet_vegan,diet_vegetarian",neubrandenburg,,ref_000304,obs_0000006364|obs_0000029759|obs_0000029929|obs_0000030766|obs_0000030945|obs_0000031102|obs_0000032726,obs_0000006364|obs_0000029759|obs_0000029929|obs_0000030766|obs_0000030899|obs_0000030945|obs_0000031102|obs_0000032726
Chia Weltmeisterbrötchen,Keine Marke,"€ 0,39",,"pro Einheit = 0,39",je 1-St.,Nein,2026-03-23 bis 2026-03-29,2026-03-23,2026-03-29,images_rewe/neubrandenburg_offer_146.jpg,"cat_grundnahrung,diet_gluten_free,diet_lactose_free,diet_vegetarian,tag_ultra_processed,tag_whole_food",neubrandenburg,,ref_000305,obs_0000006403|obs_0000007512|obs_0000020517|obs_0000021336|obs_0000025125|obs_0000026487|obs_0000027090,obs_0000006403|obs_0000007512|obs_0000029334
Natur Pur Der knusprig-deftige Roggenzwilling,Keine Marke,"€ 1,69",,"1 kg = 2,11","saftiges Roggenmischbrot in Landbrotform, je 800-g-St.",Nein,2026-03-23 bis 2026-03-29,2026-03-23,2026-03-29,images_rewe/neubrandenburg_offer_144.jpg,"cat_grundnahrung,diet_gluten_free,diet_lactose_free,diet_vegan,diet_vegetarian,tag_ultra_processed,tag_whole_food",neubrandenburg,,ref_000306,obs_0000001347|obs_0000009644|obs_0000028889,
Bio Avocado,Keine Marke,"€ 1,29",,"pro Einheit = 1,29","»Hass«, Ursprung: siehe Etikett, Kl. II, je 1-St.",Nein,2026-03-23 bis 2026-03-29,2026-03-23,2026-03-29,images_rewe/neubrandenburg_offer_039.jpg,"cat_obst_gemuese,diet_gluten_free,diet_lactose_free,diet_vegan,diet_vegetarian,sub_exoten,sub_frisches_gemuese,sub_frisches_obst,tag_ultra_processed,tag_whole_food",neubrandenburg,,ref_000307,obs_0000030124|obs_0000030212|obs_0000030257|obs_0000030466|obs_0000030959|obs_0000032517|obs_0000033717|obs_0000034744|obs_0000028796|obs_0000000058|obs_0000008728|obs_0000017166|obs_0000018748|obs_0000020117|obs_0000020936|obs_0000029123|obs_0000029201|obs_0000030562|obs_0000000694|obs_0000001305|obs_0000034105|obs_0000034516|obs_0000014073|obs_0000027541|obs_0000027854|obs_0000000895,obs_0000000058|obs_0000033717|obs_0000034744|obs_0000008728|obs_0000017166|obs_0000018748|obs_0000020117|obs_0000020936|obs_0000028796|obs_0000029123|obs_0000029201|obs_0000030124|obs_0000030212|obs_0000030257|obs_0000030466|obs_0000030562|obs_0000030959|obs_0000032517
Bio Crispy Salatmix,Keine Marke,"€ 0,99",,"1 kg = 9,90",je 100-g-Pckg.,Nein,2026-03-23 bis 2026-03-29,2026-03-23,2026-03-29,images_rewe/neubrandenburg_offer_038.jpg,"cat_obst_gemuese,diet_gluten_free,diet_lactose_free,diet_vegan,diet_vegetarian,sub_fleischersatz,sub_frisches_gemuese,sub_frisches_obst,sub_salate,tag_ultra_processed,tag_whole_food",neubrandenburg,,ref_000308,obs_0000030211|obs_0000030956|obs_0000019134,obs_0000030211|obs_0000030956
Salatgurke,Keine Marke,"€ 0,66",,"pro Einheit = 0,66","Kl. I, je 1-St.",Nein,2026-03-23 bis 2026-03-29,2026-03-23,2026-03-29,images_rewe/neubrandenburg_offer_036.jpg,"cat_obst_gemuese,diet_gluten_free,diet_lactose_free,diet_vegan,diet_vegetarian,sub_exoten,sub_frisches_gemuese,sub_frisches_obst,sub_salate,tag_ultra_processed,tag_whole_food",neubrandenburg,,ref_000309,obs_0000031142|obs_0000006407|obs_0000006429|obs_0000031262|obs_0000007126|obs_0000007144|obs_0000006268|obs_0000005502|obs_0000005876|obs_0000005891|obs_0000006068,obs_0000006407|obs_0000006429|obs_0000031142|obs_0000031262
Havelländer Jagdwurst,Keine Marke,"€ 4,99",,"1 kg = 7,13",je 700-g-Pckg.,Nein,2026-03-23 bis 2026-03-29,2026-03-23,2026-03-29,images_rewe/neubrandenburg_offer_068.jpg,"cat_molkerei_kaese,diet_gluten_free,diet_lactose_free,diet_vegan,diet_vegetarian,sub_wurst,tag_ultra_processed,tag_whole_food",neubrandenburg,,ref_000310,obs_0000030658|obs_0000034380,obs_0000030658
Sachsenmilch Unsere Minis,Keine Marke,"€ 1,19",,"1 kg = 2,98","Eredbeere, je 4 x 100-g-Becher-Pckg.",Nein,2026-03-23 bis 2026-03-29,2026-03-23,2026-03-29,images_rewe/neubrandenburg_offer_066.jpg,"cat_molkerei_kaese,diet_gluten_free,diet_lactose_free,diet_vegan,diet_vegetarian,tag_ultra_processed,tag_whole_food",neubrandenburg,,ref_000311,obs_0000011085|obs_0000012394|obs_0000013309|obs_0000013779|obs_0000015901|obs_0000016191|obs_0000019480|obs_0000019541|obs_0000022527|obs_0000022992|obs_0000024884|obs_0000025627|obs_0000025800,
Würstchen,Eberswalder,"€ 2,49",,"1 kg = 9,96",je 250-g-Pckg.,Nein,2026-03-23 bis 2026-03-29,2026-03-23,2026-03-29,images_rewe/neubrandenburg_offer_064.jpg,"cat_molkerei_kaese,sub_wurst,tag_ultra_processed",neubrandenburg,BLS-W211200,ref_000312,obs_0000009557|obs_0000009369|obs_0000014851|obs_0000034693|obs_0000015758|obs_0000031889|obs_0000028948|obs_0000005789|obs_0000026784|obs_0000031775|obs_0000006186|obs_0000013994|obs_0000028076|obs_0000031274|obs_0000027189|obs_0000030641|obs_0000031737|obs_0000035106|obs_0000000976|obs_0000013778|obs_0000000735|obs_0000034885|obs_0000010611|obs_0000028020|obs_0000028276|obs_0000034811|obs_0000034174|obs_0000025857|obs_0000025858|obs_0000021769|obs_0000030483|obs_0000023584|obs_0000004004|obs_0000023289|obs_0000007858|obs_0000020658|obs_0000030654|obs_0000031934|obs_0000034981|obs_0000001479|obs_0000030926|obs_0000004431|obs_0000007375|obs_0000001235|obs_0000032355|obs_0000021477|obs_0000029669|obs_0000030949|obs_0000025844|obs_0000003321,obs_0000009369|obs_0000009557
Frischli Leckermäulchen,Keine Marke,"€ 1,49",,"1 kg = 4,97","versch. Sorten, je 6 x 50-g-Becher",Nein,2026-03-23 bis 2026-03-29,2026-03-23,2026-03-29,images_rewe/neubrandenburg_offer_063.jpg,"cat_molkerei_kaese,diet_gluten_free,diet_lactose_free,diet_vegan,diet_vegetarian,tag_ultra_processed,tag_whole_food",neubrandenburg,,ref_000313,obs_0000030620,obs_0000030620
Artikel-Bezeichnung,Keine Marke,"€ 2,99",,"1 kg = 11,96",je 250-g-Pckg.,Nein,2026-03-23 bis 2026-03-29,2026-03-23,2026-03-29,images_rewe/neubrandenburg_offer_057.jpg,"cat_molkerei_kaese,diet_gluten_free,diet_lactose_free,diet_vegan,diet_vegetarian,tag_ultra_processed,tag_whole_food",neubrandenburg,,ref_000314,obs_0000029853|obs_0000029866|obs_0000029906,obs_0000029853|obs_0000029866|obs_0000029906
Die Thüringer Thüringer Stifte,Keine Marke,"€ 2,99",,"1 kg = 14,95",je 200-g-Pckg.,Nein,2026-03-23 bis 2026-03-29,2026-03-23,2026-03-29,images_rewe/neubrandenburg_offer_071.jpg,"cat_molkerei_kaese,diet_lactose_free,diet_vegetarian",neubrandenburg,,ref_000315,obs_0000030650,obs_0000030650
Friweika Mini Grill- kartoffeln,Keine Marke,"€ 1,69",,"1 kg = 4,23","versch. Sorten, je 400-g-Pckg.",Nein,2026-03-23 bis 2026-03-29,2026-03-23,2026-03-29,images_rewe/neubrandenburg_offer_114.jpg,"cat_obst_gemuese,diet_gluten_free,diet_lactose_free,diet_vegan,diet_vegetarian,sub_frisches_gemuese,sub_kartoffeln,tag_ultra_processed,tag_whole_food",neubrandenburg,,ref_000316,obs_0000006379|obs_0000010932|obs_0000012328|obs_0000016216|obs_0000017530|obs_0000018128|obs_0000026024,
Lawa 5 Cr pes,Keine Marke,"€ 1,09",,"1 kg = 3,63",je 300-g-Pckg.,Nein,2026-03-23 bis 2026-03-29,2026-03-23,2026-03-29,images_rewe/neubrandenburg_offer_113.jpg,"cat_obst_gemuese,diet_gluten_free,diet_lactose_free,diet_vegan,diet_vegetarian,sub_exoten,sub_frisches_gemuese,sub_frisches_obst,tag_ultra_processed,tag_whole_food",neubrandenburg,,ref_000317,obs_0000014998|obs_0000024001|obs_0000024422|obs_0000024710|obs_0000025120|obs_0000025823,
Schwarzbach Erzgebirgischer Kartoffelsalat,Keine Marke,"€ 2,19",,"1 kg = 4,38",je 500-g-Becher,Nein,2026-03-23 bis 2026-03-29,2026-03-23,2026-03-29,images_rewe/neubrandenburg_offer_111.jpg,"cat_obst_gemuese,diet_gluten_free,diet_lactose_free,diet_vegan,diet_vegetarian,sub_frisches_gemuese,sub_kartoffeln,sub_salate,tag_ultra_processed,tag_whole_food",neubrandenburg,,ref_000318,obs_0000030107|obs_0000031132|obs_0000010201|obs_0000026272,
Laugenstange,Keine Marke,"€ 0,39",,"pro Einheit = 0,39",je 1-St.,Nein,2026-03-23 bis 2026-03-29,2026-03-23,2026-03-29,images_rewe/neubrandenburg_offer_142.jpg,"cat_grundnahrung,diet_gluten_free,diet_lactose_free,diet_vegan,diet_vegetarian,tag_ultra_processed,tag_whole_food",neubrandenburg,,ref_000319,obs_0000011519|obs_0000013295|obs_0000005497|obs_0000005866|obs_0000009828|obs_0000014548|obs_0000026561|obs_0000027394|obs_0000034151|obs_0000034948|obs_0000027990,obs_0000005497|obs_0000005866|obs_0000009828|obs_0000011519|obs_0000013295|obs_0000014548|obs_0000026561|obs_0000027394
Das knackig- rustikale Krustenbrot,Keine Marke,"€ 1,55",,"pro Einheit = 1,55","Roggenmischbrot, je 1000-g-St.",Nein,2026-03-23 bis 2026-03-29,2026-03-23,2026-03-29,images_rewe/neubrandenburg_offer_145.jpg,"cat_grundnahrung,diet_gluten_free,diet_lactose_free,diet_vegetarian,tag_whole_food",neubrandenburg,,ref_000320,obs_0000000220|obs_0000003833|obs_0000004260|obs_0000004687|obs_0000011923|obs_0000015422|obs_0000008829,
Butcher s Barbecue Schweine-Rückensteaks,Keine Marke,"€ 4,44",,"1 kg = 9,87","in versch. Marinaden, je 450-g-Pckg.",Nein,2026-03-23 bis 2026-03-29,2026-03-23,2026-03-29,images_rewe/neubrandenburg_offer_086.jpg,"cat_molkerei_kaese,diet_gluten_free,diet_lactose_free,diet_vegetarian,sub_schwein,tag_high_protein,tag_proteinreich,tag_whole_food",neubrandenburg,,ref_000321,,
Havelländer Wiener Würstchen,Keine Marke,"€ 0,88",,"pro Einheit = 0,88","heiß und kalt zu genießen, je 100-g-",Nein,2026-03-23 bis 2026-03-29,2026-03-23,2026-03-29,images_rewe/neubrandenburg_offer_085.jpg,"cat_molkerei_kaese,diet_vegetarian,sub_wurst,tag_ultra_processed",neubrandenburg,,ref_000322,obs_0000030949|obs_0000028076|obs_0000007858|obs_0000030483|obs_0000030926|obs_0000032355|obs_0000034174|obs_0000034811|obs_0000035106|obs_0000005789|obs_0000006186|obs_0000015758|obs_0000026784|obs_0000027189|obs_0000028276|obs_0000028948|obs_0000031274|obs_0000031737|obs_0000031889|obs_0000034981|obs_0000020658|obs_0000021477|obs_0000021769|obs_0000025857|obs_0000025858|obs_0000031934|obs_0000009369|obs_0000009557|obs_0000031788,obs_0000030949
Friki Puten Lachsschinken,Keine Marke,"€ 1,59",,"1 kg = 19,88",je 80-g-Pckg.,Nein,2026-03-23 bis 2026-03-29,2026-03-23,2026-03-29,images_rewe/neubrandenburg_offer_084.jpg,"cat_molkerei_kaese,diet_gluten_free,diet_lactose_free,diet_vegan,diet_vegetarian,sub_gefluegel,sub_schwein,sub_wurst,tag_ultra_processed,tag_whole_food",neubrandenburg,,ref_000323,obs_0000006858|obs_0000007419|obs_0000033776|obs_0000010598|obs_0000026709|obs_0000027441,
Landstolz Mutzbraten oder Paprikabraten,Keine Marke,"€ 1,79",,"1 kg = 17,90",je 100-g-Pckg.,Nein,2026-03-23 bis 2026-03-29,2026-03-23,2026-03-29,images_rewe/neubrandenburg_offer_083.jpg,"cat_molkerei_kaese,diet_gluten_free,diet_lactose_free,diet_vegan,diet_vegetarian,sub_frisches_gemuese,tag_whole_food",neubrandenburg,,ref_000324,obs_0000030636,obs_0000030636
Hemme Milch Erdbeermilch,Keine Marke,"€ 1,39",,"1 l = 2,32","3,7% Fett, je 600-ml-Btl.",Nein,2026-03-23 bis 2026-03-29,2026-03-23,2026-03-29,images_rewe/neubrandenburg_offer_080.jpg,"cat_molkerei_kaese,diet_gluten_free,diet_lactose_free,diet_vegan,diet_vegetarian,sub_milchprodukte,tag_whole_food",neubrandenburg,,ref_000325,obs_0000000796|obs_0000003614|obs_0000026178,
Greußener Lachsfleisch mit Edelschimmel,Keine Marke,"€ 1,59",,"1 kg = 19,88",je 80-g-Pckg.,Nein,2026-03-23 bis 2026-03-29,2026-03-23,2026-03-29,images_rewe/neubrandenburg_offer_078.jpg,"cat_molkerei_kaese,diet_gluten_free,diet_lactose_free,tag_proteinreich,tag_ultra_processed",neubrandenburg,,ref_000326,obs_0000030647,obs_0000030647
Osterland Rote Grütze mit Vanillesoße,Keine Marke,"€ 0,39",,"1 kg = 2,44",je 160-g-Becher,Nein,2026-03-23 bis 2026-03-29,2026-03-23,2026-03-29,images_rewe/neubrandenburg_offer_076.jpg,"cat_molkerei_kaese,diet_gluten_free,diet_lactose_free,diet_vegan,diet_vegetarian,tag_ultra_processed,tag_whole_food",neubrandenburg,,ref_000327,obs_0000030646|obs_0000029934,obs_0000030646
Vogtlandweide Hausmacher Quark,Keine Marke,"€ 0,69",,"1 kg = 3,45","40% Fett, je 200-g-Becher",Nein,2026-03-23 bis 2026-03-29,2026-03-23,2026-03-29,images_rewe/neubrandenburg_offer_075.jpg,"cat_molkerei_kaese,diet_gluten_free,diet_lactose_free,diet_vegan,diet_vegetarian,tag_whole_food",neubrandenburg,,ref_000328,obs_0000001925|obs_0000008669|obs_0000010624|obs_0000012798|obs_0000027712,
Golßener Frühlings kartoffel salat,Keine Marke,"€ 3,19",,"1 kg = 4,56",je 700-g-Becher,Nein,2026-03-23 bis 2026-03-29,2026-03-23,2026-03-29,images_rewe/neubrandenburg_offer_073.jpg,"cat_molkerei_kaese,diet_gluten_free,diet_lactose_free,diet_vegan,diet_vegetarian,sub_frisches_gemuese,sub_kartoffeln,sub_salate,tag_ultra_processed,tag_whole_food",neubrandenburg,,ref_000329,obs_0000025985,
Delikat Käsewiener,Keine Marke,"€ 2,29",,"1 kg = 11,45",je 4 x 50-g-Pckg.,Nein,2026-03-23 bis 2026-03-29,2026-03-23,2026-03-29,images_rewe/neubrandenburg_offer_079.jpg,"cat_molkerei_kaese,diet_gluten_free,diet_lactose_free,diet_vegan,diet_vegetarian,tag_ultra_processed,tag_whole_food",neubrandenburg,,ref_000330,obs_0000030645,obs_0000030645
Imperial Hähnchen-Salami,Keine Marke,"€ 1,99",,"pro Einheit = 1,99",je 100-g-,Nein,2026-03-23 bis 2026-03-29,2026-03-23,2026-03-29,images_rewe/neubrandenburg_offer_090.jpg,"cat_molkerei_kaese,diet_gluten_free,diet_lactose_free,sub_gefluegel,sub_tk_fertiggerichte,sub_wurst,tag_proteinreich,tag_ultra_processed,tag_whole_food",neubrandenburg,,ref_000331,obs_0000029788|obs_0000001490|obs_0000034176|obs_0000002285|obs_0000002611|obs_0000002957|obs_0000003239|obs_0000003307|obs_0000005781|obs_0000007987|obs_0000008039|obs_0000008425|obs_0000010234|obs_0000010316|obs_0000011010|obs_0000014932|obs_0000016328|obs_0000016602|obs_0000016755|obs_0000017184|obs_0000017375|obs_0000019030|obs_0000019666|obs_0000020407|obs_0000021226|obs_0000023205|obs_0000025355|obs_0000025934|obs_0000026898|obs_0000028273|obs_0000031198,obs_0000028442
Die Rostocker Frühstücksknacker oder Käsebeißer,Keine Marke,"€ 2,99",,"1 kg = 11,96",je 250-g-Pckg.,Nein,2026-03-23 bis 2026-03-29,2026-03-23,2026-03-29,images_rewe/neubrandenburg_offer_102.jpg,"cat_molkerei_kaese,tag_ultra_processed",neubrandenburg,,ref_000332,obs_0000027739,
Recke Truthahn-Räucherlinge,Keine Marke,"€ 1,99",,"pro Einheit = 1,99","(ca. 400-g-St. = 7.16), je 100-g-",Nein,2026-03-23 bis 2026-03-29,2026-03-23,2026-03-29,images_rewe/neubrandenburg_offer_101.jpg,"cat_molkerei_kaese,diet_gluten_free,diet_lactose_free,diet_vegan,diet_vegetarian,tag_whole_food",neubrandenburg,,ref_000333,,
Hähnchen Bucket Chicken Nuggets oder Chicken Tenders,Keine Marke,"€ 4,99",,"1 kg = 13,13","Hähnchenbrustfilet-Stücke in Cornflakes-Panade, je 380-g-Pckg.",Nein,2026-03-23 bis 2026-03-29,2026-03-23,2026-03-29,images_rewe/neubrandenburg_offer_100.jpg,"cat_molkerei_kaese,diet_gluten_free,diet_lactose_free,sub_gefluegel,sub_tk_fertiggerichte,tag_high_protein,tag_proteinreich,tag_ultra_processed,tag_whole_food",neubrandenburg,,ref_000334,obs_0000027865|obs_0000029176|obs_0000000509|obs_0000034184|obs_0000011493|obs_0000013038|obs_0000018649|obs_0000020238|obs_0000020417|obs_0000021057|obs_0000021236|obs_0000021927|obs_0000021968|obs_0000022059|obs_0000025151|obs_0000026980|obs_0000028252|obs_0000028385|obs_0000023578,
Deutsche See Crevettes Roses,Keine Marke,"€ 3,99",,"1 kg = 15,96","gekochte Garnelen mit Kopf und Schale, aufgetaut, je 250-g-Schale",Nein,2026-03-23 bis 2026-03-29,2026-03-23,2026-03-29,images_rewe/neubrandenburg_offer_099.jpg,"cat_molkerei_kaese,diet_gluten_free,diet_lactose_free,diet_vegan,diet_vegetarian,tag_whole_food",neubrandenburg,,ref_000335,obs_0000008355|obs_0000011021|obs_0000012303,
RibWorld Bourbon BBQ Spare Ribs,Keine Marke,"€ 7,77",,"1 kg = 12,95","schonend gegarte Schweinerippchen in Whiskey Marinade, je 600-g-Pckg.",Nein,2026-03-23 bis 2026-03-29,2026-03-23,2026-03-29,images_rewe/neubrandenburg_offer_098.jpg,"cat_molkerei_kaese,diet_gluten_free,diet_lactose_free,diet_vegan,diet_vegetarian,tag_ultra_processed,tag_whole_food",neubrandenburg,,ref_000336,obs_0000029859|obs_0000006708|obs_0000018051|obs_0000022390|obs_0000023589,obs_0000029859
Butcher s Barbecue Hähnchen-Minuten-Schnitzel,Keine Marke,"€ 12,90",,"pro Einheit = 12,90","in versch. Marinaden, SB-verpackt, je 1-kg-",Nein,2026-03-23 bis 2026-03-29,2026-03-23,2026-03-29,images_rewe/neubrandenburg_offer_095.jpg,"cat_molkerei_kaese,sub_gefluegel",neubrandenburg,,ref_000337,obs_0000000700|obs_0000001521|obs_0000005251,
Rinder-Suppenfleisch,Keine Marke,"€ 11,90",,"pro Einheit = 11,90","vom Jungbullen, mit Knochen, SB-verpackt, je 1-kg-",Nein,2026-03-23 bis 2026-03-29,2026-03-23,2026-03-29,images_rewe/neubrandenburg_offer_092.jpg,"cat_molkerei_kaese,diet_gluten_free,diet_lactose_free,diet_vegan,diet_vegetarian,sub_hackfleisch,sub_rind,tag_proteinreich,tag_ultra_processed,tag_whole_food",neubrandenburg,BLS-U104100,ref_000338,obs_0000030267|obs_0000030954|obs_0000031207|obs_0000032528|obs_0000018902|obs_0000023719|obs_0000024143|obs_0000024671|obs_0000002297|obs_0000009147,obs_0000006546|obs_0000018902|obs_0000030096|obs_0000030267|obs_0000030954|obs_0000031207|obs_0000032528
Butcher s Barbecue Schweine-Hüftsteaks,Keine Marke,"€ 2,99",,"1 kg = 9,97","in versch. Marinaden, je 300-g-Pckg.",Nein,2026-03-23 bis 2026-03-29,2026-03-23,2026-03-29,images_rewe/neubrandenburg_offer_091.jpg,"cat_molkerei_kaese,diet_gluten_free,diet_lactose_free,diet_vegetarian,sub_schwein,tag_whole_food",neubrandenburg,,ref_000339,obs_0000031569,
