Produkt,Marke,Preis,Vorheriger Preis,Preis_kg,Hinweis,Nur_online,Gueltig_raw,Gueltig_von,Gueltig_bis,Bildpfad,assigned_labels,nutrition_link,reference_row_id,rough_match_observation_ids,exact_match_observation_ids,reference_row_id.1,rough_match_observation_ids.1,exact_match_observation_ids.1
Herz Bio-Emmentaler,Herz Bio-Emmentaler,"€ 1,49",,"pro Einheit = 2,79",,Nein,Gültig bis 28.03,2026-03-23,2026-03-28,images_tegut/tegut_offer_001.jpg,"cat_molkerei_kaese,sub_kaese,sub_milchprodukte,tag_whole_food",,ref_000001,obs_0000034090|obs_0000005907|obs_0000006459|obs_0000006807|obs_0000009063|obs_0000025531|obs_0000001559|obs_0000010030|obs_0000018426|obs_0000018479|obs_0000002340|obs_0000003417|obs_0000012386|obs_0000022007|obs_0000022237|obs_0000031831|obs_0000031880,,ref_000001,obs_0000034090|obs_0000005907|obs_0000006459|obs_0000006807|obs_0000009063|obs_0000025531|obs_0000001559|obs_0000010030|obs_0000018426|obs_0000018479|obs_0000002340|obs_0000003417|obs_0000012386|obs_0000022007|obs_0000022237|obs_0000031831|obs_0000031880,
Seelachsfilet,Seelachsfilet,"€ 1,99",,"pro Einheit = 1,99",,Nein,Gültig bis 28.03,2026-03-23,2026-03-28,images_tegut/tegut_offer_002.jpg,"cat_fisch_meeresfruechte,tag_high_protein,tag_proteinreich",,ref_000002,obs_0000033683|obs_0000008774|obs_0000015372|obs_0000034936|obs_0000014038|obs_0000031739|obs_0000005403|obs_0000007212,obs_0000008774|obs_0000015372|obs_0000034936|obs_0000033683|obs_0000014038|obs_0000031739,ref_000002,obs_0000033683|obs_0000008774|obs_0000015372|obs_0000034936|obs_0000014038|obs_0000031739|obs_0000005403|obs_0000007212,obs_0000008774|obs_0000015372|obs_0000034936|obs_0000033683|obs_0000014038|obs_0000031739
Wisch Weg Küchentücher,Zewa,"€ 2,49",,"pro Einheit = 3,29",,Nein,Gültig bis 28.03,2026-03-23,2026-03-28,images_tegut/tegut_offer_003.jpg,cat_non_food,,ref_000003,obs_0000026280|obs_0000033889|obs_0000028798|obs_0000011159|obs_0000032862|obs_0000007116|obs_0000007500|obs_0000007925|obs_0000028745|obs_0000017283|obs_0000026500|obs_0000028044|obs_0000023316|obs_0000034463|obs_0000018046|obs_0000027452|obs_0000013759|obs_0000020296|obs_0000025544|obs_0000002895|obs_0000034991|obs_0000014417|obs_0000027217|obs_0000010070|obs_0000011370|obs_0000016235|obs_0000019566|obs_0000022123|obs_0000022515|obs_0000014197|obs_0000021115,,ref_000003,obs_0000026280|obs_0000033889|obs_0000028798|obs_0000011159|obs_0000032862|obs_0000007116|obs_0000007500|obs_0000007925|obs_0000028745|obs_0000017283|obs_0000026500|obs_0000028044|obs_0000023316|obs_0000034463|obs_0000018046|obs_0000027452|obs_0000013759|obs_0000020296|obs_0000025544|obs_0000002895|obs_0000034991|obs_0000014417|obs_0000027217|obs_0000010070|obs_0000011370|obs_0000016235|obs_0000019566|obs_0000022123|obs_0000022515|obs_0000014197|obs_0000021115,
Bio-Laugenbrezel,Herzberger,"€ 1,99",,"1 kg = 7,54",,Nein,Gültig bis 28.03,2026-03-23,2026-03-28,images_tegut/tegut_offer_004.jpg,"cat_grundnahrung,diet_vegetarian",,ref_000004,obs_0000033746|obs_0000034277|obs_0000035107|obs_0000026070|obs_0000001555|obs_0000026328|obs_0000006064|obs_0000014330|obs_0000014992,obs_0000033746|obs_0000034277|obs_0000035107,ref_000004,obs_0000033746|obs_0000034277|obs_0000035107|obs_0000026070|obs_0000001555|obs_0000026328|obs_0000006064|obs_0000014330|obs_0000014992,obs_0000033746|obs_0000034277|obs_0000035107
Steinofen-Pizza,Wagner,"€ 1,79",,"pro Einheit = 1,79",,Nein,Gültig bis 28.03,2026-03-23,2026-03-28,images_tegut/tegut_offer_005.jpg,"cat_tiefkuehl,sub_tk_pizza,tag_ultra_processed",,ref_000005,obs_0000002723|obs_0000026375|obs_0000008618|obs_0000022498|obs_0000000012|obs_0000000533|obs_0000003725|obs_0000006160|obs_0000013341|obs_0000023186|obs_0000014511|obs_0000025810|obs_0000005867|obs_0000010530|obs_0000015695|obs_0000012202|obs_0000007794|obs_0000031990|obs_0000032628|obs_0000030162|obs_0000006150|obs_0000006664|obs_0000007601|obs_0000005579,obs_0000002723|obs_0000026375|obs_0000008618,ref_000005,obs_0000002723|obs_0000026375|obs_0000008618|obs_0000022498|obs_0000000012|obs_0000000533|obs_0000003725|obs_0000006160|obs_0000013341|obs_0000023186|obs_0000014511|obs_0000025810|obs_0000005867|obs_0000010530|obs_0000015695|obs_0000012202|obs_0000007794|obs_0000031990|obs_0000032628|obs_0000030162|obs_0000006150|obs_0000006664|obs_0000007601|obs_0000005579,obs_0000002723|obs_0000026375|obs_0000008618
Coca-Cola,Coca-Cola,"€ 0,79",,"1 l = 0,79",,Nein,Gültig bis 28.03,2026-03-23,2026-03-28,images_tegut/tegut_offer_006.jpg,"cat_getraenke,sub_tk_fertiggerichte,tag_high_protein,tag_proteinreich,tag_ultra_processed",,ref_000006,obs_0000023586|obs_0000001110|obs_0000024676|obs_0000024165|obs_0000001642|obs_0000023740|obs_0000034042|obs_0000034648|obs_0000033681|obs_0000034234|obs_0000034810|obs_0000005638|obs_0000030302|obs_0000032440|obs_0000005827|obs_0000029418|obs_0000006901|obs_0000006909|obs_0000029979|obs_0000006021|obs_0000032705|obs_0000030680|obs_0000007669|obs_0000032254|obs_0000026646|obs_0000028226|obs_0000004177|obs_0000031900|obs_0000021663|obs_0000026287|obs_0000026323|obs_0000008921|obs_0000017639|obs_0000000810|obs_0000016686|obs_0000009023|obs_0000022338|obs_0000017246|obs_0000020844|obs_0000016754|obs_0000028026|obs_0000027015|obs_0000027037|obs_0000009119|obs_0000019364|obs_0000005031|obs_0000000445|obs_0000018375|obs_0000003042|obs_0000004604,obs_0000005638|obs_0000023586|obs_0000001110|obs_0000030302|obs_0000024676|obs_0000024165|obs_0000001642|obs_0000032440|obs_0000023740|obs_0000005827|obs_0000029418|obs_0000006901|obs_0000034042|obs_0000006909|obs_0000029979|obs_0000034648|obs_0000006021|obs_0000033681|obs_0000034234|obs_0000032705|obs_0000030680|obs_0000007669|obs_0000034810|obs_0000032254,ref_000006,obs_0000023586|obs_0000001110|obs_0000024676|obs_0000024165|obs_0000001642|obs_0000023740|obs_0000034042|obs_0000034648|obs_0000033681|obs_0000034234|obs_0000034810|obs_0000005638|obs_0000030302|obs_0000032440|obs_0000005827|obs_0000029418|obs_0000006901|obs_0000006909|obs_0000029979|obs_0000006021|obs_0000032705|obs_0000030680|obs_0000007669|obs_0000032254|obs_0000026646|obs_0000028226|obs_0000004177|obs_0000031900|obs_0000021663|obs_0000026287|obs_0000026323|obs_0000008921|obs_0000017639|obs_0000000810|obs_0000016686|obs_0000009023|obs_0000022338|obs_0000017246|obs_0000020844|obs_0000016754|obs_0000028026|obs_0000027015|obs_0000027037|obs_0000009119|obs_0000019364|obs_0000005031|obs_0000000445|obs_0000018375|obs_0000003042|obs_0000004604,obs_0000005638|obs_0000023586|obs_0000001110|obs_0000030302|obs_0000024676|obs_0000024165|obs_0000001642|obs_0000032440|obs_0000023740|obs_0000005827|obs_0000029418|obs_0000006901|obs_0000034042|obs_0000006909|obs_0000029979|obs_0000034648|obs_0000006021|obs_0000033681|obs_0000034234|obs_0000032705|obs_0000030680|obs_0000007669|obs_0000034810|obs_0000032254
Kaffee,Käfer,"€ 11,99",,"pro Einheit = 14,99",,Nein,Gültig bis 28.03,2026-03-23,2026-03-28,images_tegut/tegut_offer_007.jpg,"cat_getraenke,diet_gluten_free,diet_lactose_free,diet_vegan,diet_vegetarian",BLS-N410100,ref_000007,obs_0000012856|obs_0000012375|obs_0000011954|obs_0000014593|obs_0000024909|obs_0000013724|obs_0000015279|obs_0000010719|obs_0000022517|obs_0000007172|obs_0000001036|obs_0000011792|obs_0000015886|obs_0000014364|obs_0000031774|obs_0000008737|obs_0000005168|obs_0000012378|obs_0000001674|obs_0000018585|obs_0000011952|obs_0000007356|obs_0000027842|obs_0000005362|obs_0000027412|obs_0000034615|obs_0000027964|obs_0000024390|obs_0000010059|obs_0000000848|obs_0000009608|obs_0000023971|obs_0000033702|obs_0000034731|obs_0000013262|obs_0000011764|obs_0000026632|obs_0000001035|obs_0000001037|obs_0000001038|obs_0000001039|obs_0000029713|obs_0000021523|obs_0000025137|obs_0000025139|obs_0000030782|obs_0000025157|obs_0000011344|obs_0000002651|obs_0000010346,obs_0000012856|obs_0000012375|obs_0000011954|obs_0000014593|obs_0000024909|obs_0000013724|obs_0000015279|obs_0000010719|obs_0000022517,ref_000007,obs_0000012856|obs_0000012375|obs_0000011954|obs_0000014593|obs_0000024909|obs_0000013724|obs_0000015279|obs_0000010719|obs_0000022517|obs_0000007172|obs_0000001036|obs_0000011792|obs_0000015886|obs_0000014364|obs_0000031774|obs_0000008737|obs_0000005168|obs_0000012378|obs_0000001674|obs_0000018585|obs_0000011952|obs_0000007356|obs_0000027842|obs_0000005362|obs_0000027412|obs_0000034615|obs_0000027964|obs_0000024390|obs_0000010059|obs_0000000848|obs_0000009608|obs_0000023971|obs_0000033702|obs_0000034731|obs_0000013262|obs_0000011764|obs_0000026632|obs_0000001035|obs_0000001037|obs_0000001038|obs_0000001039|obs_0000029713|obs_0000021523|obs_0000025137|obs_0000025139|obs_0000030782|obs_0000025157|obs_0000011344|obs_0000002651|obs_0000010346,obs_0000012856|obs_0000012375|obs_0000011954|obs_0000014593|obs_0000024909|obs_0000013724|obs_0000015279|obs_0000010719|obs_0000022517
Mineralwasser,Adelholzener,"€ 5,55",,"1 l = 0,46",,Nein,Gültig bis 28.03,2026-03-23,2026-03-28,images_tegut/tegut_offer_009.jpg,"cat_getraenke,diet_gluten_free,diet_lactose_free,diet_vegan,diet_vegetarian",,ref_000009,obs_0000028841|obs_0000031006|obs_0000027653|obs_0000034851|obs_0000015908|obs_0000031797|obs_0000026205|obs_0000008801|obs_0000003689|obs_0000015481|obs_0000031867|obs_0000012414|obs_0000031871|obs_0000028800|obs_0000034437|obs_0000008841|obs_0000009353|obs_0000027836|obs_0000011969|obs_0000021185|obs_0000027856|obs_0000008437|obs_0000034043|obs_0000034044|obs_0000009985|obs_0000028931|obs_0000035059|obs_0000010519|obs_0000014625|obs_0000028968|obs_0000026948|obs_0000028493|obs_0000008537|obs_0000011123|obs_0000028537|obs_0000028027|obs_0000020366|obs_0000028603|obs_0000034235|obs_0000034238|obs_0000026570|obs_0000013773|obs_0000025562|obs_0000028654|obs_0000014332|obs_0000031249|obs_0000002068|obs_0000024088|obs_0000029232|obs_0000031834,obs_0000027653|obs_0000034851|obs_0000015908|obs_0000031797|obs_0000026205|obs_0000008801|obs_0000003689|obs_0000015481|obs_0000031867|obs_0000012414|obs_0000031871|obs_0000028800|obs_0000034437|obs_0000008841|obs_0000009353|obs_0000028841|obs_0000027836|obs_0000011969|obs_0000021185|obs_0000027856|obs_0000008437|obs_0000034043|obs_0000034044|obs_0000009985|obs_0000028931|obs_0000035059|obs_0000010519|obs_0000031006|obs_0000014625|obs_0000028968|obs_0000026948|obs_0000028493|obs_0000008537|obs_0000011123|obs_0000028537|obs_0000028027|obs_0000020366|obs_0000028603|obs_0000034235|obs_0000034238|obs_0000026570|obs_0000013773|obs_0000025562|obs_0000028654|obs_0000014332,ref_000009,obs_0000028841|obs_0000031006|obs_0000027653|obs_0000034851|obs_0000015908|obs_0000031797|obs_0000026205|obs_0000008801|obs_0000003689|obs_0000015481|obs_0000031867|obs_0000012414|obs_0000031871|obs_0000028800|obs_0000034437|obs_0000008841|obs_0000009353|obs_0000027836|obs_0000011969|obs_0000021185|obs_0000027856|obs_0000008437|obs_0000034043|obs_0000034044|obs_0000009985|obs_0000028931|obs_0000035059|obs_0000010519|obs_0000014625|obs_0000028968|obs_0000026948|obs_0000028493|obs_0000008537|obs_0000011123|obs_0000028537|obs_0000028027|obs_0000020366|obs_0000028603|obs_0000034235|obs_0000034238|obs_0000026570|obs_0000013773|obs_0000025562|obs_0000028654|obs_0000014332|obs_0000031249|obs_0000002068|obs_0000024088|obs_0000029232|obs_0000031834,obs_0000027653|obs_0000034851|obs_0000015908|obs_0000031797|obs_0000026205|obs_0000008801|obs_0000003689|obs_0000015481|obs_0000031867|obs_0000012414|obs_0000031871|obs_0000028800|obs_0000034437|obs_0000008841|obs_0000009353|obs_0000028841|obs_0000027836|obs_0000011969|obs_0000021185|obs_0000027856|obs_0000008437|obs_0000034043|obs_0000034044|obs_0000009985|obs_0000028931|obs_0000035059|obs_0000010519|obs_0000031006|obs_0000014625|obs_0000028968|obs_0000026948|obs_0000028493|obs_0000008537|obs_0000011123|obs_0000028537|obs_0000028027|obs_0000020366|obs_0000028603|obs_0000034235|obs_0000034238|obs_0000026570|obs_0000013773|obs_0000025562|obs_0000028654|obs_0000014332
Gourmet-Frühstück Fruchtaufstrich,Mövenpick,"€ 1,99",,"pro Einheit = 2,79",,Nein,Gültig bis 28.03,2026-03-23,2026-03-28,images_tegut/tegut_offer_010.jpg,"cat_molkerei_kaese,diet_lactose_free,diet_vegan,diet_vegetarian,tag_ultra_processed",,ref_000010,obs_0000009246|obs_0000031313|obs_0000009719|obs_0000014391|obs_0000030000|obs_0000005193|obs_0000011341|obs_0000008800|obs_0000013668|obs_0000016747|obs_0000013209,obs_0000009246|obs_0000031313|obs_0000009719,ref_000010,obs_0000009246|obs_0000031313|obs_0000009719|obs_0000014391|obs_0000030000|obs_0000005193|obs_0000011341|obs_0000008800|obs_0000013668|obs_0000016747|obs_0000013209,obs_0000009246|obs_0000031313|obs_0000009719
Großmutters Küche Eierteigwaren,Tress,"€ 2,49",,"pro Einheit = 3,49",,Nein,Gültig bis 28.03,2026-03-23,2026-03-28,images_tegut/tegut_offer_011.jpg,"cat_grundnahrung,diet_vegetarian,sub_nudeln",,ref_000011,obs_0000034216|obs_0000007986,obs_0000034216|obs_0000035014,ref_000011,obs_0000034216|obs_0000007986,obs_0000034216|obs_0000035014
Jahrgangssekt,Mumm Co,"€ 3,99",,"pro Einheit = 6,49",,Nein,Gültig bis 28.03,2026-03-23,2026-03-28,images_tegut/tegut_offer_012.jpg,cat_getraenke,,ref_000012,obs_0000033701|obs_0000014032|obs_0000015083|obs_0000013259|obs_0000002150|obs_0000016681|obs_0000002875|obs_0000032740,obs_0000033701|obs_0000002150|obs_0000016681|obs_0000015083|obs_0000013259|obs_0000014032|obs_0000002875,ref_000012,obs_0000033701|obs_0000014032|obs_0000015083|obs_0000013259|obs_0000002150|obs_0000016681|obs_0000002875|obs_0000032740,obs_0000033701|obs_0000002150|obs_0000016681|obs_0000015083|obs_0000013259|obs_0000014032|obs_0000002875
Brauhause Helles Lagerbier,Erdinger,"€ 14,99",,"pro Einheit = 20,99",,Nein,Gültig bis 28.03,2026-03-23,2026-03-28,images_tegut/tegut_offer_013.jpg,cat_getraenke,,ref_000013,obs_0000009898|obs_0000008003|obs_0000011592|obs_0000012872|obs_0000014292|obs_0000031829|obs_0000015089|obs_0000013689,,ref_000013,obs_0000009898|obs_0000008003|obs_0000011592|obs_0000012872|obs_0000014292|obs_0000031829|obs_0000015089|obs_0000013689,
Unsere Goldstücke,Coppenrath Wiese,"€ 1,49",,"pro Einheit = 2,29",,Nein,Gültig bis 28.03,2026-03-23,2026-03-28,images_tegut/tegut_offer_014.jpg,"cat_grundnahrung,diet_vegetarian,sub_milchprodukte,tag_ultra_processed",,ref_000014,obs_0000014854|obs_0000010926|obs_0000012682|obs_0000002587|obs_0000003165|obs_0000027445|obs_0000008617|obs_0000031710|obs_0000009952|obs_0000009491|obs_0000001315|obs_0000034096|obs_0000026080|obs_0000007395|obs_0000006502|obs_0000030845|obs_0000030850|obs_0000032387|obs_0000032392|obs_0000031501|obs_0000031507|obs_0000032634|obs_0000005769|obs_0000032644|obs_0000030166|obs_0000030168,obs_0000014854|obs_0000010926|obs_0000012682,ref_000014,obs_0000014854|obs_0000010926|obs_0000012682|obs_0000002587|obs_0000003165|obs_0000027445|obs_0000008617|obs_0000031710|obs_0000009952|obs_0000009491|obs_0000001315|obs_0000034096|obs_0000026080|obs_0000007395|obs_0000006502|obs_0000030845|obs_0000030850|obs_0000032387|obs_0000032392|obs_0000031501|obs_0000031507|obs_0000032634|obs_0000005769|obs_0000032644|obs_0000030166|obs_0000030168,obs_0000014854|obs_0000010926|obs_0000012682
Torten- oder Kuchen-Transportbehälter,Torten- oder Kuchen-Transportbehälter,"€ 8,99",,"pro Einheit = 8,99",,Nein,Gültig bis 28.03,2026-03-23,2026-03-28,images_tegut/tegut_offer_015.jpg,"cat_non_food,tag_ultra_processed",,ref_000015,,,ref_000015,,
Koch-Creme,Weihenstephan,"€ 1,29",,"1 l = 5,16",,Nein,Gültig bis 28.03,2026-03-23,2026-03-28,images_tegut/tegut_offer_016.jpg,"cat_molkerei_kaese,diet_gluten_free,diet_vegetarian,sub_joghurt_skyr_quark,sub_milchprodukte",BLS-H845000,ref_000016,obs_0000034582|obs_0000033360|obs_0000013141,obs_0000034582,ref_000016,obs_0000034582|obs_0000033360|obs_0000013141,obs_0000034582
Thunfisch-Filets,followfood,"€ 2,49",,"pro Einheit = 3,29",,Nein,Gültig bis 28.03,2026-03-23,2026-03-28,images_tegut/tegut_offer_017.jpg,"cat_fisch_meeresfruechte,tag_ultra_processed",BLS-T121132,ref_000017,obs_0000019499|obs_0000024173|obs_0000020625|obs_0000022192|obs_0000023751|obs_0000025801|obs_0000010669|obs_0000022972|obs_0000021444|obs_0000031286|obs_0000002838|obs_0000032675|obs_0000003020|obs_0000034833|obs_0000013927|obs_0000013452|obs_0000015656|obs_0000014147|obs_0000006130|obs_0000005182|obs_0000006827,obs_0000019499|obs_0000024173|obs_0000020625|obs_0000022192|obs_0000023751|obs_0000025801|obs_0000010669|obs_0000022972|obs_0000021444|obs_0000006130,ref_000017,obs_0000019499|obs_0000024173|obs_0000020625|obs_0000022192|obs_0000023751|obs_0000025801|obs_0000010669|obs_0000022972|obs_0000021444|obs_0000031286|obs_0000002838|obs_0000032675|obs_0000003020|obs_0000034833|obs_0000013927|obs_0000013452|obs_0000015656|obs_0000014147|obs_0000006130|obs_0000005182|obs_0000006827,obs_0000019499|obs_0000024173|obs_0000020625|obs_0000022192|obs_0000023751|obs_0000025801|obs_0000010669|obs_0000022972|obs_0000021444|obs_0000006130
Bayreuther Hell,Bayreuther Brauhaus,"€ 14,99",,"1 l = 1,50",,Nein,Gültig bis 28.03,2026-03-23,2026-03-28,images_tegut/tegut_offer_019.jpg,cat_getraenke,,ref_000019,obs_0000028174|obs_0000030242|obs_0000029985|obs_0000006027|obs_0000034226|obs_0000032722|obs_0000009785|obs_0000027350|obs_0000028550|obs_0000008658|obs_0000028667|obs_0000034841|obs_0000006711|obs_0000031386|obs_0000034475|obs_0000005811|obs_0000034487|obs_0000009915|obs_0000011994|obs_0000006377|obs_0000035038|obs_0000010541|obs_0000014654|obs_0000007680,obs_0000028174|obs_0000030242|obs_0000029985|obs_0000006027|obs_0000034226|obs_0000032722,ref_000019,obs_0000028174|obs_0000030242|obs_0000029985|obs_0000006027|obs_0000034226|obs_0000032722|obs_0000009785|obs_0000027350|obs_0000028550|obs_0000008658|obs_0000028667|obs_0000034841|obs_0000006711|obs_0000031386|obs_0000034475|obs_0000005811|obs_0000034487|obs_0000009915|obs_0000011994|obs_0000006377|obs_0000035038|obs_0000010541|obs_0000014654|obs_0000007680,obs_0000028174|obs_0000030242|obs_0000029985|obs_0000006027|obs_0000034226|obs_0000032722
Edelstahl Profi Pfanne,Edelstahl Profi Pfanne,"€ 19,99",,"pro Einheit = 19,99",,Nein,Gültig bis 28.03,2026-03-23,2026-03-28,images_tegut/tegut_offer_020.jpg,"cat_non_food,diet_vegan,tag_ultra_processed",,ref_000020,obs_0000021124|obs_0000026411|obs_0000020305|obs_0000022712|obs_0000022713,,ref_000020,obs_0000021124|obs_0000026411|obs_0000020305|obs_0000022712|obs_0000022713,
Pils,Beck s,"€ 11,99",,"pro Einheit = 11,99",,Nein,Gültig bis 28.03,2026-03-23,2026-03-28,images_tegut/tegut_offer_021.jpg,cat_getraenke,BLS-X890662,ref_000021,obs_0000033823|obs_0000028759|obs_0000024176|obs_0000016578|obs_0000019656|obs_0000023756|obs_0000017247|obs_0000014202|obs_0000026062|obs_0000031740|obs_0000010755|obs_0000013338|obs_0000026170|obs_0000015941|obs_0000012871|obs_0000028275|obs_0000034423|obs_0000012448|obs_0000027329|obs_0000028878|obs_0000035035|obs_0000028408|obs_0000028937|obs_0000008467|obs_0000027944|obs_0000004922|obs_0000028500|obs_0000000370|obs_0000010120|obs_0000004495|obs_0000013819|obs_0000034708|obs_0000010165|obs_0000028614|obs_0000031695|obs_0000003041|obs_0000004068|obs_0000013339|obs_0000011995|obs_0000015090|obs_0000010756|obs_0000013836|obs_0000028695|obs_0000030755|obs_0000013350|obs_0000014397|obs_0000028734|obs_0000015938|obs_0000029763|obs_0000033895,obs_0000010755|obs_0000013338|obs_0000033823|obs_0000026170|obs_0000015941|obs_0000012871|obs_0000028759|obs_0000024176|obs_0000028275|obs_0000034423|obs_0000012448|obs_0000027329|obs_0000016578|obs_0000019656|obs_0000023756|obs_0000028878|obs_0000035035|obs_0000028408|obs_0000028937|obs_0000008467|obs_0000027944|obs_0000004922|obs_0000028500|obs_0000017247|obs_0000000370|obs_0000014202|obs_0000010120|obs_0000004495|obs_0000013819|obs_0000034708|obs_0000010165|obs_0000028614|obs_0000026062|obs_0000031695|obs_0000003041|obs_0000004068|obs_0000031740,ref_000021,obs_0000033823|obs_0000028759|obs_0000024176|obs_0000016578|obs_0000019656|obs_0000023756|obs_0000017247|obs_0000014202|obs_0000026062|obs_0000031740|obs_0000010755|obs_0000013338|obs_0000026170|obs_0000015941|obs_0000012871|obs_0000028275|obs_0000034423|obs_0000012448|obs_0000027329|obs_0000028878|obs_0000035035|obs_0000028408|obs_0000028937|obs_0000008467|obs_0000027944|obs_0000004922|obs_0000028500|obs_0000000370|obs_0000010120|obs_0000004495|obs_0000013819|obs_0000034708|obs_0000010165|obs_0000028614|obs_0000031695|obs_0000003041|obs_0000004068|obs_0000013339|obs_0000011995|obs_0000015090|obs_0000010756|obs_0000013836|obs_0000028695|obs_0000030755|obs_0000013350|obs_0000014397|obs_0000028734|obs_0000015938|obs_0000029763|obs_0000033895,obs_0000010755|obs_0000013338|obs_0000033823|obs_0000026170|obs_0000015941|obs_0000012871|obs_0000028759|obs_0000024176|obs_0000028275|obs_0000034423|obs_0000012448|obs_0000027329|obs_0000016578|obs_0000019656|obs_0000023756|obs_0000028878|obs_0000035035|obs_0000028408|obs_0000028937|obs_0000008467|obs_0000027944|obs_0000004922|obs_0000028500|obs_0000017247|obs_0000000370|obs_0000014202|obs_0000010120|obs_0000004495|obs_0000013819|obs_0000034708|obs_0000010165|obs_0000028614|obs_0000026062|obs_0000031695|obs_0000003041|obs_0000004068|obs_0000031740
Premium Eis-Creme,Häagen-Dazs,"€ 3,99",,"pro Einheit = 6,99",,Nein,Gültig bis 28.03,2026-03-23,2026-03-28,images_tegut/tegut_offer_022.jpg,"cat_tiefkuehl,sub_tk_eis",,ref_000022,obs_0000013034|obs_0000013833|obs_0000014373|obs_0000008369|obs_0000011899|obs_0000018692|obs_0000033360|obs_0000013141|obs_0000013168|obs_0000025743|obs_0000011490|obs_0000025829|obs_0000017710|obs_0000011595|obs_0000013830|obs_0000034392,,ref_000022,obs_0000013034|obs_0000013833|obs_0000014373|obs_0000008369|obs_0000011899|obs_0000018692|obs_0000033360|obs_0000013141|obs_0000013168|obs_0000025743|obs_0000011490|obs_0000025829|obs_0000017710|obs_0000011595|obs_0000013830|obs_0000034392,
K rg rden,Arla,"€ 1,79",,"1 kg = 8,95",,Nein,Gültig bis 28.03,2026-03-23,2026-03-28,images_tegut/tegut_offer_023.jpg,"cat_molkerei_kaese,diet_vegetarian,sub_butter_margarine,sub_milchprodukte,tag_high_protein,tag_ultra_processed",,ref_000023,obs_0000006291|obs_0000034581|obs_0000031426|obs_0000000818|obs_0000002012|obs_0000006789|obs_0000007558,obs_0000006291|obs_0000034581|obs_0000031426,ref_000023,obs_0000006291|obs_0000034581|obs_0000031426|obs_0000000818|obs_0000002012|obs_0000006789|obs_0000007558,obs_0000006291|obs_0000034581|obs_0000031426
Gemüse,Jütro,"€ 2,99",,"1 kg = 2,99",,Nein,Gültig bis 28.03,2026-03-23,2026-03-28,images_tegut/tegut_offer_024.jpg,"cat_tiefkuehl,diet_vegan,diet_vegetarian,sub_frisches_gemuese,sub_tk_gemuese,tag_ultra_processed,tag_whole_food",BLS-X416243,ref_000024,obs_0000033909|obs_0000012813|obs_0000010642|obs_0000014506|obs_0000011055|obs_0000018735|obs_0000015818|obs_0000017491|obs_0000016753|obs_0000014837|obs_0000011900|obs_0000025597|obs_0000018942|obs_0000002949|obs_0000002055|obs_0000028318|obs_0000008614|obs_0000033834|obs_0000018651|obs_0000011491|obs_0000009060|obs_0000021989|obs_0000025833|obs_0000006649|obs_0000012974|obs_0000031028|obs_0000006845|obs_0000030015|obs_0000030660|obs_0000028366|obs_0000029016|obs_0000026348|obs_0000010355|obs_0000017157|obs_0000032396|obs_0000022572|obs_0000019518|obs_0000013002|obs_0000034005|obs_0000014042|obs_0000016359|obs_0000006505|obs_0000005772|obs_0000006157|obs_0000005950|obs_0000006217|obs_0000007038|obs_0000005583|obs_0000026195|obs_0000005211,obs_0000012813|obs_0000010642|obs_0000014506|obs_0000011055|obs_0000018735|obs_0000015818|obs_0000017491|obs_0000016753|obs_0000014837|obs_0000033909|obs_0000011900|obs_0000025597|obs_0000018942,ref_000024,obs_0000033909|obs_0000012813|obs_0000010642|obs_0000014506|obs_0000011055|obs_0000018735|obs_0000015818|obs_0000017491|obs_0000016753|obs_0000014837|obs_0000011900|obs_0000025597|obs_0000018942|obs_0000002949|obs_0000002055|obs_0000028318|obs_0000008614|obs_0000033834|obs_0000018651|obs_0000011491|obs_0000009060|obs_0000021989|obs_0000025833|obs_0000006649|obs_0000012974|obs_0000031028|obs_0000006845|obs_0000030015|obs_0000030660|obs_0000028366|obs_0000029016|obs_0000026348|obs_0000010355|obs_0000017157|obs_0000032396|obs_0000022572|obs_0000019518|obs_0000013002|obs_0000034005|obs_0000014042|obs_0000016359|obs_0000006505|obs_0000005772|obs_0000006157|obs_0000005950|obs_0000006217|obs_0000007038|obs_0000005583|obs_0000026195|obs_0000005211,obs_0000012813|obs_0000010642|obs_0000014506|obs_0000011055|obs_0000018735|obs_0000015818|obs_0000017491|obs_0000016753|obs_0000014837|obs_0000033909|obs_0000011900|obs_0000025597|obs_0000018942
PLUS Eisen,hohes C,"€ 1,79",,"pro Einheit = 2,89",,Nein,Gültig bis 28.03,2026-03-23,2026-03-28,images_tegut/tegut_offer_025.jpg,"cat_getraenke,diet_gluten_free,diet_lactose_free,diet_vegan,diet_vegetarian,tag_whole_food",,ref_000025,obs_0000013344|obs_0000011970|obs_0000014628,,ref_000025,obs_0000013344|obs_0000011970|obs_0000014628,
Backofen Zapfen Kroketten,tegut,"€ 1,79",,"pro Einheit = 2,49",,Nein,Gültig bis 28.03,2026-03-23,2026-03-28,,"cat_grundnahrung,diet_gluten_free,diet_lactose_free,diet_vegan,diet_vegetarian,tag_ultra_processed,tag_whole_food",,ref_000026,obs_0000034891|obs_0000003485|obs_0000000208,,ref_000026,obs_0000034891|obs_0000003485|obs_0000000208,
Bio-Lachs,Krone,"€ 4,44",,"pro Einheit = 5,49",,Nein,Gültig bis 28.03,2026-03-23,2026-03-28,images_tegut/tegut_offer_027.jpg,"cat_fisch_meeresfruechte,diet_lactose_free,diet_vegetarian,tag_high_protein,tag_proteinreich",,ref_000027,obs_0000033739|obs_0000034939|obs_0000030122|obs_0000030170,,ref_000027,obs_0000033739|obs_0000034939|obs_0000030122|obs_0000030170,
Kaffee,Mövenpick,"€ 6,99",,"pro Einheit = 9,99",,Nein,Gültig bis 28.03,2026-03-23,2026-03-28,images_tegut/tegut_offer_028.jpg,"cat_getraenke,diet_gluten_free,diet_lactose_free,diet_vegan,diet_vegetarian,tag_ultra_processed",BLS-N410100,ref_000028,obs_0000012856|obs_0000012375|obs_0000011954|obs_0000014593|obs_0000024909|obs_0000013724|obs_0000015279|obs_0000010719|obs_0000022517|obs_0000026632|obs_0000010346|obs_0000008975|obs_0000007172|obs_0000001036|obs_0000011792|obs_0000015886|obs_0000014364|obs_0000031774|obs_0000008737|obs_0000005168|obs_0000012378|obs_0000001674|obs_0000018585|obs_0000011952|obs_0000007356|obs_0000027842|obs_0000005362|obs_0000027412|obs_0000034615|obs_0000027964|obs_0000024390|obs_0000010059|obs_0000000848|obs_0000009608|obs_0000023971|obs_0000033702|obs_0000034731|obs_0000013262|obs_0000011764|obs_0000001035|obs_0000001037|obs_0000001038|obs_0000001039|obs_0000021523|obs_0000029713|obs_0000025137|obs_0000025139|obs_0000030782|obs_0000025157|obs_0000011344,obs_0000012856|obs_0000012375|obs_0000011954|obs_0000014593|obs_0000024909|obs_0000013724|obs_0000015279|obs_0000010719|obs_0000022517,ref_000028,obs_0000012856|obs_0000012375|obs_0000011954|obs_0000014593|obs_0000024909|obs_0000013724|obs_0000015279|obs_0000010719|obs_0000022517|obs_0000026632|obs_0000010346|obs_0000008975|obs_0000007172|obs_0000001036|obs_0000011792|obs_0000015886|obs_0000014364|obs_0000031774|obs_0000008737|obs_0000005168|obs_0000012378|obs_0000001674|obs_0000018585|obs_0000011952|obs_0000007356|obs_0000027842|obs_0000005362|obs_0000027412|obs_0000034615|obs_0000027964|obs_0000024390|obs_0000010059|obs_0000000848|obs_0000009608|obs_0000023971|obs_0000033702|obs_0000034731|obs_0000013262|obs_0000011764|obs_0000001035|obs_0000001037|obs_0000001038|obs_0000001039|obs_0000021523|obs_0000029713|obs_0000025137|obs_0000025139|obs_0000030782|obs_0000025157|obs_0000011344,obs_0000012856|obs_0000012375|obs_0000011954|obs_0000014593|obs_0000024909|obs_0000013724|obs_0000015279|obs_0000010719|obs_0000022517
Bio-Äpfel,tegut,"€ 1,00",,"1 kg = 2,00",,Nein,Gültig bis 28.03,2026-03-23,2026-03-28,images_tegut/tegut_offer_029.jpg,"cat_obst_gemuese,diet_gluten_free,diet_lactose_free,diet_vegan,diet_vegetarian,sub_frisches_obst,tag_whole_food",BLS-F110100,ref_000029,obs_0000033718|obs_0000027213|obs_0000033931|obs_0000034535|obs_0000034314|obs_0000016710|obs_0000024988|obs_0000016900|obs_0000001075|obs_0000026234|obs_0000018124|obs_0000026677|obs_0000002562|obs_0000027192|obs_0000027442|obs_0000002961|obs_0000003115|obs_0000027723|obs_0000027801|obs_0000027995|obs_0000021770|obs_0000022211,obs_0000033718|obs_0000027213,ref_000029,obs_0000033718|obs_0000027213|obs_0000033931|obs_0000034535|obs_0000034314|obs_0000016710|obs_0000024988|obs_0000016900|obs_0000001075|obs_0000026234|obs_0000018124|obs_0000026677|obs_0000002562|obs_0000027192|obs_0000027442|obs_0000002961|obs_0000003115|obs_0000027723|obs_0000027801|obs_0000027995|obs_0000021770|obs_0000022211,obs_0000033718|obs_0000027213
Frischkäse oder -zubereitung,Exquisa,"€ 0,99",,"1 kg = 4,95",,Nein,Gültig bis 28.03,2026-03-23,2026-03-28,images_tegut/tegut_offer_030.jpg,"cat_molkerei_kaese,diet_vegetarian,sub_kaese,sub_milchprodukte,tag_ultra_processed",,ref_000030,obs_0000005141|obs_0000005535|obs_0000006114|obs_0000006445|obs_0000007150|obs_0000007331|obs_0000028125|obs_0000005716|obs_0000006799|obs_0000025259|obs_0000018043|obs_0000026675|obs_0000019721|obs_0000020143|obs_0000020962|obs_0000012663|obs_0000014954|obs_0000024882|obs_0000000519|obs_0000016946|obs_0000017482|obs_0000017513|obs_0000009596|obs_0000017894|obs_0000010048|obs_0000018636|obs_0000018668|obs_0000002951|obs_0000019362|obs_0000027893|obs_0000003481|obs_0000028302|obs_0000022149|obs_0000022250|obs_0000022312|obs_0000022604|obs_0000023986|obs_0000024407,obs_0000011478|obs_0000005535,ref_000030,obs_0000005141|obs_0000005535|obs_0000006114|obs_0000006445|obs_0000007150|obs_0000007331|obs_0000028125|obs_0000005716|obs_0000006799|obs_0000025259|obs_0000018043|obs_0000026675|obs_0000019721|obs_0000020143|obs_0000020962|obs_0000012663|obs_0000014954|obs_0000024882|obs_0000000519|obs_0000016946|obs_0000017482|obs_0000017513|obs_0000009596|obs_0000017894|obs_0000010048|obs_0000018636|obs_0000018668|obs_0000002951|obs_0000019362|obs_0000027893|obs_0000003481|obs_0000028302|obs_0000022149|obs_0000022250|obs_0000022312|obs_0000022604|obs_0000023986|obs_0000024407,obs_0000011478|obs_0000005535
Pilsener oder 0 0,Holsten,"€ 20,00",,"1 l = 1,00",,Nein,Gültig bis 28.03,2026-03-23,2026-03-28,images_tegut/tegut_offer_031.jpg,cat_getraenke,BLS-P163110,ref_000031,obs_0000008415|obs_0000014656|obs_0000034637|obs_0000031557|obs_0000029887|obs_0000032304|obs_0000030721|obs_0000034836|obs_0000034842|obs_0000035108|obs_0000035044|obs_0000035045|obs_0000028988|obs_0000031083|obs_0000015085|obs_0000029423|obs_0000015503|obs_0000015507|obs_0000034091|obs_0000011769|obs_0000013820|obs_0000015939|obs_0000015940|obs_0000014011|obs_0000007889|obs_0000011998|obs_0000028405|obs_0000028547|obs_0000026503|obs_0000028664|obs_0000034429|obs_0000031615|obs_0000030250,,ref_000031,obs_0000008415|obs_0000014656|obs_0000034637|obs_0000031557|obs_0000029887|obs_0000032304|obs_0000030721|obs_0000034836|obs_0000034842|obs_0000035108|obs_0000035044|obs_0000035045|obs_0000028988|obs_0000031083|obs_0000015085|obs_0000029423|obs_0000015503|obs_0000015507|obs_0000034091|obs_0000011769|obs_0000013820|obs_0000015939|obs_0000015940|obs_0000014011|obs_0000007889|obs_0000011998|obs_0000028405|obs_0000028547|obs_0000026503|obs_0000028664|obs_0000034429|obs_0000031615|obs_0000030250,
Der große Bauer Joghurt,Bauer,"€ 0,44",,"pro Einheit = 0,99",,Nein,Gültig bis 28.03,2026-03-23,2026-03-28,images_tegut/tegut_offer_032.jpg,"cat_molkerei_kaese,diet_vegetarian,sub_joghurt_skyr_quark,sub_milchprodukte",,ref_000032,obs_0000002725|obs_0000000067|obs_0000018584|obs_0000025296|obs_0000017376|obs_0000014832|obs_0000011774|obs_0000032366|obs_0000032201|obs_0000006972|obs_0000007543|obs_0000030119|obs_0000021506|obs_0000021508|obs_0000025171|obs_0000026710|obs_0000020687|obs_0000020689|obs_0000025811|obs_0000017127|obs_0000023284|obs_0000034580|obs_0000028966|obs_0000025392|obs_0000015673|obs_0000019794|obs_0000033696|obs_0000009663|obs_0000009180|obs_0000023030|obs_0000008703,obs_0000018584|obs_0000025296|obs_0000017376|obs_0000014832|obs_0000011774,ref_000032,obs_0000002725|obs_0000000067|obs_0000018584|obs_0000025296|obs_0000017376|obs_0000014832|obs_0000011774|obs_0000032366|obs_0000032201|obs_0000006972|obs_0000007543|obs_0000030119|obs_0000021506|obs_0000021508|obs_0000025171|obs_0000026710|obs_0000020687|obs_0000020689|obs_0000025811|obs_0000017127|obs_0000023284|obs_0000034580|obs_0000028966|obs_0000025392|obs_0000015673|obs_0000019794|obs_0000033696|obs_0000009663|obs_0000009180|obs_0000023030|obs_0000008703,obs_0000018584|obs_0000025296|obs_0000017376|obs_0000014832|obs_0000011774
Bio-Hähnchenbrustfilet,Bio-Hähnchenbrustfilet,"€ 2,79",,"pro Einheit = 2,79",,Nein,Gültig bis 28.03,2026-03-23,2026-03-28,images_tegut/tegut_offer_034.jpg,"cat_fleisch_wurst,diet_gluten_free,diet_lactose_free,sub_gefluegel,tag_high_protein,tag_proteinreich,tag_whole_food",NUTR-0002,ref_000034,obs_0000001034|obs_0000034108|obs_0000001543|obs_0000034510|obs_0000028783|obs_0000026273|obs_0000002542|obs_0000010961|obs_0000027673|obs_0000005613,obs_0000033680|obs_0000001034|obs_0000034108|obs_0000001543|obs_0000026273|obs_0000034510|obs_0000010592|obs_0000002542|obs_0000010961|obs_0000027673|obs_0000028783|obs_0000005613,ref_000034,obs_0000001034|obs_0000034108|obs_0000001543|obs_0000034510|obs_0000028783|obs_0000026273|obs_0000002542|obs_0000010961|obs_0000027673|obs_0000005613,obs_0000033680|obs_0000001034|obs_0000034108|obs_0000001543|obs_0000026273|obs_0000034510|obs_0000010592|obs_0000002542|obs_0000010961|obs_0000027673|obs_0000028783|obs_0000005613
Bio-Zucchini,demeter,"€ 3,99",,"pro Einheit = 3,99",,Nein,Gültig bis 28.03,2026-03-23,2026-03-28,images_tegut/tegut_offer_035.jpg,"cat_obst_gemuese,diet_gluten_free,diet_lactose_free,diet_vegan,diet_vegetarian,sub_frisches_gemuese,tag_whole_food",,ref_000035,obs_0000031457|obs_0000005522|obs_0000013900|obs_0000018752|obs_0000021829|obs_0000007131|obs_0000016265,obs_0000031457,ref_000035,obs_0000031457|obs_0000005522|obs_0000013900|obs_0000018752|obs_0000021829|obs_0000007131|obs_0000016265,obs_0000031457
Speisekartoffeln,Speisekartoffeln,"€ 2,99",,"1 kg = 0,75",,Nein,Gültig bis 28.03,2026-03-23,2026-03-28,images_tegut/tegut_offer_036.jpg,"cat_obst_gemuese,diet_gluten_free,diet_lactose_free,diet_vegan,diet_vegetarian,sub_frisches_gemuese,sub_kartoffeln,tag_ultra_processed,tag_whole_food",BLS-X612152,ref_000036,obs_0000034088|obs_0000017026|obs_0000003716|obs_0000000006|obs_0000034312|obs_0000030615|obs_0000026668|obs_0000030140|obs_0000016324|obs_0000009672|obs_0000027986|obs_0000033875|obs_0000031321|obs_0000008539|obs_0000009188|obs_0000028399|obs_0000030837|obs_0000027510|obs_0000034910|obs_0000022916|obs_0000003856|obs_0000024465|obs_0000005884|obs_0000006957|obs_0000011822|obs_0000029486|obs_0000025777|obs_0000028596|obs_0000004283|obs_0000019772|obs_0000028486|obs_0000032330|obs_0000012236|obs_0000008275|obs_0000010963|obs_0000015314|obs_0000014425|obs_0000004710|obs_0000000233|obs_0000015337|obs_0000010226|obs_0000014326|obs_0000018806|obs_0000005505|obs_0000011394|obs_0000015239|obs_0000026885|obs_0000005136|obs_0000013599|obs_0000027190,obs_0000017026|obs_0000003716|obs_0000000006|obs_0000034312|obs_0000030615|obs_0000034088|obs_0000026668|obs_0000030140|obs_0000016324|obs_0000009672|obs_0000027986|obs_0000033875|obs_0000031321|obs_0000008539|obs_0000009188|obs_0000028399|obs_0000030837|obs_0000027510|obs_0000034910,ref_000036,obs_0000034088|obs_0000017026|obs_0000003716|obs_0000000006|obs_0000034312|obs_0000030615|obs_0000026668|obs_0000030140|obs_0000016324|obs_0000009672|obs_0000027986|obs_0000033875|obs_0000031321|obs_0000008539|obs_0000009188|obs_0000028399|obs_0000030837|obs_0000027510|obs_0000034910|obs_0000022916|obs_0000003856|obs_0000024465|obs_0000005884|obs_0000006957|obs_0000011822|obs_0000029486|obs_0000025777|obs_0000028596|obs_0000004283|obs_0000019772|obs_0000028486|obs_0000032330|obs_0000012236|obs_0000008275|obs_0000010963|obs_0000015314|obs_0000014425|obs_0000004710|obs_0000000233|obs_0000015337|obs_0000010226|obs_0000014326|obs_0000018806|obs_0000005505|obs_0000011394|obs_0000015239|obs_0000026885|obs_0000005136|obs_0000013599|obs_0000027190,obs_0000017026|obs_0000003716|obs_0000000006|obs_0000034312|obs_0000030615|obs_0000034088|obs_0000026668|obs_0000030140|obs_0000016324|obs_0000009672|obs_0000027986|obs_0000033875|obs_0000031321|obs_0000008539|obs_0000009188|obs_0000028399|obs_0000030837|obs_0000027510|obs_0000034910
Bio-Gurke,tegut,"€ 0,79",,"pro Einheit = 0,79",,Nein,Gültig bis 28.03,2026-03-23,2026-03-28,images_tegut/tegut_offer_037.jpg,"cat_obst_gemuese,diet_gluten_free,diet_lactose_free,diet_vegan,diet_vegetarian,sub_frisches_gemuese,tag_whole_food",BLS-G520100,ref_000037,obs_0000008543|obs_0000027655|obs_0000012714|obs_0000014430|obs_0000001511|obs_0000026127|obs_0000034521|obs_0000027093|obs_0000002563|obs_0000003696,obs_0000008543|obs_0000027655,ref_000037,obs_0000008543|obs_0000027655|obs_0000012714|obs_0000014430|obs_0000001511|obs_0000026127|obs_0000034521|obs_0000027093|obs_0000002563|obs_0000003696,obs_0000008543|obs_0000027655
Wilder Brokkoli Bimi,Wilder Brokkoli Bimi,"€ 2,99",,"1 kg = 14,95",,Nein,Gültig bis 28.03,2026-03-23,2026-03-28,images_tegut/tegut_offer_038.jpg,"cat_obst_gemuese,diet_gluten_free,diet_lactose_free,diet_vegan,diet_vegetarian,sub_frisches_gemuese,tag_whole_food",,ref_000038,obs_0000034313|obs_0000021903|obs_0000019774|obs_0000027199|obs_0000001515|obs_0000000502,obs_0000034313,ref_000038,obs_0000034313|obs_0000021903|obs_0000019774|obs_0000027199|obs_0000001515|obs_0000000502,obs_0000034313
tegut Bio-Baby Spinat,demeter,"€ 1,99",,"1 kg = 19,90",,Nein,Gültig bis 28.03,2026-03-23,2026-03-28,images_tegut/tegut_offer_039.jpg,"cat_obst_gemuese,diet_gluten_free,diet_lactose_free,diet_vegan,diet_vegetarian,sub_frisches_gemuese,tag_whole_food",,ref_000039,obs_0000033927|obs_0000034914|obs_0000034522|obs_0000030134|obs_0000031624|obs_0000025711|obs_0000026393|obs_0000018515|obs_0000020605|obs_0000021424|obs_0000022077|obs_0000022918,obs_0000033927|obs_0000034914,ref_000039,obs_0000033927|obs_0000034914|obs_0000034522|obs_0000030134|obs_0000031624|obs_0000025711|obs_0000026393|obs_0000018515|obs_0000020605|obs_0000021424|obs_0000022077|obs_0000022918,obs_0000033927|obs_0000034914
Cocktail-Strauchtomaten,Cocktail-Strauchtomaten,"€ 2,49",,"1 kg = 7,11",,Nein,Gültig bis 28.03,2026-03-23,2026-03-28,images_tegut/tegut_offer_040.jpg,"cat_obst_gemuese,diet_gluten_free,diet_lactose_free,diet_vegan,diet_vegetarian,sub_frisches_gemuese,tag_whole_food",,ref_000040,obs_0000012424,,ref_000040,obs_0000012424,
Bio-Möhren,Bioland,"€ 1,79",,"1 kg = 1,79",,Nein,Gültig bis 28.03,2026-03-23,2026-03-28,images_tegut/tegut_offer_041.jpg,"cat_obst_gemuese,diet_gluten_free,diet_lactose_free,diet_vegan,diet_vegetarian,sub_frisches_gemuese,tag_whole_food",,ref_000041,obs_0000034080|obs_0000008292|obs_0000009629|obs_0000018161|obs_0000026455|obs_0000027368|obs_0000027505|obs_0000019350|obs_0000022493|obs_0000020200|obs_0000021019|obs_0000030143|obs_0000022915|obs_0000023690|obs_0000008450|obs_0000008865|obs_0000025364|obs_0000017480|obs_0000026344|obs_0000026853|obs_0000010486|obs_0000027745|obs_0000028058|obs_0000005706|obs_0000006072|obs_0000006415|obs_0000005314,obs_0000008292|obs_0000034080|obs_0000009629|obs_0000018161|obs_0000026455|obs_0000027368|obs_0000027505|obs_0000019350|obs_0000022493,ref_000041,obs_0000034080|obs_0000008292|obs_0000009629|obs_0000018161|obs_0000026455|obs_0000027368|obs_0000027505|obs_0000019350|obs_0000022493|obs_0000020200|obs_0000021019|obs_0000030143|obs_0000022915|obs_0000023690|obs_0000008450|obs_0000008865|obs_0000025364|obs_0000017480|obs_0000026344|obs_0000026853|obs_0000010486|obs_0000027745|obs_0000028058|obs_0000005706|obs_0000006072|obs_0000006415|obs_0000005314,obs_0000008292|obs_0000034080|obs_0000009629|obs_0000018161|obs_0000026455|obs_0000027368|obs_0000027505|obs_0000019350|obs_0000022493
Weintrauben hell kernlos,Weintrauben hell kernlos,"€ 1,99",,"1 kg = 3,98",,Nein,Gültig bis 28.03,2026-03-23,2026-03-28,images_tegut/tegut_offer_042.jpg,"cat_obst_gemuese,diet_gluten_free,diet_lactose_free,diet_vegan,diet_vegetarian,sub_frisches_obst,tag_whole_food",,ref_000042,obs_0000034320|obs_0000033929|obs_0000001071|obs_0000034916|obs_0000034123|obs_0000000879|obs_0000034742|obs_0000034841|obs_0000009785|obs_0000031386|obs_0000034475|obs_0000034487|obs_0000009915|obs_0000027350|obs_0000011994|obs_0000006377|obs_0000035038|obs_0000010541|obs_0000014654|obs_0000028550|obs_0000008658|obs_0000028667,obs_0000034320|obs_0000001071|obs_0000033929|obs_0000000879,ref_000042,obs_0000034320|obs_0000033929|obs_0000001071|obs_0000034916|obs_0000034123|obs_0000000879|obs_0000034742|obs_0000034841|obs_0000009785|obs_0000031386|obs_0000034475|obs_0000034487|obs_0000009915|obs_0000027350|obs_0000011994|obs_0000006377|obs_0000035038|obs_0000010541|obs_0000014654|obs_0000028550|obs_0000008658|obs_0000028667,obs_0000034320|obs_0000001071|obs_0000033929|obs_0000000879
Erdbeeren,Erdbeeren,"€ 2,49",,"1 kg = 4,98",,Nein,Gültig bis 28.03,2026-03-23,2026-03-28,images_tegut/tegut_offer_043.jpg,"cat_obst_gemuese,diet_gluten_free,diet_lactose_free,diet_vegan,diet_vegetarian,sub_frisches_obst,tag_whole_food",BLS-F301100,ref_000043,obs_0000022919|obs_0000024529|obs_0000000875|obs_0000006408|obs_0000030617|obs_0000027419|obs_0000031261|obs_0000029494|obs_0000030915|obs_0000031576|obs_0000030564|obs_0000031462|obs_0000006265|obs_0000032512|obs_0000033793|obs_0000012233|obs_0000013901|obs_0000034400|obs_0000030989|obs_0000005687|obs_0000006083|obs_0000006092|obs_0000015717|obs_0000013414|obs_0000013418|obs_0000011389|obs_0000030428,obs_0000022919|obs_0000006408|obs_0000030617|obs_0000027419|obs_0000031261|obs_0000029494|obs_0000030915|obs_0000024529|obs_0000031576|obs_0000030564|obs_0000031462|obs_0000000875|obs_0000006265|obs_0000032512,ref_000043,obs_0000022919|obs_0000024529|obs_0000000875|obs_0000006408|obs_0000030617|obs_0000027419|obs_0000031261|obs_0000029494|obs_0000030915|obs_0000031576|obs_0000030564|obs_0000031462|obs_0000006265|obs_0000032512|obs_0000033793|obs_0000012233|obs_0000013901|obs_0000034400|obs_0000030989|obs_0000005687|obs_0000006083|obs_0000006092|obs_0000015717|obs_0000013414|obs_0000013418|obs_0000011389|obs_0000030428,obs_0000022919|obs_0000006408|obs_0000030617|obs_0000027419|obs_0000031261|obs_0000029494|obs_0000030915|obs_0000024529|obs_0000031576|obs_0000030564|obs_0000031462|obs_0000000875|obs_0000006265|obs_0000032512
Hortensien,Hortensien,"€ 9,99",,"pro Einheit = 9,99",,Nein,Gültig bis 28.03,2026-03-23,2026-03-28,images_tegut/tegut_offer_044.jpg,cat_non_food,,ref_000044,,,ref_000044,,
Mini-Wassermelone,Mini-Wassermelone,"€ 1,99",,"pro Einheit = 1,99",,Nein,Gültig bis 28.03,2026-03-23,2026-03-28,images_tegut/tegut_offer_045.jpg,"cat_obst_gemuese,diet_gluten_free,diet_lactose_free,diet_vegan,diet_vegetarian,sub_frisches_obst,tag_whole_food",BLS-F535100,ref_000045,obs_0000006962|obs_0000006426|obs_0000012328|obs_0000006379|obs_0000031381|obs_0000010932|obs_0000017530|obs_0000026024|obs_0000018128|obs_0000016216,obs_0000006962,ref_000045,obs_0000006962|obs_0000006426|obs_0000012328|obs_0000006379|obs_0000031381|obs_0000010932|obs_0000017530|obs_0000026024|obs_0000018128|obs_0000016216,obs_0000006962
Passionsfrucht,tegut,"€ 0,99",,"pro Einheit = 0,99",,Nein,Gültig bis 28.03,2026-03-23,2026-03-28,images_tegut/tegut_offer_046.jpg,"cat_grundnahrung,diet_vegan,diet_vegetarian,tag_ultra_processed",BLS-F508100,ref_000046,obs_0000003114|obs_0000013976|obs_0000008964|obs_0000027420|obs_0000028512|obs_0000030613|obs_0000033714|obs_0000028626|obs_0000013440|obs_0000011388|obs_0000006963|obs_0000006968,obs_0000003114|obs_0000013976|obs_0000008964|obs_0000027420|obs_0000028512|obs_0000030613|obs_0000033714|obs_0000028626,ref_000046,obs_0000003114|obs_0000013976|obs_0000008964|obs_0000027420|obs_0000028512|obs_0000030613|obs_0000033714|obs_0000028626|obs_0000013440|obs_0000011388|obs_0000006963|obs_0000006968,obs_0000003114|obs_0000013976|obs_0000008964|obs_0000027420|obs_0000028512|obs_0000030613|obs_0000033714|obs_0000028626
Bio-Orangen,tegut,"€ 2,99",,"pro Einheit = 2,99",,Nein,Gültig bis 28.03,2026-03-23,2026-03-28,,"cat_obst_gemuese,diet_gluten_free,diet_lactose_free,diet_vegan,diet_vegetarian,sub_frisches_obst,tag_whole_food",BLS-F603100,ref_000047,obs_0000033716|obs_0000034915|obs_0000034534|obs_0000029591|obs_0000029943|obs_0000030120|obs_0000031152|obs_0000034119|obs_0000001687|obs_0000005873|obs_0000031952|obs_0000007526|obs_0000016457|obs_0000024992|obs_0000008755|obs_0000017005|obs_0000008977|obs_0000009316|obs_0000025768|obs_0000009787|obs_0000010164|obs_0000034743|obs_0000026554|obs_0000019119|obs_0000027355|obs_0000027858|obs_0000028048|obs_0000028056|obs_0000011816|obs_0000012745|obs_0000029131|obs_0000029277|obs_0000029592|obs_0000029823|obs_0000021906|obs_0000013904|obs_0000030565|obs_0000014361|obs_0000030827|obs_0000031118|obs_0000014880|obs_0000031473|obs_0000032059|obs_0000032323|obs_0000024463,obs_0000033716|obs_0000034534|obs_0000034915|obs_0000029591|obs_0000029943|obs_0000030120|obs_0000031152,ref_000047,obs_0000033716|obs_0000034915|obs_0000034534|obs_0000029591|obs_0000029943|obs_0000030120|obs_0000031152|obs_0000034119|obs_0000001687|obs_0000005873|obs_0000031952|obs_0000007526|obs_0000016457|obs_0000024992|obs_0000008755|obs_0000017005|obs_0000008977|obs_0000009316|obs_0000025768|obs_0000009787|obs_0000010164|obs_0000034743|obs_0000026554|obs_0000019119|obs_0000027355|obs_0000027858|obs_0000028048|obs_0000028056|obs_0000011816|obs_0000012745|obs_0000029131|obs_0000029277|obs_0000029592|obs_0000029823|obs_0000021906|obs_0000013904|obs_0000030565|obs_0000014361|obs_0000030827|obs_0000031118|obs_0000014880|obs_0000031473|obs_0000032059|obs_0000032323|obs_0000024463,obs_0000033716|obs_0000034534|obs_0000034915|obs_0000029591|obs_0000029943|obs_0000030120|obs_0000031152
Bio-Rindertafelspitz,Bio-Rindertafelspitz,"€ 2,99",,"pro Einheit = 3,49",,Nein,Gültig bis 28.03,2026-03-23,2026-03-28,images_tegut/tegut_offer_049.jpg,"cat_obst_gemuese,diet_gluten_free,diet_lactose_free,diet_vegan,diet_vegetarian,sub_rind,tag_proteinreich,tag_whole_food",,ref_000049,obs_0000034328|obs_0000014344,obs_0000034328,ref_000049,obs_0000034328|obs_0000014344,obs_0000034328
grobe Bio-Bratwurst,tegut,"€ 4,99",,"pro Einheit = 6,99",,Nein,Gültig bis 28.03,2026-03-23,2026-03-28,,"cat_fleisch_wurst,diet_gluten_free,diet_vegan,diet_vegetarian,sub_wurst,tag_whole_food",,ref_000050,obs_0000033720|obs_0000030970|obs_0000008620|obs_0000000643|obs_0000009254|obs_0000034127|obs_0000034326|obs_0000034548|obs_0000034927|obs_0000034931|obs_0000002715|obs_0000002948|obs_0000020342|obs_0000021161|obs_0000029908|obs_0000021756|obs_0000013672|obs_0000030575|obs_0000014245|obs_0000031237|obs_0000031320|obs_0000015339|obs_0000016533|obs_0000024944|obs_0000010602|obs_0000019662|obs_0000019942|obs_0000028609|obs_0000023367|obs_0000015773|obs_0000026247|obs_0000006539|obs_0000006701|obs_0000007634,obs_0000033720,ref_000050,obs_0000033720|obs_0000030970|obs_0000008620|obs_0000000643|obs_0000009254|obs_0000034127|obs_0000034326|obs_0000034548|obs_0000034927|obs_0000034931|obs_0000002715|obs_0000002948|obs_0000020342|obs_0000021161|obs_0000029908|obs_0000021756|obs_0000013672|obs_0000030575|obs_0000014245|obs_0000031237|obs_0000031320|obs_0000015339|obs_0000016533|obs_0000024944|obs_0000010602|obs_0000019662|obs_0000019942|obs_0000028609|obs_0000023367|obs_0000015773|obs_0000026247|obs_0000006539|obs_0000006701|obs_0000007634,obs_0000033720
Schweinegeschnetzeltes,Schweinegeschnetzeltes,"€ 0,79",,"pro Einheit = 0,79",,Nein,Gültig bis 28.03,2026-03-23,2026-03-28,images_tegut/tegut_offer_051.jpg,"cat_fleisch_wurst,diet_lactose_free,sub_schwein,tag_high_protein,tag_proteinreich,tag_whole_food",BLS-Y144512,ref_000051,obs_0000034756|obs_0000034543|obs_0000033946|obs_0000027179|obs_0000030798|obs_0000008419,obs_0000034756|obs_0000027179|obs_0000034543|obs_0000033946,ref_000051,obs_0000034756|obs_0000034543|obs_0000033946|obs_0000027179|obs_0000030798|obs_0000008419,obs_0000034756|obs_0000027179|obs_0000034543|obs_0000033946
Bio-Entrec te,tegut,"€ 4,49",,"pro Einheit = 5,49",,Nein,Gültig bis 28.03,2026-03-23,2026-03-28,images_tegut/tegut_offer_052.jpg,"cat_grundnahrung,diet_gluten_free,diet_lactose_free,diet_vegan,diet_vegetarian,sub_frisches_gemuese,sub_rind,tag_proteinreich,tag_whole_food",,ref_000052,obs_0000034547|obs_0000030463|obs_0000031116|obs_0000015347|obs_0000015746|obs_0000009255|obs_0000010604|obs_0000028464|obs_0000012292|obs_0000014472,,ref_000052,obs_0000034547|obs_0000030463|obs_0000031116|obs_0000015347|obs_0000015746|obs_0000009255|obs_0000010604|obs_0000028464|obs_0000012292|obs_0000014472,
Kasseler Lachs,tegut LandPrimus,"€ 1,29",,"pro Einheit = 1,99",,Nein,Gültig bis 28.03,2026-03-23,2026-03-28,images_tegut/tegut_offer_053.jpg,"cat_fleisch_wurst,sub_schwein",,ref_000053,obs_0000029220|obs_0000029280|obs_0000034922|obs_0000014471|obs_0000030953|obs_0000009451|obs_0000014061|obs_0000008445|obs_0000007070|obs_0000012266|obs_0000029169|obs_0000034321|obs_0000011417|obs_0000030882|obs_0000028859|obs_0000034939|obs_0000033739,obs_0000034321|obs_0000029220|obs_0000029280|obs_0000034922|obs_0000014471|obs_0000030953|obs_0000009451|obs_0000014061|obs_0000008445|obs_0000007070|obs_0000012266|obs_0000029169,ref_000053,obs_0000029220|obs_0000029280|obs_0000034922|obs_0000014471|obs_0000030953|obs_0000009451|obs_0000014061|obs_0000008445|obs_0000007070|obs_0000012266|obs_0000029169|obs_0000034321|obs_0000011417|obs_0000030882|obs_0000028859|obs_0000034939|obs_0000033739,obs_0000034321|obs_0000029220|obs_0000029280|obs_0000034922|obs_0000014471|obs_0000030953|obs_0000009451|obs_0000014061|obs_0000008445|obs_0000007070|obs_0000012266|obs_0000029169
LandPrimus Schweinenacken,tegut,"€ 0,99",,"pro Einheit = 0,99",,Nein,Gültig bis 28.03,2026-03-23,2026-03-28,,"cat_fleisch_wurst,diet_gluten_free,sub_schwein,tag_ultra_processed,tag_whole_food",,ref_000054,obs_0000021524|obs_0000030431|obs_0000020705|obs_0000034537|obs_0000008472|obs_0000025537,,ref_000054,obs_0000021524|obs_0000030431|obs_0000020705|obs_0000034537|obs_0000008472|obs_0000025537,
Spießbraten,Spießbraten,"€ 0,99",,"pro Einheit = 0,99",,Nein,Gültig bis 28.03,2026-03-23,2026-03-28,images_tegut/tegut_offer_055.jpg,"cat_fleisch_wurst,diet_vegan,diet_vegetarian,sub_schwein,tag_whole_food",BLS-Y710142,ref_000055,obs_0000008706|obs_0000006883|obs_0000030588|obs_0000011839|obs_0000029824|obs_0000003298|obs_0000004424|obs_0000004851|obs_0000003997|obs_0000002271,obs_0000008706|obs_0000006883|obs_0000030588|obs_0000011839|obs_0000029824,ref_000055,obs_0000008706|obs_0000006883|obs_0000030588|obs_0000011839|obs_0000029824|obs_0000003298|obs_0000004424|obs_0000004851|obs_0000003997|obs_0000002271,obs_0000008706|obs_0000006883|obs_0000030588|obs_0000011839|obs_0000029824
Schweinenackensteak,LandPrimus,"€ 0,99",,"pro Einheit = 0,99",,Nein,Gültig bis 28.03,2026-03-23,2026-03-28,images_tegut/tegut_offer_056.jpg,"cat_fleisch_wurst,sub_schwein",,ref_000056,obs_0000030101|obs_0000014925|obs_0000010603|obs_0000012780|obs_0000009486|obs_0000009946|obs_0000008540,obs_0000030101,ref_000056,obs_0000030101|obs_0000014925|obs_0000010603|obs_0000012780|obs_0000009486|obs_0000009946|obs_0000008540,obs_0000030101
Rinderhüftsteak,Rinderhüftsteak,"€ 2,49",,"pro Einheit = 3,99",,Nein,Gültig bis 28.03,2026-03-23,2026-03-28,images_tegut/tegut_offer_057.jpg,"cat_fleisch_wurst,sub_rind",,ref_000057,obs_0000009470|obs_0000034322|obs_0000034749,obs_0000009470,ref_000057,obs_0000009470|obs_0000034322|obs_0000034749,obs_0000009470
Bio-Hähnchenpfanne Ingwer Lemon,Bio-Hähnchenpfanne Ingwer Lemon,"€ 2,99",,"pro Einheit = 3,99",,Nein,Gültig bis 28.03,2026-03-23,2026-03-28,images_tegut/tegut_offer_058.jpg,"cat_fleisch_wurst,diet_gluten_free,diet_lactose_free,diet_vegan,sub_gefluegel,tag_proteinreich",,ref_000058,obs_0000034135|obs_0000018532|obs_0000027116|obs_0000019159|obs_0000029134|obs_0000030103|obs_0000026334|obs_0000028059|obs_0000007992,obs_0000034135,ref_000058,obs_0000034135|obs_0000018532|obs_0000027116|obs_0000019159|obs_0000029134|obs_0000030103|obs_0000026334|obs_0000028059|obs_0000007992,obs_0000034135
Spanferkel Rollbraten,Beck,"€ 1,29",,"pro Einheit = 1,49",,Nein,Gültig bis 28.03,2026-03-23,2026-03-28,images_tegut/tegut_offer_059.jpg,"cat_fleisch_wurst,diet_vegetarian,sub_schwein,tag_whole_food",,ref_000059,obs_0000026258|obs_0000027704|obs_0000030274,obs_0000026258|obs_0000027704|obs_0000030274,ref_000059,obs_0000026258|obs_0000027704|obs_0000030274,obs_0000026258|obs_0000027704|obs_0000030274
Kalbsrücken,Kalbsrücken,"€ 3,99",,"pro Einheit = 3,99",,Nein,Gültig bis 28.03,2026-03-23,2026-03-28,images_tegut/tegut_offer_060.jpg,"cat_fleisch_wurst,diet_gluten_free,diet_lactose_free,sub_rind,tag_high_protein,tag_proteinreich,tag_whole_food",BLS-U421100,ref_000060,obs_0000033727,obs_0000033727,ref_000060,obs_0000033727,obs_0000033727
Bio-Putenschnitzel,Bio-Putenschnitzel,"€ 2,99",,"pro Einheit = 2,99",,Nein,Gültig bis 28.03,2026-03-23,2026-03-28,images_tegut/tegut_offer_061.jpg,"cat_fleisch_wurst,sub_gefluegel,sub_schwein",,ref_000061,obs_0000034306|obs_0000034923|obs_0000031477|obs_0000002861|obs_0000003581|obs_0000028342|obs_0000028583|obs_0000028706|obs_0000030789|obs_0000032524,obs_0000034306|obs_0000034923|obs_0000031477,ref_000061,obs_0000034306|obs_0000034923|obs_0000031477|obs_0000002861|obs_0000003581|obs_0000028342|obs_0000028583|obs_0000028706|obs_0000030789|obs_0000032524,obs_0000034306|obs_0000034923|obs_0000031477
Makrele heißgeräuchert,Makrele heißgeräuchert,"€ 1,49",,"pro Einheit = 1,49",,Nein,Gültig bis 28.03,2026-03-23,2026-03-28,images_tegut/tegut_offer_062.jpg,cat_fisch_meeresfruechte,BLS-T107600,ref_000062,obs_0000033738|obs_0000034556|obs_0000011024,obs_0000033738|obs_0000034556,ref_000062,obs_0000033738|obs_0000034556|obs_0000011024,obs_0000033738|obs_0000034556
Bio-Kimchi,Completeorganics,"€ 3,99",,"1 kg = 16,63",,Nein,Gültig bis 28.03,2026-03-23,2026-03-28,images_tegut/tegut_offer_063.jpg,"cat_obst_gemuese,diet_lactose_free,diet_vegan,diet_vegetarian",,ref_000063,obs_0000034502|obs_0000003649|obs_0000034137|obs_0000009105|obs_0000010670,obs_0000034502|obs_0000003649,ref_000063,obs_0000034502|obs_0000003649|obs_0000034137|obs_0000009105|obs_0000010670,obs_0000034502|obs_0000003649
Smoothie,true fruits,"€ 3,49",,"1 l = 4,65",,Nein,Gültig bis 28.03,2026-03-23,2026-03-28,images_tegut/tegut_offer_064.jpg,"cat_getraenke,tag_ultra_processed",BLS-F034600,ref_000064,obs_0000014395|obs_0000010948|obs_0000013892|obs_0000001630|obs_0000034549|obs_0000012410|obs_0000003462|obs_0000024721|obs_0000002067|obs_0000005025|obs_0000000440|obs_0000009020|obs_0000004171|obs_0000017881|obs_0000004598|obs_0000022009|obs_0000001191|obs_0000024751|obs_0000005275|obs_0000029851|obs_0000031158|obs_0000007096|obs_0000007874|obs_0000028870|obs_0000032617|obs_0000006904|obs_0000012945|obs_0000030870|obs_0000010957|obs_0000029526|obs_0000031958|obs_0000006373|obs_0000006023|obs_0000005464|obs_0000010818,obs_0000003462|obs_0000002829|obs_0000024721|obs_0000002067|obs_0000005025|obs_0000000440|obs_0000014395|obs_0000009020|obs_0000010948|obs_0000013892|obs_0000004171|obs_0000017881|obs_0000001630|obs_0000034549|obs_0000004598|obs_0000022009|obs_0000012410,ref_000064,obs_0000014395|obs_0000010948|obs_0000013892|obs_0000001630|obs_0000034549|obs_0000012410|obs_0000003462|obs_0000024721|obs_0000002067|obs_0000005025|obs_0000000440|obs_0000009020|obs_0000004171|obs_0000017881|obs_0000004598|obs_0000022009|obs_0000001191|obs_0000024751|obs_0000005275|obs_0000029851|obs_0000031158|obs_0000007096|obs_0000007874|obs_0000028870|obs_0000032617|obs_0000006904|obs_0000012945|obs_0000030870|obs_0000010957|obs_0000029526|obs_0000031958|obs_0000006373|obs_0000006023|obs_0000005464|obs_0000010818,obs_0000003462|obs_0000002829|obs_0000024721|obs_0000002067|obs_0000005025|obs_0000000440|obs_0000014395|obs_0000009020|obs_0000010948|obs_0000013892|obs_0000004171|obs_0000017881|obs_0000001630|obs_0000034549|obs_0000004598|obs_0000022009|obs_0000012410
Bismarckhering-Brötchen,Bismarckhering-Brötchen,"€ 2,50",,"pro Einheit = 2,50",,Nein,Gültig bis 28.03,2026-03-23,2026-03-28,images_tegut/tegut_offer_065.jpg,"cat_grundnahrung,diet_vegetarian,tag_ultra_processed",,ref_000065,obs_0000034550|obs_0000009634|obs_0000033737,obs_0000034550,ref_000065,obs_0000034550|obs_0000009634|obs_0000033737,obs_0000034550
Bio-Wolfsbarsch,Bio-Wolfsbarsch,"€ 2,99",,"pro Einheit = 3,99",,Nein,Gültig bis 28.03,2026-03-23,2026-03-28,images_tegut/tegut_offer_066.jpg,"cat_fisch_meeresfruechte,diet_lactose_free",,ref_000066,obs_0000034335|obs_0000020565|obs_0000021384|obs_0000022104|obs_0000006513,obs_0000034335,ref_000066,obs_0000034335|obs_0000020565|obs_0000021384|obs_0000022104|obs_0000006513,obs_0000034335
Daily Salatschale,tegut,"€ 2,99",,"pro Einheit = 3,49",,Nein,Gültig bis 28.03,2026-03-23,2026-03-28,images_tegut/tegut_offer_067.jpg,"cat_obst_gemuese,diet_vegan,diet_vegetarian,sub_frisches_gemuese,sub_salate,tag_whole_food",,ref_000067,obs_0000034338|obs_0000034551|obs_0000034140,obs_0000034338,ref_000067,obs_0000034338|obs_0000034551|obs_0000034140,obs_0000034338
Forelle,Meine Lieblinge,"€ 1,99",,"1 kg = 26,53",,Nein,Gültig bis 28.03,2026-03-23,2026-03-28,images_tegut/tegut_offer_068.jpg,"cat_fisch_meeresfruechte,diet_lactose_free,tag_high_protein,tag_proteinreich",BLS-T422100,ref_000068,obs_0000034141|obs_0000020898|obs_0000007046|obs_0000020079|obs_0000007610|obs_0000009595|obs_0000025693|obs_0000010047,obs_0000020898|obs_0000007046|obs_0000020079|obs_0000034141|obs_0000007610|obs_0000009595|obs_0000025693|obs_0000010047,ref_000068,obs_0000034141|obs_0000020898|obs_0000007046|obs_0000020079|obs_0000007610|obs_0000009595|obs_0000025693|obs_0000010047,obs_0000020898|obs_0000007046|obs_0000020079|obs_0000034141|obs_0000007610|obs_0000009595|obs_0000025693|obs_0000010047
Fleischkäse Brötchen Leberkäse Semmel,Fleischkäse Brötchen Leberkäse Semmel,"€ 2,00",,"pro Einheit = 2,00",,Nein,Gültig bis 28.03,2026-03-23,2026-03-28,images_tegut/tegut_offer_069.jpg,"cat_fleisch_wurst,sub_kaese,sub_milchprodukte,sub_schwein,sub_wurst,tag_ultra_processed",,ref_000069,obs_0000034341|obs_0000033949|obs_0000034554|obs_0000034142|obs_0000033734|obs_0000034760|obs_0000034938|obs_0000026147|obs_0000007220|obs_0000027967|obs_0000027097|obs_0000008701,obs_0000034341|obs_0000034938|obs_0000033949|obs_0000034554|obs_0000034142|obs_0000033734|obs_0000034760,ref_000069,obs_0000034341|obs_0000033949|obs_0000034554|obs_0000034142|obs_0000033734|obs_0000034760|obs_0000034938|obs_0000026147|obs_0000007220|obs_0000027967|obs_0000027097|obs_0000008701,obs_0000034341|obs_0000034938|obs_0000033949|obs_0000034554|obs_0000034142|obs_0000033734|obs_0000034760
Dunkler Donut,Dunkler Donut,"€ 0,99",,"pro Einheit = 1,29",,Nein,Gültig bis 28.03,2026-03-23,2026-03-28,images_tegut/tegut_offer_070.jpg,"cat_knabbern_naschen,tag_ultra_processed",,ref_000070,obs_0000034482|obs_0000034951|obs_0000005308|obs_0000006257,obs_0000034951|obs_0000034482,ref_000070,obs_0000034482|obs_0000034951|obs_0000005308|obs_0000006257,obs_0000034951|obs_0000034482
Bio-Dinkelbrötchen,Herzberger,"€ 1,99",,"1 kg = 8,84",,Nein,Gültig bis 28.03,2026-03-23,2026-03-28,images_tegut/tegut_offer_071.jpg,"cat_grundnahrung,diet_vegetarian",,ref_000071,obs_0000034087,obs_0000034087,ref_000071,obs_0000034087,obs_0000034087
Brioche Buns,Jaus,"€ 1,49",,"pro Einheit = 1,99",,Nein,Gültig bis 28.03,2026-03-23,2026-03-28,images_tegut/tegut_offer_072.jpg,"cat_grundnahrung,diet_vegetarian",,ref_000072,obs_0000028691|obs_0000028571|obs_0000000981|obs_0000034265|obs_0000004643|obs_0000005070|obs_0000000977|obs_0000000477|obs_0000003808|obs_0000003319|obs_0000004216,,ref_000072,obs_0000028691|obs_0000028571|obs_0000000981|obs_0000034265|obs_0000004643|obs_0000005070|obs_0000000977|obs_0000000477|obs_0000003808|obs_0000003319|obs_0000004216,
kleine Rührkuchen,Dr Oetker,"€ 1,99",,"1 kg = 14,21",,Nein,Gültig bis 28.03,2026-03-23,2026-03-28,images_tegut/tegut_offer_073.jpg,"cat_tiefkuehl,sub_tk_pizza,tag_ultra_processed",,ref_000073,obs_0000034945|obs_0000033959|obs_0000034557,obs_0000034945|obs_0000033959|obs_0000008918|obs_0000011087,ref_000073,obs_0000034945|obs_0000033959|obs_0000034557,obs_0000034945|obs_0000033959|obs_0000008918|obs_0000011087
Dinkelharmonie Sandwich,Golden Toast,"€ 2,22",,"1 kg = 2,96",,Nein,Gültig bis 28.03,2026-03-23,2026-03-28,images_tegut/tegut_offer_074.jpg,"cat_grundnahrung,diet_lactose_free,diet_vegan,diet_vegetarian,tag_ultra_processed",,ref_000074,obs_0000033747|obs_0000017155|obs_0000016389|obs_0000031017|obs_0000014517|obs_0000012342,obs_0000033747,ref_000074,obs_0000033747|obs_0000017155|obs_0000016389|obs_0000031017|obs_0000014517|obs_0000012342,obs_0000033747
Herzberger Bio-Haferbrot,Naturland,"€ 3,33",,"1 kg = 8,33",,Nein,Gültig bis 28.03,2026-03-23,2026-03-28,images_tegut/tegut_offer_075.jpg,"cat_grundnahrung,diet_lactose_free,diet_vegan,diet_vegetarian,tag_whole_food",,ref_000075,obs_0000034560|obs_0000008043,,ref_000075,obs_0000034560|obs_0000008043,
Weizenbrötchen,Weizenbrötchen,"€ 1,50",,"1 kg = 2,31",,Nein,Gültig bis 28.03,2026-03-23,2026-03-28,images_tegut/tegut_offer_076.jpg,"cat_grundnahrung,diet_vegetarian,tag_ultra_processed",BLS-B511000,ref_000076,obs_0000034146|obs_0000033956|obs_0000034350|obs_0000034771|obs_0000033748|obs_0000034558|obs_0000019915|obs_0000006062|obs_0000006063|obs_0000034943|obs_0000027409|obs_0000028000|obs_0000031710|obs_0000014552|obs_0000002587|obs_0000003165|obs_0000032634,obs_0000034146|obs_0000033956|obs_0000019915|obs_0000006062|obs_0000006063|obs_0000034350|obs_0000034771|obs_0000033748|obs_0000034943|obs_0000034558,ref_000076,obs_0000034146|obs_0000033956|obs_0000034350|obs_0000034771|obs_0000033748|obs_0000034558|obs_0000019915|obs_0000006062|obs_0000006063|obs_0000034943|obs_0000027409|obs_0000028000|obs_0000031710|obs_0000014552|obs_0000002587|obs_0000003165|obs_0000032634,obs_0000034146|obs_0000033956|obs_0000019915|obs_0000006062|obs_0000006063|obs_0000034350|obs_0000034771|obs_0000033748|obs_0000034943|obs_0000034558
Italienische Salami,Italienische Salami,"€ 2,99",,"pro Einheit = 2,99",,Nein,Gültig bis 28.03,2026-03-23,2026-03-28,images_tegut/tegut_offer_077.jpg,"cat_fleisch_wurst,sub_tk_gemuese,sub_wurst,tag_ultra_processed",BLS-W149100,ref_000077,obs_0000002611|obs_0000010316|obs_0000014932|obs_0000019030|obs_0000028273|obs_0000005781|obs_0000023205|obs_0000003239|obs_0000019666|obs_0000016602|obs_0000008425|obs_0000021226|obs_0000003307|obs_0000002285|obs_0000011010|obs_0000025355|obs_0000026898|obs_0000017184|obs_0000007987|obs_0000025934|obs_0000008039|obs_0000016755|obs_0000034176|obs_0000002957|obs_0000020407|obs_0000016328|obs_0000017375|obs_0000031198|obs_0000010234,,ref_000077,obs_0000002611|obs_0000010316|obs_0000014932|obs_0000019030|obs_0000028273|obs_0000005781|obs_0000023205|obs_0000003239|obs_0000019666|obs_0000016602|obs_0000008425|obs_0000021226|obs_0000003307|obs_0000002285|obs_0000011010|obs_0000025355|obs_0000026898|obs_0000017184|obs_0000007987|obs_0000025934|obs_0000008039|obs_0000016755|obs_0000034176|obs_0000002957|obs_0000020407|obs_0000016328|obs_0000017375|obs_0000031198|obs_0000010234,
Bio-Kalbsleberwurst,Bio-Kalbsleberwurst,"€ 1,99",,"pro Einheit = 1,99",,Nein,Gültig bis 28.03,2026-03-23,2026-03-28,images_tegut/tegut_offer_078.jpg,"cat_fleisch_wurst,sub_rind,sub_wurst,tag_ultra_processed",,ref_000078,obs_0000033754|obs_0000034565|obs_0000009489|obs_0000009950|obs_0000011016|obs_0000014478,obs_0000033754|obs_0000034565,ref_000078,obs_0000033754|obs_0000034565|obs_0000009489|obs_0000009950|obs_0000011016|obs_0000014478,obs_0000033754|obs_0000034565
Bio-Bresaola,Bio-Bresaola,"€ 3,99",,"pro Einheit = 5,99",,Nein,Gültig bis 28.03,2026-03-23,2026-03-28,images_tegut/tegut_offer_079.jpg,"cat_obst_gemuese,diet_gluten_free,diet_lactose_free,diet_vegan,diet_vegetarian,tag_ultra_processed,tag_whole_food",,ref_000079,,,ref_000079,,
Kartoffelwurst,LandPrimus,"€ 1,99",,"pro Einheit = 2,49",,Nein,Gültig bis 28.03,2026-03-23,2026-03-28,images_tegut/tegut_offer_080.jpg,"cat_fleisch_wurst,diet_lactose_free,diet_vegan,diet_vegetarian,sub_kartoffeln,sub_wurst,tag_ultra_processed",BLS-W380300,ref_000080,obs_0000033751,obs_0000033751,ref_000080,obs_0000033751,obs_0000033751
Holzofenfleischkäse,Holzofenfleischkäse,"€ 0,99",,"pro Einheit = 1,99",,Nein,Gültig bis 28.03,2026-03-23,2026-03-28,images_tegut/tegut_offer_081.jpg,"cat_molkerei_kaese,sub_kaese,sub_milchprodukte,sub_wurst,tag_ultra_processed",,ref_000081,,,ref_000081,,
Bienenhonigschinken,Bienenhonigschinken,"€ 2,49",,"pro Einheit = 2,79",,Nein,Gültig bis 28.03,2026-03-23,2026-03-28,images_tegut/tegut_offer_082.jpg,"cat_fleisch_wurst,sub_schwein,sub_wurst,tag_ultra_processed",,ref_000082,,,ref_000082,,
Bayonne-Schinken,Bayonne-Schinken,"€ 2,49",,"pro Einheit = 2,99",,Nein,Gültig bis 28.03,2026-03-23,2026-03-28,images_tegut/tegut_offer_083.jpg,"cat_fleisch_wurst,sub_schwein,sub_wurst,tag_ultra_processed",,ref_000083,obs_0000034378|obs_0000028387|obs_0000016624|obs_0000017657,,ref_000083,obs_0000034378|obs_0000028387|obs_0000016624|obs_0000017657,
Nusstorte,Rambol,"€ 1,99",,"pro Einheit = 2,79",,Nein,Gültig bis 28.03,2026-03-23,2026-03-28,images_tegut/tegut_offer_084.jpg,"cat_knabbern_naschen,diet_vegetarian,tag_ultra_processed",BLS-D300400,ref_000084,,,ref_000084,,
Original,Leerdammer,"€ 0,99",,"pro Einheit = 0,99",,Nein,Gültig bis 28.03,2026-03-23,2026-03-28,images_tegut/tegut_offer_085.jpg,"cat_molkerei_kaese,sub_kaese,sub_milchprodukte,tag_ultra_processed",,ref_000085,obs_0000006283|obs_0000008777|obs_0000033975|obs_0000034575|obs_0000028516|obs_0000028630|obs_0000028730|obs_0000020611|obs_0000012423|obs_0000026772|obs_0000026832|obs_0000028896|obs_0000035052|obs_0000027005|obs_0000027048|obs_0000021000|obs_0000021117|obs_0000008906|obs_0000015051|obs_0000021430|obs_0000025547|obs_0000033763|obs_0000017384|obs_0000013325|obs_0000019505|obs_0000031800|obs_0000025705|obs_0000009334|obs_0000015502|obs_0000027791|obs_0000021758|obs_0000009525|obs_0000021868|obs_0000017799|obs_0000026035|obs_0000022184|obs_0000020181|obs_0000034561|obs_0000009987|obs_0000028429|obs_0000016167|obs_0000020298|obs_0000010117|obs_0000014249|obs_0000018547|obs_0000002394|obs_0000016774|obs_0000017161|obs_0000003478|obs_0000022055,obs_0000028730|obs_0000018547|obs_0000020611|obs_0000012423|obs_0000006283|obs_0000026772|obs_0000026832|obs_0000028896|obs_0000035052|obs_0000002394|obs_0000027005|obs_0000027048|obs_0000021000|obs_0000008777|obs_0000021117|obs_0000008906|obs_0000015051|obs_0000021430|obs_0000025547|obs_0000033763|obs_0000017384|obs_0000013325|obs_0000019505|obs_0000031800|obs_0000025705|obs_0000009334|obs_0000015502|obs_0000027791|obs_0000033975|obs_0000021758|obs_0000021868|obs_0000017799|obs_0000003478|obs_0000026035|obs_0000022055|obs_0000022184|obs_0000020181|obs_0000034561|obs_0000028429|obs_0000034575|obs_0000016167|obs_0000020298|obs_0000028516|obs_0000010117|obs_0000014249|obs_0000028630,ref_000085,obs_0000006283|obs_0000008777|obs_0000033975|obs_0000034575|obs_0000028516|obs_0000028630|obs_0000028730|obs_0000020611|obs_0000012423|obs_0000026772|obs_0000026832|obs_0000028896|obs_0000035052|obs_0000027005|obs_0000027048|obs_0000021000|obs_0000021117|obs_0000008906|obs_0000015051|obs_0000021430|obs_0000025547|obs_0000033763|obs_0000017384|obs_0000013325|obs_0000019505|obs_0000031800|obs_0000025705|obs_0000009334|obs_0000015502|obs_0000027791|obs_0000021758|obs_0000009525|obs_0000021868|obs_0000017799|obs_0000026035|obs_0000022184|obs_0000020181|obs_0000034561|obs_0000009987|obs_0000028429|obs_0000016167|obs_0000020298|obs_0000010117|obs_0000014249|obs_0000018547|obs_0000002394|obs_0000016774|obs_0000017161|obs_0000003478|obs_0000022055,obs_0000028730|obs_0000018547|obs_0000020611|obs_0000012423|obs_0000006283|obs_0000026772|obs_0000026832|obs_0000028896|obs_0000035052|obs_0000002394|obs_0000027005|obs_0000027048|obs_0000021000|obs_0000008777|obs_0000021117|obs_0000008906|obs_0000015051|obs_0000021430|obs_0000025547|obs_0000033763|obs_0000017384|obs_0000013325|obs_0000019505|obs_0000031800|obs_0000025705|obs_0000009334|obs_0000015502|obs_0000027791|obs_0000033975|obs_0000021758|obs_0000021868|obs_0000017799|obs_0000003478|obs_0000026035|obs_0000022055|obs_0000022184|obs_0000020181|obs_0000034561|obs_0000028429|obs_0000034575|obs_0000016167|obs_0000020298|obs_0000028516|obs_0000010117|obs_0000014249|obs_0000028630
St Andr,St Andr,"€ 1,99",,"pro Einheit = 1,99",,Nein,Gültig bis 28.03,2026-03-23,2026-03-28,images_tegut/tegut_offer_086.jpg,"cat_non_food,diet_vegetarian",,ref_000086,obs_0000006460,,ref_000086,obs_0000006460,
Scharfer Grieche,Scharfer Grieche,"€ 1,49",,"pro Einheit = 1,49",,Nein,Gültig bis 28.03,2026-03-23,2026-03-28,images_tegut/tegut_offer_087.jpg,"cat_getraenke,diet_vegetarian",BLS-C136000,ref_000087,obs_0000033762|obs_0000034361,obs_0000033762|obs_0000034361,ref_000087,obs_0000033762|obs_0000034361,obs_0000033762|obs_0000034361
Bio-Friesisch Blue,Backensholzer Hof,"€ 2,49",,"pro Einheit = 3,49",,Nein,Gültig bis 28.03,2026-03-23,2026-03-28,,cat_non_food,,ref_000089,,,ref_000089,,
Bio-Quark,Alnatura,"€ 1,79",,"pro Einheit = 1,99",,Nein,Gültig bis 28.03,2026-03-23,2026-03-28,,"cat_grundnahrung,diet_gluten_free,diet_lactose_free,diet_vegan,diet_vegetarian,tag_whole_food",BLS-G520100,ref_000090,obs_0000006447|obs_0000008669|obs_0000034366|obs_0000001925|obs_0000010624|obs_0000027712|obs_0000012798|obs_0000007766,obs_0000006447,ref_000090,obs_0000006447|obs_0000008669|obs_0000034366|obs_0000001925|obs_0000010624|obs_0000027712|obs_0000012798|obs_0000007766,obs_0000006447
Schmand,tegut,"€ 0,99",,"pro Einheit = 1,19",,Nein,Gültig bis 28.03,2026-03-23,2026-03-28,images_tegut/tegut_offer_091.jpg,"cat_molkerei_kaese,diet_gluten_free,diet_vegetarian,sub_milchprodukte,sub_sahne_creme",,ref_000091,obs_0000034373|obs_0000031866|obs_0000003203|obs_0000014489|obs_0000001733|obs_0000009974|obs_0000011034|obs_0000004910|obs_0000001870|obs_0000002418|obs_0000004483|obs_0000004056|obs_0000034793|obs_0000010416|obs_0000031453|obs_0000005914|obs_0000029482|obs_0000001902|obs_0000001486|obs_0000011031|obs_0000012648|obs_0000013207|obs_0000007769|obs_0000006448|obs_0000006451|obs_0000005540,obs_0000034373|obs_0000031866|obs_0000003203|obs_0000014489|obs_0000001733|obs_0000009974|obs_0000011034|obs_0000004910|obs_0000001870|obs_0000002418|obs_0000004483|obs_0000004056|obs_0000034793,ref_000091,obs_0000034373|obs_0000031866|obs_0000003203|obs_0000014489|obs_0000001733|obs_0000009974|obs_0000011034|obs_0000004910|obs_0000001870|obs_0000002418|obs_0000004483|obs_0000004056|obs_0000034793|obs_0000010416|obs_0000031453|obs_0000005914|obs_0000029482|obs_0000001902|obs_0000001486|obs_0000011031|obs_0000012648|obs_0000013207|obs_0000007769|obs_0000006448|obs_0000006451|obs_0000005540,obs_0000034373|obs_0000031866|obs_0000003203|obs_0000014489|obs_0000001733|obs_0000009974|obs_0000011034|obs_0000004910|obs_0000001870|obs_0000002418|obs_0000004483|obs_0000004056|obs_0000034793
Pfirsich oder Original,Yakult,"€ 2,99",,"pro Einheit = 3,69",,Nein,Gültig bis 28.03,2026-03-23,2026-03-28,images_tegut/tegut_offer_093.jpg,"cat_getraenke,tag_ultra_processed",,ref_000093,obs_0000034364|obs_0000033763|obs_0000028896|obs_0000012223|obs_0000030390|obs_0000008777|obs_0000008906|obs_0000025547|obs_0000017384|obs_0000025705|obs_0000009334|obs_0000033975|obs_0000009525|obs_0000017799|obs_0000026035|obs_0000034561|obs_0000009987|obs_0000034575|obs_0000010117|obs_0000026772|obs_0000026832|obs_0000035052|obs_0000027005|obs_0000027048|obs_0000019505|obs_0000027791|obs_0000020181|obs_0000028429|obs_0000020298|obs_0000028516|obs_0000028630|obs_0000028730|obs_0000020611|obs_0000012423|obs_0000021000|obs_0000021117|obs_0000021430|obs_0000013325|obs_0000021758|obs_0000021868|obs_0000022184|obs_0000014249|obs_0000006283|obs_0000015051|obs_0000031800|obs_0000015502|obs_0000016167,obs_0000034364,ref_000093,obs_0000034364|obs_0000033763|obs_0000028896|obs_0000012223|obs_0000030390|obs_0000008777|obs_0000008906|obs_0000025547|obs_0000017384|obs_0000025705|obs_0000009334|obs_0000033975|obs_0000009525|obs_0000017799|obs_0000026035|obs_0000034561|obs_0000009987|obs_0000034575|obs_0000010117|obs_0000026772|obs_0000026832|obs_0000035052|obs_0000027005|obs_0000027048|obs_0000019505|obs_0000027791|obs_0000020181|obs_0000028429|obs_0000020298|obs_0000028516|obs_0000028630|obs_0000028730|obs_0000020611|obs_0000012423|obs_0000021000|obs_0000021117|obs_0000021430|obs_0000013325|obs_0000021758|obs_0000021868|obs_0000022184|obs_0000014249|obs_0000006283|obs_0000015051|obs_0000031800|obs_0000015502|obs_0000016167,obs_0000034364
Zaziki,Apostels,"€ 0,99",,"pro Einheit = 1,39",,Nein,Gültig bis 28.03,2026-03-23,2026-03-28,images_tegut/tegut_offer_094.jpg,"cat_non_food,tag_ultra_processed",,ref_000094,obs_0000027685|obs_0000033765|obs_0000034792|obs_0000034577|obs_0000025978|obs_0000020587|obs_0000019789|obs_0000023022|obs_0000025390|obs_0000021406|obs_0000030657|obs_0000028102,obs_0000027685|obs_0000033765|obs_0000034792|obs_0000020587|obs_0000019789|obs_0000023022|obs_0000025390|obs_0000034577|obs_0000025978|obs_0000021406,ref_000094,obs_0000027685|obs_0000033765|obs_0000034792|obs_0000034577|obs_0000025978|obs_0000020587|obs_0000019789|obs_0000023022|obs_0000025390|obs_0000021406|obs_0000030657|obs_0000028102,obs_0000027685|obs_0000033765|obs_0000034792|obs_0000020587|obs_0000019789|obs_0000023022|obs_0000025390|obs_0000034577|obs_0000025978|obs_0000021406
Grilled Chicken Gyros oder Döner,Like,"€ 2,79",,"pro Einheit = 3,29",,Nein,Gültig bis 28.03,2026-03-23,2026-03-28,images_tegut/tegut_offer_095.jpg,"cat_fleisch_wurst,diet_lactose_free,sub_gefluegel,tag_proteinreich,tag_ultra_processed",,ref_000095,obs_0000034972|obs_0000023578|obs_0000000648|obs_0000001454,,ref_000095,obs_0000034972|obs_0000023578|obs_0000000648|obs_0000001454,
Monte Maxi oder Mega,Zott,"€ 1,49",,"1 kg = 3,73",,Nein,Gültig bis 28.03,2026-03-23,2026-03-28,images_tegut/tegut_offer_096.jpg,"cat_molkerei_kaese,sub_milchprodukte,sub_sahne_creme,tag_ultra_processed",,ref_000096,obs_0000030592|obs_0000024893|obs_0000000813|obs_0000025457|obs_0000001179|obs_0000034166|obs_0000002823|obs_0000020202|obs_0000021021|obs_0000022981|obs_0000023781|obs_0000024207|obs_0000009385|obs_0000009846|obs_0000001955|obs_0000011038|obs_0000019311|obs_0000012680,,ref_000096,obs_0000030592|obs_0000024893|obs_0000000813|obs_0000025457|obs_0000001179|obs_0000034166|obs_0000002823|obs_0000020202|obs_0000021021|obs_0000022981|obs_0000023781|obs_0000024207|obs_0000009385|obs_0000009846|obs_0000001955|obs_0000011038|obs_0000019311|obs_0000012680,
High Protein Pudding,Ehrmann,"€ 0,99",,"pro Einheit = 1,49",,Nein,Gültig bis 28.03,2026-03-23,2026-03-28,images_tegut/tegut_offer_097.jpg,"cat_molkerei_kaese,diet_vegetarian,sub_milchprodukte,sub_sahne_creme,tag_high_protein,tag_proteinreich,tag_ultra_processed",NUTR-0004,ref_000097,obs_0000035103|obs_0000008628|obs_0000019929|obs_0000026368|obs_0000016341|obs_0000002507|obs_0000023009|obs_0000021162|obs_0000025263|obs_0000003363|obs_0000003645|obs_0000001774|obs_0000020343|obs_0000018363|obs_0000022482|obs_0000008308|obs_0000026981|obs_0000009165|obs_0000023642|obs_0000023739|obs_0000024162|obs_0000031441|obs_0000024687|obs_0000034967|obs_0000031129|obs_0000033796|obs_0000001633|obs_0000014285|obs_0000026630|obs_0000000087|obs_0000004185|obs_0000014520|obs_0000010528|obs_0000000451|obs_0000004612|obs_0000014941|obs_0000010929|obs_0000031519|obs_0000005039|obs_0000003214|obs_0000013706|obs_0000011877|obs_0000028284|obs_0000011908|obs_0000013245|obs_0000011464|obs_0000022574|obs_0000005163|obs_0000016394|obs_0000020493,obs_0000035103|obs_0000008628|obs_0000002507|obs_0000023009|obs_0000021162|obs_0000025263|obs_0000003363|obs_0000019929|obs_0000003645|obs_0000001774|obs_0000026368|obs_0000020343|obs_0000018363|obs_0000022482|obs_0000016341,ref_000097,obs_0000035103|obs_0000008628|obs_0000019929|obs_0000026368|obs_0000016341|obs_0000002507|obs_0000023009|obs_0000021162|obs_0000025263|obs_0000003363|obs_0000003645|obs_0000001774|obs_0000020343|obs_0000018363|obs_0000022482|obs_0000008308|obs_0000026981|obs_0000009165|obs_0000023642|obs_0000023739|obs_0000024162|obs_0000031441|obs_0000024687|obs_0000034967|obs_0000031129|obs_0000033796|obs_0000001633|obs_0000014285|obs_0000026630|obs_0000000087|obs_0000004185|obs_0000014520|obs_0000010528|obs_0000000451|obs_0000004612|obs_0000014941|obs_0000010929|obs_0000031519|obs_0000005039|obs_0000003214|obs_0000013706|obs_0000011877|obs_0000028284|obs_0000011908|obs_0000013245|obs_0000011464|obs_0000022574|obs_0000005163|obs_0000016394|obs_0000020493,obs_0000035103|obs_0000008628|obs_0000002507|obs_0000023009|obs_0000021162|obs_0000025263|obs_0000003363|obs_0000019929|obs_0000003645|obs_0000001774|obs_0000026368|obs_0000020343|obs_0000018363|obs_0000022482|obs_0000016341
Alnatura Bio-Joghurt 8,Bioland,"€ 2,22",,"1 kg = 4,44",,Nein,Gültig bis 28.03,2026-03-23,2026-03-28,,"cat_molkerei_kaese,diet_gluten_free,diet_lactose_free,diet_vegan,diet_vegetarian,sub_joghurt_skyr_quark,sub_milchprodukte,tag_whole_food",,ref_000098,obs_0000016386|obs_0000000488|obs_0000000671|obs_0000002441|obs_0000003781|obs_0000004230|obs_0000004657|obs_0000005084|obs_0000000620|obs_0000000677|obs_0000033990|obs_0000034596|obs_0000001980|obs_0000034796|obs_0000027750|obs_0000031692|obs_0000008703|obs_0000025171|obs_0000017127|obs_0000025392|obs_0000033696|obs_0000009180|obs_0000025811|obs_0000009663|obs_0000034580|obs_0000026710|obs_0000019794|obs_0000020687|obs_0000020689|obs_0000028966|obs_0000021506|obs_0000021508|obs_0000023030|obs_0000023284|obs_0000015673,,ref_000098,obs_0000016386|obs_0000000488|obs_0000000671|obs_0000002441|obs_0000003781|obs_0000004230|obs_0000004657|obs_0000005084|obs_0000000620|obs_0000000677|obs_0000033990|obs_0000034596|obs_0000001980|obs_0000034796|obs_0000027750|obs_0000031692|obs_0000008703|obs_0000025171|obs_0000017127|obs_0000025392|obs_0000033696|obs_0000009180|obs_0000025811|obs_0000009663|obs_0000034580|obs_0000026710|obs_0000019794|obs_0000020687|obs_0000020689|obs_0000028966|obs_0000021506|obs_0000021508|obs_0000023030|obs_0000023284|obs_0000015673,
Reine Rapsmargarine,Goldina,"€ 1,79",,"pro Einheit = 2,29",,Nein,Gültig bis 28.03,2026-03-23,2026-03-28,images_tegut/tegut_offer_099.jpg,"cat_grundnahrung,diet_gluten_free,diet_lactose_free,diet_vegan,diet_vegetarian",,ref_000099,,,ref_000099,,
Bio-Lupinen-Fleischalternative,alberts,"€ 2,99",,"pro Einheit = 3,79",,Nein,Gültig bis 28.03,2026-03-23,2026-03-28,images_tegut/tegut_offer_100.jpg,"cat_fleisch_wurst,diet_lactose_free,diet_vegan,diet_vegetarian,sub_fleischersatz",,ref_000100,obs_0000028325|obs_0000020050|obs_0000020869|obs_0000022451,,ref_000100,obs_0000028325|obs_0000020050|obs_0000020869|obs_0000022451,
Bio-Rostbratwürstchen,Alnatura,"€ 3,99",,"1 kg = 22,17",,Nein,Gültig bis 28.03,2026-03-23,2026-03-28,images_tegut/tegut_offer_101.jpg,"cat_fleisch_wurst,diet_vegan,diet_vegetarian,sub_wurst,tag_ultra_processed,tag_whole_food",,ref_000101,,,ref_000101,,
Kochkäse,Bönsel,"€ 1,29",,"pro Einheit = 1,99",,Nein,Gültig bis 28.03,2026-03-23,2026-03-28,images_tegut/tegut_offer_102.jpg,"cat_molkerei_kaese,sub_kaese,sub_milchprodukte,tag_ultra_processed",BLS-Y7A2010,ref_000102,obs_0000008572|obs_0000033992|obs_0000013747|obs_0000011030,obs_0000008572,ref_000102,obs_0000008572|obs_0000033992|obs_0000013747|obs_0000011030,obs_0000008572
Kloßteig,Jeden Tag,"€ 1,49",,"1 kg = 1,99",,Nein,Gültig bis 28.03,2026-03-23,2026-03-28,images_tegut/tegut_offer_103.jpg,"cat_grundnahrung,sub_kartoffeln",,ref_000103,obs_0000009764|obs_0000014518|obs_0000007385|obs_0000032467,obs_0000009764|obs_0000014518,ref_000103,obs_0000009764|obs_0000014518|obs_0000007385|obs_0000032467,obs_0000009764|obs_0000014518
Schafkäse,Salakis,"€ 1,99",,"1 kg = 11,06",,Nein,Gültig bis 28.03,2026-03-23,2026-03-28,images_tegut/tegut_offer_104.jpg,"cat_molkerei_kaese,sub_kaese,sub_milchprodukte,sub_wurst,tag_ultra_processed",BLS-Y7A2000,ref_000104,obs_0000017000|obs_0000016653|obs_0000019088|obs_0000022980|obs_0000006634|obs_0000025831,obs_0000017000|obs_0000016653|obs_0000019088,ref_000104,obs_0000017000|obs_0000016653|obs_0000019088|obs_0000022980|obs_0000006634|obs_0000025831,obs_0000017000|obs_0000016653|obs_0000019088
Käsescheiben,Kerrygold,"€ 1,79",,"pro Einheit = 2,99",,Nein,Gültig bis 28.03,2026-03-23,2026-03-28,images_tegut/tegut_offer_105.jpg,"cat_molkerei_kaese,sub_fleischersatz,sub_kaese,sub_milchprodukte",,ref_000105,obs_0000025113|obs_0000027170|obs_0000024639|obs_0000020051|obs_0000002664|obs_0000026217|obs_0000025206|obs_0000027787|obs_0000001181|obs_0000022214|obs_0000033991|obs_0000002763|obs_0000021231|obs_0000017666|obs_0000018205|obs_0000002335|obs_0000020870|obs_0000031123|obs_0000016810|obs_0000034730|obs_0000031666|obs_0000020412|obs_0000000993|obs_0000004115|obs_0000019487|obs_0000021587|obs_0000032339|obs_0000029794|obs_0000002160|obs_0000025207|obs_0000014493|obs_0000017591|obs_0000026864|obs_0000017161|obs_0000020768|obs_0000007977|obs_0000021823|obs_0000032080|obs_0000018774|obs_0000004969|obs_0000016774|obs_0000000405|obs_0000019371|obs_0000004542|obs_0000007162|obs_0000006286|obs_0000026787|obs_0000026584|obs_0000007170|obs_0000007782,obs_0000025113|obs_0000027170|obs_0000024639|obs_0000020051|obs_0000002664|obs_0000026217|obs_0000025206|obs_0000027787|obs_0000001181|obs_0000022214|obs_0000033991|obs_0000002763|obs_0000021231|obs_0000017666|obs_0000018205|obs_0000002335|obs_0000020870|obs_0000031123|obs_0000016810|obs_0000034730|obs_0000031666|obs_0000020412|obs_0000000993,ref_000105,obs_0000025113|obs_0000027170|obs_0000024639|obs_0000020051|obs_0000002664|obs_0000026217|obs_0000025206|obs_0000027787|obs_0000001181|obs_0000022214|obs_0000033991|obs_0000002763|obs_0000021231|obs_0000017666|obs_0000018205|obs_0000002335|obs_0000020870|obs_0000031123|obs_0000016810|obs_0000034730|obs_0000031666|obs_0000020412|obs_0000000993|obs_0000004115|obs_0000019487|obs_0000021587|obs_0000032339|obs_0000029794|obs_0000002160|obs_0000025207|obs_0000014493|obs_0000017591|obs_0000026864|obs_0000017161|obs_0000020768|obs_0000007977|obs_0000021823|obs_0000032080|obs_0000018774|obs_0000004969|obs_0000016774|obs_0000000405|obs_0000019371|obs_0000004542|obs_0000007162|obs_0000006286|obs_0000026787|obs_0000026584|obs_0000007170|obs_0000007782,obs_0000025113|obs_0000027170|obs_0000024639|obs_0000020051|obs_0000002664|obs_0000026217|obs_0000025206|obs_0000027787|obs_0000001181|obs_0000022214|obs_0000033991|obs_0000002763|obs_0000021231|obs_0000017666|obs_0000018205|obs_0000002335|obs_0000020870|obs_0000031123|obs_0000016810|obs_0000034730|obs_0000031666|obs_0000020412|obs_0000000993
Wiener Würstchen,Jeden Tag,"€ 2,99",,"1 kg = 7,48",,Nein,Gültig bis 28.03,2026-03-23,2026-03-28,images_tegut/tegut_offer_106.jpg,"cat_fleisch_wurst,sub_wurst,tag_ultra_processed",BLS-W211200,ref_000106,obs_0000034174|obs_0000006186|obs_0000031274|obs_0000027189|obs_0000035106|obs_0000028276|obs_0000031889|obs_0000005789|obs_0000026784|obs_0000028948|obs_0000015758|obs_0000028076|obs_0000031737|obs_0000034811|obs_0000034981|obs_0000032355|obs_0000007858|obs_0000020658|obs_0000031934|obs_0000030926|obs_0000030949|obs_0000025857|obs_0000025858|obs_0000021769|obs_0000030483|obs_0000021477|obs_0000031788|obs_0000029297|obs_0000030838|obs_0000009369|obs_0000007849|obs_0000021268|obs_0000032077|obs_0000009557|obs_0000030549|obs_0000021884|obs_0000020449|obs_0000030125,obs_0000006186|obs_0000031274|obs_0000027189|obs_0000035106|obs_0000028276|obs_0000031889|obs_0000005789|obs_0000026784|obs_0000028948|obs_0000034174|obs_0000015758|obs_0000028076|obs_0000031737|obs_0000034811,ref_000106,obs_0000034174|obs_0000006186|obs_0000031274|obs_0000027189|obs_0000035106|obs_0000028276|obs_0000031889|obs_0000005789|obs_0000026784|obs_0000028948|obs_0000015758|obs_0000028076|obs_0000031737|obs_0000034811|obs_0000034981|obs_0000032355|obs_0000007858|obs_0000020658|obs_0000031934|obs_0000030926|obs_0000030949|obs_0000025857|obs_0000025858|obs_0000021769|obs_0000030483|obs_0000021477|obs_0000031788|obs_0000029297|obs_0000030838|obs_0000009369|obs_0000007849|obs_0000021268|obs_0000032077|obs_0000009557|obs_0000030549|obs_0000021884|obs_0000020449|obs_0000030125,obs_0000006186|obs_0000031274|obs_0000027189|obs_0000035106|obs_0000028276|obs_0000031889|obs_0000005789|obs_0000026784|obs_0000028948|obs_0000034174|obs_0000015758|obs_0000028076|obs_0000031737|obs_0000034811
Salami,Jeden Tag,"€ 1,69",,"1 kg = 8,45",,Nein,Gültig bis 28.03,2026-03-23,2026-03-28,images_tegut/tegut_offer_107.jpg,"cat_fleisch_wurst,sub_wurst,tag_ultra_processed",BLS-W149300,ref_000107,obs_0000034176|obs_0000002611|obs_0000010316|obs_0000014932|obs_0000019030|obs_0000028273|obs_0000005781|obs_0000023205|obs_0000003239|obs_0000019666|obs_0000016602|obs_0000008425|obs_0000021226|obs_0000003307|obs_0000002285|obs_0000011010|obs_0000025355|obs_0000026898|obs_0000017184|obs_0000007987|obs_0000025934|obs_0000008039|obs_0000016755|obs_0000002957|obs_0000020407|obs_0000016328|obs_0000031198|obs_0000017375|obs_0000010234|obs_0000012289|obs_0000013826|obs_0000026626|obs_0000015369|obs_0000002574|obs_0000016914|obs_0000030229|obs_0000006681|obs_0000006181|obs_0000002087|obs_0000019516|obs_0000028742|obs_0000007240|obs_0000024649|obs_0000011856|obs_0000014924|obs_0000011861|obs_0000013910|obs_0000019547|obs_0000033878|obs_0000013924,obs_0000002611|obs_0000010316|obs_0000014932|obs_0000019030|obs_0000028273|obs_0000005781|obs_0000023205|obs_0000003239|obs_0000019666|obs_0000016602|obs_0000008425|obs_0000021226|obs_0000003307|obs_0000002285|obs_0000011010|obs_0000025355|obs_0000026898|obs_0000017184|obs_0000007987|obs_0000025934|obs_0000008039|obs_0000016755|obs_0000034176|obs_0000002957|obs_0000020407|obs_0000016328|obs_0000031198|obs_0000017375|obs_0000010234,ref_000107,obs_0000034176|obs_0000002611|obs_0000010316|obs_0000014932|obs_0000019030|obs_0000028273|obs_0000005781|obs_0000023205|obs_0000003239|obs_0000019666|obs_0000016602|obs_0000008425|obs_0000021226|obs_0000003307|obs_0000002285|obs_0000011010|obs_0000025355|obs_0000026898|obs_0000017184|obs_0000007987|obs_0000025934|obs_0000008039|obs_0000016755|obs_0000002957|obs_0000020407|obs_0000016328|obs_0000031198|obs_0000017375|obs_0000010234|obs_0000012289|obs_0000013826|obs_0000026626|obs_0000015369|obs_0000002574|obs_0000016914|obs_0000030229|obs_0000006681|obs_0000006181|obs_0000002087|obs_0000019516|obs_0000028742|obs_0000007240|obs_0000024649|obs_0000011856|obs_0000014924|obs_0000011861|obs_0000013910|obs_0000019547|obs_0000033878|obs_0000013924,obs_0000002611|obs_0000010316|obs_0000014932|obs_0000019030|obs_0000028273|obs_0000005781|obs_0000023205|obs_0000003239|obs_0000019666|obs_0000016602|obs_0000008425|obs_0000021226|obs_0000003307|obs_0000002285|obs_0000011010|obs_0000025355|obs_0000026898|obs_0000017184|obs_0000007987|obs_0000025934|obs_0000008039|obs_0000016755|obs_0000034176|obs_0000002957|obs_0000020407|obs_0000016328|obs_0000031198|obs_0000017375|obs_0000010234
Kaminwurzerl Mild,Christanell,"€ 2,99",,"1 kg = 19,93",,Nein,Gültig bis 28.03,2026-03-23,2026-03-28,images_tegut/tegut_offer_109.jpg,"cat_fleisch_wurst,sub_wurst,tag_ultra_processed",,ref_000109,obs_0000033995|obs_0000025462,obs_0000033995,ref_000109,obs_0000033995|obs_0000025462,obs_0000033995
Bio-Spinatknödel oder -Semmelknödel,Zimmermann,"€ 3,49",,"pro Einheit = 4,49",,Nein,Gültig bis 28.03,2026-03-23,2026-03-28,images_tegut/tegut_offer_110.jpg,"cat_grundnahrung,diet_vegetarian,tag_ultra_processed",,ref_000110,obs_0000018971,,ref_000110,obs_0000018971,
Wildlachs Filets,followfood,"€ 5,99",,"pro Einheit = 6,99",,Nein,Gültig bis 28.03,2026-03-23,2026-03-28,images_tegut/tegut_offer_111.jpg,"cat_fisch_meeresfruechte,tag_high_protein,tag_proteinreich",,ref_000111,obs_0000035105|obs_0000034983|obs_0000034185|obs_0000034803|obs_0000031505|obs_0000005771|obs_0000006322,obs_0000034185|obs_0000035105|obs_0000034983|obs_0000034803,ref_000111,obs_0000035105|obs_0000034983|obs_0000034185|obs_0000034803|obs_0000031505|obs_0000005771|obs_0000006322,obs_0000034185|obs_0000035105|obs_0000034983|obs_0000034803
Bio-Shrimps,Ristic,"€ 4,99",,"pro Einheit = 5,99",,Nein,Gültig bis 28.03,2026-03-23,2026-03-28,images_tegut/tegut_offer_112.jpg,"cat_obst_gemuese,diet_gluten_free,diet_lactose_free,diet_vegan,diet_vegetarian,tag_ultra_processed,tag_whole_food",,ref_000112,obs_0000034388,obs_0000034388,ref_000112,obs_0000034388,obs_0000034388
Big Burger,Allfein,"€ 2,49",,"pro Einheit = 2,99",,Nein,Gültig bis 28.03,2026-03-23,2026-03-28,,"cat_grundnahrung,sub_kaese",,ref_000113,obs_0000023609|obs_0000034387,,ref_000113,obs_0000023609|obs_0000034387,
Eis-Riegel,Mars,"€ 2,22",,"pro Einheit = 3,49",,Nein,Gültig bis 28.03,2026-03-23,2026-03-28,images_tegut/tegut_offer_114.jpg,"cat_knabbern_naschen,tag_high_protein,tag_ultra_processed",BLS-C356000,ref_000114,obs_0000011786|obs_0000013851|obs_0000016928|obs_0000033364|obs_0000034392|obs_0000015457|obs_0000010357|obs_0000025743|obs_0000017107|obs_0000011490|obs_0000025829|obs_0000018692|obs_0000014601|obs_0000030996|obs_0000025377|obs_0000017710|obs_0000022867|obs_0000013168|obs_0000012676|obs_0000016822|obs_0000019932,,ref_000114,obs_0000011786|obs_0000013851|obs_0000016928|obs_0000033364|obs_0000034392|obs_0000015457|obs_0000010357|obs_0000025743|obs_0000017107|obs_0000011490|obs_0000025829|obs_0000018692|obs_0000014601|obs_0000030996|obs_0000025377|obs_0000017710|obs_0000022867|obs_0000013168|obs_0000012676|obs_0000016822|obs_0000019932,
Fertiggericht,P U RE,"€ 3,99",,"1 kg = 9,98",,Nein,Gültig bis 28.03,2026-03-23,2026-03-28,images_tegut/tegut_offer_116.jpg,"cat_tiefkuehl,sub_tk_fertiggerichte,tag_ultra_processed",,ref_000116,obs_0000001537|obs_0000013186|obs_0000010900|obs_0000006306|obs_0000010919|obs_0000015278|obs_0000012214|obs_0000013632|obs_0000023763|obs_0000011360|obs_0000023662|obs_0000014071|obs_0000024188|obs_0000012670|obs_0000019329|obs_0000027145|obs_0000005393|obs_0000007209|obs_0000013099|obs_0000005947|obs_0000005568|obs_0000009803|obs_0000005585|obs_0000018132|obs_0000023011|obs_0000019308|obs_0000009331|obs_0000015097|obs_0000006655|obs_0000006831|obs_0000006323|obs_0000022985|obs_0000005214|obs_0000029810|obs_0000026782|obs_0000034004|obs_0000034413,obs_0000001537|obs_0000013186|obs_0000010900|obs_0000006306|obs_0000010919|obs_0000015278|obs_0000012214|obs_0000013632|obs_0000023763|obs_0000011360|obs_0000023662|obs_0000014071|obs_0000024188|obs_0000012670,ref_000116,obs_0000001537|obs_0000013186|obs_0000010900|obs_0000006306|obs_0000010919|obs_0000015278|obs_0000012214|obs_0000013632|obs_0000023763|obs_0000011360|obs_0000023662|obs_0000014071|obs_0000024188|obs_0000012670|obs_0000019329|obs_0000027145|obs_0000005393|obs_0000007209|obs_0000013099|obs_0000005947|obs_0000005568|obs_0000009803|obs_0000005585|obs_0000018132|obs_0000023011|obs_0000019308|obs_0000009331|obs_0000015097|obs_0000006655|obs_0000006831|obs_0000006323|obs_0000022985|obs_0000005214|obs_0000029810|obs_0000026782|obs_0000034004|obs_0000034413,obs_0000001537|obs_0000013186|obs_0000010900|obs_0000006306|obs_0000010919|obs_0000015278|obs_0000012214|obs_0000013632|obs_0000023763|obs_0000011360|obs_0000023662|obs_0000014071|obs_0000024188|obs_0000012670
Mollica Pizza,Crosta Mollica,"€ 3,99",,"pro Einheit = 5,99",,Nein,Gültig bis 28.03,2026-03-23,2026-03-28,images_tegut/tegut_offer_118.jpg,"cat_tiefkuehl,tag_ultra_processed",,ref_000118,obs_0000013341|obs_0000023186|obs_0000025810|obs_0000005867|obs_0000010530,,ref_000118,obs_0000013341|obs_0000023186|obs_0000025810|obs_0000005867|obs_0000010530,
Grillpfanne,Grillpfanne,"€ 37,99",,"pro Einheit = 129,99",,Nein,Gültig bis 28.03,2026-03-23,2026-03-28,images_tegut/tegut_offer_119.jpg,"cat_non_food,diet_vegan",,ref_000119,obs_0000024741|obs_0000015583,,ref_000119,obs_0000024741|obs_0000015583,
Fleischmesser,Fleischmesser,"€ 8,99",,"pro Einheit = 34,99",,Nein,Gültig bis 28.03,2026-03-23,2026-03-28,images_tegut/tegut_offer_120.jpg,"cat_fleisch_wurst,diet_vegetarian,tag_proteinreich,tag_ultra_processed",,ref_000120,obs_0000031892|obs_0000028984,obs_0000031892|obs_0000028984,ref_000120,obs_0000031892|obs_0000028984,obs_0000031892|obs_0000028984
Schokolade,Milka,"€ 2,99",,"pro Einheit = 4,99",,Nein,Gültig bis 28.03,2026-03-23,2026-03-28,images_tegut/tegut_offer_121.jpg,"cat_knabbern_naschen,diet_vegetarian,tag_ultra_processed",BLS-S500000,ref_000121,obs_0000015893|obs_0000027700|obs_0000028232|obs_0000013394|obs_0000015454|obs_0000034408|obs_0000025739|obs_0000008861|obs_0000015026|obs_0000017605|obs_0000034013|obs_0000018155|obs_0000018698|obs_0000014104|obs_0000031011|obs_0000011112|obs_0000008610|obs_0000006579|obs_0000012219|obs_0000026556|obs_0000022979|obs_0000001524|obs_0000011783|obs_0000013879|obs_0000028244|obs_0000028249|obs_0000000091|obs_0000004705|obs_0000031849|obs_0000034411|obs_0000017539|obs_0000025221|obs_0000000138|obs_0000004278|obs_0000017595|obs_0000021699|obs_0000000230|obs_0000003326|obs_0000004873|obs_0000003851|obs_0000010522|obs_0000002336|obs_0000033056|obs_0000021291|obs_0000016691|obs_0000004446|obs_0000008595|obs_0000004019|obs_0000010166|obs_0000009149,obs_0000011783|obs_0000015893|obs_0000027700|obs_0000013879|obs_0000028232|obs_0000013394|obs_0000028244|obs_0000006229|obs_0000028249|obs_0000000091|obs_0000015454|obs_0000004705|obs_0000034408|obs_0000031849|obs_0000034411|obs_0000017539|obs_0000025221|obs_0000000138|obs_0000025739|obs_0000008861|obs_0000005279|obs_0000015026|obs_0000004278|obs_0000017595|obs_0000021699|obs_0000017605|obs_0000034013|obs_0000000230|obs_0000018155|obs_0000003326|obs_0000004873|obs_0000018698|obs_0000003851|obs_0000014104|obs_0000010522|obs_0000002336|obs_0000033056|obs_0000031011|obs_0000021291|obs_0000016691|obs_0000004446|obs_0000011112|obs_0000008595|obs_0000008610|obs_0000004019|obs_0000006579|obs_0000010166|obs_0000012219|obs_0000026556|obs_0000009149,ref_000121,obs_0000015893|obs_0000027700|obs_0000028232|obs_0000013394|obs_0000015454|obs_0000034408|obs_0000025739|obs_0000008861|obs_0000015026|obs_0000017605|obs_0000034013|obs_0000018155|obs_0000018698|obs_0000014104|obs_0000031011|obs_0000011112|obs_0000008610|obs_0000006579|obs_0000012219|obs_0000026556|obs_0000022979|obs_0000001524|obs_0000011783|obs_0000013879|obs_0000028244|obs_0000028249|obs_0000000091|obs_0000004705|obs_0000031849|obs_0000034411|obs_0000017539|obs_0000025221|obs_0000000138|obs_0000004278|obs_0000017595|obs_0000021699|obs_0000000230|obs_0000003326|obs_0000004873|obs_0000003851|obs_0000010522|obs_0000002336|obs_0000033056|obs_0000021291|obs_0000016691|obs_0000004446|obs_0000008595|obs_0000004019|obs_0000010166|obs_0000009149,obs_0000011783|obs_0000015893|obs_0000027700|obs_0000013879|obs_0000028232|obs_0000013394|obs_0000028244|obs_0000006229|obs_0000028249|obs_0000000091|obs_0000015454|obs_0000004705|obs_0000034408|obs_0000031849|obs_0000034411|obs_0000017539|obs_0000025221|obs_0000000138|obs_0000025739|obs_0000008861|obs_0000005279|obs_0000015026|obs_0000004278|obs_0000017595|obs_0000021699|obs_0000017605|obs_0000034013|obs_0000000230|obs_0000018155|obs_0000003326|obs_0000004873|obs_0000018698|obs_0000003851|obs_0000014104|obs_0000010522|obs_0000002336|obs_0000033056|obs_0000031011|obs_0000021291|obs_0000016691|obs_0000004446|obs_0000011112|obs_0000008595|obs_0000008610|obs_0000004019|obs_0000006579|obs_0000010166|obs_0000012219|obs_0000026556|obs_0000009149
Bio-Nuss-Nougat-Creme,tegut,"€ 2,99",,"1 kg = 7,48",,Nein,Gültig bis 28.03,2026-03-23,2026-03-28,images_tegut/tegut_offer_122.jpg,"cat_knabbern_naschen,diet_gluten_free,diet_lactose_free,diet_vegan,diet_vegetarian,tag_ultra_processed,tag_whole_food",,ref_000122,obs_0000011096|obs_0000008072|obs_0000009860|obs_0000018094|obs_0000027589|obs_0000030263|obs_0000002265|obs_0000027131|obs_0000003358|obs_0000033360|obs_0000013141,obs_0000034017|obs_0000011096,ref_000122,obs_0000011096|obs_0000008072|obs_0000009860|obs_0000018094|obs_0000027589|obs_0000030263|obs_0000002265|obs_0000027131|obs_0000003358|obs_0000033360|obs_0000013141,obs_0000034017|obs_0000011096
Lion Black White,Nestl,"€ 1,99",,"1 kg = 11,99",,Nein,Gültig bis 28.03,2026-03-23,2026-03-28,images_tegut/tegut_offer_123.jpg,"cat_knabbern_naschen,tag_ultra_processed",,ref_000123,,,ref_000123,,
Schnitten,Eszet,"€ 1,29",,"pro Einheit = 1,69",,Nein,Gültig bis 28.03,2026-03-23,2026-03-28,images_tegut/tegut_offer_124.jpg,"cat_fleisch_wurst,tag_ultra_processed",BLS-D753200,ref_000124,obs_0000033920|obs_0000011553|obs_0000016134|obs_0000027239|obs_0000011949|obs_0000013941|obs_0000015029|obs_0000014591|obs_0000020942|obs_0000025465|obs_0000020123|obs_0000016575|obs_0000007495,obs_0000033920,ref_000124,obs_0000033920|obs_0000011553|obs_0000016134|obs_0000027239|obs_0000011949|obs_0000013941|obs_0000015029|obs_0000014591|obs_0000020942|obs_0000025465|obs_0000020123|obs_0000016575|obs_0000007495,obs_0000033920
Erdnüsse,Ültje,"€ 1,79",,"1 kg = 9,94",,Nein,Gültig bis 28.03,2026-03-23,2026-03-28,images_tegut/tegut_offer_125.jpg,"cat_knabbern_naschen,diet_gluten_free,diet_lactose_free,diet_vegan,diet_vegetarian,sub_huelsenfruechte,tag_high_protein,tag_proteinreich",BLS-Q210000,ref_000125,obs_0000000013|obs_0000003728|obs_0000011550|obs_0000008481|obs_0000001319|obs_0000013618|obs_0000027959|obs_0000019397|obs_0000019492|obs_0000026796|obs_0000032179|obs_0000031681|obs_0000026308|obs_0000027867|obs_0000010727|obs_0000018211|obs_0000028549|obs_0000028666|obs_0000018565|obs_0000003465|obs_0000009228|obs_0000022799|obs_0000008092|obs_0000004647|obs_0000022065|obs_0000007489|obs_0000010439|obs_0000006602|obs_0000030669|obs_0000005074|obs_0000012244|obs_0000018136|obs_0000006234|obs_0000026588|obs_0000015325|obs_0000008186|obs_0000000481|obs_0000027115|obs_0000030315|obs_0000009709|obs_0000004220|obs_0000007188|obs_0000001449|obs_0000008876|obs_0000001722|obs_0000031609,obs_0000000013|obs_0000003728|obs_0000011550|obs_0000008481|obs_0000019492|obs_0000001319|obs_0000026796|obs_0000013618|obs_0000032179|obs_0000027959|obs_0000031681|obs_0000026308|obs_0000019397|obs_0000006234|obs_0000027867|obs_0000010727,ref_000125,obs_0000000013|obs_0000003728|obs_0000011550|obs_0000008481|obs_0000001319|obs_0000013618|obs_0000027959|obs_0000019397|obs_0000019492|obs_0000026796|obs_0000032179|obs_0000031681|obs_0000026308|obs_0000027867|obs_0000010727|obs_0000018211|obs_0000028549|obs_0000028666|obs_0000018565|obs_0000003465|obs_0000009228|obs_0000022799|obs_0000008092|obs_0000004647|obs_0000022065|obs_0000007489|obs_0000010439|obs_0000006602|obs_0000030669|obs_0000005074|obs_0000012244|obs_0000018136|obs_0000006234|obs_0000026588|obs_0000015325|obs_0000008186|obs_0000000481|obs_0000027115|obs_0000030315|obs_0000009709|obs_0000004220|obs_0000007188|obs_0000001449|obs_0000008876|obs_0000001722|obs_0000031609,obs_0000000013|obs_0000003728|obs_0000011550|obs_0000008481|obs_0000019492|obs_0000001319|obs_0000026796|obs_0000013618|obs_0000032179|obs_0000027959|obs_0000031681|obs_0000026308|obs_0000019397|obs_0000006234|obs_0000027867|obs_0000010727
Bio zum kleinen Preis Bio-Salz Brezeln,tegut,"€ 1,39",,"1 kg = 9,27",,Nein,Gültig bis 28.03,2026-03-23,2026-03-28,images_tegut/tegut_offer_126.jpg,"cat_grundnahrung,diet_gluten_free,diet_lactose_free,diet_vegan,diet_vegetarian,sub_frisches_gemuese,tag_ultra_processed,tag_whole_food",,ref_000126,obs_0000033808|obs_0000034406,,ref_000126,obs_0000033808|obs_0000034406,
Bio-Dinkel-Doppelkeks Kakao,Alnatura,"€ 2,49",,"pro Einheit = 2,99",,Nein,Gültig bis 28.03,2026-03-23,2026-03-28,images_tegut/tegut_offer_127.jpg,"cat_grundnahrung,diet_lactose_free,diet_vegan,diet_vegetarian,tag_ultra_processed,tag_whole_food",,ref_000127,obs_0000029924|obs_0000008327|obs_0000009108|obs_0000009547|obs_0000010007|obs_0000027757|obs_0000013594,,ref_000127,obs_0000029924|obs_0000008327|obs_0000009108|obs_0000009547|obs_0000010007|obs_0000027757|obs_0000013594,
veganer Bio-Aufstrich,tegut,"€ 1,39",,"1 kg = 7,72",,Nein,Gültig bis 28.03,2026-03-23,2026-03-28,images_tegut/tegut_offer_129.jpg,"cat_molkerei_kaese,diet_lactose_free,diet_vegan,diet_vegetarian,tag_ultra_processed",,ref_000129,obs_0000033803|obs_0000017946|obs_0000035012|obs_0000019379|obs_0000023392|obs_0000010681|obs_0000013508|obs_0000015253,obs_0000011500|obs_0000014255,ref_000129,obs_0000033803|obs_0000017946|obs_0000035012|obs_0000019379|obs_0000023392|obs_0000010681|obs_0000013508|obs_0000015253,obs_0000011500|obs_0000014255
Tee,Twinings,"€ 1,79",,"pro Einheit = 1,99",,Nein,Gültig bis 28.03,2026-03-23,2026-03-28,,"cat_getraenke,diet_gluten_free,diet_lactose_free,diet_vegetarian,tag_ultra_processed",,ref_000130,obs_0000016641|obs_0000018054|obs_0000026894|obs_0000018960|obs_0000028312|obs_0000025412|obs_0000014277|obs_0000020428|obs_0000023245|obs_0000023661|obs_0000008687|obs_0000022129|obs_0000021247|obs_0000020481|obs_0000029718|obs_0000021786|obs_0000032798|obs_0000014124|obs_0000015022|obs_0000031795|obs_0000021300|obs_0000007996|obs_0000015944|obs_0000032968|obs_0000011596|obs_0000022871|obs_0000013530|obs_0000033499|obs_0000027244|obs_0000024690|obs_0000034436|obs_0000010250|obs_0000029357|obs_0000020021|obs_0000018619|obs_0000009037|obs_0000015053|obs_0000022099|obs_0000034399|obs_0000005272|obs_0000015163|obs_0000005824|obs_0000006723|obs_0000001350|obs_0000001487|obs_0000030297|obs_0000010335|obs_0000029416|obs_0000031346|obs_0000029332,obs_0000016641|obs_0000018054|obs_0000026894|obs_0000018960|obs_0000028312|obs_0000025412|obs_0000014277|obs_0000020428|obs_0000023245|obs_0000023661|obs_0000008687|obs_0000022129|obs_0000021247,ref_000130,obs_0000016641|obs_0000018054|obs_0000026894|obs_0000018960|obs_0000028312|obs_0000025412|obs_0000014277|obs_0000020428|obs_0000023245|obs_0000023661|obs_0000008687|obs_0000022129|obs_0000021247|obs_0000020481|obs_0000029718|obs_0000021786|obs_0000032798|obs_0000014124|obs_0000015022|obs_0000031795|obs_0000021300|obs_0000007996|obs_0000015944|obs_0000032968|obs_0000011596|obs_0000022871|obs_0000013530|obs_0000033499|obs_0000027244|obs_0000024690|obs_0000034436|obs_0000010250|obs_0000029357|obs_0000020021|obs_0000018619|obs_0000009037|obs_0000015053|obs_0000022099|obs_0000034399|obs_0000005272|obs_0000015163|obs_0000005824|obs_0000006723|obs_0000001350|obs_0000001487|obs_0000030297|obs_0000010335|obs_0000029416|obs_0000031346|obs_0000029332,obs_0000016641|obs_0000018054|obs_0000026894|obs_0000018960|obs_0000028312|obs_0000025412|obs_0000014277|obs_0000020428|obs_0000023245|obs_0000023661|obs_0000008687|obs_0000022129|obs_0000021247
Creme Life Bonbons,Vivil,"€ 1,79",,"pro Einheit = 2,19",,Nein,Gültig bis 28.03,2026-03-23,2026-03-28,,"cat_drogerie,tag_ultra_processed",,ref_000131,obs_0000033360|obs_0000013141,,ref_000131,obs_0000033360|obs_0000013141,
Pasta,Barilla,"€ 0,99",,"1 kg = 1,98",,Nein,Gültig bis 28.03,2026-03-23,2026-03-28,,"cat_grundnahrung,diet_lactose_free,diet_vegan,diet_vegetarian,sub_hackfleisch,sub_nudeln",BLS-G640100,ref_000132,obs_0000018196|obs_0000019845|obs_0000025518|obs_0000016866|obs_0000020003|obs_0000035104|obs_0000028733|obs_0000022097|obs_0000002663|obs_0000034419|obs_0000017082|obs_0000021187|obs_0000034026|obs_0000026899|obs_0000018708|obs_0000016662|obs_0000028496|obs_0000011092|obs_0000014165|obs_0000019293|obs_0000020368|obs_0000028607|obs_0000018893|obs_0000017359|obs_0000015874|obs_0000014389|obs_0000018497|obs_0000011935|obs_0000010415|obs_0000014564|obs_0000011526|obs_0000016655|obs_0000034219|obs_0000009660|obs_0000010706|obs_0000008149|obs_0000009176|obs_0000015436|obs_0000028322|obs_0000028323|obs_0000000516|obs_0000000535|obs_0000012353|obs_0000030803|obs_0000031331|obs_0000017525|obs_0000003714|obs_0000019591|obs_0000015003|obs_0000006302,obs_0000020003|obs_0000035104|obs_0000028733|obs_0000022097|obs_0000002663|obs_0000034419|obs_0000017082|obs_0000021187|obs_0000034026|obs_0000026899|obs_0000018196|obs_0000018708|obs_0000016662|obs_0000028496|obs_0000011092|obs_0000014165|obs_0000019293|obs_0000019845|obs_0000020368|obs_0000025518|obs_0000028607|obs_0000018893|obs_0000017359|obs_0000016866,ref_000132,obs_0000018196|obs_0000019845|obs_0000025518|obs_0000016866|obs_0000020003|obs_0000035104|obs_0000028733|obs_0000022097|obs_0000002663|obs_0000034419|obs_0000017082|obs_0000021187|obs_0000034026|obs_0000026899|obs_0000018708|obs_0000016662|obs_0000028496|obs_0000011092|obs_0000014165|obs_0000019293|obs_0000020368|obs_0000028607|obs_0000018893|obs_0000017359|obs_0000015874|obs_0000014389|obs_0000018497|obs_0000011935|obs_0000010415|obs_0000014564|obs_0000011526|obs_0000016655|obs_0000034219|obs_0000009660|obs_0000010706|obs_0000008149|obs_0000009176|obs_0000015436|obs_0000028322|obs_0000028323|obs_0000000516|obs_0000000535|obs_0000012353|obs_0000030803|obs_0000031331|obs_0000017525|obs_0000003714|obs_0000019591|obs_0000015003|obs_0000006302,obs_0000020003|obs_0000035104|obs_0000028733|obs_0000022097|obs_0000002663|obs_0000034419|obs_0000017082|obs_0000021187|obs_0000034026|obs_0000026899|obs_0000018196|obs_0000018708|obs_0000016662|obs_0000028496|obs_0000011092|obs_0000014165|obs_0000019293|obs_0000019845|obs_0000020368|obs_0000025518|obs_0000028607|obs_0000018893|obs_0000017359|obs_0000016866
Rotkohl,Kühne,"€ 1,49",,"pro Einheit = 2,19",,Nein,Gültig bis 28.03,2026-03-23,2026-03-28,images_tegut/tegut_offer_133.jpg,"cat_obst_gemuese,diet_gluten_free,diet_lactose_free,diet_vegan,diet_vegetarian,sub_frisches_gemuese,tag_whole_food",BLS-G341100,ref_000133,obs_0000014089|obs_0000010276|obs_0000032521|obs_0000029844|obs_0000025112|obs_0000031653|obs_0000008361|obs_0000028337|obs_0000018484|obs_0000014145|obs_0000031561|obs_0000034900|obs_0000015675|obs_0000032670|obs_0000015817|obs_0000020382|obs_0000021201|obs_0000025691|obs_0000007401|obs_0000029238|obs_0000005371|obs_0000010524|obs_0000031251,obs_0000014089|obs_0000032521|obs_0000029844|obs_0000025112|obs_0000010276|obs_0000031653|obs_0000008361|obs_0000028337|obs_0000018484|obs_0000014145|obs_0000031561,ref_000133,obs_0000014089|obs_0000010276|obs_0000032521|obs_0000029844|obs_0000025112|obs_0000031653|obs_0000008361|obs_0000028337|obs_0000018484|obs_0000014145|obs_0000031561|obs_0000034900|obs_0000015675|obs_0000032670|obs_0000015817|obs_0000020382|obs_0000021201|obs_0000025691|obs_0000007401|obs_0000029238|obs_0000005371|obs_0000010524|obs_0000031251,obs_0000014089|obs_0000032521|obs_0000029844|obs_0000025112|obs_0000010276|obs_0000031653|obs_0000008361|obs_0000028337|obs_0000018484|obs_0000014145|obs_0000031561
Knax-Gurken,Hengstenberg,"€ 1,99",,"pro Einheit = 2,99",,Nein,Gültig bis 28.03,2026-03-23,2026-03-28,images_tegut/tegut_offer_134.jpg,"cat_obst_gemuese,diet_gluten_free,diet_lactose_free,diet_vegan,diet_vegetarian,sub_frisches_gemuese,tag_whole_food",BLS-G520100,ref_000134,obs_0000028052|obs_0000026810|obs_0000017251,,ref_000134,obs_0000028052|obs_0000026810|obs_0000017251,
Bio-Tomatenketchup,Alnatura,"€ 2,49",,"pro Einheit = 2,79",,Nein,Gültig bis 28.03,2026-03-23,2026-03-28,images_tegut/tegut_offer_135.jpg,"cat_grundnahrung,diet_gluten_free,diet_lactose_free,diet_vegan,diet_vegetarian,sub_frisches_gemuese,tag_whole_food",,ref_000135,obs_0000027525|obs_0000030928|obs_0000034075|obs_0000003095|obs_0000003819|obs_0000004246|obs_0000004673,obs_0000027525,ref_000135,obs_0000027525|obs_0000030928|obs_0000034075|obs_0000003095|obs_0000003819|obs_0000004246|obs_0000004673,obs_0000027525
Bio-Remoulade,demeter Naturata,"€ 2,99",,"1 l = 15,74",,Nein,Gültig bis 28.03,2026-03-23,2026-03-28,images_tegut/tegut_offer_137.jpg,"cat_obst_gemuese,diet_gluten_free,diet_lactose_free,diet_vegan,diet_vegetarian,tag_whole_food",,ref_000137,obs_0000035011|obs_0000025494|obs_0000010673|obs_0000030206,obs_0000035011,ref_000137,obs_0000035011|obs_0000025494|obs_0000010673|obs_0000030206,obs_0000035011
Fix Chili con Carne,Maggi,"€ 2,00",,"pro Einheit = 2,00",,Nein,Gültig bis 28.03,2026-03-23,2026-03-28,images_tegut/tegut_offer_138.jpg,"cat_grundnahrung,tag_ultra_processed",BLS-X469753,ref_000138,obs_0000030335|obs_0000021014|obs_0000020195|obs_0000026433|obs_0000025048|obs_0000018941|obs_0000010238|obs_0000026187|obs_0000012367|obs_0000015001|obs_0000016596|obs_0000009999|obs_0000006464|obs_0000009537|obs_0000017240|obs_0000013189|obs_0000010701,,ref_000138,obs_0000030335|obs_0000021014|obs_0000020195|obs_0000026433|obs_0000025048|obs_0000018941|obs_0000010238|obs_0000026187|obs_0000012367|obs_0000015001|obs_0000016596|obs_0000009999|obs_0000006464|obs_0000009537|obs_0000017240|obs_0000013189|obs_0000010701,
Rapsöl raffiniert,tegut,"€ 2,22",,"pro Einheit = 2,99",,Nein,Gültig bis 28.03,2026-03-23,2026-03-28,images_tegut/tegut_offer_139.jpg,"cat_grundnahrung,diet_gluten_free,diet_lactose_free,diet_vegan,diet_vegetarian",,ref_000139,obs_0000012837|obs_0000015413|obs_0000027868|obs_0000028391|obs_0000019704,,ref_000139,obs_0000012837|obs_0000015413|obs_0000027868|obs_0000028391|obs_0000019704,
Backmischung,Dr Oetker,"€ 2,99",,"1 kg = 8,87",,Nein,Gültig bis 28.03,2026-03-23,2026-03-28,images_tegut/tegut_offer_140.jpg,"cat_knabbern_naschen,tag_ultra_processed",,ref_000140,obs_0000014392|obs_0000017486|obs_0000013511|obs_0000016698|obs_0000019833|obs_0000011099|obs_0000024607|obs_0000004129|obs_0000020009|obs_0000003410|obs_0000004983|obs_0000019837|obs_0000021949|obs_0000004556|obs_0000018407|obs_0000024609|obs_0000024623|obs_0000024625|obs_0000024628|obs_0000024629|obs_0000023622|obs_0000026456|obs_0000006495|obs_0000019824|obs_0000024608|obs_0000007018|obs_0000006653,obs_0000014392|obs_0000017486|obs_0000014006|obs_0000013511|obs_0000003332|obs_0000016698|obs_0000019829|obs_0000019833|obs_0000002465,ref_000140,obs_0000014392|obs_0000017486|obs_0000013511|obs_0000016698|obs_0000019833|obs_0000011099|obs_0000024607|obs_0000004129|obs_0000020009|obs_0000003410|obs_0000004983|obs_0000019837|obs_0000021949|obs_0000004556|obs_0000018407|obs_0000024609|obs_0000024623|obs_0000024625|obs_0000024628|obs_0000024629|obs_0000023622|obs_0000026456|obs_0000006495|obs_0000019824|obs_0000024608|obs_0000007018|obs_0000006653,obs_0000014392|obs_0000017486|obs_0000014006|obs_0000013511|obs_0000003332|obs_0000016698|obs_0000019829|obs_0000019833|obs_0000002465
Pasta-Sauce,Barilla,"€ 1,99",,"1 kg = 4,98",,Nein,Gültig bis 28.03,2026-03-23,2026-03-28,images_tegut/tegut_offer_141.jpg,"cat_grundnahrung,diet_lactose_free,diet_vegan,diet_vegetarian,sub_hackfleisch,sub_nudeln",,ref_000141,obs_0000018497|obs_0000010415|obs_0000014564|obs_0000011526|obs_0000016655|obs_0000000535|obs_0000015003|obs_0000011088|obs_0000018196|obs_0000019845|obs_0000025518|obs_0000016866|obs_0000001282|obs_0000032233|obs_0000020003|obs_0000035104|obs_0000028733|obs_0000013386|obs_0000022097|obs_0000034889|obs_0000002663|obs_0000034419|obs_0000011915|obs_0000017082|obs_0000021187|obs_0000010474|obs_0000034026|obs_0000018708|obs_0000008982|obs_0000016662|obs_0000026899|obs_0000006481|obs_0000011092|obs_0000014165|obs_0000028496|obs_0000019293|obs_0000020368|obs_0000028607|obs_0000018893|obs_0000017359|obs_0000007181|obs_0000005743|obs_0000007368,obs_0000000535|obs_0000018497|obs_0000015003|obs_0000010415|obs_0000014564|obs_0000011526|obs_0000016655|obs_0000011088,ref_000141,obs_0000018497|obs_0000010415|obs_0000014564|obs_0000011526|obs_0000016655|obs_0000000535|obs_0000015003|obs_0000011088|obs_0000018196|obs_0000019845|obs_0000025518|obs_0000016866|obs_0000001282|obs_0000032233|obs_0000020003|obs_0000035104|obs_0000028733|obs_0000013386|obs_0000022097|obs_0000034889|obs_0000002663|obs_0000034419|obs_0000011915|obs_0000017082|obs_0000021187|obs_0000010474|obs_0000034026|obs_0000018708|obs_0000008982|obs_0000016662|obs_0000026899|obs_0000006481|obs_0000011092|obs_0000014165|obs_0000028496|obs_0000019293|obs_0000020368|obs_0000028607|obs_0000018893|obs_0000017359|obs_0000007181|obs_0000005743|obs_0000007368,obs_0000000535|obs_0000018497|obs_0000015003|obs_0000010415|obs_0000014564|obs_0000011526|obs_0000016655|obs_0000011088
vegetarische Bio-Cremesuppe,Nabio,"€ 2,49",,"pro Einheit = 2,99",,Nein,Gültig bis 28.03,2026-03-23,2026-03-28,images_tegut/tegut_offer_142.jpg,"cat_fleisch_wurst,diet_lactose_free,diet_vegan,diet_vegetarian,sub_fleischersatz",,ref_000142,,,ref_000142,,
Very Special,Hennessy,"€ 29,99",,"pro Einheit = 37,99",,Nein,Gültig bis 28.03,2026-03-23,2026-03-28,images_tegut/tegut_offer_143.jpg,cat_getraenke,,ref_000143,obs_0000024033|obs_0000024457|obs_0000019798|obs_0000007667|obs_0000032468|obs_0000006716,,ref_000143,obs_0000024033|obs_0000024457|obs_0000019798|obs_0000007667|obs_0000032468|obs_0000006716,
Pils 1 oder 0 0,Heineken,"€ 4,99",,"1 l = 2,52",,Nein,Gültig bis 28.03,2026-03-23,2026-03-28,images_tegut/tegut_offer_144.jpg,cat_getraenke,,ref_000144,obs_0000034423|obs_0000035035|obs_0000011995|obs_0000012450|obs_0000013339|obs_0000015090|obs_0000016578|obs_0000008467|obs_0000000370|obs_0000017247|obs_0000033823|obs_0000026062|obs_0000026170|obs_0000010120|obs_0000034708|obs_0000010165|obs_0000010755|obs_0000027329|obs_0000003041|obs_0000011320|obs_0000019656|obs_0000027944|obs_0000028275|obs_0000028408|obs_0000028500|obs_0000028614|obs_0000004068|obs_0000028759|obs_0000012448|obs_0000028878|obs_0000028937|obs_0000004495|obs_0000012871|obs_0000029409|obs_0000004922|obs_0000013338|obs_0000013819|obs_0000030400|obs_0000030556|obs_0000014202|obs_0000030720|obs_0000031078|obs_0000031695|obs_0000031740|obs_0000023756|obs_0000015941|obs_0000024176|obs_0000032730|obs_0000011151|obs_0000029766,,ref_000144,obs_0000034423|obs_0000035035|obs_0000011995|obs_0000012450|obs_0000013339|obs_0000015090|obs_0000016578|obs_0000008467|obs_0000000370|obs_0000017247|obs_0000033823|obs_0000026062|obs_0000026170|obs_0000010120|obs_0000034708|obs_0000010165|obs_0000010755|obs_0000027329|obs_0000003041|obs_0000011320|obs_0000019656|obs_0000027944|obs_0000028275|obs_0000028408|obs_0000028500|obs_0000028614|obs_0000004068|obs_0000028759|obs_0000012448|obs_0000028878|obs_0000028937|obs_0000004495|obs_0000012871|obs_0000029409|obs_0000004922|obs_0000013338|obs_0000013819|obs_0000030400|obs_0000030556|obs_0000014202|obs_0000030720|obs_0000031078|obs_0000031695|obs_0000031740|obs_0000023756|obs_0000015941|obs_0000024176|obs_0000032730|obs_0000011151|obs_0000029766,
Goldene Henne,Goldene Henne,"€ 6,99",,"pro Einheit = 8,49",,Nein,Gültig bis 28.03,2026-03-23,2026-03-28,images_tegut/tegut_offer_145.jpg,"cat_non_food,diet_gluten_free,diet_lactose_free,diet_vegan,diet_vegetarian",,ref_000145,,,ref_000145,,
Highland Single Malt Scotch Whisky,Glenmorangie,"€ 34,99",,"1 l = 49,99",,Nein,Gültig bis 28.03,2026-03-23,2026-03-28,images_tegut/tegut_offer_146.jpg,"cat_getraenke,diet_vegetarian",,ref_000146,obs_0000017414|obs_0000025948|obs_0000006718|obs_0000014252|obs_0000024920|obs_0000008607|obs_0000018872|obs_0000015490|obs_0000015072|obs_0000021544|obs_0000007258|obs_0000020725|obs_0000007456|obs_0000021815|obs_0000007090|obs_0000016836|obs_0000024593|obs_0000024596|obs_0000015919|obs_0000020036|obs_0000017533|obs_0000019629|obs_0000015074|obs_0000015075|obs_0000007908|obs_0000019243|obs_0000009008|obs_0000027476|obs_0000016229|obs_0000020855|obs_0000006010|obs_0000019846|obs_0000018845|obs_0000025037|obs_0000032741|obs_0000018689|obs_0000016728|obs_0000017255|obs_0000017811|obs_0000016430|obs_0000020037|obs_0000020040|obs_0000018029|obs_0000017072|obs_0000015073|obs_0000017141|obs_0000022321|obs_0000022835|obs_0000018230|obs_0000016202,obs_0000017414|obs_0000025948,ref_000146,obs_0000017414|obs_0000025948|obs_0000006718|obs_0000014252|obs_0000024920|obs_0000008607|obs_0000018872|obs_0000015490|obs_0000015072|obs_0000021544|obs_0000007258|obs_0000020725|obs_0000007456|obs_0000021815|obs_0000007090|obs_0000016836|obs_0000024593|obs_0000024596|obs_0000015919|obs_0000020036|obs_0000017533|obs_0000019629|obs_0000015074|obs_0000015075|obs_0000007908|obs_0000019243|obs_0000009008|obs_0000027476|obs_0000016229|obs_0000020855|obs_0000006010|obs_0000019846|obs_0000018845|obs_0000025037|obs_0000032741|obs_0000018689|obs_0000016728|obs_0000017255|obs_0000017811|obs_0000016430|obs_0000020037|obs_0000020040|obs_0000018029|obs_0000017072|obs_0000015073|obs_0000017141|obs_0000022321|obs_0000022835|obs_0000018230|obs_0000016202,obs_0000017414|obs_0000025948
Tegernseer Hell,Brahaus Tegernsee,"€ 16,99",,"pro Einheit = 21,99",,Nein,Gültig bis 28.03,2026-03-23,2026-03-28,images_tegut/tegut_offer_147.jpg,cat_getraenke,,ref_000147,obs_0000034841|obs_0000009785|obs_0000031386|obs_0000034475|obs_0000034487|obs_0000009915|obs_0000027350|obs_0000011994|obs_0000006377|obs_0000035038|obs_0000010541|obs_0000014654|obs_0000028550|obs_0000008658|obs_0000028667,,ref_000147,obs_0000034841|obs_0000009785|obs_0000031386|obs_0000034475|obs_0000034487|obs_0000009915|obs_0000027350|obs_0000011994|obs_0000006377|obs_0000035038|obs_0000010541|obs_0000014654|obs_0000028550|obs_0000008658|obs_0000028667,
Havana Club,Havana Club,"€ 10,99",,"1 l = 15,70",,Nein,Gültig bis 28.03,2026-03-23,2026-03-28,images_tegut/tegut_offer_148.jpg,"cat_getraenke,diet_vegetarian",,ref_000148,obs_0000006213|obs_0000032478,,ref_000148,obs_0000006213|obs_0000032478,
Spiced Rum,Remedy,"€ 17,99",,"pro Einheit = 19,99",,Nein,Gültig bis 28.03,2026-03-23,2026-03-28,images_tegut/tegut_offer_149.jpg,"cat_non_food,diet_vegetarian",,ref_000149,obs_0000020034|obs_0000025440|obs_0000020853|obs_0000018400|obs_0000017633|obs_0000019783|obs_0000026988|obs_0000006555|obs_0000025003|obs_0000027570|obs_0000012428|obs_0000010951,obs_0000020034|obs_0000025440|obs_0000020853,ref_000149,obs_0000020034|obs_0000025440|obs_0000020853|obs_0000018400|obs_0000017633|obs_0000019783|obs_0000026988|obs_0000006555|obs_0000025003|obs_0000027570|obs_0000012428|obs_0000010951,obs_0000020034|obs_0000025440|obs_0000020853
Mai-Ur-Bock,Einbecker,"€ 4,99",,"pro Einheit = 5,99",,Nein,Gültig bis 28.03,2026-03-23,2026-03-28,images_tegut/tegut_offer_151.jpg,"cat_non_food,tag_ultra_processed",,ref_000151,,,ref_000151,,
Prosecco oder Aperitivo,Mionetto,"€ 6,99",,"pro Einheit = 9,99",,Nein,Gültig bis 28.03,2026-03-23,2026-03-28,images_tegut/tegut_offer_152.jpg,"cat_getraenke,tag_high_protein,tag_ultra_processed",,ref_000152,obs_0000008244|obs_0000010091|obs_0000012439|obs_0000008990|obs_0000009522|obs_0000034396|obs_0000009984|obs_0000003572|obs_0000003633|obs_0000020080|obs_0000020899|obs_0000013069|obs_0000021836|obs_0000015485|obs_0000008134,,ref_000152,obs_0000008244|obs_0000010091|obs_0000012439|obs_0000008990|obs_0000009522|obs_0000034396|obs_0000009984|obs_0000003572|obs_0000003633|obs_0000020080|obs_0000020899|obs_0000013069|obs_0000021836|obs_0000015485|obs_0000008134,
Bier,Budweiser Budvar,"€ 14,99",,"pro Einheit = 20,99",,Nein,Gültig bis 28.03,2026-03-23,2026-03-28,images_tegut/tegut_offer_153.jpg,"cat_getraenke,diet_vegetarian",,ref_000153,obs_0000028805|obs_0000009359|obs_0000023315|obs_0000009768|obs_0000026797|obs_0000028602|obs_0000009403|obs_0000027326|obs_0000028492|obs_0000031827|obs_0000031616|obs_0000009190|obs_0000014056|obs_0000028288|obs_0000014083|obs_0000005258|obs_0000006026|obs_0000005648|obs_0000006552|obs_0000007452|obs_0000028444|obs_0000029987|obs_0000007079|obs_0000035041|obs_0000006572|obs_0000026676|obs_0000007477|obs_0000006907|obs_0000007098|obs_0000007481|obs_0000009786|obs_0000028220|obs_0000005446|obs_0000005830|obs_0000005832|obs_0000005833|obs_0000006225|obs_0000006226|obs_0000009683|obs_0000005465|obs_0000009315|obs_0000007652|obs_0000006374|obs_0000006378|obs_0000007274|obs_0000006000|obs_0000009204|obs_0000029044|obs_0000005627|obs_0000006910,obs_0000028805|obs_0000009359|obs_0000023315|obs_0000009768|obs_0000026797|obs_0000028602|obs_0000009403|obs_0000027326|obs_0000028492|obs_0000031827|obs_0000005466|obs_0000009190|obs_0000014056|obs_0000028288,ref_000153,obs_0000028805|obs_0000009359|obs_0000023315|obs_0000009768|obs_0000026797|obs_0000028602|obs_0000009403|obs_0000027326|obs_0000028492|obs_0000031827|obs_0000031616|obs_0000009190|obs_0000014056|obs_0000028288|obs_0000014083|obs_0000005258|obs_0000006026|obs_0000005648|obs_0000006552|obs_0000007452|obs_0000028444|obs_0000029987|obs_0000007079|obs_0000035041|obs_0000006572|obs_0000026676|obs_0000007477|obs_0000006907|obs_0000007098|obs_0000007481|obs_0000009786|obs_0000028220|obs_0000005446|obs_0000005830|obs_0000005832|obs_0000005833|obs_0000006225|obs_0000006226|obs_0000009683|obs_0000005465|obs_0000009315|obs_0000007652|obs_0000006374|obs_0000006378|obs_0000007274|obs_0000006000|obs_0000009204|obs_0000029044|obs_0000005627|obs_0000006910,obs_0000028805|obs_0000009359|obs_0000023315|obs_0000009768|obs_0000026797|obs_0000028602|obs_0000009403|obs_0000027326|obs_0000028492|obs_0000031827|obs_0000005466|obs_0000009190|obs_0000014056|obs_0000028288
Mineralwasser,Adelholzener,"€ 5,99",,"1 l = 0,50",,Nein,Gültig bis 28.03,2026-03-23,2026-03-28,images_tegut/tegut_offer_154.jpg,"cat_getraenke,diet_gluten_free,diet_lactose_free,diet_vegan,diet_vegetarian",,ref_000154,obs_0000028841|obs_0000031006|obs_0000027653|obs_0000034851|obs_0000015908|obs_0000031797|obs_0000026205|obs_0000008801|obs_0000003689|obs_0000015481|obs_0000031867|obs_0000012414|obs_0000031871|obs_0000028800|obs_0000034437|obs_0000008841|obs_0000009353|obs_0000027836|obs_0000011969|obs_0000021185|obs_0000027856|obs_0000008437|obs_0000034043|obs_0000034044|obs_0000009985|obs_0000028931|obs_0000035059|obs_0000010519|obs_0000014625|obs_0000028968|obs_0000026948|obs_0000028493|obs_0000008537|obs_0000011123|obs_0000028537|obs_0000028027|obs_0000020366|obs_0000028603|obs_0000034235|obs_0000034238|obs_0000026570|obs_0000013773|obs_0000025562|obs_0000028654|obs_0000014332|obs_0000031249|obs_0000002068|obs_0000024088|obs_0000029232|obs_0000031834,obs_0000027653|obs_0000034851|obs_0000015908|obs_0000031797|obs_0000026205|obs_0000008801|obs_0000003689|obs_0000015481|obs_0000031867|obs_0000012414|obs_0000031871|obs_0000028800|obs_0000034437|obs_0000008841|obs_0000009353|obs_0000028841|obs_0000027836|obs_0000011969|obs_0000021185|obs_0000027856|obs_0000008437|obs_0000034043|obs_0000034044|obs_0000009985|obs_0000028931|obs_0000035059|obs_0000010519|obs_0000031006|obs_0000014625|obs_0000028968|obs_0000026948|obs_0000028493|obs_0000008537|obs_0000011123|obs_0000028537|obs_0000028027|obs_0000020366|obs_0000028603|obs_0000034235|obs_0000034238|obs_0000026570|obs_0000013773|obs_0000025562|obs_0000028654|obs_0000014332,ref_000154,obs_0000028841|obs_0000031006|obs_0000027653|obs_0000034851|obs_0000015908|obs_0000031797|obs_0000026205|obs_0000008801|obs_0000003689|obs_0000015481|obs_0000031867|obs_0000012414|obs_0000031871|obs_0000028800|obs_0000034437|obs_0000008841|obs_0000009353|obs_0000027836|obs_0000011969|obs_0000021185|obs_0000027856|obs_0000008437|obs_0000034043|obs_0000034044|obs_0000009985|obs_0000028931|obs_0000035059|obs_0000010519|obs_0000014625|obs_0000028968|obs_0000026948|obs_0000028493|obs_0000008537|obs_0000011123|obs_0000028537|obs_0000028027|obs_0000020366|obs_0000028603|obs_0000034235|obs_0000034238|obs_0000026570|obs_0000013773|obs_0000025562|obs_0000028654|obs_0000014332|obs_0000031249|obs_0000002068|obs_0000024088|obs_0000029232|obs_0000031834,obs_0000027653|obs_0000034851|obs_0000015908|obs_0000031797|obs_0000026205|obs_0000008801|obs_0000003689|obs_0000015481|obs_0000031867|obs_0000012414|obs_0000031871|obs_0000028800|obs_0000034437|obs_0000008841|obs_0000009353|obs_0000028841|obs_0000027836|obs_0000011969|obs_0000021185|obs_0000027856|obs_0000008437|obs_0000034043|obs_0000034044|obs_0000009985|obs_0000028931|obs_0000035059|obs_0000010519|obs_0000031006|obs_0000014625|obs_0000028968|obs_0000026948|obs_0000028493|obs_0000008537|obs_0000011123|obs_0000028537|obs_0000028027|obs_0000020366|obs_0000028603|obs_0000034235|obs_0000034238|obs_0000026570|obs_0000013773|obs_0000025562|obs_0000028654|obs_0000014332
Mineralwasser,Plose,"€ 1,29",,"pro Einheit = 1,49",,Nein,Gültig bis 28.03,2026-03-23,2026-03-28,images_tegut/tegut_offer_155.jpg,"cat_getraenke,diet_gluten_free,diet_lactose_free,diet_vegan,diet_vegetarian",,ref_000155,obs_0000027653|obs_0000034851|obs_0000015908|obs_0000031797|obs_0000026205|obs_0000008801|obs_0000003689|obs_0000015481|obs_0000031867|obs_0000012414|obs_0000031871|obs_0000028800|obs_0000034437|obs_0000008841|obs_0000009353|obs_0000028841|obs_0000027836|obs_0000011969|obs_0000021185|obs_0000027856|obs_0000008437|obs_0000034043|obs_0000034044|obs_0000009985|obs_0000028931|obs_0000035059|obs_0000010519|obs_0000031006|obs_0000014625|obs_0000028968|obs_0000026948|obs_0000028493|obs_0000008537|obs_0000011123|obs_0000028537|obs_0000028027|obs_0000020366|obs_0000028603|obs_0000034235|obs_0000034238|obs_0000026570|obs_0000013773|obs_0000025562|obs_0000028654|obs_0000014332|obs_0000031249|obs_0000002068|obs_0000024088|obs_0000029232|obs_0000031834,obs_0000027653|obs_0000034851|obs_0000015908|obs_0000031797|obs_0000026205|obs_0000008801|obs_0000003689|obs_0000015481|obs_0000031867|obs_0000012414|obs_0000031871|obs_0000028800|obs_0000034437|obs_0000008841|obs_0000009353|obs_0000028841|obs_0000027836|obs_0000011969|obs_0000021185|obs_0000027856|obs_0000008437|obs_0000034043|obs_0000034044|obs_0000009985|obs_0000028931|obs_0000035059|obs_0000010519|obs_0000031006|obs_0000014625|obs_0000028968|obs_0000026948|obs_0000028493|obs_0000008537|obs_0000011123|obs_0000028537|obs_0000028027|obs_0000020366|obs_0000028603|obs_0000034235|obs_0000034238|obs_0000026570|obs_0000013773|obs_0000025562|obs_0000028654|obs_0000014332,ref_000155,obs_0000027653|obs_0000034851|obs_0000015908|obs_0000031797|obs_0000026205|obs_0000008801|obs_0000003689|obs_0000015481|obs_0000031867|obs_0000012414|obs_0000031871|obs_0000028800|obs_0000034437|obs_0000008841|obs_0000009353|obs_0000028841|obs_0000027836|obs_0000011969|obs_0000021185|obs_0000027856|obs_0000008437|obs_0000034043|obs_0000034044|obs_0000009985|obs_0000028931|obs_0000035059|obs_0000010519|obs_0000031006|obs_0000014625|obs_0000028968|obs_0000026948|obs_0000028493|obs_0000008537|obs_0000011123|obs_0000028537|obs_0000028027|obs_0000020366|obs_0000028603|obs_0000034235|obs_0000034238|obs_0000026570|obs_0000013773|obs_0000025562|obs_0000028654|obs_0000014332|obs_0000031249|obs_0000002068|obs_0000024088|obs_0000029232|obs_0000031834,obs_0000027653|obs_0000034851|obs_0000015908|obs_0000031797|obs_0000026205|obs_0000008801|obs_0000003689|obs_0000015481|obs_0000031867|obs_0000012414|obs_0000031871|obs_0000028800|obs_0000034437|obs_0000008841|obs_0000009353|obs_0000028841|obs_0000027836|obs_0000011969|obs_0000021185|obs_0000027856|obs_0000008437|obs_0000034043|obs_0000034044|obs_0000009985|obs_0000028931|obs_0000035059|obs_0000010519|obs_0000031006|obs_0000014625|obs_0000028968|obs_0000026948|obs_0000028493|obs_0000008537|obs_0000011123|obs_0000028537|obs_0000028027|obs_0000020366|obs_0000028603|obs_0000034235|obs_0000034238|obs_0000026570|obs_0000013773|obs_0000025562|obs_0000028654|obs_0000014332
Saft,Rotbäckchen,"€ 0,88",,"pro Einheit = 1,29",,Nein,Gültig bis 28.03,2026-03-23,2026-03-28,images_tegut/tegut_offer_156.jpg,"cat_fleisch_wurst,tag_ultra_processed,tag_whole_food",BLS-F514600,ref_000156,obs_0000034438|obs_0000032918|obs_0000034047|obs_0000027142|obs_0000026383|obs_0000028431|obs_0000025618|obs_0000024985|obs_0000027674|obs_0000026144|obs_0000026785|obs_0000022436|obs_0000021042|obs_0000016953|obs_0000019142|obs_0000027982|obs_0000033872|obs_0000017106|obs_0000010200|obs_0000017915|obs_0000020223|obs_0000008343|obs_0000029845|obs_0000032021|obs_0000031005|obs_0000015913|obs_0000015914|obs_0000011568|obs_0000011569|obs_0000007474|obs_0000007095|obs_0000031164|obs_0000032190|obs_0000008148|obs_0000029012|obs_0000030300|obs_0000032472|obs_0000034650|obs_0000000868|obs_0000029417|obs_0000029441|obs_0000026036|obs_0000015054|obs_0000030841|obs_0000027407|obs_0000007092|obs_0000005825|obs_0000006726|obs_0000030171|obs_0000032384,obs_0000027142|obs_0000034438|obs_0000026383|obs_0000028431|obs_0000025618|obs_0000032918|obs_0000024985|obs_0000027674|obs_0000034047|obs_0000026144|obs_0000026785|obs_0000022436|obs_0000021042|obs_0000016953|obs_0000019142|obs_0000027982|obs_0000033872|obs_0000017106|obs_0000010200|obs_0000017915|obs_0000020223,ref_000156,obs_0000034438|obs_0000032918|obs_0000034047|obs_0000027142|obs_0000026383|obs_0000028431|obs_0000025618|obs_0000024985|obs_0000027674|obs_0000026144|obs_0000026785|obs_0000022436|obs_0000021042|obs_0000016953|obs_0000019142|obs_0000027982|obs_0000033872|obs_0000017106|obs_0000010200|obs_0000017915|obs_0000020223|obs_0000008343|obs_0000029845|obs_0000032021|obs_0000031005|obs_0000015913|obs_0000015914|obs_0000011568|obs_0000011569|obs_0000007474|obs_0000007095|obs_0000031164|obs_0000032190|obs_0000008148|obs_0000029012|obs_0000030300|obs_0000032472|obs_0000034650|obs_0000000868|obs_0000029417|obs_0000029441|obs_0000026036|obs_0000015054|obs_0000030841|obs_0000027407|obs_0000007092|obs_0000005825|obs_0000006726|obs_0000030171|obs_0000032384,obs_0000027142|obs_0000034438|obs_0000026383|obs_0000028431|obs_0000025618|obs_0000032918|obs_0000024985|obs_0000027674|obs_0000034047|obs_0000026144|obs_0000026785|obs_0000022436|obs_0000021042|obs_0000016953|obs_0000019142|obs_0000027982|obs_0000033872|obs_0000017106|obs_0000010200|obs_0000017915|obs_0000020223
Powerade,Powerade,"€ 0,99",,"pro Einheit = 1,49",,Nein,Gültig bis 28.03,2026-03-23,2026-03-28,images_tegut/tegut_offer_158.jpg,"cat_getraenke,diet_vegetarian,tag_ultra_processed",,ref_000158,obs_0000032708|obs_0000029011|obs_0000029975|obs_0000005640,obs_0000032708|obs_0000029011|obs_0000029975,ref_000158,obs_0000032708|obs_0000029011|obs_0000029975|obs_0000005640,obs_0000032708|obs_0000029011|obs_0000029975
Cola-Mix,Giesinger,"€ 0,79",,"pro Einheit = 0,99",,Nein,Gültig bis 28.03,2026-03-23,2026-03-28,images_tegut/tegut_offer_159.jpg,"cat_getraenke,tag_ultra_processed",,ref_000159,obs_0000026704|obs_0000028943|obs_0000026971|obs_0000027324|obs_0000031839|obs_0000015478|obs_0000013560|obs_0000011966|obs_0000008435|obs_0000031391|obs_0000014342|obs_0000026646|obs_0000034850|obs_0000004177|obs_0000024700|obs_0000008405|obs_0000016686|obs_0000020844|obs_0000016754|obs_0000027015|obs_0000027037|obs_0000000445|obs_0000004604|obs_0000008772|obs_0000008921|obs_0000000810|obs_0000009023|obs_0000017246|obs_0000009119|obs_0000015266|obs_0000019364|obs_0000005031|obs_0000003042|obs_0000001014|obs_0000031900|obs_0000021663|obs_0000027814|obs_0000017639|obs_0000027972|obs_0000028026|obs_0000028226|obs_0000013978|obs_0000026287|obs_0000011967|obs_0000026323|obs_0000022338|obs_0000026438|obs_0000018375|obs_0000006206|obs_0000005628,obs_0000026704|obs_0000028943|obs_0000026971|obs_0000027324|obs_0000031839|obs_0000015478|obs_0000013560|obs_0000011966,ref_000159,obs_0000026704|obs_0000028943|obs_0000026971|obs_0000027324|obs_0000031839|obs_0000015478|obs_0000013560|obs_0000011966|obs_0000008435|obs_0000031391|obs_0000014342|obs_0000026646|obs_0000034850|obs_0000004177|obs_0000024700|obs_0000008405|obs_0000016686|obs_0000020844|obs_0000016754|obs_0000027015|obs_0000027037|obs_0000000445|obs_0000004604|obs_0000008772|obs_0000008921|obs_0000000810|obs_0000009023|obs_0000017246|obs_0000009119|obs_0000015266|obs_0000019364|obs_0000005031|obs_0000003042|obs_0000001014|obs_0000031900|obs_0000021663|obs_0000027814|obs_0000017639|obs_0000027972|obs_0000028026|obs_0000028226|obs_0000013978|obs_0000026287|obs_0000011967|obs_0000026323|obs_0000022338|obs_0000026438|obs_0000018375|obs_0000006206|obs_0000005628,obs_0000026704|obs_0000028943|obs_0000026971|obs_0000027324|obs_0000031839|obs_0000015478|obs_0000013560|obs_0000011966
Bionade,Bionade,"€ 8,99",,"1 l = 1,89",,Nein,Gültig bis 28.03,2026-03-23,2026-03-28,images_tegut/tegut_offer_160.jpg,"cat_getraenke,diet_lactose_free,diet_vegan,diet_vegetarian,tag_ultra_processed",BLS-F503100,ref_000160,obs_0000030930|obs_0000031004|obs_0000029983|obs_0000007679|obs_0000006024,obs_0000030930|obs_0000028310|obs_0000031004|obs_0000029983,ref_000160,obs_0000030930|obs_0000031004|obs_0000029983|obs_0000007679|obs_0000006024,obs_0000030930|obs_0000028310|obs_0000031004|obs_0000029983
Limonade,Sinalco,"€ 7,99",,"pro Einheit = 11,49",,Nein,Gültig bis 28.03,2026-03-23,2026-03-28,images_tegut/tegut_offer_162.jpg,"cat_getraenke,tag_ultra_processed",,ref_000162,obs_0000017032|obs_0000028310|obs_0000031651|obs_0000026276|obs_0000027047|obs_0000027567|obs_0000016311|obs_0000009657|obs_0000026058|obs_0000026581|obs_0000026204|obs_0000027133|obs_0000034435|obs_0000028424|obs_0000030350|obs_0000009877|obs_0000029980|obs_0000010526|obs_0000001440|obs_0000031041|obs_0000009416|obs_0000008779|obs_0000025425|obs_0000006371|obs_0000006363|obs_0000031347|obs_0000007678|obs_0000005257|obs_0000015266|obs_0000007080|obs_0000007473|obs_0000005812|obs_0000011967|obs_0000006206|obs_0000005829|obs_0000006361|obs_0000005628|obs_0000031392|obs_0000030940,obs_0000017032|obs_0000028310|obs_0000031651|obs_0000026276|obs_0000027047|obs_0000027567|obs_0000016311|obs_0000009657|obs_0000026058|obs_0000026581|obs_0000026204|obs_0000027133,ref_000162,obs_0000017032|obs_0000028310|obs_0000031651|obs_0000026276|obs_0000027047|obs_0000027567|obs_0000016311|obs_0000009657|obs_0000026058|obs_0000026581|obs_0000026204|obs_0000027133|obs_0000034435|obs_0000028424|obs_0000030350|obs_0000009877|obs_0000029980|obs_0000010526|obs_0000001440|obs_0000031041|obs_0000009416|obs_0000008779|obs_0000025425|obs_0000006371|obs_0000006363|obs_0000031347|obs_0000007678|obs_0000005257|obs_0000015266|obs_0000007080|obs_0000007473|obs_0000005812|obs_0000011967|obs_0000006206|obs_0000005829|obs_0000006361|obs_0000005628|obs_0000031392|obs_0000030940,obs_0000017032|obs_0000028310|obs_0000031651|obs_0000026276|obs_0000027047|obs_0000027567|obs_0000016311|obs_0000009657|obs_0000026058|obs_0000026581|obs_0000026204|obs_0000027133
Classic Zahncreme,aronal oder elmex,"€ 3,79",,"pro Einheit = 4,49",,Nein,Gültig bis 28.03,2026-03-23,2026-03-28,images_tegut/tegut_offer_163.jpg,"cat_drogerie,tag_ultra_processed",,ref_000163,obs_0000035062|obs_0000028510|obs_0000034251|obs_0000028624|obs_0000033041|obs_0000025668|obs_0000028751|obs_0000001628|obs_0000012899|obs_0000001643|obs_0000020596|obs_0000008315|obs_0000031914|obs_0000015018|obs_0000012467|obs_0000027360|obs_0000012024|obs_0000026884|obs_0000015114|obs_0000011543|obs_0000024877|obs_0000035101|obs_0000022872|obs_0000034649|obs_0000021415|obs_0000031658,obs_0000035062|obs_0000034251,ref_000163,obs_0000035062|obs_0000028510|obs_0000034251|obs_0000028624|obs_0000033041|obs_0000025668|obs_0000028751|obs_0000001628|obs_0000012899|obs_0000001643|obs_0000020596|obs_0000008315|obs_0000031914|obs_0000015018|obs_0000012467|obs_0000027360|obs_0000012024|obs_0000026884|obs_0000015114|obs_0000011543|obs_0000024877|obs_0000035101|obs_0000022872|obs_0000034649|obs_0000021415|obs_0000031658,obs_0000035062|obs_0000034251
Anti-Schuppen-Shampoo,Head Shoulders,"€ 3,79",,"pro Einheit = 4,49",,Nein,Gültig bis 28.03,2026-03-23,2026-03-28,images_tegut/tegut_offer_164.jpg,cat_drogerie,,ref_000164,obs_0000021027|obs_0000021690|obs_0000020208|obs_0000026350|obs_0000024185|obs_0000023759|obs_0000023249|obs_0000019354|obs_0000028680|obs_0000009796|obs_0000004179|obs_0000033372|obs_0000009325|obs_0000032877|obs_0000011610|obs_0000001916|obs_0000028560|obs_0000005033|obs_0000000446|obs_0000004606|obs_0000034854|obs_0000032840|obs_0000019053|obs_0000024178|obs_0000033398|obs_0000021647|obs_0000010913|obs_0000033460|obs_0000023755|obs_0000009955|obs_0000033529|obs_0000021764|obs_0000034052|obs_0000035066|obs_0000009494|obs_0000033059|obs_0000033092|obs_0000033623|obs_0000020828|obs_0000034662|obs_0000033133|obs_0000033649|obs_0000008067|obs_0000033168|obs_0000010154|obs_0000033215|obs_0000034239|obs_0000033227|obs_0000033237|obs_0000033244,obs_0000021027|obs_0000024185|obs_0000021690|obs_0000023759|obs_0000023249|obs_0000026350|obs_0000020208|obs_0000019354,ref_000164,obs_0000021027|obs_0000021690|obs_0000020208|obs_0000026350|obs_0000024185|obs_0000023759|obs_0000023249|obs_0000019354|obs_0000028680|obs_0000009796|obs_0000004179|obs_0000033372|obs_0000009325|obs_0000032877|obs_0000011610|obs_0000001916|obs_0000028560|obs_0000005033|obs_0000000446|obs_0000004606|obs_0000034854|obs_0000032840|obs_0000019053|obs_0000024178|obs_0000033398|obs_0000021647|obs_0000010913|obs_0000033460|obs_0000023755|obs_0000009955|obs_0000033529|obs_0000021764|obs_0000034052|obs_0000035066|obs_0000009494|obs_0000033059|obs_0000033092|obs_0000033623|obs_0000020828|obs_0000034662|obs_0000033133|obs_0000033649|obs_0000008067|obs_0000033168|obs_0000010154|obs_0000033215|obs_0000034239|obs_0000033227|obs_0000033237|obs_0000033244,obs_0000021027|obs_0000024185|obs_0000021690|obs_0000023759|obs_0000023249|obs_0000026350|obs_0000020208|obs_0000019354
Dusche Advanced Care,Dove,"€ 2,49",,"pro Einheit = 3,29",,Nein,Gültig bis 28.03,2026-03-23,2026-03-28,images_tegut/tegut_offer_165.jpg,cat_drogerie,,ref_000165,obs_0000014086|obs_0000034859|obs_0000034242|obs_0000033117|obs_0000015974|obs_0000026063|obs_0000033378|obs_0000033172|obs_0000032797|obs_0000033579|obs_0000033199|obs_0000032947|obs_0000027449|obs_0000026834|obs_0000033371|obs_0000033374|obs_0000034665|obs_0000033522,obs_0000015974,ref_000165,obs_0000014086|obs_0000034859|obs_0000034242|obs_0000033117|obs_0000015974|obs_0000026063|obs_0000033378|obs_0000033172|obs_0000032797|obs_0000033579|obs_0000033199|obs_0000032947|obs_0000027449|obs_0000026834|obs_0000033371|obs_0000033374|obs_0000034665|obs_0000033522,obs_0000015974
Rasierklingen Hydro 5 Sensitive oder Intuition 2in1 Sensitive,Wilkinson,"€ 9,99",,"pro Einheit = 9,99",,Nein,Gültig bis 28.03,2026-03-23,2026-03-28,images_tegut/tegut_offer_166.jpg,cat_drogerie,,ref_000166,obs_0000015971,,ref_000166,obs_0000015971,
Flüssigseife Aloe Vera,Sagrotan,"€ 1,99",,"pro Einheit = 2,49",,Nein,Gültig bis 28.03,2026-03-23,2026-03-28,,"cat_drogerie,diet_vegetarian",,ref_000167,obs_0000010759|obs_0000030240|obs_0000029234|obs_0000009217|obs_0000034059|obs_0000009697|obs_0000011621|obs_0000015973|obs_0000009084,,ref_000167,obs_0000010759|obs_0000030240|obs_0000029234|obs_0000009217|obs_0000034059|obs_0000009697|obs_0000011621|obs_0000015973|obs_0000009084,
Anti Pickel Patches,Selfie Project,"€ 1,49",,"pro Einheit = 1,99",,Nein,Gültig bis 28.03,2026-03-23,2026-03-28,images_tegut/tegut_offer_168.jpg,cat_drogerie,,ref_000168,,,ref_000168,,
Everyday Shampoo oder Lotion,Sebamed,"€ 3,49",,"pro Einheit = 3,99",,Nein,Gültig bis 28.03,2026-03-23,2026-03-28,images_tegut/tegut_offer_169.jpg,cat_drogerie,,ref_000169,obs_0000034050|obs_0000032840|obs_0000032877|obs_0000033059|obs_0000033092|obs_0000033133|obs_0000033168|obs_0000000446|obs_0000033215|obs_0000033227|obs_0000033237|obs_0000033244|obs_0000033372|obs_0000033398|obs_0000033460|obs_0000033529|obs_0000033623|obs_0000033649|obs_0000009325|obs_0000034052|obs_0000009494|obs_0000034239|obs_0000009796|obs_0000009955|obs_0000034662|obs_0000001916|obs_0000010154|obs_0000034854|obs_0000035066|obs_0000019053|obs_0000010913|obs_0000011610|obs_0000028560|obs_0000028680|obs_0000004179|obs_0000020828|obs_0000004606|obs_0000005033|obs_0000021647|obs_0000021764|obs_0000023755|obs_0000024178|obs_0000008067,,ref_000169,obs_0000034050|obs_0000032840|obs_0000032877|obs_0000033059|obs_0000033092|obs_0000033133|obs_0000033168|obs_0000000446|obs_0000033215|obs_0000033227|obs_0000033237|obs_0000033244|obs_0000033372|obs_0000033398|obs_0000033460|obs_0000033529|obs_0000033623|obs_0000033649|obs_0000009325|obs_0000034052|obs_0000009494|obs_0000034239|obs_0000009796|obs_0000009955|obs_0000034662|obs_0000001916|obs_0000010154|obs_0000034854|obs_0000035066|obs_0000019053|obs_0000010913|obs_0000011610|obs_0000028560|obs_0000028680|obs_0000004179|obs_0000020828|obs_0000004606|obs_0000005033|obs_0000021647|obs_0000021764|obs_0000023755|obs_0000024178|obs_0000008067,
baby-dry Pants oder premium protection Windeln Single Pack,Pampers,"€ 7,99",,"pro Einheit = 8,99",,Nein,Gültig bis 28.03,2026-03-23,2026-03-28,images_tegut/tegut_offer_170.jpg,"cat_getraenke,tag_high_protein",,ref_000170,obs_0000028291|obs_0000033663|obs_0000028270|obs_0000010031|obs_0000009580|obs_0000017793|obs_0000013812|obs_0000030073|obs_0000030079|obs_0000002091|obs_0000011163|obs_0000012888|obs_0000034447|obs_0000013484|obs_0000012464|obs_0000014672,,ref_000170,obs_0000028291|obs_0000033663|obs_0000028270|obs_0000010031|obs_0000009580|obs_0000017793|obs_0000013812|obs_0000030073|obs_0000030079|obs_0000002091|obs_0000011163|obs_0000012888|obs_0000034447|obs_0000013484|obs_0000012464|obs_0000014672,
Deospray,Nivea,"€ 2,49",,"1 l = 16,60",,Nein,Gültig bis 28.03,2026-03-23,2026-03-28,images_tegut/tegut_offer_172.jpg,cat_drogerie,,ref_000172,obs_0000026145|obs_0000031852|obs_0000033019|obs_0000032800|obs_0000003229|obs_0000026277|obs_0000033454|obs_0000032945|obs_0000027389|obs_0000015110|obs_0000013583|obs_0000035064|obs_0000033577|obs_0000002346|obs_0000034658|obs_0000026566|obs_0000008104|obs_0000003531|obs_0000033366|obs_0000032772|obs_0000032276|obs_0000034445|obs_0000005295|obs_0000029400|obs_0000031052|obs_0000005487|obs_0000029052|obs_0000030081|obs_0000032140|obs_0000014231|obs_0000033258|obs_0000034859|obs_0000033848|obs_0000033457|obs_0000034053|obs_0000015115|obs_0000013584|obs_0000033576|obs_0000007505|obs_0000033117|obs_0000033196|obs_0000034242|obs_0000032778|obs_0000029739|obs_0000025255|obs_0000021251|obs_0000020432|obs_0000007295,obs_0000032800|obs_0000026145|obs_0000012900|obs_0000031852|obs_0000003229|obs_0000026277|obs_0000033454|obs_0000005295|obs_0000032945|obs_0000033019|obs_0000027389|obs_0000015110|obs_0000013582|obs_0000013583|obs_0000035064|obs_0000033577|obs_0000002346|obs_0000034658|obs_0000011176|obs_0000026566,ref_000172,obs_0000026145|obs_0000031852|obs_0000033019|obs_0000032800|obs_0000003229|obs_0000026277|obs_0000033454|obs_0000032945|obs_0000027389|obs_0000015110|obs_0000013583|obs_0000035064|obs_0000033577|obs_0000002346|obs_0000034658|obs_0000026566|obs_0000008104|obs_0000003531|obs_0000033366|obs_0000032772|obs_0000032276|obs_0000034445|obs_0000005295|obs_0000029400|obs_0000031052|obs_0000005487|obs_0000029052|obs_0000030081|obs_0000032140|obs_0000014231|obs_0000033258|obs_0000034859|obs_0000033848|obs_0000033457|obs_0000034053|obs_0000015115|obs_0000013584|obs_0000033576|obs_0000007505|obs_0000033117|obs_0000033196|obs_0000034242|obs_0000032778|obs_0000029739|obs_0000025255|obs_0000021251|obs_0000020432|obs_0000007295,obs_0000032800|obs_0000026145|obs_0000012900|obs_0000031852|obs_0000003229|obs_0000026277|obs_0000033454|obs_0000005295|obs_0000032945|obs_0000033019|obs_0000027389|obs_0000015110|obs_0000013582|obs_0000013583|obs_0000035064|obs_0000033577|obs_0000002346|obs_0000034658|obs_0000011176|obs_0000026566
Bio-Quetschmus Frucht,demeter Holle,"€ 0,77",,"pro Einheit = 0,99",,Nein,Gültig bis 28.03,2026-03-23,2026-03-28,images_tegut/tegut_offer_173.jpg,"cat_obst_gemuese,diet_gluten_free,diet_lactose_free,diet_vegan,diet_vegetarian,tag_ultra_processed",,ref_000173,obs_0000010771|obs_0000012462|obs_0000015516,,ref_000173,obs_0000010771|obs_0000012462|obs_0000015516,
Bio-Garten- und Hochbeeterde torffrei,Greenworld,"€ 2,99",,"pro Einheit = 3,99",,Nein,Gültig bis 28.03,2026-03-23,2026-03-28,images_tegut/tegut_offer_174.jpg,"cat_non_food,diet_lactose_free",,ref_000174,,,ref_000174,,
So gut wie es aussieht Katzennahrung,Felix,"€ 3,99",,"pro Einheit = 4,99",,Nein,Gültig bis 28.03,2026-03-23,2026-03-28,images_tegut/tegut_offer_175.jpg,cat_tiernahrung,,ref_000175,obs_0000034062|obs_0000008604|obs_0000019278|obs_0000013736|obs_0000012491|obs_0000015701|obs_0000014398,obs_0000034062,ref_000175,obs_0000034062|obs_0000008604|obs_0000019278|obs_0000013736|obs_0000012491|obs_0000015701|obs_0000014398,obs_0000034062
Blumenmischung,Blumenmischung,"€ 3,99",,"pro Einheit = 4,99",,Nein,Gültig bis 28.03,2026-03-23,2026-03-28,images_tegut/tegut_offer_176.jpg,"cat_knabbern_naschen,tag_ultra_processed",,ref_000176,,,ref_000176,,
Waschmittel Pulver,Persil,"€ 17,99",,"pro Einheit = 0,18",,Nein,Gültig bis 28.03,2026-03-23,2026-03-28,images_tegut/tegut_offer_177.jpg,cat_drogerie,,ref_000177,obs_0000032848|obs_0000033136|obs_0000034253|obs_0000018542|obs_0000019568|obs_0000012454|obs_0000025598|obs_0000027175|obs_0000018449|obs_0000034866|obs_0000027703|obs_0000012875|obs_0000016462|obs_0000023646|obs_0000024174|obs_0000013946|obs_0000025217|obs_0000026760|obs_0000021665|obs_0000033445|obs_0000002728|obs_0000023748|obs_0000023244|obs_0000025812|obs_0000018152|obs_0000017654|obs_0000015109|obs_0000033069|obs_0000022331|obs_0000022340|obs_0000018794|obs_0000020846|obs_0000019827|obs_0000022410|obs_0000012181|obs_0000003486|obs_0000019384|obs_0000017352|obs_0000026568|obs_0000022520|obs_0000007921,obs_0000028748|obs_0000032848|obs_0000033136|obs_0000034253,ref_000177,obs_0000032848|obs_0000033136|obs_0000034253|obs_0000018542|obs_0000019568|obs_0000012454|obs_0000025598|obs_0000027175|obs_0000018449|obs_0000034866|obs_0000027703|obs_0000012875|obs_0000016462|obs_0000023646|obs_0000024174|obs_0000013946|obs_0000025217|obs_0000026760|obs_0000021665|obs_0000033445|obs_0000002728|obs_0000023748|obs_0000023244|obs_0000025812|obs_0000018152|obs_0000017654|obs_0000015109|obs_0000033069|obs_0000022331|obs_0000022340|obs_0000018794|obs_0000020846|obs_0000019827|obs_0000022410|obs_0000012181|obs_0000003486|obs_0000019384|obs_0000017352|obs_0000026568|obs_0000022520|obs_0000007921,obs_0000028748|obs_0000032848|obs_0000033136|obs_0000034253
Vitamin C Zink ider Sport Iso Aktiv,Abtei,"€ 2,99",,"1 kg = 47,46",,Nein,Gültig bis 28.03,2026-03-23,2026-03-28,images_tegut/tegut_offer_178.jpg,"cat_drogerie,tag_ultra_processed",,ref_000178,obs_0000000390|obs_0000004522|obs_0000004949|obs_0000004095,,ref_000178,obs_0000000390|obs_0000004522|obs_0000004949|obs_0000004095,
Toilettenpapier,Softis,"€ 3,79",,"pro Einheit = 5,29",,Nein,Gültig bis 28.03,2026-03-23,2026-03-28,images_tegut/tegut_offer_179.jpg,cat_drogerie,,ref_000179,obs_0000010282|obs_0000033135|obs_0000000527|obs_0000003599|obs_0000001568|obs_0000033855|obs_0000002116|obs_0000026693|obs_0000024163|obs_0000013932|obs_0000004745|obs_0000013454|obs_0000027323|obs_0000023741|obs_0000034994|obs_0000028373|obs_0000025816|obs_0000028891|obs_0000026332|obs_0000004318|obs_0000033514|obs_0000000748|obs_0000033004|obs_0000000261|obs_0000008992|obs_0000000809|obs_0000003891|obs_0000001341|obs_0000014665|obs_0000033636|obs_0000028024|obs_0000006587|obs_0000011770|obs_0000005667|obs_0000029750|obs_0000015949|obs_0000012878|obs_0000015950|obs_0000008297|obs_0000006764|obs_0000007297|obs_0000031364|obs_0000009866|obs_0000028827|obs_0000002720|obs_0000005291|obs_0000033456|obs_0000009406|obs_0000012006|obs_0000014068,obs_0000000527|obs_0000003599|obs_0000001568|obs_0000010282|obs_0000033855|obs_0000002116|obs_0000026693|obs_0000024163|obs_0000013932|obs_0000004745|obs_0000013454|obs_0000027323|obs_0000023741|obs_0000034994|obs_0000028373|obs_0000025816|obs_0000028891|obs_0000026332|obs_0000004318|obs_0000033514|obs_0000000748|obs_0000033004|obs_0000000261|obs_0000008992|obs_0000000809|obs_0000003891|obs_0000001341|obs_0000014665|obs_0000033636|obs_0000033135|obs_0000028024|obs_0000006587|obs_0000011770,ref_000179,obs_0000010282|obs_0000033135|obs_0000000527|obs_0000003599|obs_0000001568|obs_0000033855|obs_0000002116|obs_0000026693|obs_0000024163|obs_0000013932|obs_0000004745|obs_0000013454|obs_0000027323|obs_0000023741|obs_0000034994|obs_0000028373|obs_0000025816|obs_0000028891|obs_0000026332|obs_0000004318|obs_0000033514|obs_0000000748|obs_0000033004|obs_0000000261|obs_0000008992|obs_0000000809|obs_0000003891|obs_0000001341|obs_0000014665|obs_0000033636|obs_0000028024|obs_0000006587|obs_0000011770|obs_0000005667|obs_0000029750|obs_0000015949|obs_0000012878|obs_0000015950|obs_0000008297|obs_0000006764|obs_0000007297|obs_0000031364|obs_0000009866|obs_0000028827|obs_0000002720|obs_0000005291|obs_0000033456|obs_0000009406|obs_0000012006|obs_0000014068,obs_0000000527|obs_0000003599|obs_0000001568|obs_0000010282|obs_0000033855|obs_0000002116|obs_0000026693|obs_0000024163|obs_0000013932|obs_0000004745|obs_0000013454|obs_0000027323|obs_0000023741|obs_0000034994|obs_0000028373|obs_0000025816|obs_0000028891|obs_0000026332|obs_0000004318|obs_0000033514|obs_0000000748|obs_0000033004|obs_0000000261|obs_0000008992|obs_0000000809|obs_0000003891|obs_0000001341|obs_0000014665|obs_0000033636|obs_0000033135|obs_0000028024|obs_0000006587|obs_0000011770
Binden,Camelia,"€ 1,49",,"pro Einheit = 2,29",,Nein,Gültig bis 28.03,2026-03-23,2026-03-28,images_tegut/tegut_offer_180.jpg,"cat_non_food,diet_vegetarian,tag_ultra_processed",BLS-F130100,ref_000180,obs_0000022875,,ref_000180,obs_0000022875,
Magnesium 500 B12 oder B12 C D3,Doppelherz,"€ 3,99",,"1 kg = 78,24",,Nein,Gültig bis 28.03,2026-03-23,2026-03-28,images_tegut/tegut_offer_181.jpg,"cat_getraenke,tag_ultra_processed",,ref_000181,obs_0000003869|obs_0000004296|obs_0000032974|obs_0000003796|obs_0000000244|obs_0000004723,,ref_000181,obs_0000003869|obs_0000004296|obs_0000032974|obs_0000003796|obs_0000000244|obs_0000004723,
Bio-Hunde- oder Katzennahrung,Yarrah,"€ 1,99",,"1 kg = 4,91",,Nein,Gültig bis 28.03,2026-03-23,2026-03-28,images_tegut/tegut_offer_183.jpg,cat_tiernahrung,,ref_000183,obs_0000034257|obs_0000034869|obs_0000033541|obs_0000034456|obs_0000026441|obs_0000027821|obs_0000012491|obs_0000013736|obs_0000014307|obs_0000014398|obs_0000015533|obs_0000015701|obs_0000008127,,ref_000183,obs_0000034257|obs_0000034869|obs_0000033541|obs_0000034456|obs_0000026441|obs_0000027821|obs_0000012491|obs_0000013736|obs_0000014307|obs_0000014398|obs_0000015533|obs_0000015701|obs_0000008127,
Waschmittel,Frosch,"€ 4,44",,"pro Einheit = 4,99",,Nein,Gültig bis 28.03,2026-03-23,2026-03-28,images_tegut/tegut_offer_185.jpg,cat_drogerie,,ref_000185,obs_0000018449|obs_0000034866|obs_0000027703|obs_0000012875|obs_0000016462|obs_0000023646|obs_0000018542|obs_0000024174|obs_0000019568|obs_0000013946|obs_0000025217|obs_0000026760|obs_0000021665|obs_0000033445|obs_0000012454|obs_0000002728|obs_0000023748|obs_0000023244|obs_0000025812|obs_0000018152|obs_0000017654|obs_0000015109|obs_0000033069|obs_0000022331|obs_0000022340|obs_0000018794|obs_0000020846|obs_0000019827|obs_0000022410|obs_0000012181|obs_0000003486|obs_0000019384|obs_0000017352|obs_0000026568|obs_0000022520|obs_0000025598|obs_0000033446|obs_0000005662|obs_0000029731|obs_0000033858|obs_0000032848|obs_0000033361|obs_0000033370|obs_0000001139|obs_0000024698|obs_0000007291|obs_0000033426|obs_0000034457|obs_0000032992|obs_0000021736,obs_0000018449|obs_0000034866|obs_0000027703|obs_0000012875|obs_0000016462|obs_0000023646|obs_0000018542|obs_0000024174|obs_0000019568|obs_0000013946|obs_0000025217|obs_0000026760|obs_0000021665|obs_0000033445|obs_0000012454|obs_0000002728|obs_0000023748|obs_0000023244|obs_0000025812|obs_0000018152|obs_0000017654|obs_0000015109|obs_0000033069|obs_0000022331|obs_0000022340|obs_0000018794|obs_0000020846|obs_0000019827|obs_0000022410|obs_0000012181|obs_0000003486|obs_0000019384|obs_0000017352|obs_0000026568|obs_0000022520|obs_0000025598,ref_000185,obs_0000018449|obs_0000034866|obs_0000027703|obs_0000012875|obs_0000016462|obs_0000023646|obs_0000018542|obs_0000024174|obs_0000019568|obs_0000013946|obs_0000025217|obs_0000026760|obs_0000021665|obs_0000033445|obs_0000012454|obs_0000002728|obs_0000023748|obs_0000023244|obs_0000025812|obs_0000018152|obs_0000017654|obs_0000015109|obs_0000033069|obs_0000022331|obs_0000022340|obs_0000018794|obs_0000020846|obs_0000019827|obs_0000022410|obs_0000012181|obs_0000003486|obs_0000019384|obs_0000017352|obs_0000026568|obs_0000022520|obs_0000025598|obs_0000033446|obs_0000005662|obs_0000029731|obs_0000033858|obs_0000032848|obs_0000033361|obs_0000033370|obs_0000001139|obs_0000024698|obs_0000007291|obs_0000033426|obs_0000034457|obs_0000032992|obs_0000021736,obs_0000018449|obs_0000034866|obs_0000027703|obs_0000012875|obs_0000016462|obs_0000023646|obs_0000018542|obs_0000024174|obs_0000019568|obs_0000013946|obs_0000025217|obs_0000026760|obs_0000021665|obs_0000033445|obs_0000012454|obs_0000002728|obs_0000023748|obs_0000023244|obs_0000025812|obs_0000018152|obs_0000017654|obs_0000015109|obs_0000033069|obs_0000022331|obs_0000022340|obs_0000018794|obs_0000020846|obs_0000019827|obs_0000022410|obs_0000012181|obs_0000003486|obs_0000019384|obs_0000017352|obs_0000026568|obs_0000022520|obs_0000025598
Pflegelotion,Weleda,"€ 8,90",,"pro Einheit = 8,90",,Nein,Gültig bis 28.03,2026-03-23,2026-03-28,images_tegut/tegut_offer_190.jpg,cat_drogerie,,ref_000190,,,ref_000190,,
Löffel Ei,Milka,"€ 3,99",,"pro Einheit = 4,99",,Nein,Gültig bis 28.03,2026-03-23,2026-03-28,images_tegut/tegut_offer_195.jpg,"cat_knabbern_naschen,diet_vegetarian,tag_ultra_processed",,ref_000195,obs_0000024694,,ref_000195,obs_0000024694,
Trinkflasche,Sigg,"€ 16,99",,"pro Einheit = 19,99",,Nein,Gültig bis 28.03,2026-03-23,2026-03-28,images_tegut/tegut_offer_196.jpg,cat_non_food,,ref_000196,obs_0000028002|obs_0000023842|obs_0000008262|obs_0000024265|obs_0000026802|obs_0000009924|obs_0000010831|obs_0000010832|obs_0000009460|obs_0000008546|obs_0000000771,obs_0000023842|obs_0000028002|obs_0000008262|obs_0000024265|obs_0000026802,ref_000196,obs_0000028002|obs_0000023842|obs_0000008262|obs_0000024265|obs_0000026802|obs_0000009924|obs_0000010831|obs_0000010832|obs_0000009460|obs_0000008546|obs_0000000771,obs_0000023842|obs_0000028002|obs_0000008262|obs_0000024265|obs_0000026802
Schoko-Eier,Riegelein,"€ 3,99",,"pro Einheit = 4,49",,Nein,Gültig bis 28.03,2026-03-23,2026-03-28,,"cat_knabbern_naschen,diet_vegetarian,tag_ultra_processed",BLS-D7A7600,ref_000197,obs_0000008570,,ref_000197,obs_0000008570,
Minis,Mars,"€ 2,79",,"pro Einheit = 3,99",,Nein,Gültig bis 28.03,2026-03-23,2026-03-28,images_tegut/tegut_offer_198.jpg,"cat_knabbern_naschen,diet_gluten_free,diet_lactose_free,diet_vegan,diet_vegetarian,tag_ultra_processed",,ref_000198,obs_0000019480|obs_0000025627|obs_0000015901|obs_0000019541|obs_0000012394|obs_0000025800|obs_0000024884|obs_0000016191|obs_0000011085|obs_0000022992|obs_0000013779|obs_0000013309|obs_0000022527|obs_0000017921|obs_0000027652|obs_0000004633|obs_0000004206|obs_0000003779|obs_0000017711|obs_0000005060|obs_0000000469|obs_0000012802|obs_0000014861|obs_0000001550|obs_0000004111|obs_0000008732|obs_0000027681|obs_0000022061|obs_0000010298|obs_0000034379|obs_0000020557|obs_0000025211|obs_0000001186|obs_0000001189|obs_0000011962|obs_0000003791|obs_0000014554|obs_0000001759|obs_0000033009|obs_0000004850|obs_0000006386|obs_0000021245|obs_0000006923|obs_0000033553|obs_0000026916|obs_0000035089|obs_0000034613|obs_0000014139|obs_0000000326|obs_0000004423,obs_0000019480|obs_0000025627|obs_0000015901|obs_0000019541|obs_0000012394|obs_0000025800|obs_0000024884|obs_0000016191|obs_0000011085|obs_0000022992|obs_0000013779|obs_0000013309|obs_0000022527,ref_000198,obs_0000019480|obs_0000025627|obs_0000015901|obs_0000019541|obs_0000012394|obs_0000025800|obs_0000024884|obs_0000016191|obs_0000011085|obs_0000022992|obs_0000013779|obs_0000013309|obs_0000022527|obs_0000017921|obs_0000027652|obs_0000004633|obs_0000004206|obs_0000003779|obs_0000017711|obs_0000005060|obs_0000000469|obs_0000012802|obs_0000014861|obs_0000001550|obs_0000004111|obs_0000008732|obs_0000027681|obs_0000022061|obs_0000010298|obs_0000034379|obs_0000020557|obs_0000025211|obs_0000001186|obs_0000001189|obs_0000011962|obs_0000003791|obs_0000014554|obs_0000001759|obs_0000033009|obs_0000004850|obs_0000006386|obs_0000021245|obs_0000006923|obs_0000033553|obs_0000026916|obs_0000035089|obs_0000034613|obs_0000014139|obs_0000000326|obs_0000004423,obs_0000019480|obs_0000025627|obs_0000015901|obs_0000019541|obs_0000012394|obs_0000025800|obs_0000024884|obs_0000016191|obs_0000011085|obs_0000022992|obs_0000013779|obs_0000013309|obs_0000022527
Lotti Karotti,Ravensburger,"€ 6,99",,"pro Einheit = 8,99",,Nein,Gültig bis 28.03,2026-03-23,2026-03-28,images_tegut/tegut_offer_199.jpg,"cat_sonstiges,diet_vegetarian",,ref_000199,,,ref_000199,,
Natur-Eierfarben,nawaro,"€ 2,99",,"pro Einheit = 2,99",,Nein,Gültig bis 28.03,2026-03-23,2026-03-28,images_tegut/tegut_offer_201.jpg,"cat_grundnahrung,diet_gluten_free,diet_lactose_free,diet_vegan,diet_vegetarian",,ref_000201,obs_0000028889|obs_0000001347|obs_0000009644,,ref_000201,obs_0000028889|obs_0000001347|obs_0000009644,
Celebrations,Celebrations,"€ 2,99",,"pro Einheit = 4,49",,Nein,Gültig bis 28.03,2026-03-23,2026-03-28,,"cat_knabbern_naschen,tag_ultra_processed",,ref_000202,obs_0000024083|obs_0000034479|obs_0000022966|obs_0000024507|obs_0000019081|obs_0000007692|obs_0000026769|obs_0000031920|obs_0000021297|obs_0000035102|obs_0000032953|obs_0000028737|obs_0000021700|obs_0000025414|obs_0000005846|obs_0000025817|obs_0000033116|obs_0000023644|obs_0000018528|obs_0000027878|obs_0000020478,obs_0000019081|obs_0000007692|obs_0000026769|obs_0000024083|obs_0000034479|obs_0000031920|obs_0000021297|obs_0000022966|obs_0000035102|obs_0000032953|obs_0000024507|obs_0000028737|obs_0000021700|obs_0000025414|obs_0000005846|obs_0000025817|obs_0000033116|obs_0000023644|obs_0000018528|obs_0000027878|obs_0000020478,ref_000202,obs_0000024083|obs_0000034479|obs_0000022966|obs_0000024507|obs_0000019081|obs_0000007692|obs_0000026769|obs_0000031920|obs_0000021297|obs_0000035102|obs_0000032953|obs_0000028737|obs_0000021700|obs_0000025414|obs_0000005846|obs_0000025817|obs_0000033116|obs_0000023644|obs_0000018528|obs_0000027878|obs_0000020478,obs_0000019081|obs_0000007692|obs_0000026769|obs_0000024083|obs_0000034479|obs_0000031920|obs_0000021297|obs_0000022966|obs_0000035102|obs_0000032953|obs_0000024507|obs_0000028737|obs_0000021700|obs_0000025414|obs_0000005846|obs_0000025817|obs_0000033116|obs_0000023644|obs_0000018528|obs_0000027878|obs_0000020478
Oster Mix,Haribo,"€ 1,29",,"1 kg = 7,37",,Nein,Gültig bis 28.03,2026-03-23,2026-03-28,images_tegut/tegut_offer_203.jpg,"cat_knabbern_naschen,diet_vegetarian,tag_ultra_processed",,ref_000203,obs_0000024700,,ref_000203,obs_0000024700,
Eier Regenbogen,Eier Regenbogen,"€ 2,79",,"pro Einheit = 2,79",,Nein,Gültig bis 28.03,2026-03-23,2026-03-28,images_tegut/tegut_offer_204.jpg,cat_non_food,,ref_000204,obs_0000008570,,ref_000204,obs_0000008570,
WM Fußball Replica,adidas,"€ 27,99",,"pro Einheit = 27,99",,Nein,Gültig bis 28.03,2026-03-23,2026-03-28,images_tegut/tegut_offer_205.jpg,cat_non_food,,ref_000205,,,ref_000205,,
