Produkt,Marke,Preis,Vorheriger Preis,Preis_kg,Hinweis,Nur_online,Gueltig_raw,Gueltig_von,Gueltig_bis,Bildpfad,assigned_labels,Einheit,nutrition_link,reference_row_id,rough_match_observation_ids,exact_match_observation_ids
Eis,Magnum,"€ 2,79",,"1 l = 10,94",,Nein,Gültig bis 11.04,2026-04-06,2026-04-11,../images/tegut/tegut_offer_001.jpg,"cat_tiefkuehl,sub_tk_eis,tag_ultra_processed",,,ref_000001,obs_0000034392|obs_0000018692|obs_0000025743|obs_0000017710|obs_0000011490|obs_0000025829|obs_0000013168|obs_0000013833|obs_0000027306|obs_0000013034|obs_0000014373|obs_0000011899|obs_0000007041|obs_0000025236|obs_0000029345|obs_0000030502|obs_0000022962|obs_0000028855|obs_0000005945|obs_0000009795|obs_0000025807|obs_0000027474|obs_0000001749|obs_0000001750|obs_0000005210|obs_0000007392|obs_0000008928|obs_0000006504|obs_0000009324|obs_0000027503|obs_0000027646|obs_0000005767|obs_0000005768|obs_0000006667|obs_0000006670|obs_0000006159|obs_0000005399|obs_0000005017|obs_0000028456|obs_0000012333|obs_0000003118|obs_0000006319|obs_0000000434|obs_0000007599|obs_0000007600|obs_0000008369|obs_0000011056|obs_0000005948|obs_0000006847|obs_0000018370,obs_0000018692|obs_0000025743|obs_0000017710|obs_0000034392|obs_0000011490|obs_0000025829|obs_0000013168
Rinderhackfleisch,Bio,"€ 6,99",,"1 kg = 17,48",,Nein,Gültig bis 11.04,2026-04-06,2026-04-11,../images/tegut/tegut_offer_002.jpg,"cat_fleisch_wurst,sub_hackfleisch,sub_rind,tag_high_protein,tag_proteinreich",,BLS-U020100,ref_000002,obs_0000015745|obs_0000007438|obs_0000013853|obs_0000007982|obs_0000029512|obs_0000014160|obs_0000008675|obs_0000005990|obs_0000008682|obs_0000009203|obs_0000015350|obs_0000010999|obs_0000005246|obs_0000009367|obs_0000011425|obs_0000034728|obs_0000020145|obs_0000021683|obs_0000006202|obs_0000020964|obs_0000033894|obs_0000012294|obs_0000014474,obs_0000015745|obs_0000007438|obs_0000013853|obs_0000007982|obs_0000029512|obs_0000014160|obs_0000008675|obs_0000005990|obs_0000008682|obs_0000009203|obs_0000015350|obs_0000010999|obs_0000005246
Bio-Roggenbrötchen,Herzberger,"€ 1,99",,"pro Einheit = 2,89",,Nein,Gültig bis 11.04,2026-04-06,2026-04-11,../images/tegut/tegut_offer_003.jpg,"cat_grundnahrung,diet_vegetarian",,,ref_000003,obs_0000005496|obs_0000031263,obs_0000033745
Lachsfilet,Lachsfilet,"€ 2,99",,"pro Einheit = 2,99",,Nein,Gültig bis 11.04,2026-04-06,2026-04-11,../images/tegut/tegut_offer_004.jpg,"cat_fisch_meeresfruechte,diet_gluten_free,diet_lactose_free,tag_high_protein,tag_proteinreich",,,ref_000004,obs_0000034280|obs_0000028347|obs_0000010175|obs_0000031809|obs_0000008391|obs_0000014208|obs_0000033948|obs_0000034718|obs_0000021540|obs_0000015784|obs_0000028079|obs_0000006326|obs_0000018870|obs_0000018885|obs_0000009680|obs_0000010448|obs_0000025684|obs_0000005590|obs_0000014936|obs_0000027994|obs_0000019689|obs_0000009198|obs_0000020721|obs_0000023812|obs_0000023815|obs_0000023816|obs_0000023817|obs_0000023818|obs_0000011020|obs_0000001421|obs_0000024235|obs_0000024237|obs_0000024238|obs_0000024240|obs_0000024241|obs_0000027591|obs_0000030540|obs_0000029555|obs_0000012790|obs_0000018827|obs_0000017429|obs_0000007205|obs_0000010613|obs_0000029559,obs_0000028347|obs_0000010175|obs_0000031809|obs_0000008391|obs_0000034280|obs_0000014208
Mineralwasser still,Black Forest,"€ 3,99",,"pro Einheit = 5,49",,Nein,Gültig bis 11.04,2026-04-06,2026-04-11,../images/tegut/tegut_offer_005.jpg,"cat_getraenke,diet_gluten_free,diet_lactose_free,diet_vegan,diet_vegetarian",,BLS-N128000,ref_000005,obs_0000024088|obs_0000024512|obs_0000027653|obs_0000034851|obs_0000015908|obs_0000031797|obs_0000026205|obs_0000008801|obs_0000003689|obs_0000015481|obs_0000031867|obs_0000012414|obs_0000031871|obs_0000028800|obs_0000034437|obs_0000008841|obs_0000009353|obs_0000028841|obs_0000027836|obs_0000011969|obs_0000021185|obs_0000027856|obs_0000008437|obs_0000034043|obs_0000034044|obs_0000009985|obs_0000028931|obs_0000035059|obs_0000010519|obs_0000031006|obs_0000014625|obs_0000028968|obs_0000026948|obs_0000028493|obs_0000008537|obs_0000011123|obs_0000028537|obs_0000028027|obs_0000020366|obs_0000028603|obs_0000034235|obs_0000034238|obs_0000026570|obs_0000013773|obs_0000025562|obs_0000028654|obs_0000014332|obs_0000013050|obs_0000015241|obs_0000032482,obs_0000024088|obs_0000024512
Bio-Weideglück,Bioland,"€ 0,99",,"pro Einheit = 1,79",,Nein,Gültig bis 11.04,2026-04-06,2026-04-11,../images/tegut/tegut_offer_006.jpg,"cat_obst_gemuese,diet_gluten_free,diet_lactose_free,diet_vegan,diet_vegetarian,tag_whole_food",,,ref_000006,obs_0000034276,obs_0000034276
Waschmittel,Persil,"€ 4,99",,"pro Einheit = 6,99",,Nein,Gültig bis 11.04,2026-04-06,2026-04-11,../images/tegut/tegut_offer_007.jpg,cat_drogerie,,,ref_000007,obs_0000018542|obs_0000019568|obs_0000012454|obs_0000025598|obs_0000018449|obs_0000034866|obs_0000027703|obs_0000012875|obs_0000016462|obs_0000023646|obs_0000024174|obs_0000013946|obs_0000025217|obs_0000026760|obs_0000021665|obs_0000033445|obs_0000002728|obs_0000023748|obs_0000023244|obs_0000025812|obs_0000018152|obs_0000017654|obs_0000015109|obs_0000033069|obs_0000022331|obs_0000022340|obs_0000018794|obs_0000020846|obs_0000019827|obs_0000022410|obs_0000012181|obs_0000003486|obs_0000019384|obs_0000017352|obs_0000026568|obs_0000022520|obs_0000032848|obs_0000034457|obs_0000033599|obs_0000033136|obs_0000034253|obs_0000005662|obs_0000029731|obs_0000033858|obs_0000033361|obs_0000033370|obs_0000001139|obs_0000024698|obs_0000007291|obs_0000033426,obs_0000018449|obs_0000034866|obs_0000027703|obs_0000012875|obs_0000016462|obs_0000023646|obs_0000018542|obs_0000024174|obs_0000019568|obs_0000013946|obs_0000025217|obs_0000026760|obs_0000021665|obs_0000033445|obs_0000012454|obs_0000002728|obs_0000023748|obs_0000023244|obs_0000025812|obs_0000018152|obs_0000017654|obs_0000015109|obs_0000033069|obs_0000022331|obs_0000033599|obs_0000022340|obs_0000018794|obs_0000020846|obs_0000019827|obs_0000022410|obs_0000012181|obs_0000003486|obs_0000019384|obs_0000017352|obs_0000026568|obs_0000022520|obs_0000025598
Schokolade,Milka,"€ 0,99",,"1 kg = 11,00",,Nein,Gültig bis 11.04,2026-04-06,2026-04-11,../images/tegut/tegut_offer_008.jpg,"cat_knabbern_naschen,diet_vegetarian,tag_ultra_processed",,BLS-S500000,ref_000008,obs_0000015893|obs_0000027700|obs_0000028232|obs_0000013394|obs_0000015454|obs_0000034408|obs_0000025739|obs_0000008861|obs_0000015026|obs_0000017605|obs_0000034013|obs_0000018155|obs_0000018698|obs_0000014104|obs_0000031011|obs_0000011112|obs_0000008610|obs_0000006579|obs_0000012219|obs_0000026556|obs_0000022979|obs_0000001524|obs_0000011783|obs_0000013879|obs_0000028244|obs_0000028249|obs_0000000091|obs_0000004705|obs_0000031849|obs_0000034411|obs_0000017539|obs_0000025221|obs_0000000138|obs_0000004278|obs_0000017595|obs_0000021699|obs_0000000230|obs_0000003326|obs_0000004873|obs_0000003851|obs_0000010522|obs_0000002336|obs_0000033056|obs_0000021291|obs_0000016691|obs_0000004446|obs_0000008595|obs_0000004019|obs_0000010166|obs_0000009149,obs_0000011783|obs_0000015893|obs_0000027700|obs_0000013879|obs_0000028232|obs_0000013394|obs_0000028244|obs_0000006229|obs_0000028249|obs_0000000091|obs_0000015454|obs_0000004705|obs_0000034408|obs_0000031849|obs_0000034411|obs_0000017539|obs_0000025221|obs_0000000138|obs_0000025739|obs_0000029328|obs_0000008861|obs_0000005279|obs_0000015026|obs_0000004278|obs_0000017595|obs_0000021699|obs_0000017605|obs_0000034013|obs_0000000230|obs_0000007911|obs_0000018155|obs_0000003326|obs_0000006912|obs_0000004873|obs_0000018698|obs_0000003851|obs_0000014104|obs_0000010522|obs_0000002336|obs_0000033056|obs_0000031011|obs_0000021291|obs_0000016691|obs_0000004446|obs_0000011112|obs_0000032120|obs_0000007100|obs_0000008595|obs_0000008610|obs_0000004019
Bio-Caf Intenci n Fuerte,J J Darboven,"€ 8,99",,"1 kg = 17,98",,Nein,Gültig bis 11.04,2026-04-06,2026-04-11,../images/tegut/tegut_offer_009.jpg,"cat_obst_gemuese,diet_gluten_free,diet_lactose_free,diet_vegan,diet_vegetarian,tag_whole_food",,,ref_000009,,
Original schwäbische Bio-Knusper-Brezel,Huober,"€ 1,49",,"1 kg = 8,51",,Nein,Gültig bis 11.04,2026-04-06,2026-04-11,../images/tegut/tegut_offer_010.jpg,"cat_knabbern_naschen,tag_high_protein,tag_ultra_processed",,,ref_000010,obs_0000034015|obs_0000030278|obs_0000028730|obs_0000020611|obs_0000012423|obs_0000006283|obs_0000026772|obs_0000026832|obs_0000028896|obs_0000035052|obs_0000027005|obs_0000027048|obs_0000021000|obs_0000008777|obs_0000021117|obs_0000008906|obs_0000015051|obs_0000021430|obs_0000025547|obs_0000033763|obs_0000017384|obs_0000013325|obs_0000019505|obs_0000031800|obs_0000025705|obs_0000009334|obs_0000015502|obs_0000027791|obs_0000033975|obs_0000021758|obs_0000009525|obs_0000021868|obs_0000017799|obs_0000026035|obs_0000022184|obs_0000020181|obs_0000034561|obs_0000009987|obs_0000028429|obs_0000034575|obs_0000016167|obs_0000020298|obs_0000028516|obs_0000010117|obs_0000014249|obs_0000028630,obs_0000034015
Bio-Müsli,Alnatura,"€ 3,99",,"1 kg = 5,32",,Nein,Gültig bis 11.04,2026-04-06,2026-04-11,../images/tegut/tegut_offer_011.jpg,"cat_grundnahrung,diet_gluten_free,diet_lactose_free,diet_vegan,diet_vegetarian,tag_whole_food",,,ref_000011,obs_0000003648|obs_0000007990|obs_0000009092|obs_0000025199|obs_0000034819|obs_0000010536|obs_0000027228|obs_0000020845|obs_0000029244|obs_0000029442|obs_0000013314|obs_0000021664|obs_0000030007|obs_0000013793|obs_0000014004|obs_0000014570|obs_0000023625,obs_0000003648|obs_0000007990
Bio-Rahmjoghurt,Andechser Natur,"€ 0,99",,"pro Einheit = 1,19",,Nein,Gültig bis 11.04,2026-04-06,2026-04-11,../images/tegut/tegut_offer_012.jpg,"cat_molkerei_kaese,diet_vegetarian,sub_joghurt_skyr_quark,sub_milchprodukte,tag_proteinreich",,,ref_000012,obs_0000017291|obs_0000001426|obs_0000010914,obs_0000026121|obs_0000005340|obs_0000006618
Bio-Fruchtaufstrich,Alnatura,"€ 2,99",,"1 kg = 7,12",,Nein,Gültig bis 11.04,2026-04-06,2026-04-11,../images/tegut/tegut_offer_013.jpg,"cat_grundnahrung,diet_lactose_free,diet_vegan,diet_vegetarian,sub_huelsenfruechte,tag_whole_food",,,ref_000013,obs_0000001989|obs_0000011533|obs_0000016747|obs_0000008800|obs_0000011341|obs_0000013209,obs_0000001989|obs_0000011533
Bio-Pils oder alkoholfrei,Stralsunder Prost,"€ 15,99",,"pro Einheit = 19,99",,Nein,Gültig bis 11.04,2026-04-06,2026-04-11,../images/tegut/tegut_offer_014.jpg,cat_getraenke,,,ref_000014,obs_0000030400|obs_0000030556|obs_0000031078|obs_0000032730|obs_0000016578|obs_0000008467|obs_0000000370|obs_0000017247|obs_0000033823|obs_0000034225|obs_0000026062|obs_0000026170|obs_0000034423|obs_0000010120|obs_0000034708|obs_0000010165|obs_0000035035|obs_0000010755|obs_0000027329|obs_0000011150|obs_0000003041|obs_0000019656|obs_0000027944|obs_0000028275|obs_0000028408|obs_0000028500|obs_0000028614|obs_0000004068|obs_0000028759|obs_0000012448|obs_0000028878|obs_0000028937|obs_0000004495|obs_0000012871|obs_0000004922|obs_0000013338|obs_0000013819|obs_0000014202|obs_0000031695|obs_0000031740|obs_0000023756|obs_0000015941|obs_0000024176,
Bio-Stremellachs,Meine Lieblinge,"€ 3,99",,"pro Einheit = 4,49",,Nein,Gültig bis 11.04,2026-04-06,2026-04-11,../images/tegut/tegut_offer_016.jpg,"cat_fisch_meeresfruechte,diet_gluten_free,diet_lactose_free,diet_vegetarian,tag_high_protein,tag_proteinreich",,,ref_000015,obs_0000023231|obs_0000029532|obs_0000008383|obs_0000000472|obs_0000003096|obs_0000004211|obs_0000004638|obs_0000005065|obs_0000031753,obs_0000023231
Bio-Reibekäse,Alnatura,"€ 2,22",,"pro Einheit = 2,49",,Nein,Gültig bis 11.04,2026-04-06,2026-04-11,../images/tegut/tegut_offer_017.jpg,"cat_molkerei_kaese,diet_gluten_free,diet_lactose_free,diet_vegan,diet_vegetarian,sub_kaese,sub_milchprodukte,tag_whole_food",,,ref_000016,obs_0000034289|obs_0000001489|obs_0000002463|obs_0000002710|obs_0000003530|obs_0000008365|obs_0000000437|obs_0000003383|obs_0000004167|obs_0000004594|obs_0000005021,obs_0000001489|obs_0000034289|obs_0000002463|obs_0000002710|obs_0000003530
Bio-Olivenöl nativ extra,Corovita,"€ 7,77",,"1 l = 15,54",,Nein,Gültig bis 11.04,2026-04-06,2026-04-11,../images/tegut/tegut_offer_018.jpg,"cat_grundnahrung,diet_gluten_free,diet_lactose_free,diet_vegan,diet_vegetarian",,,ref_000017,obs_0000034420|obs_0000034888|obs_0000010685|obs_0000018480|obs_0000018950|obs_0000028952|obs_0000005365|obs_0000014541|obs_0000007186|obs_0000009444|obs_0000001438|obs_0000009909|obs_0000002069|obs_0000002836|obs_0000019269|obs_0000011361|obs_0000011593|obs_0000012176|obs_0000012446|obs_0000013180|obs_0000013624|obs_0000014367|obs_0000015088|obs_0000015501,obs_0000034420|obs_0000034888
Bio-Lachs-Filets,followfood,"€ 7,99",,"1 kg = 49,94",,Nein,Gültig bis 11.04,2026-04-06,2026-04-11,../images/tegut/tegut_offer_019.jpg,"cat_fisch_meeresfruechte,tag_high_protein,tag_proteinreich",,,ref_000018,obs_0000030122|obs_0000028906|obs_0000007402|obs_0000033739|obs_0000034939,obs_0000000830|obs_0000033948|obs_0000030122
Bio-Käsescheiben,Andechser Natur,"€ 2,49",,"1 kg = 16,60",,Nein,Gültig bis 11.04,2026-04-06,2026-04-11,../images/tegut/tegut_offer_020.jpg,"cat_molkerei_kaese,diet_vegetarian,sub_joghurt_skyr_quark,sub_kaese,sub_milchprodukte,tag_proteinreich",,,ref_000019,obs_0000025207|obs_0000019371|obs_0000024639|obs_0000016810|obs_0000025113|obs_0000025206|obs_0000000993|obs_0000001181|obs_0000033991|obs_0000017666|obs_0000026217|obs_0000018205|obs_0000034730|obs_0000002335|obs_0000027170|obs_0000002664|obs_0000002763|obs_0000027787|obs_0000020051|obs_0000020412|obs_0000020870|obs_0000021231|obs_0000022214|obs_0000031123|obs_0000031666|obs_0000007170,obs_0000025207|obs_0000019371|obs_0000007977
Bio-Kokosmilch,Alnatura,"€ 1,79",,"1 l = 4,48",,Nein,Gültig bis 11.04,2026-04-06,2026-04-11,../images/tegut/tegut_offer_021.jpg,"cat_grundnahrung,diet_gluten_free,diet_lactose_free,diet_vegan,diet_vegetarian,sub_milchprodukte,tag_whole_food",,,ref_000020,obs_0000034508|obs_0000029316|obs_0000030927|obs_0000010676,obs_0000034508
Grand Noir Bio-Schokolade,Gepa,"€ 2,49",,"1 kg = 24,90",,Nein,Gültig bis 11.04,2026-04-06,2026-04-11,../images/tegut/tegut_offer_022.jpg,"cat_knabbern_naschen,diet_vegetarian,tag_ultra_processed",,,ref_000021,obs_0000011551|obs_0000000491|obs_0000004235|obs_0000028885|obs_0000004662|obs_0000005089|obs_0000000091|obs_0000000138|obs_0000000230|obs_0000033056|obs_0000016691|obs_0000008595|obs_0000008610|obs_0000025221|obs_0000008861|obs_0000009149|obs_0000017539|obs_0000025739|obs_0000017595|obs_0000017605|obs_0000034013|obs_0000017857|obs_0000001524|obs_0000034408|obs_0000034411|obs_0000018155|obs_0000010166|obs_0000026556|obs_0000018698|obs_0000010522|obs_0000002336|obs_0000011112|obs_0000019429|obs_0000027700|obs_0000003326|obs_0000011765|obs_0000011783|obs_0000028232|obs_0000028244|obs_0000028249|obs_0000003851|obs_0000004019|obs_0000012219|obs_0000020472|obs_0000004278|obs_0000004446|obs_0000004705|obs_0000004873|obs_0000021291|obs_0000013394,
Bio-Pasta,Alnatura,"€ 1,19",,"pro Einheit = 1,49",,Nein,Gültig bis 11.04,2026-04-06,2026-04-11,../images/tegut/tegut_offer_023.jpg,"cat_grundnahrung,diet_gluten_free,diet_lactose_free,diet_vegan,diet_vegetarian,sub_nudeln,tag_whole_food",,BLS-G211100,ref_000022,obs_0000016662|obs_0000016866|obs_0000017082|obs_0000025518|obs_0000017359|obs_0000034026|obs_0000034419|obs_0000018196|obs_0000035104|obs_0000026899|obs_0000018708|obs_0000018893|obs_0000002663|obs_0000011092|obs_0000019293|obs_0000019845|obs_0000020003|obs_0000028496|obs_0000020368|obs_0000028607|obs_0000028733|obs_0000021187|obs_0000022097|obs_0000014165,
Bio-Riesling,Landlust,"€ 3,99",,"pro Einheit = 5,49",,Nein,Gültig bis 11.04,2026-04-06,2026-04-11,../images/tegut/tegut_offer_024.jpg,"cat_getraenke,diet_vegetarian",,,ref_000023,obs_0000034220|obs_0000034683|obs_0000035028|obs_0000017683|obs_0000018852|obs_0000025421|obs_0000033828|obs_0000034633|obs_0000010309|obs_0000019740|obs_0000003513|obs_0000020555|obs_0000021374|obs_0000008015,obs_0000034220|obs_0000034683|obs_0000035028
Bio-Brotaufstrich,Tartex,"€ 2,49",,"1 kg = 18,44",,Nein,Gültig bis 11.04,2026-04-06,2026-04-11,../images/tegut/tegut_offer_025.jpg,"cat_sonstiges,diet_lactose_free,diet_vegan,diet_vegetarian,sub_huelsenfruechte,tag_whole_food",,,ref_000024,obs_0000034274|obs_0000034818|obs_0000019379|obs_0000008458|obs_0000034334|obs_0000034763|obs_0000018403|obs_0000010497|obs_0000010510|obs_0000012207|obs_0000013042|obs_0000013124|obs_0000031182|obs_0000014956|obs_0000015391|obs_0000023659|obs_0000031930|obs_0000006122|obs_0000023016,obs_0000034274|obs_0000015849
Bio-Tofu Räuchertofu,tegut,"€ 1,49",,"1 kg = 5,96",,Nein,Gültig bis 11.04,2026-04-06,2026-04-11,../images/tegut/tegut_offer_026.jpg,"cat_fisch_meeresfruechte,diet_gluten_free,diet_lactose_free,diet_vegan,diet_vegetarian,tag_whole_food",,,ref_000025,obs_0000034504|obs_0000001847|obs_0000002965,
Grand Dessert,Ehrmann,"€ 0,55",,"1 kg = 2,89",,Nein,Gültig bis 11.04,2026-04-06,2026-04-11,../images/tegut/tegut_offer_027.jpg,"cat_molkerei_kaese,sub_milchprodukte",,,ref_000026,obs_0000014366|obs_0000002161|obs_0000017587|obs_0000027914|obs_0000034107|obs_0000031128|obs_0000013231|obs_0000025025|obs_0000011773|obs_0000026346|obs_0000010055|obs_0000009604|obs_0000002449|obs_0000015382|obs_0000013586|obs_0000007762|obs_0000005900|obs_0000032203|obs_0000007148|obs_0000012336|obs_0000017969|obs_0000004175|obs_0000016979|obs_0000009845|obs_0000014488|obs_0000006809|obs_0000022199|obs_0000009519|obs_0000017731|obs_0000010617|obs_0000018839|obs_0000005029|obs_0000015792|obs_0000000443|obs_0000006112|obs_0000018932|obs_0000004602,obs_0000014366|obs_0000007762|obs_0000002161|obs_0000017587|obs_0000027914|obs_0000005900|obs_0000034107|obs_0000031128|obs_0000013231|obs_0000025025|obs_0000032203|obs_0000007148|obs_0000011773
Bio-Hähnchenschenkel,Bio-Hähnchenschenkel,"€ 1,49",,"pro Einheit = 1,49",,Nein,Gültig bis 11.04,2026-04-06,2026-04-11,../images/tegut/tegut_offer_028.jpg,"cat_fleisch_wurst,sub_gefluegel,tag_proteinreich",,,ref_000027,obs_0000033703|obs_0000034924|obs_0000031860|obs_0000000293|obs_0000026472|obs_0000034752|obs_0000027468|obs_0000003941|obs_0000004368|obs_0000004795|obs_0000006537|obs_0000031837|obs_0000007635,obs_0000033703|obs_0000034924|obs_0000031860
Frischkäse,Philadelphia,"€ 1,11",,"pro Einheit = 2,29",,Nein,Gültig bis 11.04,2026-04-06,2026-04-11,../images/tegut/tegut_offer_029.jpg,"cat_molkerei_kaese,sub_kaese,sub_milchprodukte,sub_sahne_creme,tag_ultra_processed",,BLS-D3A6000,ref_000028,obs_0000002951|obs_0000003481|obs_0000000519|obs_0000016946|obs_0000026675|obs_0000017482|obs_0000022604|obs_0000017513|obs_0000018043|obs_0000022149|obs_0000028302|obs_0000025259|obs_0000020143|obs_0000018636|obs_0000022250|obs_0000018668|obs_0000027893|obs_0000019721|obs_0000022312|obs_0000024882|obs_0000010048|obs_0000024407|obs_0000009596|obs_0000019362|obs_0000023986|obs_0000020962|obs_0000017894|obs_0000018437|obs_0000018441|obs_0000009739|obs_0000002064|obs_0000019510|obs_0000009275|obs_0000024137|obs_0000022111|obs_0000022114|obs_0000008311|obs_0000000665|obs_0000023715|obs_0000031907|obs_0000003254|obs_0000002331|obs_0000002429|obs_0000002443|obs_0000026562|obs_0000022984|obs_0000013780|obs_0000001493|obs_0000028125|obs_0000000998,obs_0000000519|obs_0000016946|obs_0000026675|obs_0000017482|obs_0000022604|obs_0000017513|obs_0000018043|obs_0000022149|obs_0000028302|obs_0000025259|obs_0000020143|obs_0000018636|obs_0000022250|obs_0000018668|obs_0000027893|obs_0000019721|obs_0000022312|obs_0000024882|obs_0000010048|obs_0000024407|obs_0000009596|obs_0000002951|obs_0000003481|obs_0000019362|obs_0000023986|obs_0000020962|obs_0000017894
Bio-Grapefruit,demeter tegut,"€ 1,00",,"pro Einheit = 1,00",,Nein,Gültig bis 11.04,2026-04-06,2026-04-11,../images/tegut/tegut_offer_030.jpg,"cat_obst_gemuese,diet_gluten_free,diet_lactose_free,diet_vegan,diet_vegetarian,sub_frisches_gemuese,tag_whole_food",,,ref_000029,obs_0000034919|obs_0000030958|obs_0000031625|obs_0000017248|obs_0000029578|obs_0000031686|obs_0000023691,obs_0000034919|obs_0000030958|obs_0000031625
Caff,Lavazza,"€ 13,99",,"pro Einheit = 13,99",,Nein,Gültig bis 11.04,2026-04-06,2026-04-11,../images/tegut/tegut_offer_031.jpg,"cat_getraenke,diet_gluten_free,diet_vegan,diet_vegetarian,tag_ultra_processed",,,ref_000030,obs_0000016732|obs_0000017267|obs_0000023656|obs_0000028793|obs_0000022154|obs_0000018081|obs_0000019713|obs_0000027651|obs_0000015884|obs_0000012311|obs_0000010292|obs_0000014943|obs_0000026207|obs_0000034907|obs_0000001675|obs_0000034937|obs_0000013547|obs_0000028042|obs_0000031138|obs_0000031173|obs_0000000043|obs_0000009265|obs_0000026673|obs_0000021561|obs_0000025671|obs_0000031315|obs_0000030807|obs_0000001681|obs_0000001682|obs_0000006818|obs_0000031422|obs_0000003788|obs_0000020742|obs_0000027478|obs_0000002910|obs_0000026985|obs_0000014212|obs_0000032162|obs_0000008143|obs_0000035113|obs_0000008231|obs_0000010469|obs_0000010210|obs_0000007175|obs_0000004631|obs_0000015446|obs_0000005738|obs_0000004204|obs_0000031925|obs_0000007355,
Fruchtgummi,Trolli,"€ 0,79",,"pro Einheit = 1,09",,Nein,Gültig bis 11.04,2026-04-06,2026-04-11,../images/tegut/tegut_offer_032.jpg,"cat_knabbern_naschen,tag_ultra_processed",,BLS-S361000,ref_000031,obs_0000024204|obs_0000023776|obs_0000016918|obs_0000025134|obs_0000011323|obs_0000027215|obs_0000021597|obs_0000020575|obs_0000021606|obs_0000017027|obs_0000019082|obs_0000021688|obs_0000021186|obs_0000017102|obs_0000017103|obs_0000002314|obs_0000019722|obs_0000002318|obs_0000002320|obs_0000025361|obs_0000020778|obs_0000020787|obs_0000013647|obs_0000016719|obs_0000023399|obs_0000010105|obs_0000002943|obs_0000001930|obs_0000020367|obs_0000021394|obs_0000016298|obs_0000025528|obs_0000014289|obs_0000027602|obs_0000008121|obs_0000034822|obs_0000021002|obs_0000007699|obs_0000031302|obs_0000030281|obs_0000006734|obs_0000006238|obs_0000001701|obs_0000005837|obs_0000020183|obs_0000035007|obs_0000006380|obs_0000029422|obs_0000025339|obs_0000011116,obs_0000016918|obs_0000025134|obs_0000011323|obs_0000027215|obs_0000021597|obs_0000020575|obs_0000021606|obs_0000017027|obs_0000019082|obs_0000024204|obs_0000021688|obs_0000021186|obs_0000017102|obs_0000017103|obs_0000023776|obs_0000002314|obs_0000019722|obs_0000002318|obs_0000002320|obs_0000025361|obs_0000020778|obs_0000020787|obs_0000013647|obs_0000016719|obs_0000023399|obs_0000010105|obs_0000002943|obs_0000001930|obs_0000020367|obs_0000021394|obs_0000016298|obs_0000025528|obs_0000008121|obs_0000014289|obs_0000027602
Bio-Salat Mix,Naturland,"€ 1,49",,"1 kg = 14,90",,Nein,Gültig bis 11.04,2026-04-06,2026-04-11,../images/tegut/tegut_offer_033.jpg,"cat_obst_gemuese,diet_gluten_free,diet_lactose_free,diet_vegan,diet_vegetarian,sub_frisches_gemuese,sub_milchprodukte,sub_salate,tag_whole_food",,,ref_000032,obs_0000033871|obs_0000024700|obs_0000025985,
Champignons braun,tegut,"€ 1,79",,"1 kg = 7,16",,Nein,Gültig bis 11.04,2026-04-06,2026-04-11,../images/tegut/tegut_offer_034.jpg,"cat_obst_gemuese,diet_gluten_free,diet_lactose_free,diet_vegan,diet_vegetarian,sub_frisches_gemuese,sub_pilze,tag_whole_food",,BLS-K701162,ref_000033,obs_0000034111|obs_0000006419|obs_0000034307|obs_0000033885|obs_0000011411|obs_0000034734|obs_0000031799|obs_0000027747|obs_0000014978|obs_0000027283|obs_0000005321|obs_0000014046|obs_0000001277|obs_0000028450|obs_0000008021|obs_0000026991|obs_0000005123|obs_0000007133,obs_0000006419|obs_0000034111|obs_0000028055
Speisekartoffeln,tegut,"€ 1,79",,"1 kg = 0,90",,Nein,Gültig bis 11.04,2026-04-06,2026-04-11,../images/tegut/tegut_offer_035.jpg,"cat_obst_gemuese,diet_gluten_free,diet_lactose_free,diet_vegan,diet_vegetarian,sub_frisches_gemuese,sub_kartoffeln,tag_ultra_processed,tag_whole_food",,BLS-X612152,ref_000034,obs_0000034312|obs_0000033875|obs_0000000006|obs_0000026668|obs_0000031321|obs_0000030837|obs_0000034910|obs_0000017026|obs_0000003716|obs_0000028399|obs_0000034088|obs_0000027986|obs_0000008539|obs_0000027510|obs_0000030615|obs_0000030140|obs_0000016324|obs_0000009672|obs_0000009188|obs_0000011822|obs_0000032330|obs_0000008275|obs_0000014425|obs_0000004710|obs_0000025777|obs_0000004283|obs_0000010963|obs_0000000233|obs_0000005884|obs_0000003856|obs_0000006957|obs_0000029486|obs_0000019772|obs_0000028486|obs_0000018806|obs_0000022916|obs_0000024465|obs_0000028596|obs_0000012236|obs_0000015314|obs_0000015337|obs_0000010226|obs_0000014326|obs_0000005136|obs_0000027190|obs_0000005691|obs_0000006784|obs_0000011394|obs_0000005313|obs_0000005330,obs_0000000006|obs_0000034312|obs_0000026668|obs_0000033875|obs_0000031321|obs_0000030837|obs_0000034910|obs_0000017026|obs_0000003716|obs_0000028399|obs_0000034088|obs_0000027986|obs_0000008539|obs_0000027510|obs_0000030615|obs_0000030140|obs_0000016324|obs_0000009672|obs_0000009188
Bio-Gurke,demeter oder Naturland,"€ 1,49",,"pro Einheit = 1,49",,Nein,Gültig bis 11.04,2026-04-06,2026-04-11,../images/tegut/tegut_offer_036.jpg,"cat_obst_gemuese,diet_gluten_free,diet_lactose_free,diet_vegan,diet_vegetarian,sub_frisches_gemuese,tag_whole_food",,BLS-G520100,ref_000035,obs_0000008543|obs_0000027655|obs_0000012714|obs_0000014430|obs_0000001511|obs_0000026127|obs_0000034521|obs_0000027093|obs_0000002563|obs_0000003696,obs_0000008543|obs_0000027655
Cherrystar Tomaten,Cherrystar Tomaten,"€ 2,99",,"1 kg = 14,95",,Nein,Gültig bis 11.04,2026-04-06,2026-04-11,../images/tegut/tegut_offer_037.jpg,"cat_obst_gemuese,diet_gluten_free,diet_lactose_free,diet_vegan,diet_vegetarian,sub_frisches_gemuese,tag_whole_food",,,ref_000036,obs_0000026278|obs_0000026407|obs_0000019909|obs_0000034023,
Zauberglöckchen Calibrachoa,Zauberglöckchen Calibrachoa,"€ 3,99",,"pro Einheit = 3,99",,Nein,Gültig bis 11.04,2026-04-06,2026-04-11,../images/tegut/tegut_offer_038.jpg,"cat_knabbern_naschen,tag_ultra_processed",,,ref_000037,,
Heidelbeeren XXL,Heidelbeeren XXL,"€ 2,99",,"1 kg = 14,95",,Nein,Gültig bis 11.04,2026-04-06,2026-04-11,../images/tegut/tegut_offer_039.jpg,"cat_obst_gemuese,diet_gluten_free,diet_lactose_free,diet_vegan,diet_vegetarian,sub_frisches_obst,tag_whole_food",,,ref_000038,obs_0000000051|obs_0000026698|obs_0000034918|obs_0000016699|obs_0000031149|obs_0000029138|obs_0000012763|obs_0000000695|obs_0000019143|obs_0000002819|obs_0000025384|obs_0000027502|obs_0000000880|obs_0000033682|obs_0000003000|obs_0000003088|obs_0000033918|obs_0000027788|obs_0000025769|obs_0000034122|obs_0000001513|obs_0000007729|obs_0000030262|obs_0000032326|obs_0000028260|obs_0000013967|obs_0000026376|obs_0000032523|obs_0000030560,
Bio-Kiwis grün,Bio-Kiwis grün,"€ 2,00",,"pro Einheit = 2,00",,Nein,Gültig bis 11.04,2026-04-06,2026-04-11,../images/tegut/tegut_offer_040.jpg,"cat_obst_gemuese,diet_gluten_free,diet_lactose_free,diet_vegan,diet_vegetarian,sub_exoten,sub_frisches_obst,tag_whole_food",,,ref_000039,obs_0000034532|obs_0000033933|obs_0000033704|obs_0000034118|obs_0000034304|obs_0000034917|obs_0000011815|obs_0000012261|obs_0000030957|obs_0000031135|obs_0000006786|obs_0000005317,obs_0000034118|obs_0000034532|obs_0000034917
Bio-Äpfel,demeter,"€ 1,99",,"1 kg = 3,06",,Nein,Gültig bis 11.04,2026-04-06,2026-04-11,../images/tegut/tegut_offer_041.jpg,"cat_obst_gemuese,diet_gluten_free,diet_lactose_free,diet_vegan,diet_vegetarian,sub_frisches_gemuese,sub_frisches_obst,tag_whole_food",,BLS-F110100,ref_000040,obs_0000033718|obs_0000027213|obs_0000034314|obs_0000016710|obs_0000024988|obs_0000016900|obs_0000001075|obs_0000033931|obs_0000026234|obs_0000018124|obs_0000034535|obs_0000026677|obs_0000002562|obs_0000027192|obs_0000027442|obs_0000002961|obs_0000003115|obs_0000027723|obs_0000027801|obs_0000027995|obs_0000021770|obs_0000022211,obs_0000033718|obs_0000027213
Papaya,tegut,"€ 2,99",,"pro Einheit = 2,99",,Nein,Gültig bis 11.04,2026-04-06,2026-04-11,../images/tegut/tegut_offer_042.jpg,"cat_obst_gemuese,diet_gluten_free,diet_lactose_free,diet_vegan,diet_vegetarian,sub_exoten,sub_frisches_obst,tag_whole_food",,BLS-F517100,ref_000041,obs_0000010035|obs_0000009554|obs_0000008632|obs_0000030573|obs_0000011818|obs_0000014424,obs_0000010035|obs_0000009554|obs_0000008632
Weintrauben blau kernlos,Weintrauben blau kernlos,"€ 1,99",,"1 kg = 3,98",,Nein,Gültig bis 11.04,2026-04-06,2026-04-11,../images/tegut/tegut_offer_043.jpg,"cat_obst_gemuese,diet_gluten_free,diet_lactose_free,diet_vegan,diet_vegetarian,sub_frisches_obst,tag_whole_food",,,ref_000042,obs_0000034742|obs_0000034916|obs_0000033929|obs_0000034320|obs_0000034123|obs_0000033870|obs_0000034530,obs_0000034742|obs_0000034916
Bio-Avocado,Bio-Avocado,"€ 2,49",,"pro Einheit = 2,49",,Nein,Gültig bis 11.04,2026-04-06,2026-04-11,../images/tegut/tegut_offer_044.jpg,"cat_obst_gemuese,diet_gluten_free,diet_lactose_free,diet_vegan,diet_vegetarian,tag_whole_food",,,ref_000043,obs_0000033717|obs_0000034744|obs_0000028796|obs_0000030124|obs_0000030212|obs_0000030257|obs_0000030466|obs_0000030959|obs_0000032517|obs_0000000058|obs_0000008728|obs_0000000694|obs_0000017166|obs_0000001305|obs_0000034105|obs_0000034516|obs_0000018748|obs_0000027541|obs_0000027854|obs_0000020117|obs_0000029123|obs_0000020936|obs_0000029201|obs_0000014073|obs_0000030562|obs_0000000895,obs_0000033717|obs_0000034744|obs_0000028796|obs_0000030124|obs_0000030212|obs_0000030257|obs_0000030466|obs_0000030959|obs_0000032517
Mango,Mango,"€ 0,99",,"pro Einheit = 0,99",,Nein,Gültig bis 11.04,2026-04-06,2026-04-11,../images/tegut/tegut_offer_045.jpg,"cat_obst_gemuese,diet_gluten_free,diet_lactose_free,diet_vegan,diet_vegetarian,sub_exoten,sub_frisches_obst,tag_whole_food",,BLS-F516100,ref_000044,obs_0000024112|obs_0000033713|obs_0000034740|obs_0000031322|obs_0000009349|obs_0000029722|obs_0000028316|obs_0000021278|obs_0000004393|obs_0000000306|obs_0000027322|obs_0000029883|obs_0000004820|obs_0000026453|obs_0000009816|obs_0000016865|obs_0000020459|obs_0000025584|obs_0000026739|obs_0000003966|obs_0000030475|obs_0000028050|obs_0000006424|obs_0000031148|obs_0000034121|obs_0000034389|obs_0000034531|obs_0000028656|obs_0000028539|obs_0000006276|obs_0000006280|obs_0000010640|obs_0000031632|obs_0000034579|obs_0000034046|obs_0000031158|obs_0000027838|obs_0000028870|obs_0000028628|obs_0000010971|obs_0000015714|obs_0000028514|obs_0000005129|obs_0000011787|obs_0000013333|obs_0000024470|obs_0000030870|obs_0000015282|obs_0000014421|obs_0000029526,obs_0000009349|obs_0000029722|obs_0000028316|obs_0000021278|obs_0000004393|obs_0000024112|obs_0000033713|obs_0000000306|obs_0000034740|obs_0000027322|obs_0000029883|obs_0000004820|obs_0000026453|obs_0000009816|obs_0000031322|obs_0000016865|obs_0000020459|obs_0000025584|obs_0000026739|obs_0000003966
Schweinekrustenbraten,tegut LandPrimus,"€ 0,99",,"pro Einheit = 0,99",,Nein,Gültig bis 11.04,2026-04-06,2026-04-11,../images/tegut/tegut_offer_046.jpg,"cat_fleisch_wurst,sub_schwein,tag_whole_food",,BLS-U579100,ref_000045,obs_0000034287|obs_0000033935,obs_0000034287|obs_0000033935
Bio-Putenoberkeule,Bio-Putenoberkeule,"€ 1,99",,"pro Einheit = 1,99",,Nein,Gültig bis 11.04,2026-04-06,2026-04-11,../images/tegut/tegut_offer_047.jpg,"cat_fleisch_wurst,diet_vegetarian,sub_gefluegel,tag_proteinreich,tag_whole_food",,,ref_000046,obs_0000033729|obs_0000034748,obs_0000033729|obs_0000034748
Bio-Hähncheninnenbrustfilet,Bio-Hähncheninnenbrustfilet,"€ 7,99",,"1 kg = 26,63",,Nein,Gültig bis 11.04,2026-04-06,2026-04-11,../images/tegut/tegut_offer_048.jpg,"cat_fleisch_wurst,diet_gluten_free,diet_lactose_free,sub_gefluegel,tag_high_protein,tag_proteinreich,tag_whole_food",,,ref_000047,obs_0000033680|obs_0000034079,obs_0000033680|obs_0000001034|obs_0000034079|obs_0000034108|obs_0000001543|obs_0000034510
Lammlachs natur,Lammlachs natur,"€ 4,79",,"pro Einheit = 4,79",,Nein,Gültig bis 11.04,2026-04-06,2026-04-11,,"cat_fisch_meeresfruechte,diet_vegetarian,sub_joghurt_skyr_quark,sub_milchprodukte,tag_high_protein,tag_proteinreich",,,ref_000048,obs_0000033725|obs_0000029793|obs_0000028889|obs_0000001347|obs_0000008031|obs_0000009644,obs_0000033725
grobe Bio-Bratwurst,Biokreis tegut,"€ 5,99",,"1 kg = 23,96",,Nein,Gültig bis 11.04,2026-04-06,2026-04-11,../images/tegut/tegut_offer_050.jpg,"cat_fleisch_wurst,diet_gluten_free,diet_lactose_free,diet_vegan,diet_vegetarian,sub_wurst,tag_ultra_processed,tag_whole_food",,,ref_000049,obs_0000033720|obs_0000030970|obs_0000008620|obs_0000000643|obs_0000009254|obs_0000034127|obs_0000034326|obs_0000034548|obs_0000034927|obs_0000034931|obs_0000002715|obs_0000002948|obs_0000020342|obs_0000021161|obs_0000029908|obs_0000021756|obs_0000013672|obs_0000030575|obs_0000014245|obs_0000031237|obs_0000031320|obs_0000015339|obs_0000016533|obs_0000024944|obs_0000010602|obs_0000019662|obs_0000019942|obs_0000028609|obs_0000023367|obs_0000015773|obs_0000026247|obs_0000006539|obs_0000006701|obs_0000007634,obs_0000033720
LandPrimus Rindersteak,tegut,"€ 2,49",,"pro Einheit = 2,49",,Nein,Gültig bis 11.04,2026-04-06,2026-04-11,../images/tegut/tegut_offer_051.jpg,"cat_fleisch_wurst,sub_rind,sub_wurst,tag_ultra_processed",,,ref_000050,,
Schweinemett,Schweinemett,"€ 0,59",,"pro Einheit = 0,59",,Nein,Gültig bis 11.04,2026-04-06,2026-04-11,../images/tegut/tegut_offer_052.jpg,"cat_fleisch_wurst,diet_gluten_free,sub_schwein,tag_whole_food",,BLS-U622100,ref_000051,obs_0000034754|obs_0000034133|obs_0000029966|obs_0000012751,obs_0000034754|obs_0000034133
Chicken-Teriyaki Fackelbrot,Chicken-Teriyaki Fackelbrot,"€ 1,29",,"pro Einheit = 1,29",,Nein,Gültig bis 11.04,2026-04-06,2026-04-11,../images/tegut/tegut_offer_053.jpg,"cat_fleisch_wurst,diet_vegetarian,sub_gefluegel,tag_ultra_processed",,,ref_000052,obs_0000034513|obs_0000023578,
Schweinebauch,tegut LandPrimus,"€ 0,79",,"pro Einheit = 0,79",,Nein,Gültig bis 11.04,2026-04-06,2026-04-11,../images/tegut/tegut_offer_054.jpg,"cat_fleisch_wurst,sub_schwein,tag_ultra_processed",,BLS-Y381352,ref_000053,obs_0000006538|obs_0000022294|obs_0000009754|obs_0000003995|obs_0000008228|obs_0000026151|obs_0000018092|obs_0000034750|obs_0000002625|obs_0000004422|obs_0000002131|obs_0000019928|obs_0000003294|obs_0000005986|obs_0000004849|obs_0000010483|obs_0000002942|obs_0000011420|obs_0000024222|obs_0000020902|obs_0000033721|obs_0000025279|obs_0000023802|obs_0000034540|obs_0000022640|obs_0000020083|obs_0000015772|obs_0000013401,obs_0000006538|obs_0000022294|obs_0000009754|obs_0000003995|obs_0000008228|obs_0000026151|obs_0000018092|obs_0000033721|obs_0000034750|obs_0000002625|obs_0000004422|obs_0000002131|obs_0000019928|obs_0000003294|obs_0000005986|obs_0000034540|obs_0000004849|obs_0000010483|obs_0000002942
Schweinehüftsteak,tegut,"€ 0,99",,"pro Einheit = 1,59",,Nein,Gültig bis 11.04,2026-04-06,2026-04-11,../images/tegut/tegut_offer_055.jpg,"cat_fleisch_wurst,diet_gluten_free,sub_rind,sub_schwein,tag_whole_food",,,ref_000054,,
Kalbssteak,Kalbssteak,"€ 2,99",,"pro Einheit = 3,49",,Nein,Gültig bis 11.04,2026-04-06,2026-04-11,../images/tegut/tegut_offer_056.jpg,"cat_fleisch_wurst,sub_rind",,,ref_000055,,
Bio-Hähnchenspieß,Bio-Hähnchenspieß,"€ 2,99",,"pro Einheit = 2,99",,Nein,Gültig bis 11.04,2026-04-06,2026-04-11,../images/tegut/tegut_offer_057.jpg,"cat_fleisch_wurst,diet_gluten_free,diet_lactose_free,sub_gefluegel,tag_proteinreich,tag_whole_food",,,ref_000056,,
LandPrimus Rindergulasch,tegut,"€ 2,49",,"pro Einheit = 2,49",,Nein,Gültig bis 11.04,2026-04-06,2026-04-11,,"cat_fleisch_wurst,sub_rind,tag_ultra_processed",,,ref_000057,obs_0000033723|obs_0000018466|obs_0000009252|obs_0000009272|obs_0000014911|obs_0000005800|obs_0000010493|obs_0000008962|obs_0000010589|obs_0000034699|obs_0000022420|obs_0000034753|obs_0000012761,
Victoriaseebarschfilet,Victoriaseebarschfilet,"€ 1,99",,"pro Einheit = 1,99",,Nein,Gültig bis 11.04,2026-04-06,2026-04-11,,"cat_fisch_meeresfruechte,diet_gluten_free,diet_lactose_free,tag_high_protein,tag_proteinreich",,,ref_000058,,
Daily Salatschale,tegut,"€ 3,33",,"1 kg = 9,51",,Nein,Gültig bis 11.04,2026-04-06,2026-04-11,../images/tegut/tegut_offer_060.jpg,"cat_obst_gemuese,diet_vegan,diet_vegetarian,sub_frisches_gemuese,sub_salate,tag_whole_food",,,ref_000059,obs_0000034338|obs_0000034551|obs_0000034140,obs_0000034338
Hummus natur,tegut,"€ 1,79",,"pro Einheit = 1,99",,Nein,Gültig bis 11.04,2026-04-06,2026-04-11,,"cat_grundnahrung,diet_gluten_free,diet_vegan,diet_vegetarian,sub_huelsenfruechte,sub_joghurt_skyr_quark,sub_milchprodukte",,,ref_000060,obs_0000033733|obs_0000028889|obs_0000001347|obs_0000031633|obs_0000009644|obs_0000013249,obs_0000033733
Antipasti,Antipasti,"€ 1,99",,"pro Einheit = 1,99",,Nein,Gültig bis 11.04,2026-04-06,2026-04-11,../images/tegut/tegut_offer_062.jpg,"cat_obst_gemuese,sub_frisches_gemuese",,BLS-X572212,ref_000061,obs_0000028103|obs_0000023208|obs_0000007945|obs_0000008008|obs_0000025005|obs_0000027889|obs_0000011506|obs_0000007946|obs_0000023214|obs_0000025834|obs_0000008596|obs_0000031514|obs_0000015834|obs_0000030651|obs_0000006188|obs_0000032508|obs_0000002173,obs_0000028103|obs_0000023208|obs_0000007945|obs_0000008008|obs_0000025005|obs_0000027889|obs_0000011506
Feinkostsalat,Popp,"€ 1,99",,"pro Einheit = 2,49",,Nein,Gültig bis 11.04,2026-04-06,2026-04-11,../images/tegut/tegut_offer_063.jpg,"cat_obst_gemuese,diet_gluten_free,diet_lactose_free,diet_vegan,diet_vegetarian,sub_frisches_gemuese,sub_salate,tag_whole_food",,,ref_000062,obs_0000014526|obs_0000013183|obs_0000000908|obs_0000034765|obs_0000016105|obs_0000034940|obs_0000033951|obs_0000034340,obs_0000000908|obs_0000014526|obs_0000010178|obs_0000034765|obs_0000016105|obs_0000013183
Fleischkäse Brötchen Leberkäse Semmel,Fleischkäse Brötchen Leberkäse Semmel,"€ 2,00",,"pro Einheit = 2,00",,Nein,Gültig bis 11.04,2026-04-06,2026-04-11,../images/tegut/tegut_offer_064.jpg,"cat_fleisch_wurst,sub_kaese,sub_milchprodukte,sub_schwein,sub_wurst,tag_ultra_processed",,,ref_000063,obs_0000034341|obs_0000033949|obs_0000034554|obs_0000034142|obs_0000033734|obs_0000034760|obs_0000034938|obs_0000026147|obs_0000007220|obs_0000027967|obs_0000027097|obs_0000008701,obs_0000034341|obs_0000034938|obs_0000033949|obs_0000034554|obs_0000034142|obs_0000033734|obs_0000034760
Heringshappen,Büsumer,"€ 1,79",,"1 kg = 11,93",,Nein,Gültig bis 11.04,2026-04-06,2026-04-11,../images/tegut/tegut_offer_065.jpg,cat_fisch_meeresfruechte,,,ref_000064,,
Smoothie,true fruits,"€ 2,49",,"1 l = 9,96",,Nein,Gültig bis 11.04,2026-04-06,2026-04-11,../images/tegut/tegut_offer_066.jpg,"cat_getraenke,tag_ultra_processed",,BLS-F034600,ref_000065,obs_0000014395|obs_0000010948|obs_0000013892|obs_0000001630|obs_0000034549|obs_0000012410|obs_0000003462|obs_0000024721|obs_0000002067|obs_0000005025|obs_0000000440|obs_0000009020|obs_0000004171|obs_0000017881|obs_0000004598|obs_0000022009|obs_0000001191|obs_0000024751|obs_0000005275|obs_0000029851|obs_0000031158|obs_0000007096|obs_0000007874|obs_0000028870|obs_0000032617|obs_0000006904|obs_0000012945|obs_0000030870|obs_0000010957|obs_0000029526|obs_0000031958|obs_0000006373|obs_0000006023|obs_0000005464|obs_0000010818,obs_0000003462|obs_0000002829|obs_0000024721|obs_0000002067|obs_0000029851|obs_0000005025|obs_0000000440|obs_0000007096|obs_0000014395|obs_0000009020|obs_0000007874|obs_0000010948|obs_0000013892|obs_0000004171|obs_0000017881|obs_0000001630|obs_0000032617|obs_0000034549|obs_0000004598|obs_0000022009|obs_0000012410
Bio-Rhönweck,Herzberger,"€ 1,49",,"1 kg = 6,62",,Nein,Gültig bis 11.04,2026-04-06,2026-04-11,../images/tegut/tegut_offer_068.jpg,"cat_grundnahrung,diet_vegetarian",,,ref_000066,obs_0000033896|obs_0000034944,obs_0000033896|obs_0000034944
Bio-Karottenbrot,Herzberger,"€ 3,49",,"1 kg = 8,73",,Nein,Gültig bis 11.04,2026-04-06,2026-04-11,../images/tegut/tegut_offer_069.jpg,"cat_grundnahrung,diet_gluten_free,diet_lactose_free,diet_vegan,diet_vegetarian,sub_frisches_gemuese,tag_whole_food",,,ref_000067,,
Brot,Lieken Urkorn,"€ 1,49",,"pro Einheit = 1,99",,Nein,Gültig bis 11.04,2026-04-06,2026-04-11,../images/tegut/tegut_offer_070.jpg,"cat_grundnahrung,diet_vegan,diet_vegetarian,tag_whole_food",,BLS-D771900,ref_000068,obs_0000026282|obs_0000027393|obs_0000003721|obs_0000000010|obs_0000004367|obs_0000023318|obs_0000003110|obs_0000021031|obs_0000025511|obs_0000027942|obs_0000002101|obs_0000004794|obs_0000011070|obs_0000028989|obs_0000002760|obs_0000002638|obs_0000026460|obs_0000002916|obs_0000003940|obs_0000027891|obs_0000020212|obs_0000025972|obs_0000003702|obs_0000029840|obs_0000024983|obs_0000017823|obs_0000024888|obs_0000023357|obs_0000012362|obs_0000024667|obs_0000030702|obs_0000031214|obs_0000027772|obs_0000005385|obs_0000022573|obs_0000026195|obs_0000031339,obs_0000026282|obs_0000027983
Mini Cakes,Dan Cake,"€ 1,99",,"pro Einheit = 2,49",,Nein,Gültig bis 11.04,2026-04-06,2026-04-11,../images/tegut/tegut_offer_071.jpg,"cat_knabbern_naschen,diet_vegetarian,tag_ultra_processed",,,ref_000069,obs_0000034344|obs_0000012328|obs_0000006379|obs_0000010932|obs_0000017530|obs_0000026024|obs_0000018128|obs_0000016216,
Pizza Classico,Pizza Classico,"€ 1,79",,"pro Einheit = 1,99",,Nein,Gültig bis 11.04,2026-04-06,2026-04-11,../images/tegut/tegut_offer_072.jpg,"cat_tiefkuehl,sub_tk_pizza,tag_ultra_processed",,,ref_000070,obs_0000033957|obs_0000013341|obs_0000023186|obs_0000014020|obs_0000025810|obs_0000005867|obs_0000011544|obs_0000010530,obs_0000033957
Weizenbrötchen,Weizenbrötchen,"€ 1,50",,"1 kg = 2,31",,Nein,Gültig bis 11.04,2026-04-06,2026-04-11,../images/tegut/tegut_offer_073.jpg,"cat_grundnahrung,diet_vegetarian,tag_ultra_processed",,BLS-B511000,ref_000071,obs_0000034146|obs_0000033956|obs_0000034350|obs_0000034771|obs_0000033748|obs_0000034558|obs_0000019915|obs_0000006062|obs_0000006063|obs_0000034943|obs_0000027409|obs_0000028000|obs_0000031710|obs_0000014552|obs_0000002587|obs_0000003165|obs_0000032634,obs_0000034146|obs_0000033956|obs_0000019915|obs_0000006062|obs_0000006063|obs_0000034350|obs_0000034771|obs_0000033748|obs_0000034943|obs_0000034558
Italienischer Spanferkelbraten Porchetta,Italienischer Spanferkelbraten Porchetta,"€ 2,79",,"pro Einheit = 3,49",,Nein,Gültig bis 11.04,2026-04-06,2026-04-11,../images/tegut/tegut_offer_074.jpg,"cat_fleisch_wurst,diet_vegan,diet_vegetarian,sub_schwein,tag_proteinreich,tag_whole_food",,,ref_000072,,
Brühwurst-Aufschnitt,LandPrimus,"€ 0,99",,"pro Einheit = 0,99",,Nein,Gültig bis 11.04,2026-04-06,2026-04-11,../images/tegut/tegut_offer_075.jpg,"cat_fleisch_wurst,sub_schwein,sub_wurst,tag_ultra_processed",,,ref_000073,obs_0000034958|obs_0000034568|obs_0000025530|obs_0000005240,obs_0000034958|obs_0000034568
Italienischer Bio-Salamiaufschnitt,Italienischer Bio-Salamiaufschnitt,"€ 2,99",,"pro Einheit = 4,49",,Nein,Gültig bis 11.04,2026-04-06,2026-04-11,../images/tegut/tegut_offer_076.jpg,"cat_fleisch_wurst,diet_vegetarian,sub_wurst,tag_ultra_processed",,,ref_000074,obs_0000006517|obs_0000007616,
Bio-Südtiroler-Speck,Bio-Südtiroler-Speck,"€ 3,79",,"pro Einheit = 4,99",,Nein,Gültig bis 11.04,2026-04-06,2026-04-11,../images/tegut/tegut_offer_077.jpg,"cat_fleisch_wurst,diet_vegetarian,sub_schwein",,,ref_000075,obs_0000000040|obs_0000009889|obs_0000034975|obs_0000003778|obs_0000022813|obs_0000023171|obs_0000029143|obs_0000031467,
Bio-Fleischwurst,Bio-Fleischwurst,"€ 1,79",,"pro Einheit = 1,79",,Nein,Gültig bis 11.04,2026-04-06,2026-04-11,../images/tegut/tegut_offer_078.jpg,"cat_fleisch_wurst,sub_wurst,tag_proteinreich,tag_ultra_processed",,,ref_000076,obs_0000034593|obs_0000020644|obs_0000021463|obs_0000021765|obs_0000008871|obs_0000034472|obs_0000034703|obs_0000027764|obs_0000011863|obs_0000014928,obs_0000034593
Pfefferbeißer,LandPrimus,"€ 1,29",,"pro Einheit = 1,29",,Nein,Gültig bis 11.04,2026-04-06,2026-04-11,../images/tegut/tegut_offer_079.jpg,"cat_fleisch_wurst,diet_lactose_free,diet_vegan,diet_vegetarian,sub_wurst,tag_ultra_processed",,BLS-P289000,ref_000077,obs_0000034476|obs_0000008709|obs_0000031573|obs_0000027121,obs_0000008709|obs_0000034476|obs_0000031573|obs_0000027121
Farmlandschinken,Farmlandschinken,"€ 1,79",,"pro Einheit = 1,79",,Nein,Gültig bis 11.04,2026-04-06,2026-04-11,../images/tegut/tegut_offer_080.jpg,"cat_fleisch_wurst,sub_schwein,sub_wurst,tag_ultra_processed",,BLS-W441000,ref_000078,,
Bio-Edelschimmel-Wiesenblumenkäse,Bio-Edelschimmel-Wiesenblumenkäse,"€ 1,99",,"pro Einheit = 2,79",,Nein,Gültig bis 11.04,2026-04-06,2026-04-11,../images/tegut/tegut_offer_081.jpg,"cat_molkerei_kaese,diet_gluten_free,diet_lactose_free,diet_vegan,diet_vegetarian,sub_kaese,sub_milchprodukte,tag_whole_food",,,ref_000079,,
Cambozola,Cambozola,"€ 1,99",,"pro Einheit = 2,49",,Nein,Gültig bis 11.04,2026-04-06,2026-04-11,../images/tegut/tegut_offer_082.jpg,"cat_getraenke,tag_ultra_processed",,,ref_000080,obs_0000034358|obs_0000005909|obs_0000029829|obs_0000031959|obs_0000030874|obs_0000032606,obs_0000034358
Bio-Parmigiano Reggiano,Bio-Parmigiano Reggiano,"€ 3,99",,"pro Einheit = 4,79",,Nein,Gültig bis 11.04,2026-04-06,2026-04-11,../images/tegut/tegut_offer_084.jpg,"cat_molkerei_kaese,sub_kaese,sub_milchprodukte",,,ref_000081,obs_0000033972|obs_0000008957|obs_0000009266|obs_0000009732|obs_0000034722|obs_0000019268|obs_0000019638|obs_0000003570|obs_0000007778|obs_0000016169|obs_0000012329|obs_0000013813|obs_0000023172|obs_0000015397,obs_0000008957|obs_0000009266|obs_0000033972|obs_0000009732|obs_0000034722|obs_0000019268|obs_0000019638|obs_0000003570|obs_0000007778|obs_0000016169
Käserebellen Bio-Pfeffer-Rebell,Naturland,"€ 2,99",,"pro Einheit = 2,99",,Nein,Gültig bis 11.04,2026-04-06,2026-04-11,../images/tegut/tegut_offer_085.jpg,"cat_molkerei_kaese,diet_gluten_free,diet_lactose_free,diet_vegan,diet_vegetarian,sub_kaese,sub_milchprodukte,tag_whole_food",,,ref_000082,obs_0000034574,
Old Amsterdam,Old Amsterdam,"€ 1,99",,"pro Einheit = 2,99",,Nein,Gültig bis 11.04,2026-04-06,2026-04-11,../images/tegut/tegut_offer_086.jpg,"cat_non_food,sub_milchprodukte",,,ref_000083,obs_0000010275|obs_0000028792|obs_0000008193|obs_0000005350|obs_0000005550|obs_0000019632|obs_0000007759,obs_0000010275|obs_0000028792
Haltbare Milch,Weihenstephan,"€ 12,00",,"1 l = 1,00",,Nein,Gültig bis 11.04,2026-04-06,2026-04-11,../images/tegut/tegut_offer_087.jpg,"cat_molkerei_kaese,diet_gluten_free,diet_vegetarian,sub_fleischersatz,sub_milchprodukte,tag_high_protein",,,ref_000084,obs_0000025642|obs_0000024153|obs_0000025740|obs_0000023736|obs_0000021248|obs_0000001831|obs_0000010141|obs_0000020429|obs_0000016892|obs_0000004105|obs_0000020007|obs_0000024615|obs_0000018655|obs_0000017120|obs_0000003359|obs_0000016208|obs_0000002386|obs_0000004959|obs_0000000398|obs_0000004532|obs_0000022969|obs_0000021992|obs_0000033979|obs_0000007169|obs_0000022533|obs_0000014372|obs_0000023628|obs_0000032344|obs_0000005727|obs_0000010924|obs_0000017142|obs_0000019205|obs_0000029468|obs_0000017221|obs_0000006982|obs_0000032089|obs_0000005531|obs_0000030114|obs_0000028092|obs_0000022513|obs_0000003614|obs_0000017470|obs_0000026178|obs_0000000796|obs_0000006446|obs_0000017270|obs_0000005144|obs_0000027686|obs_0000034584|obs_0000030532,obs_0000004105|obs_0000020007|obs_0000024615|obs_0000025642|obs_0000032344|obs_0000024153|obs_0000025740|obs_0000023736|obs_0000018655|obs_0000017120|obs_0000021248|obs_0000003359|obs_0000001831|obs_0000016208|obs_0000002386|obs_0000032089|obs_0000004959|obs_0000000398|obs_0000005531|obs_0000010141|obs_0000030114|obs_0000004532|obs_0000022969|obs_0000028092|obs_0000020429|obs_0000021992|obs_0000016892
Lätta oder Rama,Lätta oder Rama,"€ 1,49",,"1 kg = 3,31",,Nein,Gültig bis 11.04,2026-04-06,2026-04-11,../images/tegut/tegut_offer_088.jpg,"cat_molkerei_kaese,diet_vegetarian,sub_butter_margarine,tag_ultra_processed",,,ref_000085,obs_0000006798|obs_0000005146,
original griechischer Sahnejoghurt,Greco,"€ 0,99",,"pro Einheit = 1,59",,Nein,Gültig bis 11.04,2026-04-06,2026-04-11,../images/tegut/tegut_offer_089.jpg,"cat_molkerei_kaese,diet_vegetarian,sub_joghurt_skyr_quark,sub_milchprodukte,tag_ultra_processed",,BLS-X203850,ref_000086,obs_0000022608|obs_0000025123|obs_0000021234|obs_0000020415|obs_0000016418|obs_0000028730|obs_0000008274|obs_0000020611|obs_0000012423|obs_0000006283|obs_0000026772|obs_0000026832|obs_0000028896|obs_0000035052|obs_0000027005|obs_0000002460|obs_0000027048|obs_0000018939|obs_0000021000|obs_0000008777|obs_0000025172|obs_0000021117|obs_0000008906|obs_0000015051|obs_0000021238|obs_0000021430|obs_0000025547|obs_0000033763|obs_0000017384|obs_0000013325|obs_0000019505|obs_0000031800|obs_0000025705|obs_0000009334|obs_0000009343|obs_0000015502|obs_0000027791|obs_0000033975|obs_0000021758|obs_0000009525|obs_0000021868|obs_0000017799|obs_0000003482|obs_0000026035|obs_0000020028|obs_0000009812|obs_0000022184|obs_0000020181|obs_0000034561|obs_0000009987,obs_0000025123|obs_0000021234|obs_0000020415
The vegetarian Butcher,The Vegetarian Butcher,"€ 2,49",,"pro Einheit = 3,29",,Nein,Gültig bis 11.04,2026-04-06,2026-04-11,../images/tegut/tegut_offer_090.jpg,"cat_non_food,diet_vegetarian,sub_fleischersatz",,,ref_000087,obs_0000030167,
Monte,Zott,"€ 0,79",,"1 kg = 11,29",,Nein,Gültig bis 11.04,2026-04-06,2026-04-11,../images/tegut/tegut_offer_091.jpg,"cat_molkerei_kaese,sub_milchprodukte,sub_sahne_creme,tag_ultra_processed",,,ref_000088,obs_0000012680|obs_0000011038|obs_0000001955|obs_0000009385|obs_0000019311|obs_0000009846|obs_0000002823|obs_0000019979|obs_0000021646|obs_0000024207|obs_0000001179|obs_0000021021|obs_0000000813|obs_0000010937|obs_0000024893|obs_0000022981|obs_0000016980|obs_0000020827|obs_0000023781|obs_0000020202|obs_0000025328|obs_0000025457|obs_0000034166|obs_0000005342|obs_0000006625|obs_0000005913|obs_0000030525|obs_0000029855|obs_0000030592,obs_0000012680|obs_0000011038|obs_0000001955|obs_0000009385|obs_0000005342|obs_0000006625|obs_0000019311|obs_0000009846
pflanzlicher Bio-Drink,Berief,"€ 1,49",,"pro Einheit = 1,99",,Nein,Gültig bis 11.04,2026-04-06,2026-04-11,../images/tegut/tegut_offer_092.jpg,"cat_getraenke,diet_lactose_free,diet_vegan,diet_vegetarian,sub_kaese",,,ref_000089,obs_0000018089|obs_0000020747|obs_0000021566|obs_0000021776|obs_0000026421,
Saure Sahne,tegut,"€ 0,69",,"pro Einheit = 0,79",,Nein,Gültig bis 11.04,2026-04-06,2026-04-11,../images/tegut/tegut_offer_093.jpg,"cat_molkerei_kaese,diet_vegetarian,sub_milchprodukte,sub_sahne_creme,tag_ultra_processed",,,ref_000090,obs_0000019970|obs_0000021107|obs_0000020288|obs_0000001869|obs_0000024961|obs_0000028739|obs_0000002822|obs_0000002341|obs_0000001841|obs_0000001492|obs_0000006113,obs_0000019970|obs_0000021107|obs_0000020288|obs_0000001869|obs_0000024961
Joghurtalternative auf Sojabasis,Alpro,"€ 1,49",,"pro Einheit = 2,19",,Nein,Gültig bis 11.04,2026-04-06,2026-04-11,../images/tegut/tegut_offer_094.jpg,"cat_molkerei_kaese,diet_lactose_free,diet_vegan,diet_vegetarian,sub_joghurt_skyr_quark,sub_milchprodukte",,,ref_000091,,
Activia Fruchtjoghurt,Danone,"€ 1,59",,"pro Einheit = 2,79",,Nein,Gültig bis 11.04,2026-04-06,2026-04-11,../images/tegut/tegut_offer_095.jpg,"cat_molkerei_kaese,diet_vegetarian,sub_joghurt_skyr_quark,sub_milchprodukte,tag_ultra_processed",,,ref_000092,obs_0000015376|obs_0000028785|obs_0000010916|obs_0000026077|obs_0000002565|obs_0000023627|obs_0000021134|obs_0000014486|obs_0000000675|obs_0000023234|obs_0000002802|obs_0000011045|obs_0000020315|obs_0000009565|obs_0000010615|obs_0000034180|obs_0000010169|obs_0000012792,
Vegane Mini-Frikadellen,Greenforce,"€ 2,49",,"1 kg = 13,83",,Nein,Gültig bis 11.04,2026-04-06,2026-04-11,../images/tegut/tegut_offer_096.jpg,"cat_knabbern_naschen,diet_lactose_free,diet_vegan,diet_vegetarian,sub_fleischersatz,tag_ultra_processed",,,ref_000093,obs_0000033985|obs_0000000734|obs_0000001877|obs_0000000708|obs_0000012295|obs_0000012328|obs_0000010281|obs_0000006379|obs_0000027292|obs_0000010932|obs_0000009115|obs_0000017530|obs_0000026024|obs_0000018128|obs_0000016216,obs_0000033985
Müllermilch,Müllermilch,"€ 0,79",,"pro Einheit = 1,49",,Nein,Gültig bis 11.04,2026-04-06,2026-04-11,../images/tegut/tegut_offer_097.jpg,"cat_molkerei_kaese,diet_vegetarian,sub_milchprodukte",,,ref_000094,obs_0000017154|obs_0000020777|obs_0000026666|obs_0000031787|obs_0000015795|obs_0000016180|obs_0000021950|obs_0000011465|obs_0000031450|obs_0000021596|obs_0000014942|obs_0000024685|obs_0000012795|obs_0000023291|obs_0000000031|obs_0000032546|obs_0000003758|obs_0000006614|obs_0000031972|obs_0000005162,obs_0000017154|obs_0000020777|obs_0000026666|obs_0000031787|obs_0000015795|obs_0000016180|obs_0000021950|obs_0000011465|obs_0000031450|obs_0000021596|obs_0000014942|obs_0000024685|obs_0000012795|obs_0000023291
Hinterkochschinken,Jeden Tag,"€ 1,49",,"1 kg = 7,45",,Nein,Gültig bis 11.04,2026-04-06,2026-04-11,../images/tegut/tegut_offer_098.jpg,"cat_fleisch_wurst,sub_schwein,sub_wurst,tag_ultra_processed",,BLS-U681700,ref_000095,obs_0000034382|obs_0000033873|obs_0000005425,obs_0000034382|obs_0000033873
frische fettarme Milch,Jeden Tag,"€ 0,85",,"pro Einheit = 0,85",,Nein,Gültig bis 11.04,2026-04-06,2026-04-11,../images/tegut/tegut_offer_099.jpg,"cat_molkerei_kaese,diet_vegetarian,sub_fleischersatz,sub_milchprodukte,sub_tk_gemuese,tag_high_protein",,,ref_000096,obs_0000017214|obs_0000000188|obs_0000002860|obs_0000002896|obs_0000013187|obs_0000000992|obs_0000027928|obs_0000026371|obs_0000022533|obs_0000026965|obs_0000016783|obs_0000000664|obs_0000017142|obs_0000019205|obs_0000017221|obs_0000031717|obs_0000020025|obs_0000001632|obs_0000026520|obs_0000022513|obs_0000000796|obs_0000003614|obs_0000026178,obs_0000017214
Geflügel Mortadella,Wiesenhof,"€ 1,29",,"pro Einheit = 1,49",,Nein,Gültig bis 11.04,2026-04-06,2026-04-11,../images/tegut/tegut_offer_101.jpg,"cat_fleisch_wurst,sub_gefluegel,sub_wurst,tag_ultra_processed",,BLS-V990100,ref_000097,obs_0000031798|obs_0000014185|obs_0000027148|obs_0000029860,obs_0000031798|obs_0000029860|obs_0000014185
Mini Babybel,Mini Babybel,"€ 1,69",,"pro Einheit = 2,69",,Nein,Gültig bis 11.04,2026-04-06,2026-04-11,../images/tegut/tegut_offer_102.jpg,"cat_knabbern_naschen,diet_gluten_free,diet_lactose_free,diet_vegan,diet_vegetarian,tag_ultra_processed,tag_whole_food",,,ref_000098,obs_0000006792|obs_0000034182|obs_0000001648|obs_0000023295|obs_0000000803|obs_0000012328|obs_0000006379|obs_0000010932|obs_0000017530|obs_0000026024|obs_0000018128|obs_0000016216,obs_0000006792|obs_0000034182|obs_0000001648
Almzeit oder Bavaria blu,Bergader,"€ 2,22",,"1 kg = 12,69",,Nein,Gültig bis 11.04,2026-04-06,2026-04-11,../images/tegut/tegut_offer_103.jpg,"cat_getraenke,tag_ultra_processed",,,ref_000099,obs_0000014503|obs_0000012812|obs_0000006971|obs_0000015676|obs_0000030449|obs_0000014218|obs_0000006285|obs_0000007352|obs_0000005715|obs_0000031185|obs_0000029534|obs_0000028306|obs_0000008044,obs_0000006971|obs_0000030449
Schmelzkäse,Milkana,"€ 1,99",,"1 kg = 10,47",,Nein,Gültig bis 11.04,2026-04-06,2026-04-11,,"cat_molkerei_kaese,sub_kaese,sub_milchprodukte,tag_ultra_processed",,,ref_000100,obs_0000024197|obs_0000020360|obs_0000017697|obs_0000018737|obs_0000021179|obs_0000023777|obs_0000021759|obs_0000009126|obs_0000018242|obs_0000021976|obs_0000010223|obs_0000019058|obs_0000034097|obs_0000028326|obs_0000012325|obs_0000014818|obs_0000013933|obs_0000014351|obs_0000022628,obs_0000024197|obs_0000020360|obs_0000017697|obs_0000009126|obs_0000018737|obs_0000021179|obs_0000018242|obs_0000021976|obs_0000023777|obs_0000010223|obs_0000019058|obs_0000021759
Echte Nürnberger Rostbratwurst,Schlütter s,"€ 2,99",,"1 kg = 14,95",,Nein,Gültig bis 11.04,2026-04-06,2026-04-11,../images/tegut/tegut_offer_106.jpg,"cat_fleisch_wurst,sub_wurst,tag_ultra_processed",,,ref_000101,obs_0000023630|obs_0000020645|obs_0000021808|obs_0000021464|obs_0000013376|obs_0000014464,
Bierschinken,Jeden Tag,"€ 1,19",,"1 kg = 7,93",,Nein,Gültig bis 11.04,2026-04-06,2026-04-11,../images/tegut/tegut_offer_107.jpg,"cat_fleisch_wurst,sub_schwein,sub_wurst,tag_ultra_processed",,BLS-W271000,ref_000102,obs_0000033774|obs_0000009601|obs_0000021379|obs_0000001030|obs_0000024214|obs_0000031266|obs_0000025254|obs_0000010052|obs_0000020560|obs_0000009560|obs_0000022636|obs_0000023794|obs_0000001020|obs_0000005969|obs_0000029283|obs_0000005235|obs_0000010897|obs_0000013528|obs_0000012770|obs_0000014467|obs_0000007620,obs_0000009601|obs_0000021379|obs_0000001030|obs_0000024214|obs_0000031266|obs_0000025254|obs_0000010052|obs_0000020560|obs_0000009560|obs_0000022636|obs_0000033774|obs_0000023794|obs_0000001020
Curryking Classic,Meica,"€ 1,99",,"1 kg = 9,05",,Nein,Gültig bis 11.04,2026-04-06,2026-04-11,../images/tegut/tegut_offer_108.jpg,"cat_grundnahrung,diet_vegetarian,tag_ultra_processed",,,ref_000103,obs_0000034189|obs_0000034802|obs_0000025668|obs_0000028751|obs_0000001628|obs_0000001643|obs_0000020596|obs_0000015018|obs_0000026884|obs_0000011543|obs_0000024877|obs_0000035101|obs_0000034649|obs_0000021415|obs_0000031658,obs_0000034189|obs_0000034802
Kartoffelfreunde Fertiggericht,Popp,"€ 1,49",,"pro Einheit = 1,99",,Nein,Gültig bis 11.04,2026-04-06,2026-04-11,../images/tegut/tegut_offer_109.jpg,"cat_obst_gemuese,diet_vegan,diet_vegetarian,sub_frisches_gemuese,sub_kartoffeln,sub_tk_fertiggerichte,tag_ultra_processed",,,ref_000104,obs_0000001537|obs_0000013186|obs_0000010900|obs_0000006306|obs_0000010919|obs_0000015278|obs_0000012214|obs_0000013632|obs_0000023763|obs_0000011360|obs_0000023662|obs_0000014071|obs_0000024188|obs_0000012670,
Bio-Kartoffeltaschen Frischkäse,Bioland Schwarmstedter,"€ 2,49",,"1 kg = 8,30",,Nein,Gültig bis 11.04,2026-04-06,2026-04-11,../images/tegut/tegut_offer_110.jpg,"cat_molkerei_kaese,diet_vegetarian,sub_kaese,sub_kartoffeln,sub_milchprodukte,tag_ultra_processed",,,ref_000105,obs_0000001493|obs_0000031907|obs_0000000666|obs_0000033993|obs_0000030858|obs_0000031499|obs_0000000198|obs_0000024882|obs_0000000519|obs_0000016946|obs_0000025259|obs_0000017482|obs_0000017513|obs_0000009596|obs_0000017894|obs_0000018043|obs_0000010048|obs_0000026675|obs_0000018636|obs_0000018668|obs_0000002951|obs_0000019362|obs_0000027893|obs_0000019721|obs_0000003481|obs_0000003647|obs_0000028302|obs_0000020143|obs_0000020962|obs_0000022149|obs_0000022250|obs_0000022312|obs_0000022604|obs_0000023986|obs_0000024407,
Pizza,Gustavo Gusto,"€ 3,49",,"1 kg = 8,51",,Nein,Gültig bis 11.04,2026-04-06,2026-04-11,../images/tegut/tegut_offer_111.jpg,"cat_tiefkuehl,sub_tk_pizza,tag_ultra_processed",,,ref_000106,obs_0000013341|obs_0000025810|obs_0000010530|obs_0000023186|obs_0000005867|obs_0000028924|obs_0000034187|obs_0000014967|obs_0000013826|obs_0000012815|obs_0000027151|obs_0000027155|obs_0000027666|obs_0000011305|obs_0000027726|obs_0000027728|obs_0000034384|obs_0000033886|obs_0000027771|obs_0000027783|obs_0000004744|obs_0000014988|obs_0000011919|obs_0000023189|obs_0000003232|obs_0000023201|obs_0000002723|obs_0000033957|obs_0000001727|obs_0000001728|obs_0000001729|obs_0000001730|obs_0000001731|obs_0000001732|obs_0000027844|obs_0000010444|obs_0000034001|obs_0000004317|obs_0000011499|obs_0000008442|obs_0000027902|obs_0000011520|obs_0000026375|obs_0000017705|obs_0000003890|obs_0000009035|obs_0000022877|obs_0000025445|obs_0000008069|obs_0000008618,obs_0000013341|obs_0000023186|obs_0000025810|obs_0000005867|obs_0000010530
Barnstorfer Bio-Suppenhuhn,Barnstorfer Bio-Suppenhuhn,"€ 4,99",,"1 kg = 4,54",,Nein,Gültig bis 11.04,2026-04-06,2026-04-11,../images/tegut/tegut_offer_113.jpg,"cat_grundnahrung,diet_gluten_free,diet_lactose_free,diet_vegan,diet_vegetarian",,,ref_000107,,
Eiscreme,tegut,"€ 2,22",,"1 l = 2,47",,Nein,Gültig bis 11.04,2026-04-06,2026-04-11,../images/tegut/tegut_offer_114.jpg,cat_drogerie,,,ref_000108,obs_0000008734|obs_0000008291|obs_0000010899|obs_0000014505|obs_0000013609|obs_0000012668|obs_0000014210|obs_0000033687|obs_0000001525|obs_0000033788|obs_0000030509|obs_0000029166|obs_0000031993|obs_0000032641|obs_0000029167,obs_0000008734|obs_0000008291|obs_0000010899|obs_0000014505|obs_0000013609|obs_0000012668|obs_0000014210
Calamares la Romana,tegut,"€ 2,99",,"1 kg = 5,98",,Nein,Gültig bis 11.04,2026-04-06,2026-04-11,../images/tegut/tegut_offer_115.jpg,"cat_obst_gemuese,diet_gluten_free,diet_lactose_free,diet_vegan,diet_vegetarian,sub_frisches_gemuese,sub_salate,tag_whole_food",,,ref_000109,obs_0000034102,obs_0000034102
Croissants oder Sonntags-Brötchen,Knack Back,"€ 1,69",,"1 kg = 7,04",,Nein,Gültig bis 11.04,2026-04-06,2026-04-11,../images/tegut/tegut_offer_116.jpg,"cat_grundnahrung,diet_vegetarian,tag_ultra_processed",,,ref_000110,obs_0000034188|obs_0000034601|obs_0000010458|obs_0000006476|obs_0000007195|obs_0000007588|obs_0000016615|obs_0000026592|obs_0000011761|obs_0000012818|obs_0000014026|obs_0000014850|obs_0000015824,
Butter,Kerrygold,"€ 1,49",,"1 kg = 5,96",,Nein,Gültig bis 11.04,2026-04-06,2026-04-11,../images/tegut/tegut_offer_117.jpg,"cat_molkerei_kaese,diet_gluten_free,diet_vegetarian,sub_butter_margarine,sub_fleischersatz,sub_gefluegel,sub_kaese,sub_milchprodukte,sub_tk_gemuese,tag_high_protein",,NUTR-0011,ref_000111,obs_0000034970|obs_0000011467|obs_0000013125|obs_0000003591|obs_0000019493|obs_0000031786|obs_0000024620|obs_0000003636|obs_0000002620|obs_0000000107|obs_0000002676|obs_0000010409|obs_0000003267|obs_0000018644|obs_0000026359|obs_0000008456|obs_0000011042|obs_0000018772|obs_0000008556|obs_0000009075|obs_0000027517|obs_0000001425|obs_0000027049|obs_0000017835|obs_0000018391|obs_0000021984|obs_0000000997|obs_0000022502|obs_0000012797|obs_0000009892|obs_0000000170|obs_0000009428|obs_0000016451|obs_0000024152|obs_0000028319|obs_0000023732|obs_0000023253|obs_0000014084|obs_0000025029|obs_0000003593|obs_0000001554|obs_0000023593|obs_0000027188|obs_0000018490|obs_0000018502|obs_0000016977|obs_0000023640|obs_0000007771|obs_0000017501|obs_0000025201,obs_0000003591|obs_0000019493|obs_0000031786|obs_0000024620|obs_0000003636|obs_0000002620|obs_0000000107|obs_0000002676|obs_0000010409|obs_0000034970|obs_0000003267|obs_0000011467|obs_0000018644|obs_0000026359|obs_0000008456|obs_0000011042|obs_0000013125|obs_0000018772|obs_0000008556|obs_0000009075|obs_0000027517|obs_0000001425|obs_0000027049|obs_0000017835|obs_0000018391|obs_0000021984|obs_0000000997|obs_0000022502|obs_0000012797
Loose Harzbube Hausmacher Handkäse oder Quäse,Loose Harzbube Hausmacher Handkäse oder Quäse,"€ 2,49",,"1 kg = 12,45",,Nein,Gültig bis 11.04,2026-04-06,2026-04-11,../images/tegut/tegut_offer_118.jpg,"cat_molkerei_kaese,sub_kaese,sub_milchprodukte",,,ref_000112,obs_0000010529|obs_0000006435|obs_0000005164|obs_0000013357|obs_0000028101|obs_0000015805|obs_0000018510|obs_0000010454|obs_0000000605|obs_0000033777,
Schinken,Abraham,"€ 1,49",,"1 kg = 18,63",,Nein,Gültig bis 11.04,2026-04-06,2026-04-11,../images/tegut/tegut_offer_119.jpg,"cat_fleisch_wurst,sub_schwein,sub_wurst,tag_ultra_processed",,BLS-V050100,ref_000113,obs_0000034378|obs_0000028387|obs_0000016624|obs_0000017657|obs_0000028343|obs_0000008893|obs_0000011009|obs_0000001026|obs_0000001022|obs_0000026671|obs_0000007217|obs_0000007239|obs_0000031819|obs_0000011866|obs_0000001644|obs_0000014479|obs_0000007844|obs_0000033965|obs_0000011450|obs_0000025276|obs_0000009917|obs_0000027841|obs_0000010447|obs_0000031443|obs_0000009453|obs_0000026362|obs_0000019707|obs_0000029456|obs_0000005410|obs_0000001339|obs_0000027969|obs_0000008017|obs_0000010069|obs_0000013660|obs_0000016222|obs_0000009066|obs_0000027511|obs_0000034179|obs_0000007057|obs_0000008615|obs_0000027058|obs_0000007621|obs_0000031183|obs_0000009687|obs_0000008668|obs_0000019938|obs_0000026101|obs_0000015358|obs_0000001024|obs_0000002056,obs_0000007239|obs_0000034378|obs_0000028387|obs_0000016624|obs_0000017657
Joghurt mit der Ecke,müller,"€ 0,39",,"1 kg = 2,60",,Nein,Gültig bis 11.04,2026-04-06,2026-04-11,../images/tegut/tegut_offer_120.jpg,"cat_molkerei_kaese,diet_vegetarian,sub_joghurt_skyr_quark,sub_milchprodukte,tag_ultra_processed",,,ref_000114,obs_0000008461|obs_0000014831|obs_0000023257|obs_0000023683|obs_0000023724|obs_0000031933|obs_0000015791|obs_0000011758|obs_0000026097|obs_0000024096|obs_0000024148|obs_0000000372|obs_0000004499|obs_0000004926|obs_0000004072|obs_0000005142|obs_0000028035|obs_0000032204|obs_0000030520|obs_0000001115|obs_0000027149|obs_0000026710|obs_0000020687|obs_0000020689|obs_0000028966|obs_0000023030|obs_0000008703|obs_0000025171|obs_0000017127|obs_0000023284|obs_0000025392|obs_0000033696|obs_0000009180|obs_0000021506|obs_0000021508|obs_0000025811|obs_0000015673|obs_0000019794|obs_0000009663|obs_0000034580,obs_0000008461|obs_0000014831|obs_0000023257|obs_0000005142|obs_0000023683|obs_0000023724|obs_0000031933|obs_0000028035|obs_0000015791|obs_0000032204|obs_0000011758|obs_0000026097|obs_0000024096|obs_0000024148|obs_0000030520
Knusper Minis Natur,Leerdammer,"€ 2,49",,"1 kg = 16,60",,Nein,Gültig bis 11.04,2026-04-06,2026-04-11,../images/tegut/tegut_offer_121.jpg,"cat_molkerei_kaese,diet_vegetarian,sub_kaese,sub_milchprodukte,tag_ultra_processed",,,ref_000115,obs_0000012802|obs_0000034379|obs_0000027072|obs_0000028843|obs_0000032557|obs_0000019480|obs_0000015901|obs_0000025627|obs_0000019541|obs_0000012394|obs_0000025800|obs_0000028889|obs_0000024884|obs_0000016191|obs_0000001347|obs_0000011085|obs_0000009644|obs_0000022992|obs_0000013779|obs_0000013309|obs_0000022527,
Salamiaufschnitt,Sorger,"€ 1,49",,"1 kg = 19,87",,Nein,Gültig bis 11.04,2026-04-06,2026-04-11,../images/tegut/tegut_offer_122.jpg,"cat_fleisch_wurst,sub_wurst,tag_ultra_processed",,,ref_000116,obs_0000006517|obs_0000007616,obs_0000006517|obs_0000007616
Käse-Scheiben,Meggle,"€ 1,49",,"1 kg = 9,93",,Nein,Gültig bis 11.04,2026-04-06,2026-04-11,../images/tegut/tegut_offer_123.jpg,"cat_molkerei_kaese,diet_vegetarian,sub_kaese,sub_milchprodukte",,,ref_000117,obs_0000024408|obs_0000023984|obs_0000005334|obs_0000006985|obs_0000006095|obs_0000021569|obs_0000008883|obs_0000020750|obs_0000030492|obs_0000006457|obs_0000032601|obs_0000029536|obs_0000010631|obs_0000025059|obs_0000006439,obs_0000024408|obs_0000023984
Beisser,Greisinger,"€ 1,99",,"1 kg = 24,88",,Nein,Gültig bis 11.04,2026-04-06,2026-04-11,../images/tegut/tegut_offer_124.jpg,"cat_getraenke,diet_vegetarian",,BLS-D610200,ref_000118,,
Kaffee,Arla Starbucks,"€ 1,49",,"1 l = 6,77",,Nein,Gültig bis 11.04,2026-04-06,2026-04-11,../images/tegut/tegut_offer_125.jpg,"cat_getraenke,diet_gluten_free,diet_lactose_free,diet_vegan,diet_vegetarian,tag_ultra_processed",,BLS-N410100,ref_000119,obs_0000012856|obs_0000012375|obs_0000011954|obs_0000014593|obs_0000024909|obs_0000013724|obs_0000015279|obs_0000010719|obs_0000022517|obs_0000007172|obs_0000001036|obs_0000011792|obs_0000015886|obs_0000014364|obs_0000031774|obs_0000008737|obs_0000005168|obs_0000012378|obs_0000001674|obs_0000018585|obs_0000011952|obs_0000007356|obs_0000027842|obs_0000005362|obs_0000027412|obs_0000034615|obs_0000027964|obs_0000024390|obs_0000010059|obs_0000000848|obs_0000009608|obs_0000023971|obs_0000033702|obs_0000034731|obs_0000013262|obs_0000011764|obs_0000026632|obs_0000001035|obs_0000001037|obs_0000001038|obs_0000001039|obs_0000029713|obs_0000021523|obs_0000025137|obs_0000025139|obs_0000030782|obs_0000025157|obs_0000011344|obs_0000002651|obs_0000010346,obs_0000012856|obs_0000012375|obs_0000011954|obs_0000014593|obs_0000024909|obs_0000013724|obs_0000015279|obs_0000010719|obs_0000022517
Bio-Tomaten in Stücken,tegut,"€ 0,69",,"1 kg = 1,73",,Nein,Gültig bis 11.04,2026-04-06,2026-04-11,../images/tegut/tegut_offer_126.jpg,"cat_obst_gemuese,diet_gluten_free,diet_lactose_free,diet_vegan,diet_vegetarian,sub_frisches_gemuese,tag_proteinreich,tag_whole_food",,,ref_000120,obs_0000034023|obs_0000026278|obs_0000026407|obs_0000019909,
Nescaf Classic oder Crema,Nescaf Classic oder Crema,"€ 6,99",,"pro Einheit = 8,99",,Nein,Gültig bis 11.04,2026-04-06,2026-04-11,,"cat_getraenke,diet_gluten_free,diet_lactose_free,diet_vegan,diet_vegetarian,tag_ultra_processed",,,ref_000121,obs_0000016988|obs_0000020559|obs_0000021378|obs_0000021710|obs_0000008359|obs_0000024877|obs_0000025668|obs_0000001628|obs_0000001643|obs_0000034649|obs_0000026884|obs_0000035101|obs_0000011543|obs_0000028751|obs_0000020596|obs_0000021415|obs_0000015018|obs_0000031658,
Pom Bär,funny-frisch,"€ 1,29",,"1 kg = 17,20",,Nein,Gültig bis 11.04,2026-04-06,2026-04-11,../images/tegut/tegut_offer_128.jpg,"cat_knabbern_naschen,sub_huelsenfruechte,tag_ultra_processed",,,ref_000122,obs_0000020748|obs_0000021928|obs_0000021567|obs_0000027020|obs_0000016273|obs_0000019619|obs_0000017630|obs_0000014062|obs_0000005281|obs_0000007108,obs_0000020748|obs_0000005281|obs_0000021928|obs_0000021567
Tony s Chocolonely,Tony s Chocolonely,"€ 1,99",,"pro Einheit = 2,49",,Nein,Gültig bis 11.04,2026-04-06,2026-04-11,../images/tegut/tegut_offer_129.jpg,"cat_knabbern_naschen,tag_ultra_processed",,,ref_000123,obs_0000034614,
Schweizer Kräuterbonbon,Ricola,"€ 1,79",,"pro Einheit = 2,39",,Nein,Gültig bis 11.04,2026-04-06,2026-04-11,../images/tegut/tegut_offer_130.jpg,"cat_molkerei_kaese,sub_kaese,sub_milchprodukte,sub_schwein,tag_ultra_processed",,,ref_000124,obs_0000034010|obs_0000005848,obs_0000005848|obs_0000034010
Bio-Tomaten Ketchup,tegut,"€ 2,29",,"1 l = 4,58",,Nein,Gültig bis 11.04,2026-04-06,2026-04-11,../images/tegut/tegut_offer_131.jpg,"cat_obst_gemuese,diet_gluten_free,diet_lactose_free,diet_vegan,diet_vegetarian,sub_frisches_gemuese,tag_ultra_processed,tag_whole_food",,,ref_000125,obs_0000009435|obs_0000009900|obs_0000019587|obs_0000027936|obs_0000003594|obs_0000014533|obs_0000001496|obs_0000001500|obs_0000010073|obs_0000027402|obs_0000029490|obs_0000029621|obs_0000030241|obs_0000031577|obs_0000032514|obs_0000034023|obs_0000026278|obs_0000026407|obs_0000002118|obs_0000019909,obs_0000027525
Nuxor,Lindt,"€ 4,44",,"1 kg = 43,11",,Nein,Gültig bis 11.04,2026-04-06,2026-04-11,../images/tegut/tegut_offer_132.jpg,"cat_knabbern_naschen,tag_ultra_processed",,,ref_000126,obs_0000007998|obs_0000007102,obs_0000007998|obs_0000007102
Butterkeks,Leibniz,"€ 1,29",,"pro Einheit = 1,99",,Nein,Gültig bis 11.04,2026-04-06,2026-04-11,../images/tegut/tegut_offer_133.jpg,"cat_knabbern_naschen,diet_vegetarian,sub_butter_margarine,sub_milchprodukte,tag_ultra_processed",,BLS-X820252,ref_000127,obs_0000031298|obs_0000003983|obs_0000025240|obs_0000004410|obs_0000000317|obs_0000004837|obs_0000003308|obs_0000008220|obs_0000005651|obs_0000007104,obs_0000003983|obs_0000025240|obs_0000004410|obs_0000000317|obs_0000031298|obs_0000004837|obs_0000003308
Bio-Semmelbrösel,tegut,"€ 0,99",,"1 kg = 4,95",,Nein,Gültig bis 11.04,2026-04-06,2026-04-11,../images/tegut/tegut_offer_134.jpg,"cat_grundnahrung,diet_gluten_free,diet_lactose_free,diet_vegan,diet_vegetarian,tag_whole_food",,,ref_000128,obs_0000027919,
Cerealien,Wholey,"€ 3,33",,"pro Einheit = 3,99",,Nein,Gültig bis 11.04,2026-04-06,2026-04-11,../images/tegut/tegut_offer_135.jpg,"cat_grundnahrung,tag_ultra_processed",,,ref_000129,obs_0000002573|obs_0000021907|obs_0000010261|obs_0000010904|obs_0000020261|obs_0000019645|obs_0000021080|obs_0000014569|obs_0000026092|obs_0000028013|obs_0000013550|obs_0000019709|obs_0000011537|obs_0000011799|obs_0000007193|obs_0000028844|obs_0000011951|obs_0000005564|obs_0000019006|obs_0000019427|obs_0000015441|obs_0000009503|obs_0000009964,obs_0000002573|obs_0000021907|obs_0000010261|obs_0000010904|obs_0000020261|obs_0000019645|obs_0000021080|obs_0000014569|obs_0000026092|obs_0000028013|obs_0000013550|obs_0000019709
Fruchtaufstrich,Zuegg,"€ 2,79",,"1 kg = 8,45",,Nein,Gültig bis 11.04,2026-04-06,2026-04-11,../images/tegut/tegut_offer_136.jpg,"cat_grundnahrung,diet_vegan,diet_vegetarian,sub_huelsenfruechte",,BLS-S131100,ref_000130,obs_0000013209|obs_0000011341|obs_0000008800|obs_0000016747|obs_0000034292|obs_0000011533|obs_0000007963|obs_0000030264|obs_0000001989|obs_0000034883|obs_0000031731|obs_0000032657|obs_0000009246|obs_0000005932|obs_0000026572|obs_0000031313|obs_0000009719|obs_0000000792|obs_0000030000|obs_0000029311|obs_0000006494,obs_0000013209|obs_0000011341|obs_0000008800|obs_0000016747
Buldak Ramen Bags,Samyang,"€ 1,79",,"pro Einheit = 2,29",,Nein,Gültig bis 11.04,2026-04-06,2026-04-11,../images/tegut/tegut_offer_137.jpg,"cat_non_food,diet_vegetarian,tag_ultra_processed",,,ref_000131,obs_0000034501|obs_0000015870|obs_0000008907,
Bio-Oliven,Mani Bläuel,"€ 3,99",,"1 kg = 22,80",,Nein,Gültig bis 11.04,2026-04-06,2026-04-11,../images/tegut/tegut_offer_138.jpg,"cat_obst_gemuese,diet_gluten_free,diet_lactose_free,diet_vegan,diet_vegetarian,tag_whole_food",,,ref_000132,obs_0000033953|obs_0000034942|obs_0000027579|obs_0000033871|obs_0000001990|obs_0000008194|obs_0000008681|obs_0000001285|obs_0000025865|obs_0000034552|obs_0000018215|obs_0000034768|obs_0000026683|obs_0000028567|obs_0000028687|obs_0000022380,obs_0000033953|obs_0000034942|obs_0000027579|obs_0000014541
Bio-Schwarzkümmelöl,Bio Plan te,"€ 12,99",,"pro Einheit = 15,99",,Nein,Gültig bis 11.04,2026-04-06,2026-04-11,../images/tegut/tegut_offer_139.jpg,"cat_grundnahrung,diet_gluten_free,diet_lactose_free,diet_vegan,diet_vegetarian,sub_kaese,sub_milchprodukte,tag_whole_food",,,ref_000133,,
Bio-Rohrohrzucker,Alnatura,"€ 2,49",,"pro Einheit = 2,49",,Nein,Gültig bis 11.04,2026-04-06,2026-04-11,../images/tegut/tegut_offer_140.jpg,"cat_grundnahrung,diet_gluten_free,diet_lactose_free,diet_vegan,diet_vegetarian,tag_whole_food",,,ref_000134,obs_0000026994,obs_0000026994
Pasta Snack Pot,Knorr,"€ 1,11",,"pro Einheit = 1,49",,Nein,Gültig bis 11.04,2026-04-06,2026-04-11,../images/tegut/tegut_offer_141.jpg,"cat_grundnahrung,diet_vegan,diet_vegetarian,sub_nudeln,tag_ultra_processed",,,ref_000135,obs_0000031331|obs_0000033817|obs_0000029040|obs_0000030716|obs_0000032003|obs_0000032422|obs_0000035104|obs_0000028733|obs_0000026899|obs_0000018708|obs_0000016662|obs_0000018804|obs_0000018893|obs_0000016866|obs_0000014824|obs_0000002663|obs_0000017082|obs_0000021187|obs_0000011092|obs_0000019293|obs_0000025518|obs_0000017359|obs_0000025802|obs_0000034026|obs_0000017698|obs_0000015693|obs_0000019845|obs_0000020003|obs_0000022097|obs_0000034419|obs_0000018196|obs_0000028496|obs_0000014165|obs_0000020368|obs_0000028607,
italienische Tomaten,Mutti,"€ 1,29",,"1 kg = 5,38",,Nein,Gültig bis 11.04,2026-04-06,2026-04-11,../images/tegut/tegut_offer_142.jpg,"cat_grundnahrung,diet_gluten_free,diet_lactose_free,diet_vegan,diet_vegetarian,sub_frisches_gemuese,tag_whole_food",,,ref_000136,obs_0000026278|obs_0000007376|obs_0000034023|obs_0000026407|obs_0000019909|obs_0000032116,
Bio-Riegel,Raw Bite,"€ 1,99",,"pro Einheit = 2,29",,Nein,Gültig bis 11.04,2026-04-06,2026-04-11,../images/tegut/tegut_offer_143.jpg,"cat_knabbern_naschen,diet_gluten_free,diet_lactose_free,diet_vegan,diet_vegetarian,tag_high_protein,tag_proteinreich,tag_ultra_processed,tag_whole_food",,,ref_000137,obs_0000016822|obs_0000016928|obs_0000033364|obs_0000017107|obs_0000025377|obs_0000010357|obs_0000019932|obs_0000011786|obs_0000012676|obs_0000013851|obs_0000014601|obs_0000030996|obs_0000022867|obs_0000015457|obs_0000035008,
Express Reis,Ben s Original,"€ 1,49",,"1 kg = 6,77",,Nein,Gültig bis 11.04,2026-04-06,2026-04-11,../images/tegut/tegut_offer_144.jpg,"cat_grundnahrung,diet_gluten_free,diet_lactose_free,diet_vegan,diet_vegetarian,sub_reis,tag_ultra_processed",,,ref_000138,obs_0000019005|obs_0000031848|obs_0000021686|obs_0000002754|obs_0000023286|obs_0000021252|obs_0000009076|obs_0000020433|obs_0000011930|obs_0000024475|obs_0000024057|obs_0000001533|obs_0000005368|obs_0000032106|obs_0000019357|obs_0000029675|obs_0000000656,obs_0000019005|obs_0000031848|obs_0000011930|obs_0000021686|obs_0000002754|obs_0000023286|obs_0000005368|obs_0000021252|obs_0000032106|obs_0000009076|obs_0000012686|obs_0000024475|obs_0000020433|obs_0000029675|obs_0000024057
Bio-Pasta,PPURA,"€ 1,79",,"pro Einheit = 1,99",,Nein,Gültig bis 11.04,2026-04-06,2026-04-11,../images/tegut/tegut_offer_145.jpg,"cat_grundnahrung,diet_gluten_free,diet_lactose_free,diet_vegan,diet_vegetarian,sub_nudeln,tag_whole_food",,BLS-G211100,ref_000139,obs_0000016662|obs_0000016866|obs_0000017082|obs_0000025518|obs_0000017359|obs_0000034026|obs_0000034419|obs_0000018196|obs_0000035104|obs_0000026899|obs_0000018708|obs_0000018893|obs_0000002663|obs_0000011092|obs_0000019293|obs_0000019845|obs_0000020003|obs_0000028496|obs_0000020368|obs_0000028607|obs_0000028733|obs_0000021187|obs_0000022097|obs_0000014165,
Bio-Proteinpulver,Naduria,"€ 9,99",,"1 kg = 33,30",,Nein,Gültig bis 11.04,2026-04-06,2026-04-11,../images/tegut/tegut_offer_146.jpg,"cat_knabbern_naschen,diet_vegetarian,tag_high_protein,tag_proteinreich,tag_ultra_processed",,BLS-G561500,ref_000140,obs_0000025422|obs_0000001947|obs_0000002872|obs_0000013355,
Original,Jägermeister,"€ 11,99",,"pro Einheit = 14,99",,Nein,Gültig bis 11.04,2026-04-06,2026-04-11,../images/tegut/tegut_offer_148.jpg,"cat_getraenke,tag_high_protein,tag_ultra_processed",,,ref_000141,obs_0000028730|obs_0000020611|obs_0000012423|obs_0000006283|obs_0000026772|obs_0000026832|obs_0000028896|obs_0000035052|obs_0000027005|obs_0000027048|obs_0000021000|obs_0000008777|obs_0000021117|obs_0000008906|obs_0000015051|obs_0000021430|obs_0000025547|obs_0000033763|obs_0000017384|obs_0000013325|obs_0000019505|obs_0000031800|obs_0000025705|obs_0000009334|obs_0000015502|obs_0000027791|obs_0000033975|obs_0000021758|obs_0000009525|obs_0000021868|obs_0000017799|obs_0000026035|obs_0000022184|obs_0000020181|obs_0000034561|obs_0000009987|obs_0000028429|obs_0000034575|obs_0000016167|obs_0000020298|obs_0000028516|obs_0000010117|obs_0000014249|obs_0000028630|obs_0000010244|obs_0000026672|obs_0000018547|obs_0000026752|obs_0000010427|obs_0000018645,obs_0000028730|obs_0000020611|obs_0000012423|obs_0000006283|obs_0000026772|obs_0000026832|obs_0000028896|obs_0000035052|obs_0000027005|obs_0000027048|obs_0000021000|obs_0000008777|obs_0000021117|obs_0000008906|obs_0000015051|obs_0000021430|obs_0000025547|obs_0000033763|obs_0000017384|obs_0000013325|obs_0000019505|obs_0000031800|obs_0000025705|obs_0000009334|obs_0000015502|obs_0000027791|obs_0000033975|obs_0000021758|obs_0000021868|obs_0000017799|obs_0000026035|obs_0000022184|obs_0000020181|obs_0000034561|obs_0000028429|obs_0000034575|obs_0000016167|obs_0000020298|obs_0000028516|obs_0000010117|obs_0000014249|obs_0000028630
Weizen-Mix,Schöfferhofer,"€ 3,99",,"1 l = 2,02",,Nein,Gültig bis 11.04,2026-04-06,2026-04-11,../images/tegut/tegut_offer_149.jpg,cat_getraenke,,BLS-C114000,ref_000142,obs_0000028883|obs_0000034642|obs_0000007676|obs_0000006025|obs_0000024700|obs_0000033824,obs_0000028883|obs_0000007676|obs_0000029991|obs_0000034642|obs_0000031081|obs_0000006025|obs_0000032733
Münchner Hell,Paulaner,"€ 14,99",,"pro Einheit = 19,99",,Nein,Gültig bis 11.04,2026-04-06,2026-04-11,../images/tegut/tegut_offer_150.jpg,"cat_getraenke,tag_ultra_processed",,,ref_000143,obs_0000035040|obs_0000035050|obs_0000012642|obs_0000013313|obs_0000033822|obs_0000028250|obs_0000015504|obs_0000034636|obs_0000010094|obs_0000003504|obs_0000005646|obs_0000030393|obs_0000030402|obs_0000029407|obs_0000006908|obs_0000029993|obs_0000029045|obs_0000031617|obs_0000034841|obs_0000009785|obs_0000031386|obs_0000034475|obs_0000034487|obs_0000009915|obs_0000027350|obs_0000011994|obs_0000006377|obs_0000035038|obs_0000010541|obs_0000014654|obs_0000028550|obs_0000008658|obs_0000028667|obs_0000029258,obs_0000013313|obs_0000005646|obs_0000033822|obs_0000028250|obs_0000015504|obs_0000030402|obs_0000029407|obs_0000035040|obs_0000006908|obs_0000035050|obs_0000029993|obs_0000034636|obs_0000012642|obs_0000010094|obs_0000003504
Warsteiner,Warsteiner,"€ 11,99",,"pro Einheit = 17,29",,Nein,Gültig bis 11.04,2026-04-06,2026-04-11,../images/tegut/tegut_offer_151.jpg,"cat_getraenke,tag_ultra_processed",,,ref_000144,obs_0000005639|obs_0000029199|obs_0000029072|obs_0000006552|obs_0000029986|obs_0000031397|obs_0000007274,
Prosecco Valdobbiadene,Valdo,"€ 8,99",,"pro Einheit = 10,99",,Nein,Gültig bis 11.04,2026-04-06,2026-04-11,../images/tegut/tegut_offer_152.jpg,"cat_non_food,diet_vegetarian",,,ref_000145,obs_0000008206|obs_0000008134|obs_0000034396|obs_0000035021|obs_0000034030|obs_0000007896,
Zwei Kästen,Mönchshof,"€ 12,99",,"1 l = 1,30",,Nein,Gültig bis 11.04,2026-04-06,2026-04-11,../images/tegut/tegut_offer_153.jpg,cat_fleisch_wurst,,,ref_000146,,
Bio-Riesling trockener Weißwein,Weinmanufaktur Maria Schwan,"€ 4,99",,"1 l = 6,65",,Nein,Gültig bis 11.04,2026-04-06,2026-04-11,../images/tegut/tegut_offer_154.jpg,"cat_getraenke,diet_vegetarian",,,ref_000147,obs_0000034683|obs_0000034220|obs_0000035028|obs_0000025153|obs_0000025421|obs_0000033828|obs_0000034633|obs_0000010309|obs_0000019740|obs_0000003513|obs_0000020555|obs_0000021374|obs_0000008015,
Bio-Chianti Natio,Casa Vinicola Cecchi,"€ 6,99",,"1 l = 9,32",,Nein,Gültig bis 11.04,2026-04-06,2026-04-11,../images/tegut/tegut_offer_155.jpg,"cat_grundnahrung,diet_gluten_free,diet_lactose_free,diet_vegan,diet_vegetarian,tag_ultra_processed",,,ref_000148,obs_0000034644,obs_0000034644
Mooser Liesl Helles,Arcobräu Moos,"€ 15,99",,"1 l = 1,60",,Nein,Gültig bis 11.04,2026-04-06,2026-04-11,../images/tegut/tegut_offer_156.jpg,cat_getraenke,,,ref_000149,obs_0000008003|obs_0000011592|obs_0000012872|obs_0000014292|obs_0000031829|obs_0000015089|obs_0000013689,
Mönchshof,Mönchshof,"€ 13,99",,"1 l = 1,40",,Nein,Gültig bis 11.04,2026-04-06,2026-04-11,../images/tegut/tegut_offer_157.jpg,"cat_getraenke,diet_vegetarian",,,ref_000150,obs_0000034517|obs_0000030403|obs_0000028040|obs_0000005258|obs_0000028175|obs_0000006226|obs_0000006910,obs_0000034517
Secco Rosato oder Hugo,city,"€ 0,79",,"pro Einheit = 0,99",,Nein,Gültig bis 11.04,2026-04-06,2026-04-11,../images/tegut/tegut_offer_158.jpg,"cat_getraenke,diet_vegetarian,tag_ultra_processed",,,ref_000151,obs_0000024921,
Rotkäppchen,Rotkäppchen,"€ 4,99",,"pro Einheit = 6,49",,Nein,Gültig bis 11.04,2026-04-06,2026-04-11,../images/tegut/tegut_offer_159.jpg,"cat_getraenke,tag_ultra_processed",,BLS-K717100,ref_000152,obs_0000034301|obs_0000029437|obs_0000030392|obs_0000029767|obs_0000007650|obs_0000005625|obs_0000007450|obs_0000007078|obs_0000007657|obs_0000005998,obs_0000034301
Classic,Karamalz,"€ 3,49",,"pro Einheit = 4,49",,Nein,Gültig bis 11.04,2026-04-06,2026-04-11,../images/tegut/tegut_offer_160.jpg,"cat_getraenke,diet_gluten_free,diet_vegetarian,tag_ultra_processed",,,ref_000153,obs_0000025668|obs_0000028751|obs_0000001628|obs_0000001643|obs_0000020596|obs_0000015018|obs_0000026884|obs_0000011543|obs_0000024877|obs_0000035101|obs_0000034649|obs_0000021415|obs_0000031658|obs_0000015874|obs_0000034820|obs_0000024078|obs_0000020503|obs_0000014364|obs_0000015388|obs_0000034814|obs_0000008763|obs_0000020559|obs_0000031314|obs_0000031316|obs_0000016988|obs_0000000102|obs_0000031336|obs_0000024692|obs_0000030840|obs_0000018068|obs_0000011935|obs_0000012998|obs_0000017609|obs_0000021710|obs_0000016591|obs_0000028882|obs_0000008404|obs_0000025815|obs_0000035062|obs_0000027412|obs_0000027435|obs_0000014636|obs_0000007469|obs_0000022316|obs_0000014132|obs_0000021322|obs_0000002905|obs_0000028510|obs_0000022881|obs_0000021378,obs_0000028751|obs_0000001628|obs_0000001643|obs_0000015018|obs_0000026884|obs_0000011543|obs_0000024877|obs_0000035101|obs_0000034649|obs_0000031658
Bio-Tee,Volvic,"€ 1,39",,"pro Einheit = 1,99",,Nein,Gültig bis 11.04,2026-04-06,2026-04-11,../images/tegut/tegut_offer_161.jpg,"cat_getraenke,diet_gluten_free,diet_lactose_free,diet_vegan,diet_vegetarian,tag_whole_food",,BLS-G561100,ref_000154,obs_0000027244|obs_0000011596|obs_0000031795|obs_0000015944|obs_0000032968|obs_0000033499|obs_0000020481|obs_0000021300|obs_0000013530|obs_0000021786|obs_0000022871|obs_0000015022|obs_0000007996|obs_0000016641|obs_0000008687|obs_0000009037|obs_0000034399|obs_0000025412|obs_0000001487|obs_0000018054|obs_0000010335|obs_0000026894|obs_0000018960|obs_0000028312|obs_0000020428|obs_0000021247|obs_0000005272|obs_0000022129|obs_0000014277|obs_0000023245|obs_0000023661|obs_0000033693|obs_0000034233,obs_0000032968|obs_0000033499|obs_0000027244|obs_0000011596|obs_0000020481|obs_0000021300|obs_0000013530|obs_0000021786|obs_0000022871|obs_0000015022|obs_0000031795|obs_0000015944|obs_0000007996
Schorle oder Limonade,Adelholzener,"€ 6,99",,"pro Einheit = 9,99",,Nein,Gültig bis 11.04,2026-04-06,2026-04-11,../images/tegut/tegut_offer_162.jpg,"cat_getraenke,diet_vegan,diet_vegetarian,tag_ultra_processed",,,ref_000155,obs_0000006363|obs_0000031347|obs_0000027047|obs_0000027133|obs_0000017032|obs_0000031651|obs_0000027567|obs_0000009657|obs_0000026058|obs_0000026204|obs_0000028310|obs_0000026276|obs_0000016311|obs_0000026581,
Spezi oder Spezi Zero,Paulaner,"€ 10,49",,"1 l = 1,05",,Nein,Gültig bis 11.04,2026-04-06,2026-04-11,../images/tegut/tegut_offer_163.jpg,"cat_getraenke,tag_ultra_processed",,,ref_000156,obs_0000034439|obs_0000032720|obs_0000012187|obs_0000006363|obs_0000031347|obs_0000015662|obs_0000000637|obs_0000033836|obs_0000026321|obs_0000027152|obs_0000010907|obs_0000027903|obs_0000012863|obs_0000013907|obs_0000022812|obs_0000012223|obs_0000009118|obs_0000028990,obs_0000034439|obs_0000032720
Mineralwasser,Krumbach,"€ 0,69",,"1 l = 0,92",,Nein,Gültig bis 11.04,2026-04-06,2026-04-11,../images/tegut/tegut_offer_164.jpg,"cat_getraenke,diet_gluten_free,diet_lactose_free,diet_vegan,diet_vegetarian",,,ref_000157,obs_0000027653|obs_0000034851|obs_0000015908|obs_0000031797|obs_0000026205|obs_0000008801|obs_0000003689|obs_0000015481|obs_0000031867|obs_0000012414|obs_0000031871|obs_0000028800|obs_0000034437|obs_0000008841|obs_0000009353|obs_0000028841|obs_0000027836|obs_0000011969|obs_0000021185|obs_0000027856|obs_0000008437|obs_0000034043|obs_0000034044|obs_0000009985|obs_0000028931|obs_0000035059|obs_0000010519|obs_0000031006|obs_0000014625|obs_0000028968|obs_0000026948|obs_0000028493|obs_0000008537|obs_0000011123|obs_0000028537|obs_0000028027|obs_0000020366|obs_0000028603|obs_0000034235|obs_0000034238|obs_0000026570|obs_0000013773|obs_0000025562|obs_0000028654|obs_0000014332|obs_0000031249|obs_0000002068|obs_0000024088|obs_0000029232|obs_0000031834,obs_0000027653|obs_0000034851|obs_0000015908|obs_0000031797|obs_0000026205|obs_0000008801|obs_0000003689|obs_0000015481|obs_0000031867|obs_0000012414|obs_0000031871|obs_0000028800|obs_0000034437|obs_0000008841|obs_0000009353|obs_0000028841|obs_0000027836|obs_0000011969|obs_0000021185|obs_0000027856|obs_0000008437|obs_0000034043|obs_0000034044|obs_0000009985|obs_0000028931|obs_0000035059|obs_0000010519|obs_0000031006|obs_0000014625|obs_0000028968|obs_0000026948|obs_0000028493|obs_0000008537|obs_0000011123|obs_0000028537|obs_0000028027|obs_0000020366|obs_0000028603|obs_0000034235|obs_0000034238|obs_0000026570|obs_0000013773|obs_0000025562|obs_0000028654|obs_0000014332
Bio-Streuobst-Apfelsaft,Bioland tegut,"€ 8,88",,"pro Einheit = 12,49",,Nein,Gültig bis 11.04,2026-04-06,2026-04-11,../images/tegut/tegut_offer_166.jpg,"cat_obst_gemuese,diet_gluten_free,diet_lactose_free,diet_vegan,diet_vegetarian,tag_whole_food",,,ref_000158,obs_0000034232|obs_0000008232|obs_0000003589|obs_0000029410|obs_0000009982|obs_0000027820|obs_0000012415|obs_0000031216|obs_0000031745,obs_0000034232
Getränkesirup,Sodastream,"€ 3,99",,"1 l = 9,07",,Nein,Gültig bis 11.04,2026-04-06,2026-04-11,../images/tegut/tegut_offer_167.jpg,"cat_getraenke,tag_ultra_processed",,,ref_000159,obs_0000012417|obs_0000027792|obs_0000010539|obs_0000013656|obs_0000014630|obs_0000011972|obs_0000008080|obs_0000033840|obs_0000005269,obs_0000012417|obs_0000027792|obs_0000005269|obs_0000014630|obs_0000010539|obs_0000011972|obs_0000013656
Picknickdecke XXL,Picknickdecke XXL,"€ 19,99",,"pro Einheit = 19,99",,Nein,Gültig bis 11.04,2026-04-06,2026-04-11,../images/tegut/tegut_offer_169.jpg,"cat_non_food,tag_ultra_processed",,,ref_000160,obs_0000012763|obs_0000013967,
Wandersocken,Wandersocken,"€ 7,99",,"pro Einheit = 7,99",,Nein,Gültig bis 11.04,2026-04-06,2026-04-11,../images/tegut/tegut_offer_171.jpg,cat_non_food,,,ref_000161,,
Frischhaltedose,Frischhaltedose,"€ 7,99",,"pro Einheit = 7,99",,Nein,Gültig bis 11.04,2026-04-06,2026-04-11,../images/tegut/tegut_offer_172.jpg,cat_non_food,,,ref_000162,obs_0000009123|obs_0000011228,obs_0000009123
Duschgel,Axe,"€ 2,49",,"pro Einheit = 2,49",,Nein,Gültig bis 11.04,2026-04-06,2026-04-11,../images/tegut/tegut_offer_173.jpg,cat_drogerie,,,ref_000163,obs_0000017459|obs_0000009054|obs_0000011788|obs_0000015972|obs_0000031850|obs_0000008329|obs_0000015523|obs_0000026290|obs_0000031924|obs_0000026347|obs_0000028939|obs_0000035065|obs_0000013602|obs_0000028963|obs_0000014682|obs_0000011624|obs_0000013165|obs_0000026494|obs_0000011174|obs_0000032769|obs_0000009734|obs_0000032774|obs_0000032275|obs_0000032279|obs_0000009268|obs_0000033843|obs_0000033845|obs_0000033348|obs_0000006243|obs_0000012904|obs_0000005290|obs_0000012473|obs_0000029373|obs_0000005856|obs_0000007920|obs_0000015116|obs_0000006943|obs_0000032036|obs_0000028459|obs_0000007503|obs_0000014679|obs_0000030078|obs_0000032141|obs_0000034246|obs_0000007114|obs_0000010779|obs_0000005670|obs_0000010285|obs_0000034863|obs_0000032819,obs_0000011788|obs_0000032797|obs_0000017459|obs_0000033371|obs_0000015972|obs_0000031850|obs_0000008329|obs_0000015523|obs_0000026290|obs_0000031924|obs_0000026834|obs_0000005856|obs_0000026347|obs_0000028939|obs_0000035065|obs_0000006943|obs_0000013602|obs_0000028963|obs_0000014682|obs_0000009054|obs_0000011624|obs_0000013165|obs_0000026494|obs_0000011174
Isolier-Trinkbecher,THERMOS,"€ 14,99",,"pro Einheit = 14,99",,Nein,Gültig bis 11.04,2026-04-06,2026-04-11,,cat_non_food,,,ref_000164,,
Lunchpot,Mepal,"€ 14,99",,"pro Einheit = 14,99",,Nein,Gültig bis 11.04,2026-04-06,2026-04-11,../images/tegut/tegut_offer_175.jpg,"cat_drogerie,tag_ultra_processed",,,ref_000165,,
Repair Protect oder Sensodyne ProSchmelz Repair,Sensodyne,"€ 5,29",,"pro Einheit = 5,99",,Nein,Gültig bis 11.04,2026-04-06,2026-04-11,../images/tegut/tegut_offer_176.jpg,"cat_drogerie,tag_ultra_processed",,,ref_000166,,
Elvital Shampoo,L Or al,"€ 2,99",,"pro Einheit = 3,99",,Nein,Gültig bis 11.04,2026-04-06,2026-04-11,../images/tegut/tegut_offer_177.jpg,cat_drogerie,,,ref_000167,obs_0000033849|obs_0000019771|obs_0000033191|obs_0000008625|obs_0000016820|obs_0000028680|obs_0000010773|obs_0000034854|obs_0000009796|obs_0000032840|obs_0000004179|obs_0000033372|obs_0000009325|obs_0000019053|obs_0000032877|obs_0000024178|obs_0000033398|obs_0000021647|obs_0000030356|obs_0000010913|obs_0000033460|obs_0000023755|obs_0000009955|obs_0000015098|obs_0000033529|obs_0000021764|obs_0000034052|obs_0000035066|obs_0000009494|obs_0000033059|obs_0000013613|obs_0000033092|obs_0000033623|obs_0000011610|obs_0000020828|obs_0000034662|obs_0000033133|obs_0000033649|obs_0000001916|obs_0000008067|obs_0000028560|obs_0000033168|obs_0000012696|obs_0000005033|obs_0000010154|obs_0000000446|obs_0000033215|obs_0000034239|obs_0000033227|obs_0000033237,obs_0000033849|obs_0000030356|obs_0000019771|obs_0000033191|obs_0000008625|obs_0000016820
Body love Bodylotion,Dove,"€ 3,49",,"pro Einheit = 4,99",,Nein,Gültig bis 11.04,2026-04-06,2026-04-11,../images/tegut/tegut_offer_178.jpg,cat_drogerie,,,ref_000168,obs_0000033034|obs_0000033105,
Bifensis Adult Katzennahrung,Purina ONE,"€ 3,33",,"pro Einheit = 3,99",,Nein,Gültig bis 11.04,2026-04-06,2026-04-11,../images/tegut/tegut_offer_179.jpg,cat_tiernahrung,,,ref_000169,obs_0000033860|obs_0000015533|obs_0000019697|obs_0000018174|obs_0000033541|obs_0000034456|obs_0000013736|obs_0000027821|obs_0000014398|obs_0000008127|obs_0000026441|obs_0000012491|obs_0000015701|obs_0000014307,obs_0000033860
Wäsche-Hygienespüler,Sagrotan,"€ 2,99",,"pro Einheit = 3,99",,Nein,Gültig bis 11.04,2026-04-06,2026-04-11,../images/tegut/tegut_offer_180.jpg,cat_drogerie,,,ref_000170,obs_0000032922|obs_0000012003|obs_0000021018|obs_0000017717|obs_0000021689|obs_0000024901|obs_0000020199,obs_0000032922|obs_0000012003
Katzennahrung oder Felix So gut wie,Katzennahrung oder Felix So gut wie,"€ 0,44",,"1 kg = 5,18",,Nein,Gültig bis 11.04,2026-04-06,2026-04-11,../images/tegut/tegut_offer_181.jpg,cat_tiernahrung,,,ref_000171,obs_0000008604|obs_0000034062|obs_0000019278|obs_0000032780|obs_0000026771|obs_0000028361|obs_0000033541|obs_0000034456|obs_0000013736|obs_0000015533|obs_0000027821|obs_0000014398|obs_0000008127|obs_0000026441|obs_0000012491|obs_0000015701|obs_0000014307,
Küchentücher,Regina,"€ 2,49",,"pro Einheit = 2,49",,Nein,Gültig bis 11.04,2026-04-06,2026-04-11,../images/tegut/tegut_offer_182.jpg,cat_drogerie,,,ref_000172,obs_0000034463|obs_0000017283|obs_0000026500|obs_0000028044|obs_0000023316|obs_0000027452|obs_0000013759|obs_0000020296|obs_0000025544|obs_0000034991|obs_0000002895|obs_0000014417|obs_0000027217|obs_0000010070|obs_0000011370|obs_0000016235|obs_0000022123|obs_0000019566|obs_0000022515|obs_0000014197|obs_0000021115|obs_0000018046|obs_0000024705|obs_0000008589|obs_0000026915|obs_0000033081|obs_0000008896|obs_0000006390|obs_0000034086|obs_0000033405|obs_0000032032|obs_0000026280|obs_0000012457|obs_0000007116|obs_0000007500|obs_0000033889|obs_0000007925|obs_0000028798,obs_0000017283|obs_0000026500|obs_0000028044|obs_0000023316|obs_0000034463|obs_0000027452|obs_0000013759|obs_0000020296|obs_0000025544|obs_0000034991|obs_0000002895|obs_0000014417|obs_0000027217|obs_0000010070|obs_0000011370|obs_0000016235|obs_0000022123|obs_0000019566|obs_0000022515|obs_0000014197|obs_0000021115|obs_0000018046
Kaminbriketts,Rekord,"€ 8,90",,"pro Einheit = 8,90",,Nein,Gültig bis 11.04,2026-04-06,2026-04-11,../images/tegut/tegut_offer_183.jpg,"cat_fleisch_wurst,tag_ultra_processed",,,ref_000173,obs_0000035078|obs_0000034064,obs_0000035078|obs_0000034064
Hundenahrung,Cesar,"€ 0,75",,"pro Einheit = 0,99",,Nein,Gültig bis 11.04,2026-04-06,2026-04-11,,cat_tiernahrung,,,ref_000174,obs_0000031754|obs_0000011178|obs_0000009004|obs_0000026642|obs_0000035081|obs_0000031674|obs_0000015976|obs_0000027763|obs_0000029061|obs_0000034061|obs_0000034459|obs_0000010788|obs_0000034868|obs_0000032458|obs_0000030030|obs_0000007509|obs_0000012905|obs_0000027629|obs_0000034671|obs_0000005678|obs_0000026578|obs_0000015100|obs_0000007937,obs_0000031754|obs_0000026642|obs_0000035081|obs_0000011178|obs_0000009004|obs_0000031674|obs_0000032458|obs_0000030030|obs_0000015976|obs_0000027763
Kauknochen,Kauknochen,"€ 4,99",,"pro Einheit = 9,98",,Nein,Gültig bis 11.04,2026-04-06,2026-04-11,../images/tegut/tegut_offer_185.jpg,"cat_fleisch_wurst,tag_ultra_processed",,BLS-X435143,ref_000175,obs_0000034454|obs_0000031062|obs_0000031063,obs_0000034454
Toilettenpapier Wasserspaß,Glücksblatt,"€ 4,99",,"pro Einheit = 5,99",,Nein,Gültig bis 11.04,2026-04-06,2026-04-11,../images/tegut/tegut_offer_186.jpg,cat_drogerie,,,ref_000176,obs_0000004745|obs_0000004318|obs_0000000261|obs_0000008992|obs_0000000809|obs_0000003891|obs_0000000527|obs_0000003599|obs_0000001568|obs_0000010282|obs_0000033855|obs_0000002116|obs_0000026693|obs_0000024163|obs_0000013932|obs_0000013454|obs_0000027323|obs_0000023741|obs_0000034994|obs_0000028373|obs_0000025816|obs_0000028891|obs_0000026332|obs_0000033514|obs_0000000748|obs_0000033004|obs_0000001341|obs_0000014665|obs_0000033636|obs_0000033135|obs_0000028024|obs_0000006587|obs_0000011770,
Handgeschirrspülmittel,Pril,"€ 1,49",,"1 l = 3,31",,Nein,Gültig bis 11.04,2026-04-06,2026-04-11,../images/tegut/tegut_offer_187.jpg,cat_drogerie,,,ref_000177,obs_0000034872|obs_0000034256|obs_0000034681|obs_0000000610,obs_0000015118|obs_0000008401|obs_0000011604|obs_0000015958|obs_0000034872|obs_0000034681|obs_0000031355
Feuchte Toilettentücher,Cottonelle,"€ 1,19",,"pro Einheit = 1,79",,Nein,Gültig bis 11.04,2026-04-06,2026-04-11,../images/tegut/tegut_offer_188.jpg,cat_drogerie,,,ref_000178,obs_0000006054,
Bad Lufterfrischer Lenor Aprilfrisch,Febreze,"€ 2,99",,"pro Einheit = 3,99",,Nein,Gültig bis 11.04,2026-04-06,2026-04-11,../images/tegut/tegut_offer_189.jpg,cat_drogerie,,,ref_000179,obs_0000003676|obs_0000016682|obs_0000017475|obs_0000003554,
3 in 1 classic,Jacobs,"€ 2,49",,"pro Einheit = 2,99",,Nein,Gültig bis 11.04,2026-04-06,2026-04-11,../images/tegut/tegut_offer_190.jpg,"cat_getraenke,diet_gluten_free,diet_lactose_free,diet_vegan,diet_vegetarian,tag_ultra_processed",,,ref_000180,obs_0000028751|obs_0000020596|obs_0000026884|obs_0000024877|obs_0000035101|obs_0000015018|obs_0000021415|obs_0000031658|obs_0000025668|obs_0000011543|obs_0000001628|obs_0000001643|obs_0000034649,obs_0000031314|obs_0000031336|obs_0000029354|obs_0000029361|obs_0000032651|obs_0000032658|obs_0000030694|obs_0000030704
Minis,Nestl,"€ 4,49",,"1 kg = 20,69",,Nein,Gültig bis 11.04,2026-04-06,2026-04-11,../images/tegut/tegut_offer_191.jpg,"cat_knabbern_naschen,diet_gluten_free,diet_lactose_free,diet_vegan,diet_vegetarian,tag_ultra_processed",,,ref_000181,obs_0000025627|obs_0000025800|obs_0000024884|obs_0000016191|obs_0000022527|obs_0000019480|obs_0000015901|obs_0000019541|obs_0000012394|obs_0000011085|obs_0000022992|obs_0000013779|obs_0000013309|obs_0000027681|obs_0000022061|obs_0000033009|obs_0000021245|obs_0000035089|obs_0000034613|obs_0000022862|obs_0000018319|obs_0000017853|obs_0000020426|obs_0000019155|obs_0000010045|obs_0000009594|obs_0000017921|obs_0000012802|obs_0000027652|obs_0000014861|obs_0000001550|obs_0000004111|obs_0000004633|obs_0000008732|obs_0000010298|obs_0000034379|obs_0000020557|obs_0000004206|obs_0000025211|obs_0000001186|obs_0000001189|obs_0000011962|obs_0000003779|obs_0000003791|obs_0000014554|obs_0000001759|obs_0000004850|obs_0000006386|obs_0000006923|obs_0000033553,obs_0000019480|obs_0000025627|obs_0000015901|obs_0000019541|obs_0000012394|obs_0000025800|obs_0000006379|obs_0000024884|obs_0000016191|obs_0000011085|obs_0000022992|obs_0000013779|obs_0000013309|obs_0000022527
Suppe,Erasco,"€ 2,79",,"1 l = 7,97",,Nein,Gültig bis 11.04,2026-04-06,2026-04-11,../images/tegut/tegut_offer_192.jpg,"cat_non_food,diet_gluten_free,diet_lactose_free,diet_vegan,diet_vegetarian",,BLS-X4A8060,ref_000182,obs_0000027223|obs_0000034285|obs_0000015871|obs_0000015000|obs_0000006303|obs_0000031022|obs_0000011512|obs_0000010698|obs_0000006482|obs_0000008794|obs_0000034391|obs_0000034027|obs_0000012659|obs_0000008457|obs_0000007182|obs_0000007183|obs_0000009116|obs_0000006309|obs_0000005559|obs_0000007371|obs_0000012366|obs_0000034875|obs_0000027099|obs_0000014174|obs_0000014560|obs_0000013675|obs_0000005744|obs_0000006645|obs_0000029313|obs_0000034626|obs_0000032471|obs_0000032114|obs_0000005367|obs_0000009979|obs_0000031163|obs_0000032231|obs_0000005196|obs_0000007029,obs_0000027223|obs_0000034285|obs_0000015871
Nesquik Wafer Milk Multipack,Nestl,"€ 2,29",,"1 kg = 29,36",,Nein,Gültig bis 11.04,2026-04-06,2026-04-11,../images/tegut/tegut_offer_193.jpg,"cat_knabbern_naschen,diet_vegetarian,tag_ultra_processed",,,ref_000183,obs_0000035004|obs_0000026426,
Keimöl,Mazola,"€ 3,99",,"pro Einheit = 4,49",,Nein,Gültig bis 11.04,2026-04-06,2026-04-11,../images/tegut/tegut_offer_194.jpg,"cat_grundnahrung,diet_vegetarian,sub_tk_gemuese,tag_high_protein,tag_proteinreich,tag_ultra_processed",,BLS-Q260000,ref_000184,obs_0000026765|obs_0000016114|obs_0000008345|obs_0000012352|obs_0000014223|obs_0000030687,obs_0000026765|obs_0000016114|obs_0000008345|obs_0000030687|obs_0000012352
Original Tabasco,Original Tabasco,"€ 2,99",,"pro Einheit = 3,79",,Nein,Gültig bis 11.04,2026-04-06,2026-04-11,../images/tegut/tegut_offer_195.jpg,"cat_getraenke,tag_high_protein,tag_ultra_processed",,,ref_000185,obs_0000033821|obs_0000028730|obs_0000020611|obs_0000012423|obs_0000006283|obs_0000026772|obs_0000008377|obs_0000026832|obs_0000028896|obs_0000035052|obs_0000027005|obs_0000027048|obs_0000021000|obs_0000008777|obs_0000021117|obs_0000008906|obs_0000015051|obs_0000021430|obs_0000025547|obs_0000033763|obs_0000017384|obs_0000013325|obs_0000019505|obs_0000031800|obs_0000025705|obs_0000009334|obs_0000015502|obs_0000027791|obs_0000033975|obs_0000021758|obs_0000009525|obs_0000021868|obs_0000017799|obs_0000026035|obs_0000022184|obs_0000020181|obs_0000034561|obs_0000009987|obs_0000028429|obs_0000034575|obs_0000016167|obs_0000020298|obs_0000028516|obs_0000010117|obs_0000014249|obs_0000028630,obs_0000033821
Asia Cup,Maggi,"€ 1,29",,"pro Einheit = 1,49",,Nein,Gültig bis 11.04,2026-04-06,2026-04-11,../images/tegut/tegut_offer_197.jpg,"cat_grundnahrung,tag_ultra_processed",,,ref_000186,obs_0000017439|obs_0000018736|obs_0000031040|obs_0000030290|obs_0000032686|obs_0000032234|obs_0000029686|obs_0000005924|obs_0000006644,
Bio-Schokolade 72 Pur Cacao,Munz,"€ 3,33",,"pro Einheit = 3,79",,Nein,Gültig bis 11.04,2026-04-06,2026-04-11,../images/tegut/tegut_offer_198.jpg,"cat_knabbern_naschen,diet_vegetarian,tag_ultra_processed",,,ref_000187,obs_0000004662|obs_0000004235|obs_0000028885|obs_0000011551|obs_0000005089|obs_0000000491|obs_0000011783|obs_0000015893|obs_0000027700|obs_0000013879|obs_0000028232|obs_0000013394|obs_0000028244|obs_0000028249|obs_0000000091|obs_0000015454|obs_0000004705|obs_0000031849|obs_0000034408|obs_0000034411|obs_0000017539|obs_0000025221|obs_0000000138|obs_0000025739|obs_0000008861|obs_0000015026|obs_0000004278|obs_0000017595|obs_0000021699|obs_0000017605|obs_0000034013|obs_0000000230|obs_0000018155|obs_0000003326|obs_0000004873|obs_0000018698|obs_0000003851|obs_0000014104|obs_0000010522|obs_0000002336|obs_0000033056|obs_0000031011|obs_0000021291|obs_0000016691|obs_0000004446|obs_0000011112|obs_0000008595|obs_0000008610|obs_0000004019|obs_0000006579,
Tomatenprodukt,Heinz,"€ 1,49",,"1 kg = 4,26",,Nein,Gültig bis 11.04,2026-04-06,2026-04-11,../images/tegut/tegut_offer_199.jpg,"cat_grundnahrung,diet_gluten_free,diet_lactose_free,diet_vegan,diet_vegetarian,sub_frisches_gemuese,tag_ultra_processed,tag_whole_food",,,ref_000188,,
Toblerone,Toblerone,"€ 2,49",,"pro Einheit = 2,79",,Nein,Gültig bis 11.04,2026-04-06,2026-04-11,../images/tegut/tegut_offer_200.jpg,"cat_molkerei_kaese,diet_vegetarian,tag_ultra_processed",,,ref_000189,obs_0000033865,obs_0000033865
Gluten Free Bakery Baguette,Nordic,"€ 3,49",,"1 kg = 13,42",,Nein,Gültig bis 11.04,2026-04-06,2026-04-11,../images/tegut/tegut_offer_201.jpg,"cat_grundnahrung,diet_vegetarian",,,ref_000190,obs_0000028548|obs_0000007301|obs_0000029716|obs_0000012827|obs_0000013087|obs_0000007723|obs_0000014164|obs_0000006255|obs_0000012656|obs_0000028665|obs_0000008956,
Crizzlies,Pom-Bär,"€ 2,49",,"pro Einheit = 2,99",,Nein,Gültig bis 11.04,2026-04-06,2026-04-11,../images/tegut/tegut_offer_202.jpg,"cat_non_food,diet_vegetarian,tag_ultra_processed",,,ref_000191,obs_0000015023|obs_0000016273|obs_0000017630,
London Dry Gin,Finsbury,"€ 9,99",,"pro Einheit = 11,99",,Nein,Gültig bis 11.04,2026-04-06,2026-04-11,../images/tegut/tegut_offer_203.jpg,cat_getraenke,,,ref_000192,obs_0000034843|obs_0000012864|obs_0000008342|obs_0000008385|obs_0000017090|obs_0000016107|obs_0000014631|obs_0000016177|obs_0000011573|obs_0000016267|obs_0000017315|obs_0000014250|obs_0000013765|obs_0000009168|obs_0000010741|obs_0000030760|obs_0000006210|obs_0000011130|obs_0000035048|obs_0000021131|obs_0000021753|obs_0000032028|obs_0000020312|obs_0000023420|obs_0000013385|obs_0000012420|obs_0000015059|obs_0000007656|obs_0000019615|obs_0000026929|obs_0000015697,obs_0000034843|obs_0000012864|obs_0000008342|obs_0000008385|obs_0000017090|obs_0000016107|obs_0000014631|obs_0000016177|obs_0000011573|obs_0000016267|obs_0000017315|obs_0000014250|obs_0000013765|obs_0000009168|obs_0000010741
Rotkäppchen,Rotkäppchen,"€ 3,99",,"pro Einheit = 4,49",,Nein,Gültig bis 11.04,2026-04-06,2026-04-11,../images/tegut/tegut_offer_204.jpg,"cat_getraenke,tag_ultra_processed",,BLS-K717100,ref_000193,obs_0000034301|obs_0000029437|obs_0000030392|obs_0000029767|obs_0000007650|obs_0000005625|obs_0000007450|obs_0000007078|obs_0000007657|obs_0000005998,obs_0000034301
Blanchet,Blanchet,"€ 3,49",,"pro Einheit = 4,29",,Nein,Gültig bis 11.04,2026-04-06,2026-04-11,../images/tegut/tegut_offer_205.jpg,cat_getraenke,,,ref_000194,obs_0000006712|obs_0000029773,
Licor 43,Licor 43,"€ 13,99",,"pro Einheit = 15,99",,Nein,Gültig bis 11.04,2026-04-06,2026-04-11,../images/tegut/tegut_offer_206.jpg,"cat_non_food,diet_lactose_free,diet_vegan,diet_vegetarian",,,ref_000195,obs_0000007088|obs_0000030422,obs_0000007088
Vinho Verde Branco,Casal Garcia,"€ 4,44",,"pro Einheit = 4,99",,Nein,Gültig bis 11.04,2026-04-06,2026-04-11,../images/tegut/tegut_offer_207.jpg,cat_getraenke,,,ref_000196,obs_0000008320|obs_0000013472,
La B li re Bio-Wein,Baron Philippe de Rothschild,"€ 8,49",,"1 l = 11,32",,Nein,Gültig bis 11.04,2026-04-06,2026-04-11,../images/tegut/tegut_offer_208.jpg,cat_getraenke,,,ref_000197,obs_0000034427|obs_0000034424|obs_0000010394|obs_0000006548,
Old Irish Whiskey,Paddy,"€ 11,99",,"pro Einheit = 13,99",,Nein,Gültig bis 11.04,2026-04-06,2026-04-11,../images/tegut/tegut_offer_209.jpg,cat_getraenke,,,ref_000198,obs_0000011310|obs_0000008756|obs_0000010336|obs_0000020586|obs_0000034422|obs_0000028811|obs_0000008371|obs_0000015066|obs_0000018216|obs_0000022838|obs_0000027465|obs_0000012631|obs_0000019325|obs_0000021896|obs_0000021405|obs_0000013253|obs_0000026577|obs_0000019442|obs_0000010744|obs_0000000036|obs_0000007262|obs_0000031414|obs_0000018103|obs_0000003769|obs_0000006359|obs_0000017117|obs_0000006898|obs_0000031086|obs_0000006558|obs_0000016869|obs_0000005631,
Batida de Coco,Mangaroca,"€ 8,88",,"pro Einheit = 9,99",,Nein,Gültig bis 11.04,2026-04-06,2026-04-11,../images/tegut/tegut_offer_210.jpg,"cat_getraenke,diet_vegetarian,tag_ultra_processed",,,ref_000199,obs_0000030761|obs_0000016133|obs_0000005267,obs_0000030761|obs_0000005267|obs_0000016133
Grauer Burgunder,Baron von Maydell,"€ 6,49",,"1 l = 8,65",,Nein,Gültig bis 11.04,2026-04-06,2026-04-11,../images/tegut/tegut_offer_211.jpg,cat_getraenke,,,ref_000200,obs_0000035029|obs_0000034725|obs_0000014060|obs_0000034879|obs_0000034631|obs_0000034630|obs_0000035031|obs_0000026591|obs_0000011588|obs_0000015081|obs_0000033201|obs_0000000726|obs_0000032451,obs_0000034725|obs_0000014060|obs_0000035029|obs_0000034879
Waschmittel,Sunil oder Dalli Med,"€ 3,49",,"pro Einheit = 0,17",,Nein,Gültig bis 11.04,2026-04-06,2026-04-11,../images/tegut/tegut_offer_212.jpg,cat_drogerie,,,ref_000201,obs_0000018449|obs_0000034866|obs_0000027703|obs_0000012875|obs_0000016462|obs_0000023646|obs_0000018542|obs_0000024174|obs_0000019568|obs_0000013946|obs_0000025217|obs_0000026760|obs_0000021665|obs_0000033445|obs_0000012454|obs_0000002728|obs_0000023748|obs_0000023244|obs_0000025812|obs_0000018152|obs_0000017654|obs_0000015109|obs_0000033069|obs_0000022331|obs_0000022340|obs_0000018794|obs_0000020846|obs_0000019827|obs_0000022410|obs_0000012181|obs_0000003486|obs_0000019384|obs_0000017352|obs_0000026568|obs_0000022520|obs_0000025598|obs_0000005662|obs_0000029731|obs_0000033858|obs_0000032848|obs_0000033361|obs_0000033370|obs_0000001139|obs_0000024698|obs_0000007291|obs_0000033426|obs_0000034457|obs_0000033446|obs_0000032992|obs_0000021736,obs_0000018449|obs_0000034866|obs_0000027703|obs_0000012875|obs_0000016462|obs_0000023646|obs_0000018542|obs_0000024174|obs_0000019568|obs_0000013946|obs_0000025217|obs_0000026760|obs_0000021665|obs_0000033445|obs_0000012454|obs_0000002728|obs_0000023748|obs_0000023244|obs_0000025812|obs_0000018152|obs_0000017654|obs_0000015109|obs_0000033069|obs_0000022331|obs_0000022340|obs_0000018794|obs_0000020846|obs_0000019827|obs_0000022410|obs_0000012181|obs_0000003486|obs_0000019384|obs_0000017352|obs_0000026568|obs_0000022520|obs_0000025598
Zink 15 Histidin Selen Vitamin C D3 1000,tetesept,"€ 2,99",,"pro Einheit = 3,99",,Nein,Gültig bis 11.04,2026-04-06,2026-04-11,../images/tegut/tegut_offer_214.jpg,"cat_getraenke,tag_ultra_processed",,,ref_000202,obs_0000033113,
Magnesium 400,tetesept,"€ 2,22",,"pro Einheit = 2,99",,Nein,Gültig bis 11.04,2026-04-06,2026-04-11,../images/tegut/tegut_offer_215.jpg,"cat_tiefkuehl,tag_ultra_processed",,,ref_000203,obs_0000031777|obs_0000003869|obs_0000004296|obs_0000032974|obs_0000003796|obs_0000004723|obs_0000000244,
Vita-Kick,tetesept,"€ 7,77",,"1 kg = 105,00",,Nein,Gültig bis 11.04,2026-04-06,2026-04-11,../images/tegut/tegut_offer_216.jpg,"cat_non_food,diet_vegetarian,tag_ultra_processed",,,ref_000204,,
Spezial-Entkalker,durgol,"€ 5,99",,"pro Einheit = 6,99",,Nein,Gültig bis 11.04,2026-04-06,2026-04-11,../images/tegut/tegut_offer_217.jpg,"cat_non_food,tag_ultra_processed",,,ref_000205,,
Melatonin Magnesium Direkt,tetesept,"€ 4,99",,"1 kg = 138,61",,Nein,Gültig bis 11.04,2026-04-06,2026-04-11,../images/tegut/tegut_offer_218.jpg,"cat_getraenke,tag_ultra_processed",,,ref_000206,obs_0000003869|obs_0000004296|obs_0000032974|obs_0000003796|obs_0000004723|obs_0000000244,
Sodbrennen Akut Kautabletten,tetesept,"€ 2,99",,"pro Einheit = 3,49",,Nein,Gültig bis 11.04,2026-04-06,2026-04-11,../images/tegut/tegut_offer_219.jpg,"cat_non_food,diet_gluten_free,diet_lactose_free,diet_vegan,diet_vegetarian,tag_whole_food",,,ref_000207,,
Omega-3 Lachsöl,tetesept,"€ 6,99",,"1 kg = 59,74",,Nein,Gültig bis 11.04,2026-04-06,2026-04-11,../images/tegut/tegut_offer_220.jpg,"cat_fisch_meeresfruechte,diet_gluten_free,diet_lactose_free,diet_vegetarian,tag_high_protein,tag_proteinreich",,,ref_000208,,
Total Aktiv Gel,WC Ente,"€ 1,99",,"pro Einheit = 2,29",,Nein,Gültig bis 11.04,2026-04-06,2026-04-11,../images/tegut/tegut_offer_221.jpg,cat_drogerie,,,ref_000209,obs_0000005665|obs_0000007292|obs_0000010074,obs_0000005665|obs_0000007292
Bio-Flohsamenschalen,Zirkulin,"€ 8,49",,"1 kg = 42,45",,Nein,Gültig bis 11.04,2026-04-06,2026-04-11,../images/tegut/tegut_offer_222.jpg,"cat_non_food,diet_vegan,diet_vegetarian,tag_whole_food",,,ref_000210,obs_0000010784|obs_0000011934,
Allzweckreiniger,Meister Proper Der General,"€ 1,79",,"pro Einheit = 2,39",,Nein,Gültig bis 11.04,2026-04-06,2026-04-11,../images/tegut/tegut_offer_223.jpg,cat_getraenke,,,ref_000211,obs_0000016580|obs_0000015111|obs_0000016106|obs_0000012460|obs_0000028653|obs_0000027822|obs_0000033486|obs_0000033204|obs_0000015511|obs_0000028536|obs_0000032923|obs_0000006947|obs_0000014188|obs_0000005664,obs_0000016580|obs_0000015111|obs_0000016106|obs_0000012460|obs_0000028653|obs_0000027822|obs_0000033486|obs_0000033204|obs_0000015511|obs_0000028536|obs_0000032923
Shampoo und Duschgel 2in1,Bübchen,"€ 1,79",,"pro Einheit = 1,99",,Nein,Gültig bis 11.04,2026-04-06,2026-04-11,../images/tegut/tegut_offer_224.jpg,cat_drogerie,,,ref_000212,obs_0000015529|obs_0000028459|obs_0000028680|obs_0000034854|obs_0000032840|obs_0000004179|obs_0000032877|obs_0000008329|obs_0000028939|obs_0000035065|obs_0000035066|obs_0000028963|obs_0000033059|obs_0000033092|obs_0000014682|obs_0000020828|obs_0000033133|obs_0000033168|obs_0000000446|obs_0000033215|obs_0000033227|obs_0000033237|obs_0000033244|obs_0000004606|obs_0000033372|obs_0000019053|obs_0000033398|obs_0000010913|obs_0000033460|obs_0000033529|obs_0000033623|obs_0000009054|obs_0000013165|obs_0000033649|obs_0000011174|obs_0000005033|obs_0000017459|obs_0000031850|obs_0000009325|obs_0000021647|obs_0000015523|obs_0000031924|obs_0000023755|obs_0000021764|obs_0000034052|obs_0000009494|obs_0000013602|obs_0000011610|obs_0000011624|obs_0000034239,
Deospray oder Deostick,Old Spice,"€ 3,49",,"1 l = 23,27",,Nein,Gültig bis 11.04,2026-04-06,2026-04-11,../images/tegut/tegut_offer_225.jpg,cat_drogerie,,,ref_000213,obs_0000013584|obs_0000015115|obs_0000032800|obs_0000032945|obs_0000033019|obs_0000033454|obs_0000033577|obs_0000026145|obs_0000026277|obs_0000034658|obs_0000026566|obs_0000034855|obs_0000035064|obs_0000002346|obs_0000027389|obs_0000003229|obs_0000013583|obs_0000015110|obs_0000031852,obs_0000013584|obs_0000015115
Kosmetiktücher ultra soft,Kleenex,"€ 1,49",,"pro Einheit = 1,99",,Nein,Gültig bis 11.04,2026-04-06,2026-04-11,../images/tegut/tegut_offer_226.jpg,cat_drogerie,,,ref_000214,obs_0000010763|obs_0000016971|obs_0000028874|obs_0000017770|obs_0000034702|obs_0000015287|obs_0000033403|obs_0000000721,
Frucht und Getreide Bio-Brei,HiPP,"€ 1,29",,"pro Einheit = 1,49",,Nein,Gültig bis 11.04,2026-04-06,2026-04-11,../images/tegut/tegut_offer_227.jpg,"cat_obst_gemuese,diet_vegetarian,tag_ultra_processed",,,ref_000215,,
Bio-Juniormenü,HiPP,"€ 1,69",,"pro Einheit = 1,89",,Nein,Gültig bis 11.04,2026-04-06,2026-04-11,../images/tegut/tegut_offer_228.jpg,"cat_obst_gemuese,diet_lactose_free,diet_vegan,diet_vegetarian",,,ref_000216,obs_0000034446,obs_0000034446
baby-dry Windeln,Pampers,"€ 16,99",,"pro Einheit = 19,99",,Nein,Gültig bis 11.04,2026-04-06,2026-04-11,../images/tegut/tegut_offer_229.jpg,"cat_non_food,diet_vegetarian",,,ref_000217,obs_0000028270|obs_0000002091|obs_0000010031|obs_0000009580|obs_0000017793|obs_0000030073|obs_0000034447|obs_0000013484|obs_0000012464|obs_0000014672,obs_0000028270
Reinigungstücher,bebe,"€ 2,22",,"pro Einheit = 2,49",,Nein,Gültig bis 11.04,2026-04-06,2026-04-11,../images/tegut/tegut_offer_230.jpg,cat_drogerie,,,ref_000218,obs_0000012898|obs_0000033125|obs_0000014677|obs_0000011167|obs_0000031706|obs_0000005482|obs_0000006396,obs_0000012898|obs_0000033125|obs_0000014677|obs_0000011167
Bio-Quetschies,Pumpkin Organics,"€ 0,99",,"1 kg = 9,90",,Nein,Gültig bis 11.04,2026-04-06,2026-04-11,../images/tegut/tegut_offer_231.jpg,cat_obst_gemuese,,,ref_000219,obs_0000034443,obs_0000034443
Pflegestäbchen,Q-tips,"€ 1,11",,"pro Einheit = 1,39",,Nein,Gültig bis 11.04,2026-04-06,2026-04-11,../images/tegut/tegut_offer_232.jpg,"cat_tiefkuehl,sub_tk_fertiggerichte,tag_ultra_processed",,,ref_000220,,
FruchtSpritz,Jive,"€ 1,21",,"pro Einheit = 1,21",,Nein,Gültig bis 11.04,2026-04-06,2026-04-11,../images/tegut/tegut_offer_235.jpg,"cat_knabbern_naschen,diet_vegetarian,tag_ultra_processed",,BLS-Y851363,ref_000221,,
Arrabbiata Bio-Nudelsauce,PPURA,"€ 2,49",,"1 kg = 7,32",,Nein,Gültig bis 11.04,2026-04-06,2026-04-11,../images/tegut/tegut_offer_241.jpg,"cat_grundnahrung,diet_lactose_free,diet_vegan,diet_vegetarian",,,ref_000222,obs_0000034269|obs_0000000801,
Natur- oder Knusperfilets,tegut,"€ 3,49",,"pro Einheit = 3,99",,Nein,Gültig bis 11.04,2026-04-06,2026-04-11,../images/tegut/tegut_offer_242.jpg,"cat_fisch_meeresfruechte,diet_vegetarian,tag_ultra_processed",,,ref_000223,obs_0000001347|obs_0000009644|obs_0000028889,
Eintopf,Sonnen Bassermann,"€ 1,79",,"pro Einheit = 3,29",,Nein,Gültig bis 11.04,2026-04-06,2026-04-11,../images/tegut/tegut_offer_243.jpg,"cat_non_food,diet_gluten_free,diet_lactose_free,diet_vegan,diet_vegetarian",,BLS-H861100,ref_000224,obs_0000027989|obs_0000008449|obs_0000014982|obs_0000034827|obs_0000013608|obs_0000009646|obs_0000001972|obs_0000008055|obs_0000028413|obs_0000034197|obs_0000033814|obs_0000032417|obs_0000031018|obs_0000005169|obs_0000031329|obs_0000006123|obs_0000030714|obs_0000007571|obs_0000007000|obs_0000000614|obs_0000034687|obs_0000005196|obs_0000007029,obs_0000008449|obs_0000014982|obs_0000034827|obs_0000007571|obs_0000013608|obs_0000009646|obs_0000001972|obs_0000027989|obs_0000007000|obs_0000008055|obs_0000028413
Eierteigwaren Die Guten,Bernbacher,"€ 1,49",,"pro Einheit = 1,99",,Nein,Gültig bis 11.04,2026-04-06,2026-04-11,../images/tegut/tegut_offer_244.jpg,"cat_grundnahrung,diet_vegetarian,sub_nudeln",,BLS-E612100,ref_000225,obs_0000027849,
Gemüsepfanne,Frosta,"€ 2,22",,"pro Einheit = 3,69",,Nein,Gültig bis 11.04,2026-04-06,2026-04-11,../images/tegut/tegut_offer_245.jpg,"cat_tiefkuehl,diet_vegan,diet_vegetarian,sub_nudeln,sub_tk_fertiggerichte,sub_tk_gemuese,tag_ultra_processed",,,ref_000226,obs_0000028919|obs_0000010366|obs_0000034986|obs_0000030847|obs_0000023233|obs_0000032635|obs_0000029093,obs_0000030847|obs_0000032635|obs_0000028919|obs_0000010366
Pinsa Romana,Di Marco,"€ 3,33",,"pro Einheit = 3,79",,Nein,Gültig bis 11.04,2026-04-06,2026-04-11,../images/tegut/tegut_offer_246.jpg,"cat_grundnahrung,diet_gluten_free,diet_lactose_free,diet_vegan,diet_vegetarian,tag_whole_food",,,ref_000227,obs_0000011502|obs_0000000902|obs_0000017029|obs_0000023185|obs_0000004508|obs_0000003124|obs_0000016314|obs_0000004935|obs_0000004081|obs_0000000377,obs_0000011502
5 Minuten Terrine,Maggi,"€ 0,99",,"pro Einheit = 1,49",,Nein,Gültig bis 11.04,2026-04-06,2026-04-11,../images/tegut/tegut_offer_247.jpg,"cat_grundnahrung,diet_vegan,diet_vegetarian,tag_ultra_processed",,,ref_000228,obs_0000022281|obs_0000018283|obs_0000019422|obs_0000027128|obs_0000022865|obs_0000031019|obs_0000028475|obs_0000031696|obs_0000030336|obs_0000032112|obs_0000032663|obs_0000029673|obs_0000032235|obs_0000032111|obs_0000005924|obs_0000006644,obs_0000022281|obs_0000018283|obs_0000019422|obs_0000027128
Steinofenpizza,tegut,"€ 1,99",,"1 kg = 5,69",,Nein,Gültig bis 11.04,2026-04-06,2026-04-11,../images/tegut/tegut_offer_248.jpg,"cat_tiefkuehl,sub_tk_pizza,tag_ultra_processed",,,ref_000229,obs_0000024681|obs_0000021159|obs_0000017577|obs_0000025448|obs_0000020340|obs_0000008064|obs_0000018848|obs_0000016325|obs_0000017368|obs_0000034874|obs_0000000627|obs_0000023012|obs_0000017928|obs_0000021035|obs_0000006848|obs_0000020216|obs_0000034098|obs_0000005946|obs_0000025509|obs_0000025073|obs_0000003588,obs_0000024681|obs_0000021159|obs_0000017577|obs_0000025448|obs_0000020340|obs_0000008064|obs_0000018848|obs_0000016325|obs_0000017368
Eierspätzle Kartoffel-Gnocchi oder Pfannen-Gnocchi,Henglein,"€ 1,99",,"1 kg = 4,98",,Nein,Gültig bis 11.04,2026-04-06,2026-04-11,../images/tegut/tegut_offer_249.jpg,"cat_grundnahrung,diet_lactose_free,diet_vegan,diet_vegetarian,sub_kartoffeln,sub_nudeln,tag_ultra_processed",,,ref_000230,obs_0000014052|obs_0000026656|obs_0000010940|obs_0000019691|obs_0000012829|obs_0000034386|obs_0000008809|obs_0000027805|obs_0000034976|obs_0000011501|obs_0000004877|obs_0000000344|obs_0000013663|obs_0000004450|obs_0000004023|obs_0000014820|obs_0000003072,
Tress Brüder Bio-Suppe,demeter Tress Brüder,"€ 2,99",,"1 l = 6,64",,Nein,Gültig bis 11.04,2026-04-06,2026-04-11,../images/tegut/tegut_offer_250.jpg,"cat_obst_gemuese,diet_gluten_free,diet_lactose_free,diet_vegan,diet_vegetarian,sub_frisches_gemuese,tag_whole_food",,,ref_000231,obs_0000031163|obs_0000005196|obs_0000007029|obs_0000034391|obs_0000011512|obs_0000031032|obs_0000034285|obs_0000027223|obs_0000015871,
Maultaschen,Bürger,"€ 1,99",,"1 kg = 6,63",,Nein,Gültig bis 11.04,2026-04-06,2026-04-11,../images/tegut/tegut_offer_251.jpg,cat_non_food,,BLS-D7A5000,ref_000232,obs_0000006305|obs_0000010531|obs_0000017588|obs_0000012341|obs_0000031814|obs_0000000711|obs_0000033906|obs_0000014973|obs_0000007938|obs_0000005382|obs_0000021396|obs_0000025283|obs_0000020577|obs_0000029796|obs_0000030452|obs_0000006656|obs_0000031865|obs_0000016224|obs_0000019957,obs_0000007938|obs_0000005382|obs_0000006305|obs_0000010531|obs_0000017588|obs_0000012341|obs_0000031814|obs_0000000711|obs_0000029796|obs_0000033906|obs_0000030452|obs_0000014973|obs_0000006656
frisches Gericht,Youcook,"€ 3,79",,"1 kg = 9,02",,Nein,Gültig bis 11.04,2026-04-06,2026-04-11,../images/tegut/tegut_offer_252.jpg,"cat_fleisch_wurst,sub_gefluegel,tag_high_protein",,,ref_000233,,
