Produkt,Marke,Preis,Vorheriger Preis,Preis_kg,Hinweis,Nur_online,Gueltig_raw,Gueltig_von,Gueltig_bis,Bildpfad,assigned_labels,Einheit,nutrition_link,reference_row_id,rough_match_observation_ids,exact_match_observation_ids
Kaninchen,Kaninchen,"€ 1,79",,"pro Einheit = 2,49",,Nein,Gültig bis 04.04,2026-03-30,2026-04-04,../images/tegut/tegut_offer_001.jpg,"cat_fleisch_wurst,tag_ultra_processed",,,ref_000001,obs_0000033730|obs_0000028580|obs_0000028702|obs_0000030273|obs_0000018661|obs_0000021991|obs_0000015403|obs_0000017741|obs_0000023632|obs_0000030195|obs_0000007828|obs_0000016792|obs_0000032576,obs_0000033730|obs_0000028580|obs_0000028702
Skrei-Winterkabeljaufilet,Skrei-Winterkabeljaufilet,"€ 2,99",,"pro Einheit = 2,99",,Nein,Gültig bis 04.04,2026-03-30,2026-04-04,../images/tegut/tegut_offer_003.jpg,cat_fisch_meeresfruechte,,,ref_000002,,
Bio-Lachsfilet,Bio-Lachsfilet,"€ 3,99",,"pro Einheit = 3,99",,Nein,Gültig bis 04.04,2026-03-30,2026-04-04,../images/tegut/tegut_offer_004.jpg,"cat_fisch_meeresfruechte,diet_gluten_free,diet_lactose_free,tag_high_protein,tag_proteinreich,tag_whole_food",,,ref_000003,obs_0000033948|obs_0000027591|obs_0000023816|obs_0000023817|obs_0000024237|obs_0000024238|obs_0000008391|obs_0000034280|obs_0000010175|obs_0000028347|obs_0000014208|obs_0000007205|obs_0000031809|obs_0000010613,obs_0000000830|obs_0000033948
Corte Parma Aperitivo Emiliano,Corte Parma Aperitivo Emiliano,"€ 4,99",,"pro Einheit = 6,99",,Nein,Gültig bis 04.04,2026-03-30,2026-04-04,../images/tegut/tegut_offer_005.jpg,cat_getraenke,,,ref_000004,obs_0000013069|obs_0000008990|obs_0000020899|obs_0000003633|obs_0000009522|obs_0000008244|obs_0000021836|obs_0000010091|obs_0000020080|obs_0000003572|obs_0000015485|obs_0000009984,
Sauce Hollandaise,Lukull,"€ 1,79",,"pro Einheit = 2,49",,Nein,Gültig bis 04.04,2026-03-30,2026-04-04,,cat_grundnahrung,,BLS-U990400,ref_000005,obs_0000034898|obs_0000015434|obs_0000031029|obs_0000032237|obs_0000006127|obs_0000013386|obs_0000028755|obs_0000034889|obs_0000034901|obs_0000011915|obs_0000010474|obs_0000008982|obs_0000032425,obs_0000015434|obs_0000034898|obs_0000031029|obs_0000032237|obs_0000006127
T te de Moine,T te de Moine,"€ 12,90",,"pro Einheit = 17,90",,Nein,Gültig bis 04.04,2026-03-30,2026-04-04,../images/tegut/tegut_offer_007.jpg,"cat_grundnahrung,diet_gluten_free,diet_lactose_free,diet_vegan,diet_vegetarian,tag_ultra_processed",,,ref_000006,obs_0000004697|obs_0000003688|obs_0000002673|obs_0000002207|obs_0000004270|obs_0000000226|obs_0000003843|obs_0000019261|obs_0000016731|obs_0000017266|obs_0000017302|obs_0000016893|obs_0000006804|obs_0000007339|obs_0000007553|obs_0000015808,obs_0000004697|obs_0000003688|obs_0000002673|obs_0000002207|obs_0000004270|obs_0000000226|obs_0000003843|obs_0000019261|obs_0000016731|obs_0000017266|obs_0000017302|obs_0000016893
Bio-Lammkotelett,Bio-Lammkotelett,"€ 4,99",,"pro Einheit = 5,99",,Nein,Gültig bis 04.04,2026-03-30,2026-04-04,../images/tegut/tegut_offer_008.jpg,"cat_obst_gemuese,diet_vegetarian,tag_ultra_processed",,,ref_000007,,
Quiche mit Lachs und Spinat,Quiche mit Lachs und Spinat,"€ 2,49",,"pro Einheit = 2,99",,Nein,Gültig bis 04.04,2026-03-30,2026-04-04,../images/tegut/tegut_offer_009.jpg,"cat_fisch_meeresfruechte,diet_lactose_free,sub_tk_gemuese,tag_high_protein,tag_proteinreich",,,ref_000008,obs_0000034354|obs_0000034955|obs_0000023994|obs_0000024416|obs_0000018515|obs_0000020605|obs_0000034939|obs_0000022918|obs_0000021424|obs_0000033739|obs_0000025711|obs_0000022077|obs_0000026393,obs_0000034955|obs_0000034354
Rinderfilet,Rinderfilet,"€ 4,99",,"pro Einheit = 4,99",,Nein,Gültig bis 04.04,2026-03-30,2026-04-04,../images/tegut/tegut_offer_010.jpg,"cat_fisch_meeresfruechte,sub_rind,tag_high_protein,tag_proteinreich,tag_ultra_processed",,,ref_000009,obs_0000009729|obs_0000031469|obs_0000030832|obs_0000028851|obs_0000011445|obs_0000018165|obs_0000019724|obs_0000001638|obs_0000001010|obs_0000001945|obs_0000014910|obs_0000008496,obs_0000009729|obs_0000031469|obs_0000030832|obs_0000028851|obs_0000011445|obs_0000018165
Käserebellen Bio-Wiesen-Rebell,Naturland,"€ 2,99",,"pro Einheit = 2,99",,Nein,Gültig bis 04.04,2026-03-30,2026-04-04,../images/tegut/tegut_offer_011.jpg,"cat_molkerei_kaese,diet_lactose_free,diet_vegetarian,sub_kaese,sub_milchprodukte",,,ref_000010,obs_0000034574,obs_0000034574
Kalbsfilet,Kalbsfilet,"€ 4,99",,"pro Einheit = 5,99",,Nein,Gültig bis 04.04,2026-03-30,2026-04-04,../images/tegut/tegut_offer_012.jpg,"cat_fisch_meeresfruechte,diet_lactose_free,sub_rind,tag_high_protein,tag_proteinreich",,BLS-U333100,ref_000011,,
Urtyp Rohschinken,Urtyp Rohschinken,"€ 2,99",,"pro Einheit = 2,99",,Nein,Gültig bis 04.04,2026-03-30,2026-04-04,../images/tegut/tegut_offer_013.jpg,"cat_fleisch_wurst,sub_schwein,sub_wurst,tag_ultra_processed",,,ref_000012,obs_0000031618|obs_0000017419|obs_0000018745,
Jurassic,Jurassic,"€ 2,49",,"pro Einheit = 3,49",,Nein,Gültig bis 04.04,2026-03-30,2026-04-04,,"cat_molkerei_kaese,diet_gluten_free,diet_lactose_free,diet_vegan,diet_vegetarian,tag_ultra_processed",,,ref_000013,,
Atlantik Graved Lachs,Friedrichs,"€ 4,79",,"1 kg = 47,90",,Nein,Gültig bis 04.04,2026-03-30,2026-04-04,../images/tegut/tegut_offer_015.jpg,"cat_fisch_meeresfruechte,tag_high_protein,tag_proteinreich",,,ref_000014,obs_0000034553|obs_0000018883|obs_0000034939|obs_0000033739,obs_0000034553
Lammlachs,Lammlachs,"€ 3,49",,"pro Einheit = 4,49",,Nein,Gültig bis 04.04,2026-03-30,2026-04-04,../images/tegut/tegut_offer_016.jpg,"cat_fisch_meeresfruechte,tag_proteinreich",,,ref_000015,obs_0000029793|obs_0000008031|obs_0000015750|obs_0000033725|obs_0000030786|obs_0000031454,obs_0000029793|obs_0000008031
Bio-Steinsalzkäse,Bio-Steinsalzkäse,"€ 2,49",,"pro Einheit = 2,49",,Nein,Gültig bis 04.04,2026-03-30,2026-04-04,../images/tegut/tegut_offer_017.jpg,"cat_molkerei_kaese,diet_vegan,diet_vegetarian,sub_kaese,sub_milchprodukte,tag_ultra_processed",,,ref_000016,obs_0000033974|obs_0000029147,obs_0000033974
Bio-Lamm,Bio-Lamm,"€ 4,99",,"pro Einheit = 5,79",,Nein,Gültig bis 04.04,2026-03-30,2026-04-04,../images/tegut/tegut_offer_018.jpg,"cat_obst_gemuese,diet_lactose_free,diet_vegan,diet_vegetarian,tag_ultra_processed,tag_whole_food",,,ref_000017,obs_0000033726|obs_0000034323,
Coburger Bio-Brietorte,Bioland,"€ 1,49",,"pro Einheit = 1,49",,Nein,Gültig bis 04.04,2026-03-30,2026-04-04,../images/tegut/tegut_offer_019.jpg,"cat_grundnahrung,diet_lactose_free,diet_vegetarian",,,ref_000018,,
Bio-Familienbaguette,Naturland Herzberger,"€ 2,99",,"1 kg = 7,48",,Nein,Gültig bis 04.04,2026-03-30,2026-04-04,../images/tegut/tegut_offer_020.jpg,"cat_grundnahrung,diet_vegetarian",,,ref_000019,obs_0000034488|obs_0000034705,obs_0000034488|obs_0000034705
Osterstrauß,Osterstrauß,"€ 14,99",,"pro Einheit = 14,99",,Nein,Gültig bis 04.04,2026-03-30,2026-04-04,../images/tegut/tegut_offer_021.jpg,"cat_non_food,tag_ultra_processed",,,ref_000020,,
Forelle,Forelle,"€ 1,49",,"pro Einheit = 1,99",,Nein,Gültig bis 04.04,2026-03-30,2026-04-04,../images/tegut/tegut_offer_023.jpg,"cat_fisch_meeresfruechte,tag_whole_food",,BLS-T422100,ref_000021,obs_0000020898|obs_0000007046|obs_0000020079|obs_0000034141|obs_0000007610|obs_0000009595|obs_0000025693|obs_0000010047,obs_0000020898|obs_0000007046|obs_0000020079|obs_0000034141|obs_0000007610|obs_0000009595|obs_0000025693|obs_0000010047
Goldhase,Lindt,"€ 2,79",,"pro Einheit = 4,99",,Nein,Gültig bis 04.04,2026-03-30,2026-04-04,../images/tegut/tegut_offer_024.jpg,"cat_knabbern_naschen,diet_gluten_free,diet_lactose_free,diet_vegan,diet_vegetarian,tag_ultra_processed",,,ref_000022,obs_0000013665|obs_0000013666,obs_0000013665
Champagner Imp rial,Mo t Chandon,"€ 33,33",,"pro Einheit = 49,99",,Nein,Gültig bis 04.04,2026-03-30,2026-04-04,../images/tegut/tegut_offer_025.jpg,"cat_getraenke,tag_ultra_processed",,,ref_000023,obs_0000022847|obs_0000016839|obs_0000018000|obs_0000017008|obs_0000025021|obs_0000020546|obs_0000018889|obs_0000021365|obs_0000032743|obs_0000019757|obs_0000015932|obs_0000017995,obs_0000018000|obs_0000032743
Extra Konfitüre,Schwartau,"€ 1,99",,"pro Einheit = 2,69",,Nein,Gültig bis 04.04,2026-03-30,2026-04-04,../images/tegut/tegut_offer_026.jpg,"cat_grundnahrung,diet_vegetarian",,,ref_000024,obs_0000015009|obs_0000026852|obs_0000014194|obs_0000012688|obs_0000010707|obs_0000033806|obs_0000034610|obs_0000002069|obs_0000019269|obs_0000009772|obs_0000028231|obs_0000019590|obs_0000028955|obs_0000008019|obs_0000011094|obs_0000032650|obs_0000008202|obs_0000014367|obs_0000026193|obs_0000000136|obs_0000030345|obs_0000015501|obs_0000032400|obs_0000012446|obs_0000029360|obs_0000031949|obs_0000015088|obs_0000016124|obs_0000013624|obs_0000011593|obs_0000013180|obs_0000012176|obs_0000007582|obs_0000013749|obs_0000014805|obs_0000006652|obs_0000007023|obs_0000006139,
Direktsaft,innocent,"€ 2,79",,"pro Einheit = 3,79",,Nein,Gültig bis 04.04,2026-03-30,2026-04-04,../images/tegut/tegut_offer_027.jpg,"cat_getraenke,diet_vegan,tag_whole_food",,,ref_000025,obs_0000018760|obs_0000016210|obs_0000031250|obs_0000013459|obs_0000033834|obs_0000030153|obs_0000028124|obs_0000016111|obs_0000032379|obs_0000034433|obs_0000001687|obs_0000033688|obs_0000021146|obs_0000034852|obs_0000007471|obs_0000028600|obs_0000028490|obs_0000018765|obs_0000000866|obs_0000020327|obs_0000013831|obs_0000010908,obs_0000018760|obs_0000030153|obs_0000032379
Mineralwasser,Adelholzener,"€ 5,99",,"pro Einheit = 7,99",,Nein,Gültig bis 04.04,2026-03-30,2026-04-04,../images/tegut/tegut_offer_028.jpg,"cat_getraenke,diet_gluten_free,diet_lactose_free,diet_vegan,diet_vegetarian",,,ref_000026,obs_0000028841|obs_0000031006|obs_0000027653|obs_0000034851|obs_0000015908|obs_0000031797|obs_0000026205|obs_0000008801|obs_0000003689|obs_0000015481|obs_0000031867|obs_0000012414|obs_0000031871|obs_0000028800|obs_0000034437|obs_0000008841|obs_0000009353|obs_0000027836|obs_0000011969|obs_0000021185|obs_0000027856|obs_0000008437|obs_0000034043|obs_0000034044|obs_0000009985|obs_0000028931|obs_0000035059|obs_0000010519|obs_0000014625|obs_0000028968|obs_0000026948|obs_0000028493|obs_0000008537|obs_0000011123|obs_0000028537|obs_0000028027|obs_0000020366|obs_0000028603|obs_0000034235|obs_0000034238|obs_0000026570|obs_0000013773|obs_0000025562|obs_0000028654|obs_0000014332|obs_0000031249|obs_0000002068|obs_0000024088|obs_0000029232|obs_0000031834,obs_0000027653|obs_0000034851|obs_0000015908|obs_0000031797|obs_0000026205|obs_0000008801|obs_0000003689|obs_0000015481|obs_0000031867|obs_0000012414|obs_0000031871|obs_0000028800|obs_0000034437|obs_0000008841|obs_0000009353|obs_0000028841|obs_0000027836|obs_0000011969|obs_0000021185|obs_0000027856|obs_0000006890|obs_0000008437|obs_0000034043|obs_0000034044|obs_0000009985|obs_0000028931|obs_0000035059|obs_0000010519|obs_0000031006|obs_0000014625|obs_0000028968|obs_0000026948|obs_0000028493|obs_0000008537|obs_0000011123|obs_0000028537|obs_0000028027|obs_0000020366|obs_0000028603|obs_0000034235|obs_0000034238|obs_0000026570|obs_0000013773|obs_0000025562|obs_0000028654|obs_0000014332
Bio-Tee,Yogi Tea,"€ 2,49",,"pro Einheit = 2,79",,Nein,Gültig bis 04.04,2026-03-30,2026-04-04,../images/tegut/tegut_offer_029.jpg,"cat_getraenke,diet_gluten_free,diet_lactose_free,diet_vegan,diet_vegetarian,tag_ultra_processed,tag_whole_food",,BLS-G561100,ref_000027,obs_0000032968|obs_0000033499|obs_0000027244|obs_0000011596|obs_0000020481|obs_0000021300|obs_0000013530|obs_0000021786|obs_0000022871|obs_0000015022|obs_0000031795|obs_0000015944|obs_0000007996|obs_0000009037|obs_0000034399|obs_0000016641|obs_0000008687|obs_0000025412|obs_0000001487|obs_0000018054|obs_0000010335|obs_0000026894|obs_0000018960|obs_0000028312|obs_0000020428|obs_0000021247|obs_0000005272|obs_0000022129|obs_0000014277|obs_0000023245|obs_0000023661|obs_0000033693|obs_0000034233,obs_0000032968|obs_0000033499|obs_0000027244|obs_0000011596|obs_0000020481|obs_0000021300|obs_0000013530|obs_0000021786|obs_0000022871|obs_0000015022|obs_0000031795|obs_0000015944|obs_0000007996
Amecke,Amecke,"€ 1,99",,"pro Einheit = 1,99",,Nein,Gültig bis 04.04,2026-03-30,2026-04-04,../images/tegut/tegut_offer_030.jpg,"cat_non_food,diet_vegan,diet_vegetarian",,,ref_000028,obs_0000007269|obs_0000005271|obs_0000032129|obs_0000031344|obs_0000029974,
Vitalis Müsli,Dr Oetker,"€ 2,49",,"pro Einheit = 3,99",,Nein,Gültig bis 04.04,2026-03-30,2026-04-04,../images/tegut/tegut_offer_031.jpg,"cat_grundnahrung,tag_ultra_processed",,,ref_000029,obs_0000012371|obs_0000023641|obs_0000018058|obs_0000002264|obs_0000010504|obs_0000003356|obs_0000018726|obs_0000024890|obs_0000027043|obs_0000021998|obs_0000017402|obs_0000034008|obs_0000013314|obs_0000006472|obs_0000027228|obs_0000025199|obs_0000021664|obs_0000014004|obs_0000014570|obs_0000010536|obs_0000020845|obs_0000013793|obs_0000030006|obs_0000030058|obs_0000006833|obs_0000007583,obs_0000012371|obs_0000023641|obs_0000018058|obs_0000002264|obs_0000010504|obs_0000003356|obs_0000018726|obs_0000024890|obs_0000027043|obs_0000021998|obs_0000017402
Festtagstorte,Coppenrath Wiese,"€ 9,99",,"pro Einheit = 14,99",,Nein,Gültig bis 04.04,2026-03-30,2026-04-04,../images/tegut/tegut_offer_032.jpg,"cat_grundnahrung,diet_vegetarian,sub_milchprodukte,tag_ultra_processed",,,ref_000030,obs_0000009142|obs_0000011496|obs_0000007394,obs_0000007394
Mousse,Dr Oetker,"€ 1,49",,"pro Einheit = 2,19",,Nein,Gültig bis 04.04,2026-03-30,2026-04-04,../images/tegut/tegut_offer_033.jpg,"cat_knabbern_naschen,sub_sahne_creme,tag_ultra_processed",,BLS-X6A3020,ref_000031,obs_0000019981|obs_0000015380|obs_0000017492|obs_0000016658|obs_0000018773|obs_0000024444|obs_0000024017|obs_0000024558|obs_0000017448|obs_0000034878|obs_0000031548|obs_0000016272|obs_0000032351|obs_0000030534|obs_0000034905|obs_0000016394|obs_0000024622|obs_0000000087|obs_0000002144|obs_0000028284|obs_0000020652|obs_0000006834|obs_0000010929|obs_0000001241|obs_0000001758|obs_0000026346|obs_0000025835|obs_0000002317|obs_0000006453|obs_0000025433|obs_0000024440|obs_0000017800|obs_0000024022|obs_0000021471|obs_0000001539|obs_0000001096|obs_0000033428|obs_0000006809|obs_0000004880|obs_0000005912|obs_0000002857|obs_0000032084|obs_0000000346|obs_0000004453|obs_0000004026|obs_0000006112|obs_0000032489|obs_0000032501|obs_0000005341|obs_0000031986,obs_0000019981|obs_0000015380|obs_0000017492|obs_0000006834|obs_0000016658|obs_0000018773|obs_0000024444|obs_0000024017|obs_0000024558
Tagliatelle all uovo,tegut,"€ 2,49",,"pro Einheit = 2,99",,Nein,Gültig bis 04.04,2026-03-30,2026-04-04,../images/tegut/tegut_offer_034.jpg,"cat_grundnahrung,diet_vegetarian,sub_nudeln",,,ref_000032,obs_0000006469,
Olivenöl,Oleificio Del Poggio,"€ 9,99",,"pro Einheit = 11,99",,Nein,Gültig bis 04.04,2026-03-30,2026-04-04,../images/tegut/tegut_offer_036.jpg,"cat_grundnahrung,diet_gluten_free,diet_lactose_free,diet_vegan,diet_vegetarian,tag_whole_food",,BLS-Q120000,ref_000033,obs_0000002836|obs_0000001438|obs_0000009909|obs_0000011361|obs_0000009444|obs_0000013463|obs_0000012838|obs_0000005928|obs_0000015414|obs_0000007366|obs_0000014541|obs_0000009824|obs_0000014985|obs_0000021137|obs_0000000536|obs_0000025631|obs_0000032416|obs_0000022319|obs_0000021940|obs_0000012351|obs_0000011075|obs_0000020167|obs_0000027595|obs_0000028880|obs_0000025043|obs_0000008020|obs_0000020318|obs_0000000095|obs_0000013794|obs_0000014304|obs_0000029674|obs_0000015852|obs_0000008430|obs_0000020986|obs_0000018950|obs_0000034833|obs_0000028952|obs_0000033698|obs_0000034212|obs_0000018480|obs_0000005177|obs_0000002495|obs_0000001216|obs_0000028869|obs_0000018248|obs_0000008793|obs_0000034888|obs_0000034420|obs_0000003325|obs_0000007186,obs_0000002836|obs_0000001438|obs_0000009909|obs_0000011361|obs_0000009444
Feinstes Sommertrüffel Carpaccio,tegut,"€ 7,99",,"pro Einheit = 9,99",,Nein,Gültig bis 04.04,2026-03-30,2026-04-04,../images/tegut/tegut_offer_037.jpg,"cat_grundnahrung,diet_gluten_free,diet_lactose_free,diet_vegan,diet_vegetarian,sub_milchprodukte,tag_whole_food",,,ref_000034,obs_0000024550,
Meerrettich,Schamel,"€ 1,79",,"1 kg = 12,34",,Nein,Gültig bis 04.04,2026-03-30,2026-04-04,,"cat_molkerei_kaese,diet_vegetarian,tag_ultra_processed",,BLS-G630100,ref_000035,obs_0000009351|obs_0000015845|obs_0000022850|obs_0000023016,obs_0000009351
Bio-Streichcreme,Alnatura,"€ 1,79",,"1 kg = 9,94",,Nein,Gültig bis 04.04,2026-03-30,2026-04-04,../images/tegut/tegut_offer_039.jpg,"cat_grundnahrung,diet_gluten_free,diet_lactose_free,diet_vegan,diet_vegetarian,sub_milchprodukte,tag_whole_food",,,ref_000036,obs_0000034014|obs_0000000727|obs_0000001815|obs_0000028954|obs_0000029916|obs_0000030942,obs_0000034014
Feinstes ganze Sommertrüffel,tegut,"€ 5,99",,"pro Einheit = 6,99",,Nein,Gültig bis 04.04,2026-03-30,2026-04-04,../images/tegut/tegut_offer_040.jpg,"cat_grundnahrung,diet_gluten_free,diet_lactose_free,diet_vegan,diet_vegetarian,sub_milchprodukte,tag_whole_food",,,ref_000037,,
Toastbrot,Golden Toast,"€ 1,29",,"1 kg = 2,58",,Nein,Gültig bis 04.04,2026-03-30,2026-04-04,../images/tegut/tegut_offer_041.jpg,"cat_grundnahrung,diet_vegetarian,tag_ultra_processed",,,ref_000038,obs_0000011925,obs_0000011925
Feinstes Steinpilzsauce mit Trüffel,tegut,"€ 2,99",,"pro Einheit = 3,49",,Nein,Gültig bis 04.04,2026-03-30,2026-04-04,../images/tegut/tegut_offer_042.jpg,"cat_grundnahrung,diet_gluten_free,diet_lactose_free,diet_vegan,diet_vegetarian,sub_milchprodukte",,,ref_000039,obs_0000002395|obs_0000033274|obs_0000003198,
Bio-Primitivo oder Bio-Grillo,Doppio Passo,"€ 6,99",,"1 l = 9,32",,Nein,Gültig bis 04.04,2026-03-30,2026-04-04,../images/tegut/tegut_offer_043.jpg,"cat_getraenke,diet_lactose_free,diet_vegan,diet_vegetarian",,,ref_000040,obs_0000034876|obs_0000033827|obs_0000035019|obs_0000034038|obs_0000027780|obs_0000026098|obs_0000027208,
Krönung Kaffee,Jacobs,"€ 6,49",,"pro Einheit = 10,49",,Nein,Gültig bis 04.04,2026-03-30,2026-04-04,../images/tegut/tegut_offer_044.jpg,"cat_getraenke,diet_gluten_free,diet_lactose_free,diet_vegan,diet_vegetarian",,,ref_000041,obs_0000031318|obs_0000022968|obs_0000012856|obs_0000012375|obs_0000011954|obs_0000014593|obs_0000024909|obs_0000013724|obs_0000015279|obs_0000010719|obs_0000022517,
Feinstes Parmigiano Reggiano,tegut,"€ 5,99",,"1 kg = 29,95",,Nein,Gültig bis 04.04,2026-03-30,2026-04-04,../images/tegut/tegut_offer_045.jpg,"cat_molkerei_kaese,sub_kaese,sub_milchprodukte",,,ref_000042,obs_0000009732|obs_0000009266|obs_0000007778|obs_0000019638|obs_0000008957|obs_0000016169|obs_0000019268|obs_0000034722|obs_0000003570|obs_0000015397|obs_0000012329|obs_0000023172|obs_0000033972|obs_0000013813,
Cremissimo Eis,Langnese,"€ 1,79",,"pro Einheit = 3,99",,Nein,Gültig bis 04.04,2026-03-30,2026-04-04,../images/tegut/tegut_offer_046.jpg,"cat_tiefkuehl,sub_fleischersatz,sub_tk_eis,sub_tk_fertiggerichte,tag_high_protein,tag_ultra_processed",,,ref_000043,obs_0000025236|obs_0000022962|obs_0000034092|obs_0000015671|obs_0000011775|obs_0000005767|obs_0000034392|obs_0000025743|obs_0000011490|obs_0000025829|obs_0000018692|obs_0000017710|obs_0000013168,obs_0000005767|obs_0000025236|obs_0000015671|obs_0000022962|obs_0000011775
Naturland Bio-Fassbutter,Gläserne Molkerei,"€ 3,99",,"pro Einheit = 4,49",,Nein,Gültig bis 04.04,2026-03-30,2026-04-04,../images/tegut/tegut_offer_047.jpg,"cat_molkerei_kaese,diet_gluten_free,diet_lactose_free,diet_vegetarian,sub_butter_margarine,sub_kaese,sub_milchprodukte",,,ref_000044,obs_0000001074|obs_0000001304,
Feinjoghurt,Mövenpick,"€ 0,66",,"pro Einheit = 0,99",,Nein,Gültig bis 04.04,2026-03-30,2026-04-04,../images/tegut/tegut_offer_048.jpg,"cat_molkerei_kaese,diet_gluten_free,diet_lactose_free,diet_vegan,diet_vegetarian,sub_joghurt_skyr_quark,sub_milchprodukte",,,ref_000045,obs_0000026286|obs_0000022874|obs_0000027122|obs_0000030530,obs_0000030530
kinder Harry Hase,Ferrero,"€ 2,99",,"pro Einheit = 3,79",,Nein,Gültig bis 04.04,2026-03-30,2026-04-04,../images/tegut/tegut_offer_049.jpg,"cat_knabbern_naschen,diet_vegetarian,tag_ultra_processed",,,ref_000046,obs_0000034721|obs_0000006580|obs_0000024696|obs_0000031307,obs_0000034721
Bio-Hackfleisch gemischt,Bio-Hackfleisch gemischt,"€ 6,99",,"1 kg = 17,48",,Nein,Gültig bis 04.04,2026-03-30,2026-04-04,../images/tegut/tegut_offer_051.jpg,"cat_fleisch_wurst,sub_hackfleisch,sub_rind,sub_schwein,tag_high_protein,tag_proteinreich",,,ref_000047,obs_0000000505|obs_0000001646|obs_0000009524|obs_0000010463|obs_0000028433|obs_0000029566|obs_0000030969|obs_0000030975|obs_0000016944|obs_0000008856|obs_0000017204|obs_0000009222|obs_0000009248|obs_0000025678|obs_0000033883|obs_0000009575|obs_0000009702|obs_0000018085|obs_0000034536|obs_0000026963|obs_0000027617|obs_0000027808|obs_0000011430|obs_0000028033|obs_0000020307|obs_0000012282|obs_0000021126|obs_0000029783|obs_0000029892|obs_0000030174|obs_0000005620|obs_0000030269|obs_0000005797|obs_0000022287|obs_0000014463|obs_0000030894|obs_0000030922|obs_0000006355|obs_0000030962|obs_0000006874|obs_0000031538|obs_0000031582|obs_0000007077|obs_0000017754|obs_0000018612|obs_0000019652|obs_0000019685|obs_0000012768|obs_0000014917|obs_0000000646,obs_0000000505|obs_0000016944|obs_0000008856|obs_0000017204|obs_0000009222|obs_0000009248|obs_0000025678|obs_0000033883|obs_0000009524|obs_0000009575|obs_0000009702|obs_0000001646|obs_0000018085|obs_0000034536|obs_0000010463|obs_0000011430|obs_0000028033|obs_0000028433|obs_0000020307|obs_0000012282|obs_0000012768|obs_0000021126|obs_0000029566|obs_0000029783|obs_0000029892|obs_0000030174|obs_0000005620|obs_0000030269|obs_0000005797|obs_0000022287|obs_0000014463|obs_0000030894|obs_0000030922|obs_0000006355|obs_0000030962|obs_0000030975|obs_0000014917|obs_0000006874|obs_0000031538|obs_0000031582|obs_0000007077
Schlemmerfilet Backofen- oder Pfannen-Fisch,Frosta,"€ 2,79",,"pro Einheit = 11,16",,Nein,Gültig bis 04.04,2026-03-30,2026-04-04,../images/tegut/tegut_offer_052.jpg,"cat_fisch_meeresfruechte,sub_tk_fertiggerichte,tag_ultra_processed",,,ref_000048,obs_0000010408|obs_0000016996|obs_0000027256|obs_0000024190|obs_0000023771|obs_0000024900|obs_0000000915|obs_0000028098|obs_0000016380,
Avocado,tegut,"€ 1,00",,"pro Einheit = 1,00",,Nein,Gültig bis 04.04,2026-03-30,2026-04-04,../images/tegut/tegut_offer_053.jpg,"cat_grundnahrung,diet_gluten_free,diet_lactose_free,diet_vegan,diet_vegetarian,tag_whole_food",,BLS-F502100,ref_000049,obs_0000034516|obs_0000034105|obs_0000029201|obs_0000008728|obs_0000000058|obs_0000020117|obs_0000000694|obs_0000027854|obs_0000014073|obs_0000017166|obs_0000001305|obs_0000018748|obs_0000030562|obs_0000027541|obs_0000029123|obs_0000020936|obs_0000030212|obs_0000031260|obs_0000030257|obs_0000030826|obs_0000028796|obs_0000007317|obs_0000025778|obs_0000030959|obs_0000030466|obs_0000032517|obs_0000006430|obs_0000024863|obs_0000030124|obs_0000033717|obs_0000034744|obs_0000028218|obs_0000015526|obs_0000006418|obs_0000028463|obs_0000011817|obs_0000014440|obs_0000011409|obs_0000028383|obs_0000013139|obs_0000012744|obs_0000006605|obs_0000012255|obs_0000006785|obs_0000030016|obs_0000007527|obs_0000000895,obs_0000029201|obs_0000008728|obs_0000000058|obs_0000020117|obs_0000000694|obs_0000027854|obs_0000034516|obs_0000014073|obs_0000017166|obs_0000001305|obs_0000034105|obs_0000018748|obs_0000030562|obs_0000027541|obs_0000029123|obs_0000020936
Carta,Freixenet,"€ 3,99",,"pro Einheit = 6,49",,Nein,Gültig bis 04.04,2026-03-30,2026-04-04,../images/tegut/tegut_offer_054.jpg,cat_getraenke,,,ref_000050,obs_0000034037|obs_0000001435|obs_0000023645|obs_0000022292|obs_0000020632|obs_0000021451|obs_0000008578|obs_0000027709|obs_0000009743|obs_0000027965|obs_0000009279|obs_0000026067|obs_0000024724|obs_0000007905|obs_0000032448|obs_0000022427|obs_0000018468|obs_0000028978,obs_0000034037
Skyr,Arla,"€ 1,49",,"1 kg = 3,31",,Nein,Gültig bis 04.04,2026-03-30,2026-04-04,../images/tegut/tegut_offer_055.jpg,"cat_molkerei_kaese,diet_vegetarian,sub_joghurt_skyr_quark,sub_milchprodukte,tag_high_protein,tag_proteinreich",,,ref_000051,obs_0000028831|obs_0000017572|obs_0000004900|obs_0000001901|obs_0000004473|obs_0000003453|obs_0000004046|obs_0000002541|obs_0000033797|obs_0000014939|obs_0000000634|obs_0000027871|obs_0000011028|obs_0000021512|obs_0000001055|obs_0000005152|obs_0000034383|obs_0000029805|obs_0000006803|obs_0000020693|obs_0000001773|obs_0000025357|obs_0000001329|obs_0000001871|obs_0000019791|obs_0000032090|obs_0000005543|obs_0000017966|obs_0000022196|obs_0000026630|obs_0000009765|obs_0000015423|obs_0000009301|obs_0000011877|obs_0000029839|obs_0000011081|obs_0000032598|obs_0000030179|obs_0000030972|obs_0000000814|obs_0000024892|obs_0000006098|obs_0000032830|obs_0000006304|obs_0000011883|obs_0000005374|obs_0000016130|obs_0000029109,obs_0000005152|obs_0000029805|obs_0000006803|obs_0000028831|obs_0000017572|obs_0000004900|obs_0000032090|obs_0000001901|obs_0000004473|obs_0000003453|obs_0000005543|obs_0000004046|obs_0000002541
Deutsche Gurke,Deutsche Gurke,"€ 0,79",,"pro Einheit = 0,79",,Nein,Gültig bis 04.04,2026-03-30,2026-04-04,,"cat_obst_gemuese,diet_gluten_free,diet_lactose_free,diet_vegan,diet_vegetarian,sub_frisches_gemuese,tag_whole_food",,,ref_000052,obs_0000002563|obs_0000026127|obs_0000027093|obs_0000034521|obs_0000001511|obs_0000003696,
tegut Bio-Brokkoli,demeter,"€ 1,99",,"1 kg = 4,98",,Nein,Gültig bis 04.04,2026-03-30,2026-04-04,../images/tegut/tegut_offer_057.jpg,"cat_obst_gemuese,diet_gluten_free,diet_lactose_free,diet_vegan,diet_vegetarian,sub_frisches_gemuese,tag_whole_food",,,ref_000053,obs_0000034524|obs_0000033926|obs_0000033932|obs_0000034119|obs_0000034314|obs_0000034741|obs_0000034183|obs_0000034735|obs_0000024106|obs_0000024522|obs_0000033913|obs_0000000502|obs_0000001515|obs_0000027199|obs_0000019774|obs_0000021903,obs_0000034524
Bio-Fenchel,demeter,"€ 1,49",,"pro Einheit = 1,49",,Nein,Gültig bis 04.04,2026-03-30,2026-04-04,../images/tegut/tegut_offer_058.jpg,"cat_obst_gemuese,diet_gluten_free,diet_lactose_free,diet_vegan,diet_vegetarian,sub_frisches_gemuese,tag_whole_food",,,ref_000054,obs_0000033710|obs_0000018170|obs_0000030612|obs_0000017495|obs_0000033693,obs_0000033710|obs_0000018170|obs_0000030612
Strauchtomaten,Strauchtomaten,"€ 2,99",,"pro Einheit = 2,99",,Nein,Gültig bis 04.04,2026-03-30,2026-04-04,../images/tegut/tegut_offer_059.jpg,"cat_obst_gemuese,diet_gluten_free,diet_lactose_free,diet_vegan,diet_vegetarian,sub_frisches_gemuese,tag_whole_food",,,ref_000055,obs_0000034738|obs_0000034908|obs_0000034114|obs_0000033708,
Bio-Kartoffeln,Bioland,"€ 2,99",,"1 kg = 1,99",,Nein,Gültig bis 04.04,2026-03-30,2026-04-04,../images/tegut/tegut_offer_061.jpg,"cat_obst_gemuese,diet_gluten_free,diet_lactose_free,diet_vegan,diet_vegetarian,sub_frisches_gemuese,sub_kartoffeln,tag_ultra_processed,tag_whole_food",,,ref_000056,obs_0000034698|obs_0000033913,obs_0000034698
tegut Bio-Spinat,demeter,"€ 2,99",,"1 kg = 11,96",,Nein,Gültig bis 04.04,2026-03-30,2026-04-04,../images/tegut/tegut_offer_062.jpg,"cat_obst_gemuese,diet_gluten_free,diet_lactose_free,diet_vegan,diet_vegetarian,sub_frisches_gemuese,tag_whole_food",,BLS-G211100,ref_000057,obs_0000033927|obs_0000034914|obs_0000033932|obs_0000034119|obs_0000034314|obs_0000034522|obs_0000034524|obs_0000034741|obs_0000033913|obs_0000030134|obs_0000025711|obs_0000026393|obs_0000018515|obs_0000020605|obs_0000021424|obs_0000022077|obs_0000022918,obs_0000033927|obs_0000034914
Bio-Gold Kiwis,tegut,"€ 0,99",,"pro Einheit = 0,99",,Nein,Gültig bis 04.04,2026-03-30,2026-04-04,../images/tegut/tegut_offer_063.jpg,"cat_obst_gemuese,diet_gluten_free,diet_lactose_free,diet_vegan,diet_vegetarian,sub_exoten,sub_frisches_obst,tag_whole_food",,,ref_000058,obs_0000033704|obs_0000034304|obs_0000033933|obs_0000034532|obs_0000011815|obs_0000012261|obs_0000030957|obs_0000031135|obs_0000034007|obs_0000010721|obs_0000011104|obs_0000012629|obs_0000012669|obs_0000013227|obs_0000005317|obs_0000023259|obs_0000015276|obs_0000031712|obs_0000031776,obs_0000033704|obs_0000034304
Kalanchoe mit Osterstecker,Kalanchoe mit Osterstecker,"€ 4,99",,"pro Einheit = 4,99",,Nein,Gültig bis 04.04,2026-03-30,2026-04-04,../images/tegut/tegut_offer_064.jpg,"cat_non_food,tag_ultra_processed",,,ref_000059,obs_0000018750|obs_0000014827|obs_0000027150|obs_0000011402|obs_0000017724,
Bio-Zitronen,demeter oder tegut,"€ 1,99",,"1 kg = 3,98",,Nein,Gültig bis 04.04,2026-03-30,2026-04-04,../images/tegut/tegut_offer_065.jpg,"cat_obst_gemuese,diet_gluten_free,diet_lactose_free,diet_vegan,diet_vegetarian,sub_frisches_gemuese,sub_frisches_obst,tag_whole_food",,BLS-F601100,ref_000060,obs_0000008643|obs_0000033715|obs_0000018940|obs_0000028790|obs_0000029124|obs_0000029581|obs_0000030824|obs_0000001074|obs_0000005119|obs_0000005138|obs_0000015312|obs_0000032058|obs_0000008321|obs_0000025087|obs_0000034117|obs_0000026542|obs_0000010973|obs_0000027477|obs_0000027911|obs_0000028057|obs_0000028262|obs_0000020848|obs_0000021667|obs_0000005507|obs_0000030136|obs_0000013905|obs_0000006071|obs_0000014382|obs_0000031323|obs_0000031554|obs_0000024462,obs_0000008643|obs_0000033715|obs_0000018940|obs_0000028790|obs_0000029124|obs_0000029581|obs_0000029941|obs_0000030824|obs_0000030917
Erdbeeren,tegut,"€ 2,99",,"1 kg = 11,96",,Nein,Gültig bis 04.04,2026-03-30,2026-04-04,../images/tegut/tegut_offer_066.jpg,"cat_obst_gemuese,diet_gluten_free,diet_lactose_free,diet_vegan,diet_vegetarian,sub_frisches_obst,tag_whole_food",,BLS-F301100,ref_000061,obs_0000031261|obs_0000006265|obs_0000030915|obs_0000031462|obs_0000032512|obs_0000006408|obs_0000027419|obs_0000029494|obs_0000031576|obs_0000030564|obs_0000000875|obs_0000022919|obs_0000030617|obs_0000024529|obs_0000033793|obs_0000013901|obs_0000034400|obs_0000012233|obs_0000005687|obs_0000013414|obs_0000013418|obs_0000011389|obs_0000030989|obs_0000015717|obs_0000006083|obs_0000006092|obs_0000030428,obs_0000031261|obs_0000006265|obs_0000030915|obs_0000031462|obs_0000032512|obs_0000006408|obs_0000027419|obs_0000029494|obs_0000031576|obs_0000030564|obs_0000000875|obs_0000022919|obs_0000030617|obs_0000024529
Feinstes Ananas,tegut,"€ 2,99",,"pro Einheit = 2,99",,Nein,Gültig bis 04.04,2026-03-30,2026-04-04,../images/tegut/tegut_offer_067.jpg,"cat_obst_gemuese,diet_gluten_free,diet_lactose_free,diet_vegan,diet_vegetarian,sub_exoten,sub_frisches_obst,tag_whole_food",,,ref_000062,obs_0000028967|obs_0000014138|obs_0000005512|obs_0000027077|obs_0000007137,
Heidelbeeren,Heidelbeeren,"€ 1,49",,"1 kg = 11,92",,Nein,Gültig bis 04.04,2026-03-30,2026-04-04,../images/tegut/tegut_offer_068.jpg,"cat_obst_gemuese,diet_gluten_free,diet_lactose_free,diet_vegan,diet_vegetarian,sub_frisches_obst,tag_whole_food",,BLS-F304100,ref_000063,obs_0000033682|obs_0000000695|obs_0000034122|obs_0000000880|obs_0000033918|obs_0000002819|obs_0000026376|obs_0000032523|obs_0000027788|obs_0000003088|obs_0000025384|obs_0000025769|obs_0000031149|obs_0000007729|obs_0000000051|obs_0000030262|obs_0000003000|obs_0000016699|obs_0000032326|obs_0000019143|obs_0000026698|obs_0000029138|obs_0000030560|obs_0000028260|obs_0000001513|obs_0000027502|obs_0000034918|obs_0000006409|obs_0000030472|obs_0000034319|obs_0000030138|obs_0000030919|obs_0000022353|obs_0000005509|obs_0000005525|obs_0000005120|obs_0000006958|obs_0000005692|obs_0000007128|obs_0000007143|obs_0000005713|obs_0000005894,obs_0000002819|obs_0000026376|obs_0000032523|obs_0000027788|obs_0000003088|obs_0000033682|obs_0000025384|obs_0000025769|obs_0000031149|obs_0000007729|obs_0000000051|obs_0000030262|obs_0000000695|obs_0000003000|obs_0000016699|obs_0000032326|obs_0000019143|obs_0000026698|obs_0000034122|obs_0000029138|obs_0000030560|obs_0000028260|obs_0000001513|obs_0000027502|obs_0000000880|obs_0000033918|obs_0000034918
Bio-Lammbratwurst mit Rindfleisch,tegut,"€ 6,99",,"pro Einheit = 7,99",,Nein,Gültig bis 04.04,2026-03-30,2026-04-04,../images/tegut/tegut_offer_069.jpg,"cat_fleisch_wurst,sub_hackfleisch,sub_rind,sub_wurst,tag_proteinreich,tag_ultra_processed",,,ref_000064,,
LandPrimus Rinderbraten,tegut,"€ 1,99",,"pro Einheit = 1,99",,Nein,Gültig bis 04.04,2026-03-30,2026-04-04,../images/tegut/tegut_offer_070.jpg,"cat_fleisch_wurst,sub_rind,tag_ultra_processed,tag_whole_food",,,ref_000065,obs_0000034539|obs_0000034746|obs_0000033937|obs_0000009477|obs_0000028501|obs_0000009570|obs_0000009138|obs_0000028615,obs_0000034539|obs_0000034132|obs_0000034746
Schweinerücken am Stück,tegut LandPrimus,"€ 1,29",,"pro Einheit = 1,99",,Nein,Gültig bis 04.04,2026-03-30,2026-04-04,../images/tegut/tegut_offer_071.jpg,"cat_fleisch_wurst,diet_gluten_free,sub_schwein,tag_proteinreich,tag_ultra_processed,tag_whole_food",,BLS-U605000,ref_000066,obs_0000009366|obs_0000013063|obs_0000034926|obs_0000034128|obs_0000021641|obs_0000001945|obs_0000014910|obs_0000011840|obs_0000024642|obs_0000023629|obs_0000025165|obs_0000010579|obs_0000012758|obs_0000020822|obs_0000013402|obs_0000001637|obs_0000001638|obs_0000015345|obs_0000001010|obs_0000008724|obs_0000034325|obs_0000009044|obs_0000013404|obs_0000015341|obs_0000010991|obs_0000015740,obs_0000009366
Bio-Pollo-Fino,Bio-Pollo-Fino,"€ 1,99",,"pro Einheit = 2,49",,Nein,Gültig bis 04.04,2026-03-30,2026-04-04,../images/tegut/tegut_offer_072.jpg,"cat_grundnahrung,diet_gluten_free,diet_lactose_free,diet_vegan,diet_vegetarian,tag_whole_food",,,ref_000067,obs_0000034327|obs_0000006348|obs_0000006700|obs_0000007441,obs_0000034327
Barbarie Entenbrust,Barbarie Entenbrust,"€ 2,49",,"pro Einheit = 2,79",,Nein,Gültig bis 04.04,2026-03-30,2026-04-04,../images/tegut/tegut_offer_073.jpg,"cat_fleisch_wurst,diet_lactose_free,sub_gefluegel,tag_whole_food",,,ref_000068,,
Bio-Rindfleischburger,tegut,"€ 6,99",,"pro Einheit = 7,99",,Nein,Gültig bis 04.04,2026-03-30,2026-04-04,../images/tegut/tegut_offer_074.jpg,"cat_fleisch_wurst,diet_vegetarian,sub_rind,tag_proteinreich,tag_whole_food",,,ref_000069,obs_0000034125,obs_0000034125
Schweinefilet,Schweinefilet,"€ 0,89",,"pro Einheit = 0,89",,Nein,Gültig bis 04.04,2026-03-30,2026-04-04,../images/tegut/tegut_offer_075.jpg,"cat_fleisch_wurst,sub_schwein,tag_high_protein,tag_proteinreich",,BLS-U622100,ref_000070,obs_0000034085|obs_0000034542|obs_0000028417|obs_0000000002|obs_0000028675|obs_0000021627|obs_0000028555|obs_0000027670|obs_0000016537|obs_0000004898|obs_0000020515|obs_0000001195|obs_0000014905|obs_0000013883|obs_0000020808|obs_0000009417|obs_0000026057|obs_0000004044|obs_0000007631|obs_0000021967|obs_0000009937|obs_0000016340|obs_0000002901|obs_0000021334|obs_0000017752|obs_0000010461|obs_0000003040|obs_0000019043|obs_0000009573|obs_0000025707|obs_0000002156|obs_0000001519|obs_0000034902|obs_0000008821|obs_0000008054|obs_0000004471|obs_0000000507|obs_0000003708|obs_0000015741|obs_0000031106|obs_0000034932|obs_0000024474|obs_0000019356|obs_0000033722|obs_0000024049|obs_0000022952|obs_0000014904|obs_0000011840|obs_0000010579|obs_0000012758,obs_0000028417|obs_0000000002|obs_0000028675|obs_0000021627|obs_0000028555|obs_0000027670|obs_0000016537|obs_0000004898|obs_0000020515|obs_0000034085|obs_0000001195|obs_0000014905|obs_0000013883|obs_0000020808|obs_0000009417|obs_0000026057|obs_0000004044|obs_0000007631|obs_0000021967|obs_0000009937|obs_0000016340|obs_0000002901|obs_0000021334|obs_0000017752|obs_0000010461|obs_0000003040|obs_0000019043|obs_0000009573|obs_0000025707|obs_0000002156|obs_0000034542|obs_0000001519|obs_0000034902|obs_0000008821|obs_0000008054|obs_0000004471|obs_0000000507|obs_0000003708|obs_0000015741
Spanferkel Rack,Spanferkel Rack,"€ 2,49",,"pro Einheit = 3,49",,Nein,Gültig bis 04.04,2026-03-30,2026-04-04,../images/tegut/tegut_offer_076.jpg,"cat_fleisch_wurst,diet_vegetarian,sub_schwein,tag_proteinreich,tag_whole_food",,,ref_000071,obs_0000034136,obs_0000034136
Bio-Rinderroulade,Bio-Rinderroulade,"€ 2,99",,"pro Einheit = 2,99",,Nein,Gültig bis 04.04,2026-03-30,2026-04-04,../images/tegut/tegut_offer_077.jpg,"cat_fleisch_wurst,sub_rind,tag_proteinreich,tag_ultra_processed,tag_whole_food",,,ref_000072,obs_0000034130|obs_0000034928|obs_0000033724|obs_0000034279|obs_0000034701|obs_0000035110|obs_0000005245,obs_0000034130|obs_0000034928
LandPrimus Maigriller,tegut,"€ 1,29",,"pro Einheit = 1,29",,Nein,Gültig bis 04.04,2026-03-30,2026-04-04,../images/tegut/tegut_offer_078.jpg,"cat_fleisch_wurst,diet_vegetarian,sub_rind,sub_wurst,tag_ultra_processed",,,ref_000073,obs_0000033939|obs_0000034747,
Französisches Maishähnchen,Französisches Maishähnchen,"€ 1,29",,"pro Einheit = 1,69",,Nein,Gültig bis 04.04,2026-03-30,2026-04-04,../images/tegut/tegut_offer_079.jpg,"cat_fleisch_wurst,sub_gefluegel,tag_high_protein,tag_proteinreich",,,ref_000074,obs_0000034331|obs_0000028791,obs_0000034331
Schweinerückensteak,LandPrimus,"€ 1,29",,"pro Einheit = 1,89",,Nein,Gültig bis 04.04,2026-03-30,2026-04-04,../images/tegut/tegut_offer_080.jpg,"cat_fleisch_wurst,sub_schwein",,BLS-U605000,ref_000075,,obs_0000034325
Kalbsschnitzel,Kalbsschnitzel,"€ 2,49",,"pro Einheit = 2,49",,Nein,Gültig bis 04.04,2026-03-30,2026-04-04,../images/tegut/tegut_offer_081.jpg,"cat_fleisch_wurst,sub_rind,sub_schwein",,BLS-U342100,ref_000076,obs_0000034538|obs_0000034134|obs_0000014247|obs_0000008583|obs_0000010612|obs_0000012789|obs_0000014934|obs_0000027092,obs_0000014247|obs_0000008583|obs_0000034538|obs_0000010612|obs_0000012789|obs_0000014934|obs_0000027092|obs_0000034134
Riesengarnelen,Riesengarnelen,"€ 2,99",,"pro Einheit = 4,99",,Nein,Gültig bis 04.04,2026-03-30,2026-04-04,../images/tegut/tegut_offer_082.jpg,cat_fisch_meeresfruechte,,,ref_000077,obs_0000034138|obs_0000002733|obs_0000003374|obs_0000002517|obs_0000006678|obs_0000005591|obs_0000006328|obs_0000031899|obs_0000031682,obs_0000002733|obs_0000003374|obs_0000002517|obs_0000006678|obs_0000005591|obs_0000006328|obs_0000034138|obs_0000031899
Lachs-Stremelchen,Lachs-Stremelchen,"€ 3,99",,"pro Einheit = 4,99",,Nein,Gültig bis 04.04,2026-03-30,2026-04-04,../images/tegut/tegut_offer_083.jpg,"cat_fisch_meeresfruechte,tag_ultra_processed",,,ref_000078,obs_0000034939|obs_0000033739,
Seeteufelfilet,Seeteufelfilet,"€ 4,99",,"pro Einheit = 6,99",,Nein,Gültig bis 04.04,2026-03-30,2026-04-04,../images/tegut/tegut_offer_084.jpg,"cat_fisch_meeresfruechte,diet_gluten_free,diet_lactose_free,tag_proteinreich",,BLS-T070100,ref_000079,,
Bio-Garnele,Meine Lieblinge,"€ 2,99",,"pro Einheit = 3,99",,Nein,Gültig bis 04.04,2026-03-30,2026-04-04,../images/tegut/tegut_offer_085.jpg,"cat_fisch_meeresfruechte,diet_lactose_free,tag_high_protein,tag_proteinreich",,,ref_000080,obs_0000034336,obs_0000034336
Heilbutt geräuchert,Heilbutt geräuchert,"€ 2,99",,"pro Einheit = 2,99",,Nein,Gültig bis 04.04,2026-03-30,2026-04-04,../images/tegut/tegut_offer_086.jpg,"cat_fisch_meeresfruechte,diet_vegetarian,sub_milchprodukte",,,ref_000081,obs_0000028359|obs_0000005404|obs_0000006677,
Feinkost-Creme,Ergüllü,"€ 2,22",,"1 kg = 11,10",,Nein,Gültig bis 04.04,2026-03-30,2026-04-04,../images/tegut/tegut_offer_087.jpg,"cat_molkerei_kaese,diet_gluten_free,diet_vegan,diet_vegetarian,sub_milchprodukte,sub_sahne_creme",,,ref_000082,obs_0000033360|obs_0000013141,
Bio-Dorade,Bio-Dorade,"€ 2,99",,"pro Einheit = 2,99",,Nein,Gültig bis 04.04,2026-03-30,2026-04-04,../images/tegut/tegut_offer_088.jpg,"cat_getraenke,diet_gluten_free,diet_lactose_free,diet_vegan,diet_vegetarian,tag_ultra_processed,tag_whole_food",,BLS-F603100,ref_000083,obs_0000005405|obs_0000006853,
Bio-Lachs,Meine Lieblinge,"€ 3,99",,"1 kg = 49,88",,Nein,Gültig bis 04.04,2026-03-30,2026-04-04,../images/tegut/tegut_offer_089.jpg,"cat_fisch_meeresfruechte,diet_lactose_free,diet_vegetarian,tag_high_protein,tag_proteinreich",,,ref_000084,obs_0000033739|obs_0000034939|obs_0000030122|obs_0000030170,obs_0000033739|obs_0000034939|obs_0000029461|obs_0000032299
Saiblingsfilet,Saiblingsfilet,"€ 2,99",,"pro Einheit = 2,99",,Nein,Gültig bis 04.04,2026-03-30,2026-04-04,../images/tegut/tegut_offer_090.jpg,"cat_fisch_meeresfruechte,diet_lactose_free,tag_high_protein,tag_proteinreich",,,ref_000085,obs_0000034143,obs_0000034143
Laugenbrötchen,Ditsch,"€ 2,49",,"1 kg = 8,30",,Nein,Gültig bis 04.04,2026-03-30,2026-04-04,../images/tegut/tegut_offer_091.jpg,"cat_grundnahrung,diet_vegetarian,tag_ultra_processed",,BLS-B521000,ref_000086,obs_0000022491|obs_0000018253,obs_0000022491|obs_0000018253
Korn Saaten,tegut,"€ 1,29",,"1 kg = 2,58",,Nein,Gültig bis 04.04,2026-03-30,2026-04-04,../images/tegut/tegut_offer_092.jpg,"cat_grundnahrung,diet_gluten_free,diet_lactose_free,diet_vegan,diet_vegetarian,sub_frisches_gemuese,tag_whole_food",,,ref_000087,,
Steinofen Olivenstick,Steinofen Olivenstick,"€ 1,29",,"pro Einheit = 1,69",,Nein,Gültig bis 04.04,2026-03-30,2026-04-04,../images/tegut/tegut_offer_093.jpg,"cat_non_food,diet_gluten_free,diet_lactose_free,diet_vegan,diet_vegetarian,tag_ultra_processed",,,ref_000088,obs_0000034345,obs_0000034345
Bio-Osterbrot,Herzberger,"€ 2,49",,"1 kg = 8,30",,Nein,Gültig bis 04.04,2026-03-30,2026-04-04,../images/tegut/tegut_offer_094.jpg,"cat_grundnahrung,diet_vegetarian",,,ref_000089,,
Osterlamm,Kuchenmeister,"€ 2,99",,"pro Einheit = 4,99",,Nein,Gültig bis 04.04,2026-03-30,2026-04-04,../images/tegut/tegut_offer_095.jpg,"cat_non_food,tag_ultra_processed",,,ref_000090,,
Bio-Kornspitz,Herzberger,"€ 2,49",,"1 kg = 11,86",,Nein,Gültig bis 04.04,2026-03-30,2026-04-04,../images/tegut/tegut_offer_096.jpg,"cat_grundnahrung,diet_vegan,diet_vegetarian",,,ref_000091,obs_0000034559,obs_0000034559
Weizenbrötchen,Weizenbrötchen,"€ 1,50",,"1 kg = 2,31",,Nein,Gültig bis 04.04,2026-03-30,2026-04-04,../images/tegut/tegut_offer_097.jpg,"cat_grundnahrung,diet_vegetarian,tag_ultra_processed",,BLS-B511000,ref_000092,obs_0000034146|obs_0000033956|obs_0000034350|obs_0000034771|obs_0000033748|obs_0000034558|obs_0000019915|obs_0000006062|obs_0000006063|obs_0000034943|obs_0000027409|obs_0000028000|obs_0000031710|obs_0000014552|obs_0000002587|obs_0000003165|obs_0000032634,obs_0000034146|obs_0000033956|obs_0000019915|obs_0000006062|obs_0000006063|obs_0000034350|obs_0000034771|obs_0000033748|obs_0000034943|obs_0000034558
Bio-Hausbrot mit Emmer,Herzberger,"€ 3,79",,"1 kg = 9,48",,Nein,Gültig bis 04.04,2026-03-30,2026-04-04,../images/tegut/tegut_offer_098.jpg,"cat_grundnahrung,diet_vegetarian",,,ref_000093,,
Prosciutto di LandPrimus,LandPrimus,"€ 2,99",,"pro Einheit = 2,99",,Nein,Gültig bis 04.04,2026-03-30,2026-04-04,../images/tegut/tegut_offer_099.jpg,"cat_fleisch_wurst,sub_schwein,sub_wurst,tag_high_protein,tag_ultra_processed",,,ref_000094,obs_0000034569|obs_0000033752|obs_0000028274|obs_0000010384|obs_0000028839|obs_0000018819|obs_0000017379,obs_0000034569|obs_0000033752
Pastrami,Pastrami,"€ 1,99",,"pro Einheit = 2,49",,Nein,Gültig bis 04.04,2026-03-30,2026-04-04,../images/tegut/tegut_offer_100.jpg,"cat_grundnahrung,diet_vegetarian,sub_nudeln",,,ref_000095,obs_0000023595|obs_0000022060|obs_0000018554|obs_0000002559|obs_0000002047,obs_0000023595|obs_0000022060|obs_0000018554
Bio-Wiener-Würstchen,Bio-Wiener-Würstchen,"€ 1,29",,"pro Einheit = 1,29",,Nein,Gültig bis 04.04,2026-03-30,2026-04-04,../images/tegut/tegut_offer_101.jpg,"cat_fleisch_wurst,diet_vegetarian,sub_wurst,tag_ultra_processed",,BLS-W211400,ref_000096,obs_0000020449|obs_0000029297|obs_0000021268|obs_0000021884|obs_0000032077|obs_0000034174|obs_0000034811|obs_0000035106|obs_0000026784|obs_0000027189|obs_0000028076|obs_0000028276|obs_0000028948|obs_0000005789|obs_0000006186|obs_0000031274|obs_0000031737|obs_0000031889|obs_0000015758|obs_0000030125|obs_0000025857|obs_0000025858|obs_0000034981|obs_0000020658|obs_0000021477|obs_0000021769|obs_0000030483|obs_0000030926|obs_0000030949|obs_0000031934|obs_0000032355|obs_0000007858|obs_0000009369|obs_0000009557|obs_0000031788,
Bio-Rosmarinschinken,Bio-Rosmarinschinken,"€ 2,99",,"pro Einheit = 3,99",,Nein,Gültig bis 04.04,2026-03-30,2026-04-04,../images/tegut/tegut_offer_102.jpg,"cat_fleisch_wurst,diet_lactose_free,diet_vegan,sub_schwein,sub_wurst,tag_proteinreich,tag_ultra_processed,tag_whole_food",,,ref_000097,,obs_0000033966
Rinder-Kräuterroulade,Rinder-Kräuterroulade,"€ 3,99",,"pro Einheit = 4,99",,Nein,Gültig bis 04.04,2026-03-30,2026-04-04,../images/tegut/tegut_offer_103.jpg,"cat_fleisch_wurst,sub_rind,tag_proteinreich",,,ref_000098,,
Bio-Salami,Bio-Salami,"€ 2,99",,"pro Einheit = 3,99",,Nein,Gültig bis 04.04,2026-03-30,2026-04-04,../images/tegut/tegut_offer_104.jpg,"cat_fleisch_wurst,diet_lactose_free,diet_vegan,diet_vegetarian,sub_wurst,tag_ultra_processed,tag_whole_food",,,ref_000099,obs_0000000274|obs_0000000892|obs_0000002087|obs_0000010600|obs_0000002574|obs_0000019376|obs_0000003381|obs_0000003529|obs_0000003913|obs_0000012289|obs_0000020648|obs_0000004340|obs_0000004767|obs_0000021467|obs_0000021766|obs_0000008158|obs_0000033968|obs_0000034098|obs_0000001490|obs_0000001686|obs_0000005975|obs_0000006872|obs_0000016602|obs_0000008425|obs_0000016755|obs_0000025355|obs_0000017184|obs_0000017375|obs_0000025934|obs_0000034176|obs_0000010234|obs_0000010316|obs_0000002285|obs_0000026898|obs_0000002611|obs_0000019030|obs_0000011010|obs_0000002957|obs_0000003239|obs_0000019666|obs_0000003307|obs_0000028273|obs_0000020407|obs_0000021226|obs_0000005781|obs_0000031198|obs_0000014932|obs_0000023205|obs_0000032073|obs_0000007987,obs_0000000274|obs_0000000892|obs_0000002087|obs_0000010600|obs_0000002574|obs_0000019376|obs_0000003381|obs_0000003529|obs_0000003913|obs_0000012289|obs_0000020648|obs_0000004340|obs_0000004767|obs_0000021467|obs_0000021766|obs_0000008158
Frischkäsecreme,Dahlhoff,"€ 1,49",,"pro Einheit = 1,49",,Nein,Gültig bis 04.04,2026-03-30,2026-04-04,../images/tegut/tegut_offer_105.jpg,"cat_molkerei_kaese,sub_kaese,sub_milchprodukte",,BLS-D3A6000,ref_000100,obs_0000034161|obs_0000028313|obs_0000025013,obs_0000028313|obs_0000025013|obs_0000034161
Bio-Taleggio,Bio-Taleggio,"€ 2,49",,"pro Einheit = 3,29",,Nein,Gültig bis 04.04,2026-03-30,2026-04-04,../images/tegut/tegut_offer_106.jpg,"cat_obst_gemuese,diet_gluten_free,diet_lactose_free,diet_vegan,diet_vegetarian,tag_whole_food",,,ref_000101,,
würziger Weichkäse mit Blauschimmel,Saint Agur,"€ 1,99",,"pro Einheit = 2,99",,Nein,Gültig bis 04.04,2026-03-30,2026-04-04,../images/tegut/tegut_offer_107.jpg,"cat_molkerei_kaese,sub_kaese,sub_milchprodukte",,,ref_000102,obs_0000034162|obs_0000010262|obs_0000018456|obs_0000028718|obs_0000023007|obs_0000012800|obs_0000023373|obs_0000017509|obs_0000009341|obs_0000028005|obs_0000009810|obs_0000022418,
Kaltbach Le Gruy re AOP oder Trüffelkäse,Kaltbach Le Gruy re AOP oder Trüffelkäse,"€ 2,99",,"pro Einheit = 4,99",,Nein,Gültig bis 04.04,2026-03-30,2026-04-04,../images/tegut/tegut_offer_108.jpg,"cat_molkerei_kaese,sub_kaese,sub_milchprodukte,tag_ultra_processed",,,ref_000103,obs_0000015816|obs_0000032358|obs_0000014958|obs_0000011895|obs_0000005347|obs_0000024573,
Ziegenfrischkäse-Rolle,Bettine,"€ 1,99",,"pro Einheit = 2,99",,Nein,Gültig bis 04.04,2026-03-30,2026-04-04,../images/tegut/tegut_offer_110.jpg,"cat_molkerei_kaese,sub_kaese,sub_milchprodukte,tag_ultra_processed",,,ref_000104,obs_0000034573,obs_0000034573
Käserebellen Weißer Bio-Bärlauch-Rebell,Naturland,"€ 2,49",,"pro Einheit = 3,79",,Nein,Gültig bis 04.04,2026-03-30,2026-04-04,../images/tegut/tegut_offer_111.jpg,"cat_molkerei_kaese,diet_lactose_free,diet_vegetarian,sub_kaese,sub_milchprodukte",,,ref_000105,obs_0000034574,
Actimel,Danone,"€ 2,22",,"1 kg = 2,78",,Nein,Gültig bis 04.04,2026-03-30,2026-04-04,../images/tegut/tegut_offer_112.jpg,"cat_molkerei_kaese,diet_vegetarian,sub_joghurt_skyr_quark,sub_milchprodukte,tag_ultra_processed",,,ref_000106,obs_0000012310|obs_0000033983|obs_0000027587|obs_0000010619|obs_0000021892|obs_0000026131|obs_0000006437|obs_0000021034|obs_0000016818|obs_0000023730|obs_0000031420|obs_0000009022|obs_0000019926|obs_0000024156|obs_0000031715|obs_0000022902|obs_0000020215|obs_0000018569|obs_0000009382|obs_0000015654|obs_0000024677|obs_0000011880|obs_0000009842|obs_0000017405|obs_0000006796|obs_0000007768|obs_0000030479|obs_0000005536|obs_0000006101,obs_0000012310|obs_0000033983|obs_0000027587|obs_0000007768|obs_0000010619
Cremfine,Rama,"€ 0,99",,"pro Einheit = 1,49",,Nein,Gültig bis 04.04,2026-03-30,2026-04-04,../images/tegut/tegut_offer_113.jpg,"cat_molkerei_kaese,diet_vegetarian,sub_butter_margarine,tag_ultra_processed",,,ref_000107,obs_0000024476|obs_0000025837|obs_0000024055|obs_0000034173|obs_0000034896,obs_0000025616|obs_0000008854|obs_0000024476|obs_0000016932|obs_0000023003|obs_0000017373|obs_0000028895|obs_0000010343|obs_0000025837|obs_0000024055|obs_0000034173
Schokoladen-Pudding,Zum Dorfkrug,"€ 1,99",,"pro Einheit = 2,49",,Nein,Gültig bis 04.04,2026-03-30,2026-04-04,../images/tegut/tegut_offer_115.jpg,"cat_knabbern_naschen,diet_vegetarian,sub_milchprodukte,sub_sahne_creme,tag_ultra_processed",,BLS-D400400,ref_000108,obs_0000026825|obs_0000017931|obs_0000026409|obs_0000034305|obs_0000013838|obs_0000012304|obs_0000015378|obs_0000017159|obs_0000010509|obs_0000016218|obs_0000001428,obs_0000026825
Momente Mousse,Dr Oetker,"€ 0,69",,"pro Einheit = 0,89",,Nein,Gültig bis 04.04,2026-03-30,2026-04-04,../images/tegut/tegut_offer_116.jpg,"cat_knabbern_naschen,sub_sahne_creme,tag_ultra_processed",,,ref_000109,obs_0000034905|obs_0000019981|obs_0000015380|obs_0000017492|obs_0000016658|obs_0000018773|obs_0000024444|obs_0000024017|obs_0000024558,
gekühlte Salatsauce,Zum Dorfkrug,"€ 1,79",,"pro Einheit = 2,29",,Nein,Gültig bis 04.04,2026-03-30,2026-04-04,../images/tegut/tegut_offer_117.jpg,"cat_knabbern_naschen,diet_lactose_free,diet_vegan,diet_vegetarian,tag_ultra_processed",,,ref_000110,,
Schrozberger Milchbauern Bio-Joghurt,demeter,"€ 1,99",,"pro Einheit = 2,79",,Nein,Gültig bis 04.04,2026-03-30,2026-04-04,../images/tegut/tegut_offer_118.jpg,"cat_molkerei_kaese,diet_vegetarian,sub_joghurt_skyr_quark,sub_milchprodukte",,,ref_000111,obs_0000034100|obs_0000034604|obs_0000016386|obs_0000000488|obs_0000000671|obs_0000002441|obs_0000003781|obs_0000004230|obs_0000004657|obs_0000005084|obs_0000008703|obs_0000025171|obs_0000017127|obs_0000025392|obs_0000033696|obs_0000009180|obs_0000025811|obs_0000009663|obs_0000034580|obs_0000026710|obs_0000019794|obs_0000020687|obs_0000020689|obs_0000028966|obs_0000021506|obs_0000021508|obs_0000023030|obs_0000023284|obs_0000015673,obs_0000034100
Frische Vollmilch,tegut,"€ 1,29",,"pro Einheit = 1,69",,Nein,Gültig bis 04.04,2026-03-30,2026-04-04,../images/tegut/tegut_offer_119.jpg,"cat_molkerei_kaese,diet_vegetarian,sub_milchprodukte,tag_whole_food",,,ref_000112,obs_0000014484|obs_0000027279|obs_0000017140|obs_0000011033|obs_0000017304|obs_0000023028|obs_0000031525|obs_0000001050|obs_0000031903|obs_0000015788,obs_0000014484|obs_0000027279|obs_0000017140|obs_0000011033|obs_0000017304
Mandel- oder Kokos-Drink,alpro,"€ 1,99",,"pro Einheit = 2,99",,Nein,Gültig bis 04.04,2026-03-30,2026-04-04,,"cat_getraenke,diet_lactose_free,diet_vegan,diet_vegetarian,tag_ultra_processed",,,ref_000113,obs_0000026421|obs_0000001857|obs_0000002623|obs_0000002993|obs_0000003183,obs_0000012320|obs_0000014491
Bio-Weidemilch Schmand,Alnatura,"€ 1,19",,"pro Einheit = 1,49",,Nein,Gültig bis 04.04,2026-03-30,2026-04-04,../images/tegut/tegut_offer_121.jpg,"cat_molkerei_kaese,diet_gluten_free,diet_lactose_free,diet_vegan,diet_vegetarian,sub_milchprodukte,sub_sahne_creme,tag_whole_food",,,ref_000114,obs_0000034372|obs_0000034794|obs_0000001486|obs_0000001902|obs_0000034373|obs_0000001733|obs_0000009974|obs_0000001870|obs_0000034793|obs_0000002418|obs_0000011034|obs_0000003203|obs_0000004056|obs_0000004483|obs_0000004910|obs_0000014489|obs_0000031866,
Grüne Soße,Schwälbchen,"€ 1,99",,"pro Einheit = 2,49",,Nein,Gültig bis 04.04,2026-03-30,2026-04-04,../images/tegut/tegut_offer_122.jpg,"cat_grundnahrung,tag_ultra_processed",,,ref_000115,obs_0000034714|obs_0000014562|obs_0000013031|obs_0000010356,
Veganer Bio-Block oder veganes Bio-Streichfett,Naturli,"€ 1,79",,"pro Einheit = 2,29",,Nein,Gültig bis 04.04,2026-03-30,2026-04-04,../images/tegut/tegut_offer_123.jpg,"cat_molkerei_kaese,diet_lactose_free,diet_vegan,diet_vegetarian,sub_fleischersatz,tag_ultra_processed",,,ref_000116,obs_0000034964|obs_0000034169|obs_0000013920|obs_0000028280|obs_0000014498|obs_0000023304|obs_0000010144|obs_0000017345,
Bio-Frischecreme,Weißenhorner,"€ 1,99",,"pro Einheit = 2,49",,Nein,Gültig bis 04.04,2026-03-30,2026-04-04,../images/tegut/tegut_offer_124.jpg,"cat_drogerie,diet_vegetarian",,,ref_000117,obs_0000034585,
Bio-Kochschinken,tegut,"€ 2,99",,"1 kg = 37,38",,Nein,Gültig bis 04.04,2026-03-30,2026-04-04,../images/tegut/tegut_offer_125.jpg,"cat_fleisch_wurst,diet_gluten_free,diet_lactose_free,diet_vegan,diet_vegetarian,sub_schwein,sub_wurst,tag_ultra_processed,tag_whole_food",,,ref_000118,obs_0000034157|obs_0000001488|obs_0000034957|obs_0000020454|obs_0000021273|obs_0000021692|obs_0000002580|obs_0000002805,obs_0000034157|obs_0000001488|obs_0000034957
Bio-Süßrahmbutter,Bio-Süßrahmbutter,"€ 2,79",,"1 kg = 11,16",,Nein,Gültig bis 04.04,2026-03-30,2026-04-04,../images/tegut/tegut_offer_126.jpg,"cat_molkerei_kaese,diet_gluten_free,diet_vegetarian,sub_butter_margarine,sub_milchprodukte",,,ref_000119,obs_0000026089|obs_0000034372|obs_0000000083|obs_0000024918|obs_0000017313|obs_0000003525|obs_0000003695,obs_0000026089|obs_0000020744|obs_0000021563
Ziegenrolle,Der Grüne Altenburger,"€ 2,29",,"pro Einheit = 2,99",,Nein,Gültig bis 04.04,2026-03-30,2026-04-04,../images/tegut/tegut_offer_127.jpg,"cat_molkerei_kaese,sub_kaese",,,ref_000120,obs_0000024012|obs_0000024437|obs_0000029901|obs_0000032350|obs_0000029811,obs_0000024012|obs_0000024437
Weimarer Thüringer Rostbratwurst,Weimarer Thüringer Rostbratwurst,"€ 3,99",,"1 kg = 7,98",,Nein,Gültig bis 04.04,2026-03-30,2026-04-04,,"cat_fleisch_wurst,sub_wurst,tag_ultra_processed",,,ref_000121,obs_0000034076|obs_0000014109|obs_0000030624|obs_0000008488|obs_0000009263|obs_0000027860|obs_0000029275|obs_0000008189|obs_0000013376|obs_0000014464,obs_0000034076
Bio-Mozzarella,tegut,"€ 1,29",,"1 kg = 10,32",,Nein,Gültig bis 04.04,2026-03-30,2026-04-04,../images/tegut/tegut_offer_130.jpg,"cat_molkerei_kaese,diet_gluten_free,diet_lactose_free,diet_vegan,diet_vegetarian,sub_kaese,sub_milchprodukte,tag_whole_food",,BLS-X208312,ref_000122,obs_0000034175|obs_0000027907|obs_0000020638|obs_0000021457|obs_0000021741|obs_0000024894|obs_0000000816|obs_0000009077|obs_0000033882|obs_0000001647|obs_0000018031|obs_0000018366|obs_0000018430|obs_0000011043|obs_0000027551|obs_0000027613|obs_0000022241|obs_0000022394|obs_0000022485|obs_0000022609|obs_0000023202|obs_0000007154|obs_0000023806|obs_0000024234|obs_0000016326|obs_0000000341|obs_0000004018|obs_0000004445|obs_0000004872,obs_0000034175|obs_0000027907|obs_0000020638|obs_0000021457|obs_0000021741
Geriebener Käse Cheddar oder Pizzakäse,Kerrygold,"€ 1,79",,"1 kg = 11,93",,Nein,Gültig bis 04.04,2026-03-30,2026-04-04,../images/tegut/tegut_offer_131.jpg,"cat_molkerei_kaese,sub_kaese,sub_milchprodukte,tag_ultra_processed",,,ref_000123,obs_0000034271|obs_0000015389|obs_0000028382|obs_0000013135|obs_0000010630|obs_0000012197|obs_0000024233|obs_0000019626|obs_0000008883|obs_0000010460|obs_0000023809|obs_0000018212|obs_0000006457|obs_0000022379|obs_0000010631|obs_0000024569,
Mascarpone,Castelli,"€ 2,49",,"pro Einheit = 3,29",,Nein,Gültig bis 04.04,2026-03-30,2026-04-04,../images/tegut/tegut_offer_132.jpg,"cat_molkerei_kaese,diet_vegetarian,sub_kaese,sub_milchprodukte,sub_sahne_creme",,,ref_000124,obs_0000023808|obs_0000024230|obs_0000013771|obs_0000009005|obs_0000025138|obs_0000018039|obs_0000011479|obs_0000000537|obs_0000022623|obs_0000022400|obs_0000030468|obs_0000032470|obs_0000028867|obs_0000006441|obs_0000006289,obs_0000023808|obs_0000024230|obs_0000013771|obs_0000009005|obs_0000025138|obs_0000018039|obs_0000011479|obs_0000000537|obs_0000022623|obs_0000022400
Fuetec,El Pozo,"€ 2,99",,"1 kg = 17,59",,Nein,Gültig bis 04.04,2026-03-30,2026-04-04,../images/tegut/tegut_offer_133.jpg,"cat_fleisch_wurst,sub_schwein,sub_wurst,tag_ultra_processed",,,ref_000125,obs_0000033773|obs_0000028690|obs_0000028570|obs_0000030147|obs_0000030176,obs_0000033773
Schrozberger Milchbauern Bio-Eis,demeter,"€ 5,55",,"1 l = 11,10",,Nein,Gültig bis 04.04,2026-03-30,2026-04-04,../images/tegut/tegut_offer_134.jpg,"cat_molkerei_kaese,diet_gluten_free,diet_lactose_free,diet_vegan,diet_vegetarian,sub_milchprodukte",,,ref_000126,obs_0000034604|obs_0000034100|obs_0000025743|obs_0000025829|obs_0000017710|obs_0000034392|obs_0000018692|obs_0000011490|obs_0000013168,obs_0000034604
frischer Blätterteig,Tante Fanny,"€ 1,99",,"1 kg = 3,98",,Nein,Gültig bis 04.04,2026-03-30,2026-04-04,../images/tegut/tegut_offer_135.jpg,"cat_knabbern_naschen,tag_ultra_processed",,BLS-D771900,ref_000127,obs_0000027490|obs_0000013206|obs_0000010658|obs_0000008032|obs_0000028714|obs_0000028591|obs_0000028096|obs_0000026822|obs_0000031458|obs_0000028407|obs_0000005756,obs_0000007942|obs_0000013206|obs_0000010658|obs_0000008032|obs_0000027490|obs_0000005756
Knödel,Burgis oder Emmi s,"€ 1,49",,"1 kg = 1,99",,Nein,Gültig bis 04.04,2026-03-30,2026-04-04,../images/tegut/tegut_offer_136.jpg,"cat_grundnahrung,sub_kaese,sub_kartoffeln,tag_ultra_processed",,BLS-X985162,ref_000128,obs_0000034892|obs_0000027214|obs_0000034190|obs_0000001965|obs_0000015535|obs_0000000850|obs_0000001046|obs_0000033816|obs_0000029305|obs_0000006822|obs_0000032490|obs_0000013746|obs_0000022807,obs_0000034892|obs_0000027214|obs_0000034190
Bio-Gemüse,demeter Natural Cool,"€ 2,49",,"1 kg = 5,53",,Nein,Gültig bis 04.04,2026-03-30,2026-04-04,../images/tegut/tegut_offer_137.jpg,"cat_obst_gemuese,diet_gluten_free,diet_lactose_free,diet_vegan,diet_vegetarian,sub_frisches_gemuese,tag_whole_food",,,ref_000129,obs_0000002055|obs_0000002949|obs_0000031028|obs_0000016753|obs_0000025597|obs_0000017491|obs_0000033909|obs_0000018735|obs_0000010642|obs_0000018942|obs_0000011055|obs_0000011900|obs_0000012813|obs_0000014506|obs_0000014837|obs_0000015818|obs_0000006217,obs_0000002055|obs_0000002949
Pastagericht,tegut,"€ 2,99",,"1 kg = 8,54",,Nein,Gültig bis 04.04,2026-03-30,2026-04-04,,"cat_grundnahrung,diet_vegan,diet_vegetarian,sub_nudeln",,,ref_000130,,
Lachs Naturfilets,tegut,"€ 5,99",,"1 kg = 23,96",,Nein,Gültig bis 04.04,2026-03-30,2026-04-04,../images/tegut/tegut_offer_140.jpg,"cat_fisch_meeresfruechte,tag_high_protein,tag_proteinreich",,,ref_000131,obs_0000033782|obs_0000034939|obs_0000033739,obs_0000033782
Maultaschen,Burger,"€ 1,79",,"1 kg = 5,97",,Nein,Gültig bis 04.04,2026-03-30,2026-04-04,../images/tegut/tegut_offer_142.jpg,cat_non_food,,BLS-D7A5000,ref_000132,obs_0000006305|obs_0000010531|obs_0000017588|obs_0000012341|obs_0000031814|obs_0000000711|obs_0000033906|obs_0000014973|obs_0000007938|obs_0000005382|obs_0000021396|obs_0000025283|obs_0000020577|obs_0000029796|obs_0000030452|obs_0000006656|obs_0000016224|obs_0000019957|obs_0000031865,obs_0000007938|obs_0000005382|obs_0000006305|obs_0000010531|obs_0000017588|obs_0000012341|obs_0000031814|obs_0000000711|obs_0000029796|obs_0000033906|obs_0000030452|obs_0000014973|obs_0000006656
Bio-Weidemilch Quark,Naturland Alnatura,"€ 1,29",,"pro Einheit = 1,49",,Nein,Gültig bis 04.04,2026-03-30,2026-04-04,../images/tegut/tegut_offer_143.jpg,"cat_molkerei_kaese,diet_gluten_free,diet_lactose_free,diet_vegan,diet_vegetarian,sub_joghurt_skyr_quark,sub_milchprodukte,tag_whole_food",,,ref_000133,obs_0000006447|obs_0000034372|obs_0000034794|obs_0000008669|obs_0000001925|obs_0000010624|obs_0000027712|obs_0000012798,
Schlagsahne,tegut,"€ 2,49",,"1 kg = 4,98",,Nein,Gültig bis 04.04,2026-03-30,2026-04-04,../images/tegut/tegut_offer_144.jpg,"cat_molkerei_kaese,diet_vegetarian,sub_milchprodukte,sub_sahne_creme",,,ref_000134,obs_0000034973|obs_0000033692|obs_0000034786|obs_0000001048|obs_0000001651|obs_0000027295|obs_0000033987|obs_0000011466|obs_0000002266|obs_0000027873|obs_0000001268|obs_0000025846|obs_0000016126|obs_0000001793|obs_0000019729|obs_0000001826|obs_0000017188|obs_0000001322|obs_0000001840|obs_0000001856|obs_0000001899|obs_0000023025|obs_0000012796|obs_0000011795|obs_0000001053|obs_0000004149|obs_0000034369|obs_0000004166|obs_0000025188|obs_0000020585|obs_0000030316|obs_0000003727|obs_0000005020|obs_0000021404|obs_0000006438|obs_0000001324|obs_0000030521|obs_0000003401|obs_0000013680|obs_0000005003|obs_0000000427|obs_0000005544|obs_0000000436|obs_0000004576|obs_0000004593|obs_0000007167|obs_0000024616|obs_0000009836|obs_0000020624|obs_0000009377,obs_0000001048|obs_0000001651|obs_0000027295|obs_0000034973|obs_0000033987|obs_0000011466|obs_0000002266|obs_0000027873|obs_0000001268|obs_0000025846|obs_0000016126|obs_0000001793|obs_0000019729|obs_0000001826|obs_0000017188|obs_0000001322|obs_0000001840|obs_0000001856|obs_0000001899|obs_0000033692|obs_0000034786|obs_0000023025|obs_0000012796
Bourbon Vanillezucker Backin oder Vanillinzucker,Dr Oetker,"€ 0,99",,"pro Einheit = 1,29",,Nein,Gültig bis 04.04,2026-03-30,2026-04-04,../images/tegut/tegut_offer_145.jpg,"cat_grundnahrung,sub_fleischersatz,tag_ultra_processed",,,ref_000135,obs_0000013538|obs_0000014574|obs_0000001883,
Back-Margarine,Sanella,"€ 1,49",,"pro Einheit = 2,19",,Nein,Gültig bis 04.04,2026-03-30,2026-04-04,../images/tegut/tegut_offer_146.jpg,"cat_grundnahrung,diet_lactose_free,diet_vegan,diet_vegetarian,tag_ultra_processed",,BLS-Q481000,ref_000136,obs_0000019605|obs_0000003501,
Tortenguss rot klar oder Sahnesteif,Dr Oetker,"€ 0,79",,"pro Einheit = 0,99",,Nein,Gültig bis 04.04,2026-03-30,2026-04-04,../images/tegut/tegut_offer_147.jpg,"cat_grundnahrung,sub_sahne_creme,tag_ultra_processed",,,ref_000137,obs_0000013864|obs_0000013934|obs_0000014577,
blanchierte Mandelkerne,tegut,"€ 1,49",,"pro Einheit = 1,99",,Nein,Gültig bis 04.04,2026-03-30,2026-04-04,../images/tegut/tegut_offer_148.jpg,"cat_knabbern_naschen,diet_gluten_free,diet_lactose_free,diet_vegan,diet_vegetarian,tag_whole_food",,,ref_000138,obs_0000016671,
Obstkonserven,tegut,"€ 1,99",,"1 kg = 4,06",,Nein,Gültig bis 04.04,2026-03-30,2026-04-04,../images/tegut/tegut_offer_149.jpg,"cat_grundnahrung,diet_gluten_free,diet_lactose_free,diet_vegan,diet_vegetarian,tag_whole_food",,,ref_000139,obs_0000034884,
Eier mit Junghahn Aufzucht,tegut,"€ 3,99",,"pro Einheit = 3,99",,Nein,Gültig bis 04.04,2026-03-30,2026-04-04,../images/tegut/tegut_offer_150.jpg,"cat_grundnahrung,diet_vegetarian,tag_ultra_processed",,,ref_000140,obs_0000034712|obs_0000008570,obs_0000034712
Weizenmehl,tegut,"€ 0,79",,"pro Einheit = 1,19",,Nein,Gültig bis 04.04,2026-03-30,2026-04-04,../images/tegut/tegut_offer_151.jpg,"cat_grundnahrung,diet_vegetarian,tag_whole_food",,BLS-C424000,ref_000141,obs_0000034218|obs_0000002617|obs_0000027275|obs_0000028845|obs_0000026310|obs_0000010442|obs_0000003343|obs_0000034621|obs_0000001854|obs_0000025637|obs_0000031289|obs_0000021655|obs_0000014033|obs_0000007380|obs_0000005379|obs_0000031552|obs_0000020836|obs_0000031605|obs_0000017801|obs_0000003509|obs_0000024617|obs_0000001659|obs_0000013958|obs_0000011943|obs_0000026989|obs_0000034834|obs_0000023626|obs_0000030292,obs_0000002617|obs_0000027275|obs_0000028845|obs_0000026310|obs_0000010442|obs_0000003343|obs_0000034621|obs_0000001854|obs_0000034218
m m s,m m s,"€ 1,79",,"pro Einheit = 2,89",,Nein,Gültig bis 04.04,2026-03-30,2026-04-04,../images/tegut/tegut_offer_152.jpg,"cat_non_food,diet_vegetarian",,,ref_000142,,obs_0000007912
Bio-Cafe Org nico Bohne oder gemahlen,GEPA,"€ 5,99",,"1 kg = 23,96",,Nein,Gültig bis 04.04,2026-03-30,2026-04-04,../images/tegut/tegut_offer_153.jpg,"cat_getraenke,diet_gluten_free,diet_lactose_free,diet_vegan,diet_vegetarian",,,ref_000143,obs_0000035003|obs_0000035117|obs_0000033805,
Kinder Überraschungs-Ei,Ferrero,"€ 0,99",,"pro Einheit = 1,19",,Nein,Gültig bis 04.04,2026-03-30,2026-04-04,../images/tegut/tegut_offer_155.jpg,"cat_knabbern_naschen,diet_vegetarian,tag_ultra_processed",,,ref_000144,obs_0000008833|obs_0000021198|obs_0000020379|obs_0000022472|obs_0000032165|obs_0000026635|obs_0000025096|obs_0000021215|obs_0000034715|obs_0000020396,obs_0000008833|obs_0000021198|obs_0000029691|obs_0000032165|obs_0000019990|obs_0000026198|obs_0000016275|obs_0000010134|obs_0000020379|obs_0000022472
Pick up,Leibniz,"€ 2,22",,"pro Einheit = 3,79",,Nein,Gültig bis 04.04,2026-03-30,2026-04-04,../images/tegut/tegut_offer_156.jpg,"cat_knabbern_naschen,tag_ultra_processed",,,ref_000145,obs_0000023727|obs_0000024150|obs_0000023309|obs_0000028846|obs_0000007492|obs_0000005843|obs_0000033288|obs_0000006742|obs_0000032240|obs_0000008501|obs_0000028893,obs_0000023309|obs_0000028846|obs_0000023727|obs_0000007492|obs_0000005843|obs_0000024150|obs_0000006742
Bio-Aufstrich,Nabio,"€ 2,29",,"pro Einheit = 2,79",,Nein,Gültig bis 04.04,2026-03-30,2026-04-04,../images/tegut/tegut_offer_157.jpg,"cat_grundnahrung,diet_gluten_free,diet_lactose_free,diet_vegan,diet_vegetarian,tag_whole_food",,,ref_000146,obs_0000033803|obs_0000010681|obs_0000013508|obs_0000015253|obs_0000035012,
Getränkepulver,Ovomaltine,"€ 5,99",,"pro Einheit = 6,99",,Nein,Gültig bis 04.04,2026-03-30,2026-04-04,../images/tegut/tegut_offer_158.jpg,"cat_getraenke,diet_vegetarian,tag_ultra_processed",,,ref_000147,obs_0000009102|obs_0000014858|obs_0000009996|obs_0000013655|obs_0000015447|obs_0000009534|obs_0000011546|obs_0000015887|obs_0000013266|obs_0000001400,obs_0000014858|obs_0000009996|obs_0000009102|obs_0000013655|obs_0000015447|obs_0000009534
Organic-Flapjack Bio-Riegel,Hafervoll,"€ 1,49",,"pro Einheit = 1,99",,Nein,Gültig bis 04.04,2026-03-30,2026-04-04,,"cat_knabbern_naschen,diet_lactose_free,diet_vegan,diet_vegetarian,tag_ultra_processed,tag_whole_food",,,ref_000148,obs_0000016822|obs_0000016928|obs_0000033364|obs_0000017107|obs_0000025377|obs_0000010357|obs_0000019932|obs_0000011786|obs_0000012676|obs_0000013851|obs_0000014601|obs_0000030996|obs_0000022867|obs_0000015457,
Cerealien,Nestl,"€ 2,79",,"pro Einheit = 3,79",,Nein,Gültig bis 04.04,2026-03-30,2026-04-04,../images/tegut/tegut_offer_160.jpg,"cat_grundnahrung,diet_vegetarian,tag_ultra_processed",,,ref_000149,obs_0000010904|obs_0000019645|obs_0000013550|obs_0000028013|obs_0000026092|obs_0000002573|obs_0000010261|obs_0000021080|obs_0000014569|obs_0000019709|obs_0000020261|obs_0000021907|obs_0000011799|obs_0000019006|obs_0000028844|obs_0000011951|obs_0000019427|obs_0000015441|obs_0000007193|obs_0000011537|obs_0000005564|obs_0000009964|obs_0000009503,obs_0000002573|obs_0000010261|obs_0000007193|obs_0000021080|obs_0000010904|obs_0000019645|obs_0000014569|obs_0000013550|obs_0000019709|obs_0000020261|obs_0000028013|obs_0000021907|obs_0000005564|obs_0000026092
Haferflocken,Kölln,"€ 1,19",,"pro Einheit = 1,69",,Nein,Gültig bis 04.04,2026-03-30,2026-04-04,../images/tegut/tegut_offer_161.jpg,"cat_grundnahrung,diet_lactose_free,diet_vegan,diet_vegetarian,tag_whole_food",,NUTR-0005,ref_000150,obs_0000015879|obs_0000002858|obs_0000026414|obs_0000002998|obs_0000008132|obs_0000011097|obs_0000013032|obs_0000015658|obs_0000010710|obs_0000034489|obs_0000004225|obs_0000027529|obs_0000029717|obs_0000004652|obs_0000029627|obs_0000003776|obs_0000000837|obs_0000005079|obs_0000000485|obs_0000024040|obs_0000001273|obs_0000024706|obs_0000029967|obs_0000025515|obs_0000029245|obs_0000028738|obs_0000022989|obs_0000030935|obs_0000003476|obs_0000002471|obs_0000005102,obs_0000015879|obs_0000029967|obs_0000029717|obs_0000002858|obs_0000015658|obs_0000026414|obs_0000002998|obs_0000008132|obs_0000010710|obs_0000011097|obs_0000013032
Albaöl Original,Taste of Sweden,"€ 5,55",,"pro Einheit = 6,99",,Nein,Gültig bis 04.04,2026-03-30,2026-04-04,../images/tegut/tegut_offer_163.jpg,"cat_grundnahrung,diet_gluten_free,diet_lactose_free,diet_vegan,diet_vegetarian,tag_high_protein,tag_ultra_processed",,,ref_000151,obs_0000028730|obs_0000020611|obs_0000012423|obs_0000006283|obs_0000026772|obs_0000026832|obs_0000028896|obs_0000035052|obs_0000027005|obs_0000027048|obs_0000021000|obs_0000008777|obs_0000021117|obs_0000008906|obs_0000015051|obs_0000021430|obs_0000025547|obs_0000033763|obs_0000017384|obs_0000013325|obs_0000019505|obs_0000031800|obs_0000025705|obs_0000009334|obs_0000015502|obs_0000027791|obs_0000033975|obs_0000021758|obs_0000009525|obs_0000021868|obs_0000017799|obs_0000026035|obs_0000022184|obs_0000020181|obs_0000034561|obs_0000009987|obs_0000028429|obs_0000034575|obs_0000016167|obs_0000020298|obs_0000028516|obs_0000010117|obs_0000014249|obs_0000028630,
Heringsfilets,Hawesta,"€ 0,99",,"pro Einheit = 1,99",,Nein,Gültig bis 04.04,2026-03-30,2026-04-04,../images/tegut/tegut_offer_164.jpg,cat_fisch_meeresfruechte,,,ref_000152,obs_0000002730|obs_0000034417|obs_0000015371|obs_0000008976|obs_0000011350|obs_0000027864|obs_0000034021|obs_0000005761|obs_0000006146|obs_0000019086|obs_0000013969|obs_0000012835|obs_0000001196|obs_0000029110|obs_0000023376|obs_0000011345|obs_0000008151|obs_0000007389|obs_0000001645|obs_0000014064|obs_0000007036|obs_0000028030|obs_0000012193|obs_0000032556|obs_0000008374|obs_0000030810|obs_0000034144|obs_0000032302|obs_0000035090|obs_0000006134,obs_0000015371|obs_0000008976|obs_0000002730|obs_0000011350|obs_0000027864|obs_0000034021|obs_0000034417|obs_0000028030
Paradiso Bio-Teigwaren,Zabler,"€ 2,49",,"pro Einheit = 2,99",,Nein,Gültig bis 04.04,2026-03-30,2026-04-04,../images/tegut/tegut_offer_165.jpg,"cat_grundnahrung,diet_vegetarian",,,ref_000153,obs_0000034412|obs_0000015007|obs_0000027785|obs_0000008738|obs_0000026301|obs_0000015404,
Pasta,tegut,"€ 0,77",,"pro Einheit = 1,39",,Nein,Gültig bis 04.04,2026-03-30,2026-04-04,../images/tegut/tegut_offer_166.jpg,"cat_grundnahrung,diet_gluten_free,diet_lactose_free,diet_vegan,diet_vegetarian,sub_nudeln",,BLS-G640100,ref_000154,obs_0000035104|obs_0000034419|obs_0000020003|obs_0000028733|obs_0000022097|obs_0000002663|obs_0000017082|obs_0000021187|obs_0000034026|obs_0000026899|obs_0000018196|obs_0000018708|obs_0000016662|obs_0000028496|obs_0000011092|obs_0000014165|obs_0000019293|obs_0000019845|obs_0000020368|obs_0000025518|obs_0000028607|obs_0000018893|obs_0000017359|obs_0000016866|obs_0000015874|obs_0000000516|obs_0000000535|obs_0000014389|obs_0000012353|obs_0000018497|obs_0000030803|obs_0000031331|obs_0000017525|obs_0000003714|obs_0000019591|obs_0000015003|obs_0000006302|obs_0000011935|obs_0000023212|obs_0000010415|obs_0000028866|obs_0000001760|obs_0000014564|obs_0000028393|obs_0000004863|obs_0000011526|obs_0000016655|obs_0000032540|obs_0000025386|obs_0000030008,obs_0000020003|obs_0000035104|obs_0000028733|obs_0000022097|obs_0000002663|obs_0000034419|obs_0000017082|obs_0000021187|obs_0000034026|obs_0000026899|obs_0000018196|obs_0000018708|obs_0000016662|obs_0000028496|obs_0000011092|obs_0000014165|obs_0000019293|obs_0000019845|obs_0000020368|obs_0000025518|obs_0000028607|obs_0000018893|obs_0000017359|obs_0000016866
Bio-Eintopf,Reichenhof,"€ 1,69",,"1 kg = 4,23",,Nein,Gültig bis 04.04,2026-03-30,2026-04-04,../images/tegut/tegut_offer_167.jpg,"cat_grundnahrung,diet_lactose_free,diet_vegan,diet_vegetarian",,,ref_000155,obs_0000008449|obs_0000009646|obs_0000001972|obs_0000034827|obs_0000027989|obs_0000028413|obs_0000013608|obs_0000014982|obs_0000008055|obs_0000034687|obs_0000005196|obs_0000007029,
Bio-Delikatess-Mayonnaise oder Bio-Remoulade,Alnatura,"€ 2,29",,"1 l = 9,16",,Nein,Gültig bis 04.04,2026-03-30,2026-04-04,../images/tegut/tegut_offer_168.jpg,"cat_grundnahrung,diet_gluten_free,diet_lactose_free,diet_vegan,diet_vegetarian,tag_ultra_processed,tag_whole_food",,,ref_000156,obs_0000034025|obs_0000029017|obs_0000007001|obs_0000034215|obs_0000011067|obs_0000013772|obs_0000035011|obs_0000025494|obs_0000001763|obs_0000010673|obs_0000010674|obs_0000015657|obs_0000015844,
Pesto,tegut,"€ 1,99",,"pro Einheit = 2,49",,Nein,Gültig bis 04.04,2026-03-30,2026-04-04,../images/tegut/tegut_offer_169.jpg,"cat_grundnahrung,diet_gluten_free,diet_vegan,diet_vegetarian,tag_ultra_processed,tag_whole_food",,,ref_000157,obs_0000025099|obs_0000001549|obs_0000020017|obs_0000003675|obs_0000000146|obs_0000018607|obs_0000016639|obs_0000023299|obs_0000011527|obs_0000019219|obs_0000011089|obs_0000014195|obs_0000015289|obs_0000019945|obs_0000015872|obs_0000034416|obs_0000005746|obs_0000015004|obs_0000015005|obs_0000007363|obs_0000022243|obs_0000001346|obs_0000023389|obs_0000034211|obs_0000010208|obs_0000007184|obs_0000029304|obs_0000028349|obs_0000003299|obs_0000005369|obs_0000030712|obs_0000008153|obs_0000002524|obs_0000032424|obs_0000030664|obs_0000029670|obs_0000032232|obs_0000029685|obs_0000013936|obs_0000007342|obs_0000006836|obs_0000005569,obs_0000025099|obs_0000001549|obs_0000020017|obs_0000003675|obs_0000000146|obs_0000018607|obs_0000016639|obs_0000023299|obs_0000011527|obs_0000019219|obs_0000011089|obs_0000014195|obs_0000015289|obs_0000019945|obs_0000015872
Kondensmilch,Bärenmarke,"€ 0,99",,"1 kg = 5,82",,Nein,Gültig bis 04.04,2026-03-30,2026-04-04,../images/tegut/tegut_offer_170.jpg,"cat_molkerei_kaese,diet_lactose_free,diet_vegetarian,sub_milchprodukte",,BLS-M182500,ref_000158,obs_0000003585|obs_0000021516|obs_0000017037|obs_0000017189|obs_0000001734|obs_0000001735|obs_0000001736|obs_0000025429|obs_0000017111|obs_0000020697|obs_0000008676|obs_0000034024|obs_0000018316|obs_0000018712|obs_0000009258|obs_0000019889|obs_0000026696|obs_0000017740|obs_0000026730|obs_0000009726,obs_0000003585|obs_0000021516|obs_0000017037|obs_0000017189|obs_0000001734|obs_0000001735|obs_0000001736|obs_0000025429|obs_0000017111|obs_0000020697|obs_0000008676
Pilsener,Veltins,"€ 11,99",,"pro Einheit = 17,99",,Nein,Gültig bis 04.04,2026-03-30,2026-04-04,../images/tegut/tegut_offer_171.jpg,cat_getraenke,,,ref_000159,obs_0000026503|obs_0000015503|obs_0000034836|obs_0000013820|obs_0000028547|obs_0000034842|obs_0000034091|obs_0000035044|obs_0000014011|obs_0000028988|obs_0000014656|obs_0000015939|obs_0000034637|obs_0000008415|obs_0000028405|obs_0000028664|obs_0000035045|obs_0000008838|obs_0000005639|obs_0000009355|obs_0000029199|obs_0000015505|obs_0000026385|obs_0000030754|obs_0000010028|obs_0000020153|obs_0000025018|obs_0000027068|obs_0000029764|obs_0000026593|obs_0000029928|obs_0000009578|obs_0000020972|obs_0000035041|obs_0000032304|obs_0000029887|obs_0000031557|obs_0000030721|obs_0000015507|obs_0000035108|obs_0000015940|obs_0000007889|obs_0000011998|obs_0000031083|obs_0000015085|obs_0000029423|obs_0000011769|obs_0000034429|obs_0000030250|obs_0000031615,obs_0000028547|obs_0000026503|obs_0000015503|obs_0000034836|obs_0000034842|obs_0000030754|obs_0000034091|obs_0000035044|obs_0000014011|obs_0000028988|obs_0000014656|obs_0000015939|obs_0000029764|obs_0000034637|obs_0000008415|obs_0000029928|obs_0000028405|obs_0000028664|obs_0000013820|obs_0000035045
Weißbier,Paulaner,"€ 14,99",,"pro Einheit = 20,49",,Nein,Gültig bis 04.04,2026-03-30,2026-04-04,../images/tegut/tegut_offer_172.jpg,"cat_getraenke,tag_ultra_processed",,,ref_000160,obs_0000031388|obs_0000028962|obs_0000028970|obs_0000031751|obs_0000031911|obs_0000034223|obs_0000027336|obs_0000028367|obs_0000028886|obs_0000035037|obs_0000012695|obs_0000010542|obs_0000013688|obs_0000008097|obs_0000011999|obs_0000010083|obs_0000028019|obs_0000032260|obs_0000015499|obs_0000005647|obs_0000031384|obs_0000029081|obs_0000012447|obs_0000034839|obs_0000027553|obs_0000013351|obs_0000006569|obs_0000030899|obs_0000035046|obs_0000005831|obs_0000032731|obs_0000007677|obs_0000000862|obs_0000030558|obs_0000031617|obs_0000011368|obs_0000015092|obs_0000030399|obs_0000029440|obs_0000029258|obs_0000007888,obs_0000032260|obs_0000031751|obs_0000029081|obs_0000031898|obs_0000031388|obs_0000028962|obs_0000031911|obs_0000028970|obs_0000034223|obs_0000005831|obs_0000027336|obs_0000028367|obs_0000028886|obs_0000007677|obs_0000028797|obs_0000035037
Ramazzotti,Ramazzotti,"€ 10,99",,"pro Einheit = 13,99",,Nein,Gültig bis 04.04,2026-03-30,2026-04-04,../images/tegut/tegut_offer_173.jpg,"cat_molkerei_kaese,diet_vegetarian,sub_butter_margarine,tag_ultra_processed",,,ref_000161,obs_0000005633|obs_0000007906|obs_0000030757|obs_0000029770|obs_0000032744,obs_0000005633
Münchner Hell,Spaten,"€ 0,79",,"pro Einheit = 0,99",,Nein,Gültig bis 04.04,2026-03-30,2026-04-04,../images/tegut/tegut_offer_174.jpg,cat_getraenke,,,ref_000162,obs_0000013313|obs_0000028250|obs_0000015504|obs_0000034636|obs_0000010094|obs_0000003504|obs_0000033822|obs_0000035040|obs_0000035050|obs_0000012642|obs_0000005646|obs_0000030393|obs_0000030402|obs_0000029407|obs_0000006908|obs_0000029993|obs_0000029045|obs_0000034841|obs_0000009785|obs_0000031386|obs_0000034475|obs_0000034487|obs_0000009915|obs_0000027350|obs_0000011994|obs_0000006377|obs_0000035038|obs_0000010541|obs_0000014654|obs_0000028550|obs_0000008658|obs_0000028667|obs_0000029258|obs_0000031617,obs_0000013313|obs_0000033822|obs_0000028250|obs_0000015504|obs_0000030393|obs_0000035040|obs_0000035050|obs_0000034636|obs_0000012642|obs_0000010094|obs_0000029045|obs_0000003504
Rotblond Original oder Weizen,Duckstein,"€ 6,99",,"1 l = 3,50",,Nein,Gültig bis 04.04,2026-03-30,2026-04-04,../images/tegut/tegut_offer_176.jpg,"cat_getraenke,diet_vegetarian,tag_high_protein,tag_ultra_processed",,,ref_000163,obs_0000011147|obs_0000008777|obs_0000008906|obs_0000025547|obs_0000033763|obs_0000017384|obs_0000025705|obs_0000009334|obs_0000033975|obs_0000009525|obs_0000017799|obs_0000026035|obs_0000034561|obs_0000009987|obs_0000034575|obs_0000034642|obs_0000010117|obs_0000026772|obs_0000026832|obs_0000035052|obs_0000027005|obs_0000027048|obs_0000019505|obs_0000027791|obs_0000020181|obs_0000028429|obs_0000020298|obs_0000028516|obs_0000028630|obs_0000028730|obs_0000020611|obs_0000012423|obs_0000028883|obs_0000028896|obs_0000021000|obs_0000021117|obs_0000021430|obs_0000013325|obs_0000021758|obs_0000021868|obs_0000022184|obs_0000014249|obs_0000006283|obs_0000015051|obs_0000031800|obs_0000015502|obs_0000016167,
Kräuterlikör,Averna,"€ 10,99",,"pro Einheit = 13,99",,Nein,Gültig bis 04.04,2026-03-30,2026-04-04,../images/tegut/tegut_offer_177.jpg,"cat_getraenke,sub_kraeuter,sub_milchprodukte",,,ref_000164,obs_0000004114|obs_0000000404|obs_0000034837|obs_0000017953|obs_0000026661|obs_0000022189|obs_0000026933|obs_0000004541|obs_0000012865|obs_0000004968|obs_0000027496|obs_0000006561|obs_0000007903|obs_0000032748|obs_0000031726|obs_0000029434,obs_0000004114|obs_0000000404|obs_0000034837|obs_0000017953|obs_0000026661|obs_0000022189|obs_0000026933|obs_0000004541|obs_0000012865|obs_0000004968|obs_0000027496
Eierlikör,Verpoorten,"€ 10,99",,"pro Einheit = 13,49",,Nein,Gültig bis 04.04,2026-03-30,2026-04-04,../images/tegut/tegut_offer_178.jpg,"cat_getraenke,tag_ultra_processed",,BLS-P546000,ref_000165,obs_0000017254|obs_0000016404|obs_0000014136|obs_0000001697|obs_0000019494|obs_0000007082|obs_0000031000|obs_0000031382|obs_0000007453|obs_0000031010|obs_0000027076|obs_0000024625|obs_0000006370|obs_0000005636|obs_0000013605|obs_0000006896|obs_0000030390,obs_0000017254|obs_0000007082|obs_0000016404|obs_0000007453
Aperitif,Campari Bitter,"€ 11,99",,"pro Einheit = 15,99",,Nein,Gültig bis 04.04,2026-03-30,2026-04-04,../images/tegut/tegut_offer_179.jpg,"cat_getraenke,tag_ultra_processed",,,ref_000166,obs_0000011143|obs_0000031400|obs_0000032742|obs_0000014632|obs_0000025009|obs_0000008084|obs_0000031671|obs_0000032739|obs_0000020042|obs_0000031405|obs_0000025650|obs_0000020861|obs_0000029439|obs_0000007651|obs_0000007257|obs_0000006014|obs_0000006560,obs_0000011143|obs_0000031400
Aperitif,Aperol,"€ 9,99",,"1 l = 14,27",,Nein,Gültig bis 04.04,2026-03-30,2026-04-04,../images/tegut/tegut_offer_180.jpg,"cat_getraenke,sub_tk_fertiggerichte,tag_high_protein",,,ref_000167,obs_0000011143|obs_0000031400|obs_0000031671|obs_0000008084|obs_0000014632|obs_0000025009|obs_0000032742|obs_0000031405|obs_0000025650|obs_0000020042|obs_0000032739|obs_0000020861|obs_0000029439|obs_0000006560|obs_0000007257|obs_0000007651|obs_0000006014,obs_0000011143|obs_0000013069|obs_0000008990|obs_0000020899|obs_0000031400|obs_0000003633|obs_0000009522|obs_0000021836|obs_0000020080|obs_0000015485|obs_0000009984
Weissbier naturtrüb,Franziskaner,"€ 13,99",,"1 l = 1,40",,Nein,Gültig bis 04.04,2026-03-30,2026-04-04,../images/tegut/tegut_offer_181.jpg,"cat_getraenke,diet_vegetarian",,,ref_000168,,obs_0000034839
Gorilka Vodka,Hetmen,"€ 10,99",,"pro Einheit = 13,99",,Nein,Gültig bis 04.04,2026-03-30,2026-04-04,../images/tegut/tegut_offer_182.jpg,"cat_getraenke,tag_ultra_processed",,,ref_000169,obs_0000035049|obs_0000008713|obs_0000020363|obs_0000012175|obs_0000012431|obs_0000009883|obs_0000034845|obs_0000013474|obs_0000019368|obs_0000015665|obs_0000021182|obs_0000009791|obs_0000028354|obs_0000008904|obs_0000009420|obs_0000002903|obs_0000024028|obs_0000026846|obs_0000009320|obs_0000022378|obs_0000034034|obs_0000011132|obs_0000024448,
Mineralwasser,Aqua Monaco,"€ 1,19",,"pro Einheit = 1,19",,Nein,Gültig bis 04.04,2026-03-30,2026-04-04,../images/tegut/tegut_offer_183.jpg,"cat_getraenke,diet_gluten_free,diet_lactose_free,diet_vegan,diet_vegetarian",,,ref_000170,obs_0000027653|obs_0000034851|obs_0000015908|obs_0000031797|obs_0000026205|obs_0000008801|obs_0000003689|obs_0000015481|obs_0000031867|obs_0000012414|obs_0000031871|obs_0000028800|obs_0000034437|obs_0000008841|obs_0000009353|obs_0000028841|obs_0000027836|obs_0000011969|obs_0000021185|obs_0000027856|obs_0000008437|obs_0000034043|obs_0000034044|obs_0000009985|obs_0000028931|obs_0000035059|obs_0000010519|obs_0000031006|obs_0000014625|obs_0000028968|obs_0000026948|obs_0000028493|obs_0000008537|obs_0000011123|obs_0000028537|obs_0000028027|obs_0000020366|obs_0000028603|obs_0000034235|obs_0000034238|obs_0000026570|obs_0000013773|obs_0000025562|obs_0000028654|obs_0000014332|obs_0000031249|obs_0000002068|obs_0000024088|obs_0000029232|obs_0000031834,obs_0000027653|obs_0000034851|obs_0000015908|obs_0000031797|obs_0000026205|obs_0000008801|obs_0000003689|obs_0000015481|obs_0000031867|obs_0000012414|obs_0000031871|obs_0000028800|obs_0000034437|obs_0000008841|obs_0000009353|obs_0000028841|obs_0000027836|obs_0000011969|obs_0000021185|obs_0000027856|obs_0000008437|obs_0000034043|obs_0000034044|obs_0000009985|obs_0000028931|obs_0000035059|obs_0000010519|obs_0000031006|obs_0000014625|obs_0000028968|obs_0000026948|obs_0000028493|obs_0000008537|obs_0000011123|obs_0000028537|obs_0000028027|obs_0000020366|obs_0000028603|obs_0000034235|obs_0000034238|obs_0000026570|obs_0000013773|obs_0000025562|obs_0000028654|obs_0000014332
Tea,Pfanner,"€ 1,29",,"1 l = 0,65",,Nein,Gültig bis 04.04,2026-03-30,2026-04-04,../images/tegut/tegut_offer_184.jpg,"cat_getraenke,tag_ultra_processed",,,ref_000171,obs_0000017671|obs_0000018798|obs_0000031815|obs_0000020995|obs_0000013713|obs_0000006551|obs_0000025367|obs_0000026909|obs_0000022051|obs_0000020791|obs_0000020024|obs_0000029754|obs_0000019013|obs_0000016458|obs_0000031818|obs_0000020176|obs_0000034655|obs_0000007267|obs_0000023654|obs_0000021610|obs_0000013051|obs_0000034233|obs_0000029978|obs_0000009902|obs_0000027466|obs_0000030683|obs_0000009437|obs_0000033151|obs_0000006018|obs_0000015245|obs_0000005171|obs_0000016097|obs_0000011369|obs_0000005643|obs_0000007470|obs_0000029251|obs_0000032067|obs_0000032976|obs_0000031392|obs_0000030940,obs_0000017671|obs_0000018798
Erfrischungsgetränk,Eizbach,"€ 0,88",,"pro Einheit = 1,19",,Nein,Gültig bis 04.04,2026-03-30,2026-04-04,../images/tegut/tegut_offer_185.jpg,"cat_getraenke,tag_ultra_processed",,,ref_000172,obs_0000011154|obs_0000017948|obs_0000010013|obs_0000014624|obs_0000015906|obs_0000009895|obs_0000009513|obs_0000022058|obs_0000022185|obs_0000023728|obs_0000013619|obs_0000008378|obs_0000011968|obs_0000023744|obs_0000015052|obs_0000023247|obs_0000009431|obs_0000024155|obs_0000012664|obs_0000024168|obs_0000010736|obs_0000015479|obs_0000018552|obs_0000013177|obs_0000012413|obs_0000012451|obs_0000011560|obs_0000013620|obs_0000014659|obs_0000010759|obs_0000026061|obs_0000014298|obs_0000006024|obs_0000005272|obs_0000015296|obs_0000016089|obs_0000012000|obs_0000007679|obs_0000006900,obs_0000011154|obs_0000017948|obs_0000010013|obs_0000014624|obs_0000015906|obs_0000009895|obs_0000011560|obs_0000009513|obs_0000022058|obs_0000022185|obs_0000023728|obs_0000013619|obs_0000008378|obs_0000011968|obs_0000023744|obs_0000015052|obs_0000023247|obs_0000009431|obs_0000024155|obs_0000012664|obs_0000024168|obs_0000010736|obs_0000015479|obs_0000018552|obs_0000013177|obs_0000012413
Cola oder Mio Mio Mate,Mio Mio,"€ 0,88",,"1 l = 1,76",,Nein,Gültig bis 04.04,2026-03-30,2026-04-04,../images/tegut/tegut_offer_186.jpg,"cat_getraenke,diet_lactose_free,diet_vegan,diet_vegetarian,tag_ultra_processed",,,ref_000173,obs_0000007479|obs_0000008405|obs_0000016686|obs_0000016754|obs_0000000445|obs_0000008772|obs_0000008921|obs_0000000810|obs_0000009023|obs_0000017246|obs_0000009119|obs_0000001014|obs_0000017639|obs_0000026287|obs_0000026323|obs_0000026438|obs_0000018375|obs_0000026646|obs_0000034850|obs_0000027015|obs_0000027037|obs_0000019364|obs_0000003042|obs_0000027814|obs_0000027972|obs_0000028026|obs_0000028226|obs_0000004177|obs_0000020844|obs_0000004604|obs_0000005031|obs_0000021663|obs_0000013978|obs_0000022338|obs_0000031900,
Coca-Cola Fanta Sprite oder Mezzo Mix,Coca-Cola Fanta Sprite oder Mezzo Mix,"€ 5,49",,"1 l = 0,73",,Nein,Gültig bis 04.04,2026-03-30,2026-04-04,../images/tegut/tegut_offer_187.jpg,"cat_getraenke,diet_gluten_free,diet_lactose_free,diet_vegan,diet_vegetarian,tag_ultra_processed",,,ref_000174,obs_0000032258|obs_0000032019|obs_0000029984|obs_0000032704|obs_0000029010|obs_0000030679|obs_0000034906|obs_0000006553|obs_0000007451|obs_0000005442|obs_0000007251|obs_0000000515|obs_0000023307|obs_0000022976|obs_0000025798|obs_0000028043|obs_0000032052|obs_0000031043|obs_0000007892|obs_0000030303|obs_0000029419|obs_0000001532|obs_0000015905|obs_0000011120|obs_0000024202|obs_0000031294|obs_0000007878|obs_0000023774|obs_0000006021|obs_0000005638|obs_0000013322|obs_0000033681|obs_0000029979|obs_0000034810|obs_0000023586|obs_0000032440|obs_0000034234|obs_0000023740|obs_0000005827|obs_0000032705|obs_0000015049|obs_0000001110|obs_0000030680|obs_0000034648|obs_0000030302|obs_0000024676|obs_0000024165|obs_0000001642|obs_0000029418|obs_0000006901,obs_0000032258|obs_0000032019|obs_0000029984|obs_0000032704|obs_0000025798|obs_0000029010|obs_0000030679|obs_0000034906
Saft,Rotbäckchen,"€ 2,99",,"1 l = 4,27",,Nein,Gültig bis 04.04,2026-03-30,2026-04-04,../images/tegut/tegut_offer_188.jpg,"cat_fleisch_wurst,tag_ultra_processed,tag_whole_food",,BLS-F514600,ref_000175,obs_0000034438|obs_0000032918|obs_0000034047|obs_0000027142|obs_0000026383|obs_0000028431|obs_0000025618|obs_0000024985|obs_0000027674|obs_0000026144|obs_0000026785|obs_0000022436|obs_0000021042|obs_0000016953|obs_0000019142|obs_0000027982|obs_0000033872|obs_0000017106|obs_0000010200|obs_0000017915|obs_0000020223|obs_0000008343|obs_0000029845|obs_0000032021|obs_0000031005|obs_0000015913|obs_0000015914|obs_0000011568|obs_0000011569|obs_0000007474|obs_0000007095|obs_0000031164|obs_0000032190|obs_0000008148|obs_0000029012|obs_0000030300|obs_0000032472|obs_0000034650|obs_0000000868|obs_0000029417|obs_0000029441|obs_0000026036|obs_0000015054|obs_0000030841|obs_0000027407|obs_0000007092|obs_0000005825|obs_0000006726|obs_0000030171|obs_0000032384,obs_0000027142|obs_0000034438|obs_0000026383|obs_0000028431|obs_0000025618|obs_0000032918|obs_0000024985|obs_0000027674|obs_0000034047|obs_0000026144|obs_0000026785|obs_0000022436|obs_0000021042|obs_0000007095|obs_0000016953|obs_0000019142|obs_0000027982|obs_0000033872|obs_0000017106|obs_0000010200|obs_0000017915|obs_0000020223
Fever-Tree,Fever-Tree,"€ 1,79",,"1 l = 3,58",,Nein,Gültig bis 04.04,2026-03-30,2026-04-04,../images/tegut/tegut_offer_189.jpg,"cat_getraenke,diet_vegetarian",,,ref_000176,obs_0000032721|obs_0000030686|obs_0000007879,obs_0000032721
Frucht oder Limo,Hella,"€ 3,33",,"1 l = 0,74",,Nein,Gültig bis 04.04,2026-03-30,2026-04-04,../images/tegut/tegut_offer_191.jpg,"cat_getraenke,diet_vegetarian,tag_ultra_processed",,,ref_000177,obs_0000012187|obs_0000015662,
Salatschleuder 4 l oder Salatschüssel 4 5 l mit Transportdeckel 8 9,Salatschleuder 4 l oder Salatschüssel 4 5 l mit Transportdeckel 8 9,"€ 5,99",,"pro Einheit = 5,99",,Nein,Gültig bis 04.04,2026-03-30,2026-04-04,../images/tegut/tegut_offer_192.jpg,"cat_non_food,sub_salate,tag_ultra_processed",,,ref_000178,obs_0000033310|obs_0000009026,
Duschgel,Weleda,"€ 4,99",,"1 l = 24,95",,Nein,Gültig bis 04.04,2026-03-30,2026-04-04,../images/tegut/tegut_offer_193.jpg,cat_drogerie,,,ref_000179,obs_0000035065|obs_0000011788|obs_0000017459|obs_0000015972|obs_0000031850|obs_0000008329|obs_0000015523|obs_0000026290|obs_0000031924|obs_0000026347|obs_0000028939|obs_0000013602|obs_0000028963|obs_0000014682|obs_0000009054|obs_0000011624|obs_0000013165|obs_0000026494|obs_0000011174|obs_0000032769|obs_0000009734|obs_0000032774|obs_0000032275|obs_0000032279|obs_0000009268|obs_0000033843|obs_0000033845|obs_0000033348|obs_0000006243|obs_0000012904|obs_0000005290|obs_0000012473|obs_0000029373|obs_0000005856|obs_0000007920|obs_0000015116|obs_0000006943|obs_0000032036|obs_0000028459|obs_0000007503|obs_0000014679|obs_0000030078|obs_0000032141|obs_0000034246|obs_0000007114|obs_0000034448|obs_0000010779|obs_0000005670|obs_0000010285|obs_0000034863,obs_0000011788|obs_0000017459|obs_0000015972|obs_0000031850|obs_0000008329|obs_0000015523|obs_0000026290|obs_0000031924|obs_0000026347|obs_0000028939|obs_0000035065|obs_0000013602|obs_0000028963|obs_0000014682|obs_0000009054|obs_0000011624|obs_0000013165|obs_0000026494|obs_0000011174
Edelstahlschüssel mit Deckel und 3 Reibeinsätzen,Edelstahlschüssel mit Deckel und 3 Reibeinsätzen,"€ 12,99",,"pro Einheit = 12,99",,Nein,Gültig bis 04.04,2026-03-30,2026-04-04,../images/tegut/tegut_offer_194.jpg,cat_non_food,,,ref_000180,,
Basis Sensitiv Reinigungsmilch oder Waschgel,Lavera,"€ 4,99",,"pro Einheit = 5,99",,Nein,Gültig bis 04.04,2026-03-30,2026-04-04,../images/tegut/tegut_offer_195.jpg,cat_drogerie,,,ref_000181,obs_0000034054,
Basic Zahnbürste Original,Dr Best,"€ 1,29",,"pro Einheit = 1,49",,Nein,Gültig bis 04.04,2026-03-30,2026-04-04,../images/tegut/tegut_offer_196.jpg,"cat_drogerie,tag_ultra_processed",,,ref_000182,obs_0000028730|obs_0000020611|obs_0000012423|obs_0000006283|obs_0000026772|obs_0000026832|obs_0000028896|obs_0000035052|obs_0000027005|obs_0000027048|obs_0000021000|obs_0000008777|obs_0000021117|obs_0000008906|obs_0000015051|obs_0000021430|obs_0000025547|obs_0000033763|obs_0000017384|obs_0000013325|obs_0000019505|obs_0000031800|obs_0000025705|obs_0000009334|obs_0000015502|obs_0000027791|obs_0000033975|obs_0000021758|obs_0000009525|obs_0000021868|obs_0000017799|obs_0000026035|obs_0000022184|obs_0000020181|obs_0000034561|obs_0000009987|obs_0000028429|obs_0000034575|obs_0000016167|obs_0000020298|obs_0000028516|obs_0000010117|obs_0000014249|obs_0000028630|obs_0000016356,
Reichhaltige Body Milk,Nivea,"€ 3,99",,"1 l = 9,98",,Nein,Gültig bis 04.04,2026-03-30,2026-04-04,../images/tegut/tegut_offer_197.jpg,cat_drogerie,,,ref_000183,obs_0000014325|obs_0000033531|obs_0000034240|obs_0000000094|obs_0000033171,obs_0000014325
Flüssigseife oder Dusche Nachfüllpackung,Frosch,"€ 1,99",,"pro Einheit = 2,49",,Nein,Gültig bis 04.04,2026-03-30,2026-04-04,../images/tegut/tegut_offer_198.jpg,"cat_drogerie,tag_ultra_processed",,,ref_000184,obs_0000034059|obs_0000032797|obs_0000032947|obs_0000033172|obs_0000033199|obs_0000033371|obs_0000033374|obs_0000033378|obs_0000033522|obs_0000033579|obs_0000009084|obs_0000009217|obs_0000026063|obs_0000009697|obs_0000034665|obs_0000026834|obs_0000027449|obs_0000011621|obs_0000015973,
Deo Spray,Hidrofugal,"€ 3,49",,"1 l = 23,27",,Nein,Gültig bis 04.04,2026-03-30,2026-04-04,../images/tegut/tegut_offer_199.jpg,cat_drogerie,,,ref_000185,obs_0000013582|obs_0000032801|obs_0000011176|obs_0000031921|obs_0000012471|obs_0000033847|obs_0000013151|obs_0000012900|obs_0000014190|obs_0000014681|obs_0000012028|obs_0000010782,obs_0000013582|obs_0000013583|obs_0000032800|obs_0000032801|obs_0000011176|obs_0000031921|obs_0000012471|obs_0000033847|obs_0000013151|obs_0000012900|obs_0000014190
Schale,Schale,"€ 9,99",,"pro Einheit = 9,99",,Nein,Gültig bis 04.04,2026-03-30,2026-04-04,,cat_non_food,,BLS-G485100,ref_000186,obs_0000013387|obs_0000018222|obs_0000025397|obs_0000030047|obs_0000001722|obs_0000031609|obs_0000027002,
Shampoo oder Spülung,Nivea,"€ 2,49",,"pro Einheit = 2,99",,Nein,Gültig bis 04.04,2026-03-30,2026-04-04,../images/tegut/tegut_offer_201.jpg,cat_drogerie,,,ref_000187,obs_0000011609|obs_0000015518|obs_0000012017|obs_0000012465|obs_0000012896|obs_0000013405|obs_0000016129|obs_0000010773|obs_0000012018|obs_0000012696|obs_0000013613|obs_0000005485|obs_0000005852|obs_0000006589|obs_0000015098|obs_0000007501|obs_0000015963|obs_0000006246|obs_0000033398|obs_0000034239|obs_0000005671|obs_0000006393|obs_0000005296|obs_0000006051|obs_0000032840|obs_0000032877|obs_0000033059|obs_0000033092|obs_0000033133|obs_0000033168|obs_0000000446|obs_0000033215|obs_0000033227|obs_0000033237|obs_0000033244|obs_0000033372|obs_0000033460|obs_0000033529|obs_0000033623|obs_0000033649|obs_0000009325|obs_0000034052|obs_0000009494|obs_0000009796|obs_0000009955|obs_0000034662|obs_0000001916|obs_0000010154|obs_0000034854|obs_0000035066,obs_0000011609|obs_0000012017|obs_0000012465|obs_0000012896|obs_0000013405|obs_0000015518|obs_0000016129
Deospray,bruno banani,"€ 2,99",,"pro Einheit = 3,99",,Nein,Gültig bis 04.04,2026-03-30,2026-04-04,../images/tegut/tegut_offer_202.jpg,"cat_drogerie,diet_vegan",,,ref_000188,obs_0000033454|obs_0000015110|obs_0000032800|obs_0000026145|obs_0000031852|obs_0000003229|obs_0000026277|obs_0000032945|obs_0000033019|obs_0000027389|obs_0000013583|obs_0000035064|obs_0000033577|obs_0000002346|obs_0000034658|obs_0000026566|obs_0000034053|obs_0000032772|obs_0000032276|obs_0000034445|obs_0000005295|obs_0000029400|obs_0000031052|obs_0000005487|obs_0000029052|obs_0000030081|obs_0000032140|obs_0000014231|obs_0000008104|obs_0000003531|obs_0000033258|obs_0000034859|obs_0000033848|obs_0000033366|obs_0000015115|obs_0000013584|obs_0000033576|obs_0000007505|obs_0000033117|obs_0000033457|obs_0000033196|obs_0000034242|obs_0000032778|obs_0000029739|obs_0000025255|obs_0000021251|obs_0000020432|obs_0000007295,obs_0000032800|obs_0000026145|obs_0000031852|obs_0000003229|obs_0000026277|obs_0000033454|obs_0000032945|obs_0000033019|obs_0000027389|obs_0000015110|obs_0000013583|obs_0000035064|obs_0000033577|obs_0000002346|obs_0000007505|obs_0000034658|obs_0000026566
Geschirrreiniger Tabs,Somat,"€ 4,99",,"pro Einheit = 5,99",,Nein,Gültig bis 04.04,2026-03-30,2026-04-04,../images/tegut/tegut_offer_203.jpg,cat_drogerie,,,ref_000189,obs_0000013653|obs_0000008286|obs_0000010954|obs_0000016629|obs_0000029406|obs_0000032756,obs_0000033074|obs_0000013653|obs_0000008286
Spiritus Glasreiniger,Frosch,"€ 1,79",,"1 l = 3,58",,Nein,Gültig bis 04.04,2026-03-30,2026-04-04,../images/tegut/tegut_offer_204.jpg,cat_drogerie,,,ref_000190,obs_0000012058,
Hunde-Beefstick,Vitakraft,"€ 0,33",,"pro Einheit = 0,59",,Nein,Gültig bis 04.04,2026-03-30,2026-04-04,../images/tegut/tegut_offer_206.jpg,"cat_tiernahrung,tag_ultra_processed",,,ref_000191,obs_0000034255,obs_0000034255
bewährt Toilettenpapier,Zewa,"€ 2,99",,"pro Einheit = 3,99",,Nein,Gültig bis 04.04,2026-03-30,2026-04-04,../images/tegut/tegut_offer_207.jpg,cat_drogerie,,,ref_000192,obs_0000034065|obs_0000026693|obs_0000028891|obs_0000033004|obs_0000005861|obs_0000000527|obs_0000003599|obs_0000001568|obs_0000010282|obs_0000033855|obs_0000002116|obs_0000024163|obs_0000013932|obs_0000004745|obs_0000013454|obs_0000027323|obs_0000023741|obs_0000034994|obs_0000028373|obs_0000025816|obs_0000026332|obs_0000004318|obs_0000033514|obs_0000000748|obs_0000000261|obs_0000008992|obs_0000000809|obs_0000003891|obs_0000001341|obs_0000014665|obs_0000033636|obs_0000033135|obs_0000028024|obs_0000006587|obs_0000011770|obs_0000031352|obs_0000032143,obs_0000005861|obs_0000034065
Spülmittel,Fit,"€ 1,19",,"pro Einheit = 1,59",,Nein,Gültig bis 04.04,2026-03-30,2026-04-04,../images/tegut/tegut_offer_208.jpg,cat_drogerie,,,ref_000193,obs_0000033613|obs_0000027765|obs_0000026625|obs_0000033283|obs_0000026922|obs_0000033075|obs_0000032854|obs_0000008823|obs_0000033493|obs_0000018251|obs_0000022259|obs_0000033862|obs_0000010766|obs_0000015514,obs_0000026625|obs_0000033283|obs_0000026922|obs_0000033613|obs_0000033075|obs_0000027765|obs_0000032854|obs_0000008823|obs_0000033493
Küchentücher XL-Pack,Glücksblatt,"€ 4,44",,"pro Einheit = 5,49",,Nein,Gültig bis 04.04,2026-03-30,2026-04-04,../images/tegut/tegut_offer_209.jpg,cat_drogerie,,,ref_000194,obs_0000034086|obs_0000027452|obs_0000002895|obs_0000026500|obs_0000033405|obs_0000014417|obs_0000027217|obs_0000011370|obs_0000022123|obs_0000019566|obs_0000021115|obs_0000018046|obs_0000034463|obs_0000034991|obs_0000023316|obs_0000020296|obs_0000010070|obs_0000016235|obs_0000014197|obs_0000017283|obs_0000028044|obs_0000013759|obs_0000025544|obs_0000022515,obs_0000033405|obs_0000034086
Bio-Kräuterheu,Heu-Heinrich,"€ 1,99",,"pro Einheit = 2,49",,Nein,Gültig bis 04.04,2026-03-30,2026-04-04,../images/tegut/tegut_offer_210.jpg,"cat_obst_gemuese,diet_lactose_free,diet_vegan,diet_vegetarian,sub_milchprodukte",,,ref_000195,,
Gourmet Perle oder Gourmet A la Carte,Gourmet Perle oder Gourmet A la Carte,"€ 0,59",,"pro Einheit = 0,79",,Nein,Gültig bis 04.04,2026-03-30,2026-04-04,../images/tegut/tegut_offer_211.jpg,"cat_fleisch_wurst,tag_ultra_processed",,,ref_000196,obs_0000034669|obs_0000010523|obs_0000013668|obs_0000015117,
Bio-Hundenahrung,Ebbi,"€ 2,99",,"pro Einheit = 3,79",,Nein,Gültig bis 04.04,2026-03-30,2026-04-04,../images/tegut/tegut_offer_212.jpg,cat_tiernahrung,,,ref_000197,obs_0000034671|obs_0000034459|obs_0000009004|obs_0000026642|obs_0000035081|obs_0000011178|obs_0000027763|obs_0000031674|obs_0000031754|obs_0000015976,obs_0000034459|obs_0000034671
Weichspüler,Vernel,"€ 1,79",,"pro Einheit = 1,99",,Nein,Gültig bis 04.04,2026-03-30,2026-04-04,../images/tegut/tegut_offer_213.jpg,cat_drogerie,,,ref_000198,obs_0000010761|obs_0000015508|obs_0000012876|obs_0000026740|obs_0000013955|obs_0000003597|obs_0000019865|obs_0000032921|obs_0000015261|obs_0000019489|obs_0000020774|obs_0000009383|obs_0000013480|obs_0000031910|obs_0000033198|obs_0000020279|obs_0000021945|obs_0000008124|obs_0000027580|obs_0000028356|obs_0000010952|obs_0000011598|obs_0000025167|obs_0000032849|obs_0000016852|obs_0000031701|obs_0000022870|obs_0000021593|obs_0000026203|obs_0000014305|obs_0000023651|obs_0000021098|obs_0000009843|obs_0000006387|obs_0000034675|obs_0000016125|obs_0000033664|obs_0000033155|obs_0000001434|obs_0000032146|obs_0000032282|obs_0000006941|obs_0000005663|obs_0000005297|obs_0000030775|obs_0000029375|obs_0000007113|obs_0000008789|obs_0000005858|obs_0000012004,obs_0000013955|obs_0000010761|obs_0000003597|obs_0000015508|obs_0000019865|obs_0000032921|obs_0000015261|obs_0000019489|obs_0000020774|obs_0000009383|obs_0000013480|obs_0000031910|obs_0000033198|obs_0000020279|obs_0000021945|obs_0000008124|obs_0000027580|obs_0000029375|obs_0000028356|obs_0000010952|obs_0000012876|obs_0000011598|obs_0000025167|obs_0000032849|obs_0000016852|obs_0000031701|obs_0000022870|obs_0000021593|obs_0000026203|obs_0000014305|obs_0000005858|obs_0000023651|obs_0000021098|obs_0000006762|obs_0000009843|obs_0000006387|obs_0000026740|obs_0000034675|obs_0000016125|obs_0000033664
Edle Tropfen in Nuss,Trumpf,"€ 2,99",,"pro Einheit = 4,49",,Nein,Gültig bis 04.04,2026-03-30,2026-04-04,../images/tegut/tegut_offer_222.jpg,"cat_knabbern_naschen,diet_vegetarian,tag_ultra_processed",,,ref_000199,obs_0000014600|obs_0000015895|obs_0000008747|obs_0000000591,obs_0000014600|obs_0000015895
Grauer Burgunder Kabinett oder Spätburgunder trockener Weiß- oder Rotwein,Winzergenossenschaft Bötzingen,"€ 27,00",,"1 l = 6,00",,Nein,Gültig bis 04.04,2026-03-30,2026-04-04,../images/tegut/tegut_offer_223.jpg,"cat_getraenke,tag_ultra_processed",,,ref_000200,obs_0000034630|obs_0000035031|obs_0000034725|obs_0000034879|obs_0000014060|obs_0000035029|obs_0000015924,
Pralin s Trüffel,Lindt,"€ 8,88",,"1 kg = 49,33",,Nein,Gültig bis 04.04,2026-03-30,2026-04-04,../images/tegut/tegut_offer_224.jpg,"cat_knabbern_naschen,diet_vegetarian,tag_ultra_processed",,,ref_000201,obs_0000015896|obs_0000012860|obs_0000034397|obs_0000011766|obs_0000034394|obs_0000003198|obs_0000002395|obs_0000033274,
Borkenpralinen,tegut,"€ 2,49",,"pro Einheit = 2,79",,Nein,Gültig bis 04.04,2026-03-30,2026-04-04,../images/tegut/tegut_offer_225.jpg,"cat_obst_gemuese,diet_gluten_free,diet_lactose_free,diet_vegan,diet_vegetarian,tag_ultra_processed,tag_whole_food",,,ref_000202,,
Primitivo Merlot oder Pinot Grigio Chardonnay,Vitello,"€ 4,99",,"1 l = 6,65",,Nein,Gültig bis 04.04,2026-03-30,2026-04-04,../images/tegut/tegut_offer_226.jpg,cat_getraenke,,,ref_000203,obs_0000011137|obs_0000012435|obs_0000015925|obs_0000013822|obs_0000013340|obs_0000010750|obs_0000015080|obs_0000014113|obs_0000023227|obs_0000034286|obs_0000034040|obs_0000021890|obs_0000018693|obs_0000020741|obs_0000026501|obs_0000017557|obs_0000008375|obs_0000021560|obs_0000026185|obs_0000035022|obs_0000002164,
Küsschen,Ferrero,"€ 3,33",,"1 kg = 18,71",,Nein,Gültig bis 04.04,2026-03-30,2026-04-04,../images/tegut/tegut_offer_227.jpg,"cat_knabbern_naschen,diet_vegetarian,tag_ultra_processed",,BLS-D440500,ref_000204,obs_0000033892|obs_0000012388|obs_0000028524|obs_0000028639|obs_0000024703|obs_0000019298|obs_0000005652|obs_0000007279|obs_0000032119|obs_0000028144|obs_0000012387|obs_0000015291,obs_0000005652|obs_0000033892|obs_0000012388|obs_0000007279|obs_0000032119|obs_0000028144
Schaumküsse,Halloren O s,"€ 1,29",,"pro Einheit = 1,79",,Nein,Gültig bis 04.04,2026-03-30,2026-04-04,../images/tegut/tegut_offer_228.jpg,"cat_knabbern_naschen,diet_vegetarian",,,ref_000205,obs_0000020818|obs_0000025403|obs_0000021637,
Pralin s,Lindt,"€ 6,66",,"pro Einheit = 8,99",,Nein,Gültig bis 04.04,2026-03-30,2026-04-04,../images/tegut/tegut_offer_229.jpg,"cat_knabbern_naschen,tag_ultra_processed",,BLS-S610000,ref_000206,obs_0000015896|obs_0000012860|obs_0000034397|obs_0000011766|obs_0000034394|obs_0000008451|obs_0000009603|obs_0000013829|obs_0000014132|obs_0000008763|obs_0000010054|obs_0000013775|obs_0000012389|obs_0000011114|obs_0000012390|obs_0000006914|obs_0000006040|obs_0000032431|obs_0000014136|obs_0000019773|obs_0000030282|obs_0000032241|obs_0000021894|obs_0000021653|obs_0000032469|obs_0000020834|obs_0000008820|obs_0000012220|obs_0000006030|obs_0000006741,obs_0000006914|obs_0000015896|obs_0000006040|obs_0000012860|obs_0000034394|obs_0000034397|obs_0000011766
Riesling Sekt,Fürst von Metternich,"€ 5,99",,"pro Einheit = 9,49",,Nein,Gültig bis 04.04,2026-03-30,2026-04-04,../images/tegut/tegut_offer_230.jpg,cat_getraenke,,,ref_000207,obs_0000009903|obs_0000034224|obs_0000019561|obs_0000012437|obs_0000010911|obs_0000011590|obs_0000015699|obs_0000008047|obs_0000011802|obs_0000017436|obs_0000018465|obs_0000033828|obs_0000017456|obs_0000003634|obs_0000013889|obs_0000019009|obs_0000010309|obs_0000020555|obs_0000031833|obs_0000018037|obs_0000028281|obs_0000000122|obs_0000026289|obs_0000023255|obs_0000027358|obs_0000018687|obs_0000019740|obs_0000016680|obs_0000015666|obs_0000014644|obs_0000024889|obs_0000026425|obs_0000034633|obs_0000025421|obs_0000008015|obs_0000027487|obs_0000021374|obs_0000012694|obs_0000002457|obs_0000022430|obs_0000025002|obs_0000001461|obs_0000003513|obs_0000026048,obs_0000009903|obs_0000034224
Bio-Wein,demeter tegut,"€ 3,99",,"1 l = 5,32",,Nein,Gültig bis 04.04,2026-03-30,2026-04-04,../images/tegut/tegut_offer_231.jpg,"cat_obst_gemuese,diet_gluten_free,diet_lactose_free,diet_vegan,diet_vegetarian,sub_frisches_gemuese,tag_whole_food",,,ref_000208,obs_0000034427|obs_0000030946|obs_0000031256|obs_0000034424|obs_0000010394|obs_0000006015|obs_0000006548|obs_0000005997|obs_0000005630,obs_0000034427
