Produkt,Marke,Preis,Vorheriger Preis,Preis_kg,RAW_Preis_kg,Hinweis,Nur_online,Gueltig_raw,Gueltig_von,Gueltig_bis,Bildpfad,assigned_labels,Einheit,nutrition_link,reference_row_id,rough_match_observation_ids,exact_match_observation_ids,brand_extracted,brand_normalized
Weißbier,Paulaner,"€ 13,99",,"1 l = 1,40","1 l = 1,40",,Nein,Gültig bis 18.04,2026-04-13,2026-04-18,../images/tegut/tegut_offer_001.jpg,"cat_getraenke,tag_ultra_processed",,,ref_000001,obs_0000031388|obs_0000028962|obs_0000028970|obs_0000031751|obs_0000031911|obs_0000034223|obs_0000027336|obs_0000028367|obs_0000028886|obs_0000035037|obs_0000012695|obs_0000010542|obs_0000013688|obs_0000008097|obs_0000011999|obs_0000010083|obs_0000028019|obs_0000032260|obs_0000015499|obs_0000005647|obs_0000031384|obs_0000029081|obs_0000012447|obs_0000034839|obs_0000027553|obs_0000013351|obs_0000006569|obs_0000030899|obs_0000035046|obs_0000005831|obs_0000032731|obs_0000007677|obs_0000000862|obs_0000030558|obs_0000031617|obs_0000011368|obs_0000015092|obs_0000030399|obs_0000029440|obs_0000029258|obs_0000007888,obs_0000032260|obs_0000031751|obs_0000029081|obs_0000031898|obs_0000031388|obs_0000028962|obs_0000031911|obs_0000028970|obs_0000034223|obs_0000005831|obs_0000027336|obs_0000028367|obs_0000028886|obs_0000007677|obs_0000028797|obs_0000035037,,
Saint Albray,Saint Albray,"€ 2,22",,"1 kg = 12,33","1 kg = 12,33",,Nein,Gültig bis 18.04,2026-04-13,2026-04-18,../images/tegut/tegut_offer_002.jpg,"cat_molkerei_kaese,sub_kaese,sub_milchprodukte",,,ref_000002,obs_0000033917|obs_0000034801|obs_0000029458|obs_0000030801|obs_0000005537|obs_0000007556|obs_0000032064|obs_0000030146,obs_0000029458|obs_0000033917|obs_0000030801|obs_0000034801,,
Schokolade,Alpia,"€ 0,99",,"pro Einheit = 1,69","pro Einheit = 1,69",,Nein,Gültig bis 18.04,2026-04-13,2026-04-18,../images/tegut/tegut_offer_003.jpg,"cat_knabbern_naschen,diet_vegetarian,tag_ultra_processed",,BLS-S500000,ref_000003,obs_0000034411|obs_0000010522|obs_0000011783|obs_0000015893|obs_0000027700|obs_0000013879|obs_0000028232|obs_0000013394|obs_0000028244|obs_0000028249|obs_0000000091|obs_0000015454|obs_0000004705|obs_0000034408|obs_0000031849|obs_0000017539|obs_0000025221|obs_0000000138|obs_0000025739|obs_0000008861|obs_0000015026|obs_0000004278|obs_0000017595|obs_0000021699|obs_0000017605|obs_0000034013|obs_0000000230|obs_0000018155|obs_0000003326|obs_0000004873|obs_0000018698|obs_0000003851|obs_0000014104|obs_0000002336|obs_0000033056|obs_0000031011|obs_0000021291|obs_0000016691|obs_0000004446|obs_0000011112|obs_0000008595|obs_0000008610|obs_0000004019|obs_0000006579|obs_0000010166|obs_0000012219|obs_0000026556|obs_0000009149|obs_0000017857|obs_0000022979,obs_0000011783|obs_0000015893|obs_0000027700|obs_0000013879|obs_0000028232|obs_0000013394|obs_0000028244|obs_0000028249|obs_0000000091|obs_0000015454|obs_0000004705|obs_0000034408|obs_0000031849|obs_0000034411|obs_0000017539|obs_0000025221|obs_0000000138|obs_0000025739|obs_0000008861|obs_0000015026|obs_0000004278|obs_0000017595|obs_0000021699|obs_0000017605|obs_0000034013|obs_0000000230|obs_0000018155|obs_0000003326|obs_0000004873|obs_0000018698|obs_0000003851|obs_0000014104|obs_0000010522|obs_0000002336|obs_0000033056|obs_0000031011|obs_0000021291|obs_0000016691|obs_0000004446|obs_0000011112|obs_0000008595|obs_0000008610|obs_0000004019|obs_0000006579|obs_0000010166|obs_0000012219|obs_0000026556|obs_0000009149|obs_0000017857|obs_0000022979,,
Auslese,Melitta,"€ 5,99",,"pro Einheit = 9,29","pro Einheit = 9,29",,Nein,Gültig bis 18.04,2026-04-13,2026-04-18,../images/tegut/tegut_offer_004.jpg,"cat_getraenke,diet_gluten_free,diet_lactose_free,diet_vegan,diet_vegetarian",,BLS-D793100,ref_000004,obs_0000034106|obs_0000035115|obs_0000014215|obs_0000018585|obs_0000025626|obs_0000026267|obs_0000031774|obs_0000008737|obs_0000032948|obs_0000017488|obs_0000008547|obs_0000031843|obs_0000027254|obs_0000016511|obs_0000009364|obs_0000003613|obs_0000009825|obs_0000032646|obs_0000029713|obs_0000005795|obs_0000030782|obs_0000031174|obs_0000032103|obs_0000018576|obs_0000029238|obs_0000030139|obs_0000029249|obs_0000011953|obs_0000032388|obs_0000031251,obs_0000034106|obs_0000035115,,
Finesse,Herta,"€ 1,49",,"1 kg = 14,90","1 kg = 14,90",,Nein,Gültig bis 18.04,2026-04-13,2026-04-18,../images/tegut/tegut_offer_005.jpg,"cat_non_food,tag_ultra_processed",,,ref_000005,obs_0000002709|obs_0000020896|obs_0000023749|obs_0000021835|obs_0000023266|obs_0000024171|obs_0000020077|obs_0000031285|obs_0000001982|obs_0000015760|obs_0000014378|obs_0000010437|obs_0000016222|obs_0000019938|obs_0000000121|obs_0000012666|obs_0000024891|obs_0000031942|obs_0000030157|obs_0000032367,obs_0000002709|obs_0000020896|obs_0000031285|obs_0000001982|obs_0000023749|obs_0000021835|obs_0000023266|obs_0000024171|obs_0000020077,,
Balkan Fladenbrot,Balkan Fladenbrot,"€ 0,99",,"pro Einheit = 1,49","pro Einheit = 1,49",,Nein,Gültig bis 18.04,2026-04-13,2026-04-18,../images/tegut/tegut_offer_006.jpg,"cat_grundnahrung,diet_vegetarian,tag_whole_food",,,ref_000006,obs_0000034562|obs_0000023177|obs_0000011084|obs_0000031601|obs_0000009019,obs_0000034562,,
Seelachsfilet,Seelachsfilet,"€ 1,99",,"pro Einheit = 1,99","pro Einheit = 1,99",,Nein,Gültig bis 18.04,2026-04-13,2026-04-18,../images/tegut/tegut_offer_007.jpg,"cat_fisch_meeresfruechte,tag_high_protein,tag_proteinreich",,,ref_000007,obs_0000033683|obs_0000008774|obs_0000015372|obs_0000034936|obs_0000014038|obs_0000031739|obs_0000005403|obs_0000007212,obs_0000008774|obs_0000015372|obs_0000034936|obs_0000033683|obs_0000014038|obs_0000031739,,
Champignons weiß,tegut,"€ 0,99",,"1 kg = 3,96","1 kg = 3,96",,Nein,Gültig bis 18.04,2026-04-13,2026-04-18,../images/tegut/tegut_offer_008.jpg,"cat_obst_gemuese,diet_gluten_free,diet_lactose_free,diet_vegan,diet_vegetarian,sub_frisches_gemuese,sub_pilze,tag_whole_food",,BLS-K701100,ref_000008,obs_0000000877|obs_0000031799|obs_0000027747|obs_0000014978|obs_0000027283|obs_0000014046|obs_0000001277|obs_0000028450|obs_0000008021|obs_0000026991|obs_0000005123|obs_0000007133,obs_0000000877,,
Hähnchenbrustfilet-Teilstücke,tegut,"€ 4,99",,"1 kg = 4,99","1 kg = 4,99",,Nein,Gültig bis 18.04,2026-04-13,2026-04-18,../images/tegut/tegut_offer_009.jpg,"cat_fleisch_wurst,diet_gluten_free,diet_lactose_free,sub_gefluegel,tag_high_protein,tag_proteinreich,tag_whole_food",,NUTR-0002,ref_000009,obs_0000034103|obs_0000001079|obs_0000011003|obs_0000015747|obs_0000012279|obs_0000008219|obs_0000009849|obs_0000009388|obs_0000027673|obs_0000026273|obs_0000010961|obs_0000005613|obs_0000002542,obs_0000008219|obs_0000001079|obs_0000009849|obs_0000009388|obs_0000011003|obs_0000034103|obs_0000015747|obs_0000012279,,
Nuss-Nougat oder Zartbitter Creme,tegut,"€ 2,69",,"1 kg = 6,73","1 kg = 6,73",,Nein,Gültig bis 18.04,2026-04-13,2026-04-18,../images/tegut/tegut_offer_010.jpg,"cat_knabbern_naschen,sub_milchprodukte,tag_ultra_processed",,,ref_000010,obs_0000009860|obs_0000018094|obs_0000011096|obs_0000027589|obs_0000030263|obs_0000002265|obs_0000027131|obs_0000003358|obs_0000033360|obs_0000013141,,,
Fl tes Torbellinos,tegut,"€ 1,69",,"1 kg = 11,27","1 kg = 11,27",,Nein,Gültig bis 18.04,2026-04-13,2026-04-18,../images/tegut/tegut_offer_011.jpg,"cat_grundnahrung,diet_gluten_free,diet_lactose_free,diet_vegan,diet_vegetarian,tag_ultra_processed,tag_whole_food",,,ref_000011,,,,
Junge Erbsen Rosenkohl oder Rahmspinat,tegut,"€ 1,29",,"1 kg = 4,30","1 kg = 4,30",,Nein,Gültig bis 18.04,2026-04-13,2026-04-18,../images/tegut/tegut_offer_012.jpg,"cat_grundnahrung,diet_gluten_free,diet_lactose_free,diet_vegan,diet_vegetarian,sub_huelsenfruechte,tag_whole_food",,,ref_000012,obs_0000028213|obs_0000004704|obs_0000009857|obs_0000033924|obs_0000007320|obs_0000025776|obs_0000009396|obs_0000004277|obs_0000031935|obs_0000000707|obs_0000018116|obs_0000004817|obs_0000000229|obs_0000026369|obs_0000003850|obs_0000028443|obs_0000004390|obs_0000029489|obs_0000003388|obs_0000007999|obs_0000027981|obs_0000002424|obs_0000003963|obs_0000005516|obs_0000005524|obs_0000025001|obs_0000027571|obs_0000007130|obs_0000027103,,,
Tortilla Chips oder Erdnussflips,tegut,"€ 1,11",,"1 kg = 5,55","1 kg = 5,55",,Nein,Gültig bis 18.04,2026-04-13,2026-04-18,../images/tegut/tegut_offer_013.jpg,"cat_knabbern_naschen,sub_huelsenfruechte,tag_ultra_processed",,,ref_000013,obs_0000026827|obs_0000015272|obs_0000033655|obs_0000034193|obs_0000035109|obs_0000026957|obs_0000002584|obs_0000011110|obs_0000003161|obs_0000014349|obs_0000014595|obs_0000023296|obs_0000031705,,,
Mozzarella Gouda oder Emmentaler Reibekäse,tegut,"€ 1,79",,"pro Einheit = 1,99","pro Einheit = 1,99",,Nein,Gültig bis 18.04,2026-04-13,2026-04-18,../images/tegut/tegut_offer_014.jpg,"cat_molkerei_kaese,sub_kaese,sub_milchprodukte",,,ref_000014,obs_0000034980|obs_0000018479|obs_0000004167|obs_0000022609|obs_0000008365|obs_0000034978|obs_0000002340|obs_0000024894|obs_0000000437|obs_0000004594|obs_0000023202|obs_0000011043|obs_0000000816|obs_0000009063|obs_0000009077|obs_0000005021|obs_0000027551|obs_0000025531|obs_0000027613|obs_0000031831|obs_0000033882|obs_0000031880|obs_0000023806|obs_0000003383|obs_0000003417|obs_0000022007|obs_0000001559|obs_0000001647|obs_0000018031|obs_0000024234|obs_0000028379|obs_0000022237|obs_0000022241|obs_0000010030|obs_0000022394|obs_0000018366|obs_0000016326|obs_0000022485|obs_0000018426|obs_0000018430,,,
Delikatess Wiener,LandPrimus tegut,"€ 2,79",,"1 kg = 13,95","1 kg = 13,95",,Nein,Gültig bis 18.04,2026-04-13,2026-04-18,../images/tegut/tegut_offer_015.jpg,"cat_fleisch_wurst,diet_vegetarian,sub_wurst,tag_ultra_processed",,,ref_000015,obs_0000034466|obs_0000034490|obs_0000033778|obs_0000022620|obs_0000022639|obs_0000024212|obs_0000019624|obs_0000025257|obs_0000020658|obs_0000023787|obs_0000025855|obs_0000025857|obs_0000025858|obs_0000021769|obs_0000019218|obs_0000034160|obs_0000021477|obs_0000031788|obs_0000024645|obs_0000024211|obs_0000023785|obs_0000025856|obs_0000024650,obs_0000034466|obs_0000034490|obs_0000033778,,
Fruchtaufstrich Erdbeere,tegut,"€ 2,49",,"pro Einheit = 2,79","pro Einheit = 2,79",,Nein,Gültig bis 18.04,2026-04-13,2026-04-18,../images/tegut/tegut_offer_016.jpg,"cat_grundnahrung,diet_lactose_free,diet_vegan,diet_vegetarian,sub_huelsenfruechte",,BLS-S131100,ref_000016,obs_0000011341|obs_0000008800|obs_0000029311|obs_0000016747|obs_0000013209,,,
Gurken,tegut,"€ 1,59",,"pro Einheit = 1,99","pro Einheit = 1,99",,Nein,Gültig bis 18.04,2026-04-13,2026-04-18,../images/tegut/tegut_offer_017.jpg,"cat_obst_gemuese,diet_gluten_free,diet_lactose_free,diet_vegan,diet_vegetarian,sub_frisches_gemuese,tag_whole_food",,BLS-G520100,ref_000017,obs_0000026810|obs_0000017251|obs_0000028052|obs_0000015409|obs_0000005701|obs_0000005710|obs_0000007373|obs_0000021205|obs_0000005373|obs_0000028423|obs_0000034112|obs_0000007007|obs_0000027526|obs_0000020386|obs_0000034736|obs_0000005122|obs_0000006420|obs_0000030313|obs_0000005323|obs_0000025866,obs_0000026810|obs_0000017251|obs_0000028052,,
Rivaner Dornfelder oder Spätburgunder Ros,tegut,"€ 2,99",,"1 l = 3,99","1 l = 3,99",,Nein,Gültig bis 18.04,2026-04-13,2026-04-18,../images/tegut/tegut_offer_018.jpg,"cat_getraenke,tag_ultra_processed",,,ref_000018,obs_0000003683|obs_0000034426|obs_0000035025|obs_0000034628|obs_0000026142|obs_0000015924|obs_0000008300|obs_0000010349|obs_0000008303|obs_0000015078|obs_0000035051|obs_0000019755|obs_0000007981|obs_0000034629|obs_0000010748,,,
Bio-Tee Basics,tegut,"€ 1,49",,"pro Einheit = 1,99","pro Einheit = 1,99",,Nein,Gültig bis 18.04,2026-04-13,2026-04-18,,"cat_grundnahrung,diet_gluten_free,diet_lactose_free,diet_vegan,diet_vegetarian,tag_whole_food",,,ref_000019,obs_0000033693|obs_0000032968|obs_0000033499|obs_0000027244|obs_0000011596|obs_0000020481|obs_0000021300|obs_0000013530|obs_0000021786|obs_0000022871|obs_0000015022|obs_0000031795|obs_0000015944|obs_0000007996|obs_0000009037|obs_0000034399|obs_0000016641|obs_0000008687|obs_0000025412|obs_0000018054|obs_0000026894|obs_0000018960|obs_0000028312|obs_0000020428|obs_0000021247|obs_0000022129|obs_0000014277|obs_0000023245|obs_0000023661,,,
Cantuccini,tegut,"€ 2,22",,"pro Einheit = 2,99","pro Einheit = 2,99",,Nein,Gültig bis 18.04,2026-04-13,2026-04-18,../images/tegut/tegut_offer_020.jpg,"cat_grundnahrung,diet_gluten_free,diet_vegan,diet_vegetarian,tag_whole_food",,,ref_000020,obs_0000019589|obs_0000023173|obs_0000011541|obs_0000024553|obs_0000016826,obs_0000019589|obs_0000023173|obs_0000011541|obs_0000024553,,
Eiernudeln,tegut,"€ 1,69",,"pro Einheit = 1,99","pro Einheit = 1,99",,Nein,Gültig bis 18.04,2026-04-13,2026-04-18,../images/tegut/tegut_offer_021.jpg,"cat_grundnahrung,diet_gluten_free,diet_lactose_free,diet_vegan,diet_vegetarian,sub_kartoffeln,sub_nudeln,tag_whole_food",,BLS-C559000,ref_000021,obs_0000033697|obs_0000011936|obs_0000027849|obs_0000013631,obs_0000033697,,
Feinkostsalat,tegut,"€ 1,99",,"pro Einheit = 2,49","pro Einheit = 2,49",,Nein,Gültig bis 18.04,2026-04-13,2026-04-18,,"cat_obst_gemuese,diet_gluten_free,diet_lactose_free,diet_vegan,diet_vegetarian,sub_frisches_gemuese,sub_salate,sub_wurst,tag_whole_food",,,ref_000022,obs_0000014526|obs_0000016105|obs_0000013183|obs_0000000908|obs_0000034765|obs_0000034340|obs_0000034940|obs_0000033951,obs_0000014526|obs_0000016105|obs_0000013183|obs_0000000908|obs_0000034765,,
Kartoffelpuffer,tegut,"€ 2,22",,"pro Einheit = 2,79","pro Einheit = 2,79",,Nein,Gültig bis 18.04,2026-04-13,2026-04-18,,"cat_obst_gemuese,diet_gluten_free,diet_lactose_free,diet_vegan,diet_vegetarian,sub_frisches_gemuese,sub_kartoffeln,tag_ultra_processed,tag_whole_food",,BLS-W380300,ref_000023,obs_0000034186|obs_0000022806,obs_0000022806|obs_0000034186,,
Backofen Pommes Frites,tegut,"€ 1,79",,"1 kg = 2,39","1 kg = 2,39",,Nein,Gültig bis 18.04,2026-04-13,2026-04-18,../images/tegut/tegut_offer_024.jpg,"cat_grundnahrung,diet_vegetarian,tag_ultra_processed",,,ref_000024,obs_0000034081|obs_0000003690|obs_0000000182|obs_0000027369|obs_0000026377|obs_0000000823|obs_0000009805|obs_0000009335|obs_0000018274|obs_0000003556|obs_0000020548|obs_0000021782|obs_0000021367,obs_0000034081,,
Schweinegeschnetzeltes,LandPrimus,"€ 0,99",,"pro Einheit = 0,99","pro Einheit = 0,99",,Nein,Gültig bis 18.04,2026-04-13,2026-04-18,../images/tegut/tegut_offer_025.jpg,"cat_fleisch_wurst,sub_schwein,tag_high_protein",,BLS-Y144512,ref_000025,obs_0000033946|obs_0000027179|obs_0000034756|obs_0000034543|obs_0000030798|obs_0000008419,obs_0000033946|obs_0000027179|obs_0000034756|obs_0000034543,,
Almighurt,Ehrmann,"€ 1,11",,"pro Einheit = 2,39","pro Einheit = 2,39",,Nein,Gültig bis 18.04,2026-04-13,2026-04-18,../images/tegut/tegut_offer_026.jpg,"cat_molkerei_kaese,diet_vegetarian,sub_joghurt_skyr_quark,sub_milchprodukte",,,ref_000026,obs_0000003093|obs_0000013502|obs_0000031451|obs_0000004902|obs_0000001348|obs_0000000360|obs_0000028525|obs_0000022905|obs_0000004475|obs_0000014217|obs_0000012194|obs_0000033699|obs_0000015270|obs_0000004048|obs_0000028641|obs_0000000497|obs_0000000513|obs_0000027740|obs_0000033915|obs_0000034514|obs_0000007335|obs_0000005336|obs_0000005901|obs_0000032555|obs_0000032081|obs_0000030116,obs_0000003093|obs_0000007335|obs_0000013502|obs_0000005336|obs_0000031451|obs_0000005901|obs_0000004902|obs_0000032555|obs_0000001348|obs_0000032081|obs_0000000360|obs_0000028525|obs_0000022905|obs_0000004475|obs_0000014217|obs_0000012194|obs_0000033699|obs_0000030116|obs_0000015270|obs_0000004048|obs_0000028641|obs_0000000497,,
Salami-Teller,Wiltmann,"€ 1,19",,"pro Einheit = 1,19","pro Einheit = 1,19",,Nein,Gültig bis 18.04,2026-04-13,2026-04-18,../images/tegut/tegut_offer_027.jpg,"cat_fleisch_wurst,sub_wurst,tag_ultra_processed",,,ref_000027,obs_0000033878|obs_0000034974|obs_0000011010|obs_0000002611|obs_0000010316|obs_0000014932|obs_0000019030|obs_0000028273|obs_0000005781|obs_0000023205|obs_0000003239|obs_0000019666|obs_0000016602|obs_0000008425|obs_0000021226|obs_0000003307|obs_0000002285|obs_0000012554|obs_0000025355|obs_0000026898|obs_0000017184|obs_0000007987|obs_0000025934|obs_0000008039|obs_0000016755|obs_0000034176|obs_0000002957|obs_0000020407|obs_0000016328|obs_0000017375|obs_0000031198|obs_0000010234,obs_0000033878,,
Fun alkoholfrei,Jever,"€ 11,99",,"pro Einheit = 17,49","pro Einheit = 17,49",,Nein,Gültig bis 18.04,2026-04-13,2026-04-18,../images/tegut/tegut_offer_028.jpg,cat_getraenke,,BLS-N014000,ref_000028,obs_0000028370|obs_0000026579|obs_0000015940|obs_0000015085|obs_0000011769|obs_0000011150|obs_0000034225,obs_0000028370|obs_0000026579,,
Schnittkäse,Leerdammer,"€ 1,69",,"pro Einheit = 2,89","pro Einheit = 2,89",,Nein,Gültig bis 18.04,2026-04-13,2026-04-18,../images/tegut/tegut_offer_029.jpg,"cat_molkerei_kaese,sub_kaese,sub_milchprodukte,tag_ultra_processed",,,ref_000029,obs_0000010264|obs_0000021017|obs_0000028709|obs_0000014122|obs_0000028586|obs_0000025651|obs_0000013876|obs_0000008758|obs_0000008137|obs_0000020198|obs_0000008439|obs_0000028921|obs_0000008191|obs_0000011781|obs_0000012809|obs_0000010636|obs_0000012331|obs_0000013885|obs_0000015813|obs_0000015689|obs_0000000718|obs_0000014031|obs_0000011474|obs_0000025815|obs_0000011357|obs_0000014959|obs_0000034813|obs_0000010254|obs_0000015385|obs_0000013478|obs_0000033772|obs_0000013972,obs_0000010264|obs_0000021017|obs_0000028709|obs_0000014122|obs_0000028586|obs_0000025651|obs_0000013876|obs_0000008758|obs_0000008137|obs_0000020198|obs_0000008439|obs_0000028921|obs_0000008191,,
Bio-Kiwis,tegut,"€ 1,00",,"pro Einheit = 1,00","pro Einheit = 1,00",,Nein,Gültig bis 18.04,2026-04-13,2026-04-18,../images/tegut/tegut_offer_030.jpg,"cat_obst_gemuese,diet_gluten_free,diet_lactose_free,diet_vegan,diet_vegetarian,sub_exoten,sub_frisches_obst,tag_whole_food",,,ref_000030,obs_0000033933|obs_0000033704|obs_0000034304|obs_0000034532|obs_0000011815|obs_0000012261|obs_0000030957|obs_0000031135|obs_0000005317,obs_0000033933,,
Pfannengericht,Frosta,"€ 2,79",,"pro Einheit = 4,79","pro Einheit = 4,79",,Nein,Gültig bis 18.04,2026-04-13,2026-04-18,../images/tegut/tegut_offer_031.jpg,"cat_tiefkuehl,sub_nudeln,sub_tk_fertiggerichte,tag_ultra_processed",,,ref_000031,obs_0000030161|obs_0000005389|obs_0000007388,obs_0000030161,,
Mini Gurken,Mini Gurken,"€ 0,49",,"pro Einheit = 0,49","pro Einheit = 0,49",,Nein,Gültig bis 18.04,2026-04-13,2026-04-18,../images/tegut/tegut_offer_032.jpg,"cat_obst_gemuese,diet_gluten_free,diet_lactose_free,diet_vegan,diet_vegetarian,sub_frisches_gemuese,tag_whole_food",,BLS-G520100,ref_000032,obs_0000034112|obs_0000034736|obs_0000005701|obs_0000005710|obs_0000028423|obs_0000005122|obs_0000012328|obs_0000026810|obs_0000006379|obs_0000006420|obs_0000010932|obs_0000017251|obs_0000017530|obs_0000028052|obs_0000026024|obs_0000018128|obs_0000016216|obs_0000005323,obs_0000034913|obs_0000031588|obs_0000027526|obs_0000034112|obs_0000005701|obs_0000005710|obs_0000028423|obs_0000034736,,
Kapkörbchen Osteospermum,Kapkörbchen Osteospermum,"€ 2,99",,"pro Einheit = 2,99","pro Einheit = 2,99",,Nein,Gültig bis 18.04,2026-04-13,2026-04-18,../images/tegut/tegut_offer_033.jpg,"cat_fleisch_wurst,tag_ultra_processed",,,ref_000033,,,,
Bio-Paprika rot,demeter oder Naturland,"€ 2,99",,"1 kg = 7,48","1 kg = 7,48",,Nein,Gültig bis 18.04,2026-04-13,2026-04-18,../images/tegut/tegut_offer_034.jpg,"cat_obst_gemuese,diet_gluten_free,diet_lactose_free,diet_vegan,diet_vegetarian,sub_frisches_gemuese,tag_whole_food",,,ref_000034,obs_0000033709|obs_0000000499|obs_0000026240|obs_0000026665|obs_0000034909|obs_0000002309|obs_0000027930|obs_0000003697|obs_0000008120|obs_0000033925|obs_0000009496|obs_0000034308|obs_0000009958|obs_0000010558|obs_0000013415|obs_0000031630,obs_0000033709,,
Cherrystrauchtomaten,Cherrystrauchtomaten,"€ 0,99",,"pro Einheit = 0,99","pro Einheit = 0,99",,Nein,Gültig bis 18.04,2026-04-13,2026-04-18,../images/tegut/tegut_offer_035.jpg,"cat_obst_gemuese,diet_gluten_free,diet_lactose_free,diet_vegan,diet_vegetarian,sub_frisches_gemuese,tag_whole_food",,,ref_000035,obs_0000024533|obs_0000025197|obs_0000019545|obs_0000018714|obs_0000019963|obs_0000034526,obs_0000025197|obs_0000024533|obs_0000019545|obs_0000018714|obs_0000019963|obs_0000034526,,
Bio-Rucola,Demetr,"€ 1,99",,"1 kg = 24,88","1 kg = 24,88",,Nein,Gültig bis 18.04,2026-04-13,2026-04-18,../images/tegut/tegut_offer_036.jpg,"cat_obst_gemuese,diet_gluten_free,diet_lactose_free,diet_vegan,diet_vegetarian,sub_frisches_gemuese,tag_ultra_processed,tag_whole_food",,BLS-G130100,ref_000036,obs_0000033923|obs_0000028749|obs_0000029203|obs_0000029500|obs_0000001300|obs_0000001874|obs_0000034818|obs_0000030142|obs_0000031672|obs_0000005712|obs_0000005708|obs_0000005890|obs_0000005895,obs_0000033923|obs_0000028749|obs_0000029203|obs_0000029500,,
Bio-Kartoffeln,tegut,"€ 1,99",,"1 kg = 1,33","1 kg = 1,33",,Nein,Gültig bis 18.04,2026-04-13,2026-04-18,../images/tegut/tegut_offer_037.jpg,"cat_obst_gemuese,diet_gluten_free,diet_lactose_free,diet_vegan,diet_vegetarian,sub_frisches_gemuese,sub_kartoffeln,tag_ultra_processed,tag_whole_food",,,ref_000037,obs_0000034698|obs_0000033913,obs_0000034698,,
Zucchini,Zucchini,"€ 1,49",,"1 kg = 2,98","1 kg = 2,98",,Nein,Gültig bis 18.04,2026-04-13,2026-04-18,../images/tegut/tegut_offer_038.jpg,"cat_fleisch_wurst,diet_vegetarian,tag_ultra_processed",,BLS-G582100,ref_000038,obs_0000021829|obs_0000016265|obs_0000007131|obs_0000018752|obs_0000031457|obs_0000013900|obs_0000005522,obs_0000021829|obs_0000016265|obs_0000007131|obs_0000018752,,
Erdbeer-Pflanze,Erdbeer-Pflanze,"€ 2,99",,"pro Einheit = 2,99","pro Einheit = 2,99",,Nein,Gültig bis 18.04,2026-04-13,2026-04-18,../images/tegut/tegut_offer_039.jpg,"cat_non_food,diet_lactose_free,diet_vegan,diet_vegetarian",,,ref_000039,,,,
Deutsche Erdbeeren,Deutsche Erdbeeren,"€ 3,99",,"1 kg = 9,98","1 kg = 9,98",,Nein,Gültig bis 18.04,2026-04-13,2026-04-18,,"cat_obst_gemuese,diet_gluten_free,diet_lactose_free,diet_vegan,diet_vegetarian,sub_frisches_obst,tag_whole_food",,,ref_000040,obs_0000022919|obs_0000006408|obs_0000030617|obs_0000027419|obs_0000031261|obs_0000029494|obs_0000030915|obs_0000024529|obs_0000031576|obs_0000030564|obs_0000031462|obs_0000000875|obs_0000006265|obs_0000032512,,,
Götterfrucht Orangen,Götterfrucht Orangen,"€ 2,99",,"pro Einheit = 2,99","pro Einheit = 2,99",,Nein,Gültig bis 18.04,2026-04-13,2026-04-18,,"cat_obst_gemuese,diet_gluten_free,diet_lactose_free,diet_vegan,diet_vegetarian,sub_frisches_obst,tag_ultra_processed,tag_whole_food",,,ref_000041,obs_0000034315|obs_0000033934|obs_0000024463|obs_0000028048|obs_0000008977|obs_0000021906|obs_0000031118|obs_0000028056|obs_0000014361|obs_0000029592|obs_0000024992|obs_0000025768|obs_0000019119|obs_0000008755|obs_0000010164|obs_0000034743|obs_0000026554|obs_0000009787|obs_0000032059|obs_0000032323|obs_0000016457|obs_0000029131|obs_0000027858|obs_0000027355|obs_0000029277|obs_0000009316|obs_0000030565|obs_0000030827|obs_0000017005|obs_0000031473|obs_0000029823,obs_0000034315|obs_0000033934,,
Bio-Heidelbeeren,Bio-Heidelbeeren,"€ 2,99",,"1 kg = 23,92","1 kg = 23,92",,Nein,Gültig bis 18.04,2026-04-13,2026-04-18,../images/tegut/tegut_offer_042.jpg,"cat_obst_gemuese,diet_gluten_free,diet_lactose_free,diet_vegan,diet_vegetarian,sub_frisches_obst,tag_whole_food",,,ref_000042,obs_0000034319|obs_0000030138|obs_0000030472|obs_0000022353|obs_0000030919|obs_0000005692|obs_0000006958|obs_0000000051|obs_0000016699|obs_0000000695|obs_0000025384|obs_0000000880|obs_0000033682|obs_0000033918|obs_0000025769|obs_0000034122|obs_0000001513|obs_0000026376|obs_0000026698|obs_0000034918|obs_0000019143|obs_0000002819|obs_0000027502|obs_0000003000|obs_0000003088|obs_0000027788|obs_0000028260|obs_0000029138|obs_0000030262|obs_0000030560|obs_0000031149|obs_0000007729|obs_0000032326|obs_0000032523,obs_0000034319|obs_0000030138|obs_0000030472|obs_0000022353|obs_0000030919,,
Bio-Pausenäpfel,Bio-Pausenäpfel,"€ 2,99",,"pro Einheit = 2,99","pro Einheit = 2,99",,Nein,Gültig bis 18.04,2026-04-13,2026-04-18,../images/tegut/tegut_offer_043.jpg,"cat_obst_gemuese,diet_gluten_free,diet_lactose_free,diet_vegan,diet_vegetarian,sub_frisches_obst,tag_whole_food",,BLS-F110100,ref_000043,obs_0000034120|obs_0000034739|obs_0000034921,obs_0000034120|obs_0000034739|obs_0000034921,,
Avocados,Avocados,"€ 1,99",,"pro Einheit = 1,99","pro Einheit = 1,99",,Nein,Gültig bis 18.04,2026-04-13,2026-04-18,../images/tegut/tegut_offer_044.jpg,cat_getraenke,,BLS-F502100,ref_000044,obs_0000034904|obs_0000006274|obs_0000005705|obs_0000003062|obs_0000008184|obs_0000010495|obs_0000014884|obs_0000005127|obs_0000010934|obs_0000010554|obs_0000012731,obs_0000034904,,
Bio-Mango,Bio-Mango,"€ 2,79",,"pro Einheit = 2,79","pro Einheit = 2,79",,Nein,Gültig bis 18.04,2026-04-13,2026-04-18,../images/tegut/tegut_offer_045.jpg,"cat_obst_gemuese,diet_gluten_free,diet_lactose_free,diet_vegan,diet_vegetarian,sub_exoten,sub_frisches_obst,tag_whole_food",,BLS-F603100,ref_000045,obs_0000034121|obs_0000034531|obs_0000034389|obs_0000027838|obs_0000000306|obs_0000016865|obs_0000033713|obs_0000025584|obs_0000009349|obs_0000009816|obs_0000026453|obs_0000034740|obs_0000026739|obs_0000027322|obs_0000028316|obs_0000003966|obs_0000020459|obs_0000004393|obs_0000004820|obs_0000021278|obs_0000029722|obs_0000029883|obs_0000030966|obs_0000031322|obs_0000024112,obs_0000034121|obs_0000034389|obs_0000034531|obs_0000031655|obs_0000031885,,
Lammhüfte,Lammhüfte,"€ 3,49",,"pro Einheit = 3,49","pro Einheit = 3,49",,Nein,Gültig bis 18.04,2026-04-13,2026-04-18,../images/tegut/tegut_offer_046.jpg,cat_fleisch_wurst,,,ref_000046,obs_0000034124|obs_0000034751|obs_0000029194|obs_0000030906,obs_0000029194|obs_0000034124|obs_0000030906|obs_0000034751,,
Bio-Hähnchen ganz,Bio-Hähnchen ganz,"€ 1,29",,"pro Einheit = 1,99","pro Einheit = 1,99",,Nein,Gültig bis 18.04,2026-04-13,2026-04-18,../images/tegut/tegut_offer_047.jpg,"cat_fleisch_wurst,diet_lactose_free,sub_gefluegel,tag_proteinreich,tag_whole_food",,,ref_000047,obs_0000033936|obs_0000033941|obs_0000001490|obs_0000010592,obs_0000033936,,
Hackfleisch gemischt,Hackfleisch gemischt,"€ 5,99",,"1 kg = 11,98","1 kg = 11,98",,Nein,Gültig bis 18.04,2026-04-13,2026-04-18,,"cat_fleisch_wurst,sub_hackfleisch,sub_rind,sub_schwein,tag_proteinreich",,BLS-U020100,ref_000048,obs_0000034536|obs_0000009222|obs_0000009248|obs_0000016944|obs_0000030269|obs_0000025678|obs_0000029783|obs_0000033883|obs_0000014463|obs_0000021126|obs_0000008856|obs_0000027808|obs_0000005797|obs_0000011430|obs_0000018085|obs_0000030894|obs_0000029892|obs_0000030922|obs_0000006355|obs_0000006874|obs_0000030962|obs_0000022287|obs_0000031538|obs_0000017204|obs_0000020307|obs_0000026963|obs_0000031582|obs_0000009575|obs_0000028033|obs_0000007077|obs_0000030174|obs_0000027617|obs_0000009702|obs_0000005620|obs_0000012282|obs_0000014917|obs_0000001646|obs_0000018612|obs_0000019652|obs_0000010463|obs_0000028433|obs_0000009524|obs_0000017754|obs_0000012768|obs_0000000505|obs_0000001083|obs_0000000646|obs_0000025790|obs_0000030444|obs_0000030969,obs_0000009222|obs_0000009248|obs_0000016944|obs_0000030269|obs_0000025678|obs_0000029783|obs_0000033883|obs_0000001646|obs_0000014463|obs_0000021126|obs_0000008856|obs_0000005797|obs_0000011430|obs_0000018085|obs_0000030894|obs_0000018612|obs_0000029892|obs_0000019652|obs_0000030922|obs_0000006355|obs_0000006874|obs_0000010463|obs_0000034536|obs_0000030962|obs_0000022287|obs_0000028433|obs_0000031538|obs_0000017204|obs_0000009524|obs_0000020307|obs_0000017754|obs_0000031582|obs_0000009575|obs_0000028033|obs_0000007077|obs_0000030174|obs_0000009702|obs_0000005620|obs_0000000505|obs_0000012282,,
Rinderroulade,Rinderroulade,"€ 1,99",,"pro Einheit = 1,99","pro Einheit = 1,99",,Nein,Gültig bis 18.04,2026-04-13,2026-04-18,../images/tegut/tegut_offer_049.jpg,"cat_fleisch_wurst,sub_rind,tag_proteinreich,tag_ultra_processed,tag_whole_food",,,ref_000049,obs_0000034279|obs_0000034701|obs_0000035110|obs_0000033724|obs_0000005245|obs_0000034928|obs_0000034130,obs_0000035110|obs_0000034279|obs_0000034701|obs_0000033724|obs_0000005245,,
grobe Bratwurst,grobe Bratwurst,"€ 0,79",,"pro Einheit = 1,49","pro Einheit = 1,49",,Nein,Gültig bis 18.04,2026-04-13,2026-04-18,../images/tegut/tegut_offer_050.jpg,"cat_fleisch_wurst,sub_wurst,tag_ultra_processed",,BLS-W114000,ref_000050,obs_0000034326|obs_0000000643|obs_0000002948|obs_0000031237|obs_0000034927|obs_0000002715|obs_0000014245|obs_0000009254|obs_0000021161|obs_0000008620|obs_0000034127|obs_0000029908|obs_0000031320|obs_0000013672|obs_0000015339|obs_0000030575|obs_0000034548|obs_0000020342|obs_0000021756|obs_0000016533|obs_0000015773|obs_0000033720|obs_0000023367|obs_0000019662|obs_0000019942|obs_0000010602|obs_0000024944|obs_0000026247|obs_0000006539|obs_0000022569|obs_0000006701|obs_0000007634|obs_0000030970,obs_0000000643|obs_0000002948|obs_0000031237|obs_0000034927|obs_0000034326|obs_0000002715|obs_0000014245|obs_0000009254|obs_0000021161|obs_0000008620|obs_0000034127|obs_0000029908|obs_0000031320|obs_0000013672|obs_0000015339|obs_0000030575|obs_0000034548|obs_0000020342|obs_0000021756,,
Bio-Schweinefilet,Bio-Schweinefilet,"€ 2,99",,"pro Einheit = 2,99","pro Einheit = 2,99",,Nein,Gültig bis 18.04,2026-04-13,2026-04-18,../images/tegut/tegut_offer_051.jpg,"cat_fleisch_wurst,diet_gluten_free,diet_lactose_free,sub_schwein,tag_high_protein,tag_proteinreich,tag_whole_food",,,ref_000051,obs_0000033722|obs_0000000002|obs_0000016537|obs_0000000507|obs_0000008821|obs_0000025707|obs_0000001195|obs_0000009417|obs_0000034085|obs_0000017752|obs_0000009573|obs_0000026057|obs_0000001519|obs_0000009937|obs_0000034542|obs_0000002156|obs_0000034902|obs_0000010461|obs_0000019043|obs_0000002901|obs_0000003040|obs_0000027670|obs_0000003708|obs_0000028417|obs_0000028555|obs_0000004044|obs_0000028675|obs_0000020515|obs_0000020808|obs_0000004471|obs_0000004898|obs_0000021334|obs_0000021627|obs_0000021967|obs_0000013883|obs_0000014905|obs_0000015741|obs_0000007631|obs_0000008054|obs_0000016340,obs_0000033722,,
Frisches Black Angus Rib Eye,Frisches Black Angus Rib Eye,"€ 4,99",,"pro Einheit = 6,49","pro Einheit = 6,49",,Nein,Gültig bis 18.04,2026-04-13,2026-04-18,../images/tegut/tegut_offer_052.jpg,"cat_fleisch_wurst,tag_high_protein",,,ref_000052,,,,
Schweinenackensteak,LandPrimus,"€ 1,29",,"pro Einheit = 1,29","pro Einheit = 1,29",,Nein,Gültig bis 18.04,2026-04-13,2026-04-18,../images/tegut/tegut_offer_053.jpg,"cat_fleisch_wurst,sub_schwein",,,ref_000053,obs_0000030101|obs_0000014925|obs_0000010603|obs_0000012780|obs_0000009486|obs_0000009946|obs_0000008540,obs_0000030101,,
Kalbsrücken,Kalbsrücken,"€ 3,99",,"pro Einheit = 3,99","pro Einheit = 3,99",,Nein,Gültig bis 18.04,2026-04-13,2026-04-18,../images/tegut/tegut_offer_054.jpg,"cat_fleisch_wurst,diet_gluten_free,diet_lactose_free,sub_rind,tag_high_protein,tag_proteinreich,tag_whole_food",,BLS-U421100,ref_000054,obs_0000033727,obs_0000033727,,
Lammspieß,Lammspieß,"€ 3,49",,"pro Einheit = 3,49","pro Einheit = 3,49",,Nein,Gültig bis 18.04,2026-04-13,2026-04-18,../images/tegut/tegut_offer_055.jpg,cat_fleisch_wurst,,,ref_000055,obs_0000034755,,,
Spießbraten,Spießbraten,"€ 1,29",,"pro Einheit = 1,29","pro Einheit = 1,29",,Nein,Gültig bis 18.04,2026-04-13,2026-04-18,../images/tegut/tegut_offer_056.jpg,"cat_fleisch_wurst,diet_vegan,diet_vegetarian,sub_schwein,tag_whole_food",,BLS-Y710142,ref_000056,obs_0000008706|obs_0000006883|obs_0000030588|obs_0000011839|obs_0000029824|obs_0000003298|obs_0000004424|obs_0000004851|obs_0000003997|obs_0000002271,obs_0000008706|obs_0000006883|obs_0000030588|obs_0000011839|obs_0000029824,,
Bio-Putengeschnetzeltes Tikka Masala,Bio-Putengeschnetzeltes Tikka Masala,"€ 2,79",,"pro Einheit = 2,79","pro Einheit = 2,79",,Nein,Gültig bis 18.04,2026-04-13,2026-04-18,../images/tegut/tegut_offer_057.jpg,"cat_fleisch_wurst,diet_lactose_free,tag_high_protein,tag_whole_food",,,ref_000057,obs_0000034544|obs_0000034333,,,
Smoothie,Innocent,"€ 1,69",,"pro Einheit = 2,29","pro Einheit = 2,29",,Nein,Gültig bis 18.04,2026-04-13,2026-04-18,../images/tegut/tegut_offer_058.jpg,cat_getraenke,,BLS-F034600,ref_000058,obs_0000003462|obs_0000024721|obs_0000002067|obs_0000005025|obs_0000000440|obs_0000009020|obs_0000004171|obs_0000017881|obs_0000004598|obs_0000022009|obs_0000014395|obs_0000010948|obs_0000013892|obs_0000001630|obs_0000034549|obs_0000012410|obs_0000031158|obs_0000028870|obs_0000001191|obs_0000024751|obs_0000006373|obs_0000005275|obs_0000029851|obs_0000007096|obs_0000007874|obs_0000032617|obs_0000006904|obs_0000012945|obs_0000030870|obs_0000010957|obs_0000029526|obs_0000031958|obs_0000006023|obs_0000005464|obs_0000010818,obs_0000003462|obs_0000024721|obs_0000002067|obs_0000005025|obs_0000000440|obs_0000014395|obs_0000009020|obs_0000010948|obs_0000013892|obs_0000004171|obs_0000017881|obs_0000001630|obs_0000034549|obs_0000004598|obs_0000022009|obs_0000012410,,
Fleischkäse Brötchen Leberkäse Semmel,Fleischkäse Brötchen Leberkäse Semmel,"€ 2,00",,"pro Einheit = 2,00","pro Einheit = 2,00",,Nein,Gültig bis 18.04,2026-04-13,2026-04-18,../images/tegut/tegut_offer_059.jpg,"cat_fleisch_wurst,sub_kaese,sub_milchprodukte,sub_schwein,sub_wurst,tag_ultra_processed",,,ref_000059,obs_0000034341|obs_0000033949|obs_0000034554|obs_0000034142|obs_0000033734|obs_0000034760|obs_0000034938|obs_0000026147|obs_0000007220|obs_0000027967|obs_0000027097|obs_0000008701,obs_0000034341|obs_0000034938|obs_0000033949|obs_0000034554|obs_0000034142|obs_0000033734|obs_0000034760,,
Hummus oder Brotaufstrich,NOA,"€ 1,99",,"pro Einheit = 2,49","pro Einheit = 2,49",,Nein,Gültig bis 18.04,2026-04-13,2026-04-18,../images/tegut/tegut_offer_060.jpg,"cat_sonstiges,diet_vegan,diet_vegetarian,sub_huelsenfruechte",,,ref_000060,obs_0000029842|obs_0000005571|obs_0000008458|obs_0000034334|obs_0000034763|obs_0000018403|obs_0000010497|obs_0000010510|obs_0000012207|obs_0000013042|obs_0000013124|obs_0000013249|obs_0000031182|obs_0000014956|obs_0000031633|obs_0000015391|obs_0000023659|obs_0000031930,obs_0000005571,,
Lachs,Meine Lieblinge,"€ 3,33",,"1 kg = 33,30","1 kg = 33,30",,Nein,Gültig bis 18.04,2026-04-13,2026-04-18,../images/tegut/tegut_offer_061.jpg,"cat_fisch_meeresfruechte,diet_lactose_free,tag_high_protein,tag_proteinreich",,BLS-T410100,ref_000061,obs_0000034939|obs_0000033739|obs_0000034922|obs_0000014471|obs_0000007819|obs_0000007820|obs_0000007070|obs_0000029220|obs_0000029349|obs_0000018869|obs_0000018876|obs_0000018883|obs_0000002141|obs_0000029280|obs_0000002789|obs_0000030953|obs_0000009451|obs_0000012266|obs_0000014061|obs_0000028906|obs_0000029169|obs_0000033782|obs_0000008445|obs_0000002558|obs_0000026241|obs_0000025479|obs_0000034321|obs_0000029461|obs_0000011417|obs_0000030882|obs_0000032547|obs_0000016809|obs_0000032299|obs_0000029100|obs_0000016181|obs_0000028859|obs_0000014527|obs_0000030529|obs_0000018884|obs_0000033736|obs_0000019936|obs_0000017378|obs_0000007402|obs_0000029940|obs_0000034553|obs_0000007815|obs_0000030122|obs_0000023631|obs_0000007396|obs_0000007408,obs_0000034939|obs_0000029461|obs_0000032299|obs_0000033739,,
Steinbeißerfilet,Steinbeißerfilet,"€ 3,99",,"pro Einheit = 4,99","pro Einheit = 4,99",,Nein,Gültig bis 18.04,2026-04-13,2026-04-18,../images/tegut/tegut_offer_062.jpg,cat_fisch_meeresfruechte,,,ref_000062,obs_0000034555|obs_0000028505|obs_0000010402|obs_0000028619,obs_0000028505|obs_0000010402|obs_0000028619|obs_0000034555,,
Onigiri Lachs Edamame,Natsu,"€ 2,79",,"1 kg = 27,90","1 kg = 27,90",,Nein,Gültig bis 18.04,2026-04-13,2026-04-18,../images/tegut/tegut_offer_063.jpg,cat_fisch_meeresfruechte,,,ref_000063,obs_0000033736|obs_0000034939|obs_0000033739,obs_0000033736,,x
Riesengarnelen,Riesengarnelen,"€ 2,99",,"pro Einheit = 2,99","pro Einheit = 2,99",,Nein,Gültig bis 18.04,2026-04-13,2026-04-18,../images/tegut/tegut_offer_064.jpg,cat_fisch_meeresfruechte,,,ref_000064,obs_0000034138|obs_0000002733|obs_0000003374|obs_0000002517|obs_0000006678|obs_0000005591|obs_0000006328|obs_0000031899|obs_0000031682,obs_0000002733|obs_0000003374|obs_0000002517|obs_0000006678|obs_0000005591|obs_0000006328|obs_0000034138|obs_0000031899,,
Oliven,King Cuisine,"€ 2,99",,"pro Einheit = 3,99","pro Einheit = 3,99",,Nein,Gültig bis 18.04,2026-04-13,2026-04-18,../images/tegut/tegut_offer_065.jpg,"cat_obst_gemuese,diet_gluten_free,diet_lactose_free,diet_vegan,diet_vegetarian",,BLS-Q120000,ref_000065,obs_0000034552|obs_0000008194|obs_0000025865|obs_0000028687|obs_0000028567|obs_0000018215|obs_0000026683|obs_0000008681|obs_0000022380|obs_0000011917|obs_0000003726|obs_0000004885|obs_0000025238|obs_0000034942|obs_0000020249|obs_0000010266|obs_0000033953|obs_0000025634|obs_0000012839|obs_0000021549|obs_0000003120|obs_0000013234|obs_0000027579|obs_0000010941|obs_0000004031|obs_0000010687|obs_0000012354|obs_0000031304|obs_0000021068|obs_0000014542|obs_0000005200|obs_0000014034|obs_0000022490|obs_0000008283|obs_0000022495|obs_0000020730|obs_0000004458|obs_0000025210|obs_0000007176|obs_0000025405|obs_0000001990|obs_0000033871|obs_0000001761|obs_0000001762|obs_0000000893|obs_0000001285|obs_0000021256|obs_0000022160|obs_0000019518|obs_0000034768,obs_0000008194|obs_0000025865|obs_0000028687|obs_0000028567|obs_0000018215|obs_0000026683|obs_0000008681|obs_0000022380|obs_0000034552,,
Weizenbrötchen,Weizenbrötchen,"€ 1,50",,"1 kg = 2,31","1 kg = 2,31",,Nein,Gültig bis 18.04,2026-04-13,2026-04-18,,"cat_grundnahrung,diet_vegetarian,tag_ultra_processed",,BLS-B511000,ref_000066,obs_0000034146|obs_0000033956|obs_0000034350|obs_0000034771|obs_0000033748|obs_0000034558|obs_0000019915|obs_0000006062|obs_0000006063|obs_0000034943|obs_0000027409|obs_0000028000|obs_0000031710|obs_0000014552|obs_0000002587|obs_0000003165|obs_0000032634,obs_0000034146|obs_0000033956|obs_0000019915|obs_0000006062|obs_0000006063|obs_0000034350|obs_0000034771|obs_0000033748|obs_0000034943|obs_0000034558,,
Bio-Roggen pur,Herzberger,"€ 2,99",,"pro Einheit = 3,49","pro Einheit = 3,49",,Nein,Gültig bis 18.04,2026-04-13,2026-04-18,../images/tegut/tegut_offer_067.jpg,"cat_grundnahrung,diet_vegan,diet_vegetarian,tag_whole_food",,,ref_000067,obs_0000033749|obs_0000001689|obs_0000027497,obs_0000033749,,
My Cake,KomPack,"€ 2,79",,"pro Einheit = 3,29","pro Einheit = 3,29",,Nein,Gültig bis 18.04,2026-04-13,2026-04-18,../images/tegut/tegut_offer_068.jpg,"cat_knabbern_naschen,tag_ultra_processed",,,ref_000068,,,,
Unser Pures,Mestemacher,"€ 2,49",,"1 kg = 8,30","1 kg = 8,30",,Nein,Gültig bis 18.04,2026-04-13,2026-04-18,../images/tegut/tegut_offer_070.jpg,cat_non_food,,,ref_000069,obs_0000034346,,,
Stick mit Weißkäsefüllung,Stick mit Weißkäsefüllung,"€ 0,99",,"1 kg = 11,65","1 kg = 11,65",,Nein,Gültig bis 18.04,2026-04-13,2026-04-18,../images/tegut/tegut_offer_071.jpg,"cat_molkerei_kaese,sub_milchprodukte,tag_ultra_processed",,,ref_000070,obs_0000027319|obs_0000002886,,,
Bio-Laugenbrezel,Herzberger,"€ 1,99",,"1 kg = 7,54","1 kg = 7,54",,Nein,Gültig bis 18.04,2026-04-13,2026-04-18,,"cat_grundnahrung,diet_vegetarian",,,ref_000071,obs_0000033746|obs_0000034277|obs_0000035107|obs_0000026070|obs_0000001555|obs_0000026328|obs_0000006064|obs_0000014330|obs_0000014992,obs_0000033746|obs_0000034277|obs_0000035107,,
Bayerischer Bio-Leberkäse,Bayerischer Bio-Leberkäse,"€ 0,99",,"pro Einheit = 0,99","pro Einheit = 0,99",,Nein,Gültig bis 18.04,2026-04-13,2026-04-18,../images/tegut/tegut_offer_073.jpg,"cat_fleisch_wurst,sub_kaese,sub_milchprodukte,sub_schwein,sub_wurst,tag_ultra_processed",,,ref_000072,obs_0000025260|obs_0000000704|obs_0000009121|obs_0000009298|obs_0000034355|obs_0000001946|obs_0000026756|obs_0000018993|obs_0000020068|obs_0000020887|obs_0000021830|obs_0000014106|obs_0000031883|obs_0000023788|obs_0000024209|obs_0000011415|obs_0000022804|obs_0000008701|obs_0000026147|obs_0000027097|obs_0000027967,obs_0000025260|obs_0000000704|obs_0000009121|obs_0000009298|obs_0000001946|obs_0000026756|obs_0000018993|obs_0000020068|obs_0000020887|obs_0000021830|obs_0000014106|obs_0000031883|obs_0000023788|obs_0000024209,,
Burgunder Schinken,Burgunder Schinken,"€ 1,99",,"pro Einheit = 2,49","pro Einheit = 2,49",,Nein,Gültig bis 18.04,2026-04-13,2026-04-18,../images/tegut/tegut_offer_074.jpg,"cat_fleisch_wurst,sub_schwein,sub_wurst,tag_proteinreich,tag_ultra_processed",,BLS-W850400,ref_000073,obs_0000034378|obs_0000028387|obs_0000016624|obs_0000017657,,,
Fleischsalat,LandPrimus,"€ 0,99",,"pro Einheit = 1,79","pro Einheit = 1,79",,Nein,Gültig bis 18.04,2026-04-13,2026-04-18,../images/tegut/tegut_offer_075.jpg,"cat_fleisch_wurst,diet_vegetarian,sub_frisches_gemuese,sub_rind,sub_salate,sub_schwein,sub_wurst,tag_ultra_processed",,BLS-W234000,ref_000074,obs_0000033969|obs_0000028813|obs_0000010665|obs_0000009137|obs_0000012215|obs_0000027847|obs_0000030455|obs_0000028926|obs_0000028421|obs_0000012833|obs_0000031785|obs_0000027307|obs_0000011064|obs_0000032620|obs_0000010368|obs_0000034940|obs_0000033951|obs_0000032301|obs_0000026567|obs_0000030156|obs_0000006529|obs_0000030611|obs_0000006695|obs_0000005237,obs_0000028813|obs_0000010665|obs_0000009137|obs_0000033969|obs_0000012215|obs_0000027847|obs_0000030455|obs_0000028926,,
Klassik Kabanos,Klassik Kabanos,"€ 1,99",,"pro Einheit = 2,79","pro Einheit = 2,79",,Nein,Gültig bis 18.04,2026-04-13,2026-04-18,../images/tegut/tegut_offer_076.jpg,"cat_fleisch_wurst,sub_schwein,sub_wurst,tag_ultra_processed",,,ref_000075,obs_0000034356|obs_0000011014|obs_0000028679|obs_0000028559|obs_0000008470|obs_0000016099|obs_0000014835|obs_0000012661|obs_0000030820|obs_0000011011|obs_0000012778|obs_0000016109,obs_0000034356,,
Jam n Serrano,Jam n Serrano,"€ 2,49",,"pro Einheit = 2,49","pro Einheit = 2,49",,Nein,Gültig bis 18.04,2026-04-13,2026-04-18,../images/tegut/tegut_offer_077.jpg,"cat_fleisch_wurst,sub_schwein,sub_wurst",,,ref_000076,obs_0000034353|obs_0000034778|obs_0000015367|obs_0000034954|obs_0000020397|obs_0000021946|obs_0000013260|obs_0000021216|obs_0000019244|obs_0000020656|obs_0000007235|obs_0000025031|obs_0000028001|obs_0000021475|obs_0000017765|obs_0000026751|obs_0000003841|obs_0000016779|obs_0000004268|obs_0000007857|obs_0000003516|obs_0000019020|obs_0000004695|obs_0000000225|obs_0000007236|obs_0000032599,obs_0000015367|obs_0000034954|obs_0000020397|obs_0000034353|obs_0000021946|obs_0000008523|obs_0000013260|obs_0000034778|obs_0000021216,,
Bio-Rindersaftschinken,Bio-Rindersaftschinken,"€ 2,99",,"pro Einheit = 2,99","pro Einheit = 2,99",,Nein,Gültig bis 18.04,2026-04-13,2026-04-18,../images/tegut/tegut_offer_078.jpg,"cat_fleisch_wurst,sub_rind,sub_schwein,sub_wurst,tag_proteinreich,tag_ultra_processed,tag_whole_food",,,ref_000077,obs_0000034777|obs_0000024655|obs_0000018922|obs_0000022617|obs_0000023792|obs_0000024221,obs_0000024655|obs_0000034777|obs_0000018922|obs_0000022617|obs_0000023792|obs_0000024221,,
Appenzeller,Appenzeller,"€ 2,49",,"pro Einheit = 2,99","pro Einheit = 2,99",,Nein,Gültig bis 18.04,2026-04-13,2026-04-18,../images/tegut/tegut_offer_079.jpg,"cat_molkerei_kaese,sub_kaese,sub_milchprodukte",,,ref_000078,obs_0000034288|obs_0000005158|obs_0000032558|obs_0000007161|obs_0000015395|obs_0000007557|obs_0000015815|obs_0000011483|obs_0000011051|obs_0000012811|obs_0000011897|obs_0000013070|obs_0000031242|obs_0000006458|obs_0000005723|obs_0000002014,obs_0000034288,,
Butterkäse,Bauer,"€ 0,99",,"pro Einheit = 1,79","pro Einheit = 1,79",,Nein,Gültig bis 18.04,2026-04-13,2026-04-18,../images/tegut/tegut_offer_080.jpg,"cat_molkerei_kaese,diet_vegetarian,sub_butter_margarine,sub_kaese,sub_milchprodukte,sub_wurst",,BLS-W256100,ref_000079,obs_0000028601|obs_0000035114|obs_0000028491|obs_0000010146|obs_0000022440|obs_0000009899|obs_0000024636|obs_0000009434|obs_0000019165|obs_0000033775|obs_0000034800|obs_0000028402|obs_0000012660|obs_0000018295|obs_0000013199|obs_0000030482|obs_0000005908|obs_0000006806|obs_0000034589|obs_0000015271|obs_0000011339|obs_0000014950|obs_0000029171|obs_0000001059|obs_0000000815|obs_0000006292|obs_0000005721|obs_0000007158,obs_0000005908|obs_0000006806|obs_0000010146|obs_0000022440|obs_0000009899|obs_0000028601|obs_0000024636|obs_0000035114|obs_0000028491|obs_0000009434|obs_0000019165|obs_0000033775|obs_0000034800|obs_0000028402|obs_0000029171|obs_0000012660|obs_0000018295,,
Bio-Heubursche oder Bio-Heumadl,Bioland,"€ 2,49",,"pro Einheit = 2,99","pro Einheit = 2,99",,Nein,Gültig bis 18.04,2026-04-13,2026-04-18,../images/tegut/tegut_offer_081.jpg,"cat_obst_gemuese,diet_gluten_free,diet_lactose_free,diet_vegan,diet_vegetarian",,,ref_000080,,,,
Monsieur Jean Bernard Bio-Käse,Paul Söbbeke,"€ 2,99",,"pro Einheit = 3,79","pro Einheit = 3,79",,Nein,Gültig bis 18.04,2026-04-13,2026-04-18,../images/tegut/tegut_offer_082.jpg,"cat_molkerei_kaese,sub_kaese,sub_milchprodukte,tag_ultra_processed",,,ref_000081,obs_0000000890|obs_0000008883|obs_0000006457|obs_0000010631,,,
Elsässer Winzerkäse,Elsässer Winzerkäse,"€ 1,99",,"pro Einheit = 2,99","pro Einheit = 2,99",,Nein,Gültig bis 18.04,2026-04-13,2026-04-18,,"cat_molkerei_kaese,sub_kaese,sub_milchprodukte,tag_ultra_processed",,,ref_000082,obs_0000033976|obs_0000006805|obs_0000031493,obs_0000006805|obs_0000033976,,
Bio-Manouri,bio verde,"€ 1,99",,"pro Einheit = 2,79","pro Einheit = 2,79",,Nein,Gültig bis 18.04,2026-04-13,2026-04-18,../images/tegut/tegut_offer_084.jpg,"cat_obst_gemuese,diet_gluten_free,diet_lactose_free,diet_vegan,diet_vegetarian,tag_whole_food",,,ref_000083,obs_0000033977|obs_0000025214,obs_0000033977,,x
Bio-Weidemilch Joghurt mild,Alnatura,"€ 1,49",,"1 kg = 2,98","1 kg = 2,98",,Nein,Gültig bis 18.04,2026-04-13,2026-04-18,../images/tegut/tegut_offer_085.jpg,"cat_molkerei_kaese,diet_lactose_free,diet_vegan,diet_vegetarian,sub_joghurt_skyr_quark,sub_milchprodukte,tag_whole_food",,,ref_000084,obs_0000033980|obs_0000000620|obs_0000001980|obs_0000000833|obs_0000020739|obs_0000021558|obs_0000030867|obs_0000030973|obs_0000016386|obs_0000000488|obs_0000000671|obs_0000017128|obs_0000002441|obs_0000002511|obs_0000027610|obs_0000011458|obs_0000003781|obs_0000004230|obs_0000004657|obs_0000005084|obs_0000023026|obs_0000015790|obs_0000008703|obs_0000025171|obs_0000017127|obs_0000025392|obs_0000033696|obs_0000009180|obs_0000025811|obs_0000009663|obs_0000034580|obs_0000026710|obs_0000019794|obs_0000020687|obs_0000020689|obs_0000028966|obs_0000021506|obs_0000021508|obs_0000023030|obs_0000023284|obs_0000015673,obs_0000033980,,
Deutsche Markenbutter,Deutsche Markenbutter,"€ 1,49",,"1 kg = 5,96","1 kg = 5,96",,Nein,Gültig bis 18.04,2026-04-13,2026-04-18,../images/tegut/tegut_offer_086.jpg,"cat_molkerei_kaese,diet_gluten_free,diet_vegetarian,sub_butter_margarine",,,ref_000085,obs_0000034709|obs_0000000134|obs_0000025749|obs_0000003637|obs_0000003521|obs_0000017228|obs_0000024919|obs_0000024922|obs_0000022528|obs_0000005156|obs_0000009381|obs_0000006990|obs_0000006613|obs_0000005734|obs_0000011882|obs_0000009840|obs_0000018424|obs_0000009802|obs_0000022910,obs_0000000134|obs_0000025749|obs_0000034709|obs_0000006299|obs_0000009381|obs_0000003637|obs_0000003521|obs_0000017228|obs_0000024919|obs_0000024922|obs_0000011882|obs_0000009840|obs_0000018424|obs_0000022528,,
Bio Vegan Bio-Tempeh,tegut,"€ 2,49",,"1 kg = 12,45","1 kg = 12,45",,Nein,Gültig bis 18.04,2026-04-13,2026-04-18,../images/tegut/tegut_offer_087.jpg,"cat_obst_gemuese,diet_gluten_free,diet_lactose_free,diet_vegan,diet_vegetarian,sub_frisches_gemuese,tag_whole_food",,,ref_000086,obs_0000012343|obs_0000032993|obs_0000000828|obs_0000017257|obs_0000028740|obs_0000028954|obs_0000031808,,,
Bio-Speisequarkzubereitung,Andechser Natur,"€ 1,19",,"pro Einheit = 1,69","pro Einheit = 1,69",,Nein,Gültig bis 18.04,2026-04-13,2026-04-18,../images/tegut/tegut_offer_088.jpg,"cat_molkerei_kaese,diet_gluten_free,diet_lactose_free,diet_vegan,diet_vegetarian,sub_joghurt_skyr_quark,sub_milchprodukte",,,ref_000087,obs_0000029547|obs_0000005733,obs_0000029547|obs_0000005733|obs_0000032579,,
Reine Buttermilch,müller,"€ 0,69",,"1 kg = 1,38","1 kg = 1,38",,Nein,Gültig bis 18.04,2026-04-13,2026-04-18,../images/tegut/tegut_offer_089.jpg,"cat_molkerei_kaese,diet_gluten_free,diet_vegetarian,sub_butter_margarine,sub_milchprodukte",,,ref_000088,obs_0000013847|obs_0000034968|obs_0000031440|obs_0000009981|obs_0000000794|obs_0000015653|obs_0000009520|obs_0000010621|obs_0000012703|obs_0000004684|obs_0000020581|obs_0000003207|obs_0000004257|obs_0000003830|obs_0000025375|obs_0000021400|obs_0000002539|obs_0000023023|obs_0000030180,obs_0000013847|obs_0000004684|obs_0000020581|obs_0000003207|obs_0000004257|obs_0000034968|obs_0000031440|obs_0000003830|obs_0000009981|obs_0000000794|obs_0000025375|obs_0000015653|obs_0000009520|obs_0000010621|obs_0000021400|obs_0000012703|obs_0000030180|obs_0000002539|obs_0000023023,,
Barista Haferdrink,Alpro,"€ 1,99",,"pro Einheit = 2,49","pro Einheit = 2,49",,Nein,Gültig bis 18.04,2026-04-13,2026-04-18,../images/tegut/tegut_offer_090.jpg,"cat_getraenke,diet_lactose_free,diet_vegan,diet_vegetarian",,,ref_000089,obs_0000028848|obs_0000008073|obs_0000024065|obs_0000010257|obs_0000012318|obs_0000011884|obs_0000024479|obs_0000030805|obs_0000032347|obs_0000028770|obs_0000031981|obs_0000031124|obs_0000030111|obs_0000010936|obs_0000014119|obs_0000006463|obs_0000031656|obs_0000019920|obs_0000026074,obs_0000024065|obs_0000030805|obs_0000032347|obs_0000028770|obs_0000011884|obs_0000031981|obs_0000024479,,
Schmand-Alternative,Milram,"€ 1,19",,"pro Einheit = 1,39","pro Einheit = 1,39",,Nein,Gültig bis 18.04,2026-04-13,2026-04-18,../images/tegut/tegut_offer_091.jpg,"cat_molkerei_kaese,diet_lactose_free,diet_vegetarian,sub_kaese,sub_milchprodukte,sub_sahne_creme",,,ref_000090,obs_0000034373|obs_0000031866|obs_0000003203|obs_0000014489|obs_0000001733|obs_0000009974|obs_0000011034|obs_0000004910|obs_0000001870|obs_0000002418|obs_0000004483|obs_0000004056|obs_0000034793|obs_0000006451|obs_0000005540,,,
Frische Bio-Weidemilch,Andechser Natur,"€ 1,49",,"pro Einheit = 1,89","pro Einheit = 1,89",,Nein,Gültig bis 18.04,2026-04-13,2026-04-18,../images/tegut/tegut_offer_092.jpg,"cat_molkerei_kaese,diet_vegetarian,sub_joghurt_skyr_quark,sub_milchprodukte,tag_proteinreich",,,ref_000091,obs_0000034794|obs_0000008438|obs_0000034372|obs_0000014938,obs_0000008438|obs_0000034794,,
Feinster Schlagrahm,Berchtesgadener Land,"€ 1,19",,"pro Einheit = 1,59","pro Einheit = 1,59",,Nein,Gültig bis 18.04,2026-04-13,2026-04-18,../images/tegut/tegut_offer_093.jpg,cat_non_food,,,ref_000092,,obs_0000029501,,
Fleischalternative,Endori,"€ 2,49",,"1 kg = 12,45","1 kg = 12,45",,Nein,Gültig bis 18.04,2026-04-13,2026-04-18,../images/tegut/tegut_offer_094.jpg,"cat_fleisch_wurst,diet_lactose_free,diet_vegan,diet_vegetarian,sub_fleischersatz",,,ref_000093,obs_0000028325|obs_0000029450|obs_0000029452|obs_0000030800|obs_0000031984|obs_0000032539|obs_0000031421|obs_0000030144|obs_0000010661|obs_0000013136,,,x
Buko,Arla,"€ 0,99",,"pro Einheit = 1,11","pro Einheit = 1,11",,Nein,Gültig bis 18.04,2026-04-13,2026-04-18,../images/tegut/tegut_offer_095.jpg,"cat_molkerei_kaese,diet_vegetarian,sub_milchprodukte,tag_ultra_processed",,,ref_000094,obs_0000026379|obs_0000002064|obs_0000019510|obs_0000034977|obs_0000034109|obs_0000022984|obs_0000000998|obs_0000002429|obs_0000000086|obs_0000032541|obs_0000006979|obs_0000007745|obs_0000029798|obs_0000006799|obs_0000005716,,,
Fuetec,El Pozo,"€ 2,99",,"1 kg = 17,59","1 kg = 17,59",,Nein,Gültig bis 18.04,2026-04-13,2026-04-18,../images/tegut/tegut_offer_096.jpg,"cat_fleisch_wurst,sub_schwein,sub_wurst,tag_ultra_processed",,,ref_000095,obs_0000033773|obs_0000028690|obs_0000028570|obs_0000030147|obs_0000030176,obs_0000033773,,
Bio-Feta,tegut,"€ 2,69",,"1 kg = 13,45","1 kg = 13,45",,Nein,Gültig bis 18.04,2026-04-13,2026-04-18,../images/tegut/tegut_offer_097.jpg,"cat_obst_gemuese,diet_gluten_free,diet_lactose_free,diet_vegan,diet_vegetarian,sub_frisches_gemuese,sub_kaese,sub_milchprodukte,tag_whole_food",,BLS-F110100,ref_000096,obs_0000001495|obs_0000027730|obs_0000018938|obs_0000025183|obs_0000002450|obs_0000011044|obs_0000003162|obs_0000014339|obs_0000030983|obs_0000015386|obs_0000031891|obs_0000024072|obs_0000024500,obs_0000001495|obs_0000027730,,
Bio-Saure Sahne,tegut,"€ 0,69",,"pro Einheit = 0,89","pro Einheit = 0,89",,Nein,Gültig bis 18.04,2026-04-13,2026-04-18,../images/tegut/tegut_offer_098.jpg,"cat_grundnahrung,diet_gluten_free,diet_lactose_free,diet_vegan,diet_vegetarian,sub_milchprodukte,sub_sahne_creme,tag_ultra_processed,tag_whole_food",,,ref_000097,obs_0000001492|obs_0000001841|obs_0000002341|obs_0000002822|obs_0000028739|obs_0000024961|obs_0000001869|obs_0000019970|obs_0000020288|obs_0000021107|obs_0000033766|obs_0000034812|obs_0000006113,obs_0000001492|obs_0000001841|obs_0000002341|obs_0000002822|obs_0000028739,,
Bio-Lyoner natur,tegut,"€ 1,69",,"1 kg = 21,13","1 kg = 21,13",,Nein,Gültig bis 18.04,2026-04-13,2026-04-18,../images/tegut/tegut_offer_099.jpg,"cat_fleisch_wurst,diet_gluten_free,diet_lactose_free,diet_vegan,diet_vegetarian,sub_joghurt_skyr_quark,sub_milchprodukte,sub_wurst,tag_ultra_processed,tag_whole_food",,,ref_000098,obs_0000033989|obs_0000000677|obs_0000034104|obs_0000001847|obs_0000002965|obs_0000020246|obs_0000021065|obs_0000021902|obs_0000024651|obs_0000033750|obs_0000001347|obs_0000009644|obs_0000019136|obs_0000020458|obs_0000028889|obs_0000021277|obs_0000021693,obs_0000033989,,
Grana Padano,Castelli,"€ 2,99",,"pro Einheit = 3,99","pro Einheit = 3,99",,Nein,Gültig bis 18.04,2026-04-13,2026-04-18,../images/tegut/tegut_offer_100.jpg,"cat_grundnahrung,diet_vegan,diet_vegetarian,sub_nudeln",,,ref_000099,obs_0000008584|obs_0000028820|obs_0000022437|obs_0000010424|obs_0000018289|obs_0000019702|obs_0000023167|obs_0000013230|obs_0000017211|obs_0000015809|obs_0000029895|obs_0000007753|obs_0000022624|obs_0000024568|obs_0000016509|obs_0000011032|obs_0000030522|obs_0000011475|obs_0000005911|obs_0000006456,obs_0000008584|obs_0000028820|obs_0000022437|obs_0000010424|obs_0000018289|obs_0000019702|obs_0000023167,,
Mozzarella,Galbani,"€ 1,29",,"pro Einheit = 1,99","pro Einheit = 1,99",,Nein,Gültig bis 18.04,2026-04-13,2026-04-18,../images/tegut/tegut_offer_101.jpg,"cat_molkerei_kaese,diet_vegetarian,sub_kaese,sub_milchprodukte,sub_sahne_creme",,BLS-X208312,ref_000100,obs_0000024894|obs_0000018366|obs_0000022485|obs_0000018430|obs_0000022609|obs_0000033882|obs_0000001647|obs_0000018031|obs_0000023202|obs_0000024234|obs_0000022241|obs_0000023806|obs_0000011043|obs_0000000816|obs_0000009077|obs_0000022394|obs_0000027551|obs_0000016326|obs_0000027613|obs_0000012801|obs_0000008404|obs_0000019264|obs_0000015804|obs_0000013310|obs_0000018433|obs_0000025133|obs_0000031811|obs_0000018512|obs_0000022110|obs_0000033891|obs_0000022631|obs_0000030318|obs_0000011891|obs_0000009868|obs_0000032402|obs_0000020638|obs_0000023201|obs_0000018599|obs_0000028850|obs_0000034980|obs_0000009408|obs_0000011471|obs_0000031442|obs_0000034515|obs_0000021741|obs_0000023292|obs_0000027907|obs_0000031521|obs_0000028470|obs_0000025413,obs_0000018430|obs_0000022609|obs_0000033882|obs_0000001647|obs_0000018031|obs_0000023202|obs_0000024234|obs_0000022241|obs_0000023806|obs_0000011043|obs_0000000816|obs_0000024894|obs_0000009077|obs_0000007546|obs_0000022394|obs_0000027551|obs_0000018366|obs_0000016326|obs_0000022485|obs_0000027613|obs_0000006628,,
Stickado,Aoste,"€ 1,79",,"pro Einheit = 2,49","pro Einheit = 2,49",,Nein,Gültig bis 18.04,2026-04-13,2026-04-18,../images/tegut/tegut_offer_102.jpg,"cat_fleisch_wurst,tag_ultra_processed",,,ref_000101,obs_0000019232|obs_0000003882|obs_0000023379|obs_0000004309|obs_0000000254|obs_0000004736|obs_0000034200|obs_0000034814|obs_0000028989|obs_0000006514|obs_0000034590|obs_0000029852|obs_0000030889|obs_0000001217|obs_0000027301|obs_0000029840|obs_0000005426,obs_0000029852|obs_0000019232|obs_0000030889|obs_0000003882|obs_0000023379|obs_0000004309|obs_0000000254|obs_0000004736,,
Speck Hauchfein,Handl Tyrol,"€ 2,79",,"1 kg = 31,00","1 kg = 31,00",,Nein,Gültig bis 18.04,2026-04-13,2026-04-18,,cat_fleisch_wurst,,,ref_000102,obs_0000034283|obs_0000034799,obs_0000034283,,
frische Tortelli Ricotta Spargel,tegut,"€ 2,79",,"1 kg = 10,73","1 kg = 10,73",,Nein,Gültig bis 18.04,2026-04-13,2026-04-18,../images/tegut/tegut_offer_104.jpg,"cat_grundnahrung,diet_vegetarian,sub_nudeln,tag_ultra_processed",,,ref_000103,obs_0000014955|obs_0000011476,,,
Fertiggericht,P U RE,"€ 3,79",,"1 kg = 9,48","1 kg = 9,48",,Nein,Gültig bis 18.04,2026-04-13,2026-04-18,../images/tegut/tegut_offer_105.jpg,"cat_tiefkuehl,sub_tk_fertiggerichte,tag_ultra_processed",,,ref_000104,obs_0000001537|obs_0000013186|obs_0000010900|obs_0000006306|obs_0000010919|obs_0000015278|obs_0000012214|obs_0000013632|obs_0000023763|obs_0000011360|obs_0000023662|obs_0000014071|obs_0000024188|obs_0000012670|obs_0000019329|obs_0000027145|obs_0000005393|obs_0000007209|obs_0000013099|obs_0000005947|obs_0000005568|obs_0000009803|obs_0000005585|obs_0000018132|obs_0000023011|obs_0000019308|obs_0000009331|obs_0000015097|obs_0000006655|obs_0000006831|obs_0000006323|obs_0000022985|obs_0000005214|obs_0000029810|obs_0000026782|obs_0000034004|obs_0000034413,obs_0000001537|obs_0000013186|obs_0000010900|obs_0000006306|obs_0000010919|obs_0000015278|obs_0000012214|obs_0000013632|obs_0000023763|obs_0000011360|obs_0000023662|obs_0000014071|obs_0000024188|obs_0000012670,,
Pizzateig,Henglein,"€ 1,79",,"1 kg = 3,25","1 kg = 3,25",,Nein,Gültig bis 18.04,2026-04-13,2026-04-18,,"cat_grundnahrung,diet_vegetarian,sub_kartoffeln",,BLS-D079000,ref_000105,obs_0000034002|obs_0000002690|obs_0000003249|obs_0000033876|obs_0000011907|obs_0000008115|obs_0000003073|obs_0000004500|obs_0000004927|obs_0000004073|obs_0000000373|obs_0000006659|obs_0000010657|obs_0000002994|obs_0000014521|obs_0000029654|obs_0000026779|obs_0000030277|obs_0000027904|obs_0000007584|obs_0000005195,obs_0000002690|obs_0000003249|obs_0000034002|obs_0000033876,,
Eis,The Icely Brothers,"€ 4,99",,"1 l = 10,85","1 l = 10,85",,Nein,Gültig bis 18.04,2026-04-13,2026-04-18,../images/tegut/tegut_offer_107.jpg,"cat_grundnahrung,diet_vegan,diet_vegetarian,sub_tk_eis,tag_ultra_processed",,,ref_000106,obs_0000018692|obs_0000025743|obs_0000017710|obs_0000034392|obs_0000011490|obs_0000025829|obs_0000013168|obs_0000007041|obs_0000013833|obs_0000025236|obs_0000029345|obs_0000030502|obs_0000027306|obs_0000022962|obs_0000028855|obs_0000005945|obs_0000009795|obs_0000025807|obs_0000027474|obs_0000001749|obs_0000001750|obs_0000005210|obs_0000007392|obs_0000008928|obs_0000006504|obs_0000013034|obs_0000009324|obs_0000027503|obs_0000027646|obs_0000005767|obs_0000005768|obs_0000006667|obs_0000006670|obs_0000006159|obs_0000005399|obs_0000005017|obs_0000014373|obs_0000028456|obs_0000012333|obs_0000003118|obs_0000006319|obs_0000000434|obs_0000007599|obs_0000007600|obs_0000008369|obs_0000011056|obs_0000005948|obs_0000006847|obs_0000018370|obs_0000004163,obs_0000018692|obs_0000025743|obs_0000017710|obs_0000034392|obs_0000011490|obs_0000025829|obs_0000013168,,
Burger oder Bio-Block House Burger,Block House,"€ 7,99",,"1 kg = 24,97","1 kg = 24,97",,Nein,Gültig bis 18.04,2026-04-13,2026-04-18,,cat_fleisch_wurst,,,ref_000107,obs_0000032638|obs_0000032633|obs_0000034169|obs_0000034964|obs_0000023609,,,
Wildlachsfilets,tegut Feinstes,"€ 3,33",,"pro Einheit = 3,99","pro Einheit = 3,99",,Nein,Gültig bis 18.04,2026-04-13,2026-04-18,../images/tegut/tegut_offer_109.jpg,"cat_fisch_meeresfruechte,diet_gluten_free,diet_lactose_free,tag_high_protein,tag_proteinreich,tag_whole_food",,BLS-T417100,ref_000108,obs_0000034390|obs_0000007797,obs_0000034390,,
Bio-Mango -Himbeeren oder -Wildheidelbeeren,tegut Bio zum kleinen Preis,"€ 3,99",,"1 kg = 13,30","1 kg = 13,30",,Nein,Gültig bis 18.04,2026-04-13,2026-04-18,../images/tegut/tegut_offer_110.jpg,"cat_obst_gemuese,diet_gluten_free,diet_lactose_free,diet_vegan,diet_vegetarian,sub_exoten,sub_frisches_obst,tag_whole_food",,,ref_000109,obs_0000034121|obs_0000034389|obs_0000034531|obs_0000000306|obs_0000016741|obs_0000016865|obs_0000000498|obs_0000000524|obs_0000033713|obs_0000025584|obs_0000009349|obs_0000001270|obs_0000026169|obs_0000009816|obs_0000026453|obs_0000034740|obs_0000026739|obs_0000010473|obs_0000026967|obs_0000027154|obs_0000027322|obs_0000028022|obs_0000028316|obs_0000003966|obs_0000020459|obs_0000004393|obs_0000029127|obs_0000029205|obs_0000004820|obs_0000021278|obs_0000029585|obs_0000029722|obs_0000029817|obs_0000029883|obs_0000030130|obs_0000030214|obs_0000030258|obs_0000013981|obs_0000006412|obs_0000031322|obs_0000024112|obs_0000032322|obs_0000032513,,,
Premium Eis-Creme,Häagen Dazs,"€ 3,99",,"1 l = 8,67","1 l = 8,67",,Nein,Gültig bis 18.04,2026-04-13,2026-04-18,,"cat_tiefkuehl,sub_tk_eis",,,ref_000110,obs_0000013034|obs_0000013833|obs_0000014373|obs_0000008369|obs_0000011899|obs_0000018692|obs_0000033360|obs_0000013141|obs_0000013168|obs_0000025743|obs_0000011490|obs_0000025829|obs_0000017710|obs_0000011595|obs_0000013830|obs_0000034392,,,x
Schokolade Nuss Klasse oder Kakao Klasse,Ritter Sport,"€ 1,89",,"1 kg = 18,90","1 kg = 18,90",,Nein,Gültig bis 18.04,2026-04-13,2026-04-18,../images/tegut/tegut_offer_112.jpg,"cat_knabbern_naschen,diet_vegetarian,tag_ultra_processed",,,ref_000111,obs_0000006748|obs_0000005468|obs_0000006037|obs_0000034192|obs_0000031849|obs_0000002336|obs_0000016691|obs_0000017857|obs_0000011765|obs_0000011783|obs_0000015893|obs_0000013879|obs_0000027700|obs_0000028232|obs_0000013394|obs_0000028244|obs_0000028249|obs_0000000091|obs_0000015454|obs_0000004705|obs_0000034408|obs_0000034411|obs_0000017539|obs_0000025221|obs_0000000138|obs_0000025739|obs_0000008861|obs_0000015026|obs_0000004278|obs_0000017595|obs_0000021699|obs_0000017605|obs_0000034013|obs_0000000230|obs_0000018155|obs_0000003326|obs_0000004873|obs_0000018698|obs_0000003851|obs_0000014104|obs_0000010522|obs_0000033056|obs_0000031011|obs_0000021291|obs_0000004446|obs_0000011112|obs_0000008595|obs_0000008610|obs_0000004019|obs_0000006579,,,
Premium Pils,Bitburger,"€ 11,99",,"pro Einheit = 17,99","pro Einheit = 17,99",,Nein,Gültig bis 18.04,2026-04-13,2026-04-18,../images/tegut/tegut_offer_113.jpg,cat_getraenke,,,ref_000112,obs_0000012445|obs_0000016561|obs_0000011146|obs_0000013350|obs_0000034432|obs_0000028520|obs_0000028635|obs_0000028695|obs_0000014397|obs_0000028734|obs_0000010479|obs_0000026883|obs_0000012662|obs_0000008613|obs_0000010756|obs_0000011148|obs_0000027560|obs_0000033895|obs_0000027845|obs_0000011594|obs_0000009703|obs_0000013836|obs_0000015938|obs_0000028575|obs_0000008187|obs_0000008006|obs_0000028408|obs_0000031079|obs_0000029198|obs_0000031248|obs_0000029243|obs_0000031389|obs_0000029927|obs_0000026008|obs_0000030395|obs_0000030607|obs_0000011151|obs_0000026015|obs_0000028759|obs_0000012448|obs_0000016578|obs_0000028878|obs_0000035035|obs_0000028937|obs_0000008467|obs_0000000370|obs_0000004495|obs_0000010755|obs_0000012871|obs_0000027329,obs_0000028695|obs_0000014397|obs_0000028734|obs_0000012445|obs_0000016561|obs_0000010479|obs_0000026883|obs_0000012662|obs_0000008613|obs_0000010756|obs_0000011146|obs_0000011148|obs_0000027560|obs_0000013350|obs_0000033895|obs_0000027845|obs_0000011594|obs_0000009703|obs_0000013836|obs_0000015938|obs_0000034432|obs_0000028520|obs_0000028575|obs_0000028635|obs_0000008187,,
Knoppers,Storck,"€ 1,99",,"1 kg = 9,95","1 kg = 9,95",,Nein,Gültig bis 18.04,2026-04-13,2026-04-18,../images/tegut/tegut_offer_114.jpg,"cat_knabbern_naschen,diet_vegetarian,tag_ultra_processed",,,ref_000113,obs_0000031927|obs_0000031303|obs_0000009611|obs_0000004111|obs_0000000402|obs_0000008732|obs_0000001189|obs_0000004538|obs_0000026688|obs_0000031296|obs_0000000710|obs_0000010062|obs_0000003791|obs_0000008025|obs_0000004965|obs_0000033127|obs_0000026728|obs_0000001664|obs_0000006048|obs_0000032161|obs_0000005474|obs_0000008924|obs_0000014196|obs_0000006236|obs_0000005475|obs_0000029326|obs_0000032429|obs_0000030665,obs_0000006048|obs_0000032161|obs_0000031927|obs_0000031303|obs_0000005474,,
Coca-Cola Fanta Sprite oder Mezzo Mix,Coca-Cola,"€ 4,44",,"1 l = 2,24","1 l = 2,24",,Nein,Gültig bis 18.04,2026-04-13,2026-04-18,../images/tegut/tegut_offer_115.jpg,"cat_getraenke,sub_tk_fertiggerichte,tag_high_protein,tag_proteinreich,tag_ultra_processed",,,ref_000114,obs_0000034906|obs_0000023307|obs_0000022976|obs_0000032258|obs_0000032019|obs_0000029984|obs_0000029010|obs_0000032704|obs_0000030679|obs_0000031043|obs_0000007251|obs_0000007451|obs_0000005442|obs_0000006553|obs_0000000515|obs_0000025798|obs_0000030303|obs_0000007892|obs_0000029419|obs_0000032052|obs_0000028043|obs_0000031294|obs_0000001532|obs_0000015905|obs_0000011120|obs_0000034810|obs_0000023586|obs_0000001110|obs_0000024676|obs_0000024165|obs_0000001642|obs_0000023740|obs_0000034042|obs_0000034648|obs_0000033681|obs_0000034234|obs_0000024202|obs_0000007878|obs_0000023774|obs_0000026646|obs_0000028226|obs_0000004177|obs_0000031900|obs_0000021663|obs_0000026287|obs_0000026323|obs_0000008921|obs_0000017639|obs_0000000810|obs_0000016686,obs_0000032258|obs_0000034906|obs_0000025798|obs_0000032019|obs_0000029984|obs_0000029010|obs_0000032704|obs_0000030679,,
Fruchtgummi Fruchtgummi,Katjes,"€ 0,88",,"pro Einheit = 4,19","pro Einheit = 4,19",,Nein,Gültig bis 18.04,2026-04-13,2026-04-18,../images/tegut/tegut_offer_116.jpg,"cat_knabbern_naschen,tag_ultra_processed",,,ref_000115,obs_0000010105|obs_0000017027|obs_0000001930|obs_0000002314|obs_0000019082|obs_0000019722|obs_0000002318|obs_0000020367|obs_0000002320|obs_0000021394|obs_0000024204|obs_0000016918|obs_0000025361|obs_0000016298|obs_0000020778|obs_0000025134|obs_0000020787|obs_0000021688|obs_0000025528|obs_0000011323|obs_0000021186|obs_0000013647|obs_0000016719|obs_0000014289|obs_0000017102|obs_0000017103|obs_0000027215|obs_0000027602|obs_0000021597|obs_0000020575|obs_0000023776|obs_0000021606|obs_0000023399|obs_0000002943|obs_0000034822|obs_0000021002|obs_0000015250|obs_0000007699|obs_0000001701|obs_0000008121|obs_0000031302|obs_0000030281|obs_0000005837|obs_0000006734|obs_0000020183|obs_0000035007|obs_0000006238|obs_0000006380|obs_0000011116|obs_0000029422,,,
Bio-Tee Drei Minze,Pukka,"€ 3,49",,"pro Einheit = 3,99","pro Einheit = 3,99",,Nein,Gültig bis 18.04,2026-04-13,2026-04-18,../images/tegut/tegut_offer_117.jpg,"cat_getraenke,diet_gluten_free,diet_lactose_free,diet_vegan,diet_vegetarian,tag_ultra_processed",,,ref_000116,obs_0000035009|obs_0000007996|obs_0000032968|obs_0000033499|obs_0000027244|obs_0000011596|obs_0000020481|obs_0000021300|obs_0000013530|obs_0000021786|obs_0000022871|obs_0000015022|obs_0000031795|obs_0000015944|obs_0000016641|obs_0000008687|obs_0000025412|obs_0000018054|obs_0000026894|obs_0000018960|obs_0000028312|obs_0000020428|obs_0000021247|obs_0000022129|obs_0000014277|obs_0000023245|obs_0000023661,,,
Cerealien,Kellogg,"€ 2,79",,"pro Einheit = 4,49","pro Einheit = 4,49",,Nein,Gültig bis 18.04,2026-04-13,2026-04-18,../images/tegut/tegut_offer_118.jpg,"cat_grundnahrung,tag_ultra_processed",,,ref_000117,obs_0000002573|obs_0000021907|obs_0000010261|obs_0000010904|obs_0000020261|obs_0000019645|obs_0000021080|obs_0000014569|obs_0000026092|obs_0000028013|obs_0000013550|obs_0000019709|obs_0000011537|obs_0000011799|obs_0000007193|obs_0000028844|obs_0000011951|obs_0000005564|obs_0000019006|obs_0000019427|obs_0000015441|obs_0000009503|obs_0000009964,obs_0000002573|obs_0000021907|obs_0000010261|obs_0000010904|obs_0000020261|obs_0000019645|obs_0000021080|obs_0000014569|obs_0000026092|obs_0000028013|obs_0000013550|obs_0000019709,,
Cacao Bio-Riegel,Raw Bite,"€ 1,99",,"1 kg = 39,80","1 kg = 39,80",,Nein,Gültig bis 18.04,2026-04-13,2026-04-18,../images/tegut/tegut_offer_119.jpg,"cat_knabbern_naschen,diet_gluten_free,diet_lactose_free,diet_vegan,diet_vegetarian,tag_proteinreich,tag_ultra_processed,tag_whole_food",,,ref_000118,obs_0000016822|obs_0000016928|obs_0000033364|obs_0000017107|obs_0000025377|obs_0000010357|obs_0000019932|obs_0000011786|obs_0000012676|obs_0000013851|obs_0000014601|obs_0000030996|obs_0000022867|obs_0000015457,,,
Bio-Aufstrich,Hedi,"€ 2,99",,"pro Einheit = 3,49","pro Einheit = 3,49",,Nein,Gültig bis 18.04,2026-04-13,2026-04-18,../images/tegut/tegut_offer_120.jpg,"cat_grundnahrung,diet_lactose_free,diet_vegan,diet_vegetarian",,,ref_000119,obs_0000033803|obs_0000035012|obs_0000010681|obs_0000013508|obs_0000015253,,,
Vollkorn-Haferkekse,HaferHerz,"€ 3,33",,"pro Einheit = 3,99","pro Einheit = 3,99",,Nein,Gültig bis 18.04,2026-04-13,2026-04-18,../images/tegut/tegut_offer_121.jpg,"cat_grundnahrung,diet_lactose_free,diet_vegan,diet_vegetarian,tag_whole_food",,,ref_000120,,,,
Vienna Kaffeebohnen,Julius Meinl,"€ 14,99",,"pro Einheit = 19,99","pro Einheit = 19,99",,Nein,Gültig bis 18.04,2026-04-13,2026-04-18,../images/tegut/tegut_offer_122.jpg,"cat_getraenke,diet_gluten_free,diet_lactose_free,diet_vegan,diet_vegetarian",,,ref_000121,obs_0000001526,,,
Mitsuba Snack,Mitsuba Snack,"€ 1,99",,"pro Einheit = 2,49","pro Einheit = 2,49",,Nein,Gültig bis 18.04,2026-04-13,2026-04-18,../images/tegut/tegut_offer_123.jpg,"cat_knabbern_naschen,diet_vegetarian,tag_ultra_processed",,,ref_000122,obs_0000025802|obs_0000017698|obs_0000015693|obs_0000018804|obs_0000014824,,,
Honig,Honig,"€ 5,99",,"pro Einheit = 6,99","pro Einheit = 6,99",,Nein,Gültig bis 18.04,2026-04-13,2026-04-18,../images/tegut/tegut_offer_124.jpg,cat_grundnahrung,,BLS-S120000,ref_000123,obs_0000017124|obs_0000025347|obs_0000032655|obs_0000004625|obs_0000000667|obs_0000001190|obs_0000005052|obs_0000005185|obs_0000016199|obs_0000000463|obs_0000012368|obs_0000019292|obs_0000001757|obs_0000004198|obs_0000019951|obs_0000017010|obs_0000014875|obs_0000017823|obs_0000011941|obs_0000023357|obs_0000016845|obs_0000024667|obs_0000027514|obs_0000028877|obs_0000014974,obs_0000017124,,
Kinder Riegel,Ferrero,"€ 2,49",,"1 kg = 11,86","1 kg = 11,86",,Nein,Gültig bis 18.04,2026-04-13,2026-04-18,../images/tegut/tegut_offer_125.jpg,"cat_knabbern_naschen,diet_vegetarian,tag_ultra_processed",,,ref_000124,obs_0000028698|obs_0000028578|obs_0000029327|obs_0000006926|obs_0000032238|obs_0000007700|obs_0000032428|obs_0000005841|obs_0000018796|obs_0000017407|obs_0000027573|obs_0000030023|obs_0000010357|obs_0000014601|obs_0000030996|obs_0000022867|obs_0000012676|obs_0000016822|obs_0000016928|obs_0000033364|obs_0000017107|obs_0000025377|obs_0000015457|obs_0000019932|obs_0000011786|obs_0000013851|obs_0000028142,obs_0000028698|obs_0000029327|obs_0000006926|obs_0000030023|obs_0000032238|obs_0000007700|obs_0000032428|obs_0000005841|obs_0000028578,,
Haferflocken,Jeden Tag,"€ 0,69",,"1 kg = 1,38","1 kg = 1,38",,Nein,Gültig bis 18.04,2026-04-13,2026-04-18,../images/tegut/tegut_offer_126.jpg,"cat_grundnahrung,diet_lactose_free,diet_vegan,diet_vegetarian,tag_whole_food",,NUTR-0005,ref_000125,obs_0000015879|obs_0000002858|obs_0000015658|obs_0000026414|obs_0000002998|obs_0000008132|obs_0000010710|obs_0000011097|obs_0000013032|obs_0000004225|obs_0000027529|obs_0000029717|obs_0000004652|obs_0000034489|obs_0000003776|obs_0000029627|obs_0000000837|obs_0000005079|obs_0000000485|obs_0000024040|obs_0000001273|obs_0000024706|obs_0000029967|obs_0000025515|obs_0000029245|obs_0000028738|obs_0000022989|obs_0000030935|obs_0000003476|obs_0000002471|obs_0000005102,obs_0000015879|obs_0000002858|obs_0000015658|obs_0000026414|obs_0000002998|obs_0000008132|obs_0000010710|obs_0000011097|obs_0000013032,,
Pistazien,Jeden Tag,"€ 3,49",,"1 kg = 13,96","1 kg = 13,96",,Nein,Gültig bis 18.04,2026-04-13,2026-04-18,../images/tegut/tegut_offer_127.jpg,"cat_non_food,tag_ultra_processed",,BLS-H250100,ref_000126,obs_0000005014|obs_0000000433|obs_0000004160|obs_0000004587|obs_0000001787|obs_0000030998|obs_0000009501|obs_0000016420|obs_0000027176|obs_0000019117|obs_0000026799|obs_0000017714|obs_0000018742|obs_0000010945|obs_0000001746|obs_0000009962|obs_0000011959|obs_0000023603|obs_0000018770|obs_0000017777|obs_0000014475|obs_0000011448|obs_0000031986,obs_0000005014|obs_0000000433|obs_0000004160|obs_0000004587|obs_0000001787,,
Bio-Dinkel Nudeln,Alnatura,"€ 1,99",,"1 kg = 3,98","1 kg = 3,98",,Nein,Gültig bis 18.04,2026-04-13,2026-04-18,,"cat_grundnahrung,diet_gluten_free,diet_lactose_free,diet_vegan,diet_vegetarian,tag_whole_food",,,ref_000127,obs_0000034077|obs_0000019174|obs_0000011531|obs_0000013103|obs_0000034412|obs_0000001691|obs_0000034987|obs_0000027558|obs_0000027785|obs_0000003480|obs_0000011940|obs_0000015007|obs_0000008784|obs_0000013802|obs_0000015006|obs_0000008075,,,
Bio-Nudelsauce,Alnatura,"€ 1,99",,"1 l = 5,69","1 l = 5,69",,Nein,Gültig bis 18.04,2026-04-13,2026-04-18,../images/tegut/tegut_offer_129.jpg,"cat_grundnahrung,diet_gluten_free,diet_lactose_free,diet_vegan,diet_vegetarian,tag_whole_food",,,ref_000128,obs_0000034617,,,
Thunfisch-Stücke,Saupiquet,"€ 2,49",,"1 kg = 13,46","1 kg = 13,46",,Nein,Gültig bis 18.04,2026-04-13,2026-04-18,../images/tegut/tegut_offer_130.jpg,"cat_fisch_meeresfruechte,sub_salate,tag_ultra_processed",,,ref_000129,obs_0000013452|obs_0000014147|obs_0000015656|obs_0000013927,,,
Baking Soda,Arm Hammer,"€ 1,99",,"pro Einheit = 2,49","pro Einheit = 2,49",,Nein,Gültig bis 18.04,2026-04-13,2026-04-18,../images/tegut/tegut_offer_131.jpg,cat_non_food,,,ref_000130,,,,
Bio-Kichererbsen oder Bio-Mais oder Bio-Kidney bohnen,Alnatura,"€ 1,29",,"1 kg = 5,86","1 kg = 5,86",,Nein,Gültig bis 18.04,2026-04-13,2026-04-18,../images/tegut/tegut_offer_132.jpg,"cat_grundnahrung,diet_gluten_free,diet_lactose_free,diet_vegan,diet_vegetarian,sub_huelsenfruechte,tag_whole_food",,,ref_000131,obs_0000033898|obs_0000028216|obs_0000028278|obs_0000011931|obs_0000008897|obs_0000028471|obs_0000031037|obs_0000020634|obs_0000022298|obs_0000011065|obs_0000021453,,,
Bio-Himalaya Basmati-Reis,Alnatura,"€ 4,44",,"pro Einheit = 4,44","pro Einheit = 4,44",,Nein,Gültig bis 18.04,2026-04-13,2026-04-18,../images/tegut/tegut_offer_133.jpg,"cat_grundnahrung,diet_gluten_free,diet_lactose_free,diet_vegan,diet_vegetarian,sub_reis,tag_whole_food",,,ref_000132,obs_0000034213|obs_0000034830|obs_0000019373|obs_0000011928|obs_0000020706|obs_0000021525|obs_0000021789|obs_0000025115|obs_0000016448|obs_0000000654|obs_0000034019|obs_0000025848|obs_0000019357,obs_0000034830,,
American Style Cookies,Jeden Tag,"€ 1,49",,"1 kg = 6,62","1 kg = 6,62",,Nein,Gültig bis 18.04,2026-04-13,2026-04-18,../images/tegut/tegut_offer_134.jpg,"cat_knabbern_naschen,diet_vegetarian",,,ref_000133,obs_0000023594|obs_0000018562|obs_0000014567|obs_0000023321|obs_0000021973|obs_0000020539|obs_0000002400|obs_0000021358|obs_0000025068,,,
Olivenöl,Bertolli,"€ 5,99",,"pro Einheit = 7,99","pro Einheit = 7,99",,Nein,Gültig bis 18.04,2026-04-13,2026-04-18,../images/tegut/tegut_offer_135.jpg,"cat_grundnahrung,diet_gluten_free,diet_lactose_free,diet_vegan,diet_vegetarian,tag_whole_food",,BLS-Q120000,ref_000134,obs_0000002836|obs_0000001438|obs_0000011361|obs_0000009909|obs_0000009444|obs_0000012838|obs_0000009824|obs_0000014985|obs_0000011075|obs_0000000095|obs_0000013463|obs_0000005928|obs_0000015414|obs_0000007366|obs_0000014541|obs_0000021137|obs_0000000536|obs_0000025631|obs_0000032416|obs_0000022319|obs_0000021940|obs_0000012351|obs_0000020167|obs_0000027595|obs_0000025043|obs_0000008020|obs_0000028880|obs_0000020318|obs_0000013794|obs_0000014304|obs_0000029674|obs_0000015852|obs_0000008430|obs_0000020986|obs_0000018950|obs_0000034833|obs_0000028952|obs_0000033698|obs_0000034212|obs_0000018480|obs_0000005177|obs_0000002495|obs_0000001216|obs_0000028869|obs_0000018248|obs_0000008793|obs_0000034888|obs_0000034420|obs_0000003325|obs_0000007186,obs_0000002836|obs_0000001438|obs_0000005928|obs_0000009909|obs_0000007366|obs_0000011361|obs_0000009444,,
Medera o oder Mia,Freixenet,"€ 3,49",,"pro Einheit = 4,49","pro Einheit = 4,49",,Nein,Gültig bis 18.04,2026-04-13,2026-04-18,../images/tegut/tegut_offer_136.jpg,cat_getraenke,,,ref_000135,obs_0000015260|obs_0000011983|obs_0000016121|obs_0000005450|obs_0000007869,obs_0000015260|obs_0000011983|obs_0000016121,,
Münchner Hell Weißbier oder Natur Radler,Paulaner,"€ 0,89",,"pro Einheit = 1,19","pro Einheit = 1,19",,Nein,Gültig bis 18.04,2026-04-13,2026-04-18,../images/tegut/tegut_offer_137.jpg,cat_getraenke,,,ref_000136,obs_0000031617|obs_0000029258|obs_0000035040|obs_0000035050|obs_0000012642|obs_0000031388|obs_0000028962|obs_0000028970|obs_0000013313|obs_0000033822|obs_0000028250|obs_0000015504|obs_0000035046|obs_0000034636|obs_0000010094|obs_0000001442|obs_0000027553|obs_0000003504|obs_0000031751|obs_0000013844|obs_0000034841|obs_0000009785|obs_0000031386|obs_0000031911|obs_0000034475|obs_0000034487|obs_0000009915|obs_0000027336|obs_0000028367|obs_0000028886|obs_0000027350|obs_0000011994|obs_0000006377|obs_0000035037|obs_0000035038|obs_0000010541|obs_0000014654|obs_0000028550|obs_0000034223|obs_0000008658|obs_0000028667,,,
Merlot oder Moscato,Barefoot,"€ 4,79",,"pro Einheit = 5,99","pro Einheit = 5,99",,Nein,Gültig bis 18.04,2026-04-13,2026-04-18,../images/tegut/tegut_offer_138.jpg,"cat_getraenke,tag_ultra_processed",,,ref_000137,obs_0000012435|obs_0000015080|obs_0000011137|obs_0000013822|obs_0000015925|obs_0000008375|obs_0000026185,,,
NaturRadler,Gösser,"€ 14,99",,"pro Einheit = 21,49","pro Einheit = 21,49",,Nein,Gültig bis 18.04,2026-04-13,2026-04-18,../images/tegut/tegut_offer_139.jpg,"cat_getraenke,diet_vegetarian,sub_milchprodukte",,,ref_000138,obs_0000033832|obs_0000034296|obs_0000015500|obs_0000012183|obs_0000029990|obs_0000030250|obs_0000031615,obs_0000001442|obs_0000033832|obs_0000034296,,
Bio-Riesling,biorebe,"€ 3,99",,"1 l = 5,32","1 l = 5,32",,Nein,Gültig bis 18.04,2026-04-13,2026-04-18,../images/tegut/tegut_offer_140.jpg,"cat_obst_gemuese,diet_gluten_free,diet_lactose_free,diet_vegan,diet_vegetarian,tag_whole_food",,,ref_000139,obs_0000034220|obs_0000034683|obs_0000035028|obs_0000017683|obs_0000018852|obs_0000025421|obs_0000033828|obs_0000034633|obs_0000010309|obs_0000019740|obs_0000003513|obs_0000020555|obs_0000021374|obs_0000008015,obs_0000034220|obs_0000034683|obs_0000035028,,
Goldbräu,Stiegl,"€ 15,99",,"pro Einheit = 19,99","pro Einheit = 19,99",,Nein,Gültig bis 18.04,2026-04-13,2026-04-18,../images/tegut/tegut_offer_141.jpg,"cat_getraenke,diet_gluten_free,diet_lactose_free,diet_vegetarian,tag_ultra_processed",,,ref_000140,obs_0000034290|obs_0000035042|obs_0000034032,obs_0000034290|obs_0000035042|obs_0000034032,,
Sekt,Nymphenburg,"€ 2,99",,"pro Einheit = 4,29","pro Einheit = 4,29",,Nein,Gültig bis 18.04,2026-04-13,2026-04-18,../images/tegut/tegut_offer_142.jpg,cat_getraenke,,,ref_000141,obs_0000011802|obs_0000017436|obs_0000018465|obs_0000017456|obs_0000003634|obs_0000013889|obs_0000019009|obs_0000031833|obs_0000019561|obs_0000018037|obs_0000028281|obs_0000000122|obs_0000012437|obs_0000010911|obs_0000026289|obs_0000023255|obs_0000027358|obs_0000018687|obs_0000016680|obs_0000015666|obs_0000014644|obs_0000024889|obs_0000026425|obs_0000011590|obs_0000015699|obs_0000027487|obs_0000008047|obs_0000012694|obs_0000002457|obs_0000022430|obs_0000025002|obs_0000001461|obs_0000026048|obs_0000032264|obs_0000028182|obs_0000013336|obs_0000015931|obs_0000015933|obs_0000008276|obs_0000023645|obs_0000008803|obs_0000024169|obs_0000015498|obs_0000013971|obs_0000012436|obs_0000010391|obs_0000031399|obs_0000009903|obs_0000010420|obs_0000023745,obs_0000011802|obs_0000017436|obs_0000018465|obs_0000017456|obs_0000003634|obs_0000013889|obs_0000019009|obs_0000031833|obs_0000019561|obs_0000018037|obs_0000028281|obs_0000000122|obs_0000012437|obs_0000010911|obs_0000026289|obs_0000030406|obs_0000023255|obs_0000027358|obs_0000018687|obs_0000016680|obs_0000015666|obs_0000014644|obs_0000024889|obs_0000026425|obs_0000011590|obs_0000015699|obs_0000027487|obs_0000008047|obs_0000012694|obs_0000002457|obs_0000022430|obs_0000025002|obs_0000001461|obs_0000026048,,
Bacardi,Bacardi,"€ 10,99",,"pro Einheit = 14,49","pro Einheit = 14,49",,Nein,Gültig bis 18.04,2026-04-13,2026-04-18,../images/tegut/tegut_offer_143.jpg,cat_non_food,,,ref_000142,obs_0000034428|obs_0000007905|obs_0000032448,,,
Wodka Gorbatschow,Wodka Gorbatschow,"€ 6,99",,"pro Einheit = 9,79","pro Einheit = 9,79",,Nein,Gültig bis 18.04,2026-04-13,2026-04-18,../images/tegut/tegut_offer_144.jpg,cat_getraenke,,,ref_000143,obs_0000006722|obs_0000007655|obs_0000028184|obs_0000030405|obs_0000032026|obs_0000034639|obs_0000030591,obs_0000006722|obs_0000007655,,
Urtyp,Astra,"€ 11,99",,"pro Einheit = 15,99","pro Einheit = 15,99",,Nein,Gültig bis 18.04,2026-04-13,2026-04-18,../images/tegut/tegut_offer_145.jpg,"cat_non_food,diet_vegetarian",,,ref_000144,obs_0000030700,,,
Bio-Limo,Bio-Limo,"€ 1,19",,"1 l = 2,38","1 l = 2,38",,Nein,Gültig bis 18.04,2026-04-13,2026-04-18,../images/tegut/tegut_offer_146.jpg,"cat_obst_gemuese,diet_gluten_free,diet_lactose_free,diet_vegan,diet_vegetarian,tag_ultra_processed,tag_whole_food",,BLS-F602100,ref_000145,obs_0000015050,obs_0000015050,,
Bio-Limonade oder ChariTea Bio-Tee,LemonAid,"€ 1,49",,"pro Einheit = 1,79","pro Einheit = 1,79",,Nein,Gültig bis 18.04,2026-04-13,2026-04-18,,"cat_getraenke,diet_lactose_free,diet_vegan,diet_vegetarian,tag_ultra_processed",,,ref_000146,obs_0000032968|obs_0000033499|obs_0000034435|obs_0000027244|obs_0000011596|obs_0000028424|obs_0000020481|obs_0000021300|obs_0000013530|obs_0000021786|obs_0000022871|obs_0000015022|obs_0000031795|obs_0000015944|obs_0000007996|obs_0000016641|obs_0000008687|obs_0000017032|obs_0000025412|obs_0000009657|obs_0000026058|obs_0000026204|obs_0000018054|obs_0000026276|obs_0000026581|obs_0000026894|obs_0000027047|obs_0000027133|obs_0000018960|obs_0000027567|obs_0000028310|obs_0000028312|obs_0000020428|obs_0000021247|obs_0000022129|obs_0000014277|obs_0000023245|obs_0000031651|obs_0000023661|obs_0000016311,,,
Spezi,Krombacher,"€ 0,79",,"pro Einheit = 0,99","pro Einheit = 0,99",,Nein,Gültig bis 18.04,2026-04-13,2026-04-18,../images/tegut/tegut_offer_148.jpg,"cat_getraenke,tag_ultra_processed",,,ref_000147,obs_0000027152|obs_0000010907|obs_0000022812|obs_0000033836|obs_0000012863|obs_0000026321|obs_0000013907|obs_0000000637|obs_0000027903|obs_0000005456|obs_0000030685|obs_0000010207|obs_0000014342|obs_0000034439|obs_0000012187|obs_0000015662|obs_0000006363|obs_0000031347|obs_0000005257|obs_0000007080|obs_0000005812|obs_0000032720,obs_0000027152|obs_0000010907|obs_0000022812|obs_0000033836|obs_0000012863|obs_0000026321|obs_0000013907|obs_0000030685|obs_0000000637|obs_0000027903,,
Mineralwasser,Adelholzener,"€ 4,99",,"1 l = 0,83","1 l = 0,83",,Nein,Gültig bis 18.04,2026-04-13,2026-04-18,../images/tegut/tegut_offer_149.jpg,"cat_getraenke,diet_gluten_free,diet_lactose_free,diet_vegan,diet_vegetarian",,,ref_000148,obs_0000028841|obs_0000031006|obs_0000027653|obs_0000034851|obs_0000015908|obs_0000031797|obs_0000026205|obs_0000008801|obs_0000003689|obs_0000015481|obs_0000031867|obs_0000012414|obs_0000031871|obs_0000028800|obs_0000034437|obs_0000008841|obs_0000009353|obs_0000027836|obs_0000011969|obs_0000021185|obs_0000027856|obs_0000008437|obs_0000034043|obs_0000034044|obs_0000009985|obs_0000028931|obs_0000035059|obs_0000010519|obs_0000014625|obs_0000028968|obs_0000026948|obs_0000028493|obs_0000008537|obs_0000011123|obs_0000028537|obs_0000028027|obs_0000020366|obs_0000028603|obs_0000034235|obs_0000034238|obs_0000026570|obs_0000013773|obs_0000025562|obs_0000028654|obs_0000014332|obs_0000031249|obs_0000002068|obs_0000024088|obs_0000029232|obs_0000031834,obs_0000027653|obs_0000034851|obs_0000015908|obs_0000031797|obs_0000026205|obs_0000008801|obs_0000003689|obs_0000015481|obs_0000031867|obs_0000012414|obs_0000031871|obs_0000028800|obs_0000034437|obs_0000008841|obs_0000009353|obs_0000028841|obs_0000027836|obs_0000011969|obs_0000021185|obs_0000027856|obs_0000006890|obs_0000008437|obs_0000034043|obs_0000034044|obs_0000009985|obs_0000028931|obs_0000035059|obs_0000010519|obs_0000031006|obs_0000014625|obs_0000028968|obs_0000026948|obs_0000028493|obs_0000008537|obs_0000011123|obs_0000028537|obs_0000028027|obs_0000020366|obs_0000028603|obs_0000034235|obs_0000034238|obs_0000026570|obs_0000013773|obs_0000025562|obs_0000028654|obs_0000014332,,
Bio-Eistee,Bio-Eistee,"€ 1,69",,"pro Einheit = 1,69","pro Einheit = 1,69",,Nein,Gültig bis 18.04,2026-04-13,2026-04-18,../images/tegut/tegut_offer_150.jpg,"cat_getraenke,diet_gluten_free,diet_lactose_free,diet_vegan,diet_vegetarian,tag_ultra_processed",,,ref_000149,obs_0000009061|obs_0000017891|obs_0000017982|obs_0000026836|obs_0000002343|obs_0000027236|obs_0000011155|obs_0000019389|obs_0000003163|obs_0000027985|obs_0000012452|obs_0000013610|obs_0000022016|obs_0000014050|obs_0000015096|obs_0000023317|obs_0000024081|obs_0000008086|obs_0000024502|obs_0000030940|obs_0000031392,,,
Gatorade,Gatorade,"€ 0,99",,"pro Einheit = 1,49","pro Einheit = 1,49",,Nein,Gültig bis 18.04,2026-04-13,2026-04-18,../images/tegut/tegut_offer_151.jpg,"cat_getraenke,diet_vegetarian,tag_ultra_processed",,,ref_000150,obs_0000005273,,,
Mineralwasser,Evian,"€ 0,88",,"pro Einheit = 1,09","pro Einheit = 1,09",,Nein,Gültig bis 18.04,2026-04-13,2026-04-18,../images/tegut/tegut_offer_152.jpg,"cat_getraenke,diet_gluten_free,diet_lactose_free,diet_vegan,diet_vegetarian",,,ref_000151,obs_0000034235|obs_0000027653|obs_0000034851|obs_0000015908|obs_0000031797|obs_0000026205|obs_0000008801|obs_0000003689|obs_0000015481|obs_0000031867|obs_0000012414|obs_0000031871|obs_0000028800|obs_0000034437|obs_0000008841|obs_0000009353|obs_0000028841|obs_0000027836|obs_0000011969|obs_0000021185|obs_0000027856|obs_0000008437|obs_0000034043|obs_0000034044|obs_0000009985|obs_0000028931|obs_0000035059|obs_0000010519|obs_0000031006|obs_0000014625|obs_0000028968|obs_0000026948|obs_0000028493|obs_0000008537|obs_0000011123|obs_0000028537|obs_0000028027|obs_0000020366|obs_0000028603|obs_0000034238|obs_0000026570|obs_0000013773|obs_0000025562|obs_0000028654|obs_0000014332|obs_0000031249|obs_0000002068|obs_0000024088|obs_0000029232|obs_0000031834,obs_0000027653|obs_0000034851|obs_0000015908|obs_0000031797|obs_0000026205|obs_0000008801|obs_0000003689|obs_0000015481|obs_0000031867|obs_0000012414|obs_0000031871|obs_0000028800|obs_0000034437|obs_0000008841|obs_0000009353|obs_0000028841|obs_0000027836|obs_0000011969|obs_0000021185|obs_0000027856|obs_0000008437|obs_0000034043|obs_0000034044|obs_0000009985|obs_0000028931|obs_0000035059|obs_0000010519|obs_0000031006|obs_0000014625|obs_0000028968|obs_0000026948|obs_0000028493|obs_0000008537|obs_0000011123|obs_0000028537|obs_0000028027|obs_0000020366|obs_0000028603|obs_0000034235|obs_0000034238|obs_0000026570|obs_0000013773|obs_0000025562|obs_0000028654|obs_0000014332,,x
Fassbrause,Krombacher,"€ 3,99",,"pro Einheit = 5,29","pro Einheit = 5,29",,Nein,Gültig bis 18.04,2026-04-13,2026-04-18,../images/tegut/tegut_offer_153.jpg,cat_getraenke,,BLS-N323000,ref_000152,obs_0000031859,obs_0000031859,,
Bio-Vollkorngetreidebrei Hirse,demeter Holle,"€ 2,49",,"1 kg = 9,96","1 kg = 9,96",,Nein,Gültig bis 18.04,2026-04-13,2026-04-18,../images/tegut/tegut_offer_154.jpg,"cat_grundnahrung,diet_gluten_free,diet_lactose_free,diet_vegan,diet_vegetarian,tag_whole_food",,,ref_000153,,,,
Reise-Nackenkissen,Reise-Nackenkissen,"€ 9,99",,"pro Einheit = 9,99","pro Einheit = 9,99",,Nein,Gültig bis 18.04,2026-04-13,2026-04-18,../images/tegut/tegut_offer_155.jpg,"cat_non_food,diet_vegan",,,ref_000154,obs_0000010218,,,
Haarspray,Taft,"€ 2,99",,"pro Einheit = 3,49","pro Einheit = 3,49",,Nein,Gültig bis 18.04,2026-04-13,2026-04-18,../images/tegut/tegut_offer_156.jpg,cat_drogerie,,,ref_000155,obs_0000033159|obs_0000016136|obs_0000033415|obs_0000032915|obs_0000032987|obs_0000011611|obs_0000033144|obs_0000015099|obs_0000008210|obs_0000033569|obs_0000029397|obs_0000032989|obs_0000033247|obs_0000032763|obs_0000010550|obs_0000013238|obs_0000009689|obs_0000033379|obs_0000013677|obs_0000009209|obs_0000005298|obs_0000033610|obs_0000005860|obs_0000006590|obs_0000005669|obs_0000006765,obs_0000033159|obs_0000016136|obs_0000033415|obs_0000032915|obs_0000032987|obs_0000011611|obs_0000032763|obs_0000033144|obs_0000015099,,
Kabel-Organizer-Tasche,Kabel-Organizer-Tasche,"€ 4,99",,"pro Einheit = 7,99","pro Einheit = 7,99",,Nein,Gültig bis 18.04,2026-04-13,2026-04-18,../images/tegut/tegut_offer_157.jpg,cat_non_food,,,ref_000156,obs_0000033296|obs_0000016282|obs_0000001361,,,
Faltbarer Rucksack,Faltbarer Rucksack,"€ 6,99",,"pro Einheit = 6,99","pro Einheit = 6,99",,Nein,Gültig bis 18.04,2026-04-13,2026-04-18,../images/tegut/tegut_offer_158.jpg,"cat_non_food,diet_vegetarian,tag_ultra_processed",,,ref_000157,obs_0000013861|obs_0000010317|obs_0000015199|obs_0000012628|obs_0000011256|obs_0000014171|obs_0000014782|obs_0000013023,,,
Glow by Nature Bodylotion,Lavera,"€ 5,99",,"1 l = 29,95","1 l = 29,95",,Nein,Gültig bis 18.04,2026-04-13,2026-04-18,../images/tegut/tegut_offer_159.jpg,cat_drogerie,,,ref_000158,obs_0000033034|obs_0000033105,,,
Skin Food Creme,Weleda,"€ 8,88",,"1 l = 118,40","1 l = 118,40",,Nein,Gültig bis 18.04,2026-04-13,2026-04-18,../images/tegut/tegut_offer_160.jpg,cat_drogerie,,,ref_000159,obs_0000034663|obs_0000033465|obs_0000033360|obs_0000013141,,,
Oil Repair 3 Shampoo oder Spülung,Fructis,"€ 2,22",,"pro Einheit = 2,79","pro Einheit = 2,79",,Nein,Gültig bis 18.04,2026-04-13,2026-04-18,../images/tegut/tegut_offer_161.jpg,cat_drogerie,,,ref_000160,obs_0000011609|obs_0000012017|obs_0000012465|obs_0000012896|obs_0000013405|obs_0000015518|obs_0000016129|obs_0000010773|obs_0000012018|obs_0000012696|obs_0000013613|obs_0000005485|obs_0000005852|obs_0000006589|obs_0000015098|obs_0000007501|obs_0000015963|obs_0000032840|obs_0000032877|obs_0000033059|obs_0000033092|obs_0000033133|obs_0000033168|obs_0000000446|obs_0000033215|obs_0000033227|obs_0000033237|obs_0000033244|obs_0000033372|obs_0000033398|obs_0000033460|obs_0000033529|obs_0000033623|obs_0000033649|obs_0000009325|obs_0000034052|obs_0000009494|obs_0000034239|obs_0000009796|obs_0000009955|obs_0000034662|obs_0000001916|obs_0000010154|obs_0000034854|obs_0000035066|obs_0000002339|obs_0000019053|obs_0000010913|obs_0000011610|obs_0000028560,,,
Bio-Quetschie,Mogli,"€ 0,77",,"pro Einheit = 0,99","pro Einheit = 0,99",,Nein,Gültig bis 18.04,2026-04-13,2026-04-18,../images/tegut/tegut_offer_162.jpg,"cat_obst_gemuese,diet_lactose_free,diet_vegan,diet_vegetarian",,,ref_000161,,obs_0000033219|obs_0000034443,,
Deo Spray oder Roll on,CD,"€ 1,79",,"pro Einheit = 1,99","pro Einheit = 1,99",,Nein,Gültig bis 18.04,2026-04-13,2026-04-18,../images/tegut/tegut_offer_163.jpg,cat_drogerie,,,ref_000162,obs_0000014681|obs_0000012028|obs_0000010782|obs_0000033847|obs_0000034449|obs_0000010004|obs_0000012472|obs_0000009543|obs_0000031854|obs_0000007295|obs_0000006769|obs_0000029053|obs_0000013582|obs_0000032801|obs_0000011176|obs_0000031921|obs_0000012471|obs_0000013151|obs_0000012900|obs_0000014190,obs_0000014681,,
Pure Küchentücher,mach mit,"€ 2,99",,"pro Einheit = 3,99","pro Einheit = 3,99",,Nein,Gültig bis 18.04,2026-04-13,2026-04-18,../images/tegut/tegut_offer_164.jpg,cat_drogerie,,,ref_000163,obs_0000034991|obs_0000017283|obs_0000026500|obs_0000028044|obs_0000023316|obs_0000034463|obs_0000027452|obs_0000013759|obs_0000020296|obs_0000025544|obs_0000002895|obs_0000014417|obs_0000027217|obs_0000010070|obs_0000011370|obs_0000016235|obs_0000022123|obs_0000019566|obs_0000022515|obs_0000014197|obs_0000021115|obs_0000018046,,,
Daily Slipeinlagen,Always,"€ 2,79",,"pro Einheit = 3,29","pro Einheit = 3,29",,Nein,Gültig bis 18.04,2026-04-13,2026-04-18,../images/tegut/tegut_offer_165.jpg,cat_drogerie,,,ref_000164,obs_0000010149|obs_0000026351|obs_0000028712|obs_0000028589|obs_0000033278|obs_0000001971|obs_0000002897|obs_0000030084|obs_0000030085|obs_0000032771|obs_0000033669|obs_0000032779|obs_0000008207|obs_0000033444|obs_0000015952|obs_0000011601|obs_0000012882|obs_0000032995|obs_0000012009,,,
Waschmittel Pulver,Ariel,"€ 5,49",,"pro Einheit = 0,31","pro Einheit = 0,31",,Nein,Gültig bis 18.04,2026-04-13,2026-04-18,../images/tegut/tegut_offer_166.jpg,cat_drogerie,,,ref_000165,obs_0000032848|obs_0000033136|obs_0000034253|obs_0000018449|obs_0000027703|obs_0000012875|obs_0000023646|obs_0000024174|obs_0000002728|obs_0000023748|obs_0000023244|obs_0000025812|obs_0000017654|obs_0000018794|obs_0000019827|obs_0000022410|obs_0000027175|obs_0000034866|obs_0000016462|obs_0000018542|obs_0000019568|obs_0000013946|obs_0000025217|obs_0000026760|obs_0000021665|obs_0000033445|obs_0000012454|obs_0000018152|obs_0000015109|obs_0000033069|obs_0000022331|obs_0000022340|obs_0000020846|obs_0000012181|obs_0000003486|obs_0000019384|obs_0000017352|obs_0000026568|obs_0000022520|obs_0000025598|obs_0000007921,obs_0000028748|obs_0000032848|obs_0000029401|obs_0000033136|obs_0000034253,,
Knabbermix,Felix,"€ 0,88",,"pro Einheit = 1,29","pro Einheit = 1,29",,Nein,Gültig bis 18.04,2026-04-13,2026-04-18,../images/tegut/tegut_offer_167.jpg,"cat_knabbern_naschen,diet_vegetarian,tag_ultra_processed",,,ref_000166,obs_0000034667|obs_0000029742|obs_0000025272,obs_0000029742,,
Domestos WC-Stein Viss Scheuermilch oder Domestos Kraft Frische WC-Gel,Domestos WC-Stein Viss Scheuermilch oder Domestos Kraft Frische WC-Gel,"€ 1,59",,"pro Einheit = 2,12","pro Einheit = 2,12",,Nein,Gültig bis 18.04,2026-04-13,2026-04-18,../images/tegut/tegut_offer_168.jpg,cat_drogerie,,,ref_000167,obs_0000034066|obs_0000010933|obs_0000012226|obs_0000031048|obs_0000011603,,,
Katzennahrung,Gourmet Gold,"€ 0,49",,"pro Einheit = 0,69","pro Einheit = 0,69",,Nein,Gültig bis 18.04,2026-04-13,2026-04-18,../images/tegut/tegut_offer_169.jpg,cat_tiernahrung,,,ref_000168,obs_0000033541|obs_0000034456|obs_0000013736|obs_0000015533|obs_0000027821|obs_0000014398|obs_0000008127|obs_0000026441|obs_0000012491|obs_0000015701|obs_0000014307|obs_0000030727|obs_0000032780|obs_0000026771|obs_0000028826|obs_0000013992|obs_0000034869|obs_0000006400|obs_0000028361|obs_0000028746|obs_0000034257|obs_0000029394|obs_0000005493|obs_0000007936|obs_0000028189|obs_0000033860|obs_0000032856|obs_0000032857|obs_0000005863|obs_0000033005|obs_0000028398|obs_0000033390|obs_0000006773|obs_0000031863|obs_0000030369|obs_0000032042|obs_0000005677|obs_0000007118|obs_0000030031|obs_0000007508|obs_0000031378|obs_0000032151|obs_0000032286|obs_0000029741|obs_0000032457|obs_0000034062|obs_0000032288|obs_0000008604,obs_0000033541|obs_0000034456|obs_0000013736|obs_0000015533|obs_0000027821|obs_0000014398|obs_0000008127|obs_0000026441|obs_0000012491|obs_0000015701|obs_0000014307,,
Kamillen-Toilettenpapier,Regina,"€ 2,99",,"pro Einheit = 4,29","pro Einheit = 4,29",,Nein,Gültig bis 18.04,2026-04-13,2026-04-18,../images/tegut/tegut_offer_170.jpg,cat_drogerie,,,ref_000169,obs_0000026332|obs_0000006587|obs_0000000527|obs_0000003599|obs_0000001568|obs_0000010282|obs_0000033855|obs_0000002116|obs_0000026693|obs_0000024163|obs_0000013932|obs_0000004745|obs_0000013454|obs_0000027323|obs_0000023741|obs_0000034994|obs_0000028373|obs_0000025816|obs_0000028891|obs_0000004318|obs_0000033514|obs_0000000748|obs_0000033004|obs_0000000261|obs_0000008992|obs_0000000809|obs_0000003891|obs_0000001341|obs_0000014665|obs_0000033636|obs_0000033135|obs_0000028024|obs_0000011770,,,
Dalli Waschmittel,Dalli,"€ 18,00",,"pro Einheit = 0,09","pro Einheit = 0,09",,Nein,Gültig bis 18.04,2026-04-13,2026-04-18,../images/tegut/tegut_offer_171.jpg,cat_drogerie,,,ref_000170,obs_0000018449|obs_0000034866|obs_0000027703|obs_0000012875|obs_0000016462|obs_0000023646|obs_0000018542|obs_0000024174|obs_0000019568|obs_0000013946|obs_0000025217|obs_0000026760|obs_0000021665|obs_0000033445|obs_0000012454|obs_0000002728|obs_0000023748|obs_0000023244|obs_0000025812|obs_0000018152|obs_0000017654|obs_0000015109|obs_0000033069|obs_0000022331|obs_0000022340|obs_0000018794|obs_0000020846|obs_0000019827|obs_0000022410|obs_0000012181|obs_0000003486|obs_0000019384|obs_0000017352|obs_0000026568|obs_0000022520|obs_0000025598,,,
Reine Citronensäure,Heitmann,"€ 2,49",,"1 l = 9,96","1 l = 9,96",,Nein,Gültig bis 18.04,2026-04-13,2026-04-18,../images/tegut/tegut_offer_172.jpg,"cat_grundnahrung,diet_gluten_free,diet_lactose_free,diet_vegan,diet_vegetarian",,,ref_000171,obs_0000001415|obs_0000015104|obs_0000033071|obs_0000009871|obs_0000009411|obs_0000034458,obs_0000001415|obs_0000033071|obs_0000015104,,
Geschirrspülmaschinenreiniger,Finish,"€ 4,99",,"pro Einheit = 5,99","pro Einheit = 5,99",,Nein,Gültig bis 18.04,2026-04-13,2026-04-18,../images/tegut/tegut_offer_173.jpg,cat_drogerie,,,ref_000172,obs_0000034676,obs_0000034676,,
Hundenahrung,Pedigree,"€ 1,99",,"pro Einheit = 2,99","pro Einheit = 2,99",,Nein,Gültig bis 18.04,2026-04-13,2026-04-18,,cat_tiernahrung,,,ref_000173,obs_0000035081|obs_0000031674|obs_0000031754|obs_0000026642|obs_0000011178|obs_0000009004|obs_0000015976|obs_0000027763|obs_0000029061|obs_0000034061|obs_0000034459|obs_0000010788|obs_0000034868|obs_0000032458|obs_0000030030|obs_0000007509|obs_0000012905|obs_0000027629|obs_0000034671|obs_0000005678|obs_0000026578|obs_0000015100|obs_0000007937,obs_0000029061|obs_0000031754|obs_0000026642|obs_0000035081|obs_0000011178|obs_0000009004|obs_0000031674|obs_0000015976|obs_0000027763,,
Grill-Holzkohle oder -Briketts,proFagus,"€ 10,00",,"1 kg = 1,67","1 kg = 1,67",,Nein,Gültig bis 18.04,2026-04-13,2026-04-18,../images/tegut/tegut_offer_175.jpg,"cat_getraenke,diet_vegan,diet_vegetarian,tag_ultra_processed",,,ref_000174,,,,
Bio-Putensteak,Bio-Putensteak,"€ 2,49",,"pro Einheit = 2,49","pro Einheit = 2,49",,Nein,Gültig bis 18.04,2026-04-13,2026-04-18,../images/tegut/tegut_offer_176.jpg,"cat_fleisch_wurst,diet_gluten_free,diet_vegetarian,sub_schwein",,,ref_000175,,,,
Feinkostsauce,Heinz,"€ 1,79",,"1 l = 8,14","1 l = 8,14",,Nein,Gültig bis 18.04,2026-04-13,2026-04-18,../images/tegut/tegut_offer_177.jpg,"cat_grundnahrung,diet_gluten_free,diet_lactose_free,diet_vegan,diet_vegetarian,tag_ultra_processed",,,ref_000176,obs_0000034270|obs_0000007569|obs_0000005179|obs_0000006467,obs_0000034270,,
Baguette,Meggle,"€ 1,29",,"pro Einheit = 1,69","pro Einheit = 1,69",,Nein,Gültig bis 18.04,2026-04-13,2026-04-18,../images/tegut/tegut_offer_178.jpg,"cat_grundnahrung,diet_vegetarian,sub_butter_margarine,sub_milchprodukte",,BLS-B781200,ref_000177,obs_0000012827|obs_0000013087|obs_0000029716|obs_0000007723|obs_0000006255|obs_0000007301|obs_0000008956|obs_0000014164|obs_0000012656|obs_0000028548|obs_0000028665|obs_0000014220|obs_0000026139|obs_0000005682|obs_0000009345|obs_0000009926|obs_0000001802|obs_0000031511|obs_0000013088|obs_0000032054|obs_0000030524|obs_0000024398|obs_0000006503|obs_0000007031|obs_0000022956|obs_0000023980|obs_0000027085|obs_0000007790|obs_0000032409|obs_0000034985|obs_0000034587|obs_0000029618|obs_0000006153|obs_0000007786|obs_0000007793|obs_0000032390|obs_0000010481|obs_0000011018|obs_0000032073|obs_0000030163|obs_0000001799|obs_0000030490|obs_0000032069|obs_0000032644|obs_0000030168|obs_0000029145,obs_0000029716|obs_0000012827|obs_0000007723|obs_0000006255|obs_0000007301|obs_0000008956|obs_0000013087|obs_0000032054|obs_0000030524|obs_0000014164|obs_0000012656|obs_0000007031|obs_0000028548|obs_0000028665,,
Feuerspieß XXL,Feuerspieß XXL,"€ 1,49",,"pro Einheit = 1,79","pro Einheit = 1,79",,Nein,Gültig bis 18.04,2026-04-13,2026-04-18,../images/tegut/tegut_offer_179.jpg,cat_non_food,,,ref_000178,obs_0000012763|obs_0000013967,,,
Grill- und Pfannenkäse Kräuter,Gazi,"€ 1,99",,"1 kg = 9,95","1 kg = 9,95",,Nein,Gültig bis 18.04,2026-04-13,2026-04-18,../images/tegut/tegut_offer_180.jpg,"cat_molkerei_kaese,sub_kaese,sub_milchprodukte",,,ref_000179,obs_0000014494|obs_0000014191|obs_0000006444|obs_0000002274|obs_0000012814|obs_0000000636|obs_0000002843|obs_0000011054|obs_0000009506|obs_0000001352|obs_0000013754|obs_0000009967|obs_0000034623,,,
Grillfackel,Grillfackel,"€ 1,29",,"pro Einheit = 1,29","pro Einheit = 1,29",,Nein,Gültig bis 18.04,2026-04-13,2026-04-18,../images/tegut/tegut_offer_181.jpg,cat_non_food,,,ref_000180,,,,
Bruzzzler Geflügelbratwurst,Wiesenhof,"€ 3,99",,"pro Einheit = 4,99","pro Einheit = 4,99",,Nein,Gültig bis 18.04,2026-04-13,2026-04-18,../images/tegut/tegut_offer_182.jpg,"cat_fleisch_wurst,sub_gefluegel,sub_wurst,tag_ultra_processed",,BLS-W223100,ref_000181,,,,
mittelscharfer Delikatess Senf,Thomy,"€ 0,99",,"pro Einheit = 1,19","pro Einheit = 1,19",,Nein,Gültig bis 18.04,2026-04-13,2026-04-18,../images/tegut/tegut_offer_183.jpg,"cat_grundnahrung,diet_vegetarian,tag_ultra_processed",,,ref_000182,obs_0000034414|obs_0000014015|obs_0000009072|obs_0000015847|obs_0000012349|obs_0000030294|obs_0000032488|obs_0000031812,obs_0000034414|obs_0000014015,,
Tomato Ketchup,Heinz,"€ 1,79",,"pro Einheit = 2,79","pro Einheit = 2,79",,Nein,Gültig bis 18.04,2026-04-13,2026-04-18,../images/tegut/tegut_offer_184.jpg,"cat_grundnahrung,diet_gluten_free,diet_vegan,diet_vegetarian,tag_ultra_processed",,BLS-R141100,ref_000183,obs_0000010249|obs_0000018347|obs_0000034616|obs_0000022471|obs_0000011348|obs_0000014295|obs_0000015843|obs_0000008294|obs_0000014833|obs_0000014529|obs_0000032677|obs_0000002118|obs_0000032296|obs_0000032050|obs_0000029039,obs_0000019587|obs_0000010249|obs_0000003594|obs_0000018347|obs_0000009900|obs_0000034616|obs_0000014533|obs_0000022471|obs_0000011348|obs_0000014295|obs_0000009435|obs_0000015843|obs_0000008294|obs_0000014833,,
Bio-Steinofenbaguette,demeter Herzberger,"€ 2,49",,"1 kg = 9,96","1 kg = 9,96",,Nein,Gültig bis 18.04,2026-04-13,2026-04-18,../images/tegut/tegut_offer_185.jpg,"cat_grundnahrung,diet_vegetarian",,,ref_000184,obs_0000034343|obs_0000030933|obs_0000028122|obs_0000028437|obs_0000012847|obs_0000031103|obs_0000015860|obs_0000008160,obs_0000034343,,
